bundle	variable_name	qsirecon_suffix	source_file	zero_proportion	mean	stdev	median	masked_mean	masked_median	masked_stdev	weighted_mean	masked_weighted_mean	subject_id	session_id	task_id	dir_id	acq_id	space_id	rec_id	run_id	bundle_source	bundle_params_id
Association_CingulumL	ad	DSIStudio	/scratch/executivefunction/SLURM_8364170_111/job-8364170-111-sub-20961-ses-1/ds/inputs/data/qsiprep/qsiprep/sub-20961/ses-1/dwi/sub-20961_ses-1_space-ACPC_desc-preproc_dwi.nii.gz	0.002139037433155	1.1522887936505404	0.2950958120617006	1.0853464007377625	1.1547588660913777	1.0860589146614077	0.290544093399958	1.2557561501383472	1.2558748723112425	sub-20961	ses-1				space-ACPC			DSIStudio	autotrackgqi
Association_CingulumL	dti_fa	DSIStudio	/scratch/executivefunction/SLURM_8364170_111/job-8364170-111-sub-20961-ses-1/ds/inputs/data/qsiprep/qsiprep/sub-20961/ses-1/dwi/sub-20961_ses-1_space-ACPC_desc-preproc_dwi.nii.gz	0.002139037433155	0.3164829373026994	0.1845426664271108	0.2754551619291305	0.3171613573183536	0.2761991918087005	0.1841570805733959	0.4797840275410957	0.4798293873589109	sub-20961	ses-1				space-ACPC			DSIStudio	autotrackgqi
Association_CingulumL	gfa	DSIStudio	/scratch/executivefunction/SLURM_8364170_111/job-8364170-111-sub-20961-ses-1/ds/inputs/data/qsiprep/qsiprep/sub-20961/ses-1/dwi/sub-20961_ses-1_space-ACPC_desc-preproc_dwi.nii.gz	0.002139037433155	0.0711948580099618	0.0411066968644158	0.0616785809397697	0.07134747292531	0.0618499591946601	0.0410182160463309	0.1060374634819295	0.106047488494893	sub-20961	ses-1				space-ACPC			DSIStudio	autotrackgqi
Association_CingulumL	ha	DSIStudio	/scratch/executivefunction/SLURM_8364170_111/job-8364170-111-sub-20961-ses-1/ds/inputs/data/qsiprep/qsiprep/sub-20961/ses-1/dwi/sub-20961_ses-1_space-ACPC_desc-preproc_dwi.nii.gz	0.002139037433155	3.641773339405377	36.865133785966925	6.303396940231323	3.64957992748556	6.381936073303223	36.904239095507606	8.611581081208488	8.612395211947694	sub-20961	ses-1				space-ACPC			DSIStudio	autotrackgqi
Association_CingulumL	iso	DSIStudio	/scratch/executivefunction/SLURM_8364170_111/job-8364170-111-sub-20961-ses-1/ds/inputs/data/qsiprep/qsiprep/sub-20961/ses-1/dwi/sub-20961_ses-1_space-ACPC_desc-preproc_dwi.nii.gz	0.002139037433155	0.773163593420211	0.2300852119013219	0.7360202968120575	0.7748209644671997	0.7362772822380066	0.2275269667198718	0.700573564832236	0.7006397987703157	sub-20961	ses-1				space-ACPC			DSIStudio	autotrackgqi
Association_CingulumL	md	DSIStudio	/scratch/executivefunction/SLURM_8364170_111/job-8364170-111-sub-20961-ses-1/ds/inputs/data/qsiprep/qsiprep/sub-20961/ses-1/dwi/sub-20961_ses-1_space-ACPC_desc-preproc_dwi.nii.gz	0.002139037433155	0.8531624090352797	0.2185542362548163	0.8096099495887756	0.854991267361186	0.8097869157791138	0.2151852422258166	0.7917742831849609	0.7918491394693735	sub-20961	ses-1				space-ACPC			DSIStudio	autotrackgqi
Association_CingulumL	qa	DSIStudio	/scratch/executivefunction/SLURM_8364170_111/job-8364170-111-sub-20961-ses-1/ds/inputs/data/qsiprep/qsiprep/sub-20961/ses-1/dwi/sub-20961_ses-1_space-ACPC_desc-preproc_dwi.nii.gz	0.002139037433155	0.2349236879738814	0.133806350171231	0.2042842134833336	0.2354272757294525	0.2047562375664711	0.133506407234592	0.3391677891890529	0.3391998548460804	sub-20961	ses-1				space-ACPC			DSIStudio	autotrackgqi
Association_CingulumL	rd1	DSIStudio	/scratch/executivefunction/SLURM_8364170_111/job-8364170-111-sub-20961-ses-1/ds/inputs/data/qsiprep/qsiprep/sub-20961/ses-1/dwi/sub-20961_ses-1_space-ACPC_desc-preproc_dwi.nii.gz	0.002139037433155	0.795089441772132	0.2494579719248479	0.7770451903343201	0.7967938135658558	0.7772521376609802	0.2469911799107174	0.6763290000058552	0.6763929419057672	sub-20961	ses-1				space-ACPC			DSIStudio	autotrackgqi
Association_CingulumL	rd2	DSIStudio	/scratch/executivefunction/SLURM_8364170_111/job-8364170-111-sub-20961-ses-1/ds/inputs/data/qsiprep/qsiprep/sub-20961/ses-1/dwi/sub-20961_ses-1_space-ACPC_desc-preproc_dwi.nii.gz	0.002139037433155	0.6121089895348498	0.2574011916588973	0.5939265191555023	0.6134211202734026	0.5942447483539581	0.2561103498179605	0.4432376962227495	0.4432796010028785	sub-20961	ses-1				space-ACPC			DSIStudio	autotrackgqi
Association_CingulumL	rd	DSIStudio	/scratch/executivefunction/SLURM_8364170_111/job-8364170-111-sub-20961-ses-1/ds/inputs/data/qsiprep/qsiprep/sub-20961/ses-1/dwi/sub-20961_ses-1_space-ACPC_desc-preproc_dwi.nii.gz	0.002139037433155	0.7035992162264286	0.2456564226649141	0.682112842798233	0.705107467493795	0.6823828816413879	0.2437477387231925	0.5597833488423145	0.559836272182404	sub-20961	ses-1				space-ACPC			DSIStudio	autotrackgqi
Association_CingulumL	txx	DSIStudio	/scratch/executivefunction/SLURM_8364170_111/job-8364170-111-sub-20961-ses-1/ds/inputs/data/qsiprep/qsiprep/sub-20961/ses-1/dwi/sub-20961_ses-1_space-ACPC_desc-preproc_dwi.nii.gz	0.002139037433155	0.0008204082606632	0.000266276017105	0.000794914929429	0.0008221669064525	0.0007956221816129	0.0002638351872321	0.0007030698708052	0.0007031363407736	sub-20961	ses-1				space-ACPC			DSIStudio	autotrackgqi
Association_CingulumL	txy	DSIStudio	/scratch/executivefunction/SLURM_8364170_111/job-8364170-111-sub-20961-ses-1/ds/inputs/data/qsiprep/qsiprep/sub-20961/ses-1/dwi/sub-20961_ses-1_space-ACPC_desc-preproc_dwi.nii.gz	0.002139037433155	1.960857826407514e-06	0.0001431096175483	5.08763855577854e-06	1.9650611657995988e-06	5.365286142477999e-06	0.000143262893122	3.440475177781199e-05	3.440800440196586e-05	sub-20961	ses-1				space-ACPC			DSIStudio	autotrackgqi
Association_CingulumL	txz	DSIStudio	/scratch/executivefunction/SLURM_8364170_111/job-8364170-111-sub-20961-ses-1/ds/inputs/data/qsiprep/qsiprep/sub-20961/ses-1/dwi/sub-20961_ses-1_space-ACPC_desc-preproc_dwi.nii.gz	0.002139037433155	-1.3436294687441597e-05	0.0001594294935691	-1.6641083675494883e-05	-1.3465097034038467e-05	-1.7128804756794125e-05	0.0001595990654375	2.0796950621470937e-05	2.079891667491384e-05	sub-20961	ses-1				space-ACPC			DSIStudio	autotrackgqi
Association_CingulumL	tyy	DSIStudio	/scratch/executivefunction/SLURM_8364170_111/job-8364170-111-sub-20961-ses-1/ds/inputs/data/qsiprep/qsiprep/sub-20961/ses-1/dwi/sub-20961_ses-1_space-ACPC_desc-preproc_dwi.nii.gz	0.002139037433155	0.0009016478452966	0.0002848803168167	0.0008498526585754	0.0009035806381054	0.0008505555742885	0.0002821069483365	0.000962913012556	0.0009630040488555	sub-20961	ses-1				space-ACPC			DSIStudio	autotrackgqi
Association_CingulumL	tyz	DSIStudio	/scratch/executivefunction/SLURM_8364170_111/job-8364170-111-sub-20961-ses-1/ds/inputs/data/qsiprep/qsiprep/sub-20961/ses-1/dwi/sub-20961_ses-1_space-ACPC_desc-preproc_dwi.nii.gz	0.002139037433155	3.672791449024765e-05	0.0001469805178703	1.5127754068089416e-05	3.680664528229534e-05	1.5378959687950555e-05	0.0001471281213201	7.35728845351268e-05	7.35798399230107e-05	sub-20961	ses-1				space-ACPC			DSIStudio	autotrackgqi
Association_CingulumL	tzz	DSIStudio	/scratch/executivefunction/SLURM_8364170_111/job-8364170-111-sub-20961-ses-1/ds/inputs/data/qsiprep/qsiprep/sub-20961/ses-1/dwi/sub-20961_ses-1_space-ACPC_desc-preproc_dwi.nii.gz	0.002139037433155	0.0008374311202549	0.0002696696386855	0.0008117404941003	0.0008392262566327	0.0008120912825688	0.0002671536568436	0.0007093399645495	0.0007094070271345	sub-20961	ses-1				space-ACPC			DSIStudio	autotrackgqi
Association_UncinateFasciculusR	ad	DSIStudio	/scratch/executivefunction/SLURM_8364170_111/job-8364170-111-sub-20961-ses-1/ds/inputs/data/qsiprep/qsiprep/sub-20961/ses-1/dwi/sub-20961_ses-1_space-ACPC_desc-preproc_dwi.nii.gz	0.0080542602797795	1.2118355720894172	0.4188967552466897	1.1268640160560608	1.2216752626320235	1.1295875310897827	0.4060521861885561	1.2073758700363255	1.2083898461572833	sub-20961	ses-1				space-ACPC			DSIStudio	autotrackgqi
Association_UncinateFasciculusR	dti_fa	DSIStudio	/scratch/executivefunction/SLURM_8364170_111/job-8364170-111-sub-20961-ses-1/ds/inputs/data/qsiprep/qsiprep/sub-20961/ses-1/dwi/sub-20961_ses-1_space-ACPC_desc-preproc_dwi.nii.gz	0.0080542602797795	0.280802808021562	0.1539254739371787	0.2553633004426956	0.2830828308217371	0.2572772651910782	0.1524466978861213	0.3776069539015445	0.3779240752170347	sub-20961	ses-1				space-ACPC			DSIStudio	autotrackgqi
Association_UncinateFasciculusR	gfa	DSIStudio	/scratch/executivefunction/SLURM_8364170_111/job-8364170-111-sub-20961-ses-1/ds/inputs/data/qsiprep/qsiprep/sub-20961/ses-1/dwi/sub-20961_ses-1_space-ACPC_desc-preproc_dwi.nii.gz	0.0080542602797795	0.0634658482468964	0.0336071954893428	0.0561548545956611	0.0639811692369353	0.0565009824931621	0.033251217195604	0.0843162435250705	0.0843870538740768	sub-20961	ses-1				space-ACPC			DSIStudio	autotrackgqi
Association_UncinateFasciculusR	ha	DSIStudio	/scratch/executivefunction/SLURM_8364170_111/job-8364170-111-sub-20961-ses-1/ds/inputs/data/qsiprep/qsiprep/sub-20961/ses-1/dwi/sub-20961_ses-1_space-ACPC_desc-preproc_dwi.nii.gz	0.0080542602797795	0.0374819822466311	34.69350482797419	0.0	0.0377863231281208	0.1071828864514827	34.83406960404421	-0.1577191070419384	-0.1578515751726832	sub-20961	ses-1				space-ACPC			DSIStudio	autotrackgqi
Association_UncinateFasciculusR	iso	DSIStudio	/scratch/executivefunction/SLURM_8364170_111/job-8364170-111-sub-20961-ses-1/ds/inputs/data/qsiprep/qsiprep/sub-20961/ses-1/dwi/sub-20961_ses-1_space-ACPC_desc-preproc_dwi.nii.gz	0.0080542602797795	0.8129545208485185	0.3414881978748599	0.7617484033107758	0.819555433624639	0.7638345062732697	0.3348898963901208	0.7638769238990228	0.764518441385812	sub-20961	ses-1				space-ACPC			DSIStudio	autotrackgqi
Association_UncinateFasciculusR	md	DSIStudio	/scratch/executivefunction/SLURM_8364170_111/job-8364170-111-sub-20961-ses-1/ds/inputs/data/qsiprep/qsiprep/sub-20961/ses-1/dwi/sub-20961_ses-1_space-ACPC_desc-preproc_dwi.nii.gz	0.0080542602797795	0.9318137014503448	0.3472818629095899	0.8445780277252197	0.9393797101373348	0.8450717926025391	0.33834391693634	0.8401447053486644	0.8408502738804492	sub-20961	ses-1				space-ACPC			DSIStudio	autotrackgqi
Association_UncinateFasciculusR	qa	DSIStudio	/scratch/executivefunction/SLURM_8364170_111/job-8364170-111-sub-20961-ses-1/ds/inputs/data/qsiprep/qsiprep/sub-20961/ses-1/dwi/sub-20961_ses-1_space-ACPC_desc-preproc_dwi.nii.gz	0.0080542602797795	0.2159562991788328	0.1173376314712397	0.1987838819622993	0.2177097904969516	0.2006425783038139	0.1161815818327951	0.2815464880167473	0.2817829359983821	sub-20961	ses-1				space-ACPC			DSIStudio	autotrackgqi
Association_UncinateFasciculusR	rd1	DSIStudio	/scratch/executivefunction/SLURM_8364170_111/job-8364170-111-sub-20961-ses-1/ds/inputs/data/qsiprep/qsiprep/sub-20961/ses-1/dwi/sub-20961_ses-1_space-ACPC_desc-preproc_dwi.nii.gz	0.0080542602797795	0.8823953817498639	0.3623356004347479	0.8122518956661224	0.889560130576038	0.8141345083713531	0.354936076929071	0.7472966786814182	0.7479242715935923	sub-20961	ses-1				space-ACPC			DSIStudio	autotrackgqi
Association_UncinateFasciculusR	rd2	DSIStudio	/scratch/executivefunction/SLURM_8364170_111/job-8364170-111-sub-20961-ses-1/ds/inputs/data/qsiprep/qsiprep/sub-20961/ses-1/dwi/sub-20961_ses-1_space-ACPC_desc-preproc_dwi.nii.gz	0.0080542602797795	0.7012101506836864	0.3392033567125666	0.6352740228176117	0.7069037373772719	0.6377640068531036	0.3346167039518781	0.5657615634385466	0.5662366999975024	sub-20961	ses-1				space-ACPC			DSIStudio	autotrackgqi
Association_UncinateFasciculusR	rd	DSIStudio	/scratch/executivefunction/SLURM_8364170_111/job-8364170-111-sub-20961-ses-1/ds/inputs/data/qsiprep/qsiprep/sub-20961/ses-1/dwi/sub-20961_ses-1_space-ACPC_desc-preproc_dwi.nii.gz	0.0080542602797795	0.791802765814972	0.344109135956787	0.7219921946525574	0.7982319335715893	0.7232252955436707	0.3379949527258722	0.6565291204960734	0.6570804852311647	sub-20961	ses-1				space-ACPC			DSIStudio	autotrackgqi
Association_UncinateFasciculusR	txx	DSIStudio	/scratch/executivefunction/SLURM_8364170_111/job-8364170-111-sub-20961-ses-1/ds/inputs/data/qsiprep/qsiprep/sub-20961/ses-1/dwi/sub-20961_ses-1_space-ACPC_desc-preproc_dwi.nii.gz	0.0080542602797795	0.0008747731854555	0.0003813440144641	0.0008059132960624	0.0008818760446536	0.0008071819320321	0.000374620078379	0.0007591433813972	0.0007597809236271	sub-20961	ses-1				space-ACPC			DSIStudio	autotrackgqi
Association_UncinateFasciculusR	txy	DSIStudio	/scratch/executivefunction/SLURM_8364170_111/job-8364170-111-sub-20961-ses-1/ds/inputs/data/qsiprep/qsiprep/sub-20961/ses-1/dwi/sub-20961_ses-1_space-ACPC_desc-preproc_dwi.nii.gz	0.0080542602797795	-2.100515113601484e-05	0.0001342304497398	-8.526570127287414e-06	-2.1175705781991027e-05	-9.421237791684687e-06	0.0001347609012627	-8.037935583686781e-05	-8.044685999178572e-05	sub-20961	ses-1				space-ACPC			DSIStudio	autotrackgqi
Association_UncinateFasciculusR	txz	DSIStudio	/scratch/executivefunction/SLURM_8364170_111/job-8364170-111-sub-20961-ses-1/ds/inputs/data/qsiprep/qsiprep/sub-20961/ses-1/dwi/sub-20961_ses-1_space-ACPC_desc-preproc_dwi.nii.gz	0.0080542602797795	9.71779229239397e-06	0.0001220631711606	1.152234335677349e-05	9.796697443486055e-06	1.2037974556733388e-05	0.0001225545712009	4.240519989336366e-06	4.2440811616003205e-06	sub-20961	ses-1				space-ACPC			DSIStudio	autotrackgqi
Association_UncinateFasciculusR	tyy	DSIStudio	/scratch/executivefunction/SLURM_8364170_111/job-8364170-111-sub-20961-ses-1/ds/inputs/data/qsiprep/qsiprep/sub-20961/ses-1/dwi/sub-20961_ses-1_space-ACPC_desc-preproc_dwi.nii.gz	0.0080542602797795	0.0010320368252125	0.0003848237834571	0.0009539195161778	0.0010404166114001	0.0009565332147758	0.0003749310742145	0.0010047279655804	0.0010055717540352	sub-20961	ses-1				space-ACPC			DSIStudio	autotrackgqi
Association_UncinateFasciculusR	tyz	DSIStudio	/scratch/executivefunction/SLURM_8364170_111/job-8364170-111-sub-20961-ses-1/ds/inputs/data/qsiprep/qsiprep/sub-20961/ses-1/dwi/sub-20961_ses-1_space-ACPC_desc-preproc_dwi.nii.gz	0.0080542602797795	1.3720678120211462e-05	0.0001304380410254	6.568364369741175e-06	1.3832085335717451e-05	7.512239790230524e-06	0.0001309606432709	6.267900550833964e-06	6.273164467895985e-06	sub-20961	ses-1				space-ACPC			DSIStudio	autotrackgqi
Association_UncinateFasciculusR	tzz	DSIStudio	/scratch/executivefunction/SLURM_8364170_111/job-8364170-111-sub-20961-ses-1/ds/inputs/data/qsiprep/qsiprep/sub-20961/ses-1/dwi/sub-20961_ses-1_space-ACPC_desc-preproc_dwi.nii.gz	0.0080542602797795	0.000888631093019	0.0003819251654601	0.0008231574320234	0.0008958464736889	0.0008246608194895	0.0003749497932914	0.0007565627674761	0.0007571981423853	sub-20961	ses-1				space-ACPC			DSIStudio	autotrackgqi
Association_ExtremeCapsuleL	ad	DSIStudio	/scratch/executivefunction/SLURM_8364170_111/job-8364170-111-sub-20961-ses-1/ds/inputs/data/qsiprep/qsiprep/sub-20961/ses-1/dwi/sub-20961_ses-1_space-ACPC_desc-preproc_dwi.nii.gz	0.0	1.159375663743849	0.2899343534660335	1.0920382738113403	1.159375663743849	1.0920382738113403	0.2899343534660335	1.1299943296740864	1.1299943296740864	sub-20961	ses-1				space-ACPC			DSIStudio	autotrackgqi
Association_ExtremeCapsuleL	dti_fa	DSIStudio	/scratch/executivefunction/SLURM_8364170_111/job-8364170-111-sub-20961-ses-1/ds/inputs/data/qsiprep/qsiprep/sub-20961/ses-1/dwi/sub-20961_ses-1_space-ACPC_desc-preproc_dwi.nii.gz	0.0	0.3124075714007077	0.1681705114952628	0.2932746261358261	0.3124075714007077	0.2932746261358261	0.1681705114952628	0.3643161265071928	0.3643161265071928	sub-20961	ses-1				space-ACPC			DSIStudio	autotrackgqi
Association_ExtremeCapsuleL	gfa	DSIStudio	/scratch/executivefunction/SLURM_8364170_111/job-8364170-111-sub-20961-ses-1/ds/inputs/data/qsiprep/qsiprep/sub-20961/ses-1/dwi/sub-20961_ses-1_space-ACPC_desc-preproc_dwi.nii.gz	0.0	0.0700402197905971	0.0363231148119489	0.0651872269809246	0.0700402197905971	0.0651872269809246	0.0363231148119489	0.0802906108570904	0.0802906108570904	sub-20961	ses-1				space-ACPC			DSIStudio	autotrackgqi
Association_ExtremeCapsuleL	ha	DSIStudio	/scratch/executivefunction/SLURM_8364170_111/job-8364170-111-sub-20961-ses-1/ds/inputs/data/qsiprep/qsiprep/sub-20961/ses-1/dwi/sub-20961_ses-1_space-ACPC_desc-preproc_dwi.nii.gz	0.0	15.015271402519812	43.13481699104426	24.40414810180664	15.015271402519812	24.40414810180664	43.13481699104426	18.794317242833685	18.794317242833685	sub-20961	ses-1				space-ACPC			DSIStudio	autotrackgqi
Association_ExtremeCapsuleL	iso	DSIStudio	/scratch/executivefunction/SLURM_8364170_111/job-8364170-111-sub-20961-ses-1/ds/inputs/data/qsiprep/qsiprep/sub-20961/ses-1/dwi/sub-20961_ses-1_space-ACPC_desc-preproc_dwi.nii.gz	0.0	0.7732439734658983	0.1254036044052116	0.7624673545360565	0.7732439734658983	0.7624673545360565	0.1254036044052116	0.7690984215056298	0.7690984215056298	sub-20961	ses-1				space-ACPC			DSIStudio	autotrackgqi
Association_ExtremeCapsuleL	md	DSIStudio	/scratch/executivefunction/SLURM_8364170_111/job-8364170-111-sub-20961-ses-1/ds/inputs/data/qsiprep/qsiprep/sub-20961/ses-1/dwi/sub-20961_ses-1_space-ACPC_desc-preproc_dwi.nii.gz	0.0	0.8709830496563081	0.2694026995950743	0.80464968085289	0.8709830496563081	0.80464968085289	0.2694026995950743	0.8043054644483267	0.8043054644483267	sub-20961	ses-1				space-ACPC			DSIStudio	autotrackgqi
Association_ExtremeCapsuleL	qa	DSIStudio	/scratch/executivefunction/SLURM_8364170_111/job-8364170-111-sub-20961-ses-1/ds/inputs/data/qsiprep/qsiprep/sub-20961/ses-1/dwi/sub-20961_ses-1_space-ACPC_desc-preproc_dwi.nii.gz	0.0	0.23803250602995	0.1231704770654419	0.2224896997213363	0.23803250602995	0.2224896997213363	0.1231704770654419	0.2763650965426183	0.2763650965426183	sub-20961	ses-1				space-ACPC			DSIStudio	autotrackgqi
Association_ExtremeCapsuleL	rd1	DSIStudio	/scratch/executivefunction/SLURM_8364170_111/job-8364170-111-sub-20961-ses-1/ds/inputs/data/qsiprep/qsiprep/sub-20961/ses-1/dwi/sub-20961_ses-1_space-ACPC_desc-preproc_dwi.nii.gz	0.0	0.8173999053186228	0.2943518970526752	0.7652811110019684	0.8173999053186228	0.7652811110019684	0.2943518970526752	0.7476270715559079	0.7476270715559079	sub-20961	ses-1				space-ACPC			DSIStudio	autotrackgqi
Association_ExtremeCapsuleL	rd2	DSIStudio	/scratch/executivefunction/SLURM_8364170_111/job-8364170-111-sub-20961-ses-1/ds/inputs/data/qsiprep/qsiprep/sub-20961/ses-1/dwi/sub-20961_ses-1_space-ACPC_desc-preproc_dwi.nii.gz	0.0	0.6361735795044945	0.3122453820985833	0.5743985772132874	0.6361735795044945	0.5743985772132874	0.3122453820985833	0.5352949952144075	0.5352949952144075	sub-20961	ses-1				space-ACPC			DSIStudio	autotrackgqi
Association_ExtremeCapsuleL	rd	DSIStudio	/scratch/executivefunction/SLURM_8364170_111/job-8364170-111-sub-20961-ses-1/ds/inputs/data/qsiprep/qsiprep/sub-20961/ses-1/dwi/sub-20961_ses-1_space-ACPC_desc-preproc_dwi.nii.gz	0.0	0.7267867421388013	0.2984777990543126	0.6680508852005005	0.7267867421388013	0.6680508852005005	0.2984777990543126	0.6414610332002064	0.6414610332002064	sub-20961	ses-1				space-ACPC			DSIStudio	autotrackgqi
Association_ExtremeCapsuleL	txx	DSIStudio	/scratch/executivefunction/SLURM_8364170_111/job-8364170-111-sub-20961-ses-1/ds/inputs/data/qsiprep/qsiprep/sub-20961/ses-1/dwi/sub-20961_ses-1_space-ACPC_desc-preproc_dwi.nii.gz	0.0	0.0007836344581426	0.0003281512314156	0.0007280265854205	0.0007836344581426	0.0007280265854205	0.0003281512314156	0.0007026854240036	0.0007026854240036	sub-20961	ses-1				space-ACPC			DSIStudio	autotrackgqi
Association_ExtremeCapsuleL	txy	DSIStudio	/scratch/executivefunction/SLURM_8364170_111/job-8364170-111-sub-20961-ses-1/ds/inputs/data/qsiprep/qsiprep/sub-20961/ses-1/dwi/sub-20961_ses-1_space-ACPC_desc-preproc_dwi.nii.gz	0.0	1.0950163246242088e-05	9.730915572586432e-05	7.32890021026833e-06	1.0950163246242088e-05	7.32890021026833e-06	9.730915572586432e-05	-2.881598084082704e-05	-2.881598084082704e-05	sub-20961	ses-1				space-ACPC			DSIStudio	autotrackgqi
Association_ExtremeCapsuleL	txz	DSIStudio	/scratch/executivefunction/SLURM_8364170_111/job-8364170-111-sub-20961-ses-1/ds/inputs/data/qsiprep/qsiprep/sub-20961/ses-1/dwi/sub-20961_ses-1_space-ACPC_desc-preproc_dwi.nii.gz	0.0	1.9516380442185944e-05	0.0001212229212011	9.11590177565813e-06	1.9516380442185944e-05	9.11590177565813e-06	0.0001212229212011	3.606928083046974e-05	3.606928083046974e-05	sub-20961	ses-1				space-ACPC			DSIStudio	autotrackgqi
Association_ExtremeCapsuleL	tyy	DSIStudio	/scratch/executivefunction/SLURM_8364170_111/job-8364170-111-sub-20961-ses-1/ds/inputs/data/qsiprep/qsiprep/sub-20961/ses-1/dwi/sub-20961_ses-1_space-ACPC_desc-preproc_dwi.nii.gz	0.0	0.000890388034349	0.0003011985394038	0.0008225808269344	0.000890388034349	0.0008225808269344	0.0003011985394038	0.0008225836281262	0.0008225836281262	sub-20961	ses-1				space-ACPC			DSIStudio	autotrackgqi
Association_ExtremeCapsuleL	tyz	DSIStudio	/scratch/executivefunction/SLURM_8364170_111/job-8364170-111-sub-20961-ses-1/ds/inputs/data/qsiprep/qsiprep/sub-20961/ses-1/dwi/sub-20961_ses-1_space-ACPC_desc-preproc_dwi.nii.gz	0.0	9.147028774284933e-05	0.0001505517545626	7.210066542029381e-05	9.147028774284933e-05	7.210066542029381e-05	0.0001505517545626	0.0001084127593292	0.0001084127593292	sub-20961	ses-1				space-ACPC			DSIStudio	autotrackgqi
Association_ExtremeCapsuleL	tzz	DSIStudio	/scratch/executivefunction/SLURM_8364170_111/job-8364170-111-sub-20961-ses-1/ds/inputs/data/qsiprep/qsiprep/sub-20961/ses-1/dwi/sub-20961_ses-1_space-ACPC_desc-preproc_dwi.nii.gz	0.0	0.0009389266549826	0.0002948857724126	0.000896979443496	0.0009389266549826	0.000896979443496	0.0002948857724126	0.0008876473416255	0.0008876473416255	sub-20961	ses-1				space-ACPC			DSIStudio	autotrackgqi
Association_FrontalAslantTractR	ad	DSIStudio	/scratch/executivefunction/SLURM_8364170_111/job-8364170-111-sub-20961-ses-1/ds/inputs/data/qsiprep/qsiprep/sub-20961/ses-1/dwi/sub-20961_ses-1_space-ACPC_desc-preproc_dwi.nii.gz	0.0	1.1484523545351426	0.2381784230834899	1.0944432616233826	1.1484523545351426	1.0944432616233826	0.2381784230834899	1.155457617402996	1.155457617402996	sub-20961	ses-1				space-ACPC			DSIStudio	autotrackgqi
Association_FrontalAslantTractR	dti_fa	DSIStudio	/scratch/executivefunction/SLURM_8364170_111/job-8364170-111-sub-20961-ses-1/ds/inputs/data/qsiprep/qsiprep/sub-20961/ses-1/dwi/sub-20961_ses-1_space-ACPC_desc-preproc_dwi.nii.gz	0.0	0.3109268192293313	0.1731875047978135	0.3037708401679992	0.3109268192293313	0.3037708401679992	0.1731875047978135	0.4140079724636671	0.4140079724636671	sub-20961	ses-1				space-ACPC			DSIStudio	autotrackgqi
Association_FrontalAslantTractR	gfa	DSIStudio	/scratch/executivefunction/SLURM_8364170_111/job-8364170-111-sub-20961-ses-1/ds/inputs/data/qsiprep/qsiprep/sub-20961/ses-1/dwi/sub-20961_ses-1_space-ACPC_desc-preproc_dwi.nii.gz	0.0	0.0699409390296667	0.0369300184158581	0.0681609474122524	0.0699409390296667	0.0681609474122524	0.0369300184158581	0.0910333356154731	0.0910333356154731	sub-20961	ses-1				space-ACPC			DSIStudio	autotrackgqi
Association_FrontalAslantTractR	ha	DSIStudio	/scratch/executivefunction/SLURM_8364170_111/job-8364170-111-sub-20961-ses-1/ds/inputs/data/qsiprep/qsiprep/sub-20961/ses-1/dwi/sub-20961_ses-1_space-ACPC_desc-preproc_dwi.nii.gz	0.0	10.039767088763156	43.99909012353666	18.04530239105225	10.039767088763156	18.04530239105225	43.99909012353666	22.91851257671216	22.91851257671216	sub-20961	ses-1				space-ACPC			DSIStudio	autotrackgqi
Association_FrontalAslantTractR	iso	DSIStudio	/scratch/executivefunction/SLURM_8364170_111/job-8364170-111-sub-20961-ses-1/ds/inputs/data/qsiprep/qsiprep/sub-20961/ses-1/dwi/sub-20961_ses-1_space-ACPC_desc-preproc_dwi.nii.gz	0.0	0.8264154119967728	0.1600430115385642	0.7871173322200775	0.8264154119967728	0.7871173322200775	0.1600430115385642	0.7733072223118731	0.7733072223118731	sub-20961	ses-1				space-ACPC			DSIStudio	autotrackgqi
Association_FrontalAslantTractR	md	DSIStudio	/scratch/executivefunction/SLURM_8364170_111/job-8364170-111-sub-20961-ses-1/ds/inputs/data/qsiprep/qsiprep/sub-20961/ses-1/dwi/sub-20961_ses-1_space-ACPC_desc-preproc_dwi.nii.gz	0.0	0.8668040044017861	0.2270701596328797	0.8009200096130371	0.8668040044017861	0.8009200096130371	0.2270701596328797	0.7872952197401998	0.7872952197401998	sub-20961	ses-1				space-ACPC			DSIStudio	autotrackgqi
Association_FrontalAslantTractR	qa	DSIStudio	/scratch/executivefunction/SLURM_8364170_111/job-8364170-111-sub-20961-ses-1/ds/inputs/data/qsiprep/qsiprep/sub-20961/ses-1/dwi/sub-20961_ses-1_space-ACPC_desc-preproc_dwi.nii.gz	0.0	0.2463747138353654	0.1212295934788019	0.2396697700023651	0.2463747138353654	0.2396697700023651	0.1212295934788019	0.3137889038974609	0.3137889038974609	sub-20961	ses-1				space-ACPC			DSIStudio	autotrackgqi
Association_FrontalAslantTractR	rd1	DSIStudio	/scratch/executivefunction/SLURM_8364170_111/job-8364170-111-sub-20961-ses-1/ds/inputs/data/qsiprep/qsiprep/sub-20961/ses-1/dwi/sub-20961_ses-1_space-ACPC_desc-preproc_dwi.nii.gz	0.0	0.8225714773888351	0.2510996210155339	0.7724907100200653	0.8225714773888351	0.7724907100200653	0.2510996210155339	0.7244563497030263	0.7244563497030263	sub-20961	ses-1				space-ACPC			DSIStudio	autotrackgqi
Association_FrontalAslantTractR	rd2	DSIStudio	/scratch/executivefunction/SLURM_8364170_111/job-8364170-111-sub-20961-ses-1/ds/inputs/data/qsiprep/qsiprep/sub-20961/ses-1/dwi/sub-20961_ses-1_space-ACPC_desc-preproc_dwi.nii.gz	0.0	0.6293881788781708	0.2905649429649166	0.5693282783031464	0.6293881788781708	0.5693282783031464	0.2905649429649166	0.4819716945315896	0.4819716945315896	sub-20961	ses-1				space-ACPC			DSIStudio	autotrackgqi
Association_FrontalAslantTractR	rd	DSIStudio	/scratch/executivefunction/SLURM_8364170_111/job-8364170-111-sub-20961-ses-1/ds/inputs/data/qsiprep/qsiprep/sub-20961/ses-1/dwi/sub-20961_ses-1_space-ACPC_desc-preproc_dwi.nii.gz	0.0	0.7259798282956093	0.2638965273955774	0.6624381840229034	0.7259798282956093	0.6624381840229034	0.2638965273955774	0.6032140222928541	0.6032140222928541	sub-20961	ses-1				space-ACPC			DSIStudio	autotrackgqi
Association_FrontalAslantTractR	txx	DSIStudio	/scratch/executivefunction/SLURM_8364170_111/job-8364170-111-sub-20961-ses-1/ds/inputs/data/qsiprep/qsiprep/sub-20961/ses-1/dwi/sub-20961_ses-1_space-ACPC_desc-preproc_dwi.nii.gz	0.0	0.000865801314866	0.0002691236353733	0.0008350413991138	0.000865801314866	0.0008350413991138	0.0002691236353733	0.0008198279861201	0.0008198279861201	sub-20961	ses-1				space-ACPC			DSIStudio	autotrackgqi
Association_FrontalAslantTractR	txy	DSIStudio	/scratch/executivefunction/SLURM_8364170_111/job-8364170-111-sub-20961-ses-1/ds/inputs/data/qsiprep/qsiprep/sub-20961/ses-1/dwi/sub-20961_ses-1_space-ACPC_desc-preproc_dwi.nii.gz	0.0	3.523936471294449e-06	9.77581640583228e-05	4.89229478262132e-07	3.523936471294449e-06	4.89229478262132e-07	9.77581640583228e-05	-7.850011866226224e-06	-7.850011866226224e-06	sub-20961	ses-1				space-ACPC			DSIStudio	autotrackgqi
Association_FrontalAslantTractR	txz	DSIStudio	/scratch/executivefunction/SLURM_8364170_111/job-8364170-111-sub-20961-ses-1/ds/inputs/data/qsiprep/qsiprep/sub-20961/ses-1/dwi/sub-20961_ses-1_space-ACPC_desc-preproc_dwi.nii.gz	0.0	4.081339567064136e-05	0.0001696320449146	2.7910349672310986e-05	4.081339567064136e-05	2.7910349672310986e-05	0.0001696320449146	0.0001270279688018	0.0001270279688018	sub-20961	ses-1				space-ACPC			DSIStudio	autotrackgqi
Association_FrontalAslantTractR	tyy	DSIStudio	/scratch/executivefunction/SLURM_8364170_111/job-8364170-111-sub-20961-ses-1/ds/inputs/data/qsiprep/qsiprep/sub-20961/ses-1/dwi/sub-20961_ses-1_space-ACPC_desc-preproc_dwi.nii.gz	0.0	0.0008256730439961	0.0002784815103715	0.0007752582605462	0.0008256730439961	0.0007752582605462	0.0002784815103715	0.000720484329824	0.000720484329824	sub-20961	ses-1				space-ACPC			DSIStudio	autotrackgqi
Association_FrontalAslantTractR	tyz	DSIStudio	/scratch/executivefunction/SLURM_8364170_111/job-8364170-111-sub-20961-ses-1/ds/inputs/data/qsiprep/qsiprep/sub-20961/ses-1/dwi/sub-20961_ses-1_space-ACPC_desc-preproc_dwi.nii.gz	0.0	-3.612979832873831e-05	0.0001254526453314	-3.134991311526392e-05	-3.612979832873831e-05	-3.134991311526392e-05	0.0001254526453314	-5.564397223247115e-05	-5.564397223247115e-05	sub-20961	ses-1				space-ACPC			DSIStudio	autotrackgqi
Association_FrontalAslantTractR	tzz	DSIStudio	/scratch/executivefunction/SLURM_8364170_111/job-8364170-111-sub-20961-ses-1/ds/inputs/data/qsiprep/qsiprep/sub-20961/ses-1/dwi/sub-20961_ses-1_space-ACPC_desc-preproc_dwi.nii.gz	0.0	0.000908937652095	0.0002725837939418	0.0008880303357727	0.000908937652095	0.0008880303357727	0.0002725837939418	0.0008215733445268	0.0008215733445268	sub-20961	ses-1				space-ACPC			DSIStudio	autotrackgqi
Association_VerticalOccipitalFasciculusR	ad	DSIStudio	/scratch/executivefunction/SLURM_8364170_111/job-8364170-111-sub-20961-ses-1/ds/inputs/data/qsiprep/qsiprep/sub-20961/ses-1/dwi/sub-20961_ses-1_space-ACPC_desc-preproc_dwi.nii.gz	0.0104506858262573	1.050719402589337	0.2887660191939573	0.9848516285419464	1.0618161091513367	0.9880676567554474	0.2692281454704477	1.072759374191202	1.073298992336599	sub-20961	ses-1				space-ACPC			DSIStudio	autotrackgqi
Association_VerticalOccipitalFasciculusR	dti_fa	DSIStudio	/scratch/executivefunction/SLURM_8364170_111/job-8364170-111-sub-20961-ses-1/ds/inputs/data/qsiprep/qsiprep/sub-20961/ses-1/dwi/sub-20961_ses-1_space-ACPC_desc-preproc_dwi.nii.gz	0.0104506858262573	0.269912899125691	0.1604142383807111	0.2345812693238258	0.2727634643969854	0.2374211400747299	0.1588299801650075	0.3563763768454195	0.356555640939398	sub-20961	ses-1				space-ACPC			DSIStudio	autotrackgqi
Association_VerticalOccipitalFasciculusR	gfa	DSIStudio	/scratch/executivefunction/SLURM_8364170_111/job-8364170-111-sub-20961-ses-1/ds/inputs/data/qsiprep/qsiprep/sub-20961/ses-1/dwi/sub-20961_ses-1_space-ACPC_desc-preproc_dwi.nii.gz	0.0104506858262573	0.0564230710202931	0.0342162562145562	0.0475869923830032	0.0570189582389893	0.048013262450695	0.0338989631177645	0.075055466954039	0.0750932212785434	sub-20961	ses-1				space-ACPC			DSIStudio	autotrackgqi
Association_VerticalOccipitalFasciculusR	ha	DSIStudio	/scratch/executivefunction/SLURM_8364170_111/job-8364170-111-sub-20961-ses-1/ds/inputs/data/qsiprep/qsiprep/sub-20961/ses-1/dwi/sub-20961_ses-1_space-ACPC_desc-preproc_dwi.nii.gz	0.0104506858262573	-2.4944285307831424	39.43158593596255	-1.931744396686554	-2.520772330448179	-2.7069215774536133	39.63842101379457	-11.83343329016245	-11.83938578358644	sub-20961	ses-1				space-ACPC			DSIStudio	autotrackgqi
Association_VerticalOccipitalFasciculusR	iso	DSIStudio	/scratch/executivefunction/SLURM_8364170_111/job-8364170-111-sub-20961-ses-1/ds/inputs/data/qsiprep/qsiprep/sub-20961/ses-1/dwi/sub-20961_ses-1_space-ACPC_desc-preproc_dwi.nii.gz	0.0104506858262573	0.8860145581145251	0.2166181757641748	0.8988627791404724	0.8953718075731604	0.9012239277362823	0.1975873926383049	0.9013472737151068	0.9018006683059534	sub-20961	ses-1				space-ACPC			DSIStudio	autotrackgqi
Association_VerticalOccipitalFasciculusR	md	DSIStudio	/scratch/executivefunction/SLURM_8364170_111/job-8364170-111-sub-20961-ses-1/ds/inputs/data/qsiprep/qsiprep/sub-20961/ses-1/dwi/sub-20961_ses-1_space-ACPC_desc-preproc_dwi.nii.gz	0.0104506858262573	0.8146758112815531	0.2228114157367074	0.7565434575080872	0.8232796482323813	0.7576273679733276	0.2075713515480673	0.7664609284269877	0.7668464726123052	sub-20961	ses-1				space-ACPC			DSIStudio	autotrackgqi
Association_VerticalOccipitalFasciculusR	qa	DSIStudio	/scratch/executivefunction/SLURM_8364170_111/job-8364170-111-sub-20961-ses-1/ds/inputs/data/qsiprep/qsiprep/sub-20961/ses-1/dwi/sub-20961_ses-1_space-ACPC_desc-preproc_dwi.nii.gz	0.0104506858262573	0.2155744636462968	0.1354699137650414	0.178037591278553	0.2178511576518023	0.1796276122331619	0.1343500451898606	0.2966911483962018	0.296840389697549	sub-20961	ses-1				space-ACPC			DSIStudio	autotrackgqi
Association_VerticalOccipitalFasciculusR	rd1	DSIStudio	/scratch/executivefunction/SLURM_8364170_111/job-8364170-111-sub-20961-ses-1/ds/inputs/data/qsiprep/qsiprep/sub-20961/ses-1/dwi/sub-20961_ses-1_space-ACPC_desc-preproc_dwi.nii.gz	0.0104506858262573	0.7802184739196947	0.240011283616213	0.7405816912651062	0.7884584049973944	0.7418176233768463	0.2274136042136273	0.7077200726087881	0.7080760689876444	sub-20961	ses-1				space-ACPC			DSIStudio	autotrackgqi
Association_VerticalOccipitalFasciculusR	rd2	DSIStudio	/scratch/executivefunction/SLURM_8364170_111/job-8364170-111-sub-20961-ses-1/ds/inputs/data/qsiprep/qsiprep/sub-20961/ses-1/dwi/sub-20961_ses-1_space-ACPC_desc-preproc_dwi.nii.gz	0.0104506858262573	0.6130895600170578	0.236066444426369	0.5823633670806885	0.6195644332581621	0.5841605961322784	0.2287013442351248	0.5189033425802434	0.5191643606140051	sub-20961	ses-1				space-ACPC			DSIStudio	autotrackgqi
Association_VerticalOccipitalFasciculusR	rd	DSIStudio	/scratch/executivefunction/SLURM_8364170_111/job-8364170-111-sub-20961-ses-1/ds/inputs/data/qsiprep/qsiprep/sub-20961/ses-1/dwi/sub-20961_ses-1_space-ACPC_desc-preproc_dwi.nii.gz	0.0104506858262573	0.6966540167177525	0.2299912362345712	0.6545081734657288	0.7040114188745077	0.6561732292175293	0.2197155226805158	0.6133117069578968	0.6136202141638856	sub-20961	ses-1				space-ACPC			DSIStudio	autotrackgqi
Association_VerticalOccipitalFasciculusR	txx	DSIStudio	/scratch/executivefunction/SLURM_8364170_111/job-8364170-111-sub-20961-ses-1/ds/inputs/data/qsiprep/qsiprep/sub-20961/ses-1/dwi/sub-20961_ses-1_space-ACPC_desc-preproc_dwi.nii.gz	0.0104506858262573	0.0007735023484818	0.0002430283426177	0.0007478469342458	0.0007816713501819	0.0007502014632336	0.0002308702363034	0.0006901400714262	0.0006904872248404	sub-20961	ses-1				space-ACPC			DSIStudio	autotrackgqi
Association_VerticalOccipitalFasciculusR	txy	DSIStudio	/scratch/executivefunction/SLURM_8364170_111/job-8364170-111-sub-20961-ses-1/ds/inputs/data/qsiprep/qsiprep/sub-20961/ses-1/dwi/sub-20961_ses-1_space-ACPC_desc-preproc_dwi.nii.gz	0.0104506858262573	1.6973189259422375e-06	0.0001120915447735	-5.66737162444042e-06	1.7152444063482282e-06	-6.640291530857212e-06	0.0001126817563084	1.946814327098874e-05	1.947793615716232e-05	sub-20961	ses-1				space-ACPC			DSIStudio	autotrackgqi
Association_VerticalOccipitalFasciculusR	txz	DSIStudio	/scratch/executivefunction/SLURM_8364170_111/job-8364170-111-sub-20961-ses-1/ds/inputs/data/qsiprep/qsiprep/sub-20961/ses-1/dwi/sub-20961_ses-1_space-ACPC_desc-preproc_dwi.nii.gz	0.0104506858262573	2.5796136652886105e-05	0.0001180589216515	1.1538290891621727e-05	2.6068571099385232e-05	1.355876020170399e-05	0.0001186507734637	5.733572162024381e-05	5.736456282324567e-05	sub-20961	ses-1				space-ACPC			DSIStudio	autotrackgqi
Association_VerticalOccipitalFasciculusR	tyy	DSIStudio	/scratch/executivefunction/SLURM_8364170_111/job-8364170-111-sub-20961-ses-1/ds/inputs/data/qsiprep/qsiprep/sub-20961/ses-1/dwi/sub-20961_ses-1_space-ACPC_desc-preproc_dwi.nii.gz	0.0104506858262573	0.0008527150925376	0.0002961030734728	0.0007958799833431	0.000861720664472	0.0007976557244546	0.000284328515494	0.0007793101445476	0.0007797021522679	sub-20961	ses-1				space-ACPC			DSIStudio	autotrackgqi
Association_VerticalOccipitalFasciculusR	tyz	DSIStudio	/scratch/executivefunction/SLURM_8364170_111/job-8364170-111-sub-20961-ses-1/ds/inputs/data/qsiprep/qsiprep/sub-20961/ses-1/dwi/sub-20961_ses-1_space-ACPC_desc-preproc_dwi.nii.gz	0.0104506858262573	1.3343940442891436e-05	0.0001318697774591	-1.9134567708078976e-08	1.3484866546578738e-05	-1.1659083156700945e-06	0.0001325571227138	5.885118130583523e-05	5.888078471079276e-05	sub-20961	ses-1				space-ACPC			DSIStudio	autotrackgqi
Association_VerticalOccipitalFasciculusR	tzz	DSIStudio	/scratch/executivefunction/SLURM_8364170_111/job-8364170-111-sub-20961-ses-1/ds/inputs/data/qsiprep/qsiprep/sub-20961/ses-1/dwi/sub-20961_ses-1_space-ACPC_desc-preproc_dwi.nii.gz	0.0104506858262573	0.0008178099943678	0.0002342877314299	0.0007897705072537	0.000826446931602	0.0007915447931736	0.0002198464805707	0.0008299325669151	0.0008303500383354	sub-20961	ses-1				space-ACPC			DSIStudio	autotrackgqi
Association_HippocampusAlveusR	ad	DSIStudio	/scratch/executivefunction/SLURM_8364170_111/job-8364170-111-sub-20961-ses-1/ds/inputs/data/qsiprep/qsiprep/sub-20961/ses-1/dwi/sub-20961_ses-1_space-ACPC_desc-preproc_dwi.nii.gz	0.0006821282401091	1.36569715519963	0.5993367161314057	1.1399099826812744	1.3666293716878208	1.1400180459022522	0.5984778155071007	1.4401869609566162	1.4403292148135096	sub-20961	ses-1				space-ACPC			DSIStudio	autotrackgqi
Association_HippocampusAlveusR	dti_fa	DSIStudio	/scratch/executivefunction/SLURM_8364170_111/job-8364170-111-sub-20961-ses-1/ds/inputs/data/qsiprep/qsiprep/sub-20961/ses-1/dwi/sub-20961_ses-1_space-ACPC_desc-preproc_dwi.nii.gz	0.0006821282401091	0.261302698609428	0.1509173939041814	0.2241540104150772	0.2614810622262263	0.2242551892995834	0.1508143490299696	0.3067351320964948	0.30676542999378	sub-20961	ses-1				space-ACPC			DSIStudio	autotrackgqi
Association_HippocampusAlveusR	gfa	DSIStudio	/scratch/executivefunction/SLURM_8364170_111/job-8364170-111-sub-20961-ses-1/ds/inputs/data/qsiprep/qsiprep/sub-20961/ses-1/dwi/sub-20961_ses-1_space-ACPC_desc-preproc_dwi.nii.gz	0.0006821282401091	0.0641261316935301	0.037624158737074	0.0544796604663133	0.0641699037970752	0.0545561388134956	0.0375996640062351	0.0777409102921189	0.0777485891683984	sub-20961	ses-1				space-ACPC			DSIStudio	autotrackgqi
Association_HippocampusAlveusR	ha	DSIStudio	/scratch/executivefunction/SLURM_8364170_111/job-8364170-111-sub-20961-ses-1/ds/inputs/data/qsiprep/qsiprep/sub-20961/ses-1/dwi/sub-20961_ses-1_space-ACPC_desc-preproc_dwi.nii.gz	0.0006821282401091	-14.262664934912491	34.662254363168685	-21.773345947265625	-14.272400542376596	-21.79905414581299	34.6720787431372	-23.76640619096462	-23.768753673308165	sub-20961	ses-1				space-ACPC			DSIStudio	autotrackgqi
Association_HippocampusAlveusR	iso	DSIStudio	/scratch/executivefunction/SLURM_8364170_111/job-8364170-111-sub-20961-ses-1/ds/inputs/data/qsiprep/qsiprep/sub-20961/ses-1/dwi/sub-20961_ses-1_space-ACPC_desc-preproc_dwi.nii.gz	0.0006821282401091	0.7781245015322715	0.3306917781017973	0.7353814244270325	0.7786556445367304	0.7355218827724457	0.3301789227942912	0.7362479399391585	0.7363206627438674	sub-20961	ses-1				space-ACPC			DSIStudio	autotrackgqi
Association_HippocampusAlveusR	md	DSIStudio	/scratch/executivefunction/SLURM_8364170_111/job-8364170-111-sub-20961-ses-1/ds/inputs/data/qsiprep/qsiprep/sub-20961/ses-1/dwi/sub-20961_ses-1_space-ACPC_desc-preproc_dwi.nii.gz	0.0006821282401091	1.0680151360178058	0.4968931000669999	0.8651946783065796	1.0687441565884666	0.8652439117431641	0.4962782996682246	1.082127473122544	1.0822343595654185	sub-20961	ses-1				space-ACPC			DSIStudio	autotrackgqi
Association_HippocampusAlveusR	qa	DSIStudio	/scratch/executivefunction/SLURM_8364170_111/job-8364170-111-sub-20961-ses-1/ds/inputs/data/qsiprep/qsiprep/sub-20961/ses-1/dwi/sub-20961_ses-1_space-ACPC_desc-preproc_dwi.nii.gz	0.0006821282401091	0.2013300782035258	0.1109666442277377	0.1787978187203407	0.2014675048780675	0.178904615342617	0.11087972901759	0.2443183563371525	0.2443424889696622	sub-20961	ses-1				space-ACPC			DSIStudio	autotrackgqi
Association_HippocampusAlveusR	rd1	DSIStudio	/scratch/executivefunction/SLURM_8364170_111/job-8364170-111-sub-20961-ses-1/ds/inputs/data/qsiprep/qsiprep/sub-20961/ses-1/dwi/sub-20961_ses-1_space-ACPC_desc-preproc_dwi.nii.gz	0.0006821282401091	1.0049875779090116	0.4848585670262282	0.8372796475887299	1.0056735762557072	0.8373166620731354	0.4843123053533184	0.9955176795199816	0.9956160110568284	sub-20961	ses-1				space-ACPC			DSIStudio	autotrackgqi
Association_HippocampusAlveusR	rd2	DSIStudio	/scratch/executivefunction/SLURM_8364170_111/job-8364170-111-sub-20961-ses-1/ds/inputs/data/qsiprep/qsiprep/sub-20961/ses-1/dwi/sub-20961_ses-1_space-ACPC_desc-preproc_dwi.nii.gz	0.0006821282401091	0.833360678271745	0.4691337628228857	0.6860218048095703	0.8339295251511114	0.6860703825950623	0.4687881599364598	0.810677779703862	0.8107578536388256	sub-20961	ses-1				space-ACPC			DSIStudio	autotrackgqi
Association_HippocampusAlveusR	rd	DSIStudio	/scratch/executivefunction/SLURM_8364170_111/job-8364170-111-sub-20961-ses-1/ds/inputs/data/qsiprep/qsiprep/sub-20961/ses-1/dwi/sub-20961_ses-1_space-ACPC_desc-preproc_dwi.nii.gz	0.0006821282401091	0.9191741281142014	0.4732784045196648	0.7539711594581604	0.9198015507272486	0.7540033459663391	0.4728300326346724	0.9030977288985164	0.903186931634351	sub-20961	ses-1				space-ACPC			DSIStudio	autotrackgqi
Association_HippocampusAlveusR	txx	DSIStudio	/scratch/executivefunction/SLURM_8364170_111/job-8364170-111-sub-20961-ses-1/ds/inputs/data/qsiprep/qsiprep/sub-20961/ses-1/dwi/sub-20961_ses-1_space-ACPC_desc-preproc_dwi.nii.gz	0.0006821282401091	0.0010543924567083	0.0005303222217064	0.0008640484593342	0.0010551121785218	0.0008642688626423	0.0005297869811667	0.001012874996357	0.0010129750422241	sub-20961	ses-1				space-ACPC			DSIStudio	autotrackgqi
Association_HippocampusAlveusR	txy	DSIStudio	/scratch/executivefunction/SLURM_8364170_111/job-8364170-111-sub-20961-ses-1/ds/inputs/data/qsiprep/qsiprep/sub-20961/ses-1/dwi/sub-20961_ses-1_space-ACPC_desc-preproc_dwi.nii.gz	0.0006821282401091	-1.748823151492041e-05	0.0001430790944795	-7.154449576773914e-06	-1.7500168874316263e-05	-7.210026751636178e-06	0.0001431271888157	-1.4420819586953549e-06	-1.4422244299434517e-06	sub-20961	ses-1				space-ACPC			DSIStudio	autotrackgqi
Association_HippocampusAlveusR	txz	DSIStudio	/scratch/executivefunction/SLURM_8364170_111/job-8364170-111-sub-20961-ses-1/ds/inputs/data/qsiprep/qsiprep/sub-20961/ses-1/dwi/sub-20961_ses-1_space-ACPC_desc-preproc_dwi.nii.gz	0.0006821282401091	3.245367657423635e-05	0.0001394543755494	1.972218069568044e-05	3.24758292544918e-05	1.982988032978028e-05	0.0001394993842023	3.7350952308656005e-05	3.735464168967666e-05	sub-20961	ses-1				space-ACPC			DSIStudio	autotrackgqi
Association_HippocampusAlveusR	tyy	DSIStudio	/scratch/executivefunction/SLURM_8364170_111/job-8364170-111-sub-20961-ses-1/ds/inputs/data/qsiprep/qsiprep/sub-20961/ses-1/dwi/sub-20961_ses-1_space-ACPC_desc-preproc_dwi.nii.gz	0.0006821282401091	0.0010899641296528	0.0005121555956095	0.0009049327927641	0.0010907081324716	0.0009050205990206	0.0005115377902434	0.001123566208143	0.0011236771877657	sub-20961	ses-1				space-ACPC			DSIStudio	autotrackgqi
Association_HippocampusAlveusR	tyz	DSIStudio	/scratch/executivefunction/SLURM_8364170_111/job-8364170-111-sub-20961-ses-1/ds/inputs/data/qsiprep/qsiprep/sub-20961/ses-1/dwi/sub-20961_ses-1_space-ACPC_desc-preproc_dwi.nii.gz	0.0006821282401091	7.408382885835045e-05	0.0001708318696183	5.487985072250012e-05	7.413439802480665e-05	5.507461173692718e-05	0.0001708791949281	0.0001304386622171	0.000130451546319	sub-20961	ses-1				space-ACPC			DSIStudio	autotrackgqi
Association_HippocampusAlveusR	tzz	DSIStudio	/scratch/executivefunction/SLURM_8364170_111/job-8364170-111-sub-20961-ses-1/ds/inputs/data/qsiprep/qsiprep/sub-20961/ses-1/dwi/sub-20961_ses-1_space-ACPC_desc-preproc_dwi.nii.gz	0.0006821282401091	0.0010596888251633	0.0005156031087016	0.0008784426609054	0.0010604121622453	0.0008785281388554	0.000515034945898	0.001109941215077	0.0011100508489159	sub-20961	ses-1				space-ACPC			DSIStudio	autotrackgqi
Association_UncinateFasciculusL	ad	DSIStudio	/scratch/executivefunction/SLURM_8364170_111/job-8364170-111-sub-20961-ses-1/ds/inputs/data/qsiprep/qsiprep/sub-20961/ses-1/dwi/sub-20961_ses-1_space-ACPC_desc-preproc_dwi.nii.gz	0.0205734296344933	1.167837338143351	0.3841449463793562	1.1052063703536987	1.1923684464753006	1.1094930171966553	0.348449363368145	1.1931562310494732	1.1964628123906298	sub-20961	ses-1				space-ACPC			DSIStudio	autotrackgqi
Association_UncinateFasciculusL	dti_fa	DSIStudio	/scratch/executivefunction/SLURM_8364170_111/job-8364170-111-sub-20961-ses-1/ds/inputs/data/qsiprep/qsiprep/sub-20961/ses-1/dwi/sub-20961_ses-1_space-ACPC_desc-preproc_dwi.nii.gz	0.0205734296344933	0.2616447383482038	0.1487182100456745	0.229932814836502	0.2671407395559649	0.2339732646942138	0.1453047933042195	0.3775145582377336	0.3785607604177139	sub-20961	ses-1				space-ACPC			DSIStudio	autotrackgqi
Association_UncinateFasciculusL	gfa	DSIStudio	/scratch/executivefunction/SLURM_8364170_111/job-8364170-111-sub-20961-ses-1/ds/inputs/data/qsiprep/qsiprep/sub-20961/ses-1/dwi/sub-20961_ses-1_space-ACPC_desc-preproc_dwi.nii.gz	0.0205734296344933	0.0579733637569834	0.0316627460554143	0.0498126186430454	0.0591911282694206	0.0510031469166278	0.0308465128058034	0.0836013632455147	0.0838330468355338	sub-20961	ses-1				space-ACPC			DSIStudio	autotrackgqi
Association_UncinateFasciculusL	ha	DSIStudio	/scratch/executivefunction/SLURM_8364170_111/job-8364170-111-sub-20961-ses-1/ds/inputs/data/qsiprep/qsiprep/sub-20961/ses-1/dwi/sub-20961_ses-1_space-ACPC_desc-preproc_dwi.nii.gz	0.0205734296344933	-4.108206328451405	35.977904831491315	-3.813063859939575	-4.194501612222228	-5.003019332885742	36.348830848502296	-2.6213106625378115	-2.6285750848505165	sub-20961	ses-1				space-ACPC			DSIStudio	autotrackgqi
Association_UncinateFasciculusL	iso	DSIStudio	/scratch/executivefunction/SLURM_8364170_111/job-8364170-111-sub-20961-ses-1/ds/inputs/data/qsiprep/qsiprep/sub-20961/ses-1/dwi/sub-20961_ses-1_space-ACPC_desc-preproc_dwi.nii.gz	0.0205734296344933	0.7994911862428417	0.3254650253461249	0.7649166584014893	0.8162849675851495	0.7698603272438049	0.3073174911646865	0.7506760983378247	0.7527564388656597	sub-20961	ses-1				space-ACPC			DSIStudio	autotrackgqi
Association_UncinateFasciculusL	md	DSIStudio	/scratch/executivefunction/SLURM_8364170_111/job-8364170-111-sub-20961-ses-1/ds/inputs/data/qsiprep/qsiprep/sub-20961/ses-1/dwi/sub-20961_ses-1_space-ACPC_desc-preproc_dwi.nii.gz	0.0205734296344933	0.9139046567056184	0.3261360288129949	0.8397782444953918	0.9331017601090436	0.8416242599487305	0.30114134791908	0.8337147214366005	0.836025186192493	sub-20961	ses-1				space-ACPC			DSIStudio	autotrackgqi
Association_UncinateFasciculusL	qa	DSIStudio	/scratch/executivefunction/SLURM_8364170_111/job-8364170-111-sub-20961-ses-1/ds/inputs/data/qsiprep/qsiprep/sub-20961/ses-1/dwi/sub-20961_ses-1_space-ACPC_desc-preproc_dwi.nii.gz	0.0205734296344933	0.1962638655096507	0.1067218783542761	0.1816960275173187	0.2003865031315294	0.1852724552154541	0.1039359550746031	0.2743416741611038	0.2751019543647737	sub-20961	ses-1				space-ACPC			DSIStudio	autotrackgqi
Association_UncinateFasciculusL	rd1	DSIStudio	/scratch/executivefunction/SLURM_8364170_111/job-8364170-111-sub-20961-ses-1/ds/inputs/data/qsiprep/qsiprep/sub-20961/ses-1/dwi/sub-20961_ses-1_space-ACPC_desc-preproc_dwi.nii.gz	0.0205734296344933	0.8741188671258066	0.3379838404237125	0.8189212083816528	0.8924802466810748	0.8228141069412231	0.3166156038644033	0.7509020915098954	0.7529830584131254	sub-20961	ses-1				space-ACPC			DSIStudio	autotrackgqi
Association_UncinateFasciculusL	rd2	DSIStudio	/scratch/executivefunction/SLURM_8364170_111/job-8364170-111-sub-20961-ses-1/ds/inputs/data/qsiprep/qsiprep/sub-20961/ses-1/dwi/sub-20961_ses-1_space-ACPC_desc-preproc_dwi.nii.gz	0.0205734296344933	0.6997577640584481	0.3235548342020569	0.6527259945869446	0.7144565863649273	0.6566836833953857	0.3104594780642917	0.5570858458580911	0.5586296918927656	sub-20961	ses-1				space-ACPC			DSIStudio	autotrackgqi
Association_UncinateFasciculusL	rd	DSIStudio	/scratch/executivefunction/SLURM_8364170_111/job-8364170-111-sub-20961-ses-1/ds/inputs/data/qsiprep/qsiprep/sub-20961/ses-1/dwi/sub-20961_ses-1_space-ACPC_desc-preproc_dwi.nii.gz	0.0205734296344933	0.7869383159671839	0.3250277087731154	0.7300881147384644	0.803468416905936	0.7336834073066711	0.3075397386729797	0.6539939697345469	0.6558063762064108	sub-20961	ses-1				space-ACPC			DSIStudio	autotrackgqi
Association_UncinateFasciculusL	txx	DSIStudio	/scratch/executivefunction/SLURM_8364170_111/job-8364170-111-sub-20961-ses-1/ds/inputs/data/qsiprep/qsiprep/sub-20961/ses-1/dwi/sub-20961_ses-1_space-ACPC_desc-preproc_dwi.nii.gz	0.0205734296344933	0.000878444141296	0.0003629365925042	0.0008366339607164	0.0008968963757724	0.0008425513515248	0.0003434241491335	0.0007567348626699	0.0007588319938218	sub-20961	ses-1				space-ACPC			DSIStudio	autotrackgqi
Association_UncinateFasciculusL	txy	DSIStudio	/scratch/executivefunction/SLURM_8364170_111/job-8364170-111-sub-20961-ses-1/ds/inputs/data/qsiprep/qsiprep/sub-20961/ses-1/dwi/sub-20961_ses-1_space-ACPC_desc-preproc_dwi.nii.gz	0.0205734296344933	1.6997955990573775e-05	0.0001225522134844	4.182748398307012e-06	1.7355008027023815e-05	6.614950962102739e-06	0.0001238076420899	6.969360081784583e-05	6.988674209139204e-05	sub-20961	ses-1				space-ACPC			DSIStudio	autotrackgqi
Association_UncinateFasciculusL	txz	DSIStudio	/scratch/executivefunction/SLURM_8364170_111/job-8364170-111-sub-20961-ses-1/ds/inputs/data/qsiprep/qsiprep/sub-20961/ses-1/dwi/sub-20961_ses-1_space-ACPC_desc-preproc_dwi.nii.gz	0.0205734296344933	-2.1199604935879985e-05	0.0001158649980248	-2.170623338315636e-05	-2.164491507308059e-05	-2.4088418285828084e-05	0.0001170344082679	-2.434816858193888e-05	-2.441564436963793e-05	sub-20961	ses-1				space-ACPC			DSIStudio	autotrackgqi
Association_UncinateFasciculusL	tyy	DSIStudio	/scratch/executivefunction/SLURM_8364170_111/job-8364170-111-sub-20961-ses-1/ds/inputs/data/qsiprep/qsiprep/sub-20961/ses-1/dwi/sub-20961_ses-1_space-ACPC_desc-preproc_dwi.nii.gz	0.0205734296344933	0.0009837107330177	0.0003629941987452	0.0009192096767947	0.0010043741540018	0.0009247431880794	0.0003373111012462	0.0009676749650003	0.0009703566726139	sub-20961	ses-1				space-ACPC			DSIStudio	autotrackgqi
Association_UncinateFasciculusL	tyz	DSIStudio	/scratch/executivefunction/SLURM_8364170_111/job-8364170-111-sub-20961-ses-1/ds/inputs/data/qsiprep/qsiprep/sub-20961/ses-1/dwi/sub-20961_ses-1_space-ACPC_desc-preproc_dwi.nii.gz	0.0205734296344933	1.496080637165393e-06	0.000124433406167	0.0	1.527506688538253e-06	2.144328021813635e-07	0.0001257333217241	-9.016182597203144e-07	-9.041170266388272e-07	sub-20961	ses-1				space-ACPC			DSIStudio	autotrackgqi
Association_UncinateFasciculusL	tzz	DSIStudio	/scratch/executivefunction/SLURM_8364170_111/job-8364170-111-sub-20961-ses-1/ds/inputs/data/qsiprep/qsiprep/sub-20961/ses-1/dwi/sub-20961_ses-1_space-ACPC_desc-preproc_dwi.nii.gz	0.0205734296344933	0.0008795590946959	0.0003439157259733	0.0008372244774363	0.0008980347494225	0.0008410003501921	0.0003227549317022	0.0007767343393338	0.0007788868948435	sub-20961	ses-1				space-ACPC			DSIStudio	autotrackgqi
Association_VerticalOccipitalFasciculusL	ad	DSIStudio	/scratch/executivefunction/SLURM_8364170_111/job-8364170-111-sub-20961-ses-1/ds/inputs/data/qsiprep/qsiprep/sub-20961/ses-1/dwi/sub-20961_ses-1_space-ACPC_desc-preproc_dwi.nii.gz	0.04192	1.0216649197578431	0.3211980088335419	0.9930716156959534	1.0663670254653506	0.9993982017040252	0.2449762175202205	1.0570176102666975	1.0666876767720808	sub-20961	ses-1				space-ACPC			DSIStudio	autotrackgqi
Association_VerticalOccipitalFasciculusL	dti_fa	DSIStudio	/scratch/executivefunction/SLURM_8364170_111/job-8364170-111-sub-20961-ses-1/ds/inputs/data/qsiprep/qsiprep/sub-20961/ses-1/dwi/sub-20961_ses-1_space-ACPC_desc-preproc_dwi.nii.gz	0.04192	0.243689978403449	0.1491537630686107	0.2230032831430435	0.2543524323683294	0.231700912117958	0.1432069002802797	0.3182137545434205	0.3211249151265651	sub-20961	ses-1				space-ACPC			DSIStudio	autotrackgqi
Association_VerticalOccipitalFasciculusL	gfa	DSIStudio	/scratch/executivefunction/SLURM_8364170_111/job-8364170-111-sub-20961-ses-1/ds/inputs/data/qsiprep/qsiprep/sub-20961/ses-1/dwi/sub-20961_ses-1_space-ACPC_desc-preproc_dwi.nii.gz	0.04192	0.0505395491661131	0.0312734647694175	0.0433600731194019	0.0527508654455923	0.0451337471604347	0.0300694800320835	0.0685227774040036	0.069149654172872	sub-20961	ses-1				space-ACPC			DSIStudio	autotrackgqi
Association_VerticalOccipitalFasciculusL	ha	DSIStudio	/scratch/executivefunction/SLURM_8364170_111/job-8364170-111-sub-20961-ses-1/ds/inputs/data/qsiprep/qsiprep/sub-20961/ses-1/dwi/sub-20961_ses-1_space-ACPC_desc-preproc_dwi.nii.gz	0.04192	2.594935768317878	36.63993392636033	4.24865198135376	2.708475042081954	6.084884166717529	37.42881981712957	11.153182407710194	11.25521668177064	sub-20961	ses-1				space-ACPC			DSIStudio	autotrackgqi
Association_VerticalOccipitalFasciculusL	iso	DSIStudio	/scratch/executivefunction/SLURM_8364170_111/job-8364170-111-sub-20961-ses-1/ds/inputs/data/qsiprep/qsiprep/sub-20961/ses-1/dwi/sub-20961_ses-1_space-ACPC_desc-preproc_dwi.nii.gz	0.04192	0.8537203134775162	0.2707466257234581	0.8996399641036987	0.8910741414887234	0.9072022438049316	0.2079087530136874	0.9094151883187152	0.9177349224267854	sub-20961	ses-1				space-ACPC			DSIStudio	autotrackgqi
Association_VerticalOccipitalFasciculusL	md	DSIStudio	/scratch/executivefunction/SLURM_8364170_111/job-8364170-111-sub-20961-ses-1/ds/inputs/data/qsiprep/qsiprep/sub-20961/ses-1/dwi/sub-20961_ses-1_space-ACPC_desc-preproc_dwi.nii.gz	0.04192	0.8055899317455292	0.2448056432804461	0.783775806427002	0.8408378546108145	0.7869149744510651	0.1814226949111046	0.7779330908074065	0.7850499683627724	sub-20961	ses-1				space-ACPC			DSIStudio	autotrackgqi
Association_VerticalOccipitalFasciculusL	qa	DSIStudio	/scratch/executivefunction/SLURM_8364170_111/job-8364170-111-sub-20961-ses-1/ds/inputs/data/qsiprep/qsiprep/sub-20961/ses-1/dwi/sub-20961_ses-1_space-ACPC_desc-preproc_dwi.nii.gz	0.04192	0.1896812613376975	0.1229706839055181	0.1587055772542953	0.1979806084436555	0.1651671379804611	0.118913080513977	0.2730213676067881	0.2755190881828445	sub-20961	ses-1				space-ACPC			DSIStudio	autotrackgqi
Association_VerticalOccipitalFasciculusL	rd1	DSIStudio	/scratch/executivefunction/SLURM_8364170_111/job-8364170-111-sub-20961-ses-1/ds/inputs/data/qsiprep/qsiprep/sub-20961/ses-1/dwi/sub-20961_ses-1_space-ACPC_desc-preproc_dwi.nii.gz	0.04192	0.7770375396156312	0.2440879590130006	0.7763466835021973	0.8110361761185194	0.7814495861530304	0.1860420237447261	0.7230394485435916	0.7296541347820938	sub-20961	ses-1				space-ACPC			DSIStudio	autotrackgqi
Association_VerticalOccipitalFasciculusL	rd2	DSIStudio	/scratch/executivefunction/SLURM_8364170_111/job-8364170-111-sub-20961-ses-1/ds/inputs/data/qsiprep/qsiprep/sub-20961/ses-1/dwi/sub-20961_ses-1_space-ACPC_desc-preproc_dwi.nii.gz	0.04192	0.6180673345839978	0.2412184523980891	0.6167295575141907	0.6451103609134913	0.6260981559753418	0.208054081150607	0.5537422081628638	0.5588080880352256	sub-20961	ses-1				space-ACPC			DSIStudio	autotrackgqi
Association_VerticalOccipitalFasciculusL	rd	DSIStudio	/scratch/executivefunction/SLURM_8364170_111/job-8364170-111-sub-20961-ses-1/ds/inputs/data/qsiprep/qsiprep/sub-20961/ses-1/dwi/sub-20961_ses-1_space-ACPC_desc-preproc_dwi.nii.gz	0.04192	0.6975524378490447	0.2354927514042318	0.6901257038116455	0.7280732692980177	0.6963576972484589	0.1888435927846806	0.6383908292463231	0.6442311123099256	sub-20961	ses-1				space-ACPC			DSIStudio	autotrackgqi
Association_VerticalOccipitalFasciculusL	txx	DSIStudio	/scratch/executivefunction/SLURM_8364170_111/job-8364170-111-sub-20961-ses-1/ds/inputs/data/qsiprep/qsiprep/sub-20961/ses-1/dwi/sub-20961_ses-1_space-ACPC_desc-preproc_dwi.nii.gz	0.04192	0.0007598070336133	0.0002536519055517	0.0007780035375617	0.0007930517635409	0.0007844610081519	0.0002019643780773	0.0006986770872882	0.0007050688956331	sub-20961	ses-1				space-ACPC			DSIStudio	autotrackgqi
Association_VerticalOccipitalFasciculusL	txy	DSIStudio	/scratch/executivefunction/SLURM_8364170_111/job-8364170-111-sub-20961-ses-1/ds/inputs/data/qsiprep/qsiprep/sub-20961/ses-1/dwi/sub-20961_ses-1_space-ACPC_desc-preproc_dwi.nii.gz	0.04192	4.5522248171567984e-06	9.288551536443028e-05	1.6655964145684266e-06	4.751403658522042e-06	4.318951596360421e-06	9.489083892035404e-05	3.3159211622970475e-05	3.346256671317355e-05	sub-20961	ses-1				space-ACPC			DSIStudio	autotrackgqi
Association_VerticalOccipitalFasciculusL	txz	DSIStudio	/scratch/executivefunction/SLURM_8364170_111/job-8364170-111-sub-20961-ses-1/ds/inputs/data/qsiprep/qsiprep/sub-20961/ses-1/dwi/sub-20961_ses-1_space-ACPC_desc-preproc_dwi.nii.gz	0.04192	-2.812198546804261e-05	0.0001021388790962	-1.0682920219551306e-05	-2.935243974202844e-05	-1.5294352124328725e-05	0.0001041762577706	-4.4704033245474656e-05	-4.511300568255525e-05	sub-20961	ses-1				space-ACPC			DSIStudio	autotrackgqi
Association_VerticalOccipitalFasciculusL	tyy	DSIStudio	/scratch/executivefunction/SLURM_8364170_111/job-8364170-111-sub-20961-ses-1/ds/inputs/data/qsiprep/qsiprep/sub-20961/ses-1/dwi/sub-20961_ses-1_space-ACPC_desc-preproc_dwi.nii.gz	0.04192	0.0008629632319696	0.0003181516756869	0.0008324781083501	0.0009007214762542	0.000839519983856	0.0002676558353358	0.0008153890644337	0.0008228486059806	sub-20961	ses-1				space-ACPC			DSIStudio	autotrackgqi
Association_VerticalOccipitalFasciculusL	tyz	DSIStudio	/scratch/executivefunction/SLURM_8364170_111/job-8364170-111-sub-20961-ses-1/ds/inputs/data/qsiprep/qsiprep/sub-20961/ses-1/dwi/sub-20961_ses-1_space-ACPC_desc-preproc_dwi.nii.gz	0.04192	1.928454642233305e-05	0.0001095994055581	8.089874427241739e-06	2.0128325841613488e-05	1.234326055055135e-05	0.0001118955865142	5.587654175861726e-05	5.6387724884342656e-05	sub-20961	ses-1				space-ACPC			DSIStudio	autotrackgqi
Association_VerticalOccipitalFasciculusL	tzz	DSIStudio	/scratch/executivefunction/SLURM_8364170_111/job-8364170-111-sub-20961-ses-1/ds/inputs/data/qsiprep/qsiprep/sub-20961/ses-1/dwi/sub-20961_ses-1_space-ACPC_desc-preproc_dwi.nii.gz	0.04192	0.0007939995295368	0.0002607849510954	0.0007900168420746	0.0008287403239153	0.0007972068269737	0.000205410228721	0.0008197331173068	0.0008272324000499	sub-20961	ses-1				space-ACPC			DSIStudio	autotrackgqi
Association_ParietalAslantTractL	ad	DSIStudio	/scratch/executivefunction/SLURM_8364170_111/job-8364170-111-sub-20961-ses-1/ds/inputs/data/qsiprep/qsiprep/sub-20961/ses-1/dwi/sub-20961_ses-1_space-ACPC_desc-preproc_dwi.nii.gz	0.0398349468338359	1.0484724330478312	0.308534374172395	1.0300391912460327	1.0919710414271708	1.038302719593048	0.2272522560086537	1.1183270224354764	1.1240183943771402	sub-20961	ses-1				space-ACPC			DSIStudio	autotrackgqi
Association_ParietalAslantTractL	dti_fa	DSIStudio	/scratch/executivefunction/SLURM_8364170_111/job-8364170-111-sub-20961-ses-1/ds/inputs/data/qsiprep/qsiprep/sub-20961/ses-1/dwi/sub-20961_ses-1_space-ACPC_desc-preproc_dwi.nii.gz	0.0398349468338359	0.2598261064291828	0.1675987235880774	0.2146684676408767	0.2706056688612034	0.2241959571838379	0.1622888798276087	0.3544333813230422	0.356237158063298	sub-20961	ses-1				space-ACPC			DSIStudio	autotrackgqi
Association_ParietalAslantTractL	gfa	DSIStudio	/scratch/executivefunction/SLURM_8364170_111/job-8364170-111-sub-20961-ses-1/ds/inputs/data/qsiprep/qsiprep/sub-20961/ses-1/dwi/sub-20961_ses-1_space-ACPC_desc-preproc_dwi.nii.gz	0.0398349468338359	0.0577866997258816	0.0364556607519305	0.0472017414867877	0.0601841314004595	0.0495394840836524	0.0352117240897696	0.0785668113107856	0.0789666522842539	sub-20961	ses-1				space-ACPC			DSIStudio	autotrackgqi
Association_ParietalAslantTractL	ha	DSIStudio	/scratch/executivefunction/SLURM_8364170_111/job-8364170-111-sub-20961-ses-1/ds/inputs/data/qsiprep/qsiprep/sub-20961/ses-1/dwi/sub-20961_ses-1_space-ACPC_desc-preproc_dwi.nii.gz	0.0398349468338359	9.7124114737139	32.841935074894806	8.651061058044434	10.1153561480779	10.341187477111816	33.45541804578602	20.053518698281813	20.1555748055016	sub-20961	ses-1				space-ACPC			DSIStudio	autotrackgqi
Association_ParietalAslantTractL	iso	DSIStudio	/scratch/executivefunction/SLURM_8364170_111/job-8364170-111-sub-20961-ses-1/ds/inputs/data/qsiprep/qsiprep/sub-20961/ses-1/dwi/sub-20961_ses-1_space-ACPC_desc-preproc_dwi.nii.gz	0.0398349468338359	0.7691087743961807	0.232166694318276	0.7722891569137573	0.801017254127328	0.7815073132514954	0.1748667205421234	0.7607710658474554	0.7646427697636511	sub-20961	ses-1				space-ACPC			DSIStudio	autotrackgqi
Association_ParietalAslantTractL	md	DSIStudio	/scratch/executivefunction/SLURM_8364170_111/job-8364170-111-sub-20961-ses-1/ds/inputs/data/qsiprep/qsiprep/sub-20961/ses-1/dwi/sub-20961_ses-1_space-ACPC_desc-preproc_dwi.nii.gz	0.0398349468338359	0.8128413403106103	0.2433595214766558	0.806141197681427	0.8465641793879596	0.8086381256580353	0.1820229792524304	0.7992637542418131	0.8033313544946338	sub-20961	ses-1				space-ACPC			DSIStudio	autotrackgqi
Association_ParietalAslantTractL	qa	DSIStudio	/scratch/executivefunction/SLURM_8364170_111/job-8364170-111-sub-20961-ses-1/ds/inputs/data/qsiprep/qsiprep/sub-20961/ses-1/dwi/sub-20961_ses-1_space-ACPC_desc-preproc_dwi.nii.gz	0.0398349468338359	0.1937137503145001	0.1205627968548923	0.1626748293638229	0.201750469542424	0.1691115796566009	0.1162626961595885	0.2599861374895755	0.2613092548348925	sub-20961	ses-1				space-ACPC			DSIStudio	autotrackgqi
Association_ParietalAslantTractL	rd1	DSIStudio	/scratch/executivefunction/SLURM_8364170_111/job-8364170-111-sub-20961-ses-1/ds/inputs/data/qsiprep/qsiprep/sub-20961/ses-1/dwi/sub-20961_ses-1_space-ACPC_desc-preproc_dwi.nii.gz	0.0398349468338359	0.7721488365217384	0.2530190213721379	0.7852795124053955	0.8041834411443758	0.790568619966507	0.2022693894796507	0.7382481469607206	0.7420052276144354	sub-20961	ses-1				space-ACPC			DSIStudio	autotrackgqi
Association_ParietalAslantTractL	rd2	DSIStudio	/scratch/executivefunction/SLURM_8364170_111/job-8364170-111-sub-20961-ses-1/ds/inputs/data/qsiprep/qsiprep/sub-20961/ses-1/dwi/sub-20961_ses-1_space-ACPC_desc-preproc_dwi.nii.gz	0.0398349468338359	0.6179027521899723	0.2553136672262066	0.6332655549049377	0.6435380564543827	0.642657071352005	0.2266983613970413	0.5412160943918168	0.5439704425603081	sub-20961	ses-1				space-ACPC			DSIStudio	autotrackgqi
Association_ParietalAslantTractL	rd	DSIStudio	/scratch/executivefunction/SLURM_8364170_111/job-8364170-111-sub-20961-ses-1/ds/inputs/data/qsiprep/qsiprep/sub-20961/ses-1/dwi/sub-20961_ses-1_space-ACPC_desc-preproc_dwi.nii.gz	0.0398349468338359	0.6950257942234216	0.2483685092721288	0.7053708434104919	0.7238607486614511	0.7133792042732239	0.2082634557660283	0.6397321202980149	0.642987834707193	sub-20961	ses-1				space-ACPC			DSIStudio	autotrackgqi
Association_ParietalAslantTractL	txx	DSIStudio	/scratch/executivefunction/SLURM_8364170_111/job-8364170-111-sub-20961-ses-1/ds/inputs/data/qsiprep/qsiprep/sub-20961/ses-1/dwi/sub-20961_ses-1_space-ACPC_desc-preproc_dwi.nii.gz	0.0398349468338359	0.0008386109037671	0.0002672571167027	0.0008504686993546	0.0008734028602705	0.0008577549015171	0.0002097672063495	0.0008148692158482	0.0008190162351061	sub-20961	ses-1				space-ACPC			DSIStudio	autotrackgqi
Association_ParietalAslantTractL	txy	DSIStudio	/scratch/executivefunction/SLURM_8364170_111/job-8364170-111-sub-20961-ses-1/ds/inputs/data/qsiprep/qsiprep/sub-20961/ses-1/dwi/sub-20961_ses-1_space-ACPC_desc-preproc_dwi.nii.gz	0.0398349468338359	4.237693643975598e-05	0.0001048428607541	2.5757515686564147e-05	4.413505396808304e-05	2.984765433211578e-05	0.0001066323760897	7.861023018403186e-05	7.901029197781666e-05	sub-20961	ses-1				space-ACPC			DSIStudio	autotrackgqi
Association_ParietalAslantTractL	txz	DSIStudio	/scratch/executivefunction/SLURM_8364170_111/job-8364170-111-sub-20961-ses-1/ds/inputs/data/qsiprep/qsiprep/sub-20961/ses-1/dwi/sub-20961_ses-1_space-ACPC_desc-preproc_dwi.nii.gz	0.0398349468338359	-3.327993587939611e-05	0.0001245540053481	-1.8442193322698586e-05	-3.466064065720246e-05	-2.34067638302804e-05	0.0001269230884347	-4.900986375094137e-05	-4.9259284049425146e-05	sub-20961	ses-1				space-ACPC			DSIStudio	autotrackgqi
Association_ParietalAslantTractL	tyy	DSIStudio	/scratch/executivefunction/SLURM_8364170_111/job-8364170-111-sub-20961-ses-1/ds/inputs/data/qsiprep/qsiprep/sub-20961/ses-1/dwi/sub-20961_ses-1_space-ACPC_desc-preproc_dwi.nii.gz	0.0398349468338359	0.0007940651019723	0.0002984942174674	0.0007963377865962	0.0008270089599219	0.0008025460992939	0.0002560281776357	0.0007560160584191	0.0007598635630539	sub-20961	ses-1				space-ACPC			DSIStudio	autotrackgqi
Association_ParietalAslantTractL	tyz	DSIStudio	/scratch/executivefunction/SLURM_8364170_111/job-8364170-111-sub-20961-ses-1/ds/inputs/data/qsiprep/qsiprep/sub-20961/ses-1/dwi/sub-20961_ses-1_space-ACPC_desc-preproc_dwi.nii.gz	0.0398349468338359	3.142268145600678e-05	0.0001108189954166	1.4190711226547135e-05	3.272633319905764e-05	1.822016383812297e-05	0.0001129056642791	7.300197529649698e-05	7.337349592971405e-05	sub-20961	ses-1				space-ACPC			DSIStudio	autotrackgqi
Association_ParietalAslantTractL	tzz	DSIStudio	/scratch/executivefunction/SLURM_8364170_111/job-8364170-111-sub-20961-ses-1/ds/inputs/data/qsiprep/qsiprep/sub-20961/ses-1/dwi/sub-20961_ses-1_space-ACPC_desc-preproc_dwi.nii.gz	0.0398349468338359	0.0008058480151823	0.0002695009705228	0.0007995913620106	0.0008392807179609	0.0008061127155087	0.0002181390084878	0.0008269059878279	0.0008311142646905	sub-20961	ses-1				space-ACPC			DSIStudio	autotrackgqi
Association_CingulumR	ad	DSIStudio	/scratch/executivefunction/SLURM_8364170_111/job-8364170-111-sub-20961-ses-1/ds/inputs/data/qsiprep/qsiprep/sub-20961/ses-1/dwi/sub-20961_ses-1_space-ACPC_desc-preproc_dwi.nii.gz	0.0004289544235924	1.182798917900781	0.3702079926414838	1.078249216079712	1.1833065024594769	1.0785080194473269	0.3694754996441178	1.2187384527420506	1.2187997657551837	sub-20961	ses-1				space-ACPC			DSIStudio	autotrackgqi
Association_CingulumR	dti_fa	DSIStudio	/scratch/executivefunction/SLURM_8364170_111/job-8364170-111-sub-20961-ses-1/ds/inputs/data/qsiprep/qsiprep/sub-20961/ses-1/dwi/sub-20961_ses-1_space-ACPC_desc-preproc_dwi.nii.gz	0.0004289544235924	0.2795532876087337	0.1771434655853361	0.2286355793476104	0.2796732546884929	0.2287901490926742	0.1770867643262729	0.4416589824401622	0.441681201776391	sub-20961	ses-1				space-ACPC			DSIStudio	autotrackgqi
Association_CingulumR	gfa	DSIStudio	/scratch/executivefunction/SLURM_8364170_111/job-8364170-111-sub-20961-ses-1/ds/inputs/data/qsiprep/qsiprep/sub-20961/ses-1/dwi/sub-20961_ses-1_space-ACPC_desc-preproc_dwi.nii.gz	0.0004289544235924	0.0630329011712253	0.0385577858260294	0.0506557188928127	0.0630599510161652	0.0506816133856773	0.0385439371022956	0.0962967560788071	0.0963016006562576	sub-20961	ses-1				space-ACPC			DSIStudio	autotrackgqi
Association_CingulumR	ha	DSIStudio	/scratch/executivefunction/SLURM_8364170_111/job-8364170-111-sub-20961-ses-1/ds/inputs/data/qsiprep/qsiprep/sub-20961/ses-1/dwi/sub-20961_ses-1_space-ACPC_desc-preproc_dwi.nii.gz	0.0004289544235924	-2.300353309693409	35.509312036543605	-3.1921255588531494	-2.301340479872443	-3.21476149559021	35.51689844367424	-5.262127003808141	-5.262391725824209	sub-20961	ses-1				space-ACPC			DSIStudio	autotrackgqi
Association_CingulumR	iso	DSIStudio	/scratch/executivefunction/SLURM_8364170_111/job-8364170-111-sub-20961-ses-1/ds/inputs/data/qsiprep/qsiprep/sub-20961/ses-1/dwi/sub-20961_ses-1_space-ACPC_desc-preproc_dwi.nii.gz	0.0004289544235924	0.7568195754884874	0.1962600141828041	0.7496103048324585	0.7571443559092528	0.7496176362037659	0.1956747736897232	0.6915686611202383	0.6916034528582792	sub-20961	ses-1				space-ACPC			DSIStudio	autotrackgqi
Association_CingulumR	md	DSIStudio	/scratch/executivefunction/SLURM_8364170_111/job-8364170-111-sub-20961-ses-1/ds/inputs/data/qsiprep/qsiprep/sub-20961/ses-1/dwi/sub-20961_ses-1_space-ACPC_desc-preproc_dwi.nii.gz	0.0004289544235924	0.9147953523036302	0.3270578759337224	0.8171084523200989	0.9151879262129976	0.8171286582946777	0.3265784421913371	0.7953860668935564	0.7954260814717008	sub-20961	ses-1				space-ACPC			DSIStudio	autotrackgqi
Association_CingulumR	qa	DSIStudio	/scratch/executivefunction/SLURM_8364170_111/job-8364170-111-sub-20961-ses-1/ds/inputs/data/qsiprep/qsiprep/sub-20961/ses-1/dwi/sub-20961_ses-1_space-ACPC_desc-preproc_dwi.nii.gz	0.0004289544235924	0.2041817399541829	0.1230910287430811	0.1746220290660858	0.2042693622007034	0.1746256351470947	0.1230447270968465	0.3018847690247936	0.3018999565154884	sub-20961	ses-1				space-ACPC			DSIStudio	autotrackgqi
Association_CingulumR	rd1	DSIStudio	/scratch/executivefunction/SLURM_8364170_111/job-8364170-111-sub-20961-ses-1/ds/inputs/data/qsiprep/qsiprep/sub-20961/ses-1/dwi/sub-20961_ses-1_space-ACPC_desc-preproc_dwi.nii.gz	0.0004289544235924	0.8658843085065924	0.3499640485829536	0.7925888895988464	0.8662558928037736	0.7926164865493774	0.3495790423940189	0.6813568128970795	0.6813910906671656	sub-20961	ses-1				space-ACPC			DSIStudio	autotrackgqi
Association_CingulumR	rd2	DSIStudio	/scratch/executivefunction/SLURM_8364170_111/job-8364170-111-sub-20961-ses-1/ds/inputs/data/qsiprep/qsiprep/sub-20961/ses-1/dwi/sub-20961_ses-1_space-ACPC_desc-preproc_dwi.nii.gz	0.0004289544235924	0.6957028296697715	0.3529261203294522	0.6354191303253174	0.6960013825416392	0.6354332566261292	0.352707393370206	0.4860629334112588	0.486087386362391	sub-20961	ses-1				space-ACPC			DSIStudio	autotrackgqi
Association_CingulumR	rd	DSIStudio	/scratch/executivefunction/SLURM_8364170_111/job-8364170-111-sub-20961-ses-1/ds/inputs/data/qsiprep/qsiprep/sub-20961/ses-1/dwi/sub-20961_ses-1_space-ACPC_desc-preproc_dwi.nii.gz	0.0004289544235924	0.780793569739958	0.3464856654059047	0.7094650864601135	0.7811286383247621	0.709530770778656	0.3461821828688844	0.583709873236593	0.5837392385972061	sub-20961	ses-1				space-ACPC			DSIStudio	autotrackgqi
Association_CingulumR	txx	DSIStudio	/scratch/executivefunction/SLURM_8364170_111/job-8364170-111-sub-20961-ses-1/ds/inputs/data/qsiprep/qsiprep/sub-20961/ses-1/dwi/sub-20961_ses-1_space-ACPC_desc-preproc_dwi.nii.gz	0.0004289544235924	0.0009058468835631	0.0003580799576277	0.0008348431438207	0.0009062356173399	0.0008350518764927	0.0003576646422816	0.0007046989435357	0.000704734395503	sub-20961	ses-1				space-ACPC			DSIStudio	autotrackgqi
Association_CingulumR	txy	DSIStudio	/scratch/executivefunction/SLURM_8364170_111/job-8364170-111-sub-20961-ses-1/ds/inputs/data/qsiprep/qsiprep/sub-20961/ses-1/dwi/sub-20961_ses-1_space-ACPC_desc-preproc_dwi.nii.gz	0.0004289544235924	1.7967701400809743e-05	0.0001311711695531	1.0767079402285162e-05	1.7975412033317333e-05	1.0794418813020457e-05	0.000131198783622	3.4162360906990625e-06	3.416407810252438e-06	sub-20961	ses-1				space-ACPC			DSIStudio	autotrackgqi
Association_CingulumR	txz	DSIStudio	/scratch/executivefunction/SLURM_8364170_111/job-8364170-111-sub-20961-ses-1/ds/inputs/data/qsiprep/qsiprep/sub-20961/ses-1/dwi/sub-20961_ses-1_space-ACPC_desc-preproc_dwi.nii.gz	0.0004289544235924	1.2326043192540888e-05	0.0001317824818671	1.433040961273946e-05	1.233133277228235e-05	1.4384829228220042e-05	0.0001318105078736	1.5021114331082047e-05	1.5021869960757206e-05	sub-20961	ses-1				space-ACPC			DSIStudio	autotrackgqi
Association_CingulumR	tyy	DSIStudio	/scratch/executivefunction/SLURM_8364170_111/job-8364170-111-sub-20961-ses-1/ds/inputs/data/qsiprep/qsiprep/sub-20961/ses-1/dwi/sub-20961_ses-1_space-ACPC_desc-preproc_dwi.nii.gz	0.0004289544235924	0.0009500216884357	0.0003716896023406	0.0008551938226446	0.0009504293793223	0.0008553203078918	0.0003712478497346	0.0010245780791435	0.0010246296245053	sub-20961	ses-1				space-ACPC			DSIStudio	autotrackgqi
Association_CingulumR	tyz	DSIStudio	/scratch/executivefunction/SLURM_8364170_111/job-8364170-111-sub-20961-ses-1/ds/inputs/data/qsiprep/qsiprep/sub-20961/ses-1/dwi/sub-20961_ses-1_space-ACPC_desc-preproc_dwi.nii.gz	0.0004289544235924	2.067119661293908e-05	0.0001289331901869	2.420229520794237e-06	2.0680067419338797e-05	2.471871994202957e-06	0.0001289601410578	5.902486086428578e-05	5.902783027912236e-05	sub-20961	ses-1				space-ACPC			DSIStudio	autotrackgqi
Association_CingulumR	tzz	DSIStudio	/scratch/executivefunction/SLURM_8364170_111/job-8364170-111-sub-20961-ses-1/ds/inputs/data/qsiprep/qsiprep/sub-20961/ses-1/dwi/sub-20961_ses-1_space-ACPC_desc-preproc_dwi.nii.gz	0.0004289544235924	0.0008885174847005	0.0003656812728999	0.0008157198317348	0.0008888987817651	0.0008157639531418	0.000365296105171	0.0006568811763764	0.0006569142227816	sub-20961	ses-1				space-ACPC			DSIStudio	autotrackgqi
Association_MiddleLongitudinalFasciculusL	ad	DSIStudio	/scratch/executivefunction/SLURM_8364170_111/job-8364170-111-sub-20961-ses-1/ds/inputs/data/qsiprep/qsiprep/sub-20961/ses-1/dwi/sub-20961_ses-1_space-ACPC_desc-preproc_dwi.nii.gz	0.0	1.1329651207445353	0.2131252914559133	1.093219518661499	1.1329651207445353	1.093219518661499	0.2131252914559133	1.1879992165913755	1.1879992165913755	sub-20961	ses-1				space-ACPC			DSIStudio	autotrackgqi
Association_MiddleLongitudinalFasciculusL	dti_fa	DSIStudio	/scratch/executivefunction/SLURM_8364170_111/job-8364170-111-sub-20961-ses-1/ds/inputs/data/qsiprep/qsiprep/sub-20961/ses-1/dwi/sub-20961_ses-1_space-ACPC_desc-preproc_dwi.nii.gz	0.0	0.3455639195258876	0.1704544720097312	0.3461282253265381	0.3455639195258876	0.3461282253265381	0.1704544720097312	0.410150069739296	0.410150069739296	sub-20961	ses-1				space-ACPC			DSIStudio	autotrackgqi
Association_MiddleLongitudinalFasciculusL	gfa	DSIStudio	/scratch/executivefunction/SLURM_8364170_111/job-8364170-111-sub-20961-ses-1/ds/inputs/data/qsiprep/qsiprep/sub-20961/ses-1/dwi/sub-20961_ses-1_space-ACPC_desc-preproc_dwi.nii.gz	0.0	0.0777302642803121	0.0379274921267615	0.0775836408138275	0.0777302642803121	0.0775836408138275	0.0379274921267615	0.0926450959709293	0.0926450959709293	sub-20961	ses-1				space-ACPC			DSIStudio	autotrackgqi
Association_MiddleLongitudinalFasciculusL	ha	DSIStudio	/scratch/executivefunction/SLURM_8364170_111/job-8364170-111-sub-20961-ses-1/ds/inputs/data/qsiprep/qsiprep/sub-20961/ses-1/dwi/sub-20961_ses-1_space-ACPC_desc-preproc_dwi.nii.gz	0.0	11.386230346855388	39.081798127035945	18.51041412353516	11.386230346855388	18.51041412353516	39.081798127035945	19.499805545261367	19.499805545261367	sub-20961	ses-1				space-ACPC			DSIStudio	autotrackgqi
Association_MiddleLongitudinalFasciculusL	iso	DSIStudio	/scratch/executivefunction/SLURM_8364170_111/job-8364170-111-sub-20961-ses-1/ds/inputs/data/qsiprep/qsiprep/sub-20961/ses-1/dwi/sub-20961_ses-1_space-ACPC_desc-preproc_dwi.nii.gz	0.0	0.7779215067184767	0.1338273437307547	0.7428677082061768	0.7779215067184767	0.7428677082061768	0.1338273437307547	0.738937138018777	0.738937138018777	sub-20961	ses-1				space-ACPC			DSIStudio	autotrackgqi
Association_MiddleLongitudinalFasciculusL	md	DSIStudio	/scratch/executivefunction/SLURM_8364170_111/job-8364170-111-sub-20961-ses-1/ds/inputs/data/qsiprep/qsiprep/sub-20961/ses-1/dwi/sub-20961_ses-1_space-ACPC_desc-preproc_dwi.nii.gz	0.0	0.8203203309207805	0.1426160729160194	0.7946886420249939	0.8203203309207805	0.7946886420249939	0.1426160729160194	0.8038561170511229	0.8038561170511229	sub-20961	ses-1				space-ACPC			DSIStudio	autotrackgqi
Association_MiddleLongitudinalFasciculusL	qa	DSIStudio	/scratch/executivefunction/SLURM_8364170_111/job-8364170-111-sub-20961-ses-1/ds/inputs/data/qsiprep/qsiprep/sub-20961/ses-1/dwi/sub-20961_ses-1_space-ACPC_desc-preproc_dwi.nii.gz	0.0	0.2602421052742539	0.1204467661279542	0.2548342645168304	0.2602421052742539	0.2548342645168304	0.1204467661279542	0.3078652448944137	0.3078652448944137	sub-20961	ses-1				space-ACPC			DSIStudio	autotrackgqi
Association_MiddleLongitudinalFasciculusL	rd1	DSIStudio	/scratch/executivefunction/SLURM_8364170_111/job-8364170-111-sub-20961-ses-1/ds/inputs/data/qsiprep/qsiprep/sub-20961/ses-1/dwi/sub-20961_ses-1_space-ACPC_desc-preproc_dwi.nii.gz	0.0	0.77120722377112	0.1717331518236084	0.7584323287010193	0.77120722377112	0.7584323287010193	0.1717331518236084	0.7275277130858605	0.7275277130858605	sub-20961	ses-1				space-ACPC			DSIStudio	autotrackgqi
Association_MiddleLongitudinalFasciculusL	rd2	DSIStudio	/scratch/executivefunction/SLURM_8364170_111/job-8364170-111-sub-20961-ses-1/ds/inputs/data/qsiprep/qsiprep/sub-20961/ses-1/dwi/sub-20961_ses-1_space-ACPC_desc-preproc_dwi.nii.gz	0.0	0.5567886537349899	0.2079703548076427	0.5268828272819519	0.5567886537349899	0.5268828272819519	0.2079703548076427	0.4960414284179381	0.4960414284179381	sub-20961	ses-1				space-ACPC			DSIStudio	autotrackgqi
Association_MiddleLongitudinalFasciculusL	rd	DSIStudio	/scratch/executivefunction/SLURM_8364170_111/job-8364170-111-sub-20961-ses-1/ds/inputs/data/qsiprep/qsiprep/sub-20961/ses-1/dwi/sub-20961_ses-1_space-ACPC_desc-preproc_dwi.nii.gz	0.0	0.6639979389693988	0.1802803777197151	0.6424675583839417	0.6639979389693988	0.6424675583839417	0.1802803777197151	0.6117845692276689	0.6117845692276689	sub-20961	ses-1				space-ACPC			DSIStudio	autotrackgqi
Association_MiddleLongitudinalFasciculusL	txx	DSIStudio	/scratch/executivefunction/SLURM_8364170_111/job-8364170-111-sub-20961-ses-1/ds/inputs/data/qsiprep/qsiprep/sub-20961/ses-1/dwi/sub-20961_ses-1_space-ACPC_desc-preproc_dwi.nii.gz	0.0	0.0007859906163753	0.000208247218889	0.0007898966432549	0.0007859906163753	0.0007898966432549	0.000208247218889	0.000742075431479	0.000742075431479	sub-20961	ses-1				space-ACPC			DSIStudio	autotrackgqi
Association_MiddleLongitudinalFasciculusL	txy	DSIStudio	/scratch/executivefunction/SLURM_8364170_111/job-8364170-111-sub-20961-ses-1/ds/inputs/data/qsiprep/qsiprep/sub-20961/ses-1/dwi/sub-20961_ses-1_space-ACPC_desc-preproc_dwi.nii.gz	0.0	-2.2235022369679056e-05	0.0001329979411988	-1.867038918135222e-05	-2.2235022369679056e-05	-1.867038918135222e-05	0.0001329979411988	-6.198136267367762e-06	-6.198136267367762e-06	sub-20961	ses-1				space-ACPC			DSIStudio	autotrackgqi
Association_MiddleLongitudinalFasciculusL	txz	DSIStudio	/scratch/executivefunction/SLURM_8364170_111/job-8364170-111-sub-20961-ses-1/ds/inputs/data/qsiprep/qsiprep/sub-20961/ses-1/dwi/sub-20961_ses-1_space-ACPC_desc-preproc_dwi.nii.gz	0.0	6.9783013790584205e-06	0.000151649169501	1.581864125910215e-05	6.9783013790584205e-06	1.581864125910215e-05	0.000151649169501	-5.30521493909598e-05	-5.30521493909598e-05	sub-20961	ses-1				space-ACPC			DSIStudio	autotrackgqi
Association_MiddleLongitudinalFasciculusL	tyy	DSIStudio	/scratch/executivefunction/SLURM_8364170_111/job-8364170-111-sub-20961-ses-1/ds/inputs/data/qsiprep/qsiprep/sub-20961/ses-1/dwi/sub-20961_ses-1_space-ACPC_desc-preproc_dwi.nii.gz	0.0	0.0008300872675228	0.0002090737004909	0.0007929010316729	0.0008300872675228	0.0007929010316729	0.0002090737004909	0.0007881598107931	0.0007881598107931	sub-20961	ses-1				space-ACPC			DSIStudio	autotrackgqi
Association_MiddleLongitudinalFasciculusL	tyz	DSIStudio	/scratch/executivefunction/SLURM_8364170_111/job-8364170-111-sub-20961-ses-1/ds/inputs/data/qsiprep/qsiprep/sub-20961/ses-1/dwi/sub-20961_ses-1_space-ACPC_desc-preproc_dwi.nii.gz	0.0	0.0001050789242928	0.000160984029217	6.661318911937997e-05	0.0001050789242928	6.661318911937997e-05	0.000160984029217	0.0001289600742967	0.0001289600742967	sub-20961	ses-1				space-ACPC			DSIStudio	autotrackgqi
Association_MiddleLongitudinalFasciculusL	tzz	DSIStudio	/scratch/executivefunction/SLURM_8364170_111/job-8364170-111-sub-20961-ses-1/ds/inputs/data/qsiprep/qsiprep/sub-20961/ses-1/dwi/sub-20961_ses-1_space-ACPC_desc-preproc_dwi.nii.gz	0.0	0.0008448831116209	0.000206022483168	0.0008120909915305	0.0008448831116209	0.0008120909915305	0.000206022483168	0.0008813331063553	0.0008813331063553	sub-20961	ses-1				space-ACPC			DSIStudio	autotrackgqi
Association_HippocampusAlveusL	ad	DSIStudio	/scratch/executivefunction/SLURM_8364170_111/job-8364170-111-sub-20961-ses-1/ds/inputs/data/qsiprep/qsiprep/sub-20961/ses-1/dwi/sub-20961_ses-1_space-ACPC_desc-preproc_dwi.nii.gz	0.0	1.4822142126411493	0.6144060298443926	1.2711719274520874	1.4822142126411493	1.2711719274520874	0.6144060298443926	1.5790554976786906	1.5790554976786906	sub-20961	ses-1				space-ACPC			DSIStudio	autotrackgqi
Association_HippocampusAlveusL	dti_fa	DSIStudio	/scratch/executivefunction/SLURM_8364170_111/job-8364170-111-sub-20961-ses-1/ds/inputs/data/qsiprep/qsiprep/sub-20961/ses-1/dwi/sub-20961_ses-1_space-ACPC_desc-preproc_dwi.nii.gz	0.0	0.2704614658905814	0.159662327276383	0.2257863134145736	0.2704614658905814	0.2257863134145736	0.159662327276383	0.3032301011943561	0.3032301011943561	sub-20961	ses-1				space-ACPC			DSIStudio	autotrackgqi
Association_HippocampusAlveusL	gfa	DSIStudio	/scratch/executivefunction/SLURM_8364170_111/job-8364170-111-sub-20961-ses-1/ds/inputs/data/qsiprep/qsiprep/sub-20961/ses-1/dwi/sub-20961_ses-1_space-ACPC_desc-preproc_dwi.nii.gz	0.0	0.0693518644337756	0.0381840758269818	0.0598756484687328	0.0693518644337756	0.0598756484687328	0.0381840758269818	0.0803676965043836	0.0803676965043836	sub-20961	ses-1				space-ACPC			DSIStudio	autotrackgqi
Association_HippocampusAlveusL	ha	DSIStudio	/scratch/executivefunction/SLURM_8364170_111/job-8364170-111-sub-20961-ses-1/ds/inputs/data/qsiprep/qsiprep/sub-20961/ses-1/dwi/sub-20961_ses-1_space-ACPC_desc-preproc_dwi.nii.gz	0.0	19.11770969849452	30.992406094233576	25.733253479003903	19.11770969849452	25.733253479003903	30.992406094233576	29.196214414375167	29.196214414375167	sub-20961	ses-1				space-ACPC			DSIStudio	autotrackgqi
Association_HippocampusAlveusL	iso	DSIStudio	/scratch/executivefunction/SLURM_8364170_111/job-8364170-111-sub-20961-ses-1/ds/inputs/data/qsiprep/qsiprep/sub-20961/ses-1/dwi/sub-20961_ses-1_space-ACPC_desc-preproc_dwi.nii.gz	0.0	0.699568116854313	0.214135093522484	0.6954282522201538	0.699568116854313	0.6954282522201538	0.214135093522484	0.6925006424757129	0.6925006424757129	sub-20961	ses-1				space-ACPC			DSIStudio	autotrackgqi
Association_HippocampusAlveusL	md	DSIStudio	/scratch/executivefunction/SLURM_8364170_111/job-8364170-111-sub-20961-ses-1/ds/inputs/data/qsiprep/qsiprep/sub-20961/ses-1/dwi/sub-20961_ses-1_space-ACPC_desc-preproc_dwi.nii.gz	0.0	1.1556247702192706	0.5350979180884644	0.9066994190216064	1.1556247702192706	0.9066994190216064	0.5350979180884644	1.1991913405669066	1.1991913405669066	sub-20961	ses-1				space-ACPC			DSIStudio	autotrackgqi
Association_HippocampusAlveusL	qa	DSIStudio	/scratch/executivefunction/SLURM_8364170_111/job-8364170-111-sub-20961-ses-1/ds/inputs/data/qsiprep/qsiprep/sub-20961/ses-1/dwi/sub-20961_ses-1_space-ACPC_desc-preproc_dwi.nii.gz	0.0	0.2076423506061644	0.1203940966831546	0.1752881407737732	0.2076423506061644	0.1752881407737732	0.1203940966831546	0.248973075054795	0.248973075054795	sub-20961	ses-1				space-ACPC			DSIStudio	autotrackgqi
Association_HippocampusAlveusL	rd1	DSIStudio	/scratch/executivefunction/SLURM_8364170_111/job-8364170-111-sub-20961-ses-1/ds/inputs/data/qsiprep/qsiprep/sub-20961/ses-1/dwi/sub-20961_ses-1_space-ACPC_desc-preproc_dwi.nii.gz	0.0	1.080130222071502	0.5413815828273828	0.8673648238182068	1.080130222071502	0.8673648238182068	0.5413815828273828	1.099298198471991	1.099298198471991	sub-20961	ses-1				space-ACPC			DSIStudio	autotrackgqi
Association_HippocampusAlveusL	rd2	DSIStudio	/scratch/executivefunction/SLURM_8364170_111/job-8364170-111-sub-20961-ses-1/ds/inputs/data/qsiprep/qsiprep/sub-20961/ses-1/dwi/sub-20961_ses-1_space-ACPC_desc-preproc_dwi.nii.gz	0.0	0.9045298747597736	0.5104902801374878	0.7244004011154175	0.9045298747597736	0.7244004011154175	0.5104902801374878	0.9192203291215923	0.9192203291215923	sub-20961	ses-1				space-ACPC			DSIStudio	autotrackgqi
Association_HippocampusAlveusL	rd	DSIStudio	/scratch/executivefunction/SLURM_8364170_111/job-8364170-111-sub-20961-ses-1/ds/inputs/data/qsiprep/qsiprep/sub-20961/ses-1/dwi/sub-20961_ses-1_space-ACPC_desc-preproc_dwi.nii.gz	0.0	0.9923300484259328	0.52317456237867	0.7888967990875244	0.9923300484259328	0.7888967990875244	0.52317456237867	1.0092592632864912	1.0092592632864912	sub-20961	ses-1				space-ACPC			DSIStudio	autotrackgqi
Association_HippocampusAlveusL	txx	DSIStudio	/scratch/executivefunction/SLURM_8364170_111/job-8364170-111-sub-20961-ses-1/ds/inputs/data/qsiprep/qsiprep/sub-20961/ses-1/dwi/sub-20961_ses-1_space-ACPC_desc-preproc_dwi.nii.gz	0.0	0.0011376881617504	0.0005734600679501	0.0009065531776286	0.0011376881617504	0.0009065531776286	0.0005734600679501	0.0011309485252049	0.0011309485252049	sub-20961	ses-1				space-ACPC			DSIStudio	autotrackgqi
Association_HippocampusAlveusL	txy	DSIStudio	/scratch/executivefunction/SLURM_8364170_111/job-8364170-111-sub-20961-ses-1/ds/inputs/data/qsiprep/qsiprep/sub-20961/ses-1/dwi/sub-20961_ses-1_space-ACPC_desc-preproc_dwi.nii.gz	0.0	9.08492142920884e-06	0.0001514201827756	3.191330733898212e-06	9.08492142920884e-06	3.191330733898212e-06	0.0001514201827756	-1.7893108818211687e-06	-1.7893108818211687e-06	sub-20961	ses-1				space-ACPC			DSIStudio	autotrackgqi
Association_HippocampusAlveusL	txz	DSIStudio	/scratch/executivefunction/SLURM_8364170_111/job-8364170-111-sub-20961-ses-1/ds/inputs/data/qsiprep/qsiprep/sub-20961/ses-1/dwi/sub-20961_ses-1_space-ACPC_desc-preproc_dwi.nii.gz	0.0	-5.0750327634470295e-05	0.0001496813118339	-3.357596870046109e-05	-5.0750327634470295e-05	-3.357596870046109e-05	0.0001496813118339	-2.4285019873927145e-05	-2.4285019873927145e-05	sub-20961	ses-1				space-ACPC			DSIStudio	autotrackgqi
Association_HippocampusAlveusL	tyy	DSIStudio	/scratch/executivefunction/SLURM_8364170_111/job-8364170-111-sub-20961-ses-1/ds/inputs/data/qsiprep/qsiprep/sub-20961/ses-1/dwi/sub-20961_ses-1_space-ACPC_desc-preproc_dwi.nii.gz	0.0	0.0011881721894643	0.0005337183639909	0.0009882528102025	0.0011881721894643	0.0009882528102025	0.0005337183639909	0.0012636216773066	0.0012636216773066	sub-20961	ses-1				space-ACPC			DSIStudio	autotrackgqi
Association_HippocampusAlveusL	tyz	DSIStudio	/scratch/executivefunction/SLURM_8364170_111/job-8364170-111-sub-20961-ses-1/ds/inputs/data/qsiprep/qsiprep/sub-20961/ses-1/dwi/sub-20961_ses-1_space-ACPC_desc-preproc_dwi.nii.gz	0.0	9.1965506002177e-05	0.0001797079397191	7.093112799338996e-05	9.1965506002177e-05	7.093112799338996e-05	0.0001797079397191	0.0001821333030964	0.0001821333030964	sub-20961	ses-1				space-ACPC			DSIStudio	autotrackgqi
Association_HippocampusAlveusL	tzz	DSIStudio	/scratch/executivefunction/SLURM_8364170_111/job-8364170-111-sub-20961-ses-1/ds/inputs/data/qsiprep/qsiprep/sub-20961/ses-1/dwi/sub-20961_ses-1_space-ACPC_desc-preproc_dwi.nii.gz	0.0	0.0011410139601355	0.0005601829974963	0.0009198272018693	0.0011410139601355	0.0009198272018693	0.0005601829974963	0.0012030038214524	0.0012030038214524	sub-20961	ses-1				space-ACPC			DSIStudio	autotrackgqi
Association_SuperiorLongitudinalFasciculusR	ad	DSIStudio	/scratch/executivefunction/SLURM_8364170_111/job-8364170-111-sub-20961-ses-1/ds/inputs/data/qsiprep/qsiprep/sub-20961/ses-1/dwi/sub-20961_ses-1_space-ACPC_desc-preproc_dwi.nii.gz	0.0	1.1163468879867504	0.216226791734817	1.0753456354141235	1.1163468879867504	1.0753456354141235	0.216226791734817	1.164218390254025	1.164218390254025	sub-20961	ses-1				space-ACPC			DSIStudio	autotrackgqi
Association_SuperiorLongitudinalFasciculusR	dti_fa	DSIStudio	/scratch/executivefunction/SLURM_8364170_111/job-8364170-111-sub-20961-ses-1/ds/inputs/data/qsiprep/qsiprep/sub-20961/ses-1/dwi/sub-20961_ses-1_space-ACPC_desc-preproc_dwi.nii.gz	0.0	0.3090572966028329	0.1708157660379164	0.295120894908905	0.3090572966028329	0.295120894908905	0.1708157660379164	0.4414385704856407	0.4414385704856407	sub-20961	ses-1				space-ACPC			DSIStudio	autotrackgqi
Association_SuperiorLongitudinalFasciculusR	gfa	DSIStudio	/scratch/executivefunction/SLURM_8364170_111/job-8364170-111-sub-20961-ses-1/ds/inputs/data/qsiprep/qsiprep/sub-20961/ses-1/dwi/sub-20961_ses-1_space-ACPC_desc-preproc_dwi.nii.gz	0.0	0.0690426055301256	0.0368860317165165	0.0656272582709789	0.0690426055301256	0.0656272582709789	0.0368860317165165	0.0976161905237107	0.0976161905237107	sub-20961	ses-1				space-ACPC			DSIStudio	autotrackgqi
Association_SuperiorLongitudinalFasciculusR	ha	DSIStudio	/scratch/executivefunction/SLURM_8364170_111/job-8364170-111-sub-20961-ses-1/ds/inputs/data/qsiprep/qsiprep/sub-20961/ses-1/dwi/sub-20961_ses-1_space-ACPC_desc-preproc_dwi.nii.gz	0.0	-3.639395388601676	41.845241755683794	-6.921736001968384	-3.639395388601676	-6.921736001968384	41.845241755683794	-2.6316658929786017	-2.6316658929786017	sub-20961	ses-1				space-ACPC			DSIStudio	autotrackgqi
Association_SuperiorLongitudinalFasciculusR	iso	DSIStudio	/scratch/executivefunction/SLURM_8364170_111/job-8364170-111-sub-20961-ses-1/ds/inputs/data/qsiprep/qsiprep/sub-20961/ses-1/dwi/sub-20961_ses-1_space-ACPC_desc-preproc_dwi.nii.gz	0.0	0.8215001274912295	0.1345241974935637	0.7992734909057617	0.8215001274912295	0.7992734909057617	0.1345241974935637	0.7661420711987127	0.7661420711987127	sub-20961	ses-1				space-ACPC			DSIStudio	autotrackgqi
Association_SuperiorLongitudinalFasciculusR	md	DSIStudio	/scratch/executivefunction/SLURM_8364170_111/job-8364170-111-sub-20961-ses-1/ds/inputs/data/qsiprep/qsiprep/sub-20961/ses-1/dwi/sub-20961_ses-1_space-ACPC_desc-preproc_dwi.nii.gz	0.0	0.8396913460375837	0.1855026021483391	0.7972204685211182	0.8396913460375837	0.7972204685211182	0.1855026021483391	0.7730708335344801	0.7730708335344801	sub-20961	ses-1				space-ACPC			DSIStudio	autotrackgqi
Association_SuperiorLongitudinalFasciculusR	qa	DSIStudio	/scratch/executivefunction/SLURM_8364170_111/job-8364170-111-sub-20961-ses-1/ds/inputs/data/qsiprep/qsiprep/sub-20961/ses-1/dwi/sub-20961_ses-1_space-ACPC_desc-preproc_dwi.nii.gz	0.0	0.2447607603413945	0.1272310738586907	0.2328739315271377	0.2447607603413945	0.2328739315271377	0.1272310738586907	0.3446469496626285	0.3446469496626285	sub-20961	ses-1				space-ACPC			DSIStudio	autotrackgqi
Association_SuperiorLongitudinalFasciculusR	rd1	DSIStudio	/scratch/executivefunction/SLURM_8364170_111/job-8364170-111-sub-20961-ses-1/ds/inputs/data/qsiprep/qsiprep/sub-20961/ses-1/dwi/sub-20961_ses-1_space-ACPC_desc-preproc_dwi.nii.gz	0.0	0.795216021016001	0.2097096908723536	0.7662166953086853	0.795216021016001	0.7662166953086853	0.2097096908723536	0.7041352938268922	0.7041352938268922	sub-20961	ses-1				space-ACPC			DSIStudio	autotrackgqi
Association_SuperiorLongitudinalFasciculusR	rd2	DSIStudio	/scratch/executivefunction/SLURM_8364170_111/job-8364170-111-sub-20961-ses-1/ds/inputs/data/qsiprep/qsiprep/sub-20961/ses-1/dwi/sub-20961_ses-1_space-ACPC_desc-preproc_dwi.nii.gz	0.0	0.6075111272681012	0.2483984927728753	0.5774782001972198	0.6075111272681012	0.5774782001972198	0.2483984927728753	0.4508588171216002	0.4508588171216002	sub-20961	ses-1				space-ACPC			DSIStudio	autotrackgqi
Association_SuperiorLongitudinalFasciculusR	rd	DSIStudio	/scratch/executivefunction/SLURM_8364170_111/job-8364170-111-sub-20961-ses-1/ds/inputs/data/qsiprep/qsiprep/sub-20961/ses-1/dwi/sub-20961_ses-1_space-ACPC_desc-preproc_dwi.nii.gz	0.0	0.7013635744497374	0.2213054837620968	0.6674779057502747	0.7013635744497374	0.6674779057502747	0.2213054837620968	0.577497055663413	0.577497055663413	sub-20961	ses-1				space-ACPC			DSIStudio	autotrackgqi
Association_SuperiorLongitudinalFasciculusR	txx	DSIStudio	/scratch/executivefunction/SLURM_8364170_111/job-8364170-111-sub-20961-ses-1/ds/inputs/data/qsiprep/qsiprep/sub-20961/ses-1/dwi/sub-20961_ses-1_space-ACPC_desc-preproc_dwi.nii.gz	0.0	0.0008576018270624	0.000228010885258	0.0008342776854988	0.0008576018270624	0.0008342776854988	0.000228010885258	0.0007876106204459	0.0007876106204459	sub-20961	ses-1				space-ACPC			DSIStudio	autotrackgqi
Association_SuperiorLongitudinalFasciculusR	txy	DSIStudio	/scratch/executivefunction/SLURM_8364170_111/job-8364170-111-sub-20961-ses-1/ds/inputs/data/qsiprep/qsiprep/sub-20961/ses-1/dwi/sub-20961_ses-1_space-ACPC_desc-preproc_dwi.nii.gz	0.0	1.4640665720874294e-05	0.0001058231221923	9.227336704498155e-06	1.4640665720874294e-05	9.227336704498155e-06	0.0001058231221923	1.1848003824705666e-05	1.1848003824705666e-05	sub-20961	ses-1				space-ACPC			DSIStudio	autotrackgqi
Association_SuperiorLongitudinalFasciculusR	txz	DSIStudio	/scratch/executivefunction/SLURM_8364170_111/job-8364170-111-sub-20961-ses-1/ds/inputs/data/qsiprep/qsiprep/sub-20961/ses-1/dwi/sub-20961_ses-1_space-ACPC_desc-preproc_dwi.nii.gz	0.0	-1.935430492663008e-05	0.0001463156690125	-1.477969772167853e-05	-1.935430492663008e-05	-1.477969772167853e-05	0.0001463156690125	-4.519757851645273e-05	-4.519757851645273e-05	sub-20961	ses-1				space-ACPC			DSIStudio	autotrackgqi
Association_SuperiorLongitudinalFasciculusR	tyy	DSIStudio	/scratch/executivefunction/SLURM_8364170_111/job-8364170-111-sub-20961-ses-1/ds/inputs/data/qsiprep/qsiprep/sub-20961/ses-1/dwi/sub-20961_ses-1_space-ACPC_desc-preproc_dwi.nii.gz	0.0	0.0008166992067198	0.0002431424030209	0.0007755144033581	0.0008166992067198	0.0007755144033581	0.0002431424030209	0.000851425599983	0.000851425599983	sub-20961	ses-1				space-ACPC			DSIStudio	autotrackgqi
Association_SuperiorLongitudinalFasciculusR	tyz	DSIStudio	/scratch/executivefunction/SLURM_8364170_111/job-8364170-111-sub-20961-ses-1/ds/inputs/data/qsiprep/qsiprep/sub-20961/ses-1/dwi/sub-20961_ses-1_space-ACPC_desc-preproc_dwi.nii.gz	0.0	3.965854038404399e-05	0.000133439359675	2.359413065278204e-05	3.965854038404399e-05	2.359413065278204e-05	0.000133439359675	7.095018827917208e-05	7.095018827917208e-05	sub-20961	ses-1				space-ACPC			DSIStudio	autotrackgqi
Association_SuperiorLongitudinalFasciculusR	tzz	DSIStudio	/scratch/executivefunction/SLURM_8364170_111/job-8364170-111-sub-20961-ses-1/ds/inputs/data/qsiprep/qsiprep/sub-20961/ses-1/dwi/sub-20961_ses-1_space-ACPC_desc-preproc_dwi.nii.gz	0.0	0.0008447730030695	0.0002602428331055	0.0008356287435162	0.0008447730030695	0.0008356287435162	0.0002602428331055	0.0006801762821198	0.0006801762821198	sub-20961	ses-1				space-ACPC			DSIStudio	autotrackgqi
Association_InferiorFrontoOccipitalFasciculusL	ad	DSIStudio	/scratch/executivefunction/SLURM_8364170_111/job-8364170-111-sub-20961-ses-1/ds/inputs/data/qsiprep/qsiprep/sub-20961/ses-1/dwi/sub-20961_ses-1_space-ACPC_desc-preproc_dwi.nii.gz	0.0098984110445428	1.1531300757911933	0.3215499316584463	1.0977598428726196	1.1646583427946309	1.100251317024231	0.3016646114026243	1.2501804436915165	1.2513158409064742	sub-20961	ses-1				space-ACPC			DSIStudio	autotrackgqi
Association_InferiorFrontoOccipitalFasciculusL	dti_fa	DSIStudio	/scratch/executivefunction/SLURM_8364170_111/job-8364170-111-sub-20961-ses-1/ds/inputs/data/qsiprep/qsiprep/sub-20961/ses-1/dwi/sub-20961_ses-1_space-ACPC_desc-preproc_dwi.nii.gz	0.0098984110445428	0.3243466494051828	0.1733213759398448	0.3240886032581329	0.3275892625799781	0.3264190554618835	0.1711092576685235	0.4630529488104064	0.4634734874544337	sub-20961	ses-1				space-ACPC			DSIStudio	autotrackgqi
Association_InferiorFrontoOccipitalFasciculusL	gfa	DSIStudio	/scratch/executivefunction/SLURM_8364170_111/job-8364170-111-sub-20961-ses-1/ds/inputs/data/qsiprep/qsiprep/sub-20961/ses-1/dwi/sub-20961_ses-1_space-ACPC_desc-preproc_dwi.nii.gz	0.0098984110445428	0.0718437259151704	0.0393037392904809	0.0705485232174396	0.0725619741616257	0.0711229927837848	0.0388343943764284	0.1049963389877379	0.1050916952841353	sub-20961	ses-1				space-ACPC			DSIStudio	autotrackgqi
Association_InferiorFrontoOccipitalFasciculusL	ha	DSIStudio	/scratch/executivefunction/SLURM_8364170_111/job-8364170-111-sub-20961-ses-1/ds/inputs/data/qsiprep/qsiprep/sub-20961/ses-1/dwi/sub-20961_ses-1_space-ACPC_desc-preproc_dwi.nii.gz	0.0098984110445428	-0.8579486951054377	34.76523599022519	0.2172500044107437	-0.8665259248907591	0.5901451706886292	34.938477895468864	1.2537427339912923	1.2548813564641108	sub-20961	ses-1				space-ACPC			DSIStudio	autotrackgqi
Association_InferiorFrontoOccipitalFasciculusL	iso	DSIStudio	/scratch/executivefunction/SLURM_8364170_111/job-8364170-111-sub-20961-ses-1/ds/inputs/data/qsiprep/qsiprep/sub-20961/ses-1/dwi/sub-20961_ses-1_space-ACPC_desc-preproc_dwi.nii.gz	0.0098984110445428	0.8311124585246739	0.2283097238943839	0.8196617662906647	0.8394213965472831	0.8225516676902771	0.2137094893316179	0.7563203588693265	0.7570072387127555	sub-20961	ses-1				space-ACPC			DSIStudio	autotrackgqi
Association_InferiorFrontoOccipitalFasciculusL	md	DSIStudio	/scratch/executivefunction/SLURM_8364170_111/job-8364170-111-sub-20961-ses-1/ds/inputs/data/qsiprep/qsiprep/sub-20961/ses-1/dwi/sub-20961_ses-1_space-ACPC_desc-preproc_dwi.nii.gz	0.0098984110445428	0.8490816314539024	0.2490593906996746	0.7997175753116608	0.8575702139309475	0.8005950748920441	0.2353107885550884	0.8018359601235423	0.8025641766328672	sub-20961	ses-1				space-ACPC			DSIStudio	autotrackgqi
Association_InferiorFrontoOccipitalFasciculusL	qa	DSIStudio	/scratch/executivefunction/SLURM_8364170_111/job-8364170-111-sub-20961-ses-1/ds/inputs/data/qsiprep/qsiprep/sub-20961/ses-1/dwi/sub-20961_ses-1_space-ACPC_desc-preproc_dwi.nii.gz	0.0098984110445428	0.2562482236541505	0.1346119336092563	0.2533770948648453	0.2588100317306718	0.2553663700819015	0.1328100413918499	0.3641418731008891	0.3644725819858321	sub-20961	ses-1				space-ACPC			DSIStudio	autotrackgqi
Association_InferiorFrontoOccipitalFasciculusL	rd1	DSIStudio	/scratch/executivefunction/SLURM_8364170_111/job-8364170-111-sub-20961-ses-1/ds/inputs/data/qsiprep/qsiprep/sub-20961/ses-1/dwi/sub-20961_ses-1_space-ACPC_desc-preproc_dwi.nii.gz	0.0098984110445428	0.7949322686860821	0.2646136528778742	0.7635335028171539	0.8028794999962824	0.7646237015724182	0.2536527859612101	0.6914428040820411	0.692070762799059	sub-20961	ses-1				space-ACPC			DSIStudio	autotrackgqi
Association_InferiorFrontoOccipitalFasciculusL	rd2	DSIStudio	/scratch/executivefunction/SLURM_8364170_111/job-8364170-111-sub-20961-ses-1/ds/inputs/data/qsiprep/qsiprep/sub-20961/ses-1/dwi/sub-20961_ses-1_space-ACPC_desc-preproc_dwi.nii.gz	0.0098984110445428	0.59918254922803	0.2726216738791173	0.5484180450439453	0.6051727983389653	0.5510820746421814	0.2672835039576018	0.4638846337361108	0.4643059273331444	sub-20961	ses-1				space-ACPC			DSIStudio	autotrackgqi
Association_InferiorFrontoOccipitalFasciculusL	rd	DSIStudio	/scratch/executivefunction/SLURM_8364170_111/job-8364170-111-sub-20961-ses-1/ds/inputs/data/qsiprep/qsiprep/sub-20961/ses-1/dwi/sub-20961_ses-1_space-ACPC_desc-preproc_dwi.nii.gz	0.0098984110445428	0.697057409203745	0.2610896809640052	0.6555848121643066	0.704026149416779	0.6571259200572968	0.2528698183664234	0.5776637184763086	0.5781883446329413	sub-20961	ses-1				space-ACPC			DSIStudio	autotrackgqi
Association_InferiorFrontoOccipitalFasciculusL	txx	DSIStudio	/scratch/executivefunction/SLURM_8364170_111/job-8364170-111-sub-20961-ses-1/ds/inputs/data/qsiprep/qsiprep/sub-20961/ses-1/dwi/sub-20961_ses-1_space-ACPC_desc-preproc_dwi.nii.gz	0.0098984110445428	0.0008092791744214	0.0002820181762386	0.000789211015217	0.0008173698370439	0.0007907763065304	0.0002715074978916	0.0006716477025582	0.0006722576836066	sub-20961	ses-1				space-ACPC			DSIStudio	autotrackgqi
Association_InferiorFrontoOccipitalFasciculusL	txy	DSIStudio	/scratch/executivefunction/SLURM_8364170_111/job-8364170-111-sub-20961-ses-1/ds/inputs/data/qsiprep/qsiprep/sub-20961/ses-1/dwi/sub-20961_ses-1_space-ACPC_desc-preproc_dwi.nii.gz	0.0098984110445428	1.5100347685403432e-05	0.0001456005168639	1.0709836715250276e-05	1.5251311434954951e-05	1.1816870028269475e-05	0.0001463186503747	7.230974110388462e-05	7.237541196269956e-05	sub-20961	ses-1				space-ACPC			DSIStudio	autotrackgqi
Association_InferiorFrontoOccipitalFasciculusL	txz	DSIStudio	/scratch/executivefunction/SLURM_8364170_111/job-8364170-111-sub-20961-ses-1/ds/inputs/data/qsiprep/qsiprep/sub-20961/ses-1/dwi/sub-20961_ses-1_space-ACPC_desc-preproc_dwi.nii.gz	0.0098984110445428	-4.215659617784182e-05	0.0001236324671058	-3.2774254577816464e-05	-4.2578051230395886e-05	-3.453821591392625e-05	0.0001241766960586	-5.0353923022958735e-05	-5.0399653793616606e-05	sub-20961	ses-1				space-ACPC			DSIStudio	autotrackgqi
Association_InferiorFrontoOccipitalFasciculusL	tyy	DSIStudio	/scratch/executivefunction/SLURM_8364170_111/job-8364170-111-sub-20961-ses-1/ds/inputs/data/qsiprep/qsiprep/sub-20961/ses-1/dwi/sub-20961_ses-1_space-ACPC_desc-preproc_dwi.nii.gz	0.0098984110445428	0.0009328545668654	0.0003289385180475	0.0008770801068749	0.0009421806582995	0.0008791730506345	0.0003170101047471	0.0010348590294482	0.0010357988747797	sub-20961	ses-1				space-ACPC			DSIStudio	autotrackgqi
Association_InferiorFrontoOccipitalFasciculusL	tyz	DSIStudio	/scratch/executivefunction/SLURM_8364170_111/job-8364170-111-sub-20961-ses-1/ds/inputs/data/qsiprep/qsiprep/sub-20961/ses-1/dwi/sub-20961_ses-1_space-ACPC_desc-preproc_dwi.nii.gz	0.0098984110445428	3.651269195057513e-05	0.0001423294893359	2.454609875712777e-05	3.6877722809328585e-05	2.5511178137094248e-05	0.0001429921171515	5.228710712639696e-05	5.233459336221264e-05	sub-20961	ses-1				space-ACPC			DSIStudio	autotrackgqi
Association_InferiorFrontoOccipitalFasciculusL	tzz	DSIStudio	/scratch/executivefunction/SLURM_8364170_111/job-8364170-111-sub-20961-ses-1/ds/inputs/data/qsiprep/qsiprep/sub-20961/ses-1/dwi/sub-20961_ses-1_space-ACPC_desc-preproc_dwi.nii.gz	0.0098984110445428	0.0008051111531743	0.0002951830372391	0.0007771278906147	0.0008131601465499	0.0007792516844347	0.0002854102413342	0.0006990011476263	0.0006996359707737	sub-20961	ses-1				space-ACPC			DSIStudio	autotrackgqi
Association_MiddleLongitudinalFasciculusR	ad	DSIStudio	/scratch/executivefunction/SLURM_8364170_111/job-8364170-111-sub-20961-ses-1/ds/inputs/data/qsiprep/qsiprep/sub-20961/ses-1/dwi/sub-20961_ses-1_space-ACPC_desc-preproc_dwi.nii.gz	0.0	1.147151912784735	0.2287326034594107	1.1110376119613647	1.147151912784735	1.1110376119613647	0.2287326034594107	1.2071160175487443	1.2071160175487443	sub-20961	ses-1				space-ACPC			DSIStudio	autotrackgqi
Association_MiddleLongitudinalFasciculusR	dti_fa	DSIStudio	/scratch/executivefunction/SLURM_8364170_111/job-8364170-111-sub-20961-ses-1/ds/inputs/data/qsiprep/qsiprep/sub-20961/ses-1/dwi/sub-20961_ses-1_space-ACPC_desc-preproc_dwi.nii.gz	0.0	0.3494780511407186	0.1726613608128587	0.3395054936408996	0.3494780511407186	0.3395054936408996	0.1726613608128587	0.4276954179136473	0.4276954179136473	sub-20961	ses-1				space-ACPC			DSIStudio	autotrackgqi
Association_MiddleLongitudinalFasciculusR	gfa	DSIStudio	/scratch/executivefunction/SLURM_8364170_111/job-8364170-111-sub-20961-ses-1/ds/inputs/data/qsiprep/qsiprep/sub-20961/ses-1/dwi/sub-20961_ses-1_space-ACPC_desc-preproc_dwi.nii.gz	0.0	0.0794231404487666	0.0386315721395079	0.0782433152198791	0.0794231404487666	0.0782433152198791	0.0386315721395079	0.0973872364822724	0.0973872364822724	sub-20961	ses-1				space-ACPC			DSIStudio	autotrackgqi
Association_MiddleLongitudinalFasciculusR	ha	DSIStudio	/scratch/executivefunction/SLURM_8364170_111/job-8364170-111-sub-20961-ses-1/ds/inputs/data/qsiprep/qsiprep/sub-20961/ses-1/dwi/sub-20961_ses-1_space-ACPC_desc-preproc_dwi.nii.gz	0.0	-16.118277282142472	33.19950284646429	-21.133638381958008	-16.118277282142472	-21.133638381958008	33.19950284646429	-24.296803961934504	-24.296803961934504	sub-20961	ses-1				space-ACPC			DSIStudio	autotrackgqi
Association_MiddleLongitudinalFasciculusR	iso	DSIStudio	/scratch/executivefunction/SLURM_8364170_111/job-8364170-111-sub-20961-ses-1/ds/inputs/data/qsiprep/qsiprep/sub-20961/ses-1/dwi/sub-20961_ses-1_space-ACPC_desc-preproc_dwi.nii.gz	0.0	0.775349984549855	0.1280537516241208	0.7525911331176758	0.775349984549855	0.7525911331176758	0.1280537516241208	0.7354283302659792	0.7354283302659792	sub-20961	ses-1				space-ACPC			DSIStudio	autotrackgqi
Association_MiddleLongitudinalFasciculusR	md	DSIStudio	/scratch/executivefunction/SLURM_8364170_111/job-8364170-111-sub-20961-ses-1/ds/inputs/data/qsiprep/qsiprep/sub-20961/ses-1/dwi/sub-20961_ses-1_space-ACPC_desc-preproc_dwi.nii.gz	0.0	0.8276722147445594	0.1591094594567549	0.799288809299469	0.8276722147445594	0.799288809299469	0.1591094594567549	0.807267469139884	0.807267469139884	sub-20961	ses-1				space-ACPC			DSIStudio	autotrackgqi
Association_MiddleLongitudinalFasciculusR	qa	DSIStudio	/scratch/executivefunction/SLURM_8364170_111/job-8364170-111-sub-20961-ses-1/ds/inputs/data/qsiprep/qsiprep/sub-20961/ses-1/dwi/sub-20961_ses-1_space-ACPC_desc-preproc_dwi.nii.gz	0.0	0.2691913297997019	0.1286786596055162	0.2570095658302307	0.2691913297997019	0.2570095658302307	0.1286786596055162	0.325223150285135	0.325223150285135	sub-20961	ses-1				space-ACPC			DSIStudio	autotrackgqi
Association_MiddleLongitudinalFasciculusR	rd1	DSIStudio	/scratch/executivefunction/SLURM_8364170_111/job-8364170-111-sub-20961-ses-1/ds/inputs/data/qsiprep/qsiprep/sub-20961/ses-1/dwi/sub-20961_ses-1_space-ACPC_desc-preproc_dwi.nii.gz	0.0	0.7769936535225644	0.1908706954700753	0.7632325291633606	0.7769936535225644	0.7632325291633606	0.1908706954700753	0.7315539042037867	0.7315539042037867	sub-20961	ses-1				space-ACPC			DSIStudio	autotrackgqi
Association_MiddleLongitudinalFasciculusR	rd2	DSIStudio	/scratch/executivefunction/SLURM_8364170_111/job-8364170-111-sub-20961-ses-1/ds/inputs/data/qsiprep/qsiprep/sub-20961/ses-1/dwi/sub-20961_ses-1_space-ACPC_desc-preproc_dwi.nii.gz	0.0	0.5588710789379567	0.2150705916534789	0.5337594747543335	0.5588710789379567	0.5337594747543335	0.2150705916534789	0.4831324904960233	0.4831324904960233	sub-20961	ses-1				space-ACPC			DSIStudio	autotrackgqi
Association_MiddleLongitudinalFasciculusR	rd	DSIStudio	/scratch/executivefunction/SLURM_8364170_111/job-8364170-111-sub-20961-ses-1/ds/inputs/data/qsiprep/qsiprep/sub-20961/ses-1/dwi/sub-20961_ses-1_space-ACPC_desc-preproc_dwi.nii.gz	0.0	0.667932365674925	0.1938941269839885	0.6496591567993164	0.667932365674925	0.6496591567993164	0.1938941269839885	0.6073431982801185	0.6073431982801185	sub-20961	ses-1				space-ACPC			DSIStudio	autotrackgqi
Association_MiddleLongitudinalFasciculusR	txx	DSIStudio	/scratch/executivefunction/SLURM_8364170_111/job-8364170-111-sub-20961-ses-1/ds/inputs/data/qsiprep/qsiprep/sub-20961/ses-1/dwi/sub-20961_ses-1_space-ACPC_desc-preproc_dwi.nii.gz	0.0	0.0008204678287243	0.0002250223288719	0.000809000164736	0.0008204678287243	0.000809000164736	0.0002250223288719	0.0008029225073897	0.0008029225073897	sub-20961	ses-1				space-ACPC			DSIStudio	autotrackgqi
Association_MiddleLongitudinalFasciculusR	txy	DSIStudio	/scratch/executivefunction/SLURM_8364170_111/job-8364170-111-sub-20961-ses-1/ds/inputs/data/qsiprep/qsiprep/sub-20961/ses-1/dwi/sub-20961_ses-1_space-ACPC_desc-preproc_dwi.nii.gz	0.0	7.10785423451017e-05	0.0001312477209085	4.981279926141724e-05	7.10785423451017e-05	4.981279926141724e-05	0.0001312477209085	9.93281395551445e-05	9.93281395551445e-05	sub-20961	ses-1				space-ACPC			DSIStudio	autotrackgqi
Association_MiddleLongitudinalFasciculusR	txz	DSIStudio	/scratch/executivefunction/SLURM_8364170_111/job-8364170-111-sub-20961-ses-1/ds/inputs/data/qsiprep/qsiprep/sub-20961/ses-1/dwi/sub-20961_ses-1_space-ACPC_desc-preproc_dwi.nii.gz	0.0	1.917531352268415e-05	0.000131497164011	7.88882880442543e-06	1.917531352268415e-05	7.88882880442543e-06	0.000131497164011	5.647359557840547e-05	5.647359557840547e-05	sub-20961	ses-1				space-ACPC			DSIStudio	autotrackgqi
Association_MiddleLongitudinalFasciculusR	tyy	DSIStudio	/scratch/executivefunction/SLURM_8364170_111/job-8364170-111-sub-20961-ses-1/ds/inputs/data/qsiprep/qsiprep/sub-20961/ses-1/dwi/sub-20961_ses-1_space-ACPC_desc-preproc_dwi.nii.gz	0.0	0.0008308074234298	0.000228904993104	0.0008008097065612	0.0008308074234298	0.0008008097065612	0.000228904993104	0.000800868074831	0.000800868074831	sub-20961	ses-1				space-ACPC			DSIStudio	autotrackgqi
Association_MiddleLongitudinalFasciculusR	tyz	DSIStudio	/scratch/executivefunction/SLURM_8364170_111/job-8364170-111-sub-20961-ses-1/ds/inputs/data/qsiprep/qsiprep/sub-20961/ses-1/dwi/sub-20961_ses-1_space-ACPC_desc-preproc_dwi.nii.gz	0.0	0.0001296000920117	0.0001617123508469	9.754516213433816e-05	0.0001296000920117	9.754516213433816e-05	0.0001617123508469	0.0001985075002111	0.0001985075002111	sub-20961	ses-1				space-ACPC			DSIStudio	autotrackgqi
Association_MiddleLongitudinalFasciculusR	tzz	DSIStudio	/scratch/executivefunction/SLURM_8364170_111/job-8364170-111-sub-20961-ses-1/ds/inputs/data/qsiprep/qsiprep/sub-20961/ses-1/dwi/sub-20961_ses-1_space-ACPC_desc-preproc_dwi.nii.gz	0.0	0.0008317413912596	0.0002074020616242	0.0008080778061412	0.0008317413912596	0.0008080778061412	0.0002074020616242	0.0008180118324742	0.0008180118324742	sub-20961	ses-1				space-ACPC			DSIStudio	autotrackgqi
Association_ArcuateFasciculusL	ad	DSIStudio	/scratch/executivefunction/SLURM_8364170_111/job-8364170-111-sub-20961-ses-1/ds/inputs/data/qsiprep/qsiprep/sub-20961/ses-1/dwi/sub-20961_ses-1_space-ACPC_desc-preproc_dwi.nii.gz	0.0005644137152532	1.150033500637947	0.3174644887996676	1.080581784248352	1.150682961883542	1.080697774887085	0.3163752415829696	1.1625514674260482	1.1626034395523712	sub-20961	ses-1				space-ACPC			DSIStudio	autotrackgqi
Association_ArcuateFasciculusL	dti_fa	DSIStudio	/scratch/executivefunction/SLURM_8364170_111/job-8364170-111-sub-20961-ses-1/ds/inputs/data/qsiprep/qsiprep/sub-20961/ses-1/dwi/sub-20961_ses-1_space-ACPC_desc-preproc_dwi.nii.gz	0.0005644137152532	0.3205380883273901	0.1794110173056103	0.3150321543216705	0.3207191065898933	0.315108060836792	0.1792998463479559	0.4608567092068697	0.4608773119427582	sub-20961	ses-1				space-ACPC			DSIStudio	autotrackgqi
Association_ArcuateFasciculusL	gfa	DSIStudio	/scratch/executivefunction/SLURM_8364170_111/job-8364170-111-sub-20961-ses-1/ds/inputs/data/qsiprep/qsiprep/sub-20961/ses-1/dwi/sub-20961_ses-1_space-ACPC_desc-preproc_dwi.nii.gz	0.0005644137152532	0.0711859619329431	0.0377668349654487	0.0700244307518005	0.0712261629562005	0.0700634568929672	0.0377395807565461	0.1005109178948342	0.1005154112692998	sub-20961	ses-1				space-ACPC			DSIStudio	autotrackgqi
Association_ArcuateFasciculusL	ha	DSIStudio	/scratch/executivefunction/SLURM_8364170_111/job-8364170-111-sub-20961-ses-1/ds/inputs/data/qsiprep/qsiprep/sub-20961/ses-1/dwi/sub-20961_ses-1_space-ACPC_desc-preproc_dwi.nii.gz	0.0005644137152532	9.186078313607844	35.678195498244065	10.041719436645508	9.191265990193251	10.12881565093994	35.687600362528705	10.408571180767945	10.409036490571534	sub-20961	ses-1				space-ACPC			DSIStudio	autotrackgqi
Association_ArcuateFasciculusL	iso	DSIStudio	/scratch/executivefunction/SLURM_8364170_111/job-8364170-111-sub-20961-ses-1/ds/inputs/data/qsiprep/qsiprep/sub-20961/ses-1/dwi/sub-20961_ses-1_space-ACPC_desc-preproc_dwi.nii.gz	0.0005644137152532	0.8073013745068545	0.258366586352088	0.7644280791282654	0.807757283796425	0.7646309733390808	0.2577260690055107	0.7249837196344278	0.7250161301844558	sub-20961	ses-1				space-ACPC			DSIStudio	autotrackgqi
Association_ArcuateFasciculusL	md	DSIStudio	/scratch/executivefunction/SLURM_8364170_111/job-8364170-111-sub-20961-ses-1/ds/inputs/data/qsiprep/qsiprep/sub-20961/ses-1/dwi/sub-20961_ses-1_space-ACPC_desc-preproc_dwi.nii.gz	0.0005644137152532	0.8657247300156085	0.3053799545281825	0.7834908962249756	0.8662136328703398	0.7836328148841858	0.3047721895407613	0.7591497439899115	0.7591836818881346	sub-20961	ses-1				space-ACPC			DSIStudio	autotrackgqi
Association_ArcuateFasciculusL	qa	DSIStudio	/scratch/executivefunction/SLURM_8364170_111/job-8364170-111-sub-20961-ses-1/ds/inputs/data/qsiprep/qsiprep/sub-20961/ses-1/dwi/sub-20961_ses-1_space-ACPC_desc-preproc_dwi.nii.gz	0.0005644137152532	0.2465679784818823	0.129637747527568	0.2425100356340408	0.246707223422434	0.2427016049623489	0.1295418222595351	0.3362904866885914	0.3363055207029575	sub-20961	ses-1				space-ACPC			DSIStudio	autotrackgqi
Association_ArcuateFasciculusL	rd1	DSIStudio	/scratch/executivefunction/SLURM_8364170_111/job-8364170-111-sub-20961-ses-1/ds/inputs/data/qsiprep/qsiprep/sub-20961/ses-1/dwi/sub-20961_ses-1_space-ACPC_desc-preproc_dwi.nii.gz	0.0005644137152532	0.8266650333514886	0.328056800040682	0.7630447149276733	0.8271318779277141	0.7632548213005066	0.3275605276019679	0.6885886399069585	0.6886194232794143	sub-20961	ses-1				space-ACPC			DSIStudio	autotrackgqi
Association_ArcuateFasciculusL	rd2	DSIStudio	/scratch/executivefunction/SLURM_8364170_111/job-8364170-111-sub-20961-ses-1/ds/inputs/data/qsiprep/qsiprep/sub-20961/ses-1/dwi/sub-20961_ses-1_space-ACPC_desc-preproc_dwi.nii.gz	0.0005644137152532	0.6204756583019206	0.3510816424014773	0.5461131930351257	0.6208260610455614	0.546152651309967	0.3508708999760721	0.4263091233726904	0.4263281815685241	sub-20961	ses-1				space-ACPC			DSIStudio	autotrackgqi
Association_ArcuateFasciculusL	rd	DSIStudio	/scratch/executivefunction/SLURM_8364170_111/job-8364170-111-sub-20961-ses-1/ds/inputs/data/qsiprep/qsiprep/sub-20961/ses-1/dwi/sub-20961_ses-1_space-ACPC_desc-preproc_dwi.nii.gz	0.0005644137152532	0.7235703461972887	0.3329050884609148	0.6482613682746887	0.7239789698574312	0.6484102010726929	0.3325545818537326	0.5574488812944695	0.5574738020785986	sub-20961	ses-1				space-ACPC			DSIStudio	autotrackgqi
Association_ArcuateFasciculusL	txx	DSIStudio	/scratch/executivefunction/SLURM_8364170_111/job-8364170-111-sub-20961-ses-1/ds/inputs/data/qsiprep/qsiprep/sub-20961/ses-1/dwi/sub-20961_ses-1_space-ACPC_desc-preproc_dwi.nii.gz	0.0005644137152532	0.0008993919225756	0.0003173858861688	0.0008488564635626	0.0008998998383868	0.0008490535547025	0.0003167548184791	0.0007738597350671	0.0007738943305549	sub-20961	ses-1				space-ACPC			DSIStudio	autotrackgqi
Association_ArcuateFasciculusL	txy	DSIStudio	/scratch/executivefunction/SLURM_8364170_111/job-8364170-111-sub-20961-ses-1/ds/inputs/data/qsiprep/qsiprep/sub-20961/ses-1/dwi/sub-20961_ses-1_space-ACPC_desc-preproc_dwi.nii.gz	0.0005644137152532	-1.13891161274575e-05	0.0001137316996271	-9.197417057293931e-06	-1.1395547931002586e-05	-9.23772677197121e-06	0.0001137634869531	1.6234767250082094e-06	1.6235492580276331e-06	sub-20961	ses-1				space-ACPC			DSIStudio	autotrackgqi
Association_ArcuateFasciculusL	txz	DSIStudio	/scratch/executivefunction/SLURM_8364170_111/job-8364170-111-sub-20961-ses-1/ds/inputs/data/qsiprep/qsiprep/sub-20961/ses-1/dwi/sub-20961_ses-1_space-ACPC_desc-preproc_dwi.nii.gz	0.0005644137152532	-1.8861062217827645e-05	0.0001577945930863	-4.252778126101475e-06	-1.887171367185437e-05	-4.386539330880623e-06	0.0001578385059008	-5.9073667937410725e-05	-5.907630879655573e-05	sub-20961	ses-1				space-ACPC			DSIStudio	autotrackgqi
Association_ArcuateFasciculusL	tyy	DSIStudio	/scratch/executivefunction/SLURM_8364170_111/job-8364170-111-sub-20961-ses-1/ds/inputs/data/qsiprep/qsiprep/sub-20961/ses-1/dwi/sub-20961_ses-1_space-ACPC_desc-preproc_dwi.nii.gz	0.0005644137152532	0.0008593091577069	0.0003484680663842	0.0007930651772767	0.0008597944374797	0.0007930982392281	0.0003479674236172	0.0008044938816049	0.0008045298464951	sub-20961	ses-1				space-ACPC			DSIStudio	autotrackgqi
Association_ArcuateFasciculusL	tyz	DSIStudio	/scratch/executivefunction/SLURM_8364170_111/job-8364170-111-sub-20961-ses-1/ds/inputs/data/qsiprep/qsiprep/sub-20961/ses-1/dwi/sub-20961_ses-1_space-ACPC_desc-preproc_dwi.nii.gz	0.0005644137152532	3.360018239268089e-05	0.0001300824156209	2.377746932324953e-05	3.361915750627269e-05	2.381003287155181e-05	0.0001301166899746	4.1221708059437e-06	4.1223551004763644e-06	sub-20961	ses-1				space-ACPC			DSIStudio	autotrackgqi
Association_ArcuateFasciculusL	tzz	DSIStudio	/scratch/executivefunction/SLURM_8364170_111/job-8364170-111-sub-20961-ses-1/ds/inputs/data/qsiprep/qsiprep/sub-20961/ses-1/dwi/sub-20961_ses-1_space-ACPC_desc-preproc_dwi.nii.gz	0.0005644137152532	0.0008384731122389	0.0003706031057083	0.0007919696508906	0.0008389466252205	0.0007920338539406	0.0003701715466654	0.0006990956163374	0.0006991268696541	sub-20961	ses-1				space-ACPC			DSIStudio	autotrackgqi
Association_SuperiorLongitudinalFasciculusL	ad	DSIStudio	/scratch/executivefunction/SLURM_8364170_111/job-8364170-111-sub-20961-ses-1/ds/inputs/data/qsiprep/qsiprep/sub-20961/ses-1/dwi/sub-20961_ses-1_space-ACPC_desc-preproc_dwi.nii.gz	0.0008953442101074	1.137271355198666	0.3011016296945244	1.0672744512557983	1.1382905170225022	1.0674009323120115	0.2993047540169511	1.1383859179718123	1.138460153566821	sub-20961	ses-1				space-ACPC			DSIStudio	autotrackgqi
Association_SuperiorLongitudinalFasciculusL	dti_fa	DSIStudio	/scratch/executivefunction/SLURM_8364170_111/job-8364170-111-sub-20961-ses-1/ds/inputs/data/qsiprep/qsiprep/sub-20961/ses-1/dwi/sub-20961_ses-1_space-ACPC_desc-preproc_dwi.nii.gz	0.0008953442101074	0.2764896781781745	0.1687616591411483	0.2387590110301971	0.2767374534548452	0.2390742003917694	0.1686340760261807	0.3721017520429713	0.3721260173633295	sub-20961	ses-1				space-ACPC			DSIStudio	autotrackgqi
Association_SuperiorLongitudinalFasciculusL	gfa	DSIStudio	/scratch/executivefunction/SLURM_8364170_111/job-8364170-111-sub-20961-ses-1/ds/inputs/data/qsiprep/qsiprep/sub-20961/ses-1/dwi/sub-20961_ses-1_space-ACPC_desc-preproc_dwi.nii.gz	0.0008953442101074	0.0622574331201249	0.0359643922586464	0.0542259626090526	0.062313224905257	0.0543077439069747	0.0359321590510122	0.0830310471012178	0.0830364616866025	sub-20961	ses-1				space-ACPC			DSIStudio	autotrackgqi
Association_SuperiorLongitudinalFasciculusL	ha	DSIStudio	/scratch/executivefunction/SLURM_8364170_111/job-8364170-111-sub-20961-ses-1/ds/inputs/data/qsiprep/qsiprep/sub-20961/ses-1/dwi/sub-20961_ses-1_space-ACPC_desc-preproc_dwi.nii.gz	0.0008953442101074	5.049212059927759	40.19053818847616	7.500730752944946	5.053736893995204	7.536599636077881	40.208258102236144	1.9771496975261331	1.977278576587286	sub-20961	ses-1				space-ACPC			DSIStudio	autotrackgqi
Association_SuperiorLongitudinalFasciculusL	iso	DSIStudio	/scratch/executivefunction/SLURM_8364170_111/job-8364170-111-sub-20961-ses-1/ds/inputs/data/qsiprep/qsiprep/sub-20961/ses-1/dwi/sub-20961_ses-1_space-ACPC_desc-preproc_dwi.nii.gz	0.0008953442101074	0.808995221141493	0.1597669809775128	0.803898811340332	0.8097201994338632	0.8041248917579651	0.1579915606033656	0.7789312865688973	0.7789820816727006	sub-20961	ses-1				space-ACPC			DSIStudio	autotrackgqi
Association_SuperiorLongitudinalFasciculusL	md	DSIStudio	/scratch/executivefunction/SLURM_8364170_111/job-8364170-111-sub-20961-ses-1/ds/inputs/data/qsiprep/qsiprep/sub-20961/ses-1/dwi/sub-20961_ses-1_space-ACPC_desc-preproc_dwi.nii.gz	0.0008953442101074	0.8872943435752245	0.2863479222803585	0.8071577847003937	0.888089489357578	0.8071832656860352	0.2852410412953816	0.8090889706096674	0.8091417322693285	sub-20961	ses-1				space-ACPC			DSIStudio	autotrackgqi
Association_SuperiorLongitudinalFasciculusL	qa	DSIStudio	/scratch/executivefunction/SLURM_8364170_111/job-8364170-111-sub-20961-ses-1/ds/inputs/data/qsiprep/qsiprep/sub-20961/ses-1/dwi/sub-20961_ses-1_space-ACPC_desc-preproc_dwi.nii.gz	0.0008953442101074	0.2175710637098674	0.1251082483101083	0.1948359310626983	0.2177660392722878	0.1949822157621383	0.1249945650477715	0.2878409619253039	0.287859732488874	sub-20961	ses-1				space-ACPC			DSIStudio	autotrackgqi
Association_SuperiorLongitudinalFasciculusL	rd1	DSIStudio	/scratch/executivefunction/SLURM_8364170_111/job-8364170-111-sub-20961-ses-1/ds/inputs/data/qsiprep/qsiprep/sub-20961/ses-1/dwi/sub-20961_ses-1_space-ACPC_desc-preproc_dwi.nii.gz	0.0008953442101074	0.8510489253422866	0.3053585394238028	0.7869880199432373	0.8518115899174216	0.7870491743087769	0.3044302074695174	0.7572945943000183	0.7573439783959903	sub-20961	ses-1				space-ACPC			DSIStudio	autotrackgqi
Association_SuperiorLongitudinalFasciculusL	rd2	DSIStudio	/scratch/executivefunction/SLURM_8364170_111/job-8364170-111-sub-20961-ses-1/ds/inputs/data/qsiprep/qsiprep/sub-20961/ses-1/dwi/sub-20961_ses-1_space-ACPC_desc-preproc_dwi.nii.gz	0.0008953442101074	0.6735627511542156	0.3290786566705392	0.6196514368057251	0.6741663621031738	0.6202338933944702	0.3286074774954829	0.5315863983452394	0.5316210636331625	sub-20961	ses-1				space-ACPC			DSIStudio	autotrackgqi
Association_SuperiorLongitudinalFasciculusL	rd	DSIStudio	/scratch/executivefunction/SLURM_8364170_111/job-8364170-111-sub-20961-ses-1/ds/inputs/data/qsiprep/qsiprep/sub-20961/ses-1/dwi/sub-20961_ses-1_space-ACPC_desc-preproc_dwi.nii.gz	0.0008953442101074	0.7623058381963668	0.3117078462333181	0.6961518824100494	0.7629889759583669	0.6965723037719727	0.3110106525813262	0.6444404962253465	0.6444825209172879	sub-20961	ses-1				space-ACPC			DSIStudio	autotrackgqi
Association_SuperiorLongitudinalFasciculusL	txx	DSIStudio	/scratch/executivefunction/SLURM_8364170_111/job-8364170-111-sub-20961-ses-1/ds/inputs/data/qsiprep/qsiprep/sub-20961/ses-1/dwi/sub-20961_ses-1_space-ACPC_desc-preproc_dwi.nii.gz	0.0008953442101074	0.0009075905733116	0.0003015680905798	0.0008511215855833	0.0009084039074906	0.0008512110216543	0.0003004762483922	0.00083142968533	0.0008314839038411	sub-20961	ses-1				space-ACPC			DSIStudio	autotrackgqi
Association_SuperiorLongitudinalFasciculusL	txy	DSIStudio	/scratch/executivefunction/SLURM_8364170_111/job-8364170-111-sub-20961-ses-1/ds/inputs/data/qsiprep/qsiprep/sub-20961/ses-1/dwi/sub-20961_ses-1_space-ACPC_desc-preproc_dwi.nii.gz	0.0008953442101074	7.539524006152205e-06	0.0001056456229587	8.31241004561889e-06	7.546280524727866e-06	8.347068614966702e-06	0.0001056927081378	2.2070034759599147e-05	2.2071474051062625e-05	sub-20961	ses-1				space-ACPC			DSIStudio	autotrackgqi
Association_SuperiorLongitudinalFasciculusL	txz	DSIStudio	/scratch/executivefunction/SLURM_8364170_111/job-8364170-111-sub-20961-ses-1/ds/inputs/data/qsiprep/qsiprep/sub-20961/ses-1/dwi/sub-20961_ses-1_space-ACPC_desc-preproc_dwi.nii.gz	0.0008953442101074	4.636184475101559e-05	0.0001339856843874	3.393765837245155e-05	4.64033917591565e-05	3.405889219720848e-05	0.0001340385148699	9.153044175673488e-05	9.153641063571944e-05	sub-20961	ses-1				space-ACPC			DSIStudio	autotrackgqi
Association_SuperiorLongitudinalFasciculusL	tyy	DSIStudio	/scratch/executivefunction/SLURM_8364170_111/job-8364170-111-sub-20961-ses-1/ds/inputs/data/qsiprep/qsiprep/sub-20961/ses-1/dwi/sub-20961_ses-1_space-ACPC_desc-preproc_dwi.nii.gz	0.0008953442101074	0.0008692245882712	0.0003317707783513	0.0007979146612342	0.0008700035409043	0.0007980330847203	0.0003308969602898	0.0008215993589428	0.0008216529364073	sub-20961	ses-1				space-ACPC			DSIStudio	autotrackgqi
Association_SuperiorLongitudinalFasciculusL	tyz	DSIStudio	/scratch/executivefunction/SLURM_8364170_111/job-8364170-111-sub-20961-ses-1/ds/inputs/data/qsiprep/qsiprep/sub-20961/ses-1/dwi/sub-20961_ses-1_space-ACPC_desc-preproc_dwi.nii.gz	0.0008953442101074	2.6333444988884774e-05	0.0001135949827975	1.728072402329417e-05	2.6357043615281263e-05	1.7320320694125257e-05	0.0001136431337164	2.931456519337651e-05	2.9316476738401376e-05	sub-20961	ses-1				space-ACPC			DSIStudio	autotrackgqi
Association_SuperiorLongitudinalFasciculusL	tzz	DSIStudio	/scratch/executivefunction/SLURM_8364170_111/job-8364170-111-sub-20961-ses-1/ds/inputs/data/qsiprep/qsiprep/sub-20961/ses-1/dwi/sub-20961_ses-1_space-ACPC_desc-preproc_dwi.nii.gz	0.0008953442101074	0.0008850678705582	0.0003317985182232	0.0008518020040355	0.0008858610210944	0.000852141471114	0.0003308871296336	0.000774237867955	0.0007742883569585	sub-20961	ses-1				space-ACPC			DSIStudio	autotrackgqi
Association_ArcuateFasciculusR	ad	DSIStudio	/scratch/executivefunction/SLURM_8364170_111/job-8364170-111-sub-20961-ses-1/ds/inputs/data/qsiprep/qsiprep/sub-20961/ses-1/dwi/sub-20961_ses-1_space-ACPC_desc-preproc_dwi.nii.gz	0.0001633186346562	1.1156991598907102	0.2044620475968004	1.0851337909698486	1.115881404118069	1.0851375460624697	0.2039808681461198	1.1454672877665568	1.1454704976453345	sub-20961	ses-1				space-ACPC			DSIStudio	autotrackgqi
Association_ArcuateFasciculusR	dti_fa	DSIStudio	/scratch/executivefunction/SLURM_8364170_111/job-8364170-111-sub-20961-ses-1/ds/inputs/data/qsiprep/qsiprep/sub-20961/ses-1/dwi/sub-20961_ses-1_space-ACPC_desc-preproc_dwi.nii.gz	0.0001633186346562	0.3445868633110115	0.1647791944332808	0.350735455751419	0.3446431499597066	0.3507458418607712	0.1647337830924913	0.4293015088233735	0.4293027118442493	sub-20961	ses-1				space-ACPC			DSIStudio	autotrackgqi
Association_ArcuateFasciculusR	gfa	DSIStudio	/scratch/executivefunction/SLURM_8364170_111/job-8364170-111-sub-20961-ses-1/ds/inputs/data/qsiprep/qsiprep/sub-20961/ses-1/dwi/sub-20961_ses-1_space-ACPC_desc-preproc_dwi.nii.gz	0.0001633186346562	0.0763772798614814	0.0356947315467791	0.0777643546462059	0.0763897557320893	0.0777654014527797	0.035684295593641	0.0941852197736577	0.0941854837107059	sub-20961	ses-1				space-ACPC			DSIStudio	autotrackgqi
Association_ArcuateFasciculusR	ha	DSIStudio	/scratch/executivefunction/SLURM_8364170_111/job-8364170-111-sub-20961-ses-1/ds/inputs/data/qsiprep/qsiprep/sub-20961/ses-1/dwi/sub-20961_ses-1_space-ACPC_desc-preproc_dwi.nii.gz	0.0001633186346562	-6.542028836995582	37.62060537663312	-10.135456085205078	-6.543097446737006	-10.138240337371826	37.62358490537355	-7.70614993133853	-7.706171528139373	sub-20961	ses-1				space-ACPC			DSIStudio	autotrackgqi
Association_ArcuateFasciculusR	iso	DSIStudio	/scratch/executivefunction/SLURM_8364170_111/job-8364170-111-sub-20961-ses-1/ds/inputs/data/qsiprep/qsiprep/sub-20961/ses-1/dwi/sub-20961_ses-1_space-ACPC_desc-preproc_dwi.nii.gz	0.0001633186346562	0.7785194882200995	0.1226942790870468	0.7668445110321045	0.7786466557287929	0.7668445408344269	0.1223001494155007	0.7469076662265175	0.7469097591347054	sub-20961	ses-1				space-ACPC			DSIStudio	autotrackgqi
Association_ArcuateFasciculusR	md	DSIStudio	/scratch/executivefunction/SLURM_8364170_111/job-8364170-111-sub-20961-ses-1/ds/inputs/data/qsiprep/qsiprep/sub-20961/ses-1/dwi/sub-20961_ses-1_space-ACPC_desc-preproc_dwi.nii.gz	0.0001633186346562	0.8123661838344124	0.1573840913798276	0.7814557552337646	0.8124988800421605	0.781475305557251	0.1570540757897638	0.766984889730042	0.7669870389145519	sub-20961	ses-1				space-ACPC			DSIStudio	autotrackgqi
Association_ArcuateFasciculusR	qa	DSIStudio	/scratch/executivefunction/SLURM_8364170_111/job-8364170-111-sub-20961-ses-1/ds/inputs/data/qsiprep/qsiprep/sub-20961/ses-1/dwi/sub-20961_ses-1_space-ACPC_desc-preproc_dwi.nii.gz	0.0001633186346562	0.2622207092970278	0.1212422701875769	0.2627675831317901	0.2622635418205981	0.2627857476472854	0.1212058406019956	0.3263147981096045	0.3263157125902192	sub-20961	ses-1				space-ACPC			DSIStudio	autotrackgqi
Association_ArcuateFasciculusR	rd1	DSIStudio	/scratch/executivefunction/SLURM_8364170_111/job-8364170-111-sub-20961-ses-1/ds/inputs/data/qsiprep/qsiprep/sub-20961/ses-1/dwi/sub-20961_ses-1_space-ACPC_desc-preproc_dwi.nii.gz	0.0001633186346562	0.7678027509396983	0.1825907266696723	0.7521755695343018	0.767928167919597	0.7521921098232269	0.1823417342917404	0.6998504172253424	0.6998523781848902	sub-20961	ses-1				space-ACPC			DSIStudio	autotrackgqi
Association_ArcuateFasciculusR	rd2	DSIStudio	/scratch/executivefunction/SLURM_8364170_111/job-8364170-111-sub-20961-ses-1/ds/inputs/data/qsiprep/qsiprep/sub-20961/ses-1/dwi/sub-20961_ses-1_space-ACPC_desc-preproc_dwi.nii.gz	0.0001633186346562	0.5535966397127586	0.2183085856663672	0.5246959924697876	0.553687067128589	0.5246980488300323	0.2182117203547455	0.4556369608802504	0.4556382375954454	sub-20961	ses-1				space-ACPC			DSIStudio	autotrackgqi
Association_ArcuateFasciculusR	rd	DSIStudio	/scratch/executivefunction/SLURM_8364170_111/job-8364170-111-sub-20961-ses-1/ds/inputs/data/qsiprep/qsiprep/sub-20961/ses-1/dwi/sub-20961_ses-1_space-ACPC_desc-preproc_dwi.nii.gz	0.0001633186346562	0.6606996952465268	0.1899261254475538	0.6330060958862305	0.6608076174443783	0.6330161690711975	0.1897538128688305	0.5777436888508946	0.5777453076882655	sub-20961	ses-1				space-ACPC			DSIStudio	autotrackgqi
Association_ArcuateFasciculusR	txx	DSIStudio	/scratch/executivefunction/SLURM_8364170_111/job-8364170-111-sub-20961-ses-1/ds/inputs/data/qsiprep/qsiprep/sub-20961/ses-1/dwi/sub-20961_ses-1_space-ACPC_desc-preproc_dwi.nii.gz	0.0001633186346562	0.0008347719328887	0.0002194660461471	0.0008201552554965	0.0008349082889705	0.0008201858727261	0.0002192244698291	0.0007426036709571	0.0007426057516692	sub-20961	ses-1				space-ACPC			DSIStudio	autotrackgqi
Association_ArcuateFasciculusR	txy	DSIStudio	/scratch/executivefunction/SLURM_8364170_111/job-8364170-111-sub-20961-ses-1/ds/inputs/data/qsiprep/qsiprep/sub-20961/ses-1/dwi/sub-20961_ses-1_space-ACPC_desc-preproc_dwi.nii.gz	0.0001633186346562	2.332037256262121e-05	0.0001178978570801	2.164251054637134e-05	2.332418183615316e-05	2.167918955819914e-05	0.0001179071089467	-5.305437650928128e-06	-5.305452560558804e-06	sub-20961	ses-1				space-ACPC			DSIStudio	autotrackgqi
Association_ArcuateFasciculusR	txz	DSIStudio	/scratch/executivefunction/SLURM_8364170_111/job-8364170-111-sub-20961-ses-1/ds/inputs/data/qsiprep/qsiprep/sub-20961/ses-1/dwi/sub-20961_ses-1_space-ACPC_desc-preproc_dwi.nii.gz	0.0001633186346562	2.5983188556090312e-05	0.0001478457328913	1.1625076695054304e-05	2.598743278813149e-05	1.1662476026685908e-05	0.0001478574343691	3.694092898505561e-05	3.694103257055458e-05	sub-20961	ses-1				space-ACPC			DSIStudio	autotrackgqi
Association_ArcuateFasciculusR	tyy	DSIStudio	/scratch/executivefunction/SLURM_8364170_111/job-8364170-111-sub-20961-ses-1/ds/inputs/data/qsiprep/qsiprep/sub-20961/ses-1/dwi/sub-20961_ses-1_space-ACPC_desc-preproc_dwi.nii.gz	0.0001633186346562	0.0008054179395803	0.0002378666317334	0.0007770798983983	0.0008055495008249	0.0007771000964567	0.0002376632019525	0.0007853216327828	0.0007853238332454	sub-20961	ses-1				space-ACPC			DSIStudio	autotrackgqi
Association_ArcuateFasciculusR	tyz	DSIStudio	/scratch/executivefunction/SLURM_8364170_111/job-8364170-111-sub-20961-ses-1/ds/inputs/data/qsiprep/qsiprep/sub-20961/ses-1/dwi/sub-20961_ses-1_space-ACPC_desc-preproc_dwi.nii.gz	0.0001633186346562	4.207474901037376e-05	0.0001448804731717	3.236793781979941e-05	4.2081621723377736e-05	3.237195414840244e-05	0.0001448913074241	1.575483400004526e-05	1.5754878048511793e-05	sub-20961	ses-1				space-ACPC			DSIStudio	autotrackgqi
Association_ArcuateFasciculusR	tzz	DSIStudio	/scratch/executivefunction/SLURM_8364170_111/job-8364170-111-sub-20961-ses-1/ds/inputs/data/qsiprep/qsiprep/sub-20961/ses-1/dwi/sub-20961_ses-1_space-ACPC_desc-preproc_dwi.nii.gz	0.0001633186346562	0.0007969086785814	0.0002423847506995	0.000787582132034	0.0007970388498782	0.0007876375166233	0.0002421904465252	0.0007730293644082	0.0007730315307871	sub-20961	ses-1				space-ACPC			DSIStudio	autotrackgqi
Association_FrontalAslantTractL	ad	DSIStudio	/scratch/executivefunction/SLURM_8364170_111/job-8364170-111-sub-20961-ses-1/ds/inputs/data/qsiprep/qsiprep/sub-20961/ses-1/dwi/sub-20961_ses-1_space-ACPC_desc-preproc_dwi.nii.gz	0.0002040399918384	1.2016238046407557	0.4209160871583092	1.091344714164734	1.2018690339886413	1.0914183855056765	0.4206088159846313	1.142822833797501	1.1428325081954598	sub-20961	ses-1				space-ACPC			DSIStudio	autotrackgqi
Association_FrontalAslantTractL	dti_fa	DSIStudio	/scratch/executivefunction/SLURM_8364170_111/job-8364170-111-sub-20961-ses-1/ds/inputs/data/qsiprep/qsiprep/sub-20961/ses-1/dwi/sub-20961_ses-1_space-ACPC_desc-preproc_dwi.nii.gz	0.0002040399918384	0.2905693272487092	0.1743629726217437	0.2579325437545776	0.290628627111413	0.2580170035362243	0.1743313413149425	0.390973673972027	0.3909769836777838	sub-20961	ses-1				space-ACPC			DSIStudio	autotrackgqi
Association_FrontalAslantTractL	gfa	DSIStudio	/scratch/executivefunction/SLURM_8364170_111/job-8364170-111-sub-20961-ses-1/ds/inputs/data/qsiprep/qsiprep/sub-20961/ses-1/dwi/sub-20961_ses-1_space-ACPC_desc-preproc_dwi.nii.gz	0.0002040399918384	0.0654841764503016	0.0362526108675625	0.0589008368551731	0.0654975405679445	0.0589076299220323	0.0362442366801871	0.086195947192898	0.0861966768692544	sub-20961	ses-1				space-ACPC			DSIStudio	autotrackgqi
Association_FrontalAslantTractL	ha	DSIStudio	/scratch/executivefunction/SLURM_8364170_111/job-8364170-111-sub-20961-ses-1/ds/inputs/data/qsiprep/qsiprep/sub-20961/ses-1/dwi/sub-20961_ses-1_space-ACPC_desc-preproc_dwi.nii.gz	0.0002040399918384	-6.466105329505875	44.87282397090835	-10.165437698364258	-6.467424942838427	-10.16797685623169	44.87730750997193	-17.667042236003322	-17.667191827845286	sub-20961	ses-1				space-ACPC			DSIStudio	autotrackgqi
Association_FrontalAslantTractL	iso	DSIStudio	/scratch/executivefunction/SLURM_8364170_111/job-8364170-111-sub-20961-ses-1/ds/inputs/data/qsiprep/qsiprep/sub-20961/ses-1/dwi/sub-20961_ses-1_space-ACPC_desc-preproc_dwi.nii.gz	0.0002040399918384	0.8314514453573218	0.1892800173208536	0.8073468208312988	0.831621129325762	0.8073841035366058	0.1889262390480953	0.7927780343623354	0.7927847456483919	sub-20961	ses-1				space-ACPC			DSIStudio	autotrackgqi
Association_FrontalAslantTractL	md	DSIStudio	/scratch/executivefunction/SLURM_8364170_111/job-8364170-111-sub-20961-ses-1/ds/inputs/data/qsiprep/qsiprep/sub-20961/ses-1/dwi/sub-20961_ses-1_space-ACPC_desc-preproc_dwi.nii.gz	0.0002040399918384	0.9331411672986007	0.3960459804216469	0.800037145614624	0.933331604271519	0.8000443875789642	0.3958619563185788	0.7972802126705288	0.7972869619764958	sub-20961	ses-1				space-ACPC			DSIStudio	autotrackgqi
Association_FrontalAslantTractL	qa	DSIStudio	/scratch/executivefunction/SLURM_8364170_111/job-8364170-111-sub-20961-ses-1/ds/inputs/data/qsiprep/qsiprep/sub-20961/ses-1/dwi/sub-20961_ses-1_space-ACPC_desc-preproc_dwi.nii.gz	0.0002040399918384	0.2351264038429704	0.1273230136435915	0.2196827232837677	0.2351743888233465	0.2199150845408439	0.1272916861494598	0.3038717059840878	0.3038742783874878	sub-20961	ses-1				space-ACPC			DSIStudio	autotrackgqi
Association_FrontalAslantTractL	rd1	DSIStudio	/scratch/executivefunction/SLURM_8364170_111/job-8364170-111-sub-20961-ses-1/ds/inputs/data/qsiprep/qsiprep/sub-20961/ses-1/dwi/sub-20961_ses-1_space-ACPC_desc-preproc_dwi.nii.gz	0.0002040399918384	0.8967701682896547	0.4098402981710972	0.7827305197715759	0.8969531826097138	0.7827706336975098	0.4096818206000548	0.7421691952808529	0.7421754780752166	sub-20961	ses-1				space-ACPC			DSIStudio	autotrackgqi
Association_FrontalAslantTractL	rd2	DSIStudio	/scratch/executivefunction/SLURM_8364170_111/job-8364170-111-sub-20961-ses-1/ds/inputs/data/qsiprep/qsiprep/sub-20961/ses-1/dwi/sub-20961_ses-1_space-ACPC_desc-preproc_dwi.nii.gz	0.0002040399918384	0.7010295280228583	0.4220168169613754	0.6056137084960938	0.7011725952734753	0.6056877970695496	0.4219410213915688	0.5068486112273243	0.5068529019529222	sub-20961	ses-1				space-ACPC			DSIStudio	autotrackgqi
Association_FrontalAslantTractL	rd	DSIStudio	/scratch/executivefunction/SLURM_8364170_111/job-8364170-111-sub-20961-ses-1/ds/inputs/data/qsiprep/qsiprep/sub-20961/ses-1/dwi/sub-20961_ses-1_space-ACPC_desc-preproc_dwi.nii.gz	0.0002040399918384	0.7988998472897332	0.4103276328047805	0.6825507879257202	0.7990628880748943	0.6827245652675629	0.41021073532419	0.6245089033768461	0.6245141901368281	sub-20961	ses-1				space-ACPC			DSIStudio	autotrackgqi
Association_FrontalAslantTractL	txx	DSIStudio	/scratch/executivefunction/SLURM_8364170_111/job-8364170-111-sub-20961-ses-1/ds/inputs/data/qsiprep/qsiprep/sub-20961/ses-1/dwi/sub-20961_ses-1_space-ACPC_desc-preproc_dwi.nii.gz	0.0002040399918384	0.0009269863250154	0.0003957424549185	0.0008437258074991	0.0009271755058981	0.0008437326468992	0.0003955611816085	0.0008201995856271	0.0008202065288121	sub-20961	ses-1				space-ACPC			DSIStudio	autotrackgqi
Association_FrontalAslantTractL	txy	DSIStudio	/scratch/executivefunction/SLURM_8364170_111/job-8364170-111-sub-20961-ses-1/ds/inputs/data/qsiprep/qsiprep/sub-20961/ses-1/dwi/sub-20961_ses-1_space-ACPC_desc-preproc_dwi.nii.gz	0.0002040399918384	2.6536068725566216e-06	9.614007162400473e-05	3.931044375349302e-06	2.6541484249795924e-06	3.957248964070459e-06	9.614987386034184e-05	7.204077900855431e-06	7.204138943323502e-06	sub-20961	ses-1				space-ACPC			DSIStudio	autotrackgqi
Association_FrontalAslantTractL	txz	DSIStudio	/scratch/executivefunction/SLURM_8364170_111/job-8364170-111-sub-20961-ses-1/ds/inputs/data/qsiprep/qsiprep/sub-20961/ses-1/dwi/sub-20961_ses-1_space-ACPC_desc-preproc_dwi.nii.gz	0.0002040399918384	-4.6978356714823576e-05	0.0001610454742354	-2.4717517590033825e-05	-4.698794413456129e-05	-2.476934878359316e-05	0.0001610605080934	-0.0001172957837072	-0.0001172967766893	sub-20961	ses-1				space-ACPC			DSIStudio	autotrackgqi
Association_FrontalAslantTractL	tyy	DSIStudio	/scratch/executivefunction/SLURM_8364170_111/job-8364170-111-sub-20961-ses-1/ds/inputs/data/qsiprep/qsiprep/sub-20961/ses-1/dwi/sub-20961_ses-1_space-ACPC_desc-preproc_dwi.nii.gz	0.0002040399918384	0.0008926905869809	0.0004553949662292	0.0007802238105796	0.0008928727687334	0.0007802761392667	0.0004552628180775	0.0007299811913098	0.000729987370859	sub-20961	ses-1				space-ACPC			DSIStudio	autotrackgqi
Association_FrontalAslantTractL	tyz	DSIStudio	/scratch/executivefunction/SLURM_8364170_111/job-8364170-111-sub-20961-ses-1/ds/inputs/data/qsiprep/qsiprep/sub-20961/ses-1/dwi/sub-20961_ses-1_space-ACPC_desc-preproc_dwi.nii.gz	0.0002040399918384	-1.3088301830943029e-05	0.000118668842189	-1.0358600775361992e-05	-1.3090972912949343e-05	-1.0358718554925872e-05	0.0001186808033213	-9.16100661624011e-06	-9.161084253607674e-06	sub-20961	ses-1				space-ACPC			DSIStudio	autotrackgqi
Association_FrontalAslantTractL	tzz	DSIStudio	/scratch/executivefunction/SLURM_8364170_111/job-8364170-111-sub-20961-ses-1/ds/inputs/data/qsiprep/qsiprep/sub-20961/ses-1/dwi/sub-20961_ses-1_space-ACPC_desc-preproc_dwi.nii.gz	0.0002040399918384	0.0009797465896777	0.0004235375044058	0.000898057129234	0.0009799465379613	0.0008981458086054	0.0004233493687171	0.0008416598653774	0.0008416669905611	sub-20961	ses-1				space-ACPC			DSIStudio	autotrackgqi
Association_InferiorLongitudinalFasciculusL	ad	DSIStudio	/scratch/executivefunction/SLURM_8364170_111/job-8364170-111-sub-20961-ses-1/ds/inputs/data/qsiprep/qsiprep/sub-20961/ses-1/dwi/sub-20961_ses-1_space-ACPC_desc-preproc_dwi.nii.gz	0.0136641147398003	1.1264070625631646	0.3182323890791365	1.065808892250061	1.1420116406552658	1.0684629082679749	0.2912974494709786	1.176384387762755	1.177984620178822	sub-20961	ses-1				space-ACPC			DSIStudio	autotrackgqi
Association_InferiorLongitudinalFasciculusL	dti_fa	DSIStudio	/scratch/executivefunction/SLURM_8364170_111/job-8364170-111-sub-20961-ses-1/ds/inputs/data/qsiprep/qsiprep/sub-20961/ses-1/dwi/sub-20961_ses-1_space-ACPC_desc-preproc_dwi.nii.gz	0.0136641147398003	0.2827927000619913	0.1665627793505572	0.2495152354240417	0.2867103430870199	0.2539990842342376	0.1643297539489478	0.3883599298844897	0.3888882147808215	sub-20961	ses-1				space-ACPC			DSIStudio	autotrackgqi
Association_InferiorLongitudinalFasciculusL	gfa	DSIStudio	/scratch/executivefunction/SLURM_8364170_111/job-8364170-111-sub-20961-ses-1/ds/inputs/data/qsiprep/qsiprep/sub-20961/ses-1/dwi/sub-20961_ses-1_space-ACPC_desc-preproc_dwi.nii.gz	0.0136641147398003	0.0627222484849431	0.0381547820245548	0.052590824663639	0.0635911654663124	0.0536545608192682	0.0376921685023462	0.0878702331349974	0.0879897627612974	sub-20961	ses-1				space-ACPC			DSIStudio	autotrackgqi
Association_InferiorLongitudinalFasciculusL	ha	DSIStudio	/scratch/executivefunction/SLURM_8364170_111/job-8364170-111-sub-20961-ses-1/ds/inputs/data/qsiprep/qsiprep/sub-20961/ses-1/dwi/sub-20961_ses-1_space-ACPC_desc-preproc_dwi.nii.gz	0.0136641147398003	6.836270667474826	35.27806318519075	10.4934663772583	6.930976323214063	11.022314548492432	35.5123427219694	16.989337774583127	17.01244836664827	sub-20961	ses-1				space-ACPC			DSIStudio	autotrackgqi
Association_InferiorLongitudinalFasciculusL	iso	DSIStudio	/scratch/executivefunction/SLURM_8364170_111/job-8364170-111-sub-20961-ses-1/ds/inputs/data/qsiprep/qsiprep/sub-20961/ses-1/dwi/sub-20961_ses-1_space-ACPC_desc-preproc_dwi.nii.gz	0.0136641147398003	0.8517568826820542	0.3349303121602724	0.8301857113838196	0.8635566194140418	0.8338785767555237	0.3217803992501697	0.8052504871656885	0.8063458673236894	sub-20961	ses-1				space-ACPC			DSIStudio	autotrackgqi
Association_InferiorLongitudinalFasciculusL	md	DSIStudio	/scratch/executivefunction/SLURM_8364170_111/job-8364170-111-sub-20961-ses-1/ds/inputs/data/qsiprep/qsiprep/sub-20961/ses-1/dwi/sub-20961_ses-1_space-ACPC_desc-preproc_dwi.nii.gz	0.0136641147398003	0.8614118902971375	0.2531800142997088	0.8123664259910583	0.8733453818015486	0.8138508498668671	0.2335938037301695	0.8125017844374663	0.8136070283813069	sub-20961	ses-1				space-ACPC			DSIStudio	autotrackgqi
Association_InferiorLongitudinalFasciculusL	qa	DSIStudio	/scratch/executivefunction/SLURM_8364170_111/job-8364170-111-sub-20961-ses-1/ds/inputs/data/qsiprep/qsiprep/sub-20961/ses-1/dwi/sub-20961_ses-1_space-ACPC_desc-preproc_dwi.nii.gz	0.0136641147398003	0.2247168563386837	0.1344733934398033	0.1991099268198013	0.2278299509293454	0.2023095116019249	0.1327567318515658	0.3111104028892772	0.3115336055335346	sub-20961	ses-1				space-ACPC			DSIStudio	autotrackgqi
Association_InferiorLongitudinalFasciculusL	rd1	DSIStudio	/scratch/executivefunction/SLURM_8364170_111/job-8364170-111-sub-20961-ses-1/ds/inputs/data/qsiprep/qsiprep/sub-20961/ses-1/dwi/sub-20961_ses-1_space-ACPC_desc-preproc_dwi.nii.gz	0.0136641147398003	0.8176971605373037	0.2665611518410305	0.7871508598327637	0.8290250539972919	0.7887290120124817	0.2502960089014947	0.7385296633462822	0.7395342832156759	sub-20961	ses-1				space-ACPC			DSIStudio	autotrackgqi
Association_InferiorLongitudinalFasciculusL	rd2	DSIStudio	/scratch/executivefunction/SLURM_8364170_111/job-8364170-111-sub-20961-ses-1/ds/inputs/data/qsiprep/qsiprep/sub-20961/ses-1/dwi/sub-20961_ses-1_space-ACPC_desc-preproc_dwi.nii.gz	0.0136641147398003	0.6401314497375248	0.2743870956313127	0.608780562877655	0.6489994527256355	0.6122435629367828	0.2656613417456125	0.5225913015591366	0.5233021811043214	sub-20961	ses-1				space-ACPC			DSIStudio	autotrackgqi
Association_InferiorLongitudinalFasciculusL	rd	DSIStudio	/scratch/executivefunction/SLURM_8364170_111/job-8364170-111-sub-20961-ses-1/ds/inputs/data/qsiprep/qsiprep/sub-20961/ses-1/dwi/sub-20961_ses-1_space-ACPC_desc-preproc_dwi.nii.gz	0.0136641147398003	0.7289143056211713	0.2640818894499159	0.6927531957626343	0.7390122538519224	0.6950165331363678	0.2514813375803311	0.6305604825362477	0.6314182322436505	sub-20961	ses-1				space-ACPC			DSIStudio	autotrackgqi
Association_InferiorLongitudinalFasciculusL	txx	DSIStudio	/scratch/executivefunction/SLURM_8364170_111/job-8364170-111-sub-20961-ses-1/ds/inputs/data/qsiprep/qsiprep/sub-20961/ses-1/dwi/sub-20961_ses-1_space-ACPC_desc-preproc_dwi.nii.gz	0.0136641147398003	0.0008112476279603	0.0002766773681402	0.0007908078841865	0.0008224861734056	0.0007937868940643	0.0002614714159462	0.0007057055452763	0.0007066655146836	sub-20961	ses-1				space-ACPC			DSIStudio	autotrackgqi
Association_InferiorLongitudinalFasciculusL	txy	DSIStudio	/scratch/executivefunction/SLURM_8364170_111/job-8364170-111-sub-20961-ses-1/ds/inputs/data/qsiprep/qsiprep/sub-20961/ses-1/dwi/sub-20961_ses-1_space-ACPC_desc-preproc_dwi.nii.gz	0.0136641147398003	3.8781274753345365e-06	0.000128517462195	7.152486432460137e-06	3.931852762623018e-06	8.444716968369903e-06	0.0001294037865845	-7.568024088850134e-06	-7.578318873929303e-06	sub-20961	ses-1				space-ACPC			DSIStudio	autotrackgqi
Association_InferiorLongitudinalFasciculusL	txz	DSIStudio	/scratch/executivefunction/SLURM_8364170_111/job-8364170-111-sub-20961-ses-1/ds/inputs/data/qsiprep/qsiprep/sub-20961/ses-1/dwi/sub-20961_ses-1_space-ACPC_desc-preproc_dwi.nii.gz	0.0136641147398003	-2.2374229379334923e-05	0.0001128904344564	-1.5105407328519505e-05	-2.2684188737016807e-05	-1.6562781638640445e-05	0.0001136387712424	-2.5714455317551025e-05	-2.5749434708253057e-05	sub-20961	ses-1				space-ACPC			DSIStudio	autotrackgqi
Association_InferiorLongitudinalFasciculusL	tyy	DSIStudio	/scratch/executivefunction/SLURM_8364170_111/job-8364170-111-sub-20961-ses-1/ds/inputs/data/qsiprep/qsiprep/sub-20961/ses-1/dwi/sub-20961_ses-1_space-ACPC_desc-preproc_dwi.nii.gz	0.0136641147398003	0.0009343798289781	0.0003137327904412	0.0008770350832492	0.0009473241752039	0.0008796055044513	0.0002958535764743	0.0009569641716597	0.0009582659273349	sub-20961	ses-1				space-ACPC			DSIStudio	autotrackgqi
Association_InferiorLongitudinalFasciculusL	tyz	DSIStudio	/scratch/executivefunction/SLURM_8364170_111/job-8364170-111-sub-20961-ses-1/ds/inputs/data/qsiprep/qsiprep/sub-20961/ses-1/dwi/sub-20961_ses-1_space-ACPC_desc-preproc_dwi.nii.gz	0.0136641147398003	5.7711778569075845e-05	0.0001343172968147	3.2365303923143074e-05	5.8511283459844135e-05	3.42616895068204e-05	0.0001350714159655	0.0001414298049601	0.0001416221916593	sub-20961	ses-1				space-ACPC			DSIStudio	autotrackgqi
Association_InferiorLongitudinalFasciculusL	tzz	DSIStudio	/scratch/executivefunction/SLURM_8364170_111/job-8364170-111-sub-20961-ses-1/ds/inputs/data/qsiprep/qsiprep/sub-20961/ses-1/dwi/sub-20961_ses-1_space-ACPC_desc-preproc_dwi.nii.gz	0.0136641147398003	0.0008386082156399	0.0002882311230048	0.0008098079706542	0.0008502257985054	0.0008124850573949	0.0002726729062137	0.0007748356373246	0.0007758896440749	sub-20961	ses-1				space-ACPC			DSIStudio	autotrackgqi
Association_ExtremeCapsuleR	ad	DSIStudio	/scratch/executivefunction/SLURM_8364170_111/job-8364170-111-sub-20961-ses-1/ds/inputs/data/qsiprep/qsiprep/sub-20961/ses-1/dwi/sub-20961_ses-1_space-ACPC_desc-preproc_dwi.nii.gz	0.0	1.1805172669280442	0.2861687176150683	1.118305206298828	1.1805172669280442	1.118305206298828	0.2861687176150683	1.187527600982203	1.187527600982203	sub-20961	ses-1				space-ACPC			DSIStudio	autotrackgqi
Association_ExtremeCapsuleR	dti_fa	DSIStudio	/scratch/executivefunction/SLURM_8364170_111/job-8364170-111-sub-20961-ses-1/ds/inputs/data/qsiprep/qsiprep/sub-20961/ses-1/dwi/sub-20961_ses-1_space-ACPC_desc-preproc_dwi.nii.gz	0.0	0.3367722711323253	0.1924123993338692	0.3057036697864532	0.3367722711323253	0.3057036697864532	0.1924123993338692	0.410248326610966	0.410248326610966	sub-20961	ses-1				space-ACPC			DSIStudio	autotrackgqi
Association_ExtremeCapsuleR	gfa	DSIStudio	/scratch/executivefunction/SLURM_8364170_111/job-8364170-111-sub-20961-ses-1/ds/inputs/data/qsiprep/qsiprep/sub-20961/ses-1/dwi/sub-20961_ses-1_space-ACPC_desc-preproc_dwi.nii.gz	0.0	0.0757415856950013	0.0412287511520759	0.0694227814674377	0.0757415856950013	0.0694227814674377	0.0412287511520759	0.0917694548449255	0.0917694548449255	sub-20961	ses-1				space-ACPC			DSIStudio	autotrackgqi
Association_ExtremeCapsuleR	ha	DSIStudio	/scratch/executivefunction/SLURM_8364170_111/job-8364170-111-sub-20961-ses-1/ds/inputs/data/qsiprep/qsiprep/sub-20961/ses-1/dwi/sub-20961_ses-1_space-ACPC_desc-preproc_dwi.nii.gz	0.0	-22.950196869116443	44.26962567017335	-37.57610702514648	-22.950196869116443	-37.57610702514648	44.26962567017335	-34.233550989938806	-34.233550989938806	sub-20961	ses-1				space-ACPC			DSIStudio	autotrackgqi
Association_ExtremeCapsuleR	iso	DSIStudio	/scratch/executivefunction/SLURM_8364170_111/job-8364170-111-sub-20961-ses-1/ds/inputs/data/qsiprep/qsiprep/sub-20961/ses-1/dwi/sub-20961_ses-1_space-ACPC_desc-preproc_dwi.nii.gz	0.0	0.7854138582085103	0.1220493251649803	0.7744981050491333	0.7854138582085103	0.7744981050491333	0.1220493251649803	0.7720153961552667	0.7720153961552667	sub-20961	ses-1				space-ACPC			DSIStudio	autotrackgqi
Association_ExtremeCapsuleR	md	DSIStudio	/scratch/executivefunction/SLURM_8364170_111/job-8364170-111-sub-20961-ses-1/ds/inputs/data/qsiprep/qsiprep/sub-20961/ses-1/dwi/sub-20961_ses-1_space-ACPC_desc-preproc_dwi.nii.gz	0.0	0.8631188124637587	0.2522934346567671	0.8010264039039612	0.8631188124637587	0.8010264039039612	0.2522934346567671	0.8016602963019788	0.8016602963019788	sub-20961	ses-1				space-ACPC			DSIStudio	autotrackgqi
Association_ExtremeCapsuleR	qa	DSIStudio	/scratch/executivefunction/SLURM_8364170_111/job-8364170-111-sub-20961-ses-1/ds/inputs/data/qsiprep/qsiprep/sub-20961/ses-1/dwi/sub-20961_ses-1_space-ACPC_desc-preproc_dwi.nii.gz	0.0	0.2636453131269164	0.1469822447417722	0.2346032559871673	0.2636453131269164	0.2346032559871673	0.1469822447417722	0.32259181034673	0.32259181034673	sub-20961	ses-1				space-ACPC			DSIStudio	autotrackgqi
Association_ExtremeCapsuleR	rd1	DSIStudio	/scratch/executivefunction/SLURM_8364170_111/job-8364170-111-sub-20961-ses-1/ds/inputs/data/qsiprep/qsiprep/sub-20961/ses-1/dwi/sub-20961_ses-1_space-ACPC_desc-preproc_dwi.nii.gz	0.0	0.7962059958001463	0.288387629014836	0.7547325491905212	0.7962059958001463	0.7547325491905212	0.288387629014836	0.7140943355879716	0.7140943355879716	sub-20961	ses-1				space-ACPC			DSIStudio	autotrackgqi
Association_ExtremeCapsuleR	rd2	DSIStudio	/scratch/executivefunction/SLURM_8364170_111/job-8364170-111-sub-20961-ses-1/ds/inputs/data/qsiprep/qsiprep/sub-20961/ses-1/dwi/sub-20961_ses-1_space-ACPC_desc-preproc_dwi.nii.gz	0.0	0.6126331755996172	0.3082056552746863	0.5648926496505737	0.6126331755996172	0.5648926496505737	0.3082056552746863	0.5033589599093107	0.5033589599093107	sub-20961	ses-1				space-ACPC			DSIStudio	autotrackgqi
Association_ExtremeCapsuleR	rd	DSIStudio	/scratch/executivefunction/SLURM_8364170_111/job-8364170-111-sub-20961-ses-1/ds/inputs/data/qsiprep/qsiprep/sub-20961/ses-1/dwi/sub-20961_ses-1_space-ACPC_desc-preproc_dwi.nii.gz	0.0	0.7044195861527945	0.2936903701531088	0.6611173152923584	0.7044195861527945	0.6611173152923584	0.2936903701531088	0.6087266483668219	0.6087266483668219	sub-20961	ses-1				space-ACPC			DSIStudio	autotrackgqi
Association_ExtremeCapsuleR	txx	DSIStudio	/scratch/executivefunction/SLURM_8364170_111/job-8364170-111-sub-20961-ses-1/ds/inputs/data/qsiprep/qsiprep/sub-20961/ses-1/dwi/sub-20961_ses-1_space-ACPC_desc-preproc_dwi.nii.gz	0.0	0.0007663319306098	0.0003202758636247	0.0007079798961058	0.0007663319306098	0.0007079798961058	0.0003202758636247	0.0006446536372509	0.0006446536372509	sub-20961	ses-1				space-ACPC			DSIStudio	autotrackgqi
Association_ExtremeCapsuleR	txy	DSIStudio	/scratch/executivefunction/SLURM_8364170_111/job-8364170-111-sub-20961-ses-1/ds/inputs/data/qsiprep/qsiprep/sub-20961/ses-1/dwi/sub-20961_ses-1_space-ACPC_desc-preproc_dwi.nii.gz	0.0	2.7072324564408628e-05	9.878658409103234e-05	2.1830706828041e-05	2.7072324564408628e-05	2.1830706828041e-05	9.878658409103234e-05	5.599247058251267e-05	5.599247058251267e-05	sub-20961	ses-1				space-ACPC			DSIStudio	autotrackgqi
Association_ExtremeCapsuleR	txz	DSIStudio	/scratch/executivefunction/SLURM_8364170_111/job-8364170-111-sub-20961-ses-1/ds/inputs/data/qsiprep/qsiprep/sub-20961/ses-1/dwi/sub-20961_ses-1_space-ACPC_desc-preproc_dwi.nii.gz	0.0	2.2810511074541827e-06	0.0001187272053376	7.791337338858284e-06	2.2810511074541827e-06	7.791337338858284e-06	0.0001187272053376	9.527286483787866e-06	9.527286483787866e-06	sub-20961	ses-1				space-ACPC			DSIStudio	autotrackgqi
Association_ExtremeCapsuleR	tyy	DSIStudio	/scratch/executivefunction/SLURM_8364170_111/job-8364170-111-sub-20961-ses-1/ds/inputs/data/qsiprep/qsiprep/sub-20961/ses-1/dwi/sub-20961_ses-1_space-ACPC_desc-preproc_dwi.nii.gz	0.0	0.0008459502864617	0.000305597138906	0.0007927099941298	0.0008459502864617	0.0007927099941298	0.000305597138906	0.0007998095981575	0.0007998095981575	sub-20961	ses-1				space-ACPC			DSIStudio	autotrackgqi
Association_ExtremeCapsuleR	tyz	DSIStudio	/scratch/executivefunction/SLURM_8364170_111/job-8364170-111-sub-20961-ses-1/ds/inputs/data/qsiprep/qsiprep/sub-20961/ses-1/dwi/sub-20961_ses-1_space-ACPC_desc-preproc_dwi.nii.gz	0.0	0.0001251000207757	0.0001652889239196	8.979375706985593e-05	0.0001251000207757	8.979375706985593e-05	0.0001652889239196	0.0001900567982217	0.0001900567982217	sub-20961	ses-1				space-ACPC			DSIStudio	autotrackgqi
Association_ExtremeCapsuleR	tzz	DSIStudio	/scratch/executivefunction/SLURM_8364170_111/job-8364170-111-sub-20961-ses-1/ds/inputs/data/qsiprep/qsiprep/sub-20961/ses-1/dwi/sub-20961_ses-1_space-ACPC_desc-preproc_dwi.nii.gz	0.0	0.000977074219911	0.00027252764031	0.0009268354042433	0.000977074219911	0.0009268354042433	0.00027252764031	0.0009605176552193	0.0009605176552193	sub-20961	ses-1				space-ACPC			DSIStudio	autotrackgqi
Association_InferiorFrontoOccipitalFasciculusR	ad	DSIStudio	/scratch/executivefunction/SLURM_8364170_111/job-8364170-111-sub-20961-ses-1/ds/inputs/data/qsiprep/qsiprep/sub-20961/ses-1/dwi/sub-20961_ses-1_space-ACPC_desc-preproc_dwi.nii.gz	0.0051922227132125	1.1727441740191409	0.3187635689283724	1.112752616405487	1.1788651041889244	1.1137995719909668	0.3080986828500341	1.267471259515045	1.2677051970413993	sub-20961	ses-1				space-ACPC			DSIStudio	autotrackgqi
Association_InferiorFrontoOccipitalFasciculusR	dti_fa	DSIStudio	/scratch/executivefunction/SLURM_8364170_111/job-8364170-111-sub-20961-ses-1/ds/inputs/data/qsiprep/qsiprep/sub-20961/ses-1/dwi/sub-20961_ses-1_space-ACPC_desc-preproc_dwi.nii.gz	0.0051922227132125	0.3166152564882804	0.1783047662762788	0.2974420338869095	0.3182677736515174	0.2993959188461303	0.1772923644721932	0.4619370485378629	0.4620223084463948	sub-20961	ses-1				space-ACPC			DSIStudio	autotrackgqi
Association_InferiorFrontoOccipitalFasciculusR	gfa	DSIStudio	/scratch/executivefunction/SLURM_8364170_111/job-8364170-111-sub-20961-ses-1/ds/inputs/data/qsiprep/qsiprep/sub-20961/ses-1/dwi/sub-20961_ses-1_space-ACPC_desc-preproc_dwi.nii.gz	0.0051922227132125	0.0702906318930345	0.0405931754984883	0.0643426701426506	0.0706575013765406	0.0648206621408462	0.0403792551512747	0.1059076653103425	0.1059272127225625	sub-20961	ses-1				space-ACPC			DSIStudio	autotrackgqi
Association_InferiorFrontoOccipitalFasciculusR	ha	DSIStudio	/scratch/executivefunction/SLURM_8364170_111/job-8364170-111-sub-20961-ses-1/ds/inputs/data/qsiprep/qsiprep/sub-20961/ses-1/dwi/sub-20961_ses-1_space-ACPC_desc-preproc_dwi.nii.gz	0.0051922227132125	0.0022163325429935	33.51668170088659	0.5804482400417328	0.0022279002975211	0.7783025503158569	33.60403505462383	1.8668702026027957	1.867214749940312	sub-20961	ses-1				space-ACPC			DSIStudio	autotrackgqi
Association_InferiorFrontoOccipitalFasciculusR	iso	DSIStudio	/scratch/executivefunction/SLURM_8364170_111/job-8364170-111-sub-20961-ses-1/ds/inputs/data/qsiprep/qsiprep/sub-20961/ses-1/dwi/sub-20961_ses-1_space-ACPC_desc-preproc_dwi.nii.gz	0.0051922227132125	0.8423073168578951	0.2859634021208208	0.8091868162155151	0.8467035904717009	0.8101003170013428	0.280141994631366	0.7649955319383958	0.7651367275247299	sub-20961	ses-1				space-ACPC			DSIStudio	autotrackgqi
Association_InferiorFrontoOccipitalFasciculusR	md	DSIStudio	/scratch/executivefunction/SLURM_8364170_111/job-8364170-111-sub-20961-ses-1/ds/inputs/data/qsiprep/qsiprep/sub-20961/ses-1/dwi/sub-20961_ses-1_space-ACPC_desc-preproc_dwi.nii.gz	0.0051922227132125	0.8697492986147086	0.2428333498525004	0.8071129322052002	0.8742888007840469	0.8074393272399902	0.2351743461660859	0.8097563011391261	0.8099057581186055	sub-20961	ses-1				space-ACPC			DSIStudio	autotrackgqi
Association_InferiorFrontoOccipitalFasciculusR	qa	DSIStudio	/scratch/executivefunction/SLURM_8364170_111/job-8364170-111-sub-20961-ses-1/ds/inputs/data/qsiprep/qsiprep/sub-20961/ses-1/dwi/sub-20961_ses-1_space-ACPC_desc-preproc_dwi.nii.gz	0.0051922227132125	0.2498570000320686	0.1398629207943251	0.2343991175293922	0.2511610843187435	0.2353409528732299	0.1390546650841854	0.3649201695248559	0.3649875229538117	sub-20961	ses-1				space-ACPC			DSIStudio	autotrackgqi
Association_InferiorFrontoOccipitalFasciculusR	rd1	DSIStudio	/scratch/executivefunction/SLURM_8364170_111/job-8364170-111-sub-20961-ses-1/ds/inputs/data/qsiprep/qsiprep/sub-20961/ses-1/dwi/sub-20961_ses-1_space-ACPC_desc-preproc_dwi.nii.gz	0.0051922227132125	0.8129636751923264	0.2700082422295004	0.7651339471340179	0.8172067948740631	0.766279935836792	0.2642299310911924	0.6828955070067885	0.6830215493036328	sub-20961	ses-1				space-ACPC			DSIStudio	autotrackgqi
Association_InferiorFrontoOccipitalFasciculusR	rd2	DSIStudio	/scratch/executivefunction/SLURM_8364170_111/job-8364170-111-sub-20961-ses-1/ds/inputs/data/qsiprep/qsiprep/sub-20961/ses-1/dwi/sub-20961_ses-1_space-ACPC_desc-preproc_dwi.nii.gz	0.0051922227132125	0.6235400464031717	0.2664350326628006	0.573992520570755	0.6267945030584687	0.5751112699508667	0.2632836083236733	0.4789021344016327	0.4789905255164119	sub-20961	ses-1				space-ACPC			DSIStudio	autotrackgqi
Association_InferiorFrontoOccipitalFasciculusR	rd	DSIStudio	/scratch/executivefunction/SLURM_8364170_111/job-8364170-111-sub-20961-ses-1/ds/inputs/data/qsiprep/qsiprep/sub-20961/ses-1/dwi/sub-20961_ses-1_space-ACPC_desc-preproc_dwi.nii.gz	0.0051922227132125	0.718251860660628	0.2600396186632264	0.6675258576869965	0.7220006488284292	0.6685978770256042	0.2554738920669627	0.5808988213220715	0.5810060380279972	sub-20961	ses-1				space-ACPC			DSIStudio	autotrackgqi
Association_InferiorFrontoOccipitalFasciculusR	txx	DSIStudio	/scratch/executivefunction/SLURM_8364170_111/job-8364170-111-sub-20961-ses-1/ds/inputs/data/qsiprep/qsiprep/sub-20961/ses-1/dwi/sub-20961_ses-1_space-ACPC_desc-preproc_dwi.nii.gz	0.0051922227132125	0.0008109577910606	0.0002801075653118	0.0007759674044791	0.000815190441386	0.0007771811797283	0.0002746258207164	0.0006745729596373	0.0006746974658236	sub-20961	ses-1				space-ACPC			DSIStudio	autotrackgqi
Association_InferiorFrontoOccipitalFasciculusR	txy	DSIStudio	/scratch/executivefunction/SLURM_8364170_111/job-8364170-111-sub-20961-ses-1/ds/inputs/data/qsiprep/qsiprep/sub-20961/ses-1/dwi/sub-20961_ses-1_space-ACPC_desc-preproc_dwi.nii.gz	0.0051922227132125	1.6451179599349053e-05	0.0001491790124291	8.169995908247074e-06	1.6537043612804843e-05	8.7012358562788e-06	0.0001495630655913	1.656692273814581e-05	1.656998057569912e-05	sub-20961	ses-1				space-ACPC			DSIStudio	autotrackgqi
Association_InferiorFrontoOccipitalFasciculusR	txz	DSIStudio	/scratch/executivefunction/SLURM_8364170_111/job-8364170-111-sub-20961-ses-1/ds/inputs/data/qsiprep/qsiprep/sub-20961/ses-1/dwi/sub-20961_ses-1_space-ACPC_desc-preproc_dwi.nii.gz	0.0051922227132125	3.574482720920436e-05	0.0001090050372132	2.5576176085451152e-05	3.593139099363886e-05	2.607540955068544e-05	0.0001092584602898	3.639308900595559e-05	3.639980611862972e-05	sub-20961	ses-1				space-ACPC			DSIStudio	autotrackgqi
Association_InferiorFrontoOccipitalFasciculusR	tyy	DSIStudio	/scratch/executivefunction/SLURM_8364170_111/job-8364170-111-sub-20961-ses-1/ds/inputs/data/qsiprep/qsiprep/sub-20961/ses-1/dwi/sub-20961_ses-1_space-ACPC_desc-preproc_dwi.nii.gz	0.0051922227132125	0.0009867610271445	0.000329555777283	0.0009181591740343	0.0009919112512728	0.0009200102067552	0.0003225915375588	0.0011058033906397	0.0011060074890733	sub-20961	ses-1				space-ACPC			DSIStudio	autotrackgqi
Association_InferiorFrontoOccipitalFasciculusR	tyz	DSIStudio	/scratch/executivefunction/SLURM_8364170_111/job-8364170-111-sub-20961-ses-1/ds/inputs/data/qsiprep/qsiprep/sub-20961/ses-1/dwi/sub-20961_ses-1_space-ACPC_desc-preproc_dwi.nii.gz	0.0051922227132125	2.506742372502528e-05	0.0001487300123936	1.1573476513149217e-05	2.519825869616089e-05	1.2088586117897648e-05	0.0001491065874037	2.712730763174015e-05	2.7132314602387995e-05	sub-20961	ses-1				space-ACPC			DSIStudio	autotrackgqi
Association_InferiorFrontoOccipitalFasciculusR	tzz	DSIStudio	/scratch/executivefunction/SLURM_8364170_111/job-8364170-111-sub-20961-ses-1/ds/inputs/data/qsiprep/qsiprep/sub-20961/ses-1/dwi/sub-20961_ses-1_space-ACPC_desc-preproc_dwi.nii.gz	0.0051922227132125	0.000811529076313	0.0002769099927563	0.0007737140695098	0.0008157647083604	0.0007744868053123	0.0002713375722896	0.0006488925508205	0.0006490123171387	sub-20961	ses-1				space-ACPC			DSIStudio	autotrackgqi
Association_ParietalAslantTractR	ad	DSIStudio	/scratch/executivefunction/SLURM_8364170_111/job-8364170-111-sub-20961-ses-1/ds/inputs/data/qsiprep/qsiprep/sub-20961/ses-1/dwi/sub-20961_ses-1_space-ACPC_desc-preproc_dwi.nii.gz	0.0081763761133012	1.0805901959875688	0.2769098361558197	1.024179458618164	1.0894983442247694	1.0262415409088137	0.2600110957489206	1.144296050544415	1.145182312097394	sub-20961	ses-1				space-ACPC			DSIStudio	autotrackgqi
Association_ParietalAslantTractR	dti_fa	DSIStudio	/scratch/executivefunction/SLURM_8364170_111/job-8364170-111-sub-20961-ses-1/ds/inputs/data/qsiprep/qsiprep/sub-20961/ses-1/dwi/sub-20961_ses-1_space-ACPC_desc-preproc_dwi.nii.gz	0.0081763761133012	0.2678343854463284	0.1676712156912215	0.2175624966621399	0.270042353293376	0.2192489951848983	0.166580774349967	0.3999084477031372	0.4002181783834468	sub-20961	ses-1				space-ACPC			DSIStudio	autotrackgqi
Association_ParietalAslantTractR	gfa	DSIStudio	/scratch/executivefunction/SLURM_8364170_111/job-8364170-111-sub-20961-ses-1/ds/inputs/data/qsiprep/qsiprep/sub-20961/ses-1/dwi/sub-20961_ses-1_space-ACPC_desc-preproc_dwi.nii.gz	0.0081763761133012	0.0593607171716984	0.0360255165395266	0.0475569851696491	0.0598500738862008	0.0479691587388515	0.0357665891095956	0.0868021770330214	0.0868694056589787	sub-20961	ses-1				space-ACPC			DSIStudio	autotrackgqi
Association_ParietalAslantTractR	ha	DSIStudio	/scratch/executivefunction/SLURM_8364170_111/job-8364170-111-sub-20961-ses-1/ds/inputs/data/qsiprep/qsiprep/sub-20961/ses-1/dwi/sub-20961_ses-1_space-ACPC_desc-preproc_dwi.nii.gz	0.0081763761133012	-3.930198942131888	37.158043211857375	-4.088011264801025	-3.962598638990328	-4.524869918823242	37.30916967994079	-17.35032638212144	-17.363764294748105	sub-20961	ses-1				space-ACPC			DSIStudio	autotrackgqi
Association_ParietalAslantTractR	iso	DSIStudio	/scratch/executivefunction/SLURM_8364170_111/job-8364170-111-sub-20961-ses-1/ds/inputs/data/qsiprep/qsiprep/sub-20961/ses-1/dwi/sub-20961_ses-1_space-ACPC_desc-preproc_dwi.nii.gz	0.0081763761133012	0.845197031596165	0.2138955851291147	0.8216259479522705	0.8521646502873744	0.8238130807876587	0.2004767488682463	0.7898913079154173	0.7905030815828271	sub-20961	ses-1				space-ACPC			DSIStudio	autotrackgqi
Association_ParietalAslantTractR	md	DSIStudio	/scratch/executivefunction/SLURM_8364170_111/job-8364170-111-sub-20961-ses-1/ds/inputs/data/qsiprep/qsiprep/sub-20961/ses-1/dwi/sub-20961_ses-1_space-ACPC_desc-preproc_dwi.nii.gz	0.0081763761133012	0.8409626296026408	0.2391842760487995	0.7876284122467041	0.8478953408138505	0.7881738543510437	0.2276016778860581	0.780445638215597	0.781050096198312	sub-20961	ses-1				space-ACPC			DSIStudio	autotrackgqi
Association_ParietalAslantTractR	qa	DSIStudio	/scratch/executivefunction/SLURM_8364170_111/job-8364170-111-sub-20961-ses-1/ds/inputs/data/qsiprep/qsiprep/sub-20961/ses-1/dwi/sub-20961_ses-1_space-ACPC_desc-preproc_dwi.nii.gz	0.0081763761133012	0.2083238765775748	0.119334919776592	0.1786820441484451	0.2100412528602694	0.1797954589128494	0.1183110368041281	0.2996956591235384	0.2999277745634741	sub-20961	ses-1				space-ACPC			DSIStudio	autotrackgqi
Association_ParietalAslantTractR	rd1	DSIStudio	/scratch/executivefunction/SLURM_8364170_111/job-8364170-111-sub-20961-ses-1/ds/inputs/data/qsiprep/qsiprep/sub-20961/ses-1/dwi/sub-20961_ses-1_space-ACPC_desc-preproc_dwi.nii.gz	0.0081763761133012	0.8009636145444625	0.2596621589856593	0.767717182636261	0.8075665826608309	0.7685553431510925	0.2502956904543801	0.6933728432086625	0.6939098629688782	sub-20961	ses-1				space-ACPC			DSIStudio	autotrackgqi
Association_ParietalAslantTractR	rd2	DSIStudio	/scratch/executivefunction/SLURM_8364170_111/job-8364170-111-sub-20961-ses-1/ds/inputs/data/qsiprep/qsiprep/sub-20961/ses-1/dwi/sub-20961_ses-1_space-ACPC_desc-preproc_dwi.nii.gz	0.0081763761133012	0.6413340787458357	0.2704175297009635	0.6226804256439209	0.6466210960297701	0.6244664788246155	0.265159904919188	0.5036680258536315	0.5040581184924233	sub-20961	ses-1				space-ACPC			DSIStudio	autotrackgqi
Association_ParietalAslantTractR	rd	DSIStudio	/scratch/executivefunction/SLURM_8364170_111/job-8364170-111-sub-20961-ses-1/ds/inputs/data/qsiprep/qsiprep/sub-20961/ses-1/dwi/sub-20961_ses-1_space-ACPC_desc-preproc_dwi.nii.gz	0.0081763761133012	0.7211488453702067	0.2595611415757261	0.6916148662567139	0.7270938380598478	0.6929342150688171	0.2521999574168713	0.5985204331862436	0.5989839893847059	sub-20961	ses-1				space-ACPC			DSIStudio	autotrackgqi
Association_ParietalAslantTractR	txx	DSIStudio	/scratch/executivefunction/SLURM_8364170_111/job-8364170-111-sub-20961-ses-1/ds/inputs/data/qsiprep/qsiprep/sub-20961/ses-1/dwi/sub-20961_ses-1_space-ACPC_desc-preproc_dwi.nii.gz	0.0081763761133012	0.0008642783257513	0.0002726836988217	0.0008437466458417	0.0008714032464405	0.0008455095812678	0.0002622226123177	0.0007873152101673	0.0007879249887929	sub-20961	ses-1				space-ACPC			DSIStudio	autotrackgqi
Association_ParietalAslantTractR	txy	DSIStudio	/scratch/executivefunction/SLURM_8364170_111/job-8364170-111-sub-20961-ses-1/ds/inputs/data/qsiprep/qsiprep/sub-20961/ses-1/dwi/sub-20961_ses-1_space-ACPC_desc-preproc_dwi.nii.gz	0.0081763761133012	-2.7662739822455014e-05	0.000101776619792	-1.8804645151249133e-05	-2.789078537376629e-05	-1.961805173777975e-05	0.0001021641473489	-4.668879026101209e-05	-4.672495087655158e-05	sub-20961	ses-1				space-ACPC			DSIStudio	autotrackgqi
Association_ParietalAslantTractR	txz	DSIStudio	/scratch/executivefunction/SLURM_8364170_111/job-8364170-111-sub-20961-ses-1/ds/inputs/data/qsiprep/qsiprep/sub-20961/ses-1/dwi/sub-20961_ses-1_space-ACPC_desc-preproc_dwi.nii.gz	0.0081763761133012	2.1826836390288453e-05	0.0001263336948577	1.2987406080355868e-05	2.20067720354903e-05	1.4070584256842268e-05	0.0001268377509153	5.1301227741905306e-05	5.1340960771922144e-05	sub-20961	ses-1				space-ACPC			DSIStudio	autotrackgqi
Association_ParietalAslantTractR	tyy	DSIStudio	/scratch/executivefunction/SLURM_8364170_111/job-8364170-111-sub-20961-ses-1/ds/inputs/data/qsiprep/qsiprep/sub-20961/ses-1/dwi/sub-20961_ses-1_space-ACPC_desc-preproc_dwi.nii.gz	0.0081763761133012	0.0008214354957229	0.0002890705934255	0.0007807839429005	0.0008282072295313	0.0007817956502549	0.0002804322989216	0.0006999066017085	0.0007004486819192	sub-20961	ses-1				space-ACPC			DSIStudio	autotrackgqi
Association_ParietalAslantTractR	tyz	DSIStudio	/scratch/executivefunction/SLURM_8364170_111/job-8364170-111-sub-20961-ses-1/ds/inputs/data/qsiprep/qsiprep/sub-20961/ses-1/dwi/sub-20961_ses-1_space-ACPC_desc-preproc_dwi.nii.gz	0.0081763761133012	1.852665364387856e-05	0.0001137207295549	3.608895667639445e-06	1.867938330736409e-05	4.454111149243545e-06	0.0001141760190908	5.994738581816825e-05	5.9993815426044e-05	sub-20961	ses-1				space-ACPC			DSIStudio	autotrackgqi
Association_ParietalAslantTractR	tzz	DSIStudio	/scratch/executivefunction/SLURM_8364170_111/job-8364170-111-sub-20961-ses-1/ds/inputs/data/qsiprep/qsiprep/sub-20961/ses-1/dwi/sub-20961_ses-1_space-ACPC_desc-preproc_dwi.nii.gz	0.0081763761133012	0.0008371740685184	0.0002749046541648	0.0007876929012127	0.0008440755476642	0.0007892691064625	0.0002652738259819	0.0008541151076078	0.0008547766227233	sub-20961	ses-1				space-ACPC			DSIStudio	autotrackgqi
Association_InferiorLongitudinalFasciculusR	ad	DSIStudio	/scratch/executivefunction/SLURM_8364170_111/job-8364170-111-sub-20961-ses-1/ds/inputs/data/qsiprep/qsiprep/sub-20961/ses-1/dwi/sub-20961_ses-1_space-ACPC_desc-preproc_dwi.nii.gz	0.0074484944532488	1.1526593297664884	0.314130622742745	1.0891858339309692	1.1613093359135465	1.0912973284721377	0.2989535647784236	1.2317756462415306	1.2325860702722304	sub-20961	ses-1				space-ACPC			DSIStudio	autotrackgqi
Association_InferiorLongitudinalFasciculusR	dti_fa	DSIStudio	/scratch/executivefunction/SLURM_8364170_111/job-8364170-111-sub-20961-ses-1/ds/inputs/data/qsiprep/qsiprep/sub-20961/ses-1/dwi/sub-20961_ses-1_space-ACPC_desc-preproc_dwi.nii.gz	0.0074484944532488	0.3124135938854578	0.1754366664272272	0.2887309491634369	0.3147580676061374	0.2912376523017883	0.1739857816917418	0.4259457239568864	0.4262259670688122	sub-20961	ses-1				space-ACPC			DSIStudio	autotrackgqi
Association_InferiorLongitudinalFasciculusR	gfa	DSIStudio	/scratch/executivefunction/SLURM_8364170_111/job-8364170-111-sub-20961-ses-1/ds/inputs/data/qsiprep/qsiprep/sub-20961/ses-1/dwi/sub-20961_ses-1_space-ACPC_desc-preproc_dwi.nii.gz	0.0074484944532488	0.0690047345848137	0.0402486680814592	0.0614864733070135	0.0695225730848115	0.0620916970074176	0.0399513528556283	0.0976483449795716	0.0977125909137877	sub-20961	ses-1				space-ACPC			DSIStudio	autotrackgqi
Association_InferiorLongitudinalFasciculusR	ha	DSIStudio	/scratch/executivefunction/SLURM_8364170_111/job-8364170-111-sub-20961-ses-1/ds/inputs/data/qsiprep/qsiprep/sub-20961/ses-1/dwi/sub-20961_ses-1_space-ACPC_desc-preproc_dwi.nii.gz	0.0074484944532488	-8.996216790487466	34.97556301261535	-11.373013973236084	-9.063727917607522	-11.718820095062256	35.09783685536609	-14.002898392867824	-14.012111340070804	sub-20961	ses-1				space-ACPC			DSIStudio	autotrackgqi
Association_InferiorLongitudinalFasciculusR	iso	DSIStudio	/scratch/executivefunction/SLURM_8364170_111/job-8364170-111-sub-20961-ses-1/ds/inputs/data/qsiprep/qsiprep/sub-20961/ses-1/dwi/sub-20961_ses-1_space-ACPC_desc-preproc_dwi.nii.gz	0.0074484944532488	0.8438011702353787	0.3092809465081499	0.8046703934669495	0.8501333840308541	0.8064492642879486	0.3016443399381999	0.7739234183601268	0.774432606825313	sub-20961	ses-1				space-ACPC			DSIStudio	autotrackgqi
Association_InferiorLongitudinalFasciculusR	md	DSIStudio	/scratch/executivefunction/SLURM_8364170_111/job-8364170-111-sub-20961-ses-1/ds/inputs/data/qsiprep/qsiprep/sub-20961/ses-1/dwi/sub-20961_ses-1_space-ACPC_desc-preproc_dwi.nii.gz	0.0074484944532488	0.8564380253818763	0.2323806705862739	0.8069404363632202	0.8628650710777007	0.8076303005218506	0.2210437643356413	0.8193322039487485	0.8198712684249436	sub-20961	ses-1				space-ACPC			DSIStudio	autotrackgqi
Association_InferiorLongitudinalFasciculusR	qa	DSIStudio	/scratch/executivefunction/SLURM_8364170_111/job-8364170-111-sub-20961-ses-1/ds/inputs/data/qsiprep/qsiprep/sub-20961/ses-1/dwi/sub-20961_ses-1_space-ACPC_desc-preproc_dwi.nii.gz	0.0074484944532488	0.2439259363585572	0.1376159523498031	0.2247771322727203	0.24575645192759	0.2263463214039802	0.1364932548229306	0.3360406516449275	0.3362617434006202	sub-20961	ses-1				space-ACPC			DSIStudio	autotrackgqi
Association_InferiorLongitudinalFasciculusR	rd1	DSIStudio	/scratch/executivefunction/SLURM_8364170_111/job-8364170-111-sub-20961-ses-1/ds/inputs/data/qsiprep/qsiprep/sub-20961/ses-1/dwi/sub-20961_ses-1_space-ACPC_desc-preproc_dwi.nii.gz	0.0074484944532488	0.8015167332035195	0.249121153305509	0.7716322243213654	0.8075316280559169	0.7725980579853058	0.2401455055010117	0.7219059953572193	0.7223809600678588	sub-20961	ses-1				space-ACPC			DSIStudio	autotrackgqi
Association_InferiorLongitudinalFasciculusR	rd2	DSIStudio	/scratch/executivefunction/SLURM_8364170_111/job-8364170-111-sub-20961-ses-1/ds/inputs/data/qsiprep/qsiprep/sub-20961/ses-1/dwi/sub-20961_ses-1_space-ACPC_desc-preproc_dwi.nii.gz	0.0075277337559429	0.615138013015882	0.2566295274158938	0.5816373229026794	0.6198037304798747	0.5833950042724609	0.2519254104428628	0.5043149682532648	0.5046477352246356	sub-20961	ses-1				space-ACPC			DSIStudio	autotrackgqi
Association_InferiorLongitudinalFasciculusR	rd	DSIStudio	/scratch/executivefunction/SLURM_8364170_111/job-8364170-111-sub-20961-ses-1/ds/inputs/data/qsiprep/qsiprep/sub-20961/ses-1/dwi/sub-20961_ses-1_space-ACPC_desc-preproc_dwi.nii.gz	0.0074484944532488	0.7083273731098668	0.2454164363287799	0.6760143339633942	0.7136429385794762	0.6771797239780426	0.2385116247084256	0.6131104830592322	0.613513867758344	sub-20961	ses-1				space-ACPC			DSIStudio	autotrackgqi
Association_InferiorLongitudinalFasciculusR	txx	DSIStudio	/scratch/executivefunction/SLURM_8364170_111/job-8364170-111-sub-20961-ses-1/ds/inputs/data/qsiprep/qsiprep/sub-20961/ses-1/dwi/sub-20961_ses-1_space-ACPC_desc-preproc_dwi.nii.gz	0.0074484944532488	0.0007944109094605	0.0002665777715864	0.0007679941772948	0.0008003724794341	0.0007695453241467	0.0002585063279814	0.0006911423644387	0.0006915970888195	sub-20961	ses-1				space-ACPC			DSIStudio	autotrackgqi
Association_InferiorLongitudinalFasciculusR	txy	DSIStudio	/scratch/executivefunction/SLURM_8364170_111/job-8364170-111-sub-20961-ses-1/ds/inputs/data/qsiprep/qsiprep/sub-20961/ses-1/dwi/sub-20961_ses-1_space-ACPC_desc-preproc_dwi.nii.gz	0.0074484944532488	2.2391204137661432e-05	0.0001373994198043	9.75100920186378e-06	2.255923648549316e-05	1.0487002782610944e-05	0.0001379002620691	6.555603568584158e-05	6.559916718024517e-05	sub-20961	ses-1				space-ACPC			DSIStudio	autotrackgqi
Association_InferiorLongitudinalFasciculusR	txz	DSIStudio	/scratch/executivefunction/SLURM_8364170_111/job-8364170-111-sub-20961-ses-1/ds/inputs/data/qsiprep/qsiprep/sub-20961/ses-1/dwi/sub-20961_ses-1_space-ACPC_desc-preproc_dwi.nii.gz	0.0074484944532488	2.2046287978438414e-05	0.0001139773100495	1.2648514712054748e-05	2.2211731940594984e-05	1.3300370028446196e-05	0.0001143881141301	1.979987309729165e-05	1.981290006707509e-05	sub-20961	ses-1				space-ACPC			DSIStudio	autotrackgqi
Association_InferiorLongitudinalFasciculusR	tyy	DSIStudio	/scratch/executivefunction/SLURM_8364170_111/job-8364170-111-sub-20961-ses-1/ds/inputs/data/qsiprep/qsiprep/sub-20961/ses-1/dwi/sub-20961_ses-1_space-ACPC_desc-preproc_dwi.nii.gz	0.0074484944532488	0.0009464306947826	0.0003104223878326	0.0008848505385685	0.0009535330806448	0.0008870808233041	0.0003005209436148	0.0010300958706843	0.0010307736032264	sub-20961	ses-1				space-ACPC			DSIStudio	autotrackgqi
Association_InferiorLongitudinalFasciculusR	tyz	DSIStudio	/scratch/executivefunction/SLURM_8364170_111/job-8364170-111-sub-20961-ses-1/ds/inputs/data/qsiprep/qsiprep/sub-20961/ses-1/dwi/sub-20961_ses-1_space-ACPC_desc-preproc_dwi.nii.gz	0.0074484944532488	5.9527202069959535e-05	0.0001562837807338	3.600901800382417e-05	5.99739174615112e-05	3.7108806282049045e-05	0.0001567836749939	0.0001185218441784	0.0001185998233976	sub-20961	ses-1				space-ACPC			DSIStudio	autotrackgqi
Association_InferiorLongitudinalFasciculusR	tzz	DSIStudio	/scratch/executivefunction/SLURM_8364170_111/job-8364170-111-sub-20961-ses-1/ds/inputs/data/qsiprep/qsiprep/sub-20961/ses-1/dwi/sub-20961_ses-1_space-ACPC_desc-preproc_dwi.nii.gz	0.0074484944532488	0.0008284724681691	0.0002716311056058	0.0007994902844075	0.0008346896493928	0.0008011163736227	0.0002629595798248	0.0007367583741525	0.0007372431106566	sub-20961	ses-1				space-ACPC			DSIStudio	autotrackgqi
ProjectionBasalGanglia_AnsaLenticularisR	ad	DSIStudio	/scratch/executivefunction/SLURM_8364170_111/job-8364170-111-sub-20961-ses-1/ds/inputs/data/qsiprep/qsiprep/sub-20961/ses-1/dwi/sub-20961_ses-1_space-ACPC_desc-preproc_dwi.nii.gz	0.0	1.4875482700219087	0.6632216489537256	1.2143296003341677	1.4875482700219087	1.2143296003341677	0.6632216489537256	1.401358479392175	1.401358479392175	sub-20961	ses-1				space-ACPC			DSIStudio	autotrackgqi
ProjectionBasalGanglia_AnsaLenticularisR	dti_fa	DSIStudio	/scratch/executivefunction/SLURM_8364170_111/job-8364170-111-sub-20961-ses-1/ds/inputs/data/qsiprep/qsiprep/sub-20961/ses-1/dwi/sub-20961_ses-1_space-ACPC_desc-preproc_dwi.nii.gz	0.0	0.3196015241699714	0.1392009422144082	0.3003812730312347	0.3196015241699714	0.3003812730312347	0.1392009422144082	0.3160882461576362	0.3160882461576362	sub-20961	ses-1				space-ACPC			DSIStudio	autotrackgqi
ProjectionBasalGanglia_AnsaLenticularisR	gfa	DSIStudio	/scratch/executivefunction/SLURM_8364170_111/job-8364170-111-sub-20961-ses-1/ds/inputs/data/qsiprep/qsiprep/sub-20961/ses-1/dwi/sub-20961_ses-1_space-ACPC_desc-preproc_dwi.nii.gz	0.0	0.0747146990820359	0.0297814914429443	0.0696071833372116	0.0747146990820359	0.0696071833372116	0.0297814914429443	0.07209814676607	0.07209814676607	sub-20961	ses-1				space-ACPC			DSIStudio	autotrackgqi
ProjectionBasalGanglia_AnsaLenticularisR	ha	DSIStudio	/scratch/executivefunction/SLURM_8364170_111/job-8364170-111-sub-20961-ses-1/ds/inputs/data/qsiprep/qsiprep/sub-20961/ses-1/dwi/sub-20961_ses-1_space-ACPC_desc-preproc_dwi.nii.gz	0.0	2.189756097264141	37.26242406577767	3.366137981414795	2.189756097264141	3.366137981414795	37.26242406577767	3.1751102514702887	3.1751102514702887	sub-20961	ses-1				space-ACPC			DSIStudio	autotrackgqi
ProjectionBasalGanglia_AnsaLenticularisR	iso	DSIStudio	/scratch/executivefunction/SLURM_8364170_111/job-8364170-111-sub-20961-ses-1/ds/inputs/data/qsiprep/qsiprep/sub-20961/ses-1/dwi/sub-20961_ses-1_space-ACPC_desc-preproc_dwi.nii.gz	0.0	0.6013022950116538	0.1368370697317557	0.640825629234314	0.6013022950116538	0.640825629234314	0.1368370697317557	0.6386835683145875	0.6386835683145875	sub-20961	ses-1				space-ACPC			DSIStudio	autotrackgqi
ProjectionBasalGanglia_AnsaLenticularisR	md	DSIStudio	/scratch/executivefunction/SLURM_8364170_111/job-8364170-111-sub-20961-ses-1/ds/inputs/data/qsiprep/qsiprep/sub-20961/ses-1/dwi/sub-20961_ses-1_space-ACPC_desc-preproc_dwi.nii.gz	0.0	1.1256506412878389	0.5922950591194734	0.8541863560676575	1.1256506412878389	0.8541863560676575	0.5922950591194734	1.0630483154843675	1.0630483154843675	sub-20961	ses-1				space-ACPC			DSIStudio	autotrackgqi
ProjectionBasalGanglia_AnsaLenticularisR	qa	DSIStudio	/scratch/executivefunction/SLURM_8364170_111/job-8364170-111-sub-20961-ses-1/ds/inputs/data/qsiprep/qsiprep/sub-20961/ses-1/dwi/sub-20961_ses-1_space-ACPC_desc-preproc_dwi.nii.gz	0.0	0.2026854150509433	0.0986304464720981	0.1868537962436676	0.2026854150509433	0.1868537962436676	0.0986304464720981	0.2046945187887775	0.2046945187887775	sub-20961	ses-1				space-ACPC			DSIStudio	autotrackgqi
ProjectionBasalGanglia_AnsaLenticularisR	rd1	DSIStudio	/scratch/executivefunction/SLURM_8364170_111/job-8364170-111-sub-20961-ses-1/ds/inputs/data/qsiprep/qsiprep/sub-20961/ses-1/dwi/sub-20961_ses-1_space-ACPC_desc-preproc_dwi.nii.gz	0.0	1.0549917625187744	0.6000609657978506	0.8129345178604126	1.0549917625187744	0.8129345178604126	0.6000609657978506	1.0051633803464008	1.0051633803464008	sub-20961	ses-1				space-ACPC			DSIStudio	autotrackgqi
ProjectionBasalGanglia_AnsaLenticularisR	rd2	DSIStudio	/scratch/executivefunction/SLURM_8364170_111/job-8364170-111-sub-20961-ses-1/ds/inputs/data/qsiprep/qsiprep/sub-20961/ses-1/dwi/sub-20961_ses-1_space-ACPC_desc-preproc_dwi.nii.gz	0.0	0.8344118909259919	0.5614024171043515	0.6120410561561584	0.8344118909259919	0.6120410561561584	0.5614024171043515	0.7826230873745517	0.7826230873745517	sub-20961	ses-1				space-ACPC			DSIStudio	autotrackgqi
ProjectionBasalGanglia_AnsaLenticularisR	rd	DSIStudio	/scratch/executivefunction/SLURM_8364170_111/job-8364170-111-sub-20961-ses-1/ds/inputs/data/qsiprep/qsiprep/sub-20961/ses-1/dwi/sub-20961_ses-1_space-ACPC_desc-preproc_dwi.nii.gz	0.0	0.9447018277037692	0.5776378711744288	0.7045107483863831	0.9447018277037692	0.7045107483863831	0.5776378711744288	0.8938932352408875	0.8938932352408875	sub-20961	ses-1				space-ACPC			DSIStudio	autotrackgqi
ProjectionBasalGanglia_AnsaLenticularisR	txx	DSIStudio	/scratch/executivefunction/SLURM_8364170_111/job-8364170-111-sub-20961-ses-1/ds/inputs/data/qsiprep/qsiprep/sub-20961/ses-1/dwi/sub-20961_ses-1_space-ACPC_desc-preproc_dwi.nii.gz	0.0	0.000983133724692	0.0005743110157425	0.0007836904260329	0.000983133724692	0.0007836904260329	0.0005743110157425	0.0008774093298637	0.0008774093298637	sub-20961	ses-1				space-ACPC			DSIStudio	autotrackgqi
ProjectionBasalGanglia_AnsaLenticularisR	txy	DSIStudio	/scratch/executivefunction/SLURM_8364170_111/job-8364170-111-sub-20961-ses-1/ds/inputs/data/qsiprep/qsiprep/sub-20961/ses-1/dwi/sub-20961_ses-1_space-ACPC_desc-preproc_dwi.nii.gz	0.0	-7.769035170209658e-06	0.0001322430900326	2.1406215182651067e-06	-7.769035170209658e-06	2.1406215182651067e-06	0.0001322430900326	5.177911373335259e-06	5.177911373335259e-06	sub-20961	ses-1				space-ACPC			DSIStudio	autotrackgqi
ProjectionBasalGanglia_AnsaLenticularisR	txz	DSIStudio	/scratch/executivefunction/SLURM_8364170_111/job-8364170-111-sub-20961-ses-1/ds/inputs/data/qsiprep/qsiprep/sub-20961/ses-1/dwi/sub-20961_ses-1_space-ACPC_desc-preproc_dwi.nii.gz	0.0	-1.4251706091839738e-05	0.0001039359377933	-1.1878790246555582e-05	-1.4251706091839738e-05	-1.1878790246555582e-05	0.0001039359377933	-8.509416156553317e-06	-8.509416156553317e-06	sub-20961	ses-1				space-ACPC			DSIStudio	autotrackgqi
ProjectionBasalGanglia_AnsaLenticularisR	tyy	DSIStudio	/scratch/executivefunction/SLURM_8364170_111/job-8364170-111-sub-20961-ses-1/ds/inputs/data/qsiprep/qsiprep/sub-20961/ses-1/dwi/sub-20961_ses-1_space-ACPC_desc-preproc_dwi.nii.gz	0.0	0.0012707778921361	0.0006555516959162	0.0010425428627058	0.0012707778921361	0.0010425428627058	0.0006555516959162	0.0012232116395842	0.0012232116395842	sub-20961	ses-1				space-ACPC			DSIStudio	autotrackgqi
ProjectionBasalGanglia_AnsaLenticularisR	tyz	DSIStudio	/scratch/executivefunction/SLURM_8364170_111/job-8364170-111-sub-20961-ses-1/ds/inputs/data/qsiprep/qsiprep/sub-20961/ses-1/dwi/sub-20961_ses-1_space-ACPC_desc-preproc_dwi.nii.gz	0.0	1.0592633129504705e-05	0.0001765995006918	2.472554569976637e-06	1.0592633129504705e-05	2.472554569976637e-06	0.0001765995006918	1.3453579430267843e-05	1.3453579430267843e-05	sub-20961	ses-1				space-ACPC			DSIStudio	autotrackgqi
ProjectionBasalGanglia_AnsaLenticularisR	tzz	DSIStudio	/scratch/executivefunction/SLURM_8364170_111/job-8364170-111-sub-20961-ses-1/ds/inputs/data/qsiprep/qsiprep/sub-20961/ses-1/dwi/sub-20961_ses-1_space-ACPC_desc-preproc_dwi.nii.gz	0.0	0.0011230403079207	0.0006443775725452	0.0008889478631317	0.0011230403079207	0.0008889478631317	0.0006443775725452	0.0010885239802407	0.0010885239802407	sub-20961	ses-1				space-ACPC			DSIStudio	autotrackgqi
ProjectionBasalGanglia_AnsaSubthalamicaL	ad	DSIStudio	/scratch/executivefunction/SLURM_8364170_111/job-8364170-111-sub-20961-ses-1/ds/inputs/data/qsiprep/qsiprep/sub-20961/ses-1/dwi/sub-20961_ses-1_space-ACPC_desc-preproc_dwi.nii.gz	0.0	1.3194828678821695	0.470373118786034	1.199174880981445	1.3194828678821695	1.199174880981445	0.470373118786034	1.4670792274558375	1.4670792274558375	sub-20961	ses-1				space-ACPC			DSIStudio	autotrackgqi
ProjectionBasalGanglia_AnsaSubthalamicaL	dti_fa	DSIStudio	/scratch/executivefunction/SLURM_8364170_111/job-8364170-111-sub-20961-ses-1/ds/inputs/data/qsiprep/qsiprep/sub-20961/ses-1/dwi/sub-20961_ses-1_space-ACPC_desc-preproc_dwi.nii.gz	0.0	0.4241884999919211	0.1614629416466704	0.4047635197639465	0.4241884999919211	0.4047635197639465	0.1614629416466704	0.4592861604131649	0.4592861604131649	sub-20961	ses-1				space-ACPC			DSIStudio	autotrackgqi
ProjectionBasalGanglia_AnsaSubthalamicaL	gfa	DSIStudio	/scratch/executivefunction/SLURM_8364170_111/job-8364170-111-sub-20961-ses-1/ds/inputs/data/qsiprep/qsiprep/sub-20961/ses-1/dwi/sub-20961_ses-1_space-ACPC_desc-preproc_dwi.nii.gz	0.0	0.089307394349712	0.0317743629853723	0.0837103500962257	0.089307394349712	0.0837103500962257	0.0317743629853723	0.1003173059481778	0.1003173059481778	sub-20961	ses-1				space-ACPC			DSIStudio	autotrackgqi
ProjectionBasalGanglia_AnsaSubthalamicaL	ha	DSIStudio	/scratch/executivefunction/SLURM_8364170_111/job-8364170-111-sub-20961-ses-1/ds/inputs/data/qsiprep/qsiprep/sub-20961/ses-1/dwi/sub-20961_ses-1_space-ACPC_desc-preproc_dwi.nii.gz	0.0	7.955710740670048	30.65094505926765	10.581045150756836	7.955710740670048	10.581045150756836	30.65094505926765	12.94721398247482	12.94721398247482	sub-20961	ses-1				space-ACPC			DSIStudio	autotrackgqi
ProjectionBasalGanglia_AnsaSubthalamicaL	iso	DSIStudio	/scratch/executivefunction/SLURM_8364170_111/job-8364170-111-sub-20961-ses-1/ds/inputs/data/qsiprep/qsiprep/sub-20961/ses-1/dwi/sub-20961_ses-1_space-ACPC_desc-preproc_dwi.nii.gz	0.0	0.5261034298559715	0.1319290567077403	0.5084736943244934	0.5261034298559715	0.5084736943244934	0.1319290567077403	0.5109639462608186	0.5109639462608186	sub-20961	ses-1				space-ACPC			DSIStudio	autotrackgqi
ProjectionBasalGanglia_AnsaSubthalamicaL	md	DSIStudio	/scratch/executivefunction/SLURM_8364170_111/job-8364170-111-sub-20961-ses-1/ds/inputs/data/qsiprep/qsiprep/sub-20961/ses-1/dwi/sub-20961_ses-1_space-ACPC_desc-preproc_dwi.nii.gz	0.0	0.9030196235097688	0.4157452558710189	0.7889718413352966	0.9030196235097688	0.7889718413352966	0.4157452558710189	0.9739624459865088	0.9739624459865088	sub-20961	ses-1				space-ACPC			DSIStudio	autotrackgqi
ProjectionBasalGanglia_AnsaSubthalamicaL	qa	DSIStudio	/scratch/executivefunction/SLURM_8364170_111/job-8364170-111-sub-20961-ses-1/ds/inputs/data/qsiprep/qsiprep/sub-20961/ses-1/dwi/sub-20961_ses-1_space-ACPC_desc-preproc_dwi.nii.gz	0.0	0.216568655709083	0.0943016542195224	0.2112802863121032	0.216568655709083	0.2112802863121032	0.0943016542195224	0.237332450679031	0.237332450679031	sub-20961	ses-1				space-ACPC			DSIStudio	autotrackgqi
ProjectionBasalGanglia_AnsaSubthalamicaL	rd1	DSIStudio	/scratch/executivefunction/SLURM_8364170_111/job-8364170-111-sub-20961-ses-1/ds/inputs/data/qsiprep/qsiprep/sub-20961/ses-1/dwi/sub-20961_ses-1_space-ACPC_desc-preproc_dwi.nii.gz	0.0	0.8091328718196387	0.4247721950618174	0.7138621807098389	0.8091328718196387	0.7138621807098389	0.4247721950618174	0.8404891806585064	0.8404891806585064	sub-20961	ses-1				space-ACPC			DSIStudio	autotrackgqi
ProjectionBasalGanglia_AnsaSubthalamicaL	rd2	DSIStudio	/scratch/executivefunction/SLURM_8364170_111/job-8364170-111-sub-20961-ses-1/ds/inputs/data/qsiprep/qsiprep/sub-20961/ses-1/dwi/sub-20961_ses-1_space-ACPC_desc-preproc_dwi.nii.gz	0.0	0.5804431284638657	0.4229671350597638	0.4927350580692291	0.5804431284638657	0.4927350580692291	0.4229671350597638	0.614318918619738	0.614318918619738	sub-20961	ses-1				space-ACPC			DSIStudio	autotrackgqi
ProjectionBasalGanglia_AnsaSubthalamicaL	rd	DSIStudio	/scratch/executivefunction/SLURM_8364170_111/job-8364170-111-sub-20961-ses-1/ds/inputs/data/qsiprep/qsiprep/sub-20961/ses-1/dwi/sub-20961_ses-1_space-ACPC_desc-preproc_dwi.nii.gz	0.0	0.6947879995765357	0.4197968395067853	0.6028215885162354	0.6947879995765357	0.6028215885162354	0.4197968395067853	0.7274040455716517	0.7274040455716517	sub-20961	ses-1				space-ACPC			DSIStudio	autotrackgqi
ProjectionBasalGanglia_AnsaSubthalamicaL	txx	DSIStudio	/scratch/executivefunction/SLURM_8364170_111/job-8364170-111-sub-20961-ses-1/ds/inputs/data/qsiprep/qsiprep/sub-20961/ses-1/dwi/sub-20961_ses-1_space-ACPC_desc-preproc_dwi.nii.gz	0.0	0.000901188786361	0.0004675476227023	0.000773990585003	0.000901188786361	0.000773990585003	0.0004675476227023	0.0010073171320607	0.0010073171320607	sub-20961	ses-1				space-ACPC			DSIStudio	autotrackgqi
ProjectionBasalGanglia_AnsaSubthalamicaL	txy	DSIStudio	/scratch/executivefunction/SLURM_8364170_111/job-8364170-111-sub-20961-ses-1/ds/inputs/data/qsiprep/qsiprep/sub-20961/ses-1/dwi/sub-20961_ses-1_space-ACPC_desc-preproc_dwi.nii.gz	0.0	3.377563581757752e-05	0.0002278611112155	2.641702303662896e-05	3.377563581757752e-05	2.641702303662896e-05	0.0002278611112155	6.953439303271617e-05	6.953439303271617e-05	sub-20961	ses-1				space-ACPC			DSIStudio	autotrackgqi
ProjectionBasalGanglia_AnsaSubthalamicaL	txz	DSIStudio	/scratch/executivefunction/SLURM_8364170_111/job-8364170-111-sub-20961-ses-1/ds/inputs/data/qsiprep/qsiprep/sub-20961/ses-1/dwi/sub-20961_ses-1_space-ACPC_desc-preproc_dwi.nii.gz	0.0	0.0001087772634158	0.0001436378278139	9.691453306004404e-05	0.0001087772634158	9.691453306004404e-05	0.0001436378278139	0.0001540354564892	0.0001540354564892	sub-20961	ses-1				space-ACPC			DSIStudio	autotrackgqi
ProjectionBasalGanglia_AnsaSubthalamicaL	tyy	DSIStudio	/scratch/executivefunction/SLURM_8364170_111/job-8364170-111-sub-20961-ses-1/ds/inputs/data/qsiprep/qsiprep/sub-20961/ses-1/dwi/sub-20961_ses-1_space-ACPC_desc-preproc_dwi.nii.gz	0.0	0.0009626731419689	0.0004516369503141	0.0008837191853672	0.0009626731419689	0.0008837191853672	0.0004516369503141	0.0010342867362513	0.0010342867362513	sub-20961	ses-1				space-ACPC			DSIStudio	autotrackgqi
ProjectionBasalGanglia_AnsaSubthalamicaL	tyz	DSIStudio	/scratch/executivefunction/SLURM_8364170_111/job-8364170-111-sub-20961-ses-1/ds/inputs/data/qsiprep/qsiprep/sub-20961/ses-1/dwi/sub-20961_ses-1_space-ACPC_desc-preproc_dwi.nii.gz	0.0	-4.290985652967239e-05	0.0001777121967121	-3.341120827826671e-05	-4.290985652967239e-05	-3.341120827826671e-05	0.0001777121967121	-9.449897934384336e-06	-9.449897934384336e-06	sub-20961	ses-1				space-ACPC			DSIStudio	autotrackgqi
ProjectionBasalGanglia_AnsaSubthalamicaL	tzz	DSIStudio	/scratch/executivefunction/SLURM_8364170_111/job-8364170-111-sub-20961-ses-1/ds/inputs/data/qsiprep/qsiprep/sub-20961/ses-1/dwi/sub-20961_ses-1_space-ACPC_desc-preproc_dwi.nii.gz	0.0	0.0008451969417657	0.0004466721571143	0.0007230298360809	0.0008451969417657	0.0007230298360809	0.0004466721571143	0.0008802834722528	0.0008802834722528	sub-20961	ses-1				space-ACPC			DSIStudio	autotrackgqi
ProjectionBasalGanglia_FasciculusLenticularisL	ad	DSIStudio	/scratch/executivefunction/SLURM_8364170_111/job-8364170-111-sub-20961-ses-1/ds/inputs/data/qsiprep/qsiprep/sub-20961/ses-1/dwi/sub-20961_ses-1_space-ACPC_desc-preproc_dwi.nii.gz	0.0	1.1933256988029757	0.320308157576374	1.0967917442321775	1.1933256988029757	1.0967917442321775	0.320308157576374	1.1896912387949	1.1896912387949	sub-20961	ses-1				space-ACPC			DSIStudio	autotrackgqi
ProjectionBasalGanglia_FasciculusLenticularisL	dti_fa	DSIStudio	/scratch/executivefunction/SLURM_8364170_111/job-8364170-111-sub-20961-ses-1/ds/inputs/data/qsiprep/qsiprep/sub-20961/ses-1/dwi/sub-20961_ses-1_space-ACPC_desc-preproc_dwi.nii.gz	0.0	0.3717193450231278	0.1379903243026026	0.3499007821083069	0.3717193450231278	0.3499007821083069	0.1379903243026026	0.4123070735245428	0.4123070735245428	sub-20961	ses-1				space-ACPC			DSIStudio	autotrackgqi
ProjectionBasalGanglia_FasciculusLenticularisL	gfa	DSIStudio	/scratch/executivefunction/SLURM_8364170_111/job-8364170-111-sub-20961-ses-1/ds/inputs/data/qsiprep/qsiprep/sub-20961/ses-1/dwi/sub-20961_ses-1_space-ACPC_desc-preproc_dwi.nii.gz	0.0	0.0782173083941569	0.0277921512341363	0.0738372951745987	0.0782173083941569	0.0738372951745987	0.0277921512341363	0.0859782356945917	0.0859782356945917	sub-20961	ses-1				space-ACPC			DSIStudio	autotrackgqi
ProjectionBasalGanglia_FasciculusLenticularisL	ha	DSIStudio	/scratch/executivefunction/SLURM_8364170_111/job-8364170-111-sub-20961-ses-1/ds/inputs/data/qsiprep/qsiprep/sub-20961/ses-1/dwi/sub-20961_ses-1_space-ACPC_desc-preproc_dwi.nii.gz	0.0	-4.292180518916805	37.46026604079279	-4.150127410888672	-4.292180518916805	-4.150127410888672	37.46026604079279	4.337678452561006	4.337678452561006	sub-20961	ses-1				space-ACPC			DSIStudio	autotrackgqi
ProjectionBasalGanglia_FasciculusLenticularisL	iso	DSIStudio	/scratch/executivefunction/SLURM_8364170_111/job-8364170-111-sub-20961-ses-1/ds/inputs/data/qsiprep/qsiprep/sub-20961/ses-1/dwi/sub-20961_ses-1_space-ACPC_desc-preproc_dwi.nii.gz	0.0	0.6280962250138696	0.1060960380658657	0.6564286947250366	0.6280962250138696	0.6564286947250366	0.1060960380658657	0.6567815114892515	0.6567815114892515	sub-20961	ses-1				space-ACPC			DSIStudio	autotrackgqi
ProjectionBasalGanglia_FasciculusLenticularisL	md	DSIStudio	/scratch/executivefunction/SLURM_8364170_111/job-8364170-111-sub-20961-ses-1/ds/inputs/data/qsiprep/qsiprep/sub-20961/ses-1/dwi/sub-20961_ses-1_space-ACPC_desc-preproc_dwi.nii.gz	0.0	0.8456673013266697	0.249695880779207	0.7814554572105408	0.8456673013266697	0.7814554572105408	0.249695880779207	0.8079114478255178	0.8079114478255178	sub-20961	ses-1				space-ACPC			DSIStudio	autotrackgqi
ProjectionBasalGanglia_FasciculusLenticularisL	qa	DSIStudio	/scratch/executivefunction/SLURM_8364170_111/job-8364170-111-sub-20961-ses-1/ds/inputs/data/qsiprep/qsiprep/sub-20961/ses-1/dwi/sub-20961_ses-1_space-ACPC_desc-preproc_dwi.nii.gz	0.0	0.2184098826914919	0.0811631172746494	0.2027962207794189	0.2184098826914919	0.2027962207794189	0.0811631172746494	0.2536299953265953	0.2536299953265953	sub-20961	ses-1				space-ACPC			DSIStudio	autotrackgqi
ProjectionBasalGanglia_FasciculusLenticularisL	rd1	DSIStudio	/scratch/executivefunction/SLURM_8364170_111/job-8364170-111-sub-20961-ses-1/ds/inputs/data/qsiprep/qsiprep/sub-20961/ses-1/dwi/sub-20961_ses-1_space-ACPC_desc-preproc_dwi.nii.gz	0.0	0.7776290970357088	0.2554266875478738	0.743595689535141	0.7776290970357088	0.743595689535141	0.2554266875478738	0.7260917297153417	0.7260917297153417	sub-20961	ses-1				space-ACPC			DSIStudio	autotrackgqi
ProjectionBasalGanglia_FasciculusLenticularisL	rd2	DSIStudio	/scratch/executivefunction/SLURM_8364170_111/job-8364170-111-sub-20961-ses-1/ds/inputs/data/qsiprep/qsiprep/sub-20961/ses-1/dwi/sub-20961_ses-1_space-ACPC_desc-preproc_dwi.nii.gz	0.0	0.5660471137826695	0.2530105096207164	0.522846132516861	0.5660471137826695	0.522846132516861	0.2530105096207164	0.5079513833518101	0.5079513833518101	sub-20961	ses-1				space-ACPC			DSIStudio	autotrackgqi
ProjectionBasalGanglia_FasciculusLenticularisL	rd	DSIStudio	/scratch/executivefunction/SLURM_8364170_111/job-8364170-111-sub-20961-ses-1/ds/inputs/data/qsiprep/qsiprep/sub-20961/ses-1/dwi/sub-20961_ses-1_space-ACPC_desc-preproc_dwi.nii.gz	0.0	0.671838105899886	0.249628628555361	0.6372796595096588	0.671838105899886	0.6372796595096588	0.249628628555361	0.617021557862836	0.617021557862836	sub-20961	ses-1				space-ACPC			DSIStudio	autotrackgqi
ProjectionBasalGanglia_FasciculusLenticularisL	txx	DSIStudio	/scratch/executivefunction/SLURM_8364170_111/job-8364170-111-sub-20961-ses-1/ds/inputs/data/qsiprep/qsiprep/sub-20961/ses-1/dwi/sub-20961_ses-1_space-ACPC_desc-preproc_dwi.nii.gz	0.0	0.0007691463276344	0.0003147640288782	0.000679343851516	0.0007691463276344	0.000679343851516	0.0003147640288782	0.0006612635988569	0.0006612635988569	sub-20961	ses-1				space-ACPC			DSIStudio	autotrackgqi
ProjectionBasalGanglia_FasciculusLenticularisL	txy	DSIStudio	/scratch/executivefunction/SLURM_8364170_111/job-8364170-111-sub-20961-ses-1/ds/inputs/data/qsiprep/qsiprep/sub-20961/ses-1/dwi/sub-20961_ses-1_space-ACPC_desc-preproc_dwi.nii.gz	0.0	-2.091902389902789e-05	0.0001467976049328	-3.955777719966136e-05	-2.091902389902789e-05	-3.955777719966136e-05	0.0001467976049328	-3.8815733124528736e-05	-3.8815733124528736e-05	sub-20961	ses-1				space-ACPC			DSIStudio	autotrackgqi
ProjectionBasalGanglia_FasciculusLenticularisL	txz	DSIStudio	/scratch/executivefunction/SLURM_8364170_111/job-8364170-111-sub-20961-ses-1/ds/inputs/data/qsiprep/qsiprep/sub-20961/ses-1/dwi/sub-20961_ses-1_space-ACPC_desc-preproc_dwi.nii.gz	0.0	1.5270473592399588e-05	0.0001255935739924	3.078236841247417e-05	1.5270473592399588e-05	3.078236841247417e-05	0.0001255935739924	3.3503486436172806e-06	3.3503486436172806e-06	sub-20961	ses-1				space-ACPC			DSIStudio	autotrackgqi
ProjectionBasalGanglia_FasciculusLenticularisL	tyy	DSIStudio	/scratch/executivefunction/SLURM_8364170_111/job-8364170-111-sub-20961-ses-1/ds/inputs/data/qsiprep/qsiprep/sub-20961/ses-1/dwi/sub-20961_ses-1_space-ACPC_desc-preproc_dwi.nii.gz	0.0	0.0009410854923563	0.0002888307488125	0.0009074174740817	0.0009410854923563	0.0009074174740817	0.0002888307488125	0.0009258073057131	0.0009258073057131	sub-20961	ses-1				space-ACPC			DSIStudio	autotrackgqi
ProjectionBasalGanglia_FasciculusLenticularisL	tyz	DSIStudio	/scratch/executivefunction/SLURM_8364170_111/job-8364170-111-sub-20961-ses-1/ds/inputs/data/qsiprep/qsiprep/sub-20961/ses-1/dwi/sub-20961_ses-1_space-ACPC_desc-preproc_dwi.nii.gz	0.0	3.549692248707205e-05	0.0001504874240986	2.0107031559746247e-05	3.549692248707205e-05	2.0107031559746247e-05	0.0001504874240986	0.0001248336243213	0.0001248336243213	sub-20961	ses-1				space-ACPC			DSIStudio	autotrackgqi
ProjectionBasalGanglia_FasciculusLenticularisL	tzz	DSIStudio	/scratch/executivefunction/SLURM_8364170_111/job-8364170-111-sub-20961-ses-1/ds/inputs/data/qsiprep/qsiprep/sub-20961/ses-1/dwi/sub-20961_ses-1_space-ACPC_desc-preproc_dwi.nii.gz	0.0	0.0008267700909413	0.0003375196308711	0.0007687140605412	0.0008267700909413	0.0007687140605412	0.0003375196308711	0.0008366634504405	0.0008366634504405	sub-20961	ses-1				space-ACPC			DSIStudio	autotrackgqi
ProjectionBrainstem_DentatorubrothalamicTract-lr	ad	DSIStudio	/scratch/executivefunction/SLURM_8364170_111/job-8364170-111-sub-20961-ses-1/ds/inputs/data/qsiprep/qsiprep/sub-20961/ses-1/dwi/sub-20961_ses-1_space-ACPC_desc-preproc_dwi.nii.gz	0.0	1.249130961508944	0.2697297088742479	1.1870499849319458	1.249130961508944	1.1870499849319458	0.2697297088742479	1.2814916032105206	1.2814916032105206	sub-20961	ses-1				space-ACPC			DSIStudio	autotrackgqi
ProjectionBrainstem_DentatorubrothalamicTract-lr	dti_fa	DSIStudio	/scratch/executivefunction/SLURM_8364170_111/job-8364170-111-sub-20961-ses-1/ds/inputs/data/qsiprep/qsiprep/sub-20961/ses-1/dwi/sub-20961_ses-1_space-ACPC_desc-preproc_dwi.nii.gz	0.0	0.4604088869671905	0.1807286870822896	0.4635149091482162	0.4604088869671905	0.4635149091482162	0.1807286870822896	0.5232717481933113	0.5232717481933113	sub-20961	ses-1				space-ACPC			DSIStudio	autotrackgqi
ProjectionBrainstem_DentatorubrothalamicTract-lr	gfa	DSIStudio	/scratch/executivefunction/SLURM_8364170_111/job-8364170-111-sub-20961-ses-1/ds/inputs/data/qsiprep/qsiprep/sub-20961/ses-1/dwi/sub-20961_ses-1_space-ACPC_desc-preproc_dwi.nii.gz	0.0	0.101010158137213	0.0374210203499439	0.1000966466963291	0.101010158137213	0.1000966466963291	0.0374210203499439	0.1132427527387196	0.1132427527387196	sub-20961	ses-1				space-ACPC			DSIStudio	autotrackgqi
ProjectionBrainstem_DentatorubrothalamicTract-lr	ha	DSIStudio	/scratch/executivefunction/SLURM_8364170_111/job-8364170-111-sub-20961-ses-1/ds/inputs/data/qsiprep/qsiprep/sub-20961/ses-1/dwi/sub-20961_ses-1_space-ACPC_desc-preproc_dwi.nii.gz	0.0	-26.760842402195543	40.86238287859516	-42.54512023925781	-26.760842402195543	-42.54512023925781	40.86238287859516	-30.14871303095139	-30.14871303095139	sub-20961	ses-1				space-ACPC			DSIStudio	autotrackgqi
ProjectionBrainstem_DentatorubrothalamicTract-lr	iso	DSIStudio	/scratch/executivefunction/SLURM_8364170_111/job-8364170-111-sub-20961-ses-1/ds/inputs/data/qsiprep/qsiprep/sub-20961/ses-1/dwi/sub-20961_ses-1_space-ACPC_desc-preproc_dwi.nii.gz	0.0	0.7671147529510544	0.1268662163617205	0.7488724589347839	0.7671147529510544	0.7488724589347839	0.1268662163617205	0.7490671404294397	0.7490671404294397	sub-20961	ses-1				space-ACPC			DSIStudio	autotrackgqi
ProjectionBrainstem_DentatorubrothalamicTract-lr	md	DSIStudio	/scratch/executivefunction/SLURM_8364170_111/job-8364170-111-sub-20961-ses-1/ds/inputs/data/qsiprep/qsiprep/sub-20961/ses-1/dwi/sub-20961_ses-1_space-ACPC_desc-preproc_dwi.nii.gz	0.0	0.8143934972550737	0.2186571191688487	0.7650493681430817	0.8143934972550737	0.7650493681430817	0.2186571191688487	0.7762924501524922	0.7762924501524922	sub-20961	ses-1				space-ACPC			DSIStudio	autotrackgqi
ProjectionBrainstem_DentatorubrothalamicTract-lr	qa	DSIStudio	/scratch/executivefunction/SLURM_8364170_111/job-8364170-111-sub-20961-ses-1/ds/inputs/data/qsiprep/qsiprep/sub-20961/ses-1/dwi/sub-20961_ses-1_space-ACPC_desc-preproc_dwi.nii.gz	0.0	0.3544694710092834	0.1349224807901544	0.3478237092494964	0.3544694710092834	0.3478237092494964	0.1349224807901544	0.3954020319787592	0.3954020319787592	sub-20961	ses-1				space-ACPC			DSIStudio	autotrackgqi
ProjectionBrainstem_DentatorubrothalamicTract-lr	rd1	DSIStudio	/scratch/executivefunction/SLURM_8364170_111/job-8364170-111-sub-20961-ses-1/ds/inputs/data/qsiprep/qsiprep/sub-20961/ses-1/dwi/sub-20961_ses-1_space-ACPC_desc-preproc_dwi.nii.gz	0.0	0.7109482306568161	0.2619500576154655	0.6892170906066895	0.7109482306568161	0.6892170906066895	0.2619500576154655	0.6334093502140813	0.6334093502140813	sub-20961	ses-1				space-ACPC			DSIStudio	autotrackgqi
ProjectionBrainstem_DentatorubrothalamicTract-lr	rd2	DSIStudio	/scratch/executivefunction/SLURM_8364170_111/job-8364170-111-sub-20961-ses-1/ds/inputs/data/qsiprep/qsiprep/sub-20961/ses-1/dwi/sub-20961_ses-1_space-ACPC_desc-preproc_dwi.nii.gz	0.0	0.4831012996190089	0.2736192114517459	0.4220998585224151	0.4831012996190089	0.4220998585224151	0.2736192114517459	0.4139764031978107	0.4139764031978107	sub-20961	ses-1				space-ACPC			DSIStudio	autotrackgqi
ProjectionBrainstem_DentatorubrothalamicTract-lr	rd	DSIStudio	/scratch/executivefunction/SLURM_8364170_111/job-8364170-111-sub-20961-ses-1/ds/inputs/data/qsiprep/qsiprep/sub-20961/ses-1/dwi/sub-20961_ses-1_space-ACPC_desc-preproc_dwi.nii.gz	0.0	0.5970247655637797	0.2602784786889623	0.5521612167358398	0.5970247655637797	0.5521612167358398	0.2602784786889623	0.523692876966939	0.523692876966939	sub-20961	ses-1				space-ACPC			DSIStudio	autotrackgqi
ProjectionBrainstem_DentatorubrothalamicTract-lr	txx	DSIStudio	/scratch/executivefunction/SLURM_8364170_111/job-8364170-111-sub-20961-ses-1/ds/inputs/data/qsiprep/qsiprep/sub-20961/ses-1/dwi/sub-20961_ses-1_space-ACPC_desc-preproc_dwi.nii.gz	0.0	0.000719952642522	0.000279054376455	0.0006854521052446	0.000719952642522	0.0006854521052446	0.000279054376455	0.00065122897572	0.00065122897572	sub-20961	ses-1				space-ACPC			DSIStudio	autotrackgqi
ProjectionBrainstem_DentatorubrothalamicTract-lr	txy	DSIStudio	/scratch/executivefunction/SLURM_8364170_111/job-8364170-111-sub-20961-ses-1/ds/inputs/data/qsiprep/qsiprep/sub-20961/ses-1/dwi/sub-20961_ses-1_space-ACPC_desc-preproc_dwi.nii.gz	0.0	-2.851368115478263e-05	0.0001615902910465	-5.187521523453142e-07	-2.851368115478263e-05	-5.187521523453142e-07	0.0001615902910465	-7.784771506911915e-05	-7.784771506911915e-05	sub-20961	ses-1				space-ACPC			DSIStudio	autotrackgqi
ProjectionBrainstem_DentatorubrothalamicTract-lr	txz	DSIStudio	/scratch/executivefunction/SLURM_8364170_111/job-8364170-111-sub-20961-ses-1/ds/inputs/data/qsiprep/qsiprep/sub-20961/ses-1/dwi/sub-20961_ses-1_space-ACPC_desc-preproc_dwi.nii.gz	0.0	-1.1182299195703248e-06	0.000193068858582	1.7266666873183567e-05	-1.1182299195703248e-06	1.7266666873183567e-05	0.000193068858582	5.366010239712173e-05	5.366010239712173e-05	sub-20961	ses-1				space-ACPC			DSIStudio	autotrackgqi
ProjectionBrainstem_DentatorubrothalamicTract-lr	tyy	DSIStudio	/scratch/executivefunction/SLURM_8364170_111/job-8364170-111-sub-20961-ses-1/ds/inputs/data/qsiprep/qsiprep/sub-20961/ses-1/dwi/sub-20961_ses-1_space-ACPC_desc-preproc_dwi.nii.gz	0.0	0.0007828227825957	0.000303837235317	0.0007382339099422	0.0007828227825957	0.0007382339099422	0.000303837235317	0.0007786351843971	0.0007786351843971	sub-20961	ses-1				space-ACPC			DSIStudio	autotrackgqi
ProjectionBrainstem_DentatorubrothalamicTract-lr	tyz	DSIStudio	/scratch/executivefunction/SLURM_8364170_111/job-8364170-111-sub-20961-ses-1/ds/inputs/data/qsiprep/qsiprep/sub-20961/ses-1/dwi/sub-20961_ses-1_space-ACPC_desc-preproc_dwi.nii.gz	0.0	-0.0001813062539398	0.0001671896515406	-0.0001666270109126	-0.0001813062539398	-0.0001666270109126	0.0001671896515406	-0.0002334381051083	-0.0002334381051083	sub-20961	ses-1				space-ACPC			DSIStudio	autotrackgqi
ProjectionBrainstem_DentatorubrothalamicTract-lr	tzz	DSIStudio	/scratch/executivefunction/SLURM_8364170_111/job-8364170-111-sub-20961-ses-1/ds/inputs/data/qsiprep/qsiprep/sub-20961/ses-1/dwi/sub-20961_ses-1_space-ACPC_desc-preproc_dwi.nii.gz	0.0	0.0009404050658537	0.0002822360167605	0.0009228543203789	0.0009404050658537	0.0009228543203789	0.0002822360167605	0.0008990131930647	0.0008990131930647	sub-20961	ses-1				space-ACPC			DSIStudio	autotrackgqi
ProjectionBasalGanglia_FornixR	ad	DSIStudio	/scratch/executivefunction/SLURM_8364170_111/job-8364170-111-sub-20961-ses-1/ds/inputs/data/qsiprep/qsiprep/sub-20961/ses-1/dwi/sub-20961_ses-1_space-ACPC_desc-preproc_dwi.nii.gz	0.0	1.6623990080032227	0.7069698097499625	1.481346607208252	1.6623990080032227	1.481346607208252	0.7069698097499625	1.7615321072523231	1.7615321072523231	sub-20961	ses-1				space-ACPC			DSIStudio	autotrackgqi
ProjectionBasalGanglia_FornixR	dti_fa	DSIStudio	/scratch/executivefunction/SLURM_8364170_111/job-8364170-111-sub-20961-ses-1/ds/inputs/data/qsiprep/qsiprep/sub-20961/ses-1/dwi/sub-20961_ses-1_space-ACPC_desc-preproc_dwi.nii.gz	0.0	0.311727314156728	0.1679292556781415	0.2782242894172668	0.311727314156728	0.2782242894172668	0.1679292556781415	0.4043986521139386	0.4043986521139386	sub-20961	ses-1				space-ACPC			DSIStudio	autotrackgqi
ProjectionBasalGanglia_FornixR	gfa	DSIStudio	/scratch/executivefunction/SLURM_8364170_111/job-8364170-111-sub-20961-ses-1/ds/inputs/data/qsiprep/qsiprep/sub-20961/ses-1/dwi/sub-20961_ses-1_space-ACPC_desc-preproc_dwi.nii.gz	0.0	0.0813275658253766	0.0404649124225956	0.0737065076828002	0.0813275658253766	0.0737065076828002	0.0404649124225956	0.1070731029526841	0.1070731029526841	sub-20961	ses-1				space-ACPC			DSIStudio	autotrackgqi
ProjectionBasalGanglia_FornixR	ha	DSIStudio	/scratch/executivefunction/SLURM_8364170_111/job-8364170-111-sub-20961-ses-1/ds/inputs/data/qsiprep/qsiprep/sub-20961/ses-1/dwi/sub-20961_ses-1_space-ACPC_desc-preproc_dwi.nii.gz	0.0	-9.008687029616157	39.77676948685675	-14.34036922454834	-9.008687029616157	-14.34036922454834	39.77676948685675	-13.139576188128382	-13.139576188128382	sub-20961	ses-1				space-ACPC			DSIStudio	autotrackgqi
ProjectionBasalGanglia_FornixR	iso	DSIStudio	/scratch/executivefunction/SLURM_8364170_111/job-8364170-111-sub-20961-ses-1/ds/inputs/data/qsiprep/qsiprep/sub-20961/ses-1/dwi/sub-20961_ses-1_space-ACPC_desc-preproc_dwi.nii.gz	0.0	0.6212805429156963	0.162845947188217	0.6315789818763733	0.6212805429156963	0.6315789818763733	0.162845947188217	0.6108201721118286	0.6108201721118286	sub-20961	ses-1				space-ACPC			DSIStudio	autotrackgqi
ProjectionBasalGanglia_FornixR	md	DSIStudio	/scratch/executivefunction/SLURM_8364170_111/job-8364170-111-sub-20961-ses-1/ds/inputs/data/qsiprep/qsiprep/sub-20961/ses-1/dwi/sub-20961_ses-1_space-ACPC_desc-preproc_dwi.nii.gz	0.0	1.254848959205132	0.614558714553664	0.9884774684906006	1.254848959205132	0.9884774684906006	0.614558714553664	1.2073951846003357	1.2073951846003357	sub-20961	ses-1				space-ACPC			DSIStudio	autotrackgqi
ProjectionBasalGanglia_FornixR	qa	DSIStudio	/scratch/executivefunction/SLURM_8364170_111/job-8364170-111-sub-20961-ses-1/ds/inputs/data/qsiprep/qsiprep/sub-20961/ses-1/dwi/sub-20961_ses-1_space-ACPC_desc-preproc_dwi.nii.gz	0.0	0.2278578240668424	0.1359042785882623	0.1957105249166488	0.2278578240668424	0.1957105249166488	0.1359042785882623	0.3134657776190409	0.3134657776190409	sub-20961	ses-1				space-ACPC			DSIStudio	autotrackgqi
ProjectionBasalGanglia_FornixR	rd1	DSIStudio	/scratch/executivefunction/SLURM_8364170_111/job-8364170-111-sub-20961-ses-1/ds/inputs/data/qsiprep/qsiprep/sub-20961/ses-1/dwi/sub-20961_ses-1_space-ACPC_desc-preproc_dwi.nii.gz	0.0	1.1488196605895835	0.6156617509792983	0.8897827863693237	1.1488196605895835	0.8897827863693237	0.6156617509792983	1.0260891005638555	1.0260891005638555	sub-20961	ses-1				space-ACPC			DSIStudio	autotrackgqi
ProjectionBasalGanglia_FornixR	rd2	DSIStudio	/scratch/executivefunction/SLURM_8364170_111/job-8364170-111-sub-20961-ses-1/ds/inputs/data/qsiprep/qsiprep/sub-20961/ses-1/dwi/sub-20961_ses-1_space-ACPC_desc-preproc_dwi.nii.gz	0.0	0.9533282145092684	0.5913022761848447	0.7277073860168457	0.9533282145092684	0.7277073860168457	0.5913022761848447	0.8345643521940141	0.8345643521940141	sub-20961	ses-1				space-ACPC			DSIStudio	autotrackgqi
ProjectionBasalGanglia_FornixR	rd	DSIStudio	/scratch/executivefunction/SLURM_8364170_111/job-8364170-111-sub-20961-ses-1/ds/inputs/data/qsiprep/qsiprep/sub-20961/ses-1/dwi/sub-20961_ses-1_space-ACPC_desc-preproc_dwi.nii.gz	0.0	1.051073937862429	0.6007683781859239	0.8011513352394104	1.051073937862429	0.8011513352394104	0.6007683781859239	0.9303267273067112	0.9303267273067112	sub-20961	ses-1				space-ACPC			DSIStudio	autotrackgqi
ProjectionBasalGanglia_FornixR	txx	DSIStudio	/scratch/executivefunction/SLURM_8364170_111/job-8364170-111-sub-20961-ses-1/ds/inputs/data/qsiprep/qsiprep/sub-20961/ses-1/dwi/sub-20961_ses-1_space-ACPC_desc-preproc_dwi.nii.gz	0.0	0.0011805320222297	0.000633257761424	0.0009521413594484	0.0011805320222297	0.0009521413594484	0.000633257761424	0.0010509100211698	0.0010509100211698	sub-20961	ses-1				space-ACPC			DSIStudio	autotrackgqi
ProjectionBasalGanglia_FornixR	txy	DSIStudio	/scratch/executivefunction/SLURM_8364170_111/job-8364170-111-sub-20961-ses-1/ds/inputs/data/qsiprep/qsiprep/sub-20961/ses-1/dwi/sub-20961_ses-1_space-ACPC_desc-preproc_dwi.nii.gz	0.0	-5.285950470883832e-05	0.0001655385191948	-2.9774659196846187e-05	-5.285950470883832e-05	-2.9774659196846187e-05	0.0001655385191948	-8.892231815503433e-05	-8.892231815503433e-05	sub-20961	ses-1				space-ACPC			DSIStudio	autotrackgqi
ProjectionBasalGanglia_FornixR	txz	DSIStudio	/scratch/executivefunction/SLURM_8364170_111/job-8364170-111-sub-20961-ses-1/ds/inputs/data/qsiprep/qsiprep/sub-20961/ses-1/dwi/sub-20961_ses-1_space-ACPC_desc-preproc_dwi.nii.gz	0.0	3.2566123239179075e-05	0.000152819453641	1.6115978723973967e-05	3.2566123239179075e-05	1.6115978723973967e-05	0.000152819453641	6.791061317735326e-05	6.791061317735326e-05	sub-20961	ses-1				space-ACPC			DSIStudio	autotrackgqi
ProjectionBasalGanglia_FornixR	tyy	DSIStudio	/scratch/executivefunction/SLURM_8364170_111/job-8364170-111-sub-20961-ses-1/ds/inputs/data/qsiprep/qsiprep/sub-20961/ses-1/dwi/sub-20961_ses-1_space-ACPC_desc-preproc_dwi.nii.gz	0.0	0.0013139483559587	0.0006783041174655	0.0010827899677678	0.0013139483559587	0.0010827899677678	0.0006783041174655	0.0013594837990535	0.0013594837990535	sub-20961	ses-1				space-ACPC			DSIStudio	autotrackgqi
ProjectionBasalGanglia_FornixR	tyz	DSIStudio	/scratch/executivefunction/SLURM_8364170_111/job-8364170-111-sub-20961-ses-1/ds/inputs/data/qsiprep/qsiprep/sub-20961/ses-1/dwi/sub-20961_ses-1_space-ACPC_desc-preproc_dwi.nii.gz	0.0	5.852433071890947e-05	0.0002184624495924	4.331290256232023e-05	5.852433071890947e-05	4.331290256232023e-05	0.0002184624495924	7.674319587352182e-05	7.674319587352182e-05	sub-20961	ses-1				space-ACPC			DSIStudio	autotrackgqi
ProjectionBasalGanglia_FornixR	tzz	DSIStudio	/scratch/executivefunction/SLURM_8364170_111/job-8364170-111-sub-20961-ses-1/ds/inputs/data/qsiprep/qsiprep/sub-20961/ses-1/dwi/sub-20961_ses-1_space-ACPC_desc-preproc_dwi.nii.gz	0.0	0.0012700665064744	0.0006440916832227	0.001054115477018	0.0012700665064744	0.001054115477018	0.0006440916832227	0.001211791741968	0.001211791741968	sub-20961	ses-1				space-ACPC			DSIStudio	autotrackgqi
ProjectionBasalGanglia_FasciculusSubthalamicusR	ad	DSIStudio	/scratch/executivefunction/SLURM_8364170_111/job-8364170-111-sub-20961-ses-1/ds/inputs/data/qsiprep/qsiprep/sub-20961/ses-1/dwi/sub-20961_ses-1_space-ACPC_desc-preproc_dwi.nii.gz	0.0	1.2971970676159372	0.4727931154488598	1.1605151295661926	1.2971970676159372	1.1605151295661926	0.4727931154488598	1.309635143164824	1.309635143164824	sub-20961	ses-1				space-ACPC			DSIStudio	autotrackgqi
ProjectionBasalGanglia_FasciculusSubthalamicusR	dti_fa	DSIStudio	/scratch/executivefunction/SLURM_8364170_111/job-8364170-111-sub-20961-ses-1/ds/inputs/data/qsiprep/qsiprep/sub-20961/ses-1/dwi/sub-20961_ses-1_space-ACPC_desc-preproc_dwi.nii.gz	0.0	0.3882564578167334	0.175034059981062	0.3471139967441559	0.3882564578167334	0.3471139967441559	0.175034059981062	0.3946842510191903	0.3946842510191903	sub-20961	ses-1				space-ACPC			DSIStudio	autotrackgqi
ProjectionBasalGanglia_FasciculusSubthalamicusR	gfa	DSIStudio	/scratch/executivefunction/SLURM_8364170_111/job-8364170-111-sub-20961-ses-1/ds/inputs/data/qsiprep/qsiprep/sub-20961/ses-1/dwi/sub-20961_ses-1_space-ACPC_desc-preproc_dwi.nii.gz	0.0	0.0836014324228982	0.0350829325045504	0.0763242468237876	0.0836014324228982	0.0763242468237876	0.0350829325045504	0.0862948473653618	0.0862948473653618	sub-20961	ses-1				space-ACPC			DSIStudio	autotrackgqi
ProjectionBasalGanglia_FasciculusSubthalamicusR	ha	DSIStudio	/scratch/executivefunction/SLURM_8364170_111/job-8364170-111-sub-20961-ses-1/ds/inputs/data/qsiprep/qsiprep/sub-20961/ses-1/dwi/sub-20961_ses-1_space-ACPC_desc-preproc_dwi.nii.gz	0.0	15.357823297662698	44.55314071090862	25.606807708740234	15.357823297662698	25.606807708740234	44.55314071090862	16.59222078006662	16.59222078006662	sub-20961	ses-1				space-ACPC			DSIStudio	autotrackgqi
ProjectionBasalGanglia_FasciculusSubthalamicusR	iso	DSIStudio	/scratch/executivefunction/SLURM_8364170_111/job-8364170-111-sub-20961-ses-1/ds/inputs/data/qsiprep/qsiprep/sub-20961/ses-1/dwi/sub-20961_ses-1_space-ACPC_desc-preproc_dwi.nii.gz	0.0	0.6395372564391214	0.1319623659991582	0.6650995016098022	0.6395372564391214	0.6650995016098022	0.1319623659991582	0.6569106636214823	0.6569106636214823	sub-20961	ses-1				space-ACPC			DSIStudio	autotrackgqi
ProjectionBasalGanglia_FasciculusSubthalamicusR	md	DSIStudio	/scratch/executivefunction/SLURM_8364170_111/job-8364170-111-sub-20961-ses-1/ds/inputs/data/qsiprep/qsiprep/sub-20961/ses-1/dwi/sub-20961_ses-1_space-ACPC_desc-preproc_dwi.nii.gz	0.0	0.909971110522747	0.4098783822587878	0.7653054296970367	0.909971110522747	0.7653054296970367	0.4098783822587878	0.9098415919681012	0.9098415919681012	sub-20961	ses-1				space-ACPC			DSIStudio	autotrackgqi
ProjectionBasalGanglia_FasciculusSubthalamicusR	qa	DSIStudio	/scratch/executivefunction/SLURM_8364170_111/job-8364170-111-sub-20961-ses-1/ds/inputs/data/qsiprep/qsiprep/sub-20961/ses-1/dwi/sub-20961_ses-1_space-ACPC_desc-preproc_dwi.nii.gz	0.0	0.244802576542965	0.1226480247596593	0.2078559398651123	0.244802576542965	0.2078559398651123	0.1226480247596593	0.2586632953508981	0.2586632953508981	sub-20961	ses-1				space-ACPC			DSIStudio	autotrackgqi
ProjectionBasalGanglia_FasciculusSubthalamicusR	rd1	DSIStudio	/scratch/executivefunction/SLURM_8364170_111/job-8364170-111-sub-20961-ses-1/ds/inputs/data/qsiprep/qsiprep/sub-20961/ses-1/dwi/sub-20961_ses-1_space-ACPC_desc-preproc_dwi.nii.gz	0.0	0.8176099077931472	0.4272018578927886	0.7068446278572083	0.8176099077931472	0.7068446278572083	0.4272018578927886	0.8164297558523974	0.8164297558523974	sub-20961	ses-1				space-ACPC			DSIStudio	autotrackgqi
ProjectionBasalGanglia_FasciculusSubthalamicusR	rd2	DSIStudio	/scratch/executivefunction/SLURM_8364170_111/job-8364170-111-sub-20961-ses-1/ds/inputs/data/qsiprep/qsiprep/sub-20961/ses-1/dwi/sub-20961_ses-1_space-ACPC_desc-preproc_dwi.nii.gz	0.0	0.6151063631098641	0.4040677747229885	0.5225281715393066	0.6151063631098641	0.5225281715393066	0.4040677747229885	0.6034598793266914	0.6034598793266914	sub-20961	ses-1				space-ACPC			DSIStudio	autotrackgqi
ProjectionBasalGanglia_FasciculusSubthalamicusR	rd	DSIStudio	/scratch/executivefunction/SLURM_8364170_111/job-8364170-111-sub-20961-ses-1/ds/inputs/data/qsiprep/qsiprep/sub-20961/ses-1/dwi/sub-20961_ses-1_space-ACPC_desc-preproc_dwi.nii.gz	0.0	0.7163581350476158	0.4121091715719117	0.6129556000232697	0.7163581350476158	0.6129556000232697	0.4121091715719117	0.7099448190121577	0.7099448190121577	sub-20961	ses-1				space-ACPC			DSIStudio	autotrackgqi
ProjectionBasalGanglia_FasciculusSubthalamicusR	txx	DSIStudio	/scratch/executivefunction/SLURM_8364170_111/job-8364170-111-sub-20961-ses-1/ds/inputs/data/qsiprep/qsiprep/sub-20961/ses-1/dwi/sub-20961_ses-1_space-ACPC_desc-preproc_dwi.nii.gz	0.0	0.0008000594831359	0.0004215837157217	0.000688601488946	0.0008000594831359	0.000688601488946	0.0004215837157217	0.0007809117820229	0.0007809117820229	sub-20961	ses-1				space-ACPC			DSIStudio	autotrackgqi
ProjectionBasalGanglia_FasciculusSubthalamicusR	txy	DSIStudio	/scratch/executivefunction/SLURM_8364170_111/job-8364170-111-sub-20961-ses-1/ds/inputs/data/qsiprep/qsiprep/sub-20961/ses-1/dwi/sub-20961_ses-1_space-ACPC_desc-preproc_dwi.nii.gz	0.0	7.233188208741068e-05	0.0001278938876432	6.837552064098418e-05	7.233188208741068e-05	6.837552064098418e-05	0.0001278938876432	6.695794074924752e-05	6.695794074924752e-05	sub-20961	ses-1				space-ACPC			DSIStudio	autotrackgqi
ProjectionBasalGanglia_FasciculusSubthalamicusR	txz	DSIStudio	/scratch/executivefunction/SLURM_8364170_111/job-8364170-111-sub-20961-ses-1/ds/inputs/data/qsiprep/qsiprep/sub-20961/ses-1/dwi/sub-20961_ses-1_space-ACPC_desc-preproc_dwi.nii.gz	0.0	-9.616879605398676e-05	0.000155968854373	-9.463192327530125e-05	-9.616879605398676e-05	-9.463192327530125e-05	0.000155968854373	-0.0001186008197786	-0.0001186008197786	sub-20961	ses-1				space-ACPC			DSIStudio	autotrackgqi
ProjectionBasalGanglia_FasciculusSubthalamicusR	tyy	DSIStudio	/scratch/executivefunction/SLURM_8364170_111/job-8364170-111-sub-20961-ses-1/ds/inputs/data/qsiprep/qsiprep/sub-20961/ses-1/dwi/sub-20961_ses-1_space-ACPC_desc-preproc_dwi.nii.gz	0.0	0.0009201836298137	0.0004582301356128	0.0008125097083393	0.0009201836298137	0.0008125097083393	0.0004582301356128	0.0008825476966081	0.0008825476966081	sub-20961	ses-1				space-ACPC			DSIStudio	autotrackgqi
ProjectionBasalGanglia_FasciculusSubthalamicusR	tyz	DSIStudio	/scratch/executivefunction/SLURM_8364170_111/job-8364170-111-sub-20961-ses-1/ds/inputs/data/qsiprep/qsiprep/sub-20961/ses-1/dwi/sub-20961_ses-1_space-ACPC_desc-preproc_dwi.nii.gz	0.0	-8.345553739138838e-05	0.0001792825730714	-7.33384040358942e-05	-8.345553739138838e-05	-7.33384040358942e-05	0.0001792825730714	-8.589612346020459e-05	-8.589612346020459e-05	sub-20961	ses-1				space-ACPC			DSIStudio	autotrackgqi
ProjectionBasalGanglia_FasciculusSubthalamicusR	tzz	DSIStudio	/scratch/executivefunction/SLURM_8364170_111/job-8364170-111-sub-20961-ses-1/ds/inputs/data/qsiprep/qsiprep/sub-20961/ses-1/dwi/sub-20961_ses-1_space-ACPC_desc-preproc_dwi.nii.gz	0.0	0.0010096702228445	0.0004651362566986	0.000879210390849	0.0010096702228445	0.000879210390849	0.0004651362566986	0.0010660653016007	0.0010660653016007	sub-20961	ses-1				space-ACPC			DSIStudio	autotrackgqi
ProjectionBrainstem_ReticularTractL	ad	DSIStudio	/scratch/executivefunction/SLURM_8364170_111/job-8364170-111-sub-20961-ses-1/ds/inputs/data/qsiprep/qsiprep/sub-20961/ses-1/dwi/sub-20961_ses-1_space-ACPC_desc-preproc_dwi.nii.gz	0.0024893314366998	1.23204015413694	0.3491099587365359	1.1558245420455933	1.2351147641472635	1.1570428609848022	0.3440703683147024	1.2821351919928152	1.2822525858756544	sub-20961	ses-1				space-ACPC			DSIStudio	autotrackgqi
ProjectionBrainstem_ReticularTractL	dti_fa	DSIStudio	/scratch/executivefunction/SLURM_8364170_111/job-8364170-111-sub-20961-ses-1/ds/inputs/data/qsiprep/qsiprep/sub-20961/ses-1/dwi/sub-20961_ses-1_space-ACPC_desc-preproc_dwi.nii.gz	0.0024893314366998	0.420086603456708	0.1743616749663215	0.4148170351982116	0.4211349479216624	0.4156132638454437	0.1733100363752658	0.5053464427970944	0.5053927128918215	sub-20961	ses-1				space-ACPC			DSIStudio	autotrackgqi
ProjectionBrainstem_ReticularTractL	gfa	DSIStudio	/scratch/executivefunction/SLURM_8364170_111/job-8364170-111-sub-20961-ses-1/ds/inputs/data/qsiprep/qsiprep/sub-20961/ses-1/dwi/sub-20961_ses-1_space-ACPC_desc-preproc_dwi.nii.gz	0.0024893314366998	0.0913918981435251	0.0359597386727215	0.0896560400724411	0.0916199706166106	0.0897795036435127	0.0357132161342434	0.1083642304829171	0.1083741524409993	sub-20961	ses-1				space-ACPC			DSIStudio	autotrackgqi
ProjectionBrainstem_ReticularTractL	ha	DSIStudio	/scratch/executivefunction/SLURM_8364170_111/job-8364170-111-sub-20961-ses-1/ds/inputs/data/qsiprep/qsiprep/sub-20961/ses-1/dwi/sub-20961_ses-1_space-ACPC_desc-preproc_dwi.nii.gz	0.0024893314366998	-17.25613476713433	42.12575547647051	-25.41830825805664	-17.299198205055877	-25.56396484375	42.16945401109984	-17.54718899261595	-17.548795689204404	sub-20961	ses-1				space-ACPC			DSIStudio	autotrackgqi
ProjectionBrainstem_ReticularTractL	iso	DSIStudio	/scratch/executivefunction/SLURM_8364170_111/job-8364170-111-sub-20961-ses-1/ds/inputs/data/qsiprep/qsiprep/sub-20961/ses-1/dwi/sub-20961_ses-1_space-ACPC_desc-preproc_dwi.nii.gz	0.0024893314366998	0.7293741886919977	0.1341061581034147	0.7261336743831635	0.7311943738331185	0.7262214422225952	0.1292224187831944	0.7140146051617333	0.7140799812232932	sub-20961	ses-1				space-ACPC			DSIStudio	autotrackgqi
ProjectionBrainstem_ReticularTractL	md	DSIStudio	/scratch/executivefunction/SLURM_8364170_111/job-8364170-111-sub-20961-ses-1/ds/inputs/data/qsiprep/qsiprep/sub-20961/ses-1/dwi/sub-20961_ses-1_space-ACPC_desc-preproc_dwi.nii.gz	0.0024893314366998	0.8338896017919055	0.2821338091411724	0.7724237740039825	0.8359706097108157	0.7727232575416565	0.2793894572025867	0.7895279090595043	0.7896001992784727	sub-20961	ses-1				space-ACPC			DSIStudio	autotrackgqi
ProjectionBrainstem_ReticularTractL	qa	DSIStudio	/scratch/executivefunction/SLURM_8364170_111/job-8364170-111-sub-20961-ses-1/ds/inputs/data/qsiprep/qsiprep/sub-20961/ses-1/dwi/sub-20961_ses-1_space-ACPC_desc-preproc_dwi.nii.gz	0.0024893314366998	0.3043378836155377	0.1338818128879416	0.2908293306827545	0.3050973720951487	0.2912718653678894	0.1331816536003146	0.3623333445829642	0.3623665202146359	sub-20961	ses-1				space-ACPC			DSIStudio	autotrackgqi
ProjectionBrainstem_ReticularTractL	rd1	DSIStudio	/scratch/executivefunction/SLURM_8364170_111/job-8364170-111-sub-20961-ses-1/ds/inputs/data/qsiprep/qsiprep/sub-20961/ses-1/dwi/sub-20961_ses-1_space-ACPC_desc-preproc_dwi.nii.gz	0.0024893314366998	0.7402217974926042	0.3105542902977337	0.7001981437206268	0.7420690533152239	0.7005168795585632	0.3087294219456777	0.6372292211166821	0.6372875667218341	sub-20961	ses-1				space-ACPC			DSIStudio	autotrackgqi
ProjectionBrainstem_ReticularTractL	rd2	DSIStudio	/scratch/executivefunction/SLURM_8364170_111/job-8364170-111-sub-20961-ses-1/ds/inputs/data/qsiprep/qsiprep/sub-20961/ses-1/dwi/sub-20961_ses-1_space-ACPC_desc-preproc_dwi.nii.gz	0.0024893314366998	0.5294068529539521	0.2975386022230313	0.4671079814434051	0.5307280108757623	0.4679138660430908	0.2967304716931384	0.449219307978865	0.4492604391472209	sub-20961	ses-1				space-ACPC			DSIStudio	autotrackgqi
ProjectionBrainstem_ReticularTractL	rd	DSIStudio	/scratch/executivefunction/SLURM_8364170_111/job-8364170-111-sub-20961-ses-1/ds/inputs/data/qsiprep/qsiprep/sub-20961/ses-1/dwi/sub-20961_ses-1_space-ACPC_desc-preproc_dwi.nii.gz	0.0024893314366998	0.6348143253120385	0.2983936740784808	0.5838524103164673	0.6363985321844751	0.5840880274772644	0.2970737248185313	0.5432242633166049	0.543274001703246	sub-20961	ses-1				space-ACPC			DSIStudio	autotrackgqi
ProjectionBrainstem_ReticularTractL	txx	DSIStudio	/scratch/executivefunction/SLURM_8364170_111/job-8364170-111-sub-20961-ses-1/ds/inputs/data/qsiprep/qsiprep/sub-20961/ses-1/dwi/sub-20961_ses-1_space-ACPC_desc-preproc_dwi.nii.gz	0.0024893314366998	0.0007485689259519	0.0003103285203289	0.0007037647301331	0.0007504370123981	0.00070416968083	0.0003084513569965	0.0006150424687374	0.0006150987830262	sub-20961	ses-1				space-ACPC			DSIStudio	autotrackgqi
ProjectionBrainstem_ReticularTractL	txy	DSIStudio	/scratch/executivefunction/SLURM_8364170_111/job-8364170-111-sub-20961-ses-1/ds/inputs/data/qsiprep/qsiprep/sub-20961/ses-1/dwi/sub-20961_ses-1_space-ACPC_desc-preproc_dwi.nii.gz	0.0024893314366998	-4.1505080532390384e-05	0.0001409860337207	-3.013966579601401e-05	-4.160865827346943e-05	-3.0661474738735706e-05	0.0001411465764693	-8.146098444108138e-05	-8.146844336348437e-05	sub-20961	ses-1				space-ACPC			DSIStudio	autotrackgqi
ProjectionBrainstem_ReticularTractL	txz	DSIStudio	/scratch/executivefunction/SLURM_8364170_111/job-8364170-111-sub-20961-ses-1/ds/inputs/data/qsiprep/qsiprep/sub-20961/ses-1/dwi/sub-20961_ses-1_space-ACPC_desc-preproc_dwi.nii.gz	0.0024893314366998	-7.548027590318545e-06	0.0001574480690448	2.5146565576505964e-06	-7.566864022807754e-06	2.9582240586023545e-06	0.0001576439538245	2.33935601260284e-05	2.339570214923425e-05	sub-20961	ses-1				space-ACPC			DSIStudio	autotrackgqi
ProjectionBrainstem_ReticularTractL	tyy	DSIStudio	/scratch/executivefunction/SLURM_8364170_111/job-8364170-111-sub-20961-ses-1/ds/inputs/data/qsiprep/qsiprep/sub-20961/ses-1/dwi/sub-20961_ses-1_space-ACPC_desc-preproc_dwi.nii.gz	0.0024893314366998	0.0008536369257111	0.0003478348134757	0.0008141289872583	0.0008557672139392	0.0008151991060003	0.0003456413750125	0.0009170788016168	0.0009171627706633	sub-20961	ses-1				space-ACPC			DSIStudio	autotrackgqi
ProjectionBrainstem_ReticularTractL	tyz	DSIStudio	/scratch/executivefunction/SLURM_8364170_111/job-8364170-111-sub-20961-ses-1/ds/inputs/data/qsiprep/qsiprep/sub-20961/ses-1/dwi/sub-20961_ses-1_space-ACPC_desc-preproc_dwi.nii.gz	0.0024893314366998	-0.0001103090307088	0.0001845386191961	-9.061574746738188e-05	-0.0001105843117123	-9.086318459594622e-05	0.0001846863414316	-0.0002094134221223	-0.0002094325961623	sub-20961	ses-1				space-ACPC			DSIStudio	autotrackgqi
ProjectionBrainstem_ReticularTractL	tzz	DSIStudio	/scratch/executivefunction/SLURM_8364170_111/job-8364170-111-sub-20961-ses-1/ds/inputs/data/qsiprep/qsiprep/sub-20961/ses-1/dwi/sub-20961_ses-1_space-ACPC_desc-preproc_dwi.nii.gz	0.0024893314366998	0.0008994629519665	0.0003902019419167	0.0008279770845547	0.0009017076010445	0.0008299553301185	0.0003880895563132	0.0008364624473255	0.0008365390346461	sub-20961	ses-1				space-ACPC			DSIStudio	autotrackgqi
ProjectionBasalGanglia_AnsaSubthalamicaR	ad	DSIStudio	/scratch/executivefunction/SLURM_8364170_111/job-8364170-111-sub-20961-ses-1/ds/inputs/data/qsiprep/qsiprep/sub-20961/ses-1/dwi/sub-20961_ses-1_space-ACPC_desc-preproc_dwi.nii.gz	0.0	1.4608062250723302	0.56840143772195	1.2773627042770386	1.4608062250723302	1.2773627042770386	0.56840143772195	1.5567234529917084	1.5567234529917084	sub-20961	ses-1				space-ACPC			DSIStudio	autotrackgqi
ProjectionBasalGanglia_AnsaSubthalamicaR	dti_fa	DSIStudio	/scratch/executivefunction/SLURM_8364170_111/job-8364170-111-sub-20961-ses-1/ds/inputs/data/qsiprep/qsiprep/sub-20961/ses-1/dwi/sub-20961_ses-1_space-ACPC_desc-preproc_dwi.nii.gz	0.0	0.3861572352552813	0.1752335799369474	0.375073492527008	0.3861572352552813	0.375073492527008	0.1752335799369474	0.3932855930294098	0.3932855930294098	sub-20961	ses-1				space-ACPC			DSIStudio	autotrackgqi
ProjectionBasalGanglia_AnsaSubthalamicaR	gfa	DSIStudio	/scratch/executivefunction/SLURM_8364170_111/job-8364170-111-sub-20961-ses-1/ds/inputs/data/qsiprep/qsiprep/sub-20961/ses-1/dwi/sub-20961_ses-1_space-ACPC_desc-preproc_dwi.nii.gz	0.0	0.0843017637191838	0.0333083680954414	0.0790149793028831	0.0843017637191838	0.0790149793028831	0.0333083680954414	0.089074714469932	0.089074714469932	sub-20961	ses-1				space-ACPC			DSIStudio	autotrackgqi
ProjectionBasalGanglia_AnsaSubthalamicaR	ha	DSIStudio	/scratch/executivefunction/SLURM_8364170_111/job-8364170-111-sub-20961-ses-1/ds/inputs/data/qsiprep/qsiprep/sub-20961/ses-1/dwi/sub-20961_ses-1_space-ACPC_desc-preproc_dwi.nii.gz	0.0	-5.13545490666227	32.55139328675145	-5.620331048965454	-5.13545490666227	-5.620331048965454	32.55139328675145	-9.540018773593951	-9.540018773593951	sub-20961	ses-1				space-ACPC			DSIStudio	autotrackgqi
ProjectionBasalGanglia_AnsaSubthalamicaR	iso	DSIStudio	/scratch/executivefunction/SLURM_8364170_111/job-8364170-111-sub-20961-ses-1/ds/inputs/data/qsiprep/qsiprep/sub-20961/ses-1/dwi/sub-20961_ses-1_space-ACPC_desc-preproc_dwi.nii.gz	0.0	0.5604178255922357	0.1556759424995834	0.5513672530651093	0.5604178255922357	0.5513672530651093	0.1556759424995834	0.5240477394609688	0.5240477394609688	sub-20961	ses-1				space-ACPC			DSIStudio	autotrackgqi
ProjectionBasalGanglia_AnsaSubthalamicaR	md	DSIStudio	/scratch/executivefunction/SLURM_8364170_111/job-8364170-111-sub-20961-ses-1/ds/inputs/data/qsiprep/qsiprep/sub-20961/ses-1/dwi/sub-20961_ses-1_space-ACPC_desc-preproc_dwi.nii.gz	0.0	1.0399881765036516	0.5260619075411415	0.839249461889267	1.0399881765036516	0.839249461889267	0.5260619075411415	1.105086672521281	1.105086672521281	sub-20961	ses-1				space-ACPC			DSIStudio	autotrackgqi
ProjectionBasalGanglia_AnsaSubthalamicaR	qa	DSIStudio	/scratch/executivefunction/SLURM_8364170_111/job-8364170-111-sub-20961-ses-1/ds/inputs/data/qsiprep/qsiprep/sub-20961/ses-1/dwi/sub-20961_ses-1_space-ACPC_desc-preproc_dwi.nii.gz	0.0	0.2156675655434144	0.1046397994673168	0.1996117457747459	0.2156675655434144	0.1996117457747459	0.1046397994673168	0.2136599225981143	0.2136599225981143	sub-20961	ses-1				space-ACPC			DSIStudio	autotrackgqi
ProjectionBasalGanglia_AnsaSubthalamicaR	rd1	DSIStudio	/scratch/executivefunction/SLURM_8364170_111/job-8364170-111-sub-20961-ses-1/ds/inputs/data/qsiprep/qsiprep/sub-20961/ses-1/dwi/sub-20961_ses-1_space-ACPC_desc-preproc_dwi.nii.gz	0.0	0.9338178211219714	0.5490647279633143	0.7516727149486542	0.9338178211219714	0.7516727149486542	0.5490647279633143	0.9879261455550212	0.9879261455550212	sub-20961	ses-1				space-ACPC			DSIStudio	autotrackgqi
ProjectionBasalGanglia_AnsaSubthalamicaR	rd2	DSIStudio	/scratch/executivefunction/SLURM_8364170_111/job-8364170-111-sub-20961-ses-1/ds/inputs/data/qsiprep/qsiprep/sub-20961/ses-1/dwi/sub-20961_ses-1_space-ACPC_desc-preproc_dwi.nii.gz	0.0	0.7253404776106628	0.528778870637555	0.5555743873119354	0.7253404776106628	0.5555743873119354	0.528778870637555	0.7706104258229309	0.7706104258229309	sub-20961	ses-1				space-ACPC			DSIStudio	autotrackgqi
ProjectionBasalGanglia_AnsaSubthalamicaR	rd	DSIStudio	/scratch/executivefunction/SLURM_8364170_111/job-8364170-111-sub-20961-ses-1/ds/inputs/data/qsiprep/qsiprep/sub-20961/ses-1/dwi/sub-20961_ses-1_space-ACPC_desc-preproc_dwi.nii.gz	0.0	0.8295791490711797	0.5358981330012331	0.6549233794212341	0.8295791490711797	0.6549233794212341	0.5358981330012331	0.8792682868269532	0.8792682868269532	sub-20961	ses-1				space-ACPC			DSIStudio	autotrackgqi
ProjectionBasalGanglia_AnsaSubthalamicaR	txx	DSIStudio	/scratch/executivefunction/SLURM_8364170_111/job-8364170-111-sub-20961-ses-1/ds/inputs/data/qsiprep/qsiprep/sub-20961/ses-1/dwi/sub-20961_ses-1_space-ACPC_desc-preproc_dwi.nii.gz	0.0	0.0010416339281503	0.0005472394819536	0.0008845594129525	0.0010416339281503	0.0008845594129525	0.0005472394819536	0.0011269002707585	0.0011269002707585	sub-20961	ses-1				space-ACPC			DSIStudio	autotrackgqi
ProjectionBasalGanglia_AnsaSubthalamicaR	txy	DSIStudio	/scratch/executivefunction/SLURM_8364170_111/job-8364170-111-sub-20961-ses-1/ds/inputs/data/qsiprep/qsiprep/sub-20961/ses-1/dwi/sub-20961_ses-1_space-ACPC_desc-preproc_dwi.nii.gz	0.0	-3.0288492504166937e-05	0.0002268160867822	-1.1695512057485756e-05	-3.0288492504166937e-05	-1.1695512057485756e-05	0.0002268160867822	2.146480351410731e-05	2.146480351410731e-05	sub-20961	ses-1				space-ACPC			DSIStudio	autotrackgqi
ProjectionBasalGanglia_AnsaSubthalamicaR	txz	DSIStudio	/scratch/executivefunction/SLURM_8364170_111/job-8364170-111-sub-20961-ses-1/ds/inputs/data/qsiprep/qsiprep/sub-20961/ses-1/dwi/sub-20961_ses-1_space-ACPC_desc-preproc_dwi.nii.gz	0.0	-7.771591632042184e-05	0.0001834065496335	-6.342463530017994e-05	-7.771591632042184e-05	-6.342463530017994e-05	0.0001834065496335	-0.0001276676441923	-0.0001276676441923	sub-20961	ses-1				space-ACPC			DSIStudio	autotrackgqi
ProjectionBasalGanglia_AnsaSubthalamicaR	tyy	DSIStudio	/scratch/executivefunction/SLURM_8364170_111/job-8364170-111-sub-20961-ses-1/ds/inputs/data/qsiprep/qsiprep/sub-20961/ses-1/dwi/sub-20961_ses-1_space-ACPC_desc-preproc_dwi.nii.gz	0.0	0.001085940915339	0.0005680640070596	0.0009210047137457	0.001085940915339	0.0009210047137457	0.0005680640070596	0.0011209482682128	0.0011209482682128	sub-20961	ses-1				space-ACPC			DSIStudio	autotrackgqi
ProjectionBasalGanglia_AnsaSubthalamicaR	tyz	DSIStudio	/scratch/executivefunction/SLURM_8364170_111/job-8364170-111-sub-20961-ses-1/ds/inputs/data/qsiprep/qsiprep/sub-20961/ses-1/dwi/sub-20961_ses-1_space-ACPC_desc-preproc_dwi.nii.gz	0.0	-1.7245731317071694e-05	0.000157706320886	-2.214423057012027e-05	-1.7245731317071694e-05	-2.214423057012027e-05	0.000157706320886	-2.5157555052753894e-05	-2.5157555052753894e-05	sub-20961	ses-1				space-ACPC			DSIStudio	autotrackgqi
ProjectionBasalGanglia_AnsaSubthalamicaR	tzz	DSIStudio	/scratch/executivefunction/SLURM_8364170_111/job-8364170-111-sub-20961-ses-1/ds/inputs/data/qsiprep/qsiprep/sub-20961/ses-1/dwi/sub-20961_ses-1_space-ACPC_desc-preproc_dwi.nii.gz	0.0	0.0009923896868713	0.0005749400511446	0.0007871566631365	0.0009923896868713	0.0007871566631365	0.0005749400511446	0.0010674114823559	0.0010674114823559	sub-20961	ses-1				space-ACPC			DSIStudio	autotrackgqi
ProjectionBrainstem_CorticopontineTractL	ad	DSIStudio	/scratch/executivefunction/SLURM_8364170_111/job-8364170-111-sub-20961-ses-1/ds/inputs/data/qsiprep/qsiprep/sub-20961/ses-1/dwi/sub-20961_ses-1_space-ACPC_desc-preproc_dwi.nii.gz	0.0018791105543376	1.2195895672690733	0.3186282456876724	1.1501904726028442	1.221885625444039	1.150681734085083	0.3144989226934629	1.303225014341015	1.30335855617018	sub-20961	ses-1				space-ACPC			DSIStudio	autotrackgqi
ProjectionBrainstem_CorticopontineTractL	dti_fa	DSIStudio	/scratch/executivefunction/SLURM_8364170_111/job-8364170-111-sub-20961-ses-1/ds/inputs/data/qsiprep/qsiprep/sub-20961/ses-1/dwi/sub-20961_ses-1_space-ACPC_desc-preproc_dwi.nii.gz	0.0018791105543376	0.4003594557969855	0.1914343323838755	0.4073032736778259	0.4011131918292359	0.4077209532260895	0.1908239077143367	0.5057076751062142	0.5057594951803459	sub-20961	ses-1				space-ACPC			DSIStudio	autotrackgqi
ProjectionBrainstem_CorticopontineTractL	gfa	DSIStudio	/scratch/executivefunction/SLURM_8364170_111/job-8364170-111-sub-20961-ses-1/ds/inputs/data/qsiprep/qsiprep/sub-20961/ses-1/dwi/sub-20961_ses-1_space-ACPC_desc-preproc_dwi.nii.gz	0.0018791105543376	0.0882656311917992	0.0403321355942699	0.089562639594078	0.0884318043286523	0.0896366685628891	0.0401876677567608	0.1105425535340153	0.1105538808701108	sub-20961	ses-1				space-ACPC			DSIStudio	autotrackgqi
ProjectionBrainstem_CorticopontineTractL	ha	DSIStudio	/scratch/executivefunction/SLURM_8364170_111/job-8364170-111-sub-20961-ses-1/ds/inputs/data/qsiprep/qsiprep/sub-20961/ses-1/dwi/sub-20961_ses-1_space-ACPC_desc-preproc_dwi.nii.gz	0.0018791105543376	-4.412455946882569	48.46181687963142	-5.884604454040527	-4.420763049386897	-6.079557418823242	48.50703516781625	-14.93580107721422	-14.937331562767024	sub-20961	ses-1				space-ACPC			DSIStudio	autotrackgqi
ProjectionBrainstem_CorticopontineTractL	iso	DSIStudio	/scratch/executivefunction/SLURM_8364170_111/job-8364170-111-sub-20961-ses-1/ds/inputs/data/qsiprep/qsiprep/sub-20961/ses-1/dwi/sub-20961_ses-1_space-ACPC_desc-preproc_dwi.nii.gz	0.0018791105543376	0.769139156249523	0.1547706482525644	0.7579765915870667	0.7705871747426191	0.7581815123558044	0.1512720263297388	0.7275531063920132	0.7276276591774509	sub-20961	ses-1				space-ACPC			DSIStudio	autotrackgqi
ProjectionBrainstem_CorticopontineTractL	md	DSIStudio	/scratch/executivefunction/SLURM_8364170_111/job-8364170-111-sub-20961-ses-1/ds/inputs/data/qsiprep/qsiprep/sub-20961/ses-1/dwi/sub-20961_ses-1_space-ACPC_desc-preproc_dwi.nii.gz	0.0018791105543376	0.8413966932946624	0.2655981696377411	0.7805652618408203	0.8429807473140436	0.7806559205055237	0.2633246421762686	0.8063794576265877	0.806462087579147	sub-20961	ses-1				space-ACPC			DSIStudio	autotrackgqi
ProjectionBrainstem_CorticopontineTractL	qa	DSIStudio	/scratch/executivefunction/SLURM_8364170_111/job-8364170-111-sub-20961-ses-1/ds/inputs/data/qsiprep/qsiprep/sub-20961/ses-1/dwi/sub-20961_ses-1_space-ACPC_desc-preproc_dwi.nii.gz	0.0018791105543376	0.3057036778813469	0.1492266040702839	0.3027902543544769	0.3062792103781426	0.3031319975852966	0.148775769619386	0.3759059827230688	0.3759445019967777	sub-20961	ses-1				space-ACPC			DSIStudio	autotrackgqi
ProjectionBrainstem_CorticopontineTractL	rd1	DSIStudio	/scratch/executivefunction/SLURM_8364170_111/job-8364170-111-sub-20961-ses-1/ds/inputs/data/qsiprep/qsiprep/sub-20961/ses-1/dwi/sub-20961_ses-1_space-ACPC_desc-preproc_dwi.nii.gz	0.0018791105543376	0.7592183052746808	0.2985729639181115	0.7225829362869263	0.7606476462949657	0.7228167057037354	0.2970293253417435	0.6715325109848608	0.6716013232041345	sub-20961	ses-1				space-ACPC			DSIStudio	autotrackgqi
ProjectionBrainstem_CorticopontineTractL	rd2	DSIStudio	/scratch/executivefunction/SLURM_8364170_111/job-8364170-111-sub-20961-ses-1/ds/inputs/data/qsiprep/qsiprep/sub-20961/ses-1/dwi/sub-20961_ses-1_space-ACPC_desc-preproc_dwi.nii.gz	0.0018791105543376	0.5453822072900282	0.3083459280797765	0.4770393669605255	0.5464089701528271	0.4773445725440979	0.307725812812846	0.4443808517674991	0.4444263875771696	sub-20961	ses-1				space-ACPC			DSIStudio	autotrackgqi
ProjectionBrainstem_CorticopontineTractL	rd	DSIStudio	/scratch/executivefunction/SLURM_8364170_111/job-8364170-111-sub-20961-ses-1/ds/inputs/data/qsiprep/qsiprep/sub-20961/ses-1/dwi/sub-20961_ses-1_space-ACPC_desc-preproc_dwi.nii.gz	0.0018791105543376	0.652300255079305	0.2974972514199426	0.5999482274055481	0.653528307018582	0.6004069447517395	0.2964265017777069	0.5579566808536514	0.5580138548680699	sub-20961	ses-1				space-ACPC			DSIStudio	autotrackgqi
ProjectionBrainstem_CorticopontineTractL	txx	DSIStudio	/scratch/executivefunction/SLURM_8364170_111/job-8364170-111-sub-20961-ses-1/ds/inputs/data/qsiprep/qsiprep/sub-20961/ses-1/dwi/sub-20961_ses-1_space-ACPC_desc-preproc_dwi.nii.gz	0.0018791105543376	0.0007684291783059	0.0003114259994189	0.0007177739753387	0.0007698758601603	0.0007182091358117	0.0003099273761534	0.0006966090453049	0.0006966804269912	sub-20961	ses-1				space-ACPC			DSIStudio	autotrackgqi
ProjectionBrainstem_CorticopontineTractL	txy	DSIStudio	/scratch/executivefunction/SLURM_8364170_111/job-8364170-111-sub-20961-ses-1/ds/inputs/data/qsiprep/qsiprep/sub-20961/ses-1/dwi/sub-20961_ses-1_space-ACPC_desc-preproc_dwi.nii.gz	0.0018791105543376	-2.9945721430582568e-06	0.0001422968515768	5.054192115494516e-06	-3.000209869088489e-06	5.272980615700362e-06	0.0001424306766745	-4.915038637716434e-05	-4.915542271269072e-05	sub-20961	ses-1				space-ACPC			DSIStudio	autotrackgqi
ProjectionBrainstem_CorticopontineTractL	txz	DSIStudio	/scratch/executivefunction/SLURM_8364170_111/job-8364170-111-sub-20961-ses-1/ds/inputs/data/qsiprep/qsiprep/sub-20961/ses-1/dwi/sub-20961_ses-1_space-ACPC_desc-preproc_dwi.nii.gz	0.0018791105543376	1.0030274109909813e-05	0.0001736394622228	6.939778813830344e-06	1.0049157587995616e-05	7.297234333236702e-06	0.000173802290465	6.396456480831741e-05	6.397111924601534e-05	sub-20961	ses-1				space-ACPC			DSIStudio	autotrackgqi
ProjectionBrainstem_CorticopontineTractL	tyy	DSIStudio	/scratch/executivefunction/SLURM_8364170_111/job-8364170-111-sub-20961-ses-1/ds/inputs/data/qsiprep/qsiprep/sub-20961/ses-1/dwi/sub-20961_ses-1_space-ACPC_desc-preproc_dwi.nii.gz	0.0018791105543376	0.0008169228279441	0.000356340581365	0.00077722518472	0.0008184608062835	0.0007775757694616	0.0003549068765109	0.0007598686576462	0.000759946521827	sub-20961	ses-1				space-ACPC			DSIStudio	autotrackgqi
ProjectionBrainstem_CorticopontineTractL	tyz	DSIStudio	/scratch/executivefunction/SLURM_8364170_111/job-8364170-111-sub-20961-ses-1/ds/inputs/data/qsiprep/qsiprep/sub-20961/ses-1/dwi/sub-20961_ses-1_space-ACPC_desc-preproc_dwi.nii.gz	0.0018791105543376	-1.5776313255488355e-05	0.0001893615025318	-1.0280372407578398e-05	-1.5806014504165143e-05	-1.0468327673152087e-05	0.0001895384308451	-9.067876515469812e-05	-9.068805698023909e-05	sub-20961	ses-1				space-ACPC			DSIStudio	autotrackgqi
ProjectionBrainstem_CorticopontineTractL	tzz	DSIStudio	/scratch/executivefunction/SLURM_8364170_111/job-8364170-111-sub-20961-ses-1/ds/inputs/data/qsiprep/qsiprep/sub-20961/ses-1/dwi/sub-20961_ses-1_space-ACPC_desc-preproc_dwi.nii.gz	0.0018791105543376	0.0009388380728846	0.0003324774896459	0.0009063822799362	0.0009406055747476	0.0009072652901522	0.0003302830140439	0.0009626606717232	0.000962759315714	sub-20961	ses-1				space-ACPC			DSIStudio	autotrackgqi
ProjectionBasalGanglia_OpticRadiationL	ad	DSIStudio	/scratch/executivefunction/SLURM_8364170_111/job-8364170-111-sub-20961-ses-1/ds/inputs/data/qsiprep/qsiprep/sub-20961/ses-1/dwi/sub-20961_ses-1_space-ACPC_desc-preproc_dwi.nii.gz	0.0	1.261071847639429	0.402486800876667	1.157279133796692	1.261071847639429	1.157279133796692	0.402486800876667	1.3107642054814126	1.3107642054814126	sub-20961	ses-1				space-ACPC			DSIStudio	autotrackgqi
ProjectionBasalGanglia_OpticRadiationL	dti_fa	DSIStudio	/scratch/executivefunction/SLURM_8364170_111/job-8364170-111-sub-20961-ses-1/ds/inputs/data/qsiprep/qsiprep/sub-20961/ses-1/dwi/sub-20961_ses-1_space-ACPC_desc-preproc_dwi.nii.gz	0.0	0.360466135080942	0.1923186922496501	0.3408854305744171	0.360466135080942	0.3408854305744171	0.1923186922496501	0.4809583943621733	0.4809583943621733	sub-20961	ses-1				space-ACPC			DSIStudio	autotrackgqi
ProjectionBasalGanglia_OpticRadiationL	gfa	DSIStudio	/scratch/executivefunction/SLURM_8364170_111/job-8364170-111-sub-20961-ses-1/ds/inputs/data/qsiprep/qsiprep/sub-20961/ses-1/dwi/sub-20961_ses-1_space-ACPC_desc-preproc_dwi.nii.gz	0.0	0.0820879200284168	0.0454546359011319	0.076422281563282	0.0820879200284168	0.076422281563282	0.0454546359011319	0.1125728905300803	0.1125728905300803	sub-20961	ses-1				space-ACPC			DSIStudio	autotrackgqi
ProjectionBasalGanglia_OpticRadiationL	ha	DSIStudio	/scratch/executivefunction/SLURM_8364170_111/job-8364170-111-sub-20961-ses-1/ds/inputs/data/qsiprep/qsiprep/sub-20961/ses-1/dwi/sub-20961_ses-1_space-ACPC_desc-preproc_dwi.nii.gz	0.0	7.641973353385786	25.68024577034938	8.286421775817871	7.641973353385786	8.286421775817871	25.68024577034938	5.420198307290092	5.420198307290092	sub-20961	ses-1				space-ACPC			DSIStudio	autotrackgqi
ProjectionBasalGanglia_OpticRadiationL	iso	DSIStudio	/scratch/executivefunction/SLURM_8364170_111/job-8364170-111-sub-20961-ses-1/ds/inputs/data/qsiprep/qsiprep/sub-20961/ses-1/dwi/sub-20961_ses-1_space-ACPC_desc-preproc_dwi.nii.gz	0.0	0.7883120761180148	0.2281227350235911	0.7477315664291382	0.7883120761180148	0.7477315664291382	0.2281227350235911	0.7080355974735055	0.7080355974735055	sub-20961	ses-1				space-ACPC			DSIStudio	autotrackgqi
ProjectionBasalGanglia_OpticRadiationL	md	DSIStudio	/scratch/executivefunction/SLURM_8364170_111/job-8364170-111-sub-20961-ses-1/ds/inputs/data/qsiprep/qsiprep/sub-20961/ses-1/dwi/sub-20961_ses-1_space-ACPC_desc-preproc_dwi.nii.gz	0.0	0.8960039412378998	0.3189905693463034	0.8100736141204834	0.8960039412378998	0.8100736141204834	0.3189905693463034	0.8229318945739043	0.8229318945739043	sub-20961	ses-1				space-ACPC			DSIStudio	autotrackgqi
ProjectionBasalGanglia_OpticRadiationL	qa	DSIStudio	/scratch/executivefunction/SLURM_8364170_111/job-8364170-111-sub-20961-ses-1/ds/inputs/data/qsiprep/qsiprep/sub-20961/ses-1/dwi/sub-20961_ses-1_space-ACPC_desc-preproc_dwi.nii.gz	0.0	0.2767415227694582	0.1482977540489867	0.2639354765415191	0.2767415227694582	0.2639354765415191	0.1482977540489867	0.3689072292082099	0.3689072292082099	sub-20961	ses-1				space-ACPC			DSIStudio	autotrackgqi
ProjectionBasalGanglia_OpticRadiationL	rd1	DSIStudio	/scratch/executivefunction/SLURM_8364170_111/job-8364170-111-sub-20961-ses-1/ds/inputs/data/qsiprep/qsiprep/sub-20961/ses-1/dwi/sub-20961_ses-1_space-ACPC_desc-preproc_dwi.nii.gz	0.0	0.8101563429715326	0.3388916641718698	0.745296061038971	0.8101563429715326	0.745296061038971	0.3388916641718698	0.6842917617936757	0.6842917617936757	sub-20961	ses-1				space-ACPC			DSIStudio	autotrackgqi
ProjectionBasalGanglia_OpticRadiationL	rd2	DSIStudio	/scratch/executivefunction/SLURM_8364170_111/job-8364170-111-sub-20961-ses-1/ds/inputs/data/qsiprep/qsiprep/sub-20961/ses-1/dwi/sub-20961_ses-1_space-ACPC_desc-preproc_dwi.nii.gz	0.0	0.6167836374153565	0.3350024345350245	0.5462079048156738	0.6167836374153565	0.5462079048156738	0.3350024345350245	0.4737397153748658	0.4737397153748658	sub-20961	ses-1				space-ACPC			DSIStudio	autotrackgqi
ProjectionBasalGanglia_OpticRadiationL	rd	DSIStudio	/scratch/executivefunction/SLURM_8364170_111/job-8364170-111-sub-20961-ses-1/ds/inputs/data/qsiprep/qsiprep/sub-20961/ses-1/dwi/sub-20961_ses-1_space-ACPC_desc-preproc_dwi.nii.gz	0.0	0.7134699896210909	0.3318199071401643	0.6401465535163879	0.7134699896210909	0.6401465535163879	0.3318199071401643	0.5790157394758708	0.5790157394758708	sub-20961	ses-1				space-ACPC			DSIStudio	autotrackgqi
ProjectionBasalGanglia_OpticRadiationL	txx	DSIStudio	/scratch/executivefunction/SLURM_8364170_111/job-8364170-111-sub-20961-ses-1/ds/inputs/data/qsiprep/qsiprep/sub-20961/ses-1/dwi/sub-20961_ses-1_space-ACPC_desc-preproc_dwi.nii.gz	0.0	0.000875026479355	0.0003378570629793	0.0008169515640474	0.000875026479355	0.0008169515640474	0.0003378570629793	0.0008197323201462	0.0008197323201462	sub-20961	ses-1				space-ACPC			DSIStudio	autotrackgqi
ProjectionBasalGanglia_OpticRadiationL	txy	DSIStudio	/scratch/executivefunction/SLURM_8364170_111/job-8364170-111-sub-20961-ses-1/ds/inputs/data/qsiprep/qsiprep/sub-20961/ses-1/dwi/sub-20961_ses-1_space-ACPC_desc-preproc_dwi.nii.gz	0.0	-9.16995057035105e-05	0.0001683230127823	-6.620930798817426e-05	-9.16995057035105e-05	-6.620930798817426e-05	0.0001683230127823	-0.0001693343772948	-0.0001693343772948	sub-20961	ses-1				space-ACPC			DSIStudio	autotrackgqi
ProjectionBasalGanglia_OpticRadiationL	txz	DSIStudio	/scratch/executivefunction/SLURM_8364170_111/job-8364170-111-sub-20961-ses-1/ds/inputs/data/qsiprep/qsiprep/sub-20961/ses-1/dwi/sub-20961_ses-1_space-ACPC_desc-preproc_dwi.nii.gz	0.0	-4.90496123259336e-05	0.0001050064135979	-4.113643080927432e-05	-4.90496123259336e-05	-4.113643080927432e-05	0.0001050064135979	-5.1463037024279975e-05	-5.1463037024279975e-05	sub-20961	ses-1				space-ACPC			DSIStudio	autotrackgqi
ProjectionBasalGanglia_OpticRadiationL	tyy	DSIStudio	/scratch/executivefunction/SLURM_8364170_111/job-8364170-111-sub-20961-ses-1/ds/inputs/data/qsiprep/qsiprep/sub-20961/ses-1/dwi/sub-20961_ses-1_space-ACPC_desc-preproc_dwi.nii.gz	0.0	0.0010444029852718	0.0004085146468954	0.0009351704502478	0.0010444029852718	0.0009351704502478	0.0004085146468954	0.0010575477656726	0.0010575477656726	sub-20961	ses-1				space-ACPC			DSIStudio	autotrackgqi
ProjectionBasalGanglia_OpticRadiationL	tyz	DSIStudio	/scratch/executivefunction/SLURM_8364170_111/job-8364170-111-sub-20961-ses-1/ds/inputs/data/qsiprep/qsiprep/sub-20961/ses-1/dwi/sub-20961_ses-1_space-ACPC_desc-preproc_dwi.nii.gz	0.0	5.601397228598136e-05	0.0001473289070916	3.226306944270618e-05	5.601397228598136e-05	3.226306944270618e-05	0.0001473289070916	6.005102214485175e-05	6.005102214485175e-05	sub-20961	ses-1				space-ACPC			DSIStudio	autotrackgqi
ProjectionBasalGanglia_OpticRadiationL	tzz	DSIStudio	/scratch/executivefunction/SLURM_8364170_111/job-8364170-111-sub-20961-ses-1/ds/inputs/data/qsiprep/qsiprep/sub-20961/ses-1/dwi/sub-20961_ses-1_space-ACPC_desc-preproc_dwi.nii.gz	0.0	0.0007685823609379	0.0003713676535242	0.0007116672350093	0.0007685823609379	0.0007116672350093	0.0003713676535242	0.0005915155989957	0.0005915155989957	sub-20961	ses-1				space-ACPC			DSIStudio	autotrackgqi
ProjectionBrainstem_MedialForebrainBundleR	ad	DSIStudio	/scratch/executivefunction/SLURM_8364170_111/job-8364170-111-sub-20961-ses-1/ds/inputs/data/qsiprep/qsiprep/sub-20961/ses-1/dwi/sub-20961_ses-1_space-ACPC_desc-preproc_dwi.nii.gz	0.0107474352711284	1.4547848794363625	0.6323275671751694	1.2727208137512207	1.4705899497314736	1.2767455577850342	0.6172027992036816	1.3755256046097002	1.3805969699958651	sub-20961	ses-1				space-ACPC			DSIStudio	autotrackgqi
ProjectionBrainstem_MedialForebrainBundleR	dti_fa	DSIStudio	/scratch/executivefunction/SLURM_8364170_111/job-8364170-111-sub-20961-ses-1/ds/inputs/data/qsiprep/qsiprep/sub-20961/ses-1/dwi/sub-20961_ses-1_space-ACPC_desc-preproc_dwi.nii.gz	0.0107474352711284	0.3861094175885819	0.1786460272099302	0.3768664598464966	0.3903041865697912	0.3798897266387939	0.1749968328899563	0.441284706683995	0.4429116602307412	sub-20961	ses-1				space-ACPC			DSIStudio	autotrackgqi
ProjectionBrainstem_MedialForebrainBundleR	gfa	DSIStudio	/scratch/executivefunction/SLURM_8364170_111/job-8364170-111-sub-20961-ses-1/ds/inputs/data/qsiprep/qsiprep/sub-20961/ses-1/dwi/sub-20961_ses-1_space-ACPC_desc-preproc_dwi.nii.gz	0.0102589154860771	0.0845983499296202	0.0322256364320126	0.0823233276605606	0.0854752331223754	0.082888975739479	0.0312138442910787	0.0954665498649668	0.0957871358483086	sub-20961	ses-1				space-ACPC			DSIStudio	autotrackgqi
ProjectionBrainstem_MedialForebrainBundleR	ha	DSIStudio	/scratch/executivefunction/SLURM_8364170_111/job-8364170-111-sub-20961-ses-1/ds/inputs/data/qsiprep/qsiprep/sub-20961/ses-1/dwi/sub-20961_ses-1_space-ACPC_desc-preproc_dwi.nii.gz	0.0107474352711284	9.830928141185918	49.81017303336477	14.599595069885254	9.937733286423494	15.834539413452148	50.06941771292328	10.01892582863884	10.055864193343536	sub-20961	ses-1				space-ACPC			DSIStudio	autotrackgqi
ProjectionBrainstem_MedialForebrainBundleR	iso	DSIStudio	/scratch/executivefunction/SLURM_8364170_111/job-8364170-111-sub-20961-ses-1/ds/inputs/data/qsiprep/qsiprep/sub-20961/ses-1/dwi/sub-20961_ses-1_space-ACPC_desc-preproc_dwi.nii.gz	0.0102589154860771	0.638218707791641	0.182748395864615	0.6736825108528137	0.6448340053551279	0.6765029430389404	0.1716897650757613	0.6972881932310551	0.6996297550062995	sub-20961	ses-1				space-ACPC			DSIStudio	autotrackgqi
ProjectionBrainstem_MedialForebrainBundleR	md	DSIStudio	/scratch/executivefunction/SLURM_8364170_111/job-8364170-111-sub-20961-ses-1/ds/inputs/data/qsiprep/qsiprep/sub-20961/ses-1/dwi/sub-20961_ses-1_space-ACPC_desc-preproc_dwi.nii.gz	0.0107474352711284	1.0378035745011578	0.5755192540600584	0.8136027455329895	1.0490784775327753	0.8176803588867188	0.5683243962698458	0.9188026693216044	0.9221901627977812	sub-20961	ses-1				space-ACPC			DSIStudio	autotrackgqi
ProjectionBrainstem_MedialForebrainBundleR	qa	DSIStudio	/scratch/executivefunction/SLURM_8364170_111/job-8364170-111-sub-20961-ses-1/ds/inputs/data/qsiprep/qsiprep/sub-20961/ses-1/dwi/sub-20961_ses-1_space-ACPC_desc-preproc_dwi.nii.gz	0.0102589154860771	0.2549775573715464	0.1316559715024158	0.2413323372602462	0.2576204639385763	0.2430778816342353	0.129738552406385	0.3148492713747615	0.3159065659028536	sub-20961	ses-1				space-ACPC			DSIStudio	autotrackgqi
ProjectionBrainstem_MedialForebrainBundleR	rd1	DSIStudio	/scratch/executivefunction/SLURM_8364170_111/job-8364170-111-sub-20961-ses-1/ds/inputs/data/qsiprep/qsiprep/sub-20961/ses-1/dwi/sub-20961_ses-1_space-ACPC_desc-preproc_dwi.nii.gz	0.0107474352711284	0.9369168677487836	0.601571225383517	0.7323143482208252	0.947095717670005	0.733542799949646	0.5968075201384785	0.7960220013070374	0.7989568200912569	sub-20961	ses-1				space-ACPC			DSIStudio	autotrackgqi
ProjectionBrainstem_MedialForebrainBundleR	rd2	DSIStudio	/scratch/executivefunction/SLURM_8364170_111/job-8364170-111-sub-20961-ses-1/ds/inputs/data/qsiprep/qsiprep/sub-20961/ses-1/dwi/sub-20961_ses-1_space-ACPC_desc-preproc_dwi.nii.gz	0.0107474352711284	0.7217089796687226	0.5618592697927812	0.5335317850112915	0.7295497685836421	0.5356860160827637	0.559817172500847	0.5848603987067089	0.5870166949525353	sub-20961	ses-1				space-ACPC			DSIStudio	autotrackgqi
ProjectionBrainstem_MedialForebrainBundleR	rd	DSIStudio	/scratch/executivefunction/SLURM_8364170_111/job-8364170-111-sub-20961-ses-1/ds/inputs/data/qsiprep/qsiprep/sub-20961/ses-1/dwi/sub-20961_ses-1_space-ACPC_desc-preproc_dwi.nii.gz	0.0107474352711284	0.8293129240608995	0.5782841484941963	0.6236310005187988	0.8383227434827958	0.6267507076263428	0.5748848092732458	0.6904411996351945	0.6929867571488472	sub-20961	ses-1				space-ACPC			DSIStudio	autotrackgqi
ProjectionBrainstem_MedialForebrainBundleR	txx	DSIStudio	/scratch/executivefunction/SLURM_8364170_111/job-8364170-111-sub-20961-ses-1/ds/inputs/data/qsiprep/qsiprep/sub-20961/ses-1/dwi/sub-20961_ses-1_space-ACPC_desc-preproc_dwi.nii.gz	0.0107474352711284	0.0008861961012422	0.0005761711749466	0.0007087271660566	0.0008958239107371	0.0007119404617697	0.0005717998107324	0.0007268270301698	0.0007295067371827	sub-20961	ses-1				space-ACPC			DSIStudio	autotrackgqi
ProjectionBrainstem_MedialForebrainBundleR	txy	DSIStudio	/scratch/executivefunction/SLURM_8364170_111/job-8364170-111-sub-20961-ses-1/ds/inputs/data/qsiprep/qsiprep/sub-20961/ses-1/dwi/sub-20961_ses-1_space-ACPC_desc-preproc_dwi.nii.gz	0.0107474352711284	-5.638398581651632e-06	0.0001135119818307	-8.804298886389006e-06	-5.69965525760044e-06	-9.85158567345934e-06	0.0001141253947931	-1.635399540564063e-05	-1.641429027716523e-05	sub-20961	ses-1				space-ACPC			DSIStudio	autotrackgqi
ProjectionBrainstem_MedialForebrainBundleR	txz	DSIStudio	/scratch/executivefunction/SLURM_8364170_111/job-8364170-111-sub-20961-ses-1/ds/inputs/data/qsiprep/qsiprep/sub-20961/ses-1/dwi/sub-20961_ses-1_space-ACPC_desc-preproc_dwi.nii.gz	0.0107474352711284	-4.213593968975328e-05	0.0001197439335208	-3.681577800307423e-05	-4.259371286169134e-05	-3.840540011879057e-05	0.0001203116322022	-2.8443469465881855e-05	-2.8548336490767824e-05	sub-20961	ses-1				space-ACPC			DSIStudio	autotrackgqi
ProjectionBrainstem_MedialForebrainBundleR	tyy	DSIStudio	/scratch/executivefunction/SLURM_8364170_111/job-8364170-111-sub-20961-ses-1/ds/inputs/data/qsiprep/qsiprep/sub-20961/ses-1/dwi/sub-20961_ses-1_space-ACPC_desc-preproc_dwi.nii.gz	0.0107474352711284	0.0010479829537907	0.0006256373503386	0.0008906837319955	0.0010593684476097	0.0008945750887505	0.0006193651170151	0.000918861458685	0.0009222491687613	sub-20961	ses-1				space-ACPC			DSIStudio	autotrackgqi
ProjectionBrainstem_MedialForebrainBundleR	tyz	DSIStudio	/scratch/executivefunction/SLURM_8364170_111/job-8364170-111-sub-20961-ses-1/ds/inputs/data/qsiprep/qsiprep/sub-20961/ses-1/dwi/sub-20961_ses-1_space-ACPC_desc-preproc_dwi.nii.gz	0.0107474352711284	-9.49073023262017e-05	0.0001994716658748	-8.634302503196523e-05	-9.5938394005795e-05	-8.896733925212175e-05	0.000200305514578	-0.0001272977981647	-0.0001277671267614	sub-20961	ses-1				space-ACPC			DSIStudio	autotrackgqi
ProjectionBrainstem_MedialForebrainBundleR	tzz	DSIStudio	/scratch/executivefunction/SLURM_8364170_111/job-8364170-111-sub-20961-ses-1/ds/inputs/data/qsiprep/qsiprep/sub-20961/ses-1/dwi/sub-20961_ses-1_space-ACPC_desc-preproc_dwi.nii.gz	0.0107474352711284	0.0011792316706359	0.000662751298834	0.0009852553484961	0.0011920430764403	0.0009954494889825	0.0006547820392034	0.0011107195145022	0.0011148145778245	sub-20961	ses-1				space-ACPC			DSIStudio	autotrackgqi
ProjectionBasalGanglia_FornixL	ad	DSIStudio	/scratch/executivefunction/SLURM_8364170_111/job-8364170-111-sub-20961-ses-1/ds/inputs/data/qsiprep/qsiprep/sub-20961/ses-1/dwi/sub-20961_ses-1_space-ACPC_desc-preproc_dwi.nii.gz	0.0	1.5156535377003708	0.6042491029533033	1.2997976541519165	1.5156535377003708	1.2997976541519165	0.6042491029533033	1.5289298917237375	1.5289298917237375	sub-20961	ses-1				space-ACPC			DSIStudio	autotrackgqi
ProjectionBasalGanglia_FornixL	dti_fa	DSIStudio	/scratch/executivefunction/SLURM_8364170_111/job-8364170-111-sub-20961-ses-1/ds/inputs/data/qsiprep/qsiprep/sub-20961/ses-1/dwi/sub-20961_ses-1_space-ACPC_desc-preproc_dwi.nii.gz	0.0	0.3188365880666035	0.1490853860105633	0.3017149567604065	0.3188365880666035	0.3017149567604065	0.1490853860105633	0.348659988479682	0.348659988479682	sub-20961	ses-1				space-ACPC			DSIStudio	autotrackgqi
ProjectionBasalGanglia_FornixL	gfa	DSIStudio	/scratch/executivefunction/SLURM_8364170_111/job-8364170-111-sub-20961-ses-1/ds/inputs/data/qsiprep/qsiprep/sub-20961/ses-1/dwi/sub-20961_ses-1_space-ACPC_desc-preproc_dwi.nii.gz	0.0	0.078766667144373	0.0334753745614452	0.0740153677761554	0.078766667144373	0.0740153677761554	0.0334753745614452	0.0868464061407612	0.0868464061407612	sub-20961	ses-1				space-ACPC			DSIStudio	autotrackgqi
ProjectionBasalGanglia_FornixL	ha	DSIStudio	/scratch/executivefunction/SLURM_8364170_111/job-8364170-111-sub-20961-ses-1/ds/inputs/data/qsiprep/qsiprep/sub-20961/ses-1/dwi/sub-20961_ses-1_space-ACPC_desc-preproc_dwi.nii.gz	0.0	12.534762245825284	36.28136601971791	18.345531463623047	12.534762245825284	18.345531463623047	36.28136601971791	11.54619298525838	11.54619298525838	sub-20961	ses-1				space-ACPC			DSIStudio	autotrackgqi
ProjectionBasalGanglia_FornixL	iso	DSIStudio	/scratch/executivefunction/SLURM_8364170_111/job-8364170-111-sub-20961-ses-1/ds/inputs/data/qsiprep/qsiprep/sub-20961/ses-1/dwi/sub-20961_ses-1_space-ACPC_desc-preproc_dwi.nii.gz	0.0	0.6209171654618516	0.142306641780983	0.6401970088481903	0.6209171654618516	0.6401970088481903	0.142306641780983	0.6154741513697024	0.6154741513697024	sub-20961	ses-1				space-ACPC			DSIStudio	autotrackgqi
ProjectionBasalGanglia_FornixL	md	DSIStudio	/scratch/executivefunction/SLURM_8364170_111/job-8364170-111-sub-20961-ses-1/ds/inputs/data/qsiprep/qsiprep/sub-20961/ses-1/dwi/sub-20961_ses-1_space-ACPC_desc-preproc_dwi.nii.gz	0.0	1.1401252989410138	0.5288807743555408	0.8980923891067505	1.1401252989410138	0.8980923891067505	0.5288807743555408	1.1138253615663825	1.1138253615663825	sub-20961	ses-1				space-ACPC			DSIStudio	autotrackgqi
ProjectionBasalGanglia_FornixL	qa	DSIStudio	/scratch/executivefunction/SLURM_8364170_111/job-8364170-111-sub-20961-ses-1/ds/inputs/data/qsiprep/qsiprep/sub-20961/ses-1/dwi/sub-20961_ses-1_space-ACPC_desc-preproc_dwi.nii.gz	0.0	0.2173338218364028	0.1012987781964748	0.2004709541797638	0.2173338218364028	0.2004709541797638	0.1012987781964748	0.242885960472878	0.242885960472878	sub-20961	ses-1				space-ACPC			DSIStudio	autotrackgqi
ProjectionBasalGanglia_FornixL	rd1	DSIStudio	/scratch/executivefunction/SLURM_8364170_111/job-8364170-111-sub-20961-ses-1/ds/inputs/data/qsiprep/qsiprep/sub-20961/ses-1/dwi/sub-20961_ses-1_space-ACPC_desc-preproc_dwi.nii.gz	0.0	1.0562657993971083	0.5295861857468348	0.8539809584617615	1.0562657993971083	0.8539809584617615	0.5295861857468348	1.014845993925031	1.014845993925031	sub-20961	ses-1				space-ACPC			DSIStudio	autotrackgqi
ProjectionBasalGanglia_FornixL	rd2	DSIStudio	/scratch/executivefunction/SLURM_8364170_111/job-8364170-111-sub-20961-ses-1/ds/inputs/data/qsiprep/qsiprep/sub-20961/ses-1/dwi/sub-20961_ses-1_space-ACPC_desc-preproc_dwi.nii.gz	0.0	0.8484565526361064	0.508685542538804	0.6601775586605072	0.8484565526361064	0.6601775586605072	0.508685542538804	0.7977001904696808	0.7977001904696808	sub-20961	ses-1				space-ACPC			DSIStudio	autotrackgqi
ProjectionBasalGanglia_FornixL	rd	DSIStudio	/scratch/executivefunction/SLURM_8364170_111/job-8364170-111-sub-20961-ses-1/ds/inputs/data/qsiprep/qsiprep/sub-20961/ses-1/dwi/sub-20961_ses-1_space-ACPC_desc-preproc_dwi.nii.gz	0.0	0.9523611771056848	0.5159134355494996	0.7447371482849121	0.9523611771056848	0.7447371482849121	0.5159134355494996	0.906273094460844	0.906273094460844	sub-20961	ses-1				space-ACPC			DSIStudio	autotrackgqi
ProjectionBasalGanglia_FornixL	txx	DSIStudio	/scratch/executivefunction/SLURM_8364170_111/job-8364170-111-sub-20961-ses-1/ds/inputs/data/qsiprep/qsiprep/sub-20961/ses-1/dwi/sub-20961_ses-1_space-ACPC_desc-preproc_dwi.nii.gz	0.0	0.0010929541823371	0.0005545803377638	0.000909724360099	0.0010929541823371	0.000909724360099	0.0005545803377638	0.0010129645877248	0.0010129645877248	sub-20961	ses-1				space-ACPC			DSIStudio	autotrackgqi
ProjectionBasalGanglia_FornixL	txy	DSIStudio	/scratch/executivefunction/SLURM_8364170_111/job-8364170-111-sub-20961-ses-1/ds/inputs/data/qsiprep/qsiprep/sub-20961/ses-1/dwi/sub-20961_ses-1_space-ACPC_desc-preproc_dwi.nii.gz	0.0	2.550458810011192e-05	0.0001701478237112	2.517035454729921e-06	2.550458810011192e-05	2.517035454729921e-06	0.0001701478237112	3.653793064108851e-05	3.653793064108851e-05	sub-20961	ses-1				space-ACPC			DSIStudio	autotrackgqi
ProjectionBasalGanglia_FornixL	txz	DSIStudio	/scratch/executivefunction/SLURM_8364170_111/job-8364170-111-sub-20961-ses-1/ds/inputs/data/qsiprep/qsiprep/sub-20961/ses-1/dwi/sub-20961_ses-1_space-ACPC_desc-preproc_dwi.nii.gz	0.0	-4.1430995492084126e-05	0.0001416533878575	-2.3127394342736807e-05	-4.1430995492084126e-05	-2.3127394342736807e-05	0.0001416533878575	-4.003390727336483e-05	-4.003390727336483e-05	sub-20961	ses-1				space-ACPC			DSIStudio	autotrackgqi
ProjectionBasalGanglia_FornixL	tyy	DSIStudio	/scratch/executivefunction/SLURM_8364170_111/job-8364170-111-sub-20961-ses-1/ds/inputs/data/qsiprep/qsiprep/sub-20961/ses-1/dwi/sub-20961_ses-1_space-ACPC_desc-preproc_dwi.nii.gz	0.0	0.0011965934467075	0.0005543206687899	0.0010065730893984	0.0011965934467075	0.0010065730893984	0.0005543206687899	0.0011999757546795	0.0011999757546795	sub-20961	ses-1				space-ACPC			DSIStudio	autotrackgqi
ProjectionBasalGanglia_FornixL	tyz	DSIStudio	/scratch/executivefunction/SLURM_8364170_111/job-8364170-111-sub-20961-ses-1/ds/inputs/data/qsiprep/qsiprep/sub-20961/ses-1/dwi/sub-20961_ses-1_space-ACPC_desc-preproc_dwi.nii.gz	0.0	6.367035227891672e-05	0.0001940763724974	5.9904015870415606e-05	6.367035227891672e-05	5.9904015870415606e-05	0.0001940763724974	3.3929865362002847e-05	3.3929865362002847e-05	sub-20961	ses-1				space-ACPC			DSIStudio	autotrackgqi
ProjectionBasalGanglia_FornixL	tzz	DSIStudio	/scratch/executivefunction/SLURM_8364170_111/job-8364170-111-sub-20961-ses-1/ds/inputs/data/qsiprep/qsiprep/sub-20961/ses-1/dwi/sub-20961_ses-1_space-ACPC_desc-preproc_dwi.nii.gz	0.0	0.0011308282639145	0.0005752634333652	0.000935066549573	0.0011308282639145	0.000935066549573	0.0005752634333652	0.0011285357349528	0.0011285357349528	sub-20961	ses-1				space-ACPC			DSIStudio	autotrackgqi
ProjectionBasalGanglia_ThalamicRadiationL	ad	DSIStudio	/scratch/executivefunction/SLURM_8364170_111/job-8364170-111-sub-20961-ses-1/ds/inputs/data/qsiprep/qsiprep/sub-20961/ses-1/dwi/sub-20961_ses-1_space-ACPC_desc-preproc_dwi.nii.gz	0.0008351893095768	1.1509596533857631	0.2537410409811087	1.1048492789268494	1.1519217260968688	1.10503888130188	0.2516547270128757	1.1624300778754546	1.1624620887086348	sub-20961	ses-1				space-ACPC			DSIStudio	autotrackgqi
ProjectionBasalGanglia_ThalamicRadiationL	dti_fa	DSIStudio	/scratch/executivefunction/SLURM_8364170_111/job-8364170-111-sub-20961-ses-1/ds/inputs/data/qsiprep/qsiprep/sub-20961/ses-1/dwi/sub-20961_ses-1_space-ACPC_desc-preproc_dwi.nii.gz	0.0008351893095768	0.3679186612972264	0.1661882345341743	0.3691526800394058	0.3682261998828746	0.3694374859333038	0.1659167608002751	0.4397157563468069	0.4397278652806913	sub-20961	ses-1				space-ACPC			DSIStudio	autotrackgqi
ProjectionBasalGanglia_ThalamicRadiationL	gfa	DSIStudio	/scratch/executivefunction/SLURM_8364170_111/job-8364170-111-sub-20961-ses-1/ds/inputs/data/qsiprep/qsiprep/sub-20961/ses-1/dwi/sub-20961_ses-1_space-ACPC_desc-preproc_dwi.nii.gz	0.0008351893095768	0.0800547053073892	0.0350498651384497	0.0796093866229057	0.0801216220295742	0.0796389877796173	0.0349879758174293	0.0934345537105988	0.0934371267114462	sub-20961	ses-1				space-ACPC			DSIStudio	autotrackgqi
ProjectionBasalGanglia_ThalamicRadiationL	ha	DSIStudio	/scratch/executivefunction/SLURM_8364170_111/job-8364170-111-sub-20961-ses-1/ds/inputs/data/qsiprep/qsiprep/sub-20961/ses-1/dwi/sub-20961_ses-1_space-ACPC_desc-preproc_dwi.nii.gz	0.0008351893095768	-5.371808911311601	45.77542340812038	-8.083102703094482	-5.376299138877479	-8.159370422363281	45.794287384396114	-11.180477596295294	-11.180785525229268	sub-20961	ses-1				space-ACPC			DSIStudio	autotrackgqi
ProjectionBasalGanglia_ThalamicRadiationL	iso	DSIStudio	/scratch/executivefunction/SLURM_8364170_111/job-8364170-111-sub-20961-ses-1/ds/inputs/data/qsiprep/qsiprep/sub-20961/ses-1/dwi/sub-20961_ses-1_space-ACPC_desc-preproc_dwi.nii.gz	0.0008351893095768	0.7623468363251739	0.1536702237251182	0.7365783452987671	0.7629840724658747	0.7366883158683777	0.1521449168696044	0.7383831240350066	0.7384034574457234	sub-20961	ses-1				space-ACPC			DSIStudio	autotrackgqi
ProjectionBasalGanglia_ThalamicRadiationL	md	DSIStudio	/scratch/executivefunction/SLURM_8364170_111/job-8364170-111-sub-20961-ses-1/ds/inputs/data/qsiprep/qsiprep/sub-20961/ses-1/dwi/sub-20961_ses-1_space-ACPC_desc-preproc_dwi.nii.gz	0.0008351893095768	0.8196402174498784	0.2091847981632656	0.7802402675151825	0.8203253444079027	0.7803444862365723	0.2079250580641923	0.765955360649669	0.7659764533294136	sub-20961	ses-1				space-ACPC			DSIStudio	autotrackgqi
ProjectionBasalGanglia_ThalamicRadiationL	qa	DSIStudio	/scratch/executivefunction/SLURM_8364170_111/job-8364170-111-sub-20961-ses-1/ds/inputs/data/qsiprep/qsiprep/sub-20961/ses-1/dwi/sub-20961_ses-1_space-ACPC_desc-preproc_dwi.nii.gz	0.0008351893095768	0.2706840179180249	0.1257209655921329	0.260869637131691	0.27091027928714	0.2609737813472748	0.1255295841460477	0.3146320739077982	0.3146407382391096	sub-20961	ses-1				space-ACPC			DSIStudio	autotrackgqi
ProjectionBasalGanglia_ThalamicRadiationL	rd1	DSIStudio	/scratch/executivefunction/SLURM_8364170_111/job-8364170-111-sub-20961-ses-1/ds/inputs/data/qsiprep/qsiprep/sub-20961/ses-1/dwi/sub-20961_ses-1_space-ACPC_desc-preproc_dwi.nii.gz	0.0008351893095768	0.7595117680103405	0.2388175989870817	0.7335022985935211	0.7601466343530631	0.7336264848709106	0.2379052919695105	0.6742864059760195	0.674304974269935	sub-20961	ses-1				space-ACPC			DSIStudio	autotrackgqi
ProjectionBasalGanglia_ThalamicRadiationL	rd2	DSIStudio	/scratch/executivefunction/SLURM_8364170_111/job-8364170-111-sub-20961-ses-1/ds/inputs/data/qsiprep/qsiprep/sub-20961/ses-1/dwi/sub-20961_ses-1_space-ACPC_desc-preproc_dwi.nii.gz	0.0008351893095768	0.548449229905361	0.2499464668213268	0.5023889541625977	0.5489076717247303	0.5024421811103821	0.2495472192550487	0.4611495967647185	0.4611622956768205	sub-20961	ses-1				space-ACPC			DSIStudio	autotrackgqi
ProjectionBasalGanglia_ThalamicRadiationL	rd	DSIStudio	/scratch/executivefunction/SLURM_8364170_111/job-8364170-111-sub-20961-ses-1/ds/inputs/data/qsiprep/qsiprep/sub-20961/ses-1/dwi/sub-20961_ses-1_space-ACPC_desc-preproc_dwi.nii.gz	0.0008351893095768	0.653980498782234	0.2372562728047343	0.6186385750770569	0.654527152863133	0.6190474629402161	0.2366004894335674	0.567718001018575	0.567733634621574	sub-20961	ses-1				space-ACPC			DSIStudio	autotrackgqi
ProjectionBasalGanglia_ThalamicRadiationL	txx	DSIStudio	/scratch/executivefunction/SLURM_8364170_111/job-8364170-111-sub-20961-ses-1/ds/inputs/data/qsiprep/qsiprep/sub-20961/ses-1/dwi/sub-20961_ses-1_space-ACPC_desc-preproc_dwi.nii.gz	0.0008351893095768	0.000747403598223	0.0002531498736578	0.0007133645995054	0.0007480283434988	0.0007136497297324	0.0002523313279939	0.000662128763365	0.0006621469968285	sub-20961	ses-1				space-ACPC			DSIStudio	autotrackgqi
ProjectionBasalGanglia_ThalamicRadiationL	txy	DSIStudio	/scratch/executivefunction/SLURM_8364170_111/job-8364170-111-sub-20961-ses-1/ds/inputs/data/qsiprep/qsiprep/sub-20961/ses-1/dwi/sub-20961_ses-1_space-ACPC_desc-preproc_dwi.nii.gz	0.0008351893095768	-9.98024999839908e-06	0.0001229364950838	-2.7468425969345844e-06	-9.98859236395918e-06	-2.77882395494089e-06	0.0001229875261194	-5.73995308302297e-05	-5.740111148944009e-05	sub-20961	ses-1				space-ACPC			DSIStudio	autotrackgqi
ProjectionBasalGanglia_ThalamicRadiationL	txz	DSIStudio	/scratch/executivefunction/SLURM_8364170_111/job-8364170-111-sub-20961-ses-1/ds/inputs/data/qsiprep/qsiprep/sub-20961/ses-1/dwi/sub-20961_ses-1_space-ACPC_desc-preproc_dwi.nii.gz	0.0008351893095768	-1.803243389667094e-05	0.0001531501884257	-4.550036464934237e-06	-1.804750698156645e-05	-4.806963261216879e-06	0.0001532132954624	8.784522859271239e-06	8.784764812440951e-06	sub-20961	ses-1				space-ACPC			DSIStudio	autotrackgqi
ProjectionBasalGanglia_ThalamicRadiationL	tyy	DSIStudio	/scratch/executivefunction/SLURM_8364170_111/job-8364170-111-sub-20961-ses-1/ds/inputs/data/qsiprep/qsiprep/sub-20961/ses-1/dwi/sub-20961_ses-1_space-ACPC_desc-preproc_dwi.nii.gz	0.0008351893095768	0.0008362394177231	0.0003024918511429	0.0008080338302534	0.000836938419744	0.0008082669810391	0.0003016501005546	0.0008274317309753	0.0008274545166247	sub-20961	ses-1				space-ACPC			DSIStudio	autotrackgqi
ProjectionBasalGanglia_ThalamicRadiationL	tyz	DSIStudio	/scratch/executivefunction/SLURM_8364170_111/job-8364170-111-sub-20961-ses-1/ds/inputs/data/qsiprep/qsiprep/sub-20961/ses-1/dwi/sub-20961_ses-1_space-ACPC_desc-preproc_dwi.nii.gz	0.0008351893095768	-9.166745617135826e-06	0.0001564802303548	-1.0910983746725831e-05	-9.174407984606264e-06	-1.0955352991004474e-05	0.0001565453920949	-5.927951793631067e-05	-5.928115058605318e-05	sub-20961	ses-1				space-ACPC			DSIStudio	autotrackgqi
ProjectionBasalGanglia_ThalamicRadiationL	tzz	DSIStudio	/scratch/executivefunction/SLURM_8364170_111/job-8364170-111-sub-20961-ses-1/ds/inputs/data/qsiprep/qsiprep/sub-20961/ses-1/dwi/sub-20961_ses-1_space-ACPC_desc-preproc_dwi.nii.gz	0.0008351893095768	0.0008752776360517	0.0002819970387316	0.0008490234613418	0.0008760092696288	0.0008491149637848	0.0002809766605506	0.0008083055859001	0.0008083278448264	sub-20961	ses-1				space-ACPC			DSIStudio	autotrackgqi
ProjectionBrainstem_MedialForebrainBundleL	ad	DSIStudio	/scratch/executivefunction/SLURM_8364170_111/job-8364170-111-sub-20961-ses-1/ds/inputs/data/qsiprep/qsiprep/sub-20961/ses-1/dwi/sub-20961_ses-1_space-ACPC_desc-preproc_dwi.nii.gz	0.0154225786551511	1.3520527070205497	0.527046575470998	1.2251633405685425	1.3732314774939292	1.2307556867599487	0.50303667763616	1.310654913573559	1.3168589913187487	sub-20961	ses-1				space-ACPC			DSIStudio	autotrackgqi
ProjectionBrainstem_MedialForebrainBundleL	dti_fa	DSIStudio	/scratch/executivefunction/SLURM_8364170_111/job-8364170-111-sub-20961-ses-1/ds/inputs/data/qsiprep/qsiprep/sub-20961/ses-1/dwi/sub-20961_ses-1_space-ACPC_desc-preproc_dwi.nii.gz	0.0154225786551511	0.4183666521613242	0.1775120240702253	0.4091125726699829	0.4249200145072096	0.4125563502311706	0.1709369757702963	0.479150402244501	0.4814184945222688	sub-20961	ses-1				space-ACPC			DSIStudio	autotrackgqi
ProjectionBrainstem_MedialForebrainBundleL	gfa	DSIStudio	/scratch/executivefunction/SLURM_8364170_111/job-8364170-111-sub-20961-ses-1/ds/inputs/data/qsiprep/qsiprep/sub-20961/ses-1/dwi/sub-20961_ses-1_space-ACPC_desc-preproc_dwi.nii.gz	0.014805675508945	0.088772853753684	0.0348146902705031	0.08611910790205	0.0901069479866761	0.0867771431803703	0.0333176618649732	0.0999785853290674	0.1004209236394616	sub-20961	ses-1				space-ACPC			DSIStudio	autotrackgqi
ProjectionBrainstem_MedialForebrainBundleL	ha	DSIStudio	/scratch/executivefunction/SLURM_8364170_111/job-8364170-111-sub-20961-ses-1/ds/inputs/data/qsiprep/qsiprep/sub-20961/ses-1/dwi/sub-20961_ses-1_space-ACPC_desc-preproc_dwi.nii.gz	0.0154225786551511	-7.266617242049226	51.976144630723184	-14.17353057861328	-7.380442700101375	-15.954561233520508	52.37362470663012	-10.083749592928786	-10.13148167449078	sub-20961	ses-1				space-ACPC			DSIStudio	autotrackgqi
ProjectionBrainstem_MedialForebrainBundleL	iso	DSIStudio	/scratch/executivefunction/SLURM_8364170_111/job-8364170-111-sub-20961-ses-1/ds/inputs/data/qsiprep/qsiprep/sub-20961/ses-1/dwi/sub-20961_ses-1_space-ACPC_desc-preproc_dwi.nii.gz	0.014805675508945	0.6455239489262196	0.1815563557691829	0.6857362389564514	0.6552249976264257	0.68746417760849	0.1646259705550237	0.694636856497343	0.6977101596898779	sub-20961	ses-1				space-ACPC			DSIStudio	autotrackgqi
ProjectionBrainstem_MedialForebrainBundleL	md	DSIStudio	/scratch/executivefunction/SLURM_8364170_111/job-8364170-111-sub-20961-ses-1/ds/inputs/data/qsiprep/qsiprep/sub-20961/ses-1/dwi/sub-20961_ses-1_space-ACPC_desc-preproc_dwi.nii.gz	0.0154225786551511	0.9206851735885756	0.4469867476683843	0.78499436378479	0.935106933826492	0.7890302240848541	0.4352481122768399	0.8334676249469315	0.8374129029430224	sub-20961	ses-1				space-ACPC			DSIStudio	autotrackgqi
ProjectionBrainstem_MedialForebrainBundleL	qa	DSIStudio	/scratch/executivefunction/SLURM_8364170_111/job-8364170-111-sub-20961-ses-1/ds/inputs/data/qsiprep/qsiprep/sub-20961/ses-1/dwi/sub-20961_ses-1_space-ACPC_desc-preproc_dwi.nii.gz	0.014805675508945	0.2717164741231485	0.143961090279312	0.2528868317604065	0.2757998776165458	0.2548190653324127	0.1411029738992854	0.3304027705715717	0.3318645817084347	sub-20961	ses-1				space-ACPC			DSIStudio	autotrackgqi
ProjectionBrainstem_MedialForebrainBundleL	rd1	DSIStudio	/scratch/executivefunction/SLURM_8364170_111/job-8364170-111-sub-20961-ses-1/ds/inputs/data/qsiprep/qsiprep/sub-20961/ses-1/dwi/sub-20961_ses-1_space-ACPC_desc-preproc_dwi.nii.gz	0.0154225786551511	0.8105920061680507	0.4663823363841565	0.6968640685081482	0.8232892493724375	0.6998899281024933	0.4587658774343012	0.6990155192903806	0.702324358616726	sub-20961	ses-1				space-ACPC			DSIStudio	autotrackgqi
ProjectionBrainstem_MedialForebrainBundleL	rd2	DSIStudio	/scratch/executivefunction/SLURM_8364170_111/job-8364170-111-sub-20961-ses-1/ds/inputs/data/qsiprep/qsiprep/sub-20961/ses-1/dwi/sub-20961_ses-1_space-ACPC_desc-preproc_dwi.nii.gz	0.0154225786551511	0.5994108042965272	0.4349264018340963	0.4845439195632934	0.6088000712811219	0.4883403927087784	0.4317497382246555	0.4907324368980248	0.4930553537907214	sub-20961	ses-1				space-ACPC			DSIStudio	autotrackgqi
ProjectionBrainstem_MedialForebrainBundleL	rd	DSIStudio	/scratch/executivefunction/SLURM_8364170_111/job-8364170-111-sub-20961-ses-1/ds/inputs/data/qsiprep/qsiprep/sub-20961/ses-1/dwi/sub-20961_ses-1_space-ACPC_desc-preproc_dwi.nii.gz	0.0154225786551511	0.7050014044595383	0.4465912620111538	0.586222231388092	0.7160446595419245	0.5881092250347137	0.4412033663211156	0.5948739779254919	0.5976898560342143	sub-20961	ses-1				space-ACPC			DSIStudio	autotrackgqi
ProjectionBrainstem_MedialForebrainBundleL	txx	DSIStudio	/scratch/executivefunction/SLURM_8364170_111/job-8364170-111-sub-20961-ses-1/ds/inputs/data/qsiprep/qsiprep/sub-20961/ses-1/dwi/sub-20961_ses-1_space-ACPC_desc-preproc_dwi.nii.gz	0.0154225786551511	0.000778587677733	0.0004602382734357	0.0006651794537901	0.0007907836000032	0.0006699266668874	0.0004533132515293	0.0006550258094401	0.0006581264205275	sub-20961	ses-1				space-ACPC			DSIStudio	autotrackgqi
ProjectionBrainstem_MedialForebrainBundleL	txy	DSIStudio	/scratch/executivefunction/SLURM_8364170_111/job-8364170-111-sub-20961-ses-1/ds/inputs/data/qsiprep/qsiprep/sub-20961/ses-1/dwi/sub-20961_ses-1_space-ACPC_desc-preproc_dwi.nii.gz	0.0154225786551511	-2.445402596553405e-05	0.0001285356894945	-2.2941372662899084e-05	-2.483707775070846e-05	-2.545483221183531e-05	0.0001295017521665	-1.4658550508971068e-05	-1.4727937904754236e-05	sub-20961	ses-1				space-ACPC			DSIStudio	autotrackgqi
ProjectionBrainstem_MedialForebrainBundleL	txz	DSIStudio	/scratch/executivefunction/SLURM_8364170_111/job-8364170-111-sub-20961-ses-1/ds/inputs/data/qsiprep/qsiprep/sub-20961/ses-1/dwi/sub-20961_ses-1_space-ACPC_desc-preproc_dwi.nii.gz	0.0154225786551511	4.611267858595667e-05	0.0001266117775816	4.400804391480051e-05	4.6834994979846966e-05	4.616277874447405e-05	0.0001274669271709	3.574158575891801e-05	3.5910770968866764e-05	sub-20961	ses-1				space-ACPC			DSIStudio	autotrackgqi
ProjectionBrainstem_MedialForebrainBundleL	tyy	DSIStudio	/scratch/executivefunction/SLURM_8364170_111/job-8364170-111-sub-20961-ses-1/ds/inputs/data/qsiprep/qsiprep/sub-20961/ses-1/dwi/sub-20961_ses-1_space-ACPC_desc-preproc_dwi.nii.gz	0.0154225786551511	0.0008995107439927	0.0004747179824915	0.0008288755198009	0.000913600824569	0.0008346201211679	0.0004647735840334	0.0008235677933796	0.0008274662098488	sub-20961	ses-1				space-ACPC			DSIStudio	autotrackgqi
ProjectionBrainstem_MedialForebrainBundleL	tyz	DSIStudio	/scratch/executivefunction/SLURM_8364170_111/job-8364170-111-sub-20961-ses-1/ds/inputs/data/qsiprep/qsiprep/sub-20961/ses-1/dwi/sub-20961_ses-1_space-ACPC_desc-preproc_dwi.nii.gz	0.0154225786551511	-0.0001140925373166	0.0002010808188937	-9.541217877995224e-05	-0.0001158797011217	-9.850438436842524e-05	0.0002021379639801	-0.0001537833010233	-0.0001545112450811	sub-20961	ses-1				space-ACPC			DSIStudio	autotrackgqi
ProjectionBrainstem_MedialForebrainBundleL	tzz	DSIStudio	/scratch/executivefunction/SLURM_8364170_111/job-8364170-111-sub-20961-ses-1/ds/inputs/data/qsiprep/qsiprep/sub-20961/ses-1/dwi/sub-20961_ses-1_space-ACPC_desc-preproc_dwi.nii.gz	0.0154225786551511	0.0010839570951247	0.0005691565069662	0.0009412951767444	0.0011009363729305	0.0009507085196673	0.0005570639634574	0.0010218092665923	0.0010266460729983	sub-20961	ses-1				space-ACPC			DSIStudio	autotrackgqi
ProjectionBasalGanglia_FasciculusSubthalamicusL	ad	DSIStudio	/scratch/executivefunction/SLURM_8364170_111/job-8364170-111-sub-20961-ses-1/ds/inputs/data/qsiprep/qsiprep/sub-20961/ses-1/dwi/sub-20961_ses-1_space-ACPC_desc-preproc_dwi.nii.gz	0.0	1.2431851352072512	0.4126152675853329	1.124579906463623	1.2431851352072512	1.124579906463623	0.4126152675853329	1.3708333387357876	1.3708334941647422	sub-20961	ses-1				space-ACPC			DSIStudio	autotrackgqi
ProjectionBasalGanglia_FasciculusSubthalamicusL	dti_fa	DSIStudio	/scratch/executivefunction/SLURM_8364170_111/job-8364170-111-sub-20961-ses-1/ds/inputs/data/qsiprep/qsiprep/sub-20961/ses-1/dwi/sub-20961_ses-1_space-ACPC_desc-preproc_dwi.nii.gz	0.0	0.3893787314052357	0.1587801394600823	0.3595461249351501	0.3893787314052357	0.3595461249351501	0.1587801394600823	0.408060859035022	0.4080609057448883	sub-20961	ses-1				space-ACPC			DSIStudio	autotrackgqi
ProjectionBasalGanglia_FasciculusSubthalamicusL	gfa	DSIStudio	/scratch/executivefunction/SLURM_8364170_111/job-8364170-111-sub-20961-ses-1/ds/inputs/data/qsiprep/qsiprep/sub-20961/ses-1/dwi/sub-20961_ses-1_space-ACPC_desc-preproc_dwi.nii.gz	0.0	0.0829690529940484	0.0326386268469115	0.0769323408603668	0.0829690529940484	0.0769323408603668	0.0326386268469115	0.0906601937979316	0.0906602041463654	sub-20961	ses-1				space-ACPC			DSIStudio	autotrackgqi
ProjectionBasalGanglia_FasciculusSubthalamicusL	ha	DSIStudio	/scratch/executivefunction/SLURM_8364170_111/job-8364170-111-sub-20961-ses-1/ds/inputs/data/qsiprep/qsiprep/sub-20961/ses-1/dwi/sub-20961_ses-1_space-ACPC_desc-preproc_dwi.nii.gz	0.0	-7.399453472779059	40.501652684427526	-5.434360027313232	-7.399453472779059	-5.434360027313232	40.501652684427526	2.8839357367838963	2.883936155501577	sub-20961	ses-1				space-ACPC			DSIStudio	autotrackgqi
ProjectionBasalGanglia_FasciculusSubthalamicusL	iso	DSIStudio	/scratch/executivefunction/SLURM_8364170_111/job-8364170-111-sub-20961-ses-1/ds/inputs/data/qsiprep/qsiprep/sub-20961/ses-1/dwi/sub-20961_ses-1_space-ACPC_desc-preproc_dwi.nii.gz	0.0	0.6130058979020693	0.1437074166620886	0.6403086185455322	0.6130058979020693	0.6403086185455322	0.1437074166620886	0.5871408560931988	0.5871409231884399	sub-20961	ses-1				space-ACPC			DSIStudio	autotrackgqi
ProjectionBasalGanglia_FasciculusSubthalamicusL	md	DSIStudio	/scratch/executivefunction/SLURM_8364170_111/job-8364170-111-sub-20961-ses-1/ds/inputs/data/qsiprep/qsiprep/sub-20961/ses-1/dwi/sub-20961_ses-1_space-ACPC_desc-preproc_dwi.nii.gz	0.0	0.8684904307595098	0.3339240866981015	0.769202709197998	0.8684904307595098	0.769202709197998	0.3339240866981015	0.9397035334394956	0.939703639817003	sub-20961	ses-1				space-ACPC			DSIStudio	autotrackgqi
ProjectionBasalGanglia_FasciculusSubthalamicusL	qa	DSIStudio	/scratch/executivefunction/SLURM_8364170_111/job-8364170-111-sub-20961-ses-1/ds/inputs/data/qsiprep/qsiprep/sub-20961/ses-1/dwi/sub-20961_ses-1_space-ACPC_desc-preproc_dwi.nii.gz	0.0	0.2312980930608604	0.1093137701204429	0.2121299058198928	0.2312980930608604	0.2121299058198928	0.1093137701204429	0.2433758541252962	0.2433758819415572	sub-20961	ses-1				space-ACPC			DSIStudio	autotrackgqi
ProjectionBasalGanglia_FasciculusSubthalamicusL	rd1	DSIStudio	/scratch/executivefunction/SLURM_8364170_111/job-8364170-111-sub-20961-ses-1/ds/inputs/data/qsiprep/qsiprep/sub-20961/ses-1/dwi/sub-20961_ses-1_space-ACPC_desc-preproc_dwi.nii.gz	0.0	0.7881903928299849	0.3465831448526639	0.7186826467514038	0.7881903928299849	0.7186826467514038	0.3465831448526639	0.8324805282039085	0.8324806223959946	sub-20961	ses-1				space-ACPC			DSIStudio	autotrackgqi
ProjectionBasalGanglia_FasciculusSubthalamicusL	rd2	DSIStudio	/scratch/executivefunction/SLURM_8364170_111/job-8364170-111-sub-20961-ses-1/ds/inputs/data/qsiprep/qsiprep/sub-20961/ses-1/dwi/sub-20961_ses-1_space-ACPC_desc-preproc_dwi.nii.gz	0.0	0.5740957670654926	0.3261137987251333	0.5166205763816833	0.5740957670654926	0.5166205763816833	0.3261137987251333	0.6157967270238276	0.6157967965353085	sub-20961	ses-1				space-ACPC			DSIStudio	autotrackgqi
ProjectionBasalGanglia_FasciculusSubthalamicusL	rd	DSIStudio	/scratch/executivefunction/SLURM_8364170_111/job-8364170-111-sub-20961-ses-1/ds/inputs/data/qsiprep/qsiprep/sub-20961/ses-1/dwi/sub-20961_ses-1_space-ACPC_desc-preproc_dwi.nii.gz	0.0	0.6811430799867471	0.3317505290649155	0.6164776682853699	0.6811430799867471	0.6164776682853699	0.3317505290649155	0.7241386289372269	0.7241387107890105	sub-20961	ses-1				space-ACPC			DSIStudio	autotrackgqi
ProjectionBasalGanglia_FasciculusSubthalamicusL	txx	DSIStudio	/scratch/executivefunction/SLURM_8364170_111/job-8364170-111-sub-20961-ses-1/ds/inputs/data/qsiprep/qsiprep/sub-20961/ses-1/dwi/sub-20961_ses-1_space-ACPC_desc-preproc_dwi.nii.gz	0.0	0.0008192756788924	0.0003839337615893	0.0007129057194106	0.0008192756788924	0.0007129057194106	0.0003839337615893	0.0009140359144145	0.0009140360177084	sub-20961	ses-1				space-ACPC			DSIStudio	autotrackgqi
ProjectionBasalGanglia_FasciculusSubthalamicusL	txy	DSIStudio	/scratch/executivefunction/SLURM_8364170_111/job-8364170-111-sub-20961-ses-1/ds/inputs/data/qsiprep/qsiprep/sub-20961/ses-1/dwi/sub-20961_ses-1_space-ACPC_desc-preproc_dwi.nii.gz	0.0	-2.493663040263557e-05	0.0001850999193879	-2.729660991462879e-05	-2.493663040263557e-05	-2.729660991462879e-05	0.0001850999193879	1.989050566861033e-05	1.989050826363689e-05	sub-20961	ses-1				space-ACPC			DSIStudio	autotrackgqi
ProjectionBasalGanglia_FasciculusSubthalamicusL	txz	DSIStudio	/scratch/executivefunction/SLURM_8364170_111/job-8364170-111-sub-20961-ses-1/ds/inputs/data/qsiprep/qsiprep/sub-20961/ses-1/dwi/sub-20961_ses-1_space-ACPC_desc-preproc_dwi.nii.gz	0.0	8.837333301477544e-05	0.0001545130277646	8.069079922279343e-05	8.837333301477544e-05	8.069079922279343e-05	0.0001545130277646	0.0001513175189652	0.0001513175360705	sub-20961	ses-1				space-ACPC			DSIStudio	autotrackgqi
ProjectionBasalGanglia_FasciculusSubthalamicusL	tyy	DSIStudio	/scratch/executivefunction/SLURM_8364170_111/job-8364170-111-sub-20961-ses-1/ds/inputs/data/qsiprep/qsiprep/sub-20961/ses-1/dwi/sub-20961_ses-1_space-ACPC_desc-preproc_dwi.nii.gz	0.0	0.0008920161274788	0.0003925072390688	0.000827097450383	0.0008920161274788	0.000827097450383	0.0003925072390688	0.0009151276694491	0.00091512777289	sub-20961	ses-1				space-ACPC			DSIStudio	autotrackgqi
ProjectionBasalGanglia_FasciculusSubthalamicusL	tyz	DSIStudio	/scratch/executivefunction/SLURM_8364170_111/job-8364170-111-sub-20961-ses-1/ds/inputs/data/qsiprep/qsiprep/sub-20961/ses-1/dwi/sub-20961_ses-1_space-ACPC_desc-preproc_dwi.nii.gz	0.0	-3.556274352313838e-05	0.0001585152980336	-3.165880843880586e-05	-3.556274352313838e-05	-3.165880843880586e-05	0.0001585152980336	-2.1368144502710337e-06	-2.136814573246401e-06	sub-20961	ses-1				space-ACPC			DSIStudio	autotrackgqi
ProjectionBasalGanglia_FasciculusSubthalamicusL	tzz	DSIStudio	/scratch/executivefunction/SLURM_8364170_111/job-8364170-111-sub-20961-ses-1/ds/inputs/data/qsiprep/qsiprep/sub-20961/ses-1/dwi/sub-20961_ses-1_space-ACPC_desc-preproc_dwi.nii.gz	0.0	0.0008941794871486	0.0003731110298935	0.0008021696121431	0.0008941794871486	0.0008021696121431	0.0003731110298935	0.0009899470155016	0.0009899471278994	sub-20961	ses-1				space-ACPC			DSIStudio	autotrackgqi
ProjectionBasalGanglia_AcousticRadiationR	ad	DSIStudio	/scratch/executivefunction/SLURM_8364170_111/job-8364170-111-sub-20961-ses-1/ds/inputs/data/qsiprep/qsiprep/sub-20961/ses-1/dwi/sub-20961_ses-1_space-ACPC_desc-preproc_dwi.nii.gz	0.0	1.414165090426943	0.5496836675212105	1.2326805591583252	1.414165090426943	1.2326805591583252	0.5496836675212105	1.22716719115511	1.22716719115511	sub-20961	ses-1				space-ACPC			DSIStudio	autotrackgqi
ProjectionBasalGanglia_AcousticRadiationR	dti_fa	DSIStudio	/scratch/executivefunction/SLURM_8364170_111/job-8364170-111-sub-20961-ses-1/ds/inputs/data/qsiprep/qsiprep/sub-20961/ses-1/dwi/sub-20961_ses-1_space-ACPC_desc-preproc_dwi.nii.gz	0.0	0.3726070092412374	0.1802603328562729	0.3559907376766205	0.3726070092412374	0.3559907376766205	0.1802603328562729	0.3610209431311256	0.3610209431311256	sub-20961	ses-1				space-ACPC			DSIStudio	autotrackgqi
ProjectionBasalGanglia_AcousticRadiationR	gfa	DSIStudio	/scratch/executivefunction/SLURM_8364170_111/job-8364170-111-sub-20961-ses-1/ds/inputs/data/qsiprep/qsiprep/sub-20961/ses-1/dwi/sub-20961_ses-1_space-ACPC_desc-preproc_dwi.nii.gz	0.0	0.0893341392503915	0.0386495360620557	0.0864229649305343	0.0893341392503915	0.0864229649305343	0.0386495360620557	0.0818695881935882	0.0818695881935882	sub-20961	ses-1				space-ACPC			DSIStudio	autotrackgqi
ProjectionBasalGanglia_AcousticRadiationR	ha	DSIStudio	/scratch/executivefunction/SLURM_8364170_111/job-8364170-111-sub-20961-ses-1/ds/inputs/data/qsiprep/qsiprep/sub-20961/ses-1/dwi/sub-20961_ses-1_space-ACPC_desc-preproc_dwi.nii.gz	0.0	-13.513557814803464	36.24857311296569	-19.249799728393555	-13.513557814803464	-19.249799728393555	36.24857311296569	-16.04005246217501	-16.04005246217501	sub-20961	ses-1				space-ACPC			DSIStudio	autotrackgqi
ProjectionBasalGanglia_AcousticRadiationR	iso	DSIStudio	/scratch/executivefunction/SLURM_8364170_111/job-8364170-111-sub-20961-ses-1/ds/inputs/data/qsiprep/qsiprep/sub-20961/ses-1/dwi/sub-20961_ses-1_space-ACPC_desc-preproc_dwi.nii.gz	0.0	0.6661361271837843	0.1265454164991106	0.6950106024742126	0.6661361271837843	0.6950106024742126	0.1265454164991106	0.7000439509262983	0.7000439509262983	sub-20961	ses-1				space-ACPC			DSIStudio	autotrackgqi
ProjectionBasalGanglia_AcousticRadiationR	md	DSIStudio	/scratch/executivefunction/SLURM_8364170_111/job-8364170-111-sub-20961-ses-1/ds/inputs/data/qsiprep/qsiprep/sub-20961/ses-1/dwi/sub-20961_ses-1_space-ACPC_desc-preproc_dwi.nii.gz	0.0	1.0178386844171294	0.4944435305434247	0.8293392658233643	1.0178386844171294	0.8293392658233643	0.4944435305434247	0.883889371949675	0.883889371949675	sub-20961	ses-1				space-ACPC			DSIStudio	autotrackgqi
ProjectionBasalGanglia_AcousticRadiationR	qa	DSIStudio	/scratch/executivefunction/SLURM_8364170_111/job-8364170-111-sub-20961-ses-1/ds/inputs/data/qsiprep/qsiprep/sub-20961/ses-1/dwi/sub-20961_ses-1_space-ACPC_desc-preproc_dwi.nii.gz	0.0	0.2764056908205464	0.1412539500139817	0.258118599653244	0.2764056908205464	0.258118599653244	0.1412539500139817	0.2622637820414659	0.2622637820414659	sub-20961	ses-1				space-ACPC			DSIStudio	autotrackgqi
ProjectionBasalGanglia_AcousticRadiationR	rd1	DSIStudio	/scratch/executivefunction/SLURM_8364170_111/job-8364170-111-sub-20961-ses-1/ds/inputs/data/qsiprep/qsiprep/sub-20961/ses-1/dwi/sub-20961_ses-1_space-ACPC_desc-preproc_dwi.nii.gz	0.0	0.9305688784896766	0.5016242210353086	0.7740848064422607	0.9305688784896766	0.7740848064422607	0.5016242210353086	0.82869431780825	0.82869431780825	sub-20961	ses-1				space-ACPC			DSIStudio	autotrackgqi
ProjectionBasalGanglia_AcousticRadiationR	rd2	DSIStudio	/scratch/executivefunction/SLURM_8364170_111/job-8364170-111-sub-20961-ses-1/ds/inputs/data/qsiprep/qsiprep/sub-20961/ses-1/dwi/sub-20961_ses-1_space-ACPC_desc-preproc_dwi.nii.gz	0.0	0.7087820888018798	0.5034410182163559	0.5524718761444092	0.7087820888018798	0.5524718761444092	0.5034410182163559	0.5958066143442782	0.5958066143442782	sub-20961	ses-1				space-ACPC			DSIStudio	autotrackgqi
ProjectionBasalGanglia_AcousticRadiationR	rd	DSIStudio	/scratch/executivefunction/SLURM_8364170_111/job-8364170-111-sub-20961-ses-1/ds/inputs/data/qsiprep/qsiprep/sub-20961/ses-1/dwi/sub-20961_ses-1_space-ACPC_desc-preproc_dwi.nii.gz	0.0	0.8196754850916548	0.4989129953220775	0.6609545946121216	0.8196754850916548	0.6609545946121216	0.4989129953220775	0.7122504668260342	0.7122504668260342	sub-20961	ses-1				space-ACPC			DSIStudio	autotrackgqi
ProjectionBasalGanglia_AcousticRadiationR	txx	DSIStudio	/scratch/executivefunction/SLURM_8364170_111/job-8364170-111-sub-20961-ses-1/ds/inputs/data/qsiprep/qsiprep/sub-20961/ses-1/dwi/sub-20961_ses-1_space-ACPC_desc-preproc_dwi.nii.gz	0.0	0.0010275362604628	0.0005154730926247	0.0008722520433366	0.0010275362604628	0.0008722520433366	0.0005154730926247	0.0009104898664937	0.0009104898664937	sub-20961	ses-1				space-ACPC			DSIStudio	autotrackgqi
ProjectionBasalGanglia_AcousticRadiationR	txy	DSIStudio	/scratch/executivefunction/SLURM_8364170_111/job-8364170-111-sub-20961-ses-1/ds/inputs/data/qsiprep/qsiprep/sub-20961/ses-1/dwi/sub-20961_ses-1_space-ACPC_desc-preproc_dwi.nii.gz	0.0	-3.464230263539551e-05	0.0001680136894131	-1.8062211893266067e-05	-3.464230263539551e-05	-1.8062211893266067e-05	0.0001680136894131	-1.3364521906428254e-05	-1.3364521906428254e-05	sub-20961	ses-1				space-ACPC			DSIStudio	autotrackgqi
ProjectionBasalGanglia_AcousticRadiationR	txz	DSIStudio	/scratch/executivefunction/SLURM_8364170_111/job-8364170-111-sub-20961-ses-1/ds/inputs/data/qsiprep/qsiprep/sub-20961/ses-1/dwi/sub-20961_ses-1_space-ACPC_desc-preproc_dwi.nii.gz	0.0	1.576236322603074e-05	0.0001691628599011	-4.276927938917652e-06	1.576236322603074e-05	-4.276927938917652e-06	0.0001691628599011	1.221445733051132e-05	1.221445733051132e-05	sub-20961	ses-1				space-ACPC			DSIStudio	autotrackgqi
ProjectionBasalGanglia_AcousticRadiationR	tyy	DSIStudio	/scratch/executivefunction/SLURM_8364170_111/job-8364170-111-sub-20961-ses-1/ds/inputs/data/qsiprep/qsiprep/sub-20961/ses-1/dwi/sub-20961_ses-1_space-ACPC_desc-preproc_dwi.nii.gz	0.0	0.0009955177895926	0.0005309511187722	0.0008258062880486	0.0009955177895926	0.0008258062880486	0.0005309511187722	0.0008557055805841	0.0008557055805841	sub-20961	ses-1				space-ACPC			DSIStudio	autotrackgqi
ProjectionBasalGanglia_AcousticRadiationR	tyz	DSIStudio	/scratch/executivefunction/SLURM_8364170_111/job-8364170-111-sub-20961-ses-1/ds/inputs/data/qsiprep/qsiprep/sub-20961/ses-1/dwi/sub-20961_ses-1_space-ACPC_desc-preproc_dwi.nii.gz	0.0	9.552366352888978e-05	0.0002149941021861	7.042186916805804e-05	9.552366352888978e-05	7.042186916805804e-05	0.0002149941021861	0.0001159956542031	0.0001159956542031	sub-20961	ses-1				space-ACPC			DSIStudio	autotrackgqi
ProjectionBasalGanglia_AcousticRadiationR	tzz	DSIStudio	/scratch/executivefunction/SLURM_8364170_111/job-8364170-111-sub-20961-ses-1/ds/inputs/data/qsiprep/qsiprep/sub-20961/ses-1/dwi/sub-20961_ses-1_space-ACPC_desc-preproc_dwi.nii.gz	0.0	0.0010304620064321	0.000540170671592	0.0008437211508862	0.0010304620064321	0.0008437211508862	0.000540170671592	0.0008854726754163	0.0008854726754163	sub-20961	ses-1				space-ACPC			DSIStudio	autotrackgqi
ProjectionBasalGanglia_ThalamicRadiationR	ad	DSIStudio	/scratch/executivefunction/SLURM_8364170_111/job-8364170-111-sub-20961-ses-1/ds/inputs/data/qsiprep/qsiprep/sub-20961/ses-1/dwi/sub-20961_ses-1_space-ACPC_desc-preproc_dwi.nii.gz	0.0	1.160729517152766	0.2688910190139585	1.112565040588379	1.160729517152766	1.112565040588379	0.2688910190139585	1.1566698476703003	1.1566698476703003	sub-20961	ses-1				space-ACPC			DSIStudio	autotrackgqi
ProjectionBasalGanglia_ThalamicRadiationR	dti_fa	DSIStudio	/scratch/executivefunction/SLURM_8364170_111/job-8364170-111-sub-20961-ses-1/ds/inputs/data/qsiprep/qsiprep/sub-20961/ses-1/dwi/sub-20961_ses-1_space-ACPC_desc-preproc_dwi.nii.gz	0.0	0.3562215801701137	0.1597897703338958	0.3520694077014923	0.3562215801701137	0.3520694077014923	0.1597897703338958	0.408295717971351	0.408295717971351	sub-20961	ses-1				space-ACPC			DSIStudio	autotrackgqi
ProjectionBasalGanglia_ThalamicRadiationR	gfa	DSIStudio	/scratch/executivefunction/SLURM_8364170_111/job-8364170-111-sub-20961-ses-1/ds/inputs/data/qsiprep/qsiprep/sub-20961/ses-1/dwi/sub-20961_ses-1_space-ACPC_desc-preproc_dwi.nii.gz	0.0	0.0780761821977438	0.0339528763451594	0.0771266222000122	0.0780761821977438	0.0771266222000122	0.0339528763451594	0.087404118185955	0.087404118185955	sub-20961	ses-1				space-ACPC			DSIStudio	autotrackgqi
ProjectionBasalGanglia_ThalamicRadiationR	ha	DSIStudio	/scratch/executivefunction/SLURM_8364170_111/job-8364170-111-sub-20961-ses-1/ds/inputs/data/qsiprep/qsiprep/sub-20961/ses-1/dwi/sub-20961_ses-1_space-ACPC_desc-preproc_dwi.nii.gz	0.0	3.4318610517988697	43.355657998123725	6.760140895843506	3.4318610517988697	6.760140895843506	43.355657998123725	3.300582601183327	3.300582601183327	sub-20961	ses-1				space-ACPC			DSIStudio	autotrackgqi
ProjectionBasalGanglia_ThalamicRadiationR	iso	DSIStudio	/scratch/executivefunction/SLURM_8364170_111/job-8364170-111-sub-20961-ses-1/ds/inputs/data/qsiprep/qsiprep/sub-20961/ses-1/dwi/sub-20961_ses-1_space-ACPC_desc-preproc_dwi.nii.gz	0.0	0.7553107866050012	0.155892433514164	0.7250580787658691	0.7553107866050012	0.7250580787658691	0.155892433514164	0.7183036515603404	0.7183036515603404	sub-20961	ses-1				space-ACPC			DSIStudio	autotrackgqi
ProjectionBasalGanglia_ThalamicRadiationR	md	DSIStudio	/scratch/executivefunction/SLURM_8364170_111/job-8364170-111-sub-20961-ses-1/ds/inputs/data/qsiprep/qsiprep/sub-20961/ses-1/dwi/sub-20961_ses-1_space-ACPC_desc-preproc_dwi.nii.gz	0.0	0.8370102832789634	0.2293126514091321	0.7898335456848145	0.8370102832789634	0.7898335456848145	0.2293126514091321	0.788268819869556	0.788268819869556	sub-20961	ses-1				space-ACPC			DSIStudio	autotrackgqi
ProjectionBasalGanglia_ThalamicRadiationR	qa	DSIStudio	/scratch/executivefunction/SLURM_8364170_111/job-8364170-111-sub-20961-ses-1/ds/inputs/data/qsiprep/qsiprep/sub-20961/ses-1/dwi/sub-20961_ses-1_space-ACPC_desc-preproc_dwi.nii.gz	0.0	0.2613504047491042	0.1202949392972373	0.2457887232303619	0.2613504047491042	0.2457887232303619	0.1202949392972373	0.2853392349235493	0.2853392349235493	sub-20961	ses-1				space-ACPC			DSIStudio	autotrackgqi
ProjectionBasalGanglia_ThalamicRadiationR	rd1	DSIStudio	/scratch/executivefunction/SLURM_8364170_111/job-8364170-111-sub-20961-ses-1/ds/inputs/data/qsiprep/qsiprep/sub-20961/ses-1/dwi/sub-20961_ses-1_space-ACPC_desc-preproc_dwi.nii.gz	0.0	0.7811321352731648	0.2530510925748931	0.7474400997161865	0.7811321352731648	0.7474400997161865	0.2530510925748931	0.7139490331199708	0.7139490331199708	sub-20961	ses-1				space-ACPC			DSIStudio	autotrackgqi
ProjectionBasalGanglia_ThalamicRadiationR	rd2	DSIStudio	/scratch/executivefunction/SLURM_8364170_111/job-8364170-111-sub-20961-ses-1/ds/inputs/data/qsiprep/qsiprep/sub-20961/ses-1/dwi/sub-20961_ses-1_space-ACPC_desc-preproc_dwi.nii.gz	0.0	0.5691691976619342	0.264877267328192	0.5192539095878601	0.5691691976619342	0.5192539095878601	0.264877267328192	0.4941875784788939	0.4941875784788939	sub-20961	ses-1				space-ACPC			DSIStudio	autotrackgqi
ProjectionBasalGanglia_ThalamicRadiationR	rd	DSIStudio	/scratch/executivefunction/SLURM_8364170_111/job-8364170-111-sub-20961-ses-1/ds/inputs/data/qsiprep/qsiprep/sub-20961/ses-1/dwi/sub-20961_ses-1_space-ACPC_desc-preproc_dwi.nii.gz	0.0	0.6751506660663644	0.2525215808649436	0.6323900818824768	0.6751506660663644	0.6323900818824768	0.2525215808649436	0.604068305196874	0.604068305196874	sub-20961	ses-1				space-ACPC			DSIStudio	autotrackgqi
ProjectionBasalGanglia_ThalamicRadiationR	txx	DSIStudio	/scratch/executivefunction/SLURM_8364170_111/job-8364170-111-sub-20961-ses-1/ds/inputs/data/qsiprep/qsiprep/sub-20961/ses-1/dwi/sub-20961_ses-1_space-ACPC_desc-preproc_dwi.nii.gz	0.0	0.000766406878335	0.0002644735483434	0.0007222255226224	0.000766406878335	0.0007222255226224	0.0002644735483434	0.0006918051695336	0.0006918051695336	sub-20961	ses-1				space-ACPC			DSIStudio	autotrackgqi
ProjectionBasalGanglia_ThalamicRadiationR	txy	DSIStudio	/scratch/executivefunction/SLURM_8364170_111/job-8364170-111-sub-20961-ses-1/ds/inputs/data/qsiprep/qsiprep/sub-20961/ses-1/dwi/sub-20961_ses-1_space-ACPC_desc-preproc_dwi.nii.gz	0.0	2.168847821662977e-05	0.0001293585140187	1.612969754205551e-05	2.168847821662977e-05	1.612969754205551e-05	0.0001293585140187	6.626748759132701e-05	6.626748759132701e-05	sub-20961	ses-1				space-ACPC			DSIStudio	autotrackgqi
ProjectionBasalGanglia_ThalamicRadiationR	txz	DSIStudio	/scratch/executivefunction/SLURM_8364170_111/job-8364170-111-sub-20961-ses-1/ds/inputs/data/qsiprep/qsiprep/sub-20961/ses-1/dwi/sub-20961_ses-1_space-ACPC_desc-preproc_dwi.nii.gz	0.0	3.052041425769184e-05	0.0001496723022415	1.895821151265409e-05	3.052041425769184e-05	1.895821151265409e-05	0.0001496723022415	2.459950514671342e-05	2.459950514671342e-05	sub-20961	ses-1				space-ACPC			DSIStudio	autotrackgqi
ProjectionBasalGanglia_ThalamicRadiationR	tyy	DSIStudio	/scratch/executivefunction/SLURM_8364170_111/job-8364170-111-sub-20961-ses-1/ds/inputs/data/qsiprep/qsiprep/sub-20961/ses-1/dwi/sub-20961_ses-1_space-ACPC_desc-preproc_dwi.nii.gz	0.0	0.0008699046907022	0.0003158943319211	0.0008345954120159	0.0008699046907022	0.0008345954120159	0.0003158943319211	0.0009046850888658	0.0009046850888658	sub-20961	ses-1				space-ACPC			DSIStudio	autotrackgqi
ProjectionBasalGanglia_ThalamicRadiationR	tyz	DSIStudio	/scratch/executivefunction/SLURM_8364170_111/job-8364170-111-sub-20961-ses-1/ds/inputs/data/qsiprep/qsiprep/sub-20961/ses-1/dwi/sub-20961_ses-1_space-ACPC_desc-preproc_dwi.nii.gz	0.0	-7.699892633315578e-06	0.0001546672592531	-1.4135039236862212e-05	-7.699892633315578e-06	-1.4135039236862212e-05	0.0001546672592531	-1.4879695322016404e-05	-1.4879695322016404e-05	sub-20961	ses-1				space-ACPC			DSIStudio	autotrackgqi
ProjectionBasalGanglia_ThalamicRadiationR	tzz	DSIStudio	/scratch/executivefunction/SLURM_8364170_111/job-8364170-111-sub-20961-ses-1/ds/inputs/data/qsiprep/qsiprep/sub-20961/ses-1/dwi/sub-20961_ses-1_space-ACPC_desc-preproc_dwi.nii.gz	0.0	0.0008747192804254	0.000282650146519	0.000836101709865	0.0008747192804254	0.000836101709865	0.000282650146519	0.0007683161994051	0.0007683161994051	sub-20961	ses-1				space-ACPC			DSIStudio	autotrackgqi
ProjectionBasalGanglia_CorticostriatalTractR	ad	DSIStudio	/scratch/executivefunction/SLURM_8364170_111/job-8364170-111-sub-20961-ses-1/ds/inputs/data/qsiprep/qsiprep/sub-20961/ses-1/dwi/sub-20961_ses-1_space-ACPC_desc-preproc_dwi.nii.gz	0.0016961315154282	1.164786970987114	0.2656404380854298	1.1165294647216797	1.1667659595021544	1.117035150527954	0.2614875073800645	1.205564400038723	1.2057136663797865	sub-20961	ses-1				space-ACPC			DSIStudio	autotrackgqi
ProjectionBasalGanglia_CorticostriatalTractR	dti_fa	DSIStudio	/scratch/executivefunction/SLURM_8364170_111/job-8364170-111-sub-20961-ses-1/ds/inputs/data/qsiprep/qsiprep/sub-20961/ses-1/dwi/sub-20961_ses-1_space-ACPC_desc-preproc_dwi.nii.gz	0.0016961315154282	0.3443104955352251	0.1792978859392881	0.3361615538597107	0.3448954836345466	0.3363747298717499	0.1788870916858332	0.43743491610576	0.4374890769172169	sub-20961	ses-1				space-ACPC			DSIStudio	autotrackgqi
ProjectionBasalGanglia_CorticostriatalTractR	gfa	DSIStudio	/scratch/executivefunction/SLURM_8364170_111/job-8364170-111-sub-20961-ses-1/ds/inputs/data/qsiprep/qsiprep/sub-20961/ses-1/dwi/sub-20961_ses-1_space-ACPC_desc-preproc_dwi.nii.gz	0.0016961315154282	0.0765159307102404	0.0392050159886638	0.0747406855225563	0.0766459322915295	0.0748150870203971	0.0391111317428158	0.0960953070762361	0.0961072050595306	sub-20961	ses-1				space-ACPC			DSIStudio	autotrackgqi
ProjectionBasalGanglia_CorticostriatalTractR	ha	DSIStudio	/scratch/executivefunction/SLURM_8364170_111/job-8364170-111-sub-20961-ses-1/ds/inputs/data/qsiprep/qsiprep/sub-20961/ses-1/dwi/sub-20961_ses-1_space-ACPC_desc-preproc_dwi.nii.gz	0.0016961315154282	-1.7973780185285706	44.355638025837926	-1.1307326555252075	-1.8004317876249405	-1.2534103393554688	44.39324051828308	-13.790500021055774	-13.792207479087054	sub-20961	ses-1				space-ACPC			DSIStudio	autotrackgqi
ProjectionBasalGanglia_CorticostriatalTractR	iso	DSIStudio	/scratch/executivefunction/SLURM_8364170_111/job-8364170-111-sub-20961-ses-1/ds/inputs/data/qsiprep/qsiprep/sub-20961/ses-1/dwi/sub-20961_ses-1_space-ACPC_desc-preproc_dwi.nii.gz	0.0016961315154282	0.7852694694086704	0.1804452077074331	0.7659024000167847	0.786603652654088	0.7660863399505615	0.1776691313817651	0.7466844186649373	0.7467768690951505	sub-20961	ses-1				space-ACPC			DSIStudio	autotrackgqi
ProjectionBasalGanglia_CorticostriatalTractR	md	DSIStudio	/scratch/executivefunction/SLURM_8364170_111/job-8364170-111-sub-20961-ses-1/ds/inputs/data/qsiprep/qsiprep/sub-20961/ses-1/dwi/sub-20961_ses-1_space-ACPC_desc-preproc_dwi.nii.gz	0.0016961315154282	0.8437554297268962	0.2071520203240523	0.796475350856781	0.8451889813947325	0.7966236472129822	0.2043850421114428	0.793110488548004	0.7932086871315664	sub-20961	ses-1				space-ACPC			DSIStudio	autotrackgqi
ProjectionBasalGanglia_CorticostriatalTractR	qa	DSIStudio	/scratch/executivefunction/SLURM_8364170_111/job-8364170-111-sub-20961-ses-1/ds/inputs/data/qsiprep/qsiprep/sub-20961/ses-1/dwi/sub-20961_ses-1_space-ACPC_desc-preproc_dwi.nii.gz	0.0016961315154282	0.2638777510378279	0.1386587252722139	0.251010000705719	0.2643260828372779	0.251248300075531	0.1383488415062318	0.3283072631247505	0.328347912297805	sub-20961	ses-1				space-ACPC			DSIStudio	autotrackgqi
ProjectionBasalGanglia_CorticostriatalTractR	rd1	DSIStudio	/scratch/executivefunction/SLURM_8364170_111/job-8364170-111-sub-20961-ses-1/ds/inputs/data/qsiprep/qsiprep/sub-20961/ses-1/dwi/sub-20961_ses-1_space-ACPC_desc-preproc_dwi.nii.gz	0.0016961315154282	0.7815255574482015	0.2386150733517906	0.7495383024215698	0.7828533797375339	0.7498348355293274	0.2366313589582269	0.6931486839456932	0.6932345058272682	sub-20961	ses-1				space-ACPC			DSIStudio	autotrackgqi
ProjectionBasalGanglia_CorticostriatalTractR	rd2	DSIStudio	/scratch/executivefunction/SLURM_8364170_111/job-8364170-111-sub-20961-ses-1/ds/inputs/data/qsiprep/qsiprep/sub-20961/ses-1/dwi/sub-20961_ses-1_space-ACPC_desc-preproc_dwi.nii.gz	0.0016961315154282	0.5849537623288159	0.2534334048043311	0.5410327315330505	0.5859476065306423	0.5414604544639587	0.2524980694917406	0.4806183813411451	0.4806778888691544	sub-20961	ses-1				space-ACPC			DSIStudio	autotrackgqi
ProjectionBasalGanglia_CorticostriatalTractR	rd	DSIStudio	/scratch/executivefunction/SLURM_8364170_111/job-8364170-111-sub-20961-ses-1/ds/inputs/data/qsiprep/qsiprep/sub-20961/ses-1/dwi/sub-20961_ses-1_space-ACPC_desc-preproc_dwi.nii.gz	0.0016961315154282	0.683239659440907	0.238925975304982	0.6451561450958252	0.6844004926857259	0.6454271078109741	0.2374618623258174	0.5868835319199464	0.5869561966246488	sub-20961	ses-1				space-ACPC			DSIStudio	autotrackgqi
ProjectionBasalGanglia_CorticostriatalTractR	txx	DSIStudio	/scratch/executivefunction/SLURM_8364170_111/job-8364170-111-sub-20961-ses-1/ds/inputs/data/qsiprep/qsiprep/sub-20961/ses-1/dwi/sub-20961_ses-1_space-ACPC_desc-preproc_dwi.nii.gz	0.0016961315154282	0.0007797768607067	0.0002548274224787	0.0007427197997458	0.000781101711937	0.0007431751000694	0.0002530069179555	0.0006912193425521	0.0006913049255233	sub-20961	ses-1				space-ACPC			DSIStudio	autotrackgqi
ProjectionBasalGanglia_CorticostriatalTractR	txy	DSIStudio	/scratch/executivefunction/SLURM_8364170_111/job-8364170-111-sub-20961-ses-1/ds/inputs/data/qsiprep/qsiprep/sub-20961/ses-1/dwi/sub-20961_ses-1_space-ACPC_desc-preproc_dwi.nii.gz	0.0016961315154282	2.179105344049609e-05	0.0001310935762254	1.3144692275091074e-05	2.182807672935794e-05	1.3346005289349703e-05	0.000131201814075	2.1723939393378693e-05	2.172662912800669e-05	sub-20961	ses-1				space-ACPC			DSIStudio	autotrackgqi
ProjectionBasalGanglia_CorticostriatalTractR	txz	DSIStudio	/scratch/executivefunction/SLURM_8364170_111/job-8364170-111-sub-20961-ses-1/ds/inputs/data/qsiprep/qsiprep/sub-20961/ses-1/dwi/sub-20961_ses-1_space-ACPC_desc-preproc_dwi.nii.gz	0.0016961315154282	2.6199381164789328e-05	0.0001434924372766	2.0144170775893144e-05	2.6243894260932865e-05	2.0266274077584967e-05	0.0001436102161299	1.5407997884386007e-05	1.5409905610446013e-05	sub-20961	ses-1				space-ACPC			DSIStudio	autotrackgqi
ProjectionBasalGanglia_CorticostriatalTractR	tyy	DSIStudio	/scratch/executivefunction/SLURM_8364170_111/job-8364170-111-sub-20961-ses-1/ds/inputs/data/qsiprep/qsiprep/sub-20961/ses-1/dwi/sub-20961_ses-1_space-ACPC_desc-preproc_dwi.nii.gz	0.0016961315154282	0.0008659926259606	0.0002995379087719	0.0008213440305553	0.0008674639589198	0.0008216528221964	0.0002976559607583	0.0008241373593266	0.0008242393994617	sub-20961	ses-1				space-ACPC			DSIStudio	autotrackgqi
ProjectionBasalGanglia_CorticostriatalTractR	tyz	DSIStudio	/scratch/executivefunction/SLURM_8364170_111/job-8364170-111-sub-20961-ses-1/ds/inputs/data/qsiprep/qsiprep/sub-20961/ses-1/dwi/sub-20961_ses-1_space-ACPC_desc-preproc_dwi.nii.gz	0.0016961315154282	2.8504203734409877e-05	0.0001636949998508	1.5931265807012096e-05	2.8552632754673524e-05	1.614993561815936e-05	0.0001638297807164	9.081377724708172e-05	9.08250212187363e-05	sub-20961	ses-1				space-ACPC			DSIStudio	autotrackgqi
ProjectionBasalGanglia_CorticostriatalTractR	tzz	DSIStudio	/scratch/executivefunction/SLURM_8364170_111/job-8364170-111-sub-20961-ses-1/ds/inputs/data/qsiprep/qsiprep/sub-20961/ses-1/dwi/sub-20961_ses-1_space-ACPC_desc-preproc_dwi.nii.gz	0.0016961315154282	0.0008854968027516	0.0002675102219253	0.0008545684977434	0.0008870012735659	0.0008550115162506	0.0002652335491897	0.000863974763529	0.0008640817361733	sub-20961	ses-1				space-ACPC			DSIStudio	autotrackgqi
ProjectionBrainstem_CorticospinalTractR	ad	DSIStudio	/scratch/executivefunction/SLURM_8364170_111/job-8364170-111-sub-20961-ses-1/ds/inputs/data/qsiprep/qsiprep/sub-20961/ses-1/dwi/sub-20961_ses-1_space-ACPC_desc-preproc_dwi.nii.gz	0.0	1.217732236887553	0.275786300142902	1.1691142320632937	1.217732236887553	1.1691142320632937	0.275786300142902	1.2794267019956074	1.2794267019956074	sub-20961	ses-1				space-ACPC			DSIStudio	autotrackgqi
ProjectionBrainstem_CorticospinalTractR	dti_fa	DSIStudio	/scratch/executivefunction/SLURM_8364170_111/job-8364170-111-sub-20961-ses-1/ds/inputs/data/qsiprep/qsiprep/sub-20961/ses-1/dwi/sub-20961_ses-1_space-ACPC_desc-preproc_dwi.nii.gz	0.0	0.4664621075694081	0.1877058000865329	0.4714783728122711	0.4664621075694081	0.4714783728122711	0.1877058000865329	0.5576358610374915	0.5576358610374915	sub-20961	ses-1				space-ACPC			DSIStudio	autotrackgqi
ProjectionBrainstem_CorticospinalTractR	gfa	DSIStudio	/scratch/executivefunction/SLURM_8364170_111/job-8364170-111-sub-20961-ses-1/ds/inputs/data/qsiprep/qsiprep/sub-20961/ses-1/dwi/sub-20961_ses-1_space-ACPC_desc-preproc_dwi.nii.gz	0.0	0.0993602051689239	0.0397596858185336	0.0987481549382209	0.0993602051689239	0.0987481549382209	0.0397596858185336	0.1177060397560217	0.1177060397560217	sub-20961	ses-1				space-ACPC			DSIStudio	autotrackgqi
ProjectionBrainstem_CorticospinalTractR	ha	DSIStudio	/scratch/executivefunction/SLURM_8364170_111/job-8364170-111-sub-20961-ses-1/ds/inputs/data/qsiprep/qsiprep/sub-20961/ses-1/dwi/sub-20961_ses-1_space-ACPC_desc-preproc_dwi.nii.gz	0.0	4.196832626590134	60.88260271846349	24.506498336791992	4.196832626590134	24.506498336791992	60.88260271846349	14.522999984486566	14.522999984486566	sub-20961	ses-1				space-ACPC			DSIStudio	autotrackgqi
ProjectionBrainstem_CorticospinalTractR	iso	DSIStudio	/scratch/executivefunction/SLURM_8364170_111/job-8364170-111-sub-20961-ses-1/ds/inputs/data/qsiprep/qsiprep/sub-20961/ses-1/dwi/sub-20961_ses-1_space-ACPC_desc-preproc_dwi.nii.gz	0.0	0.7796871816545295	0.0949619738802155	0.781248927116394	0.7796871816545295	0.781248927116394	0.0949619738802155	0.8051265158075964	0.8051265158075964	sub-20961	ses-1				space-ACPC			DSIStudio	autotrackgqi
ProjectionBrainstem_CorticospinalTractR	md	DSIStudio	/scratch/executivefunction/SLURM_8364170_111/job-8364170-111-sub-20961-ses-1/ds/inputs/data/qsiprep/qsiprep/sub-20961/ses-1/dwi/sub-20961_ses-1_space-ACPC_desc-preproc_dwi.nii.gz	0.0	0.7808949270728786	0.1741102979956161	0.7524915337562561	0.7808949270728786	0.7524915337562561	0.1741102979956161	0.746682048477811	0.746682048477811	sub-20961	ses-1				space-ACPC			DSIStudio	autotrackgqi
ProjectionBrainstem_CorticospinalTractR	qa	DSIStudio	/scratch/executivefunction/SLURM_8364170_111/job-8364170-111-sub-20961-ses-1/ds/inputs/data/qsiprep/qsiprep/sub-20961/ses-1/dwi/sub-20961_ses-1_space-ACPC_desc-preproc_dwi.nii.gz	0.0	0.3648255200064759	0.170242911597004	0.3488306403160095	0.3648255200064759	0.3488306403160095	0.170242911597004	0.4508393254371917	0.4508393254371917	sub-20961	ses-1				space-ACPC			DSIStudio	autotrackgqi
ProjectionBrainstem_CorticospinalTractR	rd1	DSIStudio	/scratch/executivefunction/SLURM_8364170_111/job-8364170-111-sub-20961-ses-1/ds/inputs/data/qsiprep/qsiprep/sub-20961/ses-1/dwi/sub-20961_ses-1_space-ACPC_desc-preproc_dwi.nii.gz	0.0	0.6734267190989063	0.2191177739608997	0.6632224917411804	0.6734267190989063	0.6632224917411804	0.2191177739608997	0.5951673418533813	0.5951673418533813	sub-20961	ses-1				space-ACPC			DSIStudio	autotrackgqi
ProjectionBrainstem_CorticospinalTractR	rd2	DSIStudio	/scratch/executivefunction/SLURM_8364170_111/job-8364170-111-sub-20961-ses-1/ds/inputs/data/qsiprep/qsiprep/sub-20961/ses-1/dwi/sub-20961_ses-1_space-ACPC_desc-preproc_dwi.nii.gz	0.0	0.4515258213649335	0.224137331381361	0.4142986536026001	0.4515258213649335	0.4142986536026001	0.224137331381361	0.3654520964004207	0.3654520964004207	sub-20961	ses-1				space-ACPC			DSIStudio	autotrackgqi
ProjectionBrainstem_CorticospinalTractR	rd	DSIStudio	/scratch/executivefunction/SLURM_8364170_111/job-8364170-111-sub-20961-ses-1/ds/inputs/data/qsiprep/qsiprep/sub-20961/ses-1/dwi/sub-20961_ses-1_space-ACPC_desc-preproc_dwi.nii.gz	0.0	0.5624762694783935	0.2141504148381816	0.5399751663208008	0.5624762694783935	0.5399751663208008	0.2141504148381816	0.4803097191880214	0.4803097191880214	sub-20961	ses-1				space-ACPC			DSIStudio	autotrackgqi
ProjectionBrainstem_CorticospinalTractR	txx	DSIStudio	/scratch/executivefunction/SLURM_8364170_111/job-8364170-111-sub-20961-ses-1/ds/inputs/data/qsiprep/qsiprep/sub-20961/ses-1/dwi/sub-20961_ses-1_space-ACPC_desc-preproc_dwi.nii.gz	0.0	0.0006910695253729	0.0002157021112182	0.0006620802450925	0.0006910695253729	0.0006620802450925	0.0002157021112182	0.0006422918228734	0.0006422918228734	sub-20961	ses-1				space-ACPC			DSIStudio	autotrackgqi
ProjectionBrainstem_CorticospinalTractR	txy	DSIStudio	/scratch/executivefunction/SLURM_8364170_111/job-8364170-111-sub-20961-ses-1/ds/inputs/data/qsiprep/qsiprep/sub-20961/ses-1/dwi/sub-20961_ses-1_space-ACPC_desc-preproc_dwi.nii.gz	0.0	3.2343720893795523e-05	0.0001114597217684	2.338267222512513e-05	3.2343720893795523e-05	2.338267222512513e-05	0.0001114597217684	6.797363591822827e-05	6.797363591822827e-05	sub-20961	ses-1				space-ACPC			DSIStudio	autotrackgqi
ProjectionBrainstem_CorticospinalTractR	txz	DSIStudio	/scratch/executivefunction/SLURM_8364170_111/job-8364170-111-sub-20961-ses-1/ds/inputs/data/qsiprep/qsiprep/sub-20961/ses-1/dwi/sub-20961_ses-1_space-ACPC_desc-preproc_dwi.nii.gz	0.0	-2.0060702583949774e-05	0.0002162795969316	-1.7685331840766594e-05	-2.0060702583949774e-05	-1.7685331840766594e-05	0.0002162795969316	-9.128473793486446e-05	-9.128473793486446e-05	sub-20961	ses-1				space-ACPC			DSIStudio	autotrackgqi
ProjectionBrainstem_CorticospinalTractR	tyy	DSIStudio	/scratch/executivefunction/SLURM_8364170_111/job-8364170-111-sub-20961-ses-1/ds/inputs/data/qsiprep/qsiprep/sub-20961/ses-1/dwi/sub-20961_ses-1_space-ACPC_desc-preproc_dwi.nii.gz	0.0	0.000614625993467	0.0002569673110012	0.0005762650980614	0.000614625993467	0.0005762650980614	0.0002569673110012	0.0005392800735834	0.0005392800735834	sub-20961	ses-1				space-ACPC			DSIStudio	autotrackgqi
ProjectionBrainstem_CorticospinalTractR	tyz	DSIStudio	/scratch/executivefunction/SLURM_8364170_111/job-8364170-111-sub-20961-ses-1/ds/inputs/data/qsiprep/qsiprep/sub-20961/ses-1/dwi/sub-20961_ses-1_space-ACPC_desc-preproc_dwi.nii.gz	0.0	-4.8352473337379993e-05	0.0001889891981828	-2.688697168196086e-05	-4.8352473337379993e-05	-2.688697168196086e-05	0.0001889891981828	-0.0001065516449399	-0.0001065516449399	sub-20961	ses-1				space-ACPC			DSIStudio	autotrackgqi
ProjectionBrainstem_CorticospinalTractR	tzz	DSIStudio	/scratch/executivefunction/SLURM_8364170_111/job-8364170-111-sub-20961-ses-1/ds/inputs/data/qsiprep/qsiprep/sub-20961/ses-1/dwi/sub-20961_ses-1_space-ACPC_desc-preproc_dwi.nii.gz	0.0	0.0010369892568064	0.0002718519795994	0.0010253982618451	0.0010369892568064	0.0010253982618451	0.0002718519795994	0.0010584742394443	0.0010584742394443	sub-20961	ses-1				space-ACPC			DSIStudio	autotrackgqi
ProjectionBrainstem_CorticobulbarTractL	ad	DSIStudio	/scratch/executivefunction/SLURM_8364170_111/job-8364170-111-sub-20961-ses-1/ds/inputs/data/qsiprep/qsiprep/sub-20961/ses-1/dwi/sub-20961_ses-1_space-ACPC_desc-preproc_dwi.nii.gz	0.0	1.2115587037246864	0.248632791194399	1.1639913320541382	1.2115587037246864	1.1639913320541382	0.248632791194399	1.300483697922492	1.300483697922492	sub-20961	ses-1				space-ACPC			DSIStudio	autotrackgqi
ProjectionBrainstem_CorticobulbarTractL	dti_fa	DSIStudio	/scratch/executivefunction/SLURM_8364170_111/job-8364170-111-sub-20961-ses-1/ds/inputs/data/qsiprep/qsiprep/sub-20961/ses-1/dwi/sub-20961_ses-1_space-ACPC_desc-preproc_dwi.nii.gz	0.0	0.4785959450891605	0.2308463653827945	0.5010935664176941	0.4785959450891605	0.5010935664176941	0.2308463653827945	0.5664813506762376	0.5664813506762376	sub-20961	ses-1				space-ACPC			DSIStudio	autotrackgqi
ProjectionBrainstem_CorticobulbarTractL	gfa	DSIStudio	/scratch/executivefunction/SLURM_8364170_111/job-8364170-111-sub-20961-ses-1/ds/inputs/data/qsiprep/qsiprep/sub-20961/ses-1/dwi/sub-20961_ses-1_space-ACPC_desc-preproc_dwi.nii.gz	0.0	0.1027476919686293	0.0477601837838784	0.1049534752964973	0.1027476919686293	0.1049534752964973	0.0477601837838784	0.1205028910825079	0.1205028910825079	sub-20961	ses-1				space-ACPC			DSIStudio	autotrackgqi
ProjectionBrainstem_CorticobulbarTractL	ha	DSIStudio	/scratch/executivefunction/SLURM_8364170_111/job-8364170-111-sub-20961-ses-1/ds/inputs/data/qsiprep/qsiprep/sub-20961/ses-1/dwi/sub-20961_ses-1_space-ACPC_desc-preproc_dwi.nii.gz	0.0	-28.95361292562182	33.02846170605114	-40.06241607666016	-28.95361292562182	-40.06241607666016	33.02846170605114	-35.69101392861076	-35.69101392861076	sub-20961	ses-1				space-ACPC			DSIStudio	autotrackgqi
ProjectionBrainstem_CorticobulbarTractL	iso	DSIStudio	/scratch/executivefunction/SLURM_8364170_111/job-8364170-111-sub-20961-ses-1/ds/inputs/data/qsiprep/qsiprep/sub-20961/ses-1/dwi/sub-20961_ses-1_space-ACPC_desc-preproc_dwi.nii.gz	0.0	0.7863621328686092	0.1266620534029074	0.7801889777183533	0.7863621328686092	0.7801889777183533	0.1266620534029074	0.7657387782276254	0.7657387782276254	sub-20961	ses-1				space-ACPC			DSIStudio	autotrackgqi
ProjectionBrainstem_CorticobulbarTractL	md	DSIStudio	/scratch/executivefunction/SLURM_8364170_111/job-8364170-111-sub-20961-ses-1/ds/inputs/data/qsiprep/qsiprep/sub-20961/ses-1/dwi/sub-20961_ses-1_space-ACPC_desc-preproc_dwi.nii.gz	0.0	0.7543804681336915	0.0728078510572834	0.7384040951728821	0.7543804681336915	0.7384040951728821	0.0728078510572834	0.7396175337167594	0.7396175337167594	sub-20961	ses-1				space-ACPC			DSIStudio	autotrackgqi
ProjectionBrainstem_CorticobulbarTractL	qa	DSIStudio	/scratch/executivefunction/SLURM_8364170_111/job-8364170-111-sub-20961-ses-1/ds/inputs/data/qsiprep/qsiprep/sub-20961/ses-1/dwi/sub-20961_ses-1_space-ACPC_desc-preproc_dwi.nii.gz	0.0	0.3693768711755046	0.1766267093138701	0.3639286160469055	0.3693768711755046	0.3639286160469055	0.1766267093138701	0.4364777976246289	0.4364777976246289	sub-20961	ses-1				space-ACPC			DSIStudio	autotrackgqi
ProjectionBrainstem_CorticobulbarTractL	rd1	DSIStudio	/scratch/executivefunction/SLURM_8364170_111/job-8364170-111-sub-20961-ses-1/ds/inputs/data/qsiprep/qsiprep/sub-20961/ses-1/dwi/sub-20961_ses-1_space-ACPC_desc-preproc_dwi.nii.gz	0.0	0.6182584875338787	0.1688517581345079	0.6157364249229431	0.6182584875338787	0.6157364249229431	0.1688517581345079	0.554563902229037	0.554563902229037	sub-20961	ses-1				space-ACPC			DSIStudio	autotrackgqi
ProjectionBrainstem_CorticobulbarTractL	rd2	DSIStudio	/scratch/executivefunction/SLURM_8364170_111/job-8364170-111-sub-20961-ses-1/ds/inputs/data/qsiprep/qsiprep/sub-20961/ses-1/dwi/sub-20961_ses-1_space-ACPC_desc-preproc_dwi.nii.gz	0.0	0.4333242140598483	0.2009347347594918	0.3862816393375397	0.4333242140598483	0.3862816393375397	0.2009347347594918	0.3638050074310368	0.3638050074310368	sub-20961	ses-1				space-ACPC			DSIStudio	autotrackgqi
ProjectionBrainstem_CorticobulbarTractL	rd	DSIStudio	/scratch/executivefunction/SLURM_8364170_111/job-8364170-111-sub-20961-ses-1/ds/inputs/data/qsiprep/qsiprep/sub-20961/ses-1/dwi/sub-20961_ses-1_space-ACPC_desc-preproc_dwi.nii.gz	0.0	0.5257913507856764	0.1754646213647346	0.501895546913147	0.5257913507856764	0.501895546913147	0.1754646213647346	0.4591844542363847	0.4591844542363847	sub-20961	ses-1				space-ACPC			DSIStudio	autotrackgqi
ProjectionBrainstem_CorticobulbarTractL	txx	DSIStudio	/scratch/executivefunction/SLURM_8364170_111/job-8364170-111-sub-20961-ses-1/ds/inputs/data/qsiprep/qsiprep/sub-20961/ses-1/dwi/sub-20961_ses-1_space-ACPC_desc-preproc_dwi.nii.gz	0.0	0.0007423420296667	0.0002228973562913	0.0007333410321734	0.0007423420296667	0.0007333410321734	0.0002228973562913	0.0006737202312369	0.0006737202312369	sub-20961	ses-1				space-ACPC			DSIStudio	autotrackgqi
ProjectionBrainstem_CorticobulbarTractL	txy	DSIStudio	/scratch/executivefunction/SLURM_8364170_111/job-8364170-111-sub-20961-ses-1/ds/inputs/data/qsiprep/qsiprep/sub-20961/ses-1/dwi/sub-20961_ses-1_space-ACPC_desc-preproc_dwi.nii.gz	0.0	-0.0001073590607327	0.0001404367130989	-8.520291157765314e-05	-0.0001073590607327	-8.520291157765314e-05	0.0001404367130989	-0.0001572224422248	-0.0001572224422248	sub-20961	ses-1				space-ACPC			DSIStudio	autotrackgqi
ProjectionBrainstem_CorticobulbarTractL	txz	DSIStudio	/scratch/executivefunction/SLURM_8364170_111/job-8364170-111-sub-20961-ses-1/ds/inputs/data/qsiprep/qsiprep/sub-20961/ses-1/dwi/sub-20961_ses-1_space-ACPC_desc-preproc_dwi.nii.gz	0.0	3.971259182432217e-05	0.0002114929021592	5.506691741175018e-05	3.971259182432217e-05	5.506691741175018e-05	0.0002114929021592	9.250137140184504e-05	9.250137140184504e-05	sub-20961	ses-1				space-ACPC			DSIStudio	autotrackgqi
ProjectionBrainstem_CorticobulbarTractL	tyy	DSIStudio	/scratch/executivefunction/SLURM_8364170_111/job-8364170-111-sub-20961-ses-1/ds/inputs/data/qsiprep/qsiprep/sub-20961/ses-1/dwi/sub-20961_ses-1_space-ACPC_desc-preproc_dwi.nii.gz	0.0	0.0006887867779145	0.0001566295516963	0.0006885587936267	0.0006887867779145	0.0006885587936267	0.0001566295516963	0.0006640657961454	0.0006640657961454	sub-20961	ses-1				space-ACPC			DSIStudio	autotrackgqi
ProjectionBrainstem_CorticobulbarTractL	tyz	DSIStudio	/scratch/executivefunction/SLURM_8364170_111/job-8364170-111-sub-20961-ses-1/ds/inputs/data/qsiprep/qsiprep/sub-20961/ses-1/dwi/sub-20961_ses-1_space-ACPC_desc-preproc_dwi.nii.gz	0.0	-0.0001842852218383	0.0002267734254418	-0.0001574742054799	-0.0001842852218383	-0.0001574742054799	0.0002267734254418	-0.0002617243660555	-0.0002617243660555	sub-20961	ses-1				space-ACPC			DSIStudio	autotrackgqi
ProjectionBrainstem_CorticobulbarTractL	tzz	DSIStudio	/scratch/executivefunction/SLURM_8364170_111/job-8364170-111-sub-20961-ses-1/ds/inputs/data/qsiprep/qsiprep/sub-20961/ses-1/dwi/sub-20961_ses-1_space-ACPC_desc-preproc_dwi.nii.gz	0.0	0.0008320125999235	0.0002252730313634	0.0008583277813158	0.0008320125999235	0.0008583277813158	0.0002252730313634	0.0008810665767605	0.0008810665767605	sub-20961	ses-1				space-ACPC			DSIStudio	autotrackgqi
ProjectionBrainstem_NonDecussatingDentatorubrothalamicTractR	ad	DSIStudio	/scratch/executivefunction/SLURM_8364170_111/job-8364170-111-sub-20961-ses-1/ds/inputs/data/qsiprep/qsiprep/sub-20961/ses-1/dwi/sub-20961_ses-1_space-ACPC_desc-preproc_dwi.nii.gz	0.0	1.169081526198598	0.3260445238444116	1.10970276594162	1.169081526198598	1.10970276594162	0.3260445238444116	1.3238766054482436	1.3238766054482436	sub-20961	ses-1				space-ACPC			DSIStudio	autotrackgqi
ProjectionBrainstem_NonDecussatingDentatorubrothalamicTractR	dti_fa	DSIStudio	/scratch/executivefunction/SLURM_8364170_111/job-8364170-111-sub-20961-ses-1/ds/inputs/data/qsiprep/qsiprep/sub-20961/ses-1/dwi/sub-20961_ses-1_space-ACPC_desc-preproc_dwi.nii.gz	0.0	0.4007827366410665	0.1668580561319056	0.3992717564105987	0.4007827366410665	0.3992717564105987	0.1668580561319056	0.4441104402375968	0.4441104402375968	sub-20961	ses-1				space-ACPC			DSIStudio	autotrackgqi
ProjectionBrainstem_NonDecussatingDentatorubrothalamicTractR	gfa	DSIStudio	/scratch/executivefunction/SLURM_8364170_111/job-8364170-111-sub-20961-ses-1/ds/inputs/data/qsiprep/qsiprep/sub-20961/ses-1/dwi/sub-20961_ses-1_space-ACPC_desc-preproc_dwi.nii.gz	0.0	0.0857644639036909	0.0363297185785947	0.0845761187374591	0.0857644639036909	0.0845761187374591	0.0363297185785947	0.0992624461095139	0.0992624461095139	sub-20961	ses-1				space-ACPC			DSIStudio	autotrackgqi
ProjectionBrainstem_NonDecussatingDentatorubrothalamicTractR	ha	DSIStudio	/scratch/executivefunction/SLURM_8364170_111/job-8364170-111-sub-20961-ses-1/ds/inputs/data/qsiprep/qsiprep/sub-20961/ses-1/dwi/sub-20961_ses-1_space-ACPC_desc-preproc_dwi.nii.gz	0.0	-0.1268278877456823	53.53457367215312	5.916969299316406	-0.1268278877456823	5.916969299316406	53.53457367215312	2.6761760076824785	2.6761760076824785	sub-20961	ses-1				space-ACPC			DSIStudio	autotrackgqi
ProjectionBrainstem_NonDecussatingDentatorubrothalamicTractR	iso	DSIStudio	/scratch/executivefunction/SLURM_8364170_111/job-8364170-111-sub-20961-ses-1/ds/inputs/data/qsiprep/qsiprep/sub-20961/ses-1/dwi/sub-20961_ses-1_space-ACPC_desc-preproc_dwi.nii.gz	0.0	0.757592380576721	0.1113982893764103	0.7500468492507935	0.757592380576721	0.7500468492507935	0.1113982893764103	0.7387912002839709	0.7387912002839709	sub-20961	ses-1				space-ACPC			DSIStudio	autotrackgqi
ProjectionBrainstem_NonDecussatingDentatorubrothalamicTractR	md	DSIStudio	/scratch/executivefunction/SLURM_8364170_111/job-8364170-111-sub-20961-ses-1/ds/inputs/data/qsiprep/qsiprep/sub-20961/ses-1/dwi/sub-20961_ses-1_space-ACPC_desc-preproc_dwi.nii.gz	0.0	0.8054601758369547	0.2504546284737836	0.7598411738872528	0.8054601758369547	0.7598411738872528	0.2504546284737836	0.8725399671086194	0.8725399671086194	sub-20961	ses-1				space-ACPC			DSIStudio	autotrackgqi
ProjectionBrainstem_NonDecussatingDentatorubrothalamicTractR	qa	DSIStudio	/scratch/executivefunction/SLURM_8364170_111/job-8364170-111-sub-20961-ses-1/ds/inputs/data/qsiprep/qsiprep/sub-20961/ses-1/dwi/sub-20961_ses-1_space-ACPC_desc-preproc_dwi.nii.gz	0.0	0.2988413270980488	0.1431820467518578	0.2832624316215515	0.2988413270980488	0.2832624316215515	0.1431820467518578	0.3484190828500937	0.3484190828500937	sub-20961	ses-1				space-ACPC			DSIStudio	autotrackgqi
ProjectionBrainstem_NonDecussatingDentatorubrothalamicTractR	rd1	DSIStudio	/scratch/executivefunction/SLURM_8364170_111/job-8364170-111-sub-20961-ses-1/ds/inputs/data/qsiprep/qsiprep/sub-20961/ses-1/dwi/sub-20961_ses-1_space-ACPC_desc-preproc_dwi.nii.gz	0.0	0.7327731707668883	0.2672261754284248	0.6971565186977386	0.7327731707668883	0.6971565186977386	0.2672261754284248	0.7553720309371763	0.7553720309371763	sub-20961	ses-1				space-ACPC			DSIStudio	autotrackgqi
ProjectionBrainstem_NonDecussatingDentatorubrothalamicTractR	rd2	DSIStudio	/scratch/executivefunction/SLURM_8364170_111/job-8364170-111-sub-20961-ses-1/ds/inputs/data/qsiprep/qsiprep/sub-20961/ses-1/dwi/sub-20961_ses-1_space-ACPC_desc-preproc_dwi.nii.gz	0.0	0.5145258313046521	0.2684689715384025	0.4640695303678512	0.5145258313046521	0.4640695303678512	0.2684689715384025	0.5383712626584523	0.5383712626584523	sub-20961	ses-1				space-ACPC			DSIStudio	autotrackgqi
ProjectionBrainstem_NonDecussatingDentatorubrothalamicTractR	rd	DSIStudio	/scratch/executivefunction/SLURM_8364170_111/job-8364170-111-sub-20961-ses-1/ds/inputs/data/qsiprep/qsiprep/sub-20961/ses-1/dwi/sub-20961_ses-1_space-ACPC_desc-preproc_dwi.nii.gz	0.0	0.6236495008467594	0.261533335753265	0.5789453089237213	0.6236495008467594	0.5789453089237213	0.261533335753265	0.6468716492862912	0.6468716492862912	sub-20961	ses-1				space-ACPC			DSIStudio	autotrackgqi
ProjectionBrainstem_NonDecussatingDentatorubrothalamicTractR	txx	DSIStudio	/scratch/executivefunction/SLURM_8364170_111/job-8364170-111-sub-20961-ses-1/ds/inputs/data/qsiprep/qsiprep/sub-20961/ses-1/dwi/sub-20961_ses-1_space-ACPC_desc-preproc_dwi.nii.gz	0.0	0.0007130125589238	0.0002707829394868	0.000675566465361	0.0007130125589238	0.000675566465361	0.0002707829394868	0.0007144414047718	0.0007144414047718	sub-20961	ses-1				space-ACPC			DSIStudio	autotrackgqi
ProjectionBrainstem_NonDecussatingDentatorubrothalamicTractR	txy	DSIStudio	/scratch/executivefunction/SLURM_8364170_111/job-8364170-111-sub-20961-ses-1/ds/inputs/data/qsiprep/qsiprep/sub-20961/ses-1/dwi/sub-20961_ses-1_space-ACPC_desc-preproc_dwi.nii.gz	0.0	3.0855392986003824e-06	0.0001158962201406	5.926642415943206e-06	3.0855392986003824e-06	5.926642415943206e-06	0.0001158962201406	-5.08781107681677e-06	-5.08781107681677e-06	sub-20961	ses-1				space-ACPC			DSIStudio	autotrackgqi
ProjectionBrainstem_NonDecussatingDentatorubrothalamicTractR	txz	DSIStudio	/scratch/executivefunction/SLURM_8364170_111/job-8364170-111-sub-20961-ses-1/ds/inputs/data/qsiprep/qsiprep/sub-20961/ses-1/dwi/sub-20961_ses-1_space-ACPC_desc-preproc_dwi.nii.gz	0.0	4.454212881406876e-05	0.0001739594390091	3.4005775887635536e-05	4.454212881406876e-05	3.4005775887635536e-05	0.0001739594390091	4.0461104295351765e-05	4.0461104295351765e-05	sub-20961	ses-1				space-ACPC			DSIStudio	autotrackgqi
ProjectionBrainstem_NonDecussatingDentatorubrothalamicTractR	tyy	DSIStudio	/scratch/executivefunction/SLURM_8364170_111/job-8364170-111-sub-20961-ses-1/ds/inputs/data/qsiprep/qsiprep/sub-20961/ses-1/dwi/sub-20961_ses-1_space-ACPC_desc-preproc_dwi.nii.gz	0.0	0.000752298590489	0.0003313554095432	0.0007044370286166	0.000752298590489	0.0007044370286166	0.0003313554095432	0.0008413377609422	0.0008413377609422	sub-20961	ses-1				space-ACPC			DSIStudio	autotrackgqi
ProjectionBrainstem_NonDecussatingDentatorubrothalamicTractR	tyz	DSIStudio	/scratch/executivefunction/SLURM_8364170_111/job-8364170-111-sub-20961-ses-1/ds/inputs/data/qsiprep/qsiprep/sub-20961/ses-1/dwi/sub-20961_ses-1_space-ACPC_desc-preproc_dwi.nii.gz	0.0	-3.932567902276584e-05	0.0001756656731566	-3.4218892324133776e-05	-3.932567902276584e-05	-3.4218892324133776e-05	0.0001756656731566	-0.0001084563930797	-0.0001084563930797	sub-20961	ses-1				space-ACPC			DSIStudio	autotrackgqi
ProjectionBrainstem_NonDecussatingDentatorubrothalamicTractR	tzz	DSIStudio	/scratch/executivefunction/SLURM_8364170_111/job-8364170-111-sub-20961-ses-1/ds/inputs/data/qsiprep/qsiprep/sub-20961/ses-1/dwi/sub-20961_ses-1_space-ACPC_desc-preproc_dwi.nii.gz	0.0	0.0009510693779381	0.0003163194674957	0.0009213110315613	0.0009510693779381	0.0009213110315613	0.0003163194674957	0.0010618407385326	0.0010618407385326	sub-20961	ses-1				space-ACPC			DSIStudio	autotrackgqi
ProjectionBasalGanglia_AnsaLenticularisL	ad	DSIStudio	/scratch/executivefunction/SLURM_8364170_111/job-8364170-111-sub-20961-ses-1/ds/inputs/data/qsiprep/qsiprep/sub-20961/ses-1/dwi/sub-20961_ses-1_space-ACPC_desc-preproc_dwi.nii.gz	0.0	1.2468822887012971	0.4316833766748639	1.1009789109230042	1.2468822887012971	1.1009789109230042	0.4316833766748639	1.1625209496908853	1.1625209496908853	sub-20961	ses-1				space-ACPC			DSIStudio	autotrackgqi
ProjectionBasalGanglia_AnsaLenticularisL	dti_fa	DSIStudio	/scratch/executivefunction/SLURM_8364170_111/job-8364170-111-sub-20961-ses-1/ds/inputs/data/qsiprep/qsiprep/sub-20961/ses-1/dwi/sub-20961_ses-1_space-ACPC_desc-preproc_dwi.nii.gz	0.0	0.3378411533403627	0.129442188436369	0.3253270089626312	0.3378411533403627	0.3253270089626312	0.129442188436369	0.3322702133225487	0.3322702133225487	sub-20961	ses-1				space-ACPC			DSIStudio	autotrackgqi
ProjectionBasalGanglia_AnsaLenticularisL	gfa	DSIStudio	/scratch/executivefunction/SLURM_8364170_111/job-8364170-111-sub-20961-ses-1/ds/inputs/data/qsiprep/qsiprep/sub-20961/ses-1/dwi/sub-20961_ses-1_space-ACPC_desc-preproc_dwi.nii.gz	0.0	0.073822689890985	0.0272055498763447	0.0705285854637622	0.073822689890985	0.0705285854637622	0.0272055498763447	0.0695822926025508	0.0695822926025508	sub-20961	ses-1				space-ACPC			DSIStudio	autotrackgqi
ProjectionBasalGanglia_AnsaLenticularisL	ha	DSIStudio	/scratch/executivefunction/SLURM_8364170_111/job-8364170-111-sub-20961-ses-1/ds/inputs/data/qsiprep/qsiprep/sub-20961/ses-1/dwi/sub-20961_ses-1_space-ACPC_desc-preproc_dwi.nii.gz	0.0	3.18522988685062	33.89461086453277	2.988996744155884	3.18522988685062	2.988996744155884	33.89461086453277	4.271767956530372	4.271767956530372	sub-20961	ses-1				space-ACPC			DSIStudio	autotrackgqi
ProjectionBasalGanglia_AnsaLenticularisL	iso	DSIStudio	/scratch/executivefunction/SLURM_8364170_111/job-8364170-111-sub-20961-ses-1/ds/inputs/data/qsiprep/qsiprep/sub-20961/ses-1/dwi/sub-20961_ses-1_space-ACPC_desc-preproc_dwi.nii.gz	0.0	0.6238181390362221	0.1114985134071636	0.6539058089256287	0.6238181390362221	0.6539058089256287	0.1114985134071636	0.6528673117301682	0.6528673117301682	sub-20961	ses-1				space-ACPC			DSIStudio	autotrackgqi
ProjectionBasalGanglia_AnsaLenticularisL	md	DSIStudio	/scratch/executivefunction/SLURM_8364170_111/job-8364170-111-sub-20961-ses-1/ds/inputs/data/qsiprep/qsiprep/sub-20961/ses-1/dwi/sub-20961_ses-1_space-ACPC_desc-preproc_dwi.nii.gz	0.0	0.9178761819696558	0.3656747039050482	0.8005882501602173	0.9178761819696558	0.8005882501602173	0.3656747039050482	0.862710244961391	0.862710244961391	sub-20961	ses-1				space-ACPC			DSIStudio	autotrackgqi
ProjectionBasalGanglia_AnsaLenticularisL	qa	DSIStudio	/scratch/executivefunction/SLURM_8364170_111/job-8364170-111-sub-20961-ses-1/ds/inputs/data/qsiprep/qsiprep/sub-20961/ses-1/dwi/sub-20961_ses-1_space-ACPC_desc-preproc_dwi.nii.gz	0.0	0.2046982312230238	0.0813566530466606	0.196515679359436	0.2046982312230238	0.196515679359436	0.0813566530466606	0.2002896854938523	0.2002896854938523	sub-20961	ses-1				space-ACPC			DSIStudio	autotrackgqi
ProjectionBasalGanglia_AnsaLenticularisL	rd1	DSIStudio	/scratch/executivefunction/SLURM_8364170_111/job-8364170-111-sub-20961-ses-1/ds/inputs/data/qsiprep/qsiprep/sub-20961/ses-1/dwi/sub-20961_ses-1_space-ACPC_desc-preproc_dwi.nii.gz	0.0	0.8614164442441411	0.3622409167098207	0.7679316699504852	0.8614164442441411	0.7679316699504852	0.3622409167098207	0.8215819510763531	0.8215819510763531	sub-20961	ses-1				space-ACPC			DSIStudio	autotrackgqi
ProjectionBasalGanglia_AnsaLenticularisL	rd2	DSIStudio	/scratch/executivefunction/SLURM_8364170_111/job-8364170-111-sub-20961-ses-1/ds/inputs/data/qsiprep/qsiprep/sub-20961/ses-1/dwi/sub-20961_ses-1_space-ACPC_desc-preproc_dwi.nii.gz	0.0	0.6453298141649868	0.3577189290769064	0.5545231401920319	0.6453298141649868	0.5545231401920319	0.3577189290769064	0.6040278343888845	0.6040278343888845	sub-20961	ses-1				space-ACPC			DSIStudio	autotrackgqi
ProjectionBasalGanglia_AnsaLenticularisL	rd	DSIStudio	/scratch/executivefunction/SLURM_8364170_111/job-8364170-111-sub-20961-ses-1/ds/inputs/data/qsiprep/qsiprep/sub-20961/ses-1/dwi/sub-20961_ses-1_space-ACPC_desc-preproc_dwi.nii.gz	0.0	0.7533731302503723	0.3562410077342655	0.6602726578712463	0.7533731302503723	0.6602726578712463	0.3562410077342655	0.7128048939168723	0.7128048939168723	sub-20961	ses-1				space-ACPC			DSIStudio	autotrackgqi
ProjectionBasalGanglia_AnsaLenticularisL	txx	DSIStudio	/scratch/executivefunction/SLURM_8364170_111/job-8364170-111-sub-20961-ses-1/ds/inputs/data/qsiprep/qsiprep/sub-20961/ses-1/dwi/sub-20961_ses-1_space-ACPC_desc-preproc_dwi.nii.gz	0.0	0.0008365392304315	0.0003855714198852	0.0007292206282727	0.0008365392304315	0.0007292206282727	0.0003855714198852	0.0007399721325935	0.0007399721325935	sub-20961	ses-1				space-ACPC			DSIStudio	autotrackgqi
ProjectionBasalGanglia_AnsaLenticularisL	txy	DSIStudio	/scratch/executivefunction/SLURM_8364170_111/job-8364170-111-sub-20961-ses-1/ds/inputs/data/qsiprep/qsiprep/sub-20961/ses-1/dwi/sub-20961_ses-1_space-ACPC_desc-preproc_dwi.nii.gz	0.0	-4.738321652517837e-06	0.0001390847700653	-1.8880441530200187e-05	-4.738321652517837e-06	-1.8880441530200187e-05	0.0001390847700653	-3.731158407162708e-05	-3.731158407162708e-05	sub-20961	ses-1				space-ACPC			DSIStudio	autotrackgqi
ProjectionBasalGanglia_AnsaLenticularisL	txz	DSIStudio	/scratch/executivefunction/SLURM_8364170_111/job-8364170-111-sub-20961-ses-1/ds/inputs/data/qsiprep/qsiprep/sub-20961/ses-1/dwi/sub-20961_ses-1_space-ACPC_desc-preproc_dwi.nii.gz	0.0	2.214311189738326e-05	0.0001109727052042	3.0911536669009365e-05	2.214311189738326e-05	3.0911536669009365e-05	0.0001109727052042	1.8969564884439664e-05	1.8969564884439664e-05	sub-20961	ses-1				space-ACPC			DSIStudio	autotrackgqi
ProjectionBasalGanglia_AnsaLenticularisL	tyy	DSIStudio	/scratch/executivefunction/SLURM_8364170_111/job-8364170-111-sub-20961-ses-1/ds/inputs/data/qsiprep/qsiprep/sub-20961/ses-1/dwi/sub-20961_ses-1_space-ACPC_desc-preproc_dwi.nii.gz	0.0	0.0010328121417078	0.0004056694362803	0.0009441498550586	0.0010328121417078	0.0009441498550586	0.0004056694362803	0.0009991724275366	0.0009991724275366	sub-20961	ses-1				space-ACPC			DSIStudio	autotrackgqi
ProjectionBasalGanglia_AnsaLenticularisL	tyz	DSIStudio	/scratch/executivefunction/SLURM_8364170_111/job-8364170-111-sub-20961-ses-1/ds/inputs/data/qsiprep/qsiprep/sub-20961/ses-1/dwi/sub-20961_ses-1_space-ACPC_desc-preproc_dwi.nii.gz	0.0	1.5171933878275335e-05	0.0001455525099889	1.6256489288934972e-05	1.5171933878275335e-05	1.6256489288934972e-05	0.0001455525099889	2.757918438697099e-05	2.757918438697099e-05	sub-20961	ses-1				space-ACPC			DSIStudio	autotrackgqi
ProjectionBasalGanglia_AnsaLenticularisL	tzz	DSIStudio	/scratch/executivefunction/SLURM_8364170_111/job-8364170-111-sub-20961-ses-1/ds/inputs/data/qsiprep/qsiprep/sub-20961/ses-1/dwi/sub-20961_ses-1_space-ACPC_desc-preproc_dwi.nii.gz	0.0	0.0008842771759336	0.0004357547622233	0.000760468916269	0.0008842771759336	0.000760468916269	0.0004357547622233	0.0008489861770448	0.0008489861770448	sub-20961	ses-1				space-ACPC			DSIStudio	autotrackgqi
ProjectionBasalGanglia_AcousticRadiationL	ad	DSIStudio	/scratch/executivefunction/SLURM_8364170_111/job-8364170-111-sub-20961-ses-1/ds/inputs/data/qsiprep/qsiprep/sub-20961/ses-1/dwi/sub-20961_ses-1_space-ACPC_desc-preproc_dwi.nii.gz	0.0	1.4021509652893718	0.5110194310584328	1.2711434960365295	1.4021509652893718	1.2711434960365295	0.5110194310584328	1.450510256894471	1.450510382305655	sub-20961	ses-1				space-ACPC			DSIStudio	autotrackgqi
ProjectionBasalGanglia_AcousticRadiationL	dti_fa	DSIStudio	/scratch/executivefunction/SLURM_8364170_111/job-8364170-111-sub-20961-ses-1/ds/inputs/data/qsiprep/qsiprep/sub-20961/ses-1/dwi/sub-20961_ses-1_space-ACPC_desc-preproc_dwi.nii.gz	0.0	0.4051354917284192	0.1738832165394647	0.4001108109951019	0.4051354917284192	0.4001108109951019	0.1738832165394647	0.4813960914668541	0.4813961330984344	sub-20961	ses-1				space-ACPC			DSIStudio	autotrackgqi
ProjectionBasalGanglia_AcousticRadiationL	gfa	DSIStudio	/scratch/executivefunction/SLURM_8364170_111/job-8364170-111-sub-20961-ses-1/ds/inputs/data/qsiprep/qsiprep/sub-20961/ses-1/dwi/sub-20961_ses-1_space-ACPC_desc-preproc_dwi.nii.gz	0.0	0.0943050238771772	0.0357672691271967	0.0932116545736789	0.0943050238771772	0.0932116545736789	0.0357672691271967	0.1108965578355276	0.1108965674177857	sub-20961	ses-1				space-ACPC			DSIStudio	autotrackgqi
ProjectionBasalGanglia_AcousticRadiationL	ha	DSIStudio	/scratch/executivefunction/SLURM_8364170_111/job-8364170-111-sub-20961-ses-1/ds/inputs/data/qsiprep/qsiprep/sub-20961/ses-1/dwi/sub-20961_ses-1_space-ACPC_desc-preproc_dwi.nii.gz	0.0	14.560929717143043	30.751381477040525	18.69325256347656	14.560929717143043	18.69325256347656	30.751381477040525	17.945742655935028	17.945744219682563	sub-20961	ses-1				space-ACPC			DSIStudio	autotrackgqi
ProjectionBasalGanglia_AcousticRadiationL	iso	DSIStudio	/scratch/executivefunction/SLURM_8364170_111/job-8364170-111-sub-20961-ses-1/ds/inputs/data/qsiprep/qsiprep/sub-20961/ses-1/dwi/sub-20961_ses-1_space-ACPC_desc-preproc_dwi.nii.gz	0.0	0.641327526751088	0.1199733964833539	0.6641155779361725	0.641327526751088	0.6641155779361725	0.1199733964833539	0.6223728522137788	0.6223729059104455	sub-20961	ses-1				space-ACPC			DSIStudio	autotrackgqi
ProjectionBasalGanglia_AcousticRadiationL	md	DSIStudio	/scratch/executivefunction/SLURM_8364170_111/job-8364170-111-sub-20961-ses-1/ds/inputs/data/qsiprep/qsiprep/sub-20961/ses-1/dwi/sub-20961_ses-1_space-ACPC_desc-preproc_dwi.nii.gz	0.0	0.9828269899909088	0.4771134225644667	0.8114359378814697	0.9828269899909088	0.8114359378814697	0.4771134225644667	0.942138166476402	0.942138247922263	sub-20961	ses-1				space-ACPC			DSIStudio	autotrackgqi
ProjectionBasalGanglia_AcousticRadiationL	qa	DSIStudio	/scratch/executivefunction/SLURM_8364170_111/job-8364170-111-sub-20961-ses-1/ds/inputs/data/qsiprep/qsiprep/sub-20961/ses-1/dwi/sub-20961_ses-1_space-ACPC_desc-preproc_dwi.nii.gz	0.0	0.2809675946595465	0.1244297367569162	0.2787898182868957	0.2809675946595465	0.2787898182868957	0.1244297367569162	0.3283278548385434	0.3283278832058758	sub-20961	ses-1				space-ACPC			DSIStudio	autotrackgqi
ProjectionBasalGanglia_AcousticRadiationL	rd1	DSIStudio	/scratch/executivefunction/SLURM_8364170_111/job-8364170-111-sub-20961-ses-1/ds/inputs/data/qsiprep/qsiprep/sub-20961/ses-1/dwi/sub-20961_ses-1_space-ACPC_desc-preproc_dwi.nii.gz	0.0	0.8883940988124871	0.4971078256233237	0.7409501075744629	0.8883940988124871	0.7409501075744629	0.4971078256233237	0.8043491585499132	0.8043492280808353	sub-20961	ses-1				space-ACPC			DSIStudio	autotrackgqi
ProjectionBasalGanglia_AcousticRadiationL	rd2	DSIStudio	/scratch/executivefunction/SLURM_8364170_111/job-8364170-111-sub-20961-ses-1/ds/inputs/data/qsiprep/qsiprep/sub-20961/ses-1/dwi/sub-20961_ses-1_space-ACPC_desc-preproc_dwi.nii.gz	0.0	0.6579359100759029	0.4875228601532443	0.5000289678573608	0.6579359100759029	0.5000289678573608	0.4875228601532443	0.5715550879252933	0.5715551373207698	sub-20961	ses-1				space-ACPC			DSIStudio	autotrackgqi
ProjectionBasalGanglia_AcousticRadiationL	rd	DSIStudio	/scratch/executivefunction/SLURM_8364170_111/job-8364170-111-sub-20961-ses-1/ds/inputs/data/qsiprep/qsiprep/sub-20961/ses-1/dwi/sub-20961_ses-1_space-ACPC_desc-preproc_dwi.nii.gz	0.0	0.7731650036718787	0.4887206813072977	0.6159744560718536	0.7731650036718787	0.6159744560718536	0.4887206813072977	0.6879521235462513	0.6879521830094507	sub-20961	ses-1				space-ACPC			DSIStudio	autotrackgqi
ProjectionBasalGanglia_AcousticRadiationL	txx	DSIStudio	/scratch/executivefunction/SLURM_8364170_111/job-8364170-111-sub-20961-ses-1/ds/inputs/data/qsiprep/qsiprep/sub-20961/ses-1/dwi/sub-20961_ses-1_space-ACPC_desc-preproc_dwi.nii.gz	0.0	0.0009692761232429	0.0004988815730941	0.0008337343169841	0.0009692761232429	0.0008337343169841	0.0004988815730941	0.0009060790189501	0.000906079097302	sub-20961	ses-1				space-ACPC			DSIStudio	autotrackgqi
ProjectionBasalGanglia_AcousticRadiationL	txy	DSIStudio	/scratch/executivefunction/SLURM_8364170_111/job-8364170-111-sub-20961-ses-1/ds/inputs/data/qsiprep/qsiprep/sub-20961/ses-1/dwi/sub-20961_ses-1_space-ACPC_desc-preproc_dwi.nii.gz	0.0	1.2991016585693608e-05	0.0001852404485475	1.546364092064323e-05	1.2991016585693608e-05	1.546364092064323e-05	0.0001852404485475	-0.000101769312961	-0.0001017693219316	sub-20961	ses-1				space-ACPC			DSIStudio	autotrackgqi
ProjectionBasalGanglia_AcousticRadiationL	txz	DSIStudio	/scratch/executivefunction/SLURM_8364170_111/job-8364170-111-sub-20961-ses-1/ds/inputs/data/qsiprep/qsiprep/sub-20961/ses-1/dwi/sub-20961_ses-1_space-ACPC_desc-preproc_dwi.nii.gz	0.0	-4.62175527685434e-05	0.0001417705019175	-3.207882218703162e-05	-4.62175527685434e-05	-3.207882218703162e-05	0.0001417705019175	-8.392404468987102e-05	-8.392405203371602e-05	sub-20961	ses-1				space-ACPC			DSIStudio	autotrackgqi
ProjectionBasalGanglia_AcousticRadiationL	tyy	DSIStudio	/scratch/executivefunction/SLURM_8364170_111/job-8364170-111-sub-20961-ses-1/ds/inputs/data/qsiprep/qsiprep/sub-20961/ses-1/dwi/sub-20961_ses-1_space-ACPC_desc-preproc_dwi.nii.gz	0.0	0.0010572377313354	0.000519978867787	0.0009097889706026	0.0010572377313354	0.0009097889706026	0.000519978867787	0.0011091668342015	0.0011091669300426	sub-20961	ses-1				space-ACPC			DSIStudio	autotrackgqi
ProjectionBasalGanglia_AcousticRadiationL	tyz	DSIStudio	/scratch/executivefunction/SLURM_8364170_111/job-8364170-111-sub-20961-ses-1/ds/inputs/data/qsiprep/qsiprep/sub-20961/ses-1/dwi/sub-20961_ses-1_space-ACPC_desc-preproc_dwi.nii.gz	0.0	0.0001174460164516	0.0001991037480339	0.0001141518841905	0.0001174460164516	0.0001141518841905	0.0001991037480339	0.0001884546444246	0.0001884546608013	sub-20961	ses-1				space-ACPC			DSIStudio	autotrackgqi
ProjectionBasalGanglia_AcousticRadiationL	tzz	DSIStudio	/scratch/executivefunction/SLURM_8364170_111/job-8364170-111-sub-20961-ses-1/ds/inputs/data/qsiprep/qsiprep/sub-20961/ses-1/dwi/sub-20961_ses-1_space-ACPC_desc-preproc_dwi.nii.gz	0.0	0.0009219671145121	0.0005359546734206	0.0007680675189476	0.0009219671145121	0.0007680675189476	0.0005359546734206	0.000811168642693	0.0008111687128376	sub-20961	ses-1				space-ACPC			DSIStudio	autotrackgqi
ProjectionBasalGanglia_OpticRadiationR	ad	DSIStudio	/scratch/executivefunction/SLURM_8364170_111/job-8364170-111-sub-20961-ses-1/ds/inputs/data/qsiprep/qsiprep/sub-20961/ses-1/dwi/sub-20961_ses-1_space-ACPC_desc-preproc_dwi.nii.gz	0.0064285714285714	1.2810350513032505	0.4214692000833169	1.1869677901268003	1.2893235599026245	1.1890028715133667	0.4099988455490947	1.3793775321201682	1.379586478927751	sub-20961	ses-1				space-ACPC			DSIStudio	autotrackgqi
ProjectionBasalGanglia_OpticRadiationR	dti_fa	DSIStudio	/scratch/executivefunction/SLURM_8364170_111/job-8364170-111-sub-20961-ses-1/ds/inputs/data/qsiprep/qsiprep/sub-20961/ses-1/dwi/sub-20961_ses-1_space-ACPC_desc-preproc_dwi.nii.gz	0.0064285714285714	0.3581737448837209	0.1956032030418415	0.341498002409935	0.3604911882366709	0.3430697917938232	0.1940946872661987	0.4683736965899759	0.4684446456129594	sub-20961	ses-1				space-ACPC			DSIStudio	autotrackgqi
ProjectionBasalGanglia_OpticRadiationR	gfa	DSIStudio	/scratch/executivefunction/SLURM_8364170_111/job-8364170-111-sub-20961-ses-1/ds/inputs/data/qsiprep/qsiprep/sub-20961/ses-1/dwi/sub-20961_ses-1_space-ACPC_desc-preproc_dwi.nii.gz	0.0064285714285714	0.0803696164508749	0.0453414918196992	0.0755061991512775	0.0808896211583212	0.0759157538414001	0.045023211699951	0.1078037014031065	0.107820031460413	sub-20961	ses-1				space-ACPC			DSIStudio	autotrackgqi
ProjectionBasalGanglia_OpticRadiationR	ha	DSIStudio	/scratch/executivefunction/SLURM_8364170_111/job-8364170-111-sub-20961-ses-1/ds/inputs/data/qsiprep/qsiprep/sub-20961/ses-1/dwi/sub-20961_ses-1_space-ACPC_desc-preproc_dwi.nii.gz	0.0064285714285714	-5.227160876970073	31.22474186663802	-4.278397560119629	-5.260981472148169	-4.562894105911255	31.3227534880152	-5.718099755794018	-5.718965954403171	sub-20961	ses-1				space-ACPC			DSIStudio	autotrackgqi
ProjectionBasalGanglia_OpticRadiationR	iso	DSIStudio	/scratch/executivefunction/SLURM_8364170_111/job-8364170-111-sub-20961-ses-1/ds/inputs/data/qsiprep/qsiprep/sub-20961/ses-1/dwi/sub-20961_ses-1_space-ACPC_desc-preproc_dwi.nii.gz	0.0064285714285714	0.7488150044051665	0.2299819956460232	0.7340113818645477	0.753659961299233	0.7351161539554596	0.2226712519818467	0.6811521825439093	0.6812553626282769	sub-20961	ses-1				space-ACPC			DSIStudio	autotrackgqi
ProjectionBasalGanglia_OpticRadiationR	md	DSIStudio	/scratch/executivefunction/SLURM_8364170_111/job-8364170-111-sub-20961-ses-1/ds/inputs/data/qsiprep/qsiprep/sub-20961/ses-1/dwi/sub-20961_ses-1_space-ACPC_desc-preproc_dwi.nii.gz	0.0064285714285714	0.9134311777779034	0.3358433053158489	0.8144904375076294	0.9193412285327568	0.8152512609958649	0.3287660977793436	0.8890551104462285	0.889189783399714	sub-20961	ses-1				space-ACPC			DSIStudio	autotrackgqi
ProjectionBasalGanglia_OpticRadiationR	qa	DSIStudio	/scratch/executivefunction/SLURM_8364170_111/job-8364170-111-sub-20961-ses-1/ds/inputs/data/qsiprep/qsiprep/sub-20961/ses-1/dwi/sub-20961_ses-1_space-ACPC_desc-preproc_dwi.nii.gz	0.0064285714285714	0.2651642003173141	0.1548731007093829	0.2484049275517463	0.266879856537915	0.2504025250673294	0.1538928020915799	0.3378843384498605	0.3379355209395882	sub-20961	ses-1				space-ACPC			DSIStudio	autotrackgqi
ProjectionBasalGanglia_OpticRadiationR	rd1	DSIStudio	/scratch/executivefunction/SLURM_8364170_111/job-8364170-111-sub-20961-ses-1/ds/inputs/data/qsiprep/qsiprep/sub-20961/ses-1/dwi/sub-20961_ses-1_space-ACPC_desc-preproc_dwi.nii.gz	0.0064285714285714	0.8281671021559409	0.3580117080685365	0.7472083568572998	0.8335254802432187	0.7493899166584015	0.3528956431546154	0.7479550477765299	0.7480683468171099	sub-20961	ses-1				space-ACPC			DSIStudio	autotrackgqi
ProjectionBasalGanglia_OpticRadiationR	rd2	DSIStudio	/scratch/executivefunction/SLURM_8364170_111/job-8364170-111-sub-20961-ses-1/ds/inputs/data/qsiprep/qsiprep/sub-20961/ses-1/dwi/sub-20961_ses-1_space-ACPC_desc-preproc_dwi.nii.gz	0.0064285714285714	0.6310913768937878	0.3478605643340744	0.5511144399642944	0.6351746424524104	0.5524694919586182	0.3452482014380119	0.539832745578189	0.5399145185895945	sub-20961	ses-1				space-ACPC			DSIStudio	autotrackgqi
ProjectionBasalGanglia_OpticRadiationR	rd	DSIStudio	/scratch/executivefunction/SLURM_8364170_111/job-8364170-111-sub-20961-ses-1/ds/inputs/data/qsiprep/qsiprep/sub-20961/ses-1/dwi/sub-20961_ses-1_space-ACPC_desc-preproc_dwi.nii.gz	0.0064285714285714	0.7296292392590217	0.3465902663940729	0.6436870694160461	0.7343500610802518	0.645480751991272	0.342688348747626	0.6438938972448962	0.6439914332709749	sub-20961	ses-1				space-ACPC			DSIStudio	autotrackgqi
ProjectionBasalGanglia_OpticRadiationR	txx	DSIStudio	/scratch/executivefunction/SLURM_8364170_111/job-8364170-111-sub-20961-ses-1/ds/inputs/data/qsiprep/qsiprep/sub-20961/ses-1/dwi/sub-20961_ses-1_space-ACPC_desc-preproc_dwi.nii.gz	0.0064285714285714	0.0008631323821672	0.000353965258661	0.0008040348766371	0.0008687169913976	0.0008054179779719	0.0003482105907536	0.000830661344875	0.0008307871720579	sub-20961	ses-1				space-ACPC			DSIStudio	autotrackgqi
ProjectionBasalGanglia_OpticRadiationR	txy	DSIStudio	/scratch/executivefunction/SLURM_8364170_111/job-8364170-111-sub-20961-ses-1/ds/inputs/data/qsiprep/qsiprep/sub-20961/ses-1/dwi/sub-20961_ses-1_space-ACPC_desc-preproc_dwi.nii.gz	0.0064285714285714	9.649413294988536e-05	0.0001693638135021	7.196879596449435e-05	9.711846594524768e-05	7.335673217312433e-05	0.0001697323125974	0.0002091282134082	0.0002091598919883	sub-20961	ses-1				space-ACPC			DSIStudio	autotrackgqi
ProjectionBasalGanglia_OpticRadiationR	txz	DSIStudio	/scratch/executivefunction/SLURM_8364170_111/job-8364170-111-sub-20961-ses-1/ds/inputs/data/qsiprep/qsiprep/sub-20961/ses-1/dwi/sub-20961_ses-1_space-ACPC_desc-preproc_dwi.nii.gz	0.0064285714285714	3.05627215034719e-05	0.0001147534467415	2.034815861406969e-05	3.076046736510472e-05	2.1342289983294904e-05	0.0001150976637847	4.480900474718586e-05	4.481579242248769e-05	sub-20961	ses-1				space-ACPC			DSIStudio	autotrackgqi
ProjectionBasalGanglia_OpticRadiationR	tyy	DSIStudio	/scratch/executivefunction/SLURM_8364170_111/job-8364170-111-sub-20961-ses-1/ds/inputs/data/qsiprep/qsiprep/sub-20961/ses-1/dwi/sub-20961_ses-1_space-ACPC_desc-preproc_dwi.nii.gz	0.0064285714285714	0.0010381608212108	0.000428015405149	0.0009485661576036	0.0010448778933826	0.0009507506911177	0.0004211460351422	0.0011016742933553	0.0011018411740765	sub-20961	ses-1				space-ACPC			DSIStudio	autotrackgqi
ProjectionBasalGanglia_OpticRadiationR	tyz	DSIStudio	/scratch/executivefunction/SLURM_8364170_111/job-8364170-111-sub-20961-ses-1/ds/inputs/data/qsiprep/qsiprep/sub-20961/ses-1/dwi/sub-20961_ses-1_space-ACPC_desc-preproc_dwi.nii.gz	0.0064285714285714	9.573649295871536e-06	0.0001738311649145	-9.489327510436852e-07	9.635592389806002e-06	-1.5453057358172373e-06	0.0001743909051402	3.8221962398645286e-05	3.822775248330032e-05	sub-20961	ses-1				space-ACPC			DSIStudio	autotrackgqi
ProjectionBasalGanglia_OpticRadiationR	tzz	DSIStudio	/scratch/executivefunction/SLURM_8364170_111/job-8364170-111-sub-20961-ses-1/ds/inputs/data/qsiprep/qsiprep/sub-20961/ses-1/dwi/sub-20961_ses-1_space-ACPC_desc-preproc_dwi.nii.gz	0.0064285714285714	0.0008390003264321	0.0003898779502496	0.0007727956399321	0.0008444287972717	0.0007747405325062	0.0003852328585189	0.0007348296888188	0.0007349409997744	sub-20961	ses-1				space-ACPC			DSIStudio	autotrackgqi
ProjectionBrainstem_ReticularTractR	ad	DSIStudio	/scratch/executivefunction/SLURM_8364170_111/job-8364170-111-sub-20961-ses-1/ds/inputs/data/qsiprep/qsiprep/sub-20961/ses-1/dwi/sub-20961_ses-1_space-ACPC_desc-preproc_dwi.nii.gz	0.000685166152792	1.273626162586003	0.4427750764538622	1.1605850458145142	1.27449940644105	1.160805106163025	0.4416686974628123	1.3544105192227072	1.3544315089486934	sub-20961	ses-1				space-ACPC			DSIStudio	autotrackgqi
ProjectionBrainstem_ReticularTractR	dti_fa	DSIStudio	/scratch/executivefunction/SLURM_8364170_111/job-8364170-111-sub-20961-ses-1/ds/inputs/data/qsiprep/qsiprep/sub-20961/ses-1/dwi/sub-20961_ses-1_space-ACPC_desc-preproc_dwi.nii.gz	0.000685166152792	0.4000509149532442	0.1648026534568107	0.3898704946041107	0.4003252042332944	0.3899208307266235	0.1645257775777826	0.4404220667143586	0.4404288921780505	sub-20961	ses-1				space-ACPC			DSIStudio	autotrackgqi
ProjectionBrainstem_ReticularTractR	gfa	DSIStudio	/scratch/executivefunction/SLURM_8364170_111/job-8364170-111-sub-20961-ses-1/ds/inputs/data/qsiprep/qsiprep/sub-20961/ses-1/dwi/sub-20961_ses-1_space-ACPC_desc-preproc_dwi.nii.gz	0.000685166152792	0.0883727707673896	0.0333955708969909	0.0852914974093437	0.0884333623140248	0.0853108912706375	0.0333267236090301	0.0985882466500852	0.0985897745177421	sub-20961	ses-1				space-ACPC			DSIStudio	autotrackgqi
ProjectionBrainstem_ReticularTractR	ha	DSIStudio	/scratch/executivefunction/SLURM_8364170_111/job-8364170-111-sub-20961-ses-1/ds/inputs/data/qsiprep/qsiprep/sub-20961/ses-1/dwi/sub-20961_ses-1_space-ACPC_desc-preproc_dwi.nii.gz	0.000685166152792	15.889605732391384	38.24842630633013	20.33085060119629	15.900500216952503	20.332544326782227	38.25927250785377	12.503317875343631	12.503511671364445	sub-20961	ses-1				space-ACPC			DSIStudio	autotrackgqi
ProjectionBrainstem_ReticularTractR	iso	DSIStudio	/scratch/executivefunction/SLURM_8364170_111/job-8364170-111-sub-20961-ses-1/ds/inputs/data/qsiprep/qsiprep/sub-20961/ses-1/dwi/sub-20961_ses-1_space-ACPC_desc-preproc_dwi.nii.gz	0.000685166152792	0.7268779098970989	0.1619123588748011	0.7163324952125549	0.7273762835069014	0.7163649201393127	0.160844897891479	0.6951866015815202	0.6951973752406366	sub-20961	ses-1				space-ACPC			DSIStudio	autotrackgqi
ProjectionBrainstem_ReticularTractR	md	DSIStudio	/scratch/executivefunction/SLURM_8364170_111/job-8364170-111-sub-20961-ses-1/ds/inputs/data/qsiprep/qsiprep/sub-20961/ses-1/dwi/sub-20961_ses-1_space-ACPC_desc-preproc_dwi.nii.gz	0.000685166152792	0.8864687675786941	0.3804145029910813	0.7846531271934509	0.8870765624141954	0.7847059369087219	0.3798358269949224	0.9087206863679068	0.908734769017361	sub-20961	ses-1				space-ACPC			DSIStudio	autotrackgqi
ProjectionBrainstem_ReticularTractR	qa	DSIStudio	/scratch/executivefunction/SLURM_8364170_111/job-8364170-111-sub-20961-ses-1/ds/inputs/data/qsiprep/qsiprep/sub-20961/ses-1/dwi/sub-20961_ses-1_space-ACPC_desc-preproc_dwi.nii.gz	0.000685166152792	0.2890955477318994	0.1225613991929948	0.2733819782733917	0.2892937620258534	0.2736789286136627	0.1223693325713767	0.3170067128451224	0.3170116255859183	sub-20961	ses-1				space-ACPC			DSIStudio	autotrackgqi
ProjectionBrainstem_ReticularTractR	rd1	DSIStudio	/scratch/executivefunction/SLURM_8364170_111/job-8364170-111-sub-20961-ses-1/ds/inputs/data/qsiprep/qsiprep/sub-20961/ses-1/dwi/sub-20961_ses-1_space-ACPC_desc-preproc_dwi.nii.gz	0.000685166152792	0.8025921950370084	0.3960164348649064	0.723855197429657	0.8031424810809145	0.7239298820495605	0.3955939663250545	0.7953760838470953	0.7953884098696726	sub-20961	ses-1				space-ACPC			DSIStudio	autotrackgqi
ProjectionBrainstem_ReticularTractR	rd2	DSIStudio	/scratch/executivefunction/SLURM_8364170_111/job-8364170-111-sub-20961-ses-1/ds/inputs/data/qsiprep/qsiprep/sub-20961/ses-1/dwi/sub-20961_ses-1_space-ACPC_desc-preproc_dwi.nii.gz	0.000685166152792	0.5831879457428862	0.3816739115446662	0.4938966035842895	0.583587800350869	0.4942344427108764	0.3814990229071052	0.576375454847591	0.5763843870473728	sub-20961	ses-1				space-ACPC			DSIStudio	autotrackgqi
ProjectionBrainstem_ReticularTractR	rd	DSIStudio	/scratch/executivefunction/SLURM_8364170_111/job-8364170-111-sub-20961-ses-1/ds/inputs/data/qsiprep/qsiprep/sub-20961/ses-1/dwi/sub-20961_ses-1_space-ACPC_desc-preproc_dwi.nii.gz	0.000685166152792	0.69289007061871	0.3842269943635049	0.6105978488922119	0.6933651409448113	0.6106822490692139	0.3839299502366045	0.6858757709931718	0.685886400104377	sub-20961	ses-1				space-ACPC			DSIStudio	autotrackgqi
ProjectionBrainstem_ReticularTractR	txx	DSIStudio	/scratch/executivefunction/SLURM_8364170_111/job-8364170-111-sub-20961-ses-1/ds/inputs/data/qsiprep/qsiprep/sub-20961/ses-1/dwi/sub-20961_ses-1_space-ACPC_desc-preproc_dwi.nii.gz	0.000685166152792	0.0008048225917033	0.0003783738583706	0.0007309841457754	0.0008053744069873	0.0007310815271921	0.0003779160211963	0.0007653929842317	0.0007654048459159	sub-20961	ses-1				space-ACPC			DSIStudio	autotrackgqi
ProjectionBrainstem_ReticularTractR	txy	DSIStudio	/scratch/executivefunction/SLURM_8364170_111/job-8364170-111-sub-20961-ses-1/ds/inputs/data/qsiprep/qsiprep/sub-20961/ses-1/dwi/sub-20961_ses-1_space-ACPC_desc-preproc_dwi.nii.gz	0.000685166152792	3.806992681964494e-05	0.000147470728066	1.7619253412703983e-05	3.809602892922303e-05	1.762666397553403e-05	0.0001475179046632	5.187091477689718e-05	5.187171885077531e-05	sub-20961	ses-1				space-ACPC			DSIStudio	autotrackgqi
ProjectionBrainstem_ReticularTractR	txz	DSIStudio	/scratch/executivefunction/SLURM_8364170_111/job-8364170-111-sub-20961-ses-1/ds/inputs/data/qsiprep/qsiprep/sub-20961/ses-1/dwi/sub-20961_ses-1_space-ACPC_desc-preproc_dwi.nii.gz	0.000685166152792	7.570950060749405e-06	0.0001516475749915	8.885311217454728e-06	7.57614097611502e-06	9.020188372232951e-06	0.0001516994239745	5.127561754809906e-07	5.127640771610316e-07	sub-20961	ses-1				space-ACPC			DSIStudio	autotrackgqi
ProjectionBrainstem_ReticularTractR	tyy	DSIStudio	/scratch/executivefunction/SLURM_8364170_111/job-8364170-111-sub-20961-ses-1/ds/inputs/data/qsiprep/qsiprep/sub-20961/ses-1/dwi/sub-20961_ses-1_space-ACPC_desc-preproc_dwi.nii.gz	0.000685166152792	0.0009503641522352	0.0004263376217618	0.0008690693066455	0.000951015756042	0.0008691867697052	0.0004257566276782	0.0010306006943575	0.0010306166661508	sub-20961	ses-1				space-ACPC			DSIStudio	autotrackgqi
ProjectionBrainstem_ReticularTractR	tyz	DSIStudio	/scratch/executivefunction/SLURM_8364170_111/job-8364170-111-sub-20961-ses-1/ds/inputs/data/qsiprep/qsiprep/sub-20961/ses-1/dwi/sub-20961_ses-1_space-ACPC_desc-preproc_dwi.nii.gz	0.000685166152792	-9.691273527424108e-05	0.0001780893778362	-8.269688987638801e-05	-9.697918212736018e-05	-8.28393385745585e-05	0.0001781323329627	-0.0001472797788211	-0.0001472820610868	sub-20961	ses-1				space-ACPC			DSIStudio	autotrackgqi
ProjectionBrainstem_ReticularTractR	tzz	DSIStudio	/scratch/executivefunction/SLURM_8364170_111/job-8364170-111-sub-20961-ses-1/ds/inputs/data/qsiprep/qsiprep/sub-20961/ses-1/dwi/sub-20961_ses-1_space-ACPC_desc-preproc_dwi.nii.gz	0.000685166152792	0.0009042195595835	0.0004865660254054	0.0007957532652653	0.0009048395249997	0.0007961082155816	0.0004861561989424	0.0009301683830615	0.0009301827975324	sub-20961	ses-1				space-ACPC			DSIStudio	autotrackgqi
ProjectionBrainstem_MedialLemniscusR	ad	DSIStudio	/scratch/executivefunction/SLURM_8364170_111/job-8364170-111-sub-20961-ses-1/ds/inputs/data/qsiprep/qsiprep/sub-20961/ses-1/dwi/sub-20961_ses-1_space-ACPC_desc-preproc_dwi.nii.gz	0.0017787264318747	1.2102584670930945	0.287088593766562	1.1647380590438845	1.212415021738663	1.1650171875953674	0.2827579973020299	1.243805639884476	1.243842261893298	sub-20961	ses-1				space-ACPC			DSIStudio	autotrackgqi
ProjectionBrainstem_MedialLemniscusR	dti_fa	DSIStudio	/scratch/executivefunction/SLURM_8364170_111/job-8364170-111-sub-20961-ses-1/ds/inputs/data/qsiprep/qsiprep/sub-20961/ses-1/dwi/sub-20961_ses-1_space-ACPC_desc-preproc_dwi.nii.gz	0.0017787264318747	0.412646905298082	0.1691426901595866	0.4156534075736999	0.4133821991421627	0.4164337366819381	0.1683932034074781	0.4867644137139303	0.4867787456782551	sub-20961	ses-1				space-ACPC			DSIStudio	autotrackgqi
ProjectionBrainstem_MedialLemniscusR	gfa	DSIStudio	/scratch/executivefunction/SLURM_8364170_111/job-8364170-111-sub-20961-ses-1/ds/inputs/data/qsiprep/qsiprep/sub-20961/ses-1/dwi/sub-20961_ses-1_space-ACPC_desc-preproc_dwi.nii.gz	0.0017787264318747	0.0895829119112267	0.0352745600885444	0.0900139361619949	0.0897425393380107	0.0900349952280521	0.0351025130480203	0.1049697977548362	0.1049728884089599	sub-20961	ses-1				space-ACPC			DSIStudio	autotrackgqi
ProjectionBrainstem_MedialLemniscusR	ha	DSIStudio	/scratch/executivefunction/SLURM_8364170_111/job-8364170-111-sub-20961-ses-1/ds/inputs/data/qsiprep/qsiprep/sub-20961/ses-1/dwi/sub-20961_ses-1_space-ACPC_desc-preproc_dwi.nii.gz	0.0017787264318747	-9.666733548177683	57.78188141746132	-34.29495620727539	-9.683958661413923	-34.41216468811035	57.83189699871132	-4.512300787591318	-4.512433583372754	sub-20961	ses-1				space-ACPC			DSIStudio	autotrackgqi
ProjectionBrainstem_MedialLemniscusR	iso	DSIStudio	/scratch/executivefunction/SLURM_8364170_111/job-8364170-111-sub-20961-ses-1/ds/inputs/data/qsiprep/qsiprep/sub-20961/ses-1/dwi/sub-20961_ses-1_space-ACPC_desc-preproc_dwi.nii.gz	0.0017787264318747	0.7498018427986197	0.0963380612785855	0.7501896619796753	0.7511379116560656	0.7506089210510254	0.0910713341013088	0.7550199779420821	0.755042208639032	sub-20961	ses-1				space-ACPC			DSIStudio	autotrackgqi
ProjectionBrainstem_MedialLemniscusR	md	DSIStudio	/scratch/executivefunction/SLURM_8364170_111/job-8364170-111-sub-20961-ses-1/ds/inputs/data/qsiprep/qsiprep/sub-20961/ses-1/dwi/sub-20961_ses-1_space-ACPC_desc-preproc_dwi.nii.gz	0.0017787264318747	0.820126239079167	0.2088747631239947	0.7805927395820618	0.8215876186926366	0.7808194756507874	0.2061692436260964	0.7818747772506678	0.7818977985752731	sub-20961	ses-1				space-ACPC			DSIStudio	autotrackgqi
ProjectionBrainstem_MedialLemniscusR	qa	DSIStudio	/scratch/executivefunction/SLURM_8364170_111/job-8364170-111-sub-20961-ses-1/ds/inputs/data/qsiprep/qsiprep/sub-20961/ses-1/dwi/sub-20961_ses-1_space-ACPC_desc-preproc_dwi.nii.gz	0.0017787264318747	0.310563715900371	0.1402450463585944	0.3025722205638885	0.3111171081239996	0.3027820289134979	0.1397553246513745	0.3713891101110563	0.3714000450053534	sub-20961	ses-1				space-ACPC			DSIStudio	autotrackgqi
ProjectionBrainstem_MedialLemniscusR	rd1	DSIStudio	/scratch/executivefunction/SLURM_8364170_111/job-8364170-111-sub-20961-ses-1/ds/inputs/data/qsiprep/qsiprep/sub-20961/ses-1/dwi/sub-20961_ses-1_space-ACPC_desc-preproc_dwi.nii.gz	0.0017787264318747	0.7315904632216033	0.2382265484770562	0.7040412425994873	0.7328940812957686	0.7046159207820892	0.2364267336572511	0.6555512778709132	0.6555705799211078	sub-20961	ses-1				space-ACPC			DSIStudio	autotrackgqi
ProjectionBrainstem_MedialLemniscusR	rd2	DSIStudio	/scratch/executivefunction/SLURM_8364170_111/job-8364170-111-sub-20961-ses-1/ds/inputs/data/qsiprep/qsiprep/sub-20961/ses-1/dwi/sub-20961_ses-1_space-ACPC_desc-preproc_dwi.nii.gz	0.0017787264318747	0.5185297881943852	0.237465274600266	0.4798859357833862	0.5194537543173261	0.4804346114397049	0.236664910047558	0.4462674111417701	0.4462805510564852	sub-20961	ses-1				space-ACPC			DSIStudio	autotrackgqi
ProjectionBrainstem_MedialLemniscusR	rd	DSIStudio	/scratch/executivefunction/SLURM_8364170_111/job-8364170-111-sub-20961-ses-1/ds/inputs/data/qsiprep/qsiprep/sub-20961/ses-1/dwi/sub-20961_ses-1_space-ACPC_desc-preproc_dwi.nii.gz	0.0017787264318747	0.6250601257984428	0.2308813964162309	0.5885923504829407	0.6261739178971572	0.5892782211303711	0.2295730336611376	0.5509093434603679	0.550925564442792	sub-20961	ses-1				space-ACPC			DSIStudio	autotrackgqi
ProjectionBrainstem_MedialLemniscusR	txx	DSIStudio	/scratch/executivefunction/SLURM_8364170_111/job-8364170-111-sub-20961-ses-1/ds/inputs/data/qsiprep/qsiprep/sub-20961/ses-1/dwi/sub-20961_ses-1_space-ACPC_desc-preproc_dwi.nii.gz	0.0017787264318747	0.0007174943467685	0.0002434983382176	0.0006913298857398	0.00071877284703	0.0006917381833773	0.0002418225395185	0.0006478332792881	0.0006478523542418	sub-20961	ses-1				space-ACPC			DSIStudio	autotrackgqi
ProjectionBrainstem_MedialLemniscusR	txy	DSIStudio	/scratch/executivefunction/SLURM_8364170_111/job-8364170-111-sub-20961-ses-1/ds/inputs/data/qsiprep/qsiprep/sub-20961/ses-1/dwi/sub-20961_ses-1_space-ACPC_desc-preproc_dwi.nii.gz	0.0017787264318747	3.386573308109422e-05	0.0001003579389903	3.282936449977569e-05	3.392607829328434e-05	3.2867290428839624e-05	0.0001004371215819	3.220424894816661e-05	3.2205197259610834e-05	sub-20961	ses-1				space-ACPC			DSIStudio	autotrackgqi
ProjectionBrainstem_MedialLemniscusR	txz	DSIStudio	/scratch/executivefunction/SLURM_8364170_111/job-8364170-111-sub-20961-ses-1/ds/inputs/data/qsiprep/qsiprep/sub-20961/ses-1/dwi/sub-20961_ses-1_space-ACPC_desc-preproc_dwi.nii.gz	0.0017787264318747	1.809991327739824e-05	0.0001706935036811	5.639804385282332e-06	1.8132165439332303e-05	5.841184247401543e-06	0.0001708438035238	-1.5332253407442513e-05	-1.533270516442481e-05	sub-20961	ses-1				space-ACPC			DSIStudio	autotrackgqi
ProjectionBrainstem_MedialLemniscusR	tyy	DSIStudio	/scratch/executivefunction/SLURM_8364170_111/job-8364170-111-sub-20961-ses-1/ds/inputs/data/qsiprep/qsiprep/sub-20961/ses-1/dwi/sub-20961_ses-1_space-ACPC_desc-preproc_dwi.nii.gz	0.0017787264318747	0.0007139055429338	0.0002907491570466	0.00067881582072	0.0007151776483203	0.000679166347254	0.0002894407084127	0.0006556403649985	0.0006556596692986	sub-20961	ses-1				space-ACPC			DSIStudio	autotrackgqi
ProjectionBrainstem_MedialLemniscusR	tyz	DSIStudio	/scratch/executivefunction/SLURM_8364170_111/job-8364170-111-sub-20961-ses-1/ds/inputs/data/qsiprep/qsiprep/sub-20961/ses-1/dwi/sub-20961_ses-1_space-ACPC_desc-preproc_dwi.nii.gz	0.0017787264318747	3.005250970385018e-05	0.0001903499894679	2.6522557163843885e-05	3.010606014879646e-05	2.681002479221206e-05	0.0001905152748316	1.147606033460741e-06	1.1476399700989493e-06	sub-20961	ses-1				space-ACPC			DSIStudio	autotrackgqi
ProjectionBrainstem_MedialLemniscusR	tzz	DSIStudio	/scratch/executivefunction/SLURM_8364170_111/job-8364170-111-sub-20961-ses-1/ds/inputs/data/qsiprep/qsiprep/sub-20961/ses-1/dwi/sub-20961_ses-1_space-ACPC_desc-preproc_dwi.nii.gz	0.0017787264318747	0.0010289788292932	0.0002857693067109	0.0010029178811237	0.0010308123624886	0.0010033579892478	0.0002827005215686	0.0010421506850049	0.0010421813697248	sub-20961	ses-1				space-ACPC			DSIStudio	autotrackgqi
ProjectionBrainstem_CorticopontineTractR	ad	DSIStudio	/scratch/executivefunction/SLURM_8364170_111/job-8364170-111-sub-20961-ses-1/ds/inputs/data/qsiprep/qsiprep/sub-20961/ses-1/dwi/sub-20961_ses-1_space-ACPC_desc-preproc_dwi.nii.gz	0.0	1.211985026303775	0.2820110113823598	1.1542353630065918	1.211985026303775	1.1542353630065918	0.2820110113823598	1.3085023687587374	1.3085023687587374	sub-20961	ses-1				space-ACPC			DSIStudio	autotrackgqi
ProjectionBrainstem_CorticopontineTractR	dti_fa	DSIStudio	/scratch/executivefunction/SLURM_8364170_111/job-8364170-111-sub-20961-ses-1/ds/inputs/data/qsiprep/qsiprep/sub-20961/ses-1/dwi/sub-20961_ses-1_space-ACPC_desc-preproc_dwi.nii.gz	0.0	0.414402963424204	0.188996682573959	0.4173282980918884	0.414402963424204	0.4173282980918884	0.188996682573959	0.518327228786402	0.518327228786402	sub-20961	ses-1				space-ACPC			DSIStudio	autotrackgqi
ProjectionBrainstem_CorticopontineTractR	gfa	DSIStudio	/scratch/executivefunction/SLURM_8364170_111/job-8364170-111-sub-20961-ses-1/ds/inputs/data/qsiprep/qsiprep/sub-20961/ses-1/dwi/sub-20961_ses-1_space-ACPC_desc-preproc_dwi.nii.gz	0.0	0.0905219400980454	0.0397741480990222	0.0897659212350845	0.0905219400980454	0.0897659212350845	0.0397741480990222	0.1119594386662365	0.1119594386662365	sub-20961	ses-1				space-ACPC			DSIStudio	autotrackgqi
ProjectionBrainstem_CorticopontineTractR	ha	DSIStudio	/scratch/executivefunction/SLURM_8364170_111/job-8364170-111-sub-20961-ses-1/ds/inputs/data/qsiprep/qsiprep/sub-20961/ses-1/dwi/sub-20961_ses-1_space-ACPC_desc-preproc_dwi.nii.gz	0.0	7.387884461896927	49.76792514077869	17.43332576751709	7.387884461896927	17.43332576751709	49.76792514077869	21.252200252251725	21.252200252251725	sub-20961	ses-1				space-ACPC			DSIStudio	autotrackgqi
ProjectionBrainstem_CorticopontineTractR	iso	DSIStudio	/scratch/executivefunction/SLURM_8364170_111/job-8364170-111-sub-20961-ses-1/ds/inputs/data/qsiprep/qsiprep/sub-20961/ses-1/dwi/sub-20961_ses-1_space-ACPC_desc-preproc_dwi.nii.gz	0.0	0.7646839365122069	0.1380815343957014	0.751506507396698	0.7646839365122069	0.751506507396698	0.1380815343957014	0.7339462388413083	0.7339462388413083	sub-20961	ses-1				space-ACPC			DSIStudio	autotrackgqi
ProjectionBrainstem_CorticopontineTractR	md	DSIStudio	/scratch/executivefunction/SLURM_8364170_111/job-8364170-111-sub-20961-ses-1/ds/inputs/data/qsiprep/qsiprep/sub-20961/ses-1/dwi/sub-20961_ses-1_space-ACPC_desc-preproc_dwi.nii.gz	0.0	0.8235413537243692	0.2232365027522631	0.7756494283676147	0.8235413537243692	0.7756494283676147	0.2232365027522631	0.8009488338804196	0.8009488338804196	sub-20961	ses-1				space-ACPC			DSIStudio	autotrackgqi
ProjectionBrainstem_CorticopontineTractR	qa	DSIStudio	/scratch/executivefunction/SLURM_8364170_111/job-8364170-111-sub-20961-ses-1/ds/inputs/data/qsiprep/qsiprep/sub-20961/ses-1/dwi/sub-20961_ses-1_space-ACPC_desc-preproc_dwi.nii.gz	0.0	0.3146849301288889	0.1519125627232165	0.3012602925300598	0.3146849301288889	0.3012602925300598	0.1519125627232165	0.3854123491310469	0.3854123491310469	sub-20961	ses-1				space-ACPC			DSIStudio	autotrackgqi
ProjectionBrainstem_CorticopontineTractR	rd1	DSIStudio	/scratch/executivefunction/SLURM_8364170_111/job-8364170-111-sub-20961-ses-1/ds/inputs/data/qsiprep/qsiprep/sub-20961/ses-1/dwi/sub-20961_ses-1_space-ACPC_desc-preproc_dwi.nii.gz	0.0	0.7371121933942811	0.2626829538507506	0.7088152468204498	0.7371121933942811	0.7088152468204498	0.2626829538507506	0.6586260195117182	0.6586260195117182	sub-20961	ses-1				space-ACPC			DSIStudio	autotrackgqi
ProjectionBrainstem_CorticopontineTractR	rd2	DSIStudio	/scratch/executivefunction/SLURM_8364170_111/job-8364170-111-sub-20961-ses-1/ds/inputs/data/qsiprep/qsiprep/sub-20961/ses-1/dwi/sub-20961_ses-1_space-ACPC_desc-preproc_dwi.nii.gz	0.0	0.5215268432464293	0.2740574809070442	0.4620134383440017	0.5215268432464293	0.4620134383440017	0.2740574809070442	0.435718113482786	0.435718113482786	sub-20961	ses-1				space-ACPC			DSIStudio	autotrackgqi
ProjectionBrainstem_CorticopontineTractR	rd	DSIStudio	/scratch/executivefunction/SLURM_8364170_111/job-8364170-111-sub-20961-ses-1/ds/inputs/data/qsiprep/qsiprep/sub-20961/ses-1/dwi/sub-20961_ses-1_space-ACPC_desc-preproc_dwi.nii.gz	0.0	0.6293195174618582	0.2620120300548487	0.5854170620441437	0.6293195174618582	0.5854170620441437	0.2620120300548487	0.5471720658693561	0.5471720658693561	sub-20961	ses-1				space-ACPC			DSIStudio	autotrackgqi
ProjectionBrainstem_CorticopontineTractR	txx	DSIStudio	/scratch/executivefunction/SLURM_8364170_111/job-8364170-111-sub-20961-ses-1/ds/inputs/data/qsiprep/qsiprep/sub-20961/ses-1/dwi/sub-20961_ses-1_space-ACPC_desc-preproc_dwi.nii.gz	0.0	0.0007520528379611	0.0002752085694432	0.0007082208176143	0.0007520528379611	0.0007082208176143	0.0002752085694432	0.0007016629901752	0.0007016629901752	sub-20961	ses-1				space-ACPC			DSIStudio	autotrackgqi
ProjectionBrainstem_CorticopontineTractR	txy	DSIStudio	/scratch/executivefunction/SLURM_8364170_111/job-8364170-111-sub-20961-ses-1/ds/inputs/data/qsiprep/qsiprep/sub-20961/ses-1/dwi/sub-20961_ses-1_space-ACPC_desc-preproc_dwi.nii.gz	0.0	3.508439571207798e-05	0.0001344126159088	2.3463771867682223e-05	3.508439571207798e-05	2.3463771867682223e-05	0.0001344126159088	7.768178008600587e-05	7.768178008600587e-05	sub-20961	ses-1				space-ACPC			DSIStudio	autotrackgqi
ProjectionBrainstem_CorticopontineTractR	txz	DSIStudio	/scratch/executivefunction/SLURM_8364170_111/job-8364170-111-sub-20961-ses-1/ds/inputs/data/qsiprep/qsiprep/sub-20961/ses-1/dwi/sub-20961_ses-1_space-ACPC_desc-preproc_dwi.nii.gz	0.0	1.1876507045247942e-05	0.0001838815908165	1.5590702787449118e-05	1.1876507045247942e-05	1.5590702787449118e-05	0.0001838815908165	-5.265289841745957e-05	-5.265289841745957e-05	sub-20961	ses-1				space-ACPC			DSIStudio	autotrackgqi
ProjectionBrainstem_CorticopontineTractR	tyy	DSIStudio	/scratch/executivefunction/SLURM_8364170_111/job-8364170-111-sub-20961-ses-1/ds/inputs/data/qsiprep/qsiprep/sub-20961/ses-1/dwi/sub-20961_ses-1_space-ACPC_desc-preproc_dwi.nii.gz	0.0	0.0007791816023521	0.0003213664445451	0.0007401217299047	0.0007791816023521	0.0007401217299047	0.0003213664445451	0.000741377485938	0.000741377485938	sub-20961	ses-1				space-ACPC			DSIStudio	autotrackgqi
ProjectionBrainstem_CorticopontineTractR	tyz	DSIStudio	/scratch/executivefunction/SLURM_8364170_111/job-8364170-111-sub-20961-ses-1/ds/inputs/data/qsiprep/qsiprep/sub-20961/ses-1/dwi/sub-20961_ses-1_space-ACPC_desc-preproc_dwi.nii.gz	0.0	-4.3142422871700656e-05	0.0001965736025135	-3.924827615264803e-05	-4.3142422871700656e-05	-3.924827615264803e-05	0.0001965736025135	-0.0001410656207022	-0.0001410656207022	sub-20961	ses-1				space-ACPC			DSIStudio	autotrackgqi
ProjectionBrainstem_CorticopontineTractR	tzz	DSIStudio	/scratch/executivefunction/SLURM_8364170_111/job-8364170-111-sub-20961-ses-1/ds/inputs/data/qsiprep/qsiprep/sub-20961/ses-1/dwi/sub-20961_ses-1_space-ACPC_desc-preproc_dwi.nii.gz	0.0	0.0009393896214213	0.0002935791550037	0.0009169945260509	0.0009393896214213	0.0009169945260509	0.0002935791550037	0.000959806027998	0.000959806027998	sub-20961	ses-1				space-ACPC			DSIStudio	autotrackgqi
ProjectionBasalGanglia_CorticostriatalTractL	ad	DSIStudio	/scratch/executivefunction/SLURM_8364170_111/job-8364170-111-sub-20961-ses-1/ds/inputs/data/qsiprep/qsiprep/sub-20961/ses-1/dwi/sub-20961_ses-1_space-ACPC_desc-preproc_dwi.nii.gz	0.0031818181818181	1.1362743611362849	0.2830638706973361	1.0890071988105774	1.139901319881362	1.0899860262870789	0.2761277553630786	1.130765837554236	1.1310437904310882	sub-20961	ses-1				space-ACPC			DSIStudio	autotrackgqi
ProjectionBasalGanglia_CorticostriatalTractL	dti_fa	DSIStudio	/scratch/executivefunction/SLURM_8364170_111/job-8364170-111-sub-20961-ses-1/ds/inputs/data/qsiprep/qsiprep/sub-20961/ses-1/dwi/sub-20961_ses-1_space-ACPC_desc-preproc_dwi.nii.gz	0.0031818181818181	0.3270634496214827	0.1667300564172887	0.3275761306285858	0.3281074278008491	0.3282257616519928	0.1659671899325901	0.3955627761475545	0.3956600093220432	sub-20961	ses-1				space-ACPC			DSIStudio	autotrackgqi
ProjectionBasalGanglia_CorticostriatalTractL	gfa	DSIStudio	/scratch/executivefunction/SLURM_8364170_111/job-8364170-111-sub-20961-ses-1/ds/inputs/data/qsiprep/qsiprep/sub-20961/ses-1/dwi/sub-20961_ses-1_space-ACPC_desc-preproc_dwi.nii.gz	0.0031818181818181	0.0719748040848891	0.0356797441349852	0.0716995187103748	0.0722045458215942	0.0718861483037471	0.0355037923069431	0.0856942027185118	0.0857152671819355	sub-20961	ses-1				space-ACPC			DSIStudio	autotrackgqi
ProjectionBasalGanglia_CorticostriatalTractL	ha	DSIStudio	/scratch/executivefunction/SLURM_8364170_111/job-8364170-111-sub-20961-ses-1/ds/inputs/data/qsiprep/qsiprep/sub-20961/ses-1/dwi/sub-20961_ses-1_space-ACPC_desc-preproc_dwi.nii.gz	0.0031818181818181	2.1214055239200014	45.03362097121615	2.785917043685913	2.128176996180576	2.9861888885498047	45.10527704538717	10.549398675593118	10.55199184264016	sub-20961	ses-1				space-ACPC			DSIStudio	autotrackgqi
ProjectionBasalGanglia_CorticostriatalTractL	iso	DSIStudio	/scratch/executivefunction/SLURM_8364170_111/job-8364170-111-sub-20961-ses-1/ds/inputs/data/qsiprep/qsiprep/sub-20961/ses-1/dwi/sub-20961_ses-1_space-ACPC_desc-preproc_dwi.nii.gz	0.0031818181818181	0.7809501971583813	0.1694771668376192	0.7686812877655029	0.7834429702455262	0.7690275013446808	0.1638940085740975	0.7539436367740227	0.7541289631308861	sub-20961	ses-1				space-ACPC			DSIStudio	autotrackgqi
ProjectionBasalGanglia_CorticostriatalTractL	md	DSIStudio	/scratch/executivefunction/SLURM_8364170_111/job-8364170-111-sub-20961-ses-1/ds/inputs/data/qsiprep/qsiprep/sub-20961/ses-1/dwi/sub-20961_ses-1_space-ACPC_desc-preproc_dwi.nii.gz	0.0031818181818181	0.8414838083427061	0.2421472115523069	0.7874768972396851	0.8441698031709773	0.7876966595649719	0.2378129488236143	0.7778450121421985	0.7780362136317932	sub-20961	ses-1				space-ACPC			DSIStudio	autotrackgqi
ProjectionBasalGanglia_CorticostriatalTractL	qa	DSIStudio	/scratch/executivefunction/SLURM_8364170_111/job-8364170-111-sub-20961-ses-1/ds/inputs/data/qsiprep/qsiprep/sub-20961/ses-1/dwi/sub-20961_ses-1_space-ACPC_desc-preproc_dwi.nii.gz	0.0031818181818181	0.2465427196507737	0.1238606760604614	0.2420875579118728	0.2473296777162345	0.2425334304571151	0.1232712397949826	0.292259102881789	0.2923309429905661	sub-20961	ses-1				space-ACPC			DSIStudio	autotrackgqi
ProjectionBasalGanglia_CorticostriatalTractL	rd1	DSIStudio	/scratch/executivefunction/SLURM_8364170_111/job-8364170-111-sub-20961-ses-1/ds/inputs/data/qsiprep/qsiprep/sub-20961/ses-1/dwi/sub-20961_ses-1_space-ACPC_desc-preproc_dwi.nii.gz	0.0031818181818181	0.7940571997314692	0.2612584616481918	0.7519561350345612	0.7965918100361296	0.7524833977222443	0.2577882955638557	0.7112657694205154	0.7114406050343685	sub-20961	ses-1				space-ACPC			DSIStudio	autotrackgqi
ProjectionBasalGanglia_CorticostriatalTractL	rd2	DSIStudio	/scratch/executivefunction/SLURM_8364170_111/job-8364170-111-sub-20961-ses-1/ds/inputs/data/qsiprep/qsiprep/sub-20961/ses-1/dwi/sub-20961_ses-1_space-ACPC_desc-preproc_dwi.nii.gz	0.0031818181818181	0.5941198640353766	0.2798492303970175	0.5390907824039459	0.5960162794700541	0.5400112867355347	0.2782719508881988	0.4915034314650587	0.4916242474436326	sub-20961	ses-1				space-ACPC			DSIStudio	autotrackgqi
ProjectionBasalGanglia_CorticostriatalTractL	rd	DSIStudio	/scratch/executivefunction/SLURM_8364170_111/job-8364170-111-sub-20961-ses-1/ds/inputs/data/qsiprep/qsiprep/sub-20961/ses-1/dwi/sub-20961_ses-1_space-ACPC_desc-preproc_dwi.nii.gz	0.0031818181818181	0.6940885316264449	0.2637537559914777	0.6418693363666534	0.6963040444952935	0.6423284411430359	0.2612382557432685	0.6013845998927096	0.601532425688788	sub-20961	ses-1				space-ACPC			DSIStudio	autotrackgqi
ProjectionBasalGanglia_CorticostriatalTractL	txx	DSIStudio	/scratch/executivefunction/SLURM_8364170_111/job-8364170-111-sub-20961-ses-1/ds/inputs/data/qsiprep/qsiprep/sub-20961/ses-1/dwi/sub-20961_ses-1_space-ACPC_desc-preproc_dwi.nii.gz	0.0031818181818181	0.0007813843981134	0.0002840297441693	0.0007396621222142	0.0007838785571589	0.0007404117204714	0.0002810254145119	0.0006740428212892	0.0006742085071508	sub-20961	ses-1				space-ACPC			DSIStudio	autotrackgqi
ProjectionBasalGanglia_CorticostriatalTractL	txy	DSIStudio	/scratch/executivefunction/SLURM_8364170_111/job-8364170-111-sub-20961-ses-1/ds/inputs/data/qsiprep/qsiprep/sub-20961/ses-1/dwi/sub-20961_ses-1_space-ACPC_desc-preproc_dwi.nii.gz	0.0031818181818181	1.2588720519711414e-05	0.0001154513777323	1.0729023870226229e-05	1.2628903394147336e-05	1.107118350773817e-05	0.0001156332955861	9.445418206947176e-06	9.447739984636412e-06	sub-20961	ses-1				space-ACPC			DSIStudio	autotrackgqi
ProjectionBasalGanglia_CorticostriatalTractL	txz	DSIStudio	/scratch/executivefunction/SLURM_8364170_111/job-8364170-111-sub-20961-ses-1/ds/inputs/data/qsiprep/qsiprep/sub-20961/ses-1/dwi/sub-20961_ses-1_space-ACPC_desc-preproc_dwi.nii.gz	0.0031818181818181	-1.913487529013402e-05	0.0001415636217168	-1.0375893452874152e-05	-1.919595332343586e-05	-1.0755097719084006e-05	0.0001417852409014	-6.897328087717122e-06	-6.899023530744312e-06	sub-20961	ses-1				space-ACPC			DSIStudio	autotrackgqi
ProjectionBasalGanglia_CorticostriatalTractL	tyy	DSIStudio	/scratch/executivefunction/SLURM_8364170_111/job-8364170-111-sub-20961-ses-1/ds/inputs/data/qsiprep/qsiprep/sub-20961/ses-1/dwi/sub-20961_ses-1_space-ACPC_desc-preproc_dwi.nii.gz	0.0031818181818181	0.0008551515333039	0.0003098786168194	0.0008104988373816	0.0008578811551612	0.0008113521907944	0.0003065771918825	0.0007951382585108	0.0007953337108853	sub-20961	ses-1				space-ACPC			DSIStudio	autotrackgqi
ProjectionBasalGanglia_CorticostriatalTractL	tyz	DSIStudio	/scratch/executivefunction/SLURM_8364170_111/job-8364170-111-sub-20961-ses-1/ds/inputs/data/qsiprep/qsiprep/sub-20961/ses-1/dwi/sub-20961_ses-1_space-ACPC_desc-preproc_dwi.nii.gz	0.0031818181818181	1.8389335714844748e-05	0.0001430077094699	1.3601717000710778e-05	1.844803400486021e-05	1.3987997135700423e-05	0.0001432319860359	6.181336185326729e-05	6.182855633712252e-05	sub-20961	ses-1				space-ACPC			DSIStudio	autotrackgqi
ProjectionBasalGanglia_CorticostriatalTractL	tzz	DSIStudio	/scratch/executivefunction/SLURM_8364170_111/job-8364170-111-sub-20961-ses-1/ds/inputs/data/qsiprep/qsiprep/sub-20961/ses-1/dwi/sub-20961_ses-1_space-ACPC_desc-preproc_dwi.nii.gz	0.0031818181818181	0.0008879154947807	0.0002915777139487	0.0008601314330007	0.0008907496983664	0.0008610605145804	0.0002876879753717	0.0008643539594462	0.0008645664256796	sub-20961	ses-1				space-ACPC			DSIStudio	autotrackgqi
ProjectionBrainstem_NonDecussatingDentatorubrothalamicTractL	ad	DSIStudio	/scratch/executivefunction/SLURM_8364170_111/job-8364170-111-sub-20961-ses-1/ds/inputs/data/qsiprep/qsiprep/sub-20961/ses-1/dwi/sub-20961_ses-1_space-ACPC_desc-preproc_dwi.nii.gz	0.0	1.15635857295489	0.2750639549985442	1.1096978187561035	1.15635857295489	1.1096978187561035	0.2750639549985442	1.2617596817779266	1.2617596817779266	sub-20961	ses-1				space-ACPC			DSIStudio	autotrackgqi
ProjectionBrainstem_NonDecussatingDentatorubrothalamicTractL	dti_fa	DSIStudio	/scratch/executivefunction/SLURM_8364170_111/job-8364170-111-sub-20961-ses-1/ds/inputs/data/qsiprep/qsiprep/sub-20961/ses-1/dwi/sub-20961_ses-1_space-ACPC_desc-preproc_dwi.nii.gz	0.0	0.3949452205240683	0.183023762412229	0.3948370665311813	0.3949452205240683	0.3948370665311813	0.183023762412229	0.4743178202643017	0.4743178202643017	sub-20961	ses-1				space-ACPC			DSIStudio	autotrackgqi
ProjectionBrainstem_NonDecussatingDentatorubrothalamicTractL	gfa	DSIStudio	/scratch/executivefunction/SLURM_8364170_111/job-8364170-111-sub-20961-ses-1/ds/inputs/data/qsiprep/qsiprep/sub-20961/ses-1/dwi/sub-20961_ses-1_space-ACPC_desc-preproc_dwi.nii.gz	0.0	0.0839170266424782	0.0387770883857338	0.084164872765541	0.0839170266424782	0.084164872765541	0.0387770883857338	0.1027903415580173	0.1027903415580173	sub-20961	ses-1				space-ACPC			DSIStudio	autotrackgqi
ProjectionBrainstem_NonDecussatingDentatorubrothalamicTractL	ha	DSIStudio	/scratch/executivefunction/SLURM_8364170_111/job-8364170-111-sub-20961-ses-1/ds/inputs/data/qsiprep/qsiprep/sub-20961/ses-1/dwi/sub-20961_ses-1_space-ACPC_desc-preproc_dwi.nii.gz	0.0	-0.6061706026508747	56.68409977103715	-10.071143627166748	-0.6061706026508747	-10.071143627166748	56.68409977103715	-1.668201197433504	-1.668201197433504	sub-20961	ses-1				space-ACPC			DSIStudio	autotrackgqi
ProjectionBrainstem_NonDecussatingDentatorubrothalamicTractL	iso	DSIStudio	/scratch/executivefunction/SLURM_8364170_111/job-8364170-111-sub-20961-ses-1/ds/inputs/data/qsiprep/qsiprep/sub-20961/ses-1/dwi/sub-20961_ses-1_space-ACPC_desc-preproc_dwi.nii.gz	0.0	0.7947488203399162	0.1148427810269588	0.7870404422283173	0.7947488203399162	0.7870404422283173	0.1148427810269588	0.7676081077928842	0.7676081077928842	sub-20961	ses-1				space-ACPC			DSIStudio	autotrackgqi
ProjectionBrainstem_NonDecussatingDentatorubrothalamicTractL	md	DSIStudio	/scratch/executivefunction/SLURM_8364170_111/job-8364170-111-sub-20961-ses-1/ds/inputs/data/qsiprep/qsiprep/sub-20961/ses-1/dwi/sub-20961_ses-1_space-ACPC_desc-preproc_dwi.nii.gz	0.0	0.7968779334351022	0.2044823932818864	0.7580858469009399	0.7968779334351022	0.7580858469009399	0.2044823932818864	0.8015612379344572	0.8015612379344572	sub-20961	ses-1				space-ACPC			DSIStudio	autotrackgqi
ProjectionBrainstem_NonDecussatingDentatorubrothalamicTractL	qa	DSIStudio	/scratch/executivefunction/SLURM_8364170_111/job-8364170-111-sub-20961-ses-1/ds/inputs/data/qsiprep/qsiprep/sub-20961/ses-1/dwi/sub-20961_ses-1_space-ACPC_desc-preproc_dwi.nii.gz	0.0	0.2999711514991291	0.1488580198163026	0.2873073369264602	0.2999711514991291	0.2873073369264602	0.1488580198163026	0.3684556346124712	0.3684556346124712	sub-20961	ses-1				space-ACPC			DSIStudio	autotrackgqi
ProjectionBrainstem_NonDecussatingDentatorubrothalamicTractL	rd1	DSIStudio	/scratch/executivefunction/SLURM_8364170_111/job-8364170-111-sub-20961-ses-1/ds/inputs/data/qsiprep/qsiprep/sub-20961/ses-1/dwi/sub-20961_ses-1_space-ACPC_desc-preproc_dwi.nii.gz	0.0	0.7162775976616362	0.2361487676311734	0.6885436773300171	0.7162775976616362	0.6885436773300171	0.2361487676311734	0.6713547478399602	0.6713547478399602	sub-20961	ses-1				space-ACPC			DSIStudio	autotrackgqi
ProjectionBrainstem_NonDecussatingDentatorubrothalamicTractL	rd2	DSIStudio	/scratch/executivefunction/SLURM_8364170_111/job-8364170-111-sub-20961-ses-1/ds/inputs/data/qsiprep/qsiprep/sub-20961/ses-1/dwi/sub-20961_ses-1_space-ACPC_desc-preproc_dwi.nii.gz	0.0	0.5179976284239928	0.2460632114846349	0.4745131134986877	0.5179976284239928	0.4745131134986877	0.2460632114846349	0.4715692850657503	0.4715692850657503	sub-20961	ses-1				space-ACPC			DSIStudio	autotrackgqi
ProjectionBrainstem_NonDecussatingDentatorubrothalamicTractL	rd	DSIStudio	/scratch/executivefunction/SLURM_8364170_111/job-8364170-111-sub-20961-ses-1/ds/inputs/data/qsiprep/qsiprep/sub-20961/ses-1/dwi/sub-20961_ses-1_space-ACPC_desc-preproc_dwi.nii.gz	0.0	0.6171376127220128	0.2346025223934173	0.5824590027332306	0.6171376127220128	0.5824590027332306	0.2346025223934173	0.5714620129035375	0.5714620129035375	sub-20961	ses-1				space-ACPC			DSIStudio	autotrackgqi
ProjectionBrainstem_NonDecussatingDentatorubrothalamicTractL	txx	DSIStudio	/scratch/executivefunction/SLURM_8364170_111/job-8364170-111-sub-20961-ses-1/ds/inputs/data/qsiprep/qsiprep/sub-20961/ses-1/dwi/sub-20961_ses-1_space-ACPC_desc-preproc_dwi.nii.gz	0.0	0.000702882799313	0.0002419351221211	0.0006710378220304	0.000702882799313	0.0006710378220304	0.0002419351221211	0.0006450484252898	0.0006450484252898	sub-20961	ses-1				space-ACPC			DSIStudio	autotrackgqi
ProjectionBrainstem_NonDecussatingDentatorubrothalamicTractL	txy	DSIStudio	/scratch/executivefunction/SLURM_8364170_111/job-8364170-111-sub-20961-ses-1/ds/inputs/data/qsiprep/qsiprep/sub-20961/ses-1/dwi/sub-20961_ses-1_space-ACPC_desc-preproc_dwi.nii.gz	0.0	-3.781196850773543e-06	0.0001063557069044	-7.560088079117122e-06	-3.781196850773543e-06	-7.560088079117122e-06	0.0001063557069044	-4.164615905935612e-06	-4.164615905935612e-06	sub-20961	ses-1				space-ACPC			DSIStudio	autotrackgqi
ProjectionBrainstem_NonDecussatingDentatorubrothalamicTractL	txz	DSIStudio	/scratch/executivefunction/SLURM_8364170_111/job-8364170-111-sub-20961-ses-1/ds/inputs/data/qsiprep/qsiprep/sub-20961/ses-1/dwi/sub-20961_ses-1_space-ACPC_desc-preproc_dwi.nii.gz	0.0	-2.510945569870961e-05	0.0001711756228374	-2.333580778213218e-05	-2.510945569870961e-05	-2.333580778213218e-05	0.0001711756228374	1.969884723187752e-05	1.969884723187752e-05	sub-20961	ses-1				space-ACPC			DSIStudio	autotrackgqi
ProjectionBrainstem_NonDecussatingDentatorubrothalamicTractL	tyy	DSIStudio	/scratch/executivefunction/SLURM_8364170_111/job-8364170-111-sub-20961-ses-1/ds/inputs/data/qsiprep/qsiprep/sub-20961/ses-1/dwi/sub-20961_ses-1_space-ACPC_desc-preproc_dwi.nii.gz	0.0	0.0007236362060812	0.0002818921732282	0.0006937529833521	0.0007236362060812	0.0006937529833521	0.0002818921732282	0.0007421795226232	0.0007421795226232	sub-20961	ses-1				space-ACPC			DSIStudio	autotrackgqi
ProjectionBrainstem_NonDecussatingDentatorubrothalamicTractL	tyz	DSIStudio	/scratch/executivefunction/SLURM_8364170_111/job-8364170-111-sub-20961-ses-1/ds/inputs/data/qsiprep/qsiprep/sub-20961/ses-1/dwi/sub-20961_ses-1_space-ACPC_desc-preproc_dwi.nii.gz	0.0	-2.432816011080145e-05	0.0001729634386617	-1.859274016169365e-05	-2.432816011080145e-05	-1.859274016169365e-05	0.0001729634386617	-7.445898784614717e-05	-7.445898784614717e-05	sub-20961	ses-1				space-ACPC			DSIStudio	autotrackgqi
ProjectionBrainstem_NonDecussatingDentatorubrothalamicTractL	tzz	DSIStudio	/scratch/executivefunction/SLURM_8364170_111/job-8364170-111-sub-20961-ses-1/ds/inputs/data/qsiprep/qsiprep/sub-20961/ses-1/dwi/sub-20961_ses-1_space-ACPC_desc-preproc_dwi.nii.gz	0.0	0.0009641147939141	0.0002859647570663	0.0009458560089115	0.0009641147939141	0.0009458560089115	0.0002859647570663	0.0010174557650877	0.0010174557650877	sub-20961	ses-1				space-ACPC			DSIStudio	autotrackgqi
ProjectionBrainstem_DentatorubrothalamicTract-rl	ad	DSIStudio	/scratch/executivefunction/SLURM_8364170_111/job-8364170-111-sub-20961-ses-1/ds/inputs/data/qsiprep/qsiprep/sub-20961/ses-1/dwi/sub-20961_ses-1_space-ACPC_desc-preproc_dwi.nii.gz	0.0	1.226771603794106	0.2723066175825052	1.169711709022522	1.226771603794106	1.169711709022522	0.2723066175825052	1.275227787949769	1.275227787949769	sub-20961	ses-1				space-ACPC			DSIStudio	autotrackgqi
ProjectionBrainstem_DentatorubrothalamicTract-rl	dti_fa	DSIStudio	/scratch/executivefunction/SLURM_8364170_111/job-8364170-111-sub-20961-ses-1/ds/inputs/data/qsiprep/qsiprep/sub-20961/ses-1/dwi/sub-20961_ses-1_space-ACPC_desc-preproc_dwi.nii.gz	0.0	0.4562151146232251	0.1677254577801597	0.4548689872026443	0.4562151146232251	0.4548689872026443	0.1677254577801597	0.4919698991234444	0.4919698991234444	sub-20961	ses-1				space-ACPC			DSIStudio	autotrackgqi
ProjectionBrainstem_DentatorubrothalamicTract-rl	gfa	DSIStudio	/scratch/executivefunction/SLURM_8364170_111/job-8364170-111-sub-20961-ses-1/ds/inputs/data/qsiprep/qsiprep/sub-20961/ses-1/dwi/sub-20961_ses-1_space-ACPC_desc-preproc_dwi.nii.gz	0.0	0.0981775049132956	0.0345303741935466	0.095580831170082	0.0981775049132956	0.095580831170082	0.0345303741935466	0.1063557624785347	0.1063557624785347	sub-20961	ses-1				space-ACPC			DSIStudio	autotrackgqi
ProjectionBrainstem_DentatorubrothalamicTract-rl	ha	DSIStudio	/scratch/executivefunction/SLURM_8364170_111/job-8364170-111-sub-20961-ses-1/ds/inputs/data/qsiprep/qsiprep/sub-20961/ses-1/dwi/sub-20961_ses-1_space-ACPC_desc-preproc_dwi.nii.gz	0.0	26.85657051992192	40.47685320385135	38.95265769958496	26.85657051992192	38.95265769958496	40.47685320385135	23.192081186050927	23.192081186050927	sub-20961	ses-1				space-ACPC			DSIStudio	autotrackgqi
ProjectionBrainstem_DentatorubrothalamicTract-rl	iso	DSIStudio	/scratch/executivefunction/SLURM_8364170_111/job-8364170-111-sub-20961-ses-1/ds/inputs/data/qsiprep/qsiprep/sub-20961/ses-1/dwi/sub-20961_ses-1_space-ACPC_desc-preproc_dwi.nii.gz	0.0	0.733642899559774	0.1097756389630178	0.7252288162708282	0.733642899559774	0.7252288162708282	0.1097756389630178	0.7267770699459966	0.7267770699459966	sub-20961	ses-1				space-ACPC			DSIStudio	autotrackgqi
ProjectionBrainstem_DentatorubrothalamicTract-rl	md	DSIStudio	/scratch/executivefunction/SLURM_8364170_111/job-8364170-111-sub-20961-ses-1/ds/inputs/data/qsiprep/qsiprep/sub-20961/ses-1/dwi/sub-20961_ses-1_space-ACPC_desc-preproc_dwi.nii.gz	0.0	0.8053224790959452	0.2162560749311222	0.7601383328437805	0.8053224790959452	0.7601383328437805	0.2162560749311222	0.8067229248157473	0.8067229248157473	sub-20961	ses-1				space-ACPC			DSIStudio	autotrackgqi
ProjectionBrainstem_DentatorubrothalamicTract-rl	qa	DSIStudio	/scratch/executivefunction/SLURM_8364170_111/job-8364170-111-sub-20961-ses-1/ds/inputs/data/qsiprep/qsiprep/sub-20961/ses-1/dwi/sub-20961_ses-1_space-ACPC_desc-preproc_dwi.nii.gz	0.0	0.3324020026936399	0.1285046023263403	0.3176350742578506	0.3324020026936399	0.3176350742578506	0.1285046023263403	0.3617866575198917	0.3617866575198917	sub-20961	ses-1				space-ACPC			DSIStudio	autotrackgqi
ProjectionBrainstem_DentatorubrothalamicTract-rl	rd1	DSIStudio	/scratch/executivefunction/SLURM_8364170_111/job-8364170-111-sub-20961-ses-1/ds/inputs/data/qsiprep/qsiprep/sub-20961/ses-1/dwi/sub-20961_ses-1_space-ACPC_desc-preproc_dwi.nii.gz	0.0	0.713724583406528	0.2535861350483688	0.6872938573360443	0.713724583406528	0.6872938573360443	0.2535861350483688	0.6886854029841949	0.6886854029841949	sub-20961	ses-1				space-ACPC			DSIStudio	autotrackgqi
ProjectionBrainstem_DentatorubrothalamicTract-rl	rd2	DSIStudio	/scratch/executivefunction/SLURM_8364170_111/job-8364170-111-sub-20961-ses-1/ds/inputs/data/qsiprep/qsiprep/sub-20961/ses-1/dwi/sub-20961_ses-1_space-ACPC_desc-preproc_dwi.nii.gz	0.0	0.475471249831826	0.2535617024779681	0.4208950847387314	0.475471249831826	0.4208950847387314	0.2535617024779681	0.4562555790819077	0.4562555790819077	sub-20961	ses-1				space-ACPC			DSIStudio	autotrackgqi
ProjectionBrainstem_DentatorubrothalamicTract-rl	rd	DSIStudio	/scratch/executivefunction/SLURM_8364170_111/job-8364170-111-sub-20961-ses-1/ds/inputs/data/qsiprep/qsiprep/sub-20961/ses-1/dwi/sub-20961_ses-1_space-ACPC_desc-preproc_dwi.nii.gz	0.0	0.5945979156104437	0.2465498367668742	0.5564901232719421	0.5945979156104437	0.5564901232719421	0.2465498367668742	0.5724704907132377	0.5724704907132377	sub-20961	ses-1				space-ACPC			DSIStudio	autotrackgqi
ProjectionBrainstem_DentatorubrothalamicTract-rl	txx	DSIStudio	/scratch/executivefunction/SLURM_8364170_111/job-8364170-111-sub-20961-ses-1/ds/inputs/data/qsiprep/qsiprep/sub-20961/ses-1/dwi/sub-20961_ses-1_space-ACPC_desc-preproc_dwi.nii.gz	0.0	0.0007185806345672	0.0002630650380137	0.000684187747538	0.0007185806345672	0.000684187747538	0.0002630650380137	0.0006829526325504	0.0006829526325504	sub-20961	ses-1				space-ACPC			DSIStudio	autotrackgqi
ProjectionBrainstem_DentatorubrothalamicTract-rl	txy	DSIStudio	/scratch/executivefunction/SLURM_8364170_111/job-8364170-111-sub-20961-ses-1/ds/inputs/data/qsiprep/qsiprep/sub-20961/ses-1/dwi/sub-20961_ses-1_space-ACPC_desc-preproc_dwi.nii.gz	0.0	3.22135484623463e-05	0.0001560978665764	3.90786931347975e-06	3.22135484623463e-05	3.90786931347975e-06	0.0001560978665764	4.971486012156458e-05	4.971486012156458e-05	sub-20961	ses-1				space-ACPC			DSIStudio	autotrackgqi
ProjectionBrainstem_DentatorubrothalamicTract-rl	txz	DSIStudio	/scratch/executivefunction/SLURM_8364170_111/job-8364170-111-sub-20961-ses-1/ds/inputs/data/qsiprep/qsiprep/sub-20961/ses-1/dwi/sub-20961_ses-1_space-ACPC_desc-preproc_dwi.nii.gz	0.0	2.210619430831977e-05	0.0001896647207808	4.572862280838308e-06	2.210619430831977e-05	4.572862280838308e-06	0.0001896647207808	-1.2071515432993275e-05	-1.2071515432993275e-05	sub-20961	ses-1				space-ACPC			DSIStudio	autotrackgqi
ProjectionBrainstem_DentatorubrothalamicTract-rl	tyy	DSIStudio	/scratch/executivefunction/SLURM_8364170_111/job-8364170-111-sub-20961-ses-1/ds/inputs/data/qsiprep/qsiprep/sub-20961/ses-1/dwi/sub-20961_ses-1_space-ACPC_desc-preproc_dwi.nii.gz	0.0	0.0007885914445446	0.0003176795127236	0.0007434120925609	0.0007885914445446	0.0007434120925609	0.0003176795127236	0.0008338670770065	0.0008338670770065	sub-20961	ses-1				space-ACPC			DSIStudio	autotrackgqi
ProjectionBrainstem_DentatorubrothalamicTract-rl	tyz	DSIStudio	/scratch/executivefunction/SLURM_8364170_111/job-8364170-111-sub-20961-ses-1/ds/inputs/data/qsiprep/qsiprep/sub-20961/ses-1/dwi/sub-20961_ses-1_space-ACPC_desc-preproc_dwi.nii.gz	0.0	-0.0001517160073142	0.0001678804692072	-0.0001398616150254	-0.0001517160073142	-0.0001398616150254	0.0001678804692072	-0.0002065132317613	-0.0002065132317613	sub-20961	ses-1				space-ACPC			DSIStudio	autotrackgqi
ProjectionBrainstem_DentatorubrothalamicTract-rl	tzz	DSIStudio	/scratch/executivefunction/SLURM_8364170_111/job-8364170-111-sub-20961-ses-1/ds/inputs/data/qsiprep/qsiprep/sub-20961/ses-1/dwi/sub-20961_ses-1_space-ACPC_desc-preproc_dwi.nii.gz	0.0	0.0009087953590474	0.0002877377993134	0.0009010900103021	0.0009087953590474	0.0009010900103021	0.0002877377993134	0.0009033490659907	0.0009033490659907	sub-20961	ses-1				space-ACPC			DSIStudio	autotrackgqi
ProjectionBrainstem_MedialLemniscusL	ad	DSIStudio	/scratch/executivefunction/SLURM_8364170_111/job-8364170-111-sub-20961-ses-1/ds/inputs/data/qsiprep/qsiprep/sub-20961/ses-1/dwi/sub-20961_ses-1_space-ACPC_desc-preproc_dwi.nii.gz	0.0	1.2596186457104113	0.4106684827455863	1.1707031726837158	1.2596186457104113	1.1707031726837158	0.4106684827455863	1.3042419717021234	1.3042419717021234	sub-20961	ses-1				space-ACPC			DSIStudio	autotrackgqi
ProjectionBrainstem_MedialLemniscusL	dti_fa	DSIStudio	/scratch/executivefunction/SLURM_8364170_111/job-8364170-111-sub-20961-ses-1/ds/inputs/data/qsiprep/qsiprep/sub-20961/ses-1/dwi/sub-20961_ses-1_space-ACPC_desc-preproc_dwi.nii.gz	0.0	0.4029561436677478	0.1752866902413441	0.4048174768686294	0.4029561436677478	0.4048174768686294	0.1752866902413441	0.4624626611016359	0.4624626611016359	sub-20961	ses-1				space-ACPC			DSIStudio	autotrackgqi
ProjectionBrainstem_MedialLemniscusL	gfa	DSIStudio	/scratch/executivefunction/SLURM_8364170_111/job-8364170-111-sub-20961-ses-1/ds/inputs/data/qsiprep/qsiprep/sub-20961/ses-1/dwi/sub-20961_ses-1_space-ACPC_desc-preproc_dwi.nii.gz	0.0	0.0881922470639804	0.0352503524895631	0.088569801300764	0.0881922470639804	0.088569801300764	0.0352503524895631	0.1020116396838957	0.1020116396838957	sub-20961	ses-1				space-ACPC			DSIStudio	autotrackgqi
ProjectionBrainstem_MedialLemniscusL	ha	DSIStudio	/scratch/executivefunction/SLURM_8364170_111/job-8364170-111-sub-20961-ses-1/ds/inputs/data/qsiprep/qsiprep/sub-20961/ses-1/dwi/sub-20961_ses-1_space-ACPC_desc-preproc_dwi.nii.gz	0.0	12.81119128754224	58.30358423998462	38.57477951049805	12.81119128754224	38.57477951049805	58.30358423998462	13.959902056924497	13.959902056924497	sub-20961	ses-1				space-ACPC			DSIStudio	autotrackgqi
ProjectionBrainstem_MedialLemniscusL	iso	DSIStudio	/scratch/executivefunction/SLURM_8364170_111/job-8364170-111-sub-20961-ses-1/ds/inputs/data/qsiprep/qsiprep/sub-20961/ses-1/dwi/sub-20961_ses-1_space-ACPC_desc-preproc_dwi.nii.gz	0.0	0.7420824291848213	0.1126037197522364	0.755827784538269	0.7420824291848213	0.755827784538269	0.1126037197522364	0.7391978328384765	0.7391978328384765	sub-20961	ses-1				space-ACPC			DSIStudio	autotrackgqi
ProjectionBrainstem_MedialLemniscusL	md	DSIStudio	/scratch/executivefunction/SLURM_8364170_111/job-8364170-111-sub-20961-ses-1/ds/inputs/data/qsiprep/qsiprep/sub-20961/ses-1/dwi/sub-20961_ses-1_space-ACPC_desc-preproc_dwi.nii.gz	0.0	0.8672426217407011	0.3492007270813592	0.7823420464992523	0.8672426217407011	0.7823420464992523	0.3492007270813592	0.8446163689173042	0.8446163689173042	sub-20961	ses-1				space-ACPC			DSIStudio	autotrackgqi
ProjectionBrainstem_MedialLemniscusL	qa	DSIStudio	/scratch/executivefunction/SLURM_8364170_111/job-8364170-111-sub-20961-ses-1/ds/inputs/data/qsiprep/qsiprep/sub-20961/ses-1/dwi/sub-20961_ses-1_space-ACPC_desc-preproc_dwi.nii.gz	0.0	0.2991686575734636	0.1403090574740014	0.2908551543951034	0.2991686575734636	0.2908551543951034	0.1403090574740014	0.3468886584818241	0.3468886584818241	sub-20961	ses-1				space-ACPC			DSIStudio	autotrackgqi
ProjectionBrainstem_MedialLemniscusL	rd1	DSIStudio	/scratch/executivefunction/SLURM_8364170_111/job-8364170-111-sub-20961-ses-1/ds/inputs/data/qsiprep/qsiprep/sub-20961/ses-1/dwi/sub-20961_ses-1_space-ACPC_desc-preproc_dwi.nii.gz	0.0	0.7707514167240381	0.3727533118367798	0.7002020180225372	0.7707514167240381	0.7002020180225372	0.3727533118367798	0.7154525246534741	0.7154525246534741	sub-20961	ses-1				space-ACPC			DSIStudio	autotrackgqi
ProjectionBrainstem_MedialLemniscusL	rd2	DSIStudio	/scratch/executivefunction/SLURM_8364170_111/job-8364170-111-sub-20961-ses-1/ds/inputs/data/qsiprep/qsiprep/sub-20961/ses-1/dwi/sub-20961_ses-1_space-ACPC_desc-preproc_dwi.nii.gz	0.0	0.5713578012036036	0.350948738748022	0.5007598698139191	0.5713578012036036	0.5007598698139191	0.350948738748022	0.5141546129372454	0.5141546129372454	sub-20961	ses-1				space-ACPC			DSIStudio	autotrackgqi
ProjectionBrainstem_MedialLemniscusL	rd	DSIStudio	/scratch/executivefunction/SLURM_8364170_111/job-8364170-111-sub-20961-ses-1/ds/inputs/data/qsiprep/qsiprep/sub-20961/ses-1/dwi/sub-20961_ses-1_space-ACPC_desc-preproc_dwi.nii.gz	0.0	0.6710546092657531	0.3571607962246252	0.6005617380142212	0.6710546092657531	0.6005617380142212	0.3571607962246252	0.614803566505593	0.614803566505593	sub-20961	ses-1				space-ACPC			DSIStudio	autotrackgqi
ProjectionBrainstem_MedialLemniscusL	txx	DSIStudio	/scratch/executivefunction/SLURM_8364170_111/job-8364170-111-sub-20961-ses-1/ds/inputs/data/qsiprep/qsiprep/sub-20961/ses-1/dwi/sub-20961_ses-1_space-ACPC_desc-preproc_dwi.nii.gz	0.0	0.000755251393989	0.0003798133412836	0.0006838872795924	0.000755251393989	0.0006838872795924	0.0003798133412836	0.0007031897783681	0.0007031897783681	sub-20961	ses-1				space-ACPC			DSIStudio	autotrackgqi
ProjectionBrainstem_MedialLemniscusL	txy	DSIStudio	/scratch/executivefunction/SLURM_8364170_111/job-8364170-111-sub-20961-ses-1/ds/inputs/data/qsiprep/qsiprep/sub-20961/ses-1/dwi/sub-20961_ses-1_space-ACPC_desc-preproc_dwi.nii.gz	0.0	-7.165817434009464e-06	9.545998984939523e-05	-7.169142918428406e-06	-7.165817434009464e-06	-7.169142918428406e-06	9.545998984939523e-05	-3.661616677628399e-05	-3.661616677628399e-05	sub-20961	ses-1				space-ACPC			DSIStudio	autotrackgqi
ProjectionBrainstem_MedialLemniscusL	txz	DSIStudio	/scratch/executivefunction/SLURM_8364170_111/job-8364170-111-sub-20961-ses-1/ds/inputs/data/qsiprep/qsiprep/sub-20961/ses-1/dwi/sub-20961_ses-1_space-ACPC_desc-preproc_dwi.nii.gz	0.0	3.704908577860113e-05	0.000146743116101	1.9386315216252115e-05	3.704908577860113e-05	1.9386315216252115e-05	0.000146743116101	6.659829909361355e-05	6.659829909361355e-05	sub-20961	ses-1				space-ACPC			DSIStudio	autotrackgqi
ProjectionBrainstem_MedialLemniscusL	tyy	DSIStudio	/scratch/executivefunction/SLURM_8364170_111/job-8364170-111-sub-20961-ses-1/ds/inputs/data/qsiprep/qsiprep/sub-20961/ses-1/dwi/sub-20961_ses-1_space-ACPC_desc-preproc_dwi.nii.gz	0.0	0.0007639593431568	0.0004123462065318	0.0006961864419281	0.0007639593431568	0.0006961864419281	0.0004123462065318	0.0007174030524524	0.0007174030524524	sub-20961	ses-1				space-ACPC			DSIStudio	autotrackgqi
ProjectionBrainstem_MedialLemniscusL	tyz	DSIStudio	/scratch/executivefunction/SLURM_8364170_111/job-8364170-111-sub-20961-ses-1/ds/inputs/data/qsiprep/qsiprep/sub-20961/ses-1/dwi/sub-20961_ses-1_space-ACPC_desc-preproc_dwi.nii.gz	0.0	5.880989658394861e-05	0.0001854108043643	4.92205836053472e-05	5.880989658394861e-05	4.92205836053472e-05	0.0001854108043643	5.430431813306103e-05	5.430431813306103e-05	sub-20961	ses-1				space-ACPC			DSIStudio	autotrackgqi
ProjectionBrainstem_MedialLemniscusL	tzz	DSIStudio	/scratch/executivefunction/SLURM_8364170_111/job-8364170-111-sub-20961-ses-1/ds/inputs/data/qsiprep/qsiprep/sub-20961/ses-1/dwi/sub-20961_ses-1_space-ACPC_desc-preproc_dwi.nii.gz	0.0	0.0010825171247815	0.000397396542415	0.0010194062488153	0.0010825171247815	0.0010194062488153	0.000397396542415	0.0011132562725252	0.0011132562725252	sub-20961	ses-1				space-ACPC			DSIStudio	autotrackgqi
ProjectionBasalGanglia_FasciculusLenticularisR	ad	DSIStudio	/scratch/executivefunction/SLURM_8364170_111/job-8364170-111-sub-20961-ses-1/ds/inputs/data/qsiprep/qsiprep/sub-20961/ses-1/dwi/sub-20961_ses-1_space-ACPC_desc-preproc_dwi.nii.gz	0.0	1.2518478591717406	0.3433898901971398	1.1459403038024902	1.2518478591717406	1.1459403038024902	0.3433898901971398	1.2900524962500484	1.2900524962500484	sub-20961	ses-1				space-ACPC			DSIStudio	autotrackgqi
ProjectionBasalGanglia_FasciculusLenticularisR	dti_fa	DSIStudio	/scratch/executivefunction/SLURM_8364170_111/job-8364170-111-sub-20961-ses-1/ds/inputs/data/qsiprep/qsiprep/sub-20961/ses-1/dwi/sub-20961_ses-1_space-ACPC_desc-preproc_dwi.nii.gz	0.0	0.3555513574926422	0.1258871598887013	0.3400506973266601	0.3555513574926422	0.3400506973266601	0.1258871598887013	0.3932795478197229	0.3932795478197229	sub-20961	ses-1				space-ACPC			DSIStudio	autotrackgqi
ProjectionBasalGanglia_FasciculusLenticularisR	gfa	DSIStudio	/scratch/executivefunction/SLURM_8364170_111/job-8364170-111-sub-20961-ses-1/ds/inputs/data/qsiprep/qsiprep/sub-20961/ses-1/dwi/sub-20961_ses-1_space-ACPC_desc-preproc_dwi.nii.gz	0.0	0.0763616516277161	0.0257626553574197	0.0712406113743782	0.0763616516277161	0.0712406113743782	0.0257626553574197	0.0836419271678731	0.0836419271678731	sub-20961	ses-1				space-ACPC			DSIStudio	autotrackgqi
ProjectionBasalGanglia_FasciculusLenticularisR	ha	DSIStudio	/scratch/executivefunction/SLURM_8364170_111/job-8364170-111-sub-20961-ses-1/ds/inputs/data/qsiprep/qsiprep/sub-20961/ses-1/dwi/sub-20961_ses-1_space-ACPC_desc-preproc_dwi.nii.gz	0.0	8.362169934318995	43.36542975829309	8.108990669250488	8.362169934318995	8.108990669250488	43.36542975829309	-2.612641951413127	-2.612641951413127	sub-20961	ses-1				space-ACPC			DSIStudio	autotrackgqi
ProjectionBasalGanglia_FasciculusLenticularisR	iso	DSIStudio	/scratch/executivefunction/SLURM_8364170_111/job-8364170-111-sub-20961-ses-1/ds/inputs/data/qsiprep/qsiprep/sub-20961/ses-1/dwi/sub-20961_ses-1_space-ACPC_desc-preproc_dwi.nii.gz	0.0	0.6325250304991903	0.1007173628937474	0.6562753319740295	0.6325250304991903	0.6562753319740295	0.1007173628937474	0.6755416722068006	0.6755416722068006	sub-20961	ses-1				space-ACPC			DSIStudio	autotrackgqi
ProjectionBasalGanglia_FasciculusLenticularisR	md	DSIStudio	/scratch/executivefunction/SLURM_8364170_111/job-8364170-111-sub-20961-ses-1/ds/inputs/data/qsiprep/qsiprep/sub-20961/ses-1/dwi/sub-20961_ses-1_space-ACPC_desc-preproc_dwi.nii.gz	0.0	0.8993586129092962	0.2848309412951211	0.813571035861969	0.8993586129092962	0.813571035861969	0.2848309412951211	0.8910383107615816	0.8910383107615816	sub-20961	ses-1				space-ACPC			DSIStudio	autotrackgqi
ProjectionBasalGanglia_FasciculusLenticularisR	qa	DSIStudio	/scratch/executivefunction/SLURM_8364170_111/job-8364170-111-sub-20961-ses-1/ds/inputs/data/qsiprep/qsiprep/sub-20961/ses-1/dwi/sub-20961_ses-1_space-ACPC_desc-preproc_dwi.nii.gz	0.0	0.2171255030663184	0.0808315926081298	0.2024901360273361	0.2171255030663184	0.2024901360273361	0.0808315926081298	0.2554903610112197	0.2554903610112197	sub-20961	ses-1				space-ACPC			DSIStudio	autotrackgqi
ProjectionBasalGanglia_FasciculusLenticularisR	rd1	DSIStudio	/scratch/executivefunction/SLURM_8364170_111/job-8364170-111-sub-20961-ses-1/ds/inputs/data/qsiprep/qsiprep/sub-20961/ses-1/dwi/sub-20961_ses-1_space-ACPC_desc-preproc_dwi.nii.gz	0.0	0.8208944086545433	0.2966392611898784	0.742728590965271	0.8208944086545433	0.742728590965271	0.2966392611898784	0.7883017727024559	0.7883017727024559	sub-20961	ses-1				space-ACPC			DSIStudio	autotrackgqi
ProjectionBasalGanglia_FasciculusLenticularisR	rd2	DSIStudio	/scratch/executivefunction/SLURM_8364170_111/job-8364170-111-sub-20961-ses-1/ds/inputs/data/qsiprep/qsiprep/sub-20961/ses-1/dwi/sub-20961_ses-1_space-ACPC_desc-preproc_dwi.nii.gz	0.0	0.6253335711288556	0.2750668003169328	0.5529642701148987	0.6253335711288556	0.5529642701148987	0.2750668003169328	0.5947606801756585	0.5947606801756585	sub-20961	ses-1				space-ACPC			DSIStudio	autotrackgqi
ProjectionBasalGanglia_FasciculusLenticularisR	rd	DSIStudio	/scratch/executivefunction/SLURM_8364170_111/job-8364170-111-sub-20961-ses-1/ds/inputs/data/qsiprep/qsiprep/sub-20961/ses-1/dwi/sub-20961_ses-1_space-ACPC_desc-preproc_dwi.nii.gz	0.0	0.7231139912065078	0.2822790757221846	0.6477941870689392	0.7231139912065078	0.6477941870689392	0.2822790757221846	0.6915312261131814	0.6915312261131814	sub-20961	ses-1				space-ACPC			DSIStudio	autotrackgqi
ProjectionBasalGanglia_FasciculusLenticularisR	txx	DSIStudio	/scratch/executivefunction/SLURM_8364170_111/job-8364170-111-sub-20961-ses-1/ds/inputs/data/qsiprep/qsiprep/sub-20961/ses-1/dwi/sub-20961_ses-1_space-ACPC_desc-preproc_dwi.nii.gz	0.0	0.000821548099069	0.0003204291930895	0.000708783394657	0.000821548099069	0.000708783394657	0.0003204291930895	0.0007083653437869	0.0007083653437869	sub-20961	ses-1				space-ACPC			DSIStudio	autotrackgqi
ProjectionBasalGanglia_FasciculusLenticularisR	txy	DSIStudio	/scratch/executivefunction/SLURM_8364170_111/job-8364170-111-sub-20961-ses-1/ds/inputs/data/qsiprep/qsiprep/sub-20961/ses-1/dwi/sub-20961_ses-1_space-ACPC_desc-preproc_dwi.nii.gz	0.0	7.232322654737189e-06	0.0001355333006101	3.2544081477681175e-05	7.232322654737189e-06	3.2544081477681175e-05	0.0001355333006101	2.1736781803258213e-05	2.1736781803258213e-05	sub-20961	ses-1				space-ACPC			DSIStudio	autotrackgqi
ProjectionBasalGanglia_FasciculusLenticularisR	txz	DSIStudio	/scratch/executivefunction/SLURM_8364170_111/job-8364170-111-sub-20961-ses-1/ds/inputs/data/qsiprep/qsiprep/sub-20961/ses-1/dwi/sub-20961_ses-1_space-ACPC_desc-preproc_dwi.nii.gz	0.0	-1.674340563843329e-06	0.0001090724753223	-5.833997420268133e-06	-1.674340563843329e-06	-5.833997420268133e-06	0.0001090724753223	-2.78143291655044e-05	-2.78143291655044e-05	sub-20961	ses-1				space-ACPC			DSIStudio	autotrackgqi
ProjectionBasalGanglia_FasciculusLenticularisR	tyy	DSIStudio	/scratch/executivefunction/SLURM_8364170_111/job-8364170-111-sub-20961-ses-1/ds/inputs/data/qsiprep/qsiprep/sub-20961/ses-1/dwi/sub-20961_ses-1_space-ACPC_desc-preproc_dwi.nii.gz	0.0	0.0009498747974539	0.0003336434953743	0.0009090081439353	0.0009498747974539	0.0009090081439353	0.0003336434953743	0.0009329608486889	0.0009329608486889	sub-20961	ses-1				space-ACPC			DSIStudio	autotrackgqi
ProjectionBasalGanglia_FasciculusLenticularisR	tyz	DSIStudio	/scratch/executivefunction/SLURM_8364170_111/job-8364170-111-sub-20961-ses-1/ds/inputs/data/qsiprep/qsiprep/sub-20961/ses-1/dwi/sub-20961_ses-1_space-ACPC_desc-preproc_dwi.nii.gz	0.0	2.853006184610605e-05	0.0001358223870588	8.54613881529076e-06	2.853006184610605e-05	8.54613881529076e-06	0.0001358223870588	8.015067115776608e-05	8.015067115776608e-05	sub-20961	ses-1				space-ACPC			DSIStudio	autotrackgqi
ProjectionBasalGanglia_FasciculusLenticularisR	tzz	DSIStudio	/scratch/executivefunction/SLURM_8364170_111/job-8364170-111-sub-20961-ses-1/ds/inputs/data/qsiprep/qsiprep/sub-20961/ses-1/dwi/sub-20961_ses-1_space-ACPC_desc-preproc_dwi.nii.gz	0.0	0.0009266529435166	0.0004056578597889	0.0008011849131435	0.0009266529435166	0.0008011849131435	0.0004056578597889	0.0010317887494996	0.0010317887494996	sub-20961	ses-1				space-ACPC			DSIStudio	autotrackgqi
ProjectionBrainstem_CorticospinalTractL	ad	DSIStudio	/scratch/executivefunction/SLURM_8364170_111/job-8364170-111-sub-20961-ses-1/ds/inputs/data/qsiprep/qsiprep/sub-20961/ses-1/dwi/sub-20961_ses-1_space-ACPC_desc-preproc_dwi.nii.gz	0.0	1.2539742423393314	0.3088523664780503	1.183737576007843	1.2539742423393314	1.183737576007843	0.3088523664780503	1.2975550598115215	1.2975550598115215	sub-20961	ses-1				space-ACPC			DSIStudio	autotrackgqi
ProjectionBrainstem_CorticospinalTractL	dti_fa	DSIStudio	/scratch/executivefunction/SLURM_8364170_111/job-8364170-111-sub-20961-ses-1/ds/inputs/data/qsiprep/qsiprep/sub-20961/ses-1/dwi/sub-20961_ses-1_space-ACPC_desc-preproc_dwi.nii.gz	0.0	0.4532379882819042	0.2086180997478105	0.4541133046150207	0.4532379882819042	0.4541133046150207	0.2086180997478105	0.5589737883555421	0.5589737883555421	sub-20961	ses-1				space-ACPC			DSIStudio	autotrackgqi
ProjectionBrainstem_CorticospinalTractL	gfa	DSIStudio	/scratch/executivefunction/SLURM_8364170_111/job-8364170-111-sub-20961-ses-1/ds/inputs/data/qsiprep/qsiprep/sub-20961/ses-1/dwi/sub-20961_ses-1_space-ACPC_desc-preproc_dwi.nii.gz	0.0	0.0969382328280541	0.0429843518356362	0.0950092114508152	0.0969382328280541	0.0950092114508152	0.0429843518356362	0.1169459981120194	0.1169459981120194	sub-20961	ses-1				space-ACPC			DSIStudio	autotrackgqi
ProjectionBrainstem_CorticospinalTractL	ha	DSIStudio	/scratch/executivefunction/SLURM_8364170_111/job-8364170-111-sub-20961-ses-1/ds/inputs/data/qsiprep/qsiprep/sub-20961/ses-1/dwi/sub-20961_ses-1_space-ACPC_desc-preproc_dwi.nii.gz	0.0	8.094453738249783	62.66687505867928	26.8060884475708	8.094453738249783	26.8060884475708	62.66687505867928	7.793545436032669	7.793545436032669	sub-20961	ses-1				space-ACPC			DSIStudio	autotrackgqi
ProjectionBrainstem_CorticospinalTractL	iso	DSIStudio	/scratch/executivefunction/SLURM_8364170_111/job-8364170-111-sub-20961-ses-1/ds/inputs/data/qsiprep/qsiprep/sub-20961/ses-1/dwi/sub-20961_ses-1_space-ACPC_desc-preproc_dwi.nii.gz	0.0	0.7969842521534998	0.1011993241543419	0.8060121834278107	0.7969842521534998	0.8060121834278107	0.1011993241543419	0.8201389082487152	0.8201389082487152	sub-20961	ses-1				space-ACPC			DSIStudio	autotrackgqi
ProjectionBrainstem_CorticospinalTractL	md	DSIStudio	/scratch/executivefunction/SLURM_8364170_111/job-8364170-111-sub-20961-ses-1/ds/inputs/data/qsiprep/qsiprep/sub-20961/ses-1/dwi/sub-20961_ses-1_space-ACPC_desc-preproc_dwi.nii.gz	0.0	0.8137242688006333	0.2281516102919176	0.7580276727676392	0.8137242688006333	0.7580276727676392	0.2281516102919176	0.7496997811203322	0.7496997811203322	sub-20961	ses-1				space-ACPC			DSIStudio	autotrackgqi
ProjectionBrainstem_CorticospinalTractL	qa	DSIStudio	/scratch/executivefunction/SLURM_8364170_111/job-8364170-111-sub-20961-ses-1/ds/inputs/data/qsiprep/qsiprep/sub-20961/ses-1/dwi/sub-20961_ses-1_space-ACPC_desc-preproc_dwi.nii.gz	0.0	0.3606108185614944	0.1804986520594957	0.3394507020711899	0.3606108185614944	0.3394507020711899	0.1804986520594957	0.4548709759256671	0.4548709759256671	sub-20961	ses-1				space-ACPC			DSIStudio	autotrackgqi
ProjectionBrainstem_CorticospinalTractL	rd1	DSIStudio	/scratch/executivefunction/SLURM_8364170_111/job-8364170-111-sub-20961-ses-1/ds/inputs/data/qsiprep/qsiprep/sub-20961/ses-1/dwi/sub-20961_ses-1_space-ACPC_desc-preproc_dwi.nii.gz	0.0	0.693335346632646	0.2697320392296432	0.6611281931400299	0.693335346632646	0.6611281931400299	0.2697320392296432	0.5870256581317225	0.5870256581317225	sub-20961	ses-1				space-ACPC			DSIStudio	autotrackgqi
ProjectionBrainstem_CorticospinalTractL	rd2	DSIStudio	/scratch/executivefunction/SLURM_8364170_111/job-8364170-111-sub-20961-ses-1/ds/inputs/data/qsiprep/qsiprep/sub-20961/ses-1/dwi/sub-20961_ses-1_space-ACPC_desc-preproc_dwi.nii.gz	0.0	0.4938632122161087	0.2854068686016757	0.4461939930915832	0.4938632122161087	0.4461939930915832	0.2854068686016757	0.3645186166118089	0.3645186166118089	sub-20961	ses-1				space-ACPC			DSIStudio	autotrackgqi
ProjectionBrainstem_CorticospinalTractL	rd	DSIStudio	/scratch/executivefunction/SLURM_8364170_111/job-8364170-111-sub-20961-ses-1/ds/inputs/data/qsiprep/qsiprep/sub-20961/ses-1/dwi/sub-20961_ses-1_space-ACPC_desc-preproc_dwi.nii.gz	0.0	0.593599279973091	0.2726809388485997	0.5575318038463593	0.593599279973091	0.5575318038463593	0.2726809388485997	0.4757721374650776	0.4757721374650776	sub-20961	ses-1				space-ACPC			DSIStudio	autotrackgqi
ProjectionBrainstem_CorticospinalTractL	txx	DSIStudio	/scratch/executivefunction/SLURM_8364170_111/job-8364170-111-sub-20961-ses-1/ds/inputs/data/qsiprep/qsiprep/sub-20961/ses-1/dwi/sub-20961_ses-1_space-ACPC_desc-preproc_dwi.nii.gz	0.0	0.0007021769025632	0.0002712283118636	0.0006608765688724	0.0007021769025632	0.0006608765688724	0.0002712283118636	0.0006199568928834	0.0006199568928834	sub-20961	ses-1				space-ACPC			DSIStudio	autotrackgqi
ProjectionBrainstem_CorticospinalTractL	txy	DSIStudio	/scratch/executivefunction/SLURM_8364170_111/job-8364170-111-sub-20961-ses-1/ds/inputs/data/qsiprep/qsiprep/sub-20961/ses-1/dwi/sub-20961_ses-1_space-ACPC_desc-preproc_dwi.nii.gz	0.0	-1.269369824218717e-05	0.0001161927162775	-2.4708903083592304e-06	-1.269369824218717e-05	-2.4708903083592304e-06	0.0001161927162775	-4.564584089084097e-05	-4.564584089084097e-05	sub-20961	ses-1				space-ACPC			DSIStudio	autotrackgqi
ProjectionBrainstem_CorticospinalTractL	txz	DSIStudio	/scratch/executivefunction/SLURM_8364170_111/job-8364170-111-sub-20961-ses-1/ds/inputs/data/qsiprep/qsiprep/sub-20961/ses-1/dwi/sub-20961_ses-1_space-ACPC_desc-preproc_dwi.nii.gz	0.0	6.468758187195806e-05	0.000185740667781	2.5459004973527044e-05	6.468758187195806e-05	2.5459004973527044e-05	0.000185740667781	0.0001411265940351	0.0001411265940351	sub-20961	ses-1				space-ACPC			DSIStudio	autotrackgqi
ProjectionBrainstem_CorticospinalTractL	tyy	DSIStudio	/scratch/executivefunction/SLURM_8364170_111/job-8364170-111-sub-20961-ses-1/ds/inputs/data/qsiprep/qsiprep/sub-20961/ses-1/dwi/sub-20961_ses-1_space-ACPC_desc-preproc_dwi.nii.gz	0.0	0.0006382312185856	0.0003132316424969	0.0005896904331166	0.0006382312185856	0.0005896904331166	0.0003132316424969	0.000509177691595	0.000509177691595	sub-20961	ses-1				space-ACPC			DSIStudio	autotrackgqi
ProjectionBrainstem_CorticospinalTractL	tyz	DSIStudio	/scratch/executivefunction/SLURM_8364170_111/job-8364170-111-sub-20961-ses-1/ds/inputs/data/qsiprep/qsiprep/sub-20961/ses-1/dwi/sub-20961_ses-1_space-ACPC_desc-preproc_dwi.nii.gz	0.0	-7.962646902411495e-06	0.0001891126303243	-1.991949375224067e-06	-7.962646902411495e-06	-1.991949375224067e-06	0.0001891126303243	-6.131732195633008e-06	-6.131732195633008e-06	sub-20961	ses-1				space-ACPC			DSIStudio	autotrackgqi
ProjectionBrainstem_CorticospinalTractL	tzz	DSIStudio	/scratch/executivefunction/SLURM_8364170_111/job-8364170-111-sub-20961-ses-1/ds/inputs/data/qsiprep/qsiprep/sub-20961/ses-1/dwi/sub-20961_ses-1_space-ACPC_desc-preproc_dwi.nii.gz	0.0	0.0011007646826945	0.0002942266000154	0.0010748677887022	0.0011007646826945	0.0010748677887022	0.0002942266000154	0.0011199647521555	0.0011199647521555	sub-20961	ses-1				space-ACPC			DSIStudio	autotrackgqi
Commissure_AnteriorCommissure	ad	DSIStudio	/scratch/executivefunction/SLURM_8364170_111/job-8364170-111-sub-20961-ses-1/ds/inputs/data/qsiprep/qsiprep/sub-20961/ses-1/dwi/sub-20961_ses-1_space-ACPC_desc-preproc_dwi.nii.gz	0.0045558086560364	1.3088028349474514	0.351005020783075	1.230271577835083	1.3147927792721537	1.2304675579071045	0.3404303954845669	1.322185217149308	1.3227446891818293	sub-20961	ses-1				space-ACPC			DSIStudio	autotrackgqi
Commissure_AnteriorCommissure	dti_fa	DSIStudio	/scratch/executivefunction/SLURM_8364170_111/job-8364170-111-sub-20961-ses-1/ds/inputs/data/qsiprep/qsiprep/sub-20961/ses-1/dwi/sub-20961_ses-1_space-ACPC_desc-preproc_dwi.nii.gz	0.0045558086560364	0.3587085866541145	0.1486670320599372	0.3572365641593933	0.3603502735495567	0.3575448393821716	0.147008356558132	0.3726280043715228	0.3727856784314727	sub-20961	ses-1				space-ACPC			DSIStudio	autotrackgqi
Commissure_AnteriorCommissure	gfa	DSIStudio	/scratch/executivefunction/SLURM_8364170_111/job-8364170-111-sub-20961-ses-1/ds/inputs/data/qsiprep/qsiprep/sub-20961/ses-1/dwi/sub-20961_ses-1_space-ACPC_desc-preproc_dwi.nii.gz	0.0045558086560364	0.0841960717641784	0.0316929494331357	0.0860017165541648	0.0845814084770579	0.0864452719688415	0.0312481633891236	0.0871374635603719	0.0871743350175551	sub-20961	ses-1				space-ACPC			DSIStudio	autotrackgqi
Commissure_AnteriorCommissure	ha	DSIStudio	/scratch/executivefunction/SLURM_8364170_111/job-8364170-111-sub-20961-ses-1/ds/inputs/data/qsiprep/qsiprep/sub-20961/ses-1/dwi/sub-20961_ses-1_space-ACPC_desc-preproc_dwi.nii.gz	0.0045558086560364	-1.802283158911931	30.11820555036154	-2.915902853012085	-1.8105315944218252	-3.0131590366363525	30.186799893221256	-0.8010923656978681	-0.8014312763996343	sub-20961	ses-1				space-ACPC			DSIStudio	autotrackgqi
Commissure_AnteriorCommissure	iso	DSIStudio	/scratch/executivefunction/SLURM_8364170_111/job-8364170-111-sub-20961-ses-1/ds/inputs/data/qsiprep/qsiprep/sub-20961/ses-1/dwi/sub-20961_ses-1_space-ACPC_desc-preproc_dwi.nii.gz	0.0045558086560364	0.7383228189445574	0.3914084911754499	0.6725863218307495	0.7417018707475073	0.674217939376831	0.3890957528209087	0.647039513452004	0.6473133028884057	sub-20961	ses-1				space-ACPC			DSIStudio	autotrackgqi
Commissure_AnteriorCommissure	md	DSIStudio	/scratch/executivefunction/SLURM_8364170_111/job-8364170-111-sub-20961-ses-1/ds/inputs/data/qsiprep/qsiprep/sub-20961/ses-1/dwi/sub-20961_ses-1_space-ACPC_desc-preproc_dwi.nii.gz	0.0045558086560364	0.9372949274362898	0.2753071157532601	0.8600861430168152	0.9415846067380578	0.8601360321044922	0.2685177746774461	0.9384958831383676	0.9388930004428666	sub-20961	ses-1				space-ACPC			DSIStudio	autotrackgqi
Commissure_AnteriorCommissure	qa	DSIStudio	/scratch/executivefunction/SLURM_8364170_111/job-8364170-111-sub-20961-ses-1/ds/inputs/data/qsiprep/qsiprep/sub-20961/ses-1/dwi/sub-20961_ses-1_space-ACPC_desc-preproc_dwi.nii.gz	0.0045558086560364	0.262073642410898	0.1027563512960394	0.2618822455406189	0.2632730641152957	0.2622729241847992	0.10144661966688	0.2528253008809304	0.2529322817970962	sub-20961	ses-1				space-ACPC			DSIStudio	autotrackgqi
Commissure_AnteriorCommissure	rd1	DSIStudio	/scratch/executivefunction/SLURM_8364170_111/job-8364170-111-sub-20961-ses-1/ds/inputs/data/qsiprep/qsiprep/sub-20961/ses-1/dwi/sub-20961_ses-1_space-ACPC_desc-preproc_dwi.nii.gz	0.0045558086560364	0.8551055723822469	0.2839512239391661	0.8161522150039673	0.8590190990293053	0.8163429498672485	0.2786314979844565	0.8435770873217158	0.8439340406691513	sub-20961	ses-1				space-ACPC			DSIStudio	autotrackgqi
Commissure_AnteriorCommissure	rd2	DSIStudio	/scratch/executivefunction/SLURM_8364170_111/job-8364170-111-sub-20961-ses-1/ds/inputs/data/qsiprep/qsiprep/sub-20961/ses-1/dwi/sub-20961_ses-1_space-ACPC_desc-preproc_dwi.nii.gz	0.0045558086560364	0.6479763649573766	0.2857344201724356	0.5786418914794922	0.6509419318450533	0.5798153281211853	0.2829971810991581	0.649725331892956	0.6500002584209741	sub-20961	ses-1				space-ACPC			DSIStudio	autotrackgqi
Commissure_AnteriorCommissure	rd	DSIStudio	/scratch/executivefunction/SLURM_8364170_111/job-8364170-111-sub-20961-ses-1/ds/inputs/data/qsiprep/qsiprep/sub-20961/ses-1/dwi/sub-20961_ses-1_space-ACPC_desc-preproc_dwi.nii.gz	0.0045558086560364	0.7515409687249699	0.2785298634044891	0.6930687427520752	0.7549805154925898	0.6948495507240295	0.2744761303298152	0.7466512096152151	0.7469671495529453	sub-20961	ses-1				space-ACPC			DSIStudio	autotrackgqi
Commissure_AnteriorCommissure	txx	DSIStudio	/scratch/executivefunction/SLURM_8364170_111/job-8364170-111-sub-20961-ses-1/ds/inputs/data/qsiprep/qsiprep/sub-20961/ses-1/dwi/sub-20961_ses-1_space-ACPC_desc-preproc_dwi.nii.gz	0.0045558086560364	0.0009682110544842	0.0003710669680398	0.0008758904295973	0.0009726422263583	0.0008775856695137	0.0003660750104229	0.0010309872867627	0.0010314235403	sub-20961	ses-1				space-ACPC			DSIStudio	autotrackgqi
Commissure_AnteriorCommissure	txy	DSIStudio	/scratch/executivefunction/SLURM_8364170_111/job-8364170-111-sub-20961-ses-1/ds/inputs/data/qsiprep/qsiprep/sub-20961/ses-1/dwi/sub-20961_ses-1_space-ACPC_desc-preproc_dwi.nii.gz	0.0045558086560364	5.2226317187040174e-05	0.0001841267932475	4.9385511374566704e-05	5.246533923366279e-05	4.94211126351729e-05	0.0001845136759358	4.510317715846729e-05	4.5122261997914926e-05	sub-20961	ses-1				space-ACPC			DSIStudio	autotrackgqi
Commissure_AnteriorCommissure	txz	DSIStudio	/scratch/executivefunction/SLURM_8364170_111/job-8364170-111-sub-20961-ses-1/ds/inputs/data/qsiprep/qsiprep/sub-20961/ses-1/dwi/sub-20961_ses-1_space-ACPC_desc-preproc_dwi.nii.gz	0.0045558086560364	4.019977711531737e-05	0.000157114854914	4.50960906164255e-05	4.038375778861401e-05	4.802158582606353e-05	0.0001574503826206	4.354604839709991e-05	4.356447504638308e-05	sub-20961	ses-1				space-ACPC			DSIStudio	autotrackgqi
Commissure_AnteriorCommissure	tyy	DSIStudio	/scratch/executivefunction/SLURM_8364170_111/job-8364170-111-sub-20961-ses-1/ds/inputs/data/qsiprep/qsiprep/sub-20961/ses-1/dwi/sub-20961_ses-1_space-ACPC_desc-preproc_dwi.nii.gz	0.0045558086560364	0.0009922363474733	0.0003111708776918	0.0009596003219485	0.0009967774749217	0.000960192119237	0.0003045389419748	0.000936612094605	0.0009370084153714	sub-20961	ses-1				space-ACPC			DSIStudio	autotrackgqi
Commissure_AnteriorCommissure	tyz	DSIStudio	/scratch/executivefunction/SLURM_8364170_111/job-8364170-111-sub-20961-ses-1/ds/inputs/data/qsiprep/qsiprep/sub-20961/ses-1/dwi/sub-20961_ses-1_space-ACPC_desc-preproc_dwi.nii.gz	0.0045558086560364	6.04917558558128e-05	0.0001432895446398	3.668314457172528e-05	6.076860599702933e-05	4.003106005256996e-05	0.0001435584803568	4.771177537315087e-05	4.7731964263164176e-05	sub-20961	ses-1				space-ACPC			DSIStudio	autotrackgqi
Commissure_AnteriorCommissure	tzz	DSIStudio	/scratch/executivefunction/SLURM_8364170_111/job-8364170-111-sub-20961-ses-1/ds/inputs/data/qsiprep/qsiprep/sub-20961/ses-1/dwi/sub-20961_ses-1_space-ACPC_desc-preproc_dwi.nii.gz	0.0045558086560364	0.0008514373767619	0.0003063437816206	0.0008074083016254	0.0008553341153283	0.0008083372958935	0.0003015675755003	0.0008478882608597	0.0008482470384665	sub-20961	ses-1				space-ACPC			DSIStudio	autotrackgqi
Commissure_CorpusCallosum	ad	DSIStudio	/scratch/executivefunction/SLURM_8364170_111/job-8364170-111-sub-20961-ses-1/ds/inputs/data/qsiprep/qsiprep/sub-20961/ses-1/dwi/sub-20961_ses-1_space-ACPC_desc-preproc_dwi.nii.gz	0.0004005206768799	1.277207107278419	0.423364756536339	1.1525698900222778	1.2777188601011291	1.1526963114738464	0.4226767772421583	1.4641458593616865	1.46421725018098	sub-20961	ses-1				space-ACPC			DSIStudio	autotrackgqi
Commissure_CorpusCallosum	dti_fa	DSIStudio	/scratch/executivefunction/SLURM_8364170_111/job-8364170-111-sub-20961-ses-1/ds/inputs/data/qsiprep/qsiprep/sub-20961/ses-1/dwi/sub-20961_ses-1_space-ACPC_desc-preproc_dwi.nii.gz	0.0004005206768799	0.3527487187808684	0.2079495724601709	0.3303739428520202	0.3528900585459814	0.3304438591003418	0.2078712917975632	0.5037305954324547	0.503755156935914	sub-20961	ses-1				space-ACPC			DSIStudio	autotrackgqi
Commissure_CorpusCallosum	gfa	DSIStudio	/scratch/executivefunction/SLURM_8364170_111/job-8364170-111-sub-20961-ses-1/ds/inputs/data/qsiprep/qsiprep/sub-20961/ses-1/dwi/sub-20961_ses-1_space-ACPC_desc-preproc_dwi.nii.gz	0.0004005206768799	0.0818968583270576	0.0479817498038485	0.0766382403671741	0.0819296728550861	0.0766605660319328	0.0479633432760199	0.1195864990408947	0.1195923299884769	sub-20961	ses-1				space-ACPC			DSIStudio	autotrackgqi
Commissure_CorpusCallosum	ha	DSIStudio	/scratch/executivefunction/SLURM_8364170_111/job-8364170-111-sub-20961-ses-1/ds/inputs/data/qsiprep/qsiprep/sub-20961/ses-1/dwi/sub-20961_ses-1_space-ACPC_desc-preproc_dwi.nii.gz	0.0004005206768799	-0.4388394247313534	41.40600889064593	-0.0898184590041637	-0.4390152594202171	-0.1273051276803016	41.4143024316899	0.1451947848316317	0.1452018810249202	sub-20961	ses-1				space-ACPC			DSIStudio	autotrackgqi
Commissure_CorpusCallosum	iso	DSIStudio	/scratch/executivefunction/SLURM_8364170_111/job-8364170-111-sub-20961-ses-1/ds/inputs/data/qsiprep/qsiprep/sub-20961/ses-1/dwi/sub-20961_ses-1_space-ACPC_desc-preproc_dwi.nii.gz	0.0004005206768799	0.7461501579488125	0.1615660119408351	0.7331747710704803	0.7464491262581178	0.733202189207077	0.16090640382642	0.7130408420479795	0.7130756094206456	sub-20961	ses-1				space-ACPC			DSIStudio	autotrackgqi
Commissure_CorpusCallosum	md	DSIStudio	/scratch/executivefunction/SLURM_8364170_111/job-8364170-111-sub-20961-ses-1/ds/inputs/data/qsiprep/qsiprep/sub-20961/ses-1/dwi/sub-20961_ses-1_space-ACPC_desc-preproc_dwi.nii.gz	0.0004005206768799	0.9164783684103186	0.337377759620993	0.8174131512641907	0.9168455840242264	0.8174599707126617	0.3369461080141976	0.9007484119174328	0.900792331914208	sub-20961	ses-1				space-ACPC			DSIStudio	autotrackgqi
Commissure_CorpusCallosum	qa	DSIStudio	/scratch/executivefunction/SLURM_8364170_111/job-8364170-111-sub-20961-ses-1/ds/inputs/data/qsiprep/qsiprep/sub-20961/ses-1/dwi/sub-20961_ses-1_space-ACPC_desc-preproc_dwi.nii.gz	0.0004005206768799	0.2699286516630533	0.1608818512396308	0.2457990124821663	0.2700368069877705	0.2458792328834533	0.1608233035295568	0.399144511108521	0.3991639730845939	sub-20961	ses-1				space-ACPC			DSIStudio	autotrackgqi
Commissure_CorpusCallosum	rd1	DSIStudio	/scratch/executivefunction/SLURM_8364170_111/job-8364170-111-sub-20961-ses-1/ds/inputs/data/qsiprep/qsiprep/sub-20961/ses-1/dwi/sub-20961_ses-1_space-ACPC_desc-preproc_dwi.nii.gz	0.0004005206768799	0.8312743154275222	0.3682931782014981	0.775077760219574	0.8316073913828171	0.775115042924881	0.3679907947512601	0.720486082217018	0.720521212781666	sub-20961	ses-1				space-ACPC			DSIStudio	autotrackgqi
Commissure_CorpusCallosum	rd2	DSIStudio	/scratch/executivefunction/SLURM_8364170_111/job-8364170-111-sub-20961-ses-1/ds/inputs/data/qsiprep/qsiprep/sub-20961/ses-1/dwi/sub-20961_ses-1_space-ACPC_desc-preproc_dwi.nii.gz	0.0004005206768799	0.6409536831256749	0.368224987823658	0.5654674768447876	0.6412105011896339	0.5656145811080933	0.3680751219966589	0.5176132972315598	0.5176385358380925	sub-20961	ses-1				space-ACPC			DSIStudio	autotrackgqi
Commissure_CorpusCallosum	rd	DSIStudio	/scratch/executivefunction/SLURM_8364170_111/job-8364170-111-sub-20961-ses-1/ds/inputs/data/qsiprep/qsiprep/sub-20961/ses-1/dwi/sub-20961_ses-1_space-ACPC_desc-preproc_dwi.nii.gz	0.0004005206768799	0.736113998877373	0.3631229932141223	0.6678751409053802	0.7364089458868401	0.6679797470569611	0.3628965964625006	0.6190496897046166	0.619079874290206	sub-20961	ses-1				space-ACPC			DSIStudio	autotrackgqi
Commissure_CorpusCallosum	txx	DSIStudio	/scratch/executivefunction/SLURM_8364170_111/job-8364170-111-sub-20961-ses-1/ds/inputs/data/qsiprep/qsiprep/sub-20961/ses-1/dwi/sub-20961_ses-1_space-ACPC_desc-preproc_dwi.nii.gz	0.0004005206768799	0.0009381081274143	0.000434546178853	0.0008285869553219	0.0009384840096651	0.0008287171658594	0.0004342272249063	0.0010109636220481	0.0010110129160419	sub-20961	ses-1				space-ACPC			DSIStudio	autotrackgqi
Commissure_CorpusCallosum	txy	DSIStudio	/scratch/executivefunction/SLURM_8364170_111/job-8364170-111-sub-20961-ses-1/ds/inputs/data/qsiprep/qsiprep/sub-20961/ses-1/dwi/sub-20961_ses-1_space-ACPC_desc-preproc_dwi.nii.gz	0.0004005206768799	1.183054705471614e-05	0.0001684851366529	1.0882382412091827e-05	1.1835287332009423e-05	1.0914066479017492e-05	0.0001685187212244	2.5491821203123755e-05	2.549306415325613e-05	sub-20961	ses-1				space-ACPC			DSIStudio	autotrackgqi
Commissure_CorpusCallosum	txz	DSIStudio	/scratch/executivefunction/SLURM_8364170_111/job-8364170-111-sub-20961-ses-1/ds/inputs/data/qsiprep/qsiprep/sub-20961/ses-1/dwi/sub-20961_ses-1_space-ACPC_desc-preproc_dwi.nii.gz	0.0004005206768799	-6.939113644911948e-06	0.0001958380991609	-2.7886758289241698e-06	-6.941894017002466e-06	-2.883869115066773e-06	0.0001958772802815	-1.0144059076726897e-05	-1.0144553583921714e-05	sub-20961	ses-1				space-ACPC			DSIStudio	autotrackgqi
Commissure_CorpusCallosum	tyy	DSIStudio	/scratch/executivefunction/SLURM_8364170_111/job-8364170-111-sub-20961-ses-1/ds/inputs/data/qsiprep/qsiprep/sub-20961/ses-1/dwi/sub-20961_ses-1_space-ACPC_desc-preproc_dwi.nii.gz	0.0004005206768799	0.0008929345132481	0.0004083373969336	0.0008150684006977	0.0008932922952829	0.0008151624351739	0.0004080277382082	0.0008108882774909	0.000810927815949	sub-20961	ses-1				space-ACPC			DSIStudio	autotrackgqi
Commissure_CorpusCallosum	tyz	DSIStudio	/scratch/executivefunction/SLURM_8364170_111/job-8364170-111-sub-20961-ses-1/ds/inputs/data/qsiprep/qsiprep/sub-20961/ses-1/dwi/sub-20961_ses-1_space-ACPC_desc-preproc_dwi.nii.gz	0.0004005206768799	1.6721515910478714e-05	0.0001407716162583	3.494310135465639e-06	1.6728215906836714e-05	3.550820451891923e-06	0.0001407994176921	5.5094323909269725e-05	5.50970102552845e-05	sub-20961	ses-1				space-ACPC			DSIStudio	autotrackgqi
Commissure_CorpusCallosum	tzz	DSIStudio	/scratch/executivefunction/SLURM_8364170_111/job-8364170-111-sub-20961-ses-1/ds/inputs/data/qsiprep/qsiprep/sub-20961/ses-1/dwi/sub-20961_ses-1_space-ACPC_desc-preproc_dwi.nii.gz	0.0004005206768799	0.0009183924650038	0.000364858945866	0.0008646756468806	0.0009187604475601	0.0008647639187984	0.0003644685199816	0.0008803933386603	0.0008804362661989	sub-20961	ses-1				space-ACPC			DSIStudio	autotrackgqi
Cerebellum_SuperiorCerebellarPeduncle	ad	DSIStudio	/scratch/executivefunction/SLURM_8364170_111/job-8364170-111-sub-20961-ses-1/ds/inputs/data/qsiprep/qsiprep/sub-20961/ses-1/dwi/sub-20961_ses-1_space-ACPC_desc-preproc_dwi.nii.gz	0.0	1.407684328281393	0.6757717286987509	1.140347957611084	1.407684328281393	1.140347957611084	0.6757717286987509	1.618902169617824	1.618902169617824	sub-20961	ses-1				space-ACPC			DSIStudio	autotrackgqi
Cerebellum_SuperiorCerebellarPeduncle	dti_fa	DSIStudio	/scratch/executivefunction/SLURM_8364170_111/job-8364170-111-sub-20961-ses-1/ds/inputs/data/qsiprep/qsiprep/sub-20961/ses-1/dwi/sub-20961_ses-1_space-ACPC_desc-preproc_dwi.nii.gz	0.0	0.3271597437136771	0.1518343382666508	0.3057973086833954	0.3271597437136771	0.3057973086833954	0.1518343382666508	0.3827600102190187	0.3827600102190187	sub-20961	ses-1				space-ACPC			DSIStudio	autotrackgqi
Cerebellum_SuperiorCerebellarPeduncle	gfa	DSIStudio	/scratch/executivefunction/SLURM_8364170_111/job-8364170-111-sub-20961-ses-1/ds/inputs/data/qsiprep/qsiprep/sub-20961/ses-1/dwi/sub-20961_ses-1_space-ACPC_desc-preproc_dwi.nii.gz	0.0	0.0759369610867985	0.0355181497643426	0.0696021765470504	0.0759369610867985	0.0696021765470504	0.0355181497643426	0.0973319854027254	0.0973319854027254	sub-20961	ses-1				space-ACPC			DSIStudio	autotrackgqi
Cerebellum_SuperiorCerebellarPeduncle	ha	DSIStudio	/scratch/executivefunction/SLURM_8364170_111/job-8364170-111-sub-20961-ses-1/ds/inputs/data/qsiprep/qsiprep/sub-20961/ses-1/dwi/sub-20961_ses-1_space-ACPC_desc-preproc_dwi.nii.gz	0.0	-1.5232189167459096	43.28450937453083	-5.483616352081299	-1.5232189167459096	-5.483616352081299	43.28450937453083	0.1049395471680796	0.1049395471680796	sub-20961	ses-1				space-ACPC			DSIStudio	autotrackgqi
Cerebellum_SuperiorCerebellarPeduncle	iso	DSIStudio	/scratch/executivefunction/SLURM_8364170_111/job-8364170-111-sub-20961-ses-1/ds/inputs/data/qsiprep/qsiprep/sub-20961/ses-1/dwi/sub-20961_ses-1_space-ACPC_desc-preproc_dwi.nii.gz	0.0	0.7041359532015037	0.1815336956713418	0.7093501687049866	0.7041359532015037	0.7093501687049866	0.1815336956713418	0.6847582569978425	0.6847582569978425	sub-20961	ses-1				space-ACPC			DSIStudio	autotrackgqi
Cerebellum_SuperiorCerebellarPeduncle	md	DSIStudio	/scratch/executivefunction/SLURM_8364170_111/job-8364170-111-sub-20961-ses-1/ds/inputs/data/qsiprep/qsiprep/sub-20961/ses-1/dwi/sub-20961_ses-1_space-ACPC_desc-preproc_dwi.nii.gz	0.0	1.055853410785747	0.5857902884263224	0.8037939071655273	1.055853410785747	0.8037939071655273	0.5857902884263224	1.1435630374546355	1.1435630374546355	sub-20961	ses-1				space-ACPC			DSIStudio	autotrackgqi
Cerebellum_SuperiorCerebellarPeduncle	qa	DSIStudio	/scratch/executivefunction/SLURM_8364170_111/job-8364170-111-sub-20961-ses-1/ds/inputs/data/qsiprep/qsiprep/sub-20961/ses-1/dwi/sub-20961_ses-1_space-ACPC_desc-preproc_dwi.nii.gz	0.0	0.239349474108641	0.1369764123246946	0.2038034349679947	0.239349474108641	0.2038034349679947	0.1369764123246946	0.3156967899022402	0.3156967899022402	sub-20961	ses-1				space-ACPC			DSIStudio	autotrackgqi
Cerebellum_SuperiorCerebellarPeduncle	rd1	DSIStudio	/scratch/executivefunction/SLURM_8364170_111/job-8364170-111-sub-20961-ses-1/ds/inputs/data/qsiprep/qsiprep/sub-20961/ses-1/dwi/sub-20961_ses-1_space-ACPC_desc-preproc_dwi.nii.gz	0.0	0.9858984369670238	0.5864261425357967	0.766843855381012	0.9858984369670238	0.766843855381012	0.5864261425357967	1.0112010410291086	1.0112010410291086	sub-20961	ses-1				space-ACPC			DSIStudio	autotrackgqi
Cerebellum_SuperiorCerebellarPeduncle	rd2	DSIStudio	/scratch/executivefunction/SLURM_8364170_111/job-8364170-111-sub-20961-ses-1/ds/inputs/data/qsiprep/qsiprep/sub-20961/ses-1/dwi/sub-20961_ses-1_space-ACPC_desc-preproc_dwi.nii.gz	0.0	0.7739774693394232	0.5488956462376203	0.574812114238739	0.7739774693394232	0.574812114238739	0.5488956462376203	0.8005859098150114	0.8005859098150114	sub-20961	ses-1				space-ACPC			DSIStudio	autotrackgqi
Cerebellum_SuperiorCerebellarPeduncle	rd	DSIStudio	/scratch/executivefunction/SLURM_8364170_111/job-8364170-111-sub-20961-ses-1/ds/inputs/data/qsiprep/qsiprep/sub-20961/ses-1/dwi/sub-20961_ses-1_space-ACPC_desc-preproc_dwi.nii.gz	0.0	0.8799379539160403	0.5642503790194376	0.6594877243041992	0.8799379539160403	0.6594877243041992	0.5642503790194376	0.9058934773137616	0.9058934773137616	sub-20961	ses-1				space-ACPC			DSIStudio	autotrackgqi
Cerebellum_SuperiorCerebellarPeduncle	txx	DSIStudio	/scratch/executivefunction/SLURM_8364170_111/job-8364170-111-sub-20961-ses-1/ds/inputs/data/qsiprep/qsiprep/sub-20961/ses-1/dwi/sub-20961_ses-1_space-ACPC_desc-preproc_dwi.nii.gz	0.0	0.0009128674943099	0.0005703203429595	0.0007360937888734	0.0009128674943099	0.0007360937888734	0.0005703203429595	0.0009174886911118	0.0009174886911118	sub-20961	ses-1				space-ACPC			DSIStudio	autotrackgqi
Cerebellum_SuperiorCerebellarPeduncle	txy	DSIStudio	/scratch/executivefunction/SLURM_8364170_111/job-8364170-111-sub-20961-ses-1/ds/inputs/data/qsiprep/qsiprep/sub-20961/ses-1/dwi/sub-20961_ses-1_space-ACPC_desc-preproc_dwi.nii.gz	0.0	-1.4636658459331215e-05	0.0001104380078018	-1.3783415852230974e-05	-1.4636658459331215e-05	-1.3783415852230974e-05	0.0001104380078018	-1.7428487525284327e-05	-1.7428487525284327e-05	sub-20961	ses-1				space-ACPC			DSIStudio	autotrackgqi
Cerebellum_SuperiorCerebellarPeduncle	txz	DSIStudio	/scratch/executivefunction/SLURM_8364170_111/job-8364170-111-sub-20961-ses-1/ds/inputs/data/qsiprep/qsiprep/sub-20961/ses-1/dwi/sub-20961_ses-1_space-ACPC_desc-preproc_dwi.nii.gz	0.0	5.262922252486168e-06	0.0001134419770393	8.463059202767909e-06	5.262922252486168e-06	8.463059202767909e-06	0.0001134419770393	9.725357535482997e-06	9.725357535482997e-06	sub-20961	ses-1				space-ACPC			DSIStudio	autotrackgqi
Cerebellum_SuperiorCerebellarPeduncle	tyy	DSIStudio	/scratch/executivefunction/SLURM_8364170_111/job-8364170-111-sub-20961-ses-1/ds/inputs/data/qsiprep/qsiprep/sub-20961/ses-1/dwi/sub-20961_ses-1_space-ACPC_desc-preproc_dwi.nii.gz	0.0	0.0011425706607413	0.0006148508037845	0.0009337745723314	0.0011425706607413	0.0009337745723314	0.0006148508037845	0.0012782663198236	0.0012782663198236	sub-20961	ses-1				space-ACPC			DSIStudio	autotrackgqi
Cerebellum_SuperiorCerebellarPeduncle	tyz	DSIStudio	/scratch/executivefunction/SLURM_8364170_111/job-8364170-111-sub-20961-ses-1/ds/inputs/data/qsiprep/qsiprep/sub-20961/ses-1/dwi/sub-20961_ses-1_space-ACPC_desc-preproc_dwi.nii.gz	0.0	-9.13371609898246e-05	0.0002042337605664	-6.200535426614806e-05	-9.13371609898246e-05	-6.200535426614806e-05	0.0002042337605664	-0.000220158496404	-0.000220158496404	sub-20961	ses-1				space-ACPC			DSIStudio	autotrackgqi
Cerebellum_SuperiorCerebellarPeduncle	tzz	DSIStudio	/scratch/executivefunction/SLURM_8364170_111/job-8364170-111-sub-20961-ses-1/ds/inputs/data/qsiprep/qsiprep/sub-20961/ses-1/dwi/sub-20961_ses-1_space-ACPC_desc-preproc_dwi.nii.gz	0.0	0.0011121220782389	0.0006517832871545	0.0008612215751782	0.0011121220782389	0.0008612215751782	0.0006517832871545	0.0012349341124267	0.0012349341124267	sub-20961	ses-1				space-ACPC			DSIStudio	autotrackgqi
Cerebellum_MiddleCerebellarPeduncle	ad	DSIStudio	/scratch/executivefunction/SLURM_8364170_111/job-8364170-111-sub-20961-ses-1/ds/inputs/data/qsiprep/qsiprep/sub-20961/ses-1/dwi/sub-20961_ses-1_space-ACPC_desc-preproc_dwi.nii.gz	0.0040714582467802	1.1328909342052236	0.4967927128072336	0.9708364009857178	1.1375223087902442	0.972044050693512	0.4924872217809636	1.3435688491156736	1.344022432060084	sub-20961	ses-1				space-ACPC			DSIStudio	autotrackgqi
Cerebellum_MiddleCerebellarPeduncle	dti_fa	DSIStudio	/scratch/executivefunction/SLURM_8364170_111/job-8364170-111-sub-20961-ses-1/ds/inputs/data/qsiprep/qsiprep/sub-20961/ses-1/dwi/sub-20961_ses-1_space-ACPC_desc-preproc_dwi.nii.gz	0.0040714582467802	0.3245666827597915	0.1740541945824666	0.267569363117218	0.3258935447200143	0.2683132290840149	0.1731655145131554	0.4428619501560834	0.4430114583207342	sub-20961	ses-1				space-ACPC			DSIStudio	autotrackgqi
Cerebellum_MiddleCerebellarPeduncle	gfa	DSIStudio	/scratch/executivefunction/SLURM_8364170_111/job-8364170-111-sub-20961-ses-1/ds/inputs/data/qsiprep/qsiprep/sub-20961/ses-1/dwi/sub-20961_ses-1_space-ACPC_desc-preproc_dwi.nii.gz	0.0040714582467802	0.065690337486432	0.0368372063374666	0.0508562922477722	0.0659588863381619	0.0510099381208419	0.0366717065371074	0.095806402728532	0.0958387465411777	sub-20961	ses-1				space-ACPC			DSIStudio	autotrackgqi
Cerebellum_MiddleCerebellarPeduncle	ha	DSIStudio	/scratch/executivefunction/SLURM_8364170_111/job-8364170-111-sub-20961-ses-1/ds/inputs/data/qsiprep/qsiprep/sub-20961/ses-1/dwi/sub-20961_ses-1_space-ACPC_desc-preproc_dwi.nii.gz	0.0040714582467802	0.088033691587286	32.585334254586364	0.5335671305656433	0.0883935823671773	0.726213127374649	32.65187193097771	-0.6667934511652108	-0.6670185752700205	sub-20961	ses-1				space-ACPC			DSIStudio	autotrackgqi
Cerebellum_MiddleCerebellarPeduncle	iso	DSIStudio	/scratch/executivefunction/SLURM_8364170_111/job-8364170-111-sub-20961-ses-1/ds/inputs/data/qsiprep/qsiprep/sub-20961/ses-1/dwi/sub-20961_ses-1_space-ACPC_desc-preproc_dwi.nii.gz	0.0040714582467802	0.9198788515600486	0.2986292095912403	0.9051149487495422	0.9236394108564312	0.9060614109039308	0.2933778768439134	0.8082801514458062	0.808553023083991	sub-20961	ses-1				space-ACPC			DSIStudio	autotrackgqi
Cerebellum_MiddleCerebellarPeduncle	md	DSIStudio	/scratch/executivefunction/SLURM_8364170_111/job-8364170-111-sub-20961-ses-1/ds/inputs/data/qsiprep/qsiprep/sub-20961/ses-1/dwi/sub-20961_ses-1_space-ACPC_desc-preproc_dwi.nii.gz	0.0040714582467802	0.8398029325857269	0.4173640804066327	0.7088267207145691	0.8432361332946123	0.709172934293747	0.4147407560084715	0.8999391216243884	0.9002429371596483	sub-20961	ses-1				space-ACPC			DSIStudio	autotrackgqi
Cerebellum_MiddleCerebellarPeduncle	qa	DSIStudio	/scratch/executivefunction/SLURM_8364170_111/job-8364170-111-sub-20961-ses-1/ds/inputs/data/qsiprep/qsiprep/sub-20961/ses-1/dwi/sub-20961_ses-1_space-ACPC_desc-preproc_dwi.nii.gz	0.0040714582467802	0.2504207680129829	0.1335483598808756	0.2144995927810669	0.2514445138525154	0.2151276022195816	0.1328557907557468	0.3408132638137924	0.3409283208240675	sub-20961	ses-1				space-ACPC			DSIStudio	autotrackgqi
Cerebellum_MiddleCerebellarPeduncle	rd1	DSIStudio	/scratch/executivefunction/SLURM_8364170_111/job-8364170-111-sub-20961-ses-1/ds/inputs/data/qsiprep/qsiprep/sub-20961/ses-1/dwi/sub-20961_ses-1_space-ACPC_desc-preproc_dwi.nii.gz	0.0040714582467802	0.7846549594066774	0.4250281114620928	0.6830069422721863	0.7878627095327351	0.6836349070072174	0.4229185974634308	0.7770559125954614	0.7773182432874869	sub-20961	ses-1				space-ACPC			DSIStudio	autotrackgqi
Cerebellum_MiddleCerebellarPeduncle	rd2	DSIStudio	/scratch/executivefunction/SLURM_8364170_111/job-8364170-111-sub-20961-ses-1/ds/inputs/data/qsiprep/qsiprep/sub-20961/ses-1/dwi/sub-20961_ses-1_space-ACPC_desc-preproc_dwi.nii.gz	0.0040714582467802	0.6018629049095292	0.3994799149140808	0.5312196612358093	0.6043233823282316	0.5318179428577423	0.3984340284244755	0.5791926040094604	0.5793881369790903	sub-20961	ses-1				space-ACPC			DSIStudio	autotrackgqi
Cerebellum_MiddleCerebellarPeduncle	rd	DSIStudio	/scratch/executivefunction/SLURM_8364170_111/job-8364170-111-sub-20961-ses-1/ds/inputs/data/qsiprep/qsiprep/sub-20961/ses-1/dwi/sub-20961_ses-1_space-ACPC_desc-preproc_dwi.nii.gz	0.0040714582467802	0.693258931925176	0.4078425761643525	0.6021614074707031	0.6960930456966038	0.6024760603904724	0.4062545469776999	0.6781242583728416	0.6783531902036931	sub-20961	ses-1				space-ACPC			DSIStudio	autotrackgqi
Cerebellum_MiddleCerebellarPeduncle	txx	DSIStudio	/scratch/executivefunction/SLURM_8364170_111/job-8364170-111-sub-20961-ses-1/ds/inputs/data/qsiprep/qsiprep/sub-20961/ses-1/dwi/sub-20961_ses-1_space-ACPC_desc-preproc_dwi.nii.gz	0.0040714582467802	0.0008374669439677	0.000450947880061	0.0007260444690473	0.000840890594915	0.0007271149661391	0.0004486718251295	0.0008841972295536	0.0008844957308365	sub-20961	ses-1				space-ACPC			DSIStudio	autotrackgqi
Cerebellum_MiddleCerebellarPeduncle	txy	DSIStudio	/scratch/executivefunction/SLURM_8364170_111/job-8364170-111-sub-20961-ses-1/ds/inputs/data/qsiprep/qsiprep/sub-20961/ses-1/dwi/sub-20961_ses-1_space-ACPC_desc-preproc_dwi.nii.gz	0.0040714582467802	-3.5620489250808957e-06	0.0001591689069084	-5.163628884474747e-06	-3.5766109472174683e-06	-5.750858235842316e-06	0.0001594937612219	-3.433492186280773e-05	-3.434651316401409e-05	sub-20961	ses-1				space-ACPC			DSIStudio	autotrackgqi
Cerebellum_MiddleCerebellarPeduncle	txz	DSIStudio	/scratch/executivefunction/SLURM_8364170_111/job-8364170-111-sub-20961-ses-1/ds/inputs/data/qsiprep/qsiprep/sub-20961/ses-1/dwi/sub-20961_ses-1_space-ACPC_desc-preproc_dwi.nii.gz	0.0040714582467802	2.558778140089589e-06	0.0001135805052702	3.919424671039451e-06	2.56923868813434e-06	4.397806605993537e-06	0.0001138123147961	1.527333934062983e-05	1.5278495567425297e-05	sub-20961	ses-1				space-ACPC			DSIStudio	autotrackgqi
Cerebellum_MiddleCerebellarPeduncle	tyy	DSIStudio	/scratch/executivefunction/SLURM_8364170_111/job-8364170-111-sub-20961-ses-1/ds/inputs/data/qsiprep/qsiprep/sub-20961/ses-1/dwi/sub-20961_ses-1_space-ACPC_desc-preproc_dwi.nii.gz	0.0040714582467802	0.0009105670994706	0.0004562658712053	0.0007761788438074	0.0009142895913673	0.0007769661315251	0.0004534602131637	0.0010609395574443	0.0010612977259728	sub-20961	ses-1				space-ACPC			DSIStudio	autotrackgqi
Cerebellum_MiddleCerebellarPeduncle	tyz	DSIStudio	/scratch/executivefunction/SLURM_8364170_111/job-8364170-111-sub-20961-ses-1/ds/inputs/data/qsiprep/qsiprep/sub-20961/ses-1/dwi/sub-20961_ses-1_space-ACPC_desc-preproc_dwi.nii.gz	0.0040714582467802	3.402251218812394e-06	0.0001353730729874	1.6726291505619884e-05	3.4161599715006805e-06	1.716903625492705e-05	0.000135649325141	-3.0236534917817607e-05	-3.024674255943529e-05	sub-20961	ses-1				space-ACPC			DSIStudio	autotrackgqi
Cerebellum_MiddleCerebellarPeduncle	tzz	DSIStudio	/scratch/executivefunction/SLURM_8364170_111/job-8364170-111-sub-20961-ses-1/ds/inputs/data/qsiprep/qsiprep/sub-20961/ses-1/dwi/sub-20961_ses-1_space-ACPC_desc-preproc_dwi.nii.gz	0.0040714582467802	0.0007713747542889	0.0004451758650168	0.0006732258480042	0.0007745282135714	0.0006743554840795	0.0004433388029023	0.0007546805769087	0.0007549353537027	sub-20961	ses-1				space-ACPC			DSIStudio	autotrackgqi
Cerebellum_InferiorCerebellarPeduncleR	ad	DSIStudio	/scratch/executivefunction/SLURM_8364170_111/job-8364170-111-sub-20961-ses-1/ds/inputs/data/qsiprep/qsiprep/sub-20961/ses-1/dwi/sub-20961_ses-1_space-ACPC_desc-preproc_dwi.nii.gz	0.0059985885673959	1.21152652454107	0.6024360932932606	1.0037025213241575	1.2188378312209416	1.005163073539734	0.5968317607759791	1.2296604945720604	1.2329159174853972	sub-20961	ses-1				space-ACPC			DSIStudio	autotrackgqi
Cerebellum_InferiorCerebellarPeduncleR	dti_fa	DSIStudio	/scratch/executivefunction/SLURM_8364170_111/job-8364170-111-sub-20961-ses-1/ds/inputs/data/qsiprep/qsiprep/sub-20961/ses-1/dwi/sub-20961_ses-1_space-ACPC_desc-preproc_dwi.nii.gz	0.0059985885673959	0.2917877766418736	0.1437812692442619	0.260865181684494	0.2935486542431913	0.2614769339561462	0.1424110516989665	0.3666424048473627	0.3676130596019952	sub-20961	ses-1				space-ACPC			DSIStudio	autotrackgqi
Cerebellum_InferiorCerebellarPeduncleR	gfa	DSIStudio	/scratch/executivefunction/SLURM_8364170_111/job-8364170-111-sub-20961-ses-1/ds/inputs/data/qsiprep/qsiprep/sub-20961/ses-1/dwi/sub-20961_ses-1_space-ACPC_desc-preproc_dwi.nii.gz	0.0059985885673959	0.0600869472183933	0.0310679805438305	0.0500651020556688	0.0604495592534351	0.0502672679722309	0.0308078654351804	0.075809410841329	0.0760101098507313	sub-20961	ses-1				space-ACPC			DSIStudio	autotrackgqi
Cerebellum_InferiorCerebellarPeduncleR	ha	DSIStudio	/scratch/executivefunction/SLURM_8364170_111/job-8364170-111-sub-20961-ses-1/ds/inputs/data/qsiprep/qsiprep/sub-20961/ses-1/dwi/sub-20961_ses-1_space-ACPC_desc-preproc_dwi.nii.gz	0.0059985885673959	-8.575110029061795	40.02320250014105	-14.785943031311035	-8.626859006872959	-15.03846263885498	40.138225849029126	-9.358739371017688	-9.383515894406496	sub-20961	ses-1				space-ACPC			DSIStudio	autotrackgqi
Cerebellum_InferiorCerebellarPeduncleR	iso	DSIStudio	/scratch/executivefunction/SLURM_8364170_111/job-8364170-111-sub-20961-ses-1/ds/inputs/data/qsiprep/qsiprep/sub-20961/ses-1/dwi/sub-20961_ses-1_space-ACPC_desc-preproc_dwi.nii.gz	0.0059985885673959	0.8928676668900257	0.323007680516263	0.8645060956478119	0.8982559346703347	0.8650023341178894	0.3164230579189268	0.8465460879182104	0.8487872482113648	sub-20961	ses-1				space-ACPC			DSIStudio	autotrackgqi
Cerebellum_InferiorCerebellarPeduncleR	md	DSIStudio	/scratch/executivefunction/SLURM_8364170_111/job-8364170-111-sub-20961-ses-1/ds/inputs/data/qsiprep/qsiprep/sub-20961/ses-1/dwi/sub-20961_ses-1_space-ACPC_desc-preproc_dwi.nii.gz	0.0059985885673959	0.9310513845656064	0.5051792372048745	0.7419724762439728	0.936670083017014	0.7425405979156494	0.5014811159319307	0.8814298400431335	0.8837633517915753	sub-20961	ses-1				space-ACPC			DSIStudio	autotrackgqi
Cerebellum_InferiorCerebellarPeduncleR	qa	DSIStudio	/scratch/executivefunction/SLURM_8364170_111/job-8364170-111-sub-20961-ses-1/ds/inputs/data/qsiprep/qsiprep/sub-20961/ses-1/dwi/sub-20961_ses-1_space-ACPC_desc-preproc_dwi.nii.gz	0.0059985885673959	0.2194921755970994	0.1092573387606626	0.2029706463217735	0.2208167645162157	0.2033888399600982	0.1082437661463244	0.2758750206121687	0.2766053764464124	sub-20961	ses-1				space-ACPC			DSIStudio	autotrackgqi
Cerebellum_InferiorCerebellarPeduncleR	rd1	DSIStudio	/scratch/executivefunction/SLURM_8364170_111/job-8364170-111-sub-20961-ses-1/ds/inputs/data/qsiprep/qsiprep/sub-20961/ses-1/dwi/sub-20961_ses-1_space-ACPC_desc-preproc_dwi.nii.gz	0.0059985885673959	0.8879139847743234	0.5013307748587537	0.7225743532180786	0.893272358129369	0.7245397567749023	0.4980590304833824	0.8129579007737027	0.8151101389457146	sub-20961	ses-1				space-ACPC			DSIStudio	autotrackgqi
Cerebellum_InferiorCerebellarPeduncleR	rd2	DSIStudio	/scratch/executivefunction/SLURM_8364170_111/job-8364170-111-sub-20961-ses-1/ds/inputs/data/qsiprep/qsiprep/sub-20961/ses-1/dwi/sub-20961_ses-1_space-ACPC_desc-preproc_dwi.nii.gz	0.0059985885673959	0.6937136488382349	0.4633876730330242	0.5644141137599945	0.6979000641844365	0.564936637878418	0.4616300195217356	0.6016711249255413	0.603263999085894	sub-20961	ses-1				space-ACPC			DSIStudio	autotrackgqi
Cerebellum_InferiorCerebellarPeduncleR	rd	DSIStudio	/scratch/executivefunction/SLURM_8364170_111/job-8364170-111-sub-20961-ses-1/ds/inputs/data/qsiprep/qsiprep/sub-20961/ses-1/dwi/sub-20961_ses-1_space-ACPC_desc-preproc_dwi.nii.gz	0.0059985885673959	0.7908138165811711	0.4779872934016393	0.6351780295372009	0.7955862109304364	0.6364437341690063	0.4754511340711183	0.7073145132896189	0.7091870694569661	sub-20961	ses-1				space-ACPC			DSIStudio	autotrackgqi
Cerebellum_InferiorCerebellarPeduncleR	txx	DSIStudio	/scratch/executivefunction/SLURM_8364170_111/job-8364170-111-sub-20961-ses-1/ds/inputs/data/qsiprep/qsiprep/sub-20961/ses-1/dwi/sub-20961_ses-1_space-ACPC_desc-preproc_dwi.nii.gz	0.0059985885673959	0.0008919371597605	0.0005194202745613	0.0007526749977841	0.0008973198121269	0.0007537361816503	0.0005163289953788	0.0007692534707328	0.0007712900051144	sub-20961	ses-1				space-ACPC			DSIStudio	autotrackgqi
Cerebellum_InferiorCerebellarPeduncleR	txy	DSIStudio	/scratch/executivefunction/SLURM_8364170_111/job-8364170-111-sub-20961-ses-1/ds/inputs/data/qsiprep/qsiprep/sub-20961/ses-1/dwi/sub-20961_ses-1_space-ACPC_desc-preproc_dwi.nii.gz	0.0059985885673959	8.71280350067499e-06	0.0001244490350531	1.6467924069729634e-05	8.765383429504054e-06	1.689196506049484e-05	0.0001248221358966	5.999992625863219e-06	6.01587704533454e-06	sub-20961	ses-1				space-ACPC			DSIStudio	autotrackgqi
Cerebellum_InferiorCerebellarPeduncleR	txz	DSIStudio	/scratch/executivefunction/SLURM_8364170_111/job-8364170-111-sub-20961-ses-1/ds/inputs/data/qsiprep/qsiprep/sub-20961/ses-1/dwi/sub-20961_ses-1_space-ACPC_desc-preproc_dwi.nii.gz	0.0059985885673959	4.1571757463167925e-05	0.0001081159342972	5.211780080571771e-05	4.1822634238771e-05	5.274842260405421e-05	0.0001083932834673	3.74276617028334e-05	3.752674846357935e-05	sub-20961	ses-1				space-ACPC			DSIStudio	autotrackgqi
Cerebellum_InferiorCerebellarPeduncleR	tyy	DSIStudio	/scratch/executivefunction/SLURM_8364170_111/job-8364170-111-sub-20961-ses-1/ds/inputs/data/qsiprep/qsiprep/sub-20961/ses-1/dwi/sub-20961_ses-1_space-ACPC_desc-preproc_dwi.nii.gz	0.0059985885673959	0.0009614605978518	0.0005307357466239	0.0007943044474814	0.0009672628094824	0.0007962333038449	0.0005270370491124	0.0009182895503828	0.0009207206451587	sub-20961	ses-1				space-ACPC			DSIStudio	autotrackgqi
Cerebellum_InferiorCerebellarPeduncleR	tyz	DSIStudio	/scratch/executivefunction/SLURM_8364170_111/job-8364170-111-sub-20961-ses-1/ds/inputs/data/qsiprep/qsiprep/sub-20961/ses-1/dwi/sub-20961_ses-1_space-ACPC_desc-preproc_dwi.nii.gz	0.0059985885673959	2.9271084775893126e-06	0.0001438706518232	5.080750270280987e-06	2.944772958994715e-06	6.0707789089065045e-06	0.0001443039331054	3.82467559019168e-05	3.834801093715332e-05	sub-20961	ses-1				space-ACPC			DSIStudio	autotrackgqi
Cerebellum_InferiorCerebellarPeduncleR	tzz	DSIStudio	/scratch/executivefunction/SLURM_8364170_111/job-8364170-111-sub-20961-ses-1/ds/inputs/data/qsiprep/qsiprep/sub-20961/ses-1/dwi/sub-20961_ses-1_space-ACPC_desc-preproc_dwi.nii.gz	0.0059985885673959	0.0009397564015673	0.0005589828680259	0.0007571234600618	0.0009454276329577	0.0007582098478451	0.0005558648658844	0.0009567465005093	0.0009592794066011	sub-20961	ses-1				space-ACPC			DSIStudio	autotrackgqi
Cerebellum_CerebellumL	ad	DSIStudio	/scratch/executivefunction/SLURM_8364170_111/job-8364170-111-sub-20961-ses-1/ds/inputs/data/qsiprep/qsiprep/sub-20961/ses-1/dwi/sub-20961_ses-1_space-ACPC_desc-preproc_dwi.nii.gz	0.013631156930126	1.0246565174162046	0.322429726282209	0.9391581118106842	1.0388167921313978	0.9422547817230223	0.3011439667863655	1.0136075262249868	1.018344584023586	sub-20961	ses-1				space-ACPC			DSIStudio	autotrackgqi
Cerebellum_CerebellumL	dti_fa	DSIStudio	/scratch/executivefunction/SLURM_8364170_111/job-8364170-111-sub-20961-ses-1/ds/inputs/data/qsiprep/qsiprep/sub-20961/ses-1/dwi/sub-20961_ses-1_space-ACPC_desc-preproc_dwi.nii.gz	0.013631156930126	0.2421631772092459	0.113195348963903	0.2179112210869789	0.2455097592656737	0.2190549820661544	0.1103115621091843	0.2402045284063599	0.2413271154965476	sub-20961	ses-1				space-ACPC			DSIStudio	autotrackgqi
Cerebellum_CerebellumL	gfa	DSIStudio	/scratch/executivefunction/SLURM_8364170_111/job-8364170-111-sub-20961-ses-1/ds/inputs/data/qsiprep/qsiprep/sub-20961/ses-1/dwi/sub-20961_ses-1_space-ACPC_desc-preproc_dwi.nii.gz	0.013631156930126	0.04608730663826	0.0209383870510338	0.0410878397524356	0.0467242117003843	0.0412648655474185	0.0203645739094561	0.0453176793199474	0.0455294698345323	sub-20961	ses-1				space-ACPC			DSIStudio	autotrackgqi
Cerebellum_CerebellumL	ha	DSIStudio	/scratch/executivefunction/SLURM_8364170_111/job-8364170-111-sub-20961-ses-1/ds/inputs/data/qsiprep/qsiprep/sub-20961/ses-1/dwi/sub-20961_ses-1_space-ACPC_desc-preproc_dwi.nii.gz	0.013631156930126	10.95244088275902	27.688890291231687	12.840905666351318	11.103798502669406	13.1470365524292	27.849400114367857	11.217564790550488	11.269989673026563	sub-20961	ses-1				space-ACPC			DSIStudio	autotrackgqi
Cerebellum_CerebellumL	iso	DSIStudio	/scratch/executivefunction/SLURM_8364170_111/job-8364170-111-sub-20961-ses-1/ds/inputs/data/qsiprep/qsiprep/sub-20961/ses-1/dwi/sub-20961_ses-1_space-ACPC_desc-preproc_dwi.nii.gz	0.013631156930126	0.964084152502188	0.3457309238763845	0.9954410195350648	0.9774073454121592	0.9982631206512452	0.3288761653498316	1.0505822066151222	1.0554920646425507	sub-20961	ses-1				space-ACPC			DSIStudio	autotrackgqi
Cerebellum_CerebellumL	md	DSIStudio	/scratch/executivefunction/SLURM_8364170_111/job-8364170-111-sub-20961-ses-1/ds/inputs/data/qsiprep/qsiprep/sub-20961/ses-1/dwi/sub-20961_ses-1_space-ACPC_desc-preproc_dwi.nii.gz	0.013631156930126	0.8132791744440555	0.2604915911409171	0.7406823337078094	0.824518312959773	0.7422407269477844	0.2439810032752815	0.8086807544824509	0.8124600944990042	sub-20961	ses-1				space-ACPC			DSIStudio	autotrackgqi
Cerebellum_CerebellumL	qa	DSIStudio	/scratch/executivefunction/SLURM_8364170_111/job-8364170-111-sub-20961-ses-1/ds/inputs/data/qsiprep/qsiprep/sub-20961/ses-1/dwi/sub-20961_ses-1_space-ACPC_desc-preproc_dwi.nii.gz	0.013631156930126	0.1813769266142548	0.0793854486874106	0.1756638064980507	0.1838834710652008	0.1767563074827194	0.0769949917253489	0.193704592361298	0.1946098637396164	sub-20961	ses-1				space-ACPC			DSIStudio	autotrackgqi
Cerebellum_CerebellumL	rd1	DSIStudio	/scratch/executivefunction/SLURM_8364170_111/job-8364170-111-sub-20961-ses-1/ds/inputs/data/qsiprep/qsiprep/sub-20961/ses-1/dwi/sub-20961_ses-1_space-ACPC_desc-preproc_dwi.nii.gz	0.013631156930126	0.7817043699196115	0.2671669088071484	0.7184083759784698	0.7925071593773322	0.7204540967941284	0.2525931154733508	0.7820199560461901	0.7856746977621364	sub-20961	ses-1				space-ACPC			DSIStudio	autotrackgqi
Cerebellum_CerebellumL	rd2	DSIStudio	/scratch/executivefunction/SLURM_8364170_111/job-8364170-111-sub-20961-ses-1/ds/inputs/data/qsiprep/qsiprep/sub-20961/ses-1/dwi/sub-20961_ses-1_space-ACPC_desc-preproc_dwi.nii.gz	0.013631156930126	0.6334766369671916	0.2409828403947771	0.5956277549266815	0.6422309883548464	0.5972291231155396	0.2307660105594153	0.6304147816249736	0.6333610021621855	sub-20961	ses-1				space-ACPC			DSIStudio	autotrackgqi
Cerebellum_CerebellumL	rd	DSIStudio	/scratch/executivefunction/SLURM_8364170_111/job-8364170-111-sub-20961-ses-1/ds/inputs/data/qsiprep/qsiprep/sub-20961/ses-1/dwi/sub-20961_ses-1_space-ACPC_desc-preproc_dwi.nii.gz	0.013631156930126	0.7075905039479778	0.2467504266641685	0.6532413959503174	0.7173690743776387	0.6544925570487976	0.2339066950742519	0.7062173698823693	0.7095178510138406	sub-20961	ses-1				space-ACPC			DSIStudio	autotrackgqi
Cerebellum_CerebellumL	txx	DSIStudio	/scratch/executivefunction/SLURM_8364170_111/job-8364170-111-sub-20961-ses-1/ds/inputs/data/qsiprep/qsiprep/sub-20961/ses-1/dwi/sub-20961_ses-1_space-ACPC_desc-preproc_dwi.nii.gz	0.013631156930126	0.0008124735972299	0.000269362670551	0.0007663349970243	0.0008237016030446	0.0007688828627578	0.0002535949829485	0.0008171558551049	0.0008209748032177	sub-20961	ses-1				space-ACPC			DSIStudio	autotrackgqi
Cerebellum_CerebellumL	txy	DSIStudio	/scratch/executivefunction/SLURM_8364170_111/job-8364170-111-sub-20961-ses-1/ds/inputs/data/qsiprep/qsiprep/sub-20961/ses-1/dwi/sub-20961_ses-1_space-ACPC_desc-preproc_dwi.nii.gz	0.013631156930126	-4.691403140606825e-05	9.439536862493795e-05	-5.730693737859838e-05	-4.756236141853163e-05	-5.867379150004126e-05	9.488302410279668e-05	-5.1392185494605385e-05	-5.163236498528661e-05	sub-20961	ses-1				space-ACPC			DSIStudio	autotrackgqi
Cerebellum_CerebellumL	txz	DSIStudio	/scratch/executivefunction/SLURM_8364170_111/job-8364170-111-sub-20961-ses-1/ds/inputs/data/qsiprep/qsiprep/sub-20961/ses-1/dwi/sub-20961_ses-1_space-ACPC_desc-preproc_dwi.nii.gz	0.013631156930126	-2.57557086312321e-05	9.232579381523644e-05	-2.15705686059664e-05	-2.6111640500598795e-05	-2.289424628543202e-05	9.291155289113944e-05	-2.9248510196026067e-05	-2.9385202043025252e-05	sub-20961	ses-1				space-ACPC			DSIStudio	autotrackgqi
Cerebellum_CerebellumL	tyy	DSIStudio	/scratch/executivefunction/SLURM_8364170_111/job-8364170-111-sub-20961-ses-1/ds/inputs/data/qsiprep/qsiprep/sub-20961/ses-1/dwi/sub-20961_ses-1_space-ACPC_desc-preproc_dwi.nii.gz	0.013631156930126	0.0008693836174764	0.0003034403060532	0.0007961790834087	0.0008813980932027	0.0007992915343493	0.0002876785201291	0.0008714745525957	0.000875547357115	sub-20961	ses-1				space-ACPC			DSIStudio	autotrackgqi
Cerebellum_CerebellumL	tyz	DSIStudio	/scratch/executivefunction/SLURM_8364170_111/job-8364170-111-sub-20961-ses-1/ds/inputs/data/qsiprep/qsiprep/sub-20961/ses-1/dwi/sub-20961_ses-1_space-ACPC_desc-preproc_dwi.nii.gz	0.013631156930126	3.318727000416008e-05	9.419043820774966e-05	3.992830897914246e-05	3.364590258231535e-05	4.13089401263278e-05	9.47576498816368e-05	3.660050284850225e-05	3.677155401529624e-05	sub-20961	ses-1				space-ACPC			DSIStudio	autotrackgqi
Cerebellum_CerebellumL	tzz	DSIStudio	/scratch/executivefunction/SLURM_8364170_111/job-8364170-111-sub-20961-ses-1/ds/inputs/data/qsiprep/qsiprep/sub-20961/ses-1/dwi/sub-20961_ses-1_space-ACPC_desc-preproc_dwi.nii.gz	0.013631156930126	0.0007579803095264	0.0002829053185118	0.0007011562702246	0.000768455243545	0.000703036726918	0.0002703552355693	0.0007374118547299	0.0007408581221427	sub-20961	ses-1				space-ACPC			DSIStudio	autotrackgqi
Cerebellum_CerebellumR	ad	DSIStudio	/scratch/executivefunction/SLURM_8364170_111/job-8364170-111-sub-20961-ses-1/ds/inputs/data/qsiprep/qsiprep/sub-20961/ses-1/dwi/sub-20961_ses-1_space-ACPC_desc-preproc_dwi.nii.gz	0.0008422572494284	1.0291890764821667	0.3418494465111611	0.9180464744567872	1.0300566491622456	0.9181621074676514	0.340684465605025	1.0292439504726052	1.0293478239502991	sub-20961	ses-1				space-ACPC			DSIStudio	autotrackgqi
Cerebellum_CerebellumR	dti_fa	DSIStudio	/scratch/executivefunction/SLURM_8364170_111/job-8364170-111-sub-20961-ses-1/ds/inputs/data/qsiprep/qsiprep/sub-20961/ses-1/dwi/sub-20961_ses-1_space-ACPC_desc-preproc_dwi.nii.gz	0.0008422572494284	0.2545746395949576	0.1167508205718473	0.2269067019224167	0.2547892376774678	0.2270172461867332	0.1165657200963486	0.2597605679296287	0.259786783642948	sub-20961	ses-1				space-ACPC			DSIStudio	autotrackgqi
Cerebellum_CerebellumR	gfa	DSIStudio	/scratch/executivefunction/SLURM_8364170_111/job-8364170-111-sub-20961-ses-1/ds/inputs/data/qsiprep/qsiprep/sub-20961/ses-1/dwi/sub-20961_ses-1_space-ACPC_desc-preproc_dwi.nii.gz	0.0008422572494284	0.0477130078091937	0.0227962929320868	0.0414523743093013	0.0477532283119231	0.0414608493447303	0.0227637514088256	0.0489167980716665	0.0489217348849979	sub-20961	ses-1				space-ACPC			DSIStudio	autotrackgqi
Cerebellum_CerebellumR	ha	DSIStudio	/scratch/executivefunction/SLURM_8364170_111/job-8364170-111-sub-20961-ses-1/ds/inputs/data/qsiprep/qsiprep/sub-20961/ses-1/dwi/sub-20961_ses-1_space-ACPC_desc-preproc_dwi.nii.gz	0.0008422572494284	-12.722988829856783	25.2571934917954	-13.144820213317873	-12.733713892695055	-13.156219959259031	25.26513415309199	-10.18000765960862	-10.181035049668418	sub-20961	ses-1				space-ACPC			DSIStudio	autotrackgqi
Cerebellum_CerebellumR	iso	DSIStudio	/scratch/executivefunction/SLURM_8364170_111/job-8364170-111-sub-20961-ses-1/ds/inputs/data/qsiprep/qsiprep/sub-20961/ses-1/dwi/sub-20961_ses-1_space-ACPC_desc-preproc_dwi.nii.gz	0.0008422572494284	1.0234824336685115	0.3111872583482118	1.0318875312805176	1.0243451958356211	1.0321203470230105	0.3098957475120201	1.0609764393530323	1.0610835153719418	sub-20961	ses-1				space-ACPC			DSIStudio	autotrackgqi
Cerebellum_CerebellumR	md	DSIStudio	/scratch/executivefunction/SLURM_8364170_111/job-8364170-111-sub-20961-ses-1/ds/inputs/data/qsiprep/qsiprep/sub-20961/ses-1/dwi/sub-20961_ses-1_space-ACPC_desc-preproc_dwi.nii.gz	0.0008422572494284	0.8094763123390979	0.2763504297243767	0.7104048728942871	0.8101586743557614	0.7106022834777832	0.27546527102264	0.8041358290897193	0.8042169840856094	sub-20961	ses-1				space-ACPC			DSIStudio	autotrackgqi
Cerebellum_CerebellumR	qa	DSIStudio	/scratch/executivefunction/SLURM_8364170_111/job-8364170-111-sub-20961-ses-1/ds/inputs/data/qsiprep/qsiprep/sub-20961/ses-1/dwi/sub-20961_ses-1_space-ACPC_desc-preproc_dwi.nii.gz	0.0008422572494284	0.1989440890382619	0.0859599528130472	0.1856342852115631	0.1991117923888481	0.1856854930520057	0.0858018097334427	0.2103389827489845	0.2103602107132389	sub-20961	ses-1				space-ACPC			DSIStudio	autotrackgqi
Cerebellum_CerebellumR	rd1	DSIStudio	/scratch/executivefunction/SLURM_8364170_111/job-8364170-111-sub-20961-ses-1/ds/inputs/data/qsiprep/qsiprep/sub-20961/ses-1/dwi/sub-20961_ses-1_space-ACPC_desc-preproc_dwi.nii.gz	0.0008422572494284	0.7728521800843721	0.29069815873432	0.6786477565765381	0.7735036691571793	0.6787461042404175	0.2899529713659145	0.7664480955504871	0.7665254469681733	sub-20961	ses-1				space-ACPC			DSIStudio	autotrackgqi
Cerebellum_CerebellumR	rd2	DSIStudio	/scratch/executivefunction/SLURM_8364170_111/job-8364170-111-sub-20961-ses-1/ds/inputs/data/qsiprep/qsiprep/sub-20961/ses-1/dwi/sub-20961_ses-1_space-ACPC_desc-preproc_dwi.nii.gz	0.0008422572494284	0.6263876794177948	0.2485553174595241	0.5738414525985718	0.6269157037140285	0.5739571154117584	0.2479935430939287	0.6167154437902734	0.6167776838828207	sub-20961	ses-1				space-ACPC			DSIStudio	autotrackgqi
Cerebellum_CerebellumR	rd	DSIStudio	/scratch/executivefunction/SLURM_8364170_111/job-8364170-111-sub-20961-ses-1/ds/inputs/data/qsiprep/qsiprep/sub-20961/ses-1/dwi/sub-20961_ses-1_space-ACPC_desc-preproc_dwi.nii.gz	0.0008422572494284	0.6996199302657705	0.2623101315762993	0.6208561658859253	0.7002096869507248	0.6209260821342468	0.2616326690193106	0.6915817699147369	0.6916515656698783	sub-20961	ses-1				space-ACPC			DSIStudio	autotrackgqi
Cerebellum_CerebellumR	txx	DSIStudio	/scratch/executivefunction/SLURM_8364170_111/job-8364170-111-sub-20961-ses-1/ds/inputs/data/qsiprep/qsiprep/sub-20961/ses-1/dwi/sub-20961_ses-1_space-ACPC_desc-preproc_dwi.nii.gz	0.0008422572494284	0.0008094236621685	0.0003040579238136	0.0007257323013618	0.0008101059798028	0.0007259051199071	0.0003032761197148	0.0008083938033333	0.0008084753879969	sub-20961	ses-1				space-ACPC			DSIStudio	autotrackgqi
Cerebellum_CerebellumR	txy	DSIStudio	/scratch/executivefunction/SLURM_8364170_111/job-8364170-111-sub-20961-ses-1/ds/inputs/data/qsiprep/qsiprep/sub-20961/ses-1/dwi/sub-20961_ses-1_space-ACPC_desc-preproc_dwi.nii.gz	0.0008422572494284	3.48850883353811e-05	0.0001037201270335	5.973307270323858e-05	3.491449532217634e-05	5.983136907161679e-05	0.0001037588866043	2.531631236257917e-05	2.53188673542001e-05	sub-20961	ses-1				space-ACPC			DSIStudio	autotrackgqi
Cerebellum_CerebellumR	txz	DSIStudio	/scratch/executivefunction/SLURM_8364170_111/job-8364170-111-sub-20961-ses-1/ds/inputs/data/qsiprep/qsiprep/sub-20961/ses-1/dwi/sub-20961_ses-1_space-ACPC_desc-preproc_dwi.nii.gz	0.0008422572494284	2.390686647530492e-05	8.149318787236801e-05	2.8393016691552475e-05	2.392701918066705e-05	2.842791764123831e-05	8.152457137969071e-05	2.59190132683151e-05	2.5921629150116297e-05	sub-20961	ses-1				space-ACPC			DSIStudio	autotrackgqi
Cerebellum_CerebellumR	tyy	DSIStudio	/scratch/executivefunction/SLURM_8364170_111/job-8364170-111-sub-20961-ses-1/ds/inputs/data/qsiprep/qsiprep/sub-20961/ses-1/dwi/sub-20961_ses-1_space-ACPC_desc-preproc_dwi.nii.gz	0.0008422572494284	0.000876741827985	0.0003355557591207	0.0007802057662047	0.000877480892628	0.0007802998297847	0.0003347298440861	0.000888497935548	0.0008885876046086	sub-20961	ses-1				space-ACPC			DSIStudio	autotrackgqi
Cerebellum_CerebellumR	tyz	DSIStudio	/scratch/executivefunction/SLURM_8364170_111/job-8364170-111-sub-20961-ses-1/ds/inputs/data/qsiprep/qsiprep/sub-20961/ses-1/dwi/sub-20961_ses-1_space-ACPC_desc-preproc_dwi.nii.gz	0.0008422572494284	3.802203483077918e-05	8.983109340914298e-05	4.411715781316161e-05	3.805408616071842e-05	4.416967567522079e-05	8.986216160794446e-05	2.807051788045329e-05	2.8073350791765875e-05	sub-20961	ses-1				space-ACPC			DSIStudio	autotrackgqi
Cerebellum_CerebellumR	tzz	DSIStudio	/scratch/executivefunction/SLURM_8364170_111/job-8364170-111-sub-20961-ses-1/ds/inputs/data/qsiprep/qsiprep/sub-20961/ses-1/dwi/sub-20961_ses-1_space-ACPC_desc-preproc_dwi.nii.gz	0.0008422572494284	0.0007422634468429	0.0002734701963342	0.0006777014932595	0.0007428891506155	0.0006778140959795	0.0002727345996452	0.0007155157514008	0.0007155879626646	sub-20961	ses-1				space-ACPC			DSIStudio	autotrackgqi
Cerebellum_InferiorCerebellarPeduncleL	ad	DSIStudio	/scratch/executivefunction/SLURM_8364170_111/job-8364170-111-sub-20961-ses-1/ds/inputs/data/qsiprep/qsiprep/sub-20961/ses-1/dwi/sub-20961_ses-1_space-ACPC_desc-preproc_dwi.nii.gz	0.0046745774901114	1.2210385475129544	0.6871726029270201	0.984257698059082	1.2267731938704936	0.9855715930461884	0.6836583994595744	1.3183794139613771	1.3205247178728912	sub-20961	ses-1				space-ACPC			DSIStudio	autotrackgqi
Cerebellum_InferiorCerebellarPeduncleL	dti_fa	DSIStudio	/scratch/executivefunction/SLURM_8364170_111/job-8364170-111-sub-20961-ses-1/ds/inputs/data/qsiprep/qsiprep/sub-20961/ses-1/dwi/sub-20961_ses-1_space-ACPC_desc-preproc_dwi.nii.gz	0.0046745774901114	0.2841477639000649	0.1440568667286691	0.2443985491991043	0.285482272906821	0.2452237159013748	0.143069446087017	0.36519686628947	0.3657911249137783	sub-20961	ses-1				space-ACPC			DSIStudio	autotrackgqi
Cerebellum_InferiorCerebellarPeduncleL	gfa	DSIStudio	/scratch/executivefunction/SLURM_8364170_111/job-8364170-111-sub-20961-ses-1/ds/inputs/data/qsiprep/qsiprep/sub-20961/ses-1/dwi/sub-20961_ses-1_space-ACPC_desc-preproc_dwi.nii.gz	0.0046745774901114	0.0601010446264905	0.0297535962748313	0.0506746768951416	0.0603833110933057	0.0508177634328603	0.0295362495350154	0.0777452112456857	0.0778717204466891	sub-20961	ses-1				space-ACPC			DSIStudio	autotrackgqi
Cerebellum_InferiorCerebellarPeduncleL	ha	DSIStudio	/scratch/executivefunction/SLURM_8364170_111/job-8364170-111-sub-20961-ses-1/ds/inputs/data/qsiprep/qsiprep/sub-20961/ses-1/dwi/sub-20961_ses-1_space-ACPC_desc-preproc_dwi.nii.gz	0.0046745774901114	14.461822892658088	39.73588960012723	19.877281188964844	14.529743303642393	20.031472206115723	39.81670004427801	14.829407823592792	14.85353860851582	sub-20961	ses-1				space-ACPC			DSIStudio	autotrackgqi
Cerebellum_InferiorCerebellarPeduncleL	iso	DSIStudio	/scratch/executivefunction/SLURM_8364170_111/job-8364170-111-sub-20961-ses-1/ds/inputs/data/qsiprep/qsiprep/sub-20961/ses-1/dwi/sub-20961_ses-1_space-ACPC_desc-preproc_dwi.nii.gz	0.0046745774901114	0.8806251798791919	0.3071166801127322	0.8749740123748779	0.8847610640332487	0.8769556879997253	0.3018349977958177	0.8280854989181914	0.829432983212318	sub-20961	ses-1				space-ACPC			DSIStudio	autotrackgqi
Cerebellum_InferiorCerebellarPeduncleL	md	DSIStudio	/scratch/executivefunction/SLURM_8364170_111/job-8364170-111-sub-20961-ses-1/ds/inputs/data/qsiprep/qsiprep/sub-20961/ses-1/dwi/sub-20961_ses-1_space-ACPC_desc-preproc_dwi.nii.gz	0.0046745774901114	0.9493820999261072	0.5995274794938017	0.7307271361351013	0.9538409031410784	0.7312914133071899	0.5973845488689065	0.9619955716509596	0.9635609577268552	sub-20961	ses-1				space-ACPC			DSIStudio	autotrackgqi
Cerebellum_InferiorCerebellarPeduncleL	qa	DSIStudio	/scratch/executivefunction/SLURM_8364170_111/job-8364170-111-sub-20961-ses-1/ds/inputs/data/qsiprep/qsiprep/sub-20961/ses-1/dwi/sub-20961_ses-1_space-ACPC_desc-preproc_dwi.nii.gz	0.0046745774901114	0.218037492658237	0.1088681879964294	0.1986252218484878	0.2190615126743342	0.1990651041269302	0.1080908118425895	0.2806570960047564	0.2811137891419503	sub-20961	ses-1				space-ACPC			DSIStudio	autotrackgqi
Cerebellum_InferiorCerebellarPeduncleL	rd1	DSIStudio	/scratch/executivefunction/SLURM_8364170_111/job-8364170-111-sub-20961-ses-1/ds/inputs/data/qsiprep/qsiprep/sub-20961/ses-1/dwi/sub-20961_ses-1_space-ACPC_desc-preproc_dwi.nii.gz	0.0046745774901114	0.9046123218124869	0.5997857351538745	0.7096457481384277	0.9088608623412304	0.7109730839729309	0.5979725244391549	0.88991297301777	0.8913610641835018	sub-20961	ses-1				space-ACPC			DSIStudio	autotrackgqi
Cerebellum_InferiorCerebellarPeduncleL	rd2	DSIStudio	/scratch/executivefunction/SLURM_8364170_111/job-8364170-111-sub-20961-ses-1/ds/inputs/data/qsiprep/qsiprep/sub-20961/ses-1/dwi/sub-20961_ses-1_space-ACPC_desc-preproc_dwi.nii.gz	0.0046745774901114	0.7224954298072177	0.5489269429926618	0.5662909746170044	0.7258886525628152	0.5670639872550964	0.5479715772859557	0.677694327729423	0.6787970908794667	sub-20961	ses-1				space-ACPC			DSIStudio	autotrackgqi
Cerebellum_InferiorCerebellarPeduncleL	rd	DSIStudio	/scratch/executivefunction/SLURM_8364170_111/job-8364170-111-sub-20961-ses-1/ds/inputs/data/qsiprep/qsiprep/sub-20961/ses-1/dwi/sub-20961_ses-1_space-ACPC_desc-preproc_dwi.nii.gz	0.0046745774901114	0.8135538757361769	0.5710613169691291	0.6327483057975769	0.8173747573780015	0.634234607219696	0.5696661534118254	0.7838036474446383	0.78507907459776	sub-20961	ses-1				space-ACPC			DSIStudio	autotrackgqi
Cerebellum_InferiorCerebellarPeduncleL	txx	DSIStudio	/scratch/executivefunction/SLURM_8364170_111/job-8364170-111-sub-20961-ses-1/ds/inputs/data/qsiprep/qsiprep/sub-20961/ses-1/dwi/sub-20961_ses-1_space-ACPC_desc-preproc_dwi.nii.gz	0.0046745774901114	0.0008946437648635	0.0006252453237456	0.0007112952298484	0.0008988454877477	0.000713223736966	0.0006236914609308	0.0008510669654439	0.0008524518453207	sub-20961	ses-1				space-ACPC			DSIStudio	autotrackgqi
Cerebellum_InferiorCerebellarPeduncleL	txy	DSIStudio	/scratch/executivefunction/SLURM_8364170_111/job-8364170-111-sub-20961-ses-1/ds/inputs/data/qsiprep/qsiprep/sub-20961/ses-1/dwi/sub-20961_ses-1_space-ACPC_desc-preproc_dwi.nii.gz	0.0046745774901114	-2.988083854346692e-05	0.0001148156156855	-3.893341636285186e-05	-3.002117485165517e-05	-3.951790313294623e-05	0.0001150666118588	-4.7562755939150486e-05	-4.764015140711708e-05	sub-20961	ses-1				space-ACPC			DSIStudio	autotrackgqi
Cerebellum_InferiorCerebellarPeduncleL	txz	DSIStudio	/scratch/executivefunction/SLURM_8364170_111/job-8364170-111-sub-20961-ses-1/ds/inputs/data/qsiprep/qsiprep/sub-20961/ses-1/dwi/sub-20961_ses-1_space-ACPC_desc-preproc_dwi.nii.gz	0.0046745774901114	-4.086276778624225e-05	0.000106736143304	-4.420441837282851e-05	-4.105468107425567e-05	-4.48930513812229e-05	0.0001069496660902	-3.966984058540638e-05	-3.9734392478916537e-05	sub-20961	ses-1				space-ACPC			DSIStudio	autotrackgqi
Cerebellum_InferiorCerebellarPeduncleL	tyy	DSIStudio	/scratch/executivefunction/SLURM_8364170_111/job-8364170-111-sub-20961-ses-1/ds/inputs/data/qsiprep/qsiprep/sub-20961/ses-1/dwi/sub-20961_ses-1_space-ACPC_desc-preproc_dwi.nii.gz	0.0046745774901114	0.0009800079085145	0.0005891176745677	0.0007924394449219	0.0009846105468132	0.0007930488791316	0.0005866496440663	0.0010272136574746	0.0010288851682928	sub-20961	ses-1				space-ACPC			DSIStudio	autotrackgqi
Cerebellum_InferiorCerebellarPeduncleL	tyz	DSIStudio	/scratch/executivefunction/SLURM_8364170_111/job-8364170-111-sub-20961-ses-1/ds/inputs/data/qsiprep/qsiprep/sub-20961/ses-1/dwi/sub-20961_ses-1_space-ACPC_desc-preproc_dwi.nii.gz	0.0046745774901114	2.901599754922107e-05	0.0001367210416631	2.5823193936957974e-05	2.9152272104184892e-05	2.605297686386621e-05	0.0001370272276365	9.408692687170912e-05	9.424002762472096e-05	sub-20961	ses-1				space-ACPC			DSIStudio	autotrackgqi
Cerebellum_InferiorCerebellarPeduncleL	tzz	DSIStudio	/scratch/executivefunction/SLURM_8364170_111/job-8364170-111-sub-20961-ses-1/ds/inputs/data/qsiprep/qsiprep/sub-20961/ses-1/dwi/sub-20961_ses-1_space-ACPC_desc-preproc_dwi.nii.gz	0.0046745774901114	0.0009734946256546	0.0006516879391156	0.0007622422417625	0.0009780666741132	0.0007637404196429	0.0006497845839351	0.0010077060845944	0.001009345852115	sub-20961	ses-1				space-ACPC			DSIStudio	autotrackgqi
Cerebellum_Vermis	ad	DSIStudio	/scratch/executivefunction/SLURM_8364170_111/job-8364170-111-sub-20961-ses-1/ds/inputs/data/qsiprep/qsiprep/sub-20961/ses-1/dwi/sub-20961_ses-1_space-ACPC_desc-preproc_dwi.nii.gz	0.0144658753709198	0.9668917370634016	0.3664313015166557	0.8809633851051331	0.981083975582586	0.8831843733787537	0.349741321362551	0.9769614039946646	0.9801943621175584	sub-20961	ses-1				space-ACPC			DSIStudio	autotrackgqi
Cerebellum_Vermis	dti_fa	DSIStudio	/scratch/executivefunction/SLURM_8364170_111/job-8364170-111-sub-20961-ses-1/ds/inputs/data/qsiprep/qsiprep/sub-20961/ses-1/dwi/sub-20961_ses-1_space-ACPC_desc-preproc_dwi.nii.gz	0.0144658753709198	0.2457127089519822	0.0970115927485306	0.2325634956359863	0.2493193313265126	0.2338816598057747	0.0930063907795424	0.2450300627617855	0.2458409155736701	sub-20961	ses-1				space-ACPC			DSIStudio	autotrackgqi
Cerebellum_Vermis	gfa	DSIStudio	/scratch/executivefunction/SLURM_8364170_111/job-8364170-111-sub-20961-ses-1/ds/inputs/data/qsiprep/qsiprep/sub-20961/ses-1/dwi/sub-20961_ses-1_space-ACPC_desc-preproc_dwi.nii.gz	0.0144658753709198	0.0442997926185653	0.0168615645712941	0.0412674043327569	0.0449500342113858	0.0414337646216154	0.016101464965859	0.0437262549866669	0.0438709537930005	sub-20961	ses-1				space-ACPC			DSIStudio	autotrackgqi
Cerebellum_Vermis	ha	DSIStudio	/scratch/executivefunction/SLURM_8364170_111/job-8364170-111-sub-20961-ses-1/ds/inputs/data/qsiprep/qsiprep/sub-20961/ses-1/dwi/sub-20961_ses-1_space-ACPC_desc-preproc_dwi.nii.gz	0.0144658753709198	0.5790709756988028	40.99433036200787	0.0	0.5875707002197864	0.2162023037672042	41.29403555672346	-2.098281840813222	-2.105225460668373	sub-20961	ses-1				space-ACPC			DSIStudio	autotrackgqi
Cerebellum_Vermis	iso	DSIStudio	/scratch/executivefunction/SLURM_8364170_111/job-8364170-111-sub-20961-ses-1/ds/inputs/data/qsiprep/qsiprep/sub-20961/ses-1/dwi/sub-20961_ses-1_space-ACPC_desc-preproc_dwi.nii.gz	0.014280415430267	0.9607390414042886	0.3571446060853944	0.9933357238769532	0.9746575562092048	0.9971237182617188	0.3403444902422474	1.040184759614866	1.0435472436990538	sub-20961	ses-1				space-ACPC			DSIStudio	autotrackgqi
Cerebellum_Vermis	md	DSIStudio	/scratch/executivefunction/SLURM_8364170_111/job-8364170-111-sub-20961-ses-1/ds/inputs/data/qsiprep/qsiprep/sub-20961/ses-1/dwi/sub-20961_ses-1_space-ACPC_desc-preproc_dwi.nii.gz	0.0144658753709198	0.7678076064197529	0.3031918635094294	0.6969494223594666	0.7790776465591471	0.6984485983848572	0.2906791505419126	0.7756990321093581	0.778265973376161	sub-20961	ses-1				space-ACPC			DSIStudio	autotrackgqi
Cerebellum_Vermis	qa	DSIStudio	/scratch/executivefunction/SLURM_8364170_111/job-8364170-111-sub-20961-ses-1/ds/inputs/data/qsiprep/qsiprep/sub-20961/ses-1/dwi/sub-20961_ses-1_space-ACPC_desc-preproc_dwi.nii.gz	0.0144658753709198	0.1767490594732567	0.0730779405301729	0.1783849671483039	0.1793434190214151	0.1793193891644477	0.0703810441161617	0.1877313284892154	0.1883525684770177	sub-20961	ses-1				space-ACPC			DSIStudio	autotrackgqi
Cerebellum_Vermis	rd1	DSIStudio	/scratch/executivefunction/SLURM_8364170_111/job-8364170-111-sub-20961-ses-1/ds/inputs/data/qsiprep/qsiprep/sub-20961/ses-1/dwi/sub-20961_ses-1_space-ACPC_desc-preproc_dwi.nii.gz	0.0144658753709198	0.7423443811163527	0.302039262360825	0.6749930083751678	0.7532406667255126	0.6765064597129822	0.2904466388296906	0.7451665208097817	0.7476324240207	sub-20961	ses-1				space-ACPC			DSIStudio	autotrackgqi
Cerebellum_Vermis	rd2	DSIStudio	/scratch/executivefunction/SLURM_8364170_111/job-8364170-111-sub-20961-ses-1/ds/inputs/data/qsiprep/qsiprep/sub-20961/ses-1/dwi/sub-20961_ses-1_space-ACPC_desc-preproc_dwi.nii.gz	0.0144658753709198	0.5941866981708486	0.2701444909117698	0.5506539046764374	0.6029082944179932	0.5519453287124634	0.2622802131825935	0.6049691716977177	0.6069711341648905	sub-20961	ses-1				space-ACPC			DSIStudio	autotrackgqi
Cerebellum_Vermis	rd	DSIStudio	/scratch/executivefunction/SLURM_8364170_111/job-8364170-111-sub-20961-ses-1/ds/inputs/data/qsiprep/qsiprep/sub-20961/ses-1/dwi/sub-20961_ses-1_space-ACPC_desc-preproc_dwi.nii.gz	0.0144658753709198	0.6682655398432685	0.2809269870524182	0.6095975935459137	0.6780744807743515	0.6117213368415833	0.2709745067910402	0.6750678459579353	0.6773017787960018	sub-20961	ses-1				space-ACPC			DSIStudio	autotrackgqi
Cerebellum_Vermis	txx	DSIStudio	/scratch/executivefunction/SLURM_8364170_111/job-8364170-111-sub-20961-ses-1/ds/inputs/data/qsiprep/qsiprep/sub-20961/ses-1/dwi/sub-20961_ses-1_space-ACPC_desc-preproc_dwi.nii.gz	0.0144658753709198	0.0007526053072749	0.0003246325682671	0.0006940852326806	0.0007636522048977	0.0006970798131078	0.0003138426338185	0.0007579761016822	0.0007604843944229	sub-20961	ses-1				space-ACPC			DSIStudio	autotrackgqi
Cerebellum_Vermis	txy	DSIStudio	/scratch/executivefunction/SLURM_8364170_111/job-8364170-111-sub-20961-ses-1/ds/inputs/data/qsiprep/qsiprep/sub-20961/ses-1/dwi/sub-20961_ses-1_space-ACPC_desc-preproc_dwi.nii.gz	0.0144658753709198	1.35804910005161e-05	8.126678403098818e-05	1.4689913314214207e-05	1.3779828279033273e-05	1.5967052604537457e-05	8.184425759737632e-05	2.712666873511977e-05	2.721643620806395e-05	sub-20961	ses-1				space-ACPC			DSIStudio	autotrackgqi
Cerebellum_Vermis	txz	DSIStudio	/scratch/executivefunction/SLURM_8364170_111/job-8364170-111-sub-20961-ses-1/ds/inputs/data/qsiprep/qsiprep/sub-20961/ses-1/dwi/sub-20961_ses-1_space-ACPC_desc-preproc_dwi.nii.gz	0.0144658753709198	2.268157928693329e-06	8.29594033263809e-05	7.37077812118514e-06	2.301450423694849e-06	8.287044693133794e-06	8.356557463860978e-05	1.3019225633518966e-05	1.3062308875949934e-05	sub-20961	ses-1				space-ACPC			DSIStudio	autotrackgqi
Cerebellum_Vermis	tyy	DSIStudio	/scratch/executivefunction/SLURM_8364170_111/job-8364170-111-sub-20961-ses-1/ds/inputs/data/qsiprep/qsiprep/sub-20961/ses-1/dwi/sub-20961_ses-1_space-ACPC_desc-preproc_dwi.nii.gz	0.0144658753709198	0.0007772234430403	0.0003367164707253	0.0007102630916051	0.0007886316907929	0.0007128838915377	0.0003256459144505	0.0007711783344159	0.0007737303157206	sub-20961	ses-1				space-ACPC			DSIStudio	autotrackgqi
Cerebellum_Vermis	tyz	DSIStudio	/scratch/executivefunction/SLURM_8364170_111/job-8364170-111-sub-20961-ses-1/ds/inputs/data/qsiprep/qsiprep/sub-20961/ses-1/dwi/sub-20961_ses-1_space-ACPC_desc-preproc_dwi.nii.gz	0.0144658753709198	2.331967786862182e-06	9.155314042260796e-05	-4.279228051018436e-06	2.3661968962666325e-06	-5.370235612645047e-06	9.222217164097435e-05	5.250357524524528e-06	5.267731870768479e-06	sub-20961	ses-1				space-ACPC			DSIStudio	autotrackgqi
Cerebellum_Vermis	tzz	DSIStudio	/scratch/executivefunction/SLURM_8364170_111/job-8364170-111-sub-20961-ses-1/ds/inputs/data/qsiprep/qsiprep/sub-20961/ses-1/dwi/sub-20961_ses-1_space-ACPC_desc-preproc_dwi.nii.gz	0.0144658753709198	0.0007735940670977	0.0003250540351723	0.0007076867914292	0.0007849490421135	0.0007100497896317	0.0003135250394737	0.0007979426612951	0.0008005832110537	sub-20961	ses-1				space-ACPC			DSIStudio	autotrackgqi
CranialNerve_CNVR	ad	DSIStudio	/scratch/executivefunction/SLURM_8364170_111/job-8364170-111-sub-20961-ses-1/ds/inputs/data/qsiprep/qsiprep/sub-20961/ses-1/dwi/sub-20961_ses-1_space-ACPC_desc-preproc_dwi.nii.gz	0.0	1.4413740570606712	0.6820399764538044	1.1917765140533447	1.4413740570606712	1.1917765140533447	0.6820399764538044	1.5746475544288523	1.5746475544288523	sub-20961	ses-1				space-ACPC			DSIStudio	autotrackgqi
CranialNerve_CNVR	dti_fa	DSIStudio	/scratch/executivefunction/SLURM_8364170_111/job-8364170-111-sub-20961-ses-1/ds/inputs/data/qsiprep/qsiprep/sub-20961/ses-1/dwi/sub-20961_ses-1_space-ACPC_desc-preproc_dwi.nii.gz	0.0	0.3535489289583733	0.174030052654673	0.3241348266601562	0.3535489289583733	0.3241348266601562	0.174030052654673	0.4083842062004968	0.4083842062004968	sub-20961	ses-1				space-ACPC			DSIStudio	autotrackgqi
CranialNerve_CNVR	gfa	DSIStudio	/scratch/executivefunction/SLURM_8364170_111/job-8364170-111-sub-20961-ses-1/ds/inputs/data/qsiprep/qsiprep/sub-20961/ses-1/dwi/sub-20961_ses-1_space-ACPC_desc-preproc_dwi.nii.gz	0.0	0.0823091122018139	0.0386428777491029	0.0780309364199638	0.0823091122018139	0.0780309364199638	0.0386428777491029	0.100412384342914	0.100412384342914	sub-20961	ses-1				space-ACPC			DSIStudio	autotrackgqi
CranialNerve_CNVR	ha	DSIStudio	/scratch/executivefunction/SLURM_8364170_111/job-8364170-111-sub-20961-ses-1/ds/inputs/data/qsiprep/qsiprep/sub-20961/ses-1/dwi/sub-20961_ses-1_space-ACPC_desc-preproc_dwi.nii.gz	0.0	-3.593487964929307	38.139475419102034	-1.3101375102996826	-3.593487964929307	-1.3101375102996826	38.139475419102034	-3.090332248972542	-3.090332248972542	sub-20961	ses-1				space-ACPC			DSIStudio	autotrackgqi
CranialNerve_CNVR	iso	DSIStudio	/scratch/executivefunction/SLURM_8364170_111/job-8364170-111-sub-20961-ses-1/ds/inputs/data/qsiprep/qsiprep/sub-20961/ses-1/dwi/sub-20961_ses-1_space-ACPC_desc-preproc_dwi.nii.gz	0.0	0.7338210727736948	0.1984392856408781	0.7855931520462036	0.7338210727736948	0.7855931520462036	0.1984392856408781	0.7200662505003617	0.7200662505003617	sub-20961	ses-1				space-ACPC			DSIStudio	autotrackgqi
CranialNerve_CNVR	md	DSIStudio	/scratch/executivefunction/SLURM_8364170_111/job-8364170-111-sub-20961-ses-1/ds/inputs/data/qsiprep/qsiprep/sub-20961/ses-1/dwi/sub-20961_ses-1_space-ACPC_desc-preproc_dwi.nii.gz	0.0	1.0582733437407288	0.6004560812098125	0.7883626818656921	1.0582733437407288	0.7883626818656921	0.6004560812098125	1.1033592600558992	1.1033592600558992	sub-20961	ses-1				space-ACPC			DSIStudio	autotrackgqi
CranialNerve_CNVR	qa	DSIStudio	/scratch/executivefunction/SLURM_8364170_111/job-8364170-111-sub-20961-ses-1/ds/inputs/data/qsiprep/qsiprep/sub-20961/ses-1/dwi/sub-20961_ses-1_space-ACPC_desc-preproc_dwi.nii.gz	0.0	0.2734794694569145	0.1501051260735862	0.2417922168970108	0.2734794694569145	0.2417922168970108	0.1501051260735862	0.33641714552327	0.33641714552327	sub-20961	ses-1				space-ACPC			DSIStudio	autotrackgqi
CranialNerve_CNVR	rd1	DSIStudio	/scratch/executivefunction/SLURM_8364170_111/job-8364170-111-sub-20961-ses-1/ds/inputs/data/qsiprep/qsiprep/sub-20961/ses-1/dwi/sub-20961_ses-1_space-ACPC_desc-preproc_dwi.nii.gz	0.0	0.9702876021821952	0.5963238482212423	0.7420771718025208	0.9702876021821952	0.7420771718025208	0.5963238482212423	0.9775276075443928	0.9775276075443928	sub-20961	ses-1				space-ACPC			DSIStudio	autotrackgqi
CranialNerve_CNVR	rd2	DSIStudio	/scratch/executivefunction/SLURM_8364170_111/job-8364170-111-sub-20961-ses-1/ds/inputs/data/qsiprep/qsiprep/sub-20961/ses-1/dwi/sub-20961_ses-1_space-ACPC_desc-preproc_dwi.nii.gz	0.0	0.7631583743123592	0.5808153976149129	0.5421424508094788	0.7631583743123592	0.5421424508094788	0.5808153976149129	0.7579026276869563	0.7579026276869563	sub-20961	ses-1				space-ACPC			DSIStudio	autotrackgqi
CranialNerve_CNVR	rd	DSIStudio	/scratch/executivefunction/SLURM_8364170_111/job-8364170-111-sub-20961-ses-1/ds/inputs/data/qsiprep/qsiprep/sub-20961/ses-1/dwi/sub-20961_ses-1_space-ACPC_desc-preproc_dwi.nii.gz	0.0	0.866722986999203	0.5856205953762595	0.6384258270263672	0.866722986999203	0.6384258270263672	0.5856205953762595	0.8677151174768127	0.8677151174768127	sub-20961	ses-1				space-ACPC			DSIStudio	autotrackgqi
CranialNerve_CNVR	txx	DSIStudio	/scratch/executivefunction/SLURM_8364170_111/job-8364170-111-sub-20961-ses-1/ds/inputs/data/qsiprep/qsiprep/sub-20961/ses-1/dwi/sub-20961_ses-1_space-ACPC_desc-preproc_dwi.nii.gz	0.0	0.0009815737657226	0.000639250320921	0.0007416376611217	0.0009815737657226	0.0007416376611217	0.000639250320921	0.0009659290932764	0.0009659290932764	sub-20961	ses-1				space-ACPC			DSIStudio	autotrackgqi
CranialNerve_CNVR	txy	DSIStudio	/scratch/executivefunction/SLURM_8364170_111/job-8364170-111-sub-20961-ses-1/ds/inputs/data/qsiprep/qsiprep/sub-20961/ses-1/dwi/sub-20961_ses-1_space-ACPC_desc-preproc_dwi.nii.gz	0.0	-2.1444613675657972e-05	0.0001869072331079	5.287346084514866e-06	-2.1444613675657972e-05	5.287346084514866e-06	0.0001869072331079	-2.626240182104466e-05	-2.626240182104466e-05	sub-20961	ses-1				space-ACPC			DSIStudio	autotrackgqi
CranialNerve_CNVR	txz	DSIStudio	/scratch/executivefunction/SLURM_8364170_111/job-8364170-111-sub-20961-ses-1/ds/inputs/data/qsiprep/qsiprep/sub-20961/ses-1/dwi/sub-20961_ses-1_space-ACPC_desc-preproc_dwi.nii.gz	0.0	4.99878886707867e-05	0.0001131839097108	5.804314787383191e-05	4.99878886707867e-05	5.804314787383191e-05	0.0001131839097108	4.89502536227053e-05	4.89502536227053e-05	sub-20961	ses-1				space-ACPC			DSIStudio	autotrackgqi
CranialNerve_CNVR	tyy	DSIStudio	/scratch/executivefunction/SLURM_8364170_111/job-8364170-111-sub-20961-ses-1/ds/inputs/data/qsiprep/qsiprep/sub-20961/ses-1/dwi/sub-20961_ses-1_space-ACPC_desc-preproc_dwi.nii.gz	0.0	0.0011558030577741	0.000635576435219	0.0009544256026856	0.0011558030577741	0.0009544256026856	0.000635576435219	0.0012685551293898	0.0012685551293898	sub-20961	ses-1				space-ACPC			DSIStudio	autotrackgqi
CranialNerve_CNVR	tyz	DSIStudio	/scratch/executivefunction/SLURM_8364170_111/job-8364170-111-sub-20961-ses-1/ds/inputs/data/qsiprep/qsiprep/sub-20961/ses-1/dwi/sub-20961_ses-1_space-ACPC_desc-preproc_dwi.nii.gz	0.0	-3.3142201967570234e-05	0.000182355314856	-2.3800082999514416e-05	-3.3142201967570234e-05	-2.3800082999514416e-05	0.000182355314856	-4.6617467692662814e-05	-4.6617467692662814e-05	sub-20961	ses-1				space-ACPC			DSIStudio	autotrackgqi
CranialNerve_CNVR	tzz	DSIStudio	/scratch/executivefunction/SLURM_8364170_111/job-8364170-111-sub-20961-ses-1/ds/inputs/data/qsiprep/qsiprep/sub-20961/ses-1/dwi/sub-20961_ses-1_space-ACPC_desc-preproc_dwi.nii.gz	0.0	0.0010374432099243	0.000633395342768	0.0008222651085816	0.0010374432099243	0.0008222651085816	0.000633395342768	0.0010755935628856	0.0010755935628856	sub-20961	ses-1				space-ACPC			DSIStudio	autotrackgqi
CranialNerve_CNVIIIR	ad	DSIStudio	/scratch/executivefunction/SLURM_8364170_111/job-8364170-111-sub-20961-ses-1/ds/inputs/data/qsiprep/qsiprep/sub-20961/ses-1/dwi/sub-20961_ses-1_space-ACPC_desc-preproc_dwi.nii.gz	0.0	1.4064787777803711	0.6998257218363191	1.1324089765548706	1.4064787777803711	1.1324089765548706	0.6998257218363191	1.4866972393429414	1.4866972393429414	sub-20961	ses-1				space-ACPC			DSIStudio	autotrackgqi
CranialNerve_CNVIIIR	dti_fa	DSIStudio	/scratch/executivefunction/SLURM_8364170_111/job-8364170-111-sub-20961-ses-1/ds/inputs/data/qsiprep/qsiprep/sub-20961/ses-1/dwi/sub-20961_ses-1_space-ACPC_desc-preproc_dwi.nii.gz	0.0	0.3278011184792441	0.1767493846212031	0.2897114157676697	0.3278011184792441	0.2897114157676697	0.1767493846212031	0.4062241311727429	0.4062241311727429	sub-20961	ses-1				space-ACPC			DSIStudio	autotrackgqi
CranialNerve_CNVIIIR	gfa	DSIStudio	/scratch/executivefunction/SLURM_8364170_111/job-8364170-111-sub-20961-ses-1/ds/inputs/data/qsiprep/qsiprep/sub-20961/ses-1/dwi/sub-20961_ses-1_space-ACPC_desc-preproc_dwi.nii.gz	0.0	0.074764658465663	0.039038868273659	0.0660979077219963	0.074764658465663	0.0660979077219963	0.039038868273659	0.0947069467912266	0.0947069467912266	sub-20961	ses-1				space-ACPC			DSIStudio	autotrackgqi
CranialNerve_CNVIIIR	ha	DSIStudio	/scratch/executivefunction/SLURM_8364170_111/job-8364170-111-sub-20961-ses-1/ds/inputs/data/qsiprep/qsiprep/sub-20961/ses-1/dwi/sub-20961_ses-1_space-ACPC_desc-preproc_dwi.nii.gz	0.0	-11.675673553823836	40.560543162876655	-15.225737571716309	-11.675673553823836	-15.225737571716309	40.560543162876655	-21.532657297316568	-21.532657297316568	sub-20961	ses-1				space-ACPC			DSIStudio	autotrackgqi
CranialNerve_CNVIIIR	iso	DSIStudio	/scratch/executivefunction/SLURM_8364170_111/job-8364170-111-sub-20961-ses-1/ds/inputs/data/qsiprep/qsiprep/sub-20961/ses-1/dwi/sub-20961_ses-1_space-ACPC_desc-preproc_dwi.nii.gz	0.0	0.7541963554034798	0.1902700995069139	0.8016867637634277	0.7541963554034798	0.8016867637634277	0.1902700995069139	0.7423934403979414	0.7423934403979414	sub-20961	ses-1				space-ACPC			DSIStudio	autotrackgqi
CranialNerve_CNVIIIR	md	DSIStudio	/scratch/executivefunction/SLURM_8364170_111/job-8364170-111-sub-20961-ses-1/ds/inputs/data/qsiprep/qsiprep/sub-20961/ses-1/dwi/sub-20961_ses-1_space-ACPC_desc-preproc_dwi.nii.gz	0.0	1.0554980138425187	0.6118785066854725	0.7899577617645264	1.0554980138425187	0.7899577617645264	0.6118785066854725	1.033143229519461	1.033143229519461	sub-20961	ses-1				space-ACPC			DSIStudio	autotrackgqi
CranialNerve_CNVIIIR	qa	DSIStudio	/scratch/executivefunction/SLURM_8364170_111/job-8364170-111-sub-20961-ses-1/ds/inputs/data/qsiprep/qsiprep/sub-20961/ses-1/dwi/sub-20961_ses-1_space-ACPC_desc-preproc_dwi.nii.gz	0.0	0.2522431875255807	0.1544706878005688	0.2069495916366577	0.2522431875255807	0.2069495916366577	0.1544706878005688	0.3250774096535813	0.3250774096535813	sub-20961	ses-1				space-ACPC			DSIStudio	autotrackgqi
CranialNerve_CNVIIIR	rd1	DSIStudio	/scratch/executivefunction/SLURM_8364170_111/job-8364170-111-sub-20961-ses-1/ds/inputs/data/qsiprep/qsiprep/sub-20961/ses-1/dwi/sub-20961_ses-1_space-ACPC_desc-preproc_dwi.nii.gz	0.0	0.98094038325983	0.6155735296507093	0.7470759153366089	0.98094038325983	0.7470759153366089	0.6155735296507093	0.9100995249698782	0.9100995249698782	sub-20961	ses-1				space-ACPC			DSIStudio	autotrackgqi
CranialNerve_CNVIIIR	rd2	DSIStudio	/scratch/executivefunction/SLURM_8364170_111/job-8364170-111-sub-20961-ses-1/ds/inputs/data/qsiprep/qsiprep/sub-20961/ses-1/dwi/sub-20961_ses-1_space-ACPC_desc-preproc_dwi.nii.gz	0.0	0.7790748840534213	0.5775510969071431	0.5781985521316528	0.7790748840534213	0.5781985521316528	0.5775510969071431	0.7026329220637497	0.7026329220637497	sub-20961	ses-1				space-ACPC			DSIStudio	autotrackgqi
CranialNerve_CNVIIIR	rd	DSIStudio	/scratch/executivefunction/SLURM_8364170_111/job-8364170-111-sub-20961-ses-1/ds/inputs/data/qsiprep/qsiprep/sub-20961/ses-1/dwi/sub-20961_ses-1_space-ACPC_desc-preproc_dwi.nii.gz	0.0	0.8800076355906471	0.5936155710116982	0.6573464274406433	0.8800076355906471	0.6573464274406433	0.5936155710116982	0.8063662248255105	0.8063662248255105	sub-20961	ses-1				space-ACPC			DSIStudio	autotrackgqi
CranialNerve_CNVIIIR	txx	DSIStudio	/scratch/executivefunction/SLURM_8364170_111/job-8364170-111-sub-20961-ses-1/ds/inputs/data/qsiprep/qsiprep/sub-20961/ses-1/dwi/sub-20961_ses-1_space-ACPC_desc-preproc_dwi.nii.gz	0.0	0.0009500945720368	0.0006352915422669	0.0007230536430142	0.0009500945720368	0.0007230536430142	0.0006352915422669	0.0008888038591068	0.0008888038591068	sub-20961	ses-1				space-ACPC			DSIStudio	autotrackgqi
CranialNerve_CNVIIIR	txy	DSIStudio	/scratch/executivefunction/SLURM_8364170_111/job-8364170-111-sub-20961-ses-1/ds/inputs/data/qsiprep/qsiprep/sub-20961/ses-1/dwi/sub-20961_ses-1_space-ACPC_desc-preproc_dwi.nii.gz	0.0	7.519438210554927e-06	0.0001635625145524	2.423912701488007e-05	7.519438210554927e-06	2.423912701488007e-05	0.0001635625145524	9.891744994843522e-05	9.891744994843522e-05	sub-20961	ses-1				space-ACPC			DSIStudio	autotrackgqi
CranialNerve_CNVIIIR	txz	DSIStudio	/scratch/executivefunction/SLURM_8364170_111/job-8364170-111-sub-20961-ses-1/ds/inputs/data/qsiprep/qsiprep/sub-20961/ses-1/dwi/sub-20961_ses-1_space-ACPC_desc-preproc_dwi.nii.gz	0.0	5.141844722630041e-05	0.0001133253777486	4.9652164307190105e-05	5.141844722630041e-05	4.9652164307190105e-05	0.0001133253777486	4.4786580675904456e-05	4.4786580675904456e-05	sub-20961	ses-1				space-ACPC			DSIStudio	autotrackgqi
CranialNerve_CNVIIIR	tyy	DSIStudio	/scratch/executivefunction/SLURM_8364170_111/job-8364170-111-sub-20961-ses-1/ds/inputs/data/qsiprep/qsiprep/sub-20961/ses-1/dwi/sub-20961_ses-1_space-ACPC_desc-preproc_dwi.nii.gz	0.0	0.0011406340558888	0.0006405030059011	0.0009320937679149	0.0011406340558888	0.0009320937679149	0.0006405030059011	0.0010978328811407	0.0010978328811407	sub-20961	ses-1				space-ACPC			DSIStudio	autotrackgqi
CranialNerve_CNVIIIR	tyz	DSIStudio	/scratch/executivefunction/SLURM_8364170_111/job-8364170-111-sub-20961-ses-1/ds/inputs/data/qsiprep/qsiprep/sub-20961/ses-1/dwi/sub-20961_ses-1_space-ACPC_desc-preproc_dwi.nii.gz	0.0	-4.699176226695245e-06	0.0001951693342452	1.223576873599086e-05	-4.699176226695245e-06	1.223576873599086e-05	0.0001951693342452	7.761463758541569e-05	7.761463758541569e-05	sub-20961	ses-1				space-ACPC			DSIStudio	autotrackgqi
CranialNerve_CNVIIIR	tzz	DSIStudio	/scratch/executivefunction/SLURM_8364170_111/job-8364170-111-sub-20961-ses-1/ds/inputs/data/qsiprep/qsiprep/sub-20961/ses-1/dwi/sub-20961_ses-1_space-ACPC_desc-preproc_dwi.nii.gz	0.0	0.0010757654196843	0.0006434144391101	0.0008567733457311	0.0010757654196843	0.0008567733457311	0.0006434144391101	0.0011127929561749	0.0011127929561749	sub-20961	ses-1				space-ACPC			DSIStudio	autotrackgqi
CranialNerve_CNIIR	ad	DSIStudio	/scratch/executivefunction/SLURM_8364170_111/job-8364170-111-sub-20961-ses-1/ds/inputs/data/qsiprep/qsiprep/sub-20961/ses-1/dwi/sub-20961_ses-1_space-ACPC_desc-preproc_dwi.nii.gz	0.0	1.532664869159513	0.6223219260306169	1.3247851133346558	1.532664869159513	1.3247851133346558	0.6223219260306169	1.6010335417479271	1.6010335417479271	sub-20961	ses-1				space-ACPC			DSIStudio	autotrackgqi
CranialNerve_CNIIR	dti_fa	DSIStudio	/scratch/executivefunction/SLURM_8364170_111/job-8364170-111-sub-20961-ses-1/ds/inputs/data/qsiprep/qsiprep/sub-20961/ses-1/dwi/sub-20961_ses-1_space-ACPC_desc-preproc_dwi.nii.gz	0.0	0.3217694790527074	0.169292055070096	0.2963347733020782	0.3217694790527074	0.2963347733020782	0.169292055070096	0.3573775291326413	0.3573775291326413	sub-20961	ses-1				space-ACPC			DSIStudio	autotrackgqi
CranialNerve_CNIIR	gfa	DSIStudio	/scratch/executivefunction/SLURM_8364170_111/job-8364170-111-sub-20961-ses-1/ds/inputs/data/qsiprep/qsiprep/sub-20961/ses-1/dwi/sub-20961_ses-1_space-ACPC_desc-preproc_dwi.nii.gz	0.0	0.0801866417645825	0.0368539887588933	0.0740539506077766	0.0801866417645825	0.0740539506077766	0.0368539887588933	0.0896008855937013	0.0896008855937013	sub-20961	ses-1				space-ACPC			DSIStudio	autotrackgqi
CranialNerve_CNIIR	ha	DSIStudio	/scratch/executivefunction/SLURM_8364170_111/job-8364170-111-sub-20961-ses-1/ds/inputs/data/qsiprep/qsiprep/sub-20961/ses-1/dwi/sub-20961_ses-1_space-ACPC_desc-preproc_dwi.nii.gz	0.0	-7.429984989588739	34.711036979713136	-12.034786224365234	-7.429984989588739	-12.034786224365234	34.711036979713136	-10.4757613037692	-10.4757613037692	sub-20961	ses-1				space-ACPC			DSIStudio	autotrackgqi
CranialNerve_CNIIR	iso	DSIStudio	/scratch/executivefunction/SLURM_8364170_111/job-8364170-111-sub-20961-ses-1/ds/inputs/data/qsiprep/qsiprep/sub-20961/ses-1/dwi/sub-20961_ses-1_space-ACPC_desc-preproc_dwi.nii.gz	0.0	0.6030479839693249	0.1582213510205307	0.6339214444160461	0.6030479839693249	0.6339214444160461	0.1582213510205307	0.5839199993344988	0.5839199993344988	sub-20961	ses-1				space-ACPC			DSIStudio	autotrackgqi
CranialNerve_CNIIR	md	DSIStudio	/scratch/executivefunction/SLURM_8364170_111/job-8364170-111-sub-20961-ses-1/ds/inputs/data/qsiprep/qsiprep/sub-20961/ses-1/dwi/sub-20961_ses-1_space-ACPC_desc-preproc_dwi.nii.gz	0.0	1.156683529119345	0.5699786478177361	0.9061118960380554	1.156683529119345	0.9061118960380554	0.5699786478177361	1.1658569219596315	1.1658569219596315	sub-20961	ses-1				space-ACPC			DSIStudio	autotrackgqi
CranialNerve_CNIIR	qa	DSIStudio	/scratch/executivefunction/SLURM_8364170_111/job-8364170-111-sub-20961-ses-1/ds/inputs/data/qsiprep/qsiprep/sub-20961/ses-1/dwi/sub-20961_ses-1_space-ACPC_desc-preproc_dwi.nii.gz	0.0	0.2210826030929606	0.1213054704626838	0.1939515769481659	0.2210826030929606	0.1939515769481659	0.1213054704626838	0.2438379721499072	0.2438379721499072	sub-20961	ses-1				space-ACPC			DSIStudio	autotrackgqi
CranialNerve_CNIIR	rd1	DSIStudio	/scratch/executivefunction/SLURM_8364170_111/job-8364170-111-sub-20961-ses-1/ds/inputs/data/qsiprep/qsiprep/sub-20961/ses-1/dwi/sub-20961_ses-1_space-ACPC_desc-preproc_dwi.nii.gz	0.0	1.068125597562886	0.5824434343972594	0.8383386731147766	1.068125597562886	0.8383386731147766	0.5824434343972594	1.0509752913092858	1.0509752913092858	sub-20961	ses-1				space-ACPC			DSIStudio	autotrackgqi
CranialNerve_CNIIR	rd2	DSIStudio	/scratch/executivefunction/SLURM_8364170_111/job-8364170-111-sub-20961-ses-1/ds/inputs/data/qsiprep/qsiprep/sub-20961/ses-1/dwi/sub-20961_ses-1_space-ACPC_desc-preproc_dwi.nii.gz	0.0	0.8692601209094557	0.566920381924286	0.6627931594848633	0.8692601209094557	0.6627931594848633	0.566920381924286	0.8455619250290815	0.8455619250290815	sub-20961	ses-1				space-ACPC			DSIStudio	autotrackgqi
CranialNerve_CNIIR	rd	DSIStudio	/scratch/executivefunction/SLURM_8364170_111/job-8364170-111-sub-20961-ses-1/ds/inputs/data/qsiprep/qsiprep/sub-20961/ses-1/dwi/sub-20961_ses-1_space-ACPC_desc-preproc_dwi.nii.gz	0.0	0.9686928605301958	0.5714726402864835	0.738322377204895	0.9686928605301958	0.738322377204895	0.5714726402864835	0.948268611604075	0.948268611604075	sub-20961	ses-1				space-ACPC			DSIStudio	autotrackgqi
CranialNerve_CNIIR	txx	DSIStudio	/scratch/executivefunction/SLURM_8364170_111/job-8364170-111-sub-20961-ses-1/ds/inputs/data/qsiprep/qsiprep/sub-20961/ses-1/dwi/sub-20961_ses-1_space-ACPC_desc-preproc_dwi.nii.gz	0.0	0.0011831823396809	0.0005765901985418	0.0009886843618005	0.0011831823396809	0.0009886843618005	0.0005765901985418	0.0011826302786232	0.0011826302786232	sub-20961	ses-1				space-ACPC			DSIStudio	autotrackgqi
CranialNerve_CNIIR	txy	DSIStudio	/scratch/executivefunction/SLURM_8364170_111/job-8364170-111-sub-20961-ses-1/ds/inputs/data/qsiprep/qsiprep/sub-20961/ses-1/dwi/sub-20961_ses-1_space-ACPC_desc-preproc_dwi.nii.gz	0.0	-9.020377595281036e-06	0.0001835788867146	6.672669314866653e-07	-9.020377595281036e-06	6.672669314866653e-07	0.0001835788867146	-9.066253227123857e-05	-9.066253227123857e-05	sub-20961	ses-1				space-ACPC			DSIStudio	autotrackgqi
CranialNerve_CNIIR	txz	DSIStudio	/scratch/executivefunction/SLURM_8364170_111/job-8364170-111-sub-20961-ses-1/ds/inputs/data/qsiprep/qsiprep/sub-20961/ses-1/dwi/sub-20961_ses-1_space-ACPC_desc-preproc_dwi.nii.gz	0.0	1.5075993444086732e-05	0.0001795286041128	1.6158766811713576e-05	1.5075993444086732e-05	1.6158766811713576e-05	0.0001795286041128	-3.4065000330609014e-05	-3.4065000330609014e-05	sub-20961	ses-1				space-ACPC			DSIStudio	autotrackgqi
CranialNerve_CNIIR	tyy	DSIStudio	/scratch/executivefunction/SLURM_8364170_111/job-8364170-111-sub-20961-ses-1/ds/inputs/data/qsiprep/qsiprep/sub-20961/ses-1/dwi/sub-20961_ses-1_space-ACPC_desc-preproc_dwi.nii.gz	0.0	0.0011492721480172	0.0006037926760978	0.0009406018070876	0.0011492721480172	0.0009406018070876	0.0006037926760978	0.0012129267378957	0.0012129267378957	sub-20961	ses-1				space-ACPC			DSIStudio	autotrackgqi
CranialNerve_CNIIR	tyz	DSIStudio	/scratch/executivefunction/SLURM_8364170_111/job-8364170-111-sub-20961-ses-1/ds/inputs/data/qsiprep/qsiprep/sub-20961/ses-1/dwi/sub-20961_ses-1_space-ACPC_desc-preproc_dwi.nii.gz	0.0	4.171119138987411e-05	0.0001812136657337	1.567724575579632e-05	4.171119138987411e-05	1.567724575579632e-05	0.0001812136657337	9.471471632923516e-05	9.471471632923516e-05	sub-20961	ses-1				space-ACPC			DSIStudio	autotrackgqi
CranialNerve_CNIIR	tzz	DSIStudio	/scratch/executivefunction/SLURM_8364170_111/job-8364170-111-sub-20961-ses-1/ds/inputs/data/qsiprep/qsiprep/sub-20961/ses-1/dwi/sub-20961_ses-1_space-ACPC_desc-preproc_dwi.nii.gz	0.0	0.00113759610523	0.0006164088414372	0.0008919422398321	0.00113759610523	0.0008919422398321	0.0006164088414372	0.0011020137529032	0.0011020137529032	sub-20961	ses-1				space-ACPC			DSIStudio	autotrackgqi
CranialNerve_CNVIIL	ad	DSIStudio	/scratch/executivefunction/SLURM_8364170_111/job-8364170-111-sub-20961-ses-1/ds/inputs/data/qsiprep/qsiprep/sub-20961/ses-1/dwi/sub-20961_ses-1_space-ACPC_desc-preproc_dwi.nii.gz	0.0	1.627874968313191	0.8489177901068073	1.3039252758026123	1.627874968313191	1.3039252758026123	0.8489177901068073	1.6634410645033375	1.6634410645033375	sub-20961	ses-1				space-ACPC			DSIStudio	autotrackgqi
CranialNerve_CNVIIL	dti_fa	DSIStudio	/scratch/executivefunction/SLURM_8364170_111/job-8364170-111-sub-20961-ses-1/ds/inputs/data/qsiprep/qsiprep/sub-20961/ses-1/dwi/sub-20961_ses-1_space-ACPC_desc-preproc_dwi.nii.gz	0.0	0.3188377704420318	0.17440043011106	0.2808344662189483	0.3188377704420318	0.2808344662189483	0.17440043011106	0.3173763843053819	0.3173763843053819	sub-20961	ses-1				space-ACPC			DSIStudio	autotrackgqi
CranialNerve_CNVIIL	gfa	DSIStudio	/scratch/executivefunction/SLURM_8364170_111/job-8364170-111-sub-20961-ses-1/ds/inputs/data/qsiprep/qsiprep/sub-20961/ses-1/dwi/sub-20961_ses-1_space-ACPC_desc-preproc_dwi.nii.gz	0.0	0.0757577277311723	0.0329211853569339	0.0690813511610031	0.0757577277311723	0.0690813511610031	0.0329211853569339	0.0746503249388597	0.0746503249388597	sub-20961	ses-1				space-ACPC			DSIStudio	autotrackgqi
CranialNerve_CNVIIL	ha	DSIStudio	/scratch/executivefunction/SLURM_8364170_111/job-8364170-111-sub-20961-ses-1/ds/inputs/data/qsiprep/qsiprep/sub-20961/ses-1/dwi/sub-20961_ses-1_space-ACPC_desc-preproc_dwi.nii.gz	0.0	0.459065773879012	34.14056291401784	-1.3745659589767456	0.459065773879012	-1.3745659589767456	34.14056291401784	-1.830153735000421	-1.830153735000421	sub-20961	ses-1				space-ACPC			DSIStudio	autotrackgqi
CranialNerve_CNVIIL	iso	DSIStudio	/scratch/executivefunction/SLURM_8364170_111/job-8364170-111-sub-20961-ses-1/ds/inputs/data/qsiprep/qsiprep/sub-20961/ses-1/dwi/sub-20961_ses-1_space-ACPC_desc-preproc_dwi.nii.gz	0.0	0.6447315362830685	0.2243419436234108	0.6889451742172241	0.6447315362830685	0.6889451742172241	0.2243419436234108	0.6570678168285708	0.6570678168285708	sub-20961	ses-1				space-ACPC			DSIStudio	autotrackgqi
CranialNerve_CNVIIL	md	DSIStudio	/scratch/executivefunction/SLURM_8364170_111/job-8364170-111-sub-20961-ses-1/ds/inputs/data/qsiprep/qsiprep/sub-20961/ses-1/dwi/sub-20961_ses-1_space-ACPC_desc-preproc_dwi.nii.gz	0.0	1.2601145387512365	0.787327423630517	0.877086341381073	1.2601145387512365	0.877086341381073	0.787327423630517	1.272438990404779	1.272438990404779	sub-20961	ses-1				space-ACPC			DSIStudio	autotrackgqi
CranialNerve_CNVIIL	qa	DSIStudio	/scratch/executivefunction/SLURM_8364170_111/job-8364170-111-sub-20961-ses-1/ds/inputs/data/qsiprep/qsiprep/sub-20961/ses-1/dwi/sub-20961_ses-1_space-ACPC_desc-preproc_dwi.nii.gz	0.0	0.2226100867843791	0.1359601189986654	0.1883504539728164	0.2226100867843791	0.1883504539728164	0.1359601189986654	0.2181449896993313	0.2181449896993313	sub-20961	ses-1				space-ACPC			DSIStudio	autotrackgqi
CranialNerve_CNVIIL	rd1	DSIStudio	/scratch/executivefunction/SLURM_8364170_111/job-8364170-111-sub-20961-ses-1/ds/inputs/data/qsiprep/qsiprep/sub-20961/ses-1/dwi/sub-20961_ses-1_space-ACPC_desc-preproc_dwi.nii.gz	0.0	1.1959663970013188	0.8084809050935702	0.8237741589546204	1.1959663970013188	0.8237741589546204	0.8084809050935702	1.1842282319783095	1.1842282319783095	sub-20961	ses-1				space-ACPC			DSIStudio	autotrackgqi
CranialNerve_CNVIIL	rd2	DSIStudio	/scratch/executivefunction/SLURM_8364170_111/job-8364170-111-sub-20961-ses-1/ds/inputs/data/qsiprep/qsiprep/sub-20961/ses-1/dwi/sub-20961_ses-1_space-ACPC_desc-preproc_dwi.nii.gz	0.0	0.9565022617782633	0.746519516291989	0.6337178349494934	0.9565022617782633	0.6337178349494934	0.746519516291989	0.969647691316839	0.969647691316839	sub-20961	ses-1				space-ACPC			DSIStudio	autotrackgqi
CranialNerve_CNVIIL	rd	DSIStudio	/scratch/executivefunction/SLURM_8364170_111/job-8364170-111-sub-20961-ses-1/ds/inputs/data/qsiprep/qsiprep/sub-20961/ses-1/dwi/sub-20961_ses-1_space-ACPC_desc-preproc_dwi.nii.gz	0.0	1.0762343241743846	0.7745425566801113	0.7110738158226013	1.0762343241743846	0.7110738158226013	0.7745425566801113	1.0769379624195232	1.0769379624195232	sub-20961	ses-1				space-ACPC			DSIStudio	autotrackgqi
CranialNerve_CNVIIL	txx	DSIStudio	/scratch/executivefunction/SLURM_8364170_111/job-8364170-111-sub-20961-ses-1/ds/inputs/data/qsiprep/qsiprep/sub-20961/ses-1/dwi/sub-20961_ses-1_space-ACPC_desc-preproc_dwi.nii.gz	0.0	0.0011887823025798	0.0008366783216146	0.0008425377309322	0.0011887823025798	0.0008425377309322	0.0008366783216146	0.0012268166600728	0.0012268166600728	sub-20961	ses-1				space-ACPC			DSIStudio	autotrackgqi
CranialNerve_CNVIIL	txy	DSIStudio	/scratch/executivefunction/SLURM_8364170_111/job-8364170-111-sub-20961-ses-1/ds/inputs/data/qsiprep/qsiprep/sub-20961/ses-1/dwi/sub-20961_ses-1_space-ACPC_desc-preproc_dwi.nii.gz	0.0	8.753029574023297e-06	0.000169593462321	-5.059839168097824e-06	8.753029574023297e-06	-5.059839168097824e-06	0.000169593462321	-5.692212033270023e-05	-5.692212033270023e-05	sub-20961	ses-1				space-ACPC			DSIStudio	autotrackgqi
CranialNerve_CNVIIL	txz	DSIStudio	/scratch/executivefunction/SLURM_8364170_111/job-8364170-111-sub-20961-ses-1/ds/inputs/data/qsiprep/qsiprep/sub-20961/ses-1/dwi/sub-20961_ses-1_space-ACPC_desc-preproc_dwi.nii.gz	0.0	-3.068015423884253e-05	0.000134752332134	-4.036317113786936e-05	-3.068015423884253e-05	-4.036317113786936e-05	0.000134752332134	-5.9343992524054905e-06	-5.9343992524054905e-06	sub-20961	ses-1				space-ACPC			DSIStudio	autotrackgqi
CranialNerve_CNVIIL	tyy	DSIStudio	/scratch/executivefunction/SLURM_8364170_111/job-8364170-111-sub-20961-ses-1/ds/inputs/data/qsiprep/qsiprep/sub-20961/ses-1/dwi/sub-20961_ses-1_space-ACPC_desc-preproc_dwi.nii.gz	0.0	0.0013776616664596	0.0007703155088281	0.001078886212781	0.0013776616664596	0.001078886212781	0.0007703155088281	0.0013847326477209	0.0013847326477209	sub-20961	ses-1				space-ACPC			DSIStudio	autotrackgqi
CranialNerve_CNVIIL	tyz	DSIStudio	/scratch/executivefunction/SLURM_8364170_111/job-8364170-111-sub-20961-ses-1/ds/inputs/data/qsiprep/qsiprep/sub-20961/ses-1/dwi/sub-20961_ses-1_space-ACPC_desc-preproc_dwi.nii.gz	0.0	3.331947442448721e-06	0.0001692055780941	-3.1352119123084776e-08	3.331947442448721e-06	-3.1352119123084776e-08	0.0001692055780941	3.0322102924646787e-05	3.0322102924646787e-05	sub-20961	ses-1				space-ACPC			DSIStudio	autotrackgqi
CranialNerve_CNVIIL	tzz	DSIStudio	/scratch/executivefunction/SLURM_8364170_111/job-8364170-111-sub-20961-ses-1/ds/inputs/data/qsiprep/qsiprep/sub-20961/ses-1/dwi/sub-20961_ses-1_space-ACPC_desc-preproc_dwi.nii.gz	0.0	0.0012138996454679	0.0008339783857557	0.0008875810308381	0.0012138996454679	0.0008875810308381	0.0008339783857557	0.0012057676732633	0.0012057676732633	sub-20961	ses-1				space-ACPC			DSIStudio	autotrackgqi
CranialNerve_CNIIIL	ad	DSIStudio	/scratch/executivefunction/SLURM_8364170_111/job-8364170-111-sub-20961-ses-1/ds/inputs/data/qsiprep/qsiprep/sub-20961/ses-1/dwi/sub-20961_ses-1_space-ACPC_desc-preproc_dwi.nii.gz	0.0	1.4502781541024974	0.7171365861228834	1.193057656288147	1.4502781541024974	1.193057656288147	0.7171365861228834	1.3328003352982516	1.3328003352982516	sub-20961	ses-1				space-ACPC			DSIStudio	autotrackgqi
CranialNerve_CNIIIL	dti_fa	DSIStudio	/scratch/executivefunction/SLURM_8364170_111/job-8364170-111-sub-20961-ses-1/ds/inputs/data/qsiprep/qsiprep/sub-20961/ses-1/dwi/sub-20961_ses-1_space-ACPC_desc-preproc_dwi.nii.gz	0.0	0.3415620884702439	0.1608004480687361	0.3276464343070984	0.3415620884702439	0.3276464343070984	0.1608004480687361	0.330200629572816	0.330200629572816	sub-20961	ses-1				space-ACPC			DSIStudio	autotrackgqi
CranialNerve_CNIIIL	gfa	DSIStudio	/scratch/executivefunction/SLURM_8364170_111/job-8364170-111-sub-20961-ses-1/ds/inputs/data/qsiprep/qsiprep/sub-20961/ses-1/dwi/sub-20961_ses-1_space-ACPC_desc-preproc_dwi.nii.gz	0.0	0.0797630635334737	0.0398766034155438	0.0729208812117576	0.0797630635334737	0.0729208812117576	0.0398766034155438	0.0774207624267862	0.0774207624267862	sub-20961	ses-1				space-ACPC			DSIStudio	autotrackgqi
CranialNerve_CNIIIL	ha	DSIStudio	/scratch/executivefunction/SLURM_8364170_111/job-8364170-111-sub-20961-ses-1/ds/inputs/data/qsiprep/qsiprep/sub-20961/ses-1/dwi/sub-20961_ses-1_space-ACPC_desc-preproc_dwi.nii.gz	0.0	0.9515360906937552	40.55588548827656	2.0391788482666016	0.9515360906937552	2.0391788482666016	40.55588548827656	-0.908500349848424	-0.908500349848424	sub-20961	ses-1				space-ACPC			DSIStudio	autotrackgqi
CranialNerve_CNIIIL	iso	DSIStudio	/scratch/executivefunction/SLURM_8364170_111/job-8364170-111-sub-20961-ses-1/ds/inputs/data/qsiprep/qsiprep/sub-20961/ses-1/dwi/sub-20961_ses-1_space-ACPC_desc-preproc_dwi.nii.gz	0.0	0.6343521667095964	0.154301461674208	0.6660329103469849	0.6343521667095964	0.6660329103469849	0.154301461674208	0.6740068746349156	0.6740068746349156	sub-20961	ses-1				space-ACPC			DSIStudio	autotrackgqi
CranialNerve_CNIIIL	md	DSIStudio	/scratch/executivefunction/SLURM_8364170_111/job-8364170-111-sub-20961-ses-1/ds/inputs/data/qsiprep/qsiprep/sub-20961/ses-1/dwi/sub-20961_ses-1_space-ACPC_desc-preproc_dwi.nii.gz	0.0	1.06614040308669	0.6054510389091573	0.8174066543579102	1.06614040308669	0.8174066543579102	0.6054510389091573	0.9816363635439542	0.9816363635439542	sub-20961	ses-1				space-ACPC			DSIStudio	autotrackgqi
CranialNerve_CNIIIL	qa	DSIStudio	/scratch/executivefunction/SLURM_8364170_111/job-8364170-111-sub-20961-ses-1/ds/inputs/data/qsiprep/qsiprep/sub-20961/ses-1/dwi/sub-20961_ses-1_space-ACPC_desc-preproc_dwi.nii.gz	0.0	0.2328821777931812	0.1480962704201435	0.202886626124382	0.2328821777931812	0.202886626124382	0.1480962704201435	0.2342282839094768	0.2342282839094768	sub-20961	ses-1				space-ACPC			DSIStudio	autotrackgqi
CranialNerve_CNIIIL	rd1	DSIStudio	/scratch/executivefunction/SLURM_8364170_111/job-8364170-111-sub-20961-ses-1/ds/inputs/data/qsiprep/qsiprep/sub-20961/ses-1/dwi/sub-20961_ses-1_space-ACPC_desc-preproc_dwi.nii.gz	0.0	0.9776692856053776	0.5977020605259548	0.7736971378326416	0.9776692856053776	0.7736971378326416	0.5977020605259548	0.9069065116844904	0.9069065116844904	sub-20961	ses-1				space-ACPC			DSIStudio	autotrackgqi
CranialNerve_CNIIIL	rd2	DSIStudio	/scratch/executivefunction/SLURM_8364170_111/job-8364170-111-sub-20961-ses-1/ds/inputs/data/qsiprep/qsiprep/sub-20961/ses-1/dwi/sub-20961_ses-1_space-ACPC_desc-preproc_dwi.nii.gz	0.0	0.7704737704217592	0.566764132950384	0.5868306756019592	0.7704737704217592	0.5868306756019592	0.566764132950384	0.7052022488692982	0.7052022488692982	sub-20961	ses-1				space-ACPC			DSIStudio	autotrackgqi
CranialNerve_CNIIIL	rd	DSIStudio	/scratch/executivefunction/SLURM_8364170_111/job-8364170-111-sub-20961-ses-1/ds/inputs/data/qsiprep/qsiprep/sub-20961/ses-1/dwi/sub-20961_ses-1_space-ACPC_desc-preproc_dwi.nii.gz	0.0	0.8740715275392609	0.5794457568314587	0.6836899518966675	0.8740715275392609	0.6836899518966675	0.5794457568314587	0.8060543820778956	0.8060543820778956	sub-20961	ses-1				space-ACPC			DSIStudio	autotrackgqi
CranialNerve_CNIIIL	txx	DSIStudio	/scratch/executivefunction/SLURM_8364170_111/job-8364170-111-sub-20961-ses-1/ds/inputs/data/qsiprep/qsiprep/sub-20961/ses-1/dwi/sub-20961_ses-1_space-ACPC_desc-preproc_dwi.nii.gz	0.0	0.0009420214013835	0.000591636700547	0.0007559896912425	0.0009420214013835	0.0007559896912425	0.000591636700547	0.0008252639237875	0.0008252639237875	sub-20961	ses-1				space-ACPC			DSIStudio	autotrackgqi
CranialNerve_CNIIIL	txy	DSIStudio	/scratch/executivefunction/SLURM_8364170_111/job-8364170-111-sub-20961-ses-1/ds/inputs/data/qsiprep/qsiprep/sub-20961/ses-1/dwi/sub-20961_ses-1_space-ACPC_desc-preproc_dwi.nii.gz	0.0	-1.684444879205769e-05	0.0001313060874092	-1.5263767636497505e-05	-1.684444879205769e-05	-1.5263767636497505e-05	0.0001313060874092	-1.4871813507543283e-05	-1.4871813507543283e-05	sub-20961	ses-1				space-ACPC			DSIStudio	autotrackgqi
CranialNerve_CNIIIL	txz	DSIStudio	/scratch/executivefunction/SLURM_8364170_111/job-8364170-111-sub-20961-ses-1/ds/inputs/data/qsiprep/qsiprep/sub-20961/ses-1/dwi/sub-20961_ses-1_space-ACPC_desc-preproc_dwi.nii.gz	0.0	1.810786238390865e-05	0.0001069813603393	1.071745191438822e-05	1.810786238390865e-05	1.071745191438822e-05	0.0001069813603393	1.8777497815405218e-05	1.8777497815405218e-05	sub-20961	ses-1				space-ACPC			DSIStudio	autotrackgqi
CranialNerve_CNIIIL	tyy	DSIStudio	/scratch/executivefunction/SLURM_8364170_111/job-8364170-111-sub-20961-ses-1/ds/inputs/data/qsiprep/qsiprep/sub-20961/ses-1/dwi/sub-20961_ses-1_space-ACPC_desc-preproc_dwi.nii.gz	0.0	0.0011570833683469	0.0006093888131066	0.0009593259892426	0.0011570833683469	0.0009593259892426	0.0006093888131066	0.0010985263599884	0.0010985263599884	sub-20961	ses-1				space-ACPC			DSIStudio	autotrackgqi
CranialNerve_CNIIIL	tyz	DSIStudio	/scratch/executivefunction/SLURM_8364170_111/job-8364170-111-sub-20961-ses-1/ds/inputs/data/qsiprep/qsiprep/sub-20961/ses-1/dwi/sub-20961_ses-1_space-ACPC_desc-preproc_dwi.nii.gz	0.0	-9.69374722726884e-05	0.0002393864483333	-3.9687380194664e-05	-9.69374722726884e-05	-3.9687380194664e-05	0.0002393864483333	-8.712232743830716e-05	-8.712232743830716e-05	sub-20961	ses-1				space-ACPC			DSIStudio	autotrackgqi
CranialNerve_CNIIIL	tzz	DSIStudio	/scratch/executivefunction/SLURM_8364170_111/job-8364170-111-sub-20961-ses-1/ds/inputs/data/qsiprep/qsiprep/sub-20961/ses-1/dwi/sub-20961_ses-1_space-ACPC_desc-preproc_dwi.nii.gz	0.0	0.0010993164431041	0.0007052624193478	0.0008363634115085	0.0010993164431041	0.0008363634115085	0.0007052624193478	0.0010211188164976	0.0010211188164976	sub-20961	ses-1				space-ACPC			DSIStudio	autotrackgqi
CranialNerve_CNVIIR	ad	DSIStudio	/scratch/executivefunction/SLURM_8364170_111/job-8364170-111-sub-20961-ses-1/ds/inputs/data/qsiprep/qsiprep/sub-20961/ses-1/dwi/sub-20961_ses-1_space-ACPC_desc-preproc_dwi.nii.gz	0.0	1.6979433230378411	0.5441201678032709	1.594679832458496	1.6979433230378411	1.594679832458496	0.5441201678032709	1.6940498598871383	1.694049687239036	sub-20961	ses-1				space-ACPC			DSIStudio	autotrackgqi
CranialNerve_CNVIIR	dti_fa	DSIStudio	/scratch/executivefunction/SLURM_8364170_111/job-8364170-111-sub-20961-ses-1/ds/inputs/data/qsiprep/qsiprep/sub-20961/ses-1/dwi/sub-20961_ses-1_space-ACPC_desc-preproc_dwi.nii.gz	0.0	0.3977553158659827	0.1654272006594905	0.3870324194431305	0.3977553158659827	0.3870324194431305	0.1654272006594905	0.426228586758066	0.4262285442211255	sub-20961	ses-1				space-ACPC			DSIStudio	autotrackgqi
CranialNerve_CNVIIR	gfa	DSIStudio	/scratch/executivefunction/SLURM_8364170_111/job-8364170-111-sub-20961-ses-1/ds/inputs/data/qsiprep/qsiprep/sub-20961/ses-1/dwi/sub-20961_ses-1_space-ACPC_desc-preproc_dwi.nii.gz	0.0	0.1043758895248174	0.03497553940921	0.1053617224097251	0.1043758895248174	0.1053617224097251	0.03497553940921	0.1118683549289512	0.1118683437412944	sub-20961	ses-1				space-ACPC			DSIStudio	autotrackgqi
CranialNerve_CNVIIR	ha	DSIStudio	/scratch/executivefunction/SLURM_8364170_111/job-8364170-111-sub-20961-ses-1/ds/inputs/data/qsiprep/qsiprep/sub-20961/ses-1/dwi/sub-20961_ses-1_space-ACPC_desc-preproc_dwi.nii.gz	0.0	5.650859694589268	23.801600739376514	14.998337268829346	5.650859694589268	14.998337268829346	23.801600739376514	7.247482957999003	7.247482334379629	sub-20961	ses-1				space-ACPC			DSIStudio	autotrackgqi
CranialNerve_CNVIIR	iso	DSIStudio	/scratch/executivefunction/SLURM_8364170_111/job-8364170-111-sub-20961-ses-1/ds/inputs/data/qsiprep/qsiprep/sub-20961/ses-1/dwi/sub-20961_ses-1_space-ACPC_desc-preproc_dwi.nii.gz	0.0	0.624431998892264	0.1444918947337301	0.6607853770256042	0.624431998892264	0.6607853770256042	0.1444918947337301	0.639008124863447	0.6390080602974467	sub-20961	ses-1				space-ACPC			DSIStudio	autotrackgqi
CranialNerve_CNVIIR	md	DSIStudio	/scratch/executivefunction/SLURM_8364170_111/job-8364170-111-sub-20961-ses-1/ds/inputs/data/qsiprep/qsiprep/sub-20961/ses-1/dwi/sub-20961_ses-1_space-ACPC_desc-preproc_dwi.nii.gz	0.0	1.18480245904489	0.460676898916812	1.0575271844863892	1.18480245904489	1.0575271844863892	0.460676898916812	1.144111580588258	1.1441114628915707	sub-20961	ses-1				space-ACPC			DSIStudio	autotrackgqi
CranialNerve_CNVIIR	qa	DSIStudio	/scratch/executivefunction/SLURM_8364170_111/job-8364170-111-sub-20961-ses-1/ds/inputs/data/qsiprep/qsiprep/sub-20961/ses-1/dwi/sub-20961_ses-1_space-ACPC_desc-preproc_dwi.nii.gz	0.0	0.3063938743858175	0.1286336939633	0.2979608327150345	0.3063938743858175	0.2979608327150345	0.1286336939633	0.3365681747145528	0.3365681411959837	sub-20961	ses-1				space-ACPC			DSIStudio	autotrackgqi
CranialNerve_CNVIIR	rd1	DSIStudio	/scratch/executivefunction/SLURM_8364170_111/job-8364170-111-sub-20961-ses-1/ds/inputs/data/qsiprep/qsiprep/sub-20961/ses-1/dwi/sub-20961_ses-1_space-ACPC_desc-preproc_dwi.nii.gz	0.0	1.035379720005122	0.4875100415528725	0.8925879895687103	1.035379720005122	0.8925879895687103	0.4875100415528725	0.9645993201775536	0.964599219704995	sub-20961	ses-1				space-ACPC			DSIStudio	autotrackgqi
CranialNerve_CNVIIR	rd2	DSIStudio	/scratch/executivefunction/SLURM_8364170_111/job-8364170-111-sub-20961-ses-1/ds/inputs/data/qsiprep/qsiprep/sub-20961/ses-1/dwi/sub-20961_ses-1_space-ACPC_desc-preproc_dwi.nii.gz	0.0	0.8210843354463577	0.4214688421690131	0.7301952242851257	0.8210843354463577	0.7301952242851257	0.4214688421690131	0.7736855699530322	0.7736854899836317	sub-20961	ses-1				space-ACPC			DSIStudio	autotrackgqi
CranialNerve_CNVIIR	rd	DSIStudio	/scratch/executivefunction/SLURM_8364170_111/job-8364170-111-sub-20961-ses-1/ds/inputs/data/qsiprep/qsiprep/sub-20961/ses-1/dwi/sub-20961_ses-1_space-ACPC_desc-preproc_dwi.nii.gz	0.0	0.9282320216298104	0.4512614904149346	0.8137568235397339	0.9282320216298104	0.8137568235397339	0.4512614904149346	0.8691424407095688	0.8691423504885897	sub-20961	ses-1				space-ACPC			DSIStudio	autotrackgqi
CranialNerve_CNVIIR	txx	DSIStudio	/scratch/executivefunction/SLURM_8364170_111/job-8364170-111-sub-20961-ses-1/ds/inputs/data/qsiprep/qsiprep/sub-20961/ses-1/dwi/sub-20961_ses-1_space-ACPC_desc-preproc_dwi.nii.gz	0.0	0.0010698267373796	0.0004488102944037	0.0009818019170779	0.0010698267373796	0.0009818019170779	0.0004488102944037	0.0010126738385069	0.0010126737339922	sub-20961	ses-1				space-ACPC			DSIStudio	autotrackgqi
CranialNerve_CNVIIR	txy	DSIStudio	/scratch/executivefunction/SLURM_8364170_111/job-8364170-111-sub-20961-ses-1/ds/inputs/data/qsiprep/qsiprep/sub-20961/ses-1/dwi/sub-20961_ses-1_space-ACPC_desc-preproc_dwi.nii.gz	0.0	-3.731500689758088e-05	0.0002966745912918	1.7414905926216306e-05	-3.731500689758088e-05	1.7414905926216306e-05	0.0002966745912918	-8.305428890106925e-05	-8.305428206597513e-05	sub-20961	ses-1				space-ACPC			DSIStudio	autotrackgqi
CranialNerve_CNVIIR	txz	DSIStudio	/scratch/executivefunction/SLURM_8364170_111/job-8364170-111-sub-20961-ses-1/ds/inputs/data/qsiprep/qsiprep/sub-20961/ses-1/dwi/sub-20961_ses-1_space-ACPC_desc-preproc_dwi.nii.gz	0.0	4.690266442511612e-05	0.000110898307455	3.6258607906347606e-05	4.690266442511612e-05	3.6258607906347606e-05	0.000110898307455	6.421394194415972e-05	6.421393566309432e-05	sub-20961	ses-1				space-ACPC			DSIStudio	autotrackgqi
CranialNerve_CNVIIR	tyy	DSIStudio	/scratch/executivefunction/SLURM_8364170_111/job-8364170-111-sub-20961-ses-1/ds/inputs/data/qsiprep/qsiprep/sub-20961/ses-1/dwi/sub-20961_ses-1_space-ACPC_desc-preproc_dwi.nii.gz	0.0	0.0013993642430498	0.0005494526020373	0.0012636101455427	0.0013993642430498	0.0012636101455427	0.0005494526020373	0.001383825097082	0.0013838249559609	sub-20961	ses-1				space-ACPC			DSIStudio	autotrackgqi
CranialNerve_CNVIIR	tyz	DSIStudio	/scratch/executivefunction/SLURM_8364170_111/job-8364170-111-sub-20961-ses-1/ds/inputs/data/qsiprep/qsiprep/sub-20961/ses-1/dwi/sub-20961_ses-1_space-ACPC_desc-preproc_dwi.nii.gz	0.0	-7.151535357314225e-05	0.0002134608693753	-0.0001213118957821	-7.151535357314225e-05	-0.0001213118957821	0.0002134608693753	-9.82805150589716e-05	-9.82805065008396e-05	sub-20961	ses-1				space-ACPC			DSIStudio	autotrackgqi
CranialNerve_CNVIIR	tzz	DSIStudio	/scratch/executivefunction/SLURM_8364170_111/job-8364170-111-sub-20961-ses-1/ds/inputs/data/qsiprep/qsiprep/sub-20961/ses-1/dwi/sub-20961_ses-1_space-ACPC_desc-preproc_dwi.nii.gz	0.0	0.0010852164123207	0.00049761928884	0.0009845872409641	0.0010852164123207	0.0009845872409641	0.00049761928884	0.0010358358266379	0.0010358357191837	sub-20961	ses-1				space-ACPC			DSIStudio	autotrackgqi
CranialNerve_CNIIL	ad	DSIStudio	/scratch/executivefunction/SLURM_8364170_111/job-8364170-111-sub-20961-ses-1/ds/inputs/data/qsiprep/qsiprep/sub-20961/ses-1/dwi/sub-20961_ses-1_space-ACPC_desc-preproc_dwi.nii.gz	0.0	1.598203504407728	0.6676291697338002	1.384162425994873	1.598203504407728	1.384162425994873	0.6676291697338002	1.6978921280984287	1.6978921280984287	sub-20961	ses-1				space-ACPC			DSIStudio	autotrackgqi
CranialNerve_CNIIL	dti_fa	DSIStudio	/scratch/executivefunction/SLURM_8364170_111/job-8364170-111-sub-20961-ses-1/ds/inputs/data/qsiprep/qsiprep/sub-20961/ses-1/dwi/sub-20961_ses-1_space-ACPC_desc-preproc_dwi.nii.gz	0.0	0.3051098399156576	0.1666873833983715	0.2663109600543976	0.3051098399156576	0.2663109600543976	0.1666873833983715	0.3375799357587733	0.3375799357587733	sub-20961	ses-1				space-ACPC			DSIStudio	autotrackgqi
CranialNerve_CNIIL	gfa	DSIStudio	/scratch/executivefunction/SLURM_8364170_111/job-8364170-111-sub-20961-ses-1/ds/inputs/data/qsiprep/qsiprep/sub-20961/ses-1/dwi/sub-20961_ses-1_space-ACPC_desc-preproc_dwi.nii.gz	0.0	0.0763459884997622	0.0350199172928433	0.0684674382209777	0.0763459884997622	0.0684674382209777	0.0350199172928433	0.0899009910381444	0.0899009910381444	sub-20961	ses-1				space-ACPC			DSIStudio	autotrackgqi
CranialNerve_CNIIL	ha	DSIStudio	/scratch/executivefunction/SLURM_8364170_111/job-8364170-111-sub-20961-ses-1/ds/inputs/data/qsiprep/qsiprep/sub-20961/ses-1/dwi/sub-20961_ses-1_space-ACPC_desc-preproc_dwi.nii.gz	0.0	10.809510745751204	30.6089073571894	13.365741729736328	10.809510745751204	13.365741729736328	30.6089073571894	12.4765011613434	12.4765011613434	sub-20961	ses-1				space-ACPC			DSIStudio	autotrackgqi
CranialNerve_CNIIL	iso	DSIStudio	/scratch/executivefunction/SLURM_8364170_111/job-8364170-111-sub-20961-ses-1/ds/inputs/data/qsiprep/qsiprep/sub-20961/ses-1/dwi/sub-20961_ses-1_space-ACPC_desc-preproc_dwi.nii.gz	0.0	0.5676906117040798	0.1709132699355839	0.6124895215034485	0.5676906117040798	0.6124895215034485	0.1709132699355839	0.5409262025301749	0.5409262025301749	sub-20961	ses-1				space-ACPC			DSIStudio	autotrackgqi
CranialNerve_CNIIL	md	DSIStudio	/scratch/executivefunction/SLURM_8364170_111/job-8364170-111-sub-20961-ses-1/ds/inputs/data/qsiprep/qsiprep/sub-20961/ses-1/dwi/sub-20961_ses-1_space-ACPC_desc-preproc_dwi.nii.gz	0.0	1.235541406437534	0.6308435198281533	0.9530863761901855	1.235541406437534	0.9530863761901855	0.6308435198281533	1.262953362105556	1.262953362105556	sub-20961	ses-1				space-ACPC			DSIStudio	autotrackgqi
CranialNerve_CNIIL	qa	DSIStudio	/scratch/executivefunction/SLURM_8364170_111/job-8364170-111-sub-20961-ses-1/ds/inputs/data/qsiprep/qsiprep/sub-20961/ses-1/dwi/sub-20961_ses-1_space-ACPC_desc-preproc_dwi.nii.gz	0.0	0.1984706086828434	0.1137966106656611	0.1725561022758484	0.1984706086828434	0.1725561022758484	0.1137966106656611	0.2261336141761474	0.2261336141761474	sub-20961	ses-1				space-ACPC			DSIStudio	autotrackgqi
CranialNerve_CNIIL	rd1	DSIStudio	/scratch/executivefunction/SLURM_8364170_111/job-8364170-111-sub-20961-ses-1/ds/inputs/data/qsiprep/qsiprep/sub-20961/ses-1/dwi/sub-20961_ses-1_space-ACPC_desc-preproc_dwi.nii.gz	0.0	1.1587378900780716	0.6493324212324055	0.867163896560669	1.1587378900780716	0.867163896560669	0.6493324212324055	1.142406715112148	1.142406715112148	sub-20961	ses-1				space-ACPC			DSIStudio	autotrackgqi
CranialNerve_CNIIL	rd2	DSIStudio	/scratch/executivefunction/SLURM_8364170_111/job-8364170-111-sub-20961-ses-1/ds/inputs/data/qsiprep/qsiprep/sub-20961/ses-1/dwi/sub-20961_ses-1_space-ACPC_desc-preproc_dwi.nii.gz	0.0	0.9496828236250952	0.6239270689878781	0.7100549936294556	0.9496828236250952	0.7100549936294556	0.6239270689878781	0.9485612501581636	0.9485612501581636	sub-20961	ses-1				space-ACPC			DSIStudio	autotrackgqi
CranialNerve_CNIIL	rd	DSIStudio	/scratch/executivefunction/SLURM_8364170_111/job-8364170-111-sub-20961-ses-1/ds/inputs/data/qsiprep/qsiprep/sub-20961/ses-1/dwi/sub-20961_ses-1_space-ACPC_desc-preproc_dwi.nii.gz	0.0	1.054210357803205	0.6336257501086177	0.7824900150299072	1.054210357803205	0.7824900150299072	0.6336257501086177	1.0454839797636288	1.0454839797636288	sub-20961	ses-1				space-ACPC			DSIStudio	autotrackgqi
CranialNerve_CNIIL	txx	DSIStudio	/scratch/executivefunction/SLURM_8364170_111/job-8364170-111-sub-20961-ses-1/ds/inputs/data/qsiprep/qsiprep/sub-20961/ses-1/dwi/sub-20961_ses-1_space-ACPC_desc-preproc_dwi.nii.gz	0.0	0.0012614909555707	0.0005993938385256	0.0010495429160073	0.0012614909555707	0.0010495429160073	0.0005993938385256	0.0012605835170809	0.0012605835170809	sub-20961	ses-1				space-ACPC			DSIStudio	autotrackgqi
CranialNerve_CNIIL	txy	DSIStudio	/scratch/executivefunction/SLURM_8364170_111/job-8364170-111-sub-20961-ses-1/ds/inputs/data/qsiprep/qsiprep/sub-20961/ses-1/dwi/sub-20961_ses-1_space-ACPC_desc-preproc_dwi.nii.gz	0.0	1.9396182722324256e-05	0.000197388305072	-6.192231467139209e-06	1.9396182722324256e-05	-6.192231467139209e-06	0.000197388305072	0.0001136763289286	0.0001136763289286	sub-20961	ses-1				space-ACPC			DSIStudio	autotrackgqi
CranialNerve_CNIIL	txz	DSIStudio	/scratch/executivefunction/SLURM_8364170_111/job-8364170-111-sub-20961-ses-1/ds/inputs/data/qsiprep/qsiprep/sub-20961/ses-1/dwi/sub-20961_ses-1_space-ACPC_desc-preproc_dwi.nii.gz	0.0	-5.992587447096682e-06	0.00015778298736	-1.5456565961358137e-05	-5.992587447096682e-06	-1.5456565961358137e-05	0.00015778298736	4.584626650855498e-05	4.584626650855498e-05	sub-20961	ses-1				space-ACPC			DSIStudio	autotrackgqi
CranialNerve_CNIIL	tyy	DSIStudio	/scratch/executivefunction/SLURM_8364170_111/job-8364170-111-sub-20961-ses-1/ds/inputs/data/qsiprep/qsiprep/sub-20961/ses-1/dwi/sub-20961_ses-1_space-ACPC_desc-preproc_dwi.nii.gz	0.0	0.0012591708816233	0.0006575318787703	0.0010146322892978	0.0012591708816233	0.0010146322892978	0.0006575318787703	0.0013693446704305	0.0013693446704305	sub-20961	ses-1				space-ACPC			DSIStudio	autotrackgqi
CranialNerve_CNIIL	tyz	DSIStudio	/scratch/executivefunction/SLURM_8364170_111/job-8364170-111-sub-20961-ses-1/ds/inputs/data/qsiprep/qsiprep/sub-20961/ses-1/dwi/sub-20961_ses-1_space-ACPC_desc-preproc_dwi.nii.gz	0.0	6.12462145693822e-05	0.0001621393225999	4.291121877031401e-05	6.12462145693822e-05	4.291121877031401e-05	0.0001621393225999	0.0001140407741445	0.0001140407741445	sub-20961	ses-1				space-ACPC			DSIStudio	autotrackgqi
CranialNerve_CNIIL	tzz	DSIStudio	/scratch/executivefunction/SLURM_8364170_111/job-8364170-111-sub-20961-ses-1/ds/inputs/data/qsiprep/qsiprep/sub-20961/ses-1/dwi/sub-20961_ses-1_space-ACPC_desc-preproc_dwi.nii.gz	0.0	0.0011859623835908	0.0007013223600489	0.0008859728113748	0.0011859623835908	0.0008859728113748	0.0007013223600489	0.0011589319119111	0.0011589319119111	sub-20961	ses-1				space-ACPC			DSIStudio	autotrackgqi
CranialNerve_CNVIIIL	ad	DSIStudio	/scratch/executivefunction/SLURM_8364170_111/job-8364170-111-sub-20961-ses-1/ds/inputs/data/qsiprep/qsiprep/sub-20961/ses-1/dwi/sub-20961_ses-1_space-ACPC_desc-preproc_dwi.nii.gz	0.0	1.3298790185698284	0.6919226459906387	1.079539120197296	1.3298790185698284	1.079539120197296	0.6919226459906387	1.490704497775244	1.490704497775244	sub-20961	ses-1				space-ACPC			DSIStudio	autotrackgqi
CranialNerve_CNVIIIL	dti_fa	DSIStudio	/scratch/executivefunction/SLURM_8364170_111/job-8364170-111-sub-20961-ses-1/ds/inputs/data/qsiprep/qsiprep/sub-20961/ses-1/dwi/sub-20961_ses-1_space-ACPC_desc-preproc_dwi.nii.gz	0.0	0.3255841163778444	0.1633649696586353	0.2935782968997955	0.3255841163778444	0.2935782968997955	0.1633649696586353	0.3881727162727456	0.3881727162727456	sub-20961	ses-1				space-ACPC			DSIStudio	autotrackgqi
CranialNerve_CNVIIIL	gfa	DSIStudio	/scratch/executivefunction/SLURM_8364170_111/job-8364170-111-sub-20961-ses-1/ds/inputs/data/qsiprep/qsiprep/sub-20961/ses-1/dwi/sub-20961_ses-1_space-ACPC_desc-preproc_dwi.nii.gz	0.0	0.0697060966046405	0.0327857144479962	0.0619599372148513	0.0697060966046405	0.0619599372148513	0.0327857144479962	0.0869750410081414	0.0869750410081414	sub-20961	ses-1				space-ACPC			DSIStudio	autotrackgqi
CranialNerve_CNVIIIL	ha	DSIStudio	/scratch/executivefunction/SLURM_8364170_111/job-8364170-111-sub-20961-ses-1/ds/inputs/data/qsiprep/qsiprep/sub-20961/ses-1/dwi/sub-20961_ses-1_space-ACPC_desc-preproc_dwi.nii.gz	0.0	20.543172151515748	39.79806418342239	28.430465698242188	20.543172151515748	28.430465698242188	39.79806418342239	20.21786042255146	20.21786042255146	sub-20961	ses-1				space-ACPC			DSIStudio	autotrackgqi
CranialNerve_CNVIIIL	iso	DSIStudio	/scratch/executivefunction/SLURM_8364170_111/job-8364170-111-sub-20961-ses-1/ds/inputs/data/qsiprep/qsiprep/sub-20961/ses-1/dwi/sub-20961_ses-1_space-ACPC_desc-preproc_dwi.nii.gz	0.0	0.7757212940062426	0.2054688956497666	0.8327061831951141	0.7757212940062426	0.8327061831951141	0.2054688956497666	0.7594708947296718	0.7594708947296718	sub-20961	ses-1				space-ACPC			DSIStudio	autotrackgqi
CranialNerve_CNVIIIL	md	DSIStudio	/scratch/executivefunction/SLURM_8364170_111/job-8364170-111-sub-20961-ses-1/ds/inputs/data/qsiprep/qsiprep/sub-20961/ses-1/dwi/sub-20961_ses-1_space-ACPC_desc-preproc_dwi.nii.gz	0.0	1.006137544976451	0.6259179394315723	0.7465578317642212	1.006137544976451	0.7465578317642212	0.6259179394315723	1.0880099501014282	1.0880099501014282	sub-20961	ses-1				space-ACPC			DSIStudio	autotrackgqi
CranialNerve_CNVIIIL	qa	DSIStudio	/scratch/executivefunction/SLURM_8364170_111/job-8364170-111-sub-20961-ses-1/ds/inputs/data/qsiprep/qsiprep/sub-20961/ses-1/dwi/sub-20961_ses-1_space-ACPC_desc-preproc_dwi.nii.gz	0.0	0.2386143078455369	0.1332709286587569	0.2069750055670738	0.2386143078455369	0.2069750055670738	0.1332709286587569	0.3046656775463204	0.3046656775463204	sub-20961	ses-1				space-ACPC			DSIStudio	autotrackgqi
CranialNerve_CNVIIIL	rd1	DSIStudio	/scratch/executivefunction/SLURM_8364170_111/job-8364170-111-sub-20961-ses-1/ds/inputs/data/qsiprep/qsiprep/sub-20961/ses-1/dwi/sub-20961_ses-1_space-ACPC_desc-preproc_dwi.nii.gz	0.0	0.9429346320276866	0.6350666844259127	0.7194686830043793	0.9429346320276866	0.7194686830043793	0.6350666844259127	0.9941749668328268	0.9941749668328268	sub-20961	ses-1				space-ACPC			DSIStudio	autotrackgqi
CranialNerve_CNVIIIL	rd2	DSIStudio	/scratch/executivefunction/SLURM_8364170_111/job-8364170-111-sub-20961-ses-1/ds/inputs/data/qsiprep/qsiprep/sub-20961/ses-1/dwi/sub-20961_ses-1_space-ACPC_desc-preproc_dwi.nii.gz	0.0	0.7455989874103331	0.5927106376958357	0.5445521175861359	0.7455989874103331	0.5445521175861359	0.5927106376958357	0.7791504034893879	0.7791504034893879	sub-20961	ses-1				space-ACPC			DSIStudio	autotrackgqi
CranialNerve_CNVIIIL	rd	DSIStudio	/scratch/executivefunction/SLURM_8364170_111/job-8364170-111-sub-20961-ses-1/ds/inputs/data/qsiprep/qsiprep/sub-20961/ses-1/dwi/sub-20961_ses-1_space-ACPC_desc-preproc_dwi.nii.gz	0.0	0.8442668098216264	0.6107679453947132	0.6249932944774628	0.8442668098216264	0.6249932944774628	0.6107679453947132	0.886662677024997	0.886662677024997	sub-20961	ses-1				space-ACPC			DSIStudio	autotrackgqi
CranialNerve_CNVIIIL	txx	DSIStudio	/scratch/executivefunction/SLURM_8364170_111/job-8364170-111-sub-20961-ses-1/ds/inputs/data/qsiprep/qsiprep/sub-20961/ses-1/dwi/sub-20961_ses-1_space-ACPC_desc-preproc_dwi.nii.gz	0.0	0.0009129029850845	0.0006789907002974	0.0006775413639843	0.0009129029850845	0.0006775413639843	0.0006789907002974	0.00096957229944	0.00096957229944	sub-20961	ses-1				space-ACPC			DSIStudio	autotrackgqi
CranialNerve_CNVIIIL	txy	DSIStudio	/scratch/executivefunction/SLURM_8364170_111/job-8364170-111-sub-20961-ses-1/ds/inputs/data/qsiprep/qsiprep/sub-20961/ses-1/dwi/sub-20961_ses-1_space-ACPC_desc-preproc_dwi.nii.gz	0.0	-3.572478414159233e-05	0.0001357406939244	-5.098982546769548e-05	-3.572478414159233e-05	-5.098982546769548e-05	0.0001357406939244	-7.257327271064347e-05	-7.257327271064347e-05	sub-20961	ses-1				space-ACPC			DSIStudio	autotrackgqi
CranialNerve_CNVIIIL	txz	DSIStudio	/scratch/executivefunction/SLURM_8364170_111/job-8364170-111-sub-20961-ses-1/ds/inputs/data/qsiprep/qsiprep/sub-20961/ses-1/dwi/sub-20961_ses-1_space-ACPC_desc-preproc_dwi.nii.gz	0.0	-4.883383627348834e-05	0.0001200555110701	-5.498733116837684e-05	-4.883383627348834e-05	-5.498733116837684e-05	0.0001200555110701	-2.8422196738102677e-05	-2.8422196738102677e-05	sub-20961	ses-1				space-ACPC			DSIStudio	autotrackgqi
CranialNerve_CNVIIIL	tyy	DSIStudio	/scratch/executivefunction/SLURM_8364170_111/job-8364170-111-sub-20961-ses-1/ds/inputs/data/qsiprep/qsiprep/sub-20961/ses-1/dwi/sub-20961_ses-1_space-ACPC_desc-preproc_dwi.nii.gz	0.0	0.0010685016955153	0.0006238194771805	0.0008544053707737	0.0010685016955153	0.0008544053707737	0.0006238194771805	0.0011545919374447	0.0011545919374447	sub-20961	ses-1				space-ACPC			DSIStudio	autotrackgqi
CranialNerve_CNVIIIL	tyz	DSIStudio	/scratch/executivefunction/SLURM_8364170_111/job-8364170-111-sub-20961-ses-1/ds/inputs/data/qsiprep/qsiprep/sub-20961/ses-1/dwi/sub-20961_ses-1_space-ACPC_desc-preproc_dwi.nii.gz	0.0	5.748165437039827e-05	0.0001563664391317	5.2401908760657534e-05	5.748165437039827e-05	5.2401908760657534e-05	0.0001563664391317	0.0001404568169055	0.0001404568169055	sub-20961	ses-1				space-ACPC			DSIStudio	autotrackgqi
CranialNerve_CNVIIIL	tzz	DSIStudio	/scratch/executivefunction/SLURM_8364170_111/job-8364170-111-sub-20961-ses-1/ds/inputs/data/qsiprep/qsiprep/sub-20961/ses-1/dwi/sub-20961_ses-1_space-ACPC_desc-preproc_dwi.nii.gz	0.0	0.0010370079557491	0.0006464000469676	0.0008341209322679	0.0010370079557491	0.0008341209322679	0.0006464000469676	0.0011398656093991	0.0011398656093991	sub-20961	ses-1				space-ACPC			DSIStudio	autotrackgqi
CranialNerve_CNVL	ad	DSIStudio	/scratch/executivefunction/SLURM_8364170_111/job-8364170-111-sub-20961-ses-1/ds/inputs/data/qsiprep/qsiprep/sub-20961/ses-1/dwi/sub-20961_ses-1_space-ACPC_desc-preproc_dwi.nii.gz	0.0	1.5009447070909463	0.8331156431730534	1.1630569100379944	1.5009447070909463	1.1630569100379944	0.8331156431730534	1.651460939034481	1.651460939034481	sub-20961	ses-1				space-ACPC			DSIStudio	autotrackgqi
CranialNerve_CNVL	dti_fa	DSIStudio	/scratch/executivefunction/SLURM_8364170_111/job-8364170-111-sub-20961-ses-1/ds/inputs/data/qsiprep/qsiprep/sub-20961/ses-1/dwi/sub-20961_ses-1_space-ACPC_desc-preproc_dwi.nii.gz	0.0	0.3501967313419097	0.1734684075890566	0.3151472806930542	0.3501967313419097	0.3151472806930542	0.1734684075890566	0.3471560863599104	0.3471560863599104	sub-20961	ses-1				space-ACPC			DSIStudio	autotrackgqi
CranialNerve_CNVL	gfa	DSIStudio	/scratch/executivefunction/SLURM_8364170_111/job-8364170-111-sub-20961-ses-1/ds/inputs/data/qsiprep/qsiprep/sub-20961/ses-1/dwi/sub-20961_ses-1_space-ACPC_desc-preproc_dwi.nii.gz	0.0	0.0801857533292066	0.0362559902351967	0.076632410287857	0.0801857533292066	0.076632410287857	0.0362559902351967	0.0865550857173268	0.0865550857173268	sub-20961	ses-1				space-ACPC			DSIStudio	autotrackgqi
CranialNerve_CNVL	ha	DSIStudio	/scratch/executivefunction/SLURM_8364170_111/job-8364170-111-sub-20961-ses-1/ds/inputs/data/qsiprep/qsiprep/sub-20961/ses-1/dwi/sub-20961_ses-1_space-ACPC_desc-preproc_dwi.nii.gz	0.0	-1.4373752921925973	37.23512201890705	-2.908355474472046	-1.4373752921925973	-2.908355474472046	37.23512201890705	-11.65653410610605	-11.65653410610605	sub-20961	ses-1				space-ACPC			DSIStudio	autotrackgqi
CranialNerve_CNVL	iso	DSIStudio	/scratch/executivefunction/SLURM_8364170_111/job-8364170-111-sub-20961-ses-1/ds/inputs/data/qsiprep/qsiprep/sub-20961/ses-1/dwi/sub-20961_ses-1_space-ACPC_desc-preproc_dwi.nii.gz	0.0	0.6845042224170989	0.2241967021142613	0.7487325072288513	0.6845042224170989	0.7487325072288513	0.2241967021142613	0.6265945920501192	0.6265945920501192	sub-20961	ses-1				space-ACPC			DSIStudio	autotrackgqi
CranialNerve_CNVL	md	DSIStudio	/scratch/executivefunction/SLURM_8364170_111/job-8364170-111-sub-20961-ses-1/ds/inputs/data/qsiprep/qsiprep/sub-20961/ses-1/dwi/sub-20961_ses-1_space-ACPC_desc-preproc_dwi.nii.gz	0.0	1.1203034596036745	0.7481354879762577	0.7582320272922516	1.1203034596036745	0.7582320272922516	0.7481354879762577	1.2257291194345783	1.2257291194345783	sub-20961	ses-1				space-ACPC			DSIStudio	autotrackgqi
CranialNerve_CNVL	qa	DSIStudio	/scratch/executivefunction/SLURM_8364170_111/job-8364170-111-sub-20961-ses-1/ds/inputs/data/qsiprep/qsiprep/sub-20961/ses-1/dwi/sub-20961_ses-1_space-ACPC_desc-preproc_dwi.nii.gz	0.0	0.246854846951646	0.1369196906306163	0.2169752493500709	0.246854846951646	0.2169752493500709	0.1369196906306163	0.2391580183556699	0.2391580183556699	sub-20961	ses-1				space-ACPC			DSIStudio	autotrackgqi
CranialNerve_CNVL	rd1	DSIStudio	/scratch/executivefunction/SLURM_8364170_111/job-8364170-111-sub-20961-ses-1/ds/inputs/data/qsiprep/qsiprep/sub-20961/ses-1/dwi/sub-20961_ses-1_space-ACPC_desc-preproc_dwi.nii.gz	0.0	1.0441807378907175	0.750588525028554	0.7304025590419769	1.0441807378907175	0.7304025590419769	0.750588525028554	1.1308196423415056	1.1308196423415056	sub-20961	ses-1				space-ACPC			DSIStudio	autotrackgqi
CranialNerve_CNVL	rd2	DSIStudio	/scratch/executivefunction/SLURM_8364170_111/job-8364170-111-sub-20961-ses-1/ds/inputs/data/qsiprep/qsiprep/sub-20961/ses-1/dwi/sub-20961_ses-1_space-ACPC_desc-preproc_dwi.nii.gz	0.0	0.8157849304189376	0.7068581209651872	0.5312580466270447	0.8157849304189376	0.5312580466270447	0.7068581209651872	0.8949067839650755	0.8949067839650755	sub-20961	ses-1				space-ACPC			DSIStudio	autotrackgqi
CranialNerve_CNVL	rd	DSIStudio	/scratch/executivefunction/SLURM_8364170_111/job-8364170-111-sub-20961-ses-1/ds/inputs/data/qsiprep/qsiprep/sub-20961/ses-1/dwi/sub-20961_ses-1_space-ACPC_desc-preproc_dwi.nii.gz	0.0	0.929982833915022	0.7255811318438993	0.6171040832996368	0.929982833915022	0.6171040832996368	0.7255811318438993	1.0128632156959652	1.0128632156959652	sub-20961	ses-1				space-ACPC			DSIStudio	autotrackgqi
CranialNerve_CNVL	txx	DSIStudio	/scratch/executivefunction/SLURM_8364170_111/job-8364170-111-sub-20961-ses-1/ds/inputs/data/qsiprep/qsiprep/sub-20961/ses-1/dwi/sub-20961_ses-1_space-ACPC_desc-preproc_dwi.nii.gz	0.0	0.0010375177366541	0.0007757402317383	0.0007238206744659	0.0010375177366541	0.0007238206744659	0.0007757402317383	0.0011392305973508	0.0011392305973508	sub-20961	ses-1				space-ACPC			DSIStudio	autotrackgqi
CranialNerve_CNVL	txy	DSIStudio	/scratch/executivefunction/SLURM_8364170_111/job-8364170-111-sub-20961-ses-1/ds/inputs/data/qsiprep/qsiprep/sub-20961/ses-1/dwi/sub-20961_ses-1_space-ACPC_desc-preproc_dwi.nii.gz	0.0	2.868839149288745e-05	0.0001797181873642	-1.157357610281906e-05	2.868839149288745e-05	-1.157357610281906e-05	0.0001797181873642	3.712227322994903e-05	3.712227322994903e-05	sub-20961	ses-1				space-ACPC			DSIStudio	autotrackgqi
CranialNerve_CNVL	txz	DSIStudio	/scratch/executivefunction/SLURM_8364170_111/job-8364170-111-sub-20961-ses-1/ds/inputs/data/qsiprep/qsiprep/sub-20961/ses-1/dwi/sub-20961_ses-1_space-ACPC_desc-preproc_dwi.nii.gz	0.0	-1.6839671642784648e-05	0.0001324309499678	-2.5212214495695665e-05	-1.6839671642784648e-05	-2.5212214495695665e-05	0.0001324309499678	8.29070919184443e-06	8.29070919184443e-06	sub-20961	ses-1				space-ACPC			DSIStudio	autotrackgqi
CranialNerve_CNVL	tyy	DSIStudio	/scratch/executivefunction/SLURM_8364170_111/job-8364170-111-sub-20961-ses-1/ds/inputs/data/qsiprep/qsiprep/sub-20961/ses-1/dwi/sub-20961_ses-1_space-ACPC_desc-preproc_dwi.nii.gz	0.0	0.0012282032199416	0.0007999370347551	0.0009316151845268	0.0012282032199416	0.0009316151845268	0.0007999370347551	0.0013694921496345	0.0013694921496345	sub-20961	ses-1				space-ACPC			DSIStudio	autotrackgqi
CranialNerve_CNVL	tyz	DSIStudio	/scratch/executivefunction/SLURM_8364170_111/job-8364170-111-sub-20961-ses-1/ds/inputs/data/qsiprep/qsiprep/sub-20961/ses-1/dwi/sub-20961_ses-1_space-ACPC_desc-preproc_dwi.nii.gz	0.0	-2.3742114684068788e-05	0.00017813370285	-1.4832296528766165e-05	-2.3742114684068788e-05	-1.4832296528766165e-05	0.00017813370285	-7.130510842797922e-05	-7.130510842797922e-05	sub-20961	ses-1				space-ACPC			DSIStudio	autotrackgqi
CranialNerve_CNVL	tzz	DSIStudio	/scratch/executivefunction/SLURM_8364170_111/job-8364170-111-sub-20961-ses-1/ds/inputs/data/qsiprep/qsiprep/sub-20961/ses-1/dwi/sub-20961_ses-1_space-ACPC_desc-preproc_dwi.nii.gz	0.0	0.0010951894195316	0.0007571337321363	0.0008212010143324	0.0010951894195316	0.0008212010143324	0.0007571337321363	0.0011684646241136	0.0011684646241136	sub-20961	ses-1				space-ACPC			DSIStudio	autotrackgqi
CranialNerve_CNIIIR	ad	DSIStudio	/scratch/executivefunction/SLURM_8364170_111/job-8364170-111-sub-20961-ses-1/ds/inputs/data/qsiprep/qsiprep/sub-20961/ses-1/dwi/sub-20961_ses-1_space-ACPC_desc-preproc_dwi.nii.gz	0.0	1.6542349210325278	0.7573577737921646	1.3618859648704529	1.6542349210325278	1.3618859648704529	0.7573577737921646	1.5536637276413243	1.5536637276413243	sub-20961	ses-1				space-ACPC			DSIStudio	autotrackgqi
CranialNerve_CNIIIR	dti_fa	DSIStudio	/scratch/executivefunction/SLURM_8364170_111/job-8364170-111-sub-20961-ses-1/ds/inputs/data/qsiprep/qsiprep/sub-20961/ses-1/dwi/sub-20961_ses-1_space-ACPC_desc-preproc_dwi.nii.gz	0.0	0.3437922390383691	0.1611278062711082	0.3223897218704223	0.3437922390383691	0.3223897218704223	0.1611278062711082	0.3744119833240512	0.3744119833240512	sub-20961	ses-1				space-ACPC			DSIStudio	autotrackgqi
CranialNerve_CNIIIR	gfa	DSIStudio	/scratch/executivefunction/SLURM_8364170_111/job-8364170-111-sub-20961-ses-1/ds/inputs/data/qsiprep/qsiprep/sub-20961/ses-1/dwi/sub-20961_ses-1_space-ACPC_desc-preproc_dwi.nii.gz	0.0	0.0811657626709004	0.0308009532836683	0.0792234688997268	0.0811657626709004	0.0792234688997268	0.0308009532836683	0.0846295499571579	0.0846295499571579	sub-20961	ses-1				space-ACPC			DSIStudio	autotrackgqi
CranialNerve_CNIIIR	ha	DSIStudio	/scratch/executivefunction/SLURM_8364170_111/job-8364170-111-sub-20961-ses-1/ds/inputs/data/qsiprep/qsiprep/sub-20961/ses-1/dwi/sub-20961_ses-1_space-ACPC_desc-preproc_dwi.nii.gz	0.0	-2.985764179300301	39.42853869823124	-4.39185905456543	-2.985764179300301	-4.39185905456543	39.42853869823124	-3.547516770998871	-3.547516770998871	sub-20961	ses-1				space-ACPC			DSIStudio	autotrackgqi
CranialNerve_CNIIIR	iso	DSIStudio	/scratch/executivefunction/SLURM_8364170_111/job-8364170-111-sub-20961-ses-1/ds/inputs/data/qsiprep/qsiprep/sub-20961/ses-1/dwi/sub-20961_ses-1_space-ACPC_desc-preproc_dwi.nii.gz	0.0	0.5890903037714187	0.1754544496172187	0.5917920470237732	0.5890903037714187	0.5917920470237732	0.1754544496172187	0.5960604405532779	0.5960604405532779	sub-20961	ses-1				space-ACPC			DSIStudio	autotrackgqi
CranialNerve_CNIIIR	md	DSIStudio	/scratch/executivefunction/SLURM_8364170_111/job-8364170-111-sub-20961-ses-1/ds/inputs/data/qsiprep/qsiprep/sub-20961/ses-1/dwi/sub-20961_ses-1_space-ACPC_desc-preproc_dwi.nii.gz	0.0	1.241752669817675	0.697454772947915	0.8907899856567383	1.241752669817675	0.8907899856567383	0.697454772947915	1.1248809232959804	1.1248809232959804	sub-20961	ses-1				space-ACPC			DSIStudio	autotrackgqi
CranialNerve_CNIIIR	qa	DSIStudio	/scratch/executivefunction/SLURM_8364170_111/job-8364170-111-sub-20961-ses-1/ds/inputs/data/qsiprep/qsiprep/sub-20961/ses-1/dwi/sub-20961_ses-1_space-ACPC_desc-preproc_dwi.nii.gz	0.0	0.2190067240757481	0.1056930926135902	0.2047572061419487	0.2190067240757481	0.2047572061419487	0.1056930926135902	0.2275760010845226	0.2275760010845226	sub-20961	ses-1				space-ACPC			DSIStudio	autotrackgqi
CranialNerve_CNIIIR	rd1	DSIStudio	/scratch/executivefunction/SLURM_8364170_111/job-8364170-111-sub-20961-ses-1/ds/inputs/data/qsiprep/qsiprep/sub-20961/ses-1/dwi/sub-20961_ses-1_space-ACPC_desc-preproc_dwi.nii.gz	0.0	1.1539802563118164	0.7114447867305551	0.8325775265693665	1.1539802563118164	0.8325775265693665	0.7114447867305551	1.0273568468737544	1.0273568468737544	sub-20961	ses-1				space-ACPC			DSIStudio	autotrackgqi
CranialNerve_CNIIIR	rd2	DSIStudio	/scratch/executivefunction/SLURM_8364170_111/job-8364170-111-sub-20961-ses-1/ds/inputs/data/qsiprep/qsiprep/sub-20961/ses-1/dwi/sub-20961_ses-1_space-ACPC_desc-preproc_dwi.nii.gz	0.0	0.9170428448735743	0.6665124347128681	0.6183056235313416	0.9170428448735743	0.6183056235313416	0.6665124347128681	0.7936222188065545	0.7936222188065545	sub-20961	ses-1				space-ACPC			DSIStudio	autotrackgqi
CranialNerve_CNIIIR	rd	DSIStudio	/scratch/executivefunction/SLURM_8364170_111/job-8364170-111-sub-20961-ses-1/ds/inputs/data/qsiprep/qsiprep/sub-20961/ses-1/dwi/sub-20961_ses-1_space-ACPC_desc-preproc_dwi.nii.gz	0.0	1.0355115490701965	0.6855036651402835	0.7120996117591858	1.0355115490701965	0.7120996117591858	0.6855036651402835	0.9104895338414514	0.9104895338414514	sub-20961	ses-1				space-ACPC			DSIStudio	autotrackgqi
CranialNerve_CNIIIR	txx	DSIStudio	/scratch/executivefunction/SLURM_8364170_111/job-8364170-111-sub-20961-ses-1/ds/inputs/data/qsiprep/qsiprep/sub-20961/ses-1/dwi/sub-20961_ses-1_space-ACPC_desc-preproc_dwi.nii.gz	0.0	0.0011145475838778	0.0006685609514698	0.0008780972275417	0.0011145475838778	0.0008780972275417	0.0006685609514698	0.0009850246639348	0.0009850246639348	sub-20961	ses-1				space-ACPC			DSIStudio	autotrackgqi
CranialNerve_CNIIIR	txy	DSIStudio	/scratch/executivefunction/SLURM_8364170_111/job-8364170-111-sub-20961-ses-1/ds/inputs/data/qsiprep/qsiprep/sub-20961/ses-1/dwi/sub-20961_ses-1_space-ACPC_desc-preproc_dwi.nii.gz	0.0	1.4581411676930524e-05	0.0001384888174057	2.62896674030344e-06	1.4581411676930524e-05	2.62896674030344e-06	0.0001384888174057	4.706527581406804e-05	4.706527581406804e-05	sub-20961	ses-1				space-ACPC			DSIStudio	autotrackgqi
CranialNerve_CNIIIR	txz	DSIStudio	/scratch/executivefunction/SLURM_8364170_111/job-8364170-111-sub-20961-ses-1/ds/inputs/data/qsiprep/qsiprep/sub-20961/ses-1/dwi/sub-20961_ses-1_space-ACPC_desc-preproc_dwi.nii.gz	0.0	-2.518033283311707e-05	0.0001381260488296	-1.1823886779893655e-05	-2.518033283311707e-05	-1.1823886779893655e-05	0.0001381260488296	-4.070744514556939e-05	-4.070744514556939e-05	sub-20961	ses-1				space-ACPC			DSIStudio	autotrackgqi
CranialNerve_CNIIIR	tyy	DSIStudio	/scratch/executivefunction/SLURM_8364170_111/job-8364170-111-sub-20961-ses-1/ds/inputs/data/qsiprep/qsiprep/sub-20961/ses-1/dwi/sub-20961_ses-1_space-ACPC_desc-preproc_dwi.nii.gz	0.0	0.0013328629100759	0.0007294292855677	0.0011116783134639	0.0013328629100759	0.0011116783134639	0.0007294292855677	0.0012547015244191	0.0012547015244191	sub-20961	ses-1				space-ACPC			DSIStudio	autotrackgqi
CranialNerve_CNIIIR	tyz	DSIStudio	/scratch/executivefunction/SLURM_8364170_111/job-8364170-111-sub-20961-ses-1/ds/inputs/data/qsiprep/qsiprep/sub-20961/ses-1/dwi/sub-20961_ses-1_space-ACPC_desc-preproc_dwi.nii.gz	0.0	-7.278975899643746e-05	0.0002077113260035	-6.813768413849175e-05	-7.278975899643746e-05	-6.813768413849175e-05	0.0002077113260035	-9.02659397480565e-05	-9.02659397480565e-05	sub-20961	ses-1				space-ACPC			DSIStudio	autotrackgqi
CranialNerve_CNIIIR	tzz	DSIStudio	/scratch/executivefunction/SLURM_8364170_111/job-8364170-111-sub-20961-ses-1/ds/inputs/data/qsiprep/qsiprep/sub-20961/ses-1/dwi/sub-20961_ses-1_space-ACPC_desc-preproc_dwi.nii.gz	0.0	0.0012778475246928	0.0007920514831062	0.0009308589797001	0.0012778475246928	0.0009308589797001	0.0007920514831062	0.001134916600771	0.001134916600771	sub-20961	ses-1				space-ACPC			DSIStudio	autotrackgqi
