bundle	variable_name	qsirecon_suffix	source_file	zero_proportion	mean	stdev	median	masked_mean	masked_median	masked_stdev	weighted_mean	masked_weighted_mean	subject_id	session_id	task_id	dir_id	acq_id	space_id	rec_id	run_id	bundle_source	bundle_params_id
Association_ParietalAslantTractL	directions	NODDI	/scratch/executivefunction/SLURM_8364170_132/job-8364170-132-sub-21050-ses-1/ds/inputs/data/qsiprep/qsiprep/sub-21050/ses-1/dwi/sub-21050_ses-1_space-ACPC_desc-preproc_dwi.nii.gz	264.0	-0.0921553820371627	0.559955358505249	-0.0892329663038253	-0.0953863263130188	-0.1266068965196609	0.5694161653518677	-0.2064077705144882		sub-21050	ses-1				space-ACPC			DSIStudio	autotrackgqi
Association_ParietalAslantTractL	icvf	NODDI	/scratch/executivefunction/SLURM_8364170_132/job-8364170-132-sub-21050-ses-1/ds/inputs/data/qsiprep/qsiprep/sub-21050/ses-1/dwi/sub-21050_ses-1_space-ACPC_desc-preproc_dwi.nii.gz	0.037721324095458	0.3616381585597992	0.1225788742303848	0.3427272737026214	0.3758143782615661	0.3427272737026214	0.1014246493577957	0.412648469209671	0.4147071242332458	sub-21050	ses-1				space-ACPC			DSIStudio	autotrackgqi
Association_ParietalAslantTractL	isovf	NODDI	/scratch/executivefunction/SLURM_8364170_132/job-8364170-132-sub-21050-ses-1/ds/inputs/data/qsiprep/qsiprep/sub-21050/ses-1/dwi/sub-21050_ses-1_space-ACPC_desc-preproc_dwi.nii.gz	0.7096484475237362	0.0427290648221969	0.123253732919693	0.0	0.1471632122993469	0.0867328494787216	0.1922294050455093	0.0327399261295795	0.0836617946624755	sub-21050	ses-1				space-ACPC			DSIStudio	autotrackgqi
Association_ParietalAslantTractL	modulated_icvf	NODDI	/scratch/executivefunction/SLURM_8364170_132/job-8364170-132-sub-21050-ses-1/ds/inputs/data/qsiprep/qsiprep/sub-21050/ses-1/dwi/sub-21050_ses-1_space-ACPC_desc-preproc_dwi.nii.gz	0.037721324095458	0.3430160880088806	0.1095902845263481	0.3427272737026214	0.356462299823761	0.3427272737026214	0.0876798182725906	0.396316260099411	0.3982934355735779	sub-21050	ses-1				space-ACPC			DSIStudio	autotrackgqi
Association_ParietalAslantTractL	modulated_od	NODDI	/scratch/executivefunction/SLURM_8364170_132/job-8364170-132-sub-21050-ses-1/ds/inputs/data/qsiprep/qsiprep/sub-21050/ses-1/dwi/sub-21050_ses-1_space-ACPC_desc-preproc_dwi.nii.gz	0.0369515011547344	0.3371423482894897	0.184712752699852	0.3284733295440674	0.350078284740448	0.3423066735267639	0.1757820695638656	0.2729821503162384	0.2743063569068908	sub-21050	ses-1				space-ACPC			DSIStudio	autotrackgqi
Association_ParietalAslantTractL	nrmse	NODDI	/scratch/executivefunction/SLURM_8364170_132/job-8364170-132-sub-21050-ses-1/ds/inputs/data/qsiprep/qsiprep/sub-21050/ses-1/dwi/sub-21050_ses-1_space-ACPC_desc-preproc_dwi.nii.gz	0.0338722093918398	0.0866858661174774	0.02876603230834	0.0848102867603302	0.0897250548005104	0.0855414420366287	0.0241620540618896	0.0902946293354034	0.0907002538442611	sub-21050	ses-1				space-ACPC			DSIStudio	autotrackgqi
Association_ParietalAslantTractL	od	NODDI	/scratch/executivefunction/SLURM_8364170_132/job-8364170-132-sub-21050-ses-1/ds/inputs/data/qsiprep/qsiprep/sub-21050/ses-1/dwi/sub-21050_ses-1_space-ACPC_desc-preproc_dwi.nii.gz	0.0338722093918398	0.3572677075862884	0.1943602859973907	0.3514339327812195	0.3697934150695801	0.362318217754364	0.1856567114591598	0.2815638780593872	0.2828287482261657	sub-21050	ses-1				space-ACPC			DSIStudio	autotrackgqi
Association_ParietalAslantTractL	rmse	NODDI	/scratch/executivefunction/SLURM_8364170_132/job-8364170-132-sub-21050-ses-1/ds/inputs/data/qsiprep/qsiprep/sub-21050/ses-1/dwi/sub-21050_ses-1_space-ACPC_desc-preproc_dwi.nii.gz	0.0338722093918398	0.0328132361173629	0.0117915701121091	0.0319467112421989	0.0339636579155921	0.0322621054947376	0.0102393003180623	0.0351626724004745	0.0353206358850002	sub-21050	ses-1				space-ACPC			DSIStudio	autotrackgqi
Association_ParietalAslantTractL	tf	NODDI	/scratch/executivefunction/SLURM_8364170_132/job-8364170-132-sub-21050-ses-1/ds/inputs/data/qsiprep/qsiprep/sub-21050/ses-1/dwi/sub-21050_ses-1_space-ACPC_desc-preproc_dwi.nii.gz	0.037721324095458	0.9233987274875328	0.2121832038745573	1.0	0.959595957605044	1.0	0.1097809064448926	0.9627879001312012	0.967591133030637	sub-21050	ses-1				space-ACPC			DSIStudio	autotrackgqi
Association_MiddleLongitudinalFasciculusR	directions	NODDI	/scratch/executivefunction/SLURM_8364170_132/job-8364170-132-sub-21050-ses-1/ds/inputs/data/qsiprep/qsiprep/sub-21050/ses-1/dwi/sub-21050_ses-1_space-ACPC_desc-preproc_dwi.nii.gz	5.0	-0.0685309395194053	0.5729851126670837	-0.1037071347236633	-0.0685978010296821	-0.1042177677154541	0.5732605457305908	-0.0565277189016342		sub-21050	ses-1				space-ACPC			DSIStudio	autotrackgqi
Association_MiddleLongitudinalFasciculusR	icvf	NODDI	/scratch/executivefunction/SLURM_8364170_132/job-8364170-132-sub-21050-ses-1/ds/inputs/data/qsiprep/qsiprep/sub-21050/ses-1/dwi/sub-21050_ses-1_space-ACPC_desc-preproc_dwi.nii.gz	0.0066276803118908	0.3602699935436249	0.1022074073553085	0.3427272737026214	0.362673670053482	0.3427272737026214	0.0982053875923156	0.4234555959701538	0.4235696792602539	sub-21050	ses-1				space-ACPC			DSIStudio	autotrackgqi
Association_MiddleLongitudinalFasciculusR	isovf	NODDI	/scratch/executivefunction/SLURM_8364170_132/job-8364170-132-sub-21050-ses-1/ds/inputs/data/qsiprep/qsiprep/sub-21050/ses-1/dwi/sub-21050_ses-1_space-ACPC_desc-preproc_dwi.nii.gz	0.6333333333333333	0.0542941726744174	0.1342630833387375	0.0	0.1480750143527984	0.0873867496848106	0.1878211349248886	0.0624405555427074	0.0918745398521423	sub-21050	ses-1				space-ACPC			DSIStudio	autotrackgqi
Association_MiddleLongitudinalFasciculusR	modulated_icvf	NODDI	/scratch/executivefunction/SLURM_8364170_132/job-8364170-132-sub-21050-ses-1/ds/inputs/data/qsiprep/qsiprep/sub-21050/ses-1/dwi/sub-21050_ses-1_space-ACPC_desc-preproc_dwi.nii.gz	0.0066276803118908	0.3398414254188537	0.0943753570318222	0.3427272737026214	0.342108815908432	0.3427272737026214	0.0905010476708412	0.3942024707794189	0.3943086862564087	sub-21050	ses-1				space-ACPC			DSIStudio	autotrackgqi
Association_MiddleLongitudinalFasciculusR	modulated_od	NODDI	/scratch/executivefunction/SLURM_8364170_132/job-8364170-132-sub-21050-ses-1/ds/inputs/data/qsiprep/qsiprep/sub-21050/ses-1/dwi/sub-21050_ses-1_space-ACPC_desc-preproc_dwi.nii.gz	0.0035087719298245	0.3095434606075287	0.1654325574636459	0.2970966696739197	0.3106334209442138	0.2978308200836181	0.1646988987922668	0.2015827000141143	0.2016147673130035	sub-21050	ses-1				space-ACPC			DSIStudio	autotrackgqi
Association_MiddleLongitudinalFasciculusR	nrmse	NODDI	/scratch/executivefunction/SLURM_8364170_132/job-8364170-132-sub-21050-ses-1/ds/inputs/data/qsiprep/qsiprep/sub-21050/ses-1/dwi/sub-21050_ses-1_space-ACPC_desc-preproc_dwi.nii.gz	0.0009746588693957	0.0933402329683303	0.0266744066029787	0.0887676030397415	0.0934312939643859	0.0887769907712936	0.0265275314450263	0.095649853348732	0.0956573337316513	sub-21050	ses-1				space-ACPC			DSIStudio	autotrackgqi
Association_MiddleLongitudinalFasciculusR	od	NODDI	/scratch/executivefunction/SLURM_8364170_132/job-8364170-132-sub-21050-ses-1/ds/inputs/data/qsiprep/qsiprep/sub-21050/ses-1/dwi/sub-21050_ses-1_space-ACPC_desc-preproc_dwi.nii.gz	0.0009746588693957	0.3335380852222442	0.1787003576755523	0.3212903141975403	0.3338634967803955	0.3214812874794006	0.1784834265708923	0.2133427858352661	0.2133594900369644	sub-21050	ses-1				space-ACPC			DSIStudio	autotrackgqi
Association_MiddleLongitudinalFasciculusR	rmse	NODDI	/scratch/executivefunction/SLURM_8364170_132/job-8364170-132-sub-21050-ses-1/ds/inputs/data/qsiprep/qsiprep/sub-21050/ses-1/dwi/sub-21050_ses-1_space-ACPC_desc-preproc_dwi.nii.gz	0.0009746588693957	0.0349637791514396	0.0111354002729058	0.0332073159515857	0.0349978879094123	0.0332241132855415	0.0110871233046054	0.0369838401675224	0.0369867384433746	sub-21050	ses-1				space-ACPC			DSIStudio	autotrackgqi
Association_MiddleLongitudinalFasciculusR	tf	NODDI	/scratch/executivefunction/SLURM_8364170_132/job-8364170-132-sub-21050-ses-1/ds/inputs/data/qsiprep/qsiprep/sub-21050/ses-1/dwi/sub-21050_ses-1_space-ACPC_desc-preproc_dwi.nii.gz	0.0066276803118908	0.9447311670459502	0.1374570613074435	1.0	0.9510343184744358	1.0	0.1141314689745681	0.9374811556812624	0.9377336824710696	sub-21050	ses-1				space-ACPC			DSIStudio	autotrackgqi
Association_UncinateFasciculusR	directions	NODDI	/scratch/executivefunction/SLURM_8364170_132/job-8364170-132-sub-21050-ses-1/ds/inputs/data/qsiprep/qsiprep/sub-21050/ses-1/dwi/sub-21050_ses-1_space-ACPC_desc-preproc_dwi.nii.gz	0.0	-0.0265252143144607	0.5767406225204468	-0.0364956557750701	-0.0265252143144607	-0.0364956557750701	0.5767406225204468	-0.206741988658905		sub-21050	ses-1				space-ACPC			DSIStudio	autotrackgqi
Association_UncinateFasciculusR	icvf	NODDI	/scratch/executivefunction/SLURM_8364170_132/job-8364170-132-sub-21050-ses-1/ds/inputs/data/qsiprep/qsiprep/sub-21050/ses-1/dwi/sub-21050_ses-1_space-ACPC_desc-preproc_dwi.nii.gz	0.0076408787010506	0.3406701385974884	0.1236645281314849	0.3288574516773224	0.3432932198047638	0.329525738954544	0.1204582378268241	0.3638735711574554	0.3643103837966919	sub-21050	ses-1				space-ACPC			DSIStudio	autotrackgqi
Association_UncinateFasciculusR	isovf	NODDI	/scratch/executivefunction/SLURM_8364170_132/job-8364170-132-sub-21050-ses-1/ds/inputs/data/qsiprep/qsiprep/sub-21050/ses-1/dwi/sub-21050_ses-1_space-ACPC_desc-preproc_dwi.nii.gz	0.7447946513849093	0.0609668530523777	0.1754265278577804	0.0	0.2388933151960373	0.0982061326503753	0.2794309258460998	0.0276841484010219	0.1035112738609314	sub-21050	ses-1				space-ACPC			DSIStudio	autotrackgqi
Association_UncinateFasciculusR	modulated_icvf	NODDI	/scratch/executivefunction/SLURM_8364170_132/job-8364170-132-sub-21050-ses-1/ds/inputs/data/qsiprep/qsiprep/sub-21050/ses-1/dwi/sub-21050_ses-1_space-ACPC_desc-preproc_dwi.nii.gz	0.0076408787010506	0.3120117485523224	0.092510886490345	0.3113614022731781	0.3144141435623169	0.3131565451622009	0.0887063294649124	0.3511366546154022	0.3515581488609314	sub-21050	ses-1				space-ACPC			DSIStudio	autotrackgqi
Association_UncinateFasciculusR	modulated_od	NODDI	/scratch/executivefunction/SLURM_8364170_132/job-8364170-132-sub-21050-ses-1/ds/inputs/data/qsiprep/qsiprep/sub-21050/ses-1/dwi/sub-21050_ses-1_space-ACPC_desc-preproc_dwi.nii.gz	0.0019102196752626	0.3222884833812713	0.1587164998054504	0.3122540712356567	0.3229053020477295	0.3126505017280578	0.1582402139902115	0.2224712967872619	0.2225086390972137	sub-21050	ses-1				space-ACPC			DSIStudio	autotrackgqi
Association_UncinateFasciculusR	nrmse	NODDI	/scratch/executivefunction/SLURM_8364170_132/job-8364170-132-sub-21050-ses-1/ds/inputs/data/qsiprep/qsiprep/sub-21050/ses-1/dwi/sub-21050_ses-1_space-ACPC_desc-preproc_dwi.nii.gz	0.0	0.1032701805233955	0.0437858030200004	0.0941882133483886	0.1032701805233955	0.0941882133483886	0.0437858030200004	0.0918854102492332	0.0918854102492332	sub-21050	ses-1				space-ACPC			DSIStudio	autotrackgqi
Association_UncinateFasciculusR	od	NODDI	/scratch/executivefunction/SLURM_8364170_132/job-8364170-132-sub-21050-ses-1/ds/inputs/data/qsiprep/qsiprep/sub-21050/ses-1/dwi/sub-21050_ses-1_space-ACPC_desc-preproc_dwi.nii.gz	0.0	0.3553634583950043	0.1742759943008422	0.3426577150821686	0.3553634583950043	0.3426577150821686	0.1742759943008422	0.2316228151321411	0.2316228151321411	sub-21050	ses-1				space-ACPC			DSIStudio	autotrackgqi
Association_UncinateFasciculusR	rmse	NODDI	/scratch/executivefunction/SLURM_8364170_132/job-8364170-132-sub-21050-ses-1/ds/inputs/data/qsiprep/qsiprep/sub-21050/ses-1/dwi/sub-21050_ses-1_space-ACPC_desc-preproc_dwi.nii.gz	0.0	0.0377842932939529	0.0220280438661575	0.0347554124891757	0.0377842932939529	0.0347554124891757	0.0220280438661575	0.0345013886690139	0.0345013886690139	sub-21050	ses-1				space-ACPC			DSIStudio	autotrackgqi
Association_UncinateFasciculusR	tf	NODDI	/scratch/executivefunction/SLURM_8364170_132/job-8364170-132-sub-21050-ses-1/ds/inputs/data/qsiprep/qsiprep/sub-21050/ses-1/dwi/sub-21050_ses-1_space-ACPC_desc-preproc_dwi.nii.gz	0.0076408787010506	0.9390331494546325	0.1754265411390013	1.0	0.9462634335697788	1.0	0.1554659847265699	0.97231585257294	0.9734830640908116	sub-21050	ses-1				space-ACPC			DSIStudio	autotrackgqi
Association_FrontalAslantTractR	directions	NODDI	/scratch/executivefunction/SLURM_8364170_132/job-8364170-132-sub-21050-ses-1/ds/inputs/data/qsiprep/qsiprep/sub-21050/ses-1/dwi/sub-21050_ses-1_space-ACPC_desc-preproc_dwi.nii.gz	0.0	-0.051823690533638	0.5750196576118469	-0.0558203868567943	-0.051823690533638	-0.0558203868567943	0.5750196576118469	-0.0871712863445282		sub-21050	ses-1				space-ACPC			DSIStudio	autotrackgqi
Association_FrontalAslantTractR	icvf	NODDI	/scratch/executivefunction/SLURM_8364170_132/job-8364170-132-sub-21050-ses-1/ds/inputs/data/qsiprep/qsiprep/sub-21050/ses-1/dwi/sub-21050_ses-1_space-ACPC_desc-preproc_dwi.nii.gz	0.003778617470549	0.4069642424583435	0.1325085163116455	0.3902026414871216	0.4085078239440918	0.3913816213607788	0.1303630918264389	0.4961619675159454	0.4962571263313293	sub-21050	ses-1				space-ACPC			DSIStudio	autotrackgqi
Association_FrontalAslantTractR	isovf	NODDI	/scratch/executivefunction/SLURM_8364170_132/job-8364170-132-sub-21050-ses-1/ds/inputs/data/qsiprep/qsiprep/sub-21050/ses-1/dwi/sub-21050_ses-1_space-ACPC_desc-preproc_dwi.nii.gz	0.5058901978217382	0.0647448897361755	0.1219222396612167	0.0	0.1310334056615829	0.0953091159462928	0.1462821364402771	0.0697773694992065	0.0945693477988243	sub-21050	ses-1				space-ACPC			DSIStudio	autotrackgqi
Association_FrontalAslantTractR	modulated_icvf	NODDI	/scratch/executivefunction/SLURM_8364170_132/job-8364170-132-sub-21050-ses-1/ds/inputs/data/qsiprep/qsiprep/sub-21050/ses-1/dwi/sub-21050_ses-1_space-ACPC_desc-preproc_dwi.nii.gz	0.003778617470549	0.3797240257263183	0.1200635880231857	0.3764235079288482	0.3811643123626709	0.3773701786994934	0.1179871186614036	0.4582067728042602	0.4582946598529815	sub-21050	ses-1				space-ACPC			DSIStudio	autotrackgqi
Association_FrontalAslantTractR	modulated_od	NODDI	/scratch/executivefunction/SLURM_8364170_132/job-8364170-132-sub-21050-ses-1/ds/inputs/data/qsiprep/qsiprep/sub-21050/ses-1/dwi/sub-21050_ses-1_space-ACPC_desc-preproc_dwi.nii.gz	0.003778617470549	0.2892062366008758	0.1440764516592025	0.2726636230945587	0.2903032004833221	0.2734614610671997	0.1432421505451202	0.2335520833730697	0.233596846461296	sub-21050	ses-1				space-ACPC			DSIStudio	autotrackgqi
Association_FrontalAslantTractR	nrmse	NODDI	/scratch/executivefunction/SLURM_8364170_132/job-8364170-132-sub-21050-ses-1/ds/inputs/data/qsiprep/qsiprep/sub-21050/ses-1/dwi/sub-21050_ses-1_space-ACPC_desc-preproc_dwi.nii.gz	0.0	0.0970822945237159	0.0264670401811599	0.092435598373413	0.0970822945237159	0.092435598373413	0.0264670401811599	0.105525866150856	0.105525866150856	sub-21050	ses-1				space-ACPC			DSIStudio	autotrackgqi
Association_FrontalAslantTractR	od	NODDI	/scratch/executivefunction/SLURM_8364170_132/job-8364170-132-sub-21050-ses-1/ds/inputs/data/qsiprep/qsiprep/sub-21050/ses-1/dwi/sub-21050_ses-1_space-ACPC_desc-preproc_dwi.nii.gz	0.0	0.3146982789039612	0.1597833037376403	0.2927936911582947	0.3146982789039612	0.2927936911582947	0.1597833037376403	0.2512847483158111	0.2512847483158111	sub-21050	ses-1				space-ACPC			DSIStudio	autotrackgqi
Association_FrontalAslantTractR	rmse	NODDI	/scratch/executivefunction/SLURM_8364170_132/job-8364170-132-sub-21050-ses-1/ds/inputs/data/qsiprep/qsiprep/sub-21050/ses-1/dwi/sub-21050_ses-1_space-ACPC_desc-preproc_dwi.nii.gz	0.0	0.037464577704668	0.0125118233263492	0.0351555906236171	0.037464577704668	0.0351555906236171	0.0125118233263492	0.0426723808050155	0.0426723808050155	sub-21050	ses-1				space-ACPC			DSIStudio	autotrackgqi
Association_FrontalAslantTractR	tf	NODDI	/scratch/executivefunction/SLURM_8364170_132/job-8364170-132-sub-21050-ses-1/ds/inputs/data/qsiprep/qsiprep/sub-21050/ses-1/dwi/sub-21050_ses-1_space-ACPC_desc-preproc_dwi.nii.gz	0.003778617470549	0.935255111760896	0.1219222442624904	1.0	0.938802487240578	1.0	0.1076621151824848	0.930222625427832	0.9304009736232836	sub-21050	ses-1				space-ACPC			DSIStudio	autotrackgqi
Association_SuperiorLongitudinalFasciculusL	directions	NODDI	/scratch/executivefunction/SLURM_8364170_132/job-8364170-132-sub-21050-ses-1/ds/inputs/data/qsiprep/qsiprep/sub-21050/ses-1/dwi/sub-21050_ses-1_space-ACPC_desc-preproc_dwi.nii.gz	41.0	-0.0567258447408676	0.5734102129936218	-0.0791874900460243	-0.0569507293403148	-0.0832209587097168	0.57453453540802	-0.1542591303586959		sub-21050	ses-1				space-ACPC			DSIStudio	autotrackgqi
Association_SuperiorLongitudinalFasciculusL	icvf	NODDI	/scratch/executivefunction/SLURM_8364170_132/job-8364170-132-sub-21050-ses-1/ds/inputs/data/qsiprep/qsiprep/sub-21050/ses-1/dwi/sub-21050_ses-1_space-ACPC_desc-preproc_dwi.nii.gz	0.0093421939709139	0.400825947523117	0.1257119625806808	0.376406192779541	0.4046058654785156	0.3788518905639648	0.1200964599847793	0.4770240783691406	0.4774519801139831	sub-21050	ses-1				space-ACPC			DSIStudio	autotrackgqi
Association_SuperiorLongitudinalFasciculusL	isovf	NODDI	/scratch/executivefunction/SLURM_8364170_132/job-8364170-132-sub-21050-ses-1/ds/inputs/data/qsiprep/qsiprep/sub-21050/ses-1/dwi/sub-21050_ses-1_space-ACPC_desc-preproc_dwi.nii.gz	0.6366175479148608	0.0537488870322704	0.1282103806734085	0.0	0.1479127258062362	0.1023622080683708	0.1769400686025619	0.0611631870269775	0.1071023344993591	sub-21050	ses-1				space-ACPC			DSIStudio	autotrackgqi
Association_SuperiorLongitudinalFasciculusL	modulated_icvf	NODDI	/scratch/executivefunction/SLURM_8364170_132/job-8364170-132-sub-21050-ses-1/ds/inputs/data/qsiprep/qsiprep/sub-21050/ses-1/dwi/sub-21050_ses-1_space-ACPC_desc-preproc_dwi.nii.gz	0.0093421939709139	0.376616895198822	0.1081074699759483	0.3629305958747864	0.3801684975624084	0.3681378364562988	0.1022116839885711	0.4428507089614868	0.44324791431427	sub-21050	ses-1				space-ACPC			DSIStudio	autotrackgqi
Association_SuperiorLongitudinalFasciculusL	modulated_od	NODDI	/scratch/executivefunction/SLURM_8364170_132/job-8364170-132-sub-21050-ses-1/ds/inputs/data/qsiprep/qsiprep/sub-21050/ses-1/dwi/sub-21050_ses-1_space-ACPC_desc-preproc_dwi.nii.gz	0.008475392468458	0.3245660662651062	0.1739050298929214	0.3023784160614013	0.3273403942584991	0.3043779134750366	0.1720270812511444	0.2480055093765258	0.2482156008481979	sub-21050	ses-1				space-ACPC			DSIStudio	autotrackgqi
Association_SuperiorLongitudinalFasciculusL	nrmse	NODDI	/scratch/executivefunction/SLURM_8364170_132/job-8364170-132-sub-21050-ses-1/ds/inputs/data/qsiprep/qsiprep/sub-21050/ses-1/dwi/sub-21050_ses-1_space-ACPC_desc-preproc_dwi.nii.gz	0.003948762400077	0.0899586677551269	0.0265699084848165	0.0846008881926536	0.0903152972459793	0.0847379863262176	0.0260105598717927	0.0955408364534378	0.0955808982253074	sub-21050	ses-1				space-ACPC			DSIStudio	autotrackgqi
Association_SuperiorLongitudinalFasciculusL	od	NODDI	/scratch/executivefunction/SLURM_8364170_132/job-8364170-132-sub-21050-ses-1/ds/inputs/data/qsiprep/qsiprep/sub-21050/ses-1/dwi/sub-21050_ses-1_space-ACPC_desc-preproc_dwi.nii.gz	0.003948762400077	0.3479527533054352	0.1840115189552307	0.3258495628833771	0.349332183599472	0.3268651366233825	0.1830644607543945	0.2629082798957824	0.2630185484886169	sub-21050	ses-1				space-ACPC			DSIStudio	autotrackgqi
Association_SuperiorLongitudinalFasciculusL	rmse	NODDI	/scratch/executivefunction/SLURM_8364170_132/job-8364170-132-sub-21050-ses-1/ds/inputs/data/qsiprep/qsiprep/sub-21050/ses-1/dwi/sub-21050_ses-1_space-ACPC_desc-preproc_dwi.nii.gz	0.003948762400077	0.0346602462232112	0.0122722620144486	0.032208926975727	0.03479765355587	0.0322452336549758	0.0121005792170763	0.0383663848042488	0.0383824743330478	sub-21050	ses-1				space-ACPC			DSIStudio	autotrackgqi
Association_SuperiorLongitudinalFasciculusL	tf	NODDI	/scratch/executivefunction/SLURM_8364170_132/job-8364170-132-sub-21050-ses-1/ds/inputs/data/qsiprep/qsiprep/sub-21050/ses-1/dwi/sub-21050_ses-1_space-ACPC_desc-preproc_dwi.nii.gz	0.0093421939709139	0.9423023472284175	0.1412323977000821	1.0	0.9511885350255356	1.0	0.1080844688611612	0.938417588817987	0.9392593747044904	sub-21050	ses-1				space-ACPC			DSIStudio	autotrackgqi
Association_InferiorFrontoOccipitalFasciculusL	directions	NODDI	/scratch/executivefunction/SLURM_8364170_132/job-8364170-132-sub-21050-ses-1/ds/inputs/data/qsiprep/qsiprep/sub-21050/ses-1/dwi/sub-21050_ses-1_space-ACPC_desc-preproc_dwi.nii.gz	93.0	-0.1244148984551429	0.5607792139053345	-0.2054724395275116	-0.1256897449493408	-0.2152265161275863	0.563502848148346	-0.151306465268135		sub-21050	ses-1				space-ACPC			DSIStudio	autotrackgqi
Association_InferiorFrontoOccipitalFasciculusL	icvf	NODDI	/scratch/executivefunction/SLURM_8364170_132/job-8364170-132-sub-21050-ses-1/ds/inputs/data/qsiprep/qsiprep/sub-21050/ses-1/dwi/sub-21050_ses-1_space-ACPC_desc-preproc_dwi.nii.gz	0.012433198822118	0.3939679563045501	0.1289300918579101	0.3878246545791626	0.3989278972148895	0.3896947801113128	0.1218752861022949	0.4615953266620636	0.4620932638645172	sub-21050	ses-1				space-ACPC			DSIStudio	autotrackgqi
Association_InferiorFrontoOccipitalFasciculusL	isovf	NODDI	/scratch/executivefunction/SLURM_8364170_132/job-8364170-132-sub-21050-ses-1/ds/inputs/data/qsiprep/qsiprep/sub-21050/ses-1/dwi/sub-21050_ses-1_space-ACPC_desc-preproc_dwi.nii.gz	0.6268949721888973	0.0534900017082691	0.1294868886470794	0.0	0.1433644592761993	0.0840691775083541	0.1790360212326049	0.05208121240139	0.0822347849607467	sub-21050	ses-1				space-ACPC			DSIStudio	autotrackgqi
Association_InferiorFrontoOccipitalFasciculusL	modulated_icvf	NODDI	/scratch/executivefunction/SLURM_8364170_132/job-8364170-132-sub-21050-ses-1/ds/inputs/data/qsiprep/qsiprep/sub-21050/ses-1/dwi/sub-21050_ses-1_space-ACPC_desc-preproc_dwi.nii.gz	0.012433198822118	0.3675939440727234	0.1094355434179306	0.3703853487968445	0.372221827507019	0.373382955789566	0.1020014956593513	0.4356901049613952	0.4361600875854492	sub-21050	ses-1				space-ACPC			DSIStudio	autotrackgqi
Association_InferiorFrontoOccipitalFasciculusL	modulated_od	NODDI	/scratch/executivefunction/SLURM_8364170_132/job-8364170-132-sub-21050-ses-1/ds/inputs/data/qsiprep/qsiprep/sub-21050/ses-1/dwi/sub-21050_ses-1_space-ACPC_desc-preproc_dwi.nii.gz	0.0117788199367433	0.3337098062038421	0.1847653090953827	0.3147062659263611	0.3376873731613159	0.3180243074893951	0.1822140216827392	0.1747811585664749	0.1749675273895263	sub-21050	ses-1				space-ACPC			DSIStudio	autotrackgqi
Association_InferiorFrontoOccipitalFasciculusL	nrmse	NODDI	/scratch/executivefunction/SLURM_8364170_132/job-8364170-132-sub-21050-ses-1/ds/inputs/data/qsiprep/qsiprep/sub-21050/ses-1/dwi/sub-21050_ses-1_space-ACPC_desc-preproc_dwi.nii.gz	0.0101428727233067	0.0994028076529502	0.0482702776789665	0.0898073315620422	0.1004213690757751	0.0902007818222045	0.0474511235952377	0.0990915447473526	0.0991851985454559	sub-21050	ses-1				space-ACPC			DSIStudio	autotrackgqi
Association_InferiorFrontoOccipitalFasciculusL	od	NODDI	/scratch/executivefunction/SLURM_8364170_132/job-8364170-132-sub-21050-ses-1/ds/inputs/data/qsiprep/qsiprep/sub-21050/ses-1/dwi/sub-21050_ses-1_space-ACPC_desc-preproc_dwi.nii.gz	0.0101428727233067	0.3572791814804077	0.195680484175682	0.3398548066616058	0.360940158367157	0.3429816365242004	0.1932920515537262	0.1843668520450592	0.18454110622406	sub-21050	ses-1				space-ACPC			DSIStudio	autotrackgqi
Association_InferiorFrontoOccipitalFasciculusL	rmse	NODDI	/scratch/executivefunction/SLURM_8364170_132/job-8364170-132-sub-21050-ses-1/ds/inputs/data/qsiprep/qsiprep/sub-21050/ses-1/dwi/sub-21050_ses-1_space-ACPC_desc-preproc_dwi.nii.gz	0.0101428727233067	0.0385590270161628	0.0293573327362537	0.0340318791568279	0.038954135030508	0.0341584011912345	0.0292453970760107	0.0395688898861408	0.0396062918007373	sub-21050	ses-1				space-ACPC			DSIStudio	autotrackgqi
Association_InferiorFrontoOccipitalFasciculusL	tf	NODDI	/scratch/executivefunction/SLURM_8364170_132/job-8364170-132-sub-21050-ses-1/ds/inputs/data/qsiprep/qsiprep/sub-21050/ses-1/dwi/sub-21050_ses-1_space-ACPC_desc-preproc_dwi.nii.gz	0.012433198822118	0.9363671230286936	0.1603800667943607	1.0	0.948155731755946	1.0	0.1219350604339104	0.9469745048755756	0.9479959941273524	sub-21050	ses-1				space-ACPC			DSIStudio	autotrackgqi
Association_InferiorLongitudinalFasciculusR	directions	NODDI	/scratch/executivefunction/SLURM_8364170_132/job-8364170-132-sub-21050-ses-1/ds/inputs/data/qsiprep/qsiprep/sub-21050/ses-1/dwi/sub-21050_ses-1_space-ACPC_desc-preproc_dwi.nii.gz	13.0	-0.0326052047312259	0.5760661363601685	-0.0660422295331955	-0.0326461419463157	-0.0670832991600036	0.5764265656471252	0.0248295217752456		sub-21050	ses-1				space-ACPC			DSIStudio	autotrackgqi
Association_InferiorLongitudinalFasciculusR	icvf	NODDI	/scratch/executivefunction/SLURM_8364170_132/job-8364170-132-sub-21050-ses-1/ds/inputs/data/qsiprep/qsiprep/sub-21050/ses-1/dwi/sub-21050_ses-1_space-ACPC_desc-preproc_dwi.nii.gz	0.002797337706183	0.3931529819965362	0.1101310402154922	0.3859437704086303	0.3942558467388153	0.3866384625434875	0.1082961559295654	0.4367218613624573	0.4368367791175842	sub-21050	ses-1				space-ACPC			DSIStudio	autotrackgqi
Association_InferiorLongitudinalFasciculusR	isovf	NODDI	/scratch/executivefunction/SLURM_8364170_132/job-8364170-132-sub-21050-ses-1/ds/inputs/data/qsiprep/qsiprep/sub-21050/ses-1/dwi/sub-21050_ses-1_space-ACPC_desc-preproc_dwi.nii.gz	0.6183080929873638	0.0550664812326431	0.1286514550447464	0.0	0.1442694514989853	0.0880377143621444	0.1746237426996231	0.0543956272304058	0.0919920206069946	sub-21050	ses-1				space-ACPC			DSIStudio	autotrackgqi
Association_InferiorLongitudinalFasciculusR	modulated_icvf	NODDI	/scratch/executivefunction/SLURM_8364170_132/job-8364170-132-sub-21050-ses-1/ds/inputs/data/qsiprep/qsiprep/sub-21050/ses-1/dwi/sub-21050_ses-1_space-ACPC_desc-preproc_dwi.nii.gz	0.002797337706183	0.3671581447124481	0.0964609086513519	0.3592226803302765	0.3681881129741668	0.360742449760437	0.0946128666400909	0.4112423658370971	0.4113505780696869	sub-21050	ses-1				space-ACPC			DSIStudio	autotrackgqi
Association_InferiorLongitudinalFasciculusR	modulated_od	NODDI	/scratch/executivefunction/SLURM_8364170_132/job-8364170-132-sub-21050-ses-1/ds/inputs/data/qsiprep/qsiprep/sub-21050/ses-1/dwi/sub-21050_ses-1_space-ACPC_desc-preproc_dwi.nii.gz	0.002122118259863	0.3300296664237976	0.1869003623723983	0.3114522695541382	0.3307315111160278	0.3121402263641357	0.1864776313304901	0.2040935605764389	0.2041331827640533	sub-21050	ses-1				space-ACPC			DSIStudio	autotrackgqi
Association_InferiorLongitudinalFasciculusR	nrmse	NODDI	/scratch/executivefunction/SLURM_8364170_132/job-8364170-132-sub-21050-ses-1/ds/inputs/data/qsiprep/qsiprep/sub-21050/ses-1/dwi/sub-21050_ses-1_space-ACPC_desc-preproc_dwi.nii.gz	0.0012539789717372	0.0953750759363174	0.0345697030425071	0.0894885435700416	0.0954948216676712	0.089523822069168	0.0344257093966007	0.0959385633468627	0.0959443897008895	sub-21050	ses-1				space-ACPC			DSIStudio	autotrackgqi
Association_InferiorLongitudinalFasciculusR	od	NODDI	/scratch/executivefunction/SLURM_8364170_132/job-8364170-132-sub-21050-ses-1/ds/inputs/data/qsiprep/qsiprep/sub-21050/ses-1/dwi/sub-21050_ses-1_space-ACPC_desc-preproc_dwi.nii.gz	0.0012539789717372	0.3488180041313171	0.1910918354988098	0.3300885856151581	0.3492559790611267	0.3303640484809875	0.1908113658428192	0.2134404182434082	0.2134533673524856	sub-21050	ses-1				space-ACPC			DSIStudio	autotrackgqi
Association_InferiorLongitudinalFasciculusR	rmse	NODDI	/scratch/executivefunction/SLURM_8364170_132/job-8364170-132-sub-21050-ses-1/ds/inputs/data/qsiprep/qsiprep/sub-21050/ses-1/dwi/sub-21050_ses-1_space-ACPC_desc-preproc_dwi.nii.gz	0.0012539789717372	0.0362644009292125	0.0144149269908666	0.0338740721344947	0.0363099314272403	0.0339024104177951	0.0143665503710508	0.0378222875297069	0.0378245860338211	sub-21050	ses-1				space-ACPC			DSIStudio	autotrackgqi
Association_InferiorLongitudinalFasciculusR	tf	NODDI	/scratch/executivefunction/SLURM_8364170_132/job-8364170-132-sub-21050-ses-1/ds/inputs/data/qsiprep/qsiprep/sub-21050/ses-1/dwi/sub-21050_ses-1_space-ACPC_desc-preproc_dwi.nii.gz	0.002797337706183	0.9436795385752969	0.132911624140702	1.0	0.9463267340307704	1.0	0.1233285976277288	0.9455437196572872	0.9457924961755916	sub-21050	ses-1				space-ACPC			DSIStudio	autotrackgqi
Association_CingulumR	directions	NODDI	/scratch/executivefunction/SLURM_8364170_132/job-8364170-132-sub-21050-ses-1/ds/inputs/data/qsiprep/qsiprep/sub-21050/ses-1/dwi/sub-21050_ses-1_space-ACPC_desc-preproc_dwi.nii.gz	0.0	-0.0891187936067581	0.5704306960105896	-0.1125736311078071	-0.0891187936067581	-0.1125736311078071	0.5704306960105896	-0.1424714624881744		sub-21050	ses-1				space-ACPC			DSIStudio	autotrackgqi
Association_CingulumR	icvf	NODDI	/scratch/executivefunction/SLURM_8364170_132/job-8364170-132-sub-21050-ses-1/ds/inputs/data/qsiprep/qsiprep/sub-21050/ses-1/dwi/sub-21050_ses-1_space-ACPC_desc-preproc_dwi.nii.gz	0.0136948274266679	0.3608277142047882	0.1349140554666519	0.3427272737026214	0.365837812423706	0.3427272737026214	0.1289249956607818	0.4406664371490478	0.4415764510631561	sub-21050	ses-1				space-ACPC			DSIStudio	autotrackgqi
Association_CingulumR	isovf	NODDI	/scratch/executivefunction/SLURM_8364170_132/job-8364170-132-sub-21050-ses-1/ds/inputs/data/qsiprep/qsiprep/sub-21050/ses-1/dwi/sub-21050_ses-1_space-ACPC_desc-preproc_dwi.nii.gz	0.6442120847598779	0.0953048691153526	0.2089345157146453	0.0	0.2678698897361755	0.1381244212388992	0.276533305644989	0.050227977335453	0.1117604821920394	sub-21050	ses-1				space-ACPC			DSIStudio	autotrackgqi
Association_CingulumR	modulated_icvf	NODDI	/scratch/executivefunction/SLURM_8364170_132/job-8364170-132-sub-21050-ses-1/ds/inputs/data/qsiprep/qsiprep/sub-21050/ses-1/dwi/sub-21050_ses-1_space-ACPC_desc-preproc_dwi.nii.gz	0.0136948274266679	0.3208387196063995	0.1104149967432022	0.3288346529006958	0.3252935707569122	0.3309129476547241	0.1044587045907974	0.4148302674293518	0.4156869649887085	sub-21050	ses-1				space-ACPC			DSIStudio	autotrackgqi
Association_CingulumR	modulated_od	NODDI	/scratch/executivefunction/SLURM_8364170_132/job-8364170-132-sub-21050-ses-1/ds/inputs/data/qsiprep/qsiprep/sub-21050/ses-1/dwi/sub-21050_ses-1_space-ACPC_desc-preproc_dwi.nii.gz	0.0069399463310817	0.3290855586528778	0.1686500310897827	0.3308545351028442	0.3313853740692138	0.3318845331668854	0.1669715046882629	0.2226537764072418	0.222854346036911	sub-21050	ses-1				space-ACPC			DSIStudio	autotrackgqi
Association_CingulumR	nrmse	NODDI	/scratch/executivefunction/SLURM_8364170_132/job-8364170-132-sub-21050-ses-1/ds/inputs/data/qsiprep/qsiprep/sub-21050/ses-1/dwi/sub-21050_ses-1_space-ACPC_desc-preproc_dwi.nii.gz	0.0	0.0973493754863739	0.0264250077307224	0.0933189913630485	0.0973493754863739	0.0933189913630485	0.0264250077307224	0.1046573594212532	0.1046573594212532	sub-21050	ses-1				space-ACPC			DSIStudio	autotrackgqi
Association_CingulumR	od	NODDI	/scratch/executivefunction/SLURM_8364170_132/job-8364170-132-sub-21050-ses-1/ds/inputs/data/qsiprep/qsiprep/sub-21050/ses-1/dwi/sub-21050_ses-1_space-ACPC_desc-preproc_dwi.nii.gz	0.0	0.3800566792488098	0.1913753151893615	0.3655923306941986	0.3800566792488098	0.3655923306941986	0.1913753151893615	0.2360662370920181	0.2360662370920181	sub-21050	ses-1				space-ACPC			DSIStudio	autotrackgqi
Association_CingulumR	rmse	NODDI	/scratch/executivefunction/SLURM_8364170_132/job-8364170-132-sub-21050-ses-1/ds/inputs/data/qsiprep/qsiprep/sub-21050/ses-1/dwi/sub-21050_ses-1_space-ACPC_desc-preproc_dwi.nii.gz	0.0	0.0359281115233898	0.0113471904769539	0.0345016345381736	0.0359281115233898	0.0345016345381736	0.0113471904769539	0.0415945053100585	0.0415945053100585	sub-21050	ses-1				space-ACPC			DSIStudio	autotrackgqi
Association_CingulumR	tf	NODDI	/scratch/executivefunction/SLURM_8364170_132/job-8364170-132-sub-21050-ses-1/ds/inputs/data/qsiprep/qsiprep/sub-21050/ses-1/dwi/sub-21050_ses-1_space-ACPC_desc-preproc_dwi.nii.gz	0.0136948274266679	0.904695136706814	0.208934502262923	1.0	0.9172568104316106	1.0	0.1809350026421762	0.9497720224947136	0.9517333838122952	sub-21050	ses-1				space-ACPC			DSIStudio	autotrackgqi
Association_InferiorFrontoOccipitalFasciculusR	directions	NODDI	/scratch/executivefunction/SLURM_8364170_132/job-8364170-132-sub-21050-ses-1/ds/inputs/data/qsiprep/qsiprep/sub-21050/ses-1/dwi/sub-21050_ses-1_space-ACPC_desc-preproc_dwi.nii.gz	10.0	-0.0543241649866104	0.5744422078132629	-0.0681836828589439	-0.0543891675770282	-0.0693379119038581	0.57478266954422	-0.0967782288789749		sub-21050	ses-1				space-ACPC			DSIStudio	autotrackgqi
Association_InferiorFrontoOccipitalFasciculusR	icvf	NODDI	/scratch/executivefunction/SLURM_8364170_132/job-8364170-132-sub-21050-ses-1/ds/inputs/data/qsiprep/qsiprep/sub-21050/ses-1/dwi/sub-21050_ses-1_space-ACPC_desc-preproc_dwi.nii.gz	0.0035855145213338	0.3934561908245086	0.1193160414695739	0.3903567492961883	0.3948720097541809	0.3911924362182617	0.117168590426445	0.4558615684509277	0.4559385180473327	sub-21050	ses-1				space-ACPC			DSIStudio	autotrackgqi
Association_InferiorFrontoOccipitalFasciculusR	isovf	NODDI	/scratch/executivefunction/SLURM_8364170_132/job-8364170-132-sub-21050-ses-1/ds/inputs/data/qsiprep/qsiprep/sub-21050/ses-1/dwi/sub-21050_ses-1_space-ACPC_desc-preproc_dwi.nii.gz	0.5957929962949683	0.0557145029306411	0.1295447498559951	0.0	0.1378365606069564	0.0803666040301323	0.1737772077322006	0.0464517436921596	0.0808149129152298	sub-21050	ses-1				space-ACPC			DSIStudio	autotrackgqi
Association_InferiorFrontoOccipitalFasciculusR	modulated_icvf	NODDI	/scratch/executivefunction/SLURM_8364170_132/job-8364170-132-sub-21050-ses-1/ds/inputs/data/qsiprep/qsiprep/sub-21050/ses-1/dwi/sub-21050_ses-1_space-ACPC_desc-preproc_dwi.nii.gz	0.0035855145213338	0.3674080371856689	0.102441981434822	0.3735960125923157	0.3687301278114319	0.3747017085552215	0.1002228930592536	0.4329699277877807	0.4330430328845978	sub-21050	ses-1				space-ACPC			DSIStudio	autotrackgqi
Association_InferiorFrontoOccipitalFasciculusR	modulated_od	NODDI	/scratch/executivefunction/SLURM_8364170_132/job-8364170-132-sub-21050-ses-1/ds/inputs/data/qsiprep/qsiprep/sub-21050/ses-1/dwi/sub-21050_ses-1_space-ACPC_desc-preproc_dwi.nii.gz	0.0035855145213338	0.317516952753067	0.1772330850362777	0.2989964485168457	0.3186595141887665	0.2997956573963165	0.1765234023332595	0.1657703518867492	0.1657983362674713	sub-21050	ses-1				space-ACPC			DSIStudio	autotrackgqi
Association_InferiorFrontoOccipitalFasciculusR	nrmse	NODDI	/scratch/executivefunction/SLURM_8364170_132/job-8364170-132-sub-21050-ses-1/ds/inputs/data/qsiprep/qsiprep/sub-21050/ses-1/dwi/sub-21050_ses-1_space-ACPC_desc-preproc_dwi.nii.gz	0.0011951715071112	0.1050538495182991	0.0541375316679477	0.0925490632653236	0.1051795557141304	0.0925686433911323	0.0540477372705936	0.0979167819023132	0.0979180783033371	sub-21050	ses-1				space-ACPC			DSIStudio	autotrackgqi
Association_InferiorFrontoOccipitalFasciculusR	od	NODDI	/scratch/executivefunction/SLURM_8364170_132/job-8364170-132-sub-21050-ses-1/ds/inputs/data/qsiprep/qsiprep/sub-21050/ses-1/dwi/sub-21050_ses-1_space-ACPC_desc-preproc_dwi.nii.gz	0.0011951715071112	0.3402888178825378	0.1878019422292709	0.322561115026474	0.3406960070133209	0.322988897562027	0.1875447779893875	0.1722738295793533	0.1722760945558548	sub-21050	ses-1				space-ACPC			DSIStudio	autotrackgqi
Association_InferiorFrontoOccipitalFasciculusR	rmse	NODDI	/scratch/executivefunction/SLURM_8364170_132/job-8364170-132-sub-21050-ses-1/ds/inputs/data/qsiprep/qsiprep/sub-21050/ses-1/dwi/sub-21050_ses-1_space-ACPC_desc-preproc_dwi.nii.gz	0.0011951715071112	0.0400941893458366	0.0272347070276737	0.0351351052522659	0.0401421673595905	0.0351609103381633	0.027215639129281	0.0393217131495475	0.0393222346901893	sub-21050	ses-1				space-ACPC			DSIStudio	autotrackgqi
Association_InferiorFrontoOccipitalFasciculusR	tf	NODDI	/scratch/executivefunction/SLURM_8364170_132/job-8364170-132-sub-21050-ses-1/ds/inputs/data/qsiprep/qsiprep/sub-21050/ses-1/dwi/sub-21050_ses-1_space-ACPC_desc-preproc_dwi.nii.gz	0.0035855145213338	0.943090325482105	0.1335754758815279	1.0	0.9464839574557722	1.0	0.121221260323315	0.9535351110185862	0.9536961523599552	sub-21050	ses-1				space-ACPC			DSIStudio	autotrackgqi
Association_ParietalAslantTractR	directions	NODDI	/scratch/executivefunction/SLURM_8364170_132/job-8364170-132-sub-21050-ses-1/ds/inputs/data/qsiprep/qsiprep/sub-21050/ses-1/dwi/sub-21050_ses-1_space-ACPC_desc-preproc_dwi.nii.gz	66.0	-0.1456140130758285	0.5563355684280396	-0.2129880636930465	-0.1467678844928741	-0.2192536741495132	0.5583838224411011	-0.2932139337062835		sub-21050	ses-1				space-ACPC			DSIStudio	autotrackgqi
Association_ParietalAslantTractR	icvf	NODDI	/scratch/executivefunction/SLURM_8364170_132/job-8364170-132-sub-21050-ses-1/ds/inputs/data/qsiprep/qsiprep/sub-21050/ses-1/dwi/sub-21050_ses-1_space-ACPC_desc-preproc_dwi.nii.gz	0.0119118522930315	0.3630228638648987	0.1091950386762619	0.3427272737026214	0.3673992753028869	0.3427272737026214	0.1022712737321853	0.435257077217102	0.4357580840587616	sub-21050	ses-1				space-ACPC			DSIStudio	autotrackgqi
Association_ParietalAslantTractR	isovf	NODDI	/scratch/executivefunction/SLURM_8364170_132/job-8364170-132-sub-21050-ses-1/ds/inputs/data/qsiprep/qsiprep/sub-21050/ses-1/dwi/sub-21050_ses-1_space-ACPC_desc-preproc_dwi.nii.gz	0.689458010720667	0.0498141273856163	0.128480851650238	0.0	0.1604102849960327	0.1001496165990829	0.1881906986236572	0.0520970448851585	0.1006381213665008	sub-21050	ses-1				space-ACPC			DSIStudio	autotrackgqi
Association_ParietalAslantTractR	modulated_icvf	NODDI	/scratch/executivefunction/SLURM_8364170_132/job-8364170-132-sub-21050-ses-1/ds/inputs/data/qsiprep/qsiprep/sub-21050/ses-1/dwi/sub-21050_ses-1_space-ACPC_desc-preproc_dwi.nii.gz	0.0119118522930315	0.3421685993671417	0.0956994742155075	0.3427272737026214	0.3462935984134674	0.3427272737026214	0.0885456651449203	0.4092361629009247	0.4097071588039398	sub-21050	ses-1				space-ACPC			DSIStudio	autotrackgqi
Association_ParietalAslantTractR	modulated_od	NODDI	/scratch/executivefunction/SLURM_8364170_132/job-8364170-132-sub-21050-ses-1/ds/inputs/data/qsiprep/qsiprep/sub-21050/ses-1/dwi/sub-21050_ses-1_space-ACPC_desc-preproc_dwi.nii.gz	0.0117927337701012	0.3371610045433044	0.1764547675848007	0.3393721580505371	0.3411844968795776	0.3427556753158569	0.1735946387052536	0.2264114469289779	0.2266716361045837	sub-21050	ses-1				space-ACPC			DSIStudio	autotrackgqi
Association_ParietalAslantTractR	nrmse	NODDI	/scratch/executivefunction/SLURM_8364170_132/job-8364170-132-sub-21050-ses-1/ds/inputs/data/qsiprep/qsiprep/sub-21050/ses-1/dwi/sub-21050_ses-1_space-ACPC_desc-preproc_dwi.nii.gz	0.0078618225134008	0.0896628051996231	0.0284803584218025	0.0862597450613975	0.0903733000159263	0.0864407271146774	0.0274471882730722	0.0894937887787818	0.0895324274897575	sub-21050	ses-1				space-ACPC			DSIStudio	autotrackgqi
Association_ParietalAslantTractR	od	NODDI	/scratch/executivefunction/SLURM_8364170_132/job-8364170-132-sub-21050-ses-1/ds/inputs/data/qsiprep/qsiprep/sub-21050/ses-1/dwi/sub-21050_ses-1_space-ACPC_desc-preproc_dwi.nii.gz	0.0078618225134008	0.3582067787647247	0.1838287413120269	0.3627677261829376	0.3610452711582184	0.3649070560932159	0.1817579865455627	0.2364592105150222	0.2365612685680389	sub-21050	ses-1				space-ACPC			DSIStudio	autotrackgqi
Association_ParietalAslantTractR	rmse	NODDI	/scratch/executivefunction/SLURM_8364170_132/job-8364170-132-sub-21050-ses-1/ds/inputs/data/qsiprep/qsiprep/sub-21050/ses-1/dwi/sub-21050_ses-1_space-ACPC_desc-preproc_dwi.nii.gz	0.0078618225134008	0.0336463823914527	0.0111078461632132	0.0324087776243686	0.0339129976928234	0.0325273610651493	0.0107387211173772	0.0350983329117298	0.0351134836673736	sub-21050	ses-1				space-ACPC			DSIStudio	autotrackgqi
Association_ParietalAslantTractR	tf	NODDI	/scratch/executivefunction/SLURM_8364170_132/job-8364170-132-sub-21050-ses-1/ds/inputs/data/qsiprep/qsiprep/sub-21050/ses-1/dwi/sub-21050_ses-1_space-ACPC_desc-preproc_dwi.nii.gz	0.0119118522930315	0.9423240479505652	0.1533756133160481	1.0	0.953684193194092	1.0	0.1139020688312532	0.9474715422242536	0.9485620601076512	sub-21050	ses-1				space-ACPC			DSIStudio	autotrackgqi
Association_CingulumL	directions	NODDI	/scratch/executivefunction/SLURM_8364170_132/job-8364170-132-sub-21050-ses-1/ds/inputs/data/qsiprep/qsiprep/sub-21050/ses-1/dwi/sub-21050_ses-1_space-ACPC_desc-preproc_dwi.nii.gz	3.0	-0.0997719019651413	0.5685851573944092	-0.1640498638153076	-0.0997987911105156	-0.1642990112304687	0.5686594247817993	-0.1556575149297714		sub-21050	ses-1				space-ACPC			DSIStudio	autotrackgqi
Association_CingulumL	icvf	NODDI	/scratch/executivefunction/SLURM_8364170_132/job-8364170-132-sub-21050-ses-1/ds/inputs/data/qsiprep/qsiprep/sub-21050/ses-1/dwi/sub-21050_ses-1_space-ACPC_desc-preproc_dwi.nii.gz	0.006018144255816	0.385327011346817	0.1258140653371811	0.3427272737026214	0.3876600265502929	0.3427272737026214	0.1225586012005806	0.4888937175273895	0.4892808496952057	sub-21050	ses-1				space-ACPC			DSIStudio	autotrackgqi
Association_CingulumL	isovf	NODDI	/scratch/executivefunction/SLURM_8364170_132/job-8364170-132-sub-21050-ses-1/ds/inputs/data/qsiprep/qsiprep/sub-21050/ses-1/dwi/sub-21050_ses-1_space-ACPC_desc-preproc_dwi.nii.gz	0.631096739423336	0.0612791664898395	0.147362008690834	0.0	0.1661117523908615	0.0995731949806213	0.2035958468914032	0.0780192166566848	0.1143355965614318	sub-21050	ses-1				space-ACPC			DSIStudio	autotrackgqi
Association_CingulumL	modulated_icvf	NODDI	/scratch/executivefunction/SLURM_8364170_132/job-8364170-132-sub-21050-ses-1/ds/inputs/data/qsiprep/qsiprep/sub-21050/ses-1/dwi/sub-21050_ses-1_space-ACPC_desc-preproc_dwi.nii.gz	0.006018144255816	0.3570834994316101	0.1064777970314025	0.3427272737026214	0.3592455089092254	0.3427272737026214	0.1030993610620498	0.4462492167949676	0.4466026127338409	sub-21050	ses-1				space-ACPC			DSIStudio	autotrackgqi
Association_CingulumL	modulated_od	NODDI	/scratch/executivefunction/SLURM_8364170_132/job-8364170-132-sub-21050-ses-1/ds/inputs/data/qsiprep/qsiprep/sub-21050/ses-1/dwi/sub-21050_ses-1_space-ACPC_desc-preproc_dwi.nii.gz	0.0049402676726848	0.3078884184360504	0.1706474125385284	0.2950992882251739	0.3094170093536377	0.2963626980781555	0.1696824580430984	0.19510018825531	0.1952124983072281	sub-21050	ses-1				space-ACPC			DSIStudio	autotrackgqi
Association_CingulumL	nrmse	NODDI	/scratch/executivefunction/SLURM_8364170_132/job-8364170-132-sub-21050-ses-1/ds/inputs/data/qsiprep/qsiprep/sub-21050/ses-1/dwi/sub-21050_ses-1_space-ACPC_desc-preproc_dwi.nii.gz	0.0002694691457828	0.1013654172420501	0.0258322767913341	0.0973532348871231	0.101392738521099	0.0973613336682319	0.0257820896804332	0.1107358187437057	0.1107366830110549	sub-21050	ses-1				space-ACPC			DSIStudio	autotrackgqi
Association_CingulumL	od	NODDI	/scratch/executivefunction/SLURM_8364170_132/job-8364170-132-sub-21050-ses-1/ds/inputs/data/qsiprep/qsiprep/sub-21050/ses-1/dwi/sub-21050_ses-1_space-ACPC_desc-preproc_dwi.nii.gz	0.0002694691457828	0.3316569030284881	0.1793248653411865	0.3160247802734375	0.3317463099956512	0.3160360455513	0.1792663335800171	0.2090378105640411	0.2090394347906112	sub-21050	ses-1				space-ACPC			DSIStudio	autotrackgqi
Association_CingulumL	rmse	NODDI	/scratch/executivefunction/SLURM_8364170_132/job-8364170-132-sub-21050-ses-1/ds/inputs/data/qsiprep/qsiprep/sub-21050/ses-1/dwi/sub-21050_ses-1_space-ACPC_desc-preproc_dwi.nii.gz	0.0002694691457828	0.0385035797953605	0.0115979183465242	0.0365431942045688	0.038513958454132	0.0365462750196456	0.011582238599658	0.0448358692228794	0.0448362231254577	sub-21050	ses-1				space-ACPC			DSIStudio	autotrackgqi
Association_CingulumL	tf	NODDI	/scratch/executivefunction/SLURM_8364170_132/job-8364170-132-sub-21050-ses-1/ds/inputs/data/qsiprep/qsiprep/sub-21050/ses-1/dwi/sub-21050_ses-1_space-ACPC_desc-preproc_dwi.nii.gz	0.006018144255816	0.9384513644851744	0.1481618487272425	1.0	0.9441332948503024	1.0	0.1293071674491529	0.921972962738343	0.9227030536340056	sub-21050	ses-1				space-ACPC			DSIStudio	autotrackgqi
Association_ExtremeCapsuleL	directions	NODDI	/scratch/executivefunction/SLURM_8364170_132/job-8364170-132-sub-21050-ses-1/ds/inputs/data/qsiprep/qsiprep/sub-21050/ses-1/dwi/sub-21050_ses-1_space-ACPC_desc-preproc_dwi.nii.gz	0.0	0.0403656437993049	0.5759374499320984	0.0154058951884508	0.0403656437993049	0.0154058951884508	0.5759374499320984	0.147521510720253		sub-21050	ses-1				space-ACPC			DSIStudio	autotrackgqi
Association_ExtremeCapsuleL	icvf	NODDI	/scratch/executivefunction/SLURM_8364170_132/job-8364170-132-sub-21050-ses-1/ds/inputs/data/qsiprep/qsiprep/sub-21050/ses-1/dwi/sub-21050_ses-1_space-ACPC_desc-preproc_dwi.nii.gz	0.009552757273122	0.4171335101127624	0.1275589317083358	0.4089603722095489	0.4211567044258117	0.4102844297885895	0.1213829293847084	0.4409294128417969	0.4419383406639099	sub-21050	ses-1				space-ACPC			DSIStudio	autotrackgqi
Association_ExtremeCapsuleL	isovf	NODDI	/scratch/executivefunction/SLURM_8364170_132/job-8364170-132-sub-21050-ses-1/ds/inputs/data/qsiprep/qsiprep/sub-21050/ses-1/dwi/sub-21050_ses-1_space-ACPC_desc-preproc_dwi.nii.gz	0.6148501953973079	0.0595876574516296	0.1422273367643356	0.0	0.1547129452228546	0.1029534041881561	0.1944333016872406	0.0641845613718032	0.1185620129108429	sub-21050	ses-1				space-ACPC			DSIStudio	autotrackgqi
Association_ExtremeCapsuleL	modulated_icvf	NODDI	/scratch/executivefunction/SLURM_8364170_132/job-8364170-132-sub-21050-ses-1/ds/inputs/data/qsiprep/qsiprep/sub-21050/ses-1/dwi/sub-21050_ses-1_space-ACPC_desc-preproc_dwi.nii.gz	0.009552757273122	0.3902985453605652	0.1083780080080032	0.3994419872760772	0.3940629363059997	0.4005212187767029	0.1018610596656799	0.4100030958652496	0.4109412431716919	sub-21050	ses-1				space-ACPC			DSIStudio	autotrackgqi
Association_ExtremeCapsuleL	modulated_od	NODDI	/scratch/executivefunction/SLURM_8364170_132/job-8364170-132-sub-21050-ses-1/ds/inputs/data/qsiprep/qsiprep/sub-21050/ses-1/dwi/sub-21050_ses-1_space-ACPC_desc-preproc_dwi.nii.gz	0.0017368649587494	0.2688424587249756	0.150296464562416	0.2515516877174377	0.2693102061748504	0.2518057823181152	0.1500078588724136	0.2297520637512207	0.2298420965671539	sub-21050	ses-1				space-ACPC			DSIStudio	autotrackgqi
Association_ExtremeCapsuleL	nrmse	NODDI	/scratch/executivefunction/SLURM_8364170_132/job-8364170-132-sub-21050-ses-1/ds/inputs/data/qsiprep/qsiprep/sub-21050/ses-1/dwi/sub-21050_ses-1_space-ACPC_desc-preproc_dwi.nii.gz	0.0	0.0937115848064422	0.0237587448209524	0.0906226113438606	0.0937115848064422	0.0906226113438606	0.0237587448209524	0.0918117389082908	0.0918117389082908	sub-21050	ses-1				space-ACPC			DSIStudio	autotrackgqi
Association_ExtremeCapsuleL	od	NODDI	/scratch/executivefunction/SLURM_8364170_132/job-8364170-132-sub-21050-ses-1/ds/inputs/data/qsiprep/qsiprep/sub-21050/ses-1/dwi/sub-21050_ses-1_space-ACPC_desc-preproc_dwi.nii.gz	0.0	0.2955651581287384	0.1714336276054382	0.2692740857601166	0.2955651581287384	0.2692740857601166	0.1714336276054382	0.2490923851728439	0.2490923851728439	sub-21050	ses-1				space-ACPC			DSIStudio	autotrackgqi
Association_ExtremeCapsuleL	rmse	NODDI	/scratch/executivefunction/SLURM_8364170_132/job-8364170-132-sub-21050-ses-1/ds/inputs/data/qsiprep/qsiprep/sub-21050/ses-1/dwi/sub-21050_ses-1_space-ACPC_desc-preproc_dwi.nii.gz	0.0	0.0362459197640419	0.0103466501459479	0.0350955501198768	0.0362459197640419	0.0350955501198768	0.0103466501459479	0.0359633266925811	0.0359633266925811	sub-21050	ses-1				space-ACPC			DSIStudio	autotrackgqi
Association_ExtremeCapsuleL	tf	NODDI	/scratch/executivefunction/SLURM_8364170_132/job-8364170-132-sub-21050-ses-1/ds/inputs/data/qsiprep/qsiprep/sub-21050/ses-1/dwi/sub-21050_ses-1_space-ACPC_desc-preproc_dwi.nii.gz	0.009552757273122	0.9404123374756348	0.142227338612613	1.0	0.9494825134618092	1.0	0.1086818530531151	0.9358154374883012	0.9379567146424452	sub-21050	ses-1				space-ACPC			DSIStudio	autotrackgqi
Association_MiddleLongitudinalFasciculusL	directions	NODDI	/scratch/executivefunction/SLURM_8364170_132/job-8364170-132-sub-21050-ses-1/ds/inputs/data/qsiprep/qsiprep/sub-21050/ses-1/dwi/sub-21050_ses-1_space-ACPC_desc-preproc_dwi.nii.gz	36.0	-0.0748558044433593	0.569756031036377	-0.1034004911780357	-0.0755603238940239	-0.1111519411206245	0.5723844766616821	-0.2431176602840423		sub-21050	ses-1				space-ACPC			DSIStudio	autotrackgqi
Association_MiddleLongitudinalFasciculusL	icvf	NODDI	/scratch/executivefunction/SLURM_8364170_132/job-8364170-132-sub-21050-ses-1/ds/inputs/data/qsiprep/qsiprep/sub-21050/ses-1/dwi/sub-21050_ses-1_space-ACPC_desc-preproc_dwi.nii.gz	0.0194250194250194	0.3638905882835388	0.1178522333502769	0.3427272737026214	0.3710992038249969	0.3427272737026214	0.1071876063942909	0.424947440624237	0.4258997440338135	sub-21050	ses-1				space-ACPC			DSIStudio	autotrackgqi
Association_MiddleLongitudinalFasciculusL	isovf	NODDI	/scratch/executivefunction/SLURM_8364170_132/job-8364170-132-sub-21050-ses-1/ds/inputs/data/qsiprep/qsiprep/sub-21050/ses-1/dwi/sub-21050_ses-1_space-ACPC_desc-preproc_dwi.nii.gz	0.631960631960632	0.0602196864783763	0.1570727676153183	0.0	0.1636229455471038	0.0869035050272941	0.223867729306221	0.054480493068695	0.0856783837080001	sub-21050	ses-1				space-ACPC			DSIStudio	autotrackgqi
Association_MiddleLongitudinalFasciculusL	modulated_icvf	NODDI	/scratch/executivefunction/SLURM_8364170_132/job-8364170-132-sub-21050-ses-1/ds/inputs/data/qsiprep/qsiprep/sub-21050/ses-1/dwi/sub-21050_ses-1_space-ACPC_desc-preproc_dwi.nii.gz	0.0194250194250194	0.34067302942276	0.10684285312891	0.3427272737026214	0.3474217057228088	0.3427272737026214	0.0964204147458076	0.4002120792865753	0.4011089205741882	sub-21050	ses-1				space-ACPC			DSIStudio	autotrackgqi
Association_MiddleLongitudinalFasciculusL	modulated_od	NODDI	/scratch/executivefunction/SLURM_8364170_132/job-8364170-132-sub-21050-ses-1/ds/inputs/data/qsiprep/qsiprep/sub-21050/ses-1/dwi/sub-21050_ses-1_space-ACPC_desc-preproc_dwi.nii.gz	0.017094017094017	0.324195921421051	0.1778224408626556	0.3073397278785705	0.3298341035842895	0.3134330809116363	0.174100786447525	0.2577950954437256	0.2583290040493011	sub-21050	ses-1				space-ACPC			DSIStudio	autotrackgqi
Association_MiddleLongitudinalFasciculusL	nrmse	NODDI	/scratch/executivefunction/SLURM_8364170_132/job-8364170-132-sub-21050-ses-1/ds/inputs/data/qsiprep/qsiprep/sub-21050/ses-1/dwi/sub-21050_ses-1_space-ACPC_desc-preproc_dwi.nii.gz	0.0093240093240093	0.0947718396782875	0.0275379475206136	0.0911705046892166	0.09566380828619	0.091505080461502	0.0260796193033456	0.09908427298069	0.0991155430674552	sub-21050	ses-1				space-ACPC			DSIStudio	autotrackgqi
Association_MiddleLongitudinalFasciculusL	od	NODDI	/scratch/executivefunction/SLURM_8364170_132/job-8364170-132-sub-21050-ses-1/ds/inputs/data/qsiprep/qsiprep/sub-21050/ses-1/dwi/sub-21050_ses-1_space-ACPC_desc-preproc_dwi.nii.gz	0.0093240093240093	0.353107213973999	0.1913684457540512	0.3359417021274566	0.3564305603504181	0.3390191197395324	0.189161330461502	0.2737578749656677	0.2738442718982696	sub-21050	ses-1				space-ACPC			DSIStudio	autotrackgqi
Association_MiddleLongitudinalFasciculusL	rmse	NODDI	/scratch/executivefunction/SLURM_8364170_132/job-8364170-132-sub-21050-ses-1/ds/inputs/data/qsiprep/qsiprep/sub-21050/ses-1/dwi/sub-21050_ses-1_space-ACPC_desc-preproc_dwi.nii.gz	0.0093240093240093	0.0356607884168624	0.0118705499917268	0.0340317524969577	0.0359964221715927	0.0341460891067981	0.0114085348322987	0.0386673398315906	0.0386795476078987	sub-21050	ses-1				space-ACPC			DSIStudio	autotrackgqi
Association_MiddleLongitudinalFasciculusL	tf	NODDI	/scratch/executivefunction/SLURM_8364170_132/job-8364170-132-sub-21050-ses-1/ds/inputs/data/qsiprep/qsiprep/sub-21050/ses-1/dwi/sub-21050_ses-1_space-ACPC_desc-preproc_dwi.nii.gz	0.0194250194250194	0.930456306442823	0.1810689048440119	1.0	0.9488884836702955	1.0	0.1262749045601837	0.9452039751497452	0.9473221389366556	sub-21050	ses-1				space-ACPC			DSIStudio	autotrackgqi
Association_HippocampusAlveusR	directions	NODDI	/scratch/executivefunction/SLURM_8364170_132/job-8364170-132-sub-21050-ses-1/ds/inputs/data/qsiprep/qsiprep/sub-21050/ses-1/dwi/sub-21050_ses-1_space-ACPC_desc-preproc_dwi.nii.gz	0.0	-0.0715402290225029	0.5729007720947266	-0.1120869368314743	-0.0715402290225029	-0.1120869368314743	0.5729007720947266	-0.0763714909553527		sub-21050	ses-1				space-ACPC			DSIStudio	autotrackgqi
Association_HippocampusAlveusR	icvf	NODDI	/scratch/executivefunction/SLURM_8364170_132/job-8364170-132-sub-21050-ses-1/ds/inputs/data/qsiprep/qsiprep/sub-21050/ses-1/dwi/sub-21050_ses-1_space-ACPC_desc-preproc_dwi.nii.gz	0.0365616491637495	0.3381243348121643	0.1539913117885589	0.3143886029720306	0.3509558737277984	0.3203187882900238	0.1418094784021377	0.3424813151359558	0.3480059504508972	sub-21050	ses-1				space-ACPC			DSIStudio	autotrackgqi
Association_HippocampusAlveusR	isovf	NODDI	/scratch/executivefunction/SLURM_8364170_132/job-8364170-132-sub-21050-ses-1/ds/inputs/data/qsiprep/qsiprep/sub-21050/ses-1/dwi/sub-21050_ses-1_space-ACPC_desc-preproc_dwi.nii.gz	0.5865422014780242	0.1604043841361999	0.2776775360107422	0.0	0.387958288192749	0.3092898726463318	0.3133788406848907	0.1833036392927169	0.3356084823608398	sub-21050	ses-1				space-ACPC			DSIStudio	autotrackgqi
Association_HippocampusAlveusR	modulated_icvf	NODDI	/scratch/executivefunction/SLURM_8364170_132/job-8364170-132-sub-21050-ses-1/ds/inputs/data/qsiprep/qsiprep/sub-21050/ses-1/dwi/sub-21050_ses-1_space-ACPC_desc-preproc_dwi.nii.gz	0.0365616491637495	0.2743793129920959	0.1021246761083602	0.2618181705474853	0.2847917675971985	0.2618181705474853	0.088655836880207	0.2684184908866882	0.2727484107017517	sub-21050	ses-1				space-ACPC			DSIStudio	autotrackgqi
Association_HippocampusAlveusR	modulated_od	NODDI	/scratch/executivefunction/SLURM_8364170_132/job-8364170-132-sub-21050-ses-1/ds/inputs/data/qsiprep/qsiprep/sub-21050/ses-1/dwi/sub-21050_ses-1_space-ACPC_desc-preproc_dwi.nii.gz	0.0167250097238428	0.2771864831447601	0.1838096231222152	0.2613057494163513	0.2819012701511383	0.2668806910514831	0.1817458420991897	0.2073289155960083	0.2096096873283386	sub-21050	ses-1				space-ACPC			DSIStudio	autotrackgqi
Association_HippocampusAlveusR	nrmse	NODDI	/scratch/executivefunction/SLURM_8364170_132/job-8364170-132-sub-21050-ses-1/ds/inputs/data/qsiprep/qsiprep/sub-21050/ses-1/dwi/sub-21050_ses-1_space-ACPC_desc-preproc_dwi.nii.gz	0.0	0.0973475500941276	0.0257235113531351	0.0939201116561889	0.0973475500941276	0.0939201116561889	0.0257235113531351	0.089557409286499	0.089557409286499	sub-21050	ses-1				space-ACPC			DSIStudio	autotrackgqi
Association_HippocampusAlveusR	od	NODDI	/scratch/executivefunction/SLURM_8364170_132/job-8364170-132-sub-21050-ses-1/ds/inputs/data/qsiprep/qsiprep/sub-21050/ses-1/dwi/sub-21050_ses-1_space-ACPC_desc-preproc_dwi.nii.gz	0.0	0.348753422498703	0.2121157795190811	0.322325199842453	0.348753422498703	0.322325199842453	0.2121157795190811	0.2635148763656616	0.2635148763656616	sub-21050	ses-1				space-ACPC			DSIStudio	autotrackgqi
Association_HippocampusAlveusR	rmse	NODDI	/scratch/executivefunction/SLURM_8364170_132/job-8364170-132-sub-21050-ses-1/ds/inputs/data/qsiprep/qsiprep/sub-21050/ses-1/dwi/sub-21050_ses-1_space-ACPC_desc-preproc_dwi.nii.gz	0.0	0.0342348664999008	0.0101688411086797	0.0331741720438003	0.0342348664999008	0.0331741720438003	0.0101688411086797	0.0311221070587635	0.0311221070587635	sub-21050	ses-1				space-ACPC			DSIStudio	autotrackgqi
Association_HippocampusAlveusR	tf	NODDI	/scratch/executivefunction/SLURM_8364170_132/job-8364170-132-sub-21050-ses-1/ds/inputs/data/qsiprep/qsiprep/sub-21050/ses-1/dwi/sub-21050_ses-1_space-ACPC_desc-preproc_dwi.nii.gz	0.0365616491637495	0.8395956112734774	0.2776775299610717	1.0	0.8714575359645177	1.0	0.2286144284621473	0.8166963524843657	0.8298706837621379	sub-21050	ses-1				space-ACPC			DSIStudio	autotrackgqi
Association_ArcuateFasciculusR	directions	NODDI	/scratch/executivefunction/SLURM_8364170_132/job-8364170-132-sub-21050-ses-1/ds/inputs/data/qsiprep/qsiprep/sub-21050/ses-1/dwi/sub-21050_ses-1_space-ACPC_desc-preproc_dwi.nii.gz	8.0	-0.1256060451269149	0.5631803274154663	-0.1548971235752105	-0.1257510483264923	-0.1559745669364929	0.5634891390800476	-0.150811493396759		sub-21050	ses-1				space-ACPC			DSIStudio	autotrackgqi
Association_ArcuateFasciculusR	icvf	NODDI	/scratch/executivefunction/SLURM_8364170_132/job-8364170-132-sub-21050-ses-1/ds/inputs/data/qsiprep/qsiprep/sub-21050/ses-1/dwi/sub-21050_ses-1_space-ACPC_desc-preproc_dwi.nii.gz	0.002738541366388	0.4162414073944092	0.1335777044296264	0.4024661183357239	0.4173844158649444	0.4030969142913818	0.1319656074047088	0.525190532207489	0.5253730416297913	sub-21050	ses-1				space-ACPC			DSIStudio	autotrackgqi
Association_ArcuateFasciculusR	isovf	NODDI	/scratch/executivefunction/SLURM_8364170_132/job-8364170-132-sub-21050-ses-1/ds/inputs/data/qsiprep/qsiprep/sub-21050/ses-1/dwi/sub-21050_ses-1_space-ACPC_desc-preproc_dwi.nii.gz	0.5396367829345633	0.0569101311266422	0.1127643436193466	0.0	0.1236200705170631	0.0919501632452011	0.1391924619674682	0.0814544931054115	0.1000435203313827	sub-21050	ses-1				space-ACPC			DSIStudio	autotrackgqi
Association_ArcuateFasciculusR	modulated_icvf	NODDI	/scratch/executivefunction/SLURM_8364170_132/job-8364170-132-sub-21050-ses-1/ds/inputs/data/qsiprep/qsiprep/sub-21050/ses-1/dwi/sub-21050_ses-1_space-ACPC_desc-preproc_dwi.nii.gz	0.002738541366388	0.3878921568393707	0.1142152473330497	0.3897285461425781	0.3889573216438293	0.390230655670166	0.1125461608171463	0.4789644479751587	0.4791308641433716	sub-21050	ses-1				space-ACPC			DSIStudio	autotrackgqi
Association_ArcuateFasciculusR	modulated_od	NODDI	/scratch/executivefunction/SLURM_8364170_132/job-8364170-132-sub-21050-ses-1/ds/inputs/data/qsiprep/qsiprep/sub-21050/ses-1/dwi/sub-21050_ses-1_space-ACPC_desc-preproc_dwi.nii.gz	0.0023061400980109	0.2857817411422729	0.1574271023273468	0.2639234066009521	0.2864423096179962	0.2643212676048279	0.1570075154304504	0.1995615363121032	0.199628010392189	sub-21050	ses-1				space-ACPC			DSIStudio	autotrackgqi
Association_ArcuateFasciculusR	nrmse	NODDI	/scratch/executivefunction/SLURM_8364170_132/job-8364170-132-sub-21050-ses-1/ds/inputs/data/qsiprep/qsiprep/sub-21050/ses-1/dwi/sub-21050_ses-1_space-ACPC_desc-preproc_dwi.nii.gz	0.0011530700490054	0.0962727665901184	0.0308413077145814	0.0911161303520202	0.0963838994503021	0.0911416858434677	0.0306850522756576	0.1006380096077919	0.1006426960229873	sub-21050	ses-1				space-ACPC			DSIStudio	autotrackgqi
Association_ArcuateFasciculusR	od	NODDI	/scratch/executivefunction/SLURM_8364170_132/job-8364170-132-sub-21050-ses-1/ds/inputs/data/qsiprep/qsiprep/sub-21050/ses-1/dwi/sub-21050_ses-1_space-ACPC_desc-preproc_dwi.nii.gz	0.0011530700490054	0.3059580326080322	0.1675530225038528	0.2817599177360534	0.3063112199306488	0.281935453414917	0.1673267185688018	0.2176377475261688	0.217647910118103	sub-21050	ses-1				space-ACPC			DSIStudio	autotrackgqi
Association_ArcuateFasciculusR	rmse	NODDI	/scratch/executivefunction/SLURM_8364170_132/job-8364170-132-sub-21050-ses-1/ds/inputs/data/qsiprep/qsiprep/sub-21050/ses-1/dwi/sub-21050_ses-1_space-ACPC_desc-preproc_dwi.nii.gz	0.0011530700490054	0.0373355634510517	0.0132162477821111	0.0350571721792221	0.0373786650598049	0.0350634343922138	0.0131628196686506	0.0411590598523616	0.0411609858274459	sub-21050	ses-1				space-ACPC			DSIStudio	autotrackgqi
Association_ArcuateFasciculusR	tf	NODDI	/scratch/executivefunction/SLURM_8364170_132/job-8364170-132-sub-21050-ses-1/ds/inputs/data/qsiprep/qsiprep/sub-21050/ses-1/dwi/sub-21050_ses-1_space-ACPC_desc-preproc_dwi.nii.gz	0.002738541366388	0.941936797644158	0.1172019487876209	1.0	0.9445234140851522	1.0	0.1064466895896222	0.9184988395801316	0.9188180147082736	sub-21050	ses-1				space-ACPC			DSIStudio	autotrackgqi
Association_ArcuateFasciculusL	directions	NODDI	/scratch/executivefunction/SLURM_8364170_132/job-8364170-132-sub-21050-ses-1/ds/inputs/data/qsiprep/qsiprep/sub-21050/ses-1/dwi/sub-21050_ses-1_space-ACPC_desc-preproc_dwi.nii.gz	172.0	-0.1432875543832779	0.5531331300735474	-0.1677963137626648	-0.1462920010089874	-0.1867023855447769	0.5585086941719055	-0.3828943967819214		sub-21050	ses-1				space-ACPC			DSIStudio	autotrackgqi
Association_ArcuateFasciculusL	icvf	NODDI	/scratch/executivefunction/SLURM_8364170_132/job-8364170-132-sub-21050-ses-1/ds/inputs/data/qsiprep/qsiprep/sub-21050/ses-1/dwi/sub-21050_ses-1_space-ACPC_desc-preproc_dwi.nii.gz	0.0331940298507462	0.4007564187049866	0.1616113781929016	0.3526769578456878	0.4145158529281616	0.3748823404312134	0.1459844708442688	0.5138441324234009	0.5155807137489319	sub-21050	ses-1				space-ACPC			DSIStudio	autotrackgqi
Association_ArcuateFasciculusL	isovf	NODDI	/scratch/executivefunction/SLURM_8364170_132/job-8364170-132-sub-21050-ses-1/ds/inputs/data/qsiprep/qsiprep/sub-21050/ses-1/dwi/sub-21050_ses-1_space-ACPC_desc-preproc_dwi.nii.gz	0.5688358208955224	0.0773118585348129	0.1761856228113174	0.0	0.1793095618486404	0.0985284969210624	0.2317437529563903	0.0712407454848289	0.0983437672257423	sub-21050	ses-1				space-ACPC			DSIStudio	autotrackgqi
Association_ArcuateFasciculusL	modulated_icvf	NODDI	/scratch/executivefunction/SLURM_8364170_132/job-8364170-132-sub-21050-ses-1/ds/inputs/data/qsiprep/qsiprep/sub-21050/ses-1/dwi/sub-21050_ses-1_space-ACPC_desc-preproc_dwi.nii.gz	0.0331940298507462	0.365409106016159	0.1376461386680603	0.3427272737026214	0.3779549598693847	0.3427272737026214	0.1218819096684455	0.473432332277298	0.4750323295593261	sub-21050	ses-1				space-ACPC			DSIStudio	autotrackgqi
Association_ArcuateFasciculusL	modulated_od	NODDI	/scratch/executivefunction/SLURM_8364170_132/job-8364170-132-sub-21050-ses-1/ds/inputs/data/qsiprep/qsiprep/sub-21050/ses-1/dwi/sub-21050_ses-1_space-ACPC_desc-preproc_dwi.nii.gz	0.0286567164179104	0.2978247702121734	0.1731463223695755	0.2786966562271118	0.3066112399101257	0.2862549722194671	0.1678394675254821	0.1996403783559799	0.2001959234476089	sub-21050	ses-1				space-ACPC			DSIStudio	autotrackgqi
Association_ArcuateFasciculusL	nrmse	NODDI	/scratch/executivefunction/SLURM_8364170_132/job-8364170-132-sub-21050-ses-1/ds/inputs/data/qsiprep/qsiprep/sub-21050/ses-1/dwi/sub-21050_ses-1_space-ACPC_desc-preproc_dwi.nii.gz	0.0205373134328358	0.0969240590929985	0.0358361601829528	0.090981014072895	0.098956361413002	0.0917330533266067	0.0333174020051956	0.1139503419399261	0.1141467094421386	sub-21050	ses-1				space-ACPC			DSIStudio	autotrackgqi
Association_ArcuateFasciculusL	od	NODDI	/scratch/executivefunction/SLURM_8364170_132/job-8364170-132-sub-21050-ses-1/ds/inputs/data/qsiprep/qsiprep/sub-21050/ses-1/dwi/sub-21050_ses-1_space-ACPC_desc-preproc_dwi.nii.gz	0.0205373134328358	0.3376725018024444	0.1969904154539108	0.3132227063179016	0.3447528183460235	0.3197135329246521	0.1928158104419708	0.2159566432237625	0.2163288295269012	sub-21050	ses-1				space-ACPC			DSIStudio	autotrackgqi
Association_ArcuateFasciculusL	rmse	NODDI	/scratch/executivefunction/SLURM_8364170_132/job-8364170-132-sub-21050-ses-1/ds/inputs/data/qsiprep/qsiprep/sub-21050/ses-1/dwi/sub-21050_ses-1_space-ACPC_desc-preproc_dwi.nii.gz	0.0205373134328358	0.0373243987560272	0.0165586862713098	0.0343563929200172	0.0381070114672184	0.0346587337553501	0.0158150605857372	0.0471335537731647	0.0472147911787033	sub-21050	ses-1				space-ACPC			DSIStudio	autotrackgqi
Association_ArcuateFasciculusL	tf	NODDI	/scratch/executivefunction/SLURM_8364170_132/job-8364170-132-sub-21050-ses-1/ds/inputs/data/qsiprep/qsiprep/sub-21050/ses-1/dwi/sub-21050_ses-1_space-ACPC_desc-preproc_dwi.nii.gz	0.0331940298507462	0.902150829720853	0.2190464553931534	1.0	0.9331250091283368	1.0	0.1439650847452437	0.927038857788009	0.9301718054331706	sub-21050	ses-1				space-ACPC			DSIStudio	autotrackgqi
Association_FrontalAslantTractL	directions	NODDI	/scratch/executivefunction/SLURM_8364170_132/job-8364170-132-sub-21050-ses-1/ds/inputs/data/qsiprep/qsiprep/sub-21050/ses-1/dwi/sub-21050_ses-1_space-ACPC_desc-preproc_dwi.nii.gz	12.0	-0.0677597671747207	0.5726668834686279	-0.142831265926361	-0.0679216757416725	-0.1448839753866195	0.5733410716056824	-0.396232008934021		sub-21050	ses-1				space-ACPC			DSIStudio	autotrackgqi
Association_FrontalAslantTractL	icvf	NODDI	/scratch/executivefunction/SLURM_8364170_132/job-8364170-132-sub-21050-ses-1/ds/inputs/data/qsiprep/qsiprep/sub-21050/ses-1/dwi/sub-21050_ses-1_space-ACPC_desc-preproc_dwi.nii.gz	0.0156932856575288	0.3953436017036438	0.1471651047468185	0.3427272737026214	0.4016467630863189	0.3439489901065826	0.1395393311977386	0.4735857248306274	0.4748600125312805	sub-21050	ses-1				space-ACPC			DSIStudio	autotrackgqi
Association_FrontalAslantTractL	isovf	NODDI	/scratch/executivefunction/SLURM_8364170_132/job-8364170-132-sub-21050-ses-1/ds/inputs/data/qsiprep/qsiprep/sub-21050/ses-1/dwi/sub-21050_ses-1_space-ACPC_desc-preproc_dwi.nii.gz	0.5373460468812078	0.0843114927411079	0.1802016496658325	0.0	0.1822344660758972	0.1014914885163307	0.2287854701280594	0.0728001818060875	0.1053769588470459	sub-21050	ses-1				space-ACPC			DSIStudio	autotrackgqi
Association_FrontalAslantTractL	modulated_icvf	NODDI	/scratch/executivefunction/SLURM_8364170_132/job-8364170-132-sub-21050-ses-1/ds/inputs/data/qsiprep/qsiprep/sub-21050/ses-1/dwi/sub-21050_ses-1_space-ACPC_desc-preproc_dwi.nii.gz	0.0156932856575288	0.3602830767631531	0.1280242204666137	0.3427272737026214	0.3660272657871246	0.3427272737026214	0.1206192076206207	0.4364451766014099	0.4376195669174194	sub-21050	ses-1				space-ACPC			DSIStudio	autotrackgqi
Association_FrontalAslantTractL	modulated_od	NODDI	/scratch/executivefunction/SLURM_8364170_132/job-8364170-132-sub-21050-ses-1/ds/inputs/data/qsiprep/qsiprep/sub-21050/ses-1/dwi/sub-21050_ses-1_space-ACPC_desc-preproc_dwi.nii.gz	0.0137067938021454	0.3045623898506164	0.1610023826360702	0.289521723985672	0.3087949752807617	0.2914415299892425	0.1580348461866378	0.2377091348171234	0.2382585406303405	sub-21050	ses-1				space-ACPC			DSIStudio	autotrackgqi
Association_FrontalAslantTractL	nrmse	NODDI	/scratch/executivefunction/SLURM_8364170_132/job-8364170-132-sub-21050-ses-1/ds/inputs/data/qsiprep/qsiprep/sub-21050/ses-1/dwi/sub-21050_ses-1_space-ACPC_desc-preproc_dwi.nii.gz	0.00238379022646	0.0961577296257019	0.034203216433525	0.0897570475935936	0.0963874980807304	0.0898452997207641	0.0339191481471061	0.0978418439626693	0.0978712886571884	sub-21050	ses-1				space-ACPC			DSIStudio	autotrackgqi
Association_FrontalAslantTractL	od	NODDI	/scratch/executivefunction/SLURM_8364170_132/job-8364170-132-sub-21050-ses-1/ds/inputs/data/qsiprep/qsiprep/sub-21050/ses-1/dwi/sub-21050_ses-1_space-ACPC_desc-preproc_dwi.nii.gz	0.00238379022646	0.3487335443496704	0.187260553240776	0.3258737325668335	0.3495668470859527	0.3262622952461242	0.1867056787014007	0.2596878111362457	0.2597659528255462	sub-21050	ses-1				space-ACPC			DSIStudio	autotrackgqi
Association_FrontalAslantTractL	rmse	NODDI	/scratch/executivefunction/SLURM_8364170_132/job-8364170-132-sub-21050-ses-1/ds/inputs/data/qsiprep/qsiprep/sub-21050/ses-1/dwi/sub-21050_ses-1_space-ACPC_desc-preproc_dwi.nii.gz	0.00238379022646	0.0366988182067871	0.0169661995023489	0.0339073315262794	0.0367865115404129	0.033960036933422	0.0168912373483181	0.0390323065221309	0.039044052362442	sub-21050	ses-1				space-ACPC			DSIStudio	autotrackgqi
Association_FrontalAslantTractL	tf	NODDI	/scratch/executivefunction/SLURM_8364170_132/job-8364170-132-sub-21050-ses-1/ds/inputs/data/qsiprep/qsiprep/sub-21050/ses-1/dwi/sub-21050_ses-1_space-ACPC_desc-preproc_dwi.nii.gz	0.0156932856575288	0.91330470897207	0.1856038202325845	1.0	0.927865974765974	1.0	0.146584817778533	0.9268989737645568	0.9293930185244796	sub-21050	ses-1				space-ACPC			DSIStudio	autotrackgqi
Association_VerticalOccipitalFasciculusL	directions	NODDI	/scratch/executivefunction/SLURM_8364170_132/job-8364170-132-sub-21050-ses-1/ds/inputs/data/qsiprep/qsiprep/sub-21050/ses-1/dwi/sub-21050_ses-1_space-ACPC_desc-preproc_dwi.nii.gz	76.0	-0.1699211746454239	0.5446852445602417	-0.232522502541542	-0.1739809066057205	-0.2539655566215515	0.5505124926567078	-0.6284112334251404		sub-21050	ses-1				space-ACPC			DSIStudio	autotrackgqi
Association_VerticalOccipitalFasciculusL	icvf	NODDI	/scratch/executivefunction/SLURM_8364170_132/job-8364170-132-sub-21050-ses-1/ds/inputs/data/qsiprep/qsiprep/sub-21050/ses-1/dwi/sub-21050_ses-1_space-ACPC_desc-preproc_dwi.nii.gz	0.0248695118206938	0.3762918710708618	0.1287201344966888	0.3427272737026214	0.3858887553215027	0.3427272737026214	0.1152741163969039	0.4358676671981811	0.4375557005405426	sub-21050	ses-1				space-ACPC			DSIStudio	autotrackgqi
Association_VerticalOccipitalFasciculusL	isovf	NODDI	/scratch/executivefunction/SLURM_8364170_132/job-8364170-132-sub-21050-ses-1/ds/inputs/data/qsiprep/qsiprep/sub-21050/ses-1/dwi/sub-21050_ses-1_space-ACPC_desc-preproc_dwi.nii.gz	0.7021799201719373	0.0494778081774711	0.1306862533092498	0.0	0.1661332100629806	0.0927073806524276	0.1948487013578415	0.0377378761768341	0.0902099460363388	sub-21050	ses-1				space-ACPC			DSIStudio	autotrackgqi
Association_VerticalOccipitalFasciculusL	modulated_icvf	NODDI	/scratch/executivefunction/SLURM_8364170_132/job-8364170-132-sub-21050-ses-1/ds/inputs/data/qsiprep/qsiprep/sub-21050/ses-1/dwi/sub-21050_ses-1_space-ACPC_desc-preproc_dwi.nii.gz	0.0248695118206938	0.3521928191184997	0.1088170111179351	0.3427272737026214	0.3611750900745392	0.3427272737026214	0.0943343564867973	0.4160778522491455	0.4176892042160034	sub-21050	ses-1				space-ACPC			DSIStudio	autotrackgqi
Association_VerticalOccipitalFasciculusL	modulated_od	NODDI	/scratch/executivefunction/SLURM_8364170_132/job-8364170-132-sub-21050-ses-1/ds/inputs/data/qsiprep/qsiprep/sub-21050/ses-1/dwi/sub-21050_ses-1_space-ACPC_desc-preproc_dwi.nii.gz	0.0245624808105618	0.4054144322872162	0.1835668981075287	0.4112200736999511	0.4156231582164764	0.4173738360404968	0.1740756630897522	0.3347809910774231	0.3360579907894134	sub-21050	ses-1				space-ACPC			DSIStudio	autotrackgqi
Association_VerticalOccipitalFasciculusL	nrmse	NODDI	/scratch/executivefunction/SLURM_8364170_132/job-8364170-132-sub-21050-ses-1/ds/inputs/data/qsiprep/qsiprep/sub-21050/ses-1/dwi/sub-21050_ses-1_space-ACPC_desc-preproc_dwi.nii.gz	0.0233343567700337	0.1006031185388565	0.0673988461494445	0.0813605189323425	0.1030067205429077	0.0818600803613662	0.0663592368364334	0.0872434824705123	0.0875652059912681	sub-21050	ses-1				space-ACPC			DSIStudio	autotrackgqi
Association_VerticalOccipitalFasciculusL	od	NODDI	/scratch/executivefunction/SLURM_8364170_132/job-8364170-132-sub-21050-ses-1/ds/inputs/data/qsiprep/qsiprep/sub-21050/ses-1/dwi/sub-21050_ses-1_space-ACPC_desc-preproc_dwi.nii.gz	0.0233343567700337	0.4276584088802337	0.1864975392818451	0.4311183393001556	0.4378759562969208	0.4375616610050201	0.1764604747295379	0.3452485501766205	0.3465217351913452	sub-21050	ses-1				space-ACPC			DSIStudio	autotrackgqi
Association_VerticalOccipitalFasciculusL	rmse	NODDI	/scratch/executivefunction/SLURM_8364170_132/job-8364170-132-sub-21050-ses-1/ds/inputs/data/qsiprep/qsiprep/sub-21050/ses-1/dwi/sub-21050_ses-1_space-ACPC_desc-preproc_dwi.nii.gz	0.0233343567700337	0.0381274782121181	0.0283806193619966	0.0310196820646524	0.0390384122729301	0.0312696322798728	0.0280916709452867	0.0341746136546134	0.0343006439507007	sub-21050	ses-1				space-ACPC			DSIStudio	autotrackgqi
Association_VerticalOccipitalFasciculusL	tf	NODDI	/scratch/executivefunction/SLURM_8364170_132/job-8364170-132-sub-21050-ses-1/ds/inputs/data/qsiprep/qsiprep/sub-21050/ses-1/dwi/sub-21050_ses-1_space-ACPC_desc-preproc_dwi.nii.gz	0.0248695118206938	0.9271878354711184	0.1938032374442135	1.0	0.9508346285042294	1.0	0.1266231389068632	0.9585879914291976	0.9623003440446862	sub-21050	ses-1				space-ACPC			DSIStudio	autotrackgqi
Association_SuperiorLongitudinalFasciculusR	directions	NODDI	/scratch/executivefunction/SLURM_8364170_132/job-8364170-132-sub-21050-ses-1/ds/inputs/data/qsiprep/qsiprep/sub-21050/ses-1/dwi/sub-21050_ses-1_space-ACPC_desc-preproc_dwi.nii.gz	0.0	-0.1431037485599517	0.5593340992927551	-0.1905212700366974	-0.1431037485599517	-0.1905212700366974	0.5593340992927551	-0.5435456037521362		sub-21050	ses-1				space-ACPC			DSIStudio	autotrackgqi
Association_SuperiorLongitudinalFasciculusR	icvf	NODDI	/scratch/executivefunction/SLURM_8364170_132/job-8364170-132-sub-21050-ses-1/ds/inputs/data/qsiprep/qsiprep/sub-21050/ses-1/dwi/sub-21050_ses-1_space-ACPC_desc-preproc_dwi.nii.gz	0.003347485303723	0.3994521796703338	0.1228428408503532	0.3610872626304626	0.4007938206195831	0.3627552390098572	0.1208442077040672	0.5013822317123413	0.5014492869377136	sub-21050	ses-1				space-ACPC			DSIStudio	autotrackgqi
Association_SuperiorLongitudinalFasciculusR	isovf	NODDI	/scratch/executivefunction/SLURM_8364170_132/job-8364170-132-sub-21050-ses-1/ds/inputs/data/qsiprep/qsiprep/sub-21050/ses-1/dwi/sub-21050_ses-1_space-ACPC_desc-preproc_dwi.nii.gz	0.6042619203135206	0.0537329725921154	0.1172000616788864	0.0	0.1357791274785995	0.0971785336732864	0.1535229831933975	0.0697822123765945	0.0995474606752395	sub-21050	ses-1				space-ACPC			DSIStudio	autotrackgqi
Association_SuperiorLongitudinalFasciculusR	modulated_icvf	NODDI	/scratch/executivefunction/SLURM_8364170_132/job-8364170-132-sub-21050-ses-1/ds/inputs/data/qsiprep/qsiprep/sub-21050/ses-1/dwi/sub-21050_ses-1_space-ACPC_desc-preproc_dwi.nii.gz	0.003347485303723	0.3760379552841186	0.1090298220515251	0.3427272737026214	0.3773009777069092	0.3428718447685241	0.1070088520646095	0.4622079730033874	0.4622698426246643	sub-21050	ses-1				space-ACPC			DSIStudio	autotrackgqi
Association_SuperiorLongitudinalFasciculusR	modulated_od	NODDI	/scratch/executivefunction/SLURM_8364170_132/job-8364170-132-sub-21050-ses-1/ds/inputs/data/qsiprep/qsiprep/sub-21050/ses-1/dwi/sub-21050_ses-1_space-ACPC_desc-preproc_dwi.nii.gz	0.0027759634225996	0.2996892631053924	0.1630185842514038	0.2794412076473236	0.3005235195159912	0.2800458371639251	0.1624756157398224	0.1970080286264419	0.1970294415950775	sub-21050	ses-1				space-ACPC			DSIStudio	autotrackgqi
Association_SuperiorLongitudinalFasciculusR	nrmse	NODDI	/scratch/executivefunction/SLURM_8364170_132/job-8364170-132-sub-21050-ses-1/ds/inputs/data/qsiprep/qsiprep/sub-21050/ses-1/dwi/sub-21050_ses-1_space-ACPC_desc-preproc_dwi.nii.gz	0.0	0.0896506160497665	0.0252020321786403	0.084735557436943	0.0896506160497665	0.084735557436943	0.0252020321786403	0.101134069263935	0.101134069263935	sub-21050	ses-1				space-ACPC			DSIStudio	autotrackgqi
Association_SuperiorLongitudinalFasciculusR	od	NODDI	/scratch/executivefunction/SLURM_8364170_132/job-8364170-132-sub-21050-ses-1/ds/inputs/data/qsiprep/qsiprep/sub-21050/ses-1/dwi/sub-21050_ses-1_space-ACPC_desc-preproc_dwi.nii.gz	0.0	0.3201859295368194	0.1736137866973877	0.2990573644638061	0.3201859295368194	0.2990573644638061	0.1736137866973877	0.2105055153369903	0.2105055153369903	sub-21050	ses-1				space-ACPC			DSIStudio	autotrackgqi
Association_SuperiorLongitudinalFasciculusR	rmse	NODDI	/scratch/executivefunction/SLURM_8364170_132/job-8364170-132-sub-21050-ses-1/ds/inputs/data/qsiprep/qsiprep/sub-21050/ses-1/dwi/sub-21050_ses-1_space-ACPC_desc-preproc_dwi.nii.gz	0.0	0.0345835983753204	0.0117854056879878	0.0321087390184402	0.0345835983753204	0.0321087390184402	0.0117854056879878	0.041342981159687	0.041342981159687	sub-21050	ses-1				space-ACPC			DSIStudio	autotrackgqi
Association_SuperiorLongitudinalFasciculusR	tf	NODDI	/scratch/executivefunction/SLURM_8364170_132/job-8364170-132-sub-21050-ses-1/ds/inputs/data/qsiprep/qsiprep/sub-21050/ses-1/dwi/sub-21050_ses-1_space-ACPC_desc-preproc_dwi.nii.gz	0.003347485303723	0.9462670268263402	0.1172000658287283	1.0	0.949445280951013	1.0	0.1037516846146653	0.9302177832232263	0.9303422752642724	sub-21050	ses-1				space-ACPC			DSIStudio	autotrackgqi
Association_InferiorLongitudinalFasciculusL	directions	NODDI	/scratch/executivefunction/SLURM_8364170_132/job-8364170-132-sub-21050-ses-1/ds/inputs/data/qsiprep/qsiprep/sub-21050/ses-1/dwi/sub-21050_ses-1_space-ACPC_desc-preproc_dwi.nii.gz	141.0	-0.1102998033165931	0.5628639459609985	-0.1762287467718124	-0.1117587387561798	-0.1878980994224548	0.5664303302764893	-0.3263849914073944		sub-21050	ses-1				space-ACPC			DSIStudio	autotrackgqi
Association_InferiorLongitudinalFasciculusL	icvf	NODDI	/scratch/executivefunction/SLURM_8364170_132/job-8364170-132-sub-21050-ses-1/ds/inputs/data/qsiprep/qsiprep/sub-21050/ses-1/dwi/sub-21050_ses-1_space-ACPC_desc-preproc_dwi.nii.gz	0.0163873715396722	0.382991075515747	0.117617093026638	0.3735464215278625	0.3893718421459198	0.3782710433006286	0.1076092943549156	0.4292841255664825	0.4298857152462005	sub-21050	ses-1				space-ACPC			DSIStudio	autotrackgqi
Association_InferiorLongitudinalFasciculusL	isovf	NODDI	/scratch/executivefunction/SLURM_8364170_132/job-8364170-132-sub-21050-ses-1/ds/inputs/data/qsiprep/qsiprep/sub-21050/ses-1/dwi/sub-21050_ses-1_space-ACPC_desc-preproc_dwi.nii.gz	0.6331821127673364	0.051793847233057	0.1281017363071441	0.0	0.1411977112293243	0.0856909751892089	0.1791999638080597	0.0562262684106826	0.0928927510976791	sub-21050	ses-1				space-ACPC			DSIStudio	autotrackgqi
Association_InferiorLongitudinalFasciculusL	modulated_icvf	NODDI	/scratch/executivefunction/SLURM_8364170_132/job-8364170-132-sub-21050-ses-1/ds/inputs/data/qsiprep/qsiprep/sub-21050/ses-1/dwi/sub-21050_ses-1_space-ACPC_desc-preproc_dwi.nii.gz	0.0163873715396722	0.3591215908527374	0.1023959219455719	0.3427272737026214	0.3651047050952911	0.3464864492416382	0.0920605659484863	0.4028573036193847	0.4034218788146972	sub-21050	ses-1				space-ACPC			DSIStudio	autotrackgqi
Association_InferiorLongitudinalFasciculusL	modulated_od	NODDI	/scratch/executivefunction/SLURM_8364170_132/job-8364170-132-sub-21050-ses-1/ds/inputs/data/qsiprep/qsiprep/sub-21050/ses-1/dwi/sub-21050_ses-1_space-ACPC_desc-preproc_dwi.nii.gz	0.0148134431997037	0.3193883895874023	0.180827185511589	0.3047218918800354	0.3241907656192779	0.3084553480148315	0.177857369184494	0.2121723890304565	0.2124366015195846	sub-21050	ses-1				space-ACPC			DSIStudio	autotrackgqi
Association_InferiorLongitudinalFasciculusL	nrmse	NODDI	/scratch/executivefunction/SLURM_8364170_132/job-8364170-132-sub-21050-ses-1/ds/inputs/data/qsiprep/qsiprep/sub-21050/ses-1/dwi/sub-21050_ses-1_space-ACPC_desc-preproc_dwi.nii.gz	0.0130543468197389	0.0948192253708839	0.0321892686188221	0.0904266983270645	0.0960734039545059	0.0907883420586586	0.0304854270070791	0.0976549983024597	0.0977468937635421	sub-21050	ses-1				space-ACPC			DSIStudio	autotrackgqi
Association_InferiorLongitudinalFasciculusL	od	NODDI	/scratch/executivefunction/SLURM_8364170_132/job-8364170-132-sub-21050-ses-1/ds/inputs/data/qsiprep/qsiprep/sub-21050/ses-1/dwi/sub-21050_ses-1_space-ACPC_desc-preproc_dwi.nii.gz	0.0130543468197389	0.3376034796237945	0.1857098639011383	0.3223894238471985	0.3420689702033996	0.3264280557632446	0.1828026920557022	0.2226461321115493	0.2228556275367736	sub-21050	ses-1				space-ACPC			DSIStudio	autotrackgqi
Association_InferiorLongitudinalFasciculusL	rmse	NODDI	/scratch/executivefunction/SLURM_8364170_132/job-8364170-132-sub-21050-ses-1/ds/inputs/data/qsiprep/qsiprep/sub-21050/ses-1/dwi/sub-21050_ses-1_space-ACPC_desc-preproc_dwi.nii.gz	0.0130543468197389	0.03595507517457	0.0132126547396183	0.0340635478496551	0.0364306531846523	0.0342675745487213	0.0126316137611866	0.0380497649312019	0.0380855686962604	sub-21050	ses-1				space-ACPC			DSIStudio	autotrackgqi
Association_InferiorLongitudinalFasciculusL	tf	NODDI	/scratch/executivefunction/SLURM_8364170_132/job-8364170-132-sub-21050-ses-1/ds/inputs/data/qsiprep/qsiprep/sub-21050/ses-1/dwi/sub-21050_ses-1_space-ACPC_desc-preproc_dwi.nii.gz	0.0163873715396722	0.9351518036104908	0.1671577664076936	1.0	0.9507317988325404	1.0	0.1165969209051543	0.9428336926247451	0.9441550537926564	sub-21050	ses-1				space-ACPC			DSIStudio	autotrackgqi
Association_VerticalOccipitalFasciculusR	directions	NODDI	/scratch/executivefunction/SLURM_8364170_132/job-8364170-132-sub-21050-ses-1/ds/inputs/data/qsiprep/qsiprep/sub-21050/ses-1/dwi/sub-21050_ses-1_space-ACPC_desc-preproc_dwi.nii.gz	10.0	-0.0816152766346931	0.570700466632843	-0.1234291493892669	-0.0818542689085006	-0.1256029307842254	0.5715183615684509	-0.2404053211212158		sub-21050	ses-1				space-ACPC			DSIStudio	autotrackgqi
Association_VerticalOccipitalFasciculusR	icvf	NODDI	/scratch/executivefunction/SLURM_8364170_132/job-8364170-132-sub-21050-ses-1/ds/inputs/data/qsiprep/qsiprep/sub-21050/ses-1/dwi/sub-21050_ses-1_space-ACPC_desc-preproc_dwi.nii.gz	0.0037956204379562	0.3961259722709656	0.1029891073703765	0.3851756155490875	0.3976352512836456	0.3864028453826904	0.1002348661422729	0.4647576510906219	0.464939147233963	sub-21050	ses-1				space-ACPC			DSIStudio	autotrackgqi
Association_VerticalOccipitalFasciculusR	isovf	NODDI	/scratch/executivefunction/SLURM_8364170_132/job-8364170-132-sub-21050-ses-1/ds/inputs/data/qsiprep/qsiprep/sub-21050/ses-1/dwi/sub-21050_ses-1_space-ACPC_desc-preproc_dwi.nii.gz	0.6981021897810219	0.0368006937205791	0.0980775579810142	0.0	0.1218978464603424	0.0780567079782486	0.1465922892093658	0.0415216013789176	0.0812089815735817	sub-21050	ses-1				space-ACPC			DSIStudio	autotrackgqi
Association_VerticalOccipitalFasciculusR	modulated_icvf	NODDI	/scratch/executivefunction/SLURM_8364170_132/job-8364170-132-sub-21050-ses-1/ds/inputs/data/qsiprep/qsiprep/sub-21050/ses-1/dwi/sub-21050_ses-1_space-ACPC_desc-preproc_dwi.nii.gz	0.0037956204379562	0.380584180355072	0.0971687510609626	0.3771064281463623	0.3820342421531677	0.3782181143760681	0.0944657027721405	0.4434357285499573	0.4436088800430298	sub-21050	ses-1				space-ACPC			DSIStudio	autotrackgqi
Association_VerticalOccipitalFasciculusR	modulated_od	NODDI	/scratch/executivefunction/SLURM_8364170_132/job-8364170-132-sub-21050-ses-1/ds/inputs/data/qsiprep/qsiprep/sub-21050/ses-1/dwi/sub-21050_ses-1_space-ACPC_desc-preproc_dwi.nii.gz	0.0037956204379562	0.3957044780254364	0.1779136955738067	0.389270544052124	0.3972121477127075	0.3896257579326629	0.1765644997358322	0.3013555705547333	0.3014732599258423	sub-21050	ses-1				space-ACPC			DSIStudio	autotrackgqi
Association_VerticalOccipitalFasciculusR	nrmse	NODDI	/scratch/executivefunction/SLURM_8364170_132/job-8364170-132-sub-21050-ses-1/ds/inputs/data/qsiprep/qsiprep/sub-21050/ses-1/dwi/sub-21050_ses-1_space-ACPC_desc-preproc_dwi.nii.gz	0.002919708029197	0.1021156311035156	0.0637816339731216	0.085154004395008	0.1024146527051925	0.0852760374546051	0.0636347830295562	0.0936790406703949	0.0937022045254707	sub-21050	ses-1				space-ACPC			DSIStudio	autotrackgqi
Association_VerticalOccipitalFasciculusR	od	NODDI	/scratch/executivefunction/SLURM_8364170_132/job-8364170-132-sub-21050-ses-1/ds/inputs/data/qsiprep/qsiprep/sub-21050/ses-1/dwi/sub-21050_ses-1_space-ACPC_desc-preproc_dwi.nii.gz	0.002919708029197	0.4112734496593475	0.1810393929481506	0.3991609215736389	0.4124777615070343	0.3998086452484131	0.179929107427597	0.3124578893184662	0.3125351667404175	sub-21050	ses-1				space-ACPC			DSIStudio	autotrackgqi
Association_VerticalOccipitalFasciculusR	rmse	NODDI	/scratch/executivefunction/SLURM_8364170_132/job-8364170-132-sub-21050-ses-1/ds/inputs/data/qsiprep/qsiprep/sub-21050/ses-1/dwi/sub-21050_ses-1_space-ACPC_desc-preproc_dwi.nii.gz	0.002919708029197	0.0392693616449832	0.0264145657420158	0.0327791161835193	0.0393843501806259	0.032820738852024	0.0263674724847078	0.0373116806149482	0.0373209118843078	sub-21050	ses-1				space-ACPC			DSIStudio	autotrackgqi
Association_VerticalOccipitalFasciculusR	tf	NODDI	/scratch/executivefunction/SLURM_8364170_132/job-8364170-132-sub-21050-ses-1/ds/inputs/data/qsiprep/qsiprep/sub-21050/ses-1/dwi/sub-21050_ses-1_space-ACPC_desc-preproc_dwi.nii.gz	0.0037956204379562	0.9602796001851994	0.1109752024559265	1.0	0.9639383442656236	1.0	0.0939979515622146	0.9582311905567154	0.9586053818996724	sub-21050	ses-1				space-ACPC			DSIStudio	autotrackgqi
Association_HippocampusAlveusL	directions	NODDI	/scratch/executivefunction/SLURM_8364170_132/job-8364170-132-sub-21050-ses-1/ds/inputs/data/qsiprep/qsiprep/sub-21050/ses-1/dwi/sub-21050_ses-1_space-ACPC_desc-preproc_dwi.nii.gz	0.0	-0.1050531864166259	0.5677121877670288	-0.1759342700242996	-0.1050531864166259	-0.1759342700242996	0.5677121877670288	-0.3640153706073761		sub-21050	ses-1				space-ACPC			DSIStudio	autotrackgqi
Association_HippocampusAlveusL	icvf	NODDI	/scratch/executivefunction/SLURM_8364170_132/job-8364170-132-sub-21050-ses-1/ds/inputs/data/qsiprep/qsiprep/sub-21050/ses-1/dwi/sub-21050_ses-1_space-ACPC_desc-preproc_dwi.nii.gz	0.0340942780907204	0.3463371694087982	0.1487102806568145	0.3335787355899811	0.3585621118545532	0.3382205367088318	0.1360586583614349	0.3554586470127105	0.3610519766807556	sub-21050	ses-1				space-ACPC			DSIStudio	autotrackgqi
Association_HippocampusAlveusL	isovf	NODDI	/scratch/executivefunction/SLURM_8364170_132/job-8364170-132-sub-21050-ses-1/ds/inputs/data/qsiprep/qsiprep/sub-21050/ses-1/dwi/sub-21050_ses-1_space-ACPC_desc-preproc_dwi.nii.gz	0.6184405573673288	0.1473367661237716	0.2738444209098816	0.0	0.386143684387207	0.2857425808906555	0.3229919373989105	0.1685522049665451	0.3371882438659668	sub-21050	ses-1				space-ACPC			DSIStudio	autotrackgqi
Association_HippocampusAlveusL	modulated_icvf	NODDI	/scratch/executivefunction/SLURM_8364170_132/job-8364170-132-sub-21050-ses-1/ds/inputs/data/qsiprep/qsiprep/sub-21050/ses-1/dwi/sub-21050_ses-1_space-ACPC_desc-preproc_dwi.nii.gz	0.0340942780907204	0.2857332229614258	0.1021655574440956	0.2618181705474853	0.295818954706192	0.2691038846969604	0.0884459167718887	0.2854562997817993	0.2899481058120727	sub-21050	ses-1				space-ACPC			DSIStudio	autotrackgqi
Association_HippocampusAlveusL	modulated_od	NODDI	/scratch/executivefunction/SLURM_8364170_132/job-8364170-132-sub-21050-ses-1/ds/inputs/data/qsiprep/qsiprep/sub-21050/ses-1/dwi/sub-21050_ses-1_space-ACPC_desc-preproc_dwi.nii.gz	0.0213459828046249	0.2962319254875183	0.1851848363876342	0.2883064746856689	0.3026931881904602	0.2923559248447418	0.1818945556879043	0.2187212407588958	0.2217868566513061	sub-21050	ses-1				space-ACPC			DSIStudio	autotrackgqi
Association_HippocampusAlveusL	nrmse	NODDI	/scratch/executivefunction/SLURM_8364170_132/job-8364170-132-sub-21050-ses-1/ds/inputs/data/qsiprep/qsiprep/sub-21050/ses-1/dwi/sub-21050_ses-1_space-ACPC_desc-preproc_dwi.nii.gz	0.0	0.1025990322232246	0.0263843983411788	0.0983712971210479	0.1025990322232246	0.0983712971210479	0.0263843983411788	0.0954761877655983	0.0954761877655983	sub-21050	ses-1				space-ACPC			DSIStudio	autotrackgqi
Association_HippocampusAlveusL	od	NODDI	/scratch/executivefunction/SLURM_8364170_132/job-8364170-132-sub-21050-ses-1/ds/inputs/data/qsiprep/qsiprep/sub-21050/ses-1/dwi/sub-21050_ses-1_space-ACPC_desc-preproc_dwi.nii.gz	0.0	0.3636228442192077	0.2083327621221542	0.3373028635978699	0.3636228442192077	0.3373028635978699	0.2083327621221542	0.2682552933692932	0.2682552933692932	sub-21050	ses-1				space-ACPC			DSIStudio	autotrackgqi
Association_HippocampusAlveusL	rmse	NODDI	/scratch/executivefunction/SLURM_8364170_132/job-8364170-132-sub-21050-ses-1/ds/inputs/data/qsiprep/qsiprep/sub-21050/ses-1/dwi/sub-21050_ses-1_space-ACPC_desc-preproc_dwi.nii.gz	0.0	0.0364898405969142	0.0109132612124085	0.035235121846199	0.0364898405969142	0.035235121846199	0.0109132612124085	0.0337288826704025	0.0337288826704025	sub-21050	ses-1				space-ACPC			DSIStudio	autotrackgqi
Association_HippocampusAlveusL	tf	NODDI	/scratch/executivefunction/SLURM_8364170_132/job-8364170-132-sub-21050-ses-1/ds/inputs/data/qsiprep/qsiprep/sub-21050/ses-1/dwi/sub-21050_ses-1_space-ACPC_desc-preproc_dwi.nii.gz	0.0340942780907204	0.852663222085182	0.2738444269967949	1.0	0.8827602971434374	1.0	0.225985112639409	0.8314477898038143	0.8445310309228851	sub-21050	ses-1				space-ACPC			DSIStudio	autotrackgqi
Association_UncinateFasciculusL	directions	NODDI	/scratch/executivefunction/SLURM_8364170_132/job-8364170-132-sub-21050-ses-1/ds/inputs/data/qsiprep/qsiprep/sub-21050/ses-1/dwi/sub-21050_ses-1_space-ACPC_desc-preproc_dwi.nii.gz	17.0	-0.1039740443229675	0.5668252110481262	-0.1949362903833389	-0.1043597236275672	-0.1983306258916854	0.5678400993347168	-0.1087258905172348		sub-21050	ses-1				space-ACPC			DSIStudio	autotrackgqi
Association_UncinateFasciculusL	icvf	NODDI	/scratch/executivefunction/SLURM_8364170_132/job-8364170-132-sub-21050-ses-1/ds/inputs/data/qsiprep/qsiprep/sub-21050/ses-1/dwi/sub-21050_ses-1_space-ACPC_desc-preproc_dwi.nii.gz	0.0147826086956521	0.3493200838565826	0.139087364077568	0.3329867124557495	0.354561448097229	0.3345803618431091	0.1333310902118683	0.3646939992904663	0.3657423257827759	sub-21050	ses-1				space-ACPC			DSIStudio	autotrackgqi
Association_UncinateFasciculusL	isovf	NODDI	/scratch/executivefunction/SLURM_8364170_132/job-8364170-132-sub-21050-ses-1/ds/inputs/data/qsiprep/qsiprep/sub-21050/ses-1/dwi/sub-21050_ses-1_space-ACPC_desc-preproc_dwi.nii.gz	0.7145652173913043	0.0748736411333084	0.1939050853252411	0.0	0.2623143792152405	0.1162224858999252	0.2873283624649048	0.02836674451828	0.1027212664484977	sub-21050	ses-1				space-ACPC			DSIStudio	autotrackgqi
Association_UncinateFasciculusL	modulated_icvf	NODDI	/scratch/executivefunction/SLURM_8364170_132/job-8364170-132-sub-21050-ses-1/ds/inputs/data/qsiprep/qsiprep/sub-21050/ses-1/dwi/sub-21050_ses-1_space-ACPC_desc-preproc_dwi.nii.gz	0.0147826086956521	0.3142750561237335	0.1046782955527305	0.3129349946975708	0.3189905881881714	0.3157441020011902	0.0980701372027397	0.3530595302581787	0.3540744185447693	sub-21050	ses-1				space-ACPC			DSIStudio	autotrackgqi
Association_UncinateFasciculusL	modulated_od	NODDI	/scratch/executivefunction/SLURM_8364170_132/job-8364170-132-sub-21050-ses-1/ds/inputs/data/qsiprep/qsiprep/sub-21050/ses-1/dwi/sub-21050_ses-1_space-ACPC_desc-preproc_dwi.nii.gz	0.0082608695652173	0.3316211998462677	0.1571365296840667	0.3174999356269836	0.334383487701416	0.3191397190093994	0.1548350751399994	0.2556068301200866	0.2560265362262726	sub-21050	ses-1				space-ACPC			DSIStudio	autotrackgqi
Association_UncinateFasciculusL	nrmse	NODDI	/scratch/executivefunction/SLURM_8364170_132/job-8364170-132-sub-21050-ses-1/ds/inputs/data/qsiprep/qsiprep/sub-21050/ses-1/dwi/sub-21050_ses-1_space-ACPC_desc-preproc_dwi.nii.gz	0.003695652173913	0.1049494221806526	0.0445355139672756	0.0966858118772506	0.1053387150168418	0.0968052372336387	0.0441561043262481	0.096345454454422	0.0964069217443466	sub-21050	ses-1				space-ACPC			DSIStudio	autotrackgqi
Association_UncinateFasciculusL	od	NODDI	/scratch/executivefunction/SLURM_8364170_132/job-8364170-132-sub-21050-ses-1/ds/inputs/data/qsiprep/qsiprep/sub-21050/ses-1/dwi/sub-21050_ses-1_space-ACPC_desc-preproc_dwi.nii.gz	0.003695652173913	0.3755767047405243	0.1799877882003784	0.3525089025497436	0.3769698441028595	0.3530621826648712	0.178859144449234	0.266903817653656	0.2670740783214569	sub-21050	ses-1				space-ACPC			DSIStudio	autotrackgqi
Association_UncinateFasciculusL	rmse	NODDI	/scratch/executivefunction/SLURM_8364170_132/job-8364170-132-sub-21050-ses-1/ds/inputs/data/qsiprep/qsiprep/sub-21050/ses-1/dwi/sub-21050_ses-1_space-ACPC_desc-preproc_dwi.nii.gz	0.003695652173913	0.0391227938234806	0.0312267113476991	0.0355492755770683	0.0392679125070571	0.0355837866663932	0.0311933644115924	0.0362868458032608	0.0363099947571754	sub-21050	ses-1				space-ACPC			DSIStudio	autotrackgqi
Association_UncinateFasciculusL	tf	NODDI	/scratch/executivefunction/SLURM_8364170_132/job-8364170-132-sub-21050-ses-1/ds/inputs/data/qsiprep/qsiprep/sub-21050/ses-1/dwi/sub-21050_ses-1_space-ACPC_desc-preproc_dwi.nii.gz	0.0147826086956521	0.9214307043992956	0.2018111982585409	1.0	0.9352562312967252	1.0	0.1685480515789505	0.970995726010308	0.9737869165924792	sub-21050	ses-1				space-ACPC			DSIStudio	autotrackgqi
Association_ExtremeCapsuleR	directions	NODDI	/scratch/executivefunction/SLURM_8364170_132/job-8364170-132-sub-21050-ses-1/ds/inputs/data/qsiprep/qsiprep/sub-21050/ses-1/dwi/sub-21050_ses-1_space-ACPC_desc-preproc_dwi.nii.gz	0.0	-0.0248521901667118	0.576815128326416	-0.0722742825746536	-0.0248521901667118	-0.0722742825746536	0.576815128326416	0.2237692922353744		sub-21050	ses-1				space-ACPC			DSIStudio	autotrackgqi
Association_ExtremeCapsuleR	icvf	NODDI	/scratch/executivefunction/SLURM_8364170_132/job-8364170-132-sub-21050-ses-1/ds/inputs/data/qsiprep/qsiprep/sub-21050/ses-1/dwi/sub-21050_ses-1_space-ACPC_desc-preproc_dwi.nii.gz	0.0059504132231404	0.3756258487701416	0.1078420951962471	0.3427272737026214	0.377874344587326	0.3427272737026214	0.104162760078907	0.4434472322463989	0.4436479806900024	sub-21050	ses-1				space-ACPC			DSIStudio	autotrackgqi
Association_ExtremeCapsuleR	isovf	NODDI	/scratch/executivefunction/SLURM_8364170_132/job-8364170-132-sub-21050-ses-1/ds/inputs/data/qsiprep/qsiprep/sub-21050/ses-1/dwi/sub-21050_ses-1_space-ACPC_desc-preproc_dwi.nii.gz	0.5748760330578513	0.0608365349471569	0.1390136629343032	0.0	0.1431030482053756	0.0869704335927963	0.1835327297449112	0.0604912228882312	0.0971795171499252	sub-21050	ses-1				space-ACPC			DSIStudio	autotrackgqi
Association_ExtremeCapsuleR	modulated_icvf	NODDI	/scratch/executivefunction/SLURM_8364170_132/job-8364170-132-sub-21050-ses-1/ds/inputs/data/qsiprep/qsiprep/sub-21050/ses-1/dwi/sub-21050_ses-1_space-ACPC_desc-preproc_dwi.nii.gz	0.0059504132231404	0.3503283560276031	0.096157856285572	0.3427272737026214	0.3524254262447357	0.3427272737026214	0.0925344228744506	0.4133007228374481	0.413487821817398	sub-21050	ses-1				space-ACPC			DSIStudio	autotrackgqi
Association_ExtremeCapsuleR	modulated_od	NODDI	/scratch/executivefunction/SLURM_8364170_132/job-8364170-132-sub-21050-ses-1/ds/inputs/data/qsiprep/qsiprep/sub-21050/ses-1/dwi/sub-21050_ses-1_space-ACPC_desc-preproc_dwi.nii.gz	0.0019834710743801	0.2718757390975952	0.168458953499794	0.2486069798469543	0.2724160552024841	0.2488715499639511	0.1681892573833465	0.1837488114833831	0.1837558448314666	sub-21050	ses-1				space-ACPC			DSIStudio	autotrackgqi
Association_ExtremeCapsuleR	nrmse	NODDI	/scratch/executivefunction/SLURM_8364170_132/job-8364170-132-sub-21050-ses-1/ds/inputs/data/qsiprep/qsiprep/sub-21050/ses-1/dwi/sub-21050_ses-1_space-ACPC_desc-preproc_dwi.nii.gz	0.0	0.0921826362609863	0.0232598055154085	0.0893367603421211	0.0921826362609863	0.0893367603421211	0.0232598055154085	0.0924770087003707	0.0924770087003707	sub-21050	ses-1				space-ACPC			DSIStudio	autotrackgqi
Association_ExtremeCapsuleR	od	NODDI	/scratch/executivefunction/SLURM_8364170_132/job-8364170-132-sub-21050-ses-1/ds/inputs/data/qsiprep/qsiprep/sub-21050/ses-1/dwi/sub-21050_ses-1_space-ACPC_desc-preproc_dwi.nii.gz	0.0	0.2965957522392273	0.1843701004981994	0.2671918869018554	0.2965957522392273	0.2671918869018554	0.1843701004981994	0.1950189471244812	0.1950189769268036	sub-21050	ses-1				space-ACPC			DSIStudio	autotrackgqi
Association_ExtremeCapsuleR	rmse	NODDI	/scratch/executivefunction/SLURM_8364170_132/job-8364170-132-sub-21050-ses-1/ds/inputs/data/qsiprep/qsiprep/sub-21050/ses-1/dwi/sub-21050_ses-1_space-ACPC_desc-preproc_dwi.nii.gz	0.0	0.0347019024193286	0.0096810143440961	0.0337560623884201	0.0347019024193286	0.0337560623884201	0.0096810143440961	0.0363892838358879	0.0363892875611782	sub-21050	ses-1				space-ACPC			DSIStudio	autotrackgqi
Association_ExtremeCapsuleR	tf	NODDI	/scratch/executivefunction/SLURM_8364170_132/job-8364170-132-sub-21050-ses-1/ds/inputs/data/qsiprep/qsiprep/sub-21050/ses-1/dwi/sub-21050_ses-1_space-ACPC_desc-preproc_dwi.nii.gz	0.0059504132231404	0.9391634622684196	0.139013656632323	1.0	0.9447853253614796	1.0	0.1188655620514606	0.9395087722648264	0.9399340542200486	sub-21050	ses-1				space-ACPC			DSIStudio	autotrackgqi
ProjectionBrainstem_MedialForebrainBundleL	directions	NODDI	/scratch/executivefunction/SLURM_8364170_132/job-8364170-132-sub-21050-ses-1/ds/inputs/data/qsiprep/qsiprep/sub-21050/ses-1/dwi/sub-21050_ses-1_space-ACPC_desc-preproc_dwi.nii.gz	4.0	0.0091262767091393	0.5766059160232544	-0.0314134694635868	0.0091475620865821	-0.0329055786132812	0.5772777795791626	0.0624690353870391		sub-21050	ses-1				space-ACPC			DSIStudio	autotrackgqi
ProjectionBrainstem_MedialForebrainBundleL	icvf	NODDI	/scratch/executivefunction/SLURM_8364170_132/job-8364170-132-sub-21050-ses-1/ds/inputs/data/qsiprep/qsiprep/sub-21050/ses-1/dwi/sub-21050_ses-1_space-ACPC_desc-preproc_dwi.nii.gz	0.0558464223385689	0.5120624303817749	0.1866717934608459	0.506205677986145	0.5423507690429688	0.512799084186554	0.1431104689836502	0.5272384881973267	0.5368263721466064	sub-21050	ses-1				space-ACPC			DSIStudio	autotrackgqi
ProjectionBrainstem_MedialForebrainBundleL	isovf	NODDI	/scratch/executivefunction/SLURM_8364170_132/job-8364170-132-sub-21050-ses-1/ds/inputs/data/qsiprep/qsiprep/sub-21050/ses-1/dwi/sub-21050_ses-1_space-ACPC_desc-preproc_dwi.nii.gz	0.3740546829552065	0.1588823199272155	0.2652138769626617	0.0436757914721965	0.2538278102874756	0.113128438591957	0.2971055209636688	0.0930567011237144	0.1589617729187011	sub-21050	ses-1				space-ACPC			DSIStudio	autotrackgqi
ProjectionBrainstem_MedialForebrainBundleL	modulated_icvf	NODDI	/scratch/executivefunction/SLURM_8364170_132/job-8364170-132-sub-21050-ses-1/ds/inputs/data/qsiprep/qsiprep/sub-21050/ses-1/dwi/sub-21050_ses-1_space-ACPC_desc-preproc_dwi.nii.gz	0.0558464223385689	0.422152042388916	0.1480282992124557	0.4597232937812805	0.4471222460269928	0.4669549763202667	0.109744094312191	0.4709013998508453	0.4794648289680481	sub-21050	ses-1				space-ACPC			DSIStudio	autotrackgqi
ProjectionBrainstem_MedialForebrainBundleL	modulated_od	NODDI	/scratch/executivefunction/SLURM_8364170_132/job-8364170-132-sub-21050-ses-1/ds/inputs/data/qsiprep/qsiprep/sub-21050/ses-1/dwi/sub-21050_ses-1_space-ACPC_desc-preproc_dwi.nii.gz	0.004653868528214	0.2620845735073089	0.1822284162044525	0.24421127140522	0.2633099853992462	0.24459008872509	0.1817685514688491	0.23040471971035	0.2309009134769439	sub-21050	ses-1				space-ACPC			DSIStudio	autotrackgqi
ProjectionBrainstem_MedialForebrainBundleL	nrmse	NODDI	/scratch/executivefunction/SLURM_8364170_132/job-8364170-132-sub-21050-ses-1/ds/inputs/data/qsiprep/qsiprep/sub-21050/ses-1/dwi/sub-21050_ses-1_space-ACPC_desc-preproc_dwi.nii.gz	0.0215241419429901	0.1136070042848587	0.041195910423994	0.1068960577249527	0.1161060854792594	0.1073945015668869	0.0380036383867263	0.108023352921009	0.1088967248797416	sub-21050	ses-1				space-ACPC			DSIStudio	autotrackgqi
ProjectionBrainstem_MedialForebrainBundleL	od	NODDI	/scratch/executivefunction/SLURM_8364170_132/job-8364170-132-sub-21050-ses-1/ds/inputs/data/qsiprep/qsiprep/sub-21050/ses-1/dwi/sub-21050_ses-1_space-ACPC_desc-preproc_dwi.nii.gz	0.002326934264107	0.3331731855869293	0.2127463221549987	0.2859328687191009	0.3339502811431885	0.2863487005233764	0.2123842090368271	0.2617144584655761	0.2619426846504211	sub-21050	ses-1				space-ACPC			DSIStudio	autotrackgqi
ProjectionBrainstem_MedialForebrainBundleL	rmse	NODDI	/scratch/executivefunction/SLURM_8364170_132/job-8364170-132-sub-21050-ses-1/ds/inputs/data/qsiprep/qsiprep/sub-21050/ses-1/dwi/sub-21050_ses-1_space-ACPC_desc-preproc_dwi.nii.gz	0.0215241419429901	0.0436098501086235	0.0139013994485139	0.0421346463263034	0.0445691645145416	0.0425252504646778	0.012439620681107	0.0437114425003528	0.0440648533403873	sub-21050	ses-1				space-ACPC			DSIStudio	autotrackgqi
ProjectionBrainstem_MedialForebrainBundleL	tf	NODDI	/scratch/executivefunction/SLURM_8364170_132/job-8364170-132-sub-21050-ses-1/ds/inputs/data/qsiprep/qsiprep/sub-21050/ses-1/dwi/sub-21050_ses-1_space-ACPC_desc-preproc_dwi.nii.gz	0.0366492146596858	0.8387907530902221	0.2681799780812211	0.955668032169342	0.8707012708708284	0.960664004087448	0.2164996033730119	0.9060720675335068	0.915882480626922	sub-21050	ses-1				space-ACPC			DSIStudio	autotrackgqi
ProjectionBasalGanglia_AnsaLenticularisL	directions	NODDI	/scratch/executivefunction/SLURM_8364170_132/job-8364170-132-sub-21050-ses-1/ds/inputs/data/qsiprep/qsiprep/sub-21050/ses-1/dwi/sub-21050_ses-1_space-ACPC_desc-preproc_dwi.nii.gz	0.0	0.0207537692040205	0.5769771337509155	0.0550342760980129	0.0207537692040205	0.0550342760980129	0.5769771337509155	0.0367620587348938		sub-21050	ses-1				space-ACPC			DSIStudio	autotrackgqi
ProjectionBasalGanglia_AnsaLenticularisL	icvf	NODDI	/scratch/executivefunction/SLURM_8364170_132/job-8364170-132-sub-21050-ses-1/ds/inputs/data/qsiprep/qsiprep/sub-21050/ses-1/dwi/sub-21050_ses-1_space-ACPC_desc-preproc_dwi.nii.gz	0.0238931834153197	0.4393887519836426	0.1643581688404083	0.4169940650463104	0.4501441121101379	0.4209348559379577	0.1511071771383285	0.4383544623851776	0.4423844814300537	sub-21050	ses-1				space-ACPC			DSIStudio	autotrackgqi
ProjectionBasalGanglia_AnsaLenticularisL	isovf	NODDI	/scratch/executivefunction/SLURM_8364170_132/job-8364170-132-sub-21050-ses-1/ds/inputs/data/qsiprep/qsiprep/sub-21050/ses-1/dwi/sub-21050_ses-1_space-ACPC_desc-preproc_dwi.nii.gz	0.5959241040056219	0.1357515305280685	0.267138659954071	0.0	0.3359555304050445	0.1597334146499633	0.3306787312030792	0.0721571519970893	0.1873027384281158	sub-21050	ses-1				space-ACPC			DSIStudio	autotrackgqi
ProjectionBasalGanglia_AnsaLenticularisL	modulated_icvf	NODDI	/scratch/executivefunction/SLURM_8364170_132/job-8364170-132-sub-21050-ses-1/ds/inputs/data/qsiprep/qsiprep/sub-21050/ses-1/dwi/sub-21050_ses-1_space-ACPC_desc-preproc_dwi.nii.gz	0.0238931834153197	0.3645426034927368	0.1210371628403663	0.3773832619190216	0.373465895652771	0.3830687999725342	0.1080557852983474	0.4011170864105224	0.4048047661781311	sub-21050	ses-1				space-ACPC			DSIStudio	autotrackgqi
ProjectionBasalGanglia_AnsaLenticularisL	modulated_od	NODDI	/scratch/executivefunction/SLURM_8364170_132/job-8364170-132-sub-21050-ses-1/ds/inputs/data/qsiprep/qsiprep/sub-21050/ses-1/dwi/sub-21050_ses-1_space-ACPC_desc-preproc_dwi.nii.gz	0.0028109627547434	0.2771108448505401	0.1464705318212509	0.2795647084712982	0.277891993522644	0.2801728546619415	0.1459349691867828	0.2893505096435547	0.2897467017173767	sub-21050	ses-1				space-ACPC			DSIStudio	autotrackgqi
ProjectionBasalGanglia_AnsaLenticularisL	nrmse	NODDI	/scratch/executivefunction/SLURM_8364170_132/job-8364170-132-sub-21050-ses-1/ds/inputs/data/qsiprep/qsiprep/sub-21050/ses-1/dwi/sub-21050_ses-1_space-ACPC_desc-preproc_dwi.nii.gz	0.0	0.1058275401592254	0.0239031203091144	0.1035005152225494	0.1058275401592254	0.1035005152225494	0.0239031203091144	0.1077050119638443	0.1077050119638443	sub-21050	ses-1				space-ACPC			DSIStudio	autotrackgqi
ProjectionBasalGanglia_AnsaLenticularisL	od	NODDI	/scratch/executivefunction/SLURM_8364170_132/job-8364170-132-sub-21050-ses-1/ds/inputs/data/qsiprep/qsiprep/sub-21050/ses-1/dwi/sub-21050_ses-1_space-ACPC_desc-preproc_dwi.nii.gz	0.0	0.3333325088024139	0.1626091003417968	0.3078438937664032	0.3333325088024139	0.3078438937664032	0.1626091003417968	0.3166190385818481	0.3166190385818481	sub-21050	ses-1				space-ACPC			DSIStudio	autotrackgqi
ProjectionBasalGanglia_AnsaLenticularisL	rmse	NODDI	/scratch/executivefunction/SLURM_8364170_132/job-8364170-132-sub-21050-ses-1/ds/inputs/data/qsiprep/qsiprep/sub-21050/ses-1/dwi/sub-21050_ses-1_space-ACPC_desc-preproc_dwi.nii.gz	0.0	0.0394636541604995	0.009361159056425	0.0386456437408924	0.0394636541604995	0.0386456437408924	0.009361159056425	0.0417932793498039	0.0417932793498039	sub-21050	ses-1				space-ACPC			DSIStudio	autotrackgqi
ProjectionBasalGanglia_AnsaLenticularisL	tf	NODDI	/scratch/executivefunction/SLURM_8364170_132/job-8364170-132-sub-21050-ses-1/ds/inputs/data/qsiprep/qsiprep/sub-21050/ses-1/dwi/sub-21050_ses-1_space-ACPC_desc-preproc_dwi.nii.gz	0.0238931834153197	0.8642484632831849	0.267138655494006	1.0	0.8854035732555595	1.0	0.2331932230798632	0.927842845441348	0.9363729022300096	sub-21050	ses-1				space-ACPC			DSIStudio	autotrackgqi
ProjectionBasalGanglia_FornixL	directions	NODDI	/scratch/executivefunction/SLURM_8364170_132/job-8364170-132-sub-21050-ses-1/ds/inputs/data/qsiprep/qsiprep/sub-21050/ses-1/dwi/sub-21050_ses-1_space-ACPC_desc-preproc_dwi.nii.gz	0.0	-0.0678780823945999	0.5733462572097778	-0.0954929962754249	-0.0678780823945999	-0.0954929962754249	0.5733462572097778	-0.1918428838253021		sub-21050	ses-1				space-ACPC			DSIStudio	autotrackgqi
ProjectionBasalGanglia_FornixL	icvf	NODDI	/scratch/executivefunction/SLURM_8364170_132/job-8364170-132-sub-21050-ses-1/ds/inputs/data/qsiprep/qsiprep/sub-21050/ses-1/dwi/sub-21050_ses-1_space-ACPC_desc-preproc_dwi.nii.gz	0.0625398851308232	0.4129902720451355	0.2000222355127334	0.3889590203762054	0.4405417144298553	0.3990190029144287	0.1747581660747528	0.4133806228637695	0.4278251230716705	sub-21050	ses-1				space-ACPC			DSIStudio	autotrackgqi
ProjectionBasalGanglia_FornixL	isovf	NODDI	/scratch/executivefunction/SLURM_8364170_132/job-8364170-132-sub-21050-ses-1/ds/inputs/data/qsiprep/qsiprep/sub-21050/ses-1/dwi/sub-21050_ses-1_space-ACPC_desc-preproc_dwi.nii.gz	0.4473516273133376	0.2624696791172027	0.34024578332901	0.0498347021639347	0.4749307334423065	0.4577576220035553	0.3295039236545563	0.2361116409301757	0.4181353151798248	sub-21050	ses-1				space-ACPC			DSIStudio	autotrackgqi
ProjectionBasalGanglia_FornixL	modulated_icvf	NODDI	/scratch/executivefunction/SLURM_8364170_132/job-8364170-132-sub-21050-ses-1/ds/inputs/data/qsiprep/qsiprep/sub-21050/ses-1/dwi/sub-21050_ses-1_space-ACPC_desc-preproc_dwi.nii.gz	0.0625398851308232	0.2911637127399444	0.1307394504547119	0.3010271489620209	0.3105878531932831	0.318647176027298	0.1104545146226883	0.2994584739208221	0.3099222183227539	sub-21050	ses-1				space-ACPC			DSIStudio	autotrackgqi
ProjectionBasalGanglia_FornixL	modulated_od	NODDI	/scratch/executivefunction/SLURM_8364170_132/job-8364170-132-sub-21050-ses-1/ds/inputs/data/qsiprep/qsiprep/sub-21050/ses-1/dwi/sub-21050_ses-1_space-ACPC_desc-preproc_dwi.nii.gz	0.0312699425654116	0.196978285908699	0.1470882445573806	0.1968709081411361	0.2033366113901138	0.2047493457794189	0.1450532227754593	0.1846348047256469	0.1885150372982025	sub-21050	ses-1				space-ACPC			DSIStudio	autotrackgqi
ProjectionBasalGanglia_FornixL	nrmse	NODDI	/scratch/executivefunction/SLURM_8364170_132/job-8364170-132-sub-21050-ses-1/ds/inputs/data/qsiprep/qsiprep/sub-21050/ses-1/dwi/sub-21050_ses-1_space-ACPC_desc-preproc_dwi.nii.gz	0.0	0.1020700633525848	0.029846703633666	0.0962932482361793	0.1020700633525848	0.0962932482361793	0.029846703633666	0.0992308631539344	0.0992308631539344	sub-21050	ses-1				space-ACPC			DSIStudio	autotrackgqi
ProjectionBasalGanglia_FornixL	od	NODDI	/scratch/executivefunction/SLURM_8364170_132/job-8364170-132-sub-21050-ses-1/ds/inputs/data/qsiprep/qsiprep/sub-21050/ses-1/dwi/sub-21050_ses-1_space-ACPC_desc-preproc_dwi.nii.gz	0.0	0.3049929738044739	0.2217086255550384	0.2533436119556427	0.3049929738044739	0.2533436119556427	0.2217086255550384	0.2611677646636963	0.2611677646636963	sub-21050	ses-1				space-ACPC			DSIStudio	autotrackgqi
ProjectionBasalGanglia_FornixL	rmse	NODDI	/scratch/executivefunction/SLURM_8364170_132/job-8364170-132-sub-21050-ses-1/ds/inputs/data/qsiprep/qsiprep/sub-21050/ses-1/dwi/sub-21050_ses-1_space-ACPC_desc-preproc_dwi.nii.gz	0.0	0.0355920195579528	0.0104534896090626	0.0342541337013244	0.0355920195579528	0.0342541337013244	0.0104534896090626	0.0348381511867046	0.0348381511867046	sub-21050	ses-1				space-ACPC			DSIStudio	autotrackgqi
ProjectionBasalGanglia_FornixL	tf	NODDI	/scratch/executivefunction/SLURM_8364170_132/job-8364170-132-sub-21050-ses-1/ds/inputs/data/qsiprep/qsiprep/sub-21050/ses-1/dwi/sub-21050_ses-1_space-ACPC_desc-preproc_dwi.nii.gz	0.0625398851308232	0.7375303021493655	0.3402457776162624	0.9501652717590332	0.7867324598148779	0.9795657992362976	0.2911723219269865	0.7638883554396962	0.7905803842838307	sub-21050	ses-1				space-ACPC			DSIStudio	autotrackgqi
ProjectionBrainstem_CorticobulbarTractR	directions	NODDI	/scratch/executivefunction/SLURM_8364170_132/job-8364170-132-sub-21050-ses-1/ds/inputs/data/qsiprep/qsiprep/sub-21050/ses-1/dwi/sub-21050_ses-1_space-ACPC_desc-preproc_dwi.nii.gz	0.0	-0.1951678544282913	0.5433624982833862	-0.2560068070888519	-0.1951678544282913	-0.2560068070888519	0.5433624982833862	-0.774733304977417		sub-21050	ses-1				space-ACPC			DSIStudio	autotrackgqi
ProjectionBrainstem_CorticobulbarTractR	icvf	NODDI	/scratch/executivefunction/SLURM_8364170_132/job-8364170-132-sub-21050-ses-1/ds/inputs/data/qsiprep/qsiprep/sub-21050/ses-1/dwi/sub-21050_ses-1_space-ACPC_desc-preproc_dwi.nii.gz	0.0	0.5492869019508362	0.1469157338142395	0.5699144601821899	0.5492869019508362	0.5699144601821899	0.1469157338142395	0.5931874513626099	0.5931874513626099	sub-21050	ses-1				space-ACPC			DSIStudio	autotrackgqi
ProjectionBrainstem_CorticobulbarTractR	isovf	NODDI	/scratch/executivefunction/SLURM_8364170_132/job-8364170-132-sub-21050-ses-1/ds/inputs/data/qsiprep/qsiprep/sub-21050/ses-1/dwi/sub-21050_ses-1_space-ACPC_desc-preproc_dwi.nii.gz	0.2097264437689969	0.1023375988006591	0.1259153187274933	0.0818973258137703	0.1294964253902435	0.0968743041157722	0.1286284625530243	0.0964027643203735	0.1089216098189354	sub-21050	ses-1				space-ACPC			DSIStudio	autotrackgqi
ProjectionBrainstem_CorticobulbarTractR	modulated_icvf	NODDI	/scratch/executivefunction/SLURM_8364170_132/job-8364170-132-sub-21050-ses-1/ds/inputs/data/qsiprep/qsiprep/sub-21050/ses-1/dwi/sub-21050_ses-1_space-ACPC_desc-preproc_dwi.nii.gz	0.0	0.4862463176250458	0.1267982721328735	0.515568196773529	0.4862463176250458	0.515568196773529	0.1267982721328735	0.5346897840499878	0.5346897840499878	sub-21050	ses-1				space-ACPC			DSIStudio	autotrackgqi
ProjectionBrainstem_CorticobulbarTractR	modulated_od	NODDI	/scratch/executivefunction/SLURM_8364170_132/job-8364170-132-sub-21050-ses-1/ds/inputs/data/qsiprep/qsiprep/sub-21050/ses-1/dwi/sub-21050_ses-1_space-ACPC_desc-preproc_dwi.nii.gz	0.0	0.1999505758285522	0.1270060688257217	0.1919397115707397	0.1999505758285522	0.1919397115707397	0.1270060688257217	0.1618599593639373	0.1618599593639373	sub-21050	ses-1				space-ACPC			DSIStudio	autotrackgqi
ProjectionBrainstem_CorticobulbarTractR	nrmse	NODDI	/scratch/executivefunction/SLURM_8364170_132/job-8364170-132-sub-21050-ses-1/ds/inputs/data/qsiprep/qsiprep/sub-21050/ses-1/dwi/sub-21050_ses-1_space-ACPC_desc-preproc_dwi.nii.gz	0.0	0.1024229526519775	0.0310833659023046	0.0964053571224212	0.1024229526519775	0.0964053571224212	0.0310833659023046	0.1037687882781028	0.1037687882781028	sub-21050	ses-1				space-ACPC			DSIStudio	autotrackgqi
ProjectionBrainstem_CorticobulbarTractR	od	NODDI	/scratch/executivefunction/SLURM_8364170_132/job-8364170-132-sub-21050-ses-1/ds/inputs/data/qsiprep/qsiprep/sub-21050/ses-1/dwi/sub-21050_ses-1_space-ACPC_desc-preproc_dwi.nii.gz	0.0	0.2224100679159164	0.1339326798915863	0.2184937894344329	0.2224100679159164	0.2184937894344329	0.1339326798915863	0.1783404201269149	0.1783404201269149	sub-21050	ses-1				space-ACPC			DSIStudio	autotrackgqi
ProjectionBrainstem_CorticobulbarTractR	rmse	NODDI	/scratch/executivefunction/SLURM_8364170_132/job-8364170-132-sub-21050-ses-1/ds/inputs/data/qsiprep/qsiprep/sub-21050/ses-1/dwi/sub-21050_ses-1_space-ACPC_desc-preproc_dwi.nii.gz	0.0	0.0421272441744804	0.0140361888334155	0.0402367562055587	0.0421272441744804	0.0402367562055587	0.0140361888334155	0.0444039776921272	0.0444039776921272	sub-21050	ses-1				space-ACPC			DSIStudio	autotrackgqi
ProjectionBrainstem_CorticobulbarTractR	tf	NODDI	/scratch/executivefunction/SLURM_8364170_132/job-8364170-132-sub-21050-ses-1/ds/inputs/data/qsiprep/qsiprep/sub-21050/ses-1/dwi/sub-21050_ses-1_space-ACPC_desc-preproc_dwi.nii.gz	0.0	0.8976624019240174	0.1259153167832732	0.9181026816368104	0.8976624019240174	0.9181026816368104	0.1259153167832732	0.9035972354541164	0.9035972354541164	sub-21050	ses-1				space-ACPC			DSIStudio	autotrackgqi
ProjectionBasalGanglia_FasciculusLenticularisL	directions	NODDI	/scratch/executivefunction/SLURM_8364170_132/job-8364170-132-sub-21050-ses-1/ds/inputs/data/qsiprep/qsiprep/sub-21050/ses-1/dwi/sub-21050_ses-1_space-ACPC_desc-preproc_dwi.nii.gz	0.0	-0.0285354107618331	0.5766446590423584	-0.0187599845230579	-0.0285354107618331	-0.0187599845230579	0.5766446590423584	0.1048373728990554		sub-21050	ses-1				space-ACPC			DSIStudio	autotrackgqi
ProjectionBasalGanglia_FasciculusLenticularisL	icvf	NODDI	/scratch/executivefunction/SLURM_8364170_132/job-8364170-132-sub-21050-ses-1/ds/inputs/data/qsiprep/qsiprep/sub-21050/ses-1/dwi/sub-21050_ses-1_space-ACPC_desc-preproc_dwi.nii.gz	0.0	0.4310774803161621	0.1006157472729682	0.4209137558937073	0.4310774803161621	0.4209137558937073	0.1006157472729682	0.4234355688095093	0.4234355688095093	sub-21050	ses-1				space-ACPC			DSIStudio	autotrackgqi
ProjectionBasalGanglia_FasciculusLenticularisL	isovf	NODDI	/scratch/executivefunction/SLURM_8364170_132/job-8364170-132-sub-21050-ses-1/ds/inputs/data/qsiprep/qsiprep/sub-21050/ses-1/dwi/sub-21050_ses-1_space-ACPC_desc-preproc_dwi.nii.gz	0.6563636363636364	0.0441339239478111	0.1130631491541862	0.0	0.1284320503473281	0.0782860815525055	0.1623989790678024	0.0488304533064365	0.1131850108504295	sub-21050	ses-1				space-ACPC			DSIStudio	autotrackgqi
ProjectionBasalGanglia_FasciculusLenticularisL	modulated_icvf	NODDI	/scratch/executivefunction/SLURM_8364170_132/job-8364170-132-sub-21050-ses-1/ds/inputs/data/qsiprep/qsiprep/sub-21050/ses-1/dwi/sub-21050_ses-1_space-ACPC_desc-preproc_dwi.nii.gz	0.0	0.4065971374511719	0.085600197315216	0.4078948199748993	0.4065971374511719	0.4078948199748993	0.085600197315216	0.400444746017456	0.400444746017456	sub-21050	ses-1				space-ACPC			DSIStudio	autotrackgqi
ProjectionBasalGanglia_FasciculusLenticularisL	modulated_od	NODDI	/scratch/executivefunction/SLURM_8364170_132/job-8364170-132-sub-21050-ses-1/ds/inputs/data/qsiprep/qsiprep/sub-21050/ses-1/dwi/sub-21050_ses-1_space-ACPC_desc-preproc_dwi.nii.gz	0.0	0.2921077907085418	0.1333867162466049	0.2885811626911163	0.2921077907085418	0.2885811626911163	0.1333867162466049	0.2483303844928741	0.2483303844928741	sub-21050	ses-1				space-ACPC			DSIStudio	autotrackgqi
ProjectionBasalGanglia_FasciculusLenticularisL	nrmse	NODDI	/scratch/executivefunction/SLURM_8364170_132/job-8364170-132-sub-21050-ses-1/ds/inputs/data/qsiprep/qsiprep/sub-21050/ses-1/dwi/sub-21050_ses-1_space-ACPC_desc-preproc_dwi.nii.gz	0.0	0.1021609231829643	0.0196621790528297	0.0997143536806106	0.1021609231829643	0.0997143536806106	0.0196621790528297	0.1008503586053848	0.1008503586053848	sub-21050	ses-1				space-ACPC			DSIStudio	autotrackgqi
ProjectionBasalGanglia_FasciculusLenticularisL	od	NODDI	/scratch/executivefunction/SLURM_8364170_132/job-8364170-132-sub-21050-ses-1/ds/inputs/data/qsiprep/qsiprep/sub-21050/ses-1/dwi/sub-21050_ses-1_space-ACPC_desc-preproc_dwi.nii.gz	0.0	0.3012012839317322	0.1285442411899566	0.2922358512878418	0.3012012839317322	0.2922358512878418	0.1285442411899566	0.2578321695327759	0.2578321695327759	sub-21050	ses-1				space-ACPC			DSIStudio	autotrackgqi
ProjectionBasalGanglia_FasciculusLenticularisL	rmse	NODDI	/scratch/executivefunction/SLURM_8364170_132/job-8364170-132-sub-21050-ses-1/ds/inputs/data/qsiprep/qsiprep/sub-21050/ses-1/dwi/sub-21050_ses-1_space-ACPC_desc-preproc_dwi.nii.gz	0.0	0.039890706539154	0.0092066628858447	0.0384097434580326	0.039890706539154	0.0384097434580326	0.0092066628858447	0.0391765460371971	0.0391765460371971	sub-21050	ses-1				space-ACPC			DSIStudio	autotrackgqi
ProjectionBasalGanglia_FasciculusLenticularisL	tf	NODDI	/scratch/executivefunction/SLURM_8364170_132/job-8364170-132-sub-21050-ses-1/ds/inputs/data/qsiprep/qsiprep/sub-21050/ses-1/dwi/sub-21050_ses-1_space-ACPC_desc-preproc_dwi.nii.gz	0.0	0.9558660729364916	0.1130631496653415	1.0	0.9558660729364916	1.0	0.1130631496653415	0.9511695500979528	0.9511695500979528	sub-21050	ses-1				space-ACPC			DSIStudio	autotrackgqi
ProjectionBrainstem_DentatorubrothalamicTract-lr	directions	NODDI	/scratch/executivefunction/SLURM_8364170_132/job-8364170-132-sub-21050-ses-1/ds/inputs/data/qsiprep/qsiprep/sub-21050/ses-1/dwi/sub-21050_ses-1_space-ACPC_desc-preproc_dwi.nii.gz	0.0	-0.0630747899413108	0.5738945007324219	-0.168323814868927	-0.0630747899413108	-0.168323814868927	0.5738945007324219	-0.2524411380290985		sub-21050	ses-1				space-ACPC			DSIStudio	autotrackgqi
ProjectionBrainstem_DentatorubrothalamicTract-lr	icvf	NODDI	/scratch/executivefunction/SLURM_8364170_132/job-8364170-132-sub-21050-ses-1/ds/inputs/data/qsiprep/qsiprep/sub-21050/ses-1/dwi/sub-21050_ses-1_space-ACPC_desc-preproc_dwi.nii.gz	0.0	0.6048960089683533	0.1151494979858398	0.5879610776901245	0.6048960089683533	0.5879610776901245	0.1151494979858398	0.615007758140564	0.615007758140564	sub-21050	ses-1				space-ACPC			DSIStudio	autotrackgqi
ProjectionBrainstem_DentatorubrothalamicTract-lr	isovf	NODDI	/scratch/executivefunction/SLURM_8364170_132/job-8364170-132-sub-21050-ses-1/ds/inputs/data/qsiprep/qsiprep/sub-21050/ses-1/dwi/sub-21050_ses-1_space-ACPC_desc-preproc_dwi.nii.gz	0.2141372141372141	0.0871136486530304	0.1005693823099136	0.0647041946649551	0.1108509674668312	0.0885329470038414	0.1011873558163642	0.0857535451650619	0.105684109032154	sub-21050	ses-1				space-ACPC			DSIStudio	autotrackgqi
ProjectionBrainstem_DentatorubrothalamicTract-lr	modulated_icvf	NODDI	/scratch/executivefunction/SLURM_8364170_132/job-8364170-132-sub-21050-ses-1/ds/inputs/data/qsiprep/qsiprep/sub-21050/ses-1/dwi/sub-21050_ses-1_space-ACPC_desc-preproc_dwi.nii.gz	0.0	0.5459334850311279	0.0916396602988243	0.5392358899116516	0.5459334850311279	0.5392358899116516	0.0916396602988243	0.5573334693908691	0.5573334693908691	sub-21050	ses-1				space-ACPC			DSIStudio	autotrackgqi
ProjectionBrainstem_DentatorubrothalamicTract-lr	modulated_od	NODDI	/scratch/executivefunction/SLURM_8364170_132/job-8364170-132-sub-21050-ses-1/ds/inputs/data/qsiprep/qsiprep/sub-21050/ses-1/dwi/sub-21050_ses-1_space-ACPC_desc-preproc_dwi.nii.gz	0.0	0.2011859267950058	0.1291766315698623	0.1996427178382873	0.2011859267950058	0.1996427178382873	0.1291766315698623	0.1881400346755981	0.1881400346755981	sub-21050	ses-1				space-ACPC			DSIStudio	autotrackgqi
ProjectionBrainstem_DentatorubrothalamicTract-lr	nrmse	NODDI	/scratch/executivefunction/SLURM_8364170_132/job-8364170-132-sub-21050-ses-1/ds/inputs/data/qsiprep/qsiprep/sub-21050/ses-1/dwi/sub-21050_ses-1_space-ACPC_desc-preproc_dwi.nii.gz	0.0	0.1052603274583816	0.02781961299479	0.1023952588438987	0.1052603274583816	0.1023952588438987	0.02781961299479	0.1058317422866821	0.1058317422866821	sub-21050	ses-1				space-ACPC			DSIStudio	autotrackgqi
ProjectionBrainstem_DentatorubrothalamicTract-lr	od	NODDI	/scratch/executivefunction/SLURM_8364170_132/job-8364170-132-sub-21050-ses-1/ds/inputs/data/qsiprep/qsiprep/sub-21050/ses-1/dwi/sub-21050_ses-1_space-ACPC_desc-preproc_dwi.nii.gz	0.0	0.2169621884822845	0.1311213374137878	0.2136360704898834	0.2169621884822845	0.2136360704898834	0.1311213374137878	0.2029298692941665	0.2029298692941665	sub-21050	ses-1				space-ACPC			DSIStudio	autotrackgqi
ProjectionBrainstem_DentatorubrothalamicTract-lr	rmse	NODDI	/scratch/executivefunction/SLURM_8364170_132/job-8364170-132-sub-21050-ses-1/ds/inputs/data/qsiprep/qsiprep/sub-21050/ses-1/dwi/sub-21050_ses-1_space-ACPC_desc-preproc_dwi.nii.gz	0.0	0.0451129041612148	0.0133609985932707	0.0435527637600898	0.0451129041612148	0.0435527637600898	0.0133609985932707	0.0457983016967773	0.0457983016967773	sub-21050	ses-1				space-ACPC			DSIStudio	autotrackgqi
ProjectionBrainstem_DentatorubrothalamicTract-lr	tf	NODDI	/scratch/executivefunction/SLURM_8364170_132/job-8364170-132-sub-21050-ses-1/ds/inputs/data/qsiprep/qsiprep/sub-21050/ses-1/dwi/sub-21050_ses-1_space-ACPC_desc-preproc_dwi.nii.gz	0.0	0.9128863458326104	0.1005693832282291	0.935295820236206	0.9128863458326104	0.935295820236206	0.1005693832282291	0.9142464535729103	0.9142464535729103	sub-21050	ses-1				space-ACPC			DSIStudio	autotrackgqi
ProjectionBasalGanglia_CorticostriatalTractR	directions	NODDI	/scratch/executivefunction/SLURM_8364170_132/job-8364170-132-sub-21050-ses-1/ds/inputs/data/qsiprep/qsiprep/sub-21050/ses-1/dwi/sub-21050_ses-1_space-ACPC_desc-preproc_dwi.nii.gz	10.0	-0.0447641052305698	0.5754135847091675	-0.0898575857281684	-0.0447948388755321	-0.0904426351189613	0.5756099224090576	-0.1430902630090713		sub-21050	ses-1				space-ACPC			DSIStudio	autotrackgqi
ProjectionBasalGanglia_CorticostriatalTractR	icvf	NODDI	/scratch/executivefunction/SLURM_8364170_132/job-8364170-132-sub-21050-ses-1/ds/inputs/data/qsiprep/qsiprep/sub-21050/ses-1/dwi/sub-21050_ses-1_space-ACPC_desc-preproc_dwi.nii.gz	0.0024013722126929	0.4235571622848511	0.1259228736162185	0.4180636703968048	0.4245767295360565	0.4185289740562439	0.1243457123637199	0.4774098992347717	0.4775443971157074	sub-21050	ses-1				space-ACPC			DSIStudio	autotrackgqi
ProjectionBasalGanglia_CorticostriatalTractR	isovf	NODDI	/scratch/executivefunction/SLURM_8364170_132/job-8364170-132-sub-21050-ses-1/ds/inputs/data/qsiprep/qsiprep/sub-21050/ses-1/dwi/sub-21050_ses-1_space-ACPC_desc-preproc_dwi.nii.gz	0.4968782161234991	0.0583638213574886	0.1074742525815963	0.0019985092803835	0.1160033717751503	0.0878445282578468	0.1275606006383896	0.0591620951890945	0.0899401754140853	sub-21050	ses-1				space-ACPC			DSIStudio	autotrackgqi
ProjectionBasalGanglia_CorticostriatalTractR	modulated_icvf	NODDI	/scratch/executivefunction/SLURM_8364170_132/job-8364170-132-sub-21050-ses-1/ds/inputs/data/qsiprep/qsiprep/sub-21050/ses-1/dwi/sub-21050_ses-1_space-ACPC_desc-preproc_dwi.nii.gz	0.0024013722126929	0.3948394954204559	0.1075446605682373	0.4024394452571869	0.3957899212837219	0.4027435183525085	0.105912797152996	0.4455677270889282	0.4456932544708252	sub-21050	ses-1				space-ACPC			DSIStudio	autotrackgqi
ProjectionBasalGanglia_CorticostriatalTractR	modulated_od	NODDI	/scratch/executivefunction/SLURM_8364170_132/job-8364170-132-sub-21050-ses-1/ds/inputs/data/qsiprep/qsiprep/sub-21050/ses-1/dwi/sub-21050_ses-1_space-ACPC_desc-preproc_dwi.nii.gz	0.001852487135506	0.2778869867324829	0.1622803807258606	0.2546863257884979	0.278402715921402	0.2548900544643402	0.1619883179664611	0.2198763787746429	0.2199060767889022	sub-21050	ses-1				space-ACPC			DSIStudio	autotrackgqi
ProjectionBasalGanglia_CorticostriatalTractR	nrmse	NODDI	/scratch/executivefunction/SLURM_8364170_132/job-8364170-132-sub-21050-ses-1/ds/inputs/data/qsiprep/qsiprep/sub-21050/ses-1/dwi/sub-21050_ses-1_space-ACPC_desc-preproc_dwi.nii.gz	0.0006861063464837	0.1006524041295051	0.0437517166137695	0.09254851937294	0.1007215082645416	0.0925575867295265	0.0436871424317359	0.0955280214548111	0.0955310314893722	sub-21050	ses-1				space-ACPC			DSIStudio	autotrackgqi
ProjectionBasalGanglia_CorticostriatalTractR	od	NODDI	/scratch/executivefunction/SLURM_8364170_132/job-8364170-132-sub-21050-ses-1/ds/inputs/data/qsiprep/qsiprep/sub-21050/ses-1/dwi/sub-21050_ses-1_space-ACPC_desc-preproc_dwi.nii.gz	0.0006861063464837	0.2956194281578064	0.1692419648170471	0.2724263966083526	0.295822411775589	0.2725496292114258	0.1691226363182068	0.2316515147686004	0.2316588163375854	sub-21050	ses-1				space-ACPC			DSIStudio	autotrackgqi
ProjectionBasalGanglia_CorticostriatalTractR	rmse	NODDI	/scratch/executivefunction/SLURM_8364170_132/job-8364170-132-sub-21050-ses-1/ds/inputs/data/qsiprep/qsiprep/sub-21050/ses-1/dwi/sub-21050_ses-1_space-ACPC_desc-preproc_dwi.nii.gz	0.0006861063464837	0.0391410514712333	0.0192749071866273	0.035914983600378	0.0391679257154464	0.0359200872480869	0.0192542094737291	0.0383221358060836	0.0383233428001403	sub-21050	ses-1				space-ACPC			DSIStudio	autotrackgqi
ProjectionBasalGanglia_CorticostriatalTractR	tf	NODDI	/scratch/executivefunction/SLURM_8364170_132/job-8364170-132-sub-21050-ses-1/ds/inputs/data/qsiprep/qsiprep/sub-21050/ses-1/dwi/sub-21050_ses-1_space-ACPC_desc-preproc_dwi.nii.gz	0.0024013722126929	0.9409500720611362	0.1102554427137018	0.9975871443748474	0.9432150825509672	0.9983167350292206	0.1002453618482629	0.9408064533979394	0.9410715458223572	sub-21050	ses-1				space-ACPC			DSIStudio	autotrackgqi
ProjectionBrainstem_ReticularTractR	directions	NODDI	/scratch/executivefunction/SLURM_8364170_132/job-8364170-132-sub-21050-ses-1/ds/inputs/data/qsiprep/qsiprep/sub-21050/ses-1/dwi/sub-21050_ses-1_space-ACPC_desc-preproc_dwi.nii.gz	0.0	-0.0059401839971542	0.5773196816444397	-0.0306705478578805	-0.0059401839971542	-0.0306705478578805	0.5773196816444397	0.0200704596936702		sub-21050	ses-1				space-ACPC			DSIStudio	autotrackgqi
ProjectionBrainstem_ReticularTractR	icvf	NODDI	/scratch/executivefunction/SLURM_8364170_132/job-8364170-132-sub-21050-ses-1/ds/inputs/data/qsiprep/qsiprep/sub-21050/ses-1/dwi/sub-21050_ses-1_space-ACPC_desc-preproc_dwi.nii.gz	0.0065915373166064	0.4663098454475403	0.1293578594923019	0.4792951941490173	0.4694039225578308	0.4801989793777466	0.1240649372339248	0.5135953426361084	0.5193502902984619	sub-21050	ses-1				space-ACPC			DSIStudio	autotrackgqi
ProjectionBrainstem_ReticularTractR	isovf	NODDI	/scratch/executivefunction/SLURM_8364170_132/job-8364170-132-sub-21050-ses-1/ds/inputs/data/qsiprep/qsiprep/sub-21050/ses-1/dwi/sub-21050_ses-1_space-ACPC_desc-preproc_dwi.nii.gz	0.3874122900276419	0.0706838145852088	0.1281118094921112	0.037981241941452	0.1153856143355369	0.0827090218663215	0.1470862329006195	0.0949266105890274	0.1326551437377929	sub-21050	ses-1				space-ACPC			DSIStudio	autotrackgqi
ProjectionBrainstem_ReticularTractR	modulated_icvf	NODDI	/scratch/executivefunction/SLURM_8364170_132/job-8364170-132-sub-21050-ses-1/ds/inputs/data/qsiprep/qsiprep/sub-21050/ses-1/dwi/sub-21050_ses-1_space-ACPC_desc-preproc_dwi.nii.gz	0.0065915373166064	0.4282164275646209	0.1087598577141761	0.4488720595836639	0.4310577511787414	0.4496344029903412	0.1033557653427124	0.4637889266014099	0.4689858257770538	sub-21050	ses-1				space-ACPC			DSIStudio	autotrackgqi
ProjectionBrainstem_ReticularTractR	modulated_od	NODDI	/scratch/executivefunction/SLURM_8364170_132/job-8364170-132-sub-21050-ses-1/ds/inputs/data/qsiprep/qsiprep/sub-21050/ses-1/dwi/sub-21050_ses-1_space-ACPC_desc-preproc_dwi.nii.gz	0.0010631511800978	0.2533214688301086	0.1406550109386444	0.2400655448436737	0.2535910606384277	0.2402108609676361	0.1404867172241211	0.2050927579402923	0.2062157243490219	sub-21050	ses-1				space-ACPC			DSIStudio	autotrackgqi
ProjectionBrainstem_ReticularTractR	nrmse	NODDI	/scratch/executivefunction/SLURM_8364170_132/job-8364170-132-sub-21050-ses-1/ds/inputs/data/qsiprep/qsiprep/sub-21050/ses-1/dwi/sub-21050_ses-1_space-ACPC_desc-preproc_dwi.nii.gz	0.001913672124176	0.1018462032079696	0.0309127904474735	0.0966604351997375	0.1020414754748344	0.0967286676168441	0.0306187309324741	0.1025951206684112	0.1026119291782379	sub-21050	ses-1				space-ACPC			DSIStudio	autotrackgqi
ProjectionBrainstem_ReticularTractR	od	NODDI	/scratch/executivefunction/SLURM_8364170_132/job-8364170-132-sub-21050-ses-1/ds/inputs/data/qsiprep/qsiprep/sub-21050/ses-1/dwi/sub-21050_ses-1_space-ACPC_desc-preproc_dwi.nii.gz	0.0	0.2746524512767792	0.1496529877185821	0.2579352557659149	0.2746524512767792	0.2579352557659149	0.1496529877185821	0.2349820882081985	0.2349820882081985	sub-21050	ses-1				space-ACPC			DSIStudio	autotrackgqi
ProjectionBrainstem_ReticularTractR	rmse	NODDI	/scratch/executivefunction/SLURM_8364170_132/job-8364170-132-sub-21050-ses-1/ds/inputs/data/qsiprep/qsiprep/sub-21050/ses-1/dwi/sub-21050_ses-1_space-ACPC_desc-preproc_dwi.nii.gz	0.001913672124176	0.0401131138205528	0.0125928809866309	0.0377781577408313	0.0401900261640548	0.0377983003854751	0.0124817341566085	0.0412071608006954	0.0412139147520065	sub-21050	ses-1				space-ACPC			DSIStudio	autotrackgqi
ProjectionBrainstem_ReticularTractR	tf	NODDI	/scratch/executivefunction/SLURM_8364170_132/job-8364170-132-sub-21050-ses-1/ds/inputs/data/qsiprep/qsiprep/sub-21050/ses-1/dwi/sub-21050_ses-1_space-ACPC_desc-preproc_dwi.nii.gz	0.0046778651924303	0.9293161853941962	0.1281118115915952	0.9620187282562256	0.9336838324949596	0.9626835584640504	0.1114081313072027	0.9050733896318806	0.9150634175933006	sub-21050	ses-1				space-ACPC			DSIStudio	autotrackgqi
ProjectionBasalGanglia_OpticRadiationL	directions	NODDI	/scratch/executivefunction/SLURM_8364170_132/job-8364170-132-sub-21050-ses-1/ds/inputs/data/qsiprep/qsiprep/sub-21050/ses-1/dwi/sub-21050_ses-1_space-ACPC_desc-preproc_dwi.nii.gz	0.0	-0.1690481305122375	0.5520471334457397	-0.2358458936214447	-0.1690481305122375	-0.2358458936214447	0.5520471334457397	-0.5711255669593811		sub-21050	ses-1				space-ACPC			DSIStudio	autotrackgqi
ProjectionBasalGanglia_OpticRadiationL	icvf	NODDI	/scratch/executivefunction/SLURM_8364170_132/job-8364170-132-sub-21050-ses-1/ds/inputs/data/qsiprep/qsiprep/sub-21050/ses-1/dwi/sub-21050_ses-1_space-ACPC_desc-preproc_dwi.nii.gz	0.0072046109510086	0.438574880361557	0.1296245008707046	0.4328066408634186	0.4417575895786285	0.4337992370128631	0.1245731338858604	0.4963027834892273	0.4991696178913116	sub-21050	ses-1				space-ACPC			DSIStudio	autotrackgqi
ProjectionBasalGanglia_OpticRadiationL	isovf	NODDI	/scratch/executivefunction/SLURM_8364170_132/job-8364170-132-sub-21050-ses-1/ds/inputs/data/qsiprep/qsiprep/sub-21050/ses-1/dwi/sub-21050_ses-1_space-ACPC_desc-preproc_dwi.nii.gz	0.4755043227665706	0.0852365940809249	0.1727318614721298	0.0136955194175243	0.1625115275382995	0.092188537120819	0.2105412632226944	0.0851986929774284	0.1208527907729148	sub-21050	ses-1				space-ACPC			DSIStudio	autotrackgqi
ProjectionBasalGanglia_OpticRadiationL	modulated_icvf	NODDI	/scratch/executivefunction/SLURM_8364170_132/job-8364170-132-sub-21050-ses-1/ds/inputs/data/qsiprep/qsiprep/sub-21050/ses-1/dwi/sub-21050_ses-1_space-ACPC_desc-preproc_dwi.nii.gz	0.0072046109510086	0.3935993611812591	0.1059212610125541	0.4106896519660949	0.3964556753635406	0.4113772511482239	0.1008381396532058	0.4500573873519897	0.4526570737361908	sub-21050	ses-1				space-ACPC			DSIStudio	autotrackgqi
ProjectionBasalGanglia_OpticRadiationL	modulated_od	NODDI	/scratch/executivefunction/SLURM_8364170_132/job-8364170-132-sub-21050-ses-1/ds/inputs/data/qsiprep/qsiprep/sub-21050/ses-1/dwi/sub-21050_ses-1_space-ACPC_desc-preproc_dwi.nii.gz	0.0010806916426512	0.3034997284412384	0.2086846679449081	0.2638872563838959	0.303828090429306	0.2639044821262359	0.2085584849119186	0.1804476976394653	0.180670365691185	sub-21050	ses-1				space-ACPC			DSIStudio	autotrackgqi
ProjectionBasalGanglia_OpticRadiationL	nrmse	NODDI	/scratch/executivefunction/SLURM_8364170_132/job-8364170-132-sub-21050-ses-1/ds/inputs/data/qsiprep/qsiprep/sub-21050/ses-1/dwi/sub-21050_ses-1_space-ACPC_desc-preproc_dwi.nii.gz	0.0	0.1060143187642097	0.0581850484013557	0.0916904509067535	0.1060143187642097	0.0916904509067535	0.0581850484013557	0.1031718105077743	0.1031718105077743	sub-21050	ses-1				space-ACPC			DSIStudio	autotrackgqi
ProjectionBasalGanglia_OpticRadiationL	od	NODDI	/scratch/executivefunction/SLURM_8364170_132/job-8364170-132-sub-21050-ses-1/ds/inputs/data/qsiprep/qsiprep/sub-21050/ses-1/dwi/sub-21050_ses-1_space-ACPC_desc-preproc_dwi.nii.gz	0.0	0.3354597091674804	0.2182163447141647	0.2947805821895599	0.3354597091674804	0.2947805821895599	0.2182163447141647	0.2032530605792999	0.2032530605792999	sub-21050	ses-1				space-ACPC			DSIStudio	autotrackgqi
ProjectionBasalGanglia_OpticRadiationL	rmse	NODDI	/scratch/executivefunction/SLURM_8364170_132/job-8364170-132-sub-21050-ses-1/ds/inputs/data/qsiprep/qsiprep/sub-21050/ses-1/dwi/sub-21050_ses-1_space-ACPC_desc-preproc_dwi.nii.gz	0.0	0.040931049734354	0.0239723362028598	0.0355308949947357	0.040931049734354	0.0355308949947357	0.0239723362028598	0.0417391881346702	0.0417391881346702	sub-21050	ses-1				space-ACPC			DSIStudio	autotrackgqi
ProjectionBasalGanglia_OpticRadiationL	tf	NODDI	/scratch/executivefunction/SLURM_8364170_132/job-8364170-132-sub-21050-ses-1/ds/inputs/data/qsiprep/qsiprep/sub-21050/ses-1/dwi/sub-21050_ses-1_space-ACPC_desc-preproc_dwi.nii.gz	0.0072046109510086	0.9147634016892064	0.1727318720906454	0.9863044619560242	0.9214017427754853	0.9878345727920532	0.1547134107153815	0.9148013072867186	0.9200854928747916	sub-21050	ses-1				space-ACPC			DSIStudio	autotrackgqi
ProjectionBasalGanglia_FasciculusLenticularisR	directions	NODDI	/scratch/executivefunction/SLURM_8364170_132/job-8364170-132-sub-21050-ses-1/ds/inputs/data/qsiprep/qsiprep/sub-21050/ses-1/dwi/sub-21050_ses-1_space-ACPC_desc-preproc_dwi.nii.gz	0.0	-0.0485899671912193	0.5753019452095032	-0.0865585505962371	-0.0485899671912193	-0.0865585505962371	0.5753019452095032	0.0522576570510864		sub-21050	ses-1				space-ACPC			DSIStudio	autotrackgqi
ProjectionBasalGanglia_FasciculusLenticularisR	icvf	NODDI	/scratch/executivefunction/SLURM_8364170_132/job-8364170-132-sub-21050-ses-1/ds/inputs/data/qsiprep/qsiprep/sub-21050/ses-1/dwi/sub-21050_ses-1_space-ACPC_desc-preproc_dwi.nii.gz	0.0332167832167832	0.4208962917327881	0.1516985744237899	0.4052398204803467	0.4353574812412262	0.4091407656669616	0.132315307855606	0.4556631445884704	0.4627390205860138	sub-21050	ses-1				space-ACPC			DSIStudio	autotrackgqi
ProjectionBasalGanglia_FasciculusLenticularisR	isovf	NODDI	/scratch/executivefunction/SLURM_8364170_132/job-8364170-132-sub-21050-ses-1/ds/inputs/data/qsiprep/qsiprep/sub-21050/ses-1/dwi/sub-21050_ses-1_space-ACPC_desc-preproc_dwi.nii.gz	0.6853146853146853	0.1143255308270454	0.2592062652111053	0.0	0.3633011281490326	0.1944241672754287	0.3507919907569885	0.1404754370450973	0.3554976284503937	sub-21050	ses-1				space-ACPC			DSIStudio	autotrackgqi
ProjectionBasalGanglia_FasciculusLenticularisR	modulated_icvf	NODDI	/scratch/executivefunction/SLURM_8364170_132/job-8364170-132-sub-21050-ses-1/ds/inputs/data/qsiprep/qsiprep/sub-21050/ses-1/dwi/sub-21050_ses-1_space-ACPC_desc-preproc_dwi.nii.gz	0.0332167832167832	0.3662163913249969	0.1134154424071312	0.388523519039154	0.3787988722324371	0.3924340307712555	0.0924055352807045	0.367157906293869	0.3728594183921814	sub-21050	ses-1				space-ACPC			DSIStudio	autotrackgqi
ProjectionBasalGanglia_FasciculusLenticularisR	modulated_od	NODDI	/scratch/executivefunction/SLURM_8364170_132/job-8364170-132-sub-21050-ses-1/ds/inputs/data/qsiprep/qsiprep/sub-21050/ses-1/dwi/sub-21050_ses-1_space-ACPC_desc-preproc_dwi.nii.gz	0.0	0.2671144008636474	0.1386810690164566	0.2867735624313354	0.2671144008636474	0.2867735624313354	0.1386810690164566	0.2446795105934143	0.2446795105934143	sub-21050	ses-1				space-ACPC			DSIStudio	autotrackgqi
ProjectionBasalGanglia_FasciculusLenticularisR	nrmse	NODDI	/scratch/executivefunction/SLURM_8364170_132/job-8364170-132-sub-21050-ses-1/ds/inputs/data/qsiprep/qsiprep/sub-21050/ses-1/dwi/sub-21050_ses-1_space-ACPC_desc-preproc_dwi.nii.gz	0.0	0.105477936565876	0.0275612603873014	0.0996741205453872	0.105477936565876	0.0996741205453872	0.0275612603873014	0.1048054918646812	0.1048054918646812	sub-21050	ses-1				space-ACPC			DSIStudio	autotrackgqi
ProjectionBasalGanglia_FasciculusLenticularisR	od	NODDI	/scratch/executivefunction/SLURM_8364170_132/job-8364170-132-sub-21050-ses-1/ds/inputs/data/qsiprep/qsiprep/sub-21050/ses-1/dwi/sub-21050_ses-1_space-ACPC_desc-preproc_dwi.nii.gz	0.0	0.3207592070102691	0.1721857041120529	0.3070911169052124	0.3207592070102691	0.3070911169052124	0.1721857041120529	0.2880198955535888	0.2880198955535888	sub-21050	ses-1				space-ACPC			DSIStudio	autotrackgqi
ProjectionBasalGanglia_FasciculusLenticularisR	rmse	NODDI	/scratch/executivefunction/SLURM_8364170_132/job-8364170-132-sub-21050-ses-1/ds/inputs/data/qsiprep/qsiprep/sub-21050/ses-1/dwi/sub-21050_ses-1_space-ACPC_desc-preproc_dwi.nii.gz	0.0	0.0394191406667232	0.0093199219554662	0.0373815633356571	0.0394191406667232	0.0373815633356571	0.0093199219554662	0.0393255911767482	0.0393255911767482	sub-21050	ses-1				space-ACPC			DSIStudio	autotrackgqi
ProjectionBasalGanglia_FasciculusLenticularisR	tf	NODDI	/scratch/executivefunction/SLURM_8364170_132/job-8364170-132-sub-21050-ses-1/ds/inputs/data/qsiprep/qsiprep/sub-21050/ses-1/dwi/sub-21050_ses-1_space-ACPC_desc-preproc_dwi.nii.gz	0.0332167832167832	0.8856744605761308	0.2592062515418086	1.0	0.9161045053337192	1.0	0.2040079020704586	0.8595245571324295	0.8728719342307503	sub-21050	ses-1				space-ACPC			DSIStudio	autotrackgqi
ProjectionBrainstem_CorticopontineTractL	directions	NODDI	/scratch/executivefunction/SLURM_8364170_132/job-8364170-132-sub-21050-ses-1/ds/inputs/data/qsiprep/qsiprep/sub-21050/ses-1/dwi/sub-21050_ses-1_space-ACPC_desc-preproc_dwi.nii.gz	10.0	-0.0143424216657876	0.5768561959266663	-0.0650323256850242	-0.0143581256270408	-0.0663300678133964	0.5771716833114624	0.1024044305086135		sub-21050	ses-1				space-ACPC			DSIStudio	autotrackgqi
ProjectionBrainstem_CorticopontineTractL	icvf	NODDI	/scratch/executivefunction/SLURM_8364170_132/job-8364170-132-sub-21050-ses-1/ds/inputs/data/qsiprep/qsiprep/sub-21050/ses-1/dwi/sub-21050_ses-1_space-ACPC_desc-preproc_dwi.nii.gz	0.0064530241714973	0.4883930683135986	0.1512972563505172	0.4750216007232666	0.4915651679039001	0.4762979745864868	0.1465614140033722	0.5521224737167358	0.5580835342407227	sub-21050	ses-1				space-ACPC			DSIStudio	autotrackgqi
ProjectionBrainstem_CorticopontineTractL	isovf	NODDI	/scratch/executivefunction/SLURM_8364170_132/job-8364170-132-sub-21050-ses-1/ds/inputs/data/qsiprep/qsiprep/sub-21050/ses-1/dwi/sub-21050_ses-1_space-ACPC_desc-preproc_dwi.nii.gz	0.4057749097670349	0.0868309214711189	0.1540922373533249	0.0438489876687526	0.1461246311664581	0.0961159914731979	0.17690210044384	0.1471631675958633	0.17886583507061	sub-21050	ses-1				space-ACPC			DSIStudio	autotrackgqi
ProjectionBrainstem_CorticopontineTractL	modulated_icvf	NODDI	/scratch/executivefunction/SLURM_8364170_132/job-8364170-132-sub-21050-ses-1/ds/inputs/data/qsiprep/qsiprep/sub-21050/ses-1/dwi/sub-21050_ses-1_space-ACPC_desc-preproc_dwi.nii.gz	0.0064530241714973	0.4355711638927459	0.1144164055585861	0.4383523762226105	0.4384001791477203	0.4396726191043854	0.1092515587806701	0.4535084068775177	0.4584047198295593	sub-21050	ses-1				space-ACPC			DSIStudio	autotrackgqi
ProjectionBrainstem_CorticopontineTractL	modulated_od	NODDI	/scratch/executivefunction/SLURM_8364170_132/job-8364170-132-sub-21050-ses-1/ds/inputs/data/qsiprep/qsiprep/sub-21050/ses-1/dwi/sub-21050_ses-1_space-ACPC_desc-preproc_dwi.nii.gz	0.0018593459477195	0.2652229368686676	0.1865817159414291	0.224986657500267	0.2657169997692108	0.2253543436527252	0.186403602361679	0.1693284660577774	0.1695033609867096	sub-21050	ses-1				space-ACPC			DSIStudio	autotrackgqi
ProjectionBrainstem_CorticopontineTractL	nrmse	NODDI	/scratch/executivefunction/SLURM_8364170_132/job-8364170-132-sub-21050-ses-1/ds/inputs/data/qsiprep/qsiprep/sub-21050/ses-1/dwi/sub-21050_ses-1_space-ACPC_desc-preproc_dwi.nii.gz	0.0010937329104232	0.1011512354016304	0.0432988591492176	0.0918491035699844	0.1012619882822036	0.0918829441070556	0.0431929230690002	0.1074446141719818	0.1074482277035713	sub-21050	ses-1				space-ACPC			DSIStudio	autotrackgqi
ProjectionBrainstem_CorticopontineTractL	od	NODDI	/scratch/executivefunction/SLURM_8364170_132/job-8364170-132-sub-21050-ses-1/ds/inputs/data/qsiprep/qsiprep/sub-21050/ses-1/dwi/sub-21050_ses-1_space-ACPC_desc-preproc_dwi.nii.gz	0.0010937329104232	0.2906689345836639	0.1940334290266037	0.2494412213563919	0.2909871935844421	0.2495497465133667	0.1939009726047516	0.209617793560028	0.2096248567104339	sub-21050	ses-1				space-ACPC			DSIStudio	autotrackgqi
ProjectionBrainstem_CorticopontineTractL	rmse	NODDI	/scratch/executivefunction/SLURM_8364170_132/job-8364170-132-sub-21050-ses-1/ds/inputs/data/qsiprep/qsiprep/sub-21050/ses-1/dwi/sub-21050_ses-1_space-ACPC_desc-preproc_dwi.nii.gz	0.0010937329104232	0.0404801480472087	0.0232395846396684	0.0366358011960983	0.0405244715511798	0.0366547331213951	0.0232136510312557	0.0425853952765464	0.0425868295133113	sub-21050	ses-1				space-ACPC			DSIStudio	autotrackgqi
ProjectionBrainstem_CorticopontineTractL	tf	NODDI	/scratch/executivefunction/SLURM_8364170_132/job-8364170-132-sub-21050-ses-1/ds/inputs/data/qsiprep/qsiprep/sub-21050/ses-1/dwi/sub-21050_ses-1_space-ACPC_desc-preproc_dwi.nii.gz	0.0064530241714973	0.91207534324467	0.1569936808318599	0.9557336568832396	0.9179992143643788	0.9569822251796722	0.1391725101495621	0.8528030550966395	0.862010369915178	sub-21050	ses-1				space-ACPC			DSIStudio	autotrackgqi
ProjectionBasalGanglia_AcousticRadiationL	directions	NODDI	/scratch/executivefunction/SLURM_8364170_132/job-8364170-132-sub-21050-ses-1/ds/inputs/data/qsiprep/qsiprep/sub-21050/ses-1/dwi/sub-21050_ses-1_space-ACPC_desc-preproc_dwi.nii.gz	0.0	-0.1212974861264228	0.5644645690917969	-0.1864389926195144	-0.1212974861264228	-0.1864389926195144	0.5644645690917969	-0.3945778012275696		sub-21050	ses-1				space-ACPC			DSIStudio	autotrackgqi
ProjectionBasalGanglia_AcousticRadiationL	icvf	NODDI	/scratch/executivefunction/SLURM_8364170_132/job-8364170-132-sub-21050-ses-1/ds/inputs/data/qsiprep/qsiprep/sub-21050/ses-1/dwi/sub-21050_ses-1_space-ACPC_desc-preproc_dwi.nii.gz	0.0343213728549142	0.4660225808620453	0.1604765951633453	0.4580822587013244	0.4825855791568756	0.4627199172973633	0.1366563588380813	0.4657040536403656	0.4682263433933258	sub-21050	ses-1				space-ACPC			DSIStudio	autotrackgqi
ProjectionBasalGanglia_AcousticRadiationL	isovf	NODDI	/scratch/executivefunction/SLURM_8364170_132/job-8364170-132-sub-21050-ses-1/ds/inputs/data/qsiprep/qsiprep/sub-21050/ses-1/dwi/sub-21050_ses-1_space-ACPC_desc-preproc_dwi.nii.gz	0.3432137285491419	0.1622131019830703	0.2652382850646972	0.0619400143623352	0.2469800412654876	0.1066724061965942	0.2935622334480285	0.0912600979208946	0.1436878889799118	sub-21050	ses-1				space-ACPC			DSIStudio	autotrackgqi
ProjectionBasalGanglia_AcousticRadiationL	modulated_icvf	NODDI	/scratch/executivefunction/SLURM_8364170_132/job-8364170-132-sub-21050-ses-1/ds/inputs/data/qsiprep/qsiprep/sub-21050/ses-1/dwi/sub-21050_ses-1_space-ACPC_desc-preproc_dwi.nii.gz	0.0343213728549142	0.384033203125	0.1264007836580276	0.4139617085456848	0.3976821899414062	0.4179302155971527	0.1054373756051063	0.416690856218338	0.418947696685791	sub-21050	ses-1				space-ACPC			DSIStudio	autotrackgqi
ProjectionBasalGanglia_AcousticRadiationL	modulated_od	NODDI	/scratch/executivefunction/SLURM_8364170_132/job-8364170-132-sub-21050-ses-1/ds/inputs/data/qsiprep/qsiprep/sub-21050/ses-1/dwi/sub-21050_ses-1_space-ACPC_desc-preproc_dwi.nii.gz	0.0145605824232969	0.1973573565483093	0.1315638720989227	0.1960161924362182	0.2002734541893005	0.1985873281955719	0.1303103417158126	0.1947137415409088	0.1952768266201019	sub-21050	ses-1				space-ACPC			DSIStudio	autotrackgqi
ProjectionBasalGanglia_AcousticRadiationL	nrmse	NODDI	/scratch/executivefunction/SLURM_8364170_132/job-8364170-132-sub-21050-ses-1/ds/inputs/data/qsiprep/qsiprep/sub-21050/ses-1/dwi/sub-21050_ses-1_space-ACPC_desc-preproc_dwi.nii.gz	0.0	0.1035660430788993	0.0270895138382911	0.0990038737654686	0.1035660430788993	0.0990038737654686	0.0270895138382911	0.1027070432901382	0.1027070432901382	sub-21050	ses-1				space-ACPC			DSIStudio	autotrackgqi
ProjectionBasalGanglia_AcousticRadiationL	od	NODDI	/scratch/executivefunction/SLURM_8364170_132/job-8364170-132-sub-21050-ses-1/ds/inputs/data/qsiprep/qsiprep/sub-21050/ses-1/dwi/sub-21050_ses-1_space-ACPC_desc-preproc_dwi.nii.gz	0.0	0.2659722864627838	0.1950351148843765	0.2366928160190582	0.2659722864627838	0.2366928160190582	0.1950351148843765	0.2209136188030243	0.2209136188030243	sub-21050	ses-1				space-ACPC			DSIStudio	autotrackgqi
ProjectionBasalGanglia_AcousticRadiationL	rmse	NODDI	/scratch/executivefunction/SLURM_8364170_132/job-8364170-132-sub-21050-ses-1/ds/inputs/data/qsiprep/qsiprep/sub-21050/ses-1/dwi/sub-21050_ses-1_space-ACPC_desc-preproc_dwi.nii.gz	0.0	0.0391677655279636	0.0108323395252227	0.0379729866981506	0.0391677655279636	0.0379729866981506	0.0108323395252227	0.0402856990694999	0.0402856990694999	sub-21050	ses-1				space-ACPC			DSIStudio	autotrackgqi
ProjectionBasalGanglia_AcousticRadiationL	tf	NODDI	/scratch/executivefunction/SLURM_8364170_132/job-8364170-132-sub-21050-ses-1/ds/inputs/data/qsiprep/qsiprep/sub-21050/ses-1/dwi/sub-21050_ses-1_space-ACPC_desc-preproc_dwi.nii.gz	0.0343213728549142	0.8377869060060598	0.2652382890476586	0.9380599856376648	0.8675628542001361	0.9424123764038086	0.2168391441984863	0.9087398994344742	0.9136616939399924	sub-21050	ses-1				space-ACPC			DSIStudio	autotrackgqi
ProjectionBasalGanglia_FasciculusSubthalamicusL	directions	NODDI	/scratch/executivefunction/SLURM_8364170_132/job-8364170-132-sub-21050-ses-1/ds/inputs/data/qsiprep/qsiprep/sub-21050/ses-1/dwi/sub-21050_ses-1_space-ACPC_desc-preproc_dwi.nii.gz	0.0	0.0223755203187465	0.576916515827179	0.0144526865333318	0.0223755203187465	0.0144526865333318	0.576916515827179	0.079852819442749		sub-21050	ses-1				space-ACPC			DSIStudio	autotrackgqi
ProjectionBasalGanglia_FasciculusSubthalamicusL	icvf	NODDI	/scratch/executivefunction/SLURM_8364170_132/job-8364170-132-sub-21050-ses-1/ds/inputs/data/qsiprep/qsiprep/sub-21050/ses-1/dwi/sub-21050_ses-1_space-ACPC_desc-preproc_dwi.nii.gz	0.0104780615586116	0.5003005266189575	0.1518838703632354	0.4758770763874054	0.5055981874465942	0.4768022298812866	0.1436470746994018	0.5133026838302612	0.5141730308532715	sub-21050	ses-1				space-ACPC			DSIStudio	autotrackgqi
ProjectionBasalGanglia_FasciculusSubthalamicusL	isovf	NODDI	/scratch/executivefunction/SLURM_8364170_132/job-8364170-132-sub-21050-ses-1/ds/inputs/data/qsiprep/qsiprep/sub-21050/ses-1/dwi/sub-21050_ses-1_space-ACPC_desc-preproc_dwi.nii.gz	0.4911591355599214	0.0917910858988761	0.1875215619802475	0.0045048161409795	0.1803925335407257	0.0949698165059089	0.2304858267307281	0.0739570260047912	0.135367676615715	sub-21050	ses-1				space-ACPC			DSIStudio	autotrackgqi
ProjectionBasalGanglia_FasciculusSubthalamicusL	modulated_icvf	NODDI	/scratch/executivefunction/SLURM_8364170_132/job-8364170-132-sub-21050-ses-1/ds/inputs/data/qsiprep/qsiprep/sub-21050/ses-1/dwi/sub-21050_ses-1_space-ACPC_desc-preproc_dwi.nii.gz	0.0104780615586116	0.4438799023628235	0.1169076710939407	0.445046603679657	0.4485801756381988	0.4465315639972687	0.1081835925579071	0.464789867401123	0.465578019618988	sub-21050	ses-1				space-ACPC			DSIStudio	autotrackgqi
ProjectionBasalGanglia_FasciculusSubthalamicusL	modulated_od	NODDI	/scratch/executivefunction/SLURM_8364170_132/job-8364170-132-sub-21050-ses-1/ds/inputs/data/qsiprep/qsiprep/sub-21050/ses-1/dwi/sub-21050_ses-1_space-ACPC_desc-preproc_dwi.nii.gz	0.0013097576948264	0.2770208716392517	0.1372571885585785	0.2803100645542145	0.2773841619491577	0.2804421186447143	0.1369798183441162	0.2553539574146271	0.2554767727851867	sub-21050	ses-1				space-ACPC			DSIStudio	autotrackgqi
ProjectionBasalGanglia_FasciculusSubthalamicusL	nrmse	NODDI	/scratch/executivefunction/SLURM_8364170_132/job-8364170-132-sub-21050-ses-1/ds/inputs/data/qsiprep/qsiprep/sub-21050/ses-1/dwi/sub-21050_ses-1_space-ACPC_desc-preproc_dwi.nii.gz	0.0	0.1045164316892623	0.0241998843848705	0.1017967462539672	0.1045164316892623	0.1017967462539672	0.0241998843848705	0.1020541936159133	0.1020541936159133	sub-21050	ses-1				space-ACPC			DSIStudio	autotrackgqi
ProjectionBasalGanglia_FasciculusSubthalamicusL	od	NODDI	/scratch/executivefunction/SLURM_8364170_132/job-8364170-132-sub-21050-ses-1/ds/inputs/data/qsiprep/qsiprep/sub-21050/ses-1/dwi/sub-21050_ses-1_space-ACPC_desc-preproc_dwi.nii.gz	0.0	0.3072717487812042	0.1458583623170852	0.3010756373405456	0.3072717487812042	0.3010756373405456	0.1458583623170852	0.2725623846054077	0.2725623846054077	sub-21050	ses-1				space-ACPC			DSIStudio	autotrackgqi
ProjectionBasalGanglia_FasciculusSubthalamicusL	rmse	NODDI	/scratch/executivefunction/SLURM_8364170_132/job-8364170-132-sub-21050-ses-1/ds/inputs/data/qsiprep/qsiprep/sub-21050/ses-1/dwi/sub-21050_ses-1_space-ACPC_desc-preproc_dwi.nii.gz	0.0	0.0412756130099296	0.0096302758902311	0.0401346944272518	0.0412756130099296	0.0401346944272518	0.0096302758902311	0.040925707668066	0.040925707668066	sub-21050	ses-1				space-ACPC			DSIStudio	autotrackgqi
ProjectionBasalGanglia_FasciculusSubthalamicusL	tf	NODDI	/scratch/executivefunction/SLURM_8364170_132/job-8364170-132-sub-21050-ses-1/ds/inputs/data/qsiprep/qsiprep/sub-21050/ses-1/dwi/sub-21050_ses-1_space-ACPC_desc-preproc_dwi.nii.gz	0.0104780615586116	0.9082089146134428	0.1875215669483036	0.9954952001571656	0.9178259514326452	0.9978134036064148	0.1634317220332322	0.9260429733059758	0.927613209896153	sub-21050	ses-1				space-ACPC			DSIStudio	autotrackgqi
ProjectionBrainstem_CorticopontineTractR	directions	NODDI	/scratch/executivefunction/SLURM_8364170_132/job-8364170-132-sub-21050-ses-1/ds/inputs/data/qsiprep/qsiprep/sub-21050/ses-1/dwi/sub-21050_ses-1_space-ACPC_desc-preproc_dwi.nii.gz	0.0	-0.0689602419734001	0.5732170939445496	-0.1257314383983612	-0.0689602419734001	-0.1257314383983612	0.5732170939445496	-0.4048433899879455		sub-21050	ses-1				space-ACPC			DSIStudio	autotrackgqi
ProjectionBrainstem_CorticopontineTractR	icvf	NODDI	/scratch/executivefunction/SLURM_8364170_132/job-8364170-132-sub-21050-ses-1/ds/inputs/data/qsiprep/qsiprep/sub-21050/ses-1/dwi/sub-21050_ses-1_space-ACPC_desc-preproc_dwi.nii.gz	0.0093555093555093	0.4961612522602081	0.148230955004692	0.5046353340148926	0.5008469223976135	0.506784200668335	0.1408300846815109	0.573171854019165	0.5744919776916504	sub-21050	ses-1				space-ACPC			DSIStudio	autotrackgqi
ProjectionBrainstem_CorticopontineTractR	isovf	NODDI	/scratch/executivefunction/SLURM_8364170_132/job-8364170-132-sub-21050-ses-1/ds/inputs/data/qsiprep/qsiprep/sub-21050/ses-1/dwi/sub-21050_ses-1_space-ACPC_desc-preproc_dwi.nii.gz	0.3301455301455301	0.0900287702679634	0.1541562527418136	0.0557570420205593	0.1344004869461059	0.0906066223978996	0.1717934906482696	0.1073247045278549	0.1277755945920944	sub-21050	ses-1				space-ACPC			DSIStudio	autotrackgqi
ProjectionBrainstem_CorticopontineTractR	modulated_icvf	NODDI	/scratch/executivefunction/SLURM_8364170_132/job-8364170-132-sub-21050-ses-1/ds/inputs/data/qsiprep/qsiprep/sub-21050/ses-1/dwi/sub-21050_ses-1_space-ACPC_desc-preproc_dwi.nii.gz	0.0093555093555093	0.4468176066875458	0.1208164319396019	0.4684636890888214	0.4510372877120971	0.4699327051639557	0.1132749989628791	0.502357006072998	0.5035141110420227	sub-21050	ses-1				space-ACPC			DSIStudio	autotrackgqi
ProjectionBrainstem_CorticopontineTractR	modulated_od	NODDI	/scratch/executivefunction/SLURM_8364170_132/job-8364170-132-sub-21050-ses-1/ds/inputs/data/qsiprep/qsiprep/sub-21050/ses-1/dwi/sub-21050_ses-1_space-ACPC_desc-preproc_dwi.nii.gz	0.0024948024948024	0.2215787321329116	0.1422700136899948	0.2107484638690948	0.2221329063177108	0.211177259683609	0.142015054821968	0.1705165803432464	0.170576125383377	sub-21050	ses-1				space-ACPC			DSIStudio	autotrackgqi
ProjectionBrainstem_CorticopontineTractR	nrmse	NODDI	/scratch/executivefunction/SLURM_8364170_132/job-8364170-132-sub-21050-ses-1/ds/inputs/data/qsiprep/qsiprep/sub-21050/ses-1/dwi/sub-21050_ses-1_space-ACPC_desc-preproc_dwi.nii.gz	0.0	0.1007836833596229	0.029744017869234	0.0959085375070571	0.1007836833596229	0.0959085375070571	0.029744017869234	0.1060149371623992	0.1060149371623992	sub-21050	ses-1				space-ACPC			DSIStudio	autotrackgqi
ProjectionBrainstem_CorticopontineTractR	od	NODDI	/scratch/executivefunction/SLURM_8364170_132/job-8364170-132-sub-21050-ses-1/ds/inputs/data/qsiprep/qsiprep/sub-21050/ses-1/dwi/sub-21050_ses-1_space-ACPC_desc-preproc_dwi.nii.gz	0.0	0.2495975494384765	0.1642105430364608	0.231029599905014	0.2495975494384765	0.231029599905014	0.1642105430364608	0.191819429397583	0.191819429397583	sub-21050	ses-1				space-ACPC			DSIStudio	autotrackgqi
ProjectionBrainstem_CorticopontineTractR	rmse	NODDI	/scratch/executivefunction/SLURM_8364170_132/job-8364170-132-sub-21050-ses-1/ds/inputs/data/qsiprep/qsiprep/sub-21050/ses-1/dwi/sub-21050_ses-1_space-ACPC_desc-preproc_dwi.nii.gz	0.0	0.0403498224914073	0.012878687120974	0.0386036336421966	0.0403498224914073	0.0386036336421966	0.012878687120974	0.0437934696674346	0.0437934696674346	sub-21050	ses-1				space-ACPC			DSIStudio	autotrackgqi
ProjectionBrainstem_CorticopontineTractR	tf	NODDI	/scratch/executivefunction/SLURM_8364170_132/job-8364170-132-sub-21050-ses-1/ds/inputs/data/qsiprep/qsiprep/sub-21050/ses-1/dwi/sub-21050_ses-1_space-ACPC_desc-preproc_dwi.nii.gz	0.0093555093555093	0.9099712308318104	0.1541562448468177	0.9442429542541504	0.9185648730956996	0.9451597929000854	0.126865106432791	0.8926752962169984	0.8947313869873781	sub-21050	ses-1				space-ACPC			DSIStudio	autotrackgqi
ProjectionBrainstem_DentatorubrothalamicTract-rl	directions	NODDI	/scratch/executivefunction/SLURM_8364170_132/job-8364170-132-sub-21050-ses-1/ds/inputs/data/qsiprep/qsiprep/sub-21050/ses-1/dwi/sub-21050_ses-1_space-ACPC_desc-preproc_dwi.nii.gz	0.0	-0.0451892763376235	0.5755791068077087	-0.0725361406803131	-0.0451892763376235	-0.0725361406803131	0.5755791068077087	-0.1015021353960037		sub-21050	ses-1				space-ACPC			DSIStudio	autotrackgqi
ProjectionBrainstem_DentatorubrothalamicTract-rl	icvf	NODDI	/scratch/executivefunction/SLURM_8364170_132/job-8364170-132-sub-21050-ses-1/ds/inputs/data/qsiprep/qsiprep/sub-21050/ses-1/dwi/sub-21050_ses-1_space-ACPC_desc-preproc_dwi.nii.gz	0.0	0.5621657967567444	0.0884086862206459	0.5644725561141968	0.5621657967567444	0.5644725561141968	0.0884086862206459	0.5669676065444946	0.5669676065444946	sub-21050	ses-1				space-ACPC			DSIStudio	autotrackgqi
ProjectionBrainstem_DentatorubrothalamicTract-rl	isovf	NODDI	/scratch/executivefunction/SLURM_8364170_132/job-8364170-132-sub-21050-ses-1/ds/inputs/data/qsiprep/qsiprep/sub-21050/ses-1/dwi/sub-21050_ses-1_space-ACPC_desc-preproc_dwi.nii.gz	0.1666666666666666	0.0910830870270729	0.0876732096076011	0.0822845250368118	0.1092997044324874	0.0934156626462936	0.0850460976362228	0.0990970358252525	0.1144671738147735	sub-21050	ses-1				space-ACPC			DSIStudio	autotrackgqi
ProjectionBrainstem_DentatorubrothalamicTract-rl	modulated_icvf	NODDI	/scratch/executivefunction/SLURM_8364170_132/job-8364170-132-sub-21050-ses-1/ds/inputs/data/qsiprep/qsiprep/sub-21050/ses-1/dwi/sub-21050_ses-1_space-ACPC_desc-preproc_dwi.nii.gz	0.0	0.5095183849334717	0.085554614663124	0.5267332792282104	0.5095183849334717	0.5267332792282104	0.085554614663124	0.5097473859786987	0.5097473859786987	sub-21050	ses-1				space-ACPC			DSIStudio	autotrackgqi
ProjectionBrainstem_DentatorubrothalamicTract-rl	modulated_od	NODDI	/scratch/executivefunction/SLURM_8364170_132/job-8364170-132-sub-21050-ses-1/ds/inputs/data/qsiprep/qsiprep/sub-21050/ses-1/dwi/sub-21050_ses-1_space-ACPC_desc-preproc_dwi.nii.gz	0.0	0.2028041034936905	0.1083590686321258	0.1966769695281982	0.2028041034936905	0.1966769695281982	0.1083590686321258	0.2026982009410858	0.2026982009410858	sub-21050	ses-1				space-ACPC			DSIStudio	autotrackgqi
ProjectionBrainstem_DentatorubrothalamicTract-rl	nrmse	NODDI	/scratch/executivefunction/SLURM_8364170_132/job-8364170-132-sub-21050-ses-1/ds/inputs/data/qsiprep/qsiprep/sub-21050/ses-1/dwi/sub-21050_ses-1_space-ACPC_desc-preproc_dwi.nii.gz	0.0	0.1082319468259811	0.0247372332960367	0.1076130419969558	0.1082319468259811	0.1076130419969558	0.0247372332960367	0.1104041785001754	0.1104041785001754	sub-21050	ses-1				space-ACPC			DSIStudio	autotrackgqi
ProjectionBrainstem_DentatorubrothalamicTract-rl	od	NODDI	/scratch/executivefunction/SLURM_8364170_132/job-8364170-132-sub-21050-ses-1/ds/inputs/data/qsiprep/qsiprep/sub-21050/ses-1/dwi/sub-21050_ses-1_space-ACPC_desc-preproc_dwi.nii.gz	0.0	0.2212471514940261	0.111962080001831	0.2170035541057586	0.2212471514940261	0.2170035541057586	0.111962080001831	0.2228055596351623	0.2228055596351623	sub-21050	ses-1				space-ACPC			DSIStudio	autotrackgqi
ProjectionBrainstem_DentatorubrothalamicTract-rl	rmse	NODDI	/scratch/executivefunction/SLURM_8364170_132/job-8364170-132-sub-21050-ses-1/ds/inputs/data/qsiprep/qsiprep/sub-21050/ses-1/dwi/sub-21050_ses-1_space-ACPC_desc-preproc_dwi.nii.gz	0.0	0.0449303872883319	0.0110595813021063	0.0436207056045532	0.0449303872883319	0.0436207056045532	0.0110595813021063	0.0457479059696197	0.0457479059696197	sub-21050	ses-1				space-ACPC			DSIStudio	autotrackgqi
ProjectionBrainstem_DentatorubrothalamicTract-rl	tf	NODDI	/scratch/executivefunction/SLURM_8364170_132/job-8364170-132-sub-21050-ses-1/ds/inputs/data/qsiprep/qsiprep/sub-21050/ses-1/dwi/sub-21050_ses-1_space-ACPC_desc-preproc_dwi.nii.gz	0.0	0.9089169119795164	0.0876732084806882	0.9177154898643494	0.9089169119795164	0.9177154898643494	0.0876732084806882	0.9009029691756284	0.9009029691756284	sub-21050	ses-1				space-ACPC			DSIStudio	autotrackgqi
ProjectionBrainstem_CorticospinalTractR	directions	NODDI	/scratch/executivefunction/SLURM_8364170_132/job-8364170-132-sub-21050-ses-1/ds/inputs/data/qsiprep/qsiprep/sub-21050/ses-1/dwi/sub-21050_ses-1_space-ACPC_desc-preproc_dwi.nii.gz	0.0	-0.0855679288506507	0.5709741115570068	-0.1422319412231445	-0.0855679288506507	-0.1422319412231445	0.5709741115570068	-0.4891214966773987		sub-21050	ses-1				space-ACPC			DSIStudio	autotrackgqi
ProjectionBrainstem_CorticospinalTractR	icvf	NODDI	/scratch/executivefunction/SLURM_8364170_132/job-8364170-132-sub-21050-ses-1/ds/inputs/data/qsiprep/qsiprep/sub-21050/ses-1/dwi/sub-21050_ses-1_space-ACPC_desc-preproc_dwi.nii.gz	0.0011883541295306	0.5335307717323303	0.1402774602174759	0.548629105091095	0.5341655611991882	0.5486631393432617	0.1391477733850479	0.6003023386001587	0.6003345251083374	sub-21050	ses-1				space-ACPC			DSIStudio	autotrackgqi
ProjectionBrainstem_CorticospinalTractR	isovf	NODDI	/scratch/executivefunction/SLURM_8364170_132/job-8364170-132-sub-21050-ses-1/ds/inputs/data/qsiprep/qsiprep/sub-21050/ses-1/dwi/sub-21050_ses-1_space-ACPC_desc-preproc_dwi.nii.gz	0.2706476530005942	0.0882974416017532	0.1232094317674636	0.0726650357246398	0.1210628077387809	0.0951044335961341	0.1297963410615921	0.0901902318000793	0.1039272248744964	sub-21050	ses-1				space-ACPC			DSIStudio	autotrackgqi
ProjectionBrainstem_CorticospinalTractR	modulated_icvf	NODDI	/scratch/executivefunction/SLURM_8364170_132/job-8364170-132-sub-21050-ses-1/ds/inputs/data/qsiprep/qsiprep/sub-21050/ses-1/dwi/sub-21050_ses-1_space-ACPC_desc-preproc_dwi.nii.gz	0.0011883541295306	0.4777684807777405	0.1112127006053924	0.4951803088188171	0.478336900472641	0.4952864944934845	0.1100503355264663	0.5411268472671509	0.5411558151245117	sub-21050	ses-1				space-ACPC			DSIStudio	autotrackgqi
ProjectionBrainstem_CorticospinalTractR	modulated_od	NODDI	/scratch/executivefunction/SLURM_8364170_132/job-8364170-132-sub-21050-ses-1/ds/inputs/data/qsiprep/qsiprep/sub-21050/ses-1/dwi/sub-21050_ses-1_space-ACPC_desc-preproc_dwi.nii.gz	0.0	0.2023094892501831	0.1436879187822342	0.1813625693321228	0.2023094892501831	0.1813625693321228	0.1436879187822342	0.1631314158439636	0.1631314158439636	sub-21050	ses-1				space-ACPC			DSIStudio	autotrackgqi
ProjectionBrainstem_CorticospinalTractR	nrmse	NODDI	/scratch/executivefunction/SLURM_8364170_132/job-8364170-132-sub-21050-ses-1/ds/inputs/data/qsiprep/qsiprep/sub-21050/ses-1/dwi/sub-21050_ses-1_space-ACPC_desc-preproc_dwi.nii.gz	0.0	0.1010947003960609	0.0327854491770267	0.0954241752624511	0.1010947003960609	0.0954241752624511	0.0327854491770267	0.106844887137413	0.106844887137413	sub-21050	ses-1				space-ACPC			DSIStudio	autotrackgqi
ProjectionBrainstem_CorticospinalTractR	od	NODDI	/scratch/executivefunction/SLURM_8364170_132/job-8364170-132-sub-21050-ses-1/ds/inputs/data/qsiprep/qsiprep/sub-21050/ses-1/dwi/sub-21050_ses-1_space-ACPC_desc-preproc_dwi.nii.gz	0.0	0.2218977659940719	0.1512750387191772	0.2045327723026275	0.2218977659940719	0.2045327723026275	0.1512750387191772	0.1786341816186905	0.1786341816186905	sub-21050	ses-1				space-ACPC			DSIStudio	autotrackgqi
ProjectionBrainstem_CorticospinalTractR	rmse	NODDI	/scratch/executivefunction/SLURM_8364170_132/job-8364170-132-sub-21050-ses-1/ds/inputs/data/qsiprep/qsiprep/sub-21050/ses-1/dwi/sub-21050_ses-1_space-ACPC_desc-preproc_dwi.nii.gz	0.0	0.041407685726881	0.0142336571589112	0.0395218878984451	0.041407685726881	0.0395218878984451	0.0142336571589112	0.0457371845841407	0.0457371845841407	sub-21050	ses-1				space-ACPC			DSIStudio	autotrackgqi
ProjectionBrainstem_CorticospinalTractR	tf	NODDI	/scratch/executivefunction/SLURM_8364170_132/job-8364170-132-sub-21050-ses-1/ds/inputs/data/qsiprep/qsiprep/sub-21050/ses-1/dwi/sub-21050_ses-1_space-ACPC_desc-preproc_dwi.nii.gz	0.0011883541295306	0.9117025543697094	0.1232094296878771	0.92733496427536	0.912787268890078	0.9273949861526488	0.1191994601838345	0.9098097665611792	0.9098585215410736	sub-21050	ses-1				space-ACPC			DSIStudio	autotrackgqi
ProjectionBrainstem_MedialLemniscusL	directions	NODDI	/scratch/executivefunction/SLURM_8364170_132/job-8364170-132-sub-21050-ses-1/ds/inputs/data/qsiprep/qsiprep/sub-21050/ses-1/dwi/sub-21050_ses-1_space-ACPC_desc-preproc_dwi.nii.gz	0.0	0.0919036269187927	0.5699886679649353	0.0778939574956893	0.0919036269187927	0.0778939574956893	0.5699886679649353	0.3948147594928741		sub-21050	ses-1				space-ACPC			DSIStudio	autotrackgqi
ProjectionBrainstem_MedialLemniscusL	icvf	NODDI	/scratch/executivefunction/SLURM_8364170_132/job-8364170-132-sub-21050-ses-1/ds/inputs/data/qsiprep/qsiprep/sub-21050/ses-1/dwi/sub-21050_ses-1_space-ACPC_desc-preproc_dwi.nii.gz	0.0048995590396864	0.5057224035263062	0.1251826137304306	0.5045045018196106	0.5082124471664429	0.5045454502105713	0.1203427836298942	0.5278356075286865	0.5279968976974487	sub-21050	ses-1				space-ACPC			DSIStudio	autotrackgqi
ProjectionBrainstem_MedialLemniscusL	isovf	NODDI	/scratch/executivefunction/SLURM_8364170_132/job-8364170-132-sub-21050-ses-1/ds/inputs/data/qsiprep/qsiprep/sub-21050/ses-1/dwi/sub-21050_ses-1_space-ACPC_desc-preproc_dwi.nii.gz	0.3424791768740813	0.0875657498836517	0.1462008357048034	0.0564185418188571	0.1331756263971328	0.0932111740112304	0.162584975361824	0.0722666755318641	0.1062225550413131	sub-21050	ses-1				space-ACPC			DSIStudio	autotrackgqi
ProjectionBrainstem_MedialLemniscusL	modulated_icvf	NODDI	/scratch/executivefunction/SLURM_8364170_132/job-8364170-132-sub-21050-ses-1/ds/inputs/data/qsiprep/qsiprep/sub-21050/ses-1/dwi/sub-21050_ses-1_space-ACPC_desc-preproc_dwi.nii.gz	0.0048995590396864	0.4539494812488556	0.1005270481109619	0.467923104763031	0.4561845660209656	0.4686350524425506	0.095581516623497	0.4847854673862457	0.4849336743354797	sub-21050	ses-1				space-ACPC			DSIStudio	autotrackgqi
ProjectionBrainstem_MedialLemniscusL	modulated_od	NODDI	/scratch/executivefunction/SLURM_8364170_132/job-8364170-132-sub-21050-ses-1/ds/inputs/data/qsiprep/qsiprep/sub-21050/ses-1/dwi/sub-21050_ses-1_space-ACPC_desc-preproc_dwi.nii.gz	0.0009799118079372	0.2432978451251983	0.154901310801506	0.218390554189682	0.2435364872217178	0.2185603678226471	0.1547896414995193	0.199093148112297	0.1990970373153686	sub-21050	ses-1				space-ACPC			DSIStudio	autotrackgqi
ProjectionBrainstem_MedialLemniscusL	nrmse	NODDI	/scratch/executivefunction/SLURM_8364170_132/job-8364170-132-sub-21050-ses-1/ds/inputs/data/qsiprep/qsiprep/sub-21050/ses-1/dwi/sub-21050_ses-1_space-ACPC_desc-preproc_dwi.nii.gz	0.0	0.0967810451984405	0.0268307235091924	0.0929989367723465	0.0967810451984405	0.0929989367723465	0.0268307235091924	0.0974823981523513	0.0974823981523513	sub-21050	ses-1				space-ACPC			DSIStudio	autotrackgqi
ProjectionBrainstem_MedialLemniscusL	od	NODDI	/scratch/executivefunction/SLURM_8364170_132/job-8364170-132-sub-21050-ses-1/ds/inputs/data/qsiprep/qsiprep/sub-21050/ses-1/dwi/sub-21050_ses-1_space-ACPC_desc-preproc_dwi.nii.gz	0.0	0.2694335281848907	0.1645261645317077	0.2404099553823471	0.2694335281848907	0.2404099553823471	0.1645261645317077	0.2140457332134246	0.2140457332134246	sub-21050	ses-1				space-ACPC			DSIStudio	autotrackgqi
ProjectionBrainstem_MedialLemniscusL	rmse	NODDI	/scratch/executivefunction/SLURM_8364170_132/job-8364170-132-sub-21050-ses-1/ds/inputs/data/qsiprep/qsiprep/sub-21050/ses-1/dwi/sub-21050_ses-1_space-ACPC_desc-preproc_dwi.nii.gz	0.0	0.0387429967522621	0.0115343164652585	0.0373315513134002	0.0387429967522621	0.0373315513134002	0.0115343164652585	0.0400331988930702	0.0400331988930702	sub-21050	ses-1				space-ACPC			DSIStudio	autotrackgqi
ProjectionBrainstem_MedialLemniscusL	tf	NODDI	/scratch/executivefunction/SLURM_8364170_132/job-8364170-132-sub-21050-ses-1/ds/inputs/data/qsiprep/qsiprep/sub-21050/ses-1/dwi/sub-21050_ses-1_space-ACPC_desc-preproc_dwi.nii.gz	0.0048995590396864	0.9124342486707676	0.1462008423587836	0.9435814619064332	0.9169267855918448	0.9438234567642212	0.1317596335984527	0.9277333255186592	0.9280168646373612	sub-21050	ses-1				space-ACPC			DSIStudio	autotrackgqi
ProjectionBasalGanglia_FornixR	directions	NODDI	/scratch/executivefunction/SLURM_8364170_132/job-8364170-132-sub-21050-ses-1/ds/inputs/data/qsiprep/qsiprep/sub-21050/ses-1/dwi/sub-21050_ses-1_space-ACPC_desc-preproc_dwi.nii.gz	0.0	-0.0858365893363952	0.5709338188171387	-0.1163862347602844	-0.0858365893363952	-0.1163862347602844	0.5709338188171387	-0.2917503118515014		sub-21050	ses-1				space-ACPC			DSIStudio	autotrackgqi
ProjectionBasalGanglia_FornixR	icvf	NODDI	/scratch/executivefunction/SLURM_8364170_132/job-8364170-132-sub-21050-ses-1/ds/inputs/data/qsiprep/qsiprep/sub-21050/ses-1/dwi/sub-21050_ses-1_space-ACPC_desc-preproc_dwi.nii.gz	0.0741701244813278	0.4030243456363678	0.2260014414787292	0.3536913990974426	0.4353114664554596	0.3748247027397156	0.2027647942304611	0.4410234093666076	0.4592176675796509	sub-21050	ses-1				space-ACPC			DSIStudio	autotrackgqi
ProjectionBasalGanglia_FornixR	isovf	NODDI	/scratch/executivefunction/SLURM_8364170_132/job-8364170-132-sub-21050-ses-1/ds/inputs/data/qsiprep/qsiprep/sub-21050/ses-1/dwi/sub-21050_ses-1_space-ACPC_desc-preproc_dwi.nii.gz	0.4113070539419087	0.3026158809661865	0.3511978983879089	0.1193046867847442	0.5140470862388611	0.5275382399559021	0.3175363838672638	0.305668443441391	0.4743183553218841	sub-21050	ses-1				space-ACPC			DSIStudio	autotrackgqi
ProjectionBasalGanglia_FornixR	modulated_icvf	NODDI	/scratch/executivefunction/SLURM_8364170_132/job-8364170-132-sub-21050-ses-1/ds/inputs/data/qsiprep/qsiprep/sub-21050/ses-1/dwi/sub-21050_ses-1_space-ACPC_desc-preproc_dwi.nii.gz	0.0741701244813278	0.2592430710792541	0.1195819601416587	0.2618181705474853	0.2800115644931793	0.2618181705474853	0.0981326475739479	0.2765329480171203	0.2879412174224853	sub-21050	ses-1				space-ACPC			DSIStudio	autotrackgqi
ProjectionBasalGanglia_FornixR	modulated_od	NODDI	/scratch/executivefunction/SLURM_8364170_132/job-8364170-132-sub-21050-ses-1/ds/inputs/data/qsiprep/qsiprep/sub-21050/ses-1/dwi/sub-21050_ses-1_space-ACPC_desc-preproc_dwi.nii.gz	0.029564315352697	0.2027094662189483	0.1714376807212829	0.1688895523548126	0.2088850140571594	0.1825582832098007	0.1702829897403717	0.1447083204984665	0.1475911438465118	sub-21050	ses-1				space-ACPC			DSIStudio	autotrackgqi
ProjectionBasalGanglia_FornixR	nrmse	NODDI	/scratch/executivefunction/SLURM_8364170_132/job-8364170-132-sub-21050-ses-1/ds/inputs/data/qsiprep/qsiprep/sub-21050/ses-1/dwi/sub-21050_ses-1_space-ACPC_desc-preproc_dwi.nii.gz	0.0	0.1031370088458061	0.032934121787548	0.0953805744647979	0.1031370088458061	0.0953805744647979	0.032934121787548	0.100764513015747	0.100764513015747	sub-21050	ses-1				space-ACPC			DSIStudio	autotrackgqi
ProjectionBasalGanglia_FornixR	od	NODDI	/scratch/executivefunction/SLURM_8364170_132/job-8364170-132-sub-21050-ses-1/ds/inputs/data/qsiprep/qsiprep/sub-21050/ses-1/dwi/sub-21050_ses-1_space-ACPC_desc-preproc_dwi.nii.gz	0.0	0.3310335278511047	0.2442774474620819	0.2792555689811706	0.3310335278511047	0.2792555689811706	0.2442774474620819	0.2309345155954361	0.2309345155954361	sub-21050	ses-1				space-ACPC			DSIStudio	autotrackgqi
ProjectionBasalGanglia_FornixR	rmse	NODDI	/scratch/executivefunction/SLURM_8364170_132/job-8364170-132-sub-21050-ses-1/ds/inputs/data/qsiprep/qsiprep/sub-21050/ses-1/dwi/sub-21050_ses-1_space-ACPC_desc-preproc_dwi.nii.gz	0.0	0.0348507799208164	0.0108144814148545	0.0330994725227355	0.0348507799208164	0.0330994725227355	0.0108144814148545	0.0345536991953849	0.0345536991953849	sub-21050	ses-1				space-ACPC			DSIStudio	autotrackgqi
ProjectionBasalGanglia_FornixR	tf	NODDI	/scratch/executivefunction/SLURM_8364170_132/job-8364170-132-sub-21050-ses-1/ds/inputs/data/qsiprep/qsiprep/sub-21050/ses-1/dwi/sub-21050_ses-1_space-ACPC_desc-preproc_dwi.nii.gz	0.0741701244813278	0.6973841112122496	0.3511979043508254	0.8806953430175781	0.7532529783849956	0.930766761302948	0.3018900370489853	0.6943315510529082	0.7229759747045703	sub-21050	ses-1				space-ACPC			DSIStudio	autotrackgqi
ProjectionBasalGanglia_ThalamicRadiationL	directions	NODDI	/scratch/executivefunction/SLURM_8364170_132/job-8364170-132-sub-21050-ses-1/ds/inputs/data/qsiprep/qsiprep/sub-21050/ses-1/dwi/sub-21050_ses-1_space-ACPC_desc-preproc_dwi.nii.gz	12.0	-0.0414698906242847	0.5755454897880554	-0.0843079984188079	-0.0415148437023162	-0.0852468013763427	0.5758557915687561	-0.1507263630628585		sub-21050	ses-1				space-ACPC			DSIStudio	autotrackgqi
ProjectionBasalGanglia_ThalamicRadiationL	icvf	NODDI	/scratch/executivefunction/SLURM_8364170_132/job-8364170-132-sub-21050-ses-1/ds/inputs/data/qsiprep/qsiprep/sub-21050/ses-1/dwi/sub-21050_ses-1_space-ACPC_desc-preproc_dwi.nii.gz	0.001443782710702	0.4497261643409729	0.1166041493415832	0.4476776719093323	0.4503763914108276	0.4478975534439087	0.1154267415404319	0.4850367903709411	0.4850800335407257	sub-21050	ses-1				space-ACPC			DSIStudio	autotrackgqi
ProjectionBasalGanglia_ThalamicRadiationL	isovf	NODDI	/scratch/executivefunction/SLURM_8364170_132/job-8364170-132-sub-21050-ses-1/ds/inputs/data/qsiprep/qsiprep/sub-21050/ses-1/dwi/sub-21050_ses-1_space-ACPC_desc-preproc_dwi.nii.gz	0.4735607291102689	0.0543867759406566	0.0884776562452316	0.014413358643651	0.1033106297254562	0.0847648233175277	0.0990753099322319	0.051399827003479	0.084178015589714	sub-21050	ses-1				space-ACPC			DSIStudio	autotrackgqi
ProjectionBasalGanglia_ThalamicRadiationL	modulated_icvf	NODDI	/scratch/executivefunction/SLURM_8364170_132/job-8364170-132-sub-21050-ses-1/ds/inputs/data/qsiprep/qsiprep/sub-21050/ses-1/dwi/sub-21050_ses-1_space-ACPC_desc-preproc_dwi.nii.gz	0.001443782710702	0.4219738245010376	0.1010971441864967	0.4282317161560058	0.4225839376449585	0.4283224046230316	0.0998878479003906	0.4575278162956238	0.4575686454772949	sub-21050	ses-1				space-ACPC			DSIStudio	autotrackgqi
ProjectionBasalGanglia_ThalamicRadiationL	modulated_od	NODDI	/scratch/executivefunction/SLURM_8364170_132/job-8364170-132-sub-21050-ses-1/ds/inputs/data/qsiprep/qsiprep/sub-21050/ses-1/dwi/sub-21050_ses-1_space-ACPC_desc-preproc_dwi.nii.gz	0.0013535462912831	0.2850361764431	0.164432868361473	0.2575707137584686	0.2854225039482116	0.2578545212745666	0.1642088443040847	0.2312628924846649	0.2312826365232467	sub-21050	ses-1				space-ACPC			DSIStudio	autotrackgqi
ProjectionBasalGanglia_ThalamicRadiationL	nrmse	NODDI	/scratch/executivefunction/SLURM_8364170_132/job-8364170-132-sub-21050-ses-1/ds/inputs/data/qsiprep/qsiprep/sub-21050/ses-1/dwi/sub-21050_ses-1_space-ACPC_desc-preproc_dwi.nii.gz	0.0010828370330265	0.097005508840084	0.0326983779668808	0.0918158814311027	0.0971106588840484	0.0918240845203399	0.0325596556067466	0.0971177667379379	0.0971243977546691	sub-21050	ses-1				space-ACPC			DSIStudio	autotrackgqi
ProjectionBasalGanglia_ThalamicRadiationL	od	NODDI	/scratch/executivefunction/SLURM_8364170_132/job-8364170-132-sub-21050-ses-1/ds/inputs/data/qsiprep/qsiprep/sub-21050/ses-1/dwi/sub-21050_ses-1_space-ACPC_desc-preproc_dwi.nii.gz	0.0010828370330265	0.3007948100566864	0.1699903607368469	0.2726199626922607	0.3011208772659302	0.2727439999580383	0.1697935760021209	0.2414871901273727	0.2415036410093307	sub-21050	ses-1				space-ACPC			DSIStudio	autotrackgqi
ProjectionBasalGanglia_ThalamicRadiationL	rmse	NODDI	/scratch/executivefunction/SLURM_8364170_132/job-8364170-132-sub-21050-ses-1/ds/inputs/data/qsiprep/qsiprep/sub-21050/ses-1/dwi/sub-21050_ses-1_space-ACPC_desc-preproc_dwi.nii.gz	0.0010828370330265	0.0383103676140308	0.0141435284167528	0.0361278615891933	0.038351897150278	0.0361339002847671	0.0140948044136166	0.0392670147120952	0.0392696931958198	sub-21050	ses-1				space-ACPC			DSIStudio	autotrackgqi
ProjectionBasalGanglia_ThalamicRadiationL	tf	NODDI	/scratch/executivefunction/SLURM_8364170_132/job-8364170-132-sub-21050-ses-1/ds/inputs/data/qsiprep/qsiprep/sub-21050/ses-1/dwi/sub-21050_ses-1_space-ACPC_desc-preproc_dwi.nii.gz	0.001443782710702	0.944530390521676	0.0937666005525396	0.9851565659046172	0.9458960588976334	0.9854629635810852	0.0866781828908835	0.9485319671251232	0.948616553971214	sub-21050	ses-1				space-ACPC			DSIStudio	autotrackgqi
ProjectionBasalGanglia_AcousticRadiationR	directions	NODDI	/scratch/executivefunction/SLURM_8364170_132/job-8364170-132-sub-21050-ses-1/ds/inputs/data/qsiprep/qsiprep/sub-21050/ses-1/dwi/sub-21050_ses-1_space-ACPC_desc-preproc_dwi.nii.gz	0.0	-0.1372973620891571	0.5607876181602478	-0.20550237596035	-0.1372973620891571	-0.20550237596035	0.5607876181602478	-0.4790137708187103		sub-21050	ses-1				space-ACPC			DSIStudio	autotrackgqi
ProjectionBasalGanglia_AcousticRadiationR	icvf	NODDI	/scratch/executivefunction/SLURM_8364170_132/job-8364170-132-sub-21050-ses-1/ds/inputs/data/qsiprep/qsiprep/sub-21050/ses-1/dwi/sub-21050_ses-1_space-ACPC_desc-preproc_dwi.nii.gz	0.0241502683363148	0.4667187631130218	0.1599327176809311	0.4480651617050171	0.4782690703868866	0.4517461061477661	0.1438308954238891	0.4616396129131317	0.4646524488925934	sub-21050	ses-1				space-ACPC			DSIStudio	autotrackgqi
ProjectionBasalGanglia_AcousticRadiationR	isovf	NODDI	/scratch/executivefunction/SLURM_8364170_132/job-8364170-132-sub-21050-ses-1/ds/inputs/data/qsiprep/qsiprep/sub-21050/ses-1/dwi/sub-21050_ses-1_space-ACPC_desc-preproc_dwi.nii.gz	0.2978533094812164	0.1441550105810165	0.2329646348953247	0.0658848285675048	0.2053061127662658	0.1014810055494308	0.2544414103031158	0.1010466143488884	0.1460800468921661	sub-21050	ses-1				space-ACPC			DSIStudio	autotrackgqi
ProjectionBasalGanglia_AcousticRadiationR	modulated_icvf	NODDI	/scratch/executivefunction/SLURM_8364170_132/job-8364170-132-sub-21050-ses-1/ds/inputs/data/qsiprep/qsiprep/sub-21050/ses-1/dwi/sub-21050_ses-1_space-ACPC_desc-preproc_dwi.nii.gz	0.0241502683363148	0.3922969996929168	0.1232022419571876	0.4075042605400085	0.4020055532455444	0.4107494354248047	0.1079423278570175	0.4111052453517914	0.4137882590293884	sub-21050	ses-1				space-ACPC			DSIStudio	autotrackgqi
ProjectionBasalGanglia_AcousticRadiationR	modulated_od	NODDI	/scratch/executivefunction/SLURM_8364170_132/job-8364170-132-sub-21050-ses-1/ds/inputs/data/qsiprep/qsiprep/sub-21050/ses-1/dwi/sub-21050_ses-1_space-ACPC_desc-preproc_dwi.nii.gz	0.0053667262969588	0.1883085072040558	0.1340897381305694	0.171055406332016	0.1893245577812194	0.1720685064792633	0.1337337344884872	0.1986308991909027	0.1990826278924942	sub-21050	ses-1				space-ACPC			DSIStudio	autotrackgqi
ProjectionBasalGanglia_AcousticRadiationR	nrmse	NODDI	/scratch/executivefunction/SLURM_8364170_132/job-8364170-132-sub-21050-ses-1/ds/inputs/data/qsiprep/qsiprep/sub-21050/ses-1/dwi/sub-21050_ses-1_space-ACPC_desc-preproc_dwi.nii.gz	0.0	0.1030632555484771	0.0276426430791616	0.0987065061926841	0.1030632555484771	0.0987065061926841	0.0276426430791616	0.1021197885274887	0.1021197885274887	sub-21050	ses-1				space-ACPC			DSIStudio	autotrackgqi
ProjectionBasalGanglia_AcousticRadiationR	od	NODDI	/scratch/executivefunction/SLURM_8364170_132/job-8364170-132-sub-21050-ses-1/ds/inputs/data/qsiprep/qsiprep/sub-21050/ses-1/dwi/sub-21050_ses-1_space-ACPC_desc-preproc_dwi.nii.gz	0.0	0.239368587732315	0.1810066998004913	0.2131918668746948	0.239368587732315	0.2131918668746948	0.1810066998004913	0.2248370796442031	0.2248370796442031	sub-21050	ses-1				space-ACPC			DSIStudio	autotrackgqi
ProjectionBasalGanglia_AcousticRadiationR	rmse	NODDI	/scratch/executivefunction/SLURM_8364170_132/job-8364170-132-sub-21050-ses-1/ds/inputs/data/qsiprep/qsiprep/sub-21050/ses-1/dwi/sub-21050_ses-1_space-ACPC_desc-preproc_dwi.nii.gz	0.0	0.0393698513507843	0.0113918678835034	0.0376743637025356	0.0393698513507843	0.0376743637025356	0.0113918678835034	0.0399138070642948	0.0399138070642948	sub-21050	ses-1				space-ACPC			DSIStudio	autotrackgqi
ProjectionBasalGanglia_AcousticRadiationR	tf	NODDI	/scratch/executivefunction/SLURM_8364170_132/job-8364170-132-sub-21050-ses-1/ds/inputs/data/qsiprep/qsiprep/sub-21050/ses-1/dwi/sub-21050_ses-1_space-ACPC_desc-preproc_dwi.nii.gz	0.0241502683363148	0.8558449914982152	0.2329646361280342	0.9341151714324952	0.8770253900045872	0.9357388615608216	0.1924575470324569	0.8989533908977922	0.9048202735187212	sub-21050	ses-1				space-ACPC			DSIStudio	autotrackgqi
ProjectionBrainstem_CorticobulbarTractL	directions	NODDI	/scratch/executivefunction/SLURM_8364170_132/job-8364170-132-sub-21050-ses-1/ds/inputs/data/qsiprep/qsiprep/sub-21050/ses-1/dwi/sub-21050_ses-1_space-ACPC_desc-preproc_dwi.nii.gz	0.0	0.031297318637371	0.5765013694763184	-0.1628990024328231	0.031297318637371	-0.1628990024328231	0.5765013694763184	0.1534817814826965		sub-21050	ses-1				space-ACPC			DSIStudio	autotrackgqi
ProjectionBrainstem_CorticobulbarTractL	icvf	NODDI	/scratch/executivefunction/SLURM_8364170_132/job-8364170-132-sub-21050-ses-1/ds/inputs/data/qsiprep/qsiprep/sub-21050/ses-1/dwi/sub-21050_ses-1_space-ACPC_desc-preproc_dwi.nii.gz	0.0	0.6265775561332703	0.1289687305688858	0.6377527713775635	0.6265775561332703	0.6377527713775635	0.1289687305688858	0.6429280638694763	0.6429280638694763	sub-21050	ses-1				space-ACPC			DSIStudio	autotrackgqi
ProjectionBrainstem_CorticobulbarTractL	isovf	NODDI	/scratch/executivefunction/SLURM_8364170_132/job-8364170-132-sub-21050-ses-1/ds/inputs/data/qsiprep/qsiprep/sub-21050/ses-1/dwi/sub-21050_ses-1_space-ACPC_desc-preproc_dwi.nii.gz	0.1170212765957446	0.1007442399859428	0.0592730455100536	0.1054676249623298	0.1140958815813064	0.1081730350852012	0.0495534427464008	0.1075062826275825	0.1170431226491928	sub-21050	ses-1				space-ACPC			DSIStudio	autotrackgqi
ProjectionBrainstem_CorticobulbarTractL	modulated_icvf	NODDI	/scratch/executivefunction/SLURM_8364170_132/job-8364170-132-sub-21050-ses-1/ds/inputs/data/qsiprep/qsiprep/sub-21050/ses-1/dwi/sub-21050_ses-1_space-ACPC_desc-preproc_dwi.nii.gz	0.0	0.5578700304031372	0.0974375829100608	0.5673444271087646	0.5578700304031372	0.5673444271087646	0.0974375829100608	0.5692883133888245	0.5692883133888245	sub-21050	ses-1				space-ACPC			DSIStudio	autotrackgqi
ProjectionBrainstem_CorticobulbarTractL	modulated_od	NODDI	/scratch/executivefunction/SLURM_8364170_132/job-8364170-132-sub-21050-ses-1/ds/inputs/data/qsiprep/qsiprep/sub-21050/ses-1/dwi/sub-21050_ses-1_space-ACPC_desc-preproc_dwi.nii.gz	0.0	0.1562690585851669	0.1163793727755546	0.101312443614006	0.1562690585851669	0.101312443614006	0.1163793727755546	0.1435331404209137	0.1435331404209137	sub-21050	ses-1				space-ACPC			DSIStudio	autotrackgqi
ProjectionBrainstem_CorticobulbarTractL	nrmse	NODDI	/scratch/executivefunction/SLURM_8364170_132/job-8364170-132-sub-21050-ses-1/ds/inputs/data/qsiprep/qsiprep/sub-21050/ses-1/dwi/sub-21050_ses-1_space-ACPC_desc-preproc_dwi.nii.gz	0.0	0.1085571721196174	0.0335347801446914	0.1035290360450744	0.1085571721196174	0.1035290360450744	0.0335347801446914	0.111267365515232	0.111267365515232	sub-21050	ses-1				space-ACPC			DSIStudio	autotrackgqi
ProjectionBrainstem_CorticobulbarTractL	od	NODDI	/scratch/executivefunction/SLURM_8364170_132/job-8364170-132-sub-21050-ses-1/ds/inputs/data/qsiprep/qsiprep/sub-21050/ses-1/dwi/sub-21050_ses-1_space-ACPC_desc-preproc_dwi.nii.gz	0.0	0.1712494641542434	0.1221854388713836	0.1211002320051193	0.1712494641542434	0.1211002320051193	0.1221854388713836	0.1592706441879272	0.1592706441879272	sub-21050	ses-1				space-ACPC			DSIStudio	autotrackgqi
ProjectionBrainstem_CorticobulbarTractL	rmse	NODDI	/scratch/executivefunction/SLURM_8364170_132/job-8364170-132-sub-21050-ses-1/ds/inputs/data/qsiprep/qsiprep/sub-21050/ses-1/dwi/sub-21050_ses-1_space-ACPC_desc-preproc_dwi.nii.gz	0.0	0.0471737794578075	0.0154771050438284	0.0468470826745033	0.0471737794578075	0.0468470826745033	0.0154771050438284	0.0486152358353138	0.0486152358353138	sub-21050	ses-1				space-ACPC			DSIStudio	autotrackgqi
ProjectionBrainstem_CorticobulbarTractL	tf	NODDI	/scratch/executivefunction/SLURM_8364170_132/job-8364170-132-sub-21050-ses-1/ds/inputs/data/qsiprep/qsiprep/sub-21050/ses-1/dwi/sub-21050_ses-1_space-ACPC_desc-preproc_dwi.nii.gz	0.0	0.899255762708948	0.0592730503865501	0.8945323824882507	0.899255762708948	0.8945323824882507	0.0592730503865501	0.8924937361719949	0.8924937361719949	sub-21050	ses-1				space-ACPC			DSIStudio	autotrackgqi
ProjectionBasalGanglia_AnsaSubthalamicaR	directions	NODDI	/scratch/executivefunction/SLURM_8364170_132/job-8364170-132-sub-21050-ses-1/ds/inputs/data/qsiprep/qsiprep/sub-21050/ses-1/dwi/sub-21050_ses-1_space-ACPC_desc-preproc_dwi.nii.gz	0.0	-0.1150747835636138	0.5657659769058228	-0.1396538317203521	-0.1150747835636138	-0.1396538317203521	0.5657659769058228	-0.4849629700183868		sub-21050	ses-1				space-ACPC			DSIStudio	autotrackgqi
ProjectionBasalGanglia_AnsaSubthalamicaR	icvf	NODDI	/scratch/executivefunction/SLURM_8364170_132/job-8364170-132-sub-21050-ses-1/ds/inputs/data/qsiprep/qsiprep/sub-21050/ses-1/dwi/sub-21050_ses-1_space-ACPC_desc-preproc_dwi.nii.gz	0.0602549246813441	0.4399255514144897	0.1816392391920089	0.4236363768577575	0.468132883310318	0.4362397491931915	0.1479982733726501	0.4440116882324219	0.4558731913566589	sub-21050	ses-1				space-ACPC			DSIStudio	autotrackgqi
ProjectionBasalGanglia_AnsaSubthalamicaR	isovf	NODDI	/scratch/executivefunction/SLURM_8364170_132/job-8364170-132-sub-21050-ses-1/ds/inputs/data/qsiprep/qsiprep/sub-21050/ses-1/dwi/sub-21050_ses-1_space-ACPC_desc-preproc_dwi.nii.gz	0.5307068366164542	0.147790178656578	0.2855024337768554	0.0	0.3149207830429077	0.1317311376333236	0.3479329645633697	0.0854946002364158	0.213136076927185	sub-21050	ses-1				space-ACPC			DSIStudio	autotrackgqi
ProjectionBasalGanglia_AnsaSubthalamicaR	modulated_icvf	NODDI	/scratch/executivefunction/SLURM_8364170_132/job-8364170-132-sub-21050-ses-1/ds/inputs/data/qsiprep/qsiprep/sub-21050/ses-1/dwi/sub-21050_ses-1_space-ACPC_desc-preproc_dwi.nii.gz	0.0602549246813441	0.3822432160377502	0.1469615250825882	0.408463567495346	0.4067520201206207	0.4165518879890442	0.1140766665339469	0.4079284369945526	0.4188259840011596	sub-21050	ses-1				space-ACPC			DSIStudio	autotrackgqi
ProjectionBasalGanglia_AnsaSubthalamicaR	modulated_od	NODDI	/scratch/executivefunction/SLURM_8364170_132/job-8364170-132-sub-21050-ses-1/ds/inputs/data/qsiprep/qsiprep/sub-21050/ses-1/dwi/sub-21050_ses-1_space-ACPC_desc-preproc_dwi.nii.gz	0.0034762456546929	0.2390684783458709	0.1441567242145538	0.2465189695358276	0.2399024367332458	0.2466660588979721	0.1437135636806488	0.2377896755933761	0.2382302284240722	sub-21050	ses-1				space-ACPC			DSIStudio	autotrackgqi
ProjectionBasalGanglia_AnsaSubthalamicaR	nrmse	NODDI	/scratch/executivefunction/SLURM_8364170_132/job-8364170-132-sub-21050-ses-1/ds/inputs/data/qsiprep/qsiprep/sub-21050/ses-1/dwi/sub-21050_ses-1_space-ACPC_desc-preproc_dwi.nii.gz	0.0	0.1157096996903419	0.0294358637183904	0.1098017916083335	0.1157096996903419	0.1098017916083335	0.0294358637183904	0.1140097081661224	0.114009715616703	sub-21050	ses-1				space-ACPC			DSIStudio	autotrackgqi
ProjectionBasalGanglia_AnsaSubthalamicaR	od	NODDI	/scratch/executivefunction/SLURM_8364170_132/job-8364170-132-sub-21050-ses-1/ds/inputs/data/qsiprep/qsiprep/sub-21050/ses-1/dwi/sub-21050_ses-1_space-ACPC_desc-preproc_dwi.nii.gz	0.0	0.3209169805049896	0.212220087647438	0.2885944247245788	0.3209169805049896	0.2885944247245788	0.212220087647438	0.2798148393630981	0.2798148989677429	sub-21050	ses-1				space-ACPC			DSIStudio	autotrackgqi
ProjectionBasalGanglia_AnsaSubthalamicaR	rmse	NODDI	/scratch/executivefunction/SLURM_8364170_132/job-8364170-132-sub-21050-ses-1/ds/inputs/data/qsiprep/qsiprep/sub-21050/ses-1/dwi/sub-21050_ses-1_space-ACPC_desc-preproc_dwi.nii.gz	0.0	0.0434083640575408	0.0096550164744257	0.0424688011407852	0.0434083640575408	0.0424688011407852	0.0096550164744257	0.0440955981612205	0.0440956056118011	sub-21050	ses-1				space-ACPC			DSIStudio	autotrackgqi
ProjectionBasalGanglia_AnsaSubthalamicaR	tf	NODDI	/scratch/executivefunction/SLURM_8364170_132/job-8364170-132-sub-21050-ses-1/ds/inputs/data/qsiprep/qsiprep/sub-21050/ses-1/dwi/sub-21050_ses-1_space-ACPC_desc-preproc_dwi.nii.gz	0.0602549246813441	0.8522098253665628	0.2855024365001728	1.0	0.9068521322951216	1.0	0.1928355321579595	0.914505402466394	0.9389358349588108	sub-21050	ses-1				space-ACPC			DSIStudio	autotrackgqi
ProjectionBasalGanglia_ThalamicRadiationR	directions	NODDI	/scratch/executivefunction/SLURM_8364170_132/job-8364170-132-sub-21050-ses-1/ds/inputs/data/qsiprep/qsiprep/sub-21050/ses-1/dwi/sub-21050_ses-1_space-ACPC_desc-preproc_dwi.nii.gz	1.0	-0.0068904533982276	0.5772842764854431	-0.0496188402175903	-0.0068910475820302	-0.0498049557209014	0.5773091316223145	0.0486855953931808		sub-21050	ses-1				space-ACPC			DSIStudio	autotrackgqi
ProjectionBasalGanglia_ThalamicRadiationR	icvf	NODDI	/scratch/executivefunction/SLURM_8364170_132/job-8364170-132-sub-21050-ses-1/ds/inputs/data/qsiprep/qsiprep/sub-21050/ses-1/dwi/sub-21050_ses-1_space-ACPC_desc-preproc_dwi.nii.gz	0.005	0.4337878823280334	0.1175463125109672	0.429082989692688	0.4359677135944366	0.4301743507385254	0.1137375459074974	0.4633135795593261	0.4639453291893005	sub-21050	ses-1				space-ACPC			DSIStudio	autotrackgqi
ProjectionBasalGanglia_ThalamicRadiationR	isovf	NODDI	/scratch/executivefunction/SLURM_8364170_132/job-8364170-132-sub-21050-ses-1/ds/inputs/data/qsiprep/qsiprep/sub-21050/ses-1/dwi/sub-21050_ses-1_space-ACPC_desc-preproc_dwi.nii.gz	0.4837068965517241	0.0600178726017475	0.1173020973801612	0.0095784999430179	0.1162476763129234	0.0857952758669853	0.1418256908655166	0.0512968599796295	0.0914572924375534	sub-21050	ses-1				space-ACPC			DSIStudio	autotrackgqi
ProjectionBasalGanglia_ThalamicRadiationR	modulated_icvf	NODDI	/scratch/executivefunction/SLURM_8364170_132/job-8364170-132-sub-21050-ses-1/ds/inputs/data/qsiprep/qsiprep/sub-21050/ses-1/dwi/sub-21050_ses-1_space-ACPC_desc-preproc_dwi.nii.gz	0.005	0.4060863852500915	0.1036953032016754	0.4195088744163513	0.4081270098686218	0.4201774001121521	0.0998694598674774	0.4368226528167724	0.4374183416366577	sub-21050	ses-1				space-ACPC			DSIStudio	autotrackgqi
ProjectionBasalGanglia_ThalamicRadiationR	modulated_od	NODDI	/scratch/executivefunction/SLURM_8364170_132/job-8364170-132-sub-21050-ses-1/ds/inputs/data/qsiprep/qsiprep/sub-21050/ses-1/dwi/sub-21050_ses-1_space-ACPC_desc-preproc_dwi.nii.gz	0.0016379310344827	0.2735929191112518	0.1542543917894363	0.2541761398315429	0.2740417718887329	0.2543760538101196	0.1539819836616516	0.2304587364196777	0.2305298149585724	sub-21050	ses-1				space-ACPC			DSIStudio	autotrackgqi
ProjectionBasalGanglia_ThalamicRadiationR	nrmse	NODDI	/scratch/executivefunction/SLURM_8364170_132/job-8364170-132-sub-21050-ses-1/ds/inputs/data/qsiprep/qsiprep/sub-21050/ses-1/dwi/sub-21050_ses-1_space-ACPC_desc-preproc_dwi.nii.gz	8.620689655172413e-05	0.0993220880627632	0.0389688499271869	0.0924355313181877	0.099330648779869	0.092435598373413	0.038959614932537	0.0965362712740898	0.0965363979339599	sub-21050	ses-1				space-ACPC			DSIStudio	autotrackgqi
ProjectionBasalGanglia_ThalamicRadiationR	od	NODDI	/scratch/executivefunction/SLURM_8364170_132/job-8364170-132-sub-21050-ses-1/ds/inputs/data/qsiprep/qsiprep/sub-21050/ses-1/dwi/sub-21050_ses-1_space-ACPC_desc-preproc_dwi.nii.gz	8.620689655172413e-05	0.294004887342453	0.1652646362781524	0.2705628275871277	0.2940302491188049	0.2705656886100769	0.1652491986751556	0.2421129643917083	0.2421132922172546	sub-21050	ses-1				space-ACPC			DSIStudio	autotrackgqi
ProjectionBasalGanglia_ThalamicRadiationR	rmse	NODDI	/scratch/executivefunction/SLURM_8364170_132/job-8364170-132-sub-21050-ses-1/ds/inputs/data/qsiprep/qsiprep/sub-21050/ses-1/dwi/sub-21050_ses-1_space-ACPC_desc-preproc_dwi.nii.gz	8.620689655172413e-05	0.0387939140200614	0.0177332274615764	0.0360302552580833	0.0387972593307495	0.0360346883535385	0.0177303329110145	0.0384654998779296	0.0384655520319938	sub-21050	ses-1				space-ACPC			DSIStudio	autotrackgqi
ProjectionBasalGanglia_ThalamicRadiationR	tf	NODDI	/scratch/executivefunction/SLURM_8364170_132/job-8364170-132-sub-21050-ses-1/ds/inputs/data/qsiprep/qsiprep/sub-21050/ses-1/dwi/sub-21050_ses-1_space-ACPC_desc-preproc_dwi.nii.gz	0.005	0.9398959200906344	0.1176249789286917	0.990401029586792	0.9446190151664666	0.9920141994953156	0.0971783723689669	0.948701849727162	0.9499955416694654	sub-21050	ses-1				space-ACPC			DSIStudio	autotrackgqi
ProjectionBrainstem_MedialLemniscusR	directions	NODDI	/scratch/executivefunction/SLURM_8364170_132/job-8364170-132-sub-21050-ses-1/ds/inputs/data/qsiprep/qsiprep/sub-21050/ses-1/dwi/sub-21050_ses-1_space-ACPC_desc-preproc_dwi.nii.gz	0.0	-0.0384034179151058	0.5760716199874878	-0.0958748310804367	-0.0384034179151058	-0.0958748310804367	0.5760716199874878	-0.2096854448318481		sub-21050	ses-1				space-ACPC			DSIStudio	autotrackgqi
ProjectionBrainstem_MedialLemniscusR	icvf	NODDI	/scratch/executivefunction/SLURM_8364170_132/job-8364170-132-sub-21050-ses-1/ds/inputs/data/qsiprep/qsiprep/sub-21050/ses-1/dwi/sub-21050_ses-1_space-ACPC_desc-preproc_dwi.nii.gz	0.0026223776223776	0.4977318048477173	0.1092364490032196	0.4948302507400512	0.4990404844284057	0.4950237274169922	0.1063526943325996	0.5293137431144714	0.5305138826370239	sub-21050	ses-1				space-ACPC			DSIStudio	autotrackgqi
ProjectionBrainstem_MedialLemniscusR	isovf	NODDI	/scratch/executivefunction/SLURM_8364170_132/job-8364170-132-sub-21050-ses-1/ds/inputs/data/qsiprep/qsiprep/sub-21050/ses-1/dwi/sub-21050_ses-1_space-ACPC_desc-preproc_dwi.nii.gz	0.3784965034965035	0.0682909786701202	0.1130012571811676	0.042546410113573	0.1098802760243415	0.0861015766859054	0.1263960152864456	0.0619152747094631	0.0931623205542564	sub-21050	ses-1				space-ACPC			DSIStudio	autotrackgqi
ProjectionBrainstem_MedialLemniscusR	modulated_icvf	NODDI	/scratch/executivefunction/SLURM_8364170_132/job-8364170-132-sub-21050-ses-1/ds/inputs/data/qsiprep/qsiprep/sub-21050/ses-1/dwi/sub-21050_ses-1_space-ACPC_desc-preproc_dwi.nii.gz	0.0026223776223776	0.4594233930110931	0.0920618698000907	0.4669907689094543	0.4606313407421112	0.4675189554691314	0.0891136974096298	0.4944295287132263	0.4955505728721618	sub-21050	ses-1				space-ACPC			DSIStudio	autotrackgqi
ProjectionBrainstem_MedialLemniscusR	modulated_od	NODDI	/scratch/executivefunction/SLURM_8364170_132/job-8364170-132-sub-21050-ses-1/ds/inputs/data/qsiprep/qsiprep/sub-21050/ses-1/dwi/sub-21050_ses-1_space-ACPC_desc-preproc_dwi.nii.gz	0.0005827505827505	0.2340431660413742	0.1422320306301117	0.2157388031482696	0.2341796308755874	0.2157740443944931	0.1421611309051513	0.196190521121025	0.1964244842529297	sub-21050	ses-1				space-ACPC			DSIStudio	autotrackgqi
ProjectionBrainstem_MedialLemniscusR	nrmse	NODDI	/scratch/executivefunction/SLURM_8364170_132/job-8364170-132-sub-21050-ses-1/ds/inputs/data/qsiprep/qsiprep/sub-21050/ses-1/dwi/sub-21050_ses-1_space-ACPC_desc-preproc_dwi.nii.gz	0.0	0.0974418446421623	0.0258627440780401	0.0935337990522384	0.0974418446421623	0.0935337990522384	0.0258627440780401	0.0981024503707885	0.0981024503707885	sub-21050	ses-1				space-ACPC			DSIStudio	autotrackgqi
ProjectionBrainstem_MedialLemniscusR	od	NODDI	/scratch/executivefunction/SLURM_8364170_132/job-8364170-132-sub-21050-ses-1/ds/inputs/data/qsiprep/qsiprep/sub-21050/ses-1/dwi/sub-21050_ses-1_space-ACPC_desc-preproc_dwi.nii.gz	0.0	0.2520778477191925	0.1502294540405273	0.2347420156002044	0.2520778477191925	0.2347420156002044	0.1502294540405273	0.210224375128746	0.210224375128746	sub-21050	ses-1				space-ACPC			DSIStudio	autotrackgqi
ProjectionBrainstem_MedialLemniscusR	rmse	NODDI	/scratch/executivefunction/SLURM_8364170_132/job-8364170-132-sub-21050-ses-1/ds/inputs/data/qsiprep/qsiprep/sub-21050/ses-1/dwi/sub-21050_ses-1_space-ACPC_desc-preproc_dwi.nii.gz	0.0	0.0393532365560531	0.0115667786449193	0.0375620797276496	0.0393532365560531	0.0375620797276496	0.0115667786449193	0.0405911542475223	0.0405911542475223	sub-21050	ses-1				space-ACPC			DSIStudio	autotrackgqi
ProjectionBrainstem_MedialLemniscusR	tf	NODDI	/scratch/executivefunction/SLURM_8364170_132/job-8364170-132-sub-21050-ses-1/ds/inputs/data/qsiprep/qsiprep/sub-21050/ses-1/dwi/sub-21050_ses-1_space-ACPC_desc-preproc_dwi.nii.gz	0.0026223776223776	0.9317090244733648	0.1130012592458925	0.957453578710556	0.9341587414526988	0.9576093554496764	0.1025399141335459	0.938084727184298	0.9402117076499316	sub-21050	ses-1				space-ACPC			DSIStudio	autotrackgqi
ProjectionBrainstem_NonDecussatingDentatorubrothalamicTractR	directions	NODDI	/scratch/executivefunction/SLURM_8364170_132/job-8364170-132-sub-21050-ses-1/ds/inputs/data/qsiprep/qsiprep/sub-21050/ses-1/dwi/sub-21050_ses-1_space-ACPC_desc-preproc_dwi.nii.gz	0.0	-0.0354667901992797	0.5762598514556885	-0.0755670219659805	-0.0354667901992797	-0.0755670219659805	0.5762598514556885	-0.2672493457794189		sub-21050	ses-1				space-ACPC			DSIStudio	autotrackgqi
ProjectionBrainstem_NonDecussatingDentatorubrothalamicTractR	icvf	NODDI	/scratch/executivefunction/SLURM_8364170_132/job-8364170-132-sub-21050-ses-1/ds/inputs/data/qsiprep/qsiprep/sub-21050/ses-1/dwi/sub-21050_ses-1_space-ACPC_desc-preproc_dwi.nii.gz	0.0059523809523809	0.5171455144882202	0.1224325001239776	0.5245373249053955	0.5202422142028809	0.5257939100265503	0.1160536557435989	0.5391846895217896	0.5550394058227539	sub-21050	ses-1				space-ACPC			DSIStudio	autotrackgqi
ProjectionBrainstem_NonDecussatingDentatorubrothalamicTractR	isovf	NODDI	/scratch/executivefunction/SLURM_8364170_132/job-8364170-132-sub-21050-ses-1/ds/inputs/data/qsiprep/qsiprep/sub-21050/ses-1/dwi/sub-21050_ses-1_space-ACPC_desc-preproc_dwi.nii.gz	0.2878787878787879	0.0777046456933021	0.1194105744361877	0.0604556053876876	0.1091171652078628	0.0872149318456649	0.1288234144449234	0.1201331093907356	0.1536253690719604	sub-21050	ses-1				space-ACPC			DSIStudio	autotrackgqi
ProjectionBrainstem_NonDecussatingDentatorubrothalamicTractR	modulated_icvf	NODDI	/scratch/executivefunction/SLURM_8364170_132/job-8364170-132-sub-21050-ses-1/ds/inputs/data/qsiprep/qsiprep/sub-21050/ses-1/dwi/sub-21050_ses-1_space-ACPC_desc-preproc_dwi.nii.gz	0.0059523809523809	0.4753445386886596	0.1063710078597068	0.494256317615509	0.4781908988952636	0.4948461651802063	0.1001071110367775	0.4794308841228485	0.4935285151004791	sub-21050	ses-1				space-ACPC			DSIStudio	autotrackgqi
ProjectionBrainstem_NonDecussatingDentatorubrothalamicTractR	modulated_od	NODDI	/scratch/executivefunction/SLURM_8364170_132/job-8364170-132-sub-21050-ses-1/ds/inputs/data/qsiprep/qsiprep/sub-21050/ses-1/dwi/sub-21050_ses-1_space-ACPC_desc-preproc_dwi.nii.gz	0.0027056277056277	0.2383363246917724	0.1400402039289474	0.2250704765319824	0.2389829158782959	0.2255291938781738	0.1396779865026474	0.1821621507406234	0.1843233108520507	sub-21050	ses-1				space-ACPC			DSIStudio	autotrackgqi
ProjectionBrainstem_NonDecussatingDentatorubrothalamicTractR	nrmse	NODDI	/scratch/executivefunction/SLURM_8364170_132/job-8364170-132-sub-21050-ses-1/ds/inputs/data/qsiprep/qsiprep/sub-21050/ses-1/dwi/sub-21050_ses-1_space-ACPC_desc-preproc_dwi.nii.gz	0.0	0.0993742197751998	0.0262500308454036	0.0950445085763931	0.0993742197751998	0.0950445085763931	0.0262500308454036	0.1027967557311058	0.1027967557311058	sub-21050	ses-1				space-ACPC			DSIStudio	autotrackgqi
ProjectionBrainstem_NonDecussatingDentatorubrothalamicTractR	od	NODDI	/scratch/executivefunction/SLURM_8364170_132/job-8364170-132-sub-21050-ses-1/ds/inputs/data/qsiprep/qsiprep/sub-21050/ses-1/dwi/sub-21050_ses-1_space-ACPC_desc-preproc_dwi.nii.gz	0.0	0.2615554332733154	0.1558741629123687	0.2440508157014846	0.2615554332733154	0.2440508157014846	0.1558741629123687	0.2292145639657974	0.2292145639657974	sub-21050	ses-1				space-ACPC			DSIStudio	autotrackgqi
ProjectionBrainstem_NonDecussatingDentatorubrothalamicTractR	rmse	NODDI	/scratch/executivefunction/SLURM_8364170_132/job-8364170-132-sub-21050-ses-1/ds/inputs/data/qsiprep/qsiprep/sub-21050/ses-1/dwi/sub-21050_ses-1_space-ACPC_desc-preproc_dwi.nii.gz	0.0	0.0405439659953117	0.0119744837284088	0.038632795214653	0.0405439659953117	0.038632795214653	0.0119744837284088	0.0416696071624755	0.0416696071624755	sub-21050	ses-1				space-ACPC			DSIStudio	autotrackgqi
ProjectionBrainstem_NonDecussatingDentatorubrothalamicTractR	tf	NODDI	/scratch/executivefunction/SLURM_8364170_132/job-8364170-132-sub-21050-ses-1/ds/inputs/data/qsiprep/qsiprep/sub-21050/ses-1/dwi/sub-21050_ses-1_space-ACPC_desc-preproc_dwi.nii.gz	0.0059523809523809	0.9222953510652114	0.1194105796608373	0.9395444095134736	0.9278180777182966	0.9401297867298126	0.0960217863925139	0.8798668969617248	0.9057393873125053	sub-21050	ses-1				space-ACPC			DSIStudio	autotrackgqi
ProjectionBasalGanglia_FasciculusSubthalamicusR	directions	NODDI	/scratch/executivefunction/SLURM_8364170_132/job-8364170-132-sub-21050-ses-1/ds/inputs/data/qsiprep/qsiprep/sub-21050/ses-1/dwi/sub-21050_ses-1_space-ACPC_desc-preproc_dwi.nii.gz	0.0	-0.1354819238185882	0.5612289905548096	-0.2156508266925811	-0.1354819238185882	-0.2156508266925811	0.5612289905548096	-0.369451642036438		sub-21050	ses-1				space-ACPC			DSIStudio	autotrackgqi
ProjectionBasalGanglia_FasciculusSubthalamicusR	icvf	NODDI	/scratch/executivefunction/SLURM_8364170_132/job-8364170-132-sub-21050-ses-1/ds/inputs/data/qsiprep/qsiprep/sub-21050/ses-1/dwi/sub-21050_ses-1_space-ACPC_desc-preproc_dwi.nii.gz	0.04121110176619	0.4975369274616241	0.1871177405118942	0.4817525446414947	0.5189222693443298	0.4914495348930359	0.1594385653734207	0.5160301923751831	0.5250518918037415	sub-21050	ses-1				space-ACPC			DSIStudio	autotrackgqi
ProjectionBasalGanglia_FasciculusSubthalamicusR	isovf	NODDI	/scratch/executivefunction/SLURM_8364170_132/job-8364170-132-sub-21050-ses-1/ds/inputs/data/qsiprep/qsiprep/sub-21050/ses-1/dwi/sub-21050_ses-1_space-ACPC_desc-preproc_dwi.nii.gz	0.4516400336417157	0.1454314738512039	0.263697475194931	0.0271900426596403	0.2652117013931274	0.116590991616249	0.3082867562770843	0.0995305627584457	0.1854578256607055	sub-21050	ses-1				space-ACPC			DSIStudio	autotrackgqi
ProjectionBasalGanglia_FasciculusSubthalamicusR	modulated_icvf	NODDI	/scratch/executivefunction/SLURM_8364170_132/job-8364170-132-sub-21050-ses-1/ds/inputs/data/qsiprep/qsiprep/sub-21050/ses-1/dwi/sub-21050_ses-1_space-ACPC_desc-preproc_dwi.nii.gz	0.04121110176619	0.4221935868263244	0.1450725048780441	0.4360971450805664	0.4403404891490936	0.4447201490402221	0.1181516647338867	0.4575178623199463	0.4655166268348694	sub-21050	ses-1				space-ACPC			DSIStudio	autotrackgqi
ProjectionBasalGanglia_FasciculusSubthalamicusR	modulated_od	NODDI	/scratch/executivefunction/SLURM_8364170_132/job-8364170-132-sub-21050-ses-1/ds/inputs/data/qsiprep/qsiprep/sub-21050/ses-1/dwi/sub-21050_ses-1_space-ACPC_desc-preproc_dwi.nii.gz	0.0008410428931875	0.2403316497802734	0.1481921374797821	0.2452186495065689	0.2405339479446411	0.245536983013153	0.1480902880430221	0.2778593301773071	0.2780000567436218	sub-21050	ses-1				space-ACPC			DSIStudio	autotrackgqi
ProjectionBasalGanglia_FasciculusSubthalamicusR	nrmse	NODDI	/scratch/executivefunction/SLURM_8364170_132/job-8364170-132-sub-21050-ses-1/ds/inputs/data/qsiprep/qsiprep/sub-21050/ses-1/dwi/sub-21050_ses-1_space-ACPC_desc-preproc_dwi.nii.gz	0.0	0.1068575978279113	0.0312221497297287	0.1014455407857894	0.1068575978279113	0.1014455407857894	0.0312221497297287	0.1011563390493393	0.1011563390493393	sub-21050	ses-1				space-ACPC			DSIStudio	autotrackgqi
ProjectionBasalGanglia_FasciculusSubthalamicusR	od	NODDI	/scratch/executivefunction/SLURM_8364170_132/job-8364170-132-sub-21050-ses-1/ds/inputs/data/qsiprep/qsiprep/sub-21050/ses-1/dwi/sub-21050_ses-1_space-ACPC_desc-preproc_dwi.nii.gz	0.0	0.3035965263843536	0.1945573985576629	0.2889434099197387	0.3035965263843536	0.2889434099197387	0.1945573985576629	0.3135312795639038	0.3135312795639038	sub-21050	ses-1				space-ACPC			DSIStudio	autotrackgqi
ProjectionBasalGanglia_FasciculusSubthalamicusR	rmse	NODDI	/scratch/executivefunction/SLURM_8364170_132/job-8364170-132-sub-21050-ses-1/ds/inputs/data/qsiprep/qsiprep/sub-21050/ses-1/dwi/sub-21050_ses-1_space-ACPC_desc-preproc_dwi.nii.gz	0.0	0.041026622056961	0.0100928237661719	0.0395424515008926	0.041026622056961	0.0395424515008926	0.0100928237661719	0.040192537009716	0.040192537009716	sub-21050	ses-1				space-ACPC			DSIStudio	autotrackgqi
ProjectionBasalGanglia_FasciculusSubthalamicusR	tf	NODDI	/scratch/executivefunction/SLURM_8364170_132/job-8364170-132-sub-21050-ses-1/ds/inputs/data/qsiprep/qsiprep/sub-21050/ses-1/dwi/sub-21050_ses-1_space-ACPC_desc-preproc_dwi.nii.gz	0.04121110176619	0.8545685256600279	0.2636974536093354	0.9728099703788756	0.8912999798331345	0.98212930560112	0.1994653996640148	0.900469435845609	0.9162122250679136	sub-21050	ses-1				space-ACPC			DSIStudio	autotrackgqi
ProjectionBrainstem_ReticularTractL	directions	NODDI	/scratch/executivefunction/SLURM_8364170_132/job-8364170-132-sub-21050-ses-1/ds/inputs/data/qsiprep/qsiprep/sub-21050/ses-1/dwi/sub-21050_ses-1_space-ACPC_desc-preproc_dwi.nii.gz	0.0	-0.0704858377575874	0.573031485080719	-0.1442101597785949	-0.0704858377575874	-0.1442101597785949	0.573031485080719	-0.1864048838615417		sub-21050	ses-1				space-ACPC			DSIStudio	autotrackgqi
ProjectionBrainstem_ReticularTractL	icvf	NODDI	/scratch/executivefunction/SLURM_8364170_132/job-8364170-132-sub-21050-ses-1/ds/inputs/data/qsiprep/qsiprep/sub-21050/ses-1/dwi/sub-21050_ses-1_space-ACPC_desc-preproc_dwi.nii.gz	0.008080808080808	0.4792562425136566	0.1327887922525406	0.493636280298233	0.4831605851650238	0.4945616126060486	0.1260559260845184	0.5167717933654785	0.5173119306564331	sub-21050	ses-1				space-ACPC			DSIStudio	autotrackgqi
ProjectionBrainstem_ReticularTractL	isovf	NODDI	/scratch/executivefunction/SLURM_8364170_132/job-8364170-132-sub-21050-ses-1/ds/inputs/data/qsiprep/qsiprep/sub-21050/ses-1/dwi/sub-21050_ses-1_space-ACPC_desc-preproc_dwi.nii.gz	0.3633477633477633	0.0734122917056083	0.1219587847590446	0.0446185544133186	0.1153098791837692	0.0825587138533592	0.13613061606884	0.0613715089857578	0.0955915227532386	sub-21050	ses-1				space-ACPC			DSIStudio	autotrackgqi
ProjectionBrainstem_ReticularTractL	modulated_icvf	NODDI	/scratch/executivefunction/SLURM_8364170_132/job-8364170-132-sub-21050-ses-1/ds/inputs/data/qsiprep/qsiprep/sub-21050/ses-1/dwi/sub-21050_ses-1_space-ACPC_desc-preproc_dwi.nii.gz	0.008080808080808	0.4371220469474792	0.1110850423574447	0.459332674741745	0.4406831264495849	0.4596508145332336	0.1042646020650863	0.4810637831687927	0.4815666675567627	sub-21050	ses-1				space-ACPC			DSIStudio	autotrackgqi
ProjectionBrainstem_ReticularTractL	modulated_od	NODDI	/scratch/executivefunction/SLURM_8364170_132/job-8364170-132-sub-21050-ses-1/ds/inputs/data/qsiprep/qsiprep/sub-21050/ses-1/dwi/sub-21050_ses-1_space-ACPC_desc-preproc_dwi.nii.gz	0.0011544011544011	0.263567566871643	0.1578026115894317	0.2426952272653579	0.2638721764087677	0.2428095042705536	0.1576390415430069	0.2263693511486053	0.2263741642236709	sub-21050	ses-1				space-ACPC			DSIStudio	autotrackgqi
ProjectionBrainstem_ReticularTractL	nrmse	NODDI	/scratch/executivefunction/SLURM_8364170_132/job-8364170-132-sub-21050-ses-1/ds/inputs/data/qsiprep/qsiprep/sub-21050/ses-1/dwi/sub-21050_ses-1_space-ACPC_desc-preproc_dwi.nii.gz	0.0066378066378066	0.1044002547860145	0.0337552167475223	0.1004877313971519	0.1050978749990463	0.1007014662027359	0.0327675119042396	0.1063596233725547	0.1064620167016983	sub-21050	ses-1				space-ACPC			DSIStudio	autotrackgqi
ProjectionBrainstem_ReticularTractL	od	NODDI	/scratch/executivefunction/SLURM_8364170_132/job-8364170-132-sub-21050-ses-1/ds/inputs/data/qsiprep/qsiprep/sub-21050/ses-1/dwi/sub-21050_ses-1_space-ACPC_desc-preproc_dwi.nii.gz	0.0	0.2849131524562835	0.1629525423049926	0.2628463804721832	0.2849131524562835	0.2628463804721832	0.1629525423049926	0.2400861531496048	0.2400861531496048	sub-21050	ses-1				space-ACPC			DSIStudio	autotrackgqi
ProjectionBrainstem_ReticularTractL	rmse	NODDI	/scratch/executivefunction/SLURM_8364170_132/job-8364170-132-sub-21050-ses-1/ds/inputs/data/qsiprep/qsiprep/sub-21050/ses-1/dwi/sub-21050_ses-1_space-ACPC_desc-preproc_dwi.nii.gz	0.0066378066378066	0.0414816662669181	0.0145415579900145	0.0398645438253879	0.0417588539421558	0.0399656668305397	0.0141878426074981	0.0435193441808223	0.0435612387955188	sub-21050	ses-1				space-ACPC			DSIStudio	autotrackgqi
ProjectionBrainstem_ReticularTractL	tf	NODDI	/scratch/executivefunction/SLURM_8364170_132/job-8364170-132-sub-21050-ses-1/ds/inputs/data/qsiprep/qsiprep/sub-21050/ses-1/dwi/sub-21050_ses-1_space-ACPC_desc-preproc_dwi.nii.gz	0.0014430014430014	0.9265877047486464	0.1219587890450392	0.955381453037262	0.9279267043219824	0.9555315375328064	0.11684582536874	0.9386284941894458	0.9387058182211068	sub-21050	ses-1				space-ACPC			DSIStudio	autotrackgqi
ProjectionBasalGanglia_OpticRadiationR	directions	NODDI	/scratch/executivefunction/SLURM_8364170_132/job-8364170-132-sub-21050-ses-1/ds/inputs/data/qsiprep/qsiprep/sub-21050/ses-1/dwi/sub-21050_ses-1_space-ACPC_desc-preproc_dwi.nii.gz	0.0	-0.0434456691145896	0.5757133364677429	-0.1119105815887451	-0.0434456691145896	-0.1119105815887451	0.5757133364677429	0.016749620437622		sub-21050	ses-1				space-ACPC			DSIStudio	autotrackgqi
ProjectionBasalGanglia_OpticRadiationR	icvf	NODDI	/scratch/executivefunction/SLURM_8364170_132/job-8364170-132-sub-21050-ses-1/ds/inputs/data/qsiprep/qsiprep/sub-21050/ses-1/dwi/sub-21050_ses-1_space-ACPC_desc-preproc_dwi.nii.gz	0.0162287480680061	0.4414156973361969	0.1397674232721328	0.4333056509494781	0.4486974775791168	0.4371777772903442	0.1288016587495803	0.4772413671016693	0.4813982248306274	sub-21050	ses-1				space-ACPC			DSIStudio	autotrackgqi
ProjectionBasalGanglia_OpticRadiationR	isovf	NODDI	/scratch/executivefunction/SLURM_8364170_132/job-8364170-132-sub-21050-ses-1/ds/inputs/data/qsiprep/qsiprep/sub-21050/ses-1/dwi/sub-21050_ses-1_space-ACPC_desc-preproc_dwi.nii.gz	0.4277434312210201	0.1186562329530716	0.2134540826082229	0.0373247265815734	0.207347959280014	0.1010661423206329	0.2474453747272491	0.1042393296957016	0.1524904370307922	sub-21050	ses-1				space-ACPC			DSIStudio	autotrackgqi
ProjectionBasalGanglia_OpticRadiationR	modulated_icvf	NODDI	/scratch/executivefunction/SLURM_8364170_132/job-8364170-132-sub-21050-ses-1/ds/inputs/data/qsiprep/qsiprep/sub-21050/ses-1/dwi/sub-21050_ses-1_space-ACPC_desc-preproc_dwi.nii.gz	0.0162287480680061	0.3847161829471588	0.1204544603824615	0.4012467861175537	0.3910626471042633	0.4045531749725342	0.1107554286718368	0.4247820377349853	0.4284819364547729	sub-21050	ses-1				space-ACPC			DSIStudio	autotrackgqi
ProjectionBasalGanglia_OpticRadiationR	modulated_od	NODDI	/scratch/executivefunction/SLURM_8364170_132/job-8364170-132-sub-21050-ses-1/ds/inputs/data/qsiprep/qsiprep/sub-21050/ses-1/dwi/sub-21050_ses-1_space-ACPC_desc-preproc_dwi.nii.gz	0.0050231839258114	0.2864647805690765	0.2076353728771209	0.2470637410879135	0.2879109978675842	0.2489890605211258	0.2071562558412552	0.1723769903182983	0.1725533008575439	sub-21050	ses-1				space-ACPC			DSIStudio	autotrackgqi
ProjectionBasalGanglia_OpticRadiationR	nrmse	NODDI	/scratch/executivefunction/SLURM_8364170_132/job-8364170-132-sub-21050-ses-1/ds/inputs/data/qsiprep/qsiprep/sub-21050/ses-1/dwi/sub-21050_ses-1_space-ACPC_desc-preproc_dwi.nii.gz	0.0	0.1078793108463287	0.0570766441524028	0.093034341931343	0.1078793108463287	0.093034341931343	0.0570766441524028	0.1017959043383598	0.1017959043383598	sub-21050	ses-1				space-ACPC			DSIStudio	autotrackgqi
ProjectionBasalGanglia_OpticRadiationR	od	NODDI	/scratch/executivefunction/SLURM_8364170_132/job-8364170-132-sub-21050-ses-1/ds/inputs/data/qsiprep/qsiprep/sub-21050/ses-1/dwi/sub-21050_ses-1_space-ACPC_desc-preproc_dwi.nii.gz	0.0	0.3359369933605194	0.2298276722431183	0.2943171858787536	0.3359369933605194	0.2943171858787536	0.2298276722431183	0.2011224031448364	0.2011224031448364	sub-21050	ses-1				space-ACPC			DSIStudio	autotrackgqi
ProjectionBasalGanglia_OpticRadiationR	rmse	NODDI	/scratch/executivefunction/SLURM_8364170_132/job-8364170-132-sub-21050-ses-1/ds/inputs/data/qsiprep/qsiprep/sub-21050/ses-1/dwi/sub-21050_ses-1_space-ACPC_desc-preproc_dwi.nii.gz	0.0	0.0415252372622489	0.0260827299207448	0.0356936976313591	0.0415252372622489	0.0356936976313591	0.0260827299207448	0.0403855219483375	0.0403855219483375	sub-21050	ses-1				space-ACPC			DSIStudio	autotrackgqi
ProjectionBasalGanglia_OpticRadiationR	tf	NODDI	/scratch/executivefunction/SLURM_8364170_132/job-8364170-132-sub-21050-ses-1/ds/inputs/data/qsiprep/qsiprep/sub-21050/ses-1/dwi/sub-21050_ses-1_space-ACPC_desc-preproc_dwi.nii.gz	0.0162287480680061	0.881343763983784	0.2134540807814535	0.9626752734184264	0.8958828205773892	0.9663131237030028	0.182452668236447	0.8957606739831864	0.9035628728121208	sub-21050	ses-1				space-ACPC			DSIStudio	autotrackgqi
ProjectionBasalGanglia_AnsaSubthalamicaL	directions	NODDI	/scratch/executivefunction/SLURM_8364170_132/job-8364170-132-sub-21050-ses-1/ds/inputs/data/qsiprep/qsiprep/sub-21050/ses-1/dwi/sub-21050_ses-1_space-ACPC_desc-preproc_dwi.nii.gz	0.0	0.017780240625143	0.5770764350891113	0.0713175535202026	0.017780240625143	0.0713175535202026	0.5770764350891113	0.0475046038627624		sub-21050	ses-1				space-ACPC			DSIStudio	autotrackgqi
ProjectionBasalGanglia_AnsaSubthalamicaL	icvf	NODDI	/scratch/executivefunction/SLURM_8364170_132/job-8364170-132-sub-21050-ses-1/ds/inputs/data/qsiprep/qsiprep/sub-21050/ses-1/dwi/sub-21050_ses-1_space-ACPC_desc-preproc_dwi.nii.gz	0.0179372197309417	0.4603873491287231	0.1580079197883606	0.4573763310909271	0.4687962532043457	0.4607414603233337	0.1465620994567871	0.4664461314678192	0.4678034782409668	sub-21050	ses-1				space-ACPC			DSIStudio	autotrackgqi
ProjectionBasalGanglia_AnsaSubthalamicaL	isovf	NODDI	/scratch/executivefunction/SLURM_8364170_132/job-8364170-132-sub-21050-ses-1/ds/inputs/data/qsiprep/qsiprep/sub-21050/ses-1/dwi/sub-21050_ses-1_space-ACPC_desc-preproc_dwi.nii.gz	0.4865470852017937	0.1228046640753746	0.2287451773881912	0.0062833041884005	0.2391741573810577	0.1124941706657409	0.2721658647060394	0.0739747732877731	0.1476379930973053	sub-21050	ses-1				space-ACPC			DSIStudio	autotrackgqi
ProjectionBasalGanglia_AnsaSubthalamicaL	modulated_icvf	NODDI	/scratch/executivefunction/SLURM_8364170_132/job-8364170-132-sub-21050-ses-1/ds/inputs/data/qsiprep/qsiprep/sub-21050/ses-1/dwi/sub-21050_ses-1_space-ACPC_desc-preproc_dwi.nii.gz	0.0179372197309417	0.3936238288879394	0.1248431876301765	0.411076545715332	0.4008133113384247	0.4134776592254638	0.1139686703681945	0.4268485605716705	0.4280906915664673	sub-21050	ses-1				space-ACPC			DSIStudio	autotrackgqi
ProjectionBasalGanglia_AnsaSubthalamicaL	modulated_od	NODDI	/scratch/executivefunction/SLURM_8364170_132/job-8364170-132-sub-21050-ses-1/ds/inputs/data/qsiprep/qsiprep/sub-21050/ses-1/dwi/sub-21050_ses-1_space-ACPC_desc-preproc_dwi.nii.gz	0.0	0.2575152814388275	0.1443594098091125	0.2492652535438537	0.2575152814388275	0.2492652535438537	0.1443594098091125	0.22909577190876	0.22909577190876	sub-21050	ses-1				space-ACPC			DSIStudio	autotrackgqi
ProjectionBasalGanglia_AnsaSubthalamicaL	nrmse	NODDI	/scratch/executivefunction/SLURM_8364170_132/job-8364170-132-sub-21050-ses-1/ds/inputs/data/qsiprep/qsiprep/sub-21050/ses-1/dwi/sub-21050_ses-1_space-ACPC_desc-preproc_dwi.nii.gz	0.0	0.1080080717802047	0.0240747500211	0.104990929365158	0.1080080717802047	0.104990929365158	0.0240747500211	0.1077725142240524	0.1077725142240524	sub-21050	ses-1				space-ACPC			DSIStudio	autotrackgqi
ProjectionBasalGanglia_AnsaSubthalamicaL	od	NODDI	/scratch/executivefunction/SLURM_8364170_132/job-8364170-132-sub-21050-ses-1/ds/inputs/data/qsiprep/qsiprep/sub-21050/ses-1/dwi/sub-21050_ses-1_space-ACPC_desc-preproc_dwi.nii.gz	0.0	0.3011614978313446	0.1623959988355636	0.2758913338184356	0.3011614978313446	0.2758913338184356	0.1623959988355636	0.2464557588100433	0.2464557588100433	sub-21050	ses-1				space-ACPC			DSIStudio	autotrackgqi
ProjectionBasalGanglia_AnsaSubthalamicaL	rmse	NODDI	/scratch/executivefunction/SLURM_8364170_132/job-8364170-132-sub-21050-ses-1/ds/inputs/data/qsiprep/qsiprep/sub-21050/ses-1/dwi/sub-21050_ses-1_space-ACPC_desc-preproc_dwi.nii.gz	0.0	0.0410404205322265	0.0095105431973934	0.0401183739304542	0.0410404205322265	0.0401183739304542	0.0095105431973934	0.0423488430678844	0.0423488430678844	sub-21050	ses-1				space-ACPC			DSIStudio	autotrackgqi
ProjectionBasalGanglia_AnsaSubthalamicaL	tf	NODDI	/scratch/executivefunction/SLURM_8364170_132/job-8364170-132-sub-21050-ses-1/ds/inputs/data/qsiprep/qsiprep/sub-21050/ses-1/dwi/sub-21050_ses-1_space-ACPC_desc-preproc_dwi.nii.gz	0.0179372197309417	0.8771953256675481	0.2287451857756824	0.993716686964035	0.893217158099832	0.9977256953716278	0.1974058774610788	0.9260252325546536	0.92871996701152	sub-21050	ses-1				space-ACPC			DSIStudio	autotrackgqi
ProjectionBrainstem_NonDecussatingDentatorubrothalamicTractL	directions	NODDI	/scratch/executivefunction/SLURM_8364170_132/job-8364170-132-sub-21050-ses-1/ds/inputs/data/qsiprep/qsiprep/sub-21050/ses-1/dwi/sub-21050_ses-1_space-ACPC_desc-preproc_dwi.nii.gz	0.0	0.0429807491600513	0.5757482051849365	-0.0088906316086649	0.0429807491600513	-0.0088906316086649	0.5757482051849365	0.2437067925930023		sub-21050	ses-1				space-ACPC			DSIStudio	autotrackgqi
ProjectionBrainstem_NonDecussatingDentatorubrothalamicTractL	icvf	NODDI	/scratch/executivefunction/SLURM_8364170_132/job-8364170-132-sub-21050-ses-1/ds/inputs/data/qsiprep/qsiprep/sub-21050/ses-1/dwi/sub-21050_ses-1_space-ACPC_desc-preproc_dwi.nii.gz	0.0006637902422834	0.5570793151855469	0.1221368387341499	0.5632743239402771	0.5574493408203125	0.5637631416320801	0.1213303059339523	0.5831180810928345	0.5831471681594849	sub-21050	ses-1				space-ACPC			DSIStudio	autotrackgqi
ProjectionBrainstem_NonDecussatingDentatorubrothalamicTractL	isovf	NODDI	/scratch/executivefunction/SLURM_8364170_132/job-8364170-132-sub-21050-ses-1/ds/inputs/data/qsiprep/qsiprep/sub-21050/ses-1/dwi/sub-21050_ses-1_space-ACPC_desc-preproc_dwi.nii.gz	0.2651842017922337	0.07871975004673	0.0924924537539482	0.0705875530838966	0.1071285456418991	0.0924002230167388	0.0927296206355094	0.0922738760709762	0.1131151095032692	sub-21050	ses-1				space-ACPC			DSIStudio	autotrackgqi
ProjectionBrainstem_NonDecussatingDentatorubrothalamicTractL	modulated_icvf	NODDI	/scratch/executivefunction/SLURM_8364170_132/job-8364170-132-sub-21050-ses-1/ds/inputs/data/qsiprep/qsiprep/sub-21050/ses-1/dwi/sub-21050_ses-1_space-ACPC_desc-preproc_dwi.nii.gz	0.0006637902422834	0.5092436075210571	0.1041227728128433	0.5228419303894043	0.5095818638801575	0.5228561162948608	0.1033265963196754	0.5262470245361328	0.5262731909751892	sub-21050	ses-1				space-ACPC			DSIStudio	autotrackgqi
ProjectionBrainstem_NonDecussatingDentatorubrothalamicTractL	modulated_od	NODDI	/scratch/executivefunction/SLURM_8364170_132/job-8364170-132-sub-21050-ses-1/ds/inputs/data/qsiprep/qsiprep/sub-21050/ses-1/dwi/sub-21050_ses-1_space-ACPC_desc-preproc_dwi.nii.gz	0.0003318951211417	0.2386111766099929	0.1498686969280243	0.2120578736066818	0.2386904060840606	0.2120719701051712	0.1498305052518844	0.2049056589603424	0.2049121409654617	sub-21050	ses-1				space-ACPC			DSIStudio	autotrackgqi
ProjectionBrainstem_NonDecussatingDentatorubrothalamicTractL	nrmse	NODDI	/scratch/executivefunction/SLURM_8364170_132/job-8364170-132-sub-21050-ses-1/ds/inputs/data/qsiprep/qsiprep/sub-21050/ses-1/dwi/sub-21050_ses-1_space-ACPC_desc-preproc_dwi.nii.gz	0.0	0.0991649776697158	0.0250953044742345	0.0956716164946556	0.0991649776697158	0.0956716164946556	0.0250953044742345	0.1025083437561988	0.1025083437561988	sub-21050	ses-1				space-ACPC			DSIStudio	autotrackgqi
ProjectionBrainstem_NonDecussatingDentatorubrothalamicTractL	od	NODDI	/scratch/executivefunction/SLURM_8364170_132/job-8364170-132-sub-21050-ses-1/ds/inputs/data/qsiprep/qsiprep/sub-21050/ses-1/dwi/sub-21050_ses-1_space-ACPC_desc-preproc_dwi.nii.gz	0.0	0.2575008869171142	0.1556395590305328	0.2291028499603271	0.2575008869171142	0.2291028499603271	0.1556395590305328	0.2227898836135864	0.2227898836135864	sub-21050	ses-1				space-ACPC			DSIStudio	autotrackgqi
ProjectionBrainstem_NonDecussatingDentatorubrothalamicTractL	rmse	NODDI	/scratch/executivefunction/SLURM_8364170_132/job-8364170-132-sub-21050-ses-1/ds/inputs/data/qsiprep/qsiprep/sub-21050/ses-1/dwi/sub-21050_ses-1_space-ACPC_desc-preproc_dwi.nii.gz	0.0	0.0414621122181415	0.0118325781077146	0.0399593412876129	0.0414621122181415	0.0399593412876129	0.0118325781077146	0.0432415157556533	0.0432415157556533	sub-21050	ses-1				space-ACPC			DSIStudio	autotrackgqi
ProjectionBrainstem_NonDecussatingDentatorubrothalamicTractL	tf	NODDI	/scratch/executivefunction/SLURM_8364170_132/job-8364170-132-sub-21050-ses-1/ds/inputs/data/qsiprep/qsiprep/sub-21050/ses-1/dwi/sub-21050_ses-1_space-ACPC_desc-preproc_dwi.nii.gz	0.0006637902422834	0.9212802557347028	0.0924924537138164	0.9294124245643616	0.9218921987806908	0.9294145703315736	0.0894225411981542	0.9077261227507424	0.9077713547679972	sub-21050	ses-1				space-ACPC			DSIStudio	autotrackgqi
ProjectionBasalGanglia_CorticostriatalTractL	directions	NODDI	/scratch/executivefunction/SLURM_8364170_132/job-8364170-132-sub-21050-ses-1/ds/inputs/data/qsiprep/qsiprep/sub-21050/ses-1/dwi/sub-21050_ses-1_space-ACPC_desc-preproc_dwi.nii.gz	11.0	-0.0369503982365131	0.5759078860282898	-0.0950120463967323	-0.0369834750890731	-0.0962030664086341	0.5761645436286926	0.0712839737534523		sub-21050	ses-1				space-ACPC			DSIStudio	autotrackgqi
ProjectionBasalGanglia_CorticostriatalTractL	icvf	NODDI	/scratch/executivefunction/SLURM_8364170_132/job-8364170-132-sub-21050-ses-1/ds/inputs/data/qsiprep/qsiprep/sub-21050/ses-1/dwi/sub-21050_ses-1_space-ACPC_desc-preproc_dwi.nii.gz	0.0019512195121951	0.4277514517307281	0.1199518963694572	0.4228258728981018	0.4285877048969269	0.4231040477752685	0.1185671687126159	0.4761950969696045	0.4762561321258545	sub-21050	ses-1				space-ACPC			DSIStudio	autotrackgqi
ProjectionBasalGanglia_CorticostriatalTractL	isovf	NODDI	/scratch/executivefunction/SLURM_8364170_132/job-8364170-132-sub-21050-ses-1/ds/inputs/data/qsiprep/qsiprep/sub-21050/ses-1/dwi/sub-21050_ses-1_space-ACPC_desc-preproc_dwi.nii.gz	0.5439024390243903	0.0512387752532959	0.0995147228240966	0.0	0.1123417019844055	0.0866211429238319	0.1218542233109474	0.0530500560998916	0.0898556113243103	sub-21050	ses-1				space-ACPC			DSIStudio	autotrackgqi
ProjectionBasalGanglia_CorticostriatalTractL	modulated_icvf	NODDI	/scratch/executivefunction/SLURM_8364170_132/job-8364170-132-sub-21050-ses-1/ds/inputs/data/qsiprep/qsiprep/sub-21050/ses-1/dwi/sub-21050_ses-1_space-ACPC_desc-preproc_dwi.nii.gz	0.0019512195121951	0.4016885757446289	0.1008734628558158	0.4120098352432251	0.402473896741867	0.4123569130897522	0.0993945598602294	0.4473496973514557	0.4474070072174072	sub-21050	ses-1				space-ACPC			DSIStudio	autotrackgqi
ProjectionBasalGanglia_CorticostriatalTractL	modulated_od	NODDI	/scratch/executivefunction/SLURM_8364170_132/job-8364170-132-sub-21050-ses-1/ds/inputs/data/qsiprep/qsiprep/sub-21050/ses-1/dwi/sub-21050_ses-1_space-ACPC_desc-preproc_dwi.nii.gz	0.0018699186991869	0.297078013420105	0.1666336357593536	0.2711037099361419	0.2976345717906952	0.2713555097579956	0.1662923246622085	0.2458349913358688	0.2458663582801818	sub-21050	ses-1				space-ACPC			DSIStudio	autotrackgqi
ProjectionBasalGanglia_CorticostriatalTractL	nrmse	NODDI	/scratch/executivefunction/SLURM_8364170_132/job-8364170-132-sub-21050-ses-1/ds/inputs/data/qsiprep/qsiprep/sub-21050/ses-1/dwi/sub-21050_ses-1_space-ACPC_desc-preproc_dwi.nii.gz	0.0008943089430894	0.098588116466999	0.0329385846853256	0.0933245047926902	0.098676361143589	0.0933607220649719	0.0328209325671196	0.0967375412583351	0.0967449620366096	sub-21050	ses-1				space-ACPC			DSIStudio	autotrackgqi
ProjectionBasalGanglia_CorticostriatalTractL	od	NODDI	/scratch/executivefunction/SLURM_8364170_132/job-8364170-132-sub-21050-ses-1/ds/inputs/data/qsiprep/qsiprep/sub-21050/ses-1/dwi/sub-21050_ses-1_space-ACPC_desc-preproc_dwi.nii.gz	0.0008943089430894	0.3138839304447174	0.1723913103342056	0.287871778011322	0.3141649067401886	0.2879416644573211	0.1722123622894287	0.2584204077720642	0.2584402561187744	sub-21050	ses-1				space-ACPC			DSIStudio	autotrackgqi
ProjectionBasalGanglia_CorticostriatalTractL	rmse	NODDI	/scratch/executivefunction/SLURM_8364170_132/job-8364170-132-sub-21050-ses-1/ds/inputs/data/qsiprep/qsiprep/sub-21050/ses-1/dwi/sub-21050_ses-1_space-ACPC_desc-preproc_dwi.nii.gz	0.0008943089430894	0.0385116338729858	0.015052349306643	0.0362769216299057	0.0385461077094078	0.0362882800400257	0.0150149017572402	0.0387717485427856	0.0387747250497341	sub-21050	ses-1				space-ACPC			DSIStudio	autotrackgqi
ProjectionBasalGanglia_CorticostriatalTractL	tf	NODDI	/scratch/executivefunction/SLURM_8364170_132/job-8364170-132-sub-21050-ses-1/ds/inputs/data/qsiprep/qsiprep/sub-21050/ses-1/dwi/sub-21050_ses-1_space-ACPC_desc-preproc_dwi.nii.gz	0.0019512195121951	0.9478669185076304	0.1034651810787132	1.0	0.9497200307627772	1.0	0.0946891471836327	0.946873164992496	0.9469945221064872	sub-21050	ses-1				space-ACPC			DSIStudio	autotrackgqi
ProjectionBrainstem_CorticospinalTractL	directions	NODDI	/scratch/executivefunction/SLURM_8364170_132/job-8364170-132-sub-21050-ses-1/ds/inputs/data/qsiprep/qsiprep/sub-21050/ses-1/dwi/sub-21050_ses-1_space-ACPC_desc-preproc_dwi.nii.gz	4.0	0.099356971681118	0.568340539932251	0.0222373530268669	0.099491462111473	0.0230127051472663	0.5687132477760315	0.4044964909553528		sub-21050	ses-1				space-ACPC			DSIStudio	autotrackgqi
ProjectionBrainstem_CorticospinalTractL	icvf	NODDI	/scratch/executivefunction/SLURM_8364170_132/job-8364170-132-sub-21050-ses-1/ds/inputs/data/qsiprep/qsiprep/sub-21050/ses-1/dwi/sub-21050_ses-1_space-ACPC_desc-preproc_dwi.nii.gz	0.0060831361946603	0.5550970435142517	0.1617091745138168	0.575295090675354	0.5584944486618042	0.5765277147293091	0.1562449187040329	0.6289805173873901	0.6293528079986572	sub-21050	ses-1				space-ACPC			DSIStudio	autotrackgqi
ProjectionBrainstem_CorticospinalTractL	isovf	NODDI	/scratch/executivefunction/SLURM_8364170_132/job-8364170-132-sub-21050-ses-1/ds/inputs/data/qsiprep/qsiprep/sub-21050/ses-1/dwi/sub-21050_ses-1_space-ACPC_desc-preproc_dwi.nii.gz	0.288948969246367	0.1006413176655769	0.1415316313505172	0.0796502009034156	0.1415388137102127	0.1028152853250503	0.1496084183454513	0.1070175245404243	0.1236177682876586	sub-21050	ses-1				space-ACPC			DSIStudio	autotrackgqi
ProjectionBrainstem_CorticospinalTractL	modulated_icvf	NODDI	/scratch/executivefunction/SLURM_8364170_132/job-8364170-132-sub-21050-ses-1/ds/inputs/data/qsiprep/qsiprep/sub-21050/ses-1/dwi/sub-21050_ses-1_space-ACPC_desc-preproc_dwi.nii.gz	0.0060831361946603	0.4881696999073028	0.1240192428231239	0.5059260129928589	0.4911574721336365	0.5069950222969055	0.1183530166745185	0.5547231435775757	0.5550515055656433	sub-21050	ses-1				space-ACPC			DSIStudio	autotrackgqi
ProjectionBrainstem_CorticospinalTractL	modulated_od	NODDI	/scratch/executivefunction/SLURM_8364170_132/job-8364170-132-sub-21050-ses-1/ds/inputs/data/qsiprep/qsiprep/sub-21050/ses-1/dwi/sub-21050_ses-1_space-ACPC_desc-preproc_dwi.nii.gz	0.0013518080432578	0.223629429936409	0.1695621907711029	0.1869304627180099	0.223932147026062	0.1871192753314972	0.1694770455360412	0.156421273946762	0.1564272493124008	sub-21050	ses-1				space-ACPC			DSIStudio	autotrackgqi
ProjectionBrainstem_CorticospinalTractL	nrmse	NODDI	/scratch/executivefunction/SLURM_8364170_132/job-8364170-132-sub-21050-ses-1/ds/inputs/data/qsiprep/qsiprep/sub-21050/ses-1/dwi/sub-21050_ses-1_space-ACPC_desc-preproc_dwi.nii.gz	0.0023656640757012	0.1049838066101074	0.040681529790163	0.0960229337215423	0.1052327528595924	0.0961309596896171	0.0404068604111671	0.1085558459162712	0.1085648238658905	sub-21050	ses-1				space-ACPC			DSIStudio	autotrackgqi
ProjectionBrainstem_CorticospinalTractL	od	NODDI	/scratch/executivefunction/SLURM_8364170_132/job-8364170-132-sub-21050-ses-1/ds/inputs/data/qsiprep/qsiprep/sub-21050/ses-1/dwi/sub-21050_ses-1_space-ACPC_desc-preproc_dwi.nii.gz	0.0013518080432578	0.2490298300981521	0.1799389421939849	0.2130343317985534	0.2493669241666793	0.2131949067115783	0.1798271089792251	0.1746081411838531	0.1746148318052292	sub-21050	ses-1				space-ACPC			DSIStudio	autotrackgqi
ProjectionBrainstem_CorticospinalTractL	rmse	NODDI	/scratch/executivefunction/SLURM_8364170_132/job-8364170-132-sub-21050-ses-1/ds/inputs/data/qsiprep/qsiprep/sub-21050/ses-1/dwi/sub-21050_ses-1_space-ACPC_desc-preproc_dwi.nii.gz	0.0023656640757012	0.0438499860465526	0.0260620489716529	0.0399339348077774	0.0439539663493633	0.0399611517786979	0.0260052047669887	0.0470450893044471	0.0470489785075187	sub-21050	ses-1				space-ACPC			DSIStudio	autotrackgqi
ProjectionBrainstem_CorticospinalTractL	tf	NODDI	/scratch/executivefunction/SLURM_8364170_132/job-8364170-132-sub-21050-ses-1/ds/inputs/data/qsiprep/qsiprep/sub-21050/ses-1/dwi/sub-21050_ses-1_space-ACPC_desc-preproc_dwi.nii.gz	0.0050692801622169	0.8980068680038723	0.1452896730691111	0.920259177684784	0.9025823106057942	0.9207401275634766	0.1307169791889169	0.8929443020175636	0.8934331094756234	sub-21050	ses-1				space-ACPC			DSIStudio	autotrackgqi
ProjectionBrainstem_MedialForebrainBundleR	directions	NODDI	/scratch/executivefunction/SLURM_8364170_132/job-8364170-132-sub-21050-ses-1/ds/inputs/data/qsiprep/qsiprep/sub-21050/ses-1/dwi/sub-21050_ses-1_space-ACPC_desc-preproc_dwi.nii.gz	0.0	-0.0361119322478771	0.5762197971343994	-0.0749406069517135	-0.0361119322478771	-0.0749406069517135	0.5762197971343994	-0.0972254425287246		sub-21050	ses-1				space-ACPC			DSIStudio	autotrackgqi
ProjectionBrainstem_MedialForebrainBundleR	icvf	NODDI	/scratch/executivefunction/SLURM_8364170_132/job-8364170-132-sub-21050-ses-1/ds/inputs/data/qsiprep/qsiprep/sub-21050/ses-1/dwi/sub-21050_ses-1_space-ACPC_desc-preproc_dwi.nii.gz	0.0711845102505694	0.4798327386379242	0.1853596121072769	0.4859933257102966	0.5166071653366089	0.4952091872692108	0.1341397315263748	0.5056101679801941	0.5151243209838867	sub-21050	ses-1				space-ACPC			DSIStudio	autotrackgqi
ProjectionBrainstem_MedialForebrainBundleR	isovf	NODDI	/scratch/executivefunction/SLURM_8364170_132/job-8364170-132-sub-21050-ses-1/ds/inputs/data/qsiprep/qsiprep/sub-21050/ses-1/dwi/sub-21050_ses-1_space-ACPC_desc-preproc_dwi.nii.gz	0.398633257403189	0.1690507233142852	0.2895312905311584	0.0349290743470191	0.2811108529567718	0.1143476814031601	0.3284738957881927	0.1003379598259925	0.1904192864894867	sub-21050	ses-1				space-ACPC			DSIStudio	autotrackgqi
ProjectionBrainstem_MedialForebrainBundleR	modulated_icvf	NODDI	/scratch/executivefunction/SLURM_8364170_132/job-8364170-132-sub-21050-ses-1/ds/inputs/data/qsiprep/qsiprep/sub-21050/ses-1/dwi/sub-21050_ses-1_space-ACPC_desc-preproc_dwi.nii.gz	0.0711845102505694	0.4027832448482513	0.1545268297195434	0.4474964737892151	0.4336525797843933	0.4547560214996338	0.1110046356916427	0.4497995376586914	0.458263486623764	sub-21050	ses-1				space-ACPC			DSIStudio	autotrackgqi
ProjectionBrainstem_MedialForebrainBundleR	modulated_od	NODDI	/scratch/executivefunction/SLURM_8364170_132/job-8364170-132-sub-21050-ses-1/ds/inputs/data/qsiprep/qsiprep/sub-21050/ses-1/dwi/sub-21050_ses-1_space-ACPC_desc-preproc_dwi.nii.gz	0.0085421412300683	0.2505679130554199	0.1706736236810684	0.2443161308765411	0.2527267336845398	0.2452360242605209	0.1698083132505417	0.2177968323230743	0.2184475362300872	sub-21050	ses-1				space-ACPC			DSIStudio	autotrackgqi
ProjectionBrainstem_MedialForebrainBundleR	nrmse	NODDI	/scratch/executivefunction/SLURM_8364170_132/job-8364170-132-sub-21050-ses-1/ds/inputs/data/qsiprep/qsiprep/sub-21050/ses-1/dwi/sub-21050_ses-1_space-ACPC_desc-preproc_dwi.nii.gz	0.015375854214123	0.1139897257089614	0.0370187759399414	0.1076659262180328	0.1157697811722755	0.1082647964358329	0.0344341769814491	0.1093668490648269	0.1100315451622009	sub-21050	ses-1				space-ACPC			DSIStudio	autotrackgqi
ProjectionBrainstem_MedialForebrainBundleR	od	NODDI	/scratch/executivefunction/SLURM_8364170_132/job-8364170-132-sub-21050-ses-1/ds/inputs/data/qsiprep/qsiprep/sub-21050/ses-1/dwi/sub-21050_ses-1_space-ACPC_desc-preproc_dwi.nii.gz	0.0	0.3404693007469177	0.2238221019506454	0.2899999916553497	0.3404693007469177	0.2899999916553497	0.2238221019506454	0.252951979637146	0.252951979637146	sub-21050	ses-1				space-ACPC			DSIStudio	autotrackgqi
ProjectionBrainstem_MedialForebrainBundleR	rmse	NODDI	/scratch/executivefunction/SLURM_8364170_132/job-8364170-132-sub-21050-ses-1/ds/inputs/data/qsiprep/qsiprep/sub-21050/ses-1/dwi/sub-21050_ses-1_space-ACPC_desc-preproc_dwi.nii.gz	0.015375854214123	0.0431081131100654	0.0122164413332939	0.0416743606328964	0.0437812879681587	0.0418390333652496	0.0110498657450079	0.0436411276459693	0.0439063608646392	sub-21050	ses-1				space-ACPC			DSIStudio	autotrackgqi
ProjectionBrainstem_MedialForebrainBundleR	tf	NODDI	/scratch/executivefunction/SLURM_8364170_132/job-8364170-132-sub-21050-ses-1/ds/inputs/data/qsiprep/qsiprep/sub-21050/ses-1/dwi/sub-21050_ses-1_space-ACPC_desc-preproc_dwi.nii.gz	0.0558086560364464	0.8309492810983593	0.2895312947588443	0.9650709331035614	0.8800644979545952	0.9753378629684448	0.2134448067218257	0.8996620426486536	0.9109843940763488	sub-21050	ses-1				space-ACPC			DSIStudio	autotrackgqi
ProjectionBasalGanglia_AnsaLenticularisR	directions	NODDI	/scratch/executivefunction/SLURM_8364170_132/job-8364170-132-sub-21050-ses-1/ds/inputs/data/qsiprep/qsiprep/sub-21050/ses-1/dwi/sub-21050_ses-1_space-ACPC_desc-preproc_dwi.nii.gz	0.0	-0.0492535084486007	0.5752455592155457	-0.0684319660067558	-0.0492535084486007	-0.0684319660067558	0.5752455592155457	0.0981728732585907		sub-21050	ses-1				space-ACPC			DSIStudio	autotrackgqi
ProjectionBasalGanglia_AnsaLenticularisR	icvf	NODDI	/scratch/executivefunction/SLURM_8364170_132/job-8364170-132-sub-21050-ses-1/ds/inputs/data/qsiprep/qsiprep/sub-21050/ses-1/dwi/sub-21050_ses-1_space-ACPC_desc-preproc_dwi.nii.gz	0.0688427299703264	0.4220641553401947	0.1921668350696563	0.409679502248764	0.4532683789730072	0.4171058535575866	0.1597322523593902	0.4012267589569092	0.4231822788715362	sub-21050	ses-1				space-ACPC			DSIStudio	autotrackgqi
ProjectionBasalGanglia_AnsaLenticularisR	isovf	NODDI	/scratch/executivefunction/SLURM_8364170_132/job-8364170-132-sub-21050-ses-1/ds/inputs/data/qsiprep/qsiprep/sub-21050/ses-1/dwi/sub-21050_ses-1_space-ACPC_desc-preproc_dwi.nii.gz	0.5364985163204747	0.2031505703926086	0.3271061182022095	0.0	0.4382954239845276	0.3414860665798187	0.3574704527854919	0.1502217352390289	0.4085285663604736	sub-21050	ses-1				space-ACPC			DSIStudio	autotrackgqi
ProjectionBasalGanglia_AnsaLenticularisR	modulated_icvf	NODDI	/scratch/executivefunction/SLURM_8364170_132/job-8364170-132-sub-21050-ses-1/ds/inputs/data/qsiprep/qsiprep/sub-21050/ses-1/dwi/sub-21050_ses-1_space-ACPC_desc-preproc_dwi.nii.gz	0.0688427299703264	0.3347730040550232	0.1420283317565918	0.3427272737026214	0.359523594379425	0.3564558625221252	0.1129822880029678	0.3429957330226898	0.3617647886276245	sub-21050	ses-1				space-ACPC			DSIStudio	autotrackgqi
ProjectionBasalGanglia_AnsaLenticularisR	modulated_od	NODDI	/scratch/executivefunction/SLURM_8364170_132/job-8364170-132-sub-21050-ses-1/ds/inputs/data/qsiprep/qsiprep/sub-21050/ses-1/dwi/sub-21050_ses-1_space-ACPC_desc-preproc_dwi.nii.gz	0.0100890207715133	0.2280728816986084	0.1470142304897308	0.2381927818059921	0.2303973585367202	0.2395683825016021	0.1459380090236663	0.2394759207963943	0.2413471490144729	sub-21050	ses-1				space-ACPC			DSIStudio	autotrackgqi
ProjectionBasalGanglia_AnsaLenticularisR	nrmse	NODDI	/scratch/executivefunction/SLURM_8364170_132/job-8364170-132-sub-21050-ses-1/ds/inputs/data/qsiprep/qsiprep/sub-21050/ses-1/dwi/sub-21050_ses-1_space-ACPC_desc-preproc_dwi.nii.gz	0.0	0.1100051999092102	0.0308622419834136	0.1033338829874992	0.1100051999092102	0.1033338829874992	0.0308622419834136	0.1090116277337074	0.1090116277337074	sub-21050	ses-1				space-ACPC			DSIStudio	autotrackgqi
ProjectionBasalGanglia_AnsaLenticularisR	od	NODDI	/scratch/executivefunction/SLURM_8364170_132/job-8364170-132-sub-21050-ses-1/ds/inputs/data/qsiprep/qsiprep/sub-21050/ses-1/dwi/sub-21050_ses-1_space-ACPC_desc-preproc_dwi.nii.gz	0.0	0.3335301578044891	0.2203926742076873	0.2899999916553497	0.3335301578044891	0.2899999916553497	0.2203926742076873	0.3185601830482483	0.3185601830482483	sub-21050	ses-1				space-ACPC			DSIStudio	autotrackgqi
ProjectionBasalGanglia_AnsaLenticularisR	rmse	NODDI	/scratch/executivefunction/SLURM_8364170_132/job-8364170-132-sub-21050-ses-1/ds/inputs/data/qsiprep/qsiprep/sub-21050/ses-1/dwi/sub-21050_ses-1_space-ACPC_desc-preproc_dwi.nii.gz	0.0	0.0397566147148609	0.0102583710104227	0.0385361164808273	0.0397566147148609	0.0385361164808273	0.0102583710104227	0.040010180324316	0.040010180324316	sub-21050	ses-1				space-ACPC			DSIStudio	autotrackgqi
ProjectionBasalGanglia_AnsaLenticularisR	tf	NODDI	/scratch/executivefunction/SLURM_8364170_132/job-8364170-132-sub-21050-ses-1/ds/inputs/data/qsiprep/qsiprep/sub-21050/ses-1/dwi/sub-21050_ses-1_space-ACPC_desc-preproc_dwi.nii.gz	0.0688427299703264	0.7968493996105137	0.3271061220082945	1.0	0.8557624208691623	1.0	0.2539557429460878	0.8497782607620119	0.8962789808880236	sub-21050	ses-1				space-ACPC			DSIStudio	autotrackgqi
Commissure_CorpusCallosum	directions	NODDI	/scratch/executivefunction/SLURM_8364170_132/job-8364170-132-sub-21050-ses-1/ds/inputs/data/qsiprep/qsiprep/sub-21050/ses-1/dwi/sub-21050_ses-1_space-ACPC_desc-preproc_dwi.nii.gz	13.0	-0.0761282071471214	0.5722266435623169	-0.1076492071151733	-0.0761497765779495	-0.1079549491405487	0.5723063349723816	-0.3123542964458465		sub-21050	ses-1				space-ACPC			DSIStudio	autotrackgqi
Commissure_CorpusCallosum	icvf	NODDI	/scratch/executivefunction/SLURM_8364170_132/job-8364170-132-sub-21050-ses-1/ds/inputs/data/qsiprep/qsiprep/sub-21050/ses-1/dwi/sub-21050_ses-1_space-ACPC_desc-preproc_dwi.nii.gz	0.0098278492046197	0.4295363128185272	0.1480753719806671	0.4135592877864837	0.4337996542453766	0.4155760407447815	0.1424588412046432	0.5259163975715637	0.5284432172775269	sub-21050	ses-1				space-ACPC			DSIStudio	autotrackgqi
Commissure_CorpusCallosum	isovf	NODDI	/scratch/executivefunction/SLURM_8364170_132/job-8364170-132-sub-21050-ses-1/ds/inputs/data/qsiprep/qsiprep/sub-21050/ses-1/dwi/sub-21050_ses-1_space-ACPC_desc-preproc_dwi.nii.gz	0.4760732185661364	0.0938661620020866	0.1788648962974548	0.0148240197449922	0.1791589260101318	0.1039744764566421	0.2139678746461868	0.1178260892629623	0.1513943523168563	sub-21050	ses-1				space-ACPC			DSIStudio	autotrackgqi
Commissure_CorpusCallosum	modulated_icvf	NODDI	/scratch/executivefunction/SLURM_8364170_132/job-8364170-132-sub-21050-ses-1/ds/inputs/data/qsiprep/qsiprep/sub-21050/ses-1/dwi/sub-21050_ses-1_space-ACPC_desc-preproc_dwi.nii.gz	0.0098278492046197	0.3835467994213104	0.1235812380909919	0.3869727849960327	0.3873536586761474	0.3888849914073944	0.1181071996688842	0.4543069005012512	0.4564896821975708	sub-21050	ses-1				space-ACPC			DSIStudio	autotrackgqi
Commissure_CorpusCallosum	modulated_od	NODDI	/scratch/executivefunction/SLURM_8364170_132/job-8364170-132-sub-21050-ses-1/ds/inputs/data/qsiprep/qsiprep/sub-21050/ses-1/dwi/sub-21050_ses-1_space-ACPC_desc-preproc_dwi.nii.gz	0.0060361734582697	0.2764250636100769	0.1788683235645294	0.2575556635856628	0.2781037390232086	0.2591430246829986	0.1781048029661178	0.1550760418176651	0.1552880406379699	sub-21050	ses-1				space-ACPC			DSIStudio	autotrackgqi
Commissure_CorpusCallosum	nrmse	NODDI	/scratch/executivefunction/SLURM_8364170_132/job-8364170-132-sub-21050-ses-1/ds/inputs/data/qsiprep/qsiprep/sub-21050/ses-1/dwi/sub-21050_ses-1_space-ACPC_desc-preproc_dwi.nii.gz	0.0002832861189801	0.1006289571523666	0.041750494390726	0.0929306298494339	0.100657470524311	0.0929384306073188	0.0417220257222652	0.1029137670993805	0.1029148772358894	sub-21050	ses-1				space-ACPC			DSIStudio	autotrackgqi
Commissure_CorpusCallosum	od	NODDI	/scratch/executivefunction/SLURM_8364170_132/job-8364170-132-sub-21050-ses-1/ds/inputs/data/qsiprep/qsiprep/sub-21050/ses-1/dwi/sub-21050_ses-1_space-ACPC_desc-preproc_dwi.nii.gz	0.0002832861189801	0.3114870190620422	0.1997583508491516	0.2849235236644745	0.3115752637386322	0.2850746512413025	0.1997178047895431	0.175087571144104	0.175089493393898	sub-21050	ses-1				space-ACPC			DSIStudio	autotrackgqi
Commissure_CorpusCallosum	rmse	NODDI	/scratch/executivefunction/SLURM_8364170_132/job-8364170-132-sub-21050-ses-1/ds/inputs/data/qsiprep/qsiprep/sub-21050/ses-1/dwi/sub-21050_ses-1_space-ACPC_desc-preproc_dwi.nii.gz	0.0002832861189801	0.0388744696974754	0.019292926415801	0.0355802178382873	0.0388854853808879	0.0355854034423828	0.0192845556885004	0.041744478046894	0.0417449325323104	sub-21050	ses-1				space-ACPC			DSIStudio	autotrackgqi
Commissure_CorpusCallosum	tf	NODDI	/scratch/executivefunction/SLURM_8364170_132/job-8364170-132-sub-21050-ses-1/ds/inputs/data/qsiprep/qsiprep/sub-21050/ses-1/dwi/sub-21050_ses-1_space-ACPC_desc-preproc_dwi.nii.gz	0.0098278492046197	0.9058505536957124	0.1795067584386488	0.9849947094917296	0.91484147778552	0.987619936466217	0.155939824349206	0.8821629452135347	0.8864013654790251	sub-21050	ses-1				space-ACPC			DSIStudio	autotrackgqi
Commissure_AnteriorCommissure	directions	NODDI	/scratch/executivefunction/SLURM_8364170_132/job-8364170-132-sub-21050-ses-1/ds/inputs/data/qsiprep/qsiprep/sub-21050/ses-1/dwi/sub-21050_ses-1_space-ACPC_desc-preproc_dwi.nii.gz	2.0	-0.0693945214152336	0.5729743242263794	-0.1175456568598747	-0.0694399699568748	-0.1182505786418914	0.5731591582298279	-0.3001062273979187		sub-21050	ses-1				space-ACPC			DSIStudio	autotrackgqi
Commissure_AnteriorCommissure	icvf	NODDI	/scratch/executivefunction/SLURM_8364170_132/job-8364170-132-sub-21050-ses-1/ds/inputs/data/qsiprep/qsiprep/sub-21050/ses-1/dwi/sub-21050_ses-1_space-ACPC_desc-preproc_dwi.nii.gz	0.0068717277486911	0.3661994338035583	0.1314511597156524	0.3427272737026214	0.3687332570552826	0.3427272737026214	0.1283146888017654	0.3601500391960144	0.3607508540153503	sub-21050	ses-1				space-ACPC			DSIStudio	autotrackgqi
Commissure_AnteriorCommissure	isovf	NODDI	/scratch/executivefunction/SLURM_8364170_132/job-8364170-132-sub-21050-ses-1/ds/inputs/data/qsiprep/qsiprep/sub-21050/ses-1/dwi/sub-21050_ses-1_space-ACPC_desc-preproc_dwi.nii.gz	0.6534685863874345	0.0767775326967239	0.1797949224710464	0.0	0.2215600907802581	0.1122617423534393	0.2474005967378616	0.0561953485012054	0.2353224456310272	sub-21050	ses-1				space-ACPC			DSIStudio	autotrackgqi
Commissure_AnteriorCommissure	modulated_icvf	NODDI	/scratch/executivefunction/SLURM_8364170_132/job-8364170-132-sub-21050-ses-1/ds/inputs/data/qsiprep/qsiprep/sub-21050/ses-1/dwi/sub-21050_ses-1_space-ACPC_desc-preproc_dwi.nii.gz	0.0068717277486911	0.3290454149246216	0.1024099513888359	0.3345174789428711	0.3313221633434295	0.335030049085617	0.0990253835916519	0.3299905657768249	0.3305410742759704	sub-21050	ses-1				space-ACPC			DSIStudio	autotrackgqi
Commissure_AnteriorCommissure	modulated_od	NODDI	/scratch/executivefunction/SLURM_8364170_132/job-8364170-132-sub-21050-ses-1/ds/inputs/data/qsiprep/qsiprep/sub-21050/ses-1/dwi/sub-21050_ses-1_space-ACPC_desc-preproc_dwi.nii.gz	0.0032722513089005	0.2527278363704681	0.1506928652524948	0.2342371344566345	0.2535575330257416	0.2348425388336181	0.1502414941787719	0.2406085431575775	0.2407025694847107	sub-21050	ses-1				space-ACPC			DSIStudio	autotrackgqi
Commissure_AnteriorCommissure	nrmse	NODDI	/scratch/executivefunction/SLURM_8364170_132/job-8364170-132-sub-21050-ses-1/ds/inputs/data/qsiprep/qsiprep/sub-21050/ses-1/dwi/sub-21050_ses-1_space-ACPC_desc-preproc_dwi.nii.gz	0.0006544502617801	0.1003311946988105	0.0295364279299974	0.0969608873128891	0.1003968939185142	0.0969886481761932	0.0294342543929815	0.0971359610557556	0.0971370041370391	sub-21050	ses-1				space-ACPC			DSIStudio	autotrackgqi
Commissure_AnteriorCommissure	od	NODDI	/scratch/executivefunction/SLURM_8364170_132/job-8364170-132-sub-21050-ses-1/ds/inputs/data/qsiprep/qsiprep/sub-21050/ses-1/dwi/sub-21050_ses-1_space-ACPC_desc-preproc_dwi.nii.gz	0.0006544502617801	0.2797196805477142	0.1668229103088379	0.2506583929061889	0.2799028754234314	0.2507675588130951	0.1667238175868988	0.2586038112640381	0.2586066126823425	sub-21050	ses-1				space-ACPC			DSIStudio	autotrackgqi
Commissure_AnteriorCommissure	rmse	NODDI	/scratch/executivefunction/SLURM_8364170_132/job-8364170-132-sub-21050-ses-1/ds/inputs/data/qsiprep/qsiprep/sub-21050/ses-1/dwi/sub-21050_ses-1_space-ACPC_desc-preproc_dwi.nii.gz	0.0006544502617801	0.0371386520564556	0.0125155355781316	0.0359705276787281	0.0371629744768142	0.0359718278050422	0.0124834831804037	0.0358306095004081	0.0358309969305992	sub-21050	ses-1				space-ACPC			DSIStudio	autotrackgqi
Commissure_AnteriorCommissure	tf	NODDI	/scratch/executivefunction/SLURM_8364170_132/job-8364170-132-sub-21050-ses-1/ds/inputs/data/qsiprep/qsiprep/sub-21050/ses-1/dwi/sub-21050_ses-1_space-ACPC_desc-preproc_dwi.nii.gz	0.0068717277486911	0.9225680189919098	0.1813277207722877	1.0	0.928951520935511	1.0	0.1648553379911507	0.9437939032968384	0.9453683343392244	sub-21050	ses-1				space-ACPC			DSIStudio	autotrackgqi
Cerebellum_CerebellumL	directions	NODDI	/scratch/executivefunction/SLURM_8364170_132/job-8364170-132-sub-21050-ses-1/ds/inputs/data/qsiprep/qsiprep/sub-21050/ses-1/dwi/sub-21050_ses-1_space-ACPC_desc-preproc_dwi.nii.gz	140.0	-0.2217424362897873	0.5281087756156921	-0.3158514201641083	-0.2253008782863617	-0.3266876339912414	0.5315757989883423	-0.796920120716095		sub-21050	ses-1				space-ACPC			DSIStudio	autotrackgqi
Cerebellum_CerebellumL	icvf	NODDI	/scratch/executivefunction/SLURM_8364170_132/job-8364170-132-sub-21050-ses-1/ds/inputs/data/qsiprep/qsiprep/sub-21050/ses-1/dwi/sub-21050_ses-1_space-ACPC_desc-preproc_dwi.nii.gz	0.0186146209386281	0.5198041200637817	0.1386712044477462	0.5045454502105713	0.529663622379303	0.5045454502105713	0.1198842674493789	0.5204635858535767	0.525023877620697	sub-21050	ses-1				space-ACPC			DSIStudio	autotrackgqi
Cerebellum_CerebellumL	isovf	NODDI	/scratch/executivefunction/SLURM_8364170_132/job-8364170-132-sub-21050-ses-1/ds/inputs/data/qsiprep/qsiprep/sub-21050/ses-1/dwi/sub-21050_ses-1_space-ACPC_desc-preproc_dwi.nii.gz	0.6101083032490975	0.067960113286972	0.1414619237184524	0.0	0.1743050962686538	0.10805294662714	0.1810780465602874	0.0573519505560398	0.1469883471727371	sub-21050	ses-1				space-ACPC			DSIStudio	autotrackgqi
Cerebellum_CerebellumL	modulated_icvf	NODDI	/scratch/executivefunction/SLURM_8364170_132/job-8364170-132-sub-21050-ses-1/ds/inputs/data/qsiprep/qsiprep/sub-21050/ses-1/dwi/sub-21050_ses-1_space-ACPC_desc-preproc_dwi.nii.gz	0.0186146209386281	0.4772384464740753	0.1241445988416671	0.495898962020874	0.4862905740737915	0.4973079264163971	0.1063120439648628	0.4863464832305908	0.4906078577041626	sub-21050	ses-1				space-ACPC			DSIStudio	autotrackgqi
Cerebellum_CerebellumL	modulated_od	NODDI	/scratch/executivefunction/SLURM_8364170_132/job-8364170-132-sub-21050-ses-1/ds/inputs/data/qsiprep/qsiprep/sub-21050/ses-1/dwi/sub-21050_ses-1_space-ACPC_desc-preproc_dwi.nii.gz	0.0160198555956678	0.3975003659725189	0.1393039673566818	0.4106406569480896	0.4039719402790069	0.4125589728355407	0.1307944804430008	0.3969694077968597	0.4003133773803711	sub-21050	ses-1				space-ACPC			DSIStudio	autotrackgqi
Cerebellum_CerebellumL	nrmse	NODDI	/scratch/executivefunction/SLURM_8364170_132/job-8364170-132-sub-21050-ses-1/ds/inputs/data/qsiprep/qsiprep/sub-21050/ses-1/dwi/sub-21050_ses-1_space-ACPC_desc-preproc_dwi.nii.gz	0.0178249097472924	0.0886216163635253	0.0526521317660808	0.0761138647794723	0.0902299582958221	0.0766729116439819	0.0517439693212509	0.0839410871267318	0.0846627727150917	sub-21050	ses-1				space-ACPC			DSIStudio	autotrackgqi
Cerebellum_CerebellumL	od	NODDI	/scratch/executivefunction/SLURM_8364170_132/job-8364170-132-sub-21050-ses-1/ds/inputs/data/qsiprep/qsiprep/sub-21050/ses-1/dwi/sub-21050_ses-1_space-ACPC_desc-preproc_dwi.nii.gz	0.0157942238267148	0.427762359380722	0.1360908448696136	0.4321133494377136	0.434626966714859	0.4339927732944488	0.1258347779512405	0.421087235212326	0.4246271848678589	sub-21050	ses-1				space-ACPC			DSIStudio	autotrackgqi
Cerebellum_CerebellumL	rmse	NODDI	/scratch/executivefunction/SLURM_8364170_132/job-8364170-132-sub-21050-ses-1/ds/inputs/data/qsiprep/qsiprep/sub-21050/ses-1/dwi/sub-21050_ses-1_space-ACPC_desc-preproc_dwi.nii.gz	0.0178249097472924	0.0377131104469299	0.0492747314274311	0.0306724272668361	0.0383975431323051	0.0309054721146821	0.0494548566639423	0.0348996855318546	0.0351997315883636	sub-21050	ses-1				space-ACPC			DSIStudio	autotrackgqi
Cerebellum_CerebellumL	tf	NODDI	/scratch/executivefunction/SLURM_8364170_132/job-8364170-132-sub-21050-ses-1/ds/inputs/data/qsiprep/qsiprep/sub-21050/ses-1/dwi/sub-21050_ses-1_space-ACPC_desc-preproc_dwi.nii.gz	0.0165839350180505	0.9162456649775862	0.1827826246154605	1.0	0.93169686524737	1.0	0.139918037581108	0.934311376394624	0.9423194418663234	sub-21050	ses-1				space-ACPC			DSIStudio	autotrackgqi
Cerebellum_Vermis	directions	NODDI	/scratch/executivefunction/SLURM_8364170_132/job-8364170-132-sub-21050-ses-1/ds/inputs/data/qsiprep/qsiprep/sub-21050/ses-1/dwi/sub-21050_ses-1_space-ACPC_desc-preproc_dwi.nii.gz	17.0	-0.0743738263845443	0.5716460347175598	-0.0975523442029953	-0.0746027156710624	-0.0999983698129654	0.5725100636482239	-0.2591311931610107		sub-21050	ses-1				space-ACPC			DSIStudio	autotrackgqi
Cerebellum_Vermis	icvf	NODDI	/scratch/executivefunction/SLURM_8364170_132/job-8364170-132-sub-21050-ses-1/ds/inputs/data/qsiprep/qsiprep/sub-21050/ses-1/dwi/sub-21050_ses-1_space-ACPC_desc-preproc_dwi.nii.gz	0.0140768814293448	0.5172327756881714	0.1076818704605102	0.5045454502105713	0.5246177315711975	0.5045454502105713	0.0888068154454231	0.5082371234893799	0.5096105337142944	sub-21050	ses-1				space-ACPC			DSIStudio	autotrackgqi
Cerebellum_Vermis	isovf	NODDI	/scratch/executivefunction/SLURM_8364170_132/job-8364170-132-sub-21050-ses-1/ds/inputs/data/qsiprep/qsiprep/sub-21050/ses-1/dwi/sub-21050_ses-1_space-ACPC_desc-preproc_dwi.nii.gz	0.7190037899296156	0.0557009652256965	0.151281401515007	0.0	0.1982267498970031	0.1060767769813537	0.2306376844644546	0.0409540012478828	0.1532039642333984	sub-21050	ses-1				space-ACPC			DSIStudio	autotrackgqi
Cerebellum_Vermis	modulated_icvf	NODDI	/scratch/executivefunction/SLURM_8364170_132/job-8364170-132-sub-21050-ses-1/ds/inputs/data/qsiprep/qsiprep/sub-21050/ses-1/dwi/sub-21050_ses-1_space-ACPC_desc-preproc_dwi.nii.gz	0.0140768814293448	0.4828657507896423	0.0955085828900337	0.5018560886383057	0.4897600412368774	0.5025553703308105	0.0766523331403732	0.4844524264335632	0.4857615828514099	sub-21050	ses-1				space-ACPC			DSIStudio	autotrackgqi
Cerebellum_Vermis	modulated_od	NODDI	/scratch/executivefunction/SLURM_8364170_132/job-8364170-132-sub-21050-ses-1/ds/inputs/data/qsiprep/qsiprep/sub-21050/ses-1/dwi/sub-21050_ses-1_space-ACPC_desc-preproc_dwi.nii.gz	0.0034289839379173	0.4522227346897125	0.140706405043602	0.4583825469017029	0.4537787139415741	0.4588667750358581	0.1384208649396896	0.4552975296974182	0.4555613696575165	sub-21050	ses-1				space-ACPC			DSIStudio	autotrackgqi
Cerebellum_Vermis	nrmse	NODDI	/scratch/executivefunction/SLURM_8364170_132/job-8364170-132-sub-21050-ses-1/ds/inputs/data/qsiprep/qsiprep/sub-21050/ses-1/dwi/sub-21050_ses-1_space-ACPC_desc-preproc_dwi.nii.gz	0.0092041147807255	0.0973721221089363	0.0310569796711206	0.0928719565272331	0.098276674747467	0.0931107401847839	0.0297422260046005	0.0932832211256027	0.0934091061353683	sub-21050	ses-1				space-ACPC			DSIStudio	autotrackgqi
Cerebellum_Vermis	od	NODDI	/scratch/executivefunction/SLURM_8364170_132/job-8364170-132-sub-21050-ses-1/ds/inputs/data/qsiprep/qsiprep/sub-21050/ses-1/dwi/sub-21050_ses-1_space-ACPC_desc-preproc_dwi.nii.gz	0.0030680382602418	0.4803815186023712	0.1291740238666534	0.4765503704547882	0.4818598628044128	0.4769554436206817	0.1265895366668701	0.4740671515464782	0.4742639064788818	sub-21050	ses-1				space-ACPC			DSIStudio	autotrackgqi
Cerebellum_Vermis	rmse	NODDI	/scratch/executivefunction/SLURM_8364170_132/job-8364170-132-sub-21050-ses-1/ds/inputs/data/qsiprep/qsiprep/sub-21050/ses-1/dwi/sub-21050_ses-1_space-ACPC_desc-preproc_dwi.nii.gz	0.0092041147807255	0.0396154448390007	0.0130879376083612	0.0380749218165874	0.0399834588170051	0.0381772629916667	0.0125766042619943	0.0379914864897728	0.0380427539348602	sub-21050	ses-1				space-ACPC			DSIStudio	autotrackgqi
Cerebellum_Vermis	tf	NODDI	/scratch/executivefunction/SLURM_8364170_132/job-8364170-132-sub-21050-ses-1/ds/inputs/data/qsiprep/qsiprep/sub-21050/ses-1/dwi/sub-21050_ses-1_space-ACPC_desc-preproc_dwi.nii.gz	0.0079408049088612	0.9412309981128236	0.1600090777728599	1.0	0.9487649555290442	1.0	0.1366011904020615	0.958631051165758	0.9603236274417264	sub-21050	ses-1				space-ACPC			DSIStudio	autotrackgqi
Cerebellum_InferiorCerebellarPeduncleR	directions	NODDI	/scratch/executivefunction/SLURM_8364170_132/job-8364170-132-sub-21050-ses-1/ds/inputs/data/qsiprep/qsiprep/sub-21050/ses-1/dwi/sub-21050_ses-1_space-ACPC_desc-preproc_dwi.nii.gz	1.0	-0.0750702545046806	0.5723745226860046	-0.0777423083782196	-0.0750894546508789	-0.0778823569416999	0.5724464654922485	-0.1122335195541381		sub-21050	ses-1				space-ACPC			DSIStudio	autotrackgqi
Cerebellum_InferiorCerebellarPeduncleR	icvf	NODDI	/scratch/executivefunction/SLURM_8364170_132/job-8364170-132-sub-21050-ses-1/ds/inputs/data/qsiprep/qsiprep/sub-21050/ses-1/dwi/sub-21050_ses-1_space-ACPC_desc-preproc_dwi.nii.gz	0.0176380368098159	0.5373824834823608	0.127345472574234	0.5165678858757019	0.547031044960022	0.5183125138282776	0.1059716045856475	0.5650234222412109	0.5710240006446838	sub-21050	ses-1				space-ACPC			DSIStudio	autotrackgqi
Cerebellum_InferiorCerebellarPeduncleR	isovf	NODDI	/scratch/executivefunction/SLURM_8364170_132/job-8364170-132-sub-21050-ses-1/ds/inputs/data/qsiprep/qsiprep/sub-21050/ses-1/dwi/sub-21050_ses-1_space-ACPC_desc-preproc_dwi.nii.gz	0.4821063394683026	0.099965900182724	0.1899377256631851	0.0078683085739612	0.1930239796638488	0.1029779613018035	0.2273704260587692	0.1097592189908027	0.153642937541008	sub-21050	ses-1				space-ACPC			DSIStudio	autotrackgqi
Cerebellum_InferiorCerebellarPeduncleR	modulated_icvf	NODDI	/scratch/executivefunction/SLURM_8364170_132/job-8364170-132-sub-21050-ses-1/ds/inputs/data/qsiprep/qsiprep/sub-21050/ses-1/dwi/sub-21050_ses-1_space-ACPC_desc-preproc_dwi.nii.gz	0.0176380368098159	0.4764643013477325	0.1133120283484458	0.500468373298645	0.4850190877914428	0.5014360547065735	0.0944505929946899	0.4969774186611175	0.5022553205490112	sub-21050	ses-1				space-ACPC			DSIStudio	autotrackgqi
Cerebellum_InferiorCerebellarPeduncleR	modulated_od	NODDI	/scratch/executivefunction/SLURM_8364170_132/job-8364170-132-sub-21050-ses-1/ds/inputs/data/qsiprep/qsiprep/sub-21050/ses-1/dwi/sub-21050_ses-1_space-ACPC_desc-preproc_dwi.nii.gz	0.0010224948875255	0.3738934993743896	0.1722081899642944	0.3864853680133819	0.37427619099617	0.3868312537670135	0.1718801259994506	0.2960013747215271	0.2960720658302307	sub-21050	ses-1				space-ACPC			DSIStudio	autotrackgqi
Cerebellum_InferiorCerebellarPeduncleR	nrmse	NODDI	/scratch/executivefunction/SLURM_8364170_132/job-8364170-132-sub-21050-ses-1/ds/inputs/data/qsiprep/qsiprep/sub-21050/ses-1/dwi/sub-21050_ses-1_space-ACPC_desc-preproc_dwi.nii.gz	0.0084355828220858	0.0957887172698974	0.0344643034040927	0.0906657874584198	0.096603624522686	0.090895727276802	0.0334540009498596	0.1013720631599426	0.1017952784895896	sub-21050	ses-1				space-ACPC			DSIStudio	autotrackgqi
Cerebellum_InferiorCerebellarPeduncleR	od	NODDI	/scratch/executivefunction/SLURM_8364170_132/job-8364170-132-sub-21050-ses-1/ds/inputs/data/qsiprep/qsiprep/sub-21050/ses-1/dwi/sub-21050_ses-1_space-ACPC_desc-preproc_dwi.nii.gz	0.0002556237218813	0.4160108268260956	0.1676655858755111	0.4254116415977478	0.4161171913146972	0.4254961907863617	0.1675549894571304	0.3311135172843933	0.3311158716678619	sub-21050	ses-1				space-ACPC			DSIStudio	autotrackgqi
Cerebellum_InferiorCerebellarPeduncleR	rmse	NODDI	/scratch/executivefunction/SLURM_8364170_132/job-8364170-132-sub-21050-ses-1/ds/inputs/data/qsiprep/qsiprep/sub-21050/ses-1/dwi/sub-21050_ses-1_space-ACPC_desc-preproc_dwi.nii.gz	0.0084355828220858	0.0384050421416759	0.0129185197874903	0.036778450012207	0.0387317687273025	0.0368477925658226	0.0124761098995804	0.0412411615252494	0.0414133369922637	sub-21050	ses-1				space-ACPC			DSIStudio	autotrackgqi
Cerebellum_InferiorCerebellarPeduncleR	tf	NODDI	/scratch/executivefunction/SLURM_8364170_132/job-8364170-132-sub-21050-ses-1/ds/inputs/data/qsiprep/qsiprep/sub-21050/ses-1/dwi/sub-21050_ses-1_space-ACPC_desc-preproc_dwi.nii.gz	0.0094580777096114	0.8997784805291758	0.1904751751346383	0.9919842779636384	0.9083699137626156	0.99366557598114	0.1697734252663786	0.8902336176229918	0.8959300686202445	sub-21050	ses-1				space-ACPC			DSIStudio	autotrackgqi
Cerebellum_MiddleCerebellarPeduncle	directions	NODDI	/scratch/executivefunction/SLURM_8364170_132/job-8364170-132-sub-21050-ses-1/ds/inputs/data/qsiprep/qsiprep/sub-21050/ses-1/dwi/sub-21050_ses-1_space-ACPC_desc-preproc_dwi.nii.gz	53.0	-0.1324599981307983	0.5605847835540771	-0.186876118183136	-0.1330717504024505	-0.1901107132434845	0.5618053674697876	-0.4149275422096252		sub-21050	ses-1				space-ACPC			DSIStudio	autotrackgqi
Cerebellum_MiddleCerebellarPeduncle	icvf	NODDI	/scratch/executivefunction/SLURM_8364170_132/job-8364170-132-sub-21050-ses-1/ds/inputs/data/qsiprep/qsiprep/sub-21050/ses-1/dwi/sub-21050_ses-1_space-ACPC_desc-preproc_dwi.nii.gz	0.0217711857056119	0.5758693218231201	0.1596072018146515	0.5414338111877441	0.5886856913566589	0.5438106060028076	0.136002168059349	0.661293625831604	0.6685394048690796	sub-21050	ses-1				space-ACPC			DSIStudio	autotrackgqi
Cerebellum_MiddleCerebellarPeduncle	isovf	NODDI	/scratch/executivefunction/SLURM_8364170_132/job-8364170-132-sub-21050-ses-1/ds/inputs/data/qsiprep/qsiprep/sub-21050/ses-1/dwi/sub-21050_ses-1_space-ACPC_desc-preproc_dwi.nii.gz	0.4277907884465261	0.1195344850420951	0.2082193195819854	0.0337768904864788	0.2088999599218368	0.1103917211294174	0.2389556169509887	0.1753406971693039	0.2255129516124725	sub-21050	ses-1				space-ACPC			DSIStudio	autotrackgqi
Cerebellum_MiddleCerebellarPeduncle	modulated_icvf	NODDI	/scratch/executivefunction/SLURM_8364170_132/job-8364170-132-sub-21050-ses-1/ds/inputs/data/qsiprep/qsiprep/sub-21050/ses-1/dwi/sub-21050_ses-1_space-ACPC_desc-preproc_dwi.nii.gz	0.0217711857056119	0.4959227442741394	0.1311128139495849	0.5084011554718018	0.506959855556488	0.5114055871963501	0.1094430685043335	0.5287562012672424	0.5345498323440552	sub-21050	ses-1				space-ACPC			DSIStudio	autotrackgqi
Cerebellum_MiddleCerebellarPeduncle	modulated_od	NODDI	/scratch/executivefunction/SLURM_8364170_132/job-8364170-132-sub-21050-ses-1/ds/inputs/data/qsiprep/qsiprep/sub-21050/ses-1/dwi/sub-21050_ses-1_space-ACPC_desc-preproc_dwi.nii.gz	0.0055512186659727	0.3259549140930176	0.1803026795387268	0.3412766456604004	0.3277744650840759	0.3428563177585602	0.1791483461856842	0.2204249203205108	0.2208057045936584	sub-21050	ses-1				space-ACPC			DSIStudio	autotrackgqi
Cerebellum_MiddleCerebellarPeduncle	nrmse	NODDI	/scratch/executivefunction/SLURM_8364170_132/job-8364170-132-sub-21050-ses-1/ds/inputs/data/qsiprep/qsiprep/sub-21050/ses-1/dwi/sub-21050_ses-1_space-ACPC_desc-preproc_dwi.nii.gz	0.009367681498829	0.1041547432541847	0.0516866333782672	0.0932347699999809	0.1051396578550338	0.0936400964856147	0.0509236380457878	0.1131469011306762	0.1133002936840057	sub-21050	ses-1				space-ACPC			DSIStudio	autotrackgqi
Cerebellum_MiddleCerebellarPeduncle	od	NODDI	/scratch/executivefunction/SLURM_8364170_132/job-8364170-132-sub-21050-ses-1/ds/inputs/data/qsiprep/qsiprep/sub-21050/ses-1/dwi/sub-21050_ses-1_space-ACPC_desc-preproc_dwi.nii.gz	0.0045971029577586	0.3690762519836426	0.1833252757787704	0.3815747797489166	0.3707807660102844	0.3826089799404144	0.1820202469825744	0.2639185786247253	0.2641169428825378	sub-21050	ses-1				space-ACPC			DSIStudio	autotrackgqi
Cerebellum_MiddleCerebellarPeduncle	rmse	NODDI	/scratch/executivefunction/SLURM_8364170_132/job-8364170-132-sub-21050-ses-1/ds/inputs/data/qsiprep/qsiprep/sub-21050/ses-1/dwi/sub-21050_ses-1_space-ACPC_desc-preproc_dwi.nii.gz	0.009367681498829	0.0429050624370574	0.0292639397084712	0.0383490324020385	0.0433107838034629	0.0385105796158313	0.0291016194969415	0.046888880431652	0.0469524562358856	sub-21050	ses-1				space-ACPC			DSIStudio	autotrackgqi
Cerebellum_MiddleCerebellarPeduncle	tf	NODDI	/scratch/executivefunction/SLURM_8364170_132/job-8364170-132-sub-21050-ses-1/ds/inputs/data/qsiprep/qsiprep/sub-21050/ses-1/dwi/sub-21050_ses-1_space-ACPC_desc-preproc_dwi.nii.gz	0.0170006071645415	0.8758684286261403	0.2164075525796972	0.9647361040115356	0.8910162457981798	0.96804940700531	0.1847842621047041	0.8239080704618047	0.8324285315737412	sub-21050	ses-1				space-ACPC			DSIStudio	autotrackgqi
Cerebellum_SuperiorCerebellarPeduncle	directions	NODDI	/scratch/executivefunction/SLURM_8364170_132/job-8364170-132-sub-21050-ses-1/ds/inputs/data/qsiprep/qsiprep/sub-21050/ses-1/dwi/sub-21050_ses-1_space-ACPC_desc-preproc_dwi.nii.gz	0.0	-0.0568922124803066	0.5745403170585632	-0.0906637609004974	-0.0568922124803066	-0.0906637609004974	0.5745403170585632	-0.0483640134334564		sub-21050	ses-1				space-ACPC			DSIStudio	autotrackgqi
Cerebellum_SuperiorCerebellarPeduncle	icvf	NODDI	/scratch/executivefunction/SLURM_8364170_132/job-8364170-132-sub-21050-ses-1/ds/inputs/data/qsiprep/qsiprep/sub-21050/ses-1/dwi/sub-21050_ses-1_space-ACPC_desc-preproc_dwi.nii.gz	0.0464285714285714	0.5128317475318909	0.17286217212677	0.5045454502105713	0.5378010869026184	0.5100935101509094	0.1338196396827697	0.511701762676239	0.5564284920692444	sub-21050	ses-1				space-ACPC			DSIStudio	autotrackgqi
Cerebellum_SuperiorCerebellarPeduncle	isovf	NODDI	/scratch/executivefunction/SLURM_8364170_132/job-8364170-132-sub-21050-ses-1/ds/inputs/data/qsiprep/qsiprep/sub-21050/ses-1/dwi/sub-21050_ses-1_space-ACPC_desc-preproc_dwi.nii.gz	0.3345238095238095	0.1730862557888031	0.2763532400131225	0.0606295019388198	0.2600938379764557	0.1119312494993209	0.303531676530838	0.2769495546817779	0.3793171644210815	sub-21050	ses-1				space-ACPC			DSIStudio	autotrackgqi
Cerebellum_SuperiorCerebellarPeduncle	modulated_icvf	NODDI	/scratch/executivefunction/SLURM_8364170_132/job-8364170-132-sub-21050-ses-1/ds/inputs/data/qsiprep/qsiprep/sub-21050/ses-1/dwi/sub-21050_ses-1_space-ACPC_desc-preproc_dwi.nii.gz	0.0464285714285714	0.4272149801254272	0.1492978483438491	0.4618470668792724	0.4480157196521759	0.4687293767929077	0.1185582801699638	0.371006965637207	0.4034359157085418	sub-21050	ses-1				space-ACPC			DSIStudio	autotrackgqi
Cerebellum_SuperiorCerebellarPeduncle	modulated_od	NODDI	/scratch/executivefunction/SLURM_8364170_132/job-8364170-132-sub-21050-ses-1/ds/inputs/data/qsiprep/qsiprep/sub-21050/ses-1/dwi/sub-21050_ses-1_space-ACPC_desc-preproc_dwi.nii.gz	0.0071428571428571	0.2790005505084991	0.1620808243751526	0.2751986682415008	0.2810077667236328	0.2765966355800628	0.1609196960926056	0.195642203092575	0.1994164884090423	sub-21050	ses-1				space-ACPC			DSIStudio	autotrackgqi
Cerebellum_SuperiorCerebellarPeduncle	nrmse	NODDI	/scratch/executivefunction/SLURM_8364170_132/job-8364170-132-sub-21050-ses-1/ds/inputs/data/qsiprep/qsiprep/sub-21050/ses-1/dwi/sub-21050_ses-1_space-ACPC_desc-preproc_dwi.nii.gz	0.0	0.1061645150184631	0.031161954626441	0.0997225940227508	0.1061645150184631	0.0997225940227508	0.031161954626441	0.1102916672825813	0.1102916672825813	sub-21050	ses-1				space-ACPC			DSIStudio	autotrackgqi
Cerebellum_SuperiorCerebellarPeduncle	od	NODDI	/scratch/executivefunction/SLURM_8364170_132/job-8364170-132-sub-21050-ses-1/ds/inputs/data/qsiprep/qsiprep/sub-21050/ses-1/dwi/sub-21050_ses-1_space-ACPC_desc-preproc_dwi.nii.gz	0.0	0.3636521100997925	0.2005220204591751	0.3355372548103332	0.3636521100997925	0.3355372548103332	0.2005220204591751	0.320304274559021	0.320304274559021	sub-21050	ses-1				space-ACPC			DSIStudio	autotrackgqi
Cerebellum_SuperiorCerebellarPeduncle	rmse	NODDI	/scratch/executivefunction/SLURM_8364170_132/job-8364170-132-sub-21050-ses-1/ds/inputs/data/qsiprep/qsiprep/sub-21050/ses-1/dwi/sub-21050_ses-1_space-ACPC_desc-preproc_dwi.nii.gz	0.0	0.0407085604965686	0.0111599517986178	0.038440853357315	0.0407085604965686	0.038440853357315	0.0111599517986178	0.04019071534276	0.04019071534276	sub-21050	ses-1				space-ACPC			DSIStudio	autotrackgqi
Cerebellum_SuperiorCerebellarPeduncle	tf	NODDI	/scratch/executivefunction/SLURM_8364170_132/job-8364170-132-sub-21050-ses-1/ds/inputs/data/qsiprep/qsiprep/sub-21050/ses-1/dwi/sub-21050_ses-1_space-ACPC_desc-preproc_dwi.nii.gz	0.0464285714285714	0.8269137413019225	0.2763532464839841	0.9393705129623412	0.8671754590432147	0.9470064342021942	0.2125454943518197	0.7230504362885022	0.7862507412444237	sub-21050	ses-1				space-ACPC			DSIStudio	autotrackgqi
Cerebellum_CerebellumR	directions	NODDI	/scratch/executivefunction/SLURM_8364170_132/job-8364170-132-sub-21050-ses-1/ds/inputs/data/qsiprep/qsiprep/sub-21050/ses-1/dwi/sub-21050_ses-1_space-ACPC_desc-preproc_dwi.nii.gz	64.0	-0.0488503836095333	0.5731692314147949	-0.030403796583414	-0.0492082200944423	-0.040554866194725	0.575249433517456	-0.1727801710367202		sub-21050	ses-1				space-ACPC			DSIStudio	autotrackgqi
Cerebellum_CerebellumR	icvf	NODDI	/scratch/executivefunction/SLURM_8364170_132/job-8364170-132-sub-21050-ses-1/ds/inputs/data/qsiprep/qsiprep/sub-21050/ses-1/dwi/sub-21050_ses-1_space-ACPC_desc-preproc_dwi.nii.gz	0.0078400181797523	0.4971143007278442	0.1196710839867591	0.4953612387180328	0.5010424852371216	0.4958811402320862	0.1116519048810005	0.526349663734436	0.5278729200363159	sub-21050	ses-1				space-ACPC			DSIStudio	autotrackgqi
Cerebellum_CerebellumR	isovf	NODDI	/scratch/executivefunction/SLURM_8364170_132/job-8364170-132-sub-21050-ses-1/ds/inputs/data/qsiprep/qsiprep/sub-21050/ses-1/dwi/sub-21050_ses-1_space-ACPC_desc-preproc_dwi.nii.gz	0.6173162140665833	0.0668015256524086	0.1406333744525909	0.0	0.1745606362819671	0.1090047731995582	0.1813041567802429	0.0676074102520942	0.1639618724584579	sub-21050	ses-1				space-ACPC			DSIStudio	autotrackgqi
Cerebellum_CerebellumR	modulated_icvf	NODDI	/scratch/executivefunction/SLURM_8364170_132/job-8364170-132-sub-21050-ses-1/ds/inputs/data/qsiprep/qsiprep/sub-21050/ses-1/dwi/sub-21050_ses-1_space-ACPC_desc-preproc_dwi.nii.gz	0.0078400181797523	0.4570580422878265	0.1073461100459098	0.4763951301574707	0.4606696963310241	0.4770893454551697	0.0997520014643669	0.4838913977146148	0.4852918088436126	sub-21050	ses-1				space-ACPC			DSIStudio	autotrackgqi
Cerebellum_CerebellumR	modulated_od	NODDI	/scratch/executivefunction/SLURM_8364170_132/job-8364170-132-sub-21050-ses-1/ds/inputs/data/qsiprep/qsiprep/sub-21050/ses-1/dwi/sub-21050_ses-1_space-ACPC_desc-preproc_dwi.nii.gz	0.0072719009203499	0.4105012118816376	0.1464202404022216	0.4293178617954254	0.4135082066059112	0.4307348132133484	0.1426622420549392	0.3981118500232696	0.399075299501419	sub-21050	ses-1				space-ACPC			DSIStudio	autotrackgqi
Cerebellum_CerebellumR	nrmse	NODDI	/scratch/executivefunction/SLURM_8364170_132/job-8364170-132-sub-21050-ses-1/ds/inputs/data/qsiprep/qsiprep/sub-21050/ses-1/dwi/sub-21050_ses-1_space-ACPC_desc-preproc_dwi.nii.gz	0.0073855243722304	0.0900065079331398	0.0506032481789588	0.078690193593502	0.0906761959195137	0.0789265781641006	0.0501898042857646	0.0868301168084144	0.0870419293642044	sub-21050	ses-1				space-ACPC			DSIStudio	autotrackgqi
Cerebellum_CerebellumR	od	NODDI	/scratch/executivefunction/SLURM_8364170_132/job-8364170-132-sub-21050-ses-1/ds/inputs/data/qsiprep/qsiprep/sub-21050/ses-1/dwi/sub-21050_ses-1_space-ACPC_desc-preproc_dwi.nii.gz	0.0072719009203499	0.4385821223258972	0.1396959722042083	0.4521379470825195	0.4417948126792907	0.453377217054367	0.1350502222776413	0.4229143857955932	0.4239379465579986	sub-21050	ses-1				space-ACPC			DSIStudio	autotrackgqi
Cerebellum_CerebellumR	rmse	NODDI	/scratch/executivefunction/SLURM_8364170_132/job-8364170-132-sub-21050-ses-1/ds/inputs/data/qsiprep/qsiprep/sub-21050/ses-1/dwi/sub-21050_ses-1_space-ACPC_desc-preproc_dwi.nii.gz	0.0073855243722304	0.0367181748151779	0.0285380221903324	0.0313114039599895	0.0369913727045059	0.0314127653837204	0.0284670405089855	0.0355913117527961	0.0356781333684921	sub-21050	ses-1				space-ACPC			DSIStudio	autotrackgqi
Cerebellum_CerebellumR	tf	NODDI	/scratch/executivefunction/SLURM_8364170_132/job-8364170-132-sub-21050-ses-1/ds/inputs/data/qsiprep/qsiprep/sub-21050/ses-1/dwi/sub-21050_ses-1_space-ACPC_desc-preproc_dwi.nii.gz	0.0077263947278718	0.9259265722124268	0.1613233401902697	1.0	0.933136352002928	1.0	0.1396429709314609	0.9299783365909496	0.9326517322818404	sub-21050	ses-1				space-ACPC			DSIStudio	autotrackgqi
Cerebellum_InferiorCerebellarPeduncleL	directions	NODDI	/scratch/executivefunction/SLURM_8364170_132/job-8364170-132-sub-21050-ses-1/ds/inputs/data/qsiprep/qsiprep/sub-21050/ses-1/dwi/sub-21050_ses-1_space-ACPC_desc-preproc_dwi.nii.gz	20.0	-0.1261790245771408	0.5617018938064575	-0.2344555854797363	-0.1269035637378692	-0.2375251799821853	0.5632306933403015	-0.3515926003456116		sub-21050	ses-1				space-ACPC			DSIStudio	autotrackgqi
Cerebellum_InferiorCerebellarPeduncleL	icvf	NODDI	/scratch/executivefunction/SLURM_8364170_132/job-8364170-132-sub-21050-ses-1/ds/inputs/data/qsiprep/qsiprep/sub-21050/ses-1/dwi/sub-21050_ses-1_space-ACPC_desc-preproc_dwi.nii.gz	0.0219811590065658	0.5613561868667603	0.1472753137350082	0.5393450856208801	0.5739728212356567	0.5413486957550049	0.1222126334905624	0.6030954718589783	0.6082342267036438	sub-21050	ses-1				space-ACPC			DSIStudio	autotrackgqi
Cerebellum_InferiorCerebellarPeduncleL	isovf	NODDI	/scratch/executivefunction/SLURM_8364170_132/job-8364170-132-sub-21050-ses-1/ds/inputs/data/qsiprep/qsiprep/sub-21050/ses-1/dwi/sub-21050_ses-1_space-ACPC_desc-preproc_dwi.nii.gz	0.4096488723950899	0.1063717827200889	0.1884702742099762	0.0374055616557598	0.180183932185173	0.1024121344089508	0.2164938449859619	0.1031481474637985	0.140519917011261	sub-21050	ses-1				space-ACPC			DSIStudio	autotrackgqi
Cerebellum_InferiorCerebellarPeduncleL	modulated_icvf	NODDI	/scratch/executivefunction/SLURM_8364170_132/job-8364170-132-sub-21050-ses-1/ds/inputs/data/qsiprep/qsiprep/sub-21050/ses-1/dwi/sub-21050_ses-1_space-ACPC_desc-preproc_dwi.nii.gz	0.0219811590065658	0.4936278760433197	0.1297463625669479	0.5080138444900513	0.5047222375869751	0.5105883479118347	0.1077631115913391	0.535184383392334	0.5397444367408752	sub-21050	ses-1				space-ACPC			DSIStudio	autotrackgqi
Cerebellum_InferiorCerebellarPeduncleL	modulated_od	NODDI	/scratch/executivefunction/SLURM_8364170_132/job-8364170-132-sub-21050-ses-1/ds/inputs/data/qsiprep/qsiprep/sub-21050/ses-1/dwi/sub-21050_ses-1_space-ACPC_desc-preproc_dwi.nii.gz	0.0074222095346845	0.3404290676116943	0.1695923656225204	0.3442909717559814	0.3429747223854065	0.3460769355297088	0.1676411479711532	0.3026865124702453	0.3038731813430786	sub-21050	ses-1				space-ACPC			DSIStudio	autotrackgqi
Cerebellum_InferiorCerebellarPeduncleL	nrmse	NODDI	/scratch/executivefunction/SLURM_8364170_132/job-8364170-132-sub-21050-ses-1/ds/inputs/data/qsiprep/qsiprep/sub-21050/ses-1/dwi/sub-21050_ses-1_space-ACPC_desc-preproc_dwi.nii.gz	0.012846131886954	0.1020887643098831	0.0411811098456382	0.0961173474788665	0.1034172773361206	0.0965288430452346	0.0397562757134437	0.1107492372393608	0.1111447587609291	sub-21050	ses-1				space-ACPC			DSIStudio	autotrackgqi
Cerebellum_InferiorCerebellarPeduncleL	od	NODDI	/scratch/executivefunction/SLURM_8364170_132/job-8364170-132-sub-21050-ses-1/ds/inputs/data/qsiprep/qsiprep/sub-21050/ses-1/dwi/sub-21050_ses-1_space-ACPC_desc-preproc_dwi.nii.gz	0.0057093919497573	0.3825173377990722	0.1708854436874389	0.3818935751914978	0.3847138285636902	0.3831934332847595	0.1688919812440872	0.3383617103099823	0.3387112617492676	sub-21050	ses-1				space-ACPC			DSIStudio	autotrackgqi
Cerebellum_InferiorCerebellarPeduncleL	rmse	NODDI	/scratch/executivefunction/SLURM_8364170_132/job-8364170-132-sub-21050-ses-1/ds/inputs/data/qsiprep/qsiprep/sub-21050/ses-1/dwi/sub-21050_ses-1_space-ACPC_desc-preproc_dwi.nii.gz	0.012846131886954	0.0418531559407711	0.019029838964343	0.0390527583658695	0.0423978045582771	0.0392265915870666	0.0185406450182199	0.0469848737120628	0.0471526719629764	sub-21050	ses-1				space-ACPC			DSIStudio	autotrackgqi
Cerebellum_InferiorCerebellarPeduncleL	tf	NODDI	/scratch/executivefunction/SLURM_8364170_132/job-8364170-132-sub-21050-ses-1/ds/inputs/data/qsiprep/qsiprep/sub-21050/ses-1/dwi/sub-21050_ses-1_space-ACPC_desc-preproc_dwi.nii.gz	0.0148444190693691	0.8879188247282369	0.1999580001090312	0.960573434829712	0.9012980710005836	0.9635085463523864	0.168899330023172	0.8958199163554832	0.9011565283957472	sub-21050	ses-1				space-ACPC			DSIStudio	autotrackgqi
CranialNerve_CNVIIIL	directions	NODDI	/scratch/executivefunction/SLURM_8364170_132/job-8364170-132-sub-21050-ses-1/ds/inputs/data/qsiprep/qsiprep/sub-21050/ses-1/dwi/sub-21050_ses-1_space-ACPC_desc-preproc_dwi.nii.gz	0.0	-0.1095748469233512	0.566856861114502	-0.2229233980178833	-0.1095748469233512	-0.2229233980178833	0.566856861114502	-0.4496920704841614		sub-21050	ses-1				space-ACPC			DSIStudio	autotrackgqi
CranialNerve_CNVIIIL	icvf	NODDI	/scratch/executivefunction/SLURM_8364170_132/job-8364170-132-sub-21050-ses-1/ds/inputs/data/qsiprep/qsiprep/sub-21050/ses-1/dwi/sub-21050_ses-1_space-ACPC_desc-preproc_dwi.nii.gz	0.018170019467878	0.5828690528869629	0.1737040728330612	0.5408951044082642	0.5936557650566101	0.5432925820350647	0.1559740006923675	0.5921298265457153	0.5981564521789551	sub-21050	ses-1				space-ACPC			DSIStudio	autotrackgqi
CranialNerve_CNVIIIL	isovf	NODDI	/scratch/executivefunction/SLURM_8364170_132/job-8364170-132-sub-21050-ses-1/ds/inputs/data/qsiprep/qsiprep/sub-21050/ses-1/dwi/sub-21050_ses-1_space-ACPC_desc-preproc_dwi.nii.gz	0.3030499675535367	0.1712366491556167	0.247551292181015	0.0728896707296371	0.2456942945718765	0.1262833476066589	0.2638834714889526	0.2219526767730713	0.2671684622764587	sub-21050	ses-1				space-ACPC			DSIStudio	autotrackgqi
CranialNerve_CNVIIIL	modulated_icvf	NODDI	/scratch/executivefunction/SLURM_8364170_132/job-8364170-132-sub-21050-ses-1/ds/inputs/data/qsiprep/qsiprep/sub-21050/ses-1/dwi/sub-21050_ses-1_space-ACPC_desc-preproc_dwi.nii.gz	0.018170019467878	0.4691600203514099	0.1450442373752594	0.4902790784835815	0.4778424203395843	0.4923257529735565	0.1314471065998077	0.4412718117237091	0.4457630515098572	sub-21050	ses-1				space-ACPC			DSIStudio	autotrackgqi
CranialNerve_CNVIIIL	modulated_od	NODDI	/scratch/executivefunction/SLURM_8364170_132/job-8364170-132-sub-21050-ses-1/ds/inputs/data/qsiprep/qsiprep/sub-21050/ses-1/dwi/sub-21050_ses-1_space-ACPC_desc-preproc_dwi.nii.gz	0.0045425048669695	0.2895877659320831	0.1601420789957046	0.27951779961586	0.2909092307090759	0.2805188298225403	0.1593050211668014	0.2470741271972656	0.2476933002471923	sub-21050	ses-1				space-ACPC			DSIStudio	autotrackgqi
CranialNerve_CNVIIIL	nrmse	NODDI	/scratch/executivefunction/SLURM_8364170_132/job-8364170-132-sub-21050-ses-1/ds/inputs/data/qsiprep/qsiprep/sub-21050/ses-1/dwi/sub-21050_ses-1_space-ACPC_desc-preproc_dwi.nii.gz	0.0	0.1101524457335472	0.0498346015810966	0.0994679406285286	0.1101524457335472	0.0994679406285286	0.0498346015810966	0.1103354915976524	0.1103354915976524	sub-21050	ses-1				space-ACPC			DSIStudio	autotrackgqi
CranialNerve_CNVIIIL	od	NODDI	/scratch/executivefunction/SLURM_8364170_132/job-8364170-132-sub-21050-ses-1/ds/inputs/data/qsiprep/qsiprep/sub-21050/ses-1/dwi/sub-21050_ses-1_space-ACPC_desc-preproc_dwi.nii.gz	0.0	0.3597640693187713	0.1763742864131927	0.3533313870429992	0.3597640693187713	0.3533313870429992	0.1763742864131927	0.3171111941337585	0.3171111941337585	sub-21050	ses-1				space-ACPC			DSIStudio	autotrackgqi
CranialNerve_CNVIIIL	rmse	NODDI	/scratch/executivefunction/SLURM_8364170_132/job-8364170-132-sub-21050-ses-1/ds/inputs/data/qsiprep/qsiprep/sub-21050/ses-1/dwi/sub-21050_ses-1_space-ACPC_desc-preproc_dwi.nii.gz	0.0	0.0446673929691314	0.0440080463886261	0.0390544794499874	0.0446673929691314	0.0390544794499874	0.0440080463886261	0.0429754629731178	0.0429754629731178	sub-21050	ses-1				space-ACPC			DSIStudio	autotrackgqi
CranialNerve_CNVIIIL	tf	NODDI	/scratch/executivefunction/SLURM_8364170_132/job-8364170-132-sub-21050-ses-1/ds/inputs/data/qsiprep/qsiprep/sub-21050/ses-1/dwi/sub-21050_ses-1_space-ACPC_desc-preproc_dwi.nii.gz	0.018170019467878	0.828763350273865	0.2475512835934421	0.9271103143692015	0.8441006759894422	0.929966151714325	0.2224173691279417	0.7780473217900176	0.785966236133271	sub-21050	ses-1				space-ACPC			DSIStudio	autotrackgqi
CranialNerve_CNVL	directions	NODDI	/scratch/executivefunction/SLURM_8364170_132/job-8364170-132-sub-21050-ses-1/ds/inputs/data/qsiprep/qsiprep/sub-21050/ses-1/dwi/sub-21050_ses-1_space-ACPC_desc-preproc_dwi.nii.gz	3.0	-0.0914739668369293	0.5692905187606812	-0.1477756202220916	-0.0917144790291786	-0.1490048468112945	0.5700191259384155	-0.393507719039917		sub-21050	ses-1				space-ACPC			DSIStudio	autotrackgqi
CranialNerve_CNVL	icvf	NODDI	/scratch/executivefunction/SLURM_8364170_132/job-8364170-132-sub-21050-ses-1/ds/inputs/data/qsiprep/qsiprep/sub-21050/ses-1/dwi/sub-21050_ses-1_space-ACPC_desc-preproc_dwi.nii.gz	0.0673076923076923	0.6103761196136475	0.2495564818382263	0.5706100463867188	0.6544238924980164	0.5843626856803894	0.1947995126247406	0.6502646207809448	0.6751003861427307	sub-21050	ses-1				space-ACPC			DSIStudio	autotrackgqi
CranialNerve_CNVL	isovf	NODDI	/scratch/executivefunction/SLURM_8364170_132/job-8364170-132-sub-21050-ses-1/ds/inputs/data/qsiprep/qsiprep/sub-21050/ses-1/dwi/sub-21050_ses-1_space-ACPC_desc-preproc_dwi.nii.gz	0.1835664335664335	0.3071713447570801	0.3302075862884521	0.1405291557312011	0.3762355744838714	0.2365707159042358	0.3279762864112854	0.3249508738517761	0.3668752312660217	sub-21050	ses-1				space-ACPC			DSIStudio	autotrackgqi
CranialNerve_CNVL	modulated_icvf	NODDI	/scratch/executivefunction/SLURM_8364170_132/job-8364170-132-sub-21050-ses-1/ds/inputs/data/qsiprep/qsiprep/sub-21050/ses-1/dwi/sub-21050_ses-1_space-ACPC_desc-preproc_dwi.nii.gz	0.0673076923076923	0.4061363041400909	0.1725513786077499	0.4518470764160156	0.435445100069046	0.4611528515815735	0.1384205222129821	0.4113194942474365	0.4270291626453399	sub-21050	ses-1				space-ACPC			DSIStudio	autotrackgqi
CranialNerve_CNVL	modulated_od	NODDI	/scratch/executivefunction/SLURM_8364170_132/job-8364170-132-sub-21050-ses-1/ds/inputs/data/qsiprep/qsiprep/sub-21050/ses-1/dwi/sub-21050_ses-1_space-ACPC_desc-preproc_dwi.nii.gz	0.0087412587412587	0.2059425413608551	0.1605302840471267	0.1848311722278595	0.2077586054801941	0.1859417259693145	0.1600622236728668	0.1674312055110931	0.1681898832321167	sub-21050	ses-1				space-ACPC			DSIStudio	autotrackgqi
CranialNerve_CNVL	nrmse	NODDI	/scratch/executivefunction/SLURM_8364170_132/job-8364170-132-sub-21050-ses-1/ds/inputs/data/qsiprep/qsiprep/sub-21050/ses-1/dwi/sub-21050_ses-1_space-ACPC_desc-preproc_dwi.nii.gz	0.0052447552447552	0.1330989748239517	0.0650662630796432	0.1138252913951873	0.1338007301092147	0.1140897572040557	0.0645139142870903	0.1291778534650802	0.1294850409030914	sub-21050	ses-1				space-ACPC			DSIStudio	autotrackgqi
CranialNerve_CNVL	od	NODDI	/scratch/executivefunction/SLURM_8364170_132/job-8364170-132-sub-21050-ses-1/ds/inputs/data/qsiprep/qsiprep/sub-21050/ses-1/dwi/sub-21050_ses-1_space-ACPC_desc-preproc_dwi.nii.gz	0.0026223776223776	0.3416960835456848	0.2296355813741684	0.2899999916553497	0.3425945043563843	0.2899999916553497	0.2292669862508773	0.2753718793392181	0.2759804725646972	sub-21050	ses-1				space-ACPC			DSIStudio	autotrackgqi
CranialNerve_CNVL	rmse	NODDI	/scratch/executivefunction/SLURM_8364170_132/job-8364170-132-sub-21050-ses-1/ds/inputs/data/qsiprep/qsiprep/sub-21050/ses-1/dwi/sub-21050_ses-1_space-ACPC_desc-preproc_dwi.nii.gz	0.0052447552447552	0.0484318099915981	0.0207380633801221	0.0437319427728652	0.0486871637403965	0.0438281632959842	0.0204915199428796	0.0471157506108284	0.0472277887165546	sub-21050	ses-1				space-ACPC			DSIStudio	autotrackgqi
CranialNerve_CNVL	tf	NODDI	/scratch/executivefunction/SLURM_8364170_132/job-8364170-132-sub-21050-ses-1/ds/inputs/data/qsiprep/qsiprep/sub-21050/ses-1/dwi/sub-21050_ses-1_space-ACPC_desc-preproc_dwi.nii.gz	0.0646853146853146	0.6902062688674127	0.3317250523425626	0.8586490154266357	0.7379401603591776	0.8737166523933411	0.2871012055957925	0.6728438604695324	0.6984208374048708	sub-21050	ses-1				space-ACPC			DSIStudio	autotrackgqi
CranialNerve_CNVR	directions	NODDI	/scratch/executivefunction/SLURM_8364170_132/job-8364170-132-sub-21050-ses-1/ds/inputs/data/qsiprep/qsiprep/sub-21050/ses-1/dwi/sub-21050_ses-1_space-ACPC_desc-preproc_dwi.nii.gz	3.0	-0.070443645119667	0.5721222758293152	-0.0771205350756645	-0.0706656351685524	-0.0798919349908828	0.5730093121528625	-0.1548571139574051		sub-21050	ses-1				space-ACPC			DSIStudio	autotrackgqi
CranialNerve_CNVR	icvf	NODDI	/scratch/executivefunction/SLURM_8364170_132/job-8364170-132-sub-21050-ses-1/ds/inputs/data/qsiprep/qsiprep/sub-21050/ses-1/dwi/sub-21050_ses-1_space-ACPC_desc-preproc_dwi.nii.gz	0.0743455497382199	0.5826932787895203	0.2544893324375152	0.5493602156639099	0.6294933557510376	0.5770564079284668	0.2012615799903869	0.5624316930770874	0.6226040124893188	sub-21050	ses-1				space-ACPC			DSIStudio	autotrackgqi
CranialNerve_CNVR	isovf	NODDI	/scratch/executivefunction/SLURM_8364170_132/job-8364170-132-sub-21050-ses-1/ds/inputs/data/qsiprep/qsiprep/sub-21050/ses-1/dwi/sub-21050_ses-1_space-ACPC_desc-preproc_dwi.nii.gz	0.2272251308900523	0.3049516975879669	0.3340558707714081	0.1472979485988617	0.3946190774440765	0.272893875837326	0.3301841020584106	0.3275330662727356	0.3869179487228393	sub-21050	ses-1				space-ACPC			DSIStudio	autotrackgqi
CranialNerve_CNVR	modulated_icvf	NODDI	/scratch/executivefunction/SLURM_8364170_132/job-8364170-132-sub-21050-ses-1/ds/inputs/data/qsiprep/qsiprep/sub-21050/ses-1/dwi/sub-21050_ses-1_space-ACPC_desc-preproc_dwi.nii.gz	0.0743455497382199	0.3959027826786041	0.1859724521636963	0.4328303635120392	0.427700400352478	0.4484577178955078	0.1541548371315002	0.3901799917221069	0.4319238066673279	sub-21050	ses-1				space-ACPC			DSIStudio	autotrackgqi
CranialNerve_CNVR	modulated_od	NODDI	/scratch/executivefunction/SLURM_8364170_132/job-8364170-132-sub-21050-ses-1/ds/inputs/data/qsiprep/qsiprep/sub-21050/ses-1/dwi/sub-21050_ses-1_space-ACPC_desc-preproc_dwi.nii.gz	0.012565445026178	0.2261534035205841	0.1908429116010666	0.1906461864709854	0.2290312796831131	0.1929637491703033	0.1903296113014221	0.1837331056594848	0.1864378750324249	sub-21050	ses-1				space-ACPC			DSIStudio	autotrackgqi
CranialNerve_CNVR	nrmse	NODDI	/scratch/executivefunction/SLURM_8364170_132/job-8364170-132-sub-21050-ses-1/ds/inputs/data/qsiprep/qsiprep/sub-21050/ses-1/dwi/sub-21050_ses-1_space-ACPC_desc-preproc_dwi.nii.gz	0.0031413612565445	0.1273980587720871	0.0617301128804683	0.1085731461644172	0.1277995258569717	0.1086429506540298	0.06141097843647	0.1230642050504684	0.1231851056218147	sub-21050	ses-1				space-ACPC			DSIStudio	autotrackgqi
CranialNerve_CNVR	od	NODDI	/scratch/executivefunction/SLURM_8364170_132/job-8364170-132-sub-21050-ses-1/ds/inputs/data/qsiprep/qsiprep/sub-21050/ses-1/dwi/sub-21050_ses-1_space-ACPC_desc-preproc_dwi.nii.gz	0.0031413612565445	0.3626559972763061	0.2543322741985321	0.3169452846050262	0.3637988269329071	0.3175047039985657	0.2539153099060058	0.3382168412208557	0.3385490775108337	sub-21050	ses-1				space-ACPC			DSIStudio	autotrackgqi
CranialNerve_CNVR	rmse	NODDI	/scratch/executivefunction/SLURM_8364170_132/job-8364170-132-sub-21050-ses-1/ds/inputs/data/qsiprep/qsiprep/sub-21050/ses-1/dwi/sub-21050_ses-1_space-ACPC_desc-preproc_dwi.nii.gz	0.0031413612565445	0.0472756698727607	0.0285359919071197	0.0406027138233184	0.0474246479570865	0.0406043156981468	0.0284570511430501	0.045084960758686	0.0451292544603347	sub-21050	ses-1				space-ACPC			DSIStudio	autotrackgqi
CranialNerve_CNVR	tf	NODDI	/scratch/executivefunction/SLURM_8364170_132/job-8364170-132-sub-21050-ses-1/ds/inputs/data/qsiprep/qsiprep/sub-21050/ses-1/dwi/sub-21050_ses-1_space-ACPC_desc-preproc_dwi.nii.gz	0.0743455497382199	0.6919069202158463	0.3358703427549168	0.846309244632721	0.7474786298711915	0.8736437559127808	0.2834266466700545	0.67148553869306	0.7433250729151359	sub-21050	ses-1				space-ACPC			DSIStudio	autotrackgqi
CranialNerve_CNVIIR	directions	NODDI	/scratch/executivefunction/SLURM_8364170_132/job-8364170-132-sub-21050-ses-1/ds/inputs/data/qsiprep/qsiprep/sub-21050/ses-1/dwi/sub-21050_ses-1_space-ACPC_desc-preproc_dwi.nii.gz	0.0	-0.1197003573179245	0.5648053884506226	-0.1485938876867294	-0.1197003573179245	-0.1485938876867294	0.5648053884506226	-0.4471895694732666		sub-21050	ses-1				space-ACPC			DSIStudio	autotrackgqi
CranialNerve_CNVIIR	icvf	NODDI	/scratch/executivefunction/SLURM_8364170_132/job-8364170-132-sub-21050-ses-1/ds/inputs/data/qsiprep/qsiprep/sub-21050/ses-1/dwi/sub-21050_ses-1_space-ACPC_desc-preproc_dwi.nii.gz	0.0323886639676113	0.5936084985733032	0.2025882005691528	0.5413472652435303	0.6134781837463379	0.5473036766052246	0.1738566160202026	0.5646520256996155	0.5690281391143799	sub-21050	ses-1				space-ACPC			DSIStudio	autotrackgqi
CranialNerve_CNVIIR	isovf	NODDI	/scratch/executivefunction/SLURM_8364170_132/job-8364170-132-sub-21050-ses-1/ds/inputs/data/qsiprep/qsiprep/sub-21050/ses-1/dwi/sub-21050_ses-1_space-ACPC_desc-preproc_dwi.nii.gz	0.3441295546558704	0.2300971299409866	0.2956030070781708	0.0849411338567733	0.3508270978927612	0.235337495803833	0.301453024148941	0.1768584847450256	0.3134988844394684	sub-21050	ses-1				space-ACPC			DSIStudio	autotrackgqi
CranialNerve_CNVIIR	modulated_icvf	NODDI	/scratch/executivefunction/SLURM_8364170_132/job-8364170-132-sub-21050-ses-1/ds/inputs/data/qsiprep/qsiprep/sub-21050/ses-1/dwi/sub-21050_ses-1_space-ACPC_desc-preproc_dwi.nii.gz	0.0323886639676113	0.4404221177101135	0.1643039733171463	0.4640838801860809	0.4551642835140228	0.4706281423568725	0.1455654948949813	0.4491360187530517	0.4526168704032898	sub-21050	ses-1				space-ACPC			DSIStudio	autotrackgqi
CranialNerve_CNVIIR	modulated_od	NODDI	/scratch/executivefunction/SLURM_8364170_132/job-8364170-132-sub-21050-ses-1/ds/inputs/data/qsiprep/qsiprep/sub-21050/ses-1/dwi/sub-21050_ses-1_space-ACPC_desc-preproc_dwi.nii.gz	0.0020242914979757	0.3216133415699005	0.1885643154382705	0.3216173648834228	0.3222656846046448	0.322192907333374	0.1881977319717407	0.3675296902656555	0.3675501346588135	sub-21050	ses-1				space-ACPC			DSIStudio	autotrackgqi
CranialNerve_CNVIIR	nrmse	NODDI	/scratch/executivefunction/SLURM_8364170_132/job-8364170-132-sub-21050-ses-1/ds/inputs/data/qsiprep/qsiprep/sub-21050/ses-1/dwi/sub-21050_ses-1_space-ACPC_desc-preproc_dwi.nii.gz	0.0	0.1195454820990562	0.0653732270002365	0.0989724397659301	0.1195454820990562	0.0989724397659301	0.0653732270002365	0.1132661402225494	0.1132661402225494	sub-21050	ses-1				space-ACPC			DSIStudio	autotrackgqi
CranialNerve_CNVIIR	od	NODDI	/scratch/executivefunction/SLURM_8364170_132/job-8364170-132-sub-21050-ses-1/ds/inputs/data/qsiprep/qsiprep/sub-21050/ses-1/dwi/sub-21050_ses-1_space-ACPC_desc-preproc_dwi.nii.gz	0.0	0.4258072078227997	0.1901098191738128	0.4103491902351379	0.4258072078227997	0.4103491902351379	0.1901098191738128	0.4394817948341369	0.4394817948341369	sub-21050	ses-1				space-ACPC			DSIStudio	autotrackgqi
CranialNerve_CNVIIR	rmse	NODDI	/scratch/executivefunction/SLURM_8364170_132/job-8364170-132-sub-21050-ses-1/ds/inputs/data/qsiprep/qsiprep/sub-21050/ses-1/dwi/sub-21050_ses-1_space-ACPC_desc-preproc_dwi.nii.gz	0.0	0.0481452271342277	0.0451461412012577	0.0376139469444751	0.0481452271342277	0.0376139469444751	0.0451461412012577	0.0488040745258331	0.0488040745258331	sub-21050	ses-1				space-ACPC			DSIStudio	autotrackgqi
CranialNerve_CNVIIR	tf	NODDI	/scratch/executivefunction/SLURM_8364170_132/job-8364170-132-sub-21050-ses-1/ds/inputs/data/qsiprep/qsiprep/sub-21050/ses-1/dwi/sub-21050_ses-1_space-ACPC_desc-preproc_dwi.nii.gz	0.0323886639676113	0.7699028833916313	0.2956030114048739	0.9150588810443878	0.7956736912039034	0.921667754650116	0.2641985584774909	0.8231415014549384	0.829520973092782	sub-21050	ses-1				space-ACPC			DSIStudio	autotrackgqi
CranialNerve_CNIIIL	directions	NODDI	/scratch/executivefunction/SLURM_8364170_132/job-8364170-132-sub-21050-ses-1/ds/inputs/data/qsiprep/qsiprep/sub-21050/ses-1/dwi/sub-21050_ses-1_space-ACPC_desc-preproc_dwi.nii.gz	3.0	-0.0330741740763187	0.575010359287262	-0.0192017927765846	-0.03323395550251	-0.0255752559751272	0.5763929486274719	-0.1018624007701873		sub-21050	ses-1				space-ACPC			DSIStudio	autotrackgqi
CranialNerve_CNIIIL	icvf	NODDI	/scratch/executivefunction/SLURM_8364170_132/job-8364170-132-sub-21050-ses-1/ds/inputs/data/qsiprep/qsiprep/sub-21050/ses-1/dwi/sub-21050_ses-1_space-ACPC_desc-preproc_dwi.nii.gz	0.0849358974358974	0.5334928631782532	0.2550337016582489	0.5189652442932129	0.5830114483833313	0.5397932529449463	0.2054494321346283	0.5181009769439697	0.555687427520752	sub-21050	ses-1				space-ACPC			DSIStudio	autotrackgqi
CranialNerve_CNIIIL	isovf	NODDI	/scratch/executivefunction/SLURM_8364170_132/job-8364170-132-sub-21050-ses-1/ds/inputs/data/qsiprep/qsiprep/sub-21050/ses-1/dwi/sub-21050_ses-1_space-ACPC_desc-preproc_dwi.nii.gz	0.2932692307692308	0.2891380488872528	0.3524715304374695	0.1025207862257957	0.4091205298900604	0.236592024564743	0.355953186750412	0.263929545879364	0.3783214390277862	sub-21050	ses-1				space-ACPC			DSIStudio	autotrackgqi
CranialNerve_CNIIIL	modulated_icvf	NODDI	/scratch/executivefunction/SLURM_8364170_132/job-8364170-132-sub-21050-ses-1/ds/inputs/data/qsiprep/qsiprep/sub-21050/ses-1/dwi/sub-21050_ses-1_space-ACPC_desc-preproc_dwi.nii.gz	0.0849358974358974	0.3688340187072754	0.1814137399196624	0.4016441404819488	0.4030690491199493	0.423098474740982	0.1488846540451049	0.3658074736595154	0.3923455476760864	sub-21050	ses-1				space-ACPC			DSIStudio	autotrackgqi
CranialNerve_CNIIIL	modulated_od	NODDI	/scratch/executivefunction/SLURM_8364170_132/job-8364170-132-sub-21050-ses-1/ds/inputs/data/qsiprep/qsiprep/sub-21050/ses-1/dwi/sub-21050_ses-1_space-ACPC_desc-preproc_dwi.nii.gz	0.0096153846153846	0.1841350793838501	0.1424954682588577	0.1804111897945404	0.1859228014945984	0.1820864677429199	0.1420201063156128	0.2023881077766418	0.2043187171220779	sub-21050	ses-1				space-ACPC			DSIStudio	autotrackgqi
CranialNerve_CNIIIL	nrmse	NODDI	/scratch/executivefunction/SLURM_8364170_132/job-8364170-132-sub-21050-ses-1/ds/inputs/data/qsiprep/qsiprep/sub-21050/ses-1/dwi/sub-21050_ses-1_space-ACPC_desc-preproc_dwi.nii.gz	0.0048076923076923	0.1296987831592559	0.0494642667472362	0.116272822022438	0.1303253471851349	0.1163464039564132	0.0487532168626785	0.1291379183530807	0.1299402415752411	sub-21050	ses-1				space-ACPC			DSIStudio	autotrackgqi
CranialNerve_CNIIIL	od	NODDI	/scratch/executivefunction/SLURM_8364170_132/job-8364170-132-sub-21050-ses-1/ds/inputs/data/qsiprep/qsiprep/sub-21050/ses-1/dwi/sub-21050_ses-1_space-ACPC_desc-preproc_dwi.nii.gz	0.0048076923076923	0.3195652067661285	0.240092471241951	0.262037456035614	0.3211089968681335	0.2642972469329834	0.2396396100521087	0.3243411183357239	0.3263561725616455	sub-21050	ses-1				space-ACPC			DSIStudio	autotrackgqi
CranialNerve_CNIIIL	rmse	NODDI	/scratch/executivefunction/SLURM_8364170_132/job-8364170-132-sub-21050-ses-1/ds/inputs/data/qsiprep/qsiprep/sub-21050/ses-1/dwi/sub-21050_ses-1_space-ACPC_desc-preproc_dwi.nii.gz	0.0048076923076923	0.0470583513379097	0.0167107228189706	0.044012114405632	0.047285683453083	0.0440430417656898	0.0164270363748073	0.0467563271522522	0.0470468252897262	sub-21050	ses-1				space-ACPC			DSIStudio	autotrackgqi
CranialNerve_CNIIIL	tf	NODDI	/scratch/executivefunction/SLURM_8364170_132/job-8364170-132-sub-21050-ses-1/ds/inputs/data/qsiprep/qsiprep/sub-21050/ses-1/dwi/sub-21050_ses-1_space-ACPC_desc-preproc_dwi.nii.gz	0.0849358974358974	0.706054251258954	0.3553035163558912	0.8957887291908264	0.7715899348258972	0.9180743098258972	0.2956205637805607	0.7298958673689744	0.7828473377909358	sub-21050	ses-1				space-ACPC			DSIStudio	autotrackgqi
CranialNerve_CNIIIR	directions	NODDI	/scratch/executivefunction/SLURM_8364170_132/job-8364170-132-sub-21050-ses-1/ds/inputs/data/qsiprep/qsiprep/sub-21050/ses-1/dwi/sub-21050_ses-1_space-ACPC_desc-preproc_dwi.nii.gz	4.0	-0.0722275823354721	0.5707939267158508	-0.0841249004006385	-0.0727317929267883	-0.0878809094429016	0.5727507472038269	-0.1734539270401001		sub-21050	ses-1				space-ACPC			DSIStudio	autotrackgqi
CranialNerve_CNIIIR	icvf	NODDI	/scratch/executivefunction/SLURM_8364170_132/job-8364170-132-sub-21050-ses-1/ds/inputs/data/qsiprep/qsiprep/sub-21050/ses-1/dwi/sub-21050_ses-1_space-ACPC_desc-preproc_dwi.nii.gz	0.1317157712305026	0.51800137758255	0.2712034583091736	0.5224090814590454	0.5965803861618042	0.5478049516677856	0.1944995522499084	0.4863457083702087	0.562264084815979	sub-21050	ses-1				space-ACPC			DSIStudio	autotrackgqi
CranialNerve_CNIIIR	isovf	NODDI	/scratch/executivefunction/SLURM_8364170_132/job-8364170-132-sub-21050-ses-1/ds/inputs/data/qsiprep/qsiprep/sub-21050/ses-1/dwi/sub-21050_ses-1_space-ACPC_desc-preproc_dwi.nii.gz	0.2634315424610052	0.3178933560848236	0.3700305521488189	0.1099539622664451	0.4315869808197021	0.3060315251350403	0.3698971271514892	0.3182762861251831	0.4408229887485504	sub-21050	ses-1				space-ACPC			DSIStudio	autotrackgqi
CranialNerve_CNIIIR	modulated_icvf	NODDI	/scratch/executivefunction/SLURM_8364170_132/job-8364170-132-sub-21050-ses-1/ds/inputs/data/qsiprep/qsiprep/sub-21050/ses-1/dwi/sub-21050_ses-1_space-ACPC_desc-preproc_dwi.nii.gz	0.1317157712305026	0.3661348223686218	0.1946021169424057	0.4376928806304931	0.4216762483119964	0.4629580676555633	0.1421064436435699	0.3466504514217376	0.4007624685764313	sub-21050	ses-1				space-ACPC			DSIStudio	autotrackgqi
CranialNerve_CNIIIR	modulated_od	NODDI	/scratch/executivefunction/SLURM_8364170_132/job-8364170-132-sub-21050-ses-1/ds/inputs/data/qsiprep/qsiprep/sub-21050/ses-1/dwi/sub-21050_ses-1_space-ACPC_desc-preproc_dwi.nii.gz	0.0121317157712305	0.1894273608922958	0.1457133442163467	0.1899999976158142	0.1917536705732345	0.1928968131542205	0.1450760215520858	0.2080109715461731	0.2105081528425216	sub-21050	ses-1				space-ACPC			DSIStudio	autotrackgqi
CranialNerve_CNIIIR	nrmse	NODDI	/scratch/executivefunction/SLURM_8364170_132/job-8364170-132-sub-21050-ses-1/ds/inputs/data/qsiprep/qsiprep/sub-21050/ses-1/dwi/sub-21050_ses-1_space-ACPC_desc-preproc_dwi.nii.gz	0.0069324090121317	0.1315248757600784	0.0443762503564357	0.1211436539888382	0.1324430257081985	0.1212696731090545	0.0431438982486724	0.1311161667108535	0.1318531930446624	sub-21050	ses-1				space-ACPC			DSIStudio	autotrackgqi
CranialNerve_CNIIIR	od	NODDI	/scratch/executivefunction/SLURM_8364170_132/job-8364170-132-sub-21050-ses-1/ds/inputs/data/qsiprep/qsiprep/sub-21050/ses-1/dwi/sub-21050_ses-1_space-ACPC_desc-preproc_dwi.nii.gz	0.0069324090121317	0.3665307760238647	0.2700066566467285	0.2862918972969055	0.3690894544124603	0.2886579930782318	0.2691990435123443	0.393754243850708	0.3959676027297973	sub-21050	ses-1				space-ACPC			DSIStudio	autotrackgqi
CranialNerve_CNIIIR	rmse	NODDI	/scratch/executivefunction/SLURM_8364170_132/job-8364170-132-sub-21050-ses-1/ds/inputs/data/qsiprep/qsiprep/sub-21050/ses-1/dwi/sub-21050_ses-1_space-ACPC_desc-preproc_dwi.nii.gz	0.0069324090121317	0.0493836477398872	0.0458681918680667	0.0462176986038684	0.0497283861041069	0.0464346520602703	0.0458414033055305	0.0475733056664466	0.0478407219052314	sub-21050	ses-1				space-ACPC			DSIStudio	autotrackgqi
CranialNerve_CNIIIR	tf	NODDI	/scratch/executivefunction/SLURM_8364170_132/job-8364170-132-sub-21050-ses-1/ds/inputs/data/qsiprep/qsiprep/sub-21050/ses-1/dwi/sub-21050_ses-1_space-ACPC_desc-preproc_dwi.nii.gz	0.1317157712305026	0.6751742063403336	0.373362329617346	0.8872392773628235	0.7775958424318812	0.9126706123352052	0.2844348979495892	0.6761339888210178	0.7816782500682008	sub-21050	ses-1				space-ACPC			DSIStudio	autotrackgqi
CranialNerve_CNIIR	directions	NODDI	/scratch/executivefunction/SLURM_8364170_132/job-8364170-132-sub-21050-ses-1/ds/inputs/data/qsiprep/qsiprep/sub-21050/ses-1/dwi/sub-21050_ses-1_space-ACPC_desc-preproc_dwi.nii.gz	0.0	-0.1278996765613556	0.5630053281784058	-0.1623695790767669	-0.1278996765613556	-0.1623695790767669	0.5630053281784058	-0.416762501001358		sub-21050	ses-1				space-ACPC			DSIStudio	autotrackgqi
CranialNerve_CNIIR	icvf	NODDI	/scratch/executivefunction/SLURM_8364170_132/job-8364170-132-sub-21050-ses-1/ds/inputs/data/qsiprep/qsiprep/sub-21050/ses-1/dwi/sub-21050_ses-1_space-ACPC_desc-preproc_dwi.nii.gz	0.0840236686390532	0.4193896055221557	0.2391791045665741	0.3567240834236145	0.4578607380390167	0.3856762647628784	0.2117542475461959	0.420308768749237	0.4430302381515503	sub-21050	ses-1				space-ACPC			DSIStudio	autotrackgqi
CranialNerve_CNIIR	isovf	NODDI	/scratch/executivefunction/SLURM_8364170_132/job-8364170-132-sub-21050-ses-1/ds/inputs/data/qsiprep/qsiprep/sub-21050/ses-1/dwi/sub-21050_ses-1_space-ACPC_desc-preproc_dwi.nii.gz	0.4130177514792899	0.279401570558548	0.3521811068058014	0.0788842588663101	0.4759966135025024	0.4380540251731872	0.343110978603363	0.2802804708480835	0.425341248512268	sub-21050	ses-1				space-ACPC			DSIStudio	autotrackgqi
CranialNerve_CNIIR	modulated_icvf	NODDI	/scratch/executivefunction/SLURM_8364170_132/job-8364170-132-sub-21050-ses-1/ds/inputs/data/qsiprep/qsiprep/sub-21050/ses-1/dwi/sub-21050_ses-1_space-ACPC_desc-preproc_dwi.nii.gz	0.0840236686390532	0.2861031889915466	0.1367693394422531	0.2780270576477051	0.312347799539566	0.2990896701812744	0.1105636283755302	0.2826035022735595	0.2978807985782623	sub-21050	ses-1				space-ACPC			DSIStudio	autotrackgqi
CranialNerve_CNIIR	modulated_od	NODDI	/scratch/executivefunction/SLURM_8364170_132/job-8364170-132-sub-21050-ses-1/ds/inputs/data/qsiprep/qsiprep/sub-21050/ses-1/dwi/sub-21050_ses-1_space-ACPC_desc-preproc_dwi.nii.gz	0.0177514792899408	0.227350428700447	0.1752490401268005	0.2021650671958923	0.2314591705799102	0.2084666341543197	0.1741156429052353	0.1993205696344375	0.201613038778305	sub-21050	ses-1				space-ACPC			DSIStudio	autotrackgqi
CranialNerve_CNIIR	nrmse	NODDI	/scratch/executivefunction/SLURM_8364170_132/job-8364170-132-sub-21050-ses-1/ds/inputs/data/qsiprep/qsiprep/sub-21050/ses-1/dwi/sub-21050_ses-1_space-ACPC_desc-preproc_dwi.nii.gz	0.0	0.1171972155570983	0.0411395877599716	0.1058827862143516	0.1171972155570983	0.1058827862143516	0.0411395877599716	0.1122883260250091	0.1122883260250091	sub-21050	ses-1				space-ACPC			DSIStudio	autotrackgqi
CranialNerve_CNIIR	od	NODDI	/scratch/executivefunction/SLURM_8364170_132/job-8364170-132-sub-21050-ses-1/ds/inputs/data/qsiprep/qsiprep/sub-21050/ses-1/dwi/sub-21050_ses-1_space-ACPC_desc-preproc_dwi.nii.gz	0.0	0.3720987737178802	0.2482522279024124	0.3203136324882507	0.3720987737178802	0.3203136324882507	0.2482522279024124	0.311881959438324	0.311881959438324	sub-21050	ses-1				space-ACPC			DSIStudio	autotrackgqi
CranialNerve_CNIIR	rmse	NODDI	/scratch/executivefunction/SLURM_8364170_132/job-8364170-132-sub-21050-ses-1/ds/inputs/data/qsiprep/qsiprep/sub-21050/ses-1/dwi/sub-21050_ses-1_space-ACPC_desc-preproc_dwi.nii.gz	0.0	0.0403059646487236	0.0128591144457459	0.0380118563771247	0.0403059646487236	0.0380118563771247	0.0128591144457459	0.038449976593256	0.038449976593256	sub-21050	ses-1				space-ACPC			DSIStudio	autotrackgqi
CranialNerve_CNIIR	tf	NODDI	/scratch/executivefunction/SLURM_8364170_132/job-8364170-132-sub-21050-ses-1/ds/inputs/data/qsiprep/qsiprep/sub-21050/ses-1/dwi/sub-21050_ses-1_space-ACPC_desc-preproc_dwi.nii.gz	0.0840236686390532	0.720598424362713	0.3521811137097381	0.9211157262325288	0.7866998302151066	0.9642915725708008	0.2888029466797212	0.7197195174406416	0.7586267972753387	sub-21050	ses-1				space-ACPC			DSIStudio	autotrackgqi
CranialNerve_CNVIIIR	directions	NODDI	/scratch/executivefunction/SLURM_8364170_132/job-8364170-132-sub-21050-ses-1/ds/inputs/data/qsiprep/qsiprep/sub-21050/ses-1/dwi/sub-21050_ses-1_space-ACPC_desc-preproc_dwi.nii.gz	0.0	-0.0432232730090618	0.57573002576828	-0.0395092070102691	-0.0432232730090618	-0.0395092070102691	0.57573002576828	-0.213524118065834		sub-21050	ses-1				space-ACPC			DSIStudio	autotrackgqi
CranialNerve_CNVIIIR	icvf	NODDI	/scratch/executivefunction/SLURM_8364170_132/job-8364170-132-sub-21050-ses-1/ds/inputs/data/qsiprep/qsiprep/sub-21050/ses-1/dwi/sub-21050_ses-1_space-ACPC_desc-preproc_dwi.nii.gz	0.0238461538461538	0.5678731799125671	0.1664220690727234	0.5458809733390808	0.5817455649375916	0.5482677817344666	0.142487496137619	0.5395039916038513	0.550359845161438	sub-21050	ses-1				space-ACPC			DSIStudio	autotrackgqi
CranialNerve_CNVIIIR	isovf	NODDI	/scratch/executivefunction/SLURM_8364170_132/job-8364170-132-sub-21050-ses-1/ds/inputs/data/qsiprep/qsiprep/sub-21050/ses-1/dwi/sub-21050_ses-1_space-ACPC_desc-preproc_dwi.nii.gz	0.2907692307692308	0.1738218367099762	0.2537738084793091	0.0745580494403839	0.2450850158929824	0.1135359704494476	0.2708111405372619	0.1707669496536255	0.2441154420375824	sub-21050	ses-1				space-ACPC			DSIStudio	autotrackgqi
CranialNerve_CNVIIIR	modulated_icvf	NODDI	/scratch/executivefunction/SLURM_8364170_132/job-8364170-132-sub-21050-ses-1/ds/inputs/data/qsiprep/qsiprep/sub-21050/ses-1/dwi/sub-21050_ses-1_space-ACPC_desc-preproc_dwi.nii.gz	0.0238461538461538	0.458995372056961	0.1383897513151168	0.4836856126785278	0.4702080190181732	0.4870180487632751	0.1197802126407623	0.4394987225532532	0.4483422935009002	sub-21050	ses-1				space-ACPC			DSIStudio	autotrackgqi
CranialNerve_CNVIIIR	modulated_od	NODDI	/scratch/executivefunction/SLURM_8364170_132/job-8364170-132-sub-21050-ses-1/ds/inputs/data/qsiprep/qsiprep/sub-21050/ses-1/dwi/sub-21050_ses-1_space-ACPC_desc-preproc_dwi.nii.gz	0.0046153846153846	0.2968768179416656	0.1771362125873565	0.2861323952674866	0.2982533872127533	0.2871074676513672	0.1763864010572433	0.3045419752597809	0.3055588603019714	sub-21050	ses-1				space-ACPC			DSIStudio	autotrackgqi
CranialNerve_CNVIIIR	nrmse	NODDI	/scratch/executivefunction/SLURM_8364170_132/job-8364170-132-sub-21050-ses-1/ds/inputs/data/qsiprep/qsiprep/sub-21050/ses-1/dwi/sub-21050_ses-1_space-ACPC_desc-preproc_dwi.nii.gz	0.0	0.1030079275369644	0.0404433868825435	0.0936325043439865	0.1030079275369644	0.0936325043439865	0.0404433868825435	0.0996436774730682	0.0996436774730682	sub-21050	ses-1				space-ACPC			DSIStudio	autotrackgqi
CranialNerve_CNVIIIR	od	NODDI	/scratch/executivefunction/SLURM_8364170_132/job-8364170-132-sub-21050-ses-1/ds/inputs/data/qsiprep/qsiprep/sub-21050/ses-1/dwi/sub-21050_ses-1_space-ACPC_desc-preproc_dwi.nii.gz	0.0	0.370700865983963	0.1937894076108932	0.3584693372249603	0.370700865983963	0.3584693372249603	0.1937894076108932	0.3733000159263611	0.3733000159263611	sub-21050	ses-1				space-ACPC			DSIStudio	autotrackgqi
CranialNerve_CNVIIIR	rmse	NODDI	/scratch/executivefunction/SLURM_8364170_132/job-8364170-132-sub-21050-ses-1/ds/inputs/data/qsiprep/qsiprep/sub-21050/ses-1/dwi/sub-21050_ses-1_space-ACPC_desc-preproc_dwi.nii.gz	0.0	0.0401326119899749	0.0151754338294267	0.0370259135961532	0.0401326119899749	0.0370259135961532	0.0151754338294267	0.0381817519664764	0.0381817519664764	sub-21050	ses-1				space-ACPC			DSIStudio	autotrackgqi
CranialNerve_CNVIIIR	tf	NODDI	/scratch/executivefunction/SLURM_8364170_132/job-8364170-132-sub-21050-ses-1/ds/inputs/data/qsiprep/qsiprep/sub-21050/ses-1/dwi/sub-21050_ses-1_space-ACPC_desc-preproc_dwi.nii.gz	0.0238461538461538	0.8261781617311331	0.253773800653541	0.925441950559616	0.846360606974368	0.9295209646224976	0.2211170514382004	0.8292330494425517	0.8459188222120956	sub-21050	ses-1				space-ACPC			DSIStudio	autotrackgqi
CranialNerve_CNVIIL	directions	NODDI	/scratch/executivefunction/SLURM_8364170_132/job-8364170-132-sub-21050-ses-1/ds/inputs/data/qsiprep/qsiprep/sub-21050/ses-1/dwi/sub-21050_ses-1_space-ACPC_desc-preproc_dwi.nii.gz	0.0	-0.1049718335270881	0.567727267742157	-0.2150298058986663	-0.1049718335270881	-0.2150298058986663	0.567727267742157	-0.5763039588928223		sub-21050	ses-1				space-ACPC			DSIStudio	autotrackgqi
CranialNerve_CNVIIL	icvf	NODDI	/scratch/executivefunction/SLURM_8364170_132/job-8364170-132-sub-21050-ses-1/ds/inputs/data/qsiprep/qsiprep/sub-21050/ses-1/dwi/sub-21050_ses-1_space-ACPC_desc-preproc_dwi.nii.gz	0.0258481421647819	0.6245230436325073	0.2060878723859787	0.5647425651550293	0.6410941481590271	0.5693646669387817	0.1815916746854782	0.6058878302574158	0.6123751401901245	sub-21050	ses-1				space-ACPC			DSIStudio	autotrackgqi
CranialNerve_CNVIIL	isovf	NODDI	/scratch/executivefunction/SLURM_8364170_132/job-8364170-132-sub-21050-ses-1/ds/inputs/data/qsiprep/qsiprep/sub-21050/ses-1/dwi/sub-21050_ses-1_space-ACPC_desc-preproc_dwi.nii.gz	0.2649434571890145	0.2356583178043365	0.2780859768390655	0.1194433122873306	0.3205989003181457	0.192770704627037	0.2792372107505798	0.2393714785575866	0.2807851135730743	sub-21050	ses-1				space-ACPC			DSIStudio	autotrackgqi
CranialNerve_CNVIIL	modulated_icvf	NODDI	/scratch/executivefunction/SLURM_8364170_132/job-8364170-132-sub-21050-ses-1/ds/inputs/data/qsiprep/qsiprep/sub-21050/ses-1/dwi/sub-21050_ses-1_space-ACPC_desc-preproc_dwi.nii.gz	0.0258481421647819	0.4579664468765259	0.1599387675523758	0.4754553437232971	0.4701181352138519	0.4781954884529114	0.1433402746915817	0.4416133165359497	0.4463416934013366	sub-21050	ses-1				space-ACPC			DSIStudio	autotrackgqi
CranialNerve_CNVIIL	modulated_od	NODDI	/scratch/executivefunction/SLURM_8364170_132/job-8364170-132-sub-21050-ses-1/ds/inputs/data/qsiprep/qsiprep/sub-21050/ses-1/dwi/sub-21050_ses-1_space-ACPC_desc-preproc_dwi.nii.gz	0.0032310177705977	0.2957386374473572	0.1663940548896789	0.2848844826221466	0.2966972887516022	0.2860475480556488	0.1658080369234085	0.2469742149114608	0.247556984424591	sub-21050	ses-1				space-ACPC			DSIStudio	autotrackgqi
CranialNerve_CNVIIL	nrmse	NODDI	/scratch/executivefunction/SLURM_8364170_132/job-8364170-132-sub-21050-ses-1/ds/inputs/data/qsiprep/qsiprep/sub-21050/ses-1/dwi/sub-21050_ses-1_space-ACPC_desc-preproc_dwi.nii.gz	0.0	0.1298752874135971	0.075498454272747	0.1062271893024444	0.1298752874135971	0.1062271893024444	0.075498454272747	0.1163866072893142	0.1163866072893142	sub-21050	ses-1				space-ACPC			DSIStudio	autotrackgqi
CranialNerve_CNVIIL	od	NODDI	/scratch/executivefunction/SLURM_8364170_132/job-8364170-132-sub-21050-ses-1/ds/inputs/data/qsiprep/qsiprep/sub-21050/ses-1/dwi/sub-21050_ses-1_space-ACPC_desc-preproc_dwi.nii.gz	0.0	0.4065383076667785	0.1860441118478775	0.4091169238090515	0.4065383076667785	0.4091169238090515	0.1860441118478775	0.336059033870697	0.336059033870697	sub-21050	ses-1				space-ACPC			DSIStudio	autotrackgqi
CranialNerve_CNVIIL	rmse	NODDI	/scratch/executivefunction/SLURM_8364170_132/job-8364170-132-sub-21050-ses-1/ds/inputs/data/qsiprep/qsiprep/sub-21050/ses-1/dwi/sub-21050_ses-1_space-ACPC_desc-preproc_dwi.nii.gz	0.0	0.0521745942533016	0.0493707656860351	0.0416728481650352	0.0521745942533016	0.0416728481650352	0.0493707656860351	0.0445069372653961	0.0445069372653961	sub-21050	ses-1				space-ACPC			DSIStudio	autotrackgqi
CranialNerve_CNVIIL	tf	NODDI	/scratch/executivefunction/SLURM_8364170_132/job-8364170-132-sub-21050-ses-1/ds/inputs/data/qsiprep/qsiprep/sub-21050/ses-1/dwi/sub-21050_ses-1_space-ACPC_desc-preproc_dwi.nii.gz	0.0258481421647819	0.7643416719405832	0.2780860042956082	0.8805567026138306	0.7846227113287247	0.8858442902565002	0.2519340867780703	0.7606285143166667	0.7687726245971653	sub-21050	ses-1				space-ACPC			DSIStudio	autotrackgqi
CranialNerve_CNIIL	directions	NODDI	/scratch/executivefunction/SLURM_8364170_132/job-8364170-132-sub-21050-ses-1/ds/inputs/data/qsiprep/qsiprep/sub-21050/ses-1/dwi/sub-21050_ses-1_space-ACPC_desc-preproc_dwi.nii.gz	0.0	-0.0720984265208244	0.5728307962417603	-0.093303695321083	-0.0720984265208244	-0.093303695321083	0.5728307962417603	-0.0618123710155487		sub-21050	ses-1				space-ACPC			DSIStudio	autotrackgqi
CranialNerve_CNIIL	icvf	NODDI	/scratch/executivefunction/SLURM_8364170_132/job-8364170-132-sub-21050-ses-1/ds/inputs/data/qsiprep/qsiprep/sub-21050/ses-1/dwi/sub-21050_ses-1_space-ACPC_desc-preproc_dwi.nii.gz	0.0417163289630512	0.4168392121791839	0.2009807676076889	0.3723892569541931	0.4349851906299591	0.3845553994178772	0.1850903779268264	0.4332117438316345	0.4551585614681244	sub-21050	ses-1				space-ACPC			DSIStudio	autotrackgqi
CranialNerve_CNIIL	isovf	NODDI	/scratch/executivefunction/SLURM_8364170_132/job-8364170-132-sub-21050-ses-1/ds/inputs/data/qsiprep/qsiprep/sub-21050/ses-1/dwi/sub-21050_ses-1_space-ACPC_desc-preproc_dwi.nii.gz	0.5095351609058403	0.192418023943901	0.3034791350364685	0.0	0.3923176825046539	0.2895678877830505	0.3306902647018432	0.259116917848587	0.4445536732673645	sub-21050	ses-1				space-ACPC			DSIStudio	autotrackgqi
CranialNerve_CNIIL	modulated_icvf	NODDI	/scratch/executivefunction/SLURM_8364170_132/job-8364170-132-sub-21050-ses-1/ds/inputs/data/qsiprep/qsiprep/sub-21050/ses-1/dwi/sub-21050_ses-1_space-ACPC_desc-preproc_dwi.nii.gz	0.0417163289630512	0.3177602887153625	0.1290855854749679	0.3202755451202392	0.3315931558609009	0.3317507207393646	0.1131441220641136	0.2856416702270508	0.3001124858856201	sub-21050	ses-1				space-ACPC			DSIStudio	autotrackgqi
CranialNerve_CNIIL	modulated_od	NODDI	/scratch/executivefunction/SLURM_8364170_132/job-8364170-132-sub-21050-ses-1/ds/inputs/data/qsiprep/qsiprep/sub-21050/ses-1/dwi/sub-21050_ses-1_space-ACPC_desc-preproc_dwi.nii.gz	0.0059594755661501	0.2657537758350372	0.1713575720787048	0.2656442523002624	0.2673470079898834	0.2670051455497741	0.1706268042325973	0.2153412103652954	0.2156509459018707	sub-21050	ses-1				space-ACPC			DSIStudio	autotrackgqi
CranialNerve_CNIIL	nrmse	NODDI	/scratch/executivefunction/SLURM_8364170_132/job-8364170-132-sub-21050-ses-1/ds/inputs/data/qsiprep/qsiprep/sub-21050/ses-1/dwi/sub-21050_ses-1_space-ACPC_desc-preproc_dwi.nii.gz	0.0	0.1123201474547386	0.0416288189589977	0.102393552660942	0.1123201474547386	0.102393552660942	0.0416288189589977	0.1173746138811111	0.1173746138811111	sub-21050	ses-1				space-ACPC			DSIStudio	autotrackgqi
CranialNerve_CNIIL	od	NODDI	/scratch/executivefunction/SLURM_8364170_132/job-8364170-132-sub-21050-ses-1/ds/inputs/data/qsiprep/qsiprep/sub-21050/ses-1/dwi/sub-21050_ses-1_space-ACPC_desc-preproc_dwi.nii.gz	0.0	0.3544198274612427	0.2079548686742782	0.3302271366119385	0.3544198274612427	0.3302271366119385	0.2079548686742782	0.3178214430809021	0.3178214430809021	sub-21050	ses-1				space-ACPC			DSIStudio	autotrackgqi
CranialNerve_CNIIL	rmse	NODDI	/scratch/executivefunction/SLURM_8364170_132/job-8364170-132-sub-21050-ses-1/ds/inputs/data/qsiprep/qsiprep/sub-21050/ses-1/dwi/sub-21050_ses-1_space-ACPC_desc-preproc_dwi.nii.gz	0.0	0.0398619435727596	0.0127467941492795	0.0373891592025756	0.0398619435727596	0.0373891592025756	0.0127467941492795	0.040065161883831	0.0400651656091213	sub-21050	ses-1				space-ACPC			DSIStudio	autotrackgqi
CranialNerve_CNIIL	tf	NODDI	/scratch/executivefunction/SLURM_8364170_132/job-8364170-132-sub-21050-ses-1/ds/inputs/data/qsiprep/qsiprep/sub-21050/ses-1/dwi/sub-21050_ses-1_space-ACPC_desc-preproc_dwi.nii.gz	0.0417163289630512	0.8075819756476047	0.3034791386315115	1.0	0.8427379074233088	1.0	0.2578403801020111	0.7408830734636255	0.7784167801606694	sub-21050	ses-1				space-ACPC			DSIStudio	autotrackgqi
