bundle	variable_name	qsirecon_suffix	source_file	zero_proportion	mean	stdev	median	masked_mean	masked_median	masked_stdev	weighted_mean	masked_weighted_mean	subject_id	session_id	task_id	dir_id	acq_id	space_id	rec_id	run_id	bundle_source	bundle_params_id
Association_FrontalAslantTractL	ad	DSIStudio	/scratch/executivefunction/SLURM_13244013_206/job-13244013-206-sub-22653-ses-2/ds/inputs/data/qsiprep/qsiprep/sub-22653/ses-2/dwi/sub-22653_ses-2_space-ACPC_desc-preproc_dwi.nii.gz	0.0001961553550411	1.1128008436366317	0.2395615573508971	1.0610186457633972	1.1130191683067585	1.061028003692627	0.2390773927643807	1.1379502049721206	1.1379575251309295	sub-22653	ses-2				space-ACPC			DSIStudio	autotrackgqi
Association_FrontalAslantTractL	dti_fa	DSIStudio	/scratch/executivefunction/SLURM_13244013_206/job-13244013-206-sub-22653-ses-2/ds/inputs/data/qsiprep/qsiprep/sub-22653/ses-2/dwi/sub-22653_ses-2_space-ACPC_desc-preproc_dwi.nii.gz	0.0001961553550411	0.2907688383238807	0.1679482160318928	0.2583703249692917	0.2908258853786823	0.258567601442337	0.1679152955208943	0.3992019568243578	0.3992045249738414	sub-22653	ses-2				space-ACPC			DSIStudio	autotrackgqi
Association_FrontalAslantTractL	gfa	DSIStudio	/scratch/executivefunction/SLURM_13244013_206/job-13244013-206-sub-22653-ses-2/ds/inputs/data/qsiprep/qsiprep/sub-22653/ses-2/dwi/sub-22653_ses-2_space-ACPC_desc-preproc_dwi.nii.gz	0.0001961553550411	0.0648834021213413	0.0351452385182297	0.0580856036394834	0.0648961318451242	0.0580995678901672	0.035136932377563	0.0864595367801044	0.0864600929753149	sub-22653	ses-2				space-ACPC			DSIStudio	autotrackgqi
Association_FrontalAslantTractL	ha	DSIStudio	/scratch/executivefunction/SLURM_13244013_206/job-13244013-206-sub-22653-ses-2/ds/inputs/data/qsiprep/qsiprep/sub-22653/ses-2/dwi/sub-22653_ses-2_space-ACPC_desc-preproc_dwi.nii.gz	0.0001961553550411	-8.422697035933375	48.3247947381837	-13.77967357635498	-8.424349517203913	-13.806241035461426	48.32939099650031	-22.710655380894504	-22.710801466069093	sub-22653	ses-2				space-ACPC			DSIStudio	autotrackgqi
Association_FrontalAslantTractL	iso	DSIStudio	/scratch/executivefunction/SLURM_13244013_206/job-13244013-206-sub-22653-ses-2/ds/inputs/data/qsiprep/qsiprep/sub-22653/ses-2/dwi/sub-22653_ses-2_space-ACPC_desc-preproc_dwi.nii.gz	0.0001961553550411	0.6851710907372482	0.1447642824753814	0.6672584414482117	0.6853055170842636	0.6672903895378113	0.1444599804039276	0.6403667408847895	0.6403708600488146	sub-22653	ses-2				space-ACPC			DSIStudio	autotrackgqi
Association_FrontalAslantTractL	md	DSIStudio	/scratch/executivefunction/SLURM_13244013_206/job-13244013-206-sub-22653-ses-2/ds/inputs/data/qsiprep/qsiprep/sub-22653/ses-2/dwi/sub-22653_ses-2_space-ACPC_desc-preproc_dwi.nii.gz	0.0001961553550411	0.8535378377149506	0.223734241098643	0.7963169813156128	0.853705296580502	0.7963231205940247	0.2234365032769203	0.7803017782085093	0.7803067975329111	sub-22653	ses-2				space-ACPC			DSIStudio	autotrackgqi
Association_FrontalAslantTractL	qa	DSIStudio	/scratch/executivefunction/SLURM_13244013_206/job-13244013-206-sub-22653-ses-2/ds/inputs/data/qsiprep/qsiprep/sub-22653/ses-2/dwi/sub-22653_ses-2_space-ACPC_desc-preproc_dwi.nii.gz	0.0001961553550411	0.1883366172524916	0.0954184330741866	0.1753455325961113	0.1883735677365514	0.1753643602132797	0.0953913159434963	0.2460165759578963	0.2460181585496256	sub-22653	ses-2				space-ACPC			DSIStudio	autotrackgqi
Association_FrontalAslantTractL	rd1	DSIStudio	/scratch/executivefunction/SLURM_13244013_206/job-13244013-206-sub-22653-ses-2/ds/inputs/data/qsiprep/qsiprep/sub-22653/ses-2/dwi/sub-22653_ses-2_space-ACPC_desc-preproc_dwi.nii.gz	0.0001961553550411	0.8142411903733597	0.2440605125084091	0.7726283371448517	0.8144009394787891	0.7726525068283081	0.2438178015139522	0.7071725470808801	0.7071770958763924	sub-22653	ses-2				space-ACPC			DSIStudio	autotrackgqi
Association_FrontalAslantTractL	rd2	DSIStudio	/scratch/executivefunction/SLURM_13244013_206/job-13244013-206-sub-22653-ses-2/ds/inputs/data/qsiprep/qsiprep/sub-22653/ses-2/dwi/sub-22653_ses-2_space-ACPC_desc-preproc_dwi.nii.gz	0.0001961553550411	0.6335714768754263	0.2792250981750941	0.6033033132553101	0.6336957796960806	0.6033169627189636	0.2791114147710997	0.4957825830427249	0.4957857720616122	sub-22653	ses-2				space-ACPC			DSIStudio	autotrackgqi
Association_FrontalAslantTractL	rd	DSIStudio	/scratch/executivefunction/SLURM_13244013_206/job-13244013-206-sub-22653-ses-2/ds/inputs/data/qsiprep/qsiprep/sub-22653/ses-2/dwi/sub-22653_ses-2_space-ACPC_desc-preproc_dwi.nii.gz	0.0001961553550411	0.7239063334037108	0.2547242538334831	0.6803806126117706	0.7240483593667094	0.6804127097129822	0.2545473271397948	0.6014775660444567	0.6014814349516628	sub-22653	ses-2				space-ACPC			DSIStudio	autotrackgqi
Association_FrontalAslantTractL	txx	DSIStudio	/scratch/executivefunction/SLURM_13244013_206/job-13244013-206-sub-22653-ses-2/ds/inputs/data/qsiprep/qsiprep/sub-22653/ses-2/dwi/sub-22653_ses-2_space-ACPC_desc-preproc_dwi.nii.gz	0.0001961553550411	0.0008327712646434	0.0002628156352347	0.0008050741453189	0.0008329346492353	0.0008050808100961	0.0002625824079188	0.0007871827616202	0.0007871878254811	sub-22653	ses-2				space-ACPC			DSIStudio	autotrackgqi
Association_FrontalAslantTractL	txy	DSIStudio	/scratch/executivefunction/SLURM_13244013_206/job-13244013-206-sub-22653-ses-2/ds/inputs/data/qsiprep/qsiprep/sub-22653/ses-2/dwi/sub-22653_ses-2_space-ACPC_desc-preproc_dwi.nii.gz	0.0001961553550411	-7.767365392244063e-06	9.184766167972324e-05	-7.52591404307168e-06	-7.76888930148327e-06	-7.529134109063307e-06	9.185660676728088e-05	1.005136040825273e-05	1.0051425166751627e-05	sub-22653	ses-2				space-ACPC			DSIStudio	autotrackgqi
Association_FrontalAslantTractL	txz	DSIStudio	/scratch/executivefunction/SLURM_13244013_206/job-13244013-206-sub-22653-ses-2/ds/inputs/data/qsiprep/qsiprep/sub-22653/ses-2/dwi/sub-22653_ses-2_space-ACPC_desc-preproc_dwi.nii.gz	0.0001961553550411	-3.2711902520419096e-05	0.0001479399478324	-2.43172198679531e-05	-3.271832039417237e-05	-2.433478039165493e-05	0.000147953749955	-0.0001140700839812	-0.0001140708179561	sub-22653	ses-2				space-ACPC			DSIStudio	autotrackgqi
Association_FrontalAslantTractL	tyy	DSIStudio	/scratch/executivefunction/SLURM_13244013_206/job-13244013-206-sub-22653-ses-2/ds/inputs/data/qsiprep/qsiprep/sub-22653/ses-2/dwi/sub-22653_ses-2_space-ACPC_desc-preproc_dwi.nii.gz	0.0001961553550411	0.0008075979648203	0.0002756624552923	0.0007657234673388	0.0008077564105658	0.0007657451787963	0.000275457278756	0.0006857719081482	0.0006857763191404	sub-22653	ses-2				space-ACPC			DSIStudio	autotrackgqi
Association_FrontalAslantTractL	tyz	DSIStudio	/scratch/executivefunction/SLURM_13244013_206/job-13244013-206-sub-22653-ses-2/ds/inputs/data/qsiprep/qsiprep/sub-22653/ses-2/dwi/sub-22653_ses-2_space-ACPC_desc-preproc_dwi.nii.gz	0.0001961553550411	-7.822654054826831e-06	0.0001143429837989	-3.695269811032631e-06	-7.824188811361033e-06	-3.6972151065128855e-06	0.0001143541474388	-2.40079712671095e-05	-2.400812553256514e-05	sub-22653	ses-2				space-ACPC			DSIStudio	autotrackgqi
Association_FrontalAslantTractL	tzz	DSIStudio	/scratch/executivefunction/SLURM_13244013_206/job-13244013-206-sub-22653-ses-2/ds/inputs/data/qsiprep/qsiprep/sub-22653/ses-2/dwi/sub-22653_ses-2_space-ACPC_desc-preproc_dwi.nii.gz	0.0001961553550411	0.0009202442822755	0.0002661561111599	0.0008965692541096	0.0009204248285346	0.0008966245222836	0.0002658698825337	0.0008679506680477	0.0008679562511678	sub-22653	ses-2				space-ACPC			DSIStudio	autotrackgqi
Association_VerticalOccipitalFasciculusR	ad	DSIStudio	/scratch/executivefunction/SLURM_13244013_206/job-13244013-206-sub-22653-ses-2/ds/inputs/data/qsiprep/qsiprep/sub-22653/ses-2/dwi/sub-22653_ses-2_space-ACPC_desc-preproc_dwi.nii.gz	0.0118365788468881	1.0212777393289356	0.2254552674104329	0.9773444533348083	1.0335109734553642	0.979579746723175	0.1969663853194322	1.1030879185533975	1.104136166338478	sub-22653	ses-2				space-ACPC			DSIStudio	autotrackgqi
Association_VerticalOccipitalFasciculusR	dti_fa	DSIStudio	/scratch/executivefunction/SLURM_13244013_206/job-13244013-206-sub-22653-ses-2/ds/inputs/data/qsiprep/qsiprep/sub-22653/ses-2/dwi/sub-22653_ses-2_space-ACPC_desc-preproc_dwi.nii.gz	0.0118365788468881	0.2542946144231531	0.1617728163973905	0.2042722702026367	0.2573406472852543	0.2066386938095092	0.1603123672756854	0.3656016957144611	0.3659491213835676	sub-22653	ses-2				space-ACPC			DSIStudio	autotrackgqi
Association_VerticalOccipitalFasciculusR	gfa	DSIStudio	/scratch/executivefunction/SLURM_13244013_206/job-13244013-206-sub-22653-ses-2/ds/inputs/data/qsiprep/qsiprep/sub-22653/ses-2/dwi/sub-22653_ses-2_space-ACPC_desc-preproc_dwi.nii.gz	0.0118365788468881	0.0555722869638568	0.0349926086888542	0.0437478944659233	0.0562379519158968	0.0442456100136041	0.0346657514772102	0.0791449201847677	0.0792201303945721	sub-22653	ses-2				space-ACPC			DSIStudio	autotrackgqi
Association_VerticalOccipitalFasciculusR	ha	DSIStudio	/scratch/executivefunction/SLURM_13244013_206/job-13244013-206-sub-22653-ses-2/ds/inputs/data/qsiprep/qsiprep/sub-22653/ses-2/dwi/sub-22653_ses-2_space-ACPC_desc-preproc_dwi.nii.gz	0.0118365788468881	-9.008154113555442	38.80519784891694	-13.101072311401367	-9.116057041499884	-13.682541847229004	39.02431636135984	-21.787214476778782	-21.807918567239525	sub-22653	ses-2				space-ACPC			DSIStudio	autotrackgqi
Association_VerticalOccipitalFasciculusR	iso	DSIStudio	/scratch/executivefunction/SLURM_13244013_206/job-13244013-206-sub-22653-ses-2/ds/inputs/data/qsiprep/qsiprep/sub-22653/ses-2/dwi/sub-22653_ses-2_space-ACPC_desc-preproc_dwi.nii.gz	0.0118365788468881	0.7706836189401882	0.1817748844170711	0.7995097041130066	0.7799151460604147	0.8037987053394318	0.1619817616575728	0.7449771701013046	0.7456851108560489	sub-22653	ses-2				space-ACPC			DSIStudio	autotrackgqi
Association_VerticalOccipitalFasciculusR	md	DSIStudio	/scratch/executivefunction/SLURM_13244013_206/job-13244013-206-sub-22653-ses-2/ds/inputs/data/qsiprep/qsiprep/sub-22653/ses-2/dwi/sub-22653_ses-2_space-ACPC_desc-preproc_dwi.nii.gz	0.0118365788468881	0.8017264906802037	0.1667171307249612	0.7765772342681885	0.8113298605453839	0.7772005796432495	0.1426044695478477	0.7742230418463676	0.7749587744167445	sub-22653	ses-2				space-ACPC			DSIStudio	autotrackgqi
Association_VerticalOccipitalFasciculusR	qa	DSIStudio	/scratch/executivefunction/SLURM_13244013_206/job-13244013-206-sub-22653-ses-2/ds/inputs/data/qsiprep/qsiprep/sub-22653/ses-2/dwi/sub-22653_ses-2_space-ACPC_desc-preproc_dwi.nii.gz	0.0118365788468881	0.18170858849069	0.1101437572788556	0.1509497314691543	0.1838851596820391	0.1523636057972908	0.1089803899104639	0.2560191262441202	0.2562624173287668	sub-22653	ses-2				space-ACPC			DSIStudio	autotrackgqi
Association_VerticalOccipitalFasciculusR	rd1	DSIStudio	/scratch/executivefunction/SLURM_13244013_206/job-13244013-206-sub-22653-ses-2/ds/inputs/data/qsiprep/qsiprep/sub-22653/ses-2/dwi/sub-22653_ses-2_space-ACPC_desc-preproc_dwi.nii.gz	0.0118365788468881	0.7714526887816662	0.1859409814651038	0.7620693445205688	0.7806934280986026	0.7640253007411957	0.1666553467220925	0.7033484714590216	0.7040168530392692	sub-22653	ses-2				space-ACPC			DSIStudio	autotrackgqi
Association_VerticalOccipitalFasciculusR	rd2	DSIStudio	/scratch/executivefunction/SLURM_13244013_206/job-13244013-206-sub-22653-ses-2/ds/inputs/data/qsiprep/qsiprep/sub-22653/ses-2/dwi/sub-22653_ses-2_space-ACPC_desc-preproc_dwi.nii.gz	0.0118365788468881	0.6124490448858684	0.2063312559674554	0.6175933480262756	0.6197851810494935	0.6197980642318726	0.1963051414387252	0.5162327373985993	0.5167233057461809	sub-22653	ses-2				space-ACPC			DSIStudio	autotrackgqi
Association_VerticalOccipitalFasciculusR	rd	DSIStudio	/scratch/executivefunction/SLURM_13244013_206/job-13244013-206-sub-22653-ses-2/ds/inputs/data/qsiprep/qsiprep/sub-22653/ses-2/dwi/sub-22653_ses-2_space-ACPC_desc-preproc_dwi.nii.gz	0.0118365788468881	0.691950866572044	0.1882426849794044	0.6805789470672607	0.7002393043091898	0.6822507381439209	0.1733663044361292	0.6097906038390856	0.6103700788024399	sub-22653	ses-2				space-ACPC			DSIStudio	autotrackgqi
Association_VerticalOccipitalFasciculusR	txx	DSIStudio	/scratch/executivefunction/SLURM_13244013_206/job-13244013-206-sub-22653-ses-2/ds/inputs/data/qsiprep/qsiprep/sub-22653/ses-2/dwi/sub-22653_ses-2_space-ACPC_desc-preproc_dwi.nii.gz	0.0118365788468881	0.0007670281519195	0.0002073511112653	0.0007665349985472	0.0007762158925337	0.000768067286117	0.0001907296949429	0.0007134099613796	0.0007140879042318	sub-22653	ses-2				space-ACPC			DSIStudio	autotrackgqi
Association_VerticalOccipitalFasciculusR	txy	DSIStudio	/scratch/executivefunction/SLURM_13244013_206/job-13244013-206-sub-22653-ses-2/ds/inputs/data/qsiprep/qsiprep/sub-22653/ses-2/dwi/sub-22653_ses-2_space-ACPC_desc-preproc_dwi.nii.gz	0.0118365788468881	3.679795712768039e-06	0.0001169777045626	3.5391494748182595e-06	3.723873636684503e-06	4.621135758497985e-06	0.0001176755222221	3.354449791057978e-06	3.3576377306524544e-06	sub-22653	ses-2				space-ACPC			DSIStudio	autotrackgqi
Association_VerticalOccipitalFasciculusR	txz	DSIStudio	/scratch/executivefunction/SLURM_13244013_206/job-13244013-206-sub-22653-ses-2/ds/inputs/data/qsiprep/qsiprep/sub-22653/ses-2/dwi/sub-22653_ses-2_space-ACPC_desc-preproc_dwi.nii.gz	0.0118365788468881	4.949139592921364e-05	0.0001092274774668	3.320188989164308e-05	5.0084221769169445e-05	3.420979373913724e-05	0.000109744522213	0.0001147891866472	0.0001148982690399	sub-22653	ses-2				space-ACPC			DSIStudio	autotrackgqi
Association_VerticalOccipitalFasciculusR	tyy	DSIStudio	/scratch/executivefunction/SLURM_13244013_206/job-13244013-206-sub-22653-ses-2/ds/inputs/data/qsiprep/qsiprep/sub-22653/ses-2/dwi/sub-22653_ses-2_space-ACPC_desc-preproc_dwi.nii.gz	0.0118365788468881	0.0008257039530021	0.0002119466115563	0.0007985045085661	0.0008355945335829	0.0008008165168575	0.0001928598855474	0.0007787368043188	0.0007794768262972	sub-22653	ses-2				space-ACPC			DSIStudio	autotrackgqi
Association_VerticalOccipitalFasciculusR	tyz	DSIStudio	/scratch/executivefunction/SLURM_13244013_206/job-13244013-206-sub-22653-ses-2/ds/inputs/data/qsiprep/qsiprep/sub-22653/ses-2/dwi/sub-22653_ses-2_space-ACPC_desc-preproc_dwi.nii.gz	0.0118365788468881	7.993788155884959e-06	0.0001266674898354	-3.995298357040156e-06	8.089540641523458e-06	-5.156047109267092e-06	0.0001274208265702	3.7095817341225615e-05	3.713106910649118e-05	sub-22653	ses-2				space-ACPC			DSIStudio	autotrackgqi
Association_VerticalOccipitalFasciculusR	tzz	DSIStudio	/scratch/executivefunction/SLURM_13244013_206/job-13244013-206-sub-22653-ses-2/ds/inputs/data/qsiprep/qsiprep/sub-22653/ses-2/dwi/sub-22653_ses-2_space-ACPC_desc-preproc_dwi.nii.gz	0.0118365788468881	0.0008124473691013	0.0001863877750237	0.0008036673534661	0.0008221791575256	0.0008053210622165	0.0001647885377634	0.0008305223655174	0.0008313115984034	sub-22653	ses-2				space-ACPC			DSIStudio	autotrackgqi
Association_ParietalAslantTractL	ad	DSIStudio	/scratch/executivefunction/SLURM_13244013_206/job-13244013-206-sub-22653-ses-2/ds/inputs/data/qsiprep/qsiprep/sub-22653/ses-2/dwi/sub-22653_ses-2_space-ACPC_desc-preproc_dwi.nii.gz	0.018642146366041	1.0210142638944892	0.2358004021414807	0.9887510538101196	1.0404097344446606	0.9926974177360536	0.1909942959497674	1.0987038579926502	1.1002260678856215	sub-22653	ses-2				space-ACPC			DSIStudio	autotrackgqi
Association_ParietalAslantTractL	dti_fa	DSIStudio	/scratch/executivefunction/SLURM_13244013_206/job-13244013-206-sub-22653-ses-2/ds/inputs/data/qsiprep/qsiprep/sub-22653/ses-2/dwi/sub-22653_ses-2_space-ACPC_desc-preproc_dwi.nii.gz	0.018642146366041	0.2476555877964038	0.1643552280574231	0.194441556930542	0.2523601221301053	0.1985316425561905	0.1622915394035232	0.3678491376080351	0.3683587775978442	sub-22653	ses-2				space-ACPC			DSIStudio	autotrackgqi
Association_ParietalAslantTractL	gfa	DSIStudio	/scratch/executivefunction/SLURM_13244013_206/job-13244013-206-sub-22653-ses-2/ds/inputs/data/qsiprep/qsiprep/sub-22653/ses-2/dwi/sub-22653_ses-2_space-ACPC_desc-preproc_dwi.nii.gz	0.018642146366041	0.0548548191319623	0.0358820398680173	0.0421261861920356	0.0558968565124693	0.0429971739649772	0.0354080820378884	0.0809237841335187	0.0810359007409801	sub-22653	ses-2				space-ACPC			DSIStudio	autotrackgqi
Association_ParietalAslantTractL	ha	DSIStudio	/scratch/executivefunction/SLURM_13244013_206/job-13244013-206-sub-22653-ses-2/ds/inputs/data/qsiprep/qsiprep/sub-22653/ses-2/dwi/sub-22653_ses-2_space-ACPC_desc-preproc_dwi.nii.gz	0.018642146366041	2.4376396882416507	37.82293645359181	0.7163388729095459	2.483945768829478	1.9249881505966189	38.17898756056916	8.524116916659597	8.53592670436818	sub-22653	ses-2				space-ACPC			DSIStudio	autotrackgqi
Association_ParietalAslantTractL	iso	DSIStudio	/scratch/executivefunction/SLURM_13244013_206/job-13244013-206-sub-22653-ses-2/ds/inputs/data/qsiprep/qsiprep/sub-22653/ses-2/dwi/sub-22653_ses-2_space-ACPC_desc-preproc_dwi.nii.gz	0.018642146366041	0.7572433454093539	0.2054572106414409	0.7643453478813171	0.7716281503279246	0.7701523303985596	0.1786472180283787	0.6897231541942306	0.6906787380325918	sub-22653	ses-2				space-ACPC			DSIStudio	autotrackgqi
Association_ParietalAslantTractL	md	DSIStudio	/scratch/executivefunction/SLURM_13244013_206/job-13244013-206-sub-22653-ses-2/ds/inputs/data/qsiprep/qsiprep/sub-22653/ses-2/dwi/sub-22653_ses-2_space-ACPC_desc-preproc_dwi.nii.gz	0.018642146366041	0.8045207925280691	0.1757451010864196	0.790062665939331	0.8198036929637198	0.7912525534629822	0.1376375233851958	0.7748003738870638	0.7758738287073356	sub-22653	ses-2				space-ACPC			DSIStudio	autotrackgqi
Association_ParietalAslantTractL	qa	DSIStudio	/scratch/executivefunction/SLURM_13244013_206/job-13244013-206-sub-22653-ses-2/ds/inputs/data/qsiprep/qsiprep/sub-22653/ses-2/dwi/sub-22653_ses-2_space-ACPC_desc-preproc_dwi.nii.gz	0.018642146366041	0.1695791326210068	0.0962637101539118	0.1467687487602234	0.1728005049259623	0.149345725774765	0.0942660064645941	0.2379685671397681	0.2382982629266226	sub-22653	ses-2				space-ACPC			DSIStudio	autotrackgqi
Association_ParietalAslantTractL	rd1	DSIStudio	/scratch/executivefunction/SLURM_13244013_206/job-13244013-206-sub-22653-ses-2/ds/inputs/data/qsiprep/qsiprep/sub-22653/ses-2/dwi/sub-22653_ses-2_space-ACPC_desc-preproc_dwi.nii.gz	0.018642146366041	0.7732100534880547	0.1912266015569532	0.7760774493217468	0.7878981664281436	0.7779552936553955	0.160279519669199	0.7161262205836365	0.7171183847859774	sub-22653	ses-2				space-ACPC			DSIStudio	autotrackgqi
Association_ParietalAslantTractL	rd2	DSIStudio	/scratch/executivefunction/SLURM_13244013_206/job-13244013-206-sub-22653-ses-2/ds/inputs/data/qsiprep/qsiprep/sub-22653/ses-2/dwi/sub-22653_ses-2_space-ACPC_desc-preproc_dwi.nii.gz	0.018642146366041	0.6193380614085467	0.2137466681127765	0.6368997097015381	0.6311031792481648	0.641476571559906	0.1978143824913618	0.5095710465222392	0.5102770368925041	sub-22653	ses-2				space-ACPC			DSIStudio	autotrackgqi
Association_ParietalAslantTractL	rd	DSIStudio	/scratch/executivefunction/SLURM_13244013_206/job-13244013-206-sub-22653-ses-2/ds/inputs/data/qsiprep/qsiprep/sub-22653/ses-2/dwi/sub-22653_ses-2_space-ACPC_desc-preproc_dwi.nii.gz	0.018642146366041	0.6962740574417313	0.1943964905426858	0.7026751637458801	0.70950067283146	0.7053879499435425	0.1706562986491223	0.6128486340722663	0.6136977113592887	sub-22653	ses-2				space-ACPC			DSIStudio	autotrackgqi
Association_ParietalAslantTractL	txx	DSIStudio	/scratch/executivefunction/SLURM_13244013_206/job-13244013-206-sub-22653-ses-2/ds/inputs/data/qsiprep/qsiprep/sub-22653/ses-2/dwi/sub-22653_ses-2_space-ACPC_desc-preproc_dwi.nii.gz	0.018642146366041	0.0008319124918139	0.0002125246511098	0.0008358139893971	0.0008477157325774	0.0008384724496863	0.0001806324201414	0.0008088231252509	0.0008099437171165	sub-22653	ses-2				space-ACPC			DSIStudio	autotrackgqi
Association_ParietalAslantTractL	txy	DSIStudio	/scratch/executivefunction/SLURM_13244013_206/job-13244013-206-sub-22653-ses-2/ds/inputs/data/qsiprep/qsiprep/sub-22653/ses-2/dwi/sub-22653_ses-2_space-ACPC_desc-preproc_dwi.nii.gz	0.018642146366041	3.330467800612689e-05	9.317566800060926e-05	2.1600621039397083e-05	3.393734292011826e-05	2.3094751668395475e-05	9.394229198203836e-05	5.193518237368266e-05	5.200713643197448e-05	sub-22653	ses-2				space-ACPC			DSIStudio	autotrackgqi
Association_ParietalAslantTractL	txz	DSIStudio	/scratch/executivefunction/SLURM_13244013_206/job-13244013-206-sub-22653-ses-2/ds/inputs/data/qsiprep/qsiprep/sub-22653/ses-2/dwi/sub-22653_ses-2_space-ACPC_desc-preproc_dwi.nii.gz	0.018642146366041	-1.2276597123737475e-05	0.0001329185618543	0.0	-1.2509806772603235e-05	-6.320121315184224e-07	0.0001341642294102	-4.9992576299232536e-05	-5.006183901311624e-05	sub-22653	ses-2				space-ACPC			DSIStudio	autotrackgqi
Association_ParietalAslantTractL	tyy	DSIStudio	/scratch/executivefunction/SLURM_13244013_206/job-13244013-206-sub-22653-ses-2/ds/inputs/data/qsiprep/qsiprep/sub-22653/ses-2/dwi/sub-22653_ses-2_space-ACPC_desc-preproc_dwi.nii.gz	0.018642146366041	0.0007737862073403	0.0002168088754117	0.0007769301882945	0.000788485265059	0.0007795730489306	0.000190549307919	0.0006923516178002	0.0006933108432855	sub-22653	ses-2				space-ACPC			DSIStudio	autotrackgqi
Association_ParietalAslantTractL	tyz	DSIStudio	/scratch/executivefunction/SLURM_13244013_206/job-13244013-206-sub-22653-ses-2/ds/inputs/data/qsiprep/qsiprep/sub-22653/ses-2/dwi/sub-22653_ses-2_space-ACPC_desc-preproc_dwi.nii.gz	0.018642146366041	2.5192725717513304e-05	0.0001021475113432	1.409031028742902e-05	2.5671293732683625e-05	1.6071480786195025e-05	0.0001030535683157	3.735794437598866e-05	3.740970233750512e-05	sub-22653	ses-2				space-ACPC			DSIStudio	autotrackgqi
Association_ParietalAslantTractL	tzz	DSIStudio	/scratch/executivefunction/SLURM_13244013_206/job-13244013-206-sub-22653-ses-2/ds/inputs/data/qsiprep/qsiprep/sub-22653/ses-2/dwi/sub-22653_ses-2_space-ACPC_desc-preproc_dwi.nii.gz	0.018642146366041	0.0008078636786586	0.0002208281986371	0.0007914673187769	0.0008232100814877	0.0007945624529384	0.0001925048961643	0.0008232263802261	0.0008243669273382	sub-22653	ses-2				space-ACPC			DSIStudio	autotrackgqi
Association_InferiorFrontoOccipitalFasciculusR	ad	DSIStudio	/scratch/executivefunction/SLURM_13244013_206/job-13244013-206-sub-22653-ses-2/ds/inputs/data/qsiprep/qsiprep/sub-22653/ses-2/dwi/sub-22653_ses-2_space-ACPC_desc-preproc_dwi.nii.gz	0.0051475634866163	1.119491564562053	0.2623890837153718	1.0708651542663574	1.1252840355756544	1.072379231452942	0.2503719022582557	1.2380636274974748	1.238167391168818	sub-22653	ses-2				space-ACPC			DSIStudio	autotrackgqi
Association_InferiorFrontoOccipitalFasciculusR	dti_fa	DSIStudio	/scratch/executivefunction/SLURM_13244013_206/job-13244013-206-sub-22653-ses-2/ds/inputs/data/qsiprep/qsiprep/sub-22653/ses-2/dwi/sub-22653_ses-2_space-ACPC_desc-preproc_dwi.nii.gz	0.0051475634866163	0.30607298628204	0.1787382985678214	0.2769423723220825	0.3076566685153034	0.278848648071289	0.177835460585036	0.4570199949766224	0.4570582984997374	sub-22653	ses-2				space-ACPC			DSIStudio	autotrackgqi
Association_InferiorFrontoOccipitalFasciculusR	gfa	DSIStudio	/scratch/executivefunction/SLURM_13244013_206/job-13244013-206-sub-22653-ses-2/ds/inputs/data/qsiprep/qsiprep/sub-22653/ses-2/dwi/sub-22653_ses-2_space-ACPC_desc-preproc_dwi.nii.gz	0.0051475634866163	0.0686252280317943	0.0394392716657706	0.0616351179778575	0.0689803085493786	0.061993982642889	0.0392302284464482	0.101879720121659	0.101888258806644	sub-22653	ses-2				space-ACPC			DSIStudio	autotrackgqi
Association_InferiorFrontoOccipitalFasciculusR	ha	DSIStudio	/scratch/executivefunction/SLURM_13244013_206/job-13244013-206-sub-22653-ses-2/ds/inputs/data/qsiprep/qsiprep/sub-22653/ses-2/dwi/sub-22653_ses-2_space-ACPC_desc-preproc_dwi.nii.gz	0.0051475634866163	-0.3928197946126616	33.618722499859764	-2.246852993965149	-0.3948523220080358	-2.498375415802002	33.70557334164413	-0.9751333925983948	-0.9752151379127908	sub-22653	ses-2				space-ACPC			DSIStudio	autotrackgqi
Association_InferiorFrontoOccipitalFasciculusR	iso	DSIStudio	/scratch/executivefunction/SLURM_13244013_206/job-13244013-206-sub-22653-ses-2/ds/inputs/data/qsiprep/qsiprep/sub-22653/ses-2/dwi/sub-22653_ses-2_space-ACPC_desc-preproc_dwi.nii.gz	0.0051475634866163	0.7046193371153388	0.1833272878297303	0.6902693510055542	0.7082651770797161	0.6915842294692993	0.1766368366154699	0.6323306906425477	0.6323836870494439	sub-22653	ses-2				space-ACPC			DSIStudio	autotrackgqi
Association_InferiorFrontoOccipitalFasciculusR	md	DSIStudio	/scratch/executivefunction/SLURM_13244013_206/job-13244013-206-sub-22653-ses-2/ds/inputs/data/qsiprep/qsiprep/sub-22653/ses-2/dwi/sub-22653_ses-2_space-ACPC_desc-preproc_dwi.nii.gz	0.0051475634866163	0.8349477247348014	0.1873474610004876	0.8021514415740967	0.8392679095816528	0.8024747967720032	0.1779182064365349	0.7947598963471424	0.7948265061408988	sub-22653	ses-2				space-ACPC			DSIStudio	autotrackgqi
Association_InferiorFrontoOccipitalFasciculusR	qa	DSIStudio	/scratch/executivefunction/SLURM_13244013_206/job-13244013-206-sub-22653-ses-2/ds/inputs/data/qsiprep/qsiprep/sub-22653/ses-2/dwi/sub-22653_ses-2_space-ACPC_desc-preproc_dwi.nii.gz	0.0051475634866163	0.2022614464452701	0.1067206238067112	0.1855349913239479	0.2033079872168048	0.1864605844020843	0.1059974145789501	0.2888083711543971	0.288832576600569	sub-22653	ses-2				space-ACPC			DSIStudio	autotrackgqi
Association_InferiorFrontoOccipitalFasciculusR	rd1	DSIStudio	/scratch/executivefunction/SLURM_13244013_206/job-13244013-206-sub-22653-ses-2/ds/inputs/data/qsiprep/qsiprep/sub-22653/ses-2/dwi/sub-22653_ses-2_space-ACPC_desc-preproc_dwi.nii.gz	0.0051475634866163	0.7801723085979634	0.2119054753948492	0.7637650966644287	0.7842090745962281	0.7644566893577576	0.2048672833856656	0.680075803242564	0.6801328012661791	sub-22653	ses-2				space-ACPC			DSIStudio	autotrackgqi
Association_InferiorFrontoOccipitalFasciculusR	rd2	DSIStudio	/scratch/executivefunction/SLURM_13244013_206/job-13244013-206-sub-22653-ses-2/ds/inputs/data/qsiprep/qsiprep/sub-22653/ses-2/dwi/sub-22653_ses-2_space-ACPC_desc-preproc_dwi.nii.gz	0.0051475634866163	0.6051792986455558	0.23127839963404	0.5839585363864899	0.6083106161618315	0.5849462747573853	0.2277315321571529	0.4661402564400851	0.4661793241262402	sub-22653	ses-2				space-ACPC			DSIStudio	autotrackgqi
Association_InferiorFrontoOccipitalFasciculusR	rd	DSIStudio	/scratch/executivefunction/SLURM_13244013_206/job-13244013-206-sub-22653-ses-2/ds/inputs/data/qsiprep/qsiprep/sub-22653/ses-2/dwi/sub-22653_ses-2_space-ACPC_desc-preproc_dwi.nii.gz	0.0051475634866163	0.6926758035086734	0.2142294407940546	0.671488881111145	0.6962598452653586	0.6721920371055603	0.2088930226159291	0.5731080289682764	0.5731560618230884	sub-22653	ses-2				space-ACPC			DSIStudio	autotrackgqi
Association_InferiorFrontoOccipitalFasciculusR	txx	DSIStudio	/scratch/executivefunction/SLURM_13244013_206/job-13244013-206-sub-22653-ses-2/ds/inputs/data/qsiprep/qsiprep/sub-22653/ses-2/dwi/sub-22653_ses-2_space-ACPC_desc-preproc_dwi.nii.gz	0.0051475634866163	0.0007837786983552	0.000241363136768	0.0007728453201707	0.0007878341245281	0.0007739049033261	0.0002352925616931	0.0006746441553262	0.0006747006980403	sub-22653	ses-2				space-ACPC			DSIStudio	autotrackgqi
Association_InferiorFrontoOccipitalFasciculusR	txy	DSIStudio	/scratch/executivefunction/SLURM_13244013_206/job-13244013-206-sub-22653-ses-2/ds/inputs/data/qsiprep/qsiprep/sub-22653/ses-2/dwi/sub-22653_ses-2_space-ACPC_desc-preproc_dwi.nii.gz	0.0051475634866163	1.569660010094887e-05	0.0001368911844765	7.535725217167055e-06	1.577781741778717e-05	7.971552804519888e-06	0.0001372402100983	1.9774396222503684e-05	1.977605339749136e-05	sub-22653	ses-2				space-ACPC			DSIStudio	autotrackgqi
Association_InferiorFrontoOccipitalFasciculusR	txz	DSIStudio	/scratch/executivefunction/SLURM_13244013_206/job-13244013-206-sub-22653-ses-2/ds/inputs/data/qsiprep/qsiprep/sub-22653/ses-2/dwi/sub-22653_ses-2_space-ACPC_desc-preproc_dwi.nii.gz	0.0051475634866163	2.42312198972358e-05	0.0001047376746118	2.013445555348881e-05	2.4356597026748923e-05	2.064362706732936e-05	0.0001049937501661	4.908457124756346e-05	4.908868508628488e-05	sub-22653	ses-2				space-ACPC			DSIStudio	autotrackgqi
Association_InferiorFrontoOccipitalFasciculusR	tyy	DSIStudio	/scratch/executivefunction/SLURM_13244013_206/job-13244013-206-sub-22653-ses-2/ds/inputs/data/qsiprep/qsiprep/sub-22653/ses-2/dwi/sub-22653_ses-2_space-ACPC_desc-preproc_dwi.nii.gz	0.0051475634866163	0.0009391906470835	0.0002644440770559	0.00089170364663	0.0009440502054506	0.0008935527876019	0.0002563295495009	0.0010617594284847	0.0010618484159123	sub-22653	ses-2				space-ACPC			DSIStudio	autotrackgqi
Association_InferiorFrontoOccipitalFasciculusR	tyz	DSIStudio	/scratch/executivefunction/SLURM_13244013_206/job-13244013-206-sub-22653-ses-2/ds/inputs/data/qsiprep/qsiprep/sub-22653/ses-2/dwi/sub-22653_ses-2_space-ACPC_desc-preproc_dwi.nii.gz	0.0051475634866163	2.2232183037487453e-05	0.0001467609832075	8.448549124295823e-06	2.234721675448032e-05	9.034661161422264e-06	0.0001471314427749	5.3662341257975866e-05	5.366683889291112e-05	sub-22653	ses-2				space-ACPC			DSIStudio	autotrackgqi
Association_InferiorFrontoOccipitalFasciculusR	tzz	DSIStudio	/scratch/executivefunction/SLURM_13244013_206/job-13244013-206-sub-22653-ses-2/ds/inputs/data/qsiprep/qsiprep/sub-22653/ses-2/dwi/sub-22653_ses-2_space-ACPC_desc-preproc_dwi.nii.gz	0.0051475634866163	0.0007818738265642	0.000233153741765	0.0007699134002905	0.0007859193965534	0.0007706904434598	0.0002268533628369	0.0006478761022044	0.0006479304014437	sub-22653	ses-2				space-ACPC			DSIStudio	autotrackgqi
Association_InferiorLongitudinalFasciculusR	ad	DSIStudio	/scratch/executivefunction/SLURM_13244013_206/job-13244013-206-sub-22653-ses-2/ds/inputs/data/qsiprep/qsiprep/sub-22653/ses-2/dwi/sub-22653_ses-2_space-ACPC_desc-preproc_dwi.nii.gz	0.0033660319292171	1.127521915994348	0.2732348470607497	1.0649234652519226	1.1313300089268774	1.0658695697784424	0.2657088996766451	1.240569013768897	1.240767067011857	sub-22653	ses-2				space-ACPC			DSIStudio	autotrackgqi
Association_InferiorLongitudinalFasciculusR	dti_fa	DSIStudio	/scratch/executivefunction/SLURM_13244013_206/job-13244013-206-sub-22653-ses-2/ds/inputs/data/qsiprep/qsiprep/sub-22653/ses-2/dwi/sub-22653_ses-2_space-ACPC_desc-preproc_dwi.nii.gz	0.0033660319292171	0.3058566436734732	0.1810663431707473	0.2661131173372268	0.3068896440139703	0.26698699593544	0.1804957940317735	0.4333641962098816	0.4334333816031305	sub-22653	ses-2				space-ACPC			DSIStudio	autotrackgqi
Association_InferiorLongitudinalFasciculusR	gfa	DSIStudio	/scratch/executivefunction/SLURM_13244013_206/job-13244013-206-sub-22653-ses-2/ds/inputs/data/qsiprep/qsiprep/sub-22653/ses-2/dwi/sub-22653_ses-2_space-ACPC_desc-preproc_dwi.nii.gz	0.0033660319292171	0.0686520628879575	0.0404679852648739	0.0591565184295177	0.0688839283903292	0.0593926794826984	0.0403387785003061	0.0972709944164897	0.0972865234571764	sub-22653	ses-2				space-ACPC			DSIStudio	autotrackgqi
Association_InferiorLongitudinalFasciculusR	ha	DSIStudio	/scratch/executivefunction/SLURM_13244013_206/job-13244013-206-sub-22653-ses-2/ds/inputs/data/qsiprep/qsiprep/sub-22653/ses-2/dwi/sub-22653_ses-2_space-ACPC_desc-preproc_dwi.nii.gz	0.0033660319292171	-13.331577574769783	34.3929777705599	-18.315678596496586	-13.376603649759357	-18.485519409179688	34.44226579234146	-18.75426736802307	-18.757261439181157	sub-22653	ses-2				space-ACPC			DSIStudio	autotrackgqi
Association_InferiorLongitudinalFasciculusR	iso	DSIStudio	/scratch/executivefunction/SLURM_13244013_206/job-13244013-206-sub-22653-ses-2/ds/inputs/data/qsiprep/qsiprep/sub-22653/ses-2/dwi/sub-22653_ses-2_space-ACPC_desc-preproc_dwi.nii.gz	0.0033660319292171	0.7073502512693486	0.1798823028185314	0.6881489157676697	0.7097392562673633	0.6892214417457581	0.1754176643091368	0.6210954937416082	0.6211946498372769	sub-22653	ses-2				space-ACPC			DSIStudio	autotrackgqi
Association_InferiorLongitudinalFasciculusR	md	DSIStudio	/scratch/executivefunction/SLURM_13244013_206/job-13244013-206-sub-22653-ses-2/ds/inputs/data/qsiprep/qsiprep/sub-22653/ses-2/dwi/sub-22653_ses-2_space-ACPC_desc-preproc_dwi.nii.gz	0.0033660319292171	0.8411946712714888	0.188641401621869	0.8052714169025421	0.8440357224626982	0.8056080341339111	0.1825042916117159	0.8165003017489052	0.816630653647072	sub-22653	ses-2				space-ACPC			DSIStudio	autotrackgqi
Association_InferiorLongitudinalFasciculusR	qa	DSIStudio	/scratch/executivefunction/SLURM_13244013_206/job-13244013-206-sub-22653-ses-2/ds/inputs/data/qsiprep/qsiprep/sub-22653/ses-2/dwi/sub-22653_ses-2_space-ACPC_desc-preproc_dwi.nii.gz	0.0033660319292171	0.2004652086495428	0.1068517630500414	0.1819567009806633	0.2011422599187442	0.1825496554374694	0.1063939680398509	0.2649097864729392	0.2649520785412345	sub-22653	ses-2				space-ACPC			DSIStudio	autotrackgqi
Association_InferiorLongitudinalFasciculusR	rd1	DSIStudio	/scratch/executivefunction/SLURM_13244013_206/job-13244013-206-sub-22653-ses-2/ds/inputs/data/qsiprep/qsiprep/sub-22653/ses-2/dwi/sub-22653_ses-2_space-ACPC_desc-preproc_dwi.nii.gz	0.0033660319292171	0.7879403204508276	0.212351408140432	0.7728714048862457	0.7906015103780475	0.773277759552002	0.2077052654248462	0.7090377577904395	0.7091509536356188	sub-22653	ses-2				space-ACPC			DSIStudio	autotrackgqi
Association_InferiorLongitudinalFasciculusR	rd2	DSIStudio	/scratch/executivefunction/SLURM_13244013_206/job-13244013-206-sub-22653-ses-2/ds/inputs/data/qsiprep/qsiprep/sub-22653/ses-2/dwi/sub-22653_ses-2_space-ACPC_desc-preproc_dwi.nii.gz	0.0033660319292171	0.6081217757523294	0.2321512292890703	0.596967339515686	0.610175646460747	0.597841739654541	0.2298325339051267	0.4998941331579444	0.4999739397642214	sub-22653	ses-2				space-ACPC			DSIStudio	autotrackgqi
Association_InferiorLongitudinalFasciculusR	rd	DSIStudio	/scratch/executivefunction/SLURM_13244013_206/job-13244013-206-sub-22653-ses-2/ds/inputs/data/qsiprep/qsiprep/sub-22653/ses-2/dwi/sub-22653_ses-2_space-ACPC_desc-preproc_dwi.nii.gz	0.0033660319292171	0.6980310479713921	0.2144569330174288	0.6837060451507568	0.7003885782887712	0.6841709017753601	0.2109405637934771	0.6044659461882833	0.6045624474141255	sub-22653	ses-2				space-ACPC			DSIStudio	autotrackgqi
Association_InferiorLongitudinalFasciculusR	txx	DSIStudio	/scratch/executivefunction/SLURM_13244013_206/job-13244013-206-sub-22653-ses-2/ds/inputs/data/qsiprep/qsiprep/sub-22653/ses-2/dwi/sub-22653_ses-2_space-ACPC_desc-preproc_dwi.nii.gz	0.0033660319292171	0.0007852186140127	0.0002318976525389	0.0007721879228483	0.0007878706116476	0.0007726890034973	0.0002277470419061	0.0007015680472224	0.0007016800505912	sub-22653	ses-2				space-ACPC			DSIStudio	autotrackgqi
Association_InferiorLongitudinalFasciculusR	txy	DSIStudio	/scratch/executivefunction/SLURM_13244013_206/job-13244013-206-sub-22653-ses-2/ds/inputs/data/qsiprep/qsiprep/sub-22653/ses-2/dwi/sub-22653_ses-2_space-ACPC_desc-preproc_dwi.nii.gz	0.0033660319292171	2.7135763429853924e-05	0.0001327080807622	1.576200611452805e-05	2.7227411767212302e-05	1.6010359104257077e-05	0.0001329226098848	6.19138487441459e-05	6.192373302289405e-05	sub-22653	ses-2				space-ACPC			DSIStudio	autotrackgqi
Association_InferiorLongitudinalFasciculusR	txz	DSIStudio	/scratch/executivefunction/SLURM_13244013_206/job-13244013-206-sub-22653-ses-2/ds/inputs/data/qsiprep/qsiprep/sub-22653/ses-2/dwi/sub-22653_ses-2_space-ACPC_desc-preproc_dwi.nii.gz	0.0033660319292171	4.025128091101432e-05	0.0001133844009045	2.6497631552047096e-05	4.038722560192288e-05	2.6967636586050503e-05	0.0001135515384054	5.024615365648739e-05	5.0254175226290384e-05	sub-22653	ses-2				space-ACPC			DSIStudio	autotrackgqi
Association_InferiorLongitudinalFasciculusR	tyy	DSIStudio	/scratch/executivefunction/SLURM_13244013_206/job-13244013-206-sub-22653-ses-2/ds/inputs/data/qsiprep/qsiprep/sub-22653/ses-2/dwi/sub-22653_ses-2_space-ACPC_desc-preproc_dwi.nii.gz	0.0033660319292171	0.0009201904910487	0.0002528102517317	0.0008685353677719	0.0009232983427506	0.0008692469564266	0.0002475063815811	0.0010093523744385	0.0010095135147345	sub-22653	ses-2				space-ACPC			DSIStudio	autotrackgqi
Association_InferiorLongitudinalFasciculusR	tyz	DSIStudio	/scratch/executivefunction/SLURM_13244013_206/job-13244013-206-sub-22653-ses-2/ds/inputs/data/qsiprep/qsiprep/sub-22653/ses-2/dwi/sub-22653_ses-2_space-ACPC_desc-preproc_dwi.nii.gz	0.0033660319292171	8.054259469720737e-05	0.0001551449015951	5.212104770180304e-05	8.081461928607182e-05	5.2710078307427466e-05	0.0001553359287262	0.000141607345882	0.0001416299531533	sub-22653	ses-2				space-ACPC			DSIStudio	autotrackgqi
Association_InferiorLongitudinalFasciculusR	tzz	DSIStudio	/scratch/executivefunction/SLURM_13244013_206/job-13244013-206-sub-22653-ses-2/ds/inputs/data/qsiprep/qsiprep/sub-22653/ses-2/dwi/sub-22653_ses-2_space-ACPC_desc-preproc_dwi.nii.gz	0.0033660319292171	0.0008181749072873	0.0002417265569055	0.0007959866197779	0.0008209382115191	0.0007968841237016	0.0002374038197249	0.0007385804840113	0.0007386983960411	sub-22653	ses-2				space-ACPC			DSIStudio	autotrackgqi
Association_ParietalAslantTractR	ad	DSIStudio	/scratch/executivefunction/SLURM_13244013_206/job-13244013-206-sub-22653-ses-2/ds/inputs/data/qsiprep/qsiprep/sub-22653/ses-2/dwi/sub-22653_ses-2_space-ACPC_desc-preproc_dwi.nii.gz	0.0058112140725616	1.037308964537211	0.1967704358865646	0.9967297315597534	1.0433722238875869	0.9980520308017732	0.18060643765855	1.1224075059662937	1.122940222397916	sub-22653	ses-2				space-ACPC			DSIStudio	autotrackgqi
Association_ParietalAslantTractR	dti_fa	DSIStudio	/scratch/executivefunction/SLURM_13244013_206/job-13244013-206-sub-22653-ses-2/ds/inputs/data/qsiprep/qsiprep/sub-22653/ses-2/dwi/sub-22653_ses-2_space-ACPC_desc-preproc_dwi.nii.gz	0.0058112140725616	0.2549455726022775	0.1618953274733853	0.2016604095697403	0.256435775791264	0.2032897919416427	0.1611867191361331	0.3722098430544404	0.3723865011191278	sub-22653	ses-2				space-ACPC			DSIStudio	autotrackgqi
Association_ParietalAslantTractR	gfa	DSIStudio	/scratch/executivefunction/SLURM_13244013_206/job-13244013-206-sub-22653-ses-2/ds/inputs/data/qsiprep/qsiprep/sub-22653/ses-2/dwi/sub-22653_ses-2_space-ACPC_desc-preproc_dwi.nii.gz	0.0058112140725616	0.05675743695627	0.0351741481269528	0.0441654622554779	0.0570891944866621	0.0445423685014247	0.0350073236055567	0.0818621424184314	0.0819009957982625	sub-22653	ses-2				space-ACPC			DSIStudio	autotrackgqi
Association_ParietalAslantTractR	ha	DSIStudio	/scratch/executivefunction/SLURM_13244013_206/job-13244013-206-sub-22653-ses-2/ds/inputs/data/qsiprep/qsiprep/sub-22653/ses-2/dwi/sub-22653_ses-2_space-ACPC_desc-preproc_dwi.nii.gz	0.0058112140725616	-1.877299147572334	36.61697992055027	-0.7966858148574829	-1.8882723021474013	-1.0514258742332458	36.72355833249437	-10.731802948046203	-10.73689644685469	sub-22653	ses-2				space-ACPC			DSIStudio	autotrackgqi
Association_ParietalAslantTractR	iso	DSIStudio	/scratch/executivefunction/SLURM_13244013_206/job-13244013-206-sub-22653-ses-2/ds/inputs/data/qsiprep/qsiprep/sub-22653/ses-2/dwi/sub-22653_ses-2_space-ACPC_desc-preproc_dwi.nii.gz	0.0058112140725616	0.7469272332657108	0.1745177106789507	0.7572497129440308	0.7512931586418296	0.7589952647686005	0.1653915501129005	0.6748918817232696	0.6752121984399235	sub-22653	ses-2				space-ACPC			DSIStudio	autotrackgqi
Association_ParietalAslantTractR	md	DSIStudio	/scratch/executivefunction/SLURM_13244013_206/job-13244013-206-sub-22653-ses-2/ds/inputs/data/qsiprep/qsiprep/sub-22653/ses-2/dwi/sub-22653_ses-2_space-ACPC_desc-preproc_dwi.nii.gz	0.0058112140725616	0.8124057312803327	0.1360309610023468	0.7912958264350891	0.8171543903731245	0.791639655828476	0.1213762597693127	0.7837017867721644	0.7840737467820489	sub-22653	ses-2				space-ACPC			DSIStudio	autotrackgqi
Association_ParietalAslantTractR	qa	DSIStudio	/scratch/executivefunction/SLURM_13244013_206/job-13244013-206-sub-22653-ses-2/ds/inputs/data/qsiprep/qsiprep/sub-22653/ses-2/dwi/sub-22653_ses-2_space-ACPC_desc-preproc_dwi.nii.gz	0.0058112140725616	0.1711242695379834	0.0898582970259022	0.1500667035579681	0.1721245219823602	0.1509394645690918	0.0891602073188816	0.2344024585502853	0.2345137105658549	sub-22653	ses-2				space-ACPC			DSIStudio	autotrackgqi
Association_ParietalAslantTractR	rd1	DSIStudio	/scratch/executivefunction/SLURM_13244013_206/job-13244013-206-sub-22653-ses-2/ds/inputs/data/qsiprep/qsiprep/sub-22653/ses-2/dwi/sub-22653_ses-2_space-ACPC_desc-preproc_dwi.nii.gz	0.0058112140725616	0.7759115196611175	0.1604216480477056	0.7697060108184814	0.7804468634569249	0.770035982131958	0.149485573508928	0.7067759973874357	0.7071114468133207	sub-22653	ses-2				space-ACPC			DSIStudio	autotrackgqi
Association_ParietalAslantTractR	rd2	DSIStudio	/scratch/executivefunction/SLURM_13244013_206/job-13244013-206-sub-22653-ses-2/ds/inputs/data/qsiprep/qsiprep/sub-22653/ses-2/dwi/sub-22653_ses-2_space-ACPC_desc-preproc_dwi.nii.gz	0.0058112140725616	0.6239967086784354	0.1875045532307217	0.6368319392204285	0.6276440828049917	0.6379603147506714	0.1818631610380008	0.5219218551985103	0.5221695693698193	sub-22653	ses-2				space-ACPC			DSIStudio	autotrackgqi
Association_ParietalAslantTractR	rd	DSIStudio	/scratch/executivefunction/SLURM_13244013_206/job-13244013-206-sub-22653-ses-2/ds/inputs/data/qsiprep/qsiprep/sub-22653/ses-2/dwi/sub-22653_ses-2_space-ACPC_desc-preproc_dwi.nii.gz	0.0058112140725616	0.6999541145184921	0.1651804485308664	0.6999108791351318	0.7040454734817124	0.7004655301570892	0.1567276655501517	0.6143489259845165	0.6146405077829671	sub-22653	ses-2				space-ACPC			DSIStudio	autotrackgqi
Association_ParietalAslantTractR	txx	DSIStudio	/scratch/executivefunction/SLURM_13244013_206/job-13244013-206-sub-22653-ses-2/ds/inputs/data/qsiprep/qsiprep/sub-22653/ses-2/dwi/sub-22653_ses-2_space-ACPC_desc-preproc_dwi.nii.gz	0.0058112140725616	0.000818127106506	0.000188418062834	0.0008208134095184	0.0008229092080764	0.0008214335830416	0.0001782516281053	0.0007550541274008	0.0007554124906261	sub-22653	ses-2				space-ACPC			DSIStudio	autotrackgqi
Association_ParietalAslantTractR	txy	DSIStudio	/scratch/executivefunction/SLURM_13244013_206/job-13244013-206-sub-22653-ses-2/ds/inputs/data/qsiprep/qsiprep/sub-22653/ses-2/dwi/sub-22653_ses-2_space-ACPC_desc-preproc_dwi.nii.gz	0.0058112140725616	-2.8138647770790933e-05	0.0001027507826302	-1.8216343960375525e-05	-2.830312327908781e-05	-1.888238148239907e-05	0.0001030280542934	-3.759180930501951e-05	-3.7609651133772455e-05	sub-22653	ses-2				space-ACPC			DSIStudio	autotrackgqi
Association_ParietalAslantTractR	txz	DSIStudio	/scratch/executivefunction/SLURM_13244013_206/job-13244013-206-sub-22653-ses-2/ds/inputs/data/qsiprep/qsiprep/sub-22653/ses-2/dwi/sub-22653_ses-2_space-ACPC_desc-preproc_dwi.nii.gz	0.0058112140725616	2.1630077197798136e-05	0.0001251350208753	9.835137461777776e-06	2.1756508928654143e-05	1.0321303307136986e-05	0.0001254892469975	6.920625302229002e-05	6.923909961603502e-05	sub-22653	ses-2				space-ACPC			DSIStudio	autotrackgqi
Association_ParietalAslantTractR	tyy	DSIStudio	/scratch/executivefunction/SLURM_13244013_206/job-13244013-206-sub-22653-ses-2/ds/inputs/data/qsiprep/qsiprep/sub-22653/ses-2/dwi/sub-22653_ses-2_space-ACPC_desc-preproc_dwi.nii.gz	0.0058112140725616	0.0008183997560099	0.000195725841886	0.0007965442491695	0.0008231834512662	0.0007971425075083	0.000185996417084	0.0007580381298885	0.0007583979093738	sub-22653	ses-2				space-ACPC			DSIStudio	autotrackgqi
Association_ParietalAslantTractR	tyz	DSIStudio	/scratch/executivefunction/SLURM_13244013_206/job-13244013-206-sub-22653-ses-2/ds/inputs/data/qsiprep/qsiprep/sub-22653/ses-2/dwi/sub-22653_ses-2_space-ACPC_desc-preproc_dwi.nii.gz	0.0058112140725616	2.4971660080497103e-05	0.0001105094122503	5.376087756303605e-06	2.5117623970383107e-05	5.953826530458173e-06	0.0001108153744679	4.853794113793966e-05	4.856097808841524e-05	sub-22653	ses-2				space-ACPC			DSIStudio	autotrackgqi
Association_ParietalAslantTractR	tzz	DSIStudio	/scratch/executivefunction/SLURM_13244013_206/job-13244013-206-sub-22653-ses-2/ds/inputs/data/qsiprep/qsiprep/sub-22653/ses-2/dwi/sub-22653_ses-2_space-ACPC_desc-preproc_dwi.nii.gz	0.0058112140725616	0.00080069033084	0.0001799525624666	0.0007871113484725	0.0008053705112888	0.0007879362965468	0.0001697142583743	0.0008380131025055	0.0008384108398243	sub-22653	ses-2				space-ACPC			DSIStudio	autotrackgqi
Association_ExtremeCapsuleL	ad	DSIStudio	/scratch/executivefunction/SLURM_13244013_206/job-13244013-206-sub-22653-ses-2/ds/inputs/data/qsiprep/qsiprep/sub-22653/ses-2/dwi/sub-22653_ses-2_space-ACPC_desc-preproc_dwi.nii.gz	0.0004310344827586	1.1651580163887862	0.3077362002088018	1.097496509552002	1.165660456240614	1.0976368188858032	0.3068496894182433	1.144584564906264	1.1446467187126683	sub-22653	ses-2				space-ACPC			DSIStudio	autotrackgqi
Association_ExtremeCapsuleL	dti_fa	DSIStudio	/scratch/executivefunction/SLURM_13244013_206/job-13244013-206-sub-22653-ses-2/ds/inputs/data/qsiprep/qsiprep/sub-22653/ses-2/dwi/sub-22653_ses-2_space-ACPC_desc-preproc_dwi.nii.gz	0.0004310344827586	0.3369814827628755	0.1743722532538942	0.323153406381607	0.3371267960370294	0.3231915980577469	0.174269346861548	0.3762434531950334	0.3762638841457281	sub-22653	ses-2				space-ACPC			DSIStudio	autotrackgqi
Association_ExtremeCapsuleL	gfa	DSIStudio	/scratch/executivefunction/SLURM_13244013_206/job-13244013-206-sub-22653-ses-2/ds/inputs/data/qsiprep/qsiprep/sub-22653/ses-2/dwi/sub-22653_ses-2_space-ACPC_desc-preproc_dwi.nii.gz	0.0004310344827586	0.0751092638577543	0.0372739720448057	0.0722687281668186	0.0751416525010737	0.0722830221056938	0.0372493539726432	0.0828289572854033	0.0828334551014158	sub-22653	ses-2				space-ACPC			DSIStudio	autotrackgqi
Association_ExtremeCapsuleL	ha	DSIStudio	/scratch/executivefunction/SLURM_13244013_206/job-13244013-206-sub-22653-ses-2/ds/inputs/data/qsiprep/qsiprep/sub-22653/ses-2/dwi/sub-22653_ses-2_space-ACPC_desc-preproc_dwi.nii.gz	0.0004310344827586	14.602729085085368	49.38133086503874	31.036399841308597	14.609026079084972	31.054304122924805	49.3910455721965	22.400826562500637	22.402042990966656	sub-22653	ses-2				space-ACPC			DSIStudio	autotrackgqi
Association_ExtremeCapsuleL	iso	DSIStudio	/scratch/executivefunction/SLURM_13244013_206/job-13244013-206-sub-22653-ses-2/ds/inputs/data/qsiprep/qsiprep/sub-22653/ses-2/dwi/sub-22653_ses-2_space-ACPC_desc-preproc_dwi.nii.gz	0.0004310344827586	0.6927752415858338	0.1258764777818681	0.6856372058391571	0.6930739803704762	0.6856888234615326	0.1250786641208841	0.6934480177701257	0.6934856736447603	sub-22653	ses-2				space-ACPC			DSIStudio	autotrackgqi
Association_ExtremeCapsuleL	md	DSIStudio	/scratch/executivefunction/SLURM_13244013_206/job-13244013-206-sub-22653-ses-2/ds/inputs/data/qsiprep/qsiprep/sub-22653/ses-2/dwi/sub-22653_ses-2_space-ACPC_desc-preproc_dwi.nii.gz	0.0004310344827586	0.8531909760473103	0.2648412036276792	0.7938444316387177	0.8535588893616903	0.7938711941242218	0.2643048876331251	0.8028665632863585	0.8029101609600914	sub-22653	ses-2				space-ACPC			DSIStudio	autotrackgqi
Association_ExtremeCapsuleL	qa	DSIStudio	/scratch/executivefunction/SLURM_13244013_206/job-13244013-206-sub-22653-ses-2/ds/inputs/data/qsiprep/qsiprep/sub-22653/ses-2/dwi/sub-22653_ses-2_space-ACPC_desc-preproc_dwi.nii.gz	0.0004310344827586	0.225714980853031	0.1110504592602559	0.2136619985103607	0.2258123137468874	0.213688813149929	0.1109754181498513	0.252336930985799	0.252350633459947	sub-22653	ses-2				space-ACPC			DSIStudio	autotrackgqi
Association_ExtremeCapsuleL	rd1	DSIStudio	/scratch/executivefunction/SLURM_13244013_206/job-13244013-206-sub-22653-ses-2/ds/inputs/data/qsiprep/qsiprep/sub-22653/ses-2/dwi/sub-22653_ses-2_space-ACPC_desc-preproc_dwi.nii.gz	0.0004310344827586	0.7919436889186758	0.2893873994833628	0.7592875957489014	0.7922851911562432	0.7593197524547577	0.2889820278002896	0.7357092257854329	0.7357491766532941	sub-22653	ses-2				space-ACPC			DSIStudio	autotrackgqi
Association_ExtremeCapsuleL	rd2	DSIStudio	/scratch/executivefunction/SLURM_13244013_206/job-13244013-206-sub-22653-ses-2/ds/inputs/data/qsiprep/qsiprep/sub-22653/ses-2/dwi/sub-22653_ses-2_space-ACPC_desc-preproc_dwi.nii.gz	0.0004310344827586	0.6024712236248888	0.3016532980175363	0.5467236638069153	0.6027310214789746	0.546804815530777	0.3014587247880846	0.5283058963045194	0.5283345846512967	sub-22653	ses-2				space-ACPC			DSIStudio	autotrackgqi
Association_ExtremeCapsuleL	rd	DSIStudio	/scratch/executivefunction/SLURM_13244013_206/job-13244013-206-sub-22653-ses-2/ds/inputs/data/qsiprep/qsiprep/sub-22653/ses-2/dwi/sub-22653_ses-2_space-ACPC_desc-preproc_dwi.nii.gz	0.0004310344827586	0.6972074561431233	0.2899453699337053	0.6496546864509583	0.6975081061888944	0.6496778726577759	0.2896461007359854	0.6320075609704748	0.6320418805777901	sub-22653	ses-2				space-ACPC			DSIStudio	autotrackgqi
Association_ExtremeCapsuleL	txx	DSIStudio	/scratch/executivefunction/SLURM_13244013_206/job-13244013-206-sub-22653-ses-2/ds/inputs/data/qsiprep/qsiprep/sub-22653/ses-2/dwi/sub-22653_ses-2_space-ACPC_desc-preproc_dwi.nii.gz	0.0004310344827586	0.0007728986702235	0.0003178801675932	0.0007367442303802	0.0007732319598614	0.0007369278755504	0.0003175431696914	0.0006991035535497	0.0006991415166929	sub-22653	ses-2				space-ACPC			DSIStudio	autotrackgqi
Association_ExtremeCapsuleL	txy	DSIStudio	/scratch/executivefunction/SLURM_13244013_206/job-13244013-206-sub-22653-ses-2/ds/inputs/data/qsiprep/qsiprep/sub-22653/ses-2/dwi/sub-22653_ses-2_space-ACPC_desc-preproc_dwi.nii.gz	0.0004310344827586	2.8685106606952708e-06	0.0001020350143108	3.3985996878982405e-06	2.869747620876683e-06	3.4259837775607598e-06	0.000102056994336	-6.938584238297276e-06	-6.938960986379206e-06	sub-22653	ses-2				space-ACPC			DSIStudio	autotrackgqi
Association_ExtremeCapsuleL	txz	DSIStudio	/scratch/executivefunction/SLURM_13244013_206/job-13244013-206-sub-22653-ses-2/ds/inputs/data/qsiprep/qsiprep/sub-22653/ses-2/dwi/sub-22653_ses-2_space-ACPC_desc-preproc_dwi.nii.gz	0.0004310344827586	-3.174410731923762e-05	0.0001344154091109	-2.8378456590871792e-05	-3.175779602442056e-05	-2.8405188459146306e-05	0.0001344427705681	-4.7310518906493776e-05	-4.731308787150941e-05	sub-22653	ses-2				space-ACPC			DSIStudio	autotrackgqi
Association_ExtremeCapsuleL	tyy	DSIStudio	/scratch/executivefunction/SLURM_13244013_206/job-13244013-206-sub-22653-ses-2/ds/inputs/data/qsiprep/qsiprep/sub-22653/ses-2/dwi/sub-22653_ses-2_space-ACPC_desc-preproc_dwi.nii.gz	0.0004310344827586	0.0008369557555475	0.0003188281319601	0.0007849230314604	0.0008373166679044	0.0007849854300729	0.0003184226969614	0.0007896228583117	0.000789665736992	sub-22653	ses-2				space-ACPC			DSIStudio	autotrackgqi
Association_ExtremeCapsuleL	tyz	DSIStudio	/scratch/executivefunction/SLURM_13244013_206/job-13244013-206-sub-22653-ses-2/ds/inputs/data/qsiprep/qsiprep/sub-22653/ses-2/dwi/sub-22653_ses-2_space-ACPC_desc-preproc_dwi.nii.gz	0.0004310344827586	9.872516927871164e-05	0.0001540161659702	6.972104893065989e-05	9.876774158111729e-05	6.975454380153678e-05	0.0001540357217632	0.0001373720987182	0.0001373795584943	sub-22653	ses-2				space-ACPC			DSIStudio	autotrackgqi
Association_ExtremeCapsuleL	tzz	DSIStudio	/scratch/executivefunction/SLURM_13244013_206/job-13244013-206-sub-22653-ses-2/ds/inputs/data/qsiprep/qsiprep/sub-22653/ses-2/dwi/sub-22653_ses-2_space-ACPC_desc-preproc_dwi.nii.gz	0.0004310344827586	0.0009497185028333	0.0002978671256865	0.000906441011466	0.0009501280407819	0.000906591390958	0.0002972775992675	0.0009198732760131	0.0009199232272106	sub-22653	ses-2				space-ACPC			DSIStudio	autotrackgqi
Association_InferiorFrontoOccipitalFasciculusL	ad	DSIStudio	/scratch/executivefunction/SLURM_13244013_206/job-13244013-206-sub-22653-ses-2/ds/inputs/data/qsiprep/qsiprep/sub-22653/ses-2/dwi/sub-22653_ses-2_space-ACPC_desc-preproc_dwi.nii.gz	0.0104772991850989	1.1041643904897191	0.2472996703905765	1.0626757740974426	1.1158555428596104	1.064921259880066	0.2208144828838341	1.2470749917504689	1.2475691189642548	sub-22653	ses-2				space-ACPC			DSIStudio	autotrackgqi
Association_InferiorFrontoOccipitalFasciculusL	dti_fa	DSIStudio	/scratch/executivefunction/SLURM_13244013_206/job-13244013-206-sub-22653-ses-2/ds/inputs/data/qsiprep/qsiprep/sub-22653/ses-2/dwi/sub-22653_ses-2_space-ACPC_desc-preproc_dwi.nii.gz	0.0104772991850989	0.3120978833948684	0.1810136671498476	0.2888182252645492	0.3154024492190493	0.2923486977815628	0.1790826990647432	0.4791472852630241	0.4793371373260158	sub-22653	ses-2				space-ACPC			DSIStudio	autotrackgqi
Association_InferiorFrontoOccipitalFasciculusL	gfa	DSIStudio	/scratch/executivefunction/SLURM_13244013_206/job-13244013-206-sub-22653-ses-2/ds/inputs/data/qsiprep/qsiprep/sub-22653/ses-2/dwi/sub-22653_ses-2_space-ACPC_desc-preproc_dwi.nii.gz	0.0104772991850989	0.0695878246803719	0.0400287574278127	0.063924454152584	0.0703246369416935	0.0647708922624588	0.0395910458425003	0.1074376851147002	0.1074802550437594	sub-22653	ses-2				space-ACPC			DSIStudio	autotrackgqi
Association_InferiorFrontoOccipitalFasciculusL	ha	DSIStudio	/scratch/executivefunction/SLURM_13244013_206/job-13244013-206-sub-22653-ses-2/ds/inputs/data/qsiprep/qsiprep/sub-22653/ses-2/dwi/sub-22653_ses-2_space-ACPC_desc-preproc_dwi.nii.gz	0.0104772991850989	-0.8601463288894453	34.43643418907251	0.0	-0.8692537606070982	0.3137436062097549	34.61815033183025	2.685919607963746	2.686983859257768	sub-22653	ses-2				space-ACPC			DSIStudio	autotrackgqi
Association_InferiorFrontoOccipitalFasciculusL	iso	DSIStudio	/scratch/executivefunction/SLURM_13244013_206/job-13244013-206-sub-22653-ses-2/ds/inputs/data/qsiprep/qsiprep/sub-22653/ses-2/dwi/sub-22653_ses-2_space-ACPC_desc-preproc_dwi.nii.gz	0.0104772991850989	0.7138513755920637	0.2094353319681793	0.6955665349960327	0.721409801921862	0.6981235146522522	0.1971671090110535	0.6335998981332285	0.6338509484985182	sub-22653	ses-2				space-ACPC			DSIStudio	autotrackgqi
Association_InferiorFrontoOccipitalFasciculusL	md	DSIStudio	/scratch/executivefunction/SLURM_13244013_206/job-13244013-206-sub-22653-ses-2/ds/inputs/data/qsiprep/qsiprep/sub-22653/ses-2/dwi/sub-22653_ses-2_space-ACPC_desc-preproc_dwi.nii.gz	0.0104772991850989	0.8189381931423794	0.1665995032079827	0.795758843421936	0.8276093034227104	0.796480804681778	0.1444748544815349	0.785869253290482	0.7861806373331475	sub-22653	ses-2				space-ACPC			DSIStudio	autotrackgqi
Association_InferiorFrontoOccipitalFasciculusL	qa	DSIStudio	/scratch/executivefunction/SLURM_13244013_206/job-13244013-206-sub-22653-ses-2/ds/inputs/data/qsiprep/qsiprep/sub-22653/ses-2/dwi/sub-22653_ses-2_space-ACPC_desc-preproc_dwi.nii.gz	0.0104772991850989	0.2083496860804728	0.1103747423991036	0.1974926739931106	0.2105557415801484	0.1992551535367965	0.1088442840543544	0.3123831674840642	0.3125069426475539	sub-22653	ses-2				space-ACPC			DSIStudio	autotrackgqi
Association_InferiorFrontoOccipitalFasciculusL	rd1	DSIStudio	/scratch/executivefunction/SLURM_13244013_206/job-13244013-206-sub-22653-ses-2/ds/inputs/data/qsiprep/qsiprep/sub-22653/ses-2/dwi/sub-22653_ses-2_space-ACPC_desc-preproc_dwi.nii.gz	0.0104772991850989	0.7685961286310753	0.1917537032160438	0.7606650590896606	0.776734205287169	0.7623382806777954	0.1756066175503335	0.6695934995171815	0.6698588116559149	sub-22653	ses-2				space-ACPC			DSIStudio	autotrackgqi
Association_InferiorFrontoOccipitalFasciculusL	rd2	DSIStudio	/scratch/executivefunction/SLURM_13244013_206/job-13244013-206-sub-22653-ses-2/ds/inputs/data/qsiprep/qsiprep/sub-22653/ses-2/dwi/sub-22653_ses-2_space-ACPC_desc-preproc_dwi.nii.gz	0.0104772991850989	0.5840540592519651	0.2173325439190402	0.5654212832450867	0.5902381610558094	0.5689905285835266	0.209960616520392	0.4409392663357651	0.4411139791103435	sub-22653	ses-2				space-ACPC			DSIStudio	autotrackgqi
Association_InferiorFrontoOccipitalFasciculusL	rd	DSIStudio	/scratch/executivefunction/SLURM_13244013_206/job-13244013-206-sub-22653-ses-2/ds/inputs/data/qsiprep/qsiprep/sub-22653/ses-2/dwi/sub-22653_ses-2_space-ACPC_desc-preproc_dwi.nii.gz	0.0104772991850989	0.6763250945077405	0.1953890314942676	0.6592700779438019	0.6834861837437047	0.6603793203830719	0.1835390797506091	0.5552663829974509	0.5554863954541349	sub-22653	ses-2				space-ACPC			DSIStudio	autotrackgqi
Association_InferiorFrontoOccipitalFasciculusL	txx	DSIStudio	/scratch/executivefunction/SLURM_13244013_206/job-13244013-206-sub-22653-ses-2/ds/inputs/data/qsiprep/qsiprep/sub-22653/ses-2/dwi/sub-22653_ses-2_space-ACPC_desc-preproc_dwi.nii.gz	0.0104772991850989	0.0007735338095763	0.000224657356402	0.0007724064926151	0.0007817241675601	0.0007748889620415	0.0002111935725053	0.0006759136036224	0.0006761814201797	sub-22653	ses-2				space-ACPC			DSIStudio	autotrackgqi
Association_InferiorFrontoOccipitalFasciculusL	txy	DSIStudio	/scratch/executivefunction/SLURM_13244013_206/job-13244013-206-sub-22653-ses-2/ds/inputs/data/qsiprep/qsiprep/sub-22653/ses-2/dwi/sub-22653_ses-2_space-ACPC_desc-preproc_dwi.nii.gz	0.0104772991850989	-3.316826569354037e-06	0.0001396575381893	-5.918530234794162e-07	-3.3519459095001387e-06	-1.5522622902608418e-06	0.0001403945355417	1.5288021060595755e-05	1.5294078534186566e-05	sub-22653	ses-2				space-ACPC			DSIStudio	autotrackgqi
Association_InferiorFrontoOccipitalFasciculusL	txz	DSIStudio	/scratch/executivefunction/SLURM_13244013_206/job-13244013-206-sub-22653-ses-2/ds/inputs/data/qsiprep/qsiprep/sub-22653/ses-2/dwi/sub-22653_ses-2_space-ACPC_desc-preproc_dwi.nii.gz	0.0104772991850989	-5.234477658387177e-05	0.0001149144452234	-4.008341420558281e-05	-5.2899015394759824e-05	-4.164435631537344e-05	0.0001153942467016	-5.904517644730604e-05	-5.906857186286504e-05	sub-22653	ses-2				space-ACPC			DSIStudio	autotrackgqi
Association_InferiorFrontoOccipitalFasciculusL	tyy	DSIStudio	/scratch/executivefunction/SLURM_13244013_206/job-13244013-206-sub-22653-ses-2/ds/inputs/data/qsiprep/qsiprep/sub-22653/ses-2/dwi/sub-22653_ses-2_space-ACPC_desc-preproc_dwi.nii.gz	0.0104772991850989	0.0009140040379645	0.0002477561697251	0.0008708829118404	0.0009236817277783	0.0008737261232454	0.0002304212518466	0.0010533586678517	0.0010537760390645	sub-22653	ses-2				space-ACPC			DSIStudio	autotrackgqi
Association_InferiorFrontoOccipitalFasciculusL	tyz	DSIStudio	/scratch/executivefunction/SLURM_13244013_206/job-13244013-206-sub-22653-ses-2/ds/inputs/data/qsiprep/qsiprep/sub-22653/ses-2/dwi/sub-22653_ses-2_space-ACPC_desc-preproc_dwi.nii.gz	0.0104772991850989	2.6524821426088667e-05	0.0001431845690401	1.1857368008350022e-05	2.6805672476482545e-05	1.3124137694831006e-05	0.0001439144555374	6.474111543898775e-05	6.476676803709385e-05	sub-22653	ses-2				space-ACPC			DSIStudio	autotrackgqi
Association_InferiorFrontoOccipitalFasciculusL	tzz	DSIStudio	/scratch/executivefunction/SLURM_13244013_206/job-13244013-206-sub-22653-ses-2/ds/inputs/data/qsiprep/qsiprep/sub-22653/ses-2/dwi/sub-22653_ses-2_space-ACPC_desc-preproc_dwi.nii.gz	0.0104772991850989	0.0007692767320613	0.0002132315280539	0.0007684261363465	0.0007774220151066	0.0007706845644861	0.000199039656199	0.0006283354858386	0.0006285844501955	sub-22653	ses-2				space-ACPC			DSIStudio	autotrackgqi
Association_SuperiorLongitudinalFasciculusL	ad	DSIStudio	/scratch/executivefunction/SLURM_13244013_206/job-13244013-206-sub-22653-ses-2/ds/inputs/data/qsiprep/qsiprep/sub-22653/ses-2/dwi/sub-22653_ses-2_space-ACPC_desc-preproc_dwi.nii.gz	0.0033715441672285	1.0706230637182623	0.2070473653751543	1.028885006904602	1.0742449279392308	1.0299144983291626	0.1977950065247755	1.1070325315084657	1.1072829965554245	sub-22653	ses-2				space-ACPC			DSIStudio	autotrackgqi
Association_SuperiorLongitudinalFasciculusL	dti_fa	DSIStudio	/scratch/executivefunction/SLURM_13244013_206/job-13244013-206-sub-22653-ses-2/ds/inputs/data/qsiprep/qsiprep/sub-22653/ses-2/dwi/sub-22653_ses-2_space-ACPC_desc-preproc_dwi.nii.gz	0.0033715441672285	0.2689358043138153	0.1640234285664915	0.2313634380698204	0.2698456006748227	0.2323671653866768	0.1635518095067467	0.3790738830481172	0.3791596482509868	sub-22653	ses-2				space-ACPC			DSIStudio	autotrackgqi
Association_SuperiorLongitudinalFasciculusL	gfa	DSIStudio	/scratch/executivefunction/SLURM_13244013_206/job-13244013-206-sub-22653-ses-2/ds/inputs/data/qsiprep/qsiprep/sub-22653/ses-2/dwi/sub-22653_ses-2_space-ACPC_desc-preproc_dwi.nii.gz	0.0033715441672285	0.0598456997333932	0.03521562502307	0.0516785811632871	0.0600481547392572	0.0519284717738628	0.0351024006103019	0.0822842362402102	0.0823028529977699	sub-22653	ses-2				space-ACPC			DSIStudio	autotrackgqi
Association_SuperiorLongitudinalFasciculusL	ha	DSIStudio	/scratch/executivefunction/SLURM_13244013_206/job-13244013-206-sub-22653-ses-2/ds/inputs/data/qsiprep/qsiprep/sub-22653/ses-2/dwi/sub-22653_ses-2_space-ACPC_desc-preproc_dwi.nii.gz	0.0033715441672285	1.573191805446135	46.11298164121156	4.010328531265259	1.5785138345579282	4.180040597915649	46.19082380321318	4.160609096886738	4.161550385438784	sub-22653	ses-2				space-ACPC			DSIStudio	autotrackgqi
Association_SuperiorLongitudinalFasciculusL	iso	DSIStudio	/scratch/executivefunction/SLURM_13244013_206/job-13244013-206-sub-22653-ses-2/ds/inputs/data/qsiprep/qsiprep/sub-22653/ses-2/dwi/sub-22653_ses-2_space-ACPC_desc-preproc_dwi.nii.gz	0.0033715441672285	0.7003934634014191	0.1339608484511785	0.7006469368934631	0.702762859421045	0.7011644840240479	0.1278322891686041	0.6633221283082051	0.6634722042327738	sub-22653	ses-2				space-ACPC			DSIStudio	autotrackgqi
Association_SuperiorLongitudinalFasciculusL	md	DSIStudio	/scratch/executivefunction/SLURM_13244013_206/job-13244013-206-sub-22653-ses-2/ds/inputs/data/qsiprep/qsiprep/sub-22653/ses-2/dwi/sub-22653_ses-2_space-ACPC_desc-preproc_dwi.nii.gz	0.0033715441672285	0.8340065464541521	0.1790928660074211	0.7975958287715912	0.8368279488440511	0.7978910207748413	0.1726896982380923	0.7740173530984078	0.7741924736837683	sub-22653	ses-2				space-ACPC			DSIStudio	autotrackgqi
Association_SuperiorLongitudinalFasciculusL	qa	DSIStudio	/scratch/executivefunction/SLURM_13244013_206/job-13244013-206-sub-22653-ses-2/ds/inputs/data/qsiprep/qsiprep/sub-22653/ses-2/dwi/sub-22653_ses-2_space-ACPC_desc-preproc_dwi.nii.gz	0.0033715441672285	0.1776426982731807	0.0992755540562841	0.1582020446658134	0.1782436546272849	0.1586630865931511	0.098903286589747	0.241904330279569	0.2419590609859173	sub-22653	ses-2				space-ACPC			DSIStudio	autotrackgqi
Association_SuperiorLongitudinalFasciculusL	rd1	DSIStudio	/scratch/executivefunction/SLURM_13244013_206/job-13244013-206-sub-22653-ses-2/ds/inputs/data/qsiprep/qsiprep/sub-22653/ses-2/dwi/sub-22653_ses-2_space-ACPC_desc-preproc_dwi.nii.gz	0.0033715441672285	0.7972827861820293	0.2011891786708749	0.7772321403026581	0.7999799539296004	0.7776739299297333	0.1961028746292593	0.7086478024172661	0.708808133185668	sub-22653	ses-2				space-ACPC			DSIStudio	autotrackgqi
Association_SuperiorLongitudinalFasciculusL	rd2	DSIStudio	/scratch/executivefunction/SLURM_13244013_206/job-13244013-206-sub-22653-ses-2/ds/inputs/data/qsiprep/qsiprep/sub-22653/ses-2/dwi/sub-22653_ses-2_space-ACPC_desc-preproc_dwi.nii.gz	0.0033715441672285	0.6341137900651481	0.2366032894092135	0.618747740983963	0.6362589652683455	0.6201145052909851	0.2341059822358901	0.5063717192404373	0.5064862851797716	sub-22653	ses-2				space-ACPC			DSIStudio	autotrackgqi
Association_SuperiorLongitudinalFasciculusL	rd	DSIStudio	/scratch/executivefunction/SLURM_13244013_206/job-13244013-206-sub-22653-ses-2/ds/inputs/data/qsiprep/qsiprep/sub-22653/ses-2/dwi/sub-22653_ses-2_space-ACPC_desc-preproc_dwi.nii.gz	0.0033715441672285	0.7156982880950671	0.2120494052415377	0.6912463307380676	0.7181194595703548	0.6921077966690063	0.2082747562413169	0.6075097614048514	0.6076472097588498	sub-22653	ses-2				space-ACPC			DSIStudio	autotrackgqi
Association_SuperiorLongitudinalFasciculusL	txx	DSIStudio	/scratch/executivefunction/SLURM_13244013_206/job-13244013-206-sub-22653-ses-2/ds/inputs/data/qsiprep/qsiprep/sub-22653/ses-2/dwi/sub-22653_ses-2_space-ACPC_desc-preproc_dwi.nii.gz	0.0033715441672285	0.0008461252340908	0.0002199409281618	0.0008289826801046	0.0008489876333943	0.0008298212487716	0.0002147266102058	0.0007549638022853	0.000755134612038	sub-22653	ses-2				space-ACPC			DSIStudio	autotrackgqi
Association_SuperiorLongitudinalFasciculusL	txy	DSIStudio	/scratch/executivefunction/SLURM_13244013_206/job-13244013-206-sub-22653-ses-2/ds/inputs/data/qsiprep/qsiprep/sub-22653/ses-2/dwi/sub-22653_ses-2_space-ACPC_desc-preproc_dwi.nii.gz	0.0033715441672285	-2.6954015273613984e-05	8.830547114376048e-05	-1.987534960790072e-05	-2.704519935776017e-05	-2.0183204469503835e-05	8.844077057221106e-05	-2.744619832911444e-05	-2.7452408166866487e-05	sub-22653	ses-2				space-ACPC			DSIStudio	autotrackgqi
Association_SuperiorLongitudinalFasciculusL	txz	DSIStudio	/scratch/executivefunction/SLURM_13244013_206/job-13244013-206-sub-22653-ses-2/ds/inputs/data/qsiprep/qsiprep/sub-22653/ses-2/dwi/sub-22653_ses-2_space-ACPC_desc-preproc_dwi.nii.gz	0.0033715441672285	3.79361886812792e-05	0.0001323443149313	2.034649787674425e-05	3.8064524908211806e-05	2.057534493360436e-05	0.0001325495570156	7.64864621942918e-05	7.650376734585521e-05	sub-22653	ses-2				space-ACPC			DSIStudio	autotrackgqi
Association_SuperiorLongitudinalFasciculusL	tyy	DSIStudio	/scratch/executivefunction/SLURM_13244013_206/job-13244013-206-sub-22653-ses-2/ds/inputs/data/qsiprep/qsiprep/sub-22653/ses-2/dwi/sub-22653_ses-2_space-ACPC_desc-preproc_dwi.nii.gz	0.0033715441672285	0.0007909183230802	0.0002273860008987	0.0007615288195665	0.0007935939601678	0.000762221898185	0.0002230603894612	0.0007785403131387	0.0007787164568639	sub-22653	ses-2				space-ACPC			DSIStudio	autotrackgqi
Association_SuperiorLongitudinalFasciculusL	tyz	DSIStudio	/scratch/executivefunction/SLURM_13244013_206/job-13244013-206-sub-22653-ses-2/ds/inputs/data/qsiprep/qsiprep/sub-22653/ses-2/dwi/sub-22653_ses-2_space-ACPC_desc-preproc_dwi.nii.gz	0.0033715441672285	2.478537355577094e-05	0.0001030148052285	1.3418674825516064e-05	2.486922123356448e-05	1.3647691503138049e-05	0.0001031788006519	4.666561172415229e-05	4.667616969301153e-05	sub-22653	ses-2				space-ACPC			DSIStudio	autotrackgqi
Association_SuperiorLongitudinalFasciculusL	tzz	DSIStudio	/scratch/executivefunction/SLURM_13244013_206/job-13244013-206-sub-22653-ses-2/ds/inputs/data/qsiprep/qsiprep/sub-22653/ses-2/dwi/sub-22653_ses-2_space-ACPC_desc-preproc_dwi.nii.gz	0.0033715441672285	0.0008649760825808	0.0002370002938559	0.0008587604388594	0.0008679022533608	0.0008594050596002	0.0002319903585497	0.0007885479400373	0.0007887263483147	sub-22653	ses-2				space-ACPC			DSIStudio	autotrackgqi
Association_VerticalOccipitalFasciculusL	ad	DSIStudio	/scratch/executivefunction/SLURM_13244013_206/job-13244013-206-sub-22653-ses-2/ds/inputs/data/qsiprep/qsiprep/sub-22653/ses-2/dwi/sub-22653_ses-2_space-ACPC_desc-preproc_dwi.nii.gz	0.0280838961962317	0.982991207018892	0.236544109400435	0.965963900089264	1.0113951226569653	0.9709360897541046	0.169830271528712	1.007768349709989	1.013635238023773	sub-22653	ses-2				space-ACPC			DSIStudio	autotrackgqi
Association_VerticalOccipitalFasciculusL	dti_fa	DSIStudio	/scratch/executivefunction/SLURM_13244013_206/job-13244013-206-sub-22653-ses-2/ds/inputs/data/qsiprep/qsiprep/sub-22653/ses-2/dwi/sub-22653_ses-2_space-ACPC_desc-preproc_dwi.nii.gz	0.0280838961962317	0.2355428844587026	0.1512392903623344	0.1914259791374206	0.2423489882890748	0.1996807903051376	0.1479351350772602	0.2849189559782398	0.2865776583625798	sub-22653	ses-2				space-ACPC			DSIStudio	autotrackgqi
Association_VerticalOccipitalFasciculusL	gfa	DSIStudio	/scratch/executivefunction/SLURM_13244013_206/job-13244013-206-sub-22653-ses-2/ds/inputs/data/qsiprep/qsiprep/sub-22653/ses-2/dwi/sub-22653_ses-2_space-ACPC_desc-preproc_dwi.nii.gz	0.0280838961962317	0.051284069811857	0.0322648410605353	0.0415139533579349	0.0527659430800124	0.0427854433655738	0.0315104460069778	0.0610761567849174	0.0614317216334981	sub-22653	ses-2				space-ACPC			DSIStudio	autotrackgqi
Association_VerticalOccipitalFasciculusL	ha	DSIStudio	/scratch/executivefunction/SLURM_13244013_206/job-13244013-206-sub-22653-ses-2/ds/inputs/data/qsiprep/qsiprep/sub-22653/ses-2/dwi/sub-22653_ses-2_space-ACPC_desc-preproc_dwi.nii.gz	0.0280838961962317	8.291541527887198	36.32862361140065	9.762089729309082	8.531128865379184	11.18381404876709	36.822006758745054	11.6950273296019	11.76311189522472	sub-22653	ses-2				space-ACPC			DSIStudio	autotrackgqi
Association_VerticalOccipitalFasciculusL	iso	DSIStudio	/scratch/executivefunction/SLURM_13244013_206/job-13244013-206-sub-22653-ses-2/ds/inputs/data/qsiprep/qsiprep/sub-22653/ses-2/dwi/sub-22653_ses-2_space-ACPC_desc-preproc_dwi.nii.gz	0.0280838961962317	0.7627096146085574	0.217160681629009	0.7873377203941345	0.7847484074227769	0.7941952347755432	0.1767102853748863	0.7833317674732535	0.7878920617454871	sub-22653	ses-2				space-ACPC			DSIStudio	autotrackgqi
Association_VerticalOccipitalFasciculusL	md	DSIStudio	/scratch/executivefunction/SLURM_13244013_206/job-13244013-206-sub-22653-ses-2/ds/inputs/data/qsiprep/qsiprep/sub-22653/ses-2/dwi/sub-22653_ses-2_space-ACPC_desc-preproc_dwi.nii.gz	0.0280838961962317	0.7814175354345303	0.1773494235910621	0.7768092751502991	0.803996900942697	0.7788608074188232	0.1191969783232276	0.7680424518749402	0.7725137366092076	sub-22653	ses-2				space-ACPC			DSIStudio	autotrackgqi
Association_VerticalOccipitalFasciculusL	qa	DSIStudio	/scratch/executivefunction/SLURM_13244013_206/job-13244013-206-sub-22653-ses-2/ds/inputs/data/qsiprep/qsiprep/sub-22653/ses-2/dwi/sub-22653_ses-2_space-ACPC_desc-preproc_dwi.nii.gz	0.0280838961962317	0.1669596758678719	0.0999299607275124	0.1431754976511001	0.1717840410447417	0.1475048288702964	0.0971894922223176	0.2006871483642818	0.2018554815252472	sub-22653	ses-2				space-ACPC			DSIStudio	autotrackgqi
Association_VerticalOccipitalFasciculusL	rd1	DSIStudio	/scratch/executivefunction/SLURM_13244013_206/job-13244013-206-sub-22653-ses-2/ds/inputs/data/qsiprep/qsiprep/sub-22653/ses-2/dwi/sub-22653_ses-2_space-ACPC_desc-preproc_dwi.nii.gz	0.0280838961962317	0.7517083888264936	0.1895988267692337	0.7593318223953247	0.7734292969162131	0.7617928385734558	0.1420804410783181	0.7278358737570547	0.7320730893075391	sub-22653	ses-2				space-ACPC			DSIStudio	autotrackgqi
Association_VerticalOccipitalFasciculusL	rd2	DSIStudio	/scratch/executivefunction/SLURM_13244013_206/job-13244013-206-sub-22653-ses-2/ds/inputs/data/qsiprep/qsiprep/sub-22653/ses-2/dwi/sub-22653_ses-2_space-ACPC_desc-preproc_dwi.nii.gz	0.0280838961962317	0.6095530125082408	0.1977989595207435	0.6237252950668335	0.6271662853641848	0.6290551126003265	0.1709049242930837	0.5685231443643204	0.5718328947739166	sub-22653	ses-2				space-ACPC			DSIStudio	autotrackgqi
Association_VerticalOccipitalFasciculusL	rd	DSIStudio	/scratch/executivefunction/SLURM_13244013_206/job-13244013-206-sub-22653-ses-2/ds/inputs/data/qsiprep/qsiprep/sub-22653/ses-2/dwi/sub-22653_ses-2_space-ACPC_desc-preproc_dwi.nii.gz	0.0280838961962317	0.6806307007971498	0.1862203258375776	0.6875360608100891	0.7002977912737317	0.6914702355861664	0.1480108928331183	0.6481795084592765	0.6519529914358158	sub-22653	ses-2				space-ACPC			DSIStudio	autotrackgqi
Association_VerticalOccipitalFasciculusL	txx	DSIStudio	/scratch/executivefunction/SLURM_13244013_206/job-13244013-206-sub-22653-ses-2/ds/inputs/data/qsiprep/qsiprep/sub-22653/ses-2/dwi/sub-22653_ses-2_space-ACPC_desc-preproc_dwi.nii.gz	0.0280838961962317	0.0007580271522275	0.000203094575188	0.0007750587537884	0.0007799306434586	0.0007789325900375	0.000159235870374	0.0007424405264985	0.0007467627654903	sub-22653	ses-2				space-ACPC			DSIStudio	autotrackgqi
Association_VerticalOccipitalFasciculusL	txy	DSIStudio	/scratch/executivefunction/SLURM_13244013_206/job-13244013-206-sub-22653-ses-2/ds/inputs/data/qsiprep/qsiprep/sub-22653/ses-2/dwi/sub-22653_ses-2_space-ACPC_desc-preproc_dwi.nii.gz	0.0280838961962317	1.8730690456953946e-05	0.0001087231179077	1.0591910722723696e-05	1.9271921088299727e-05	1.3726372344535775e-05	0.0001102354300542	6.980862871774499e-05	7.021503113612836e-05	sub-22653	ses-2				space-ACPC			DSIStudio	autotrackgqi
Association_VerticalOccipitalFasciculusL	txz	DSIStudio	/scratch/executivefunction/SLURM_13244013_206/job-13244013-206-sub-22653-ses-2/ds/inputs/data/qsiprep/qsiprep/sub-22653/ses-2/dwi/sub-22653_ses-2_space-ACPC_desc-preproc_dwi.nii.gz	0.0280838961962317	-2.785901230361905e-05	0.0001098735427398	-1.6487307220813818e-05	-2.8664009367256904e-05	-1.96068422155804e-05	0.000111346090014	-2.951736133672535e-05	-2.96892016549452e-05	sub-22653	ses-2				space-ACPC			DSIStudio	autotrackgqi
Association_VerticalOccipitalFasciculusL	tyy	DSIStudio	/scratch/executivefunction/SLURM_13244013_206/job-13244013-206-sub-22653-ses-2/ds/inputs/data/qsiprep/qsiprep/sub-22653/ses-2/dwi/sub-22653_ses-2_space-ACPC_desc-preproc_dwi.nii.gz	0.0280838961962317	0.0008039985864057	0.0002157656577824	0.0007972022867761	0.0008272304402191	0.0008016482170205	0.0001693574389815	0.0007909053215265	0.0007955097060075	sub-22653	ses-2				space-ACPC			DSIStudio	autotrackgqi
Association_VerticalOccipitalFasciculusL	tyz	DSIStudio	/scratch/executivefunction/SLURM_13244013_206/job-13244013-206-sub-22653-ses-2/ds/inputs/data/qsiprep/qsiprep/sub-22653/ses-2/dwi/sub-22653_ses-2_space-ACPC_desc-preproc_dwi.nii.gz	0.0280838961962317	2.094003318641205e-05	0.0001025863340003	3.8405978557420895e-06	2.1545103640591475e-05	6.526543756990577e-06	0.00010399525683	8.876567461818757e-06	8.928243714835141e-06	sub-22653	ses-2				space-ACPC			DSIStudio	autotrackgqi
Association_VerticalOccipitalFasciculusL	tzz	DSIStudio	/scratch/executivefunction/SLURM_13244013_206/job-13244013-206-sub-22653-ses-2/ds/inputs/data/qsiprep/qsiprep/sub-22653/ses-2/dwi/sub-22653_ses-2_space-ACPC_desc-preproc_dwi.nii.gz	0.0280838961962317	0.0007822268697299	0.0002031076702718	0.0007892347057349	0.0008048296212693	0.0007930975407361	0.0001557349524574	0.0007707815179745	0.0007752687487649	sub-22653	ses-2				space-ACPC			DSIStudio	autotrackgqi
Association_FrontalAslantTractR	ad	DSIStudio	/scratch/executivefunction/SLURM_13244013_206/job-13244013-206-sub-22653-ses-2/ds/inputs/data/qsiprep/qsiprep/sub-22653/ses-2/dwi/sub-22653_ses-2_space-ACPC_desc-preproc_dwi.nii.gz	0.0	1.099506879001518	0.1779390283018907	1.0645225048065186	1.099506879001518	1.0645225048065186	0.1779390283018907	1.1281438005033235	1.1281438005033235	sub-22653	ses-2				space-ACPC			DSIStudio	autotrackgqi
Association_FrontalAslantTractR	dti_fa	DSIStudio	/scratch/executivefunction/SLURM_13244013_206/job-13244013-206-sub-22653-ses-2/ds/inputs/data/qsiprep/qsiprep/sub-22653/ses-2/dwi/sub-22653_ses-2_space-ACPC_desc-preproc_dwi.nii.gz	0.0	0.3176408423186869	0.1658162616957312	0.3099129199981689	0.3176408423186869	0.3099129199981689	0.1658162616957312	0.3983372801681085	0.3983372801681085	sub-22653	ses-2				space-ACPC			DSIStudio	autotrackgqi
Association_FrontalAslantTractR	gfa	DSIStudio	/scratch/executivefunction/SLURM_13244013_206/job-13244013-206-sub-22653-ses-2/ds/inputs/data/qsiprep/qsiprep/sub-22653/ses-2/dwi/sub-22653_ses-2_space-ACPC_desc-preproc_dwi.nii.gz	0.0	0.0711170742631406	0.0353648922617636	0.0693836100399494	0.0711170742631406	0.0693836100399494	0.0353648922617636	0.0875719152772857	0.0875719152772857	sub-22653	ses-2				space-ACPC			DSIStudio	autotrackgqi
Association_FrontalAslantTractR	ha	DSIStudio	/scratch/executivefunction/SLURM_13244013_206/job-13244013-206-sub-22653-ses-2/ds/inputs/data/qsiprep/qsiprep/sub-22653/ses-2/dwi/sub-22653_ses-2_space-ACPC_desc-preproc_dwi.nii.gz	0.0	0.4748578910032697	48.63104015952587	-3.0811251401901245	0.4748578910032697	-3.0811251401901245	48.63104015952587	14.75226730512481	14.75226730512481	sub-22653	ses-2				space-ACPC			DSIStudio	autotrackgqi
Association_FrontalAslantTractR	iso	DSIStudio	/scratch/executivefunction/SLURM_13244013_206/job-13244013-206-sub-22653-ses-2/ds/inputs/data/qsiprep/qsiprep/sub-22653/ses-2/dwi/sub-22653_ses-2_space-ACPC_desc-preproc_dwi.nii.gz	0.0	0.6821430658123323	0.1199100411044112	0.6554716229438782	0.6821430658123323	0.6554716229438782	0.1199100411044112	0.6429418672899572	0.6429418672899572	sub-22653	ses-2				space-ACPC			DSIStudio	autotrackgqi
Association_FrontalAslantTractR	md	DSIStudio	/scratch/executivefunction/SLURM_13244013_206/job-13244013-206-sub-22653-ses-2/ds/inputs/data/qsiprep/qsiprep/sub-22653/ses-2/dwi/sub-22653_ses-2_space-ACPC_desc-preproc_dwi.nii.gz	0.0	0.8170807712337598	0.1428703558595546	0.7899669110774994	0.8170807712337598	0.7899669110774994	0.1428703558595546	0.7752193973683036	0.7752193973683036	sub-22653	ses-2				space-ACPC			DSIStudio	autotrackgqi
Association_FrontalAslantTractR	qa	DSIStudio	/scratch/executivefunction/SLURM_13244013_206/job-13244013-206-sub-22653-ses-2/ds/inputs/data/qsiprep/qsiprep/sub-22653/ses-2/dwi/sub-22653_ses-2_space-ACPC_desc-preproc_dwi.nii.gz	0.0	0.2074398936011116	0.0980683184484786	0.1969605907797813	0.2074398936011116	0.1969605907797813	0.0980683184484786	0.2506833067071828	0.2506833067071828	sub-22653	ses-2				space-ACPC			DSIStudio	autotrackgqi
Association_FrontalAslantTractR	rd1	DSIStudio	/scratch/executivefunction/SLURM_13244013_206/job-13244013-206-sub-22653-ses-2/ds/inputs/data/qsiprep/qsiprep/sub-22653/ses-2/dwi/sub-22653_ses-2_space-ACPC_desc-preproc_dwi.nii.gz	0.0	0.7666315482739283	0.1738635413916112	0.7551013231277466	0.7666315482739283	0.7551013231277466	0.1738635413916112	0.7085081194894053	0.7085081194894053	sub-22653	ses-2				space-ACPC			DSIStudio	autotrackgqi
Association_FrontalAslantTractR	rd2	DSIStudio	/scratch/executivefunction/SLURM_13244013_206/job-13244013-206-sub-22653-ses-2/ds/inputs/data/qsiprep/qsiprep/sub-22653/ses-2/dwi/sub-22653_ses-2_space-ACPC_desc-preproc_dwi.nii.gz	0.0	0.5851038863455831	0.2146386227747945	0.5632919073104858	0.5851038863455831	0.5632919073104858	0.2146386227747945	0.4890062728992403	0.4890062728992403	sub-22653	ses-2				space-ACPC			DSIStudio	autotrackgqi
Association_FrontalAslantTractR	rd	DSIStudio	/scratch/executivefunction/SLURM_13244013_206/job-13244013-206-sub-22653-ses-2/ds/inputs/data/qsiprep/qsiprep/sub-22653/ses-2/dwi/sub-22653_ses-2_space-ACPC_desc-preproc_dwi.nii.gz	0.0	0.6758677168345911	0.1859568897632065	0.6565416753292084	0.6758677168345911	0.6565416753292084	0.1859568897632065	0.598757195413639	0.598757195413639	sub-22653	ses-2				space-ACPC			DSIStudio	autotrackgqi
Association_FrontalAslantTractR	txx	DSIStudio	/scratch/executivefunction/SLURM_13244013_206/job-13244013-206-sub-22653-ses-2/ds/inputs/data/qsiprep/qsiprep/sub-22653/ses-2/dwi/sub-22653_ses-2_space-ACPC_desc-preproc_dwi.nii.gz	0.0	0.0008094504161226	0.0002064892455571	0.0008045022841542	0.0008094504161226	0.0008045022841542	0.0002064892455571	0.0007894777517498	0.0007894777517498	sub-22653	ses-2				space-ACPC			DSIStudio	autotrackgqi
Association_FrontalAslantTractR	txy	DSIStudio	/scratch/executivefunction/SLURM_13244013_206/job-13244013-206-sub-22653-ses-2/ds/inputs/data/qsiprep/qsiprep/sub-22653/ses-2/dwi/sub-22653_ses-2_space-ACPC_desc-preproc_dwi.nii.gz	0.0	6.9040020261573404e-06	8.837543042409228e-05	3.844667389785172e-06	6.9040020261573404e-06	3.844667389785172e-06	8.837543042409228e-05	3.543350016877413e-06	3.543350016877413e-06	sub-22653	ses-2				space-ACPC			DSIStudio	autotrackgqi
Association_FrontalAslantTractR	txz	DSIStudio	/scratch/executivefunction/SLURM_13244013_206/job-13244013-206-sub-22653-ses-2/ds/inputs/data/qsiprep/qsiprep/sub-22653/ses-2/dwi/sub-22653_ses-2_space-ACPC_desc-preproc_dwi.nii.gz	0.0	-1.3376069326240327e-05	0.0001786631923808	-1.9439272364252247e-05	-1.3376069326240327e-05	-1.9439272364252247e-05	0.0001786631923808	6.334147447982989e-05	6.334147447982989e-05	sub-22653	ses-2				space-ACPC			DSIStudio	autotrackgqi
Association_FrontalAslantTractR	tyy	DSIStudio	/scratch/executivefunction/SLURM_13244013_206/job-13244013-206-sub-22653-ses-2/ds/inputs/data/qsiprep/qsiprep/sub-22653/ses-2/dwi/sub-22653_ses-2_space-ACPC_desc-preproc_dwi.nii.gz	0.0	0.0007606388017454	0.000198422787966	0.0007464059162884	0.0007606388017454	0.0007464059162884	0.000198422787966	0.0006813617302213	0.0006813617302213	sub-22653	ses-2				space-ACPC			DSIStudio	autotrackgqi
Association_FrontalAslantTractR	tyz	DSIStudio	/scratch/executivefunction/SLURM_13244013_206/job-13244013-206-sub-22653-ses-2/ds/inputs/data/qsiprep/qsiprep/sub-22653/ses-2/dwi/sub-22653_ses-2_space-ACPC_desc-preproc_dwi.nii.gz	0.0	-2.360736108039077e-05	0.0001126420462061	-8.350818916369462e-06	-2.360736108039077e-05	-8.350818916369462e-06	0.0001126420462061	-2.8512856531141028e-05	-2.8512856531141028e-05	sub-22653	ses-2				space-ACPC			DSIStudio	autotrackgqi
Association_FrontalAslantTractR	tzz	DSIStudio	/scratch/executivefunction/SLURM_13244013_206/job-13244013-206-sub-22653-ses-2/ds/inputs/data/qsiprep/qsiprep/sub-22653/ses-2/dwi/sub-22653_ses-2_space-ACPC_desc-preproc_dwi.nii.gz	0.0	0.0008811530937888	0.0002198161258658	0.0008698797319084	0.0008811530937888	0.0008698797319084	0.0002198161258658	0.0008548187067562	0.0008548187067562	sub-22653	ses-2				space-ACPC			DSIStudio	autotrackgqi
Association_MiddleLongitudinalFasciculusL	ad	DSIStudio	/scratch/executivefunction/SLURM_13244013_206/job-13244013-206-sub-22653-ses-2/ds/inputs/data/qsiprep/qsiprep/sub-22653/ses-2/dwi/sub-22653_ses-2_space-ACPC_desc-preproc_dwi.nii.gz	0.0047086521483225	1.083501330539014	0.26687618817399	1.0220977663993835	1.0886272978035392	1.0232693552970886	0.256864910731527	1.151997388162303	1.152132671837248	sub-22653	ses-2				space-ACPC			DSIStudio	autotrackgqi
Association_MiddleLongitudinalFasciculusL	dti_fa	DSIStudio	/scratch/executivefunction/SLURM_13244013_206/job-13244013-206-sub-22653-ses-2/ds/inputs/data/qsiprep/qsiprep/sub-22653/ses-2/dwi/sub-22653_ses-2_space-ACPC_desc-preproc_dwi.nii.gz	0.0047086521483225	0.2736651909588592	0.1627138537961319	0.2346137836575508	0.2749598813950927	0.2351289540529251	0.1620032882236682	0.3752546129394544	0.3752986804891382	sub-22653	ses-2				space-ACPC			DSIStudio	autotrackgqi
Association_MiddleLongitudinalFasciculusL	gfa	DSIStudio	/scratch/executivefunction/SLURM_13244013_206/job-13244013-206-sub-22653-ses-2/ds/inputs/data/qsiprep/qsiprep/sub-22653/ses-2/dwi/sub-22653_ses-2_space-ACPC_desc-preproc_dwi.nii.gz	0.0047086521483225	0.0613963105503399	0.0357863477427552	0.0527019537985324	0.0616867721023226	0.0530480947345495	0.0356202719350539	0.0839530300606719	0.0839628889739427	sub-22653	ses-2				space-ACPC			DSIStudio	autotrackgqi
Association_MiddleLongitudinalFasciculusL	ha	DSIStudio	/scratch/executivefunction/SLURM_13244013_206/job-13244013-206-sub-22653-ses-2/ds/inputs/data/qsiprep/qsiprep/sub-22653/ses-2/dwi/sub-22653_ses-2_space-ACPC_desc-preproc_dwi.nii.gz	0.0047086521483225	11.31687992807037	43.51290363632128	17.139025688171387	11.370419277227414	17.534042358398438	43.60873111168131	26.735994415519645	26.73913408543411	sub-22653	ses-2				space-ACPC			DSIStudio	autotrackgqi
Association_MiddleLongitudinalFasciculusL	iso	DSIStudio	/scratch/executivefunction/SLURM_13244013_206/job-13244013-206-sub-22653-ses-2/ds/inputs/data/qsiprep/qsiprep/sub-22653/ses-2/dwi/sub-22653_ses-2_space-ACPC_desc-preproc_dwi.nii.gz	0.0047086521483225	0.7071681330435465	0.1573301087824055	0.6997160613536835	0.7105136948793527	0.7009105980396271	0.1499759953434278	0.648240897132712	0.6483170228092948	sub-22653	ses-2				space-ACPC			DSIStudio	autotrackgqi
Association_MiddleLongitudinalFasciculusL	md	DSIStudio	/scratch/executivefunction/SLURM_13244013_206/job-13244013-206-sub-22653-ses-2/ds/inputs/data/qsiprep/qsiprep/sub-22653/ses-2/dwi/sub-22653_ses-2_space-ACPC_desc-preproc_dwi.nii.gz	0.0047086521483225	0.841153309214038	0.220489724924196	0.7935849130153656	0.8451327453309583	0.7938941717147827	0.213266416750746	0.8050288292838788	0.8051233671737361	sub-22653	ses-2				space-ACPC			DSIStudio	autotrackgqi
Association_MiddleLongitudinalFasciculusL	qa	DSIStudio	/scratch/executivefunction/SLURM_13244013_206/job-13244013-206-sub-22653-ses-2/ds/inputs/data/qsiprep/qsiprep/sub-22653/ses-2/dwi/sub-22653_ses-2_space-ACPC_desc-preproc_dwi.nii.gz	0.0047086521483225	0.1806066892240821	0.0999711973322109	0.1621393635869026	0.1814611265474367	0.162512682378292	0.0994307556668232	0.2386829284734097	0.2387109578578286	sub-22653	ses-2				space-ACPC			DSIStudio	autotrackgqi
Association_MiddleLongitudinalFasciculusL	rd1	DSIStudio	/scratch/executivefunction/SLURM_13244013_206/job-13244013-206-sub-22653-ses-2/ds/inputs/data/qsiprep/qsiprep/sub-22653/ses-2/dwi/sub-22653_ses-2_space-ACPC_desc-preproc_dwi.nii.gz	0.0047086521483225	0.8112758068985066	0.2386592930033731	0.7813287377357483	0.8151138946898656	0.7815034687519073	0.2325924437566154	0.7371654818105674	0.737252050204086	sub-22653	ses-2				space-ACPC			DSIStudio	autotrackgqi
Association_MiddleLongitudinalFasciculusL	rd2	DSIStudio	/scratch/executivefunction/SLURM_13244013_206/job-13244013-206-sub-22653-ses-2/ds/inputs/data/qsiprep/qsiprep/sub-22653/ses-2/dwi/sub-22653_ses-2_space-ACPC_desc-preproc_dwi.nii.gz	0.0047086521483225	0.628682789849386	0.2572135121586953	0.6117263734340668	0.6316570431425824	0.612626314163208	0.254151677747191	0.5259236230264472	0.5259853846281601	sub-22653	ses-2				space-ACPC			DSIStudio	autotrackgqi
Association_MiddleLongitudinalFasciculusL	rd	DSIStudio	/scratch/executivefunction/SLURM_13244013_206/job-13244013-206-sub-22653-ses-2/ds/inputs/data/qsiprep/qsiprep/sub-22653/ses-2/dwi/sub-22653_ses-2_space-ACPC_desc-preproc_dwi.nii.gz	0.0047086521483225	0.7199792977622006	0.2403832133843688	0.6916650235652924	0.7233854683015841	0.6923508942127228	0.2357827122540158	0.6315445524561143	0.6316187174537344	sub-22653	ses-2				space-ACPC			DSIStudio	autotrackgqi
Association_MiddleLongitudinalFasciculusL	txx	DSIStudio	/scratch/executivefunction/SLURM_13244013_206/job-13244013-206-sub-22653-ses-2/ds/inputs/data/qsiprep/qsiprep/sub-22653/ses-2/dwi/sub-22653_ses-2_space-ACPC_desc-preproc_dwi.nii.gz	0.0047086521483225	0.0008261299506165	0.0002534788446879	0.0008083886059466	0.0008300383122989	0.0008094963850453	0.0002476113974264	0.0007721925773428	0.0007722832592742	sub-22653	ses-2				space-ACPC			DSIStudio	autotrackgqi
Association_MiddleLongitudinalFasciculusL	txy	DSIStudio	/scratch/executivefunction/SLURM_13244013_206/job-13244013-206-sub-22653-ses-2/ds/inputs/data/qsiprep/qsiprep/sub-22653/ses-2/dwi/sub-22653_ses-2_space-ACPC_desc-preproc_dwi.nii.gz	0.0047086521483225	-1.7561385984164867e-05	9.793554103122183e-05	-8.394918950216379e-06	-1.7644467644645836e-05	-8.861876267474145e-06	9.815946389165434e-05	-4.117325053006469e-05	-4.1178085689645054e-05	sub-22653	ses-2				space-ACPC			DSIStudio	autotrackgqi
Association_MiddleLongitudinalFasciculusL	txz	DSIStudio	/scratch/executivefunction/SLURM_13244013_206/job-13244013-206-sub-22653-ses-2/ds/inputs/data/qsiprep/qsiprep/sub-22653/ses-2/dwi/sub-22653_ses-2_space-ACPC_desc-preproc_dwi.nii.gz	0.0047086521483225	-1.3965804604849292e-05	0.0001149882487281	-1.1515036931086796e-05	-1.4031875827107597e-05	-1.1771859135478737e-05	0.0001152559065081	-5.7926477457527935e-05	-5.79332798364915e-05	sub-22653	ses-2				space-ACPC			DSIStudio	autotrackgqi
Association_MiddleLongitudinalFasciculusL	tyy	DSIStudio	/scratch/executivefunction/SLURM_13244013_206/job-13244013-206-sub-22653-ses-2/ds/inputs/data/qsiprep/qsiprep/sub-22653/ses-2/dwi/sub-22653_ses-2_space-ACPC_desc-preproc_dwi.nii.gz	0.0047086521483225	0.000819413503351	0.0002678485610918	0.0007814698619768	0.0008232900900019	0.0007818457088433	0.0002624703918614	0.0007392607852768	0.0007393475999871	sub-22653	ses-2				space-ACPC			DSIStudio	autotrackgqi
Association_MiddleLongitudinalFasciculusL	tyz	DSIStudio	/scratch/executivefunction/SLURM_13244013_206/job-13244013-206-sub-22653-ses-2/ds/inputs/data/qsiprep/qsiprep/sub-22653/ses-2/dwi/sub-22653_ses-2_space-ACPC_desc-preproc_dwi.nii.gz	0.0047086521483225	6.995747394337225e-05	0.0001326439821862	4.8138530473806895e-05	7.028843774677081e-05	4.853693826589733e-05	0.0001328698651011	0.0001483295140323	0.0001483469327429	sub-22653	ses-2				space-ACPC			DSIStudio	autotrackgqi
Association_MiddleLongitudinalFasciculusL	tzz	DSIStudio	/scratch/executivefunction/SLURM_13244013_206/job-13244013-206-sub-22653-ses-2/ds/inputs/data/qsiprep/qsiprep/sub-22653/ses-2/dwi/sub-22653_ses-2_space-ACPC_desc-preproc_dwi.nii.gz	0.0047086521483225	0.0008779164714877	0.0002635403100852	0.0008362700755242	0.0008820698314947	0.0008381161896977	0.0002571352192788	0.0009036331227735	0.0009037392398011	sub-22653	ses-2				space-ACPC			DSIStudio	autotrackgqi
Association_ArcuateFasciculusL	ad	DSIStudio	/scratch/executivefunction/SLURM_13244013_206/job-13244013-206-sub-22653-ses-2/ds/inputs/data/qsiprep/qsiprep/sub-22653/ses-2/dwi/sub-22653_ses-2_space-ACPC_desc-preproc_dwi.nii.gz	0.0270075621173928	1.0541586588087553	0.2954284358516095	1.0227994322776794	1.083419169323432	1.0291016697883606	0.2408301393054587	1.138190496764033	1.1401020813451537	sub-22653	ses-2				space-ACPC			DSIStudio	autotrackgqi
Association_ArcuateFasciculusL	dti_fa	DSIStudio	/scratch/executivefunction/SLURM_13244013_206/job-13244013-206-sub-22653-ses-2/ds/inputs/data/qsiprep/qsiprep/sub-22653/ses-2/dwi/sub-22653_ses-2_space-ACPC_desc-preproc_dwi.nii.gz	0.0270075621173928	0.2805273396006276	0.1758278773714109	0.2412550747394561	0.2883139978056783	0.2487991005182266	0.171838780679767	0.4469725976141482	0.4477232854693052	sub-22653	ses-2				space-ACPC			DSIStudio	autotrackgqi
Association_ArcuateFasciculusL	gfa	DSIStudio	/scratch/executivefunction/SLURM_13244013_206/job-13244013-206-sub-22653-ses-2/ds/inputs/data/qsiprep/qsiprep/sub-22653/ses-2/dwi/sub-22653_ses-2_space-ACPC_desc-preproc_dwi.nii.gz	0.0270075621173928	0.0614866304628351	0.037585109003853	0.0529975686222314	0.0631933281995903	0.0546356607228517	0.0366605984005866	0.0968281645416193	0.0969907868756361	sub-22653	ses-2				space-ACPC			DSIStudio	autotrackgqi
Association_ArcuateFasciculusL	ha	DSIStudio	/scratch/executivefunction/SLURM_13244013_206/job-13244013-206-sub-22653-ses-2/ds/inputs/data/qsiprep/qsiprep/sub-22653/ses-2/dwi/sub-22653_ses-2_space-ACPC_desc-preproc_dwi.nii.gz	0.0270075621173928	6.186630882255002	33.814677447268764	8.068721771240234	6.358354537387912	9.159031867980955	34.26483667541472	11.212657016764394	11.231488599996794	sub-22653	ses-2				space-ACPC			DSIStudio	autotrackgqi
Association_ArcuateFasciculusL	iso	DSIStudio	/scratch/executivefunction/SLURM_13244013_206/job-13244013-206-sub-22653-ses-2/ds/inputs/data/qsiprep/qsiprep/sub-22653/ses-2/dwi/sub-22653_ses-2_space-ACPC_desc-preproc_dwi.nii.gz	0.0270075621173928	0.6708189850826679	0.2055201936564305	0.6623057723045349	0.6894390531364059	0.6680556833744049	0.1748530025626734	0.6180806248494106	0.6191186879282907	sub-22653	ses-2				space-ACPC			DSIStudio	autotrackgqi
Association_ArcuateFasciculusL	md	DSIStudio	/scratch/executivefunction/SLURM_13244013_206/job-13244013-206-sub-22653-ses-2/ds/inputs/data/qsiprep/qsiprep/sub-22653/ses-2/dwi/sub-22653_ses-2_space-ACPC_desc-preproc_dwi.nii.gz	0.0270075621173928	0.8103421193728312	0.2398198061732452	0.7823344469070435	0.8328349613243345	0.7846149206161499	0.200940613275634	0.7542207938140215	0.7554875035604764	sub-22653	ses-2				space-ACPC			DSIStudio	autotrackgqi
Association_ArcuateFasciculusL	qa	DSIStudio	/scratch/executivefunction/SLURM_13244013_206/job-13244013-206-sub-22653-ses-2/ds/inputs/data/qsiprep/qsiprep/sub-22653/ses-2/dwi/sub-22653_ses-2_space-ACPC_desc-preproc_dwi.nii.gz	0.0270075621173928	0.1772282160624062	0.1018572851650874	0.1638511046767234	0.1821475780922657	0.1669789925217628	0.0988272998348147	0.2718474146584076	0.2723039807586295	sub-22653	ses-2				space-ACPC			DSIStudio	autotrackgqi
Association_ArcuateFasciculusL	rd1	DSIStudio	/scratch/executivefunction/SLURM_13244013_206/job-13244013-206-sub-22653-ses-2/ds/inputs/data/qsiprep/qsiprep/sub-22653/ses-2/dwi/sub-22653_ses-2_space-ACPC_desc-preproc_dwi.nii.gz	0.0270075621173928	0.7820200544114931	0.25529172973576	0.7715776562690735	0.8037267546634776	0.7747353315353394	0.222568319156216	0.7000895933458386	0.7012653900918338	sub-22653	ses-2				space-ACPC			DSIStudio	autotrackgqi
Association_ArcuateFasciculusL	rd2	DSIStudio	/scratch/executivefunction/SLURM_13244013_206/job-13244013-206-sub-22653-ses-2/ds/inputs/data/qsiprep/qsiprep/sub-22653/ses-2/dwi/sub-22653_ses-2_space-ACPC_desc-preproc_dwi.nii.gz	0.0270075621173928	0.5948476440477466	0.2674248423728706	0.5909711718559265	0.6113589591119882	0.5996093153953552	0.2518070537826624	0.4243822925610428	0.4250950404753562	sub-22653	ses-2				space-ACPC			DSIStudio	autotrackgqi
Association_ArcuateFasciculusL	rd	DSIStudio	/scratch/executivefunction/SLURM_13244013_206/job-13244013-206-sub-22653-ses-2/ds/inputs/data/qsiprep/qsiprep/sub-22653/ses-2/dwi/sub-22653_ses-2_space-ACPC_desc-preproc_dwi.nii.gz	0.0270075621173928	0.6884338496387713	0.2527364046785135	0.6756353378295898	0.7075428573082413	0.6812365055084229	0.2283161399253954	0.562235943297372	0.5631802156281038	sub-22653	ses-2				space-ACPC			DSIStudio	autotrackgqi
Association_ArcuateFasciculusL	txx	DSIStudio	/scratch/executivefunction/SLURM_13244013_206/job-13244013-206-sub-22653-ses-2/ds/inputs/data/qsiprep/qsiprep/sub-22653/ses-2/dwi/sub-22653_ses-2_space-ACPC_desc-preproc_dwi.nii.gz	0.0270075621173928	0.0008650379579507	0.0002566719569094	0.0008581641886848	0.0008890490041558	0.0008628745563328	0.0002153187309346	0.0008165358995268	0.0008179072673169	sub-22653	ses-2				space-ACPC			DSIStudio	autotrackgqi
Association_ArcuateFasciculusL	txy	DSIStudio	/scratch/executivefunction/SLURM_13244013_206/job-13244013-206-sub-22653-ses-2/ds/inputs/data/qsiprep/qsiprep/sub-22653/ses-2/dwi/sub-22653_ses-2_space-ACPC_desc-preproc_dwi.nii.gz	0.0270075621173928	-2.36341127018446e-05	9.497916595743571e-05	-1.864786918304162e-05	-2.429012989379069e-05	-2.1692324480682142e-05	9.620554163594534e-05	-3.0789091847065075e-05	-3.084080198692224e-05	sub-22653	ses-2				space-ACPC			DSIStudio	autotrackgqi
Association_ArcuateFasciculusL	txz	DSIStudio	/scratch/executivefunction/SLURM_13244013_206/job-13244013-206-sub-22653-ses-2/ds/inputs/data/qsiprep/qsiprep/sub-22653/ses-2/dwi/sub-22653_ses-2_space-ACPC_desc-preproc_dwi.nii.gz	0.0270075621173928	-3.124754864740205e-05	0.0001438541458469	-9.297800261265364e-06	-3.211489363206347e-05	-1.321060426562326e-05	0.0001457414452224	-9.401716279826688e-05	-9.417506401803547e-05	sub-22653	ses-2				space-ACPC			DSIStudio	autotrackgqi
Association_ArcuateFasciculusL	tyy	DSIStudio	/scratch/executivefunction/SLURM_13244013_206/job-13244013-206-sub-22653-ses-2/ds/inputs/data/qsiprep/qsiprep/sub-22653/ses-2/dwi/sub-22653_ses-2_space-ACPC_desc-preproc_dwi.nii.gz	0.0270075621173928	0.0007895094251277	0.0002915352569486	0.0007789300289005	0.0008114240094669	0.0007830858812667	0.0002637611607194	0.000741928242868	0.000743174307668	sub-22653	ses-2				space-ACPC			DSIStudio	autotrackgqi
Association_ArcuateFasciculusL	tyz	DSIStudio	/scratch/executivefunction/SLURM_13244013_206/job-13244013-206-sub-22653-ses-2/ds/inputs/data/qsiprep/qsiprep/sub-22653/ses-2/dwi/sub-22653_ses-2_space-ACPC_desc-preproc_dwi.nii.gz	0.0270075621173928	3.4926785882868565e-05	0.0001150384974737	2.2772654119762592e-05	3.589625625341451e-05	2.494775617378764e-05	0.0001164748494418	3.4507714598112814e-05	3.456567043770692e-05	sub-22653	ses-2				space-ACPC			DSIStudio	autotrackgqi
Association_ArcuateFasciculusL	tzz	DSIStudio	/scratch/executivefunction/SLURM_13244013_206/job-13244013-206-sub-22653-ses-2/ds/inputs/data/qsiprep/qsiprep/sub-22653/ses-2/dwi/sub-22653_ses-2_space-ACPC_desc-preproc_dwi.nii.gz	0.0270075621173928	0.0007764789752799	0.0002894843569369	0.0007677692337892	0.0007980318705967	0.0007730452343821	0.000262540251068	0.0007041982415595	0.0007053809382129	sub-22653	ses-2				space-ACPC			DSIStudio	autotrackgqi
Association_HippocampusAlveusL	ad	DSIStudio	/scratch/executivefunction/SLURM_13244013_206/job-13244013-206-sub-22653-ses-2/ds/inputs/data/qsiprep/qsiprep/sub-22653/ses-2/dwi/sub-22653_ses-2_space-ACPC_desc-preproc_dwi.nii.gz	0.0008956560680698	1.4011608460159832	0.6022658061253169	1.1749714612960815	1.4024169292486286	1.174979329109192	0.601072138863646	1.5150151496529725	1.5150692397478038	sub-22653	ses-2				space-ACPC			DSIStudio	autotrackgqi
Association_HippocampusAlveusL	dti_fa	DSIStudio	/scratch/executivefunction/SLURM_13244013_206/job-13244013-206-sub-22653-ses-2/ds/inputs/data/qsiprep/qsiprep/sub-22653/ses-2/dwi/sub-22653_ses-2_space-ACPC_desc-preproc_dwi.nii.gz	0.0008956560680698	0.2657832788729742	0.1570970509777009	0.2242906391620636	0.2660215426819146	0.2248110026121139	0.1569656786198258	0.3366630689439448	0.3366750887760577	sub-22653	ses-2				space-ACPC			DSIStudio	autotrackgqi
Association_HippocampusAlveusL	gfa	DSIStudio	/scratch/executivefunction/SLURM_13244013_206/job-13244013-206-sub-22653-ses-2/ds/inputs/data/qsiprep/qsiprep/sub-22653/ses-2/dwi/sub-22653_ses-2_space-ACPC_desc-preproc_dwi.nii.gz	0.0008956560680698	0.0661334822182091	0.0365014377101236	0.058268517255783	0.0661927681726853	0.0582766607403755	0.0364640241202023	0.0840646946564085	0.0840676960043425	sub-22653	ses-2				space-ACPC			DSIStudio	autotrackgqi
Association_HippocampusAlveusL	ha	DSIStudio	/scratch/executivefunction/SLURM_13244013_206/job-13244013-206-sub-22653-ses-2/ds/inputs/data/qsiprep/qsiprep/sub-22653/ses-2/dwi/sub-22653_ses-2_space-ACPC_desc-preproc_dwi.nii.gz	0.0008956560680698	20.90943929802191	33.89597330549427	28.392866134643555	20.92818375279378	28.40239143371582	33.90537853848249	30.632451586425773	30.633545261588147	sub-22653	ses-2				space-ACPC			DSIStudio	autotrackgqi
Association_HippocampusAlveusL	iso	DSIStudio	/scratch/executivefunction/SLURM_13244013_206/job-13244013-206-sub-22653-ses-2/ds/inputs/data/qsiprep/qsiprep/sub-22653/ses-2/dwi/sub-22653_ses-2_space-ACPC_desc-preproc_dwi.nii.gz	0.0008956560680698	0.62138574953123	0.1485298773074387	0.6198896169662476	0.6219427963707919	0.6199659705162048	0.1474260834355149	0.5680708934251393	0.5680911752288068	sub-22653	ses-2				space-ACPC			DSIStudio	autotrackgqi
Association_HippocampusAlveusL	md	DSIStudio	/scratch/executivefunction/SLURM_13244013_206/job-13244013-206-sub-22653-ses-2/ds/inputs/data/qsiprep/qsiprep/sub-22653/ses-2/dwi/sub-22653_ses-2_space-ACPC_desc-preproc_dwi.nii.gz	0.0008956560680698	1.0951789428554626	0.5176877252537568	0.8688650727272034	1.09616072586116	0.8688840866088867	0.5168797156355585	1.1076496877697224	1.1076892338013402	sub-22653	ses-2				space-ACPC			DSIStudio	autotrackgqi
Association_HippocampusAlveusL	qa	DSIStudio	/scratch/executivefunction/SLURM_13244013_206/job-13244013-206-sub-22653-ses-2/ds/inputs/data/qsiprep/qsiprep/sub-22653/ses-2/dwi/sub-22653_ses-2_space-ACPC_desc-preproc_dwi.nii.gz	0.0008956560680698	0.1734696035971969	0.0958244502878698	0.1512558162212371	0.1736251119823132	0.1514071226119995	0.0957264680754751	0.2066120142817808	0.2066193909298684	sub-22653	ses-2				space-ACPC			DSIStudio	autotrackgqi
Association_HippocampusAlveusL	rd1	DSIStudio	/scratch/executivefunction/SLURM_13244013_206/job-13244013-206-sub-22653-ses-2/ds/inputs/data/qsiprep/qsiprep/sub-22653/ses-2/dwi/sub-22653_ses-2_space-ACPC_desc-preproc_dwi.nii.gz	0.0008956560680698	1.0276295356869538	0.5160097433977436	0.8438733816146851	1.0285507634195283	0.8439897894859314	0.5153224450690779	0.99590046239688	0.9959360186872244	sub-22653	ses-2				space-ACPC			DSIStudio	autotrackgqi
Association_HippocampusAlveusL	rd2	DSIStudio	/scratch/executivefunction/SLURM_13244013_206/job-13244013-206-sub-22653-ses-2/ds/inputs/data/qsiprep/qsiprep/sub-22653/ses-2/dwi/sub-22653_ses-2_space-ACPC_desc-preproc_dwi.nii.gz	0.0008956560680698	0.8567464475082446	0.4953552400863899	0.6935226917266846	0.8575144855606949	0.6936585903167725	0.4949122956399572	0.8120334505079702	0.8120624422176224	sub-22653	ses-2				space-ACPC			DSIStudio	autotrackgqi
Association_HippocampusAlveusL	rd	DSIStudio	/scratch/executivefunction/SLURM_13244013_206/job-13244013-206-sub-22653-ses-2/ds/inputs/data/qsiprep/qsiprep/sub-22653/ses-2/dwi/sub-22653_ses-2_space-ACPC_desc-preproc_dwi.nii.gz	0.0008956560680698	0.9421879933038422	0.5028924403173078	0.7601770162582397	0.9430326261978842	0.7602112889289856	0.502325596951706	0.9039669575332432	0.9039992315332798	sub-22653	ses-2				space-ACPC			DSIStudio	autotrackgqi
Association_HippocampusAlveusL	txx	DSIStudio	/scratch/executivefunction/SLURM_13244013_206/job-13244013-206-sub-22653-ses-2/ds/inputs/data/qsiprep/qsiprep/sub-22653/ses-2/dwi/sub-22653_ses-2_space-ACPC_desc-preproc_dwi.nii.gz	0.0008956560680698	0.0010801181079864	0.0005455515883489	0.0008927704766392	0.0010810863895714	0.0008928550523705	0.0005448362593384	0.0010305920958027	0.0010306288905687	sub-22653	ses-2				space-ACPC			DSIStudio	autotrackgqi
Association_HippocampusAlveusL	txy	DSIStudio	/scratch/executivefunction/SLURM_13244013_206/job-13244013-206-sub-22653-ses-2/ds/inputs/data/qsiprep/qsiprep/sub-22653/ses-2/dwi/sub-22653_ses-2_space-ACPC_desc-preproc_dwi.nii.gz	0.0008956560680698	6.00437814086901e-06	0.0001323406059721	3.820384335995186e-06	6.009760819614747e-06	3.932473646273138e-06	0.000132399789484	-1.0794083226693736e-05	-1.0794468447065208e-05	sub-22653	ses-2				space-ACPC			DSIStudio	autotrackgqi
Association_HippocampusAlveusL	txz	DSIStudio	/scratch/executivefunction/SLURM_13244013_206/job-13244013-206-sub-22653-ses-2/ds/inputs/data/qsiprep/qsiprep/sub-22653/ses-2/dwi/sub-22653_ses-2_space-ACPC_desc-preproc_dwi.nii.gz	0.0008956560680698	-4.1489872416354906e-05	0.0001407032371463	-2.2191734387888573e-05	-4.152706638535209e-05	-2.2196232748683545e-05	0.0001407608040081	-5.1255557367246727e-05	-5.125738716627285e-05	sub-22653	ses-2				space-ACPC			DSIStudio	autotrackgqi
Association_HippocampusAlveusL	tyy	DSIStudio	/scratch/executivefunction/SLURM_13244013_206/job-13244013-206-sub-22653-ses-2/ds/inputs/data/qsiprep/qsiprep/sub-22653/ses-2/dwi/sub-22653_ses-2_space-ACPC_desc-preproc_dwi.nii.gz	0.0008956560680698	0.0010966239330106	0.0005385945116868	0.0008798396447673	0.0010976070113907	0.0008805202087387	0.000537833675729	0.0011643954789632	0.0011644370509253	sub-22653	ses-2				space-ACPC			DSIStudio	autotrackgqi
Association_HippocampusAlveusL	tyz	DSIStudio	/scratch/executivefunction/SLURM_13244013_206/job-13244013-206-sub-22653-ses-2/ds/inputs/data/qsiprep/qsiprep/sub-22653/ses-2/dwi/sub-22653_ses-2_space-ACPC_desc-preproc_dwi.nii.gz	0.0008956560680698	9.6090783756516e-05	0.0001684997470292	6.657345511484891e-05	9.617692520318256e-05	6.66431660647504e-05	0.0001685506818161	0.0001900415034088	0.0001900482883108	sub-22653	ses-2				space-ACPC			DSIStudio	autotrackgqi
Association_HippocampusAlveusL	tzz	DSIStudio	/scratch/executivefunction/SLURM_13244013_206/job-13244013-206-sub-22653-ses-2/ds/inputs/data/qsiprep/qsiprep/sub-22653/ses-2/dwi/sub-22653_ses-2_space-ACPC_desc-preproc_dwi.nii.gz	0.0008956560680698	0.001108794785603	0.0005365547215805	0.00091492960928	0.0011097887746533	0.000916113203857	0.0005357666785148	0.0011279614838972	0.0011280017552637	sub-22653	ses-2				space-ACPC			DSIStudio	autotrackgqi
Association_UncinateFasciculusR	ad	DSIStudio	/scratch/executivefunction/SLURM_13244013_206/job-13244013-206-sub-22653-ses-2/ds/inputs/data/qsiprep/qsiprep/sub-22653/ses-2/dwi/sub-22653_ses-2_space-ACPC_desc-preproc_dwi.nii.gz	0.0021709098085652	1.1703489794400828	0.3610387289934858	1.0934165716171265	1.172895229197567	1.0940171480178833	0.3572759033800269	1.1736844334877743	1.1737857392628903	sub-22653	ses-2				space-ACPC			DSIStudio	autotrackgqi
Association_UncinateFasciculusR	dti_fa	DSIStudio	/scratch/executivefunction/SLURM_13244013_206/job-13244013-206-sub-22653-ses-2/ds/inputs/data/qsiprep/qsiprep/sub-22653/ses-2/dwi/sub-22653_ses-2_space-ACPC_desc-preproc_dwi.nii.gz	0.0021709098085652	0.254679948515721	0.1466390865000862	0.217668130993843	0.2552340385935835	0.2180782109498977	0.1463160337179234	0.3576279226919668	0.3576587910841147	sub-22653	ses-2				space-ACPC			DSIStudio	autotrackgqi
Association_UncinateFasciculusR	gfa	DSIStudio	/scratch/executivefunction/SLURM_13244013_206/job-13244013-206-sub-22653-ses-2/ds/inputs/data/qsiprep/qsiprep/sub-22653/ses-2/dwi/sub-22653_ses-2_space-ACPC_desc-preproc_dwi.nii.gz	0.0021709098085652	0.0585198463121797	0.0313651351261298	0.0493188947439193	0.0586471640157861	0.0493972841650247	0.0312801087805957	0.0802356077500025	0.0802425332220774	sub-22653	ses-2				space-ACPC			DSIStudio	autotrackgqi
Association_UncinateFasciculusR	ha	DSIStudio	/scratch/executivefunction/SLURM_13244013_206/job-13244013-206-sub-22653-ses-2/ds/inputs/data/qsiprep/qsiprep/sub-22653/ses-2/dwi/sub-22653_ses-2_space-ACPC_desc-preproc_dwi.nii.gz	0.0021709098085652	2.044086108148504	37.82822825535426	2.594508171081543	2.048533289159112	2.784287929534912	37.86923578217903	-3.4071428825645054	-3.4074369545597656	sub-22653	ses-2				space-ACPC			DSIStudio	autotrackgqi
Association_UncinateFasciculusR	iso	DSIStudio	/scratch/executivefunction/SLURM_13244013_206/job-13244013-206-sub-22653-ses-2/ds/inputs/data/qsiprep/qsiprep/sub-22653/ses-2/dwi/sub-22653_ses-2_space-ACPC_desc-preproc_dwi.nii.gz	0.0021709098085652	0.7230074490689422	0.2103372855356947	0.7199328541755676	0.7245804478703185	0.7205170691013336	0.2078419191823787	0.6958663764867847	0.6959264398901973	sub-22653	ses-2				space-ACPC			DSIStudio	autotrackgqi
Association_UncinateFasciculusR	md	DSIStudio	/scratch/executivefunction/SLURM_13244013_206/job-13244013-206-sub-22653-ses-2/ds/inputs/data/qsiprep/qsiprep/sub-22653/ses-2/dwi/sub-22653_ses-2_space-ACPC_desc-preproc_dwi.nii.gz	0.0021709098085652	0.927848476023276	0.3289955832630599	0.8413681387901306	0.9298671337044976	0.8418886959552765	0.3264911893662445	0.8366798100182697	0.8367520275113416	sub-22653	ses-2				space-ACPC			DSIStudio	autotrackgqi
Association_UncinateFasciculusR	qa	DSIStudio	/scratch/executivefunction/SLURM_13244013_206/job-13244013-206-sub-22653-ses-2/ds/inputs/data/qsiprep/qsiprep/sub-22653/ses-2/dwi/sub-22653_ses-2_space-ACPC_desc-preproc_dwi.nii.gz	0.0021709098085652	0.1790320017592489	0.0958728271555412	0.1637696176767349	0.1794215096744688	0.1638721227645874	0.0956122922739611	0.2450425285604081	0.2450636792417427	sub-22653	ses-2				space-ACPC			DSIStudio	autotrackgqi
Association_UncinateFasciculusR	rd1	DSIStudio	/scratch/executivefunction/SLURM_13244013_206/job-13244013-206-sub-22653-ses-2/ds/inputs/data/qsiprep/qsiprep/sub-22653/ses-2/dwi/sub-22653_ses-2_space-ACPC_desc-preproc_dwi.nii.gz	0.0021709098085652	0.891188847629281	0.3457371812333968	0.8207289576530457	0.8931277474164491	0.8209340572357178	0.3436023513075844	0.7684325251988589	0.7684988520021807	sub-22653	ses-2				space-ACPC			DSIStudio	autotrackgqi
Association_UncinateFasciculusR	rd2	DSIStudio	/scratch/executivefunction/SLURM_13244013_206/job-13244013-206-sub-22653-ses-2/ds/inputs/data/qsiprep/qsiprep/sub-22653/ses-2/dwi/sub-22653_ses-2_space-ACPC_desc-preproc_dwi.nii.gz	0.0021709098085652	0.7220075994094778	0.3405806193186282	0.6582128405570984	0.7235784229050284	0.6587666869163513	0.3392799834233526	0.5679224736833217	0.5679714935842992	sub-22653	ses-2				space-ACPC			DSIStudio	autotrackgqi
Association_UncinateFasciculusR	rd	DSIStudio	/scratch/executivefunction/SLURM_13244013_206/job-13244013-206-sub-22653-ses-2/ds/inputs/data/qsiprep/qsiprep/sub-22653/ses-2/dwi/sub-22653_ses-2_space-ACPC_desc-preproc_dwi.nii.gz	0.0021709098085652	0.8065982244178015	0.3380024726734471	0.7355151176452637	0.8083530860611156	0.7357714176177979	0.3362672751716308	0.6681774988245084	0.6682351721766048	sub-22653	ses-2				space-ACPC			DSIStudio	autotrackgqi
Association_UncinateFasciculusR	txx	DSIStudio	/scratch/executivefunction/SLURM_13244013_206/job-13244013-206-sub-22653-ses-2/ds/inputs/data/qsiprep/qsiprep/sub-22653/ses-2/dwi/sub-22653_ses-2_space-ACPC_desc-preproc_dwi.nii.gz	0.0021709098085652	0.0008898834063562	0.0003588433706793	0.0008305099909193	0.0008918194659824	0.0008310819102916	0.000356822227651	0.0007692772887795	0.0007693436884794	sub-22653	ses-2				space-ACPC			DSIStudio	autotrackgqi
Association_UncinateFasciculusR	txy	DSIStudio	/scratch/executivefunction/SLURM_13244013_206/job-13244013-206-sub-22653-ses-2/ds/inputs/data/qsiprep/qsiprep/sub-22653/ses-2/dwi/sub-22653_ses-2_space-ACPC_desc-preproc_dwi.nii.gz	0.0021709098085652	-2.0890291583185336e-05	0.0001066871825234	-1.1683539014484268e-05	-2.09357411890823e-05	-1.1866873137478253e-05	0.0001067987208933	-7.229129062362121e-05	-7.22975302909831e-05	sub-22653	ses-2				space-ACPC			DSIStudio	autotrackgqi
Association_UncinateFasciculusR	txz	DSIStudio	/scratch/executivefunction/SLURM_13244013_206/job-13244013-206-sub-22653-ses-2/ds/inputs/data/qsiprep/qsiprep/sub-22653/ses-2/dwi/sub-22653_ses-2_space-ACPC_desc-preproc_dwi.nii.gz	0.0021709098085652	7.86067700622516e-06	0.0001182525302163	7.406362328765681e-06	7.877778953825729e-06	7.814910532033537e-06	0.0001183805283401	2.698557814265109e-06	2.6987908461746878e-06	sub-22653	ses-2				space-ACPC			DSIStudio	autotrackgqi
Association_UncinateFasciculusR	tyy	DSIStudio	/scratch/executivefunction/SLURM_13244013_206/job-13244013-206-sub-22653-ses-2/ds/inputs/data/qsiprep/qsiprep/sub-22653/ses-2/dwi/sub-22653_ses-2_space-ACPC_desc-preproc_dwi.nii.gz	0.0021709098085652	0.0009824064808332	0.0003537715848637	0.0009051019442267	0.0009845438367052	0.0009055398986674	0.0003511727546307	0.0009452254375785	0.000945307023955	sub-22653	ses-2				space-ACPC			DSIStudio	autotrackgqi
Association_UncinateFasciculusR	tyz	DSIStudio	/scratch/executivefunction/SLURM_13244013_206/job-13244013-206-sub-22653-ses-2/ds/inputs/data/qsiprep/qsiprep/sub-22653/ses-2/dwi/sub-22653_ses-2_space-ACPC_desc-preproc_dwi.nii.gz	0.0021709098085652	1.6188040057820645e-05	0.0001243776324494	8.590170182287693e-06	1.622325929054138e-05	8.784205419942737e-06	0.000124510564528	3.398594682304844e-05	3.398888016917365e-05	sub-22653	ses-2				space-ACPC			DSIStudio	autotrackgqi
Association_UncinateFasciculusR	tzz	DSIStudio	/scratch/executivefunction/SLURM_13244013_206/job-13244013-206-sub-22653-ses-2/ds/inputs/data/qsiprep/qsiprep/sub-22653/ses-2/dwi/sub-22653_ses-2_space-ACPC_desc-preproc_dwi.nii.gz	0.0021709098085652	0.0009112555427168	0.0003557967815558	0.0008372468291781	0.0009132381002663	0.0008376651676371	0.000353632887303	0.0007955367084187	0.0007956053748219	sub-22653	ses-2				space-ACPC			DSIStudio	autotrackgqi
Association_SuperiorLongitudinalFasciculusR	ad	DSIStudio	/scratch/executivefunction/SLURM_13244013_206/job-13244013-206-sub-22653-ses-2/ds/inputs/data/qsiprep/qsiprep/sub-22653/ses-2/dwi/sub-22653_ses-2_space-ACPC_desc-preproc_dwi.nii.gz	0.0007689772602438	1.0812202480603323	0.2011995337285487	1.0378761291503906	1.082052321690106	1.0380437970161438	0.1990277827044557	1.1273996899474177	1.127420523068925	sub-22653	ses-2				space-ACPC			DSIStudio	autotrackgqi
Association_SuperiorLongitudinalFasciculusR	dti_fa	DSIStudio	/scratch/executivefunction/SLURM_13244013_206/job-13244013-206-sub-22653-ses-2/ds/inputs/data/qsiprep/qsiprep/sub-22653/ses-2/dwi/sub-22653_ses-2_space-ACPC_desc-preproc_dwi.nii.gz	0.0007689772602438	0.2921852314054694	0.1679594502169271	0.2634357810020447	0.2924100881138949	0.26387420296669	0.1678282943367078	0.4053544122593298	0.4053619027773548	sub-22653	ses-2				space-ACPC			DSIStudio	autotrackgqi
Association_SuperiorLongitudinalFasciculusR	gfa	DSIStudio	/scratch/executivefunction/SLURM_13244013_206/job-13244013-206-sub-22653-ses-2/ds/inputs/data/qsiprep/qsiprep/sub-22653/ses-2/dwi/sub-22653_ses-2_space-ACPC_desc-preproc_dwi.nii.gz	0.0007689772602438	0.0653622266483496	0.0360405621641639	0.059552576392889	0.0654125273944511	0.0596011448651552	0.0360087688268866	0.0889564134661432	0.0889580572816217	sub-22653	ses-2				space-ACPC			DSIStudio	autotrackgqi
Association_SuperiorLongitudinalFasciculusR	ha	DSIStudio	/scratch/executivefunction/SLURM_13244013_206/job-13244013-206-sub-22653-ses-2/ds/inputs/data/qsiprep/qsiprep/sub-22653/ses-2/dwi/sub-22653_ses-2_space-ACPC_desc-preproc_dwi.nii.gz	0.0007689772602438	-4.274928900306724	46.71895114205636	-6.468845367431641	-4.278218753242316	-6.515341520309448	46.73677384000413	-5.705250211790043	-5.705355631828975	sub-22653	ses-2				space-ACPC			DSIStudio	autotrackgqi
Association_SuperiorLongitudinalFasciculusR	iso	DSIStudio	/scratch/executivefunction/SLURM_13244013_206/job-13244013-206-sub-22653-ses-2/ds/inputs/data/qsiprep/qsiprep/sub-22653/ses-2/dwi/sub-22653_ses-2_space-ACPC_desc-preproc_dwi.nii.gz	0.0007689772602438	0.7127991716743602	0.124148835125034	0.700831413269043	0.7133477198495713	0.7008584439754486	0.1226111291407256	0.6494834295958923	0.6494954312964585	sub-22653	ses-2				space-ACPC			DSIStudio	autotrackgqi
Association_SuperiorLongitudinalFasciculusR	md	DSIStudio	/scratch/executivefunction/SLURM_13244013_206/job-13244013-206-sub-22653-ses-2/ds/inputs/data/qsiprep/qsiprep/sub-22653/ses-2/dwi/sub-22653_ses-2_space-ACPC_desc-preproc_dwi.nii.gz	0.0007689772602438	0.8224203714784339	0.1645494198437803	0.7919423580169678	0.8230532807352885	0.7919871211051941	0.1630227921970275	0.7706346569437005	0.7706488974171244	sub-22653	ses-2				space-ACPC			DSIStudio	autotrackgqi
Association_SuperiorLongitudinalFasciculusR	qa	DSIStudio	/scratch/executivefunction/SLURM_13244013_206/job-13244013-206-sub-22653-ses-2/ds/inputs/data/qsiprep/qsiprep/sub-22653/ses-2/dwi/sub-22653_ses-2_space-ACPC_desc-preproc_dwi.nii.gz	0.0007689772602438	0.197031868672657	0.1014366567877239	0.180130586028099	0.1971834982989442	0.1802465766668319	0.1013282531193614	0.2590305819418692	0.2590353685221501	sub-22653	ses-2				space-ACPC			DSIStudio	autotrackgqi
Association_SuperiorLongitudinalFasciculusR	rd1	DSIStudio	/scratch/executivefunction/SLURM_13244013_206/job-13244013-206-sub-22653-ses-2/ds/inputs/data/qsiprep/qsiprep/sub-22653/ses-2/dwi/sub-22653_ses-2_space-ACPC_desc-preproc_dwi.nii.gz	0.0007689772602438	0.7782854712803023	0.1910721027828246	0.7624898552894592	0.778884415684322	0.7626504302024841	0.1899213938668798	0.7073757918535744	0.7073888633543383	sub-22653	ses-2				space-ACPC			DSIStudio	autotrackgqi
Association_SuperiorLongitudinalFasciculusR	rd2	DSIStudio	/scratch/executivefunction/SLURM_13244013_206/job-13244013-206-sub-22653-ses-2/ds/inputs/data/qsiprep/qsiprep/sub-22653/ses-2/dwi/sub-22653_ses-2_space-ACPC_desc-preproc_dwi.nii.gz	0.0007689772602438	0.6077553948466691	0.2273367409533271	0.5968128442764282	0.6082231045832486	0.5969597399234772	0.2267979161757605	0.4771284904461915	0.4771373072442185	sub-22653	ses-2				space-ACPC			DSIStudio	autotrackgqi
Association_SuperiorLongitudinalFasciculusR	rd	DSIStudio	/scratch/executivefunction/SLURM_13244013_206/job-13244013-206-sub-22653-ses-2/ds/inputs/data/qsiprep/qsiprep/sub-22653/ses-2/dwi/sub-22653_ses-2_space-ACPC_desc-preproc_dwi.nii.gz	0.0007689772602438	0.6930204326734822	0.2015901364127595	0.6744636297225952	0.6935537597434817	0.6745144128799438	0.2007485150624548	0.5922521399787981	0.5922630841281717	sub-22653	ses-2				space-ACPC			DSIStudio	autotrackgqi
Association_SuperiorLongitudinalFasciculusR	txx	DSIStudio	/scratch/executivefunction/SLURM_13244013_206/job-13244013-206-sub-22653-ses-2/ds/inputs/data/qsiprep/qsiprep/sub-22653/ses-2/dwi/sub-22653_ses-2_space-ACPC_desc-preproc_dwi.nii.gz	0.0007689772602438	0.0008077314807577	0.0002202480658237	0.000798636348918	0.000808353085899	0.0007987866119947	0.0002191895646502	0.0007323982312397	0.0007324117652751	sub-22653	ses-2				space-ACPC			DSIStudio	autotrackgqi
Association_SuperiorLongitudinalFasciculusR	txy	DSIStudio	/scratch/executivefunction/SLURM_13244013_206/job-13244013-206-sub-22653-ses-2/ds/inputs/data/qsiprep/qsiprep/sub-22653/ses-2/dwi/sub-22653_ses-2_space-ACPC_desc-preproc_dwi.nii.gz	0.0007689772602438	7.942588403919807e-06	9.712086222146352e-05	6.712745289405575e-06	7.948700774063545e-06	6.727427717123646e-06	9.715797560614672e-05	-1.8352116640430133e-05	-1.8352455781285736e-05	sub-22653	ses-2				space-ACPC			DSIStudio	autotrackgqi
Association_SuperiorLongitudinalFasciculusR	txz	DSIStudio	/scratch/executivefunction/SLURM_13244013_206/job-13244013-206-sub-22653-ses-2/ds/inputs/data/qsiprep/qsiprep/sub-22653/ses-2/dwi/sub-22653_ses-2_space-ACPC_desc-preproc_dwi.nii.gz	0.0007689772602438	-4.928703961025343e-05	0.0001448073927745	-3.194656892446801e-05	-4.9324969390076624e-05	-3.199320599378552e-05	0.0001448566441329	-8.51238848094163e-05	-8.512545784719211e-05	sub-22653	ses-2				space-ACPC			DSIStudio	autotrackgqi
Association_SuperiorLongitudinalFasciculusR	tyy	DSIStudio	/scratch/executivefunction/SLURM_13244013_206/job-13244013-206-sub-22653-ses-2/ds/inputs/data/qsiprep/qsiprep/sub-22653/ses-2/dwi/sub-22653_ses-2_space-ACPC_desc-preproc_dwi.nii.gz	0.0007689772602438	0.0007951338673913	0.0002153208257932	0.0007666235323995	0.0007957457777994	0.0007667336030863	0.0002142704190288	0.0008204332504577	0.0008204484110567	sub-22653	ses-2				space-ACPC			DSIStudio	autotrackgqi
Association_SuperiorLongitudinalFasciculusR	tyz	DSIStudio	/scratch/executivefunction/SLURM_13244013_206/job-13244013-206-sub-22653-ses-2/ds/inputs/data/qsiprep/qsiprep/sub-22653/ses-2/dwi/sub-22653_ses-2_space-ACPC_desc-preproc_dwi.nii.gz	0.0007689772602438	2.275731263984918e-05	0.0001123039432385	1.5942521713441238e-05	2.277482596312083e-05	1.6041671187849715e-05	0.000112345372597	4.159967499754179e-05	4.160044371243161e-05	sub-22653	ses-2				space-ACPC			DSIStudio	autotrackgqi
Association_SuperiorLongitudinalFasciculusR	tzz	DSIStudio	/scratch/executivefunction/SLURM_13244013_206/job-13244013-206-sub-22653-ses-2/ds/inputs/data/qsiprep/qsiprep/sub-22653/ses-2/dwi/sub-22653_ses-2_space-ACPC_desc-preproc_dwi.nii.gz	0.0007689772602438	0.0008643957662806	0.0002324555250322	0.0008529277401976	0.0008650609785018	0.0008530571358278	0.0002313043581209	0.0007590724899395	0.0007590865167255	sub-22653	ses-2				space-ACPC			DSIStudio	autotrackgqi
Association_CingulumL	ad	DSIStudio	/scratch/executivefunction/SLURM_13244013_206/job-13244013-206-sub-22653-ses-2/ds/inputs/data/qsiprep/qsiprep/sub-22653/ses-2/dwi/sub-22653_ses-2_space-ACPC_desc-preproc_dwi.nii.gz	0.0006694336591243	1.111044834497735	0.2757804350077674	1.0452148914337158	1.111789103545496	1.0453957319259644	0.2743689594273377	1.2078277371252852	1.2078559594364224	sub-22653	ses-2				space-ACPC			DSIStudio	autotrackgqi
Association_CingulumL	dti_fa	DSIStudio	/scratch/executivefunction/SLURM_13244013_206/job-13244013-206-sub-22653-ses-2/ds/inputs/data/qsiprep/qsiprep/sub-22653/ses-2/dwi/sub-22653_ses-2_space-ACPC_desc-preproc_dwi.nii.gz	0.0006694336591243	0.2897147084345043	0.1753334605606632	0.2448424845933914	0.2899087831320087	0.2450912743806839	0.1752317089722987	0.4293379395535243	0.4293479715779024	sub-22653	ses-2				space-ACPC			DSIStudio	autotrackgqi
Association_CingulumL	gfa	DSIStudio	/scratch/executivefunction/SLURM_13244013_206/job-13244013-206-sub-22653-ses-2/ds/inputs/data/qsiprep/qsiprep/sub-22653/ses-2/dwi/sub-22653_ses-2_space-ACPC_desc-preproc_dwi.nii.gz	0.0006694336591243	0.0646136100887145	0.0385374143915627	0.0544783063232898	0.0646568935895777	0.0545164961367845	0.0385140051776999	0.0946843062462949	0.0946865186685589	sub-22653	ses-2				space-ACPC			DSIStudio	autotrackgqi
Association_CingulumL	ha	DSIStudio	/scratch/executivefunction/SLURM_13244013_206/job-13244013-206-sub-22653-ses-2/ds/inputs/data/qsiprep/qsiprep/sub-22653/ses-2/dwi/sub-22653_ses-2_space-ACPC_desc-preproc_dwi.nii.gz	0.0006694336591243	10.547844126408584	40.12631330207419	18.36941146850586	10.554909938390368	18.397286415100098	40.138821998881845	12.595117583524052	12.595411861714137	sub-22653	ses-2				space-ACPC			DSIStudio	autotrackgqi
Association_CingulumL	iso	DSIStudio	/scratch/executivefunction/SLURM_13244013_206/job-13244013-206-sub-22653-ses-2/ds/inputs/data/qsiprep/qsiprep/sub-22653/ses-2/dwi/sub-22653_ses-2_space-ACPC_desc-preproc_dwi.nii.gz	0.0006694336591243	0.6997635012193527	0.141227866921357	0.6904590129852295	0.7002322602635779	0.6906464397907257	0.1401086406918836	0.6228765581833153	0.622891112346774	sub-22653	ses-2				space-ACPC			DSIStudio	autotrackgqi
Association_CingulumL	md	DSIStudio	/scratch/executivefunction/SLURM_13244013_206/job-13244013-206-sub-22653-ses-2/ds/inputs/data/qsiprep/qsiprep/sub-22653/ses-2/dwi/sub-22653_ses-2_space-ACPC_desc-preproc_dwi.nii.gz	0.0006694336591243	0.842704964890699	0.2044527665070774	0.8023272156715393	0.8432694778628926	0.8024300336837769	0.2033541218426391	0.7967464469593275	0.7967650638055385	sub-22653	ses-2				space-ACPC			DSIStudio	autotrackgqi
Association_CingulumL	qa	DSIStudio	/scratch/executivefunction/SLURM_13244013_206/job-13244013-206-sub-22653-ses-2/ds/inputs/data/qsiprep/qsiprep/sub-22653/ses-2/dwi/sub-22653_ses-2_space-ACPC_desc-preproc_dwi.nii.gz	0.0006694336591243	0.1902286236279519	0.1062448559781835	0.1646545678377151	0.1903560543779707	0.1646801233291626	0.1061662555415536	0.2664189366907543	0.2664251619224532	sub-22653	ses-2				space-ACPC			DSIStudio	autotrackgqi
Association_CingulumL	rd1	DSIStudio	/scratch/executivefunction/SLURM_13244013_206/job-13244013-206-sub-22653-ses-2/ds/inputs/data/qsiprep/qsiprep/sub-22653/ses-2/dwi/sub-22653_ses-2_space-ACPC_desc-preproc_dwi.nii.gz	0.0006694336591243	0.7928572675101744	0.2291745477867077	0.7745928168296814	0.7933883884021292	0.7747548520565033	0.2283303989062572	0.6939861526294648	0.6940023683339438	sub-22653	ses-2				space-ACPC			DSIStudio	autotrackgqi
Association_CingulumL	rd2	DSIStudio	/scratch/executivefunction/SLURM_13244013_206/job-13244013-206-sub-22653-ses-2/ds/inputs/data/qsiprep/qsiprep/sub-22653/ses-2/dwi/sub-22653_ses-2_space-ACPC_desc-preproc_dwi.nii.gz	0.0006694336591243	0.6242127932816612	0.2396847125439569	0.6170087456703186	0.6246309422589399	0.6171275079250336	0.2392196825819051	0.4884254482461039	0.4884368607690532	sub-22653	ses-2				space-ACPC			DSIStudio	autotrackgqi
Association_CingulumL	rd	DSIStudio	/scratch/executivefunction/SLURM_13244013_206/job-13244013-206-sub-22653-ses-2/ds/inputs/data/qsiprep/qsiprep/sub-22653/ses-2/dwi/sub-22653_ses-2_space-ACPC_desc-preproc_dwi.nii.gz	0.0006694336591243	0.7085350309101465	0.2277030778097177	0.6934619545936584	0.7090096658451077	0.6936365962028503	0.2270394313723118	0.5912058009021575	0.5912196150158826	sub-22653	ses-2				space-ACPC			DSIStudio	autotrackgqi
Association_CingulumL	txx	DSIStudio	/scratch/executivefunction/SLURM_13244013_206/job-13244013-206-sub-22653-ses-2/ds/inputs/data/qsiprep/qsiprep/sub-22653/ses-2/dwi/sub-22653_ses-2_space-ACPC_desc-preproc_dwi.nii.gz	0.0006694336591243	0.0008021063009722	0.0002486380180612	0.0007809671806171	0.0008026436176261	0.0007810812385287	0.0002478527847993	0.0006984201330168	0.0006984364523443	sub-22653	ses-2				space-ACPC			DSIStudio	autotrackgqi
Association_CingulumL	txy	DSIStudio	/scratch/executivefunction/SLURM_13244013_206/job-13244013-206-sub-22653-ses-2/ds/inputs/data/qsiprep/qsiprep/sub-22653/ses-2/dwi/sub-22653_ses-2_space-ACPC_desc-preproc_dwi.nii.gz	0.0006694336591243	-8.893684543441723e-06	0.0001153752282841	-3.138547526759794e-06	-8.899642263527095e-06	-3.157306537104887e-06	0.0001154136360125	4.648815910967133e-06	4.64892446700359e-06	sub-22653	ses-2				space-ACPC			DSIStudio	autotrackgqi
Association_CingulumL	txz	DSIStudio	/scratch/executivefunction/SLURM_13244013_206/job-13244013-206-sub-22653-ses-2/ds/inputs/data/qsiprep/qsiprep/sub-22653/ses-2/dwi/sub-22653_ses-2_space-ACPC_desc-preproc_dwi.nii.gz	0.0006694336591243	-1.9914379691757147e-05	0.0001484269251422	-1.872705252026208e-05	-1.99277199782602e-05	-1.878737657534657e-05	0.0001484757358568	-8.366529326657017e-06	-8.36672488091573e-06	sub-22653	ses-2				space-ACPC			DSIStudio	autotrackgqi
Association_CingulumL	tyy	DSIStudio	/scratch/executivefunction/SLURM_13244013_206/job-13244013-206-sub-22653-ses-2/ds/inputs/data/qsiprep/qsiprep/sub-22653/ses-2/dwi/sub-22653_ses-2_space-ACPC_desc-preproc_dwi.nii.gz	0.0006694336591243	0.0008647691685338	0.0002629498850858	0.0008163410238921	0.0008653484619211	0.0008164378814399	0.0002620833242373	0.0009073916071724	0.0009074128092923	sub-22653	ses-2				space-ACPC			DSIStudio	autotrackgqi
Association_CingulumL	tyz	DSIStudio	/scratch/executivefunction/SLURM_13244013_206/job-13244013-206-sub-22653-ses-2/ds/inputs/data/qsiprep/qsiprep/sub-22653/ses-2/dwi/sub-22653_ses-2_space-ACPC_desc-preproc_dwi.nii.gz	0.0006694336591243	6.213881056448938e-05	0.0001366734040178	4.0390470530837774e-05	6.218043624144845e-05	4.044251181767322e-05	0.0001367097077962	0.0001266604124814	0.0001266633720216	sub-22653	ses-2				space-ACPC			DSIStudio	autotrackgqi
Association_CingulumL	tzz	DSIStudio	/scratch/executivefunction/SLURM_13244013_206/job-13244013-206-sub-22653-ses-2/ds/inputs/data/qsiprep/qsiprep/sub-22653/ses-2/dwi/sub-22653_ses-2_space-ACPC_desc-preproc_dwi.nii.gz	0.0006694336591243	0.0008612394254197	0.0002410297165334	0.0008363728993572	0.0008618163542952	0.0008365797984879	0.0002400771428725	0.0007844275978553	0.0007844459269464	sub-22653	ses-2				space-ACPC			DSIStudio	autotrackgqi
Association_MiddleLongitudinalFasciculusR	ad	DSIStudio	/scratch/executivefunction/SLURM_13244013_206/job-13244013-206-sub-22653-ses-2/ds/inputs/data/qsiprep/qsiprep/sub-22653/ses-2/dwi/sub-22653_ses-2_space-ACPC_desc-preproc_dwi.nii.gz	0.0049174569722514	1.0811833746398922	0.2109355717826897	1.04641854763031	1.0865263210729874	1.0472655296325684	0.1972522272968411	1.1396436375590793	1.139995543496957	sub-22653	ses-2				space-ACPC			DSIStudio	autotrackgqi
Association_MiddleLongitudinalFasciculusR	dti_fa	DSIStudio	/scratch/executivefunction/SLURM_13244013_206/job-13244013-206-sub-22653-ses-2/ds/inputs/data/qsiprep/qsiprep/sub-22653/ses-2/dwi/sub-22653_ses-2_space-ACPC_desc-preproc_dwi.nii.gz	0.0049174569722514	0.2958751418966372	0.1661659847592016	0.2763345837593078	0.2973372852028684	0.2775170505046844	0.1652659441944042	0.3812981015297475	0.3814158410725774	sub-22653	ses-2				space-ACPC			DSIStudio	autotrackgqi
Association_MiddleLongitudinalFasciculusR	gfa	DSIStudio	/scratch/executivefunction/SLURM_13244013_206/job-13244013-206-sub-22653-ses-2/ds/inputs/data/qsiprep/qsiprep/sub-22653/ses-2/dwi/sub-22653_ses-2_space-ACPC_desc-preproc_dwi.nii.gz	0.0049174569722514	0.0661221530283878	0.036764586792373	0.0607426017522811	0.0664489126974303	0.0610158778727054	0.0365595605743389	0.0850439805242507	0.0850702409203415	sub-22653	ses-2				space-ACPC			DSIStudio	autotrackgqi
Association_MiddleLongitudinalFasciculusR	ha	DSIStudio	/scratch/executivefunction/SLURM_13244013_206/job-13244013-206-sub-22653-ses-2/ds/inputs/data/qsiprep/qsiprep/sub-22653/ses-2/dwi/sub-22653_ses-2_space-ACPC_desc-preproc_dwi.nii.gz	0.0049174569722514	-14.759832568268424	38.538101864736525	-19.823400497436523	-14.832772086784402	-20.14922332763672	38.61920281647742	-24.795222708254943	-24.802879113570604	sub-22653	ses-2				space-ACPC			DSIStudio	autotrackgqi
Association_MiddleLongitudinalFasciculusR	iso	DSIStudio	/scratch/executivefunction/SLURM_13244013_206/job-13244013-206-sub-22653-ses-2/ds/inputs/data/qsiprep/qsiprep/sub-22653/ses-2/dwi/sub-22653_ses-2_space-ACPC_desc-preproc_dwi.nii.gz	0.0049174569722514	0.7022256195430049	0.149071064991043	0.675508975982666	0.7056958485135668	0.6767944693565369	0.1410073504613809	0.6333905210103596	0.6335861029755105	sub-22653	ses-2				space-ACPC			DSIStudio	autotrackgqi
Association_MiddleLongitudinalFasciculusR	md	DSIStudio	/scratch/executivefunction/SLURM_13244013_206/job-13244013-206-sub-22653-ses-2/ds/inputs/data/qsiprep/qsiprep/sub-22653/ses-2/dwi/sub-22653_ses-2_space-ACPC_desc-preproc_dwi.nii.gz	0.0049174569722514	0.8181675347605211	0.1419659322567257	0.798560380935669	0.8222107206012014	0.7991997599601746	0.1301136925013772	0.8004383108164916	0.8006854748584596	sub-22653	ses-2				space-ACPC			DSIStudio	autotrackgqi
Association_MiddleLongitudinalFasciculusR	qa	DSIStudio	/scratch/executivefunction/SLURM_13244013_206/job-13244013-206-sub-22653-ses-2/ds/inputs/data/qsiprep/qsiprep/sub-22653/ses-2/dwi/sub-22653_ses-2_space-ACPC_desc-preproc_dwi.nii.gz	0.0049174569722514	0.1944503755746052	0.0986361053104974	0.1802387237548828	0.1954113022452881	0.1808540970087051	0.0979254007013714	0.2366597104068385	0.236732787579017	sub-22653	ses-2				space-ACPC			DSIStudio	autotrackgqi
Association_MiddleLongitudinalFasciculusR	rd1	DSIStudio	/scratch/executivefunction/SLURM_13244013_206/job-13244013-206-sub-22653-ses-2/ds/inputs/data/qsiprep/qsiprep/sub-22653/ses-2/dwi/sub-22653_ses-2_space-ACPC_desc-preproc_dwi.nii.gz	0.0049174569722514	0.7831832993792617	0.1669256900082061	0.7755758762359619	0.7870536015999852	0.7760213017463684	0.1579738862677829	0.7592300346724613	0.7594644741713366	sub-22653	ses-2				space-ACPC			DSIStudio	autotrackgqi
Association_MiddleLongitudinalFasciculusR	rd2	DSIStudio	/scratch/executivefunction/SLURM_13244013_206/job-13244013-206-sub-22653-ses-2/ds/inputs/data/qsiprep/qsiprep/sub-22653/ses-2/dwi/sub-22653_ses-2_space-ACPC_desc-preproc_dwi.nii.gz	0.0049174569722514	0.590135930325217	0.1982485123725287	0.5779803991317749	0.5930522391937497	0.5786035060882568	0.1943377792818226	0.5024412675417343	0.5025964142331472	sub-22653	ses-2				space-ACPC			DSIStudio	autotrackgqi
Association_MiddleLongitudinalFasciculusR	rd	DSIStudio	/scratch/executivefunction/SLURM_13244013_206/job-13244013-206-sub-22653-ses-2/ds/inputs/data/qsiprep/qsiprep/sub-22653/ses-2/dwi/sub-22653_ses-2_space-ACPC_desc-preproc_dwi.nii.gz	0.0049174569722514	0.6866596161083962	0.173122689883826	0.6757751107215881	0.6900529216592319	0.6763046979904175	0.1666673845401359	0.6308356528232447	0.6310304459189187	sub-22653	ses-2				space-ACPC			DSIStudio	autotrackgqi
Association_MiddleLongitudinalFasciculusR	txx	DSIStudio	/scratch/executivefunction/SLURM_13244013_206/job-13244013-206-sub-22653-ses-2/ds/inputs/data/qsiprep/qsiprep/sub-22653/ses-2/dwi/sub-22653_ses-2_space-ACPC_desc-preproc_dwi.nii.gz	0.0049174569722514	0.0007983384156329	0.0002139623749795	0.0008054294157773	0.0008022836107684	0.0008061516564339	0.0002069805925163	0.0008048887560491	0.0008051372945213	sub-22653	ses-2				space-ACPC			DSIStudio	autotrackgqi
Association_MiddleLongitudinalFasciculusR	txy	DSIStudio	/scratch/executivefunction/SLURM_13244013_206/job-13244013-206-sub-22653-ses-2/ds/inputs/data/qsiprep/qsiprep/sub-22653/ses-2/dwi/sub-22653_ses-2_space-ACPC_desc-preproc_dwi.nii.gz	0.0049174569722514	4.10913723365747e-05	0.000102789235386	2.8207436116645116e-05	4.1294435948545073e-05	2.871337710530497e-05	0.000103002205237	7.257106654225026e-05	7.2593475384769e-05	sub-22653	ses-2				space-ACPC			DSIStudio	autotrackgqi
Association_MiddleLongitudinalFasciculusR	txz	DSIStudio	/scratch/executivefunction/SLURM_13244013_206/job-13244013-206-sub-22653-ses-2/ds/inputs/data/qsiprep/qsiprep/sub-22653/ses-2/dwi/sub-22653_ses-2_space-ACPC_desc-preproc_dwi.nii.gz	0.0049174569722514	2.5976723943878743e-06	0.0001013889238854	-3.4920312828035094e-06	2.610509462344609e-06	-3.934820142603712e-06	0.0001016389700469	1.5997916615198066e-05	1.6002856442420286e-05	sub-22653	ses-2				space-ACPC			DSIStudio	autotrackgqi
Association_MiddleLongitudinalFasciculusR	tyy	DSIStudio	/scratch/executivefunction/SLURM_13244013_206/job-13244013-206-sub-22653-ses-2/ds/inputs/data/qsiprep/qsiprep/sub-22653/ses-2/dwi/sub-22653_ses-2_space-ACPC_desc-preproc_dwi.nii.gz	0.0049174569722514	0.0008195150490615	0.0002000004275833	0.0007935435860417	0.0008235648939916	0.0007944193785078	0.0001919961772598	0.0007941534344576	0.0007943986578924	sub-22653	ses-2				space-ACPC			DSIStudio	autotrackgqi
Association_MiddleLongitudinalFasciculusR	tyz	DSIStudio	/scratch/executivefunction/SLURM_13244013_206/job-13244013-206-sub-22653-ses-2/ds/inputs/data/qsiprep/qsiprep/sub-22653/ses-2/dwi/sub-22653_ses-2_space-ACPC_desc-preproc_dwi.nii.gz	0.0049174569722514	0.0001023098699987	0.0001350803829938	6.92531539243646e-05	0.0001028154606023	7.015561277512461e-05	0.0001352216630603	0.0001893834022529	0.0001894418812444	sub-22653	ses-2				space-ACPC			DSIStudio	autotrackgqi
Association_MiddleLongitudinalFasciculusR	tzz	DSIStudio	/scratch/executivefunction/SLURM_13244013_206/job-13244013-206-sub-22653-ses-2/ds/inputs/data/qsiprep/qsiprep/sub-22653/ses-2/dwi/sub-22653_ses-2_space-ACPC_desc-preproc_dwi.nii.gz	0.0049174569722514	0.000836649138318	0.0002122127446123	0.0008136284886859	0.0008407836557682	0.0008142159203998	0.00020440294184	0.0008022727429651	0.0008025204731842	sub-22653	ses-2				space-ACPC			DSIStudio	autotrackgqi
Association_HippocampusAlveusR	ad	DSIStudio	/scratch/executivefunction/SLURM_13244013_206/job-13244013-206-sub-22653-ses-2/ds/inputs/data/qsiprep/qsiprep/sub-22653/ses-2/dwi/sub-22653_ses-2_space-ACPC_desc-preproc_dwi.nii.gz	0.0009267840593141	1.3366536476525916	0.568152014713207	1.1178411841392517	1.3378935861012489	1.118752658367157	0.5669543601459726	1.476722533517894	1.4767534273070393	sub-22653	ses-2				space-ACPC			DSIStudio	autotrackgqi
Association_HippocampusAlveusR	dti_fa	DSIStudio	/scratch/executivefunction/SLURM_13244013_206/job-13244013-206-sub-22653-ses-2/ds/inputs/data/qsiprep/qsiprep/sub-22653/ses-2/dwi/sub-22653_ses-2_space-ACPC_desc-preproc_dwi.nii.gz	0.0009267840593141	0.2479645197760517	0.1490018570469143	0.20619897544384	0.2481945425216696	0.206382654607296	0.1488793408983872	0.2956867495093891	0.2956929356325039	sub-22653	ses-2				space-ACPC			DSIStudio	autotrackgqi
Association_HippocampusAlveusR	gfa	DSIStudio	/scratch/executivefunction/SLURM_13244013_206/job-13244013-206-sub-22653-ses-2/ds/inputs/data/qsiprep/qsiprep/sub-22653/ses-2/dwi/sub-22653_ses-2_space-ACPC_desc-preproc_dwi.nii.gz	0.0009267840593141	0.0605023327280108	0.0354258634278003	0.0521046612411737	0.0605584573409311	0.0521134790033102	0.0353943097823748	0.0749769068900952	0.074978475480055	sub-22653	ses-2				space-ACPC			DSIStudio	autotrackgqi
Association_HippocampusAlveusR	ha	DSIStudio	/scratch/executivefunction/SLURM_13244013_206/job-13244013-206-sub-22653-ses-2/ds/inputs/data/qsiprep/qsiprep/sub-22653/ses-2/dwi/sub-22653_ses-2_space-ACPC_desc-preproc_dwi.nii.gz	0.0009267840593141	-22.827084064117678	33.81171079212405	-29.59361457824707	-22.848259466774557	-29.61870002746582	33.820237690730586	-29.140402652609843	-29.14101235626842	sub-22653	ses-2				space-ACPC			DSIStudio	autotrackgqi
Association_HippocampusAlveusR	iso	DSIStudio	/scratch/executivefunction/SLURM_13244013_206/job-13244013-206-sub-22653-ses-2/ds/inputs/data/qsiprep/qsiprep/sub-22653/ses-2/dwi/sub-22653_ses-2_space-ACPC_desc-preproc_dwi.nii.gz	0.0009267840593141	0.6736868058466823	0.1587385007297185	0.6657728254795074	0.6743117472250187	0.6660014390945435	0.1574797796140122	0.6129390417299792	0.6129518648586454	sub-22653	ses-2				space-ACPC			DSIStudio	autotrackgqi
Association_HippocampusAlveusR	md	DSIStudio	/scratch/executivefunction/SLURM_13244013_206/job-13244013-206-sub-22653-ses-2/ds/inputs/data/qsiprep/qsiprep/sub-22653/ses-2/dwi/sub-22653_ses-2_space-ACPC_desc-preproc_dwi.nii.gz	0.0009267840593141	1.057322271257998	0.4782195631654716	0.8702046871185303	1.058303089691447	0.8703228831291199	0.4773553120449338	1.115511615809759	1.115534952725526	sub-22653	ses-2				space-ACPC			DSIStudio	autotrackgqi
Association_HippocampusAlveusR	qa	DSIStudio	/scratch/executivefunction/SLURM_13244013_206/job-13244013-206-sub-22653-ses-2/ds/inputs/data/qsiprep/qsiprep/sub-22653/ses-2/dwi/sub-22653_ses-2_space-ACPC_desc-preproc_dwi.nii.gz	0.0009267840593141	0.1682710559620928	0.0898847190757611	0.1474700272083282	0.1684271515613155	0.1475183442234993	0.0897801017154196	0.1944238495779869	0.194427917118005	sub-22653	ses-2				space-ACPC			DSIStudio	autotrackgqi
Association_HippocampusAlveusR	rd1	DSIStudio	/scratch/executivefunction/SLURM_13244013_206/job-13244013-206-sub-22653-ses-2/ds/inputs/data/qsiprep/qsiprep/sub-22653/ses-2/dwi/sub-22653_ses-2_space-ACPC_desc-preproc_dwi.nii.gz	0.0009267840593141	0.9968636167668103	0.4690577508549499	0.8405081331729889	0.997788351105184	0.8408895432949066	0.468291127606312	1.0231506982168952	1.023172102859632	sub-22653	ses-2				space-ACPC			DSIStudio	autotrackgqi
Association_HippocampusAlveusR	rd2	DSIStudio	/scratch/executivefunction/SLURM_13244013_206/job-13244013-206-sub-22653-ses-2/ds/inputs/data/qsiprep/qsiprep/sub-22653/ses-2/dwi/sub-22653_ses-2_space-ACPC_desc-preproc_dwi.nii.gz	0.0009267840593141	0.8384495473866445	0.4571602036395223	0.7024219930171967	0.8392273298981349	0.7024523019790649	0.4566580654967929	0.846661614805108	0.8466793271205078	sub-22653	ses-2				space-ACPC			DSIStudio	autotrackgqi
Association_HippocampusAlveusR	rd	DSIStudio	/scratch/executivefunction/SLURM_13244013_206/job-13244013-206-sub-22653-ses-2/ds/inputs/data/qsiprep/qsiprep/sub-22653/ses-2/dwi/sub-22653_ses-2_space-ACPC_desc-preproc_dwi.nii.gz	0.0009267840593141	0.9176565802158084	0.4604911191976139	0.7646755874156952	0.9185078386390144	0.7649179100990295	0.4598552947515483	0.9349061536307752	0.9349257121097834	sub-22653	ses-2				space-ACPC			DSIStudio	autotrackgqi
Association_HippocampusAlveusR	txx	DSIStudio	/scratch/executivefunction/SLURM_13244013_206/job-13244013-206-sub-22653-ses-2/ds/inputs/data/qsiprep/qsiprep/sub-22653/ses-2/dwi/sub-22653_ses-2_space-ACPC_desc-preproc_dwi.nii.gz	0.0009267840593141	0.0010423854377807	0.000497676271059	0.0008852611354086	0.0010433524001534	0.0008853212348185	0.0004968928945208	0.0010385736254107	0.0010385953527868	sub-22653	ses-2				space-ACPC			DSIStudio	autotrackgqi
Association_HippocampusAlveusR	txy	DSIStudio	/scratch/executivefunction/SLURM_13244013_206/job-13244013-206-sub-22653-ses-2/ds/inputs/data/qsiprep/qsiprep/sub-22653/ses-2/dwi/sub-22653_ses-2_space-ACPC_desc-preproc_dwi.nii.gz	0.0009267840593141	-1.0040312134243288e-05	0.0001315802120417	-6.252142384255421e-06	-1.0049625967391936e-05	-6.3342927205667365e-06	0.0001316408721635	1.5841463130267446e-05	1.5841794753769648e-05	sub-22653	ses-2				space-ACPC			DSIStudio	autotrackgqi
Association_HippocampusAlveusR	txz	DSIStudio	/scratch/executivefunction/SLURM_13244013_206/job-13244013-206-sub-22653-ses-2/ds/inputs/data/qsiprep/qsiprep/sub-22653/ses-2/dwi/sub-22653_ses-2_space-ACPC_desc-preproc_dwi.nii.gz	0.0009267840593141	2.8291751175491727e-05	0.0001215449035901	9.078470611711964e-06	2.8317995842630404e-05	9.12560699362075e-06	0.0001215982097966	2.8735118291782045e-05	2.8735719688033613e-05	sub-22653	ses-2				space-ACPC			DSIStudio	autotrackgqi
Association_HippocampusAlveusR	tyy	DSIStudio	/scratch/executivefunction/SLURM_13244013_206/job-13244013-206-sub-22653-ses-2/ds/inputs/data/qsiprep/qsiprep/sub-22653/ses-2/dwi/sub-22653_ses-2_space-ACPC_desc-preproc_dwi.nii.gz	0.0009267840593141	0.0010644166212706	0.0005112924635288	0.0008879642118699	0.0010654040207337	0.0008882177062332	0.0005105002532085	0.0011802111145374	0.0011802358047924	sub-22653	ses-2				space-ACPC			DSIStudio	autotrackgqi
Association_HippocampusAlveusR	tyz	DSIStudio	/scratch/executivefunction/SLURM_13244013_206/job-13244013-206-sub-22653-ses-2/ds/inputs/data/qsiprep/qsiprep/sub-22653/ses-2/dwi/sub-22653_ses-2_space-ACPC_desc-preproc_dwi.nii.gz	0.0009267840593141	9.266447270484968e-05	0.0001583384261629	6.705651685479097e-05	9.275043232702484e-05	6.707436114083976e-05	0.0001583866832092	0.0001604068098422	0.0001604101658275	sub-22653	ses-2				space-ACPC			DSIStudio	autotrackgqi
Association_HippocampusAlveusR	tzz	DSIStudio	/scratch/executivefunction/SLURM_13244013_206/job-13244013-206-sub-22653-ses-2/ds/inputs/data/qsiprep/qsiprep/sub-22653/ses-2/dwi/sub-22653_ses-2_space-ACPC_desc-preproc_dwi.nii.gz	0.0009267840593141	0.0010651647520366	0.000488534812233	0.0009043026657309	0.0010661528454986	0.0009046042105183	0.0004876824800858	0.0011277501068414	0.0011277736999576	sub-22653	ses-2				space-ACPC			DSIStudio	autotrackgqi
Association_CingulumR	ad	DSIStudio	/scratch/executivefunction/SLURM_13244013_206/job-13244013-206-sub-22653-ses-2/ds/inputs/data/qsiprep/qsiprep/sub-22653/ses-2/dwi/sub-22653_ses-2_space-ACPC_desc-preproc_dwi.nii.gz	0.0001180080245456	1.0989333126577026	0.2970419524787629	1.0173379182815552	1.0990630109124715	1.017343521118164	0.2968194544123723	1.148019704716157	1.1480241504496154	sub-22653	ses-2				space-ACPC			DSIStudio	autotrackgqi
Association_CingulumR	dti_fa	DSIStudio	/scratch/executivefunction/SLURM_13244013_206/job-13244013-206-sub-22653-ses-2/ds/inputs/data/qsiprep/qsiprep/sub-22653/ses-2/dwi/sub-22653_ses-2_space-ACPC_desc-preproc_dwi.nii.gz	0.0001180080245456	0.243009125925284	0.1497406158867973	0.1998642459511757	0.2430378063366997	0.1998796164989471	0.1497261765351625	0.3858702017482745	0.385871695856172	sub-22653	ses-2				space-ACPC			DSIStudio	autotrackgqi
Association_CingulumR	gfa	DSIStudio	/scratch/executivefunction/SLURM_13244013_206/job-13244013-206-sub-22653-ses-2/ds/inputs/data/qsiprep/qsiprep/sub-22653/ses-2/dwi/sub-22653_ses-2_space-ACPC_desc-preproc_dwi.nii.gz	0.0001180080245456	0.0546018496432805	0.0325489410799443	0.0438338797539472	0.0546082938601628	0.0438343323767185	0.032545455814199	0.0834683928096363	0.0834687160021758	sub-22653	ses-2				space-ACPC			DSIStudio	autotrackgqi
Association_CingulumR	ha	DSIStudio	/scratch/executivefunction/SLURM_13244013_206/job-13244013-206-sub-22653-ses-2/ds/inputs/data/qsiprep/qsiprep/sub-22653/ses-2/dwi/sub-22653_ses-2_space-ACPC_desc-preproc_dwi.nii.gz	0.0001180080245456	-6.5770157553132025	39.154784429381614	-9.917391300201416	-6.577791987551526	-9.921232223510742	39.15702972564161	-4.582184286419696	-4.582202037337445	sub-22653	ses-2				space-ACPC			DSIStudio	autotrackgqi
Association_CingulumR	iso	DSIStudio	/scratch/executivefunction/SLURM_13244013_206/job-13244013-206-sub-22653-ses-2/ds/inputs/data/qsiprep/qsiprep/sub-22653/ses-2/dwi/sub-22653_ses-2_space-ACPC_desc-preproc_dwi.nii.gz	0.0001180080245456	0.7167216847570037	0.1405679387020254	0.7213400304317474	0.716806273649339	0.7213712930679321	0.1403604060222978	0.6520166510357704	0.6520191763889682	sub-22653	ses-2				space-ACPC			DSIStudio	autotrackgqi
Association_CingulumR	md	DSIStudio	/scratch/executivefunction/SLURM_13244013_206/job-13244013-206-sub-22653-ses-2/ds/inputs/data/qsiprep/qsiprep/sub-22653/ses-2/dwi/sub-22653_ses-2_space-ACPC_desc-preproc_dwi.nii.gz	0.0001180080245456	0.8757680115664318	0.2551397710498241	0.8068093061447144	0.8758713714167288	0.8068310618400574	0.2549773629761162	0.7922259139548744	0.7922289821179161	sub-22653	ses-2				space-ACPC			DSIStudio	autotrackgqi
Association_CingulumR	qa	DSIStudio	/scratch/executivefunction/SLURM_13244013_206/job-13244013-206-sub-22653-ses-2/ds/inputs/data/qsiprep/qsiprep/sub-22653/ses-2/dwi/sub-22653_ses-2_space-ACPC_desc-preproc_dwi.nii.gz	0.0001180080245456	0.164449325281971	0.0916491696756898	0.1425375416874885	0.1644687339123595	0.1425599902868271	0.0916371623472712	0.2406344099049843	0.2406353417059466	sub-22653	ses-2				space-ACPC			DSIStudio	autotrackgqi
Association_CingulumR	rd1	DSIStudio	/scratch/executivefunction/SLURM_13244013_206/job-13244013-206-sub-22653-ses-2/ds/inputs/data/qsiprep/qsiprep/sub-22653/ses-2/dwi/sub-22653_ses-2_space-ACPC_desc-preproc_dwi.nii.gz	0.0001180080245456	0.8393243976624923	0.2686185690654236	0.7863575220108032	0.8394234563663354	0.7863762378692627	0.2684796071055901	0.7076383773890175	0.7076411181282356	sub-22653	ses-2				space-ACPC			DSIStudio	autotrackgqi
Association_CingulumR	rd2	DSIStudio	/scratch/executivefunction/SLURM_13244013_206/job-13244013-206-sub-22653-ses-2/ds/inputs/data/qsiprep/qsiprep/sub-22653/ses-2/dwi/sub-22653_ses-2_space-ACPC_desc-preproc_dwi.nii.gz	0.0001180080245456	0.689046324119728	0.2761236376490241	0.6517124474048615	0.6891276467119762	0.6517490744590759	0.2760384395672006	0.5210196552209067	0.5210216732373377	sub-22653	ses-2				space-ACPC			DSIStudio	autotrackgqi
Association_CingulumR	rd	DSIStudio	/scratch/executivefunction/SLURM_13244013_206/job-13244013-206-sub-22653-ses-2/ds/inputs/data/qsiprep/qsiprep/sub-22653/ses-2/dwi/sub-22653_ses-2_space-ACPC_desc-preproc_dwi.nii.gz	0.0001180080245456	0.7641853609574919	0.2674993432342865	0.7155310213565826	0.7642755516055454	0.7155606746673584	0.267386262344054	0.6143290168974521	0.614331396275279	sub-22653	ses-2				space-ACPC			DSIStudio	autotrackgqi
Association_CingulumR	txx	DSIStudio	/scratch/executivefunction/SLURM_13244013_206/job-13244013-206-sub-22653-ses-2/ds/inputs/data/qsiprep/qsiprep/sub-22653/ses-2/dwi/sub-22653_ses-2_space-ACPC_desc-preproc_dwi.nii.gz	0.0001180080245456	0.000854602720781	0.0002834927928991	0.0008097399841062	0.0008547035826624	0.0008097799145616	0.0002833574453264	0.0006893012050531	0.0006893038747198	sub-22653	ses-2				space-ACPC			DSIStudio	autotrackgqi
Association_CingulumR	txy	DSIStudio	/scratch/executivefunction/SLURM_13244013_206/job-13244013-206-sub-22653-ses-2/ds/inputs/data/qsiprep/qsiprep/sub-22653/ses-2/dwi/sub-22653_ses-2_space-ACPC_desc-preproc_dwi.nii.gz	0.0001180080245456	5.89337783646939e-06	0.0001031068639007	2.824780267474125e-06	5.894073384426013e-06	2.8317144824541174e-06	0.0001031129282787	-1.885404216314152e-05	-1.885411516678085e-05	sub-22653	ses-2				space-ACPC			DSIStudio	autotrackgqi
Association_CingulumR	txz	DSIStudio	/scratch/executivefunction/SLURM_13244013_206/job-13244013-206-sub-22653-ses-2/ds/inputs/data/qsiprep/qsiprep/sub-22653/ses-2/dwi/sub-22653_ses-2_space-ACPC_desc-preproc_dwi.nii.gz	0.0001180080245456	1.493592607400384e-05	0.0001135683251493	1.2353010333754357e-05	1.4937688841155263e-05	1.2361398148641456e-05	0.0001135749108073	5.930035951482513e-06	5.9300588693448135e-06	sub-22653	ses-2				space-ACPC			DSIStudio	autotrackgqi
Association_CingulumR	tyy	DSIStudio	/scratch/executivefunction/SLURM_13244013_206/job-13244013-206-sub-22653-ses-2/ds/inputs/data/qsiprep/qsiprep/sub-22653/ses-2/dwi/sub-22653_ses-2_space-ACPC_desc-preproc_dwi.nii.gz	0.0001180080245456	0.0008870862683752	0.0002896035305717	0.0008166627085302	0.0008871909640283	0.0008166853804141	0.0002894602190415	0.0009704040776011	0.0009704078354479	sub-22653	ses-2				space-ACPC			DSIStudio	autotrackgqi
Association_CingulumR	tyz	DSIStudio	/scratch/executivefunction/SLURM_13244013_206/job-13244013-206-sub-22653-ses-2/ds/inputs/data/qsiprep/qsiprep/sub-22653/ses-2/dwi/sub-22653_ses-2_space-ACPC_desc-preproc_dwi.nii.gz	0.0001180080245456	3.378054915774056e-05	0.0001197948659692	1.7475462300353684e-05	3.37845360040946e-05	1.7476802895544097e-05	0.0001198013728194	3.770910358771567e-05	3.770924959896753e-05	sub-22653	ses-2				space-ACPC			DSIStudio	autotrackgqi
Association_CingulumR	tzz	DSIStudio	/scratch/executivefunction/SLURM_13244013_206/job-13244013-206-sub-22653-ses-2/ds/inputs/data/qsiprep/qsiprep/sub-22653/ses-2/dwi/sub-22653_ses-2_space-ACPC_desc-preproc_dwi.nii.gz	0.0001180080245456	0.0008856150460752	0.0002813565644921	0.0008305368828587	0.0008857195680917	0.0008305393857881	0.0002812086093706	0.0007169724569648	0.0007169752339404	sub-22653	ses-2				space-ACPC			DSIStudio	autotrackgqi
Association_ArcuateFasciculusR	ad	DSIStudio	/scratch/executivefunction/SLURM_13244013_206/job-13244013-206-sub-22653-ses-2/ds/inputs/data/qsiprep/qsiprep/sub-22653/ses-2/dwi/sub-22653_ses-2_space-ACPC_desc-preproc_dwi.nii.gz	0.0015445719329214	1.0688538182681362	0.1798959075435954	1.0327932834625244	1.070507293788109	1.0330753326416016	0.1750501172256229	1.105695978582898	1.1057320959054993	sub-22653	ses-2				space-ACPC			DSIStudio	autotrackgqi
Association_ArcuateFasciculusR	dti_fa	DSIStudio	/scratch/executivefunction/SLURM_13244013_206/job-13244013-206-sub-22653-ses-2/ds/inputs/data/qsiprep/qsiprep/sub-22653/ses-2/dwi/sub-22653_ses-2_space-ACPC_desc-preproc_dwi.nii.gz	0.0015445719329214	0.3084469355309064	0.162586275779599	0.2939133793115616	0.3089240910112857	0.2941265106201172	0.1622583898727025	0.402015561052942	0.4020286926149913	sub-22653	ses-2				space-ACPC			DSIStudio	autotrackgqi
Association_ArcuateFasciculusR	gfa	DSIStudio	/scratch/executivefunction/SLURM_13244013_206/job-13244013-206-sub-22653-ses-2/ds/inputs/data/qsiprep/qsiprep/sub-22653/ses-2/dwi/sub-22653_ses-2_space-ACPC_desc-preproc_dwi.nii.gz	0.0015445719329214	0.068565293401603	0.0349523411902121	0.065091922879219	0.0686713612587988	0.0652055740356445	0.0348750942770351	0.0877192775368868	0.0877221428292419	sub-22653	ses-2				space-ACPC			DSIStudio	autotrackgqi
Association_ArcuateFasciculusR	ha	DSIStudio	/scratch/executivefunction/SLURM_13244013_206/job-13244013-206-sub-22653-ses-2/ds/inputs/data/qsiprep/qsiprep/sub-22653/ses-2/dwi/sub-22653_ses-2_space-ACPC_desc-preproc_dwi.nii.gz	0.0015445719329214	-7.06027425613644	38.76201182281992	-7.273473739624023	-7.071196227361402	-7.419851303100586	38.79098643475567	-12.836415267558612	-12.836834523699586	sub-22653	ses-2				space-ACPC			DSIStudio	autotrackgqi
Association_ArcuateFasciculusR	iso	DSIStudio	/scratch/executivefunction/SLURM_13244013_206/job-13244013-206-sub-22653-ses-2/ds/inputs/data/qsiprep/qsiprep/sub-22653/ses-2/dwi/sub-22653_ses-2_space-ACPC_desc-preproc_dwi.nii.gz	0.0015445719329214	0.6932783427320269	0.1304820631010682	0.6713176369667053	0.6943508175163637	0.671518862247467	0.1276997766024421	0.6502069231225273	0.6502281622568112	sub-22653	ses-2				space-ACPC			DSIStudio	autotrackgqi
Association_ArcuateFasciculusR	md	DSIStudio	/scratch/executivefunction/SLURM_13244013_206/job-13244013-206-sub-22653-ses-2/ds/inputs/data/qsiprep/qsiprep/sub-22653/ses-2/dwi/sub-22653_ses-2_space-ACPC_desc-preproc_dwi.nii.gz	0.0015445719329214	0.8011550927782942	0.1295106855046184	0.7829212546348572	0.8023944487229236	0.783134400844574	0.1257159995368663	0.7560284765390547	0.7560531722157381	sub-22653	ses-2				space-ACPC			DSIStudio	autotrackgqi
Association_ArcuateFasciculusR	qa	DSIStudio	/scratch/executivefunction/SLURM_13244013_206/job-13244013-206-sub-22653-ses-2/ds/inputs/data/qsiprep/qsiprep/sub-22653/ses-2/dwi/sub-22653_ses-2_space-ACPC_desc-preproc_dwi.nii.gz	0.0015445719329214	0.2020817371599034	0.093552532929039	0.1922601163387298	0.202394349791974	0.1925296634435653	0.0932863575812344	0.2565573056150361	0.256565685928063	sub-22653	ses-2				space-ACPC			DSIStudio	autotrackgqi
Association_ArcuateFasciculusR	rd1	DSIStudio	/scratch/executivefunction/SLURM_13244013_206/job-13244013-206-sub-22653-ses-2/ds/inputs/data/qsiprep/qsiprep/sub-22653/ses-2/dwi/sub-22653_ses-2_space-ACPC_desc-preproc_dwi.nii.gz	0.0015445719329214	0.7592759787549724	0.1574623015144305	0.7571277618408203	0.760450549329842	0.7572828531265259	0.1547240430596509	0.6891655733559526	0.6891880849838089	sub-22653	ses-2				space-ACPC			DSIStudio	autotrackgqi
Association_ArcuateFasciculusR	rd2	DSIStudio	/scratch/executivefunction/SLURM_13244013_206/job-13244013-206-sub-22653-ses-2/ds/inputs/data/qsiprep/qsiprep/sub-22653/ses-2/dwi/sub-22653_ses-2_space-ACPC_desc-preproc_dwi.nii.gz	0.0015445719329214	0.5753354787767354	0.1963035074581055	0.561980664730072	0.5762255005118596	0.5626305937767029	0.1951456534975121	0.4732238713425306	0.4732393294219163	sub-22653	ses-2				space-ACPC			DSIStudio	autotrackgqi
Association_ArcuateFasciculusR	rd	DSIStudio	/scratch/executivefunction/SLURM_13244013_206/job-13244013-206-sub-22653-ses-2/ds/inputs/data/qsiprep/qsiprep/sub-22653/ses-2/dwi/sub-22653_ses-2_space-ACPC_desc-preproc_dwi.nii.gz	0.0015445719329214	0.6673057286852982	0.1664626939135568	0.652829498052597	0.6683380248401705	0.6531950831413269	0.1645076646382944	0.581194719981535	0.5812137048350786	sub-22653	ses-2				space-ACPC			DSIStudio	autotrackgqi
Association_ArcuateFasciculusR	txx	DSIStudio	/scratch/executivefunction/SLURM_13244013_206/job-13244013-206-sub-22653-ses-2/ds/inputs/data/qsiprep/qsiprep/sub-22653/ses-2/dwi/sub-22653_ses-2_space-ACPC_desc-preproc_dwi.nii.gz	0.0015445719329214	0.0008209539008555	0.00019210182874	0.0008202837489079	0.0008222238847906	0.0008205461199395	0.00018951514232	0.0007087934157777	0.0007088165684848	sub-22653	ses-2				space-ACPC			DSIStudio	autotrackgqi
Association_ArcuateFasciculusR	txy	DSIStudio	/scratch/executivefunction/SLURM_13244013_206/job-13244013-206-sub-22653-ses-2/ds/inputs/data/qsiprep/qsiprep/sub-22653/ses-2/dwi/sub-22653_ses-2_space-ACPC_desc-preproc_dwi.nii.gz	0.0015445719329214	1.3036950177167656e-05	0.0001101095857171	8.152559985319385e-06	1.3057117834900292e-05	8.25293955131201e-06	0.0001101935255875	-1.492872976581959e-05	-1.49292175567528e-05	sub-22653	ses-2				space-ACPC			DSIStudio	autotrackgqi
Association_ArcuateFasciculusR	txz	DSIStudio	/scratch/executivefunction/SLURM_13244013_206/job-13244013-206-sub-22653-ses-2/ds/inputs/data/qsiprep/qsiprep/sub-22653/ses-2/dwi/sub-22653_ses-2_space-ACPC_desc-preproc_dwi.nii.gz	0.0015445719329214	-2.0932375294120568e-06	0.0001628669434163	-4.677539493513905e-07	-2.0964756869161198e-06	-9.115703960560496e-07	0.0001629928483407	4.401980756303691e-05	4.4021245280501575e-05	sub-22653	ses-2				space-ACPC			DSIStudio	autotrackgqi
Association_ArcuateFasciculusR	tyy	DSIStudio	/scratch/executivefunction/SLURM_13244013_206/job-13244013-206-sub-22653-ses-2/ds/inputs/data/qsiprep/qsiprep/sub-22653/ses-2/dwi/sub-22653_ses-2_space-ACPC_desc-preproc_dwi.nii.gz	0.0015445719329214	0.00078996587071	0.0001890391381642	0.0007794011326041	0.0007911879173608	0.0007795771234668	0.0001866124569992	0.0007774468952542	0.000777472290667	sub-22653	ses-2				space-ACPC			DSIStudio	autotrackgqi
Association_ArcuateFasciculusR	tyz	DSIStudio	/scratch/executivefunction/SLURM_13244013_206/job-13244013-206-sub-22653-ses-2/ds/inputs/data/qsiprep/qsiprep/sub-22653/ses-2/dwi/sub-22653_ses-2_space-ACPC_desc-preproc_dwi.nii.gz	0.0015445719329214	1.1993135130833247e-05	0.0001117541222864	6.080288585508242e-06	1.2011688047057745e-05	6.209593720996054e-06	0.0001118395322379	-8.733108470224155e-06	-8.733393845882583e-06	sub-22653	ses-2				space-ACPC			DSIStudio	autotrackgqi
Association_ArcuateFasciculusR	tzz	DSIStudio	/scratch/executivefunction/SLURM_13244013_206/job-13244013-206-sub-22653-ses-2/ds/inputs/data/qsiprep/qsiprep/sub-22653/ses-2/dwi/sub-22653_ses-2_space-ACPC_desc-preproc_dwi.nii.gz	0.0015445719329214	0.0007925455054386	0.0002096637137757	0.0007938849448692	0.0007937715426846	0.000794347259216	0.0002074938121351	0.0007818451164546	0.0007818706553647	sub-22653	ses-2				space-ACPC			DSIStudio	autotrackgqi
Association_UncinateFasciculusL	ad	DSIStudio	/scratch/executivefunction/SLURM_13244013_206/job-13244013-206-sub-22653-ses-2/ds/inputs/data/qsiprep/qsiprep/sub-22653/ses-2/dwi/sub-22653_ses-2_space-ACPC_desc-preproc_dwi.nii.gz	0.0056458897922312	1.1490729173212948	0.3269548663181786	1.0826982259750366	1.1555972922776954	1.083672285079956	0.3161754325814899	1.155198654465917	1.1554702857090158	sub-22653	ses-2				space-ACPC			DSIStudio	autotrackgqi
Association_UncinateFasciculusL	dti_fa	DSIStudio	/scratch/executivefunction/SLURM_13244013_206/job-13244013-206-sub-22653-ses-2/ds/inputs/data/qsiprep/qsiprep/sub-22653/ses-2/dwi/sub-22653_ses-2_space-ACPC_desc-preproc_dwi.nii.gz	0.0056458897922312	0.2548468543398308	0.1432943841815822	0.2229023575782776	0.2562938612347877	0.2242475748062133	0.1424043834623024	0.3421438828379843	0.3422243337191039	sub-22653	ses-2				space-ACPC			DSIStudio	autotrackgqi
Association_UncinateFasciculusL	gfa	DSIStudio	/scratch/executivefunction/SLURM_13244013_206/job-13244013-206-sub-22653-ses-2/ds/inputs/data/qsiprep/qsiprep/sub-22653/ses-2/dwi/sub-22653_ses-2_space-ACPC_desc-preproc_dwi.nii.gz	0.0056458897922312	0.0582505741647538	0.0307984656940515	0.0506048742681741	0.0585813178291005	0.0509242713451385	0.0305705067060191	0.0780431702595239	0.0780615211455378	sub-22653	ses-2				space-ACPC			DSIStudio	autotrackgqi
Association_UncinateFasciculusL	ha	DSIStudio	/scratch/executivefunction/SLURM_13244013_206/job-13244013-206-sub-22653-ses-2/ds/inputs/data/qsiprep/qsiprep/sub-22653/ses-2/dwi/sub-22653_ses-2_space-ACPC_desc-preproc_dwi.nii.gz	0.0056458897922312	-8.164762879464224	37.00534139973556	-14.522311687469482	-8.211121969172742	-14.78037166595459	37.10512074717318	-2.778734785579859	-2.77938819025567	sub-22653	ses-2				space-ACPC			DSIStudio	autotrackgqi
Association_UncinateFasciculusL	iso	DSIStudio	/scratch/executivefunction/SLURM_13244013_206/job-13244013-206-sub-22653-ses-2/ds/inputs/data/qsiprep/qsiprep/sub-22653/ses-2/dwi/sub-22653_ses-2_space-ACPC_desc-preproc_dwi.nii.gz	0.0056458897922312	0.7110848016948578	0.2064088785585517	0.7145470082759857	0.7151223034078652	0.7162253856658936	0.1998980350581804	0.7073664914689655	0.707532820479194	sub-22653	ses-2				space-ACPC			DSIStudio	autotrackgqi
Association_UncinateFasciculusL	md	DSIStudio	/scratch/executivefunction/SLURM_13244013_206/job-13244013-206-sub-22653-ses-2/ds/inputs/data/qsiprep/qsiprep/sub-22653/ses-2/dwi/sub-22653_ses-2_space-ACPC_desc-preproc_dwi.nii.gz	0.0056458897922312	0.9080888778778918	0.2882061714805491	0.8389897048473358	0.91324495826557	0.8398163914680481	0.2807590764508757	0.8335774041148504	0.8337734101639179	sub-22653	ses-2				space-ACPC			DSIStudio	autotrackgqi
Association_UncinateFasciculusL	qa	DSIStudio	/scratch/executivefunction/SLURM_13244013_206/job-13244013-206-sub-22653-ses-2/ds/inputs/data/qsiprep/qsiprep/sub-22653/ses-2/dwi/sub-22653_ses-2_space-ACPC_desc-preproc_dwi.nii.gz	0.0056458897922312	0.1768459514704261	0.0989514786289203	0.1615784242749214	0.1778500733842941	0.1624506562948227	0.0983280579891601	0.2435165948210466	0.2435738547113085	sub-22653	ses-2				space-ACPC			DSIStudio	autotrackgqi
Association_UncinateFasciculusL	rd1	DSIStudio	/scratch/executivefunction/SLURM_13244013_206/job-13244013-206-sub-22653-ses-2/ds/inputs/data/qsiprep/qsiprep/sub-22653/ses-2/dwi/sub-22653_ses-2_space-ACPC_desc-preproc_dwi.nii.gz	0.0056458897922312	0.8717230628795632	0.3027768222516356	0.8148180842399597	0.8766726601023634	0.8157289624214172	0.2964036884329077	0.7634853946339926	0.7636649195103532	sub-22653	ses-2				space-ACPC			DSIStudio	autotrackgqi
Association_UncinateFasciculusL	rd2	DSIStudio	/scratch/executivefunction/SLURM_13244013_206/job-13244013-206-sub-22653-ses-2/ds/inputs/data/qsiprep/qsiprep/sub-22653/ses-2/dwi/sub-22653_ses-2_space-ACPC_desc-preproc_dwi.nii.gz	0.0056458897922312	0.7034706518949155	0.2990482661875892	0.6579267382621765	0.7074649208700172	0.6588497161865234	0.2951471469436249	0.5820481609984478	0.5821850230256627	sub-22653	ses-2				space-ACPC			DSIStudio	autotrackgqi
Association_UncinateFasciculusL	rd	DSIStudio	/scratch/executivefunction/SLURM_13244013_206/job-13244013-206-sub-22653-ses-2/ds/inputs/data/qsiprep/qsiprep/sub-22653/ses-2/dwi/sub-22653_ses-2_space-ACPC_desc-preproc_dwi.nii.gz	0.0056458897922312	0.7875968582638773	0.2959422977440851	0.7331858575344086	0.7920687913678057	0.7336392998695374	0.2907525580260324	0.6727667795455041	0.6729249729976984	sub-22653	ses-2				space-ACPC			DSIStudio	autotrackgqi
Association_UncinateFasciculusL	txx	DSIStudio	/scratch/executivefunction/SLURM_13244013_206/job-13244013-206-sub-22653-ses-2/ds/inputs/data/qsiprep/qsiprep/sub-22653/ses-2/dwi/sub-22653_ses-2_space-ACPC_desc-preproc_dwi.nii.gz	0.0056458897922312	0.0008755154697831	0.0003121806429665	0.0008365999092347	0.0008804866000907	0.0008379333303309	0.0003059952523957	0.0007687916087634	0.0007689723810632	sub-22653	ses-2				space-ACPC			DSIStudio	autotrackgqi
Association_UncinateFasciculusL	txy	DSIStudio	/scratch/executivefunction/SLURM_13244013_206/job-13244013-206-sub-22653-ses-2/ds/inputs/data/qsiprep/qsiprep/sub-22653/ses-2/dwi/sub-22653_ses-2_space-ACPC_desc-preproc_dwi.nii.gz	0.0056458897922312	1.435984062274994e-05	0.0001079756907733	7.550461987193557e-06	1.444137503464382e-05	8.074378456512932e-06	0.0001082763597961	4.766960561202492e-05	4.768081453999569e-05	sub-22653	ses-2				space-ACPC			DSIStudio	autotrackgqi
Association_UncinateFasciculusL	txz	DSIStudio	/scratch/executivefunction/SLURM_13244013_206/job-13244013-206-sub-22653-ses-2/ds/inputs/data/qsiprep/qsiprep/sub-22653/ses-2/dwi/sub-22653_ses-2_space-ACPC_desc-preproc_dwi.nii.gz	0.0056458897922312	-3.468497557760001e-05	0.0001142798677859	-2.972567835968221e-05	-3.488191502557639e-05	-3.01980890071718e-05	0.0001145738709615	-3.948401807418136e-05	-3.949330213692531e-05	sub-22653	ses-2				space-ACPC			DSIStudio	autotrackgqi
Association_UncinateFasciculusL	tyy	DSIStudio	/scratch/executivefunction/SLURM_13244013_206/job-13244013-206-sub-22653-ses-2/ds/inputs/data/qsiprep/qsiprep/sub-22653/ses-2/dwi/sub-22653_ses-2_space-ACPC_desc-preproc_dwi.nii.gz	0.0056458897922312	0.0009530347699393	0.000316801288889	0.0008907719166018	0.0009584460507134	0.0008929793257266	0.0003094293005781	0.0008998381435518	0.0009000497302181	sub-22653	ses-2				space-ACPC			DSIStudio	autotrackgqi
Association_UncinateFasciculusL	tyz	DSIStudio	/scratch/executivefunction/SLURM_13244013_206/job-13244013-206-sub-22653-ses-2/ds/inputs/data/qsiprep/qsiprep/sub-22653/ses-2/dwi/sub-22653_ses-2_space-ACPC_desc-preproc_dwi.nii.gz	0.0056458897922312	-3.452222137686138e-06	0.0001317149795512	-3.852521103908657e-06	-3.4718236715135632e-06	-4.418624484969769e-06	0.0001320881279789	2.5152004175007226e-05	2.515791833985936e-05	sub-22653	ses-2				space-ACPC			DSIStudio	autotrackgqi
Association_UncinateFasciculusL	tzz	DSIStudio	/scratch/executivefunction/SLURM_13244013_206/job-13244013-206-sub-22653-ses-2/ds/inputs/data/qsiprep/qsiprep/sub-22653/ses-2/dwi/sub-22653_ses-2_space-ACPC_desc-preproc_dwi.nii.gz	0.0056458897922312	0.0008957163942262	0.0003181763903783	0.0008419182850047	0.0009008022243093	0.0008431718451902	0.0003118167766391	0.0008321024581413	0.0008322981173219	sub-22653	ses-2				space-ACPC			DSIStudio	autotrackgqi
Association_ExtremeCapsuleR	ad	DSIStudio	/scratch/executivefunction/SLURM_13244013_206/job-13244013-206-sub-22653-ses-2/ds/inputs/data/qsiprep/qsiprep/sub-22653/ses-2/dwi/sub-22653_ses-2_space-ACPC_desc-preproc_dwi.nii.gz	0.0016973125884016	1.2046391661298663	0.3132236954563542	1.1445978879928589	1.2066872916602656	1.145737886428833	0.3095229252388604	1.3317572500662056	1.331836555465395	sub-22653	ses-2				space-ACPC			DSIStudio	autotrackgqi
Association_ExtremeCapsuleR	dti_fa	DSIStudio	/scratch/executivefunction/SLURM_13244013_206/job-13244013-206-sub-22653-ses-2/ds/inputs/data/qsiprep/qsiprep/sub-22653/ses-2/dwi/sub-22653_ses-2_space-ACPC_desc-preproc_dwi.nii.gz	0.0016973125884016	0.3658365736564007	0.1857334288611688	0.35282763838768	0.3664585683976697	0.3534201085567474	0.1852771515270823	0.4220362279514035	0.422061360195568	sub-22653	ses-2				space-ACPC			DSIStudio	autotrackgqi
Association_ExtremeCapsuleR	gfa	DSIStudio	/scratch/executivefunction/SLURM_13244013_206/job-13244013-206-sub-22653-ses-2/ds/inputs/data/qsiprep/qsiprep/sub-22653/ses-2/dwi/sub-22653_ses-2_space-ACPC_desc-preproc_dwi.nii.gz	0.0016973125884016	0.0830456197630651	0.0406739410547629	0.0817354843020439	0.0831868137892987	0.0818731114268302	0.0405639834832619	0.098198998439055	0.0982048461900505	sub-22653	ses-2				space-ACPC			DSIStudio	autotrackgqi
Association_ExtremeCapsuleR	ha	DSIStudio	/scratch/executivefunction/SLURM_13244013_206/job-13244013-206-sub-22653-ses-2/ds/inputs/data/qsiprep/qsiprep/sub-22653/ses-2/dwi/sub-22653_ses-2_space-ACPC_desc-preproc_dwi.nii.gz	0.0016973125884016	-22.828928532292263	41.65070586085147	-35.68825149536133	-22.86774223906295	-35.7656364440918	41.67545067756674	-35.909911977783665	-35.91205040261299	sub-22653	ses-2				space-ACPC			DSIStudio	autotrackgqi
Association_ExtremeCapsuleR	iso	DSIStudio	/scratch/executivefunction/SLURM_13244013_206/job-13244013-206-sub-22653-ses-2/ds/inputs/data/qsiprep/qsiprep/sub-22653/ses-2/dwi/sub-22653_ses-2_space-ACPC_desc-preproc_dwi.nii.gz	0.0016973125884016	0.6749769829877532	0.1303872085210798	0.6516282558441162	0.6761245777448874	0.6517117023468018	0.1274904384595236	0.6203620194992214	0.6203989617517889	sub-22653	ses-2				space-ACPC			DSIStudio	autotrackgqi
Association_ExtremeCapsuleR	md	DSIStudio	/scratch/executivefunction/SLURM_13244013_206/job-13244013-206-sub-22653-ses-2/ds/inputs/data/qsiprep/qsiprep/sub-22653/ses-2/dwi/sub-22653_ses-2_space-ACPC_desc-preproc_dwi.nii.gz	0.0016973125884016	0.8518947279773642	0.2255534261939285	0.8041917681694031	0.853343117993761	0.8043360114097595	0.2229907417318678	0.8936688147211959	0.8937220319537711	sub-22653	ses-2				space-ACPC			DSIStudio	autotrackgqi
Association_ExtremeCapsuleR	qa	DSIStudio	/scratch/executivefunction/SLURM_13244013_206/job-13244013-206-sub-22653-ses-2/ds/inputs/data/qsiprep/qsiprep/sub-22653/ses-2/dwi/sub-22653_ses-2_space-ACPC_desc-preproc_dwi.nii.gz	0.0016973125884016	0.2424864229262718	0.1142421672960692	0.2333968132734298	0.2428986979439985	0.2339402288198471	0.1139004893582434	0.2720319942960622	0.272048193793706	sub-22653	ses-2				space-ACPC			DSIStudio	autotrackgqi
Association_ExtremeCapsuleR	rd1	DSIStudio	/scratch/executivefunction/SLURM_13244013_206/job-13244013-206-sub-22653-ses-2/ds/inputs/data/qsiprep/qsiprep/sub-22653/ses-2/dwi/sub-22653_ses-2_space-ACPC_desc-preproc_dwi.nii.gz	0.0016973125884016	0.7786718979498959	0.2436522549732044	0.7574518918991089	0.7799957946310235	0.7576361298561096	0.2417327495432445	0.781911655201142	0.7819582172135914	sub-22653	ses-2				space-ACPC			DSIStudio	autotrackgqi
Association_ExtremeCapsuleR	rd2	DSIStudio	/scratch/executivefunction/SLURM_13244013_206/job-13244013-206-sub-22653-ses-2/ds/inputs/data/qsiprep/qsiprep/sub-22653/ses-2/dwi/sub-22653_ses-2_space-ACPC_desc-preproc_dwi.nii.gz	0.0016973125884016	0.5723731166284	0.2640833800617839	0.5331119894981384	0.5733462644605819	0.5335395932197571	0.2632501715814374	0.5673375410514188	0.5673713253376342	sub-22653	ses-2				space-ACPC			DSIStudio	autotrackgqi
Association_ExtremeCapsuleR	rd	DSIStudio	/scratch/executivefunction/SLURM_13244013_206/job-13244013-206-sub-22653-ses-2/ds/inputs/data/qsiprep/qsiprep/sub-22653/ses-2/dwi/sub-22653_ses-2_space-ACPC_desc-preproc_dwi.nii.gz	0.0016973125884016	0.6755225073330136	0.2465123374490183	0.6466156244277954	0.676671029589743	0.6469787359237671	0.2451417528608251	0.6746245982478406	0.6746647713971803	sub-22653	ses-2				space-ACPC			DSIStudio	autotrackgqi
Association_ExtremeCapsuleR	txx	DSIStudio	/scratch/executivefunction/SLURM_13244013_206/job-13244013-206-sub-22653-ses-2/ds/inputs/data/qsiprep/qsiprep/sub-22653/ses-2/dwi/sub-22653_ses-2_space-ACPC_desc-preproc_dwi.nii.gz	0.0016973125884016	0.0007499166748923	0.0002781929495987	0.0007294101524166	0.0007511916819904	0.0007296740659512	0.0002767040351533	0.0007490098851617	0.000749054487801	sub-22653	ses-2				space-ACPC			DSIStudio	autotrackgqi
Association_ExtremeCapsuleR	txy	DSIStudio	/scratch/executivefunction/SLURM_13244013_206/job-13244013-206-sub-22653-ses-2/ds/inputs/data/qsiprep/qsiprep/sub-22653/ses-2/dwi/sub-22653_ses-2_space-ACPC_desc-preproc_dwi.nii.gz	0.0016973125884016	5.340409314833285e-06	0.0001118240278832	5.362731826608069e-06	5.349489069973268e-06	5.5205600801855326e-06	0.0001119188320294	2.469482683256345e-05	2.4696297337194707e-05	sub-22653	ses-2				space-ACPC			DSIStudio	autotrackgqi
Association_ExtremeCapsuleR	txz	DSIStudio	/scratch/executivefunction/SLURM_13244013_206/job-13244013-206-sub-22653-ses-2/ds/inputs/data/qsiprep/qsiprep/sub-22653/ses-2/dwi/sub-22653_ses-2_space-ACPC_desc-preproc_dwi.nii.gz	0.0016973125884016	3.576274016359223e-05	0.0001382183198813	2.4408005629084076e-05	3.582354391564141e-05	2.4600491087767296e-05	0.0001383278961421	7.398462334337833e-05	7.398902904672477e-05	sub-22653	ses-2				space-ACPC			DSIStudio	autotrackgqi
Association_ExtremeCapsuleR	tyy	DSIStudio	/scratch/executivefunction/SLURM_13244013_206/job-13244013-206-sub-22653-ses-2/ds/inputs/data/qsiprep/qsiprep/sub-22653/ses-2/dwi/sub-22653_ses-2_space-ACPC_desc-preproc_dwi.nii.gz	0.0016973125884016	0.0008660216011236	0.0002873350171595	0.0008116893004626	0.0008674940096265	0.0008119993726722	0.0002853497455881	0.0009330188338502	0.0009330743942334	sub-22653	ses-2				space-ACPC			DSIStudio	autotrackgqi
Association_ExtremeCapsuleR	tyz	DSIStudio	/scratch/executivefunction/SLURM_13244013_206/job-13244013-206-sub-22653-ses-2/ds/inputs/data/qsiprep/qsiprep/sub-22653/ses-2/dwi/sub-22653_ses-2_space-ACPC_desc-preproc_dwi.nii.gz	0.0016973125884016	0.0001559454196149	0.0001599404241096	0.0001393267739331	0.000156210557761	0.0001396037405356	0.000159946911685	0.0002254170615856	0.0002254304850255	sub-22653	ses-2				space-ACPC			DSIStudio	autotrackgqi
Association_ExtremeCapsuleR	tzz	DSIStudio	/scratch/executivefunction/SLURM_13244013_206/job-13244013-206-sub-22653-ses-2/ds/inputs/data/qsiprep/qsiprep/sub-22653/ses-2/dwi/sub-22653_ses-2_space-ACPC_desc-preproc_dwi.nii.gz	0.0016973125884016	0.0009397459041216	0.0003020526291652	0.0008793878951109	0.0009413436585633	0.0008798853959888	0.0002998113969074	0.0009989777229612	0.0009990372116364	sub-22653	ses-2				space-ACPC			DSIStudio	autotrackgqi
Association_InferiorLongitudinalFasciculusL	ad	DSIStudio	/scratch/executivefunction/SLURM_13244013_206/job-13244013-206-sub-22653-ses-2/ds/inputs/data/qsiprep/qsiprep/sub-22653/ses-2/dwi/sub-22653_ses-2_space-ACPC_desc-preproc_dwi.nii.gz	0.0077611940298507	1.1067055245596378	0.2910234652137482	1.047953963279724	1.115362065967144	1.0498753786087036	0.2751398783322702	1.1999412475826323	1.2004147681828128	sub-22653	ses-2				space-ACPC			DSIStudio	autotrackgqi
Association_InferiorLongitudinalFasciculusL	dti_fa	DSIStudio	/scratch/executivefunction/SLURM_13244013_206/job-13244013-206-sub-22653-ses-2/ds/inputs/data/qsiprep/qsiprep/sub-22653/ses-2/dwi/sub-22653_ses-2_space-ACPC_desc-preproc_dwi.nii.gz	0.0077611940298507	0.2954554480688637	0.1775457793874345	0.2524339109659195	0.2977664714292098	0.2553492933511734	0.1762978287470404	0.4234334782531193	0.4236005735388036	sub-22653	ses-2				space-ACPC			DSIStudio	autotrackgqi
Association_InferiorLongitudinalFasciculusL	gfa	DSIStudio	/scratch/executivefunction/SLURM_13244013_206/job-13244013-206-sub-22653-ses-2/ds/inputs/data/qsiprep/qsiprep/sub-22653/ses-2/dwi/sub-22653_ses-2_space-ACPC_desc-preproc_dwi.nii.gz	0.0077611940298507	0.0655643946621845	0.0390972003374994	0.055207846686244	0.0660772328875806	0.0558287464082241	0.0388157266056471	0.0941913171842444	0.0942284869536665	sub-22653	ses-2				space-ACPC			DSIStudio	autotrackgqi
Association_InferiorLongitudinalFasciculusL	ha	DSIStudio	/scratch/executivefunction/SLURM_13244013_206/job-13244013-206-sub-22653-ses-2/ds/inputs/data/qsiprep/qsiprep/sub-22653/ses-2/dwi/sub-22653_ses-2_space-ACPC_desc-preproc_dwi.nii.gz	0.0077611940298507	11.250201035006278	35.52870449339845	17.531962394714355	11.338198997373956	17.86847972869873	35.65339539710548	20.78791736448164	20.79612066652693	sub-22653	ses-2				space-ACPC			DSIStudio	autotrackgqi
Association_InferiorLongitudinalFasciculusL	iso	DSIStudio	/scratch/executivefunction/SLURM_13244013_206/job-13244013-206-sub-22653-ses-2/ds/inputs/data/qsiprep/qsiprep/sub-22653/ses-2/dwi/sub-22653_ses-2_space-ACPC_desc-preproc_dwi.nii.gz	0.0077611940298507	0.7027150912219612	0.2007230271885602	0.6871799826622009	0.7082116593241787	0.6894822716712952	0.1916041292571729	0.6198304775477866	0.6200750747672901	sub-22653	ses-2				space-ACPC			DSIStudio	autotrackgqi
Association_InferiorLongitudinalFasciculusL	md	DSIStudio	/scratch/executivefunction/SLURM_13244013_206/job-13244013-206-sub-22653-ses-2/ds/inputs/data/qsiprep/qsiprep/sub-22653/ses-2/dwi/sub-22653_ses-2_space-ACPC_desc-preproc_dwi.nii.gz	0.0077611940298507	0.8342121086577278	0.2084091520898752	0.7984531223773956	0.8407372334546895	0.7991195619106293	0.195673704666314	0.8042761820959615	0.8045935653007967	sub-22653	ses-2				space-ACPC			DSIStudio	autotrackgqi
Association_InferiorLongitudinalFasciculusL	qa	DSIStudio	/scratch/executivefunction/SLURM_13244013_206/job-13244013-206-sub-22653-ses-2/ds/inputs/data/qsiprep/qsiprep/sub-22653/ses-2/dwi/sub-22653_ses-2_space-ACPC_desc-preproc_dwi.nii.gz	0.0077611940298507	0.190256888253883	0.1038121145450285	0.1723135933279991	0.1917450588599603	0.1736163049936294	0.1028392048074186	0.257216358288878	0.2573178609702621	sub-22653	ses-2				space-ACPC			DSIStudio	autotrackgqi
Association_InferiorLongitudinalFasciculusL	rd1	DSIStudio	/scratch/executivefunction/SLURM_13244013_206/job-13244013-206-sub-22653-ses-2/ds/inputs/data/qsiprep/qsiprep/sub-22653/ses-2/dwi/sub-22653_ses-2_space-ACPC_desc-preproc_dwi.nii.gz	0.0077611940298507	0.7879011433160127	0.2260021978827048	0.7724205851554871	0.794064028311866	0.7735712826251984	0.2158304597702641	0.726167800002342	0.726454359965445	sub-22653	ses-2				space-ACPC			DSIStudio	autotrackgqi
Association_InferiorLongitudinalFasciculusL	rd2	DSIStudio	/scratch/executivefunction/SLURM_13244013_206/job-13244013-206-sub-22653-ses-2/ds/inputs/data/qsiprep/qsiprep/sub-22653/ses-2/dwi/sub-22653_ses-2_space-ACPC_desc-preproc_dwi.nii.gz	0.0077611940298507	0.6080296598671847	0.237737039842172	0.5996903777122498	0.6127856078685526	0.601617306470871	0.2324792654959076	0.4867195018315332	0.4869115708839899	sub-22653	ses-2				space-ACPC			DSIStudio	autotrackgqi
Association_InferiorLongitudinalFasciculusL	rd	DSIStudio	/scratch/executivefunction/SLURM_13244013_206/job-13244013-206-sub-22653-ses-2/ds/inputs/data/qsiprep/qsiprep/sub-22653/ses-2/dwi/sub-22653_ses-2_space-ACPC_desc-preproc_dwi.nii.gz	0.0077611940298507	0.6979654012153398	0.2236332664003386	0.6812439262866974	0.7034248177110073	0.6826317310333252	0.2157840041528102	0.6064436501964041	0.6066829647038996	sub-22653	ses-2				space-ACPC			DSIStudio	autotrackgqi
Association_InferiorLongitudinalFasciculusL	txx	DSIStudio	/scratch/executivefunction/SLURM_13244013_206/job-13244013-206-sub-22653-ses-2/ds/inputs/data/qsiprep/qsiprep/sub-22653/ses-2/dwi/sub-22653_ses-2_space-ACPC_desc-preproc_dwi.nii.gz	0.0077611940298507	0.0007886186653321	0.0002470029450757	0.0007789646915625	0.0007947871627144	0.0007803479093126	0.0002378760813978	0.0006733251670374	0.0006735908743731	sub-22653	ses-2				space-ACPC			DSIStudio	autotrackgqi
Association_InferiorLongitudinalFasciculusL	txy	DSIStudio	/scratch/executivefunction/SLURM_13244013_206/job-13244013-206-sub-22653-ses-2/ds/inputs/data/qsiprep/qsiprep/sub-22653/ses-2/dwi/sub-22653_ses-2_space-ACPC_desc-preproc_dwi.nii.gz	0.0077611940298507	-8.19277008426024e-06	0.0001254852287809	-6.71837256049912e-06	-8.256853123427138e-06	-7.398182560791611e-06	0.0001259729392397	-2.240638389273476e-05	-2.2415225863244555e-05	sub-22653	ses-2				space-ACPC			DSIStudio	autotrackgqi
Association_InferiorLongitudinalFasciculusL	txz	DSIStudio	/scratch/executivefunction/SLURM_13244013_206/job-13244013-206-sub-22653-ses-2/ds/inputs/data/qsiprep/qsiprep/sub-22653/ses-2/dwi/sub-22653_ses-2_space-ACPC_desc-preproc_dwi.nii.gz	0.0077611940298507	-4.239838076920333e-05	0.0001286149660953	-3.058090078411624e-05	-4.2730016719864967e-05	-3.1672921977587976e-05	0.0001290621055757	-7.328636096391063e-05	-7.331528109991204e-05	sub-22653	ses-2				space-ACPC			DSIStudio	autotrackgqi
Association_InferiorLongitudinalFasciculusL	tyy	DSIStudio	/scratch/executivefunction/SLURM_13244013_206/job-13244013-206-sub-22653-ses-2/ds/inputs/data/qsiprep/qsiprep/sub-22653/ses-2/dwi/sub-22653_ses-2_space-ACPC_desc-preproc_dwi.nii.gz	0.0077611940298507	0.0008971470654872	0.0002647420068945	0.000845350412419	0.0009041644613063	0.0008464452403131	0.0002535580294663	0.0009679654686035	0.0009683474469529	sub-22653	ses-2				space-ACPC			DSIStudio	autotrackgqi
Association_InferiorLongitudinalFasciculusL	tyz	DSIStudio	/scratch/executivefunction/SLURM_13244013_206/job-13244013-206-sub-22653-ses-2/ds/inputs/data/qsiprep/qsiprep/sub-22653/ses-2/dwi/sub-22653_ses-2_space-ACPC_desc-preproc_dwi.nii.gz	0.0077611940298507	6.669845568165015e-05	0.0001452124773869	3.973693856096361e-05	6.722016442043562e-05	4.059069942741189e-05	0.0001456589579926	0.0001342538733114	0.0001343068526175	sub-22653	ses-2				space-ACPC			DSIStudio	autotrackgqi
Association_InferiorLongitudinalFasciculusL	tzz	DSIStudio	/scratch/executivefunction/SLURM_13244013_206/job-13244013-206-sub-22653-ses-2/ds/inputs/data/qsiprep/qsiprep/sub-22653/ses-2/dwi/sub-22653_ses-2_space-ACPC_desc-preproc_dwi.nii.gz	0.0077611940298507	0.0008168705962137	0.0002510586492184	0.0007986184209585	0.0008232600774116	0.0007997328357305	0.0002413778334597	0.0007715379141655	0.0007718423780962	sub-22653	ses-2				space-ACPC			DSIStudio	autotrackgqi
ProjectionBrainstem_CorticobulbarTractR	ad	DSIStudio	/scratch/executivefunction/SLURM_13244013_206/job-13244013-206-sub-22653-ses-2/ds/inputs/data/qsiprep/qsiprep/sub-22653/ses-2/dwi/sub-22653_ses-2_space-ACPC_desc-preproc_dwi.nii.gz	0.0	1.1578927789434428	0.2728217595312981	1.0759916305541992	1.1578927789434428	1.0759916305541992	0.2728217595312981	1.2501411066660717	1.2501411066660717	sub-22653	ses-2				space-ACPC			DSIStudio	autotrackgqi
ProjectionBrainstem_CorticobulbarTractR	dti_fa	DSIStudio	/scratch/executivefunction/SLURM_13244013_206/job-13244013-206-sub-22653-ses-2/ds/inputs/data/qsiprep/qsiprep/sub-22653/ses-2/dwi/sub-22653_ses-2_space-ACPC_desc-preproc_dwi.nii.gz	0.0	0.3929383061069658	0.212660540185289	0.3800888806581497	0.3929383061069658	0.3800888806581497	0.212660540185289	0.5149175387973735	0.5149175387973735	sub-22653	ses-2				space-ACPC			DSIStudio	autotrackgqi
ProjectionBrainstem_CorticobulbarTractR	gfa	DSIStudio	/scratch/executivefunction/SLURM_13244013_206/job-13244013-206-sub-22653-ses-2/ds/inputs/data/qsiprep/qsiprep/sub-22653/ses-2/dwi/sub-22653_ses-2_space-ACPC_desc-preproc_dwi.nii.gz	0.0	0.0857723204986445	0.0458144904050333	0.0797397829592228	0.0857723204986445	0.0797397829592228	0.0458144904050333	0.1105752651299281	0.1105752651299281	sub-22653	ses-2				space-ACPC			DSIStudio	autotrackgqi
ProjectionBrainstem_CorticobulbarTractR	ha	DSIStudio	/scratch/executivefunction/SLURM_13244013_206/job-13244013-206-sub-22653-ses-2/ds/inputs/data/qsiprep/qsiprep/sub-22653/ses-2/dwi/sub-22653_ses-2_space-ACPC_desc-preproc_dwi.nii.gz	0.0	5.646648593722878	46.54377125261458	6.8103532791137695	5.646648593722878	6.8103532791137695	46.54377125261458	19.203170536063272	19.203170536063272	sub-22653	ses-2				space-ACPC			DSIStudio	autotrackgqi
ProjectionBrainstem_CorticobulbarTractR	iso	DSIStudio	/scratch/executivefunction/SLURM_13244013_206/job-13244013-206-sub-22653-ses-2/ds/inputs/data/qsiprep/qsiprep/sub-22653/ses-2/dwi/sub-22653_ses-2_space-ACPC_desc-preproc_dwi.nii.gz	0.0	0.7102651648371425	0.1140437218089839	0.7106499671936035	0.7102651648371425	0.7106499671936035	0.1140437218089839	0.6886776273563306	0.6886776273563306	sub-22653	ses-2				space-ACPC			DSIStudio	autotrackgqi
ProjectionBrainstem_CorticobulbarTractR	md	DSIStudio	/scratch/executivefunction/SLURM_13244013_206/job-13244013-206-sub-22653-ses-2/ds/inputs/data/qsiprep/qsiprep/sub-22653/ses-2/dwi/sub-22653_ses-2_space-ACPC_desc-preproc_dwi.nii.gz	0.0	0.791009051712933	0.148054084631264	0.7707056403160095	0.791009051712933	0.7707056403160095	0.148054084631264	0.7543829989012124	0.7543829989012124	sub-22653	ses-2				space-ACPC			DSIStudio	autotrackgqi
ProjectionBrainstem_CorticobulbarTractR	qa	DSIStudio	/scratch/executivefunction/SLURM_13244013_206/job-13244013-206-sub-22653-ses-2/ds/inputs/data/qsiprep/qsiprep/sub-22653/ses-2/dwi/sub-22653_ses-2_space-ACPC_desc-preproc_dwi.nii.gz	0.0	0.2760742348711321	0.1667680894463721	0.2383380383253097	0.2760742348711321	0.2383380383253097	0.1667680894463721	0.3654769882126109	0.3654769882126109	sub-22653	ses-2				space-ACPC			DSIStudio	autotrackgqi
ProjectionBrainstem_CorticobulbarTractR	rd1	DSIStudio	/scratch/executivefunction/SLURM_13244013_206/job-13244013-206-sub-22653-ses-2/ds/inputs/data/qsiprep/qsiprep/sub-22653/ses-2/dwi/sub-22653_ses-2_space-ACPC_desc-preproc_dwi.nii.gz	0.0	0.6998205787397378	0.1980583896247817	0.7122732996940613	0.6998205787397378	0.7122732996940613	0.1980583896247817	0.6132814176274811	0.6132814176274811	sub-22653	ses-2				space-ACPC			DSIStudio	autotrackgqi
ProjectionBrainstem_CorticobulbarTractR	rd2	DSIStudio	/scratch/executivefunction/SLURM_13244013_206/job-13244013-206-sub-22653-ses-2/ds/inputs/data/qsiprep/qsiprep/sub-22653/ses-2/dwi/sub-22653_ses-2_space-ACPC_desc-preproc_dwi.nii.gz	0.0	0.5153137939438844	0.2265469650079598	0.4943809509277344	0.5153137939438844	0.4943809509277344	0.2265469650079598	0.3997264731948019	0.3997264731948019	sub-22653	ses-2				space-ACPC			DSIStudio	autotrackgqi
ProjectionBrainstem_CorticobulbarTractR	rd	DSIStudio	/scratch/executivefunction/SLURM_13244013_206/job-13244013-206-sub-22653-ses-2/ds/inputs/data/qsiprep/qsiprep/sub-22653/ses-2/dwi/sub-22653_ses-2_space-ACPC_desc-preproc_dwi.nii.gz	0.0	0.6075671868641381	0.2039376855429506	0.6012990176677704	0.6075671868641381	0.6012990176677704	0.2039376855429506	0.5065039452546032	0.5065039452546032	sub-22653	ses-2				space-ACPC			DSIStudio	autotrackgqi
ProjectionBrainstem_CorticobulbarTractR	txx	DSIStudio	/scratch/executivefunction/SLURM_13244013_206/job-13244013-206-sub-22653-ses-2/ds/inputs/data/qsiprep/qsiprep/sub-22653/ses-2/dwi/sub-22653_ses-2_space-ACPC_desc-preproc_dwi.nii.gz	0.0	0.0008140853327011	0.0002231001700957	0.0008092961506918	0.0008140853327011	0.0008092961506918	0.0002231001700957	0.0007364168386024	0.0007364168386024	sub-22653	ses-2				space-ACPC			DSIStudio	autotrackgqi
ProjectionBrainstem_CorticobulbarTractR	txy	DSIStudio	/scratch/executivefunction/SLURM_13244013_206/job-13244013-206-sub-22653-ses-2/ds/inputs/data/qsiprep/qsiprep/sub-22653/ses-2/dwi/sub-22653_ses-2_space-ACPC_desc-preproc_dwi.nii.gz	0.0	7.101717038635616e-05	0.0001051716053383	4.816712680622004e-05	7.101717038635616e-05	4.816712680622004e-05	0.0001051716053383	0.0001056334525629	0.0001056334525629	sub-22653	ses-2				space-ACPC			DSIStudio	autotrackgqi
ProjectionBrainstem_CorticobulbarTractR	txz	DSIStudio	/scratch/executivefunction/SLURM_13244013_206/job-13244013-206-sub-22653-ses-2/ds/inputs/data/qsiprep/qsiprep/sub-22653/ses-2/dwi/sub-22653_ses-2_space-ACPC_desc-preproc_dwi.nii.gz	0.0	-6.705066210842849e-05	0.0001935848171169	-3.4588239941513166e-05	-6.705066210842849e-05	-3.4588239941513166e-05	0.0001935848171169	-0.000154657996776	-0.000154657996776	sub-22653	ses-2				space-ACPC			DSIStudio	autotrackgqi
ProjectionBrainstem_CorticobulbarTractR	tyy	DSIStudio	/scratch/executivefunction/SLURM_13244013_206/job-13244013-206-sub-22653-ses-2/ds/inputs/data/qsiprep/qsiprep/sub-22653/ses-2/dwi/sub-22653_ses-2_space-ACPC_desc-preproc_dwi.nii.gz	0.0	0.0006547602593818	0.0002294492050297	0.0006663499225396	0.0006547602593818	0.0006663499225396	0.0002294492050297	0.0005596120726621	0.0005596120726621	sub-22653	ses-2				space-ACPC			DSIStudio	autotrackgqi
ProjectionBrainstem_CorticobulbarTractR	tyz	DSIStudio	/scratch/executivefunction/SLURM_13244013_206/job-13244013-206-sub-22653-ses-2/ds/inputs/data/qsiprep/qsiprep/sub-22653/ses-2/dwi/sub-22653_ses-2_space-ACPC_desc-preproc_dwi.nii.gz	0.0	-2.421439353867009e-05	0.000164489894125	5.132508704264183e-06	-2.421439353867009e-05	5.132508704264183e-06	0.000164489894125	-9.70829871377232e-05	-9.70829871377232e-05	sub-22653	ses-2				space-ACPC			DSIStudio	autotrackgqi
ProjectionBrainstem_CorticobulbarTractR	tzz	DSIStudio	/scratch/executivefunction/SLURM_13244013_206/job-13244013-206-sub-22653-ses-2/ds/inputs/data/qsiprep/qsiprep/sub-22653/ses-2/dwi/sub-22653_ses-2_space-ACPC_desc-preproc_dwi.nii.gz	0.0	0.0009041815577216	0.0002795479957561	0.0008459958480671	0.0009041815577216	0.0008459958480671	0.0002795479957561	0.0009671200808938	0.0009671200808938	sub-22653	ses-2				space-ACPC			DSIStudio	autotrackgqi
ProjectionBasalGanglia_AcousticRadiationR	ad	DSIStudio	/scratch/executivefunction/SLURM_13244013_206/job-13244013-206-sub-22653-ses-2/ds/inputs/data/qsiprep/qsiprep/sub-22653/ses-2/dwi/sub-22653_ses-2_space-ACPC_desc-preproc_dwi.nii.gz	0.0	1.3232896681198707	0.4303985614851541	1.2246208190917969	1.3232896681198707	1.2246208190917969	0.4303985614851541	1.3378915432724328	1.3378915432724328	sub-22653	ses-2				space-ACPC			DSIStudio	autotrackgqi
ProjectionBasalGanglia_AcousticRadiationR	dti_fa	DSIStudio	/scratch/executivefunction/SLURM_13244013_206/job-13244013-206-sub-22653-ses-2/ds/inputs/data/qsiprep/qsiprep/sub-22653/ses-2/dwi/sub-22653_ses-2_space-ACPC_desc-preproc_dwi.nii.gz	0.0	0.4176086891499849	0.1812185822019887	0.4020390212535858	0.4176086891499849	0.4020390212535858	0.1812185822019887	0.4667860047027349	0.4667860047027349	sub-22653	ses-2				space-ACPC			DSIStudio	autotrackgqi
ProjectionBasalGanglia_AcousticRadiationR	gfa	DSIStudio	/scratch/executivefunction/SLURM_13244013_206/job-13244013-206-sub-22653-ses-2/ds/inputs/data/qsiprep/qsiprep/sub-22653/ses-2/dwi/sub-22653_ses-2_space-ACPC_desc-preproc_dwi.nii.gz	0.0	0.0935857711829818	0.0371434782515983	0.0914202332496643	0.0935857711829818	0.0914202332496643	0.0371434782515983	0.1036303325484371	0.1036303325484371	sub-22653	ses-2				space-ACPC			DSIStudio	autotrackgqi
ProjectionBasalGanglia_AcousticRadiationR	ha	DSIStudio	/scratch/executivefunction/SLURM_13244013_206/job-13244013-206-sub-22653-ses-2/ds/inputs/data/qsiprep/qsiprep/sub-22653/ses-2/dwi/sub-22653_ses-2_space-ACPC_desc-preproc_dwi.nii.gz	0.0	-20.676439156715688	42.41701620030042	-37.023468017578125	-20.676439156715688	-37.023468017578125	42.41701620030042	-30.53359804366653	-30.53359804366653	sub-22653	ses-2				space-ACPC			DSIStudio	autotrackgqi
ProjectionBasalGanglia_AcousticRadiationR	iso	DSIStudio	/scratch/executivefunction/SLURM_13244013_206/job-13244013-206-sub-22653-ses-2/ds/inputs/data/qsiprep/qsiprep/sub-22653/ses-2/dwi/sub-22653_ses-2_space-ACPC_desc-preproc_dwi.nii.gz	0.0	0.6000535333523384	0.0989054921719425	0.6054958701133728	0.6000535333523384	0.6054958701133728	0.0989054921719425	0.5977365967961135	0.5977365967961135	sub-22653	ses-2				space-ACPC			DSIStudio	autotrackgqi
ProjectionBasalGanglia_AcousticRadiationR	md	DSIStudio	/scratch/executivefunction/SLURM_13244013_206/job-13244013-206-sub-22653-ses-2/ds/inputs/data/qsiprep/qsiprep/sub-22653/ses-2/dwi/sub-22653_ses-2_space-ACPC_desc-preproc_dwi.nii.gz	0.0	0.9066128710049848	0.3808192390037895	0.7807634472846985	0.9066128710049848	0.7807634472846985	0.3808192390037895	0.8716159477958025	0.8716159477958025	sub-22653	ses-2				space-ACPC			DSIStudio	autotrackgqi
ProjectionBasalGanglia_AcousticRadiationR	qa	DSIStudio	/scratch/executivefunction/SLURM_13244013_206/job-13244013-206-sub-22653-ses-2/ds/inputs/data/qsiprep/qsiprep/sub-22653/ses-2/dwi/sub-22653_ses-2_space-ACPC_desc-preproc_dwi.nii.gz	0.0	0.2616706206867328	0.1273413220842697	0.2432796657085418	0.2616706206867328	0.2432796657085418	0.1273413220842697	0.295713948932137	0.295713948932137	sub-22653	ses-2				space-ACPC			DSIStudio	autotrackgqi
ProjectionBasalGanglia_AcousticRadiationR	rd1	DSIStudio	/scratch/executivefunction/SLURM_13244013_206/job-13244013-206-sub-22653-ses-2/ds/inputs/data/qsiprep/qsiprep/sub-22653/ses-2/dwi/sub-22653_ses-2_space-ACPC_desc-preproc_dwi.nii.gz	0.0	0.8103546039599638	0.3981312980729227	0.7236593961715698	0.8103546039599638	0.7236593961715698	0.3981312980729227	0.760552022715844	0.760552022715844	sub-22653	ses-2				space-ACPC			DSIStudio	autotrackgqi
ProjectionBasalGanglia_AcousticRadiationR	rd2	DSIStudio	/scratch/executivefunction/SLURM_13244013_206/job-13244013-206-sub-22653-ses-2/ds/inputs/data/qsiprep/qsiprep/sub-22653/ses-2/dwi/sub-22653_ses-2_space-ACPC_desc-preproc_dwi.nii.gz	0.0	0.5861943346445377	0.4023570924933662	0.4880608320236206	0.5861943346445377	0.4880608320236206	0.4023570924933662	0.5164042746703132	0.5164042746703132	sub-22653	ses-2				space-ACPC			DSIStudio	autotrackgqi
ProjectionBasalGanglia_AcousticRadiationR	rd	DSIStudio	/scratch/executivefunction/SLURM_13244013_206/job-13244013-206-sub-22653-ses-2/ds/inputs/data/qsiprep/qsiprep/sub-22653/ses-2/dwi/sub-22653_ses-2_space-ACPC_desc-preproc_dwi.nii.gz	0.0	0.698274469265571	0.3963334987544435	0.6058835387229919	0.698274469265571	0.6058835387229919	0.3963334987544435	0.6384781482629065	0.6384781482629065	sub-22653	ses-2				space-ACPC			DSIStudio	autotrackgqi
ProjectionBasalGanglia_AcousticRadiationR	txx	DSIStudio	/scratch/executivefunction/SLURM_13244013_206/job-13244013-206-sub-22653-ses-2/ds/inputs/data/qsiprep/qsiprep/sub-22653/ses-2/dwi/sub-22653_ses-2_space-ACPC_desc-preproc_dwi.nii.gz	0.0	0.0008724693932767	0.0003995077433658	0.0007981079397723	0.0008724693932767	0.0007981079397723	0.0003995077433658	0.000824460044307	0.000824460044307	sub-22653	ses-2				space-ACPC			DSIStudio	autotrackgqi
ProjectionBasalGanglia_AcousticRadiationR	txy	DSIStudio	/scratch/executivefunction/SLURM_13244013_206/job-13244013-206-sub-22653-ses-2/ds/inputs/data/qsiprep/qsiprep/sub-22653/ses-2/dwi/sub-22653_ses-2_space-ACPC_desc-preproc_dwi.nii.gz	0.0	3.0680390970369094e-06	0.0001230083753704	-1.478783815400675e-06	3.0680390970369094e-06	-1.478783815400675e-06	0.0001230083753704	8.04683856057509e-06	8.04683856057509e-06	sub-22653	ses-2				space-ACPC			DSIStudio	autotrackgqi
ProjectionBasalGanglia_AcousticRadiationR	txz	DSIStudio	/scratch/executivefunction/SLURM_13244013_206/job-13244013-206-sub-22653-ses-2/ds/inputs/data/qsiprep/qsiprep/sub-22653/ses-2/dwi/sub-22653_ses-2_space-ACPC_desc-preproc_dwi.nii.gz	0.0	-2.333145182779635e-05	0.0001891579308986	-1.4186141015670728e-05	-2.333145182779635e-05	-1.4186141015670728e-05	0.0001891579308986	-2.9719999792818336e-05	-2.9719999792818336e-05	sub-22653	ses-2				space-ACPC			DSIStudio	autotrackgqi
ProjectionBasalGanglia_AcousticRadiationR	tyy	DSIStudio	/scratch/executivefunction/SLURM_13244013_206/job-13244013-206-sub-22653-ses-2/ds/inputs/data/qsiprep/qsiprep/sub-22653/ses-2/dwi/sub-22653_ses-2_space-ACPC_desc-preproc_dwi.nii.gz	0.0	0.0008140941538865	0.0004460686923289	0.0007191377226263	0.0008140941538865	0.0007191377226263	0.0004460686923289	0.0007697395990181	0.0007697395990181	sub-22653	ses-2				space-ACPC			DSIStudio	autotrackgqi
ProjectionBasalGanglia_AcousticRadiationR	tyz	DSIStudio	/scratch/executivefunction/SLURM_13244013_206/job-13244013-206-sub-22653-ses-2/ds/inputs/data/qsiprep/qsiprep/sub-22653/ses-2/dwi/sub-22653_ses-2_space-ACPC_desc-preproc_dwi.nii.gz	0.0	0.0001554869248474	0.000200890345896	0.0001518107601441	0.0001554869248474	0.0001518107601441	0.000200890345896	0.0002145041631201	0.0002145041631201	sub-22653	ses-2				space-ACPC			DSIStudio	autotrackgqi
ProjectionBasalGanglia_AcousticRadiationR	tzz	DSIStudio	/scratch/executivefunction/SLURM_13244013_206/job-13244013-206-sub-22653-ses-2/ds/inputs/data/qsiprep/qsiprep/sub-22653/ses-2/dwi/sub-22653_ses-2_space-ACPC_desc-preproc_dwi.nii.gz	0.0	0.0010332750591198	0.0004181459999955	0.000908724265173	0.0010332750591198	0.000908724265173	0.0004181459999955	0.0010206481975691	0.0010206481975691	sub-22653	ses-2				space-ACPC			DSIStudio	autotrackgqi
ProjectionBasalGanglia_AnsaSubthalamicaL	ad	DSIStudio	/scratch/executivefunction/SLURM_13244013_206/job-13244013-206-sub-22653-ses-2/ds/inputs/data/qsiprep/qsiprep/sub-22653/ses-2/dwi/sub-22653_ses-2_space-ACPC_desc-preproc_dwi.nii.gz	0.0	1.2774516272913203	0.4939741438460637	1.1197469830513	1.2774516272913203	1.1197469830513	0.4939741438460637	1.3076026877382891	1.3076025406510507	sub-22653	ses-2				space-ACPC			DSIStudio	autotrackgqi
ProjectionBasalGanglia_AnsaSubthalamicaL	dti_fa	DSIStudio	/scratch/executivefunction/SLURM_13244013_206/job-13244013-206-sub-22653-ses-2/ds/inputs/data/qsiprep/qsiprep/sub-22653/ses-2/dwi/sub-22653_ses-2_space-ACPC_desc-preproc_dwi.nii.gz	0.0	0.3657068791014425	0.1550712549635441	0.3476804494857788	0.3657068791014425	0.3476804494857788	0.1550712549635441	0.4061549291708458	0.4061548835127015	sub-22653	ses-2				space-ACPC			DSIStudio	autotrackgqi
ProjectionBasalGanglia_AnsaSubthalamicaL	gfa	DSIStudio	/scratch/executivefunction/SLURM_13244013_206/job-13244013-206-sub-22653-ses-2/ds/inputs/data/qsiprep/qsiprep/sub-22653/ses-2/dwi/sub-22653_ses-2_space-ACPC_desc-preproc_dwi.nii.gz	0.0	0.0786324326848883	0.0332909673871935	0.0730449445545673	0.0786324326848883	0.0730449445545673	0.0332909673871935	0.088233398061614	0.0882333881325364	sub-22653	ses-2				space-ACPC			DSIStudio	autotrackgqi
ProjectionBasalGanglia_AnsaSubthalamicaL	ha	DSIStudio	/scratch/executivefunction/SLURM_13244013_206/job-13244013-206-sub-22653-ses-2/ds/inputs/data/qsiprep/qsiprep/sub-22653/ses-2/dwi/sub-22653_ses-2_space-ACPC_desc-preproc_dwi.nii.gz	0.0	0.5298295198531633	41.659146462486525	0.6000545024871826	0.5298295198531633	0.6000545024871826	41.659146462486525	3.25069651811793	3.2506960589257035	sub-22653	ses-2				space-ACPC			DSIStudio	autotrackgqi
ProjectionBasalGanglia_AnsaSubthalamicaL	iso	DSIStudio	/scratch/executivefunction/SLURM_13244013_206/job-13244013-206-sub-22653-ses-2/ds/inputs/data/qsiprep/qsiprep/sub-22653/ses-2/dwi/sub-22653_ses-2_space-ACPC_desc-preproc_dwi.nii.gz	0.0	0.6552723347303573	0.1532717470680935	0.657595306634903	0.6552723347303573	0.657595306634903	0.1532717470680935	0.6592436096595143	0.6592435351943458	sub-22653	ses-2				space-ACPC			DSIStudio	autotrackgqi
ProjectionBasalGanglia_AnsaSubthalamicaL	md	DSIStudio	/scratch/executivefunction/SLURM_13244013_206/job-13244013-206-sub-22653-ses-2/ds/inputs/data/qsiprep/qsiprep/sub-22653/ses-2/dwi/sub-22653_ses-2_space-ACPC_desc-preproc_dwi.nii.gz	0.0	0.9163369655274274	0.4126725263009017	0.7864825129508972	0.9163369655274274	0.7864825129508972	0.4126725263009017	0.8905425939030673	0.8905424937152173	sub-22653	ses-2				space-ACPC			DSIStudio	autotrackgqi
ProjectionBasalGanglia_AnsaSubthalamicaL	qa	DSIStudio	/scratch/executivefunction/SLURM_13244013_206/job-13244013-206-sub-22653-ses-2/ds/inputs/data/qsiprep/qsiprep/sub-22653/ses-2/dwi/sub-22653_ses-2_space-ACPC_desc-preproc_dwi.nii.gz	0.0	0.2329141216017724	0.1207498918558047	0.2055379599332809	0.2329141216017724	0.2055379599332809	0.1207498918558047	0.2654368132146774	0.2654367833098499	sub-22653	ses-2				space-ACPC			DSIStudio	autotrackgqi
ProjectionBasalGanglia_AnsaSubthalamicaL	rd1	DSIStudio	/scratch/executivefunction/SLURM_13244013_206/job-13244013-206-sub-22653-ses-2/ds/inputs/data/qsiprep/qsiprep/sub-22653/ses-2/dwi/sub-22653_ses-2_space-ACPC_desc-preproc_dwi.nii.gz	0.0	0.8415612661687846	0.4099891412484906	0.7483498752117157	0.8415612661687846	0.7483498752117157	0.4099891412484906	0.793058369301946	0.7930582800816317	sub-22653	ses-2				space-ACPC			DSIStudio	autotrackgqi
ProjectionBasalGanglia_AnsaSubthalamicaL	rd2	DSIStudio	/scratch/executivefunction/SLURM_13244013_206/job-13244013-206-sub-22653-ses-2/ds/inputs/data/qsiprep/qsiprep/sub-22653/ses-2/dwi/sub-22653_ses-2_space-ACPC_desc-preproc_dwi.nii.gz	0.0	0.6299980019083183	0.406066663660087	0.539913535118103	0.6299980019083183	0.539913535118103	0.406066663660087	0.5709667311101555	0.5709666668541575	sub-22653	ses-2				space-ACPC			DSIStudio	autotrackgqi
ProjectionBasalGanglia_AnsaSubthalamicaL	rd	DSIStudio	/scratch/executivefunction/SLURM_13244013_206/job-13244013-206-sub-22653-ses-2/ds/inputs/data/qsiprep/qsiprep/sub-22653/ses-2/dwi/sub-22653_ses-2_space-ACPC_desc-preproc_dwi.nii.gz	0.0	0.7357796316945486	0.4046642559202162	0.6426022052764893	0.7357796316945486	0.6426022052764893	0.4046642559202162	0.6820125452841324	0.682012468545977	sub-22653	ses-2				space-ACPC			DSIStudio	autotrackgqi
ProjectionBasalGanglia_AnsaSubthalamicaL	txx	DSIStudio	/scratch/executivefunction/SLURM_13244013_206/job-13244013-206-sub-22653-ses-2/ds/inputs/data/qsiprep/qsiprep/sub-22653/ses-2/dwi/sub-22653_ses-2_space-ACPC_desc-preproc_dwi.nii.gz	0.0	0.0009045394221624	0.0004753752146796	0.0007617223600391	0.0009045394221624	0.0007617223600391	0.0004753752146796	0.0009192178149105	0.0009192177118356	sub-22653	ses-2				space-ACPC			DSIStudio	autotrackgqi
ProjectionBasalGanglia_AnsaSubthalamicaL	txy	DSIStudio	/scratch/executivefunction/SLURM_13244013_206/job-13244013-206-sub-22653-ses-2/ds/inputs/data/qsiprep/qsiprep/sub-22653/ses-2/dwi/sub-22653_ses-2_space-ACPC_desc-preproc_dwi.nii.gz	0.0	4.4136463588918365e-05	0.0001692592355076	1.5102848010428715e-05	4.4136463588918365e-05	1.5102848010428715e-05	0.0001692592355076	9.54226475980728e-05	9.54226368715148e-05	sub-22653	ses-2				space-ACPC			DSIStudio	autotrackgqi
ProjectionBasalGanglia_AnsaSubthalamicaL	txz	DSIStudio	/scratch/executivefunction/SLURM_13244013_206/job-13244013-206-sub-22653-ses-2/ds/inputs/data/qsiprep/qsiprep/sub-22653/ses-2/dwi/sub-22653_ses-2_space-ACPC_desc-preproc_dwi.nii.gz	0.0	4.21119509498664e-05	0.000162268892413	3.752470365725458e-05	4.21119509498664e-05	3.752470365725458e-05	0.000162268892413	7.137542203029781e-05	7.137541338087355e-05	sub-22653	ses-2				space-ACPC			DSIStudio	autotrackgqi
ProjectionBasalGanglia_AnsaSubthalamicaL	tyy	DSIStudio	/scratch/executivefunction/SLURM_13244013_206/job-13244013-206-sub-22653-ses-2/ds/inputs/data/qsiprep/qsiprep/sub-22653/ses-2/dwi/sub-22653_ses-2_space-ACPC_desc-preproc_dwi.nii.gz	0.0	0.0009026724329395	0.0004331180383614	0.0008315325248986	0.0009026724329395	0.0008315325248986	0.0004331180383614	0.0008958396248622	0.000895839523715	sub-22653	ses-2				space-ACPC			DSIStudio	autotrackgqi
ProjectionBasalGanglia_AnsaSubthalamicaL	tyz	DSIStudio	/scratch/executivefunction/SLURM_13244013_206/job-13244013-206-sub-22653-ses-2/ds/inputs/data/qsiprep/qsiprep/sub-22653/ses-2/dwi/sub-22653_ses-2_space-ACPC_desc-preproc_dwi.nii.gz	0.0	2.151372016784094e-05	0.0001639253832639	2.304038207512349e-05	2.151372016784094e-05	2.304038207512349e-05	0.0001639253832639	3.619547322457016e-05	3.619546906661101e-05	sub-22653	ses-2				space-ACPC			DSIStudio	autotrackgqi
ProjectionBasalGanglia_AnsaSubthalamicaL	tzz	DSIStudio	/scratch/executivefunction/SLURM_13244013_206/job-13244013-206-sub-22653-ses-2/ds/inputs/data/qsiprep/qsiprep/sub-22653/ses-2/dwi/sub-22653_ses-2_space-ACPC_desc-preproc_dwi.nii.gz	0.0	0.0009417990381581	0.0004564629803467	0.0008066692680586	0.0009417990381581	0.0008066692680586	0.0004564629803467	0.0008565703495052	0.0008565702531638	sub-22653	ses-2				space-ACPC			DSIStudio	autotrackgqi
ProjectionBasalGanglia_AnsaLenticularisL	ad	DSIStudio	/scratch/executivefunction/SLURM_13244013_206/job-13244013-206-sub-22653-ses-2/ds/inputs/data/qsiprep/qsiprep/sub-22653/ses-2/dwi/sub-22653_ses-2_space-ACPC_desc-preproc_dwi.nii.gz	0.0	1.223514948440246	0.481190633388993	1.0513624548912048	1.223514948440246	1.0513624548912048	0.481190633388993	1.161483486266745	1.161483486266745	sub-22653	ses-2				space-ACPC			DSIStudio	autotrackgqi
ProjectionBasalGanglia_AnsaLenticularisL	dti_fa	DSIStudio	/scratch/executivefunction/SLURM_13244013_206/job-13244013-206-sub-22653-ses-2/ds/inputs/data/qsiprep/qsiprep/sub-22653/ses-2/dwi/sub-22653_ses-2_space-ACPC_desc-preproc_dwi.nii.gz	0.0	0.3012374753052945	0.1319688495320631	0.2860859930515289	0.3012374753052945	0.2860859930515289	0.1319688495320631	0.3126716273840078	0.3126716273840078	sub-22653	ses-2				space-ACPC			DSIStudio	autotrackgqi
ProjectionBasalGanglia_AnsaLenticularisL	gfa	DSIStudio	/scratch/executivefunction/SLURM_13244013_206/job-13244013-206-sub-22653-ses-2/ds/inputs/data/qsiprep/qsiprep/sub-22653/ses-2/dwi/sub-22653_ses-2_space-ACPC_desc-preproc_dwi.nii.gz	0.0	0.0667237667601801	0.0277068880588487	0.0628353841602802	0.0667237667601801	0.0628353841602802	0.0277068880588487	0.0675026223377823	0.0675026223377823	sub-22653	ses-2				space-ACPC			DSIStudio	autotrackgqi
ProjectionBasalGanglia_AnsaLenticularisL	ha	DSIStudio	/scratch/executivefunction/SLURM_13244013_206/job-13244013-206-sub-22653-ses-2/ds/inputs/data/qsiprep/qsiprep/sub-22653/ses-2/dwi/sub-22653_ses-2_space-ACPC_desc-preproc_dwi.nii.gz	0.0	1.889529854755904	39.3038109493642	2.869747281074524	1.889529854755904	2.869747281074524	39.3038109493642	3.0711530331764374	3.0711530331764374	sub-22653	ses-2				space-ACPC			DSIStudio	autotrackgqi
ProjectionBasalGanglia_AnsaLenticularisL	iso	DSIStudio	/scratch/executivefunction/SLURM_13244013_206/job-13244013-206-sub-22653-ses-2/ds/inputs/data/qsiprep/qsiprep/sub-22653/ses-2/dwi/sub-22653_ses-2_space-ACPC_desc-preproc_dwi.nii.gz	0.0	0.6868216766461364	0.1444326273741602	0.6794164180755615	0.6868216766461364	0.6794164180755615	0.1444326273741602	0.7012309025239183	0.7012309025239183	sub-22653	ses-2				space-ACPC			DSIStudio	autotrackgqi
ProjectionBasalGanglia_AnsaLenticularisL	md	DSIStudio	/scratch/executivefunction/SLURM_13244013_206/job-13244013-206-sub-22653-ses-2/ds/inputs/data/qsiprep/qsiprep/sub-22653/ses-2/dwi/sub-22653_ses-2_space-ACPC_desc-preproc_dwi.nii.gz	0.0	0.933543137271068	0.4097143818461998	0.789233535528183	0.933543137271068	0.789233535528183	0.4097143818461998	0.8788140134431236	0.8788140134431236	sub-22653	ses-2				space-ACPC			DSIStudio	autotrackgqi
ProjectionBasalGanglia_AnsaLenticularisL	qa	DSIStudio	/scratch/executivefunction/SLURM_13244013_206/job-13244013-206-sub-22653-ses-2/ds/inputs/data/qsiprep/qsiprep/sub-22653/ses-2/dwi/sub-22653_ses-2_space-ACPC_desc-preproc_dwi.nii.gz	0.0	0.201200446545268	0.0960514090367284	0.1802671253681183	0.201200446545268	0.1802671253681183	0.0960514090367284	0.2088273352838517	0.2088273352838517	sub-22653	ses-2				space-ACPC			DSIStudio	autotrackgqi
ProjectionBasalGanglia_AnsaLenticularisL	rd1	DSIStudio	/scratch/executivefunction/SLURM_13244013_206/job-13244013-206-sub-22653-ses-2/ds/inputs/data/qsiprep/qsiprep/sub-22653/ses-2/dwi/sub-22653_ses-2_space-ACPC_desc-preproc_dwi.nii.gz	0.0	0.8887138559469738	0.4040431381619908	0.7785418927669525	0.8887138559469738	0.7785418927669525	0.4040431381619908	0.8460090180692482	0.8460090180692482	sub-22653	ses-2				space-ACPC			DSIStudio	autotrackgqi
ProjectionBasalGanglia_AnsaLenticularisL	rd2	DSIStudio	/scratch/executivefunction/SLURM_13244013_206/job-13244013-206-sub-22653-ses-2/ds/inputs/data/qsiprep/qsiprep/sub-22653/ses-2/dwi/sub-22653_ses-2_space-ACPC_desc-preproc_dwi.nii.gz	0.0	0.6884006104621202	0.3948829790336536	0.5735754072666168	0.6884006104621202	0.5735754072666168	0.3948829790336536	0.6289495294176205	0.6289495294176205	sub-22653	ses-2				space-ACPC			DSIStudio	autotrackgqi
ProjectionBasalGanglia_AnsaLenticularisL	rd	DSIStudio	/scratch/executivefunction/SLURM_13244013_206/job-13244013-206-sub-22653-ses-2/ds/inputs/data/qsiprep/qsiprep/sub-22653/ses-2/dwi/sub-22653_ses-2_space-ACPC_desc-preproc_dwi.nii.gz	0.0	0.7885572313298538	0.3964435135997927	0.6751608848571777	0.7885572313298538	0.6751608848571777	0.3964435135997927	0.7374792716943828	0.7374792716943828	sub-22653	ses-2				space-ACPC			DSIStudio	autotrackgqi
ProjectionBasalGanglia_AnsaLenticularisL	txx	DSIStudio	/scratch/executivefunction/SLURM_13244013_206/job-13244013-206-sub-22653-ses-2/ds/inputs/data/qsiprep/qsiprep/sub-22653/ses-2/dwi/sub-22653_ses-2_space-ACPC_desc-preproc_dwi.nii.gz	0.0	0.0008684014098622	0.0004343382826072	0.0007392123225145	0.0008684014098622	0.0007392123225145	0.0004343382826072	0.0008163645248616	0.0008163645248616	sub-22653	ses-2				space-ACPC			DSIStudio	autotrackgqi
ProjectionBasalGanglia_AnsaLenticularisL	txy	DSIStudio	/scratch/executivefunction/SLURM_13244013_206/job-13244013-206-sub-22653-ses-2/ds/inputs/data/qsiprep/qsiprep/sub-22653/ses-2/dwi/sub-22653_ses-2_space-ACPC_desc-preproc_dwi.nii.gz	0.0	8.381201428028074e-06	0.000137014355396	-1.2079191947123036e-05	8.381201428028074e-06	-1.2079191947123036e-05	0.000137014355396	-1.7996750988991864e-05	-1.7996750988991864e-05	sub-22653	ses-2				space-ACPC			DSIStudio	autotrackgqi
ProjectionBasalGanglia_AnsaLenticularisL	txz	DSIStudio	/scratch/executivefunction/SLURM_13244013_206/job-13244013-206-sub-22653-ses-2/ds/inputs/data/qsiprep/qsiprep/sub-22653/ses-2/dwi/sub-22653_ses-2_space-ACPC_desc-preproc_dwi.nii.gz	0.0	1.4976495815695552e-05	0.0001210614874508	1.71761412275373e-05	1.4976495815695552e-05	1.71761412275373e-05	0.0001210614874508	7.976377725314344e-06	7.976377725314344e-06	sub-22653	ses-2				space-ACPC			DSIStudio	autotrackgqi
ProjectionBasalGanglia_AnsaLenticularisL	tyy	DSIStudio	/scratch/executivefunction/SLURM_13244013_206/job-13244013-206-sub-22653-ses-2/ds/inputs/data/qsiprep/qsiprep/sub-22653/ses-2/dwi/sub-22653_ses-2_space-ACPC_desc-preproc_dwi.nii.gz	0.0	0.0009938497043965	0.000429786749765	0.0008820965304039	0.0009938497043965	0.0008820965304039	0.000429786749765	0.000957818929955	0.000957818929955	sub-22653	ses-2				space-ACPC			DSIStudio	autotrackgqi
ProjectionBasalGanglia_AnsaLenticularisL	tyz	DSIStudio	/scratch/executivefunction/SLURM_13244013_206/job-13244013-206-sub-22653-ses-2/ds/inputs/data/qsiprep/qsiprep/sub-22653/ses-2/dwi/sub-22653_ses-2_space-ACPC_desc-preproc_dwi.nii.gz	0.0	4.325833591027935e-05	0.0001277323493572	3.1859977752901614e-05	4.325833591027935e-05	3.1859977752901614e-05	0.0001277323493572	3.117916311502294e-05	3.117916311502294e-05	sub-22653	ses-2				space-ACPC			DSIStudio	autotrackgqi
ProjectionBasalGanglia_AnsaLenticularisL	tzz	DSIStudio	/scratch/executivefunction/SLURM_13244013_206/job-13244013-206-sub-22653-ses-2/ds/inputs/data/qsiprep/qsiprep/sub-22653/ses-2/dwi/sub-22653_ses-2_space-ACPC_desc-preproc_dwi.nii.gz	0.0	0.0009383782986782	0.0004602450848649	0.0008002613612916	0.0009383782986782	0.0008002613612916	0.0004602450848649	0.0008622585771709	0.0008622585771709	sub-22653	ses-2				space-ACPC			DSIStudio	autotrackgqi
ProjectionBrainstem_CorticospinalTractL	ad	DSIStudio	/scratch/executivefunction/SLURM_13244013_206/job-13244013-206-sub-22653-ses-2/ds/inputs/data/qsiprep/qsiprep/sub-22653/ses-2/dwi/sub-22653_ses-2_space-ACPC_desc-preproc_dwi.nii.gz	0.0	1.2386170333426816	0.3027063687881783	1.1590231657028198	1.2386170333426816	1.1590231657028198	0.3027063687881783	1.3039013456254187	1.3039013456254187	sub-22653	ses-2				space-ACPC			DSIStudio	autotrackgqi
ProjectionBrainstem_CorticospinalTractL	dti_fa	DSIStudio	/scratch/executivefunction/SLURM_13244013_206/job-13244013-206-sub-22653-ses-2/ds/inputs/data/qsiprep/qsiprep/sub-22653/ses-2/dwi/sub-22653_ses-2_space-ACPC_desc-preproc_dwi.nii.gz	0.0	0.4555844115389654	0.1922801932446774	0.4512594044208526	0.4555844115389654	0.4512594044208526	0.1922801932446774	0.509127171110144	0.509127171110144	sub-22653	ses-2				space-ACPC			DSIStudio	autotrackgqi
ProjectionBrainstem_CorticospinalTractL	gfa	DSIStudio	/scratch/executivefunction/SLURM_13244013_206/job-13244013-206-sub-22653-ses-2/ds/inputs/data/qsiprep/qsiprep/sub-22653/ses-2/dwi/sub-22653_ses-2_space-ACPC_desc-preproc_dwi.nii.gz	0.0	0.0998321140344189	0.0410616053186931	0.0972611755132675	0.0998321140344189	0.0972611755132675	0.0410616053186931	0.1122221605673417	0.1122221605673417	sub-22653	ses-2				space-ACPC			DSIStudio	autotrackgqi
ProjectionBrainstem_CorticospinalTractL	ha	DSIStudio	/scratch/executivefunction/SLURM_13244013_206/job-13244013-206-sub-22653-ses-2/ds/inputs/data/qsiprep/qsiprep/sub-22653/ses-2/dwi/sub-22653_ses-2_space-ACPC_desc-preproc_dwi.nii.gz	0.0	13.781995637548004	60.14209956253923	43.33375549316406	13.781995637548004	43.33375549316406	60.14209956253923	12.818755597879036	12.818755597879036	sub-22653	ses-2				space-ACPC			DSIStudio	autotrackgqi
ProjectionBrainstem_CorticospinalTractL	iso	DSIStudio	/scratch/executivefunction/SLURM_13244013_206/job-13244013-206-sub-22653-ses-2/ds/inputs/data/qsiprep/qsiprep/sub-22653/ses-2/dwi/sub-22653_ses-2_space-ACPC_desc-preproc_dwi.nii.gz	0.0	0.683030567519455	0.0952452786174816	0.6915740966796875	0.683030567519455	0.6915740966796875	0.0952452786174816	0.6777258199947167	0.6777258199947167	sub-22653	ses-2				space-ACPC			DSIStudio	autotrackgqi
ProjectionBrainstem_CorticospinalTractL	md	DSIStudio	/scratch/executivefunction/SLURM_13244013_206/job-13244013-206-sub-22653-ses-2/ds/inputs/data/qsiprep/qsiprep/sub-22653/ses-2/dwi/sub-22653_ses-2_space-ACPC_desc-preproc_dwi.nii.gz	0.0	0.8029094416501741	0.2102125104347885	0.7548003196716309	0.8029094416501741	0.7548003196716309	0.2102125104347885	0.8005018286506147	0.8005018286506147	sub-22653	ses-2				space-ACPC			DSIStudio	autotrackgqi
ProjectionBrainstem_CorticospinalTractL	qa	DSIStudio	/scratch/executivefunction/SLURM_13244013_206/job-13244013-206-sub-22653-ses-2/ds/inputs/data/qsiprep/qsiprep/sub-22653/ses-2/dwi/sub-22653_ses-2_space-ACPC_desc-preproc_dwi.nii.gz	0.0	0.3178317160069645	0.1434368036782562	0.306772768497467	0.3178317160069645	0.306772768497467	0.1434368036782562	0.3589280350251161	0.3589280350251161	sub-22653	ses-2				space-ACPC			DSIStudio	autotrackgqi
ProjectionBrainstem_CorticospinalTractL	rd1	DSIStudio	/scratch/executivefunction/SLURM_13244013_206/job-13244013-206-sub-22653-ses-2/ds/inputs/data/qsiprep/qsiprep/sub-22653/ses-2/dwi/sub-22653_ses-2_space-ACPC_desc-preproc_dwi.nii.gz	0.0	0.6923907916674522	0.2505362532138068	0.6695207953453064	0.6923907916674522	0.6695207953453064	0.2505362532138068	0.6579360424350131	0.6579360424350131	sub-22653	ses-2				space-ACPC			DSIStudio	autotrackgqi
ProjectionBrainstem_CorticospinalTractL	rd2	DSIStudio	/scratch/executivefunction/SLURM_13244013_206/job-13244013-206-sub-22653-ses-2/ds/inputs/data/qsiprep/qsiprep/sub-22653/ses-2/dwi/sub-22653_ses-2_space-ACPC_desc-preproc_dwi.nii.gz	0.0	0.477720494717313	0.2512896823474754	0.4258752763271332	0.477720494717313	0.4258752763271332	0.2512896823474754	0.4396680797328718	0.4396680797328718	sub-22653	ses-2				space-ACPC			DSIStudio	autotrackgqi
ProjectionBrainstem_CorticospinalTractL	rd	DSIStudio	/scratch/executivefunction/SLURM_13244013_206/job-13244013-206-sub-22653-ses-2/ds/inputs/data/qsiprep/qsiprep/sub-22653/ses-2/dwi/sub-22653_ses-2_space-ACPC_desc-preproc_dwi.nii.gz	0.0	0.5850556431639142	0.2441688886752203	0.5487393736839294	0.5850556431639142	0.5487393736839294	0.2441688886752203	0.5488020608014705	0.5488020608014705	sub-22653	ses-2				space-ACPC			DSIStudio	autotrackgqi
ProjectionBrainstem_CorticospinalTractL	txx	DSIStudio	/scratch/executivefunction/SLURM_13244013_206/job-13244013-206-sub-22653-ses-2/ds/inputs/data/qsiprep/qsiprep/sub-22653/ses-2/dwi/sub-22653_ses-2_space-ACPC_desc-preproc_dwi.nii.gz	0.0	0.0006992558010074	0.0002888326054495	0.0006637792685069	0.0006992558010074	0.0006637792685069	0.0002888326054495	0.0006648612025728	0.0006648612025728	sub-22653	ses-2				space-ACPC			DSIStudio	autotrackgqi
ProjectionBrainstem_CorticospinalTractL	txy	DSIStudio	/scratch/executivefunction/SLURM_13244013_206/job-13244013-206-sub-22653-ses-2/ds/inputs/data/qsiprep/qsiprep/sub-22653/ses-2/dwi/sub-22653_ses-2_space-ACPC_desc-preproc_dwi.nii.gz	0.0	-1.2085590239264931e-05	0.00010205242545	-1.921889816003386e-05	-1.2085590239264931e-05	-1.921889816003386e-05	0.00010205242545	-1.1773431896255997e-05	-1.1773431896255997e-05	sub-22653	ses-2				space-ACPC			DSIStudio	autotrackgqi
ProjectionBrainstem_CorticospinalTractL	txz	DSIStudio	/scratch/executivefunction/SLURM_13244013_206/job-13244013-206-sub-22653-ses-2/ds/inputs/data/qsiprep/qsiprep/sub-22653/ses-2/dwi/sub-22653_ses-2_space-ACPC_desc-preproc_dwi.nii.gz	0.0	4.0089721636108287e-05	0.0002023040020738	1.073883777280571e-05	4.0089721636108287e-05	1.073883777280571e-05	0.0002023040020738	9.91313211222552e-05	9.91313211222552e-05	sub-22653	ses-2				space-ACPC			DSIStudio	autotrackgqi
ProjectionBrainstem_CorticospinalTractL	tyy	DSIStudio	/scratch/executivefunction/SLURM_13244013_206/job-13244013-206-sub-22653-ses-2/ds/inputs/data/qsiprep/qsiprep/sub-22653/ses-2/dwi/sub-22653_ses-2_space-ACPC_desc-preproc_dwi.nii.gz	0.0	0.0006290693882095	0.0002737722902386	0.000601393636316	0.0006290693882095	0.000601393636316	0.0002737722902386	0.0005812142584592	0.0005812142584592	sub-22653	ses-2				space-ACPC			DSIStudio	autotrackgqi
ProjectionBrainstem_CorticospinalTractL	tyz	DSIStudio	/scratch/executivefunction/SLURM_13244013_206/job-13244013-206-sub-22653-ses-2/ds/inputs/data/qsiprep/qsiprep/sub-22653/ses-2/dwi/sub-22653_ses-2_space-ACPC_desc-preproc_dwi.nii.gz	0.0	2.4232660160979143e-05	0.0001761697465375	2.7042371584684588e-05	2.4232660160979143e-05	2.7042371584684588e-05	0.0001761697465375	2.2658576397397618e-05	2.2658576397397618e-05	sub-22653	ses-2				space-ACPC			DSIStudio	autotrackgqi
ProjectionBrainstem_CorticospinalTractL	tzz	DSIStudio	/scratch/executivefunction/SLURM_13244013_206/job-13244013-206-sub-22653-ses-2/ds/inputs/data/qsiprep/qsiprep/sub-22653/ses-2/dwi/sub-22653_ses-2_space-ACPC_desc-preproc_dwi.nii.gz	0.0	0.0010804031304418	0.0002820832362837	0.0010321914451196	0.0010804031304418	0.0010321914451196	0.0002820832362837	0.0011554300110368	0.0011554300110368	sub-22653	ses-2				space-ACPC			DSIStudio	autotrackgqi
ProjectionBrainstem_CorticospinalTractR	ad	DSIStudio	/scratch/executivefunction/SLURM_13244013_206/job-13244013-206-sub-22653-ses-2/ds/inputs/data/qsiprep/qsiprep/sub-22653/ses-2/dwi/sub-22653_ses-2_space-ACPC_desc-preproc_dwi.nii.gz	0.0	1.199764399827519	0.3130230833565077	1.1292675733566284	1.199764399827519	1.1292675733566284	0.3130230833565077	1.2883283645362609	1.2883283645362609	sub-22653	ses-2				space-ACPC			DSIStudio	autotrackgqi
ProjectionBrainstem_CorticospinalTractR	dti_fa	DSIStudio	/scratch/executivefunction/SLURM_13244013_206/job-13244013-206-sub-22653-ses-2/ds/inputs/data/qsiprep/qsiprep/sub-22653/ses-2/dwi/sub-22653_ses-2_space-ACPC_desc-preproc_dwi.nii.gz	0.0	0.4250120395501039	0.2040729427739371	0.418439656496048	0.4250120395501039	0.418439656496048	0.2040729427739371	0.536278980445779	0.536278980445779	sub-22653	ses-2				space-ACPC			DSIStudio	autotrackgqi
ProjectionBrainstem_CorticospinalTractR	gfa	DSIStudio	/scratch/executivefunction/SLURM_13244013_206/job-13244013-206-sub-22653-ses-2/ds/inputs/data/qsiprep/qsiprep/sub-22653/ses-2/dwi/sub-22653_ses-2_space-ACPC_desc-preproc_dwi.nii.gz	0.0	0.0928759819578518	0.043562228578309	0.0892732739448547	0.0928759819578518	0.0892732739448547	0.043562228578309	0.116046890787548	0.116046890787548	sub-22653	ses-2				space-ACPC			DSIStudio	autotrackgqi
ProjectionBrainstem_CorticospinalTractR	ha	DSIStudio	/scratch/executivefunction/SLURM_13244013_206/job-13244013-206-sub-22653-ses-2/ds/inputs/data/qsiprep/qsiprep/sub-22653/ses-2/dwi/sub-22653_ses-2_space-ACPC_desc-preproc_dwi.nii.gz	0.0	-2.137815633628144	57.31918933055992	-2.4023277759552	-2.137815633628144	-2.4023277759552	57.31918933055992	11.300636296861686	11.300636296861686	sub-22653	ses-2				space-ACPC			DSIStudio	autotrackgqi
ProjectionBrainstem_CorticospinalTractR	iso	DSIStudio	/scratch/executivefunction/SLURM_13244013_206/job-13244013-206-sub-22653-ses-2/ds/inputs/data/qsiprep/qsiprep/sub-22653/ses-2/dwi/sub-22653_ses-2_space-ACPC_desc-preproc_dwi.nii.gz	0.0	0.6948799523758373	0.0901337651974858	0.6935991644859314	0.6948799523758373	0.6935991644859314	0.0901337651974858	0.6957149297647689	0.6957149297647689	sub-22653	ses-2				space-ACPC			DSIStudio	autotrackgqi
ProjectionBrainstem_CorticospinalTractR	md	DSIStudio	/scratch/executivefunction/SLURM_13244013_206/job-13244013-206-sub-22653-ses-2/ds/inputs/data/qsiprep/qsiprep/sub-22653/ses-2/dwi/sub-22653_ses-2_space-ACPC_desc-preproc_dwi.nii.gz	0.0	0.7987086637964789	0.2264570887390594	0.7594761848449707	0.7987086637964789	0.7594761848449707	0.2264570887390594	0.7592272720691535	0.7592272720691535	sub-22653	ses-2				space-ACPC			DSIStudio	autotrackgqi
ProjectionBrainstem_CorticospinalTractR	qa	DSIStudio	/scratch/executivefunction/SLURM_13244013_206/job-13244013-206-sub-22653-ses-2/ds/inputs/data/qsiprep/qsiprep/sub-22653/ses-2/dwi/sub-22653_ses-2_space-ACPC_desc-preproc_dwi.nii.gz	0.0	0.3005218633086721	0.1590191623264	0.275629311800003	0.3005218633086721	0.275629311800003	0.1590191623264	0.3882820223658557	0.3882820223658557	sub-22653	ses-2				space-ACPC			DSIStudio	autotrackgqi
ProjectionBrainstem_CorticospinalTractR	rd1	DSIStudio	/scratch/executivefunction/SLURM_13244013_206/job-13244013-206-sub-22653-ses-2/ds/inputs/data/qsiprep/qsiprep/sub-22653/ses-2/dwi/sub-22653_ses-2_space-ACPC_desc-preproc_dwi.nii.gz	0.0	0.6965418587040116	0.2646538123649978	0.6775829792022705	0.6965418587040116	0.6775829792022705	0.2646538123649978	0.5966530278170592	0.5966530278170592	sub-22653	ses-2				space-ACPC			DSIStudio	autotrackgqi
ProjectionBrainstem_CorticospinalTractR	rd2	DSIStudio	/scratch/executivefunction/SLURM_13244013_206/job-13244013-206-sub-22653-ses-2/ds/inputs/data/qsiprep/qsiprep/sub-22653/ses-2/dwi/sub-22653_ses-2_space-ACPC_desc-preproc_dwi.nii.gz	0.0	0.499819729544613	0.2774845807232986	0.4546488523483276	0.499819729544613	0.4546488523483276	0.2774845807232986	0.3927004205329077	0.3927004205329077	sub-22653	ses-2				space-ACPC			DSIStudio	autotrackgqi
ProjectionBrainstem_CorticospinalTractR	rd	DSIStudio	/scratch/executivefunction/SLURM_13244013_206/job-13244013-206-sub-22653-ses-2/ds/inputs/data/qsiprep/qsiprep/sub-22653/ses-2/dwi/sub-22653_ses-2_space-ACPC_desc-preproc_dwi.nii.gz	0.0	0.5981807937963425	0.2651522980232947	0.570522665977478	0.5981807937963425	0.570522665977478	0.2651522980232947	0.4946767235670506	0.4946767235670506	sub-22653	ses-2				space-ACPC			DSIStudio	autotrackgqi
ProjectionBrainstem_CorticospinalTractR	txx	DSIStudio	/scratch/executivefunction/SLURM_13244013_206/job-13244013-206-sub-22653-ses-2/ds/inputs/data/qsiprep/qsiprep/sub-22653/ses-2/dwi/sub-22653_ses-2_space-ACPC_desc-preproc_dwi.nii.gz	0.0	0.0007359704757714	0.0002872497723931	0.00069570512278	0.0007359704757714	0.00069570512278	0.0002872497723931	0.0006860572143739	0.0006860572143739	sub-22653	ses-2				space-ACPC			DSIStudio	autotrackgqi
ProjectionBrainstem_CorticospinalTractR	txy	DSIStudio	/scratch/executivefunction/SLURM_13244013_206/job-13244013-206-sub-22653-ses-2/ds/inputs/data/qsiprep/qsiprep/sub-22653/ses-2/dwi/sub-22653_ses-2_space-ACPC_desc-preproc_dwi.nii.gz	0.0	3.782928231342143e-05	9.249801012445648e-05	2.9049566364847124e-05	3.782928231342143e-05	2.9049566364847124e-05	9.249801012445648e-05	7.669781480486808e-05	7.669781480486808e-05	sub-22653	ses-2				space-ACPC			DSIStudio	autotrackgqi
ProjectionBrainstem_CorticospinalTractR	txz	DSIStudio	/scratch/executivefunction/SLURM_13244013_206/job-13244013-206-sub-22653-ses-2/ds/inputs/data/qsiprep/qsiprep/sub-22653/ses-2/dwi/sub-22653_ses-2_space-ACPC_desc-preproc_dwi.nii.gz	0.0	-0.0001148179809124	0.000186335203355	-8.256940054707229e-05	-0.0001148179809124	-8.256940054707229e-05	0.000186335203355	-0.0002140014652063	-0.0002140014652063	sub-22653	ses-2				space-ACPC			DSIStudio	autotrackgqi
ProjectionBrainstem_CorticospinalTractR	tyy	DSIStudio	/scratch/executivefunction/SLURM_13244013_206/job-13244013-206-sub-22653-ses-2/ds/inputs/data/qsiprep/qsiprep/sub-22653/ses-2/dwi/sub-22653_ses-2_space-ACPC_desc-preproc_dwi.nii.gz	0.0	0.000642785859994	0.0003046928173353	0.0006184545927681	0.000642785859994	0.0006184545927681	0.0003046928173353	0.0005068334153564	0.0005068334153564	sub-22653	ses-2				space-ACPC			DSIStudio	autotrackgqi
ProjectionBrainstem_CorticospinalTractR	tyz	DSIStudio	/scratch/executivefunction/SLURM_13244013_206/job-13244013-206-sub-22653-ses-2/ds/inputs/data/qsiprep/qsiprep/sub-22653/ses-2/dwi/sub-22653_ses-2_space-ACPC_desc-preproc_dwi.nii.gz	0.0	-1.8673911468211e-05	0.0001607272269353	-2.0151014723523986e-07	-1.8673911468211e-05	-2.0151014723523986e-07	0.0001607272269353	-9.280060907033256e-05	-9.280060907033256e-05	sub-22653	ses-2				space-ACPC			DSIStudio	autotrackgqi
ProjectionBrainstem_CorticospinalTractR	tzz	DSIStudio	/scratch/executivefunction/SLURM_13244013_206/job-13244013-206-sub-22653-ses-2/ds/inputs/data/qsiprep/qsiprep/sub-22653/ses-2/dwi/sub-22653_ses-2_space-ACPC_desc-preproc_dwi.nii.gz	0.0	0.0010173696528817	0.0002934018175146	0.0009736194042488	0.0010173696528817	0.0009736194042488	0.0002934018175146	0.0010847911800743	0.0010847911800743	sub-22653	ses-2				space-ACPC			DSIStudio	autotrackgqi
ProjectionBasalGanglia_AcousticRadiationL	ad	DSIStudio	/scratch/executivefunction/SLURM_13244013_206/job-13244013-206-sub-22653-ses-2/ds/inputs/data/qsiprep/qsiprep/sub-22653/ses-2/dwi/sub-22653_ses-2_space-ACPC_desc-preproc_dwi.nii.gz	0.0	1.292868008988129	0.4274216492782158	1.2026591897010803	1.292868008988129	1.2026591897010803	0.4274216492782158	1.2420342838700564	1.2420342838700564	sub-22653	ses-2				space-ACPC			DSIStudio	autotrackgqi
ProjectionBasalGanglia_AcousticRadiationL	dti_fa	DSIStudio	/scratch/executivefunction/SLURM_13244013_206/job-13244013-206-sub-22653-ses-2/ds/inputs/data/qsiprep/qsiprep/sub-22653/ses-2/dwi/sub-22653_ses-2_space-ACPC_desc-preproc_dwi.nii.gz	0.0	0.3916522471574009	0.1659115038401652	0.3776314407587051	0.3916522471574009	0.3776314407587051	0.1659115038401652	0.4346357053212756	0.4346357053212756	sub-22653	ses-2				space-ACPC			DSIStudio	autotrackgqi
ProjectionBasalGanglia_AcousticRadiationL	gfa	DSIStudio	/scratch/executivefunction/SLURM_13244013_206/job-13244013-206-sub-22653-ses-2/ds/inputs/data/qsiprep/qsiprep/sub-22653/ses-2/dwi/sub-22653_ses-2_space-ACPC_desc-preproc_dwi.nii.gz	0.0	0.0875709616796214	0.0326903366997212	0.0845101661980152	0.0875709616796214	0.0845101661980152	0.0326903366997212	0.0933356130310127	0.0933356130310127	sub-22653	ses-2				space-ACPC			DSIStudio	autotrackgqi
ProjectionBasalGanglia_AcousticRadiationL	ha	DSIStudio	/scratch/executivefunction/SLURM_13244013_206/job-13244013-206-sub-22653-ses-2/ds/inputs/data/qsiprep/qsiprep/sub-22653/ses-2/dwi/sub-22653_ses-2_space-ACPC_desc-preproc_dwi.nii.gz	0.0	24.068992685716964	35.86918915283879	34.3663330078125	24.068992685716964	34.3663330078125	35.86918915283879	31.20998231976056	31.20998231976056	sub-22653	ses-2				space-ACPC			DSIStudio	autotrackgqi
ProjectionBasalGanglia_AcousticRadiationL	iso	DSIStudio	/scratch/executivefunction/SLURM_13244013_206/job-13244013-206-sub-22653-ses-2/ds/inputs/data/qsiprep/qsiprep/sub-22653/ses-2/dwi/sub-22653_ses-2_space-ACPC_desc-preproc_dwi.nii.gz	0.0	0.5885589607311664	0.1207639344737925	0.5952551960945129	0.5885589607311664	0.5952551960945129	0.1207639344737925	0.5677840031468436	0.5677840031468436	sub-22653	ses-2				space-ACPC			DSIStudio	autotrackgqi
ProjectionBasalGanglia_AcousticRadiationL	md	DSIStudio	/scratch/executivefunction/SLURM_13244013_206/job-13244013-206-sub-22653-ses-2/ds/inputs/data/qsiprep/qsiprep/sub-22653/ses-2/dwi/sub-22653_ses-2_space-ACPC_desc-preproc_dwi.nii.gz	0.0	0.9109624878478212	0.3833675593464785	0.7889981269836426	0.9109624878478212	0.7889981269836426	0.3833675593464785	0.8380968498734457	0.8380968498734457	sub-22653	ses-2				space-ACPC			DSIStudio	autotrackgqi
ProjectionBasalGanglia_AcousticRadiationL	qa	DSIStudio	/scratch/executivefunction/SLURM_13244013_206/job-13244013-206-sub-22653-ses-2/ds/inputs/data/qsiprep/qsiprep/sub-22653/ses-2/dwi/sub-22653_ses-2_space-ACPC_desc-preproc_dwi.nii.gz	0.0	0.2340418880622884	0.1002832779274996	0.2222384512424469	0.2340418880622884	0.2222384512424469	0.1002832779274996	0.2404880409034635	0.2404880409034635	sub-22653	ses-2				space-ACPC			DSIStudio	autotrackgqi
ProjectionBasalGanglia_AcousticRadiationL	rd1	DSIStudio	/scratch/executivefunction/SLURM_13244013_206/job-13244013-206-sub-22653-ses-2/ds/inputs/data/qsiprep/qsiprep/sub-22653/ses-2/dwi/sub-22653_ses-2_space-ACPC_desc-preproc_dwi.nii.gz	0.0	0.8303995774555448	0.3953335633500655	0.7325007021427155	0.8303995774555448	0.7325007021427155	0.3953335633500655	0.7519303634287977	0.7519303634287977	sub-22653	ses-2				space-ACPC			DSIStudio	autotrackgqi
ProjectionBasalGanglia_AcousticRadiationL	rd2	DSIStudio	/scratch/executivefunction/SLURM_13244013_206/job-13244013-206-sub-22653-ses-2/ds/inputs/data/qsiprep/qsiprep/sub-22653/ses-2/dwi/sub-22653_ses-2_space-ACPC_desc-preproc_dwi.nii.gz	0.0	0.6096198771249604	0.3976815714743077	0.5046098530292511	0.6096198771249604	0.5046098530292511	0.3976815714743077	0.5203258978288263	0.5203258978288263	sub-22653	ses-2				space-ACPC			DSIStudio	autotrackgqi
ProjectionBasalGanglia_AcousticRadiationL	rd	DSIStudio	/scratch/executivefunction/SLURM_13244013_206/job-13244013-206-sub-22653-ses-2/ds/inputs/data/qsiprep/qsiprep/sub-22653/ses-2/dwi/sub-22653_ses-2_space-ACPC_desc-preproc_dwi.nii.gz	0.0	0.7200097250374587	0.3919600229126428	0.61577108502388	0.7200097250374587	0.61577108502388	0.3919600229126428	0.6361281300461387	0.6361281300461387	sub-22653	ses-2				space-ACPC			DSIStudio	autotrackgqi
ProjectionBasalGanglia_AcousticRadiationL	txx	DSIStudio	/scratch/executivefunction/SLURM_13244013_206/job-13244013-206-sub-22653-ses-2/ds/inputs/data/qsiprep/qsiprep/sub-22653/ses-2/dwi/sub-22653_ses-2_space-ACPC_desc-preproc_dwi.nii.gz	0.0	0.0008721696144798	0.0004044338895406	0.0007848589448258	0.0008721696144798	0.0007848589448258	0.0004044338895406	0.000792304882049	0.000792304882049	sub-22653	ses-2				space-ACPC			DSIStudio	autotrackgqi
ProjectionBasalGanglia_AcousticRadiationL	txy	DSIStudio	/scratch/executivefunction/SLURM_13244013_206/job-13244013-206-sub-22653-ses-2/ds/inputs/data/qsiprep/qsiprep/sub-22653/ses-2/dwi/sub-22653_ses-2_space-ACPC_desc-preproc_dwi.nii.gz	0.0	5.4559532220639e-06	0.0001411693747574	1.182397636512178e-05	5.4559532220639e-06	1.182397636512178e-05	0.0001411693747574	-1.6734553371229288e-05	-1.6734553371229288e-05	sub-22653	ses-2				space-ACPC			DSIStudio	autotrackgqi
ProjectionBasalGanglia_AcousticRadiationL	txz	DSIStudio	/scratch/executivefunction/SLURM_13244013_206/job-13244013-206-sub-22653-ses-2/ds/inputs/data/qsiprep/qsiprep/sub-22653/ses-2/dwi/sub-22653_ses-2_space-ACPC_desc-preproc_dwi.nii.gz	0.0	-2.889691489865206e-05	0.0001328249847903	-2.2392036044038832e-05	-2.889691489865206e-05	-2.2392036044038832e-05	0.0001328249847903	-3.206881781033115e-05	-3.206881781033115e-05	sub-22653	ses-2				space-ACPC			DSIStudio	autotrackgqi
ProjectionBasalGanglia_AcousticRadiationL	tyy	DSIStudio	/scratch/executivefunction/SLURM_13244013_206/job-13244013-206-sub-22653-ses-2/ds/inputs/data/qsiprep/qsiprep/sub-22653/ses-2/dwi/sub-22653_ses-2_space-ACPC_desc-preproc_dwi.nii.gz	0.0	0.0008845517794159	0.0004337242886807	0.0007631712942384	0.0008845517794159	0.0007631712942384	0.0004337242886807	0.0008539024760703	0.0008539024760703	sub-22653	ses-2				space-ACPC			DSIStudio	autotrackgqi
ProjectionBasalGanglia_AcousticRadiationL	tyz	DSIStudio	/scratch/executivefunction/SLURM_13244013_206/job-13244013-206-sub-22653-ses-2/ds/inputs/data/qsiprep/qsiprep/sub-22653/ses-2/dwi/sub-22653_ses-2_space-ACPC_desc-preproc_dwi.nii.gz	0.0	0.0001662322210601	0.0001955584900399	0.0001572682158439	0.0001662322210601	0.0001572682158439	0.0001955584900399	0.0002512109103101	0.0002512109103101	sub-22653	ses-2				space-ACPC			DSIStudio	autotrackgqi
ProjectionBasalGanglia_AcousticRadiationL	tzz	DSIStudio	/scratch/executivefunction/SLURM_13244013_206/job-13244013-206-sub-22653-ses-2/ds/inputs/data/qsiprep/qsiprep/sub-22653/ses-2/dwi/sub-22653_ses-2_space-ACPC_desc-preproc_dwi.nii.gz	0.0	0.0009761660665242	0.0004165524773224	0.0008722316415514	0.0009761660665242	0.0008722316415514	0.0004165524773224	0.0008680831848278	0.0008680831848278	sub-22653	ses-2				space-ACPC			DSIStudio	autotrackgqi
ProjectionBasalGanglia_FornixL	ad	DSIStudio	/scratch/executivefunction/SLURM_13244013_206/job-13244013-206-sub-22653-ses-2/ds/inputs/data/qsiprep/qsiprep/sub-22653/ses-2/dwi/sub-22653_ses-2_space-ACPC_desc-preproc_dwi.nii.gz	0.0	1.560353440034539	0.6730850467296768	1.306166410446167	1.560353440034539	1.306166410446167	0.6730850467296768	1.7690552988747963	1.7690552988747963	sub-22653	ses-2				space-ACPC			DSIStudio	autotrackgqi
ProjectionBasalGanglia_FornixL	dti_fa	DSIStudio	/scratch/executivefunction/SLURM_13244013_206/job-13244013-206-sub-22653-ses-2/ds/inputs/data/qsiprep/qsiprep/sub-22653/ses-2/dwi/sub-22653_ses-2_space-ACPC_desc-preproc_dwi.nii.gz	0.0	0.3114828006674028	0.1572391289679766	0.2891351878643036	0.3114828006674028	0.2891351878643036	0.1572391289679766	0.3493553184846359	0.3493553184846359	sub-22653	ses-2				space-ACPC			DSIStudio	autotrackgqi
ProjectionBasalGanglia_FornixL	gfa	DSIStudio	/scratch/executivefunction/SLURM_13244013_206/job-13244013-206-sub-22653-ses-2/ds/inputs/data/qsiprep/qsiprep/sub-22653/ses-2/dwi/sub-22653_ses-2_space-ACPC_desc-preproc_dwi.nii.gz	0.0	0.0780833159040578	0.0360600232529999	0.071694441139698	0.0780833159040578	0.071694441139698	0.0360600232529999	0.0941402897327235	0.0941402897327235	sub-22653	ses-2				space-ACPC			DSIStudio	autotrackgqi
ProjectionBasalGanglia_FornixL	ha	DSIStudio	/scratch/executivefunction/SLURM_13244013_206/job-13244013-206-sub-22653-ses-2/ds/inputs/data/qsiprep/qsiprep/sub-22653/ses-2/dwi/sub-22653_ses-2_space-ACPC_desc-preproc_dwi.nii.gz	0.0	11.685900128188091	36.75854252185771	18.03934669494629	11.685900128188091	18.03934669494629	36.75854252185771	12.4416692905241	12.4416692905241	sub-22653	ses-2				space-ACPC			DSIStudio	autotrackgqi
ProjectionBasalGanglia_FornixL	iso	DSIStudio	/scratch/executivefunction/SLURM_13244013_206/job-13244013-206-sub-22653-ses-2/ds/inputs/data/qsiprep/qsiprep/sub-22653/ses-2/dwi/sub-22653_ses-2_space-ACPC_desc-preproc_dwi.nii.gz	0.0	0.648164354406979	0.1766900407183702	0.6525560617446899	0.648164354406979	0.6525560617446899	0.1766900407183702	0.6218187867928846	0.6218187867928846	sub-22653	ses-2				space-ACPC			DSIStudio	autotrackgqi
ProjectionBasalGanglia_FornixL	md	DSIStudio	/scratch/executivefunction/SLURM_13244013_206/job-13244013-206-sub-22653-ses-2/ds/inputs/data/qsiprep/qsiprep/sub-22653/ses-2/dwi/sub-22653_ses-2_space-ACPC_desc-preproc_dwi.nii.gz	0.0	1.1788006423922883	0.5853935619887591	0.8978562355041504	1.1788006423922883	0.8978562355041504	0.5853935619887591	1.2801496453860417	1.2801496453860417	sub-22653	ses-2				space-ACPC			DSIStudio	autotrackgqi
ProjectionBasalGanglia_FornixL	qa	DSIStudio	/scratch/executivefunction/SLURM_13244013_206/job-13244013-206-sub-22653-ses-2/ds/inputs/data/qsiprep/qsiprep/sub-22653/ses-2/dwi/sub-22653_ses-2_space-ACPC_desc-preproc_dwi.nii.gz	0.0	0.2228194985347429	0.1132741546439781	0.2028375416994094	0.2228194985347429	0.2028375416994094	0.1132741546439781	0.2647475214636106	0.2647475214636106	sub-22653	ses-2				space-ACPC			DSIStudio	autotrackgqi
ProjectionBasalGanglia_FornixL	rd1	DSIStudio	/scratch/executivefunction/SLURM_13244013_206/job-13244013-206-sub-22653-ses-2/ds/inputs/data/qsiprep/qsiprep/sub-22653/ses-2/dwi/sub-22653_ses-2_space-ACPC_desc-preproc_dwi.nii.gz	0.0	1.084233003503559	0.5811618031516167	0.8378486633300781	1.084233003503559	0.8378486633300781	0.5811618031516167	1.1282055729583766	1.1282055729583766	sub-22653	ses-2				space-ACPC			DSIStudio	autotrackgqi
ProjectionBasalGanglia_FornixL	rd2	DSIStudio	/scratch/executivefunction/SLURM_13244013_206/job-13244013-206-sub-22653-ses-2/ds/inputs/data/qsiprep/qsiprep/sub-22653/ses-2/dwi/sub-22653_ses-2_space-ACPC_desc-preproc_dwi.nii.gz	0.0	0.8918154846994578	0.5641596073064095	0.6671492457389832	0.8918154846994578	0.6671492457389832	0.5641596073064095	0.9431880567998298	0.9431880567998298	sub-22653	ses-2				space-ACPC			DSIStudio	autotrackgqi
ProjectionBasalGanglia_FornixL	rd	DSIStudio	/scratch/executivefunction/SLURM_13244013_206/job-13244013-206-sub-22653-ses-2/ds/inputs/data/qsiprep/qsiprep/sub-22653/ses-2/dwi/sub-22653_ses-2_space-ACPC_desc-preproc_dwi.nii.gz	0.0	0.9880242452388378	0.5701197717399792	0.7500859498977661	0.9880242452388378	0.7500859498977661	0.5701197717399792	1.0356968170875045	1.0356968170875045	sub-22653	ses-2				space-ACPC			DSIStudio	autotrackgqi
ProjectionBasalGanglia_FornixL	txx	DSIStudio	/scratch/executivefunction/SLURM_13244013_206/job-13244013-206-sub-22653-ses-2/ds/inputs/data/qsiprep/qsiprep/sub-22653/ses-2/dwi/sub-22653_ses-2_space-ACPC_desc-preproc_dwi.nii.gz	0.0	0.0011344173416318	0.0006157815429641	0.0009229256538674	0.0011344173416318	0.0009229256538674	0.0006157815429641	0.0011886719297289	0.0011886719297289	sub-22653	ses-2				space-ACPC			DSIStudio	autotrackgqi
ProjectionBasalGanglia_FornixL	txy	DSIStudio	/scratch/executivefunction/SLURM_13244013_206/job-13244013-206-sub-22653-ses-2/ds/inputs/data/qsiprep/qsiprep/sub-22653/ses-2/dwi/sub-22653_ses-2_space-ACPC_desc-preproc_dwi.nii.gz	0.0	2.193580796637893e-05	0.0001532429607933	9.684447832114527e-06	2.193580796637893e-05	9.684447832114527e-06	0.0001532429607933	4.614305341677467e-05	4.614305341677467e-05	sub-22653	ses-2				space-ACPC			DSIStudio	autotrackgqi
ProjectionBasalGanglia_FornixL	txz	DSIStudio	/scratch/executivefunction/SLURM_13244013_206/job-13244013-206-sub-22653-ses-2/ds/inputs/data/qsiprep/qsiprep/sub-22653/ses-2/dwi/sub-22653_ses-2_space-ACPC_desc-preproc_dwi.nii.gz	0.0	-5.9582145179189694e-05	0.0001446595389497	-4.2217285226797685e-05	-5.9582145179189694e-05	-4.2217285226797685e-05	0.0001446595389497	-9.182622337453869e-05	-9.182622337453869e-05	sub-22653	ses-2				space-ACPC			DSIStudio	autotrackgqi
ProjectionBasalGanglia_FornixL	tyy	DSIStudio	/scratch/executivefunction/SLURM_13244013_206/job-13244013-206-sub-22653-ses-2/ds/inputs/data/qsiprep/qsiprep/sub-22653/ses-2/dwi/sub-22653_ses-2_space-ACPC_desc-preproc_dwi.nii.gz	0.0	0.0012226238310839	0.0006313030011832	0.0009762033587321	0.0012226238310839	0.0009762033587321	0.0006313030011832	0.0013587221292573	0.0013587221292573	sub-22653	ses-2				space-ACPC			DSIStudio	autotrackgqi
ProjectionBasalGanglia_FornixL	tyz	DSIStudio	/scratch/executivefunction/SLURM_13244013_206/job-13244013-206-sub-22653-ses-2/ds/inputs/data/qsiprep/qsiprep/sub-22653/ses-2/dwi/sub-22653_ses-2_space-ACPC_desc-preproc_dwi.nii.gz	0.0	8.274009014463606e-05	0.0001949582780327	5.924313154537231e-05	8.274009014463606e-05	5.924313154537231e-05	0.0001949582780327	7.713839167329943e-05	7.713839167329943e-05	sub-22653	ses-2				space-ACPC			DSIStudio	autotrackgqi
ProjectionBasalGanglia_FornixL	tzz	DSIStudio	/scratch/executivefunction/SLURM_13244013_206/job-13244013-206-sub-22653-ses-2/ds/inputs/data/qsiprep/qsiprep/sub-22653/ses-2/dwi/sub-22653_ses-2_space-ACPC_desc-preproc_dwi.nii.gz	0.0	0.0011793607515873	0.0006146074143107	0.0009701424278318	0.0011793607515873	0.0009701424278318	0.0006146074143107	0.0012930548683353	0.0012930548683353	sub-22653	ses-2				space-ACPC			DSIStudio	autotrackgqi
ProjectionBasalGanglia_AnsaSubthalamicaR	ad	DSIStudio	/scratch/executivefunction/SLURM_13244013_206/job-13244013-206-sub-22653-ses-2/ds/inputs/data/qsiprep/qsiprep/sub-22653/ses-2/dwi/sub-22653_ses-2_space-ACPC_desc-preproc_dwi.nii.gz	0.0	1.2674035863026678	0.4841530882967031	1.1270498037338257	1.2674035863026678	1.1270498037338257	0.4841530882967031	1.1863771732347526	1.1863771732347526	sub-22653	ses-2				space-ACPC			DSIStudio	autotrackgqi
ProjectionBasalGanglia_AnsaSubthalamicaR	dti_fa	DSIStudio	/scratch/executivefunction/SLURM_13244013_206/job-13244013-206-sub-22653-ses-2/ds/inputs/data/qsiprep/qsiprep/sub-22653/ses-2/dwi/sub-22653_ses-2_space-ACPC_desc-preproc_dwi.nii.gz	0.0	0.3088435834865966	0.1315368053794842	0.3015690445899963	0.3088435834865966	0.3015690445899963	0.1315368053794842	0.3406361665096092	0.3406361665096092	sub-22653	ses-2				space-ACPC			DSIStudio	autotrackgqi
ProjectionBasalGanglia_AnsaSubthalamicaR	gfa	DSIStudio	/scratch/executivefunction/SLURM_13244013_206/job-13244013-206-sub-22653-ses-2/ds/inputs/data/qsiprep/qsiprep/sub-22653/ses-2/dwi/sub-22653_ses-2_space-ACPC_desc-preproc_dwi.nii.gz	0.0	0.0690174105043555	0.0264089901704839	0.0656067803502082	0.0690174105043555	0.0656067803502082	0.0264089901704839	0.0720908387180395	0.0720908387180395	sub-22653	ses-2				space-ACPC			DSIStudio	autotrackgqi
ProjectionBasalGanglia_AnsaSubthalamicaR	ha	DSIStudio	/scratch/executivefunction/SLURM_13244013_206/job-13244013-206-sub-22653-ses-2/ds/inputs/data/qsiprep/qsiprep/sub-22653/ses-2/dwi/sub-22653_ses-2_space-ACPC_desc-preproc_dwi.nii.gz	0.0	-5.661695859955764	34.01101578372596	-4.9598798751831055	-5.661695859955764	-4.9598798751831055	34.01101578372596	-14.829392145354548	-14.829392145354548	sub-22653	ses-2				space-ACPC			DSIStudio	autotrackgqi
ProjectionBasalGanglia_AnsaSubthalamicaR	iso	DSIStudio	/scratch/executivefunction/SLURM_13244013_206/job-13244013-206-sub-22653-ses-2/ds/inputs/data/qsiprep/qsiprep/sub-22653/ses-2/dwi/sub-22653_ses-2_space-ACPC_desc-preproc_dwi.nii.gz	0.0	0.694283469824747	0.1643145099392477	0.6912537217140198	0.694283469824747	0.6912537217140198	0.1643145099392477	0.743911297012688	0.743911297012688	sub-22653	ses-2				space-ACPC			DSIStudio	autotrackgqi
ProjectionBasalGanglia_AnsaSubthalamicaR	md	DSIStudio	/scratch/executivefunction/SLURM_13244013_206/job-13244013-206-sub-22653-ses-2/ds/inputs/data/qsiprep/qsiprep/sub-22653/ses-2/dwi/sub-22653_ses-2_space-ACPC_desc-preproc_dwi.nii.gz	0.0	0.9613799542051308	0.4317279074719747	0.8181118369102478	0.9613799542051308	0.8181118369102478	0.4317279074719747	0.8636772756323197	0.8636772756323197	sub-22653	ses-2				space-ACPC			DSIStudio	autotrackgqi
ProjectionBasalGanglia_AnsaSubthalamicaR	qa	DSIStudio	/scratch/executivefunction/SLURM_13244013_206/job-13244013-206-sub-22653-ses-2/ds/inputs/data/qsiprep/qsiprep/sub-22653/ses-2/dwi/sub-22653_ses-2_space-ACPC_desc-preproc_dwi.nii.gz	0.0	0.2139276047902447	0.0981471035110607	0.1998930275440216	0.2139276047902447	0.1998930275440216	0.0981471035110607	0.2337469796778157	0.2337469796778157	sub-22653	ses-2				space-ACPC			DSIStudio	autotrackgqi
ProjectionBasalGanglia_AnsaSubthalamicaR	rd1	DSIStudio	/scratch/executivefunction/SLURM_13244013_206/job-13244013-206-sub-22653-ses-2/ds/inputs/data/qsiprep/qsiprep/sub-22653/ses-2/dwi/sub-22653_ses-2_space-ACPC_desc-preproc_dwi.nii.gz	0.0	0.9063229886800646	0.4382695710098891	0.7811028957366943	0.9063229886800646	0.7811028957366943	0.4382695710098891	0.7976432527240854	0.7976432527240854	sub-22653	ses-2				space-ACPC			DSIStudio	autotrackgqi
ProjectionBasalGanglia_AnsaSubthalamicaR	rd2	DSIStudio	/scratch/executivefunction/SLURM_13244013_206/job-13244013-206-sub-22653-ses-2/ds/inputs/data/qsiprep/qsiprep/sub-22653/ses-2/dwi/sub-22653_ses-2_space-ACPC_desc-preproc_dwi.nii.gz	0.0	0.7104132997641732	0.4213123174636226	0.5929563045501709	0.7104132997641732	0.5929563045501709	0.4213123174636226	0.6070114043588867	0.6070114043588867	sub-22653	ses-2				space-ACPC			DSIStudio	autotrackgqi
ProjectionBasalGanglia_AnsaSubthalamicaR	rd	DSIStudio	/scratch/executivefunction/SLURM_13244013_206/job-13244013-206-sub-22653-ses-2/ds/inputs/data/qsiprep/qsiprep/sub-22653/ses-2/dwi/sub-22653_ses-2_space-ACPC_desc-preproc_dwi.nii.gz	0.0	0.8083681442678982	0.4264578703558654	0.683605432510376	0.8083681442678982	0.683605432510376	0.4264578703558654	0.7023273232085223	0.7023273232085223	sub-22653	ses-2				space-ACPC			DSIStudio	autotrackgqi
ProjectionBasalGanglia_AnsaSubthalamicaR	txx	DSIStudio	/scratch/executivefunction/SLURM_13244013_206/job-13244013-206-sub-22653-ses-2/ds/inputs/data/qsiprep/qsiprep/sub-22653/ses-2/dwi/sub-22653_ses-2_space-ACPC_desc-preproc_dwi.nii.gz	0.0	0.0009640409003069	0.0004574924545354	0.0008182722376659	0.0009640409003069	0.0008182722376659	0.0004574924545354	0.0008976119181612	0.0008976119181612	sub-22653	ses-2				space-ACPC			DSIStudio	autotrackgqi
ProjectionBasalGanglia_AnsaSubthalamicaR	txy	DSIStudio	/scratch/executivefunction/SLURM_13244013_206/job-13244013-206-sub-22653-ses-2/ds/inputs/data/qsiprep/qsiprep/sub-22653/ses-2/dwi/sub-22653_ses-2_space-ACPC_desc-preproc_dwi.nii.gz	0.0	-2.2430889770250287e-05	0.0001492453205504	3.187757101841271e-06	-2.2430889770250287e-05	3.187757101841271e-06	0.0001492453205504	-2.115155401356813e-05	-2.115155401356813e-05	sub-22653	ses-2				space-ACPC			DSIStudio	autotrackgqi
ProjectionBasalGanglia_AnsaSubthalamicaR	txz	DSIStudio	/scratch/executivefunction/SLURM_13244013_206/job-13244013-206-sub-22653-ses-2/ds/inputs/data/qsiprep/qsiprep/sub-22653/ses-2/dwi/sub-22653_ses-2_space-ACPC_desc-preproc_dwi.nii.gz	0.0	-3.0143773905433132e-05	0.0001253493698205	-2.794788633764256e-05	-3.0143773905433132e-05	-2.794788633764256e-05	0.0001253493698205	-5.9285938386100336e-05	-5.9285938386100336e-05	sub-22653	ses-2				space-ACPC			DSIStudio	autotrackgqi
ProjectionBasalGanglia_AnsaSubthalamicaR	tyy	DSIStudio	/scratch/executivefunction/SLURM_13244013_206/job-13244013-206-sub-22653-ses-2/ds/inputs/data/qsiprep/qsiprep/sub-22653/ses-2/dwi/sub-22653_ses-2_space-ACPC_desc-preproc_dwi.nii.gz	0.0	0.000995161637078	0.0004812612425813	0.0008517894893884	0.000995161637078	0.0008517894893884	0.0004812612425813	0.0008693431044853	0.0008693431044853	sub-22653	ses-2				space-ACPC			DSIStudio	autotrackgqi
ProjectionBasalGanglia_AnsaSubthalamicaR	tyz	DSIStudio	/scratch/executivefunction/SLURM_13244013_206/job-13244013-206-sub-22653-ses-2/ds/inputs/data/qsiprep/qsiprep/sub-22653/ses-2/dwi/sub-22653_ses-2_space-ACPC_desc-preproc_dwi.nii.gz	0.0	2.686821041346511e-05	0.0001310298689423	1.7271442629862577e-05	2.686821041346511e-05	1.7271442629862577e-05	0.0001310298689423	5.113512631859196e-05	5.113512631859196e-05	sub-22653	ses-2				space-ACPC			DSIStudio	autotrackgqi
ProjectionBasalGanglia_AnsaSubthalamicaR	tzz	DSIStudio	/scratch/executivefunction/SLURM_13244013_206/job-13244013-206-sub-22653-ses-2/ds/inputs/data/qsiprep/qsiprep/sub-22653/ses-2/dwi/sub-22653_ses-2_space-ACPC_desc-preproc_dwi.nii.gz	0.0	0.0009249373333841	0.0004535285079206	0.0008087719907052	0.0009249373333841	0.0008087719907052	0.0004535285079206	0.0008240768086955	0.0008240768086955	sub-22653	ses-2				space-ACPC			DSIStudio	autotrackgqi
ProjectionBrainstem_DentatorubrothalamicTract-lr	ad	DSIStudio	/scratch/executivefunction/SLURM_13244013_206/job-13244013-206-sub-22653-ses-2/ds/inputs/data/qsiprep/qsiprep/sub-22653/ses-2/dwi/sub-22653_ses-2_space-ACPC_desc-preproc_dwi.nii.gz	0.0	1.3663463427552156	0.6876973057843336	1.1572104692459106	1.3663463427552156	1.1572104692459106	0.6876973057843336	1.35355038522498	1.35355038522498	sub-22653	ses-2				space-ACPC			DSIStudio	autotrackgqi
ProjectionBrainstem_DentatorubrothalamicTract-lr	dti_fa	DSIStudio	/scratch/executivefunction/SLURM_13244013_206/job-13244013-206-sub-22653-ses-2/ds/inputs/data/qsiprep/qsiprep/sub-22653/ses-2/dwi/sub-22653_ses-2_space-ACPC_desc-preproc_dwi.nii.gz	0.0	0.4427443873137235	0.1660667686592804	0.44346883893013	0.4427443873137235	0.44346883893013	0.1660667686592804	0.4495561891929746	0.4495561891929746	sub-22653	ses-2				space-ACPC			DSIStudio	autotrackgqi
ProjectionBrainstem_DentatorubrothalamicTract-lr	gfa	DSIStudio	/scratch/executivefunction/SLURM_13244013_206/job-13244013-206-sub-22653-ses-2/ds/inputs/data/qsiprep/qsiprep/sub-22653/ses-2/dwi/sub-22653_ses-2_space-ACPC_desc-preproc_dwi.nii.gz	0.0	0.0970821525635463	0.0349363222563336	0.0948285833001136	0.0970821525635463	0.0948285833001136	0.0349363222563336	0.0986646305607775	0.0986646305607775	sub-22653	ses-2				space-ACPC			DSIStudio	autotrackgqi
ProjectionBrainstem_DentatorubrothalamicTract-lr	ha	DSIStudio	/scratch/executivefunction/SLURM_13244013_206/job-13244013-206-sub-22653-ses-2/ds/inputs/data/qsiprep/qsiprep/sub-22653/ses-2/dwi/sub-22653_ses-2_space-ACPC_desc-preproc_dwi.nii.gz	0.0	-36.66788197415216	32.75015646005729	-46.21617126464844	-36.66788197415216	-46.21617126464844	32.75015646005729	-36.34097954806633	-36.34097954806633	sub-22653	ses-2				space-ACPC			DSIStudio	autotrackgqi
ProjectionBrainstem_DentatorubrothalamicTract-lr	iso	DSIStudio	/scratch/executivefunction/SLURM_13244013_206/job-13244013-206-sub-22653-ses-2/ds/inputs/data/qsiprep/qsiprep/sub-22653/ses-2/dwi/sub-22653_ses-2_space-ACPC_desc-preproc_dwi.nii.gz	0.0	0.6534935643098184	0.1513156444517132	0.6386489570140839	0.6534935643098184	0.6386489570140839	0.1513156444517132	0.6571264184925127	0.6571264184925127	sub-22653	ses-2				space-ACPC			DSIStudio	autotrackgqi
ProjectionBrainstem_DentatorubrothalamicTract-lr	md	DSIStudio	/scratch/executivefunction/SLURM_13244013_206/job-13244013-206-sub-22653-ses-2/ds/inputs/data/qsiprep/qsiprep/sub-22653/ses-2/dwi/sub-22653_ses-2_space-ACPC_desc-preproc_dwi.nii.gz	0.0	0.9355336379792007	0.6394146810815233	0.7443934679031372	0.9355336379792007	0.7443934679031372	0.6394146810815233	0.9169504211053864	0.9169504211053864	sub-22653	ses-2				space-ACPC			DSIStudio	autotrackgqi
ProjectionBrainstem_DentatorubrothalamicTract-lr	qa	DSIStudio	/scratch/executivefunction/SLURM_13244013_206/job-13244013-206-sub-22653-ses-2/ds/inputs/data/qsiprep/qsiprep/sub-22653/ses-2/dwi/sub-22653_ses-2_space-ACPC_desc-preproc_dwi.nii.gz	0.0	0.291399269032159	0.1212341749446011	0.2725755125284195	0.291399269032159	0.2725755125284195	0.1212341749446011	0.2977263107665692	0.2977263107665692	sub-22653	ses-2				space-ACPC			DSIStudio	autotrackgqi
ProjectionBrainstem_DentatorubrothalamicTract-lr	rd1	DSIStudio	/scratch/executivefunction/SLURM_13244013_206/job-13244013-206-sub-22653-ses-2/ds/inputs/data/qsiprep/qsiprep/sub-22653/ses-2/dwi/sub-22653_ses-2_space-ACPC_desc-preproc_dwi.nii.gz	0.0	0.8298668009894234	0.6578203688388248	0.6596643030643463	0.8298668009894234	0.6596643030643463	0.6578203688388248	0.8050712617806701	0.8050712617806701	sub-22653	ses-2				space-ACPC			DSIStudio	autotrackgqi
ProjectionBrainstem_DentatorubrothalamicTract-lr	rd2	DSIStudio	/scratch/executivefunction/SLURM_13244013_206/job-13244013-206-sub-22653-ses-2/ds/inputs/data/qsiprep/qsiprep/sub-22653/ses-2/dwi/sub-22653_ses-2_space-ACPC_desc-preproc_dwi.nii.gz	0.0	0.6103877582188163	0.6178857948435361	0.4180387407541275	0.6103877582188163	0.4180387407541275	0.6178857948435361	0.5922296146075189	0.5922296146075189	sub-22653	ses-2				space-ACPC			DSIStudio	autotrackgqi
ProjectionBrainstem_DentatorubrothalamicTract-lr	rd	DSIStudio	/scratch/executivefunction/SLURM_13244013_206/job-13244013-206-sub-22653-ses-2/ds/inputs/data/qsiprep/qsiprep/sub-22653/ses-2/dwi/sub-22653_ses-2_space-ACPC_desc-preproc_dwi.nii.gz	0.0	0.720127281333719	0.6353368964413436	0.5519291162490845	0.720127281333719	0.5519291162490845	0.6353368964413436	0.698650440322832	0.698650440322832	sub-22653	ses-2				space-ACPC			DSIStudio	autotrackgqi
ProjectionBrainstem_DentatorubrothalamicTract-lr	txx	DSIStudio	/scratch/executivefunction/SLURM_13244013_206/job-13244013-206-sub-22653-ses-2/ds/inputs/data/qsiprep/qsiprep/sub-22653/ses-2/dwi/sub-22653_ses-2_space-ACPC_desc-preproc_dwi.nii.gz	0.0	0.0008189567405289	0.0006496994889617	0.0006728196749463	0.0008189567405289	0.0006728196749463	0.0006496994889617	0.0008025483474823	0.0008025483474823	sub-22653	ses-2				space-ACPC			DSIStudio	autotrackgqi
ProjectionBrainstem_DentatorubrothalamicTract-lr	txy	DSIStudio	/scratch/executivefunction/SLURM_13244013_206/job-13244013-206-sub-22653-ses-2/ds/inputs/data/qsiprep/qsiprep/sub-22653/ses-2/dwi/sub-22653_ses-2_space-ACPC_desc-preproc_dwi.nii.gz	0.0	-1.02322296697821e-05	0.0001351518938685	-2.0526199477899357e-05	-1.02322296697821e-05	-2.0526199477899357e-05	0.0001351518938685	-1.6318446477697128e-05	-1.6318446477697128e-05	sub-22653	ses-2				space-ACPC			DSIStudio	autotrackgqi
ProjectionBrainstem_DentatorubrothalamicTract-lr	txz	DSIStudio	/scratch/executivefunction/SLURM_13244013_206/job-13244013-206-sub-22653-ses-2/ds/inputs/data/qsiprep/qsiprep/sub-22653/ses-2/dwi/sub-22653_ses-2_space-ACPC_desc-preproc_dwi.nii.gz	0.0	-1.844864627693304e-05	0.0001826614574839	4.023435849376256e-06	-1.844864627693304e-05	4.023435849376256e-06	0.0001826614574839	-1.6144280221131435e-05	-1.6144280221131435e-05	sub-22653	ses-2				space-ACPC			DSIStudio	autotrackgqi
ProjectionBrainstem_DentatorubrothalamicTract-lr	tyy	DSIStudio	/scratch/executivefunction/SLURM_13244013_206/job-13244013-206-sub-22653-ses-2/ds/inputs/data/qsiprep/qsiprep/sub-22653/ses-2/dwi/sub-22653_ses-2_space-ACPC_desc-preproc_dwi.nii.gz	0.0	0.0008990411578062	0.000649405162022	0.000724563084077	0.0008990411578062	0.000724563084077	0.000649405162022	0.0008736131127727	0.0008736131127727	sub-22653	ses-2				space-ACPC			DSIStudio	autotrackgqi
ProjectionBrainstem_DentatorubrothalamicTract-lr	tyz	DSIStudio	/scratch/executivefunction/SLURM_13244013_206/job-13244013-206-sub-22653-ses-2/ds/inputs/data/qsiprep/qsiprep/sub-22653/ses-2/dwi/sub-22653_ses-2_space-ACPC_desc-preproc_dwi.nii.gz	0.0	-0.0002055637522561	0.000147506262337	-0.0001840717741288	-0.0002055637522561	-0.0001840717741288	0.000147506262337	-0.0002100706955585	-0.0002100706955585	sub-22653	ses-2				space-ACPC			DSIStudio	autotrackgqi
ProjectionBrainstem_DentatorubrothalamicTract-lr	tzz	DSIStudio	/scratch/executivefunction/SLURM_13244013_206/job-13244013-206-sub-22653-ses-2/ds/inputs/data/qsiprep/qsiprep/sub-22653/ses-2/dwi/sub-22653_ses-2_space-ACPC_desc-preproc_dwi.nii.gz	0.0	0.0010886030169266	0.0006896033395015	0.0009032932284753	0.0010886030169266	0.0009032932284753	0.0006896033395015	0.0010746898093833	0.0010746898093833	sub-22653	ses-2				space-ACPC			DSIStudio	autotrackgqi
ProjectionBrainstem_NonDecussatingDentatorubrothalamicTractR	ad	DSIStudio	/scratch/executivefunction/SLURM_13244013_206/job-13244013-206-sub-22653-ses-2/ds/inputs/data/qsiprep/qsiprep/sub-22653/ses-2/dwi/sub-22653_ses-2_space-ACPC_desc-preproc_dwi.nii.gz	0.0	1.2031719793133042	0.3629105730594647	1.124713659286499	1.2031719793133042	1.124713659286499	0.3629105730594647	1.323253679849063	1.323253679849063	sub-22653	ses-2				space-ACPC			DSIStudio	autotrackgqi
ProjectionBrainstem_NonDecussatingDentatorubrothalamicTractR	dti_fa	DSIStudio	/scratch/executivefunction/SLURM_13244013_206/job-13244013-206-sub-22653-ses-2/ds/inputs/data/qsiprep/qsiprep/sub-22653/ses-2/dwi/sub-22653_ses-2_space-ACPC_desc-preproc_dwi.nii.gz	0.0	0.3992473964515254	0.1769100773722781	0.3923767209053039	0.3992473964515254	0.3923767209053039	0.1769100773722781	0.4572665052507293	0.4572665052507293	sub-22653	ses-2				space-ACPC			DSIStudio	autotrackgqi
ProjectionBrainstem_NonDecussatingDentatorubrothalamicTractR	gfa	DSIStudio	/scratch/executivefunction/SLURM_13244013_206/job-13244013-206-sub-22653-ses-2/ds/inputs/data/qsiprep/qsiprep/sub-22653/ses-2/dwi/sub-22653_ses-2_space-ACPC_desc-preproc_dwi.nii.gz	0.0	0.0873520003682945	0.0385338353761738	0.0853820070624351	0.0873520003682945	0.0853820070624351	0.0385338353761738	0.1023007982413146	0.1023007982413146	sub-22653	ses-2				space-ACPC			DSIStudio	autotrackgqi
ProjectionBrainstem_NonDecussatingDentatorubrothalamicTractR	ha	DSIStudio	/scratch/executivefunction/SLURM_13244013_206/job-13244013-206-sub-22653-ses-2/ds/inputs/data/qsiprep/qsiprep/sub-22653/ses-2/dwi/sub-22653_ses-2_space-ACPC_desc-preproc_dwi.nii.gz	0.0	1.6303698785127116	58.2614402110505	14.32594394683838	1.6303698785127116	14.32594394683838	58.2614402110505	-1.0931692095871757	-1.0931692095871757	sub-22653	ses-2				space-ACPC			DSIStudio	autotrackgqi
ProjectionBrainstem_NonDecussatingDentatorubrothalamicTractR	iso	DSIStudio	/scratch/executivefunction/SLURM_13244013_206/job-13244013-206-sub-22653-ses-2/ds/inputs/data/qsiprep/qsiprep/sub-22653/ses-2/dwi/sub-22653_ses-2_space-ACPC_desc-preproc_dwi.nii.gz	0.0	0.69332954411169	0.0971122114215797	0.6889656186103821	0.69332954411169	0.6889656186103821	0.0971122114215797	0.6787596634448321	0.6787596634448321	sub-22653	ses-2				space-ACPC			DSIStudio	autotrackgqi
ProjectionBrainstem_NonDecussatingDentatorubrothalamicTractR	md	DSIStudio	/scratch/executivefunction/SLURM_13244013_206/job-13244013-206-sub-22653-ses-2/ds/inputs/data/qsiprep/qsiprep/sub-22653/ses-2/dwi/sub-22653_ses-2_space-ACPC_desc-preproc_dwi.nii.gz	0.0	0.8291590546553556	0.3016071029677143	0.7663598656654358	0.8291590546553556	0.7663598656654358	0.3016071029677143	0.8670808951776932	0.8670808951776932	sub-22653	ses-2				space-ACPC			DSIStudio	autotrackgqi
ProjectionBrainstem_NonDecussatingDentatorubrothalamicTractR	qa	DSIStudio	/scratch/executivefunction/SLURM_13244013_206/job-13244013-206-sub-22653-ses-2/ds/inputs/data/qsiprep/qsiprep/sub-22653/ses-2/dwi/sub-22653_ses-2_space-ACPC_desc-preproc_dwi.nii.gz	0.0	0.2753605380625542	0.134534856777971	0.2570785284042358	0.2753605380625542	0.2570785284042358	0.134534856777971	0.3259138472014121	0.3259138472014121	sub-22653	ses-2				space-ACPC			DSIStudio	autotrackgqi
ProjectionBrainstem_NonDecussatingDentatorubrothalamicTractR	rd1	DSIStudio	/scratch/executivefunction/SLURM_13244013_206/job-13244013-206-sub-22653-ses-2/ds/inputs/data/qsiprep/qsiprep/sub-22653/ses-2/dwi/sub-22653_ses-2_space-ACPC_desc-preproc_dwi.nii.gz	0.0	0.7419968564203041	0.3214605535450557	0.694620668888092	0.7419968564203041	0.694620668888092	0.3214605535450557	0.7421132867553981	0.7421132867553981	sub-22653	ses-2				space-ACPC			DSIStudio	autotrackgqi
ProjectionBrainstem_NonDecussatingDentatorubrothalamicTractR	rd2	DSIStudio	/scratch/executivefunction/SLURM_13244013_206/job-13244013-206-sub-22653-ses-2/ds/inputs/data/qsiprep/qsiprep/sub-22653/ses-2/dwi/sub-22653_ses-2_space-ACPC_desc-preproc_dwi.nii.gz	0.0	0.5423083257816764	0.3208769996385285	0.4826062619686126	0.5423083257816764	0.4826062619686126	0.3208769996385285	0.5358757114939364	0.5358757114939364	sub-22653	ses-2				space-ACPC			DSIStudio	autotrackgqi
ProjectionBrainstem_NonDecussatingDentatorubrothalamicTractR	rd	DSIStudio	/scratch/executivefunction/SLURM_13244013_206/job-13244013-206-sub-22653-ses-2/ds/inputs/data/qsiprep/qsiprep/sub-22653/ses-2/dwi/sub-22653_ses-2_space-ACPC_desc-preproc_dwi.nii.gz	0.0	0.6421525907309171	0.3160114789679268	0.5890647768974304	0.6421525907309171	0.5890647768974304	0.3160114789679268	0.6389944993918243	0.6389944993918243	sub-22653	ses-2				space-ACPC			DSIStudio	autotrackgqi
ProjectionBrainstem_NonDecussatingDentatorubrothalamicTractR	txx	DSIStudio	/scratch/executivefunction/SLURM_13244013_206/job-13244013-206-sub-22653-ses-2/ds/inputs/data/qsiprep/qsiprep/sub-22653/ses-2/dwi/sub-22653_ses-2_space-ACPC_desc-preproc_dwi.nii.gz	0.0	0.0007125286816655	0.000336723955764	0.0006689059082418	0.0007125286816655	0.0006689059082418	0.000336723955764	0.0007002644108002	0.0007002644108002	sub-22653	ses-2				space-ACPC			DSIStudio	autotrackgqi
ProjectionBrainstem_NonDecussatingDentatorubrothalamicTractR	txy	DSIStudio	/scratch/executivefunction/SLURM_13244013_206/job-13244013-206-sub-22653-ses-2/ds/inputs/data/qsiprep/qsiprep/sub-22653/ses-2/dwi/sub-22653_ses-2_space-ACPC_desc-preproc_dwi.nii.gz	0.0	1.263797536838624e-06	0.0001083889223372	3.656581100131008e-07	1.263797536838624e-06	3.656581100131008e-07	0.0001083889223372	-1.4608647298004424e-05	-1.4608647298004424e-05	sub-22653	ses-2				space-ACPC			DSIStudio	autotrackgqi
ProjectionBrainstem_NonDecussatingDentatorubrothalamicTractR	txz	DSIStudio	/scratch/executivefunction/SLURM_13244013_206/job-13244013-206-sub-22653-ses-2/ds/inputs/data/qsiprep/qsiprep/sub-22653/ses-2/dwi/sub-22653_ses-2_space-ACPC_desc-preproc_dwi.nii.gz	0.0	-5.752418008143833e-06	0.0001700020059129	-2.7412852432462387e-06	-5.752418008143833e-06	-2.7412852432462387e-06	0.0001700020059129	-3.7733826548317433e-06	-3.7733826548317433e-06	sub-22653	ses-2				space-ACPC			DSIStudio	autotrackgqi
ProjectionBrainstem_NonDecussatingDentatorubrothalamicTractR	tyy	DSIStudio	/scratch/executivefunction/SLURM_13244013_206/job-13244013-206-sub-22653-ses-2/ds/inputs/data/qsiprep/qsiprep/sub-22653/ses-2/dwi/sub-22653_ses-2_space-ACPC_desc-preproc_dwi.nii.gz	0.0	0.0007557080882423	0.0003752396616139	0.000695195631124	0.0007557080882423	0.000695195631124	0.0003752396616139	0.0008202022919676	0.0008202022919676	sub-22653	ses-2				space-ACPC			DSIStudio	autotrackgqi
ProjectionBrainstem_NonDecussatingDentatorubrothalamicTractR	tyz	DSIStudio	/scratch/executivefunction/SLURM_13244013_206/job-13244013-206-sub-22653-ses-2/ds/inputs/data/qsiprep/qsiprep/sub-22653/ses-2/dwi/sub-22653_ses-2_space-ACPC_desc-preproc_dwi.nii.gz	0.0	-3.675926169047891e-05	0.0001711903515354	-2.274754115205724e-05	-3.675926169047891e-05	-2.274754115205724e-05	0.0001711903515354	-7.983937147486146e-05	-7.983937147486146e-05	sub-22653	ses-2				space-ACPC			DSIStudio	autotrackgqi
ProjectionBrainstem_NonDecussatingDentatorubrothalamicTractR	tzz	DSIStudio	/scratch/executivefunction/SLURM_13244013_206/job-13244013-206-sub-22653-ses-2/ds/inputs/data/qsiprep/qsiprep/sub-22653/ses-2/dwi/sub-22653_ses-2_space-ACPC_desc-preproc_dwi.nii.gz	0.0	0.0010192403909417	0.0003402514299796	0.0009835511445999	0.0010192403909417	0.0009835511445999	0.0003402514299796	0.0010807759781075	0.0010807759781075	sub-22653	ses-2				space-ACPC			DSIStudio	autotrackgqi
ProjectionBrainstem_ReticularTractR	ad	DSIStudio	/scratch/executivefunction/SLURM_13244013_206/job-13244013-206-sub-22653-ses-2/ds/inputs/data/qsiprep/qsiprep/sub-22653/ses-2/dwi/sub-22653_ses-2_space-ACPC_desc-preproc_dwi.nii.gz	0.0015197568389057	1.195356193722321	0.3488891622809077	1.128463625907898	1.197175609542294	1.128589689731598	0.346021327706655	1.304423723124074	1.3046146293378391	sub-22653	ses-2				space-ACPC			DSIStudio	autotrackgqi
ProjectionBrainstem_ReticularTractR	dti_fa	DSIStudio	/scratch/executivefunction/SLURM_13244013_206/job-13244013-206-sub-22653-ses-2/ds/inputs/data/qsiprep/qsiprep/sub-22653/ses-2/dwi/sub-22653_ses-2_space-ACPC_desc-preproc_dwi.nii.gz	0.0015197568389057	0.3879867730631088	0.1547201291754849	0.3799456506967544	0.3885773160966904	0.3802317678928375	0.1540950438581947	0.4090717662347927	0.409131634886889	sub-22653	ses-2				space-ACPC			DSIStudio	autotrackgqi
ProjectionBrainstem_ReticularTractR	gfa	DSIStudio	/scratch/executivefunction/SLURM_13244013_206/job-13244013-206-sub-22653-ses-2/ds/inputs/data/qsiprep/qsiprep/sub-22653/ses-2/dwi/sub-22653_ses-2_space-ACPC_desc-preproc_dwi.nii.gz	0.0015197568389057	0.0859677740792614	0.0325473253953798	0.0840952061116695	0.0860986230504627	0.0842107571661472	0.0323986858703254	0.0920409695000595	0.0920544399399903	sub-22653	ses-2				space-ACPC			DSIStudio	autotrackgqi
ProjectionBrainstem_ReticularTractR	ha	DSIStudio	/scratch/executivefunction/SLURM_13244013_206/job-13244013-206-sub-22653-ses-2/ds/inputs/data/qsiprep/qsiprep/sub-22653/ses-2/dwi/sub-22653_ses-2_space-ACPC_desc-preproc_dwi.nii.gz	0.0015197568389057	7.864337191633925	45.643255242310346	12.43312120437622	7.876307263462897	12.486258506774902	45.67694613135093	0.8985011216070324	0.8986326326274909	sub-22653	ses-2				space-ACPC			DSIStudio	autotrackgqi
ProjectionBrainstem_ReticularTractR	iso	DSIStudio	/scratch/executivefunction/SLURM_13244013_206/job-13244013-206-sub-22653-ses-2/ds/inputs/data/qsiprep/qsiprep/sub-22653/ses-2/dwi/sub-22653_ses-2_space-ACPC_desc-preproc_dwi.nii.gz	0.0015197568389057	0.6545183984501421	0.1179811753049002	0.6408331096172333	0.6555146212788334	0.640941321849823	0.1152723108014544	0.6751445242137863	0.6752433334576754	sub-22653	ses-2				space-ACPC			DSIStudio	autotrackgqi
ProjectionBrainstem_ReticularTractR	md	DSIStudio	/scratch/executivefunction/SLURM_13244013_206/job-13244013-206-sub-22653-ses-2/ds/inputs/data/qsiprep/qsiprep/sub-22653/ses-2/dwi/sub-22653_ses-2_space-ACPC_desc-preproc_dwi.nii.gz	0.0015197568389057	0.834293272470812	0.3017098872068508	0.7788297533988953	0.8355631252447401	0.7789291143417358	0.3001772246161963	0.902724728850046	0.902856845372424	sub-22653	ses-2				space-ACPC			DSIStudio	autotrackgqi
ProjectionBrainstem_ReticularTractR	qa	DSIStudio	/scratch/executivefunction/SLURM_13244013_206/job-13244013-206-sub-22653-ses-2/ds/inputs/data/qsiprep/qsiprep/sub-22653/ses-2/dwi/sub-22653_ses-2_space-ACPC_desc-preproc_dwi.nii.gz	0.0015197568389057	0.253721168371962	0.1078085401069165	0.2390982955694198	0.2541073497545677	0.2393127083778381	0.107434818969735	0.2825000481820774	0.2825413927502906	sub-22653	ses-2				space-ACPC			DSIStudio	autotrackgqi
ProjectionBrainstem_ReticularTractR	rd1	DSIStudio	/scratch/executivefunction/SLURM_13244013_206/job-13244013-206-sub-22653-ses-2/ds/inputs/data/qsiprep/qsiprep/sub-22653/ses-2/dwi/sub-22653_ses-2_space-ACPC_desc-preproc_dwi.nii.gz	0.0015197568389057	0.7531697683700614	0.322312773588349	0.7132713198661804	0.7543161454908682	0.713629812002182	0.3212147479308695	0.7991612266983983	0.7992781865385956	sub-22653	ses-2				space-ACPC			DSIStudio	autotrackgqi
ProjectionBrainstem_ReticularTractR	rd2	DSIStudio	/scratch/executivefunction/SLURM_13244013_206/job-13244013-206-sub-22653-ses-2/ds/inputs/data/qsiprep/qsiprep/sub-22653/ses-2/dwi/sub-22653_ses-2_space-ACPC_desc-preproc_dwi.nii.gz	0.0015197568389057	0.5543538515494708	0.3108501388236313	0.5034047663211823	0.5551976169247363	0.5038678646087646	0.3103327674795249	0.6045892275128554	0.6046777110246785	sub-22653	ses-2				space-ACPC			DSIStudio	autotrackgqi
ProjectionBrainstem_ReticularTractR	rd	DSIStudio	/scratch/executivefunction/SLURM_13244013_206/job-13244013-206-sub-22653-ses-2/ds/inputs/data/qsiprep/qsiprep/sub-22653/ses-2/dwi/sub-22653_ses-2_space-ACPC_desc-preproc_dwi.nii.gz	0.0015197568389057	0.653761809440792	0.3112433957218573	0.6111928820610046	0.6547568806880383	0.6112731993198395	0.3104325503037826	0.701875224126782	0.7019779458023561	sub-22653	ses-2				space-ACPC			DSIStudio	autotrackgqi
ProjectionBrainstem_ReticularTractR	txx	DSIStudio	/scratch/executivefunction/SLURM_13244013_206/job-13244013-206-sub-22653-ses-2/ds/inputs/data/qsiprep/qsiprep/sub-22653/ses-2/dwi/sub-22653_ses-2_space-ACPC_desc-preproc_dwi.nii.gz	0.0015197568389057	0.0007561196377704	0.0003192050106929	0.0007081141229718	0.0007572705047989	0.0007084977405611	0.0003180808194602	0.0007817116971995	0.0007818261031649	sub-22653	ses-2				space-ACPC			DSIStudio	autotrackgqi
ProjectionBrainstem_ReticularTractR	txy	DSIStudio	/scratch/executivefunction/SLURM_13244013_206/job-13244013-206-sub-22653-ses-2/ds/inputs/data/qsiprep/qsiprep/sub-22653/ses-2/dwi/sub-22653_ses-2_space-ACPC_desc-preproc_dwi.nii.gz	0.0015197568389057	3.0213979988347115e-05	0.0001316013416439	1.4307553556136554e-05	3.0259967781327858e-05	1.444877261747024e-05	0.0001316961735651	6.247463071550186e-05	6.248377389564445e-05	sub-22653	ses-2				space-ACPC			DSIStudio	autotrackgqi
ProjectionBrainstem_ReticularTractR	txz	DSIStudio	/scratch/executivefunction/SLURM_13244013_206/job-13244013-206-sub-22653-ses-2/ds/inputs/data/qsiprep/qsiprep/sub-22653/ses-2/dwi/sub-22653_ses-2_space-ACPC_desc-preproc_dwi.nii.gz	0.0015197568389057	-2.4842467499088395e-05	0.0001599368251535	-1.7758542526280507e-05	-2.4880279473972853e-05	-1.8045492652163372e-05	0.0001600555575294	-4.548659799378913e-05	-4.549325501227899e-05	sub-22653	ses-2				space-ACPC			DSIStudio	autotrackgqi
ProjectionBrainstem_ReticularTractR	tyy	DSIStudio	/scratch/executivefunction/SLURM_13244013_206/job-13244013-206-sub-22653-ses-2/ds/inputs/data/qsiprep/qsiprep/sub-22653/ses-2/dwi/sub-22653_ses-2_space-ACPC_desc-preproc_dwi.nii.gz	0.0015197568389057	0.0008590933061135	0.0003568111775597	0.0008025275601539	0.000860400906275	0.0008033116173464	0.000355503779472	0.0009999551674552	0.0010001015136237	sub-22653	ses-2				space-ACPC			DSIStudio	autotrackgqi
ProjectionBrainstem_ReticularTractR	tyz	DSIStudio	/scratch/executivefunction/SLURM_13244013_206/job-13244013-206-sub-22653-ses-2/ds/inputs/data/qsiprep/qsiprep/sub-22653/ses-2/dwi/sub-22653_ses-2_space-ACPC_desc-preproc_dwi.nii.gz	0.0015197568389057	-8.644961454750017e-05	0.0001511337171527	-7.723105954937637e-05	-8.65811969136303e-05	-7.767841816530563e-05	0.000151211025102	-0.0001435864868363	-0.0001436075010843	sub-22653	ses-2				space-ACPC			DSIStudio	autotrackgqi
ProjectionBrainstem_ReticularTractR	tzz	DSIStudio	/scratch/executivefunction/SLURM_13244013_206/job-13244013-206-sub-22653-ses-2/ds/inputs/data/qsiprep/qsiprep/sub-22653/ses-2/dwi/sub-22653_ses-2_space-ACPC_desc-preproc_dwi.nii.gz	0.0015197568389057	0.0008876668675327	0.0003863705753771	0.0008283289207611	0.0008890179586553	0.0008288415556307	0.0003851081604415	0.0009265073063321	0.0009266429037631	sub-22653	ses-2				space-ACPC			DSIStudio	autotrackgqi
ProjectionBrainstem_DentatorubrothalamicTract-rl	ad	DSIStudio	/scratch/executivefunction/SLURM_13244013_206/job-13244013-206-sub-22653-ses-2/ds/inputs/data/qsiprep/qsiprep/sub-22653/ses-2/dwi/sub-22653_ses-2_space-ACPC_desc-preproc_dwi.nii.gz	0.0	1.2252436703657752	0.2984969535403232	1.155273675918579	1.2252436703657752	1.155273675918579	0.2984969535403232	1.278613998519511	1.278613998519511	sub-22653	ses-2				space-ACPC			DSIStudio	autotrackgqi
ProjectionBrainstem_DentatorubrothalamicTract-rl	dti_fa	DSIStudio	/scratch/executivefunction/SLURM_13244013_206/job-13244013-206-sub-22653-ses-2/ds/inputs/data/qsiprep/qsiprep/sub-22653/ses-2/dwi/sub-22653_ses-2_space-ACPC_desc-preproc_dwi.nii.gz	0.0	0.4327483767639632	0.1592449692849666	0.4092828929424286	0.4327483767639632	0.4092828929424286	0.1592449692849666	0.4740667784000519	0.4740667784000519	sub-22653	ses-2				space-ACPC			DSIStudio	autotrackgqi
ProjectionBrainstem_DentatorubrothalamicTract-rl	gfa	DSIStudio	/scratch/executivefunction/SLURM_13244013_206/job-13244013-206-sub-22653-ses-2/ds/inputs/data/qsiprep/qsiprep/sub-22653/ses-2/dwi/sub-22653_ses-2_space-ACPC_desc-preproc_dwi.nii.gz	0.0	0.0952417244760607	0.033858270150076	0.088328119367361	0.0952417244760607	0.088328119367361	0.033858270150076	0.1037175181690251	0.1037175181690251	sub-22653	ses-2				space-ACPC			DSIStudio	autotrackgqi
ProjectionBrainstem_DentatorubrothalamicTract-rl	ha	DSIStudio	/scratch/executivefunction/SLURM_13244013_206/job-13244013-206-sub-22653-ses-2/ds/inputs/data/qsiprep/qsiprep/sub-22653/ses-2/dwi/sub-22653_ses-2_space-ACPC_desc-preproc_dwi.nii.gz	0.0	15.267433060754492	37.960602294922886	22.924818992614743	15.267433060754492	22.924818992614743	37.960602294922886	10.302559505205188	10.302559505205188	sub-22653	ses-2				space-ACPC			DSIStudio	autotrackgqi
ProjectionBrainstem_DentatorubrothalamicTract-rl	iso	DSIStudio	/scratch/executivefunction/SLURM_13244013_206/job-13244013-206-sub-22653-ses-2/ds/inputs/data/qsiprep/qsiprep/sub-22653/ses-2/dwi/sub-22653_ses-2_space-ACPC_desc-preproc_dwi.nii.gz	0.0	0.6600615622251281	0.0888711055929163	0.6396010220050812	0.6600615622251281	0.6396010220050812	0.0888711055929163	0.6969188070200163	0.6969188070200163	sub-22653	ses-2				space-ACPC			DSIStudio	autotrackgqi
ProjectionBrainstem_DentatorubrothalamicTract-rl	md	DSIStudio	/scratch/executivefunction/SLURM_13244013_206/job-13244013-206-sub-22653-ses-2/ds/inputs/data/qsiprep/qsiprep/sub-22653/ses-2/dwi/sub-22653_ses-2_space-ACPC_desc-preproc_dwi.nii.gz	0.0	0.8169015899899142	0.2337836555194031	0.7704616785049438	0.8169015899899142	0.7704616785049438	0.2337836555194031	0.8208763159270932	0.8208763159270932	sub-22653	ses-2				space-ACPC			DSIStudio	autotrackgqi
ProjectionBrainstem_DentatorubrothalamicTract-rl	qa	DSIStudio	/scratch/executivefunction/SLURM_13244013_206/job-13244013-206-sub-22653-ses-2/ds/inputs/data/qsiprep/qsiprep/sub-22653/ses-2/dwi/sub-22653_ses-2_space-ACPC_desc-preproc_dwi.nii.gz	0.0	0.2898510112003846	0.1236563609349615	0.2603115439414978	0.2898510112003846	0.2603115439414978	0.1236563609349615	0.3334670249124111	0.3334670249124111	sub-22653	ses-2				space-ACPC			DSIStudio	autotrackgqi
ProjectionBrainstem_DentatorubrothalamicTract-rl	rd1	DSIStudio	/scratch/executivefunction/SLURM_13244013_206/job-13244013-206-sub-22653-ses-2/ds/inputs/data/qsiprep/qsiprep/sub-22653/ses-2/dwi/sub-22653_ses-2_space-ACPC_desc-preproc_dwi.nii.gz	0.0	0.7138250812919649	0.2792635654260705	0.6832263171672821	0.7138250812919649	0.6832263171672821	0.2792635654260705	0.6930143557268215	0.6930143557268215	sub-22653	ses-2				space-ACPC			DSIStudio	autotrackgqi
ProjectionBrainstem_DentatorubrothalamicTract-rl	rd2	DSIStudio	/scratch/executivefunction/SLURM_13244013_206/job-13244013-206-sub-22653-ses-2/ds/inputs/data/qsiprep/qsiprep/sub-22653/ses-2/dwi/sub-22653_ses-2_space-ACPC_desc-preproc_dwi.nii.gz	0.0	0.5116360167998341	0.2438410948010558	0.4726081937551498	0.5116360167998341	0.4726081937551498	0.2438410948010558	0.4910005968925293	0.4910005968925293	sub-22653	ses-2				space-ACPC			DSIStudio	autotrackgqi
ProjectionBrainstem_DentatorubrothalamicTract-rl	rd	DSIStudio	/scratch/executivefunction/SLURM_13244013_206/job-13244013-206-sub-22653-ses-2/ds/inputs/data/qsiprep/qsiprep/sub-22653/ses-2/dwi/sub-22653_ses-2_space-ACPC_desc-preproc_dwi.nii.gz	0.0	0.6127305501012671	0.2552887017792099	0.584318608045578	0.6127305501012671	0.584318608045578	0.2552887017792099	0.5920074772725494	0.5920074772725494	sub-22653	ses-2				space-ACPC			DSIStudio	autotrackgqi
ProjectionBrainstem_DentatorubrothalamicTract-rl	txx	DSIStudio	/scratch/executivefunction/SLURM_13244013_206/job-13244013-206-sub-22653-ses-2/ds/inputs/data/qsiprep/qsiprep/sub-22653/ses-2/dwi/sub-22653_ses-2_space-ACPC_desc-preproc_dwi.nii.gz	0.0	0.0007124497681118	0.000258420307234	0.000685589533532	0.0007124497681118	0.000685589533532	0.000258420307234	0.0006837992604987	0.0006837992604987	sub-22653	ses-2				space-ACPC			DSIStudio	autotrackgqi
ProjectionBrainstem_DentatorubrothalamicTract-rl	txy	DSIStudio	/scratch/executivefunction/SLURM_13244013_206/job-13244013-206-sub-22653-ses-2/ds/inputs/data/qsiprep/qsiprep/sub-22653/ses-2/dwi/sub-22653_ses-2_space-ACPC_desc-preproc_dwi.nii.gz	0.0	6.449983056050127e-05	0.0001590204254357	3.1506882805842906e-05	6.449983056050127e-05	3.1506882805842906e-05	0.0001590204254357	0.0001014878509072	0.0001014878509072	sub-22653	ses-2				space-ACPC			DSIStudio	autotrackgqi
ProjectionBrainstem_DentatorubrothalamicTract-rl	txz	DSIStudio	/scratch/executivefunction/SLURM_13244013_206/job-13244013-206-sub-22653-ses-2/ds/inputs/data/qsiprep/qsiprep/sub-22653/ses-2/dwi/sub-22653_ses-2_space-ACPC_desc-preproc_dwi.nii.gz	0.0	-1.5791285192636737e-05	0.0001475688561722	-2.5139260287687648e-05	-1.5791285192636737e-05	-2.5139260287687648e-05	0.0001475688561722	-5.135989799790073e-05	-5.135989799790073e-05	sub-22653	ses-2				space-ACPC			DSIStudio	autotrackgqi
ProjectionBrainstem_DentatorubrothalamicTract-rl	tyy	DSIStudio	/scratch/executivefunction/SLURM_13244013_206/job-13244013-206-sub-22653-ses-2/ds/inputs/data/qsiprep/qsiprep/sub-22653/ses-2/dwi/sub-22653_ses-2_space-ACPC_desc-preproc_dwi.nii.gz	0.0	0.0009053495289126	0.0003262841427029	0.0008564220916014	0.0009053495289126	0.0008564220916014	0.0003262841427029	0.0009514470675061	0.0009514470675061	sub-22653	ses-2				space-ACPC			DSIStudio	autotrackgqi
ProjectionBrainstem_DentatorubrothalamicTract-rl	tyz	DSIStudio	/scratch/executivefunction/SLURM_13244013_206/job-13244013-206-sub-22653-ses-2/ds/inputs/data/qsiprep/qsiprep/sub-22653/ses-2/dwi/sub-22653_ses-2_space-ACPC_desc-preproc_dwi.nii.gz	0.0	-0.0001669608896698	0.0001572967704241	-0.0001588554951013	-0.0001669608896698	-0.0001588554951013	0.0001572967704241	-0.0002177772084587	-0.0002177772084587	sub-22653	ses-2				space-ACPC			DSIStudio	autotrackgqi
ProjectionBrainstem_DentatorubrothalamicTract-rl	tzz	DSIStudio	/scratch/executivefunction/SLURM_13244013_206/job-13244013-206-sub-22653-ses-2/ds/inputs/data/qsiprep/qsiprep/sub-22653/ses-2/dwi/sub-22653_ses-2_space-ACPC_desc-preproc_dwi.nii.gz	0.0	0.000832905470581	0.0003109447921962	0.0007755411497782	0.000832905470581	0.0007755411497782	0.0003109447921962	0.0008273826169961	0.0008273826169961	sub-22653	ses-2				space-ACPC			DSIStudio	autotrackgqi
ProjectionBasalGanglia_OpticRadiationR	ad	DSIStudio	/scratch/executivefunction/SLURM_13244013_206/job-13244013-206-sub-22653-ses-2/ds/inputs/data/qsiprep/qsiprep/sub-22653/ses-2/dwi/sub-22653_ses-2_space-ACPC_desc-preproc_dwi.nii.gz	0.0	1.2328338220275636	0.3625003803914315	1.1591176986694336	1.2328338220275636	1.1591176986694336	0.3625003803914315	1.2917341623163865	1.2917341623163865	sub-22653	ses-2				space-ACPC			DSIStudio	autotrackgqi
ProjectionBasalGanglia_OpticRadiationR	dti_fa	DSIStudio	/scratch/executivefunction/SLURM_13244013_206/job-13244013-206-sub-22653-ses-2/ds/inputs/data/qsiprep/qsiprep/sub-22653/ses-2/dwi/sub-22653_ses-2_space-ACPC_desc-preproc_dwi.nii.gz	0.0	0.3670361392789372	0.1941495231421603	0.3639020025730133	0.3670361392789372	0.3639020025730133	0.1941495231421603	0.4507464728740822	0.4507464728740822	sub-22653	ses-2				space-ACPC			DSIStudio	autotrackgqi
ProjectionBasalGanglia_OpticRadiationR	gfa	DSIStudio	/scratch/executivefunction/SLURM_13244013_206/job-13244013-206-sub-22653-ses-2/ds/inputs/data/qsiprep/qsiprep/sub-22653/ses-2/dwi/sub-22653_ses-2_space-ACPC_desc-preproc_dwi.nii.gz	0.0	0.0827452284709217	0.0432573431233647	0.0808733068406581	0.0827452284709217	0.0808733068406581	0.0432573431233647	0.1002105993412407	0.1002105993412407	sub-22653	ses-2				space-ACPC			DSIStudio	autotrackgqi
ProjectionBasalGanglia_OpticRadiationR	ha	DSIStudio	/scratch/executivefunction/SLURM_13244013_206/job-13244013-206-sub-22653-ses-2/ds/inputs/data/qsiprep/qsiprep/sub-22653/ses-2/dwi/sub-22653_ses-2_space-ACPC_desc-preproc_dwi.nii.gz	0.0	-6.664110259107199	35.38552282675104	-9.540462493896484	-6.664110259107199	-9.540462493896484	35.38552282675104	-9.39718722186129	-9.39718722186129	sub-22653	ses-2				space-ACPC			DSIStudio	autotrackgqi
ProjectionBasalGanglia_OpticRadiationR	iso	DSIStudio	/scratch/executivefunction/SLURM_13244013_206/job-13244013-206-sub-22653-ses-2/ds/inputs/data/qsiprep/qsiprep/sub-22653/ses-2/dwi/sub-22653_ses-2_space-ACPC_desc-preproc_dwi.nii.gz	0.0	0.6806710562032967	0.171263421923274	0.6479552686214447	0.6806710562032967	0.6479552686214447	0.171263421923274	0.615561674912632	0.615561674912632	sub-22653	ses-2				space-ACPC			DSIStudio	autotrackgqi
ProjectionBasalGanglia_OpticRadiationR	md	DSIStudio	/scratch/executivefunction/SLURM_13244013_206/job-13244013-206-sub-22653-ses-2/ds/inputs/data/qsiprep/qsiprep/sub-22653/ses-2/dwi/sub-22653_ses-2_space-ACPC_desc-preproc_dwi.nii.gz	0.0	0.8683709254508969	0.2775013760880891	0.7960967719554901	0.8683709254508969	0.7960967719554901	0.2775013760880891	0.8465705088890402	0.8465705088890402	sub-22653	ses-2				space-ACPC			DSIStudio	autotrackgqi
ProjectionBasalGanglia_OpticRadiationR	qa	DSIStudio	/scratch/executivefunction/SLURM_13244013_206/job-13244013-206-sub-22653-ses-2/ds/inputs/data/qsiprep/qsiprep/sub-22653/ses-2/dwi/sub-22653_ses-2_space-ACPC_desc-preproc_dwi.nii.gz	0.0	0.2366809584062917	0.1151520701673085	0.2366804331541061	0.2366809584062917	0.2366804331541061	0.1151520701673085	0.2730165467811091	0.2730165467811091	sub-22653	ses-2				space-ACPC			DSIStudio	autotrackgqi
ProjectionBasalGanglia_OpticRadiationR	rd1	DSIStudio	/scratch/executivefunction/SLURM_13244013_206/job-13244013-206-sub-22653-ses-2/ds/inputs/data/qsiprep/qsiprep/sub-22653/ses-2/dwi/sub-22653_ses-2_space-ACPC_desc-preproc_dwi.nii.gz	0.0	0.7769266946165654	0.2961538857613621	0.731229841709137	0.7769266946165654	0.731229841709137	0.2961538857613621	0.7330804575596959	0.7330804575596959	sub-22653	ses-2				space-ACPC			DSIStudio	autotrackgqi
ProjectionBasalGanglia_OpticRadiationR	rd2	DSIStudio	/scratch/executivefunction/SLURM_13244013_206/job-13244013-206-sub-22653-ses-2/ds/inputs/data/qsiprep/qsiprep/sub-22653/ses-2/dwi/sub-22653_ses-2_space-ACPC_desc-preproc_dwi.nii.gz	0.0	0.5953522599869274	0.3069337289928204	0.5297688245773315	0.5953522599869274	0.5297688245773315	0.3069337289928204	0.5148969076706835	0.5148969076706835	sub-22653	ses-2				space-ACPC			DSIStudio	autotrackgqi
ProjectionBasalGanglia_OpticRadiationR	rd	DSIStudio	/scratch/executivefunction/SLURM_13244013_206/job-13244013-206-sub-22653-ses-2/ds/inputs/data/qsiprep/qsiprep/sub-22653/ses-2/dwi/sub-22653_ses-2_space-ACPC_desc-preproc_dwi.nii.gz	0.0	0.6861394761865649	0.2962845561188363	0.6276847124099731	0.6861394761865649	0.6276847124099731	0.2962845561188363	0.6239886831402699	0.6239886831402699	sub-22653	ses-2				space-ACPC			DSIStudio	autotrackgqi
ProjectionBasalGanglia_OpticRadiationR	txx	DSIStudio	/scratch/executivefunction/SLURM_13244013_206/job-13244013-206-sub-22653-ses-2/ds/inputs/data/qsiprep/qsiprep/sub-22653/ses-2/dwi/sub-22653_ses-2_space-ACPC_desc-preproc_dwi.nii.gz	0.0	0.0008103767720102	0.0003033171926236	0.0007554496987722	0.0008103767720102	0.0007554496987722	0.0003033171926236	0.0007836681488185	0.0007836681488185	sub-22653	ses-2				space-ACPC			DSIStudio	autotrackgqi
ProjectionBasalGanglia_OpticRadiationR	txy	DSIStudio	/scratch/executivefunction/SLURM_13244013_206/job-13244013-206-sub-22653-ses-2/ds/inputs/data/qsiprep/qsiprep/sub-22653/ses-2/dwi/sub-22653_ses-2_space-ACPC_desc-preproc_dwi.nii.gz	0.0	9.551521497075263e-05	0.0001611782241858	7.129351070034318e-05	9.551521497075263e-05	7.129351070034318e-05	0.0001611782241858	0.0001334745478139	0.0001334745478139	sub-22653	ses-2				space-ACPC			DSIStudio	autotrackgqi
ProjectionBasalGanglia_OpticRadiationR	txz	DSIStudio	/scratch/executivefunction/SLURM_13244013_206/job-13244013-206-sub-22653-ses-2/ds/inputs/data/qsiprep/qsiprep/sub-22653/ses-2/dwi/sub-22653_ses-2_space-ACPC_desc-preproc_dwi.nii.gz	0.0	3.4987089534590546e-05	0.000132929604682	2.3821186005079653e-05	3.4987089534590546e-05	2.3821186005079653e-05	0.000132929604682	4.187340894542535e-05	4.187340894542535e-05	sub-22653	ses-2				space-ACPC			DSIStudio	autotrackgqi
ProjectionBasalGanglia_OpticRadiationR	tyy	DSIStudio	/scratch/executivefunction/SLURM_13244013_206/job-13244013-206-sub-22653-ses-2/ds/inputs/data/qsiprep/qsiprep/sub-22653/ses-2/dwi/sub-22653_ses-2_space-ACPC_desc-preproc_dwi.nii.gz	0.0	0.0009634758633827	0.0003425586347352	0.0008831316663417	0.0009634758633827	0.0008831316663417	0.0003425586347352	0.0009800351497585	0.0009800351497585	sub-22653	ses-2				space-ACPC			DSIStudio	autotrackgqi
ProjectionBasalGanglia_OpticRadiationR	tyz	DSIStudio	/scratch/executivefunction/SLURM_13244013_206/job-13244013-206-sub-22653-ses-2/ds/inputs/data/qsiprep/qsiprep/sub-22653/ses-2/dwi/sub-22653_ses-2_space-ACPC_desc-preproc_dwi.nii.gz	0.0	4.783414382421902e-05	0.0001801815814196	2.568004492786713e-05	4.783414382421902e-05	2.568004492786713e-05	0.0001801815814196	7.340108721800193e-05	7.340108721800193e-05	sub-22653	ses-2				space-ACPC			DSIStudio	autotrackgqi
ProjectionBasalGanglia_OpticRadiationR	tzz	DSIStudio	/scratch/executivefunction/SLURM_13244013_206/job-13244013-206-sub-22653-ses-2/ds/inputs/data/qsiprep/qsiprep/sub-22653/ses-2/dwi/sub-22653_ses-2_space-ACPC_desc-preproc_dwi.nii.gz	0.0	0.0008312601405988	0.0003583633143141	0.0007732071680948	0.0008312601405988	0.0007732071680948	0.0003583633143141	0.0007760082300271	0.0007760082300271	sub-22653	ses-2				space-ACPC			DSIStudio	autotrackgqi
ProjectionBasalGanglia_CorticostriatalTractL	ad	DSIStudio	/scratch/executivefunction/SLURM_13244013_206/job-13244013-206-sub-22653-ses-2/ds/inputs/data/qsiprep/qsiprep/sub-22653/ses-2/dwi/sub-22653_ses-2_space-ACPC_desc-preproc_dwi.nii.gz	0.0078880785831224	1.096072304663975	0.2267594799077468	1.0655324459075928	1.1047869509506827	1.0672953128814695	0.205428486369206	1.1303162470806116	1.1309608282604755	sub-22653	ses-2				space-ACPC			DSIStudio	autotrackgqi
ProjectionBasalGanglia_CorticostriatalTractL	dti_fa	DSIStudio	/scratch/executivefunction/SLURM_13244013_206/job-13244013-206-sub-22653-ses-2/ds/inputs/data/qsiprep/qsiprep/sub-22653/ses-2/dwi/sub-22653_ses-2_space-ACPC_desc-preproc_dwi.nii.gz	0.0078880785831224	0.3143027910266461	0.1740258027986962	0.2939059883356094	0.3168017481110164	0.296311542391777	0.1724357727886841	0.3969937754373405	0.3972201674617243	sub-22653	ses-2				space-ACPC			DSIStudio	autotrackgqi
ProjectionBasalGanglia_CorticostriatalTractL	gfa	DSIStudio	/scratch/executivefunction/SLURM_13244013_206/job-13244013-206-sub-22653-ses-2/ds/inputs/data/qsiprep/qsiprep/sub-22653/ses-2/dwi/sub-22653_ses-2_space-ACPC_desc-preproc_dwi.nii.gz	0.0078880785831224	0.0694100291127637	0.0371874168288512	0.065543346107006	0.069961894030702	0.065934557467699	0.0368142586721229	0.0860150322049942	0.0860640836507362	sub-22653	ses-2				space-ACPC			DSIStudio	autotrackgqi
ProjectionBasalGanglia_CorticostriatalTractL	ha	DSIStudio	/scratch/executivefunction/SLURM_13244013_206/job-13244013-206-sub-22653-ses-2/ds/inputs/data/qsiprep/qsiprep/sub-22653/ses-2/dwi/sub-22653_ses-2_space-ACPC_desc-preproc_dwi.nii.gz	0.0078880785831224	-3.07986107692303	48.46209249480261	-6.12946891784668	-3.104348421218998	-6.835533857345581	48.65358594780998	4.4387795468711815	4.441310830720921	sub-22653	ses-2				space-ACPC			DSIStudio	autotrackgqi
ProjectionBasalGanglia_CorticostriatalTractL	iso	DSIStudio	/scratch/executivefunction/SLURM_13244013_206/job-13244013-206-sub-22653-ses-2/ds/inputs/data/qsiprep/qsiprep/sub-22653/ses-2/dwi/sub-22653_ses-2_space-ACPC_desc-preproc_dwi.nii.gz	0.0078880785831224	0.6911670851563747	0.1552197739834131	0.680460661649704	0.6966624130161538	0.6815730631351471	0.143025696262306	0.6647617022044184	0.6651407933760479	sub-22653	ses-2				space-ACPC			DSIStudio	autotrackgqi
ProjectionBasalGanglia_CorticostriatalTractL	md	DSIStudio	/scratch/executivefunction/SLURM_13244013_206/job-13244013-206-sub-22653-ses-2/ds/inputs/data/qsiprep/qsiprep/sub-22653/ses-2/dwi/sub-22653_ses-2_space-ACPC_desc-preproc_dwi.nii.gz	0.0078880785831224	0.8150548236052325	0.1743104385747213	0.7847388982772827	0.8215351574862823	0.7854620218276978	0.159065662114415	0.7730473192442903	0.773488162096851	sub-22653	ses-2				space-ACPC			DSIStudio	autotrackgqi
ProjectionBasalGanglia_CorticostriatalTractL	qa	DSIStudio	/scratch/executivefunction/SLURM_13244013_206/job-13244013-206-sub-22653-ses-2/ds/inputs/data/qsiprep/qsiprep/sub-22653/ses-2/dwi/sub-22653_ses-2_space-ACPC_desc-preproc_dwi.nii.gz	0.0078880785831224	0.2075973555238726	0.1100625864017732	0.1916694939136505	0.2092479195566906	0.1929936408996582	0.1089252494220483	0.2544515858594164	0.2545966909302944	sub-22653	ses-2				space-ACPC			DSIStudio	autotrackgqi
ProjectionBasalGanglia_CorticostriatalTractL	rd1	DSIStudio	/scratch/executivefunction/SLURM_13244013_206/job-13244013-206-sub-22653-ses-2/ds/inputs/data/qsiprep/qsiprep/sub-22653/ses-2/dwi/sub-22653_ses-2_space-ACPC_desc-preproc_dwi.nii.gz	0.0078880785831224	0.7655576102957873	0.2011943238023298	0.7538456916809082	0.7716444019768068	0.7552964389324188	0.1900109435727638	0.6957790804496906	0.6961758598087058	sub-22653	ses-2				space-ACPC			DSIStudio	autotrackgqi
ProjectionBasalGanglia_CorticostriatalTractL	rd2	DSIStudio	/scratch/executivefunction/SLURM_13244013_206/job-13244013-206-sub-22653-ses-2/ds/inputs/data/qsiprep/qsiprep/sub-22653/ses-2/dwi/sub-22653_ses-2_space-ACPC_desc-preproc_dwi.nii.gz	0.0078880785831224	0.5835345549935017	0.2274749062957706	0.5616734027862549	0.5881741186620669	0.5638953149318695	0.2223226805481068	0.493046628157201	0.493327796174838	sub-22653	ses-2				space-ACPC			DSIStudio	autotrackgqi
ProjectionBasalGanglia_CorticostriatalTractL	rd	DSIStudio	/scratch/executivefunction/SLURM_13244013_206/job-13244013-206-sub-22653-ses-2/ds/inputs/data/qsiprep/qsiprep/sub-22653/ses-2/dwi/sub-22653_ses-2_space-ACPC_desc-preproc_dwi.nii.gz	0.0078880785831224	0.6745460823672853	0.2066992700698957	0.6530605852603912	0.6799092600398725	0.6539316475391388	0.1985391863854796	0.59441285452233	0.5947518282107809	sub-22653	ses-2				space-ACPC			DSIStudio	autotrackgqi
ProjectionBasalGanglia_CorticostriatalTractL	txx	DSIStudio	/scratch/executivefunction/SLURM_13244013_206/job-13244013-206-sub-22653-ses-2/ds/inputs/data/qsiprep/qsiprep/sub-22653/ses-2/dwi/sub-22653_ses-2_space-ACPC_desc-preproc_dwi.nii.gz	0.0078880785831224	0.0007525542886002	0.0002304093681474	0.0007440184708684	0.000758537693535	0.0007459104235749	0.0002212960332958	0.0006508087127048	0.000651179847021	sub-22653	ses-2				space-ACPC			DSIStudio	autotrackgqi
ProjectionBasalGanglia_CorticostriatalTractL	txy	DSIStudio	/scratch/executivefunction/SLURM_13244013_206/job-13244013-206-sub-22653-ses-2/ds/inputs/data/qsiprep/qsiprep/sub-22653/ses-2/dwi/sub-22653_ses-2_space-ACPC_desc-preproc_dwi.nii.gz	0.0078880785831224	3.6554446973967168e-06	0.0001005561344777	8.236672215389262e-07	3.684508389110192e-06	1.5316147710109362e-06	0.0001009545632837	1.5549801926043636e-06	1.5558669430423278e-06	sub-22653	ses-2				space-ACPC			DSIStudio	autotrackgqi
ProjectionBasalGanglia_CorticostriatalTractL	txz	DSIStudio	/scratch/executivefunction/SLURM_13244013_206/job-13244013-206-sub-22653-ses-2/ds/inputs/data/qsiprep/qsiprep/sub-22653/ses-2/dwi/sub-22653_ses-2_space-ACPC_desc-preproc_dwi.nii.gz	0.0078880785831224	-3.536104574034565e-05	0.0001339759334643	-2.99795037790318e-05	-3.5642194168824243e-05	-3.0832197808194906e-05	0.0001344702316519	-4.655290985192599e-05	-4.657945736154302e-05	sub-22653	ses-2				space-ACPC			DSIStudio	autotrackgqi
ProjectionBasalGanglia_CorticostriatalTractL	tyy	DSIStudio	/scratch/executivefunction/SLURM_13244013_206/job-13244013-206-sub-22653-ses-2/ds/inputs/data/qsiprep/qsiprep/sub-22653/ses-2/dwi/sub-22653_ses-2_space-ACPC_desc-preproc_dwi.nii.gz	0.0078880785831224	0.0008079068076585	0.0002502932523697	0.0007858306926209	0.0008143303091295	0.0007881639758124	0.0002406531766135	0.0008011186573726	0.0008015755084727	sub-22653	ses-2				space-ACPC			DSIStudio	autotrackgqi
ProjectionBasalGanglia_CorticostriatalTractL	tyz	DSIStudio	/scratch/executivefunction/SLURM_13244013_206/job-13244013-206-sub-22653-ses-2/ds/inputs/data/qsiprep/qsiprep/sub-22653/ses-2/dwi/sub-22653_ses-2_space-ACPC_desc-preproc_dwi.nii.gz	0.0078880785831224	8.29561987803159e-06	0.0001357718093193	5.529969655526656e-07	8.36157665173931e-06	1.3364720530262275e-06	0.000136308464646	3.126958525862951e-05	3.128741735003585e-05	sub-22653	ses-2				space-ACPC			DSIStudio	autotrackgqi
ProjectionBasalGanglia_CorticostriatalTractL	tzz	DSIStudio	/scratch/executivefunction/SLURM_13244013_206/job-13244013-206-sub-22653-ses-2/ds/inputs/data/qsiprep/qsiprep/sub-22653/ses-2/dwi/sub-22653_ses-2_space-ACPC_desc-preproc_dwi.nii.gz	0.0078880785831224	0.0008847033738132	0.0002418004438996	0.0008724568178877	0.0008917374690445	0.0008741937635932	0.0002294771255318	0.0008672145859652	0.0008677091291056	sub-22653	ses-2				space-ACPC			DSIStudio	autotrackgqi
ProjectionBasalGanglia_FasciculusSubthalamicusL	ad	DSIStudio	/scratch/executivefunction/SLURM_13244013_206/job-13244013-206-sub-22653-ses-2/ds/inputs/data/qsiprep/qsiprep/sub-22653/ses-2/dwi/sub-22653_ses-2_space-ACPC_desc-preproc_dwi.nii.gz	0.0	1.230631912182152	0.4595403632979416	1.0919585824012756	1.230631912182152	1.0919585824012756	0.4595403632979416	1.1971239131666502	1.1971239131666502	sub-22653	ses-2				space-ACPC			DSIStudio	autotrackgqi
ProjectionBasalGanglia_FasciculusSubthalamicusL	dti_fa	DSIStudio	/scratch/executivefunction/SLURM_13244013_206/job-13244013-206-sub-22653-ses-2/ds/inputs/data/qsiprep/qsiprep/sub-22653/ses-2/dwi/sub-22653_ses-2_space-ACPC_desc-preproc_dwi.nii.gz	0.0	0.3666819809672701	0.15450265332428	0.3437981158494949	0.3666819809672701	0.3437981158494949	0.15450265332428	0.3836055025272686	0.3836055025272686	sub-22653	ses-2				space-ACPC			DSIStudio	autotrackgqi
ProjectionBasalGanglia_FasciculusSubthalamicusL	gfa	DSIStudio	/scratch/executivefunction/SLURM_13244013_206/job-13244013-206-sub-22653-ses-2/ds/inputs/data/qsiprep/qsiprep/sub-22653/ses-2/dwi/sub-22653_ses-2_space-ACPC_desc-preproc_dwi.nii.gz	0.0	0.0787781025901955	0.0325612663812236	0.0718637183308601	0.0787781025901955	0.0718637183308601	0.0325612663812236	0.0811402042092017	0.0811402042092017	sub-22653	ses-2				space-ACPC			DSIStudio	autotrackgqi
ProjectionBasalGanglia_FasciculusSubthalamicusL	ha	DSIStudio	/scratch/executivefunction/SLURM_13244013_206/job-13244013-206-sub-22653-ses-2/ds/inputs/data/qsiprep/qsiprep/sub-22653/ses-2/dwi/sub-22653_ses-2_space-ACPC_desc-preproc_dwi.nii.gz	0.0	-10.730597810088833	45.7120142782705	-15.452000617980955	-10.730597810088833	-15.452000617980955	45.7120142782705	-5.044078642594222	-5.044078642594222	sub-22653	ses-2				space-ACPC			DSIStudio	autotrackgqi
ProjectionBasalGanglia_FasciculusSubthalamicusL	iso	DSIStudio	/scratch/executivefunction/SLURM_13244013_206/job-13244013-206-sub-22653-ses-2/ds/inputs/data/qsiprep/qsiprep/sub-22653/ses-2/dwi/sub-22653_ses-2_space-ACPC_desc-preproc_dwi.nii.gz	0.0	0.6559383090003885	0.1401185999579311	0.6559470891952515	0.6559383090003885	0.6559470891952515	0.1401185999579311	0.6684901972744187	0.6684901972744187	sub-22653	ses-2				space-ACPC			DSIStudio	autotrackgqi
ProjectionBasalGanglia_FasciculusSubthalamicusL	md	DSIStudio	/scratch/executivefunction/SLURM_13244013_206/job-13244013-206-sub-22653-ses-2/ds/inputs/data/qsiprep/qsiprep/sub-22653/ses-2/dwi/sub-22653_ses-2_space-ACPC_desc-preproc_dwi.nii.gz	0.0	0.8816073943668277	0.391044669673327	0.7564350068569183	0.8816073943668277	0.7564350068569183	0.391044669673327	0.8345779441970105	0.8345779441970105	sub-22653	ses-2				space-ACPC			DSIStudio	autotrackgqi
ProjectionBasalGanglia_FasciculusSubthalamicusL	qa	DSIStudio	/scratch/executivefunction/SLURM_13244013_206/job-13244013-206-sub-22653-ses-2/ds/inputs/data/qsiprep/qsiprep/sub-22653/ses-2/dwi/sub-22653_ses-2_space-ACPC_desc-preproc_dwi.nii.gz	0.0	0.2333385551442639	0.1172155557043923	0.2066292464733123	0.2333385551442639	0.2066292464733123	0.1172155557043923	0.2452269745105454	0.2452269745105454	sub-22653	ses-2				space-ACPC			DSIStudio	autotrackgqi
ProjectionBasalGanglia_FasciculusSubthalamicusL	rd1	DSIStudio	/scratch/executivefunction/SLURM_13244013_206/job-13244013-206-sub-22653-ses-2/ds/inputs/data/qsiprep/qsiprep/sub-22653/ses-2/dwi/sub-22653_ses-2_space-ACPC_desc-preproc_dwi.nii.gz	0.0	0.8118096004998634	0.3991405156469804	0.7277226150035858	0.8118096004998634	0.7277226150035858	0.3991405156469804	0.7574961174981173	0.7574961174981173	sub-22653	ses-2				space-ACPC			DSIStudio	autotrackgqi
ProjectionBasalGanglia_FasciculusSubthalamicusL	rd2	DSIStudio	/scratch/executivefunction/SLURM_13244013_206/job-13244013-206-sub-22653-ses-2/ds/inputs/data/qsiprep/qsiprep/sub-22653/ses-2/dwi/sub-22653_ses-2_space-ACPC_desc-preproc_dwi.nii.gz	0.0	0.6023806757156105	0.3829018483016674	0.5209155976772308	0.6023806757156105	0.5209155976772308	0.3829018483016674	0.54911380650593	0.54911380650593	sub-22653	ses-2				space-ACPC			DSIStudio	autotrackgqi
ProjectionBasalGanglia_FasciculusSubthalamicusL	rd	DSIStudio	/scratch/executivefunction/SLURM_13244013_206/job-13244013-206-sub-22653-ses-2/ds/inputs/data/qsiprep/qsiprep/sub-22653/ses-2/dwi/sub-22653_ses-2_space-ACPC_desc-preproc_dwi.nii.gz	0.0	0.7070951355534767	0.3875288916602722	0.6263687312602997	0.7070951355534767	0.6263687312602997	0.3875288916602722	0.6533049563350829	0.6533049563350829	sub-22653	ses-2				space-ACPC			DSIStudio	autotrackgqi
ProjectionBasalGanglia_FasciculusSubthalamicusL	txx	DSIStudio	/scratch/executivefunction/SLURM_13244013_206/job-13244013-206-sub-22653-ses-2/ds/inputs/data/qsiprep/qsiprep/sub-22653/ses-2/dwi/sub-22653_ses-2_space-ACPC_desc-preproc_dwi.nii.gz	0.0	0.0008326609202543	0.0004511940590901	0.0007004268409218	0.0008326609202543	0.0007004268409218	0.0004511940590901	0.000836959899619	0.000836959899619	sub-22653	ses-2				space-ACPC			DSIStudio	autotrackgqi
ProjectionBasalGanglia_FasciculusSubthalamicusL	txy	DSIStudio	/scratch/executivefunction/SLURM_13244013_206/job-13244013-206-sub-22653-ses-2/ds/inputs/data/qsiprep/qsiprep/sub-22653/ses-2/dwi/sub-22653_ses-2_space-ACPC_desc-preproc_dwi.nii.gz	0.0	-5.588132999123547e-06	0.0001486710223714	-2.2879101379658096e-05	-5.588132999123547e-06	-2.2879101379658096e-05	0.0001486710223714	2.858852652497765e-05	2.858852652497765e-05	sub-22653	ses-2				space-ACPC			DSIStudio	autotrackgqi
ProjectionBasalGanglia_FasciculusSubthalamicusL	txz	DSIStudio	/scratch/executivefunction/SLURM_13244013_206/job-13244013-206-sub-22653-ses-2/ds/inputs/data/qsiprep/qsiprep/sub-22653/ses-2/dwi/sub-22653_ses-2_space-ACPC_desc-preproc_dwi.nii.gz	0.0	8.51128126680842e-05	0.0001497711557055	8.561400682083331e-05	8.51128126680842e-05	8.561400682083331e-05	0.0001497711557055	0.0001001549489238	0.0001001549489238	sub-22653	ses-2				space-ACPC			DSIStudio	autotrackgqi
ProjectionBasalGanglia_FasciculusSubthalamicusL	tyy	DSIStudio	/scratch/executivefunction/SLURM_13244013_206/job-13244013-206-sub-22653-ses-2/ds/inputs/data/qsiprep/qsiprep/sub-22653/ses-2/dwi/sub-22653_ses-2_space-ACPC_desc-preproc_dwi.nii.gz	0.0	0.0008435630083005	0.0004193453941193	0.0007703337178099	0.0008435630083005	0.0007703337178099	0.0004193453941193	0.0007992219258238	0.0007992219258238	sub-22653	ses-2				space-ACPC			DSIStudio	autotrackgqi
ProjectionBasalGanglia_FasciculusSubthalamicusL	tyz	DSIStudio	/scratch/executivefunction/SLURM_13244013_206/job-13244013-206-sub-22653-ses-2/ds/inputs/data/qsiprep/qsiprep/sub-22653/ses-2/dwi/sub-22653_ses-2_space-ACPC_desc-preproc_dwi.nii.gz	0.0	-2.163055317668997e-05	0.0001582837284866	-2.155181664420525e-05	-2.163055317668997e-05	-2.155181664420525e-05	0.0001582837284866	-5.811428612060753e-07	-5.811428612060753e-07	sub-22653	ses-2				space-ACPC			DSIStudio	autotrackgqi
ProjectionBasalGanglia_FasciculusSubthalamicusL	tzz	DSIStudio	/scratch/executivefunction/SLURM_13244013_206/job-13244013-206-sub-22653-ses-2/ds/inputs/data/qsiprep/qsiprep/sub-22653/ses-2/dwi/sub-22653_ses-2_space-ACPC_desc-preproc_dwi.nii.gz	0.0	0.0009685982573646	0.000419835114528	0.00083870664821	0.0009685982573646	0.00083870664821	0.000419835114528	0.0008675520117144	0.0008675520117144	sub-22653	ses-2				space-ACPC			DSIStudio	autotrackgqi
ProjectionBasalGanglia_FasciculusLenticularisL	ad	DSIStudio	/scratch/executivefunction/SLURM_13244013_206/job-13244013-206-sub-22653-ses-2/ds/inputs/data/qsiprep/qsiprep/sub-22653/ses-2/dwi/sub-22653_ses-2_space-ACPC_desc-preproc_dwi.nii.gz	0.0	1.096884461058648	0.2881358210270136	1.0099138021469116	1.096884461058648	1.0099138021469116	0.2881358210270136	1.1634832349363733	1.1634832349363733	sub-22653	ses-2				space-ACPC			DSIStudio	autotrackgqi
ProjectionBasalGanglia_FasciculusLenticularisL	dti_fa	DSIStudio	/scratch/executivefunction/SLURM_13244013_206/job-13244013-206-sub-22653-ses-2/ds/inputs/data/qsiprep/qsiprep/sub-22653/ses-2/dwi/sub-22653_ses-2_space-ACPC_desc-preproc_dwi.nii.gz	0.0	0.336096600856188	0.143369041463543	0.3025910556316376	0.336096600856188	0.3025910556316376	0.143369041463543	0.3717859989560914	0.3717859989560914	sub-22653	ses-2				space-ACPC			DSIStudio	autotrackgqi
ProjectionBasalGanglia_FasciculusLenticularisL	gfa	DSIStudio	/scratch/executivefunction/SLURM_13244013_206/job-13244013-206-sub-22653-ses-2/ds/inputs/data/qsiprep/qsiprep/sub-22653/ses-2/dwi/sub-22653_ses-2_space-ACPC_desc-preproc_dwi.nii.gz	0.0	0.0718423807076685	0.0302135492688852	0.0649929717183113	0.0718423807076685	0.0649929717183113	0.0302135492688852	0.0798345479618574	0.0798345479618574	sub-22653	ses-2				space-ACPC			DSIStudio	autotrackgqi
ProjectionBasalGanglia_FasciculusLenticularisL	ha	DSIStudio	/scratch/executivefunction/SLURM_13244013_206/job-13244013-206-sub-22653-ses-2/ds/inputs/data/qsiprep/qsiprep/sub-22653/ses-2/dwi/sub-22653_ses-2_space-ACPC_desc-preproc_dwi.nii.gz	0.0	-4.540080893070587	39.36217532505067	-5.766180992126465	-4.540080893070587	-5.766180992126465	39.36217532505067	5.864403887161204	5.864403887161204	sub-22653	ses-2				space-ACPC			DSIStudio	autotrackgqi
ProjectionBasalGanglia_FasciculusLenticularisL	iso	DSIStudio	/scratch/executivefunction/SLURM_13244013_206/job-13244013-206-sub-22653-ses-2/ds/inputs/data/qsiprep/qsiprep/sub-22653/ses-2/dwi/sub-22653_ses-2_space-ACPC_desc-preproc_dwi.nii.gz	0.0	0.6856654728529573	0.0935679036651041	0.6698300838470459	0.6856654728529573	0.6698300838470459	0.0935679036651041	0.7125790786713422	0.7125790786713422	sub-22653	ses-2				space-ACPC			DSIStudio	autotrackgqi
ProjectionBasalGanglia_FasciculusLenticularisL	md	DSIStudio	/scratch/executivefunction/SLURM_13244013_206/job-13244013-206-sub-22653-ses-2/ds/inputs/data/qsiprep/qsiprep/sub-22653/ses-2/dwi/sub-22653_ses-2_space-ACPC_desc-preproc_dwi.nii.gz	0.0	0.8015889413719144	0.1985403492749432	0.7560122013092041	0.8015889413719144	0.7560122013092041	0.1985403492749432	0.8211140111290329	0.8211140111290329	sub-22653	ses-2				space-ACPC			DSIStudio	autotrackgqi
ProjectionBasalGanglia_FasciculusLenticularisL	qa	DSIStudio	/scratch/executivefunction/SLURM_13244013_206/job-13244013-206-sub-22653-ses-2/ds/inputs/data/qsiprep/qsiprep/sub-22653/ses-2/dwi/sub-22653_ses-2_space-ACPC_desc-preproc_dwi.nii.gz	0.0	0.2189426045987066	0.1040326290576658	0.1887852996587753	0.2189426045987066	0.1887852996587753	0.1040326290576658	0.2569199016666755	0.2569199016666755	sub-22653	ses-2				space-ACPC			DSIStudio	autotrackgqi
ProjectionBasalGanglia_FasciculusLenticularisL	rd1	DSIStudio	/scratch/executivefunction/SLURM_13244013_206/job-13244013-206-sub-22653-ses-2/ds/inputs/data/qsiprep/qsiprep/sub-22653/ses-2/dwi/sub-22653_ses-2_space-ACPC_desc-preproc_dwi.nii.gz	0.0	0.7552145021052352	0.1933803002828669	0.7436696290969849	0.7552145021052352	0.7436696290969849	0.1933803002828669	0.7584487618966691	0.7584487618966691	sub-22653	ses-2				space-ACPC			DSIStudio	autotrackgqi
ProjectionBasalGanglia_FasciculusLenticularisL	rd2	DSIStudio	/scratch/executivefunction/SLURM_13244013_206/job-13244013-206-sub-22653-ses-2/ds/inputs/data/qsiprep/qsiprep/sub-22653/ses-2/dwi/sub-22653_ses-2_space-ACPC_desc-preproc_dwi.nii.gz	0.0	0.5526678683123646	0.2127856543756701	0.5349108576774597	0.5526678683123646	0.5349108576774597	0.2127856543756701	0.5414100440867284	0.5414100440867284	sub-22653	ses-2				space-ACPC			DSIStudio	autotrackgqi
ProjectionBasalGanglia_FasciculusLenticularisL	rd	DSIStudio	/scratch/executivefunction/SLURM_13244013_206/job-13244013-206-sub-22653-ses-2/ds/inputs/data/qsiprep/qsiprep/sub-22653/ses-2/dwi/sub-22653_ses-2_space-ACPC_desc-preproc_dwi.nii.gz	0.0	0.6539411838962624	0.1978594783437037	0.639323890209198	0.6539411838962624	0.639323890209198	0.1978594783437037	0.6499294039549	0.6499294039549	sub-22653	ses-2				space-ACPC			DSIStudio	autotrackgqi
ProjectionBasalGanglia_FasciculusLenticularisL	txx	DSIStudio	/scratch/executivefunction/SLURM_13244013_206/job-13244013-206-sub-22653-ses-2/ds/inputs/data/qsiprep/qsiprep/sub-22653/ses-2/dwi/sub-22653_ses-2_space-ACPC_desc-preproc_dwi.nii.gz	0.0	0.0007583385565445	0.0002558350688452	0.0006896915729157	0.0007583385565445	0.0006896915729157	0.0002558350688452	0.0007475390434721	0.0007475390434721	sub-22653	ses-2				space-ACPC			DSIStudio	autotrackgqi
ProjectionBasalGanglia_FasciculusLenticularisL	txy	DSIStudio	/scratch/executivefunction/SLURM_13244013_206/job-13244013-206-sub-22653-ses-2/ds/inputs/data/qsiprep/qsiprep/sub-22653/ses-2/dwi/sub-22653_ses-2_space-ACPC_desc-preproc_dwi.nii.gz	0.0	-2.260704507749245e-05	0.0001405225915267	-3.466319321887568e-05	-2.260704507749245e-05	-3.466319321887568e-05	0.0001405225915267	-3.233381808323294e-05	-3.233381808323294e-05	sub-22653	ses-2				space-ACPC			DSIStudio	autotrackgqi
ProjectionBasalGanglia_FasciculusLenticularisL	txz	DSIStudio	/scratch/executivefunction/SLURM_13244013_206/job-13244013-206-sub-22653-ses-2/ds/inputs/data/qsiprep/qsiprep/sub-22653/ses-2/dwi/sub-22653_ses-2_space-ACPC_desc-preproc_dwi.nii.gz	0.0	7.74423943872915e-06	0.0001218108735577	3.463738175923936e-05	7.74423943872915e-06	3.463738175923936e-05	0.0001218108735577	-5.446256738887858e-06	-5.446256738887858e-06	sub-22653	ses-2				space-ACPC			DSIStudio	autotrackgqi
ProjectionBasalGanglia_FasciculusLenticularisL	tyy	DSIStudio	/scratch/executivefunction/SLURM_13244013_206/job-13244013-206-sub-22653-ses-2/ds/inputs/data/qsiprep/qsiprep/sub-22653/ses-2/dwi/sub-22653_ses-2_space-ACPC_desc-preproc_dwi.nii.gz	0.0	0.0008520127409009	0.0002450981347301	0.0008301396737806	0.0008520127409009	0.0008301396737806	0.0002450981347301	0.0008356694656039	0.0008356694656039	sub-22653	ses-2				space-ACPC			DSIStudio	autotrackgqi
ProjectionBasalGanglia_FasciculusLenticularisL	tyz	DSIStudio	/scratch/executivefunction/SLURM_13244013_206/job-13244013-206-sub-22653-ses-2/ds/inputs/data/qsiprep/qsiprep/sub-22653/ses-2/dwi/sub-22653_ses-2_space-ACPC_desc-preproc_dwi.nii.gz	0.0	2.952831794957199e-05	0.0001289914847037	2.06420045287814e-05	2.952831794957199e-05	2.06420045287814e-05	0.0001289914847037	8.40982348975268e-05	8.40982348975268e-05	sub-22653	ses-2				space-ACPC			DSIStudio	autotrackgqi
ProjectionBasalGanglia_FasciculusLenticularisL	tzz	DSIStudio	/scratch/executivefunction/SLURM_13244013_206/job-13244013-206-sub-22653-ses-2/ds/inputs/data/qsiprep/qsiprep/sub-22653/ses-2/dwi/sub-22653_ses-2_space-ACPC_desc-preproc_dwi.nii.gz	0.0	0.0007944155335349	0.0002858073522982	0.0007548416615463	0.0007944155335349	0.0007548416615463	0.0002858073522982	0.0008801335300199	0.0008801335300199	sub-22653	ses-2				space-ACPC			DSIStudio	autotrackgqi
ProjectionBrainstem_MedialForebrainBundleL	ad	DSIStudio	/scratch/executivefunction/SLURM_13244013_206/job-13244013-206-sub-22653-ses-2/ds/inputs/data/qsiprep/qsiprep/sub-22653/ses-2/dwi/sub-22653_ses-2_space-ACPC_desc-preproc_dwi.nii.gz	0.0097276264591439	1.3409357872222647	0.5710379365435013	1.2000082731246948	1.3541080444641338	1.201607346534729	0.558077818391262	1.2717747278414009	1.2761652982722105	sub-22653	ses-2				space-ACPC			DSIStudio	autotrackgqi
ProjectionBrainstem_MedialForebrainBundleL	dti_fa	DSIStudio	/scratch/executivefunction/SLURM_13244013_206/job-13244013-206-sub-22653-ses-2/ds/inputs/data/qsiprep/qsiprep/sub-22653/ses-2/dwi/sub-22653_ses-2_space-ACPC_desc-preproc_dwi.nii.gz	0.0097276264591439	0.4030691588009996	0.1788352112271002	0.3920261859893799	0.4070285807931509	0.3939094245433807	0.1751702035502496	0.4635765332469675	0.4651769467647323	sub-22653	ses-2				space-ACPC			DSIStudio	autotrackgqi
ProjectionBrainstem_MedialForebrainBundleL	gfa	DSIStudio	/scratch/executivefunction/SLURM_13244013_206/job-13244013-206-sub-22653-ses-2/ds/inputs/data/qsiprep/qsiprep/sub-22653/ses-2/dwi/sub-22653_ses-2_space-ACPC_desc-preproc_dwi.nii.gz	0.0097276264591439	0.0878787048223842	0.036720450907338	0.0844505541026592	0.088741953396278	0.0846502110362052	0.0358473241168824	0.0977067025603643	0.0980440171555696	sub-22653	ses-2				space-ACPC			DSIStudio	autotrackgqi
ProjectionBrainstem_MedialForebrainBundleL	ha	DSIStudio	/scratch/executivefunction/SLURM_13244013_206/job-13244013-206-sub-22653-ses-2/ds/inputs/data/qsiprep/qsiprep/sub-22653/ses-2/dwi/sub-22653_ses-2_space-ACPC_desc-preproc_dwi.nii.gz	0.0097276264591439	-23.02504689712198	45.742739523810606	-35.40633773803711	-23.251226139726324	-36.016212463378906	45.90962082653819	-27.29065770081107	-27.384873597422203	sub-22653	ses-2				space-ACPC			DSIStudio	autotrackgqi
ProjectionBrainstem_MedialForebrainBundleL	iso	DSIStudio	/scratch/executivefunction/SLURM_13244013_206/job-13244013-206-sub-22653-ses-2/ds/inputs/data/qsiprep/qsiprep/sub-22653/ses-2/dwi/sub-22653_ses-2_space-ACPC_desc-preproc_dwi.nii.gz	0.0097276264591439	0.6765456583010258	0.1841097748273613	0.6911163032054901	0.6831914899149848	0.6922957897186279	0.1723049744076305	0.7161165252383287	0.7185887866434395	sub-22653	ses-2				space-ACPC			DSIStudio	autotrackgqi
ProjectionBrainstem_MedialForebrainBundleL	md	DSIStudio	/scratch/executivefunction/SLURM_13244013_206/job-13244013-206-sub-22653-ses-2/ds/inputs/data/qsiprep/qsiprep/sub-22653/ses-2/dwi/sub-22653_ses-2_space-ACPC_desc-preproc_dwi.nii.gz	0.0097276264591439	0.9366598453387212	0.5082051143838607	0.7743101119995117	0.9458608261377264	0.7755627036094666	0.5021022289699956	0.8262859499657165	0.8291385514764756	sub-22653	ses-2				space-ACPC			DSIStudio	autotrackgqi
ProjectionBrainstem_MedialForebrainBundleL	qa	DSIStudio	/scratch/executivefunction/SLURM_13244013_206/job-13244013-206-sub-22653-ses-2/ds/inputs/data/qsiprep/qsiprep/sub-22653/ses-2/dwi/sub-22653_ses-2_space-ACPC_desc-preproc_dwi.nii.gz	0.0097276264591439	0.280405103294819	0.1486624155857453	0.2607458978891372	0.2831595738576365	0.262388527393341	0.1467571343484306	0.3234554595940603	0.3245721305798458	sub-22653	ses-2				space-ACPC			DSIStudio	autotrackgqi
ProjectionBrainstem_MedialForebrainBundleL	rd1	DSIStudio	/scratch/executivefunction/SLURM_13244013_206/job-13244013-206-sub-22653-ses-2/ds/inputs/data/qsiprep/qsiprep/sub-22653/ses-2/dwi/sub-22653_ses-2_space-ACPC_desc-preproc_dwi.nii.gz	0.0097276264591439	0.8401608595723618	0.5230441887088347	0.70929816365242	0.8484139132027385	0.7098819017410278	0.5189032638361502	0.7094497560491471	0.7118990017829587	sub-22653	ses-2				space-ACPC			DSIStudio	autotrackgqi
ProjectionBrainstem_MedialForebrainBundleL	rd2	DSIStudio	/scratch/executivefunction/SLURM_13244013_206/job-13244013-206-sub-22653-ses-2/ds/inputs/data/qsiprep/qsiprep/sub-22653/ses-2/dwi/sub-22653_ses-2_space-ACPC_desc-preproc_dwi.nii.gz	0.0097276264591439	0.6288828913330181	0.4985717151100418	0.4970048069953918	0.6350605228785291	0.4993714988231659	0.4970838667689365	0.4976333740057695	0.4993513624010415	sub-22653	ses-2				space-ACPC			DSIStudio	autotrackgqi
ProjectionBrainstem_MedialForebrainBundleL	rd	DSIStudio	/scratch/executivefunction/SLURM_13244013_206/job-13244013-206-sub-22653-ses-2/ds/inputs/data/qsiprep/qsiprep/sub-22653/ses-2/dwi/sub-22653_ses-2_space-ACPC_desc-preproc_dwi.nii.gz	0.0097276264591439	0.7345218745129117	0.5068180500336248	0.597063809633255	0.7417372170916241	0.5977411866188049	0.5040197168591438	0.6035415651821822	0.605625182247258	sub-22653	ses-2				space-ACPC			DSIStudio	autotrackgqi
ProjectionBrainstem_MedialForebrainBundleL	txx	DSIStudio	/scratch/executivefunction/SLURM_13244013_206/job-13244013-206-sub-22653-ses-2/ds/inputs/data/qsiprep/qsiprep/sub-22653/ses-2/dwi/sub-22653_ses-2_space-ACPC_desc-preproc_dwi.nii.gz	0.0097276264591439	0.0008347064827835	0.0005502830929007	0.0006876666739117	0.0008429059570741	0.0006902579916641	0.0005466943104934	0.000686377483133	0.0006887470761215	sub-22653	ses-2				space-ACPC			DSIStudio	autotrackgqi
ProjectionBrainstem_MedialForebrainBundleL	txy	DSIStudio	/scratch/executivefunction/SLURM_13244013_206/job-13244013-206-sub-22653-ses-2/ds/inputs/data/qsiprep/qsiprep/sub-22653/ses-2/dwi/sub-22653_ses-2_space-ACPC_desc-preproc_dwi.nii.gz	0.0097276264591439	-2.324279510918593e-05	0.0001310790283351	-2.3721268007648177e-05	-2.347111333226241e-05	-2.5429759261896837e-05	0.0001317009182937	-2.234900091557165e-05	-2.2426156859587712e-05	sub-22653	ses-2				space-ACPC			DSIStudio	autotrackgqi
ProjectionBrainstem_MedialForebrainBundleL	txz	DSIStudio	/scratch/executivefunction/SLURM_13244013_206/job-13244013-206-sub-22653-ses-2/ds/inputs/data/qsiprep/qsiprep/sub-22653/ses-2/dwi/sub-22653_ses-2_space-ACPC_desc-preproc_dwi.nii.gz	0.0097276264591439	6.602148867430413e-05	0.0001351698075297	5.099076588521712e-05	6.667002982041714e-05	5.210928429733031e-05	0.0001356728298955	6.648226150111118e-05	6.671177940585884e-05	sub-22653	ses-2				space-ACPC			DSIStudio	autotrackgqi
ProjectionBrainstem_MedialForebrainBundleL	tyy	DSIStudio	/scratch/executivefunction/SLURM_13244013_206/job-13244013-206-sub-22653-ses-2/ds/inputs/data/qsiprep/qsiprep/sub-22653/ses-2/dwi/sub-22653_ses-2_space-ACPC_desc-preproc_dwi.nii.gz	0.0097276264591439	0.0009010536673845	0.0005511009016545	0.0007808955851942	0.0009099048821918	0.0007844367064535	0.0005464813452511	0.000768116325397	0.0007707681067366	sub-22653	ses-2				space-ACPC			DSIStudio	autotrackgqi
ProjectionBrainstem_MedialForebrainBundleL	tyz	DSIStudio	/scratch/executivefunction/SLURM_13244013_206/job-13244013-206-sub-22653-ses-2/ds/inputs/data/qsiprep/qsiprep/sub-22653/ses-2/dwi/sub-22653_ses-2_space-ACPC_desc-preproc_dwi.nii.gz	0.0097276264591439	-0.0001335542993877	0.0001915878428179	-0.0001248070184374	-0.0001348662276724	-0.0001261896104551	0.0001920664871185	-0.0001526083963926	-0.0001531352491223	sub-22653	ses-2				space-ACPC			DSIStudio	autotrackgqi
ProjectionBrainstem_MedialForebrainBundleL	tzz	DSIStudio	/scratch/executivefunction/SLURM_13244013_206/job-13244013-206-sub-22653-ses-2/ds/inputs/data/qsiprep/qsiprep/sub-22653/ses-2/dwi/sub-22653_ses-2_space-ACPC_desc-preproc_dwi.nii.gz	0.0097276264591439	0.001074219389182	0.0005374140298465	0.000948130065808	0.0010847716425138	0.0009530361276119	0.0005293431074563	0.0010243640505565	0.0010279004807923	sub-22653	ses-2				space-ACPC			DSIStudio	autotrackgqi
ProjectionBrainstem_CorticopontineTractR	ad	DSIStudio	/scratch/executivefunction/SLURM_13244013_206/job-13244013-206-sub-22653-ses-2/ds/inputs/data/qsiprep/qsiprep/sub-22653/ses-2/dwi/sub-22653_ses-2_space-ACPC_desc-preproc_dwi.nii.gz	0.0	1.213234929481502	0.3392070663622333	1.1375094652175903	1.213234929481502	1.1375094652175903	0.3392070663622333	1.26131432118895	1.26131432118895	sub-22653	ses-2				space-ACPC			DSIStudio	autotrackgqi
ProjectionBrainstem_CorticopontineTractR	dti_fa	DSIStudio	/scratch/executivefunction/SLURM_13244013_206/job-13244013-206-sub-22653-ses-2/ds/inputs/data/qsiprep/qsiprep/sub-22653/ses-2/dwi/sub-22653_ses-2_space-ACPC_desc-preproc_dwi.nii.gz	0.0	0.4002317359986861	0.1813517200151833	0.391021192073822	0.4002317359986861	0.391021192073822	0.1813517200151833	0.4905089620463381	0.4905089620463381	sub-22653	ses-2				space-ACPC			DSIStudio	autotrackgqi
ProjectionBrainstem_CorticopontineTractR	gfa	DSIStudio	/scratch/executivefunction/SLURM_13244013_206/job-13244013-206-sub-22653-ses-2/ds/inputs/data/qsiprep/qsiprep/sub-22653/ses-2/dwi/sub-22653_ses-2_space-ACPC_desc-preproc_dwi.nii.gz	0.0	0.0886897884659256	0.038288156463458	0.0862578526139259	0.0886897884659256	0.0862578526139259	0.038288156463458	0.1068983418181748	0.1068983418181748	sub-22653	ses-2				space-ACPC			DSIStudio	autotrackgqi
ProjectionBrainstem_CorticopontineTractR	ha	DSIStudio	/scratch/executivefunction/SLURM_13244013_206/job-13244013-206-sub-22653-ses-2/ds/inputs/data/qsiprep/qsiprep/sub-22653/ses-2/dwi/sub-22653_ses-2_space-ACPC_desc-preproc_dwi.nii.gz	0.0	1.1635834141785906	53.76741143721264	3.5927164554595947	1.1635834141785906	3.5927164554595947	53.76741143721264	13.453452655397866	13.453452655397866	sub-22653	ses-2				space-ACPC			DSIStudio	autotrackgqi
ProjectionBrainstem_CorticopontineTractR	iso	DSIStudio	/scratch/executivefunction/SLURM_13244013_206/job-13244013-206-sub-22653-ses-2/ds/inputs/data/qsiprep/qsiprep/sub-22653/ses-2/dwi/sub-22653_ses-2_space-ACPC_desc-preproc_dwi.nii.gz	0.0	0.673660028570366	0.1095739363980232	0.6665881276130676	0.673660028570366	0.6665881276130676	0.1095739363980232	0.6671206174935901	0.6671206174935901	sub-22653	ses-2				space-ACPC			DSIStudio	autotrackgqi
ProjectionBrainstem_CorticopontineTractR	md	DSIStudio	/scratch/executivefunction/SLURM_13244013_206/job-13244013-206-sub-22653-ses-2/ds/inputs/data/qsiprep/qsiprep/sub-22653/ses-2/dwi/sub-22653_ses-2_space-ACPC_desc-preproc_dwi.nii.gz	0.0	0.83361845106457	0.2768347671320042	0.7786917686462402	0.83361845106457	0.7786917686462402	0.2768347671320042	0.7884999636714242	0.7884999636714242	sub-22653	ses-2				space-ACPC			DSIStudio	autotrackgqi
ProjectionBrainstem_CorticopontineTractR	qa	DSIStudio	/scratch/executivefunction/SLURM_13244013_206/job-13244013-206-sub-22653-ses-2/ds/inputs/data/qsiprep/qsiprep/sub-22653/ses-2/dwi/sub-22653_ses-2_space-ACPC_desc-preproc_dwi.nii.gz	0.0	0.271422054051561	0.1320300997062078	0.2516462802886963	0.271422054051561	0.2516462802886963	0.1320300997062078	0.334344418972912	0.334344418972912	sub-22653	ses-2				space-ACPC			DSIStudio	autotrackgqi
ProjectionBrainstem_CorticopontineTractR	rd1	DSIStudio	/scratch/executivefunction/SLURM_13244013_206/job-13244013-206-sub-22653-ses-2/ds/inputs/data/qsiprep/qsiprep/sub-22653/ses-2/dwi/sub-22653_ses-2_space-ACPC_desc-preproc_dwi.nii.gz	0.0	0.7425020190026175	0.3025316232448835	0.7084434628486633	0.7425020190026175	0.7084434628486633	0.3025316232448835	0.6553798736512642	0.6553798736512642	sub-22653	ses-2				space-ACPC			DSIStudio	autotrackgqi
ProjectionBrainstem_CorticopontineTractR	rd2	DSIStudio	/scratch/executivefunction/SLURM_13244013_206/job-13244013-206-sub-22653-ses-2/ds/inputs/data/qsiprep/qsiprep/sub-22653/ses-2/dwi/sub-22653_ses-2_space-ACPC_desc-preproc_dwi.nii.gz	0.0	0.5451184027282528	0.3035574400326079	0.4932709336280823	0.5451184027282528	0.4932709336280823	0.3035574400326079	0.4488056947448338	0.4488056947448338	sub-22653	ses-2				space-ACPC			DSIStudio	autotrackgqi
ProjectionBrainstem_CorticopontineTractR	rd	DSIStudio	/scratch/executivefunction/SLURM_13244013_206/job-13244013-206-sub-22653-ses-2/ds/inputs/data/qsiprep/qsiprep/sub-22653/ses-2/dwi/sub-22653_ses-2_space-ACPC_desc-preproc_dwi.nii.gz	0.0	0.643810210208387	0.2976568679957995	0.6004782915115356	0.643810210208387	0.6004782915115356	0.2976568679957995	0.5520927836983756	0.5520927836983756	sub-22653	ses-2				space-ACPC			DSIStudio	autotrackgqi
ProjectionBrainstem_CorticopontineTractR	txx	DSIStudio	/scratch/executivefunction/SLURM_13244013_206/job-13244013-206-sub-22653-ses-2/ds/inputs/data/qsiprep/qsiprep/sub-22653/ses-2/dwi/sub-22653_ses-2_space-ACPC_desc-preproc_dwi.nii.gz	0.0	0.0007487002376487	0.0003246018676472	0.0007027108222246	0.0007487002376487	0.0007027108222246	0.0003246018676472	0.000688407747885	0.000688407747885	sub-22653	ses-2				space-ACPC			DSIStudio	autotrackgqi
ProjectionBrainstem_CorticopontineTractR	txy	DSIStudio	/scratch/executivefunction/SLURM_13244013_206/job-13244013-206-sub-22653-ses-2/ds/inputs/data/qsiprep/qsiprep/sub-22653/ses-2/dwi/sub-22653_ses-2_space-ACPC_desc-preproc_dwi.nii.gz	0.0	2.260314226241489e-05	0.0001161158092043	1.57624435814796e-05	2.260314226241489e-05	1.57624435814796e-05	0.0001161158092043	6.249676943427158e-05	6.249676943427158e-05	sub-22653	ses-2				space-ACPC			DSIStudio	autotrackgqi
ProjectionBrainstem_CorticopontineTractR	txz	DSIStudio	/scratch/executivefunction/SLURM_13244013_206/job-13244013-206-sub-22653-ses-2/ds/inputs/data/qsiprep/qsiprep/sub-22653/ses-2/dwi/sub-22653_ses-2_space-ACPC_desc-preproc_dwi.nii.gz	0.0	-5.840674520860134e-05	0.0001706674644681	-4.114817420486361e-05	-5.840674520860134e-05	-4.114817420486361e-05	0.0001706674644681	-0.0001152591274333	-0.0001152591274333	sub-22653	ses-2				space-ACPC			DSIStudio	autotrackgqi
ProjectionBrainstem_CorticopontineTractR	tyy	DSIStudio	/scratch/executivefunction/SLURM_13244013_206/job-13244013-206-sub-22653-ses-2/ds/inputs/data/qsiprep/qsiprep/sub-22653/ses-2/dwi/sub-22653_ses-2_space-ACPC_desc-preproc_dwi.nii.gz	0.0	0.0007707168089796	0.0003462797206812	0.0007335302070714	0.0007707168089796	0.0007335302070714	0.0003462797206812	0.0007102065413537	0.0007102065413537	sub-22653	ses-2				space-ACPC			DSIStudio	autotrackgqi
ProjectionBrainstem_CorticopontineTractR	tyz	DSIStudio	/scratch/executivefunction/SLURM_13244013_206/job-13244013-206-sub-22653-ses-2/ds/inputs/data/qsiprep/qsiprep/sub-22653/ses-2/dwi/sub-22653_ses-2_space-ACPC_desc-preproc_dwi.nii.gz	0.0	-2.808913391871552e-05	0.0001793603040197	-2.779696660581976e-05	-2.808913391871552e-05	-2.779696660581976e-05	0.0001793603040197	-0.0001032745006818	-0.0001032745006818	sub-22653	ses-2				space-ACPC			DSIStudio	autotrackgqi
ProjectionBrainstem_CorticopontineTractR	tzz	DSIStudio	/scratch/executivefunction/SLURM_13244013_206/job-13244013-206-sub-22653-ses-2/ds/inputs/data/qsiprep/qsiprep/sub-22653/ses-2/dwi/sub-22653_ses-2_space-ACPC_desc-preproc_dwi.nii.gz	0.0	0.0009814383036255	0.0003421978653533	0.0009320996468886	0.0009814383036255	0.0009320996468886	0.0003421978653533	0.0009668855981393	0.0009668855981393	sub-22653	ses-2				space-ACPC			DSIStudio	autotrackgqi
ProjectionBasalGanglia_FornixR	ad	DSIStudio	/scratch/executivefunction/SLURM_13244013_206/job-13244013-206-sub-22653-ses-2/ds/inputs/data/qsiprep/qsiprep/sub-22653/ses-2/dwi/sub-22653_ses-2_space-ACPC_desc-preproc_dwi.nii.gz	0.0	1.6194547812410114	0.6622771330340554	1.4527660608291626	1.6194547812410114	1.4527660608291626	0.6622771330340554	1.6629765613470264	1.6629765613470264	sub-22653	ses-2				space-ACPC			DSIStudio	autotrackgqi
ProjectionBasalGanglia_FornixR	dti_fa	DSIStudio	/scratch/executivefunction/SLURM_13244013_206/job-13244013-206-sub-22653-ses-2/ds/inputs/data/qsiprep/qsiprep/sub-22653/ses-2/dwi/sub-22653_ses-2_space-ACPC_desc-preproc_dwi.nii.gz	0.0	0.3032520633921955	0.1727980572034855	0.2732060551643371	0.3032520633921955	0.2732060551643371	0.1727980572034855	0.3838974539249152	0.3838974539249152	sub-22653	ses-2				space-ACPC			DSIStudio	autotrackgqi
ProjectionBasalGanglia_FornixR	gfa	DSIStudio	/scratch/executivefunction/SLURM_13244013_206/job-13244013-206-sub-22653-ses-2/ds/inputs/data/qsiprep/qsiprep/sub-22653/ses-2/dwi/sub-22653_ses-2_space-ACPC_desc-preproc_dwi.nii.gz	0.0	0.0787577851764653	0.0414341325737131	0.0712188407778739	0.0787577851764653	0.0712188407778739	0.0414341325737131	0.0995158325137197	0.0995158325137197	sub-22653	ses-2				space-ACPC			DSIStudio	autotrackgqi
ProjectionBasalGanglia_FornixR	ha	DSIStudio	/scratch/executivefunction/SLURM_13244013_206/job-13244013-206-sub-22653-ses-2/ds/inputs/data/qsiprep/qsiprep/sub-22653/ses-2/dwi/sub-22653_ses-2_space-ACPC_desc-preproc_dwi.nii.gz	0.0	-14.71312201565552	40.04333747045065	-20.187461853027344	-14.71312201565552	-20.187461853027344	40.04333747045065	-18.605456908951957	-18.605456908951957	sub-22653	ses-2				space-ACPC			DSIStudio	autotrackgqi
ProjectionBasalGanglia_FornixR	iso	DSIStudio	/scratch/executivefunction/SLURM_13244013_206/job-13244013-206-sub-22653-ses-2/ds/inputs/data/qsiprep/qsiprep/sub-22653/ses-2/dwi/sub-22653_ses-2_space-ACPC_desc-preproc_dwi.nii.gz	0.0	0.6629106922989633	0.1719179999976207	0.6516890525817871	0.6629106922989633	0.6516890525817871	0.1719179999976207	0.6648495671082681	0.6648495671082681	sub-22653	ses-2				space-ACPC			DSIStudio	autotrackgqi
ProjectionBasalGanglia_FornixR	md	DSIStudio	/scratch/executivefunction/SLURM_13244013_206/job-13244013-206-sub-22653-ses-2/ds/inputs/data/qsiprep/qsiprep/sub-22653/ses-2/dwi/sub-22653_ses-2_space-ACPC_desc-preproc_dwi.nii.gz	0.0	1.227211092034204	0.5751958458017531	0.9879846572875975	1.227211092034204	0.9879846572875975	0.5751958458017531	1.157262701017162	1.157262701017162	sub-22653	ses-2				space-ACPC			DSIStudio	autotrackgqi
ProjectionBasalGanglia_FornixR	qa	DSIStudio	/scratch/executivefunction/SLURM_13244013_206/job-13244013-206-sub-22653-ses-2/ds/inputs/data/qsiprep/qsiprep/sub-22653/ses-2/dwi/sub-22653_ses-2_space-ACPC_desc-preproc_dwi.nii.gz	0.0	0.2321823584084253	0.1389238031208843	0.201535165309906	0.2321823584084253	0.201535165309906	0.1389238031208843	0.3061431606096023	0.3061431606096023	sub-22653	ses-2				space-ACPC			DSIStudio	autotrackgqi
ProjectionBasalGanglia_FornixR	rd1	DSIStudio	/scratch/executivefunction/SLURM_13244013_206/job-13244013-206-sub-22653-ses-2/ds/inputs/data/qsiprep/qsiprep/sub-22653/ses-2/dwi/sub-22653_ses-2_space-ACPC_desc-preproc_dwi.nii.gz	0.0	1.1225314487647626	0.5780768670965382	0.8838822245597839	1.1225314487647626	0.8838822245597839	0.5780768670965382	0.9896843080033396	0.9896843080033396	sub-22653	ses-2				space-ACPC			DSIStudio	autotrackgqi
ProjectionBasalGanglia_FornixR	rd2	DSIStudio	/scratch/executivefunction/SLURM_13244013_206/job-13244013-206-sub-22653-ses-2/ds/inputs/data/qsiprep/qsiprep/sub-22653/ses-2/dwi/sub-22653_ses-2_space-ACPC_desc-preproc_dwi.nii.gz	0.0	0.9396470364554969	0.5639309932771254	0.7377219796180725	0.9396470364554969	0.7377219796180725	0.5639309932771254	0.8191272143875836	0.8191272143875836	sub-22653	ses-2				space-ACPC			DSIStudio	autotrackgqi
ProjectionBasalGanglia_FornixR	rd	DSIStudio	/scratch/executivefunction/SLURM_13244013_206/job-13244013-206-sub-22653-ses-2/ds/inputs/data/qsiprep/qsiprep/sub-22653/ses-2/dwi/sub-22653_ses-2_space-ACPC_desc-preproc_dwi.nii.gz	0.0	1.0310892406139929	0.5687470894347264	0.8014284372329712	1.0310892406139929	0.8014284372329712	0.5687470894347264	0.904405761649334	0.904405761649334	sub-22653	ses-2				space-ACPC			DSIStudio	autotrackgqi
ProjectionBasalGanglia_FornixR	txx	DSIStudio	/scratch/executivefunction/SLURM_13244013_206/job-13244013-206-sub-22653-ses-2/ds/inputs/data/qsiprep/qsiprep/sub-22653/ses-2/dwi/sub-22653_ses-2_space-ACPC_desc-preproc_dwi.nii.gz	0.0	0.0011678273943027	0.0005993832506122	0.0009780542459338	0.0011678273943027	0.0009780542459338	0.0005993832506122	0.0010112663931542	0.0010112663931542	sub-22653	ses-2				space-ACPC			DSIStudio	autotrackgqi
ProjectionBasalGanglia_FornixR	txy	DSIStudio	/scratch/executivefunction/SLURM_13244013_206/job-13244013-206-sub-22653-ses-2/ds/inputs/data/qsiprep/qsiprep/sub-22653/ses-2/dwi/sub-22653_ses-2_space-ACPC_desc-preproc_dwi.nii.gz	0.0	-4.701734064999904e-05	0.0001548794568069	-2.324467641301453e-05	-4.701734064999904e-05	-2.324467641301453e-05	0.0001548794568069	-6.908229876371363e-05	-6.908229876371363e-05	sub-22653	ses-2				space-ACPC			DSIStudio	autotrackgqi
ProjectionBasalGanglia_FornixR	txz	DSIStudio	/scratch/executivefunction/SLURM_13244013_206/job-13244013-206-sub-22653-ses-2/ds/inputs/data/qsiprep/qsiprep/sub-22653/ses-2/dwi/sub-22653_ses-2_space-ACPC_desc-preproc_dwi.nii.gz	0.0	2.8173475002385552e-05	0.000135209616477	5.042401880928082e-06	2.8173475002385552e-05	5.042401880928082e-06	0.000135209616477	3.3504715597184166e-05	3.3504715597184166e-05	sub-22653	ses-2				space-ACPC			DSIStudio	autotrackgqi
ProjectionBasalGanglia_FornixR	tyy	DSIStudio	/scratch/executivefunction/SLURM_13244013_206/job-13244013-206-sub-22653-ses-2/ds/inputs/data/qsiprep/qsiprep/sub-22653/ses-2/dwi/sub-22653_ses-2_space-ACPC_desc-preproc_dwi.nii.gz	0.0	0.0012555641560142	0.0006430687786353	0.0010382410837337	0.0012555641560142	0.0010382410837337	0.0006430687786353	0.001243140830317	0.001243140830317	sub-22653	ses-2				space-ACPC			DSIStudio	autotrackgqi
ProjectionBasalGanglia_FornixR	tyz	DSIStudio	/scratch/executivefunction/SLURM_13244013_206/job-13244013-206-sub-22653-ses-2/ds/inputs/data/qsiprep/qsiprep/sub-22653/ses-2/dwi/sub-22653_ses-2_space-ACPC_desc-preproc_dwi.nii.gz	0.0	6.563056105484801e-05	0.000207762349416	4.327352507971227e-05	6.563056105484801e-05	4.327352507971227e-05	0.000207762349416	9.92056914754557e-05	9.92056914754557e-05	sub-22653	ses-2				space-ACPC			DSIStudio	autotrackgqi
ProjectionBasalGanglia_FornixR	tzz	DSIStudio	/scratch/executivefunction/SLURM_13244013_206/job-13244013-206-sub-22653-ses-2/ds/inputs/data/qsiprep/qsiprep/sub-22653/ses-2/dwi/sub-22653_ses-2_space-ACPC_desc-preproc_dwi.nii.gz	0.0	0.0012582417177147	0.0006121475733658	0.0010608664015308	0.0012582417177147	0.0010608664015308	0.0006121475733658	0.0012173808696355	0.0012173808696355	sub-22653	ses-2				space-ACPC			DSIStudio	autotrackgqi
ProjectionBasalGanglia_AnsaLenticularisR	ad	DSIStudio	/scratch/executivefunction/SLURM_13244013_206/job-13244013-206-sub-22653-ses-2/ds/inputs/data/qsiprep/qsiprep/sub-22653/ses-2/dwi/sub-22653_ses-2_space-ACPC_desc-preproc_dwi.nii.gz	0.0	1.3186708077962217	0.5665704693514764	1.0831611156463623	1.3186708077962217	1.0831611156463623	0.5665704693514764	1.247341050170792	1.24734115670775	sub-22653	ses-2				space-ACPC			DSIStudio	autotrackgqi
ProjectionBasalGanglia_AnsaLenticularisR	dti_fa	DSIStudio	/scratch/executivefunction/SLURM_13244013_206/job-13244013-206-sub-22653-ses-2/ds/inputs/data/qsiprep/qsiprep/sub-22653/ses-2/dwi/sub-22653_ses-2_space-ACPC_desc-preproc_dwi.nii.gz	0.0	0.2775660821772963	0.115026966948526	0.2728032171726227	0.2775660821772963	0.2728032171726227	0.115026966948526	0.27739481071907	0.2773948343511982	sub-22653	ses-2				space-ACPC			DSIStudio	autotrackgqi
ProjectionBasalGanglia_AnsaLenticularisR	gfa	DSIStudio	/scratch/executivefunction/SLURM_13244013_206/job-13244013-206-sub-22653-ses-2/ds/inputs/data/qsiprep/qsiprep/sub-22653/ses-2/dwi/sub-22653_ses-2_space-ACPC_desc-preproc_dwi.nii.gz	0.0	0.0656038457355171	0.0240465501770884	0.0638548955321312	0.0656038457355171	0.0638548955321312	0.0240465501770884	0.0645669484772517	0.064566953995706	sub-22653	ses-2				space-ACPC			DSIStudio	autotrackgqi
ProjectionBasalGanglia_AnsaLenticularisR	ha	DSIStudio	/scratch/executivefunction/SLURM_13244013_206/job-13244013-206-sub-22653-ses-2/ds/inputs/data/qsiprep/qsiprep/sub-22653/ses-2/dwi/sub-22653_ses-2_space-ACPC_desc-preproc_dwi.nii.gz	0.0	-2.197820062637866	40.19544170114311	-1.4575207233428955	-2.197820062637866	-1.4575207233428955	40.19544170114311	-5.735456522369724	-5.735457002517711	sub-22653	ses-2				space-ACPC			DSIStudio	autotrackgqi
ProjectionBasalGanglia_AnsaLenticularisR	iso	DSIStudio	/scratch/executivefunction/SLURM_13244013_206/job-13244013-206-sub-22653-ses-2/ds/inputs/data/qsiprep/qsiprep/sub-22653/ses-2/dwi/sub-22653_ses-2_space-ACPC_desc-preproc_dwi.nii.gz	0.0	0.6848023318536657	0.1611941463267664	0.6763055920600891	0.6848023318536657	0.6763055920600891	0.1611941463267664	0.7148760229969741	0.7148760840916866	sub-22653	ses-2				space-ACPC			DSIStudio	autotrackgqi
ProjectionBasalGanglia_AnsaLenticularisR	md	DSIStudio	/scratch/executivefunction/SLURM_13244013_206/job-13244013-206-sub-22653-ses-2/ds/inputs/data/qsiprep/qsiprep/sub-22653/ses-2/dwi/sub-22653_ses-2_space-ACPC_desc-preproc_dwi.nii.gz	0.0	1.039043197054199	0.5146584903216184	0.8228311538696289	1.039043197054199	0.8228311538696289	0.5146584903216184	0.982102209107712	0.9821022930830324	sub-22653	ses-2				space-ACPC			DSIStudio	autotrackgqi
ProjectionBasalGanglia_AnsaLenticularisR	qa	DSIStudio	/scratch/executivefunction/SLURM_13244013_206/job-13244013-206-sub-22653-ses-2/ds/inputs/data/qsiprep/qsiprep/sub-22653/ses-2/dwi/sub-22653_ses-2_space-ACPC_desc-preproc_dwi.nii.gz	0.0	0.1976895027205235	0.0881488420425732	0.1847338527441024	0.1976895027205235	0.1847338527441024	0.0881488420425732	0.2032401249847028	0.203240142379691	sub-22653	ses-2				space-ACPC			DSIStudio	autotrackgqi
ProjectionBasalGanglia_AnsaLenticularisR	rd1	DSIStudio	/scratch/executivefunction/SLURM_13244013_206/job-13244013-206-sub-22653-ses-2/ds/inputs/data/qsiprep/qsiprep/sub-22653/ses-2/dwi/sub-22653_ses-2_space-ACPC_desc-preproc_dwi.nii.gz	0.0	1.005920207737731	0.5117010591436636	0.8262878656387329	1.005920207737731	0.8262878656387329	0.5117010591436636	0.9549265309079982	0.9549266126425936	sub-22653	ses-2				space-ACPC			DSIStudio	autotrackgqi
ProjectionBasalGanglia_AnsaLenticularisR	rd2	DSIStudio	/scratch/executivefunction/SLURM_13244013_206/job-13244013-206-sub-22653-ses-2/ds/inputs/data/qsiprep/qsiprep/sub-22653/ses-2/dwi/sub-22653_ses-2_space-ACPC_desc-preproc_dwi.nii.gz	0.0	0.7925385665979464	0.4987237992311514	0.6157569289207458	0.7925385665979464	0.6157569289207458	0.4987237992311514	0.7440390366013128	0.7440391002557205	sub-22653	ses-2				space-ACPC			DSIStudio	autotrackgqi
ProjectionBasalGanglia_AnsaLenticularisR	rd	DSIStudio	/scratch/executivefunction/SLURM_13244013_206/job-13244013-206-sub-22653-ses-2/ds/inputs/data/qsiprep/qsiprep/sub-22653/ses-2/dwi/sub-22653_ses-2_space-ACPC_desc-preproc_dwi.nii.gz	0.0	0.8992293879604536	0.5023021084950161	0.706555187702179	0.8992293879604536	0.706555187702179	0.5023021084950161	0.8494827792566045	0.8494828519511055	sub-22653	ses-2				space-ACPC			DSIStudio	autotrackgqi
ProjectionBasalGanglia_AnsaLenticularisR	txx	DSIStudio	/scratch/executivefunction/SLURM_13244013_206/job-13244013-206-sub-22653-ses-2/ds/inputs/data/qsiprep/qsiprep/sub-22653/ses-2/dwi/sub-22653_ses-2_space-ACPC_desc-preproc_dwi.nii.gz	0.0	0.000949915053568	0.000510975016929	0.0007560200756415	0.000949915053568	0.0007560200756415	0.000510975016929	0.0008674126350306	0.0008674127091712	sub-22653	ses-2				space-ACPC			DSIStudio	autotrackgqi
ProjectionBasalGanglia_AnsaLenticularisR	txy	DSIStudio	/scratch/executivefunction/SLURM_13244013_206/job-13244013-206-sub-22653-ses-2/ds/inputs/data/qsiprep/qsiprep/sub-22653/ses-2/dwi/sub-22653_ses-2_space-ACPC_desc-preproc_dwi.nii.gz	0.0	1.057938472103459e-05	0.0001114359310688	2.286444760102313e-05	1.057938472103459e-05	2.286444760102313e-05	0.0001114359310688	3.874022496868178e-05	3.874022832174366e-05	sub-22653	ses-2				space-ACPC			DSIStudio	autotrackgqi
ProjectionBasalGanglia_AnsaLenticularisR	txz	DSIStudio	/scratch/executivefunction/SLURM_13244013_206/job-13244013-206-sub-22653-ses-2/ds/inputs/data/qsiprep/qsiprep/sub-22653/ses-2/dwi/sub-22653_ses-2_space-ACPC_desc-preproc_dwi.nii.gz	0.0	-3.26423259518706e-05	0.0001020137834819	-3.306995131424628e-05	-3.26423259518706e-05	-3.306995131424628e-05	0.0001020137834819	-1.5933094123111687e-05	-1.593309549629838e-05	sub-22653	ses-2				space-ACPC			DSIStudio	autotrackgqi
ProjectionBasalGanglia_AnsaLenticularisR	tyy	DSIStudio	/scratch/executivefunction/SLURM_13244013_206/job-13244013-206-sub-22653-ses-2/ds/inputs/data/qsiprep/qsiprep/sub-22653/ses-2/dwi/sub-22653_ses-2_space-ACPC_desc-preproc_dwi.nii.gz	0.0	0.0011107348408091	0.0005453355632242	0.0009271757444366	0.0011107348408091	0.0009271757444366	0.0005453355632242	0.0010789640101167	0.001078964102338	sub-22653	ses-2				space-ACPC			DSIStudio	autotrackgqi
ProjectionBasalGanglia_AnsaLenticularisR	tyz	DSIStudio	/scratch/executivefunction/SLURM_13244013_206/job-13244013-206-sub-22653-ses-2/ds/inputs/data/qsiprep/qsiprep/sub-22653/ses-2/dwi/sub-22653_ses-2_space-ACPC_desc-preproc_dwi.nii.gz	0.0	3.076387986579823e-05	0.0001211973464941	1.821299156290479e-05	3.076387986579823e-05	1.821299156290479e-05	0.0001211973464941	2.321851777710326e-05	2.321851967944141e-05	sub-22653	ses-2				space-ACPC			DSIStudio	autotrackgqi
ProjectionBasalGanglia_AnsaLenticularisR	tzz	DSIStudio	/scratch/executivefunction/SLURM_13244013_206/job-13244013-206-sub-22653-ses-2/ds/inputs/data/qsiprep/qsiprep/sub-22653/ses-2/dwi/sub-22653_ses-2_space-ACPC_desc-preproc_dwi.nii.gz	0.0	0.0010564796897111	0.0005661006976337	0.0008553608786314	0.0010564796897111	0.0008553608786314	0.0005661006976337	0.000999929973131	0.0009999300586951	sub-22653	ses-2				space-ACPC			DSIStudio	autotrackgqi
ProjectionBasalGanglia_CorticostriatalTractR	ad	DSIStudio	/scratch/executivefunction/SLURM_13244013_206/job-13244013-206-sub-22653-ses-2/ds/inputs/data/qsiprep/qsiprep/sub-22653/ses-2/dwi/sub-22653_ses-2_space-ACPC_desc-preproc_dwi.nii.gz	0.0021668472372697	1.1111777464807056	0.2307490693223897	1.0686630010604858	1.1135907274719774	1.0689916610717771	0.2251081614377718	1.142053696756614	1.1421369529882668	sub-22653	ses-2				space-ACPC			DSIStudio	autotrackgqi
ProjectionBasalGanglia_CorticostriatalTractR	dti_fa	DSIStudio	/scratch/executivefunction/SLURM_13244013_206/job-13244013-206-sub-22653-ses-2/ds/inputs/data/qsiprep/qsiprep/sub-22653/ses-2/dwi/sub-22653_ses-2_space-ACPC_desc-preproc_dwi.nii.gz	0.0021668472372697	0.3276891609745987	0.1767358488244763	0.3133791089057922	0.3284007552438161	0.3140593469142914	0.1762659973683049	0.4089386850908115	0.4089684969521717	sub-22653	ses-2				space-ACPC			DSIStudio	autotrackgqi
ProjectionBasalGanglia_CorticostriatalTractR	gfa	DSIStudio	/scratch/executivefunction/SLURM_13244013_206/job-13244013-206-sub-22653-ses-2/ds/inputs/data/qsiprep/qsiprep/sub-22653/ses-2/dwi/sub-22653_ses-2_space-ACPC_desc-preproc_dwi.nii.gz	0.0021668472372697	0.0727115188312268	0.0381700752252401	0.0695565044879913	0.0728694157233684	0.0697079896926879	0.0380606442687939	0.0883447861321185	0.0883512265110904	sub-22653	ses-2				space-ACPC			DSIStudio	autotrackgqi
ProjectionBasalGanglia_CorticostriatalTractR	ha	DSIStudio	/scratch/executivefunction/SLURM_13244013_206/job-13244013-206-sub-22653-ses-2/ds/inputs/data/qsiprep/qsiprep/sub-22653/ses-2/dwi/sub-22653_ses-2_space-ACPC_desc-preproc_dwi.nii.gz	0.0021668472372697	-5.396717845282893	42.76026488331104	-8.08504867553711	-5.408437102275907	-8.228055953979492	42.805927443774486	-15.197222714999494	-15.198330634688316	sub-22653	ses-2				space-ACPC			DSIStudio	autotrackgqi
ProjectionBasalGanglia_CorticostriatalTractR	iso	DSIStudio	/scratch/executivefunction/SLURM_13244013_206/job-13244013-206-sub-22653-ses-2/ds/inputs/data/qsiprep/qsiprep/sub-22653/ses-2/dwi/sub-22653_ses-2_space-ACPC_desc-preproc_dwi.nii.gz	0.0021668472372697	0.6911174031312864	0.1380923716035703	0.6786150336265564	0.6926182009665335	0.6790882349014282	0.1344300324652537	0.6555760593987608	0.6556238511725266	sub-22653	ses-2				space-ACPC			DSIStudio	autotrackgqi
ProjectionBasalGanglia_CorticostriatalTractR	md	DSIStudio	/scratch/executivefunction/SLURM_13244013_206/job-13244013-206-sub-22653-ses-2/ds/inputs/data/qsiprep/qsiprep/sub-22653/ses-2/dwi/sub-22653_ses-2_space-ACPC_desc-preproc_dwi.nii.gz	0.0021668472372697	0.8141553784372488	0.163652323859936	0.786533534526825	0.8159233597150714	0.7867828011512756	0.1593665729833382	0.7706982196315483	0.7707544038256207	sub-22653	ses-2				space-ACPC			DSIStudio	autotrackgqi
ProjectionBasalGanglia_CorticostriatalTractR	qa	DSIStudio	/scratch/executivefunction/SLURM_13244013_206/job-13244013-206-sub-22653-ses-2/ds/inputs/data/qsiprep/qsiprep/sub-22653/ses-2/dwi/sub-22653_ses-2_space-ACPC_desc-preproc_dwi.nii.gz	0.0021668472372697	0.2160658038270068	0.1106679851787369	0.2032609581947326	0.2165350020980753	0.2035519927740097	0.1103286045201011	0.2579811007440963	0.2579999076890762	sub-22653	ses-2				space-ACPC			DSIStudio	autotrackgqi
ProjectionBasalGanglia_CorticostriatalTractR	rd1	DSIStudio	/scratch/executivefunction/SLURM_13244013_206/job-13244013-206-sub-22653-ses-2/ds/inputs/data/qsiprep/qsiprep/sub-22653/ses-2/dwi/sub-22653_ses-2_space-ACPC_desc-preproc_dwi.nii.gz	0.0021668472372697	0.7569028208351772	0.1932591160910859	0.7451586723327637	0.7585464751692385	0.7454405426979065	0.1902193556338656	0.6852331816889277	0.6852831353596518	sub-22653	ses-2				space-ACPC			DSIStudio	autotrackgqi
ProjectionBasalGanglia_CorticostriatalTractR	rd2	DSIStudio	/scratch/executivefunction/SLURM_13244013_206/job-13244013-206-sub-22653-ses-2/ds/inputs/data/qsiprep/qsiprep/sub-22653/ses-2/dwi/sub-22653_ses-2_space-ACPC_desc-preproc_dwi.nii.gz	0.0021668472372697	0.5743855659677904	0.2193617322591109	0.5529431104660034	0.5756328744715207	0.5532799959182739	0.2179588768086517	0.4848077776712192	0.4848431203508572	sub-22653	ses-2				space-ACPC			DSIStudio	autotrackgqi
ProjectionBasalGanglia_CorticostriatalTractR	rd	DSIStudio	/scratch/executivefunction/SLURM_13244013_206/job-13244013-206-sub-22653-ses-2/ds/inputs/data/qsiprep/qsiprep/sub-22653/ses-2/dwi/sub-22653_ses-2_space-ACPC_desc-preproc_dwi.nii.gz	0.0021668472372697	0.6656441932595908	0.1986544225478176	0.6475951075553894	0.6670896746781785	0.6479112505912781	0.1964306776188043	0.5850204792758212	0.5850631274509728	sub-22653	ses-2				space-ACPC			DSIStudio	autotrackgqi
ProjectionBasalGanglia_CorticostriatalTractR	txx	DSIStudio	/scratch/executivefunction/SLURM_13244013_206/job-13244013-206-sub-22653-ses-2/ds/inputs/data/qsiprep/qsiprep/sub-22653/ses-2/dwi/sub-22653_ses-2_space-ACPC_desc-preproc_dwi.nii.gz	0.0021668472372697	0.0007812131273691	0.0002248439896552	0.0007712325314059	0.000782909572814	0.0007717189146205	0.0002221180739127	0.0007112027193725	0.0007112545662405	sub-22653	ses-2				space-ACPC			DSIStudio	autotrackgqi
ProjectionBasalGanglia_CorticostriatalTractR	txy	DSIStudio	/scratch/executivefunction/SLURM_13244013_206/job-13244013-206-sub-22653-ses-2/ds/inputs/data/qsiprep/qsiprep/sub-22653/ses-2/dwi/sub-22653_ses-2_space-ACPC_desc-preproc_dwi.nii.gz	0.0021668472372697	1.7080521700030692e-05	0.0001171034755315	8.37265088193817e-06	1.7117612952365177e-05	8.552827239327598e-06	0.0001172278467595	1.7726765884358093e-05	1.7728058158843976e-05	sub-22653	ses-2				space-ACPC			DSIStudio	autotrackgqi
ProjectionBasalGanglia_CorticostriatalTractR	txz	DSIStudio	/scratch/executivefunction/SLURM_13244013_206/job-13244013-206-sub-22653-ses-2/ds/inputs/data/qsiprep/qsiprep/sub-22653/ses-2/dwi/sub-22653_ses-2_space-ACPC_desc-preproc_dwi.nii.gz	0.0021668472372697	-2.5944033976021264e-05	0.0001405953860327	-1.5782219634274952e-05	-2.6000372812016967e-05	-1.5971590983099304e-05	0.0001407427545569	-4.1430913894368576e-05	-4.143393419872367e-05	sub-22653	ses-2				space-ACPC			DSIStudio	autotrackgqi
ProjectionBasalGanglia_CorticostriatalTractR	tyy	DSIStudio	/scratch/executivefunction/SLURM_13244013_206/job-13244013-206-sub-22653-ses-2/ds/inputs/data/qsiprep/qsiprep/sub-22653/ses-2/dwi/sub-22653_ses-2_space-ACPC_desc-preproc_dwi.nii.gz	0.0021668472372697	0.0008198977239326	0.0002522439292869	0.0007838865276426	0.0008216781750161	0.0007843134808354	0.0002496041094332	0.0007779650930246	0.0007780218068576	sub-22653	ses-2				space-ACPC			DSIStudio	autotrackgqi
ProjectionBasalGanglia_CorticostriatalTractR	tyz	DSIStudio	/scratch/executivefunction/SLURM_13244013_206/job-13244013-206-sub-22653-ses-2/ds/inputs/data/qsiprep/qsiprep/sub-22653/ses-2/dwi/sub-22653_ses-2_space-ACPC_desc-preproc_dwi.nii.gz	0.0021668472372697	2.77882666928106e-05	0.0001488336433356	2.0528761524474248e-05	2.784861037726839e-05	2.074914300465025e-05	0.0001489895162362	5.377984493807931e-05	5.3783765452745056e-05	sub-22653	ses-2				space-ACPC			DSIStudio	autotrackgqi
ProjectionBasalGanglia_CorticostriatalTractR	tzz	DSIStudio	/scratch/executivefunction/SLURM_13244013_206/job-13244013-206-sub-22653-ses-2/ds/inputs/data/qsiprep/qsiprep/sub-22653/ses-2/dwi/sub-22653_ses-2_space-ACPC_desc-preproc_dwi.nii.gz	0.0021668472372697	0.0008413552819067	0.0002385920015066	0.0008165757753886	0.0008431823292073	0.0008168557542376	0.000235603962832	0.00082292684314	0.000822986835021	sub-22653	ses-2				space-ACPC			DSIStudio	autotrackgqi
ProjectionBrainstem_ReticularTractL	ad	DSIStudio	/scratch/executivefunction/SLURM_13244013_206/job-13244013-206-sub-22653-ses-2/ds/inputs/data/qsiprep/qsiprep/sub-22653/ses-2/dwi/sub-22653_ses-2_space-ACPC_desc-preproc_dwi.nii.gz	0.0055632823365785	1.1819279673036514	0.2829311177385202	1.137736201286316	1.1885401517361194	1.1393049359321594	0.269516238770849	1.2008680827954086	1.2020687782719848	sub-22653	ses-2				space-ACPC			DSIStudio	autotrackgqi
ProjectionBrainstem_ReticularTractL	dti_fa	DSIStudio	/scratch/executivefunction/SLURM_13244013_206/job-13244013-206-sub-22653-ses-2/ds/inputs/data/qsiprep/qsiprep/sub-22653/ses-2/dwi/sub-22653_ses-2_space-ACPC_desc-preproc_dwi.nii.gz	0.0055632823365785	0.4191693191588836	0.1667762656742608	0.4083458334207535	0.4215143223429893	0.4099136590957641	0.1642603876996665	0.4414873259482453	0.4419287497879262	sub-22653	ses-2				space-ACPC			DSIStudio	autotrackgqi
ProjectionBrainstem_ReticularTractL	gfa	DSIStudio	/scratch/executivefunction/SLURM_13244013_206/job-13244013-206-sub-22653-ses-2/ds/inputs/data/qsiprep/qsiprep/sub-22653/ses-2/dwi/sub-22653_ses-2_space-ACPC_desc-preproc_dwi.nii.gz	0.0055632823365785	0.0886921750158796	0.0349502448473235	0.0855962261557579	0.0891883550159685	0.0859135426580905	0.0344107514166041	0.0928567789582721	0.0929496223917666	sub-22653	ses-2				space-ACPC			DSIStudio	autotrackgqi
ProjectionBrainstem_ReticularTractL	ha	DSIStudio	/scratch/executivefunction/SLURM_13244013_206/job-13244013-206-sub-22653-ses-2/ds/inputs/data/qsiprep/qsiprep/sub-22653/ses-2/dwi/sub-22653_ses-2_space-ACPC_desc-preproc_dwi.nii.gz	0.0055632823365785	-18.6377444635419	38.73679623176774	-22.956737518310547	-18.74201156543584	-23.10135555267334	38.8198381370515	-22.8833131512289	-22.906193087278044	sub-22653	ses-2				space-ACPC			DSIStudio	autotrackgqi
ProjectionBrainstem_ReticularTractL	iso	DSIStudio	/scratch/executivefunction/SLURM_13244013_206/job-13244013-206-sub-22653-ses-2/ds/inputs/data/qsiprep/qsiprep/sub-22653/ses-2/dwi/sub-22653_ses-2_space-ACPC_desc-preproc_dwi.nii.gz	0.0055632823365785	0.6596894028372493	0.13871876569258	0.6438409090042114	0.6633799729230521	0.6449166834354401	0.1300088390705308	0.6912471934104144	0.691938341215756	sub-22653	ses-2				space-ACPC			DSIStudio	autotrackgqi
ProjectionBrainstem_ReticularTractL	md	DSIStudio	/scratch/executivefunction/SLURM_13244013_206/job-13244013-206-sub-22653-ses-2/ds/inputs/data/qsiprep/qsiprep/sub-22653/ses-2/dwi/sub-22653_ses-2_space-ACPC_desc-preproc_dwi.nii.gz	0.0055632823365785	0.7948404215431678	0.214662474223888	0.7541744709014893	0.7992870812441085	0.7544011175632477	0.206841993492831	0.7928215013664608	0.7936142090006457	sub-22653	ses-2				space-ACPC			DSIStudio	autotrackgqi
ProjectionBrainstem_ReticularTractL	qa	DSIStudio	/scratch/executivefunction/SLURM_13244013_206/job-13244013-206-sub-22653-ses-2/ds/inputs/data/qsiprep/qsiprep/sub-22653/ses-2/dwi/sub-22653_ses-2_space-ACPC_desc-preproc_dwi.nii.gz	0.0055632823365785	0.266435394915901	0.1191270163005093	0.2491293996572494	0.2679259425797662	0.249977245926857	0.1177764034556392	0.2912827966489374	0.2915740375449285	sub-22653	ses-2				space-ACPC			DSIStudio	autotrackgqi
ProjectionBrainstem_ReticularTractL	rd1	DSIStudio	/scratch/executivefunction/SLURM_13244013_206/job-13244013-206-sub-22653-ses-2/ds/inputs/data/qsiprep/qsiprep/sub-22653/ses-2/dwi/sub-22653_ses-2_space-ACPC_desc-preproc_dwi.nii.gz	0.0055632823365785	0.6999828796807848	0.2497268179294242	0.666671484708786	0.703898867818859	0.6678484976291656	0.2448589606240159	0.6909337590002342	0.691624593701542	sub-22653	ses-2				space-ACPC			DSIStudio	autotrackgqi
ProjectionBrainstem_ReticularTractL	rd2	DSIStudio	/scratch/executivefunction/SLURM_13244013_206/job-13244013-206-sub-22653-ses-2/ds/inputs/data/qsiprep/qsiprep/sub-22653/ses-2/dwi/sub-22653_ses-2_space-ACPC_desc-preproc_dwi.nii.gz	0.0055632823365785	0.5026104180388391	0.2315591508605899	0.4655583798885345	0.5054222245733221	0.4666563421487808	0.2291254260213782	0.4866626556595019	0.487149248377529	sub-22653	ses-2				space-ACPC			DSIStudio	autotrackgqi
ProjectionBrainstem_ReticularTractL	rd	DSIStudio	/scratch/executivefunction/SLURM_13244013_206/job-13244013-206-sub-22653-ses-2/ds/inputs/data/qsiprep/qsiprep/sub-22653/ses-2/dwi/sub-22653_ses-2_space-ACPC_desc-preproc_dwi.nii.gz	0.0055632823365785	0.601296649574819	0.233964749500784	0.5719998180866241	0.6046605469150976	0.5728348195552826	0.2302427479658984	0.5887982100755278	0.5893869237879404	sub-22653	ses-2				space-ACPC			DSIStudio	autotrackgqi
ProjectionBrainstem_ReticularTractL	txx	DSIStudio	/scratch/executivefunction/SLURM_13244013_206/job-13244013-206-sub-22653-ses-2/ds/inputs/data/qsiprep/qsiprep/sub-22653/ses-2/dwi/sub-22653_ses-2_space-ACPC_desc-preproc_dwi.nii.gz	0.0055632823365785	0.0006914225190629	0.0002454074806909	0.0006530720565933	0.0006952906170716	0.0006538032321259	0.0002405666258282	0.0006566734792143	0.0006573300584967	sub-22653	ses-2				space-ACPC			DSIStudio	autotrackgqi
ProjectionBrainstem_ReticularTractL	txy	DSIStudio	/scratch/executivefunction/SLURM_13244013_206/job-13244013-206-sub-22653-ses-2/ds/inputs/data/qsiprep/qsiprep/sub-22653/ses-2/dwi/sub-22653_ses-2_space-ACPC_desc-preproc_dwi.nii.gz	0.0055632823365785	-3.981466842745936e-05	0.0001244067372393	-3.160000414936803e-05	-4.003740783124934e-05	-3.282303805463016e-05	0.0001247184957433	-4.150432487091389e-05	-4.154582329277991e-05	sub-22653	ses-2				space-ACPC			DSIStudio	autotrackgqi
ProjectionBrainstem_ReticularTractL	txz	DSIStudio	/scratch/executivefunction/SLURM_13244013_206/job-13244013-206-sub-22653-ses-2/ds/inputs/data/qsiprep/qsiprep/sub-22653/ses-2/dwi/sub-22653_ses-2_space-ACPC_desc-preproc_dwi.nii.gz	0.0055632823365785	1.2193468565031634e-05	0.0001207749083951	-7.697894943703432e-07	1.2261683773787056e-05	-1.0838650155164942e-06	0.0001211088159502	1.8242372312025887e-05	1.826061196884484e-05	sub-22653	ses-2				space-ACPC			DSIStudio	autotrackgqi
ProjectionBrainstem_ReticularTractL	tyy	DSIStudio	/scratch/executivefunction/SLURM_13244013_206/job-13244013-206-sub-22653-ses-2/ds/inputs/data/qsiprep/qsiprep/sub-22653/ses-2/dwi/sub-22653_ses-2_space-ACPC_desc-preproc_dwi.nii.gz	0.0055632823365785	0.0008723467945098	0.0002967385049225	0.0008427916909568	0.0008772270562973	0.0008439042430836	0.0002902847756242	0.0009044381248858	0.0009053424335428	sub-22653	ses-2				space-ACPC			DSIStudio	autotrackgqi
ProjectionBrainstem_ReticularTractL	tyz	DSIStudio	/scratch/executivefunction/SLURM_13244013_206/job-13244013-206-sub-22653-ses-2/ds/inputs/data/qsiprep/qsiprep/sub-22653/ses-2/dwi/sub-22653_ses-2_space-ACPC_desc-preproc_dwi.nii.gz	0.0055632823365785	-0.0001335787447975	0.0001802553726004	-0.0001210329355672	-0.0001343260384747	-0.000121274824778	0.000180481001147	-0.0001702907919005	-0.0001704610580223	sub-22653	ses-2				space-ACPC			DSIStudio	autotrackgqi
ProjectionBrainstem_ReticularTractL	tzz	DSIStudio	/scratch/executivefunction/SLURM_13244013_206/job-13244013-206-sub-22653-ses-2/ds/inputs/data/qsiprep/qsiprep/sub-22653/ses-2/dwi/sub-22653_ses-2_space-ACPC_desc-preproc_dwi.nii.gz	0.0055632823365785	0.000820751953866	0.0003321869865532	0.0007284947205334	0.0008253435731883	0.0007299797434825	0.0003273772488905	0.0008173528979056	0.0008181701328666	sub-22653	ses-2				space-ACPC			DSIStudio	autotrackgqi
ProjectionBrainstem_CorticopontineTractL	ad	DSIStudio	/scratch/executivefunction/SLURM_13244013_206/job-13244013-206-sub-22653-ses-2/ds/inputs/data/qsiprep/qsiprep/sub-22653/ses-2/dwi/sub-22653_ses-2_space-ACPC_desc-preproc_dwi.nii.gz	0.0020812685827552	1.17206319772571	0.2785063800768265	1.1164062023162842	1.1745076636262204	1.1170108318328855	0.2735992174170157	1.263742394780346	1.2638575757596502	sub-22653	ses-2				space-ACPC			DSIStudio	autotrackgqi
ProjectionBrainstem_CorticopontineTractL	dti_fa	DSIStudio	/scratch/executivefunction/SLURM_13244013_206/job-13244013-206-sub-22653-ses-2/ds/inputs/data/qsiprep/qsiprep/sub-22653/ses-2/dwi/sub-22653_ses-2_space-ACPC_desc-preproc_dwi.nii.gz	0.0020812685827552	0.3801141847216693	0.1882342417087094	0.3827027827501297	0.3809069543988125	0.3833141922950744	0.1876274389517019	0.4603994547300483	0.4604414166091858	sub-22653	ses-2				space-ACPC			DSIStudio	autotrackgqi
ProjectionBrainstem_CorticopontineTractL	gfa	DSIStudio	/scratch/executivefunction/SLURM_13244013_206/job-13244013-206-sub-22653-ses-2/ds/inputs/data/qsiprep/qsiprep/sub-22653/ses-2/dwi/sub-22653_ses-2_space-ACPC_desc-preproc_dwi.nii.gz	0.0020812685827552	0.0836298763188944	0.039703773898125	0.0841411426663398	0.0838042955663566	0.0843175575137138	0.0395608431724994	0.1005906015075631	0.1005997695783881	sub-22653	ses-2				space-ACPC			DSIStudio	autotrackgqi
ProjectionBrainstem_CorticopontineTractL	ha	DSIStudio	/scratch/executivefunction/SLURM_13244013_206/job-13244013-206-sub-22653-ses-2/ds/inputs/data/qsiprep/qsiprep/sub-22653/ses-2/dwi/sub-22653_ses-2_space-ACPC_desc-preproc_dwi.nii.gz	0.0020812685827552	-2.4843334168780915	52.17874331403668	-7.268536329269409	-2.489514765746345	-7.489582538604736	52.23300373311598	-4.506863896113851	-4.507274678718375	sub-22653	ses-2				space-ACPC			DSIStudio	autotrackgqi
ProjectionBrainstem_CorticopontineTractL	iso	DSIStudio	/scratch/executivefunction/SLURM_13244013_206/job-13244013-206-sub-22653-ses-2/ds/inputs/data/qsiprep/qsiprep/sub-22653/ses-2/dwi/sub-22653_ses-2_space-ACPC_desc-preproc_dwi.nii.gz	0.0020812685827552	0.6726896377071753	0.1334350936370112	0.6637727916240692	0.6740926054688051	0.6640327572822571	0.1299858766772174	0.6258788617556861	0.6259359058224427	sub-22653	ses-2				space-ACPC			DSIStudio	autotrackgqi
ProjectionBrainstem_CorticopontineTractL	md	DSIStudio	/scratch/executivefunction/SLURM_13244013_206/job-13244013-206-sub-22653-ses-2/ds/inputs/data/qsiprep/qsiprep/sub-22653/ses-2/dwi/sub-22653_ses-2_space-ACPC_desc-preproc_dwi.nii.gz	0.0020812685827552	0.8196837078591641	0.2111501789095854	0.7773948907852173	0.8213932478199389	0.777639627456665	0.2080220639930337	0.8209199482775493	0.8209947692892683	sub-22653	ses-2				space-ACPC			DSIStudio	autotrackgqi
ProjectionBrainstem_CorticopontineTractL	qa	DSIStudio	/scratch/executivefunction/SLURM_13244013_206/job-13244013-206-sub-22653-ses-2/ds/inputs/data/qsiprep/qsiprep/sub-22653/ses-2/dwi/sub-22653_ses-2_space-ACPC_desc-preproc_dwi.nii.gz	0.0020812685827552	0.2502672470118426	0.1261834577097147	0.2416731193661689	0.2507892067086594	0.2420277297496795	0.125795750187258	0.2913490054140764	0.2913755595896049	sub-22653	ses-2				space-ACPC			DSIStudio	autotrackgqi
ProjectionBrainstem_CorticopontineTractL	rd1	DSIStudio	/scratch/executivefunction/SLURM_13244013_206/job-13244013-206-sub-22653-ses-2/ds/inputs/data/qsiprep/qsiprep/sub-22653/ses-2/dwi/sub-22653_ses-2_space-ACPC_desc-preproc_dwi.nii.gz	0.0020812685827552	0.74404669399304	0.2438173376176789	0.7255468666553497	0.7455984846945848	0.7258889675140381	0.2416896032565967	0.7092378910551789	0.709302533035039	sub-22653	ses-2				space-ACPC			DSIStudio	autotrackgqi
ProjectionBrainstem_CorticopontineTractL	rd2	DSIStudio	/scratch/executivefunction/SLURM_13244013_206/job-13244013-206-sub-22653-ses-2/ds/inputs/data/qsiprep/qsiprep/sub-22653/ses-2/dwi/sub-22653_ses-2_space-ACPC_desc-preproc_dwi.nii.gz	0.0020812685827552	0.5429412306767286	0.2573289570909924	0.4952085167169571	0.5440735939545328	0.4955277442932129	0.2563985344662474	0.489779559661699	0.4898241997377522	sub-22653	ses-2				space-ACPC			DSIStudio	autotrackgqi
ProjectionBrainstem_CorticopontineTractL	rd	DSIStudio	/scratch/executivefunction/SLURM_13244013_206/job-13244013-206-sub-22653-ses-2/ds/inputs/data/qsiprep/qsiprep/sub-22653/ses-2/dwi/sub-22653_ses-2_space-ACPC_desc-preproc_dwi.nii.gz	0.0020812685827552	0.6434939623263003	0.2433330958500014	0.6074685454368591	0.6448360393159569	0.6079216003417969	0.2418037777376225	0.599508724967243	0.599563365995164	sub-22653	ses-2				space-ACPC			DSIStudio	autotrackgqi
ProjectionBrainstem_CorticopontineTractL	txx	DSIStudio	/scratch/executivefunction/SLURM_13244013_206/job-13244013-206-sub-22653-ses-2/ds/inputs/data/qsiprep/qsiprep/sub-22653/ses-2/dwi/sub-22653_ses-2_space-ACPC_desc-preproc_dwi.nii.gz	0.0020812685827552	0.0007377936820452	0.0002653918323766	0.0007146862917579	0.0007393324314069	0.0007151094614528	0.0002635186383146	0.0007118253579029	0.0007118902357858	sub-22653	ses-2				space-ACPC			DSIStudio	autotrackgqi
ProjectionBrainstem_CorticopontineTractL	txy	DSIStudio	/scratch/executivefunction/SLURM_13244013_206/job-13244013-206-sub-22653-ses-2/ds/inputs/data/qsiprep/qsiprep/sub-22653/ses-2/dwi/sub-22653_ses-2_space-ACPC_desc-preproc_dwi.nii.gz	0.0020812685827552	1.052070394810671e-06	0.0001138135405029	2.434553834973485e-06	1.0542646026059855e-06	2.749806981228176e-06	0.0001139321538216	-3.297054817114741e-07	-3.297356250912724e-07	sub-22653	ses-2				space-ACPC			DSIStudio	autotrackgqi
ProjectionBrainstem_CorticopontineTractL	txz	DSIStudio	/scratch/executivefunction/SLURM_13244013_206/job-13244013-206-sub-22653-ses-2/ds/inputs/data/qsiprep/qsiprep/sub-22653/ses-2/dwi/sub-22653_ses-2_space-ACPC_desc-preproc_dwi.nii.gz	0.0020812685827552	-4.634174177727809e-06	0.0001637022633993	-1.1307449767627986e-05	-4.643839254471506e-06	-1.1783472473325672e-05	0.00016387274702	2.9669379714964136e-05	2.9672083737206672e-05	sub-22653	ses-2				space-ACPC			DSIStudio	autotrackgqi
ProjectionBrainstem_CorticopontineTractL	tyy	DSIStudio	/scratch/executivefunction/SLURM_13244013_206/job-13244013-206-sub-22653-ses-2/ds/inputs/data/qsiprep/qsiprep/sub-22653/ses-2/dwi/sub-22653_ses-2_space-ACPC_desc-preproc_dwi.nii.gz	0.0020812685827552	0.0007717337778025	0.0003001524798368	0.0007435200677718	0.0007733433129434	0.0007439575274474	0.0002983868019989	0.0007873925608265	0.0007874643260019	sub-22653	ses-2				space-ACPC			DSIStudio	autotrackgqi
ProjectionBrainstem_CorticopontineTractL	tyz	DSIStudio	/scratch/executivefunction/SLURM_13244013_206/job-13244013-206-sub-22653-ses-2/ds/inputs/data/qsiprep/qsiprep/sub-22653/ses-2/dwi/sub-22653_ses-2_space-ACPC_desc-preproc_dwi.nii.gz	0.0020812685827552	-4.6656687444264e-06	0.0001788190306741	-1.0284161362505984e-05	-4.6753995065311725e-06	-1.053719643095974e-05	0.0001790052797863	1.0492041897276564e-05	1.0492998114716248e-05	sub-22653	ses-2				space-ACPC			DSIStudio	autotrackgqi
ProjectionBrainstem_CorticopontineTractL	tzz	DSIStudio	/scratch/executivefunction/SLURM_13244013_206/job-13244013-206-sub-22653-ses-2/ds/inputs/data/qsiprep/qsiprep/sub-22653/ses-2/dwi/sub-22653_ses-2_space-ACPC_desc-preproc_dwi.nii.gz	0.0020812685827552	0.0009495236630037	0.0002824473931316	0.000917496625334	0.0009515039983819	0.0009180429624393	0.0002793897197978	0.0009635419263604	0.0009636297463372	sub-22653	ses-2				space-ACPC			DSIStudio	autotrackgqi
ProjectionBrainstem_MedialLemniscusL	ad	DSIStudio	/scratch/executivefunction/SLURM_13244013_206/job-13244013-206-sub-22653-ses-2/ds/inputs/data/qsiprep/qsiprep/sub-22653/ses-2/dwi/sub-22653_ses-2_space-ACPC_desc-preproc_dwi.nii.gz	0.0	1.3178290826720556	0.3690149764756603	1.2337945699691772	1.3178290826720556	1.2337945699691772	0.3690149764756603	1.3659805575125128	1.3659805575125128	sub-22653	ses-2				space-ACPC			DSIStudio	autotrackgqi
ProjectionBrainstem_MedialLemniscusL	dti_fa	DSIStudio	/scratch/executivefunction/SLURM_13244013_206/job-13244013-206-sub-22653-ses-2/ds/inputs/data/qsiprep/qsiprep/sub-22653/ses-2/dwi/sub-22653_ses-2_space-ACPC_desc-preproc_dwi.nii.gz	0.0	0.4654602772751836	0.1702620670232399	0.4670122563838959	0.4654602772751836	0.4670122563838959	0.1702620670232399	0.4818670680992896	0.4818670680992896	sub-22653	ses-2				space-ACPC			DSIStudio	autotrackgqi
ProjectionBrainstem_MedialLemniscusL	gfa	DSIStudio	/scratch/executivefunction/SLURM_13244013_206/job-13244013-206-sub-22653-ses-2/ds/inputs/data/qsiprep/qsiprep/sub-22653/ses-2/dwi/sub-22653_ses-2_space-ACPC_desc-preproc_dwi.nii.gz	0.0	0.1027699884452102	0.0331387813538936	0.1022436544299125	0.1027699884452102	0.1022436544299125	0.0331387813538936	0.1077390749521055	0.1077390749521055	sub-22653	ses-2				space-ACPC			DSIStudio	autotrackgqi
ProjectionBrainstem_MedialLemniscusL	ha	DSIStudio	/scratch/executivefunction/SLURM_13244013_206/job-13244013-206-sub-22653-ses-2/ds/inputs/data/qsiprep/qsiprep/sub-22653/ses-2/dwi/sub-22653_ses-2_space-ACPC_desc-preproc_dwi.nii.gz	0.0	13.046493303916716	60.33033874114608	50.633487701416016	13.046493303916716	50.633487701416016	60.33033874114608	16.60799965119011	16.60799965119011	sub-22653	ses-2				space-ACPC			DSIStudio	autotrackgqi
ProjectionBrainstem_MedialLemniscusL	iso	DSIStudio	/scratch/executivefunction/SLURM_13244013_206/job-13244013-206-sub-22653-ses-2/ds/inputs/data/qsiprep/qsiprep/sub-22653/ses-2/dwi/sub-22653_ses-2_space-ACPC_desc-preproc_dwi.nii.gz	0.0	0.6460430663343265	0.1101399546091002	0.6617669463157654	0.6460430663343265	0.6617669463157654	0.1101399546091002	0.6283601271249021	0.6283601271249021	sub-22653	ses-2				space-ACPC			DSIStudio	autotrackgqi
ProjectionBrainstem_MedialLemniscusL	md	DSIStudio	/scratch/executivefunction/SLURM_13244013_206/job-13244013-206-sub-22653-ses-2/ds/inputs/data/qsiprep/qsiprep/sub-22653/ses-2/dwi/sub-22653_ses-2_space-ACPC_desc-preproc_dwi.nii.gz	0.0	0.8584622221795508	0.3226211888389448	0.7658224105834961	0.8584622221795508	0.7658224105834961	0.3226211888389448	0.8753583225655133	0.8753583225655133	sub-22653	ses-2				space-ACPC			DSIStudio	autotrackgqi
ProjectionBrainstem_MedialLemniscusL	qa	DSIStudio	/scratch/executivefunction/SLURM_13244013_206/job-13244013-206-sub-22653-ses-2/ds/inputs/data/qsiprep/qsiprep/sub-22653/ses-2/dwi/sub-22653_ses-2_space-ACPC_desc-preproc_dwi.nii.gz	0.0	0.3110640195039035	0.1172417886523079	0.3080386817455292	0.3110640195039035	0.3080386817455292	0.1172417886523079	0.3181311081713583	0.3181311081713583	sub-22653	ses-2				space-ACPC			DSIStudio	autotrackgqi
ProjectionBrainstem_MedialLemniscusL	rd1	DSIStudio	/scratch/executivefunction/SLURM_13244013_206/job-13244013-206-sub-22653-ses-2/ds/inputs/data/qsiprep/qsiprep/sub-22653/ses-2/dwi/sub-22653_ses-2_space-ACPC_desc-preproc_dwi.nii.gz	0.0	0.7394596225943453	0.3438136499240485	0.6770369410514832	0.7394596225943453	0.6770369410514832	0.3438136499240485	0.7383880540598423	0.7383880540598423	sub-22653	ses-2				space-ACPC			DSIStudio	autotrackgqi
ProjectionBrainstem_MedialLemniscusL	rd2	DSIStudio	/scratch/executivefunction/SLURM_13244013_206/job-13244013-206-sub-22653-ses-2/ds/inputs/data/qsiprep/qsiprep/sub-22653/ses-2/dwi/sub-22653_ses-2_space-ACPC_desc-preproc_dwi.nii.gz	0.0	0.5180979520704219	0.342110252357784	0.4337326288223266	0.5180979520704219	0.4337326288223266	0.342110252357784	0.5217063415388123	0.5217063415388123	sub-22653	ses-2				space-ACPC			DSIStudio	autotrackgqi
ProjectionBrainstem_MedialLemniscusL	rd	DSIStudio	/scratch/executivefunction/SLURM_13244013_206/job-13244013-206-sub-22653-ses-2/ds/inputs/data/qsiprep/qsiprep/sub-22653/ses-2/dwi/sub-22653_ses-2_space-ACPC_desc-preproc_dwi.nii.gz	0.0	0.6287787870836855	0.3390072347193668	0.5540587306022644	0.6287787870836855	0.5540587306022644	0.3390072347193668	0.6300471984529763	0.6300471984529763	sub-22653	ses-2				space-ACPC			DSIStudio	autotrackgqi
ProjectionBrainstem_MedialLemniscusL	txx	DSIStudio	/scratch/executivefunction/SLURM_13244013_206/job-13244013-206-sub-22653-ses-2/ds/inputs/data/qsiprep/qsiprep/sub-22653/ses-2/dwi/sub-22653_ses-2_space-ACPC_desc-preproc_dwi.nii.gz	0.0	0.000729396751823	0.0003449316003647	0.0006573448190465	0.000729396751823	0.0006573448190465	0.0003449316003647	0.0007251016881257	0.0007251016881257	sub-22653	ses-2				space-ACPC			DSIStudio	autotrackgqi
ProjectionBrainstem_MedialLemniscusL	txy	DSIStudio	/scratch/executivefunction/SLURM_13244013_206/job-13244013-206-sub-22653-ses-2/ds/inputs/data/qsiprep/qsiprep/sub-22653/ses-2/dwi/sub-22653_ses-2_space-ACPC_desc-preproc_dwi.nii.gz	0.0	-3.582954491661242e-05	8.55262201102871e-05	-3.543181446730159e-05	-3.582954491661242e-05	-3.543181446730159e-05	8.55262201102871e-05	-3.644448099342805e-05	-3.644448099342805e-05	sub-22653	ses-2				space-ACPC			DSIStudio	autotrackgqi
ProjectionBrainstem_MedialLemniscusL	txz	DSIStudio	/scratch/executivefunction/SLURM_13244013_206/job-13244013-206-sub-22653-ses-2/ds/inputs/data/qsiprep/qsiprep/sub-22653/ses-2/dwi/sub-22653_ses-2_space-ACPC_desc-preproc_dwi.nii.gz	0.0	1.0165456712462637e-05	0.0001910335810218	1.2563039490487428e-05	1.0165456712462637e-05	1.2563039490487428e-05	0.0001910335810218	1.379228619679675e-05	1.379228619679675e-05	sub-22653	ses-2				space-ACPC			DSIStudio	autotrackgqi
ProjectionBrainstem_MedialLemniscusL	tyy	DSIStudio	/scratch/executivefunction/SLURM_13244013_206/job-13244013-206-sub-22653-ses-2/ds/inputs/data/qsiprep/qsiprep/sub-22653/ses-2/dwi/sub-22653_ses-2_space-ACPC_desc-preproc_dwi.nii.gz	0.0	0.0007003347387538	0.00038619710781	0.0006236578337848	0.0007003347387538	0.0006236578337848	0.00038619710781	0.000721126480997	0.000721126480997	sub-22653	ses-2				space-ACPC			DSIStudio	autotrackgqi
ProjectionBrainstem_MedialLemniscusL	tyz	DSIStudio	/scratch/executivefunction/SLURM_13244013_206/job-13244013-206-sub-22653-ses-2/ds/inputs/data/qsiprep/qsiprep/sub-22653/ses-2/dwi/sub-22653_ses-2_space-ACPC_desc-preproc_dwi.nii.gz	0.0	8.203190254471053e-05	0.0001992829503	8.358100603800267e-05	8.203190254471053e-05	8.358100603800267e-05	0.0001992829503	0.0001019135353823	0.0001019135353823	sub-22653	ses-2				space-ACPC			DSIStudio	autotrackgqi
ProjectionBrainstem_MedialLemniscusL	tzz	DSIStudio	/scratch/executivefunction/SLURM_13244013_206/job-13244013-206-sub-22653-ses-2/ds/inputs/data/qsiprep/qsiprep/sub-22653/ses-2/dwi/sub-22653_ses-2_space-ACPC_desc-preproc_dwi.nii.gz	0.0	0.0011456551698411	0.0003700020334606	0.0010824381606653	0.0011456551698411	0.0010824381606653	0.0003700020334606	0.0011798467856538	0.0011798467856538	sub-22653	ses-2				space-ACPC			DSIStudio	autotrackgqi
ProjectionBrainstem_CorticobulbarTractL	ad	DSIStudio	/scratch/executivefunction/SLURM_13244013_206/job-13244013-206-sub-22653-ses-2/ds/inputs/data/qsiprep/qsiprep/sub-22653/ses-2/dwi/sub-22653_ses-2_space-ACPC_desc-preproc_dwi.nii.gz	0.0053763440860215	1.2964873900336604	0.4172283015271124	1.2089643478393557	1.3034954299797883	1.2094669342041016	0.4072904093918119	1.3119778051478432	1.3151089695019986	sub-22653	ses-2				space-ACPC			DSIStudio	autotrackgqi
ProjectionBrainstem_CorticobulbarTractL	dti_fa	DSIStudio	/scratch/executivefunction/SLURM_13244013_206/job-13244013-206-sub-22653-ses-2/ds/inputs/data/qsiprep/qsiprep/sub-22653/ses-2/dwi/sub-22653_ses-2_space-ACPC_desc-preproc_dwi.nii.gz	0.0053763440860215	0.4869855115971258	0.2204888739895718	0.4954404979944229	0.489617865713867	0.4965202510356903	0.2181496770329385	0.5152969134240534	0.5165267206538511	sub-22653	ses-2				space-ACPC			DSIStudio	autotrackgqi
ProjectionBrainstem_CorticobulbarTractL	gfa	DSIStudio	/scratch/executivefunction/SLURM_13244013_206/job-13244013-206-sub-22653-ses-2/ds/inputs/data/qsiprep/qsiprep/sub-22653/ses-2/dwi/sub-22653_ses-2_space-ACPC_desc-preproc_dwi.nii.gz	0.0053763440860215	0.106058143539935	0.0465453785826832	0.1031255684792995	0.106631430802313	0.103141188621521	0.0460114386567307	0.1118195619613766	0.1120864304528309	sub-22653	ses-2				space-ACPC			DSIStudio	autotrackgqi
ProjectionBrainstem_CorticobulbarTractL	ha	DSIStudio	/scratch/executivefunction/SLURM_13244013_206/job-13244013-206-sub-22653-ses-2/ds/inputs/data/qsiprep/qsiprep/sub-22653/ses-2/dwi/sub-22653_ses-2_space-ACPC_desc-preproc_dwi.nii.gz	0.0053763440860215	-45.828739697574285	37.08350041494525	-58.799781799316406	-46.07646261485847	-58.85787582397461	37.02978861865601	-46.70638828205575	-46.81785766338938	sub-22653	ses-2				space-ACPC			DSIStudio	autotrackgqi
ProjectionBrainstem_CorticobulbarTractL	iso	DSIStudio	/scratch/executivefunction/SLURM_13244013_206/job-13244013-206-sub-22653-ses-2/ds/inputs/data/qsiprep/qsiprep/sub-22653/ses-2/dwi/sub-22653_ses-2_space-ACPC_desc-preproc_dwi.nii.gz	0.0053763440860215	0.6739598393280019	0.1547309149048412	0.676857590675354	0.6776028654865316	0.6770036816596985	0.1469780440070263	0.6800028107047461	0.681625704532869	sub-22653	ses-2				space-ACPC			DSIStudio	autotrackgqi
ProjectionBrainstem_CorticobulbarTractL	md	DSIStudio	/scratch/executivefunction/SLURM_13244013_206/job-13244013-206-sub-22653-ses-2/ds/inputs/data/qsiprep/qsiprep/sub-22653/ses-2/dwi/sub-22653_ses-2_space-ACPC_desc-preproc_dwi.nii.gz	0.0053763440860215	0.8097080761386503	0.2925622574709917	0.749595046043396	0.8140848765502104	0.7497310042381287	0.2872146419999849	0.7883856528642789	0.7902672124099326	sub-22653	ses-2				space-ACPC			DSIStudio	autotrackgqi
ProjectionBrainstem_CorticobulbarTractL	qa	DSIStudio	/scratch/executivefunction/SLURM_13244013_206/job-13244013-206-sub-22653-ses-2/ds/inputs/data/qsiprep/qsiprep/sub-22653/ses-2/dwi/sub-22653_ses-2_space-ACPC_desc-preproc_dwi.nii.gz	0.0053763440860215	0.3539636705261004	0.2034870506816813	0.3159594982862472	0.3558769876640793	0.3164913952350616	0.2023608059087166	0.3815099614032226	0.3824204731933195	sub-22653	ses-2				space-ACPC			DSIStudio	autotrackgqi
ProjectionBrainstem_CorticobulbarTractL	rd1	DSIStudio	/scratch/executivefunction/SLURM_13244013_206/job-13244013-206-sub-22653-ses-2/ds/inputs/data/qsiprep/qsiprep/sub-22653/ses-2/dwi/sub-22653_ses-2_space-ACPC_desc-preproc_dwi.nii.gz	0.0053763440860215	0.6733963524782529	0.3203246345421318	0.6535084545612335	0.6770363327619192	0.6541563868522644	0.3173296546734721	0.6347269061721924	0.6362417435927415	sub-22653	ses-2				space-ACPC			DSIStudio	autotrackgqi
ProjectionBrainstem_CorticobulbarTractL	rd2	DSIStudio	/scratch/executivefunction/SLURM_13244013_206/job-13244013-206-sub-22653-ses-2/ds/inputs/data/qsiprep/qsiprep/sub-22653/ses-2/dwi/sub-22653_ses-2_space-ACPC_desc-preproc_dwi.nii.gz	0.0053763440860215	0.4592404828697283	0.3266658736172295	0.4078799486160278	0.4617228638582133	0.4109861850738525	0.3257932395600904	0.4184522502273107	0.4194509270966191	sub-22653	ses-2				space-ACPC			DSIStudio	autotrackgqi
ProjectionBrainstem_CorticobulbarTractL	rd	DSIStudio	/scratch/executivefunction/SLURM_13244013_206/job-13244013-206-sub-22653-ses-2/ds/inputs/data/qsiprep/qsiprep/sub-22653/ses-2/dwi/sub-22653_ses-2_space-ACPC_desc-preproc_dwi.nii.gz	0.0053763440860215	0.5663184228363216	0.3169585691236881	0.5422263145446777	0.5693796035003018	0.5441356301307678	0.31505999828059	0.5265895817285772	0.5278463388819279	sub-22653	ses-2				space-ACPC			DSIStudio	autotrackgqi
ProjectionBrainstem_CorticobulbarTractL	txx	DSIStudio	/scratch/executivefunction/SLURM_13244013_206/job-13244013-206-sub-22653-ses-2/ds/inputs/data/qsiprep/qsiprep/sub-22653/ses-2/dwi/sub-22653_ses-2_space-ACPC_desc-preproc_dwi.nii.gz	0.0053763440860215	0.0007134002432482	0.0002927102210269	0.0006681865779682	0.0007172564607793	0.0006682810490019	0.000288749905218	0.0006747007724807	0.0006763110119954	sub-22653	ses-2				space-ACPC			DSIStudio	autotrackgqi
ProjectionBrainstem_CorticobulbarTractL	txy	DSIStudio	/scratch/executivefunction/SLURM_13244013_206/job-13244013-206-sub-22653-ses-2/ds/inputs/data/qsiprep/qsiprep/sub-22653/ses-2/dwi/sub-22653_ses-2_space-ACPC_desc-preproc_dwi.nii.gz	0.0053763440860215	-5.158250688896016e-05	0.0001172455359746	-2.9778109819744717e-05	-5.18613312505221e-05	-3.174861194565892e-05	0.0001175004723126	-6.292832172461104e-05	-6.307850685029521e-05	sub-22653	ses-2				space-ACPC			DSIStudio	autotrackgqi
ProjectionBrainstem_CorticobulbarTractL	txz	DSIStudio	/scratch/executivefunction/SLURM_13244013_206/job-13244013-206-sub-22653-ses-2/ds/inputs/data/qsiprep/qsiprep/sub-22653/ses-2/dwi/sub-22653_ses-2_space-ACPC_desc-preproc_dwi.nii.gz	0.0053763440860215	0.0001582519543163	0.0001782980628393	0.0001079160138033	0.0001591073702856	0.0001096390769816	0.0001783982487065	0.0001809542722269	0.0001813861379165	sub-22653	ses-2				space-ACPC			DSIStudio	autotrackgqi
ProjectionBrainstem_CorticobulbarTractL	tyy	DSIStudio	/scratch/executivefunction/SLURM_13244013_206/job-13244013-206-sub-22653-ses-2/ds/inputs/data/qsiprep/qsiprep/sub-22653/ses-2/dwi/sub-22653_ses-2_space-ACPC_desc-preproc_dwi.nii.gz	0.0053763440860215	0.0006164706831451	0.000374668654393	0.0005507673486135	0.000619802957108	0.0005516129313036	0.000372920956456	0.0005815746902124	0.0005829626745926	sub-22653	ses-2				space-ACPC			DSIStudio	autotrackgqi
ProjectionBrainstem_CorticobulbarTractL	tyz	DSIStudio	/scratch/executivefunction/SLURM_13244013_206/job-13244013-206-sub-22653-ses-2/ds/inputs/data/qsiprep/qsiprep/sub-22653/ses-2/dwi/sub-22653_ses-2_space-ACPC_desc-preproc_dwi.nii.gz	0.0053763440860215	-0.0002182567644475	0.0001484587562585	-0.0002086985696223	-0.0002194365307418	-0.0002088812034344	0.0001479873428193	-0.0002250595102894	-0.0002255966370078	sub-22653	ses-2				space-ACPC			DSIStudio	autotrackgqi
ProjectionBrainstem_CorticobulbarTractL	tzz	DSIStudio	/scratch/executivefunction/SLURM_13244013_206/job-13244013-206-sub-22653-ses-2/ds/inputs/data/qsiprep/qsiprep/sub-22653/ses-2/dwi/sub-22653_ses-2_space-ACPC_desc-preproc_dwi.nii.gz	0.0053763440860215	0.0010992533030358	0.0003455689602122	0.0010500928619876	0.001105195212782	0.0010505622485652	0.0003368923244182	0.0011088815025896	0.0011115279573477	sub-22653	ses-2				space-ACPC			DSIStudio	autotrackgqi
ProjectionBasalGanglia_FasciculusSubthalamicusR	ad	DSIStudio	/scratch/executivefunction/SLURM_13244013_206/job-13244013-206-sub-22653-ses-2/ds/inputs/data/qsiprep/qsiprep/sub-22653/ses-2/dwi/sub-22653_ses-2_space-ACPC_desc-preproc_dwi.nii.gz	0.0	1.2405415151480197	0.5186651197051131	1.0678404569625854	1.2405415151480197	1.0678404569625854	0.5186651197051131	1.1338638696870291	1.1338638696870291	sub-22653	ses-2				space-ACPC			DSIStudio	autotrackgqi
ProjectionBasalGanglia_FasciculusSubthalamicusR	dti_fa	DSIStudio	/scratch/executivefunction/SLURM_13244013_206/job-13244013-206-sub-22653-ses-2/ds/inputs/data/qsiprep/qsiprep/sub-22653/ses-2/dwi/sub-22653_ses-2_space-ACPC_desc-preproc_dwi.nii.gz	0.0	0.3522320237395101	0.152310127725704	0.3211833238601684	0.3522320237395101	0.3211833238601684	0.152310127725704	0.3395270486847022	0.3395270486847022	sub-22653	ses-2				space-ACPC			DSIStudio	autotrackgqi
ProjectionBasalGanglia_FasciculusSubthalamicusR	gfa	DSIStudio	/scratch/executivefunction/SLURM_13244013_206/job-13244013-206-sub-22653-ses-2/ds/inputs/data/qsiprep/qsiprep/sub-22653/ses-2/dwi/sub-22653_ses-2_space-ACPC_desc-preproc_dwi.nii.gz	0.0	0.0778535990764745	0.0306500937798542	0.0691031515598297	0.0778535990764745	0.0691031515598297	0.0306500937798542	0.07353713613203	0.07353713613203	sub-22653	ses-2				space-ACPC			DSIStudio	autotrackgqi
ProjectionBasalGanglia_FasciculusSubthalamicusR	ha	DSIStudio	/scratch/executivefunction/SLURM_13244013_206/job-13244013-206-sub-22653-ses-2/ds/inputs/data/qsiprep/qsiprep/sub-22653/ses-2/dwi/sub-22653_ses-2_space-ACPC_desc-preproc_dwi.nii.gz	0.0	4.408576760315332	43.30839297659544	3.5247929096221924	4.408576760315332	3.5247929096221924	43.30839297659544	6.039956280848152	6.039956280848152	sub-22653	ses-2				space-ACPC			DSIStudio	autotrackgqi
ProjectionBasalGanglia_FasciculusSubthalamicusR	iso	DSIStudio	/scratch/executivefunction/SLURM_13244013_206/job-13244013-206-sub-22653-ses-2/ds/inputs/data/qsiprep/qsiprep/sub-22653/ses-2/dwi/sub-22653_ses-2_space-ACPC_desc-preproc_dwi.nii.gz	0.0	0.6605546750207302	0.1222743324124993	0.657088577747345	0.6605546750207302	0.657088577747345	0.1222743324124993	0.6681902356527276	0.6681902356527276	sub-22653	ses-2				space-ACPC			DSIStudio	autotrackgqi
ProjectionBasalGanglia_FasciculusSubthalamicusR	md	DSIStudio	/scratch/executivefunction/SLURM_13244013_206/job-13244013-206-sub-22653-ses-2/ds/inputs/data/qsiprep/qsiprep/sub-22653/ses-2/dwi/sub-22653_ses-2_space-ACPC_desc-preproc_dwi.nii.gz	0.0	0.9103742902568588	0.4596691891860995	0.7707614302635193	0.9103742902568588	0.7707614302635193	0.4596691891860995	0.842557992650232	0.842557992650232	sub-22653	ses-2				space-ACPC			DSIStudio	autotrackgqi
ProjectionBasalGanglia_FasciculusSubthalamicusR	qa	DSIStudio	/scratch/executivefunction/SLURM_13244013_206/job-13244013-206-sub-22653-ses-2/ds/inputs/data/qsiprep/qsiprep/sub-22653/ses-2/dwi/sub-22653_ses-2_space-ACPC_desc-preproc_dwi.nii.gz	0.0	0.2319814837039264	0.1106553434344344	0.1981921046972274	0.2319814837039264	0.1981921046972274	0.1106553434344344	0.2177006052180065	0.2177006052180065	sub-22653	ses-2				space-ACPC			DSIStudio	autotrackgqi
ProjectionBasalGanglia_FasciculusSubthalamicusR	rd1	DSIStudio	/scratch/executivefunction/SLURM_13244013_206/job-13244013-206-sub-22653-ses-2/ds/inputs/data/qsiprep/qsiprep/sub-22653/ses-2/dwi/sub-22653_ses-2_space-ACPC_desc-preproc_dwi.nii.gz	0.0	0.8565389048972722	0.4668468170623664	0.7546033263206482	0.8565389048972722	0.7546033263206482	0.4668468170623664	0.8158300943545319	0.8158300943545319	sub-22653	ses-2				space-ACPC			DSIStudio	autotrackgqi
ProjectionBasalGanglia_FasciculusSubthalamicusR	rd2	DSIStudio	/scratch/executivefunction/SLURM_13244013_206/job-13244013-206-sub-22653-ses-2/ds/inputs/data/qsiprep/qsiprep/sub-22653/ses-2/dwi/sub-22653_ses-2_space-ACPC_desc-preproc_dwi.nii.gz	0.0	0.6340424465509482	0.4491744696229953	0.524821400642395	0.6340424465509482	0.524821400642395	0.4491744696229953	0.5779800118594203	0.5779800118594203	sub-22653	ses-2				space-ACPC			DSIStudio	autotrackgqi
ProjectionBasalGanglia_FasciculusSubthalamicusR	rd	DSIStudio	/scratch/executivefunction/SLURM_13244013_206/job-13244013-206-sub-22653-ses-2/ds/inputs/data/qsiprep/qsiprep/sub-22653/ses-2/dwi/sub-22653_ses-2_space-ACPC_desc-preproc_dwi.nii.gz	0.0	0.7452906752104009	0.4547024588631113	0.6473934054374695	0.7452906752104009	0.6473934054374695	0.4547024588631113	0.6969050497989351	0.6969050497989351	sub-22653	ses-2				space-ACPC			DSIStudio	autotrackgqi
ProjectionBasalGanglia_FasciculusSubthalamicusR	txx	DSIStudio	/scratch/executivefunction/SLURM_13244013_206/job-13244013-206-sub-22653-ses-2/ds/inputs/data/qsiprep/qsiprep/sub-22653/ses-2/dwi/sub-22653_ses-2_space-ACPC_desc-preproc_dwi.nii.gz	0.0	0.0008212403256649	0.0004729918634357	0.0006824231822974	0.0008212403256649	0.0006824231822974	0.0004729918634357	0.0007506974941753	0.0007506974941753	sub-22653	ses-2				space-ACPC			DSIStudio	autotrackgqi
ProjectionBasalGanglia_FasciculusSubthalamicusR	txy	DSIStudio	/scratch/executivefunction/SLURM_13244013_206/job-13244013-206-sub-22653-ses-2/ds/inputs/data/qsiprep/qsiprep/sub-22653/ses-2/dwi/sub-22653_ses-2_space-ACPC_desc-preproc_dwi.nii.gz	0.0	6.174113676568704e-05	0.000126492776449	6.017776468070224e-05	6.174113676568704e-05	6.017776468070224e-05	0.000126492776449	6.405004304597191e-05	6.405004304597191e-05	sub-22653	ses-2				space-ACPC			DSIStudio	autotrackgqi
ProjectionBasalGanglia_FasciculusSubthalamicusR	txz	DSIStudio	/scratch/executivefunction/SLURM_13244013_206/job-13244013-206-sub-22653-ses-2/ds/inputs/data/qsiprep/qsiprep/sub-22653/ses-2/dwi/sub-22653_ses-2_space-ACPC_desc-preproc_dwi.nii.gz	0.0	-0.0001116316858426	0.0001280026251284	-0.0001119214648497	-0.0001116316858426	-0.0001119214648497	0.0001280026251284	-0.0001324438056176	-0.0001324438056176	sub-22653	ses-2				space-ACPC			DSIStudio	autotrackgqi
ProjectionBasalGanglia_FasciculusSubthalamicusR	tyy	DSIStudio	/scratch/executivefunction/SLURM_13244013_206/job-13244013-206-sub-22653-ses-2/ds/inputs/data/qsiprep/qsiprep/sub-22653/ses-2/dwi/sub-22653_ses-2_space-ACPC_desc-preproc_dwi.nii.gz	0.0	0.0009408684612937	0.0005006211064082	0.0008425173582509	0.0009408684612937	0.0008425173582509	0.0005006211064082	0.0008793229978427	0.0008793229978427	sub-22653	ses-2				space-ACPC			DSIStudio	autotrackgqi
ProjectionBasalGanglia_FasciculusSubthalamicusR	tyz	DSIStudio	/scratch/executivefunction/SLURM_13244013_206/job-13244013-206-sub-22653-ses-2/ds/inputs/data/qsiprep/qsiprep/sub-22653/ses-2/dwi/sub-22653_ses-2_space-ACPC_desc-preproc_dwi.nii.gz	0.0	-3.732282734580263e-05	0.0001507496428471	-1.5949852240737528e-05	-3.732282734580263e-05	-1.5949852240737528e-05	0.0001507496428471	-4.476938579517107e-05	-4.476938579517107e-05	sub-22653	ses-2				space-ACPC			DSIStudio	autotrackgqi
ProjectionBasalGanglia_FasciculusSubthalamicusR	tzz	DSIStudio	/scratch/executivefunction/SLURM_13244013_206/job-13244013-206-sub-22653-ses-2/ds/inputs/data/qsiprep/qsiprep/sub-22653/ses-2/dwi/sub-22653_ses-2_space-ACPC_desc-preproc_dwi.nii.gz	0.0	0.0009690140773768	0.0004947470346086	0.0008288384415209	0.0009690140773768	0.0008288384415209	0.0004947470346086	0.0008976534802987	0.0008976534802987	sub-22653	ses-2				space-ACPC			DSIStudio	autotrackgqi
ProjectionBasalGanglia_OpticRadiationL	ad	DSIStudio	/scratch/executivefunction/SLURM_13244013_206/job-13244013-206-sub-22653-ses-2/ds/inputs/data/qsiprep/qsiprep/sub-22653/ses-2/dwi/sub-22653_ses-2_space-ACPC_desc-preproc_dwi.nii.gz	0.0074074074074074	1.156130171361774	0.3220441500042468	1.0816888213157654	1.1647580084614888	1.0840550065040588	0.3073061430992598	1.2854492567567637	1.286042251164242	sub-22653	ses-2				space-ACPC			DSIStudio	autotrackgqi
ProjectionBasalGanglia_OpticRadiationL	dti_fa	DSIStudio	/scratch/executivefunction/SLURM_13244013_206/job-13244013-206-sub-22653-ses-2/ds/inputs/data/qsiprep/qsiprep/sub-22653/ses-2/dwi/sub-22653_ses-2_space-ACPC_desc-preproc_dwi.nii.gz	0.0074074074074074	0.3419641406877051	0.1996526445323085	0.3257645666599273	0.344516111886867	0.3282986581325531	0.1981904507151438	0.4750438678655505	0.4752630117585342	sub-22653	ses-2				space-ACPC			DSIStudio	autotrackgqi
ProjectionBasalGanglia_OpticRadiationL	gfa	DSIStudio	/scratch/executivefunction/SLURM_13244013_206/job-13244013-206-sub-22653-ses-2/ds/inputs/data/qsiprep/qsiprep/sub-22653/ses-2/dwi/sub-22653_ses-2_space-ACPC_desc-preproc_dwi.nii.gz	0.0074074074074074	0.0752380901516449	0.0432642595691468	0.0712893009185791	0.0757995684363587	0.0718214400112629	0.0429325630777988	0.104009587498132	0.104057568474086	sub-22653	ses-2				space-ACPC			DSIStudio	autotrackgqi
ProjectionBasalGanglia_OpticRadiationL	ha	DSIStudio	/scratch/executivefunction/SLURM_13244013_206/job-13244013-206-sub-22653-ses-2/ds/inputs/data/qsiprep/qsiprep/sub-22653/ses-2/dwi/sub-22653_ses-2_space-ACPC_desc-preproc_dwi.nii.gz	0.0074074074074074	6.443979751291098	30.622453537842443	9.64484405517578	6.492069152420137	9.927349090576172	30.7314249720948	11.930719084166803	11.936222912442636	sub-22653	ses-2				space-ACPC			DSIStudio	autotrackgqi
ProjectionBasalGanglia_OpticRadiationL	iso	DSIStudio	/scratch/executivefunction/SLURM_13244013_206/job-13244013-206-sub-22653-ses-2/ds/inputs/data/qsiprep/qsiprep/sub-22653/ses-2/dwi/sub-22653_ses-2_space-ACPC_desc-preproc_dwi.nii.gz	0.0074074074074074	0.6825208492178485	0.1958732377848447	0.6656020283699036	0.687614288391116	0.6693974435329437	0.1874841849010988	0.5833154793554871	0.5835845700818815	sub-22653	ses-2				space-ACPC			DSIStudio	autotrackgqi
ProjectionBasalGanglia_OpticRadiationL	md	DSIStudio	/scratch/executivefunction/SLURM_13244013_206/job-13244013-206-sub-22653-ses-2/ds/inputs/data/qsiprep/qsiprep/sub-22653/ses-2/dwi/sub-22653_ses-2_space-ACPC_desc-preproc_dwi.nii.gz	0.0074074074074074	0.8318098757737948	0.2383682949706431	0.7847923040390015	0.8380174121601665	0.7854247689247131	0.228125943659767	0.8219937911520121	0.8223729875147331	sub-22653	ses-2				space-ACPC			DSIStudio	autotrackgqi
ProjectionBasalGanglia_OpticRadiationL	qa	DSIStudio	/scratch/executivefunction/SLURM_13244013_206/job-13244013-206-sub-22653-ses-2/ds/inputs/data/qsiprep/qsiprep/sub-22653/ses-2/dwi/sub-22653_ses-2_space-ACPC_desc-preproc_dwi.nii.gz	0.0074074074074074	0.2173890822233609	0.1177032455028291	0.2044970840215683	0.2190113888071173	0.2070318087935447	0.1166282077656198	0.2790634299868103	0.2791921655406627	sub-22653	ses-2				space-ACPC			DSIStudio	autotrackgqi
ProjectionBasalGanglia_OpticRadiationL	rd1	DSIStudio	/scratch/executivefunction/SLURM_13244013_206/job-13244013-206-sub-22653-ses-2/ds/inputs/data/qsiprep/qsiprep/sub-22653/ses-2/dwi/sub-22653_ses-2_space-ACPC_desc-preproc_dwi.nii.gz	0.0074074074074074	0.757480173119547	0.2644728403796092	0.7221854329109192	0.7631330102323793	0.7239525020122528	0.2572042007820031	0.7024793749927254	0.7028034378181337	sub-22653	ses-2				space-ACPC			DSIStudio	autotrackgqi
ProjectionBasalGanglia_OpticRadiationL	rd2	DSIStudio	/scratch/executivefunction/SLURM_13244013_206/job-13244013-206-sub-22653-ses-2/ds/inputs/data/qsiprep/qsiprep/sub-22653/ses-2/dwi/sub-22653_ses-2_space-ACPC_desc-preproc_dwi.nii.gz	0.0074074074074074	0.5818192849962861	0.2726708238060201	0.5341370701789856	0.586161219958945	0.5368329286575317	0.268996561996606	0.4780527440384601	0.4782732758948123	sub-22653	ses-2				space-ACPC			DSIStudio	autotrackgqi
ProjectionBasalGanglia_OpticRadiationL	rd	DSIStudio	/scratch/executivefunction/SLURM_13244013_206/job-13244013-206-sub-22653-ses-2/ds/inputs/data/qsiprep/qsiprep/sub-22653/ses-2/dwi/sub-22653_ses-2_space-ACPC_desc-preproc_dwi.nii.gz	0.0074074074074074	0.6696497286482113	0.2623504755395011	0.6230757832527161	0.6746471146828994	0.6255814135074615	0.2568461407851276	0.5902660593787097	0.5905383567195269	sub-22653	ses-2				space-ACPC			DSIStudio	autotrackgqi
ProjectionBasalGanglia_OpticRadiationL	txx	DSIStudio	/scratch/executivefunction/SLURM_13244013_206/job-13244013-206-sub-22653-ses-2/ds/inputs/data/qsiprep/qsiprep/sub-22653/ses-2/dwi/sub-22653_ses-2_space-ACPC_desc-preproc_dwi.nii.gz	0.0074074074074074	0.0007764906790505	0.000275300987424	0.0007456104503944	0.0007822853856105	0.0007468982657883	0.0002679983603767	0.0007551318867991	0.0007554802391397	sub-22653	ses-2				space-ACPC			DSIStudio	autotrackgqi
ProjectionBasalGanglia_OpticRadiationL	txy	DSIStudio	/scratch/executivefunction/SLURM_13244013_206/job-13244013-206-sub-22653-ses-2/ds/inputs/data/qsiprep/qsiprep/sub-22653/ses-2/dwi/sub-22653_ses-2_space-ACPC_desc-preproc_dwi.nii.gz	0.0074074074074074	-5.059126038742055e-05	0.0001606723959663	-3.120095425401814e-05	-5.096880710672967e-05	-3.228799505450297e-05	0.0001612111335841	-0.0001048123692857	-0.0001048607208673	sub-22653	ses-2				space-ACPC			DSIStudio	autotrackgqi
ProjectionBasalGanglia_OpticRadiationL	txz	DSIStudio	/scratch/executivefunction/SLURM_13244013_206/job-13244013-206-sub-22653-ses-2/ds/inputs/data/qsiprep/qsiprep/sub-22653/ses-2/dwi/sub-22653_ses-2_space-ACPC_desc-preproc_dwi.nii.gz	0.0074074074074074	-3.7400206855412046e-05	0.00011786868812	-3.39210128004197e-05	-3.7679312876721096e-05	-3.458079845586326e-05	0.0001182632251665	-6.842289140800739e-05	-6.845445571182051e-05	sub-22653	ses-2				space-ACPC			DSIStudio	autotrackgqi
ProjectionBasalGanglia_OpticRadiationL	tyy	DSIStudio	/scratch/executivefunction/SLURM_13244013_206/job-13244013-206-sub-22653-ses-2/ds/inputs/data/qsiprep/qsiprep/sub-22653/ses-2/dwi/sub-22653_ses-2_space-ACPC_desc-preproc_dwi.nii.gz	0.0074074074074074	0.0009620316558849	0.0003194319600724	0.000889071758138	0.0009692109966005	0.0008918994280975	0.000309580279785	0.0010466099683481	0.0010470927828695	sub-22653	ses-2				space-ACPC			DSIStudio	autotrackgqi
ProjectionBasalGanglia_OpticRadiationL	tyz	DSIStudio	/scratch/executivefunction/SLURM_13244013_206/job-13244013-206-sub-22653-ses-2/ds/inputs/data/qsiprep/qsiprep/sub-22653/ses-2/dwi/sub-22653_ses-2_space-ACPC_desc-preproc_dwi.nii.gz	0.0074074074074074	6.379856527647378e-05	0.000140270813099	4.099508441868238e-05	6.427467397256687e-05	4.2199197196168825e-05	0.0001406845206779	0.0001091959478955	0.0001092463216005	sub-22653	ses-2				space-ACPC			DSIStudio	autotrackgqi
ProjectionBasalGanglia_OpticRadiationL	tzz	DSIStudio	/scratch/executivefunction/SLURM_13244013_206/job-13244013-206-sub-22653-ses-2/ds/inputs/data/qsiprep/qsiprep/sub-22653/ses-2/dwi/sub-22653_ses-2_space-ACPC_desc-preproc_dwi.nii.gz	0.0074074074074074	0.0007569072943373	0.000287975182683	0.0007333669636864	0.0007625558562354	0.0007344954065047	0.0002814982065457	0.0006642395224621	0.0006645459446902	sub-22653	ses-2				space-ACPC			DSIStudio	autotrackgqi
ProjectionBrainstem_MedialForebrainBundleR	ad	DSIStudio	/scratch/executivefunction/SLURM_13244013_206/job-13244013-206-sub-22653-ses-2/ds/inputs/data/qsiprep/qsiprep/sub-22653/ses-2/dwi/sub-22653_ses-2_space-ACPC_desc-preproc_dwi.nii.gz	0.0092592592592592	1.3451998382018358	0.5559668765002022	1.2024247646331787	1.3577717993065257	1.2045018672943115	0.5430636157802323	1.2780285541810608	1.2824080410416605	sub-22653	ses-2				space-ACPC			DSIStudio	autotrackgqi
ProjectionBrainstem_MedialForebrainBundleR	dti_fa	DSIStudio	/scratch/executivefunction/SLURM_13244013_206/job-13244013-206-sub-22653-ses-2/ds/inputs/data/qsiprep/qsiprep/sub-22653/ses-2/dwi/sub-22653_ses-2_space-ACPC_desc-preproc_dwi.nii.gz	0.0092592592592592	0.3815187441285055	0.1712240867141198	0.3745827823877334	0.3850843398680242	0.3763754516839981	0.1679840167170762	0.4386546057242652	0.4401577663030936	sub-22653	ses-2				space-ACPC			DSIStudio	autotrackgqi
ProjectionBrainstem_MedialForebrainBundleR	gfa	DSIStudio	/scratch/executivefunction/SLURM_13244013_206/job-13244013-206-sub-22653-ses-2/ds/inputs/data/qsiprep/qsiprep/sub-22653/ses-2/dwi/sub-22653_ses-2_space-ACPC_desc-preproc_dwi.nii.gz	0.0092592592592592	0.0852590840477397	0.0345407529730475	0.083365149796009	0.0860558979173448	0.0838418938219547	0.033699305781797	0.0954768588878677	0.0958040344270491	sub-22653	ses-2				space-ACPC			DSIStudio	autotrackgqi
ProjectionBrainstem_MedialForebrainBundleR	ha	DSIStudio	/scratch/executivefunction/SLURM_13244013_206/job-13244013-206-sub-22653-ses-2/ds/inputs/data/qsiprep/qsiprep/sub-22653/ses-2/dwi/sub-22653_ses-2_space-ACPC_desc-preproc_dwi.nii.gz	0.0092592592592592	16.66738220572314	48.8374215557601	29.439699172973636	16.82315213287943	29.87924194335937	49.03839107039576	22.932410245368565	23.0109939056859	sub-22653	ses-2				space-ACPC			DSIStudio	autotrackgqi
ProjectionBrainstem_MedialForebrainBundleR	iso	DSIStudio	/scratch/executivefunction/SLURM_13244013_206/job-13244013-206-sub-22653-ses-2/ds/inputs/data/qsiprep/qsiprep/sub-22653/ses-2/dwi/sub-22653_ses-2_space-ACPC_desc-preproc_dwi.nii.gz	0.0092592592592592	0.6920000823960263	0.190195917917059	0.6989680826663971	0.6984673728857087	0.6998953521251678	0.1788725107830986	0.7248004887908357	0.7272841997765722	sub-22653	ses-2				space-ACPC			DSIStudio	autotrackgqi
ProjectionBrainstem_MedialForebrainBundleR	md	DSIStudio	/scratch/executivefunction/SLURM_13244013_206/job-13244013-206-sub-22653-ses-2/ds/inputs/data/qsiprep/qsiprep/sub-22653/ses-2/dwi/sub-22653_ses-2_space-ACPC_desc-preproc_dwi.nii.gz	0.0092592592592592	0.9612073301874772	0.5122263382965567	0.7906792461872101	0.9701905762639956	0.7919414639472961	0.506075559022228	0.8558666780349821	0.8587995207258108	sub-22653	ses-2				space-ACPC			DSIStudio	autotrackgqi
ProjectionBrainstem_MedialForebrainBundleR	qa	DSIStudio	/scratch/executivefunction/SLURM_13244013_206/job-13244013-206-sub-22653-ses-2/ds/inputs/data/qsiprep/qsiprep/sub-22653/ses-2/dwi/sub-22653_ses-2_space-ACPC_desc-preproc_dwi.nii.gz	0.0092592592592592	0.2769530238392738	0.1385898458897822	0.2610549628734588	0.2795413698564633	0.2624640613794327	0.1366129628698162	0.3224762441395102	0.3235812902029494	sub-22653	ses-2				space-ACPC			DSIStudio	autotrackgqi
ProjectionBrainstem_MedialForebrainBundleR	rd1	DSIStudio	/scratch/executivefunction/SLURM_13244013_206/job-13244013-206-sub-22653-ses-2/ds/inputs/data/qsiprep/qsiprep/sub-22653/ses-2/dwi/sub-22653_ses-2_space-ACPC_desc-preproc_dwi.nii.gz	0.0092592592592592	0.8721365841923567	0.5306355451380569	0.7258778214454651	0.8802873933904162	0.727066844701767	0.526336926935029	0.7510897771128715	0.7536635752148455	sub-22653	ses-2				space-ACPC			DSIStudio	autotrackgqi
ProjectionBrainstem_MedialForebrainBundleR	rd2	DSIStudio	/scratch/executivefunction/SLURM_13244013_206/job-13244013-206-sub-22653-ses-2/ds/inputs/data/qsiprep/qsiprep/sub-22653/ses-2/dwi/sub-22653_ses-2_space-ACPC_desc-preproc_dwi.nii.gz	0.0092592592592592	0.6662855679366403	0.5079070378601551	0.522669792175293	0.6725125358612818	0.5267376005649567	0.5061548928708499	0.5384816975938087	0.5403269406858433	sub-22653	ses-2				space-ACPC			DSIStudio	autotrackgqi
ProjectionBrainstem_MedialForebrainBundleR	rd	DSIStudio	/scratch/executivefunction/SLURM_13244013_206/job-13244013-206-sub-22653-ses-2/ds/inputs/data/qsiprep/qsiprep/sub-22653/ses-2/dwi/sub-22653_ses-2_space-ACPC_desc-preproc_dwi.nii.gz	0.0092592592592592	0.7692110766730611	0.5158212631320725	0.6219164133071899	0.7763999652400991	0.6234489381313324	0.5128126099306779	0.6447857375706383	0.6469952581683873	sub-22653	ses-2				space-ACPC			DSIStudio	autotrackgqi
ProjectionBrainstem_MedialForebrainBundleR	txx	DSIStudio	/scratch/executivefunction/SLURM_13244013_206/job-13244013-206-sub-22653-ses-2/ds/inputs/data/qsiprep/qsiprep/sub-22653/ses-2/dwi/sub-22653_ses-2_space-ACPC_desc-preproc_dwi.nii.gz	0.0092592592592592	0.0008500453018434	0.0005367704269645	0.0006952122494112	0.0008579896504588	0.0006972552801016	0.0005329156180253	0.0007121433620438	0.0007145837005879	sub-22653	ses-2				space-ACPC			DSIStudio	autotrackgqi
ProjectionBrainstem_MedialForebrainBundleR	txy	DSIStudio	/scratch/executivefunction/SLURM_13244013_206/job-13244013-206-sub-22653-ses-2/ds/inputs/data/qsiprep/qsiprep/sub-22653/ses-2/dwi/sub-22653_ses-2_space-ACPC_desc-preproc_dwi.nii.gz	0.0092592592592592	1.6266847856373156e-05	0.0001182725397817	1.3553607459471095e-05	1.6418874471853278e-05	1.3883112387702568e-05	0.0001188134260578	1.304091975573988e-05	1.3085607680795846e-05	sub-22653	ses-2				space-ACPC			DSIStudio	autotrackgqi
ProjectionBrainstem_MedialForebrainBundleR	txz	DSIStudio	/scratch/executivefunction/SLURM_13244013_206/job-13244013-206-sub-22653-ses-2/ds/inputs/data/qsiprep/qsiprep/sub-22653/ses-2/dwi/sub-22653_ses-2_space-ACPC_desc-preproc_dwi.nii.gz	0.0092592592592592	-5.565534500381195e-05	0.0001180627936074	-4.371795876068063e-05	-5.617548841506253e-05	-4.459893534658477e-05	0.0001184899713066	-4.784211515917058e-05	-4.800605823964764e-05	sub-22653	ses-2				space-ACPC			DSIStudio	autotrackgqi
ProjectionBrainstem_MedialForebrainBundleR	tyy	DSIStudio	/scratch/executivefunction/SLURM_13244013_206/job-13244013-206-sub-22653-ses-2/ds/inputs/data/qsiprep/qsiprep/sub-22653/ses-2/dwi/sub-22653_ses-2_space-ACPC_desc-preproc_dwi.nii.gz	0.0092592592592592	0.0009367156751438	0.0005447079975971	0.0008003334514796	0.000945470027248	0.0008042097906582	0.0005396320838276	0.0008276246084571	0.0008304606723732	sub-22653	ses-2				space-ACPC			DSIStudio	autotrackgqi
ProjectionBrainstem_MedialForebrainBundleR	tyz	DSIStudio	/scratch/executivefunction/SLURM_13244013_206/job-13244013-206-sub-22653-ses-2/ds/inputs/data/qsiprep/qsiprep/sub-22653/ses-2/dwi/sub-22653_ses-2_space-ACPC_desc-preproc_dwi.nii.gz	0.0092592592592592	-0.0001261121301702	0.0001902627928367	-0.0001152237455244	-0.0001272907482091	-0.0001161026884801	0.0001907569665096	-0.000162247018217	-0.0001628029987543	sub-22653	ses-2				space-ACPC			DSIStudio	autotrackgqi
ProjectionBrainstem_MedialForebrainBundleR	tzz	DSIStudio	/scratch/executivefunction/SLURM_13244013_206/job-13244013-206-sub-22653-ses-2/ds/inputs/data/qsiprep/qsiprep/sub-22653/ses-2/dwi/sub-22653_ses-2_space-ACPC_desc-preproc_dwi.nii.gz	0.0092592592592592	0.0010968610155927	0.0005550048277147	0.0009478738647885	0.0011071120531216	0.0009512086107861	0.0005473208382487	0.0010278320609815	0.0010313541865848	sub-22653	ses-2				space-ACPC			DSIStudio	autotrackgqi
ProjectionBrainstem_NonDecussatingDentatorubrothalamicTractL	ad	DSIStudio	/scratch/executivefunction/SLURM_13244013_206/job-13244013-206-sub-22653-ses-2/ds/inputs/data/qsiprep/qsiprep/sub-22653/ses-2/dwi/sub-22653_ses-2_space-ACPC_desc-preproc_dwi.nii.gz	0.0	1.2045002034542849	0.3166037375354906	1.146894454956055	1.2045002034542849	1.146894454956055	0.3166037375354906	1.247451021079668	1.247451021079668	sub-22653	ses-2				space-ACPC			DSIStudio	autotrackgqi
ProjectionBrainstem_NonDecussatingDentatorubrothalamicTractL	dti_fa	DSIStudio	/scratch/executivefunction/SLURM_13244013_206/job-13244013-206-sub-22653-ses-2/ds/inputs/data/qsiprep/qsiprep/sub-22653/ses-2/dwi/sub-22653_ses-2_space-ACPC_desc-preproc_dwi.nii.gz	0.0	0.4171638144952104	0.1757098645018261	0.4215332865715027	0.4171638144952104	0.4215332865715027	0.1757098645018261	0.4637648216388651	0.4637648216388651	sub-22653	ses-2				space-ACPC			DSIStudio	autotrackgqi
ProjectionBrainstem_NonDecussatingDentatorubrothalamicTractL	gfa	DSIStudio	/scratch/executivefunction/SLURM_13244013_206/job-13244013-206-sub-22653-ses-2/ds/inputs/data/qsiprep/qsiprep/sub-22653/ses-2/dwi/sub-22653_ses-2_space-ACPC_desc-preproc_dwi.nii.gz	0.0	0.0903970740714144	0.0368880560019023	0.0899893715977668	0.0903970740714144	0.0899893715977668	0.0368880560019023	0.1010613999793349	0.1010613999793349	sub-22653	ses-2				space-ACPC			DSIStudio	autotrackgqi
ProjectionBrainstem_NonDecussatingDentatorubrothalamicTractL	ha	DSIStudio	/scratch/executivefunction/SLURM_13244013_206/job-13244013-206-sub-22653-ses-2/ds/inputs/data/qsiprep/qsiprep/sub-22653/ses-2/dwi/sub-22653_ses-2_space-ACPC_desc-preproc_dwi.nii.gz	0.0	2.674654977792452	56.64118363585837	-6.261603355407715	2.674654977792452	-6.261603355407715	56.64118363585837	4.9472507553543394	4.9472507553543394	sub-22653	ses-2				space-ACPC			DSIStudio	autotrackgqi
ProjectionBrainstem_NonDecussatingDentatorubrothalamicTractL	iso	DSIStudio	/scratch/executivefunction/SLURM_13244013_206/job-13244013-206-sub-22653-ses-2/ds/inputs/data/qsiprep/qsiprep/sub-22653/ses-2/dwi/sub-22653_ses-2_space-ACPC_desc-preproc_dwi.nii.gz	0.0	0.6780399074467186	0.0934344778201284	0.6769448518753052	0.6780399074467186	0.6769448518753052	0.0934344778201284	0.6686888168591709	0.6686888168591709	sub-22653	ses-2				space-ACPC			DSIStudio	autotrackgqi
ProjectionBrainstem_NonDecussatingDentatorubrothalamicTractL	md	DSIStudio	/scratch/executivefunction/SLURM_13244013_206/job-13244013-206-sub-22653-ses-2/ds/inputs/data/qsiprep/qsiprep/sub-22653/ses-2/dwi/sub-22653_ses-2_space-ACPC_desc-preproc_dwi.nii.gz	0.0	0.8156793930002725	0.2602219355973509	0.763181746006012	0.8156793930002725	0.763181746006012	0.2602219355973509	0.8067400165462209	0.8067400165462209	sub-22653	ses-2				space-ACPC			DSIStudio	autotrackgqi
ProjectionBrainstem_NonDecussatingDentatorubrothalamicTractL	qa	DSIStudio	/scratch/executivefunction/SLURM_13244013_206/job-13244013-206-sub-22653-ses-2/ds/inputs/data/qsiprep/qsiprep/sub-22653/ses-2/dwi/sub-22653_ses-2_space-ACPC_desc-preproc_dwi.nii.gz	0.0	0.2805251113811102	0.1285277245586547	0.2662763893604278	0.2805251113811102	0.2662763893604278	0.1285277245586547	0.314932132595042	0.314932132595042	sub-22653	ses-2				space-ACPC			DSIStudio	autotrackgqi
ProjectionBrainstem_NonDecussatingDentatorubrothalamicTractL	rd1	DSIStudio	/scratch/executivefunction/SLURM_13244013_206/job-13244013-206-sub-22653-ses-2/ds/inputs/data/qsiprep/qsiprep/sub-22653/ses-2/dwi/sub-22653_ses-2_space-ACPC_desc-preproc_dwi.nii.gz	0.0	0.7245034396295527	0.2886750297697632	0.687472939491272	0.7245034396295527	0.687472939491272	0.2886750297697632	0.6952081919055868	0.6952081919055868	sub-22653	ses-2				space-ACPC			DSIStudio	autotrackgqi
ProjectionBrainstem_NonDecussatingDentatorubrothalamicTractL	rd2	DSIStudio	/scratch/executivefunction/SLURM_13244013_206/job-13244013-206-sub-22653-ses-2/ds/inputs/data/qsiprep/qsiprep/sub-22653/ses-2/dwi/sub-22653_ses-2_space-ACPC_desc-preproc_dwi.nii.gz	0.0	0.5180345314525129	0.2858467955808164	0.4624709784984588	0.5180345314525129	0.4624709784984588	0.2858467955808164	0.4775608243218907	0.4775608243218907	sub-22653	ses-2				space-ACPC			DSIStudio	autotrackgqi
ProjectionBrainstem_NonDecussatingDentatorubrothalamicTractL	rd	DSIStudio	/scratch/executivefunction/SLURM_13244013_206/job-13244013-206-sub-22653-ses-2/ds/inputs/data/qsiprep/qsiprep/sub-22653/ses-2/dwi/sub-22653_ses-2_space-ACPC_desc-preproc_dwi.nii.gz	0.0	0.6212689865274929	0.2812545686195751	0.5715371370315552	0.6212689865274929	0.5715371370315552	0.2812545686195751	0.5863845076266029	0.5863845076266029	sub-22653	ses-2				space-ACPC			DSIStudio	autotrackgqi
ProjectionBrainstem_NonDecussatingDentatorubrothalamicTractL	txx	DSIStudio	/scratch/executivefunction/SLURM_13244013_206/job-13244013-206-sub-22653-ses-2/ds/inputs/data/qsiprep/qsiprep/sub-22653/ses-2/dwi/sub-22653_ses-2_space-ACPC_desc-preproc_dwi.nii.gz	0.0	0.0007003885607852	0.0002979437400423	0.0006624302477575	0.0007003885607852	0.0006624302477575	0.0002979437400423	0.0006488550793932	0.0006488550793932	sub-22653	ses-2				space-ACPC			DSIStudio	autotrackgqi
ProjectionBrainstem_NonDecussatingDentatorubrothalamicTractL	txy	DSIStudio	/scratch/executivefunction/SLURM_13244013_206/job-13244013-206-sub-22653-ses-2/ds/inputs/data/qsiprep/qsiprep/sub-22653/ses-2/dwi/sub-22653_ses-2_space-ACPC_desc-preproc_dwi.nii.gz	0.0	1.963365630589209e-06	0.0001050320463518	5.494900960911764e-07	1.963365630589209e-06	5.494900960911764e-07	0.0001050320463518	-4.622178486758408e-06	-4.622178486758408e-06	sub-22653	ses-2				space-ACPC			DSIStudio	autotrackgqi
ProjectionBrainstem_NonDecussatingDentatorubrothalamicTractL	txz	DSIStudio	/scratch/executivefunction/SLURM_13244013_206/job-13244013-206-sub-22653-ses-2/ds/inputs/data/qsiprep/qsiprep/sub-22653/ses-2/dwi/sub-22653_ses-2_space-ACPC_desc-preproc_dwi.nii.gz	0.0	-3.857024128648525e-05	0.0001621347904812	-3.3135092962766066e-05	-3.857024128648525e-05	-3.3135092962766066e-05	0.0001621347904812	-1.765857981435979e-05	-1.765857981435979e-05	sub-22653	ses-2				space-ACPC			DSIStudio	autotrackgqi
ProjectionBrainstem_NonDecussatingDentatorubrothalamicTractL	tyy	DSIStudio	/scratch/executivefunction/SLURM_13244013_206/job-13244013-206-sub-22653-ses-2/ds/inputs/data/qsiprep/qsiprep/sub-22653/ses-2/dwi/sub-22653_ses-2_space-ACPC_desc-preproc_dwi.nii.gz	0.0	0.0007403288881191	0.0003535591531513	0.000691384950187	0.0007403288881191	0.000691384950187	0.0003535591531513	0.0007344158177426	0.0007344158177426	sub-22653	ses-2				space-ACPC			DSIStudio	autotrackgqi
ProjectionBrainstem_NonDecussatingDentatorubrothalamicTractL	tyz	DSIStudio	/scratch/executivefunction/SLURM_13244013_206/job-13244013-206-sub-22653-ses-2/ds/inputs/data/qsiprep/qsiprep/sub-22653/ses-2/dwi/sub-22653_ses-2_space-ACPC_desc-preproc_dwi.nii.gz	0.0	-2.885578277291528e-05	0.000189159323325	-1.835911098169163e-05	-2.885578277291528e-05	-1.835911098169163e-05	0.000189159323325	-1.687086396897774e-05	-1.687086396897774e-05	sub-22653	ses-2				space-ACPC			DSIStudio	autotrackgqi
ProjectionBrainstem_NonDecussatingDentatorubrothalamicTractL	tzz	DSIStudio	/scratch/executivefunction/SLURM_13244013_206/job-13244013-206-sub-22653-ses-2/ds/inputs/data/qsiprep/qsiprep/sub-22653/ses-2/dwi/sub-22653_ses-2_space-ACPC_desc-preproc_dwi.nii.gz	0.0	0.0010063207272754	0.0003056610916721	0.0009724226547405	0.0010063207272754	0.0009724226547405	0.0003056610916721	0.0010369491423053	0.0010369491423053	sub-22653	ses-2				space-ACPC			DSIStudio	autotrackgqi
ProjectionBrainstem_MedialLemniscusR	ad	DSIStudio	/scratch/executivefunction/SLURM_13244013_206/job-13244013-206-sub-22653-ses-2/ds/inputs/data/qsiprep/qsiprep/sub-22653/ses-2/dwi/sub-22653_ses-2_space-ACPC_desc-preproc_dwi.nii.gz	0.0	1.2282919151198144	0.2757657663629952	1.1885002255439758	1.2282919151198144	1.1885002255439758	0.2757657663629952	1.279431909473468	1.279431909473468	sub-22653	ses-2				space-ACPC			DSIStudio	autotrackgqi
ProjectionBrainstem_MedialLemniscusR	dti_fa	DSIStudio	/scratch/executivefunction/SLURM_13244013_206/job-13244013-206-sub-22653-ses-2/ds/inputs/data/qsiprep/qsiprep/sub-22653/ses-2/dwi/sub-22653_ses-2_space-ACPC_desc-preproc_dwi.nii.gz	0.0	0.4296167190237345	0.1765368274884559	0.4339893460273742	0.4296167190237345	0.4339893460273742	0.1765368274884559	0.5049797603863306	0.5049797603863306	sub-22653	ses-2				space-ACPC			DSIStudio	autotrackgqi
ProjectionBrainstem_MedialLemniscusR	gfa	DSIStudio	/scratch/executivefunction/SLURM_13244013_206/job-13244013-206-sub-22653-ses-2/ds/inputs/data/qsiprep/qsiprep/sub-22653/ses-2/dwi/sub-22653_ses-2_space-ACPC_desc-preproc_dwi.nii.gz	0.0	0.0940929288413047	0.037323096138005	0.0938286259770393	0.0940929288413047	0.0938286259770393	0.037323096138005	0.1091128182330533	0.1091128182330533	sub-22653	ses-2				space-ACPC			DSIStudio	autotrackgqi
ProjectionBrainstem_MedialLemniscusR	ha	DSIStudio	/scratch/executivefunction/SLURM_13244013_206/job-13244013-206-sub-22653-ses-2/ds/inputs/data/qsiprep/qsiprep/sub-22653/ses-2/dwi/sub-22653_ses-2_space-ACPC_desc-preproc_dwi.nii.gz	0.0	-8.867382889825382	60.72336506279444	-35.770273208618164	-8.867382889825382	-35.770273208618164	60.72336506279444	-3.839653936350573	-3.839653936350573	sub-22653	ses-2				space-ACPC			DSIStudio	autotrackgqi
ProjectionBrainstem_MedialLemniscusR	iso	DSIStudio	/scratch/executivefunction/SLURM_13244013_206/job-13244013-206-sub-22653-ses-2/ds/inputs/data/qsiprep/qsiprep/sub-22653/ses-2/dwi/sub-22653_ses-2_space-ACPC_desc-preproc_dwi.nii.gz	0.0	0.686784785281421	0.1060015231025209	0.6791645288467407	0.686784785281421	0.6791645288467407	0.1060015231025209	0.6797355302879549	0.6797355302879549	sub-22653	ses-2				space-ACPC			DSIStudio	autotrackgqi
ProjectionBrainstem_MedialLemniscusR	md	DSIStudio	/scratch/executivefunction/SLURM_13244013_206/job-13244013-206-sub-22653-ses-2/ds/inputs/data/qsiprep/qsiprep/sub-22653/ses-2/dwi/sub-22653_ses-2_space-ACPC_desc-preproc_dwi.nii.gz	0.0	0.8187548781419955	0.2125930503887423	0.7719260454177856	0.8187548781419955	0.7719260454177856	0.2125930503887423	0.7930997403688732	0.7930997403688732	sub-22653	ses-2				space-ACPC			DSIStudio	autotrackgqi
ProjectionBrainstem_MedialLemniscusR	qa	DSIStudio	/scratch/executivefunction/SLURM_13244013_206/job-13244013-206-sub-22653-ses-2/ds/inputs/data/qsiprep/qsiprep/sub-22653/ses-2/dwi/sub-22653_ses-2_space-ACPC_desc-preproc_dwi.nii.gz	0.0	0.2961925622167915	0.1308448487090349	0.2818798720836639	0.2961925622167915	0.2818798720836639	0.1308448487090349	0.3475933146505052	0.3475933146505052	sub-22653	ses-2				space-ACPC			DSIStudio	autotrackgqi
ProjectionBrainstem_MedialLemniscusR	rd1	DSIStudio	/scratch/executivefunction/SLURM_13244013_206/job-13244013-206-sub-22653-ses-2/ds/inputs/data/qsiprep/qsiprep/sub-22653/ses-2/dwi/sub-22653_ses-2_space-ACPC_desc-preproc_dwi.nii.gz	0.0	0.7160745778965785	0.2431362763244639	0.6877803206443787	0.7160745778965785	0.6877803206443787	0.2431362763244639	0.6532309705660897	0.6532309705660897	sub-22653	ses-2				space-ACPC			DSIStudio	autotrackgqi
ProjectionBrainstem_MedialLemniscusR	rd2	DSIStudio	/scratch/executivefunction/SLURM_13244013_206/job-13244013-206-sub-22653-ses-2/ds/inputs/data/qsiprep/qsiprep/sub-22653/ses-2/dwi/sub-22653_ses-2_space-ACPC_desc-preproc_dwi.nii.gz	0.0	0.5118981401862541	0.2499620417803436	0.4684021025896072	0.5118981401862541	0.4684021025896072	0.2499620417803436	0.4466363381397482	0.4466363381397482	sub-22653	ses-2				space-ACPC			DSIStudio	autotrackgqi
ProjectionBrainstem_MedialLemniscusR	rd	DSIStudio	/scratch/executivefunction/SLURM_13244013_206/job-13244013-206-sub-22653-ses-2/ds/inputs/data/qsiprep/qsiprep/sub-22653/ses-2/dwi/sub-22653_ses-2_space-ACPC_desc-preproc_dwi.nii.gz	0.0	0.6139863589235041	0.2400301550981537	0.5735471844673157	0.6139863589235041	0.5735471844673157	0.2400301550981537	0.5499336543841848	0.5499336543841848	sub-22653	ses-2				space-ACPC			DSIStudio	autotrackgqi
ProjectionBrainstem_MedialLemniscusR	txx	DSIStudio	/scratch/executivefunction/SLURM_13244013_206/job-13244013-206-sub-22653-ses-2/ds/inputs/data/qsiprep/qsiprep/sub-22653/ses-2/dwi/sub-22653_ses-2_space-ACPC_desc-preproc_dwi.nii.gz	0.0	0.0006883756278996	0.0002682144970904	0.0006594037695322	0.0006883756278996	0.0006594037695322	0.0002682144970904	0.0006361424263893	0.0006361424263893	sub-22653	ses-2				space-ACPC			DSIStudio	autotrackgqi
ProjectionBrainstem_MedialLemniscusR	txy	DSIStudio	/scratch/executivefunction/SLURM_13244013_206/job-13244013-206-sub-22653-ses-2/ds/inputs/data/qsiprep/qsiprep/sub-22653/ses-2/dwi/sub-22653_ses-2_space-ACPC_desc-preproc_dwi.nii.gz	0.0	1.479686123381019e-05	8.739364090253931e-05	2.3011174562270756e-05	1.479686123381019e-05	2.3011174562270756e-05	8.739364090253931e-05	2.1439999715299607e-05	2.1439999715299607e-05	sub-22653	ses-2				space-ACPC			DSIStudio	autotrackgqi
ProjectionBrainstem_MedialLemniscusR	txz	DSIStudio	/scratch/executivefunction/SLURM_13244013_206/job-13244013-206-sub-22653-ses-2/ds/inputs/data/qsiprep/qsiprep/sub-22653/ses-2/dwi/sub-22653_ses-2_space-ACPC_desc-preproc_dwi.nii.gz	0.0	-3.362575041384457e-05	0.0001600970099305	-3.0319765755848493e-05	-3.362575041384457e-05	-3.0319765755848493e-05	0.0001600970099305	-5.842265456706385e-05	-5.842265456706385e-05	sub-22653	ses-2				space-ACPC			DSIStudio	autotrackgqi
ProjectionBrainstem_MedialLemniscusR	tyy	DSIStudio	/scratch/executivefunction/SLURM_13244013_206/job-13244013-206-sub-22653-ses-2/ds/inputs/data/qsiprep/qsiprep/sub-22653/ses-2/dwi/sub-22653_ses-2_space-ACPC_desc-preproc_dwi.nii.gz	0.0	0.0006985502999674	0.0002858469595673	0.0006723804981447	0.0006985502999674	0.0006723804981447	0.0002858469595673	0.0006401839461258	0.0006401839461258	sub-22653	ses-2				space-ACPC			DSIStudio	autotrackgqi
ProjectionBrainstem_MedialLemniscusR	tyz	DSIStudio	/scratch/executivefunction/SLURM_13244013_206/job-13244013-206-sub-22653-ses-2/ds/inputs/data/qsiprep/qsiprep/sub-22653/ses-2/dwi/sub-22653_ses-2_space-ACPC_desc-preproc_dwi.nii.gz	0.0	4.809603029075891e-05	0.0001974282554525	4.761611126014032e-05	4.809603029075891e-05	4.761611126014032e-05	0.0001974282554525	-1.2637108514331157e-05	-1.2637108514331157e-05	sub-22653	ses-2				space-ACPC			DSIStudio	autotrackgqi
ProjectionBrainstem_MedialLemniscusR	tzz	DSIStudio	/scratch/executivefunction/SLURM_13244013_206/job-13244013-206-sub-22653-ses-2/ds/inputs/data/qsiprep/qsiprep/sub-22653/ses-2/dwi/sub-22653_ses-2_space-ACPC_desc-preproc_dwi.nii.gz	0.0	0.0010693387060359	0.0002652570603499	0.0010219062678515	0.0010693387060359	0.0010219062678515	0.0002652570603499	0.0011029728452001	0.0011029728452001	sub-22653	ses-2				space-ACPC			DSIStudio	autotrackgqi
ProjectionBasalGanglia_ThalamicRadiationR	ad	DSIStudio	/scratch/executivefunction/SLURM_13244013_206/job-13244013-206-sub-22653-ses-2/ds/inputs/data/qsiprep/qsiprep/sub-22653/ses-2/dwi/sub-22653_ses-2_space-ACPC_desc-preproc_dwi.nii.gz	0.0001005935016597	1.1427789141253777	0.2534133923870119	1.0956915616989136	1.1428938818229757	1.0956977605819702	0.2531667674898022	1.1676618620287795	1.1676643688985957	sub-22653	ses-2				space-ACPC			DSIStudio	autotrackgqi
ProjectionBasalGanglia_ThalamicRadiationR	dti_fa	DSIStudio	/scratch/executivefunction/SLURM_13244013_206/job-13244013-206-sub-22653-ses-2/ds/inputs/data/qsiprep/qsiprep/sub-22653/ses-2/dwi/sub-22653_ses-2_space-ACPC_desc-preproc_dwi.nii.gz	0.0001005935016597	0.3435595281345878	0.1640227710415247	0.3327626883983612	0.3435940914673981	0.3328002095222473	0.163994817752471	0.3933413679927958	0.3933422124084338	sub-22653	ses-2				space-ACPC			DSIStudio	autotrackgqi
ProjectionBasalGanglia_ThalamicRadiationR	gfa	DSIStudio	/scratch/executivefunction/SLURM_13244013_206/job-13244013-206-sub-22653-ses-2/ds/inputs/data/qsiprep/qsiprep/sub-22653/ses-2/dwi/sub-22653_ses-2_space-ACPC_desc-preproc_dwi.nii.gz	0.0001005935016597	0.076272397683108	0.0352663930191803	0.0732941776514053	0.0762800709625529	0.0733041651546955	0.0352598678509417	0.0865205229604323	0.0865207087053997	sub-22653	ses-2				space-ACPC			DSIStudio	autotrackgqi
ProjectionBasalGanglia_ThalamicRadiationR	ha	DSIStudio	/scratch/executivefunction/SLURM_13244013_206/job-13244013-206-sub-22653-ses-2/ds/inputs/data/qsiprep/qsiprep/sub-22653/ses-2/dwi/sub-22653_ses-2_space-ACPC_desc-preproc_dwi.nii.gz	0.0001005935016597	0.080604926031125	48.50738844771697	1.8358368873596191	0.080613035178613	1.8469308614730835	48.50982838909303	-7.441879566894116	-7.441895537176536	sub-22653	ses-2				space-ACPC			DSIStudio	autotrackgqi
ProjectionBasalGanglia_ThalamicRadiationR	iso	DSIStudio	/scratch/executivefunction/SLURM_13244013_206/job-13244013-206-sub-22653-ses-2/ds/inputs/data/qsiprep/qsiprep/sub-22653/ses-2/dwi/sub-22653_ses-2_space-ACPC_desc-preproc_dwi.nii.gz	0.0001005935016597	0.6836580699794058	0.1123502725568787	0.6638819575309753	0.6837268484572709	0.663895308971405	0.1121464574979197	0.6594389156694995	0.6594403313048312	sub-22653	ses-2				space-ACPC			DSIStudio	autotrackgqi
ProjectionBasalGanglia_ThalamicRadiationR	md	DSIStudio	/scratch/executivefunction/SLURM_13244013_206/job-13244013-206-sub-22653-ses-2/ds/inputs/data/qsiprep/qsiprep/sub-22653/ses-2/dwi/sub-22653_ses-2_space-ACPC_desc-preproc_dwi.nii.gz	0.0001005935016597	0.8295804067056624	0.2074443158926232	0.7923877239227295	0.8296638654990935	0.7923924922943115	0.2072877968939586	0.8074379995487437	0.8074397330330451	sub-22653	ses-2				space-ACPC			DSIStudio	autotrackgqi
ProjectionBasalGanglia_ThalamicRadiationR	qa	DSIStudio	/scratch/executivefunction/SLURM_13244013_206/job-13244013-206-sub-22653-ses-2/ds/inputs/data/qsiprep/qsiprep/sub-22653/ses-2/dwi/sub-22653_ses-2_space-ACPC_desc-preproc_dwi.nii.gz	0.0001005935016597	0.2289321559026294	0.1100234975788083	0.2099843323230743	0.2289551873066438	0.2100026234984398	0.1100050666287677	0.2608066865486764	0.2608072464544407	sub-22653	ses-2				space-ACPC			DSIStudio	autotrackgqi
ProjectionBasalGanglia_ThalamicRadiationR	rd1	DSIStudio	/scratch/executivefunction/SLURM_13244013_206/job-13244013-206-sub-22653-ses-2/ds/inputs/data/qsiprep/qsiprep/sub-22653/ses-2/dwi/sub-22653_ses-2_space-ACPC_desc-preproc_dwi.nii.gz	0.0001005935016597	0.7703276460975508	0.2331120253296107	0.7488453388214111	0.7704051438486672	0.7488527297973633	0.2329956622135927	0.7332528120709232	0.7332543862507934	sub-22653	ses-2				space-ACPC			DSIStudio	autotrackgqi
ProjectionBasalGanglia_ThalamicRadiationR	rd2	DSIStudio	/scratch/executivefunction/SLURM_13244013_206/job-13244013-206-sub-22653-ses-2/ds/inputs/data/qsiprep/qsiprep/sub-22653/ses-2/dwi/sub-22653_ses-2_space-ACPC_desc-preproc_dwi.nii.gz	0.0001005935016597	0.5756346591768065	0.2474999577148972	0.5400304794311523	0.5756925701083132	0.5400463044643402	0.2474450500098503	0.5213993237283379	0.5214004431315541	sub-22653	ses-2				space-ACPC			DSIStudio	autotrackgqi
ProjectionBasalGanglia_ThalamicRadiationR	rd	DSIStudio	/scratch/executivefunction/SLURM_13244013_206/job-13244013-206-sub-22653-ses-2/ds/inputs/data/qsiprep/qsiprep/sub-22653/ses-2/dwi/sub-22653_ses-2_space-ACPC_desc-preproc_dwi.nii.gz	0.0001005935016597	0.67298115272899	0.2337524885033352	0.6441212892532349	0.6730488570703107	0.6441400945186615	0.2336667596312599	0.6273260677716823	0.6273274145632253	sub-22653	ses-2				space-ACPC			DSIStudio	autotrackgqi
ProjectionBasalGanglia_ThalamicRadiationR	txx	DSIStudio	/scratch/executivefunction/SLURM_13244013_206/job-13244013-206-sub-22653-ses-2/ds/inputs/data/qsiprep/qsiprep/sub-22653/ses-2/dwi/sub-22653_ses-2_space-ACPC_desc-preproc_dwi.nii.gz	0.0001005935016597	0.0007473791298381	0.0002565955384218	0.0007265671156346	0.0007474543188853	0.0007266146421898	0.0002564989158459	0.0006952368684586	0.0006952383610752	sub-22653	ses-2				space-ACPC			DSIStudio	autotrackgqi
ProjectionBasalGanglia_ThalamicRadiationR	txy	DSIStudio	/scratch/executivefunction/SLURM_13244013_206/job-13244013-206-sub-22653-ses-2/ds/inputs/data/qsiprep/qsiprep/sub-22653/ses-2/dwi/sub-22653_ses-2_space-ACPC_desc-preproc_dwi.nii.gz	0.0001005935016597	1.2070161886554424e-05	0.000114638074638	7.489183190045878e-06	1.2071376188555084e-05	7.50199842514121e-06	0.0001146437770659	4.128616225639135e-05	4.128625093545454e-05	sub-22653	ses-2				space-ACPC			DSIStudio	autotrackgqi
ProjectionBasalGanglia_ThalamicRadiationR	txz	DSIStudio	/scratch/executivefunction/SLURM_13244013_206/job-13244013-206-sub-22653-ses-2/ds/inputs/data/qsiprep/qsiprep/sub-22653/ses-2/dwi/sub-22653_ses-2_space-ACPC_desc-preproc_dwi.nii.gz	0.0001005935016597	-5.732025959857638e-06	0.0001462379010734	-9.94411402643891e-06	-5.732602622429052e-06	-9.94854099189979e-06	0.0001462452456175	-1.3757914467921325e-05	-1.3757943944524986e-05	sub-22653	ses-2				space-ACPC			DSIStudio	autotrackgqi
ProjectionBasalGanglia_ThalamicRadiationR	tyy	DSIStudio	/scratch/executivefunction/SLURM_13244013_206/job-13244013-206-sub-22653-ses-2/ds/inputs/data/qsiprep/qsiprep/sub-22653/ses-2/dwi/sub-22653_ses-2_space-ACPC_desc-preproc_dwi.nii.gz	0.0001005935016597	0.0008281346481373	0.0002891790026184	0.0007975083426572	0.0008282179614822	0.0007975157350301	0.0002890742238143	0.0008383805622962	0.0008383823622719	sub-22653	ses-2				space-ACPC			DSIStudio	autotrackgqi
ProjectionBasalGanglia_ThalamicRadiationR	tyz	DSIStudio	/scratch/executivefunction/SLURM_13244013_206/job-13244013-206-sub-22653-ses-2/ds/inputs/data/qsiprep/qsiprep/sub-22653/ses-2/dwi/sub-22653_ses-2_space-ACPC_desc-preproc_dwi.nii.gz	0.0001005935016597	2.009187462676943e-06	0.0001442434986778	-2.8807651233364595e-06	2.0093895942124235e-06	-2.920295173680642e-06	0.0001442507527967	1.6110995855158983e-05	1.6111030412069973e-05	sub-22653	ses-2				space-ACPC			DSIStudio	autotrackgqi
ProjectionBasalGanglia_ThalamicRadiationR	tzz	DSIStudio	/scratch/executivefunction/SLURM_13244013_206/job-13244013-206-sub-22653-ses-2/ds/inputs/data/qsiprep/qsiprep/sub-22653/ses-2/dwi/sub-22653_ses-2_space-ACPC_desc-preproc_dwi.nii.gz	0.0001005935016597	0.0009132274413623	0.0002676832765134	0.0008789252024143	0.0009133193153504	0.0008789270359557	0.0002675399688324	0.0008886965644341	0.0008886984722947	sub-22653	ses-2				space-ACPC			DSIStudio	autotrackgqi
ProjectionBasalGanglia_FasciculusLenticularisR	ad	DSIStudio	/scratch/executivefunction/SLURM_13244013_206/job-13244013-206-sub-22653-ses-2/ds/inputs/data/qsiprep/qsiprep/sub-22653/ses-2/dwi/sub-22653_ses-2_space-ACPC_desc-preproc_dwi.nii.gz	0.0	1.1492293873018595	0.4000233545607816	1.0286849737167358	1.1492293873018595	1.0286849737167358	0.4000233545607816	1.1341327430225137	1.1341328428934907	sub-22653	ses-2				space-ACPC			DSIStudio	autotrackgqi
ProjectionBasalGanglia_FasciculusLenticularisR	dti_fa	DSIStudio	/scratch/executivefunction/SLURM_13244013_206/job-13244013-206-sub-22653-ses-2/ds/inputs/data/qsiprep/qsiprep/sub-22653/ses-2/dwi/sub-22653_ses-2_space-ACPC_desc-preproc_dwi.nii.gz	0.0	0.2928552297552778	0.0975795634736815	0.2819217890501022	0.2928552297552778	0.2819217890501022	0.0975795634736815	0.2910072427489744	0.2910072682499883	sub-22653	ses-2				space-ACPC			DSIStudio	autotrackgqi
ProjectionBasalGanglia_FasciculusLenticularisR	gfa	DSIStudio	/scratch/executivefunction/SLURM_13244013_206/job-13244013-206-sub-22653-ses-2/ds/inputs/data/qsiprep/qsiprep/sub-22653/ses-2/dwi/sub-22653_ses-2_space-ACPC_desc-preproc_dwi.nii.gz	0.0	0.0659495947731152	0.0206221932323295	0.0632554441690445	0.0659495947731152	0.0632554441690445	0.0206221932323295	0.06610399919518	0.0661040050151997	sub-22653	ses-2				space-ACPC			DSIStudio	autotrackgqi
ProjectionBasalGanglia_FasciculusLenticularisR	ha	DSIStudio	/scratch/executivefunction/SLURM_13244013_206/job-13244013-206-sub-22653-ses-2/ds/inputs/data/qsiprep/qsiprep/sub-22653/ses-2/dwi/sub-22653_ses-2_space-ACPC_desc-preproc_dwi.nii.gz	0.0	-2.8238229194899542	42.04921136215881	-2.1586475372314453	-2.8238229194899542	-2.1586475372314453	42.04921136215881	-2.431699339995577	-2.431699666135708	sub-22653	ses-2				space-ACPC			DSIStudio	autotrackgqi
ProjectionBasalGanglia_FasciculusLenticularisR	iso	DSIStudio	/scratch/executivefunction/SLURM_13244013_206/job-13244013-206-sub-22653-ses-2/ds/inputs/data/qsiprep/qsiprep/sub-22653/ses-2/dwi/sub-22653_ses-2_space-ACPC_desc-preproc_dwi.nii.gz	0.0	0.6943555579063327	0.1218817689052045	0.6642550230026245	0.6943555579063327	0.6642550230026245	0.1218817689052045	0.7063223606111639	0.7063224227209789	sub-22653	ses-2				space-ACPC			DSIStudio	autotrackgqi
ProjectionBasalGanglia_FasciculusLenticularisR	md	DSIStudio	/scratch/executivefunction/SLURM_13244013_206/job-13244013-206-sub-22653-ses-2/ds/inputs/data/qsiprep/qsiprep/sub-22653/ses-2/dwi/sub-22653_ses-2_space-ACPC_desc-preproc_dwi.nii.gz	0.0	0.8879306707070489	0.3293015218811515	0.7889866530895233	0.8879306707070489	0.7889866530895233	0.3293015218811515	0.8795781934888693	0.8795782708906708	sub-22653	ses-2				space-ACPC			DSIStudio	autotrackgqi
ProjectionBasalGanglia_FasciculusLenticularisR	qa	DSIStudio	/scratch/executivefunction/SLURM_13244013_206/job-13244013-206-sub-22653-ses-2/ds/inputs/data/qsiprep/qsiprep/sub-22653/ses-2/dwi/sub-22653_ses-2_space-ACPC_desc-preproc_dwi.nii.gz	0.0	0.2028513948627263	0.0812500133819612	0.1835940778255462	0.2028513948627263	0.1835940778255462	0.0812500133819612	0.208076838374644	0.2080768567764176	sub-22653	ses-2				space-ACPC			DSIStudio	autotrackgqi
ProjectionBasalGanglia_FasciculusLenticularisR	rd1	DSIStudio	/scratch/executivefunction/SLURM_13244013_206/job-13244013-206-sub-22653-ses-2/ds/inputs/data/qsiprep/qsiprep/sub-22653/ses-2/dwi/sub-22653_ses-2_space-ACPC_desc-preproc_dwi.nii.gz	0.0	0.8696585510834367	0.3081630824352046	0.804895281791687	0.8696585510834367	0.804895281791687	0.3081630824352046	0.8702440964785867	0.8702441729208924	sub-22653	ses-2				space-ACPC			DSIStudio	autotrackgqi
ProjectionBasalGanglia_FasciculusLenticularisR	rd2	DSIStudio	/scratch/executivefunction/SLURM_13244013_206/job-13244013-206-sub-22653-ses-2/ds/inputs/data/qsiprep/qsiprep/sub-22653/ses-2/dwi/sub-22653_ses-2_space-ACPC_desc-preproc_dwi.nii.gz	0.0	0.6449040549382725	0.3181299680116997	0.5650996565818787	0.6449040549382725	0.5650996565818787	0.3181299680116997	0.634357727115719	0.6343577830078396	sub-22653	ses-2				space-ACPC			DSIStudio	autotrackgqi
ProjectionBasalGanglia_FasciculusLenticularisR	rd	DSIStudio	/scratch/executivefunction/SLURM_13244013_206/job-13244013-206-sub-22653-ses-2/ds/inputs/data/qsiprep/qsiprep/sub-22653/ses-2/dwi/sub-22653_ses-2_space-ACPC_desc-preproc_dwi.nii.gz	0.0	0.7572813045641559	0.308952140805165	0.6785788238048553	0.7572813045641559	0.6785788238048553	0.308952140805165	0.7523009130388005	0.7523009792060139	sub-22653	ses-2				space-ACPC			DSIStudio	autotrackgqi
ProjectionBasalGanglia_FasciculusLenticularisR	txx	DSIStudio	/scratch/executivefunction/SLURM_13244013_206/job-13244013-206-sub-22653-ses-2/ds/inputs/data/qsiprep/qsiprep/sub-22653/ses-2/dwi/sub-22653_ses-2_space-ACPC_desc-preproc_dwi.nii.gz	0.0	0.0008027419348555	0.0003362447761303	0.0006918142898939	0.0008027419348555	0.0006918142898939	0.0003362447761303	0.0007682251015458	0.000768225169223	sub-22653	ses-2				space-ACPC			DSIStudio	autotrackgqi
ProjectionBasalGanglia_FasciculusLenticularisR	txy	DSIStudio	/scratch/executivefunction/SLURM_13244013_206/job-13244013-206-sub-22653-ses-2/ds/inputs/data/qsiprep/qsiprep/sub-22653/ses-2/dwi/sub-22653_ses-2_space-ACPC_desc-preproc_dwi.nii.gz	0.0	4.047335414609745e-05	9.431884917652184e-05	5.2356110245455056e-05	4.047335414609745e-05	5.2356110245455056e-05	9.431884917652184e-05	4.2265432450623416e-05	4.226543613745172e-05	sub-22653	ses-2				space-ACPC			DSIStudio	autotrackgqi
ProjectionBasalGanglia_FasciculusLenticularisR	txz	DSIStudio	/scratch/executivefunction/SLURM_13244013_206/job-13244013-206-sub-22653-ses-2/ds/inputs/data/qsiprep/qsiprep/sub-22653/ses-2/dwi/sub-22653_ses-2_space-ACPC_desc-preproc_dwi.nii.gz	0.0	-6.951853292446512e-05	0.000108940708979	-8.271855040220544e-05	-6.951853292446512e-05	-8.271855040220544e-05	0.000108940708979	-8.833295494193342e-05	-8.833296268778616e-05	sub-22653	ses-2				space-ACPC			DSIStudio	autotrackgqi
ProjectionBasalGanglia_FasciculusLenticularisR	tyy	DSIStudio	/scratch/executivefunction/SLURM_13244013_206/job-13244013-206-sub-22653-ses-2/ds/inputs/data/qsiprep/qsiprep/sub-22653/ses-2/dwi/sub-22653_ses-2_space-ACPC_desc-preproc_dwi.nii.gz	0.0	0.0009444073237402	0.0003526253501749	0.0008823114039842	0.0009444073237402	0.0008823114039842	0.0003526253501749	0.0009295561718197	0.0009295562534337	sub-22653	ses-2				space-ACPC			DSIStudio	autotrackgqi
ProjectionBasalGanglia_FasciculusLenticularisR	tyz	DSIStudio	/scratch/executivefunction/SLURM_13244013_206/job-13244013-206-sub-22653-ses-2/ds/inputs/data/qsiprep/qsiprep/sub-22653/ses-2/dwi/sub-22653_ses-2_space-ACPC_desc-preproc_dwi.nii.gz	0.0	2.6742248990160933e-05	0.0001128229182169	1.3113025033817394e-05	2.6742248990160933e-05	1.3113025033817394e-05	0.0001128229182169	3.3289806843196665e-05	3.328980999001217e-05	sub-22653	ses-2				space-ACPC			DSIStudio	autotrackgqi
ProjectionBasalGanglia_FasciculusLenticularisR	tzz	DSIStudio	/scratch/executivefunction/SLURM_13244013_206/job-13244013-206-sub-22653-ses-2/ds/inputs/data/qsiprep/qsiprep/sub-22653/ses-2/dwi/sub-22653_ses-2_space-ACPC_desc-preproc_dwi.nii.gz	0.0	0.0009166427379738	0.0003922090872584	0.0008191910455934	0.0009166427379738	0.0008191910455934	0.0003922090872584	0.0009409532941431	0.0009409533770572	sub-22653	ses-2				space-ACPC			DSIStudio	autotrackgqi
ProjectionBasalGanglia_ThalamicRadiationL	ad	DSIStudio	/scratch/executivefunction/SLURM_13244013_206/job-13244013-206-sub-22653-ses-2/ds/inputs/data/qsiprep/qsiprep/sub-22653/ses-2/dwi/sub-22653_ses-2_space-ACPC_desc-preproc_dwi.nii.gz	0.0028537689431214	1.1196675736517965	0.2071398871893761	1.0884918570518494	1.122871990866432	1.0890687704086304	0.1985738639245234	1.1513125565861464	1.1514091874406196	sub-22653	ses-2				space-ACPC			DSIStudio	autotrackgqi
ProjectionBasalGanglia_ThalamicRadiationL	dti_fa	DSIStudio	/scratch/executivefunction/SLURM_13244013_206/job-13244013-206-sub-22653-ses-2/ds/inputs/data/qsiprep/qsiprep/sub-22653/ses-2/dwi/sub-22653_ses-2_space-ACPC_desc-preproc_dwi.nii.gz	0.0028537689431214	0.3481283481508681	0.1733875565341655	0.3348794430494308	0.3491246692893636	0.3355423808097839	0.1726309461331194	0.4280122626545461	0.4280481861451459	sub-22653	ses-2				space-ACPC			DSIStudio	autotrackgqi
ProjectionBasalGanglia_ThalamicRadiationL	gfa	DSIStudio	/scratch/executivefunction/SLURM_13244013_206/job-13244013-206-sub-22653-ses-2/ds/inputs/data/qsiprep/qsiprep/sub-22653/ses-2/dwi/sub-22653_ses-2_space-ACPC_desc-preproc_dwi.nii.gz	0.0028537689431214	0.0762754726383847	0.0364499681962953	0.0733675472438335	0.0764937681783544	0.0735042244195938	0.0362726384772402	0.091941385506837	0.0919491022431477	sub-22653	ses-2				space-ACPC			DSIStudio	autotrackgqi
ProjectionBasalGanglia_ThalamicRadiationL	ha	DSIStudio	/scratch/executivefunction/SLURM_13244013_206/job-13244013-206-sub-22653-ses-2/ds/inputs/data/qsiprep/qsiprep/sub-22653/ses-2/dwi/sub-22653_ses-2_space-ACPC_desc-preproc_dwi.nii.gz	0.0028537689431214	1.2501508576867264	46.362315023988685	-2.0370699167251587	1.253728709741687	-2.280287027359009	46.42856231234087	2.497689221029775	2.497898852648192	sub-22653	ses-2				space-ACPC			DSIStudio	autotrackgqi
ProjectionBasalGanglia_ThalamicRadiationL	iso	DSIStudio	/scratch/executivefunction/SLURM_13244013_206/job-13244013-206-sub-22653-ses-2/ds/inputs/data/qsiprep/qsiprep/sub-22653/ses-2/dwi/sub-22653_ses-2_space-ACPC_desc-preproc_dwi.nii.gz	0.0028537689431214	0.686401740395455	0.1330406645866518	0.6666353642940521	0.6883661784169164	0.667009174823761	0.128055540653438	0.6446341832974696	0.6446882880672061	sub-22653	ses-2				space-ACPC			DSIStudio	autotrackgqi
ProjectionBasalGanglia_ThalamicRadiationL	md	DSIStudio	/scratch/executivefunction/SLURM_13244013_206/job-13244013-206-sub-22653-ses-2/ds/inputs/data/qsiprep/qsiprep/sub-22653/ses-2/dwi/sub-22653_ses-2_space-ACPC_desc-preproc_dwi.nii.gz	0.0028537689431214	0.8080938606779774	0.1555794658756308	0.7821009159088135	0.8104065737895595	0.7823185920715332	0.1496663134270102	0.765961918317031	0.7660262062963653	sub-22653	ses-2				space-ACPC			DSIStudio	autotrackgqi
ProjectionBasalGanglia_ThalamicRadiationL	qa	DSIStudio	/scratch/executivefunction/SLURM_13244013_206/job-13244013-206-sub-22653-ses-2/ds/inputs/data/qsiprep/qsiprep/sub-22653/ses-2/dwi/sub-22653_ses-2_space-ACPC_desc-preproc_dwi.nii.gz	0.0028537689431214	0.2288136458209693	0.1112852700007402	0.2106326147913932	0.2294684958879592	0.211059108376503	0.1107681689606564	0.2676096324553034	0.26763209319641	sub-22653	ses-2				space-ACPC			DSIStudio	autotrackgqi
ProjectionBasalGanglia_ThalamicRadiationL	rd1	DSIStudio	/scratch/executivefunction/SLURM_13244013_206/job-13244013-206-sub-22653-ses-2/ds/inputs/data/qsiprep/qsiprep/sub-22653/ses-2/dwi/sub-22653_ses-2_space-ACPC_desc-preproc_dwi.nii.gz	0.0028537689431214	0.750541626172398	0.1912828093843054	0.7406444549560547	0.7526896284579008	0.741273045539856	0.1872886804721497	0.6802182697830307	0.6802753612095154	sub-22653	ses-2				space-ACPC			DSIStudio	autotrackgqi
ProjectionBasalGanglia_ThalamicRadiationL	rd2	DSIStudio	/scratch/executivefunction/SLURM_13244013_206/job-13244013-206-sub-22653-ses-2/ds/inputs/data/qsiprep/qsiprep/sub-22653/ses-2/dwi/sub-22653_ses-2_space-ACPC_desc-preproc_dwi.nii.gz	0.0028537689431214	0.5540723811634892	0.2164872564839858	0.5268783569335938	0.5556581009951029	0.5274037718772888	0.2147550785182493	0.4663549287303029	0.4663940703873604	sub-22653	ses-2				space-ACPC			DSIStudio	autotrackgqi
ProjectionBasalGanglia_ThalamicRadiationL	rd	DSIStudio	/scratch/executivefunction/SLURM_13244013_206/job-13244013-206-sub-22653-ses-2/ds/inputs/data/qsiprep/qsiprep/sub-22653/ses-2/dwi/sub-22653_ses-2_space-ACPC_desc-preproc_dwi.nii.gz	0.0028537689431214	0.6523070041368125	0.1959604881434573	0.6349019110202789	0.6541738651967126	0.6353084444999695	0.1931040160585143	0.5732866000021177	0.5733347165439514	sub-22653	ses-2				space-ACPC			DSIStudio	autotrackgqi
ProjectionBasalGanglia_ThalamicRadiationL	txx	DSIStudio	/scratch/executivefunction/SLURM_13244013_206/job-13244013-206-sub-22653-ses-2/ds/inputs/data/qsiprep/qsiprep/sub-22653/ses-2/dwi/sub-22653_ses-2_space-ACPC_desc-preproc_dwi.nii.gz	0.0028537689431214	0.0007396886283087	0.0002241270569943	0.000726160564227	0.0007418055700062	0.0007267662440426	0.0002209215743189	0.0006508723636713	0.00065092699214	sub-22653	ses-2				space-ACPC			DSIStudio	autotrackgqi
ProjectionBasalGanglia_ThalamicRadiationL	txy	DSIStudio	/scratch/executivefunction/SLURM_13244013_206/job-13244013-206-sub-22653-ses-2/ds/inputs/data/qsiprep/qsiprep/sub-22653/ses-2/dwi/sub-22653_ses-2_space-ACPC_desc-preproc_dwi.nii.gz	0.0028537689431214	-1.436014694171706e-05	0.0001140636374631	-9.037444215209687e-06	-1.4401244766774772e-05	-9.360845069750212e-06	0.0001142241515239	-5.6238104706269696e-05	-5.624282484161402e-05	sub-22653	ses-2				space-ACPC			DSIStudio	autotrackgqi
ProjectionBasalGanglia_ThalamicRadiationL	txz	DSIStudio	/scratch/executivefunction/SLURM_13244013_206/job-13244013-206-sub-22653-ses-2/ds/inputs/data/qsiprep/qsiprep/sub-22653/ses-2/dwi/sub-22653_ses-2_space-ACPC_desc-preproc_dwi.nii.gz	0.0028537689431214	-3.5593517818633115e-05	0.0001388706415148	-2.776004657789599e-05	-3.569538419746864e-05	-2.828092692652717e-05	0.0001390561451837	-2.1601848263566572e-05	-2.1603661306437246e-05	sub-22653	ses-2				space-ACPC			DSIStudio	autotrackgqi
ProjectionBasalGanglia_ThalamicRadiationL	tyy	DSIStudio	/scratch/executivefunction/SLURM_13244013_206/job-13244013-206-sub-22653-ses-2/ds/inputs/data/qsiprep/qsiprep/sub-22653/ses-2/dwi/sub-22653_ses-2_space-ACPC_desc-preproc_dwi.nii.gz	0.0028537689431214	0.0008090795213117	0.0002521271523424	0.000793353858171	0.0008113950553211	0.0007946413825266	0.0002487392529435	0.0008820858827896	0.0008821599170716	sub-22653	ses-2				space-ACPC			DSIStudio	autotrackgqi
ProjectionBasalGanglia_ThalamicRadiationL	tyz	DSIStudio	/scratch/executivefunction/SLURM_13244013_206/job-13244013-206-sub-22653-ses-2/ds/inputs/data/qsiprep/qsiprep/sub-22653/ses-2/dwi/sub-22653_ses-2_space-ACPC_desc-preproc_dwi.nii.gz	0.0028537689431214	9.94525655648392e-06	0.0001511600766137	1.0103248087034444e-06	9.973719246717615e-06	1.2409349210429357e-06	0.0001513752896601	-4.753710783443811e-06	-4.754109652393565e-06	sub-22653	ses-2				space-ACPC			DSIStudio	autotrackgqi
ProjectionBasalGanglia_ThalamicRadiationL	tzz	DSIStudio	/scratch/executivefunction/SLURM_13244013_206/job-13244013-206-sub-22653-ses-2/ds/inputs/data/qsiprep/qsiprep/sub-22653/ses-2/dwi/sub-22653_ses-2_space-ACPC_desc-preproc_dwi.nii.gz	0.0028537689431214	0.0008755134320025	0.0002341357059916	0.000856162776472	0.0008780190956291	0.0008567056502215	0.0002297311435253	0.0007649275103061	0.0007649917114936	sub-22653	ses-2				space-ACPC			DSIStudio	autotrackgqi
Commissure_CorpusCallosum	ad	DSIStudio	/scratch/executivefunction/SLURM_13244013_206/job-13244013-206-sub-22653-ses-2/ds/inputs/data/qsiprep/qsiprep/sub-22653/ses-2/dwi/sub-22653_ses-2_space-ACPC_desc-preproc_dwi.nii.gz	0.001100533758873	1.2241743827573923	0.3892711185069651	1.1179033517837524	1.225523112314774	1.1183051466941831	0.3873577858754984	1.369125241596146	1.369229053514385	sub-22653	ses-2				space-ACPC			DSIStudio	autotrackgqi
Commissure_CorpusCallosum	dti_fa	DSIStudio	/scratch/executivefunction/SLURM_13244013_206/job-13244013-206-sub-22653-ses-2/ds/inputs/data/qsiprep/qsiprep/sub-22653/ses-2/dwi/sub-22653_ses-2_space-ACPC_desc-preproc_dwi.nii.gz	0.001100533758873	0.3361480115289018	0.2073293065749563	0.302453264594078	0.3365183613460437	0.3027966618537903	0.2071428755734982	0.5019087654519534	0.5019468219366446	sub-22653	ses-2				space-ACPC			DSIStudio	autotrackgqi
Commissure_CorpusCallosum	gfa	DSIStudio	/scratch/executivefunction/SLURM_13244013_206/job-13244013-206-sub-22653-ses-2/ds/inputs/data/qsiprep/qsiprep/sub-22653/ses-2/dwi/sub-22653_ses-2_space-ACPC_desc-preproc_dwi.nii.gz	0.001100533758873	0.0770934987549821	0.0465415448516166	0.0698623284697532	0.0771784362295097	0.0699963010847568	0.0464967371464735	0.114996427649396	0.1150051470858503	sub-22653	ses-2				space-ACPC			DSIStudio	autotrackgqi
Commissure_CorpusCallosum	ha	DSIStudio	/scratch/executivefunction/SLURM_13244013_206/job-13244013-206-sub-22653-ses-2/ds/inputs/data/qsiprep/qsiprep/sub-22653/ses-2/dwi/sub-22653_ses-2_space-ACPC_desc-preproc_dwi.nii.gz	0.001100533758873	0.0188784861518677	44.97132604128429	-0.2330936789512634	0.0188992854535279	-0.3017459511756897	44.99609271245881	0.707237456035426	0.7072910792262228	sub-22653	ses-2				space-ACPC			DSIStudio	autotrackgqi
Commissure_CorpusCallosum	iso	DSIStudio	/scratch/executivefunction/SLURM_13244013_206/job-13244013-206-sub-22653-ses-2/ds/inputs/data/qsiprep/qsiprep/sub-22653/ses-2/dwi/sub-22653_ses-2_space-ACPC_desc-preproc_dwi.nii.gz	0.001100533758873	0.6792028615567791	0.1338301679699117	0.6687793731689453	0.6799511707746019	0.6689255237579346	0.131990276050525	0.6342179483892298	0.6342660369988088	sub-22653	ses-2				space-ACPC			DSIStudio	autotrackgqi
Commissure_CorpusCallosum	md	DSIStudio	/scratch/executivefunction/SLURM_13244013_206/job-13244013-206-sub-22653-ses-2/ds/inputs/data/qsiprep/qsiprep/sub-22653/ses-2/dwi/sub-22653_ses-2_space-ACPC_desc-preproc_dwi.nii.gz	0.001100533758873	0.8909881587968324	0.3156029362952034	0.8083286881446838	0.8919698016754716	0.8084220290184021	0.3143872727489085	0.8374262691490855	0.837489765744617	sub-22653	ses-2				space-ACPC			DSIStudio	autotrackgqi
Commissure_CorpusCallosum	qa	DSIStudio	/scratch/executivefunction/SLURM_13244013_206/job-13244013-206-sub-22653-ses-2/ds/inputs/data/qsiprep/qsiprep/sub-22653/ses-2/dwi/sub-22653_ses-2_space-ACPC_desc-preproc_dwi.nii.gz	0.001100533758873	0.2285694170856023	0.138572215379311	0.2009564042091369	0.2288212425878174	0.201113611459732	0.1384405716105205	0.3366174918675096	0.3366430154004278	sub-22653	ses-2				space-ACPC			DSIStudio	autotrackgqi
Commissure_CorpusCallosum	rd1	DSIStudio	/scratch/executivefunction/SLURM_13244013_206/job-13244013-206-sub-22653-ses-2/ds/inputs/data/qsiprep/qsiprep/sub-22653/ses-2/dwi/sub-22653_ses-2_space-ACPC_desc-preproc_dwi.nii.gz	0.001100533758873	0.813575822072467	0.3441276898159642	0.7697696089744568	0.8144721761980358	0.7699787020683289	0.3432554215976113	0.6705340115699016	0.6705848537768644	sub-22653	ses-2				space-ACPC			DSIStudio	autotrackgqi
Commissure_CorpusCallosum	rd2	DSIStudio	/scratch/executivefunction/SLURM_13244013_206/job-13244013-206-sub-22653-ses-2/ds/inputs/data/qsiprep/qsiprep/sub-22653/ses-2/dwi/sub-22653_ses-2_space-ACPC_desc-preproc_dwi.nii.gz	0.0011280471028448	0.6352142711336104	0.3547833753467521	0.5819879472255707	0.6359316319686601	0.5824089646339417	0.3543405142206862	0.472619553148885	0.4726605161309505	sub-22653	ses-2				space-ACPC			DSIStudio	autotrackgqi
Commissure_CorpusCallosum	rd	DSIStudio	/scratch/executivefunction/SLURM_13244013_206/job-13244013-206-sub-22653-ses-2/ds/inputs/data/qsiprep/qsiprep/sub-22653/ses-2/dwi/sub-22653_ses-2_space-ACPC_desc-preproc_dwi.nii.gz	0.001100533758873	0.724395046414617	0.3445551092919475	0.6733908951282501	0.7251931459534422	0.6736251413822174	0.3439044116950657	0.5715767822763393	0.571620121210468	sub-22653	ses-2				space-ACPC			DSIStudio	autotrackgqi
Commissure_CorpusCallosum	txx	DSIStudio	/scratch/executivefunction/SLURM_13244013_206/job-13244013-206-sub-22653-ses-2/ds/inputs/data/qsiprep/qsiprep/sub-22653/ses-2/dwi/sub-22653_ses-2_space-ACPC_desc-preproc_dwi.nii.gz	0.001100533758873	0.0008801008853523	0.0004121958308583	0.0007987621647771	0.0008810705332181	0.0007989961013663	0.0004113857890818	0.0009004371261764	0.0009005054004938	sub-22653	ses-2				space-ACPC			DSIStudio	autotrackgqi
Commissure_CorpusCallosum	txy	DSIStudio	/scratch/executivefunction/SLURM_13244013_206/job-13244013-206-sub-22653-ses-2/ds/inputs/data/qsiprep/qsiprep/sub-22653/ses-2/dwi/sub-22653_ses-2_space-ACPC_desc-preproc_dwi.nii.gz	0.001100533758873	4.5298855237538014e-06	0.0001487681959967	2.08132803436456e-06	4.534876308223315e-06	2.225856064796972e-06	0.000148850049814	1.4979162988081582e-05	1.4980298715871316e-05	sub-22653	ses-2				space-ACPC			DSIStudio	autotrackgqi
Commissure_CorpusCallosum	txz	DSIStudio	/scratch/executivefunction/SLURM_13244013_206/job-13244013-206-sub-22653-ses-2/ds/inputs/data/qsiprep/qsiprep/sub-22653/ses-2/dwi/sub-22653_ses-2_space-ACPC_desc-preproc_dwi.nii.gz	0.001100533758873	-1.3993721949739536e-05	0.0001777035682918	-1.2089373740309384e-05	-1.4009139480670777e-05	-1.2256136415089712e-05	0.0001778008260833	-1.8423594118210727e-05	-1.842499106316372e-05	sub-22653	ses-2				space-ACPC			DSIStudio	autotrackgqi
Commissure_CorpusCallosum	tyy	DSIStudio	/scratch/executivefunction/SLURM_13244013_206/job-13244013-206-sub-22653-ses-2/ds/inputs/data/qsiprep/qsiprep/sub-22653/ses-2/dwi/sub-22653_ses-2_space-ACPC_desc-preproc_dwi.nii.gz	0.001100533758873	0.0008671721806248	0.0003792187934077	0.0008025043935049	0.0008681275843383	0.000802700407803	0.0003783330803189	0.0007701188921393	0.0007701772852929	sub-22653	ses-2				space-ACPC			DSIStudio	autotrackgqi
Commissure_CorpusCallosum	tyz	DSIStudio	/scratch/executivefunction/SLURM_13244013_206/job-13244013-206-sub-22653-ses-2/ds/inputs/data/qsiprep/qsiprep/sub-22653/ses-2/dwi/sub-22653_ses-2_space-ACPC_desc-preproc_dwi.nii.gz	0.001100533758873	1.2396177015605532e-05	0.0001349378515349	2.498830781405559e-06	1.2409834457367892e-05	2.6304836637791595e-06	0.0001350115370361	4.012414067493127e-05	4.0127183023871467e-05	sub-22653	ses-2				space-ACPC			DSIStudio	autotrackgqi
Commissure_CorpusCallosum	tzz	DSIStudio	/scratch/executivefunction/SLURM_13244013_206/job-13244013-206-sub-22653-ses-2/ds/inputs/data/qsiprep/qsiprep/sub-22653/ses-2/dwi/sub-22653_ses-2_space-ACPC_desc-preproc_dwi.nii.gz	0.001100533758873	0.0009256914101096	0.0003436178768459	0.0008802498923614	0.0009267112871658	0.0008804869721643	0.0003424298475102	0.0008417227884525	0.000841786610768	sub-22653	ses-2				space-ACPC			DSIStudio	autotrackgqi
Commissure_AnteriorCommissure	ad	DSIStudio	/scratch/executivefunction/SLURM_13244013_206/job-13244013-206-sub-22653-ses-2/ds/inputs/data/qsiprep/qsiprep/sub-22653/ses-2/dwi/sub-22653_ses-2_space-ACPC_desc-preproc_dwi.nii.gz	0.0132678132678132	1.1849216056397271	0.3281002598354259	1.1243791580200195	1.2008543164725325	1.128032386302948	0.2999406575237223	1.2150790885119314	1.2155227019139545	sub-22653	ses-2				space-ACPC			DSIStudio	autotrackgqi
Commissure_AnteriorCommissure	dti_fa	DSIStudio	/scratch/executivefunction/SLURM_13244013_206/job-13244013-206-sub-22653-ses-2/ds/inputs/data/qsiprep/qsiprep/sub-22653/ses-2/dwi/sub-22653_ses-2_space-ACPC_desc-preproc_dwi.nii.gz	0.0132678132678132	0.2726985626874597	0.1465430544127264	0.2459034025669098	0.2763653262295719	0.2474722191691398	0.1440494920960392	0.36950577142849	0.3696406741125837	sub-22653	ses-2				space-ACPC			DSIStudio	autotrackgqi
Commissure_AnteriorCommissure	gfa	DSIStudio	/scratch/executivefunction/SLURM_13244013_206/job-13244013-206-sub-22653-ses-2/ds/inputs/data/qsiprep/qsiprep/sub-22653/ses-2/dwi/sub-22653_ses-2_space-ACPC_desc-preproc_dwi.nii.gz	0.0132678132678132	0.0621091594576323	0.0318313111677597	0.0551492646336555	0.0629442925778295	0.055484727025032	0.0312136131782551	0.0813456060758198	0.0813753045165683	sub-22653	ses-2				space-ACPC			DSIStudio	autotrackgqi
Commissure_AnteriorCommissure	ha	DSIStudio	/scratch/executivefunction/SLURM_13244013_206/job-13244013-206-sub-22653-ses-2/ds/inputs/data/qsiprep/qsiprep/sub-22653/ses-2/dwi/sub-22653_ses-2_space-ACPC_desc-preproc_dwi.nii.gz	0.0132678132678132	-5.363024084978447	41.83990397033328	-6.841591835021973	-5.4351364606230765	-7.84224796295166	42.11560596966075	-1.8274509571149835	-1.828118209148096	sub-22653	ses-2				space-ACPC			DSIStudio	autotrackgqi
Commissure_AnteriorCommissure	iso	DSIStudio	/scratch/executivefunction/SLURM_13244013_206/job-13244013-206-sub-22653-ses-2/ds/inputs/data/qsiprep/qsiprep/sub-22653/ses-2/dwi/sub-22653_ses-2_space-ACPC_desc-preproc_dwi.nii.gz	0.0132678132678132	0.6684750794375851	0.2077952143732781	0.6768935322761536	0.6774635391710586	0.680618941783905	0.1940878396378471	0.6830671708309541	0.683316551751459	sub-22653	ses-2				space-ACPC			DSIStudio	autotrackgqi
Commissure_AnteriorCommissure	md	DSIStudio	/scratch/executivefunction/SLURM_13244013_206/job-13244013-206-sub-22653-ses-2/ds/inputs/data/qsiprep/qsiprep/sub-22653/ses-2/dwi/sub-22653_ses-2_space-ACPC_desc-preproc_dwi.nii.gz	0.0132678132678132	0.9152193752934364	0.2705050028742353	0.8591101169586182	0.927525611913418	0.8604495525360107	0.2504845429268121	0.8561108065813885	0.8564233644695536	sub-22653	ses-2				space-ACPC			DSIStudio	autotrackgqi
Commissure_AnteriorCommissure	qa	DSIStudio	/scratch/executivefunction/SLURM_13244013_206/job-13244013-206-sub-22653-ses-2/ds/inputs/data/qsiprep/qsiprep/sub-22653/ses-2/dwi/sub-22653_ses-2_space-ACPC_desc-preproc_dwi.nii.gz	0.0132678132678132	0.180944324687526	0.0995059228391178	0.1673170924186706	0.1833773410055356	0.1687348335981369	0.0979204031714779	0.2427691754924282	0.2428578079863089	sub-22653	ses-2				space-ACPC			DSIStudio	autotrackgqi
Commissure_AnteriorCommissure	rd1	DSIStudio	/scratch/executivefunction/SLURM_13244013_206/job-13244013-206-sub-22653-ses-2/ds/inputs/data/qsiprep/qsiprep/sub-22653/ses-2/dwi/sub-22653_ses-2_space-ACPC_desc-preproc_dwi.nii.gz	0.0132678132678132	0.8645951361123115	0.2857832081453951	0.8269205093383789	0.876220668320993	0.8287558555603027	0.2694136045280265	0.7701719896250362	0.7704531722565411	sub-22653	ses-2				space-ACPC			DSIStudio	autotrackgqi
Commissure_AnteriorCommissure	rd2	DSIStudio	/scratch/executivefunction/SLURM_13244013_206/job-13244013-206-sub-22653-ses-2/ds/inputs/data/qsiprep/qsiprep/sub-22653/ses-2/dwi/sub-22653_ses-2_space-ACPC_desc-preproc_dwi.nii.gz	0.0132678132678132	0.6961413852193139	0.2789040729818212	0.6530050039291382	0.7055018520524421	0.6563516855239868	0.2687556556728286	0.5830813480114132	0.5832942256447187	sub-22653	ses-2				space-ACPC			DSIStudio	autotrackgqi
Commissure_AnteriorCommissure	rd	DSIStudio	/scratch/executivefunction/SLURM_13244013_206/job-13244013-206-sub-22653-ses-2/ds/inputs/data/qsiprep/qsiprep/sub-22653/ses-2/dwi/sub-22653_ses-2_space-ACPC_desc-preproc_dwi.nii.gz	0.0132678132678132	0.7803682614969094	0.2768820146522641	0.7403927445411682	0.7908612610289893	0.7423002123832703	0.2634311658247059	0.6766266713893201	0.6768737015226638	sub-22653	ses-2				space-ACPC			DSIStudio	autotrackgqi
Commissure_AnteriorCommissure	txx	DSIStudio	/scratch/executivefunction/SLURM_13244013_206/job-13244013-206-sub-22653-ses-2/ds/inputs/data/qsiprep/qsiprep/sub-22653/ses-2/dwi/sub-22653_ses-2_space-ACPC_desc-preproc_dwi.nii.gz	0.0132678132678132	0.0009166583666836	0.000304150416716	0.0008632711251266	0.0009289839522914	0.0008651432872284	0.0002868816483856	0.0008769895193289	0.0008773096996787	sub-22653	ses-2				space-ACPC			DSIStudio	autotrackgqi
Commissure_AnteriorCommissure	txy	DSIStudio	/scratch/executivefunction/SLURM_13244013_206/job-13244013-206-sub-22653-ses-2/ds/inputs/data/qsiprep/qsiprep/sub-22653/ses-2/dwi/sub-22653_ses-2_space-ACPC_desc-preproc_dwi.nii.gz	0.0132678132678132	2.3113873611400194e-06	0.000120441014794	4.470416115509579e-06	2.342466772868496e-06	6.330155656542047e-06	0.0001212477486409	9.567173288479811e-06	9.570666237442885e-06	sub-22653	ses-2				space-ACPC			DSIStudio	autotrackgqi
Commissure_AnteriorCommissure	txz	DSIStudio	/scratch/executivefunction/SLURM_13244013_206/job-13244013-206-sub-22653-ses-2/ds/inputs/data/qsiprep/qsiprep/sub-22653/ses-2/dwi/sub-22653_ses-2_space-ACPC_desc-preproc_dwi.nii.gz	0.0132678132678132	-2.6430588790118108e-06	0.0001298920318961	0.0	-2.678598017325217e-06	-1.3368062354857102e-06	0.0001307620299989	-8.475644718912774e-06	-8.478739151857582e-06	sub-22653	ses-2				space-ACPC			DSIStudio	autotrackgqi
Commissure_AnteriorCommissure	tyy	DSIStudio	/scratch/executivefunction/SLURM_13244013_206/job-13244013-206-sub-22653-ses-2/ds/inputs/data/qsiprep/qsiprep/sub-22653/ses-2/dwi/sub-22653_ses-2_space-ACPC_desc-preproc_dwi.nii.gz	0.0132678132678132	0.0008953772742399	0.000309825876577	0.0008493137429468	0.0009074167097003	0.0008526264282409	0.000293867349259	0.0008048823050836	0.0008051761601241	sub-22653	ses-2				space-ACPC			DSIStudio	autotrackgqi
Commissure_AnteriorCommissure	tyz	DSIStudio	/scratch/executivefunction/SLURM_13244013_206/job-13244013-206-sub-22653-ses-2/ds/inputs/data/qsiprep/qsiprep/sub-22653/ses-2/dwi/sub-22653_ses-2_space-ACPC_desc-preproc_dwi.nii.gz	0.0132678132678132	8.071058316789422e-05	0.0001268030160852	6.595542799914256e-05	8.179583503319955e-05	6.745793871232308e-05	0.0001273045072443	0.0001428344217444	0.0001428865689803	sub-22653	ses-2				space-ACPC			DSIStudio	autotrackgqi
Commissure_AnteriorCommissure	tzz	DSIStudio	/scratch/executivefunction/SLURM_13244013_206/job-13244013-206-sub-22653-ses-2/ds/inputs/data/qsiprep/qsiprep/sub-22653/ses-2/dwi/sub-22653_ses-2_space-ACPC_desc-preproc_dwi.nii.gz	0.0132678132678132	0.0009336224872406	0.0003052958452168	0.0008933719946071	0.000946176176063	0.0008966253662947	0.0002873687765579	0.0008864606005644	0.0008867842388405	sub-22653	ses-2				space-ACPC			DSIStudio	autotrackgqi
Cerebellum_InferiorCerebellarPeduncleL	ad	DSIStudio	/scratch/executivefunction/SLURM_13244013_206/job-13244013-206-sub-22653-ses-2/ds/inputs/data/qsiprep/qsiprep/sub-22653/ses-2/dwi/sub-22653_ses-2_space-ACPC_desc-preproc_dwi.nii.gz	0.0073119777158774	1.1099323980863047	0.5700882306834156	0.9404236972332	1.1181079787105814	0.9421120882034302	0.5641394420415131	1.1840969020370975	1.188455671816471	sub-22653	ses-2				space-ACPC			DSIStudio	autotrackgqi
Cerebellum_InferiorCerebellarPeduncleL	dti_fa	DSIStudio	/scratch/executivefunction/SLURM_13244013_206/job-13244013-206-sub-22653-ses-2/ds/inputs/data/qsiprep/qsiprep/sub-22653/ses-2/dwi/sub-22653_ses-2_space-ACPC_desc-preproc_dwi.nii.gz	0.0073119777158774	0.305939648624686	0.1522407323531148	0.2686516791582107	0.3081931500701852	0.2702309489250183	0.150510619705224	0.3783476061998834	0.3797403389437032	sub-22653	ses-2				space-ACPC			DSIStudio	autotrackgqi
Cerebellum_InferiorCerebellarPeduncleL	gfa	DSIStudio	/scratch/executivefunction/SLURM_13244013_206/job-13244013-206-sub-22653-ses-2/ds/inputs/data/qsiprep/qsiprep/sub-22653/ses-2/dwi/sub-22653_ses-2_space-ACPC_desc-preproc_dwi.nii.gz	0.0073119777158774	0.0608452103560541	0.0315095688524491	0.0509535633027553	0.0612933862303007	0.0513387583196163	0.0311880731162041	0.0771947571084591	0.0774789181769092	sub-22653	ses-2				space-ACPC			DSIStudio	autotrackgqi
Cerebellum_InferiorCerebellarPeduncleL	ha	DSIStudio	/scratch/executivefunction/SLURM_13244013_206/job-13244013-206-sub-22653-ses-2/ds/inputs/data/qsiprep/qsiprep/sub-22653/ses-2/dwi/sub-22653_ses-2_space-ACPC_desc-preproc_dwi.nii.gz	0.0073119777158774	10.392833390986077	37.52298178008033	13.629223346710203	10.469385303020696	14.049830436706545	37.650280447095454	11.15138505794754	11.192434367517963	sub-22653	ses-2				space-ACPC			DSIStudio	autotrackgqi
Cerebellum_InferiorCerebellarPeduncleL	iso	DSIStudio	/scratch/executivefunction/SLURM_13244013_206/job-13244013-206-sub-22653-ses-2/ds/inputs/data/qsiprep/qsiprep/sub-22653/ses-2/dwi/sub-22653_ses-2_space-ACPC_desc-preproc_dwi.nii.gz	0.0073119777158774	0.8424070186583549	0.2428379402939341	0.8474500775337219	0.8486120510651683	0.8496665358543396	0.2326778143776461	0.7963384598641989	0.7992698558285076	sub-22653	ses-2				space-ACPC			DSIStudio	autotrackgqi
Cerebellum_InferiorCerebellarPeduncleL	md	DSIStudio	/scratch/executivefunction/SLURM_13244013_206/job-13244013-206-sub-22653-ses-2/ds/inputs/data/qsiprep/qsiprep/sub-22653/ses-2/dwi/sub-22653_ses-2_space-ACPC_desc-preproc_dwi.nii.gz	0.0073119777158774	0.8373672356388031	0.4872056674386282	0.696759432554245	0.8435351458276543	0.6973947882652283	0.4836475341492792	0.8321736000385719	0.8352369074171008	sub-22653	ses-2				space-ACPC			DSIStudio	autotrackgqi
Cerebellum_InferiorCerebellarPeduncleL	qa	DSIStudio	/scratch/executivefunction/SLURM_13244013_206/job-13244013-206-sub-22653-ses-2/ds/inputs/data/qsiprep/qsiprep/sub-22653/ses-2/dwi/sub-22653_ses-2_space-ACPC_desc-preproc_dwi.nii.gz	0.0073119777158774	0.2125970484060754	0.1052978006173032	0.1878113374114036	0.214163003515345	0.1883930563926696	0.1040861509140372	0.2650507422107923	0.2660264187179716	sub-22653	ses-2				space-ACPC			DSIStudio	autotrackgqi
Cerebellum_InferiorCerebellarPeduncleL	rd1	DSIStudio	/scratch/executivefunction/SLURM_13244013_206/job-13244013-206-sub-22653-ses-2/ds/inputs/data/qsiprep/qsiprep/sub-22653/ses-2/dwi/sub-22653_ses-2_space-ACPC_desc-preproc_dwi.nii.gz	0.0073119777158774	0.7838158668239386	0.488362215722653	0.6599555611610413	0.7895893263831468	0.6608397960662842	0.4854850424431147	0.7400641648712118	0.7427884087539156	sub-22653	ses-2				space-ACPC			DSIStudio	autotrackgqi
Cerebellum_InferiorCerebellarPeduncleL	rd2	DSIStudio	/scratch/executivefunction/SLURM_13244013_206/job-13244013-206-sub-22653-ses-2/ds/inputs/data/qsiprep/qsiprep/sub-22653/ses-2/dwi/sub-22653_ses-2_space-ACPC_desc-preproc_dwi.nii.gz	0.0073119777158774	0.6183534423096889	0.4478006791452077	0.5176430642604828	0.6229081326949935	0.5186936855316162	0.4462794329067643	0.5723597286494907	0.5744666371062224	sub-22653	ses-2				space-ACPC			DSIStudio	autotrackgqi
Cerebellum_InferiorCerebellarPeduncleL	rd	DSIStudio	/scratch/executivefunction/SLURM_13244013_206/job-13244013-206-sub-22653-ses-2/ds/inputs/data/qsiprep/qsiprep/sub-22653/ses-2/dwi/sub-22653_ses-2_space-ACPC_desc-preproc_dwi.nii.gz	0.0073119777158774	0.7010846541400656	0.4650851002256128	0.5863886773586273	0.7062487291091787	0.5875976085662842	0.462871785794852	0.6562119477930075	0.6586275239665266	sub-22653	ses-2				space-ACPC			DSIStudio	autotrackgqi
Cerebellum_InferiorCerebellarPeduncleL	txx	DSIStudio	/scratch/executivefunction/SLURM_13244013_206/job-13244013-206-sub-22653-ses-2/ds/inputs/data/qsiprep/qsiprep/sub-22653/ses-2/dwi/sub-22653_ses-2_space-ACPC_desc-preproc_dwi.nii.gz	0.0073119777158774	0.0008027035806931	0.000510802515755	0.0006803533469792	0.0008086161640654	0.0006813526852056	0.0005079961494631	0.0007491415315755	0.0007518991901432	sub-22653	ses-2				space-ACPC			DSIStudio	autotrackgqi
Cerebellum_InferiorCerebellarPeduncleL	txy	DSIStudio	/scratch/executivefunction/SLURM_13244013_206/job-13244013-206-sub-22653-ses-2/ds/inputs/data/qsiprep/qsiprep/sub-22653/ses-2/dwi/sub-22653_ses-2_space-ACPC_desc-preproc_dwi.nii.gz	0.0073119777158774	-1.2967426502091678e-05	0.0001221663404753	-3.388291588635184e-05	-1.3062942446161804e-05	-3.495867349556647e-05	0.0001226103555928	-4.548254488073995e-06	-4.5649972463963495e-06	sub-22653	ses-2				space-ACPC			DSIStudio	autotrackgqi
Cerebellum_InferiorCerebellarPeduncleL	txz	DSIStudio	/scratch/executivefunction/SLURM_13244013_206/job-13244013-206-sub-22653-ses-2/ds/inputs/data/qsiprep/qsiprep/sub-22653/ses-2/dwi/sub-22653_ses-2_space-ACPC_desc-preproc_dwi.nii.gz	0.0073119777158774	-1.3665850240953224e-05	0.0001015297744956	-1.890011208161013e-05	-1.376651066012545e-05	-1.9726936443476006e-05	0.0001018962147642	-4.6234107224462654e-06	-4.64043001926904e-06	sub-22653	ses-2				space-ACPC			DSIStudio	autotrackgqi
Cerebellum_InferiorCerebellarPeduncleL	tyy	DSIStudio	/scratch/executivefunction/SLURM_13244013_206/job-13244013-206-sub-22653-ses-2/ds/inputs/data/qsiprep/qsiprep/sub-22653/ses-2/dwi/sub-22653_ses-2_space-ACPC_desc-preproc_dwi.nii.gz	0.0073119777158774	0.0008830544804196	0.0005186321375708	0.0007281733560375	0.0008895589153858	0.000730009691324	0.0005149509428314	0.0009022829431348	0.0009056043291921	sub-22653	ses-2				space-ACPC			DSIStudio	autotrackgqi
Cerebellum_InferiorCerebellarPeduncleL	tyz	DSIStudio	/scratch/executivefunction/SLURM_13244013_206/job-13244013-206-sub-22653-ses-2/ds/inputs/data/qsiprep/qsiprep/sub-22653/ses-2/dwi/sub-22653_ses-2_space-ACPC_desc-preproc_dwi.nii.gz	0.0073119777158774	5.756572645024403e-05	0.0001394153316708	4.643245301849674e-05	5.798974618207676e-05	4.746044578496367e-05	0.0001398399548861	0.0001092953394356	0.0001096976658141	sub-22653	ses-2				space-ACPC			DSIStudio	autotrackgqi
Cerebellum_InferiorCerebellarPeduncleL	tzz	DSIStudio	/scratch/executivefunction/SLURM_13244013_206/job-13244013-206-sub-22653-ses-2/ds/inputs/data/qsiprep/qsiprep/sub-22653/ses-2/dwi/sub-22653_ses-2_space-ACPC_desc-preproc_dwi.nii.gz	0.0073119777158774	0.0008263436470377	0.000509082306003	0.0006975691940169	0.0008324303592747	0.0006988806999288	0.0005059713388572	0.0008450963243675	0.0008482072018742	sub-22653	ses-2				space-ACPC			DSIStudio	autotrackgqi
Cerebellum_CerebellumR	ad	DSIStudio	/scratch/executivefunction/SLURM_13244013_206/job-13244013-206-sub-22653-ses-2/ds/inputs/data/qsiprep/qsiprep/sub-22653/ses-2/dwi/sub-22653_ses-2_space-ACPC_desc-preproc_dwi.nii.gz	0.0124655399736305	0.9105738051200848	0.2423216823550415	0.8619096875190735	0.9220678791257272	0.8634151816368103	0.2210490780627176	0.9192197416155224	0.9217279393290224	sub-22653	ses-2				space-ACPC			DSIStudio	autotrackgqi
Cerebellum_CerebellumR	dti_fa	DSIStudio	/scratch/executivefunction/SLURM_13244013_206/job-13244013-206-sub-22653-ses-2/ds/inputs/data/qsiprep/qsiprep/sub-22653/ses-2/dwi/sub-22653_ses-2_space-ACPC_desc-preproc_dwi.nii.gz	0.0124655399736305	0.2421381041763905	0.1013560599414482	0.2284546643495559	0.2451945871032439	0.2292411774396896	0.0982511751609578	0.2451163771401432	0.2457852056265227	sub-22653	ses-2				space-ACPC			DSIStudio	autotrackgqi
Cerebellum_CerebellumR	gfa	DSIStudio	/scratch/executivefunction/SLURM_13244013_206/job-13244013-206-sub-22653-ses-2/ds/inputs/data/qsiprep/qsiprep/sub-22653/ses-2/dwi/sub-22653_ses-2_space-ACPC_desc-preproc_dwi.nii.gz	0.0124655399736305	0.0438676072244616	0.0207006473998099	0.0393978618085384	0.0444213432544827	0.0395530611276626	0.0202318616409125	0.0446296687264609	0.0447514459594873	sub-22653	ses-2				space-ACPC			DSIStudio	autotrackgqi
Cerebellum_CerebellumR	ha	DSIStudio	/scratch/executivefunction/SLURM_13244013_206/job-13244013-206-sub-22653-ses-2/ds/inputs/data/qsiprep/qsiprep/sub-22653/ses-2/dwi/sub-22653_ses-2_space-ACPC_desc-preproc_dwi.nii.gz	0.0124655399736305	-14.241602036425029	24.774250182841858	-15.01025676727295	-14.421372228412917	-15.321763038635254	24.878070840691837	-13.336112552519484	-13.372501680852956	sub-22653	ses-2				space-ACPC			DSIStudio	autotrackgqi
Cerebellum_CerebellumR	iso	DSIStudio	/scratch/executivefunction/SLURM_13244013_206/job-13244013-206-sub-22653-ses-2/ds/inputs/data/qsiprep/qsiprep/sub-22653/ses-2/dwi/sub-22653_ses-2_space-ACPC_desc-preproc_dwi.nii.gz	0.0124655399736305	0.9537122211318916	0.2289376997182094	0.9860831499099731	0.9657508266662664	0.9884820580482484	0.203587263876001	1.0006292246719009	1.0033595574170884	sub-22653	ses-2				space-ACPC			DSIStudio	autotrackgqi
Cerebellum_CerebellumR	md	DSIStudio	/scratch/executivefunction/SLURM_13244013_206/job-13244013-206-sub-22653-ses-2/ds/inputs/data/qsiprep/qsiprep/sub-22653/ses-2/dwi/sub-22653_ses-2_space-ACPC_desc-preproc_dwi.nii.gz	0.0124655399736305	0.71964451224487	0.190154985227956	0.679378092288971	0.728728506573486	0.6802816987037659	0.1731923291504923	0.7267571439659145	0.728740185112831	sub-22653	ses-2				space-ACPC			DSIStudio	autotrackgqi
Cerebellum_CerebellumR	qa	DSIStudio	/scratch/executivefunction/SLURM_13244013_206/job-13244013-206-sub-22653-ses-2/ds/inputs/data/qsiprep/qsiprep/sub-22653/ses-2/dwi/sub-22653_ses-2_space-ACPC_desc-preproc_dwi.nii.gz	0.0124655399736305	0.175228964491949	0.0690119527861306	0.1685772985219955	0.1774408606331267	0.1693668961524963	0.0665604032451599	0.185177757454545	0.1856830364493857	sub-22653	ses-2				space-ACPC			DSIStudio	autotrackgqi
Cerebellum_CerebellumR	rd1	DSIStudio	/scratch/executivefunction/SLURM_13244013_206/job-13244013-206-sub-22653-ses-2/ds/inputs/data/qsiprep/qsiprep/sub-22653/ses-2/dwi/sub-22653_ses-2_space-ACPC_desc-preproc_dwi.nii.gz	0.0124655399736305	0.6841949723927963	0.1944730461744369	0.6472394466400146	0.6928314910393373	0.6485699415206909	0.1797595849512534	0.6890572600749797	0.6909374326795223	sub-22653	ses-2				space-ACPC			DSIStudio	autotrackgqi
Cerebellum_CerebellumR	rd2	DSIStudio	/scratch/executivefunction/SLURM_13244013_206/job-13244013-206-sub-22653-ses-2/ds/inputs/data/qsiprep/qsiprep/sub-22653/ses-2/dwi/sub-22653_ses-2_space-ACPC_desc-preproc_dwi.nii.gz	0.0124655399736305	0.5641647592621388	0.1778960837559893	0.5418497920036316	0.5712861495963132	0.5433101058006287	0.1672666786816416	0.5719944308118046	0.5735551839361611	sub-22653	ses-2				space-ACPC			DSIStudio	autotrackgqi
Cerebellum_CerebellumR	rd	DSIStudio	/scratch/executivefunction/SLURM_13244013_206/job-13244013-206-sub-22653-ses-2/ds/inputs/data/qsiprep/qsiprep/sub-22653/ses-2/dwi/sub-22653_ses-2_space-ACPC_desc-preproc_dwi.nii.gz	0.0124655399736305	0.6241798658197651	0.1807534844263618	0.5898469686508179	0.6320588203100256	0.5908429026603699	0.1676432888772928	0.6305258452390397	0.6322463081029317	sub-22653	ses-2				space-ACPC			DSIStudio	autotrackgqi
Cerebellum_CerebellumR	txx	DSIStudio	/scratch/executivefunction/SLURM_13244013_206/job-13244013-206-sub-22653-ses-2/ds/inputs/data/qsiprep/qsiprep/sub-22653/ses-2/dwi/sub-22653_ses-2_space-ACPC_desc-preproc_dwi.nii.gz	0.0124655399736305	0.0007421244614738	0.00021005370734	0.0007117224740795	0.0007514922177541	0.000713693734724	0.0001940095829993	0.0007485343676404	0.0007505768304712	sub-22653	ses-2				space-ACPC			DSIStudio	autotrackgqi
Cerebellum_CerebellumR	txy	DSIStudio	/scratch/executivefunction/SLURM_13244013_206/job-13244013-206-sub-22653-ses-2/ds/inputs/data/qsiprep/qsiprep/sub-22653/ses-2/dwi/sub-22653_ses-2_space-ACPC_desc-preproc_dwi.nii.gz	0.0124655399736305	4.1697477450563295e-05	8.815547064421297e-05	6.1211314459797e-05	4.222382016871581e-05	6.21760482317768e-05	8.858476266431102e-05	4.428549491976354e-05	4.440633303166465e-05	sub-22653	ses-2				space-ACPC			DSIStudio	autotrackgqi
Cerebellum_CerebellumR	txz	DSIStudio	/scratch/executivefunction/SLURM_13244013_206/job-13244013-206-sub-22653-ses-2/ds/inputs/data/qsiprep/qsiprep/sub-22653/ses-2/dwi/sub-22653_ses-2_space-ACPC_desc-preproc_dwi.nii.gz	0.0124655399736305	2.352754700376767e-05	6.87942019108744e-05	2.66845145233674e-05	2.3824532668094875e-05	2.775795655907132e-05	6.917590837378076e-05	2.0825287761910557e-05	2.0882111998371773e-05	sub-22653	ses-2				space-ACPC			DSIStudio	autotrackgqi
Cerebellum_CerebellumR	tyy	DSIStudio	/scratch/executivefunction/SLURM_13244013_206/job-13244013-206-sub-22653-ses-2/ds/inputs/data/qsiprep/qsiprep/sub-22653/ses-2/dwi/sub-22653_ses-2_space-ACPC_desc-preproc_dwi.nii.gz	0.0124655399736305	0.0007533282802459	0.0002387497654474	0.0007089954451657	0.0007628374611108	0.000711050175596	0.0002246486461494	0.0007681715748945	0.0007702676201293	sub-22653	ses-2				space-ACPC			DSIStudio	autotrackgqi
Cerebellum_CerebellumR	tyz	DSIStudio	/scratch/executivefunction/SLURM_13244013_206/job-13244013-206-sub-22653-ses-2/ds/inputs/data/qsiprep/qsiprep/sub-22653/ses-2/dwi/sub-22653_ses-2_space-ACPC_desc-preproc_dwi.nii.gz	0.0124655399736305	4.29995174849498e-05	7.598171399803194e-05	4.720769356936216e-05	4.3542295712700106e-05	4.8147292545763776e-05	7.630505743643081e-05	5.050779943420271e-05	5.0645615822077496e-05	sub-22653	ses-2				space-ACPC			DSIStudio	autotrackgqi
Cerebellum_CerebellumR	tzz	DSIStudio	/scratch/executivefunction/SLURM_13244013_206/job-13244013-206-sub-22653-ses-2/ds/inputs/data/qsiprep/qsiprep/sub-22653/ses-2/dwi/sub-22653_ses-2_space-ACPC_desc-preproc_dwi.nii.gz	0.0124655399736305	0.0006634807959189	0.0001982826613	0.0006342697888612	0.000671855841771	0.0006360570550896	0.0001848931368461	0.0006635654907299	0.0006653761061087	sub-22653	ses-2				space-ACPC			DSIStudio	autotrackgqi
Cerebellum_CerebellumL	ad	DSIStudio	/scratch/executivefunction/SLURM_13244013_206/job-13244013-206-sub-22653-ses-2/ds/inputs/data/qsiprep/qsiprep/sub-22653/ses-2/dwi/sub-22653_ses-2_space-ACPC_desc-preproc_dwi.nii.gz	0.0150286259541984	0.9094984519743282	0.2786517374036354	0.8614116609096527	0.9233755172381652	0.8630255162715912	0.2569392493813145	0.9027916092478264	0.906174235392826	sub-22653	ses-2				space-ACPC			DSIStudio	autotrackgqi
Cerebellum_CerebellumL	dti_fa	DSIStudio	/scratch/executivefunction/SLURM_13244013_206/job-13244013-206-sub-22653-ses-2/ds/inputs/data/qsiprep/qsiprep/sub-22653/ses-2/dwi/sub-22653_ses-2_space-ACPC_desc-preproc_dwi.nii.gz	0.0150286259541984	0.2289448154495695	0.0931568315026069	0.2160733416676521	0.2324380398073614	0.2171472311019897	0.0894351627928545	0.2291715111753379	0.2300301828143233	sub-22653	ses-2				space-ACPC			DSIStudio	autotrackgqi
Cerebellum_CerebellumL	gfa	DSIStudio	/scratch/executivefunction/SLURM_13244013_206/job-13244013-206-sub-22653-ses-2/ds/inputs/data/qsiprep/qsiprep/sub-22653/ses-2/dwi/sub-22653_ses-2_space-ACPC_desc-preproc_dwi.nii.gz	0.0150286259541984	0.0420350438705467	0.0180161186061851	0.038823340088129	0.042676411699039	0.0390013251453638	0.0173827983847824	0.0422499181015665	0.0424082222740304	sub-22653	ses-2				space-ACPC			DSIStudio	autotrackgqi
Cerebellum_CerebellumL	ha	DSIStudio	/scratch/executivefunction/SLURM_13244013_206/job-13244013-206-sub-22653-ses-2/ds/inputs/data/qsiprep/qsiprep/sub-22653/ses-2/dwi/sub-22653_ses-2_space-ACPC_desc-preproc_dwi.nii.gz	0.0150286259541984	10.887584067894604	23.828550569983285	10.727558612823486	11.053706082008762	11.079463481903076	23.971378960280184	11.04865662262451	11.090054292819344	sub-22653	ses-2				space-ACPC			DSIStudio	autotrackgqi
Cerebellum_CerebellumL	iso	DSIStudio	/scratch/executivefunction/SLURM_13244013_206/job-13244013-206-sub-22653-ses-2/ds/inputs/data/qsiprep/qsiprep/sub-22653/ses-2/dwi/sub-22653_ses-2_space-ACPC_desc-preproc_dwi.nii.gz	0.0150286259541984	0.9498323234861102	0.2538521855629389	0.9879826009273528	0.964324800206775	0.991569310426712	0.2268230868716577	1.0133740232484332	1.017170985309623	sub-22653	ses-2				space-ACPC			DSIStudio	autotrackgqi
Cerebellum_CerebellumL	md	DSIStudio	/scratch/executivefunction/SLURM_13244013_206/job-13244013-206-sub-22653-ses-2/ds/inputs/data/qsiprep/qsiprep/sub-22653/ses-2/dwi/sub-22653_ses-2_space-ACPC_desc-preproc_dwi.nii.gz	0.0150286259541984	0.7261060550435666	0.2285753440507995	0.6868809461593628	0.7371849316402594	0.6881450116634369	0.2118411749805582	0.7212692558382084	0.7239717446559112	sub-22653	ses-2				space-ACPC			DSIStudio	autotrackgqi
Cerebellum_CerebellumL	qa	DSIStudio	/scratch/executivefunction/SLURM_13244013_206/job-13244013-206-sub-22653-ses-2/ds/inputs/data/qsiprep/qsiprep/sub-22653/ses-2/dwi/sub-22653_ses-2_space-ACPC_desc-preproc_dwi.nii.gz	0.0150286259541984	0.1661709522482046	0.0627604242170128	0.1615086272358894	0.1687063772885623	0.162424199283123	0.059759748132305	0.1754675287360707	0.176124979529596	sub-22653	ses-2				space-ACPC			DSIStudio	autotrackgqi
Cerebellum_CerebellumL	rd1	DSIStudio	/scratch/executivefunction/SLURM_13244013_206/job-13244013-206-sub-22653-ses-2/ds/inputs/data/qsiprep/qsiprep/sub-22653/ses-2/dwi/sub-22653_ses-2_space-ACPC_desc-preproc_dwi.nii.gz	0.0150286259541984	0.6890031736386755	0.2310019526231757	0.6518400311470032	0.6995159370049232	0.653140515089035	0.2163844931067617	0.6830609408514997	0.6856202687727846	sub-22653	ses-2				space-ACPC			DSIStudio	autotrackgqi
Cerebellum_CerebellumL	rd2	DSIStudio	/scratch/executivefunction/SLURM_13244013_206/job-13244013-206-sub-22653-ses-2/ds/inputs/data/qsiprep/qsiprep/sub-22653/ses-2/dwi/sub-22653_ses-2_space-ACPC_desc-preproc_dwi.nii.gz	0.0150286259541984	0.5798165384792894	0.207030559539998	0.5544394552707672	0.5886633396234393	0.5556475818157196	0.1957239005454451	0.5779552163605877	0.58012072874346	sub-22653	ses-2				space-ACPC			DSIStudio	autotrackgqi
Cerebellum_CerebellumL	rd	DSIStudio	/scratch/executivefunction/SLURM_13244013_206/job-13244013-206-sub-22653-ses-2/ds/inputs/data/qsiprep/qsiprep/sub-22653/ses-2/dwi/sub-22653_ses-2_space-ACPC_desc-preproc_dwi.nii.gz	0.0150286259541984	0.6344098559578966	0.2152212859635524	0.6000643372535706	0.6440896382115531	0.6012276411056519	0.2019710498056757	0.6305080782882745	0.6328704984391625	sub-22653	ses-2				space-ACPC			DSIStudio	autotrackgqi
Cerebellum_CerebellumL	txx	DSIStudio	/scratch/executivefunction/SLURM_13244013_206/job-13244013-206-sub-22653-ses-2/ds/inputs/data/qsiprep/qsiprep/sub-22653/ses-2/dwi/sub-22653_ses-2_space-ACPC_desc-preproc_dwi.nii.gz	0.0150286259541984	0.0007600196517375	0.0002437925444968	0.0007253444346133	0.0007716159796763	0.0007275071693584	0.0002267018857459	0.0007569106652904	0.0007597466971629	sub-22653	ses-2				space-ACPC			DSIStudio	autotrackgqi
Cerebellum_CerebellumL	txy	DSIStudio	/scratch/executivefunction/SLURM_13244013_206/job-13244013-206-sub-22653-ses-2/ds/inputs/data/qsiprep/qsiprep/sub-22653/ses-2/dwi/sub-22653_ses-2_space-ACPC_desc-preproc_dwi.nii.gz	0.0150286259541984	-4.800090082306438e-05	8.644689750251723e-05	-6.249534635571763e-05	-4.8733295289485554e-05	-6.387606117641553e-05	8.689877803506214e-05	-4.7192611696233886e-05	-4.736943541551943e-05	sub-22653	ses-2				space-ACPC			DSIStudio	autotrackgqi
Cerebellum_CerebellumL	txz	DSIStudio	/scratch/executivefunction/SLURM_13244013_206/job-13244013-206-sub-22653-ses-2/ds/inputs/data/qsiprep/qsiprep/sub-22653/ses-2/dwi/sub-22653_ses-2_space-ACPC_desc-preproc_dwi.nii.gz	0.0150286259541984	-1.6031453890671446e-05	6.893243727284979e-05	-1.5033907402539626e-05	-1.6276060719228553e-05	-1.5873703887336887e-05	6.942766376275338e-05	-1.3417911437648343e-05	-1.3468186258680468e-05	sub-22653	ses-2				space-ACPC			DSIStudio	autotrackgqi
Cerebellum_CerebellumL	tyy	DSIStudio	/scratch/executivefunction/SLURM_13244013_206/job-13244013-206-sub-22653-ses-2/ds/inputs/data/qsiprep/qsiprep/sub-22653/ses-2/dwi/sub-22653_ses-2_space-ACPC_desc-preproc_dwi.nii.gz	0.0150286259541984	0.0007461710255109	0.0002536412730206	0.0007088840065989	0.0007575560520565	0.0007117957284208	0.0002380980928081	0.0007485319291567	0.0007513365672374	sub-22653	ses-2				space-ACPC			DSIStudio	autotrackgqi
Cerebellum_CerebellumL	tyz	DSIStudio	/scratch/executivefunction/SLURM_13244013_206/job-13244013-206-sub-22653-ses-2/ds/inputs/data/qsiprep/qsiprep/sub-22653/ses-2/dwi/sub-22653_ses-2_space-ACPC_desc-preproc_dwi.nii.gz	0.0150286259541984	4.205701788969442e-05	7.371943407984729e-05	3.938370355172083e-05	4.269872099627004e-05	4.036464451928623e-05	7.40950411807198e-05	4.879312265767301e-05	4.8975943299020666e-05	sub-22653	ses-2				space-ACPC			DSIStudio	autotrackgqi
Cerebellum_CerebellumL	tzz	DSIStudio	/scratch/executivefunction/SLURM_13244013_206/job-13244013-206-sub-22653-ses-2/ds/inputs/data/qsiprep/qsiprep/sub-22653/ses-2/dwi/sub-22653_ses-2_space-ACPC_desc-preproc_dwi.nii.gz	0.0150286259541984	0.0006721274875632	0.0002409706711378	0.0006387242174241	0.0006823827628639	0.0006406522588804	0.0002279360030917	0.0006583651737506	0.0006608319702531	sub-22653	ses-2				space-ACPC			DSIStudio	autotrackgqi
Cerebellum_MiddleCerebellarPeduncle	ad	DSIStudio	/scratch/executivefunction/SLURM_13244013_206/job-13244013-206-sub-22653-ses-2/ds/inputs/data/qsiprep/qsiprep/sub-22653/ses-2/dwi/sub-22653_ses-2_space-ACPC_desc-preproc_dwi.nii.gz	0.0015492666804379	1.1353497130519667	0.5709668369571319	0.9453194737434388	1.1371114018588129	0.9458232522010804	0.5696540546306307	1.3223208031530438	1.3224585880543762	sub-22653	ses-2				space-ACPC			DSIStudio	autotrackgqi
Cerebellum_MiddleCerebellarPeduncle	dti_fa	DSIStudio	/scratch/executivefunction/SLURM_13244013_206/job-13244013-206-sub-22653-ses-2/ds/inputs/data/qsiprep/qsiprep/sub-22653/ses-2/dwi/sub-22653_ses-2_space-ACPC_desc-preproc_dwi.nii.gz	0.0015492666804379	0.3181864720082614	0.1586005695687725	0.2735181599855423	0.3186801926123913	0.2737530469894409	0.1582271551651815	0.387814965407434	0.3878553752800125	sub-22653	ses-2				space-ACPC			DSIStudio	autotrackgqi
Cerebellum_MiddleCerebellarPeduncle	gfa	DSIStudio	/scratch/executivefunction/SLURM_13244013_206/job-13244013-206-sub-22653-ses-2/ds/inputs/data/qsiprep/qsiprep/sub-22653/ses-2/dwi/sub-22653_ses-2_space-ACPC_desc-preproc_dwi.nii.gz	0.0015492666804379	0.0657972577340597	0.0352345977358317	0.0542739871889352	0.0658993534065549	0.0543037056922912	0.0351663930765466	0.0849136963400282	0.0849225442615743	sub-22653	ses-2				space-ACPC			DSIStudio	autotrackgqi
Cerebellum_MiddleCerebellarPeduncle	ha	DSIStudio	/scratch/executivefunction/SLURM_13244013_206/job-13244013-206-sub-22653-ses-2/ds/inputs/data/qsiprep/qsiprep/sub-22653/ses-2/dwi/sub-22653_ses-2_space-ACPC_desc-preproc_dwi.nii.gz	0.0015492666804379	0.1165242945828102	32.48692127677911	0.880817174911499	0.1167051019086344	0.934779703617096	32.512115683409874	-0.9058762284614748	-0.905970631646279	sub-22653	ses-2				space-ACPC			DSIStudio	autotrackgqi
Cerebellum_MiddleCerebellarPeduncle	iso	DSIStudio	/scratch/executivefunction/SLURM_13244013_206/job-13244013-206-sub-22653-ses-2/ds/inputs/data/qsiprep/qsiprep/sub-22653/ses-2/dwi/sub-22653_ses-2_space-ACPC_desc-preproc_dwi.nii.gz	0.0015492666804379	0.8303014186800197	0.235014588650228	0.8204655051231384	0.8315897730071327	0.8212645053863525	0.2329080854033861	0.7521505728528619	0.7522289462332339	sub-22653	ses-2				space-ACPC			DSIStudio	autotrackgqi
Cerebellum_MiddleCerebellarPeduncle	md	DSIStudio	/scratch/executivefunction/SLURM_13244013_206/job-13244013-206-sub-22653-ses-2/ds/inputs/data/qsiprep/qsiprep/sub-22653/ses-2/dwi/sub-22653_ses-2_space-ACPC_desc-preproc_dwi.nii.gz	0.0015492666804379	0.8466732796990313	0.4794695073866619	0.694011777639389	0.8479870377620793	0.694157063961029	0.4786790927457249	0.9381821554731584	0.9382799135082336	sub-22653	ses-2				space-ACPC			DSIStudio	autotrackgqi
Cerebellum_MiddleCerebellarPeduncle	qa	DSIStudio	/scratch/executivefunction/SLURM_13244013_206/job-13244013-206-sub-22653-ses-2/ds/inputs/data/qsiprep/qsiprep/sub-22653/ses-2/dwi/sub-22653_ses-2_space-ACPC_desc-preproc_dwi.nii.gz	0.0015492666804379	0.2255870358076926	0.1144681030697639	0.1958491653203964	0.225937072586126	0.1960550099611282	0.1142111719265568	0.2785351772113532	0.2785642002614521	sub-22653	ses-2				space-ACPC			DSIStudio	autotrackgqi
Cerebellum_MiddleCerebellarPeduncle	rd1	DSIStudio	/scratch/executivefunction/SLURM_13244013_206/job-13244013-206-sub-22653-ses-2/ds/inputs/data/qsiprep/qsiprep/sub-22653/ses-2/dwi/sub-22653_ses-2_space-ACPC_desc-preproc_dwi.nii.gz	0.0015492666804379	0.788254585695018	0.4755967383628999	0.6539024114608765	0.7894776971862175	0.6541709303855896	0.4749501175714961	0.8440067053887645	0.8440946504307506	sub-22653	ses-2				space-ACPC			DSIStudio	autotrackgqi
Cerebellum_MiddleCerebellarPeduncle	rd2	DSIStudio	/scratch/executivefunction/SLURM_13244013_206/job-13244013-206-sub-22653-ses-2/ds/inputs/data/qsiprep/qsiprep/sub-22653/ses-2/dwi/sub-22653_ses-2_space-ACPC_desc-preproc_dwi.nii.gz	0.0015492666804379	0.616415540829237	0.4437080566743307	0.5112291276454926	0.6173720147210792	0.5114478468894958	0.4433867694847787	0.648218960624873	0.6482865047870666	sub-22653	ses-2				space-ACPC			DSIStudio	autotrackgqi
Cerebellum_MiddleCerebellarPeduncle	rd	DSIStudio	/scratch/executivefunction/SLURM_13244013_206/job-13244013-206-sub-22653-ses-2/ds/inputs/data/qsiprep/qsiprep/sub-22653/ses-2/dwi/sub-22653_ses-2_space-ACPC_desc-preproc_dwi.nii.gz	0.0015492666804379	0.7023350632388011	0.4562606920391276	0.5787797272205353	0.7034248559302858	0.5789180994033813	0.4557743400351546	0.7461128327394299	0.7461905773414916	sub-22653	ses-2				space-ACPC			DSIStudio	autotrackgqi
Cerebellum_MiddleCerebellarPeduncle	txx	DSIStudio	/scratch/executivefunction/SLURM_13244013_206/job-13244013-206-sub-22653-ses-2/ds/inputs/data/qsiprep/qsiprep/sub-22653/ses-2/dwi/sub-22653_ses-2_space-ACPC_desc-preproc_dwi.nii.gz	0.0015492666804379	0.0008541014361416	0.0005065309860561	0.000711567379767	0.0008554267202569	0.0007118601351976	0.0005058043833071	0.000921726770026	0.000921822813481	sub-22653	ses-2				space-ACPC			DSIStudio	autotrackgqi
Cerebellum_MiddleCerebellarPeduncle	txy	DSIStudio	/scratch/executivefunction/SLURM_13244013_206/job-13244013-206-sub-22653-ses-2/ds/inputs/data/qsiprep/qsiprep/sub-22653/ses-2/dwi/sub-22653_ses-2_space-ACPC_desc-preproc_dwi.nii.gz	0.0015492666804379	4.540729041759456e-06	0.0001488383141212	-1.2461236451599689e-06	4.5477747576616375e-06	-1.5582340893161015e-06	0.000148953635824	2.926094522709457e-06	2.9263995000693143e-06	sub-22653	ses-2				space-ACPC			DSIStudio	autotrackgqi
Cerebellum_MiddleCerebellarPeduncle	txz	DSIStudio	/scratch/executivefunction/SLURM_13244013_206/job-13244013-206-sub-22653-ses-2/ds/inputs/data/qsiprep/qsiprep/sub-22653/ses-2/dwi/sub-22653_ses-2_space-ACPC_desc-preproc_dwi.nii.gz	0.0015492666804379	-2.396365524125601e-07	9.777351002382496e-05	-2.8611536606604204e-07	-2.400083894133037e-07	-4.482049860143889e-07	9.784933630671604e-05	3.802336657850434e-06	3.8027328979385975e-06	sub-22653	ses-2				space-ACPC			DSIStudio	autotrackgqi
Cerebellum_MiddleCerebellarPeduncle	tyy	DSIStudio	/scratch/executivefunction/SLURM_13244013_206/job-13244013-206-sub-22653-ses-2/ds/inputs/data/qsiprep/qsiprep/sub-22653/ses-2/dwi/sub-22653_ses-2_space-ACPC_desc-preproc_dwi.nii.gz	0.0015492666804379	0.0009030078324737	0.0005232449903042	0.0007421087648253	0.0009044090032079	0.0007425066432915	0.0005224393870027	0.0010740271117493	0.0010741390245656	sub-22653	ses-2				space-ACPC			DSIStudio	autotrackgqi
Cerebellum_MiddleCerebellarPeduncle	tyz	DSIStudio	/scratch/executivefunction/SLURM_13244013_206/job-13244013-206-sub-22653-ses-2/ds/inputs/data/qsiprep/qsiprep/sub-22653/ses-2/dwi/sub-22653_ses-2_space-ACPC_desc-preproc_dwi.nii.gz	0.0015492666804379	3.4227109368184535e-05	0.0001347154713019	3.334790926601272e-05	3.4280218568611015e-05	3.352469138917513e-05	0.0001348131956909	5.468544214095479e-05	5.4691140333325766e-05	sub-22653	ses-2				space-ACPC			DSIStudio	autotrackgqi
Cerebellum_MiddleCerebellarPeduncle	tzz	DSIStudio	/scratch/executivefunction/SLURM_13244013_206/job-13244013-206-sub-22653-ses-2/ds/inputs/data/qsiprep/qsiprep/sub-22653/ses-2/dwi/sub-22653_ses-2_space-ACPC_desc-preproc_dwi.nii.gz	0.0015492666804379	0.0007829105715057	0.0004990775648856	0.0006426179024856	0.0007841253908471	0.0006429495988413	0.0004985101129808	0.0008187925871252	0.0008188779049594	sub-22653	ses-2				space-ACPC			DSIStudio	autotrackgqi
Cerebellum_InferiorCerebellarPeduncleR	ad	DSIStudio	/scratch/executivefunction/SLURM_13244013_206/job-13244013-206-sub-22653-ses-2/ds/inputs/data/qsiprep/qsiprep/sub-22653/ses-2/dwi/sub-22653_ses-2_space-ACPC_desc-preproc_dwi.nii.gz	0.0066162570888468	1.1062825079995575	0.5423773793340317	0.9470198154449464	1.1136507073868052	0.948620617389679	0.5365882126685961	1.168871437156529	1.174312950660012	sub-22653	ses-2				space-ACPC			DSIStudio	autotrackgqi
Cerebellum_InferiorCerebellarPeduncleR	dti_fa	DSIStudio	/scratch/executivefunction/SLURM_13244013_206/job-13244013-206-sub-22653-ses-2/ds/inputs/data/qsiprep/qsiprep/sub-22653/ses-2/dwi/sub-22653_ses-2_space-ACPC_desc-preproc_dwi.nii.gz	0.0066162570888468	0.2916982201110394	0.1509347093569946	0.2519630938768387	0.2936410246217695	0.2537625432014465	0.1495410649932091	0.3656447446099776	0.3673469511486528	sub-22653	ses-2				space-ACPC			DSIStudio	autotrackgqi
Cerebellum_InferiorCerebellarPeduncleR	gfa	DSIStudio	/scratch/executivefunction/SLURM_13244013_206/job-13244013-206-sub-22653-ses-2/ds/inputs/data/qsiprep/qsiprep/sub-22653/ses-2/dwi/sub-22653_ses-2_space-ACPC_desc-preproc_dwi.nii.gz	0.0069313169502205	0.058287746985704	0.0322660160595192	0.0483144223690032	0.058694577707051	0.048593821004033	0.03200755483493	0.0747195116825481	0.0750705851217937	sub-22653	ses-2				space-ACPC			DSIStudio	autotrackgqi
Cerebellum_InferiorCerebellarPeduncleR	ha	DSIStudio	/scratch/executivefunction/SLURM_13244013_206/job-13244013-206-sub-22653-ses-2/ds/inputs/data/qsiprep/qsiprep/sub-22653/ses-2/dwi/sub-22653_ses-2_space-ACPC_desc-preproc_dwi.nii.gz	0.0066162570888468	-7.638812641292621	41.12778580545333	-12.340603828430176	-7.689689604650422	-12.53493309020996	41.25977992598357	-7.509454309961438	-7.544413544907008	sub-22653	ses-2				space-ACPC			DSIStudio	autotrackgqi
Cerebellum_InferiorCerebellarPeduncleR	iso	DSIStudio	/scratch/executivefunction/SLURM_13244013_206/job-13244013-206-sub-22653-ses-2/ds/inputs/data/qsiprep/qsiprep/sub-22653/ses-2/dwi/sub-22653_ses-2_space-ACPC_desc-preproc_dwi.nii.gz	0.0066162570888468	0.8377363964381366	0.2268880920084392	0.8383059501647949	0.8433159918473345	0.840496301651001	0.2170615253005812	0.7962613412938028	0.7999682214668611	sub-22653	ses-2				space-ACPC			DSIStudio	autotrackgqi
Cerebellum_InferiorCerebellarPeduncleR	md	DSIStudio	/scratch/executivefunction/SLURM_13244013_206/job-13244013-206-sub-22653-ses-2/ds/inputs/data/qsiprep/qsiprep/sub-22653/ses-2/dwi/sub-22653_ses-2_space-ACPC_desc-preproc_dwi.nii.gz	0.0066162570888468	0.843010108436739	0.4627338249232883	0.711948812007904	0.8486248284739009	0.7134551405906677	0.4591121079172326	0.8291540781438352	0.8330140861925914	sub-22653	ses-2				space-ACPC			DSIStudio	autotrackgqi
Cerebellum_InferiorCerebellarPeduncleR	qa	DSIStudio	/scratch/executivefunction/SLURM_13244013_206/job-13244013-206-sub-22653-ses-2/ds/inputs/data/qsiprep/qsiprep/sub-22653/ses-2/dwi/sub-22653_ses-2_space-ACPC_desc-preproc_dwi.nii.gz	0.0069313169502205	0.2038397279099054	0.1100587925360346	0.1762180551886558	0.2052624671275507	0.176716037094593	0.1091120867242599	0.2604195374868935	0.2616431319307058	sub-22653	ses-2				space-ACPC			DSIStudio	autotrackgqi
Cerebellum_InferiorCerebellarPeduncleR	rd1	DSIStudio	/scratch/executivefunction/SLURM_13244013_206/job-13244013-206-sub-22653-ses-2/ds/inputs/data/qsiprep/qsiprep/sub-22653/ses-2/dwi/sub-22653_ses-2_space-ACPC_desc-preproc_dwi.nii.gz	0.0066162570888468	0.7904678632815679	0.4630447165680476	0.6743994951248169	0.7957326349685051	0.6752039194107056	0.4600533681913979	0.7472359217229153	0.7507145715057836	sub-22653	ses-2				space-ACPC			DSIStudio	autotrackgqi
Cerebellum_InferiorCerebellarPeduncleR	rd2	DSIStudio	/scratch/executivefunction/SLURM_13244013_206/job-13244013-206-sub-22653-ses-2/ds/inputs/data/qsiprep/qsiprep/sub-22653/ses-2/dwi/sub-22653_ses-2_space-ACPC_desc-preproc_dwi.nii.gz	0.0066162570888468	0.6322799557896253	0.4307688365256734	0.531705230474472	0.6364911448386522	0.5325405597686768	0.4290889273065825	0.5713548825336292	0.5740147434260479	sub-22653	ses-2				space-ACPC			DSIStudio	autotrackgqi
Cerebellum_InferiorCerebellarPeduncleR	rd	DSIStudio	/scratch/executivefunction/SLURM_13244013_206/job-13244013-206-sub-22653-ses-2/ds/inputs/data/qsiprep/qsiprep/sub-22653/ses-2/dwi/sub-22653_ses-2_space-ACPC_desc-preproc_dwi.nii.gz	0.0066162570888468	0.7113739095097754	0.4441104030567199	0.5967970788478851	0.7161118898775856	0.5971706509590149	0.4417632494979532	0.659295401625599	0.6623646569609024	sub-22653	ses-2				space-ACPC			DSIStudio	autotrackgqi
Cerebellum_InferiorCerebellarPeduncleR	txx	DSIStudio	/scratch/executivefunction/SLURM_13244013_206/job-13244013-206-sub-22653-ses-2/ds/inputs/data/qsiprep/qsiprep/sub-22653/ses-2/dwi/sub-22653_ses-2_space-ACPC_desc-preproc_dwi.nii.gz	0.0066162570888468	0.0007985731041167	0.000490039667329	0.0006796210363972	0.0008038918593297	0.00068049156107	0.0004873013176002	0.0007473381499849	0.0007508172757411	sub-22653	ses-2				space-ACPC			DSIStudio	autotrackgqi
Cerebellum_InferiorCerebellarPeduncleR	txy	DSIStudio	/scratch/executivefunction/SLURM_13244013_206/job-13244013-206-sub-22653-ses-2/ds/inputs/data/qsiprep/qsiprep/sub-22653/ses-2/dwi/sub-22653_ses-2_space-ACPC_desc-preproc_dwi.nii.gz	0.0066162570888468	1.862496819553074e-06	0.0001127330523471	9.659117949922802e-06	1.874901650891677e-06	1.0053626283479389e-05	0.0001131077458029	6.384410200985723e-06	6.414131991435003e-06	sub-22653	ses-2				space-ACPC			DSIStudio	autotrackgqi
Cerebellum_InferiorCerebellarPeduncleR	txz	DSIStudio	/scratch/executivefunction/SLURM_13244013_206/job-13244013-206-sub-22653-ses-2/ds/inputs/data/qsiprep/qsiprep/sub-22653/ses-2/dwi/sub-22653_ses-2_space-ACPC_desc-preproc_dwi.nii.gz	0.0066162570888468	1.6818537437894973e-05	9.728756077619092e-05	2.6121721020899716e-05	1.693055433805222e-05	2.671773108886555e-05	9.760129131427308e-05	1.2718622713687783e-05	1.2777832428755158e-05	sub-22653	ses-2				space-ACPC			DSIStudio	autotrackgqi
Cerebellum_InferiorCerebellarPeduncleR	tyy	DSIStudio	/scratch/executivefunction/SLURM_13244013_206/job-13244013-206-sub-22653-ses-2/ds/inputs/data/qsiprep/qsiprep/sub-22653/ses-2/dwi/sub-22653_ses-2_space-ACPC_desc-preproc_dwi.nii.gz	0.0066162570888468	0.0008783608529538	0.0004919408227299	0.0007345564372371	0.0008842110203855	0.0007370408857241	0.0004883081274071	0.0008734599543857	0.0008775262221829	sub-22653	ses-2				space-ACPC			DSIStudio	autotrackgqi
Cerebellum_InferiorCerebellarPeduncleR	tyz	DSIStudio	/scratch/executivefunction/SLURM_13244013_206/job-13244013-206-sub-22653-ses-2/ds/inputs/data/qsiprep/qsiprep/sub-22653/ses-2/dwi/sub-22653_ses-2_space-ACPC_desc-preproc_dwi.nii.gz	0.0066162570888468	3.629681580451843e-05	0.0001350236471941	3.077931251027621e-05	3.653856433984824e-05	3.178872066200711e-05	0.0001354399464012	6.467305955463394e-05	6.497413587825361e-05	sub-22653	ses-2				space-ACPC			DSIStudio	autotrackgqi
Cerebellum_InferiorCerebellarPeduncleR	tzz	DSIStudio	/scratch/executivefunction/SLURM_13244013_206/job-13244013-206-sub-22653-ses-2/ds/inputs/data/qsiprep/qsiprep/sub-22653/ses-2/dwi/sub-22653_ses-2_space-ACPC_desc-preproc_dwi.nii.gz	0.0066162570888468	0.0008520963703915	0.000491076937387	0.0007216497615445	0.0008577716078727	0.0007233778014779	0.0004877444838722	0.0008666641379908	0.0008706987686205	sub-22653	ses-2				space-ACPC			DSIStudio	autotrackgqi
Cerebellum_SuperiorCerebellarPeduncle	ad	DSIStudio	/scratch/executivefunction/SLURM_13244013_206/job-13244013-206-sub-22653-ses-2/ds/inputs/data/qsiprep/qsiprep/sub-22653/ses-2/dwi/sub-22653_ses-2_space-ACPC_desc-preproc_dwi.nii.gz	0.0	1.2959063681030274	0.6398088313578693	1.0581294298171997	1.2959063681030274	1.0581294298171997	0.6398088313578693	1.4873402775830646	1.4873402775830646	sub-22653	ses-2				space-ACPC			DSIStudio	autotrackgqi
Cerebellum_SuperiorCerebellarPeduncle	dti_fa	DSIStudio	/scratch/executivefunction/SLURM_13244013_206/job-13244013-206-sub-22653-ses-2/ds/inputs/data/qsiprep/qsiprep/sub-22653/ses-2/dwi/sub-22653_ses-2_space-ACPC_desc-preproc_dwi.nii.gz	0.0	0.3155002435088158	0.1500048754722477	0.2857674062252044	0.3155002435088158	0.2857674062252044	0.1500048754722477	0.3873264234093628	0.3873264234093628	sub-22653	ses-2				space-ACPC			DSIStudio	autotrackgqi
Cerebellum_SuperiorCerebellarPeduncle	gfa	DSIStudio	/scratch/executivefunction/SLURM_13244013_206/job-13244013-206-sub-22653-ses-2/ds/inputs/data/qsiprep/qsiprep/sub-22653/ses-2/dwi/sub-22653_ses-2_space-ACPC_desc-preproc_dwi.nii.gz	0.0	0.0702319366246461	0.034641011514437	0.0626007467508316	0.0702319366246461	0.0626007467508316	0.034641011514437	0.094605943575677	0.094605943575677	sub-22653	ses-2				space-ACPC			DSIStudio	autotrackgqi
Cerebellum_SuperiorCerebellarPeduncle	ha	DSIStudio	/scratch/executivefunction/SLURM_13244013_206/job-13244013-206-sub-22653-ses-2/ds/inputs/data/qsiprep/qsiprep/sub-22653/ses-2/dwi/sub-22653_ses-2_space-ACPC_desc-preproc_dwi.nii.gz	0.0	-1.9141046583604813	40.93509554233679	-2.486482858657837	-1.9141046583604813	-2.486482858657837	40.93509554233679	-4.702039252168902	-4.702039252168902	sub-22653	ses-2				space-ACPC			DSIStudio	autotrackgqi
Cerebellum_SuperiorCerebellarPeduncle	iso	DSIStudio	/scratch/executivefunction/SLURM_13244013_206/job-13244013-206-sub-22653-ses-2/ds/inputs/data/qsiprep/qsiprep/sub-22653/ses-2/dwi/sub-22653_ses-2_space-ACPC_desc-preproc_dwi.nii.gz	0.0	0.7138499774074555	0.154002689287456	0.7200645804405212	0.7138499774074555	0.7200645804405212	0.154002689287456	0.6836517044739354	0.6836517044739354	sub-22653	ses-2				space-ACPC			DSIStudio	autotrackgqi
Cerebellum_SuperiorCerebellarPeduncle	md	DSIStudio	/scratch/executivefunction/SLURM_13244013_206/job-13244013-206-sub-22653-ses-2/ds/inputs/data/qsiprep/qsiprep/sub-22653/ses-2/dwi/sub-22653_ses-2_space-ACPC_desc-preproc_dwi.nii.gz	0.0	0.978566277551651	0.5621431691676207	0.7638621926307678	0.978566277551651	0.7638621926307678	0.5621431691676207	1.0430835052113423	1.0430835052113423	sub-22653	ses-2				space-ACPC			DSIStudio	autotrackgqi
Cerebellum_SuperiorCerebellarPeduncle	qa	DSIStudio	/scratch/executivefunction/SLURM_13244013_206/job-13244013-206-sub-22653-ses-2/ds/inputs/data/qsiprep/qsiprep/sub-22653/ses-2/dwi/sub-22653_ses-2_space-ACPC_desc-preproc_dwi.nii.gz	0.0	0.2217416103994846	0.126191574966185	0.1861864477396011	0.2217416103994846	0.1861864477396011	0.126191574966185	0.3052038170756327	0.3052038170756327	sub-22653	ses-2				space-ACPC			DSIStudio	autotrackgqi
Cerebellum_SuperiorCerebellarPeduncle	rd1	DSIStudio	/scratch/executivefunction/SLURM_13244013_206/job-13244013-206-sub-22653-ses-2/ds/inputs/data/qsiprep/qsiprep/sub-22653/ses-2/dwi/sub-22653_ses-2_space-ACPC_desc-preproc_dwi.nii.gz	0.0	0.9126597854661942	0.567247868330652	0.7195257544517517	0.9126597854661942	0.7195257544517517	0.567247868330652	0.91484526235898	0.91484526235898	sub-22653	ses-2				space-ACPC			DSIStudio	autotrackgqi
Cerebellum_SuperiorCerebellarPeduncle	rd2	DSIStudio	/scratch/executivefunction/SLURM_13244013_206/job-13244013-206-sub-22653-ses-2/ds/inputs/data/qsiprep/qsiprep/sub-22653/ses-2/dwi/sub-22653_ses-2_space-ACPC_desc-preproc_dwi.nii.gz	0.0	0.7271326804208755	0.5278701384293355	0.5493672490119934	0.7271326804208755	0.5493672490119934	0.5278701384293355	0.727064968285998	0.727064968285998	sub-22653	ses-2				space-ACPC			DSIStudio	autotrackgqi
Cerebellum_SuperiorCerebellarPeduncle	rd	DSIStudio	/scratch/executivefunction/SLURM_13244013_206/job-13244013-206-sub-22653-ses-2/ds/inputs/data/qsiprep/qsiprep/sub-22653/ses-2/dwi/sub-22653_ses-2_space-ACPC_desc-preproc_dwi.nii.gz	0.0	0.8198962328672409	0.5447153905938433	0.6302562952041626	0.8198962328672409	0.6302562952041626	0.5447153905938433	0.8209551143732958	0.8209551143732958	sub-22653	ses-2				space-ACPC			DSIStudio	autotrackgqi
Cerebellum_SuperiorCerebellarPeduncle	txx	DSIStudio	/scratch/executivefunction/SLURM_13244013_206/job-13244013-206-sub-22653-ses-2/ds/inputs/data/qsiprep/qsiprep/sub-22653/ses-2/dwi/sub-22653_ses-2_space-ACPC_desc-preproc_dwi.nii.gz	0.0	0.0008754517048504	0.0005541387547255	0.0007048252155072	0.0008754517048504	0.0007048252155072	0.0005541387547255	0.0008485883311381	0.0008485883311381	sub-22653	ses-2				space-ACPC			DSIStudio	autotrackgqi
Cerebellum_SuperiorCerebellarPeduncle	txy	DSIStudio	/scratch/executivefunction/SLURM_13244013_206/job-13244013-206-sub-22653-ses-2/ds/inputs/data/qsiprep/qsiprep/sub-22653/ses-2/dwi/sub-22653_ses-2_space-ACPC_desc-preproc_dwi.nii.gz	0.0	-7.71343733746463e-06	0.0001144045376851	-4.864321908826241e-06	-7.71343733746463e-06	-4.864321908826241e-06	0.0001144045376851	-1.3869366428063787e-06	-1.3869366428063787e-06	sub-22653	ses-2				space-ACPC			DSIStudio	autotrackgqi
Cerebellum_SuperiorCerebellarPeduncle	txz	DSIStudio	/scratch/executivefunction/SLURM_13244013_206/job-13244013-206-sub-22653-ses-2/ds/inputs/data/qsiprep/qsiprep/sub-22653/ses-2/dwi/sub-22653_ses-2_space-ACPC_desc-preproc_dwi.nii.gz	0.0	-4.59361179074449e-07	0.0001027471084117	4.547504204310826e-07	-4.59361179074449e-07	4.547504204310826e-07	0.0001027471084117	-6.134409592056894e-06	-6.134409592056894e-06	sub-22653	ses-2				space-ACPC			DSIStudio	autotrackgqi
Cerebellum_SuperiorCerebellarPeduncle	tyy	DSIStudio	/scratch/executivefunction/SLURM_13244013_206/job-13244013-206-sub-22653-ses-2/ds/inputs/data/qsiprep/qsiprep/sub-22653/ses-2/dwi/sub-22653_ses-2_space-ACPC_desc-preproc_dwi.nii.gz	0.0	0.001051881005112	0.0005911758835741	0.0008559160633012	0.001051881005112	0.0008559160633012	0.0005911758835741	0.0012060983960943	0.0012060983960943	sub-22653	ses-2				space-ACPC			DSIStudio	autotrackgqi
Cerebellum_SuperiorCerebellarPeduncle	tyz	DSIStudio	/scratch/executivefunction/SLURM_13244013_206/job-13244013-206-sub-22653-ses-2/ds/inputs/data/qsiprep/qsiprep/sub-22653/ses-2/dwi/sub-22653_ses-2_space-ACPC_desc-preproc_dwi.nii.gz	0.0	-7.079076762206427e-05	0.0001824062123102	-3.695309715112671e-05	-7.079076762206427e-05	-3.695309715112671e-05	0.0001824062123102	-0.0001921462740876	-0.0001921462740876	sub-22653	ses-2				space-ACPC			DSIStudio	autotrackgqi
Cerebellum_SuperiorCerebellarPeduncle	tzz	DSIStudio	/scratch/executivefunction/SLURM_13244013_206/job-13244013-206-sub-22653-ses-2/ds/inputs/data/qsiprep/qsiprep/sub-22653/ses-2/dwi/sub-22653_ses-2_space-ACPC_desc-preproc_dwi.nii.gz	0.0	0.0010083661243412	0.0006169346551959	0.0007984221447259	0.0010083661243412	0.0007984221447259	0.0006169346551959	0.0010745637808842	0.0010745637808842	sub-22653	ses-2				space-ACPC			DSIStudio	autotrackgqi
Cerebellum_Vermis	ad	DSIStudio	/scratch/executivefunction/SLURM_13244013_206/job-13244013-206-sub-22653-ses-2/ds/inputs/data/qsiprep/qsiprep/sub-22653/ses-2/dwi/sub-22653_ses-2_space-ACPC_desc-preproc_dwi.nii.gz	0.009420438255171	0.8585649078531439	0.2120804914262608	0.8222975730895996	0.8667298832017576	0.8234652280807495	0.1957780630830672	0.8545881335058662	0.8562143421072151	sub-22653	ses-2				space-ACPC			DSIStudio	autotrackgqi
Cerebellum_Vermis	dti_fa	DSIStudio	/scratch/executivefunction/SLURM_13244013_206/job-13244013-206-sub-22653-ses-2/ds/inputs/data/qsiprep/qsiprep/sub-22653/ses-2/dwi/sub-22653_ses-2_space-ACPC_desc-preproc_dwi.nii.gz	0.009420438255171	0.2267086867330023	0.0789558488076348	0.2191851735115051	0.2288646924368927	0.2197363376617431	0.0761569316215352	0.2255927983507222	0.2260220822731959	sub-22653	ses-2				space-ACPC			DSIStudio	autotrackgqi
Cerebellum_Vermis	gfa	DSIStudio	/scratch/executivefunction/SLURM_13244013_206/job-13244013-206-sub-22653-ses-2/ds/inputs/data/qsiprep/qsiprep/sub-22653/ses-2/dwi/sub-22653_ses-2_space-ACPC_desc-preproc_dwi.nii.gz	0.009010853983207	0.0389042781736812	0.0132508373771327	0.0377385392785072	0.0392580265183065	0.0378636084496974	0.0127786456102796	0.0387477294947097	0.0388099073651371	sub-22653	ses-2				space-ACPC			DSIStudio	autotrackgqi
Cerebellum_Vermis	ha	DSIStudio	/scratch/executivefunction/SLURM_13244013_206/job-13244013-206-sub-22653-ses-2/ds/inputs/data/qsiprep/qsiprep/sub-22653/ses-2/dwi/sub-22653_ses-2_space-ACPC_desc-preproc_dwi.nii.gz	0.009420438255171	-0.2374978105553996	35.071525730794896	0.0	-0.2397564211168112	0.1014658063650131	35.23788901110437	1.6427838225496645	1.6459099066544762	sub-22653	ses-2				space-ACPC			DSIStudio	autotrackgqi
Cerebellum_Vermis	iso	DSIStudio	/scratch/executivefunction/SLURM_13244013_206/job-13244013-206-sub-22653-ses-2/ds/inputs/data/qsiprep/qsiprep/sub-22653/ses-2/dwi/sub-22653_ses-2_space-ACPC_desc-preproc_dwi.nii.gz	0.008601269711243	0.8912988947812978	0.2376412766690102	0.9465690851211548	0.8990317089892743	0.947693645954132	0.2236320375039263	0.9330615532978084	0.9342614828842516	sub-22653	ses-2				space-ACPC			DSIStudio	autotrackgqi
Cerebellum_Vermis	md	DSIStudio	/scratch/executivefunction/SLURM_13244013_206/job-13244013-206-sub-22653-ses-2/ds/inputs/data/qsiprep/qsiprep/sub-22653/ses-2/dwi/sub-22653_ses-2_space-ACPC_desc-preproc_dwi.nii.gz	0.009420438255171	0.6902105919154677	0.170626845015822	0.6616336107254028	0.6967745131947961	0.6625818610191345	0.1575335441927939	0.6874418321916833	0.6887499756105069	sub-22653	ses-2				space-ACPC			DSIStudio	autotrackgqi
Cerebellum_Vermis	qa	DSIStudio	/scratch/executivefunction/SLURM_13244013_206/job-13244013-206-sub-22653-ses-2/ds/inputs/data/qsiprep/qsiprep/sub-22653/ses-2/dwi/sub-22653_ses-2_space-ACPC_desc-preproc_dwi.nii.gz	0.009010853983207	0.1466600742306094	0.0519054610247101	0.1489358246326446	0.147993623159344	0.1493045538663864	0.0502127247336387	0.1523292026298514	0.1525736428920404	sub-22653	ses-2				space-ACPC			DSIStudio	autotrackgqi
Cerebellum_Vermis	rd1	DSIStudio	/scratch/executivefunction/SLURM_13244013_206/job-13244013-206-sub-22653-ses-2/ds/inputs/data/qsiprep/qsiprep/sub-22653/ses-2/dwi/sub-22653_ses-2_space-ACPC_desc-preproc_dwi.nii.gz	0.009420438255171	0.6641432159495798	0.1715795851506902	0.6362479329109192	0.6704592357828816	0.6370958685874939	0.15963987960408	0.6602109961295964	0.6614673216053724	sub-22653	ses-2				space-ACPC			DSIStudio	autotrackgqi
Cerebellum_Vermis	rd2	DSIStudio	/scratch/executivefunction/SLURM_13244013_206/job-13244013-206-sub-22653-ses-2/ds/inputs/data/qsiprep/qsiprep/sub-22653/ses-2/dwi/sub-22653_ses-2_space-ACPC_desc-preproc_dwi.nii.gz	0.009420438255171	0.5479236504056525	0.1569419250612517	0.5326038002967834	0.5531344190470956	0.5330626964569092	0.1482658140665455	0.5475263675967768	0.5485682637773731	sub-22653	ses-2				space-ACPC			DSIStudio	autotrackgqi
Cerebellum_Vermis	rd	DSIStudio	/scratch/executivefunction/SLURM_13244013_206/job-13244013-206-sub-22653-ses-2/ds/inputs/data/qsiprep/qsiprep/sub-22653/ses-2/dwi/sub-22653_ses-2_space-ACPC_desc-preproc_dwi.nii.gz	0.009420438255171	0.6060334333637662	0.1594932630080341	0.5820591449737549	0.611796827602909	0.5824766159057617	0.1488421702908237	0.6038686816943718	0.6050177925222366	sub-22653	ses-2				space-ACPC			DSIStudio	autotrackgqi
Cerebellum_Vermis	txx	DSIStudio	/scratch/executivefunction/SLURM_13244013_206/job-13244013-206-sub-22653-ses-2/ds/inputs/data/qsiprep/qsiprep/sub-22653/ses-2/dwi/sub-22653_ses-2_space-ACPC_desc-preproc_dwi.nii.gz	0.009420438255171	0.0006963063646519	0.0001805620399524	0.0006742353434674	0.0007029282568938	0.0006750853499397	0.0001681011218915	0.0006931305493918	0.0006944495180026	sub-22653	ses-2				space-ACPC			DSIStudio	autotrackgqi
Cerebellum_Vermis	txy	DSIStudio	/scratch/executivefunction/SLURM_13244013_206/job-13244013-206-sub-22653-ses-2/ds/inputs/data/qsiprep/qsiprep/sub-22653/ses-2/dwi/sub-22653_ses-2_space-ACPC_desc-preproc_dwi.nii.gz	0.009420438255171	1.7667297419616573e-05	9.036184408250831e-05	2.8365519028739072e-05	1.7835313892906287e-05	2.970252899103798e-05	9.077399467225048e-05	3.873264431524032e-05	3.880634925719971e-05	sub-22653	ses-2				space-ACPC			DSIStudio	autotrackgqi
Cerebellum_Vermis	txz	DSIStudio	/scratch/executivefunction/SLURM_13244013_206/job-13244013-206-sub-22653-ses-2/ds/inputs/data/qsiprep/qsiprep/sub-22653/ses-2/dwi/sub-22653_ses-2_space-ACPC_desc-preproc_dwi.nii.gz	0.009420438255171	-7.149816742136366e-06	6.434052730356976e-05	-2.7435801257524872e-06	-7.217811691513723e-06	-3.4296510875719832e-06	6.464194744950735e-05	-1.3184754756065345e-06	-1.3209844799662855e-06	sub-22653	ses-2				space-ACPC			DSIStudio	autotrackgqi
Cerebellum_Vermis	tyy	DSIStudio	/scratch/executivefunction/SLURM_13244013_206/job-13244013-206-sub-22653-ses-2/ds/inputs/data/qsiprep/qsiprep/sub-22653/ses-2/dwi/sub-22653_ses-2_space-ACPC_desc-preproc_dwi.nii.gz	0.009420438255171	0.0006942466385667	0.0001952228032083	0.0006695490446873	0.0007008489427582	0.0006714225746691	0.0001839760054501	0.0006897857686415	0.0006910983724325	sub-22653	ses-2				space-ACPC			DSIStudio	autotrackgqi
Cerebellum_Vermis	tyz	DSIStudio	/scratch/executivefunction/SLURM_13244013_206/job-13244013-206-sub-22653-ses-2/ds/inputs/data/qsiprep/qsiprep/sub-22653/ses-2/dwi/sub-22653_ses-2_space-ACPC_desc-preproc_dwi.nii.gz	0.009420438255171	3.719480024169046e-06	7.546347871909032e-05	-7.851703571759572e-07	3.754852379164244e-06	-1.4923116395948457e-06	7.58205836216514e-05	3.850903472968017e-06	3.858231375961233e-06	sub-22653	ses-2				space-ACPC			DSIStudio	autotrackgqi
Cerebellum_Vermis	tzz	DSIStudio	/scratch/executivefunction/SLURM_13244013_206/job-13244013-206-sub-22653-ses-2/ds/inputs/data/qsiprep/qsiprep/sub-22653/ses-2/dwi/sub-22653_ses-2_space-ACPC_desc-preproc_dwi.nii.gz	0.009420438255171	0.0006800787717811	0.0002017236682488	0.0006356697413139	0.0006865463391787	0.0006370325572788	0.0001914135308534	0.000679409179083	0.0006807020369386	sub-22653	ses-2				space-ACPC			DSIStudio	autotrackgqi
CranialNerve_CNVIIR	ad	DSIStudio	/scratch/executivefunction/SLURM_13244013_206/job-13244013-206-sub-22653-ses-2/ds/inputs/data/qsiprep/qsiprep/sub-22653/ses-2/dwi/sub-22653_ses-2_space-ACPC_desc-preproc_dwi.nii.gz	0.0	1.2763669714331627	0.5041332164010266	1.1239832639694214	1.2763669714331627	1.1239832639694214	0.5041332164010266	1.3244925628640414	1.3244925628640414	sub-22653	ses-2				space-ACPC			DSIStudio	autotrackgqi
CranialNerve_CNVIIR	dti_fa	DSIStudio	/scratch/executivefunction/SLURM_13244013_206/job-13244013-206-sub-22653-ses-2/ds/inputs/data/qsiprep/qsiprep/sub-22653/ses-2/dwi/sub-22653_ses-2_space-ACPC_desc-preproc_dwi.nii.gz	0.0	0.2164259507165601	0.1070264113962453	0.1922839060425758	0.2164259507165601	0.1922839060425758	0.1070264113962453	0.2088335881886329	0.2088335881886329	sub-22653	ses-2				space-ACPC			DSIStudio	autotrackgqi
CranialNerve_CNVIIR	gfa	DSIStudio	/scratch/executivefunction/SLURM_13244013_206/job-13244013-206-sub-22653-ses-2/ds/inputs/data/qsiprep/qsiprep/sub-22653/ses-2/dwi/sub-22653_ses-2_space-ACPC_desc-preproc_dwi.nii.gz	0.0	0.0460621909264268	0.0176511553731882	0.0455030035227537	0.0460621909264268	0.0455030035227537	0.0176511553731882	0.0449157456619234	0.0449157456619234	sub-22653	ses-2				space-ACPC			DSIStudio	autotrackgqi
CranialNerve_CNVIIR	ha	DSIStudio	/scratch/executivefunction/SLURM_13244013_206/job-13244013-206-sub-22653-ses-2/ds/inputs/data/qsiprep/qsiprep/sub-22653/ses-2/dwi/sub-22653_ses-2_space-ACPC_desc-preproc_dwi.nii.gz	0.0	13.29404963987569	38.325103960608	19.683871269226078	13.29404963987569	19.683871269226078	38.325103960608	24.36171699327751	24.36171699327751	sub-22653	ses-2				space-ACPC			DSIStudio	autotrackgqi
CranialNerve_CNVIIR	iso	DSIStudio	/scratch/executivefunction/SLURM_13244013_206/job-13244013-206-sub-22653-ses-2/ds/inputs/data/qsiprep/qsiprep/sub-22653/ses-2/dwi/sub-22653_ses-2_space-ACPC_desc-preproc_dwi.nii.gz	0.0	0.849661578113834	0.2130216477583309	0.8672283887863159	0.849661578113834	0.8672283887863159	0.2130216477583309	0.8608562009472727	0.8608562009472727	sub-22653	ses-2				space-ACPC			DSIStudio	autotrackgqi
CranialNerve_CNVIIR	md	DSIStudio	/scratch/executivefunction/SLURM_13244013_206/job-13244013-206-sub-22653-ses-2/ds/inputs/data/qsiprep/qsiprep/sub-22653/ses-2/dwi/sub-22653_ses-2_space-ACPC_desc-preproc_dwi.nii.gz	0.0	1.0576243559933372	0.4842015077791912	0.9156799018383026	1.0576243559933372	0.9156799018383026	0.4842015077791912	1.1055261592751493	1.1055261592751493	sub-22653	ses-2				space-ACPC			DSIStudio	autotrackgqi
CranialNerve_CNVIIR	qa	DSIStudio	/scratch/executivefunction/SLURM_13244013_206/job-13244013-206-sub-22653-ses-2/ds/inputs/data/qsiprep/qsiprep/sub-22653/ses-2/dwi/sub-22653_ses-2_space-ACPC_desc-preproc_dwi.nii.gz	0.0	0.1675497825619661	0.0706984542600268	0.1561300531029701	0.1675497825619661	0.1561300531029701	0.0706984542600268	0.1645750216022647	0.1645750216022647	sub-22653	ses-2				space-ACPC			DSIStudio	autotrackgqi
CranialNerve_CNVIIR	rd1	DSIStudio	/scratch/executivefunction/SLURM_13244013_206/job-13244013-206-sub-22653-ses-2/ds/inputs/data/qsiprep/qsiprep/sub-22653/ses-2/dwi/sub-22653_ses-2_space-ACPC_desc-preproc_dwi.nii.gz	0.0	1.0164004924396677	0.500785085073239	0.8689087629318237	1.0164004924396677	0.8689087629318237	0.500785085073239	1.063965714832832	1.063965714832832	sub-22653	ses-2				space-ACPC			DSIStudio	autotrackgqi
CranialNerve_CNVIIR	rd2	DSIStudio	/scratch/executivefunction/SLURM_13244013_206/job-13244013-206-sub-22653-ses-2/ds/inputs/data/qsiprep/qsiprep/sub-22653/ses-2/dwi/sub-22653_ses-2_space-ACPC_desc-preproc_dwi.nii.gz	0.0	0.8801055786510309	0.4642454022417044	0.7194278836250305	0.8801055786510309	0.7194278836250305	0.4642454022417044	0.9281201687908625	0.9281201687908625	sub-22653	ses-2				space-ACPC			DSIStudio	autotrackgqi
CranialNerve_CNVIIR	rd	DSIStudio	/scratch/executivefunction/SLURM_13244013_206/job-13244013-206-sub-22653-ses-2/ds/inputs/data/qsiprep/qsiprep/sub-22653/ses-2/dwi/sub-22653_ses-2_space-ACPC_desc-preproc_dwi.nii.gz	0.0	0.9482530378219154	0.4811267202381381	0.7858751118183136	0.9482530378219154	0.7858751118183136	0.4811267202381381	0.9960429416543712	0.9960429416543712	sub-22653	ses-2				space-ACPC			DSIStudio	autotrackgqi
CranialNerve_CNVIIR	txx	DSIStudio	/scratch/executivefunction/SLURM_13244013_206/job-13244013-206-sub-22653-ses-2/ds/inputs/data/qsiprep/qsiprep/sub-22653/ses-2/dwi/sub-22653_ses-2_space-ACPC_desc-preproc_dwi.nii.gz	0.0	0.0010944529205719	0.0005046554959408	0.0009564723877701	0.0010944529205719	0.0009564723877701	0.0005046554959408	0.0011517581133624	0.0011517581133624	sub-22653	ses-2				space-ACPC			DSIStudio	autotrackgqi
CranialNerve_CNVIIR	txy	DSIStudio	/scratch/executivefunction/SLURM_13244013_206/job-13244013-206-sub-22653-ses-2/ds/inputs/data/qsiprep/qsiprep/sub-22653/ses-2/dwi/sub-22653_ses-2_space-ACPC_desc-preproc_dwi.nii.gz	0.0	5.765550730371969e-06	0.000111455704786	1.8630915292305872e-05	5.765550730371969e-06	1.8630915292305872e-05	0.000111455704786	1.9059995304631127e-05	1.9059995304631127e-05	sub-22653	ses-2				space-ACPC			DSIStudio	autotrackgqi
CranialNerve_CNVIIR	txz	DSIStudio	/scratch/executivefunction/SLURM_13244013_206/job-13244013-206-sub-22653-ses-2/ds/inputs/data/qsiprep/qsiprep/sub-22653/ses-2/dwi/sub-22653_ses-2_space-ACPC_desc-preproc_dwi.nii.gz	0.0	-6.0582873539358514e-05	0.0001024885537064	-5.1863700718968175e-05	-6.0582873539358514e-05	-5.1863700718968175e-05	0.0001024885537064	-9.01338267804414e-05	-9.01338267804414e-05	sub-22653	ses-2				space-ACPC			DSIStudio	autotrackgqi
CranialNerve_CNVIIR	tyy	DSIStudio	/scratch/executivefunction/SLURM_13244013_206/job-13244013-206-sub-22653-ses-2/ds/inputs/data/qsiprep/qsiprep/sub-22653/ses-2/dwi/sub-22653_ses-2_space-ACPC_desc-preproc_dwi.nii.gz	0.0	0.0010113009658299	0.0005002465254049	0.0008665748464409	0.0010113009658299	0.0008665748464409	0.0005002465254049	0.0010253261905503	0.0010253261905503	sub-22653	ses-2				space-ACPC			DSIStudio	autotrackgqi
CranialNerve_CNVIIR	tyz	DSIStudio	/scratch/executivefunction/SLURM_13244013_206/job-13244013-206-sub-22653-ses-2/ds/inputs/data/qsiprep/qsiprep/sub-22653/ses-2/dwi/sub-22653_ses-2_space-ACPC_desc-preproc_dwi.nii.gz	0.0	1.8481073892030588e-05	7.186419632613175e-05	2.0113944628974423e-05	1.8481073892030588e-05	2.0113944628974423e-05	7.186419632613175e-05	1.1543937791361884e-05	1.1543937791361884e-05	sub-22653	ses-2				space-ACPC			DSIStudio	autotrackgqi
CranialNerve_CNVIIR	tzz	DSIStudio	/scratch/executivefunction/SLURM_13244013_206/job-13244013-206-sub-22653-ses-2/ds/inputs/data/qsiprep/qsiprep/sub-22653/ses-2/dwi/sub-22653_ses-2_space-ACPC_desc-preproc_dwi.nii.gz	0.0	0.0010671191624472	0.0004782601113773	0.0009634938614908	0.0010671191624472	0.0009634938614908	0.0004782601113773	0.0011394941461891	0.0011394941461891	sub-22653	ses-2				space-ACPC			DSIStudio	autotrackgqi
CranialNerve_CNIIIR	ad	DSIStudio	/scratch/executivefunction/SLURM_13244013_206/job-13244013-206-sub-22653-ses-2/ds/inputs/data/qsiprep/qsiprep/sub-22653/ses-2/dwi/sub-22653_ses-2_space-ACPC_desc-preproc_dwi.nii.gz	0.015174506828528	1.7821255790264725	0.9106980892737288	1.4439741373062134	1.809585141107004	1.4977072477340698	0.890202116719202	1.830230036402092	1.8340958312726492	sub-22653	ses-2				space-ACPC			DSIStudio	autotrackgqi
CranialNerve_CNIIIR	dti_fa	DSIStudio	/scratch/executivefunction/SLURM_13244013_206/job-13244013-206-sub-22653-ses-2/ds/inputs/data/qsiprep/qsiprep/sub-22653/ses-2/dwi/sub-22653_ses-2_space-ACPC_desc-preproc_dwi.nii.gz	0.015174506828528	0.2598641034503989	0.1434065629628115	0.2421951591968536	0.2638681728410059	0.2468515485525131	0.1408040296043804	0.2606259785313848	0.2611764706655867	sub-22653	ses-2				space-ACPC			DSIStudio	autotrackgqi
CranialNerve_CNIIIR	gfa	DSIStudio	/scratch/executivefunction/SLURM_13244013_206/job-13244013-206-sub-22653-ses-2/ds/inputs/data/qsiprep/qsiprep/sub-22653/ses-2/dwi/sub-22653_ses-2_space-ACPC_desc-preproc_dwi.nii.gz	0.015174506828528	0.0713616213930858	0.0311679425860287	0.0700010508298873	0.0724611841264153	0.0704549178481102	0.0301120124894784	0.072337653712944	0.0724904447043538	sub-22653	ses-2				space-ACPC			DSIStudio	autotrackgqi
CranialNerve_CNIIIR	ha	DSIStudio	/scratch/executivefunction/SLURM_13244013_206/job-13244013-206-sub-22653-ses-2/ds/inputs/data/qsiprep/qsiprep/sub-22653/ses-2/dwi/sub-22653_ses-2_space-ACPC_desc-preproc_dwi.nii.gz	0.015174506828528	-7.365797495579684	41.06228205582244	-8.55846118927002	-7.4792920640786	-10.049850463867188	41.36716436255822	-10.42995564143254	-10.451985733683554	sub-22653	ses-2				space-ACPC			DSIStudio	autotrackgqi
CranialNerve_CNIIIR	iso	DSIStudio	/scratch/executivefunction/SLURM_13244013_206/job-13244013-206-sub-22653-ses-2/ds/inputs/data/qsiprep/qsiprep/sub-22653/ses-2/dwi/sub-22653_ses-2_space-ACPC_desc-preproc_dwi.nii.gz	0.015174506828528	0.6140519486618693	0.2285641477973755	0.6338653564453125	0.6235134578862432	0.6386131644248962	0.2171339360242546	0.6189315313866596	0.620238833297615	sub-22653	ses-2				space-ACPC			DSIStudio	autotrackgqi
CranialNerve_CNIIIR	md	DSIStudio	/scratch/executivefunction/SLURM_13244013_206/job-13244013-206-sub-22653-ses-2/ds/inputs/data/qsiprep/qsiprep/sub-22653/ses-2/dwi/sub-22653_ses-2_space-ACPC_desc-preproc_dwi.nii.gz	0.015174506828528	1.4304716854337858	0.8336231013230581	1.0961467027664185	1.452512851619206	1.1073131561279297	0.8207436037920914	1.4750646750092864	1.4781802924377088	sub-22653	ses-2				space-ACPC			DSIStudio	autotrackgqi
CranialNerve_CNIIIR	qa	DSIStudio	/scratch/executivefunction/SLURM_13244013_206/job-13244013-206-sub-22653-ses-2/ds/inputs/data/qsiprep/qsiprep/sub-22653/ses-2/dwi/sub-22653_ses-2_space-ACPC_desc-preproc_dwi.nii.gz	0.015174506828528	0.2006721913712791	0.1115447994783327	0.1879419833421707	0.2037642128099737	0.1911976933479309	0.1095623705159814	0.2030126087483121	0.2034414103427657	sub-22653	ses-2				space-ACPC			DSIStudio	autotrackgqi
CranialNerve_CNIIIR	rd1	DSIStudio	/scratch/executivefunction/SLURM_13244013_206/job-13244013-206-sub-22653-ses-2/ds/inputs/data/qsiprep/qsiprep/sub-22653/ses-2/dwi/sub-22653_ses-2_space-ACPC_desc-preproc_dwi.nii.gz	0.015174506828528	1.3521172634024905	0.8351535013675967	1.0092817544937134	1.3729511195412034	1.016834735870361	0.8243934262453193	1.401771139954597	1.4047319471592947	sub-22653	ses-2				space-ACPC			DSIStudio	autotrackgqi
CranialNerve_CNIIIR	rd2	DSIStudio	/scratch/executivefunction/SLURM_13244013_206/job-13244013-206-sub-22653-ses-2/ds/inputs/data/qsiprep/qsiprep/sub-22653/ses-2/dwi/sub-22653_ses-2_space-ACPC_desc-preproc_dwi.nii.gz	0.015174506828528	1.1571722099379451	0.7870314791159769	0.8483137488365173	1.1750022902143389	0.85738205909729	0.7797514754613791	1.193192845120871	1.1957130953233834	sub-22653	ses-2				space-ACPC			DSIStudio	autotrackgqi
CranialNerve_CNIIIR	rd	DSIStudio	/scratch/executivefunction/SLURM_13244013_206/job-13244013-206-sub-22653-ses-2/ds/inputs/data/qsiprep/qsiprep/sub-22653/ses-2/dwi/sub-22653_ses-2_space-ACPC_desc-preproc_dwi.nii.gz	0.015174506828528	1.2546447397454197	0.8086062503144893	0.9052939414978028	1.2739767080003566	0.9243009090423584	0.7995562705176134	1.2974819935310329	1.3002225222367356	sub-22653	ses-2				space-ACPC			DSIStudio	autotrackgqi
CranialNerve_CNIIIR	txx	DSIStudio	/scratch/executivefunction/SLURM_13244013_206/job-13244013-206-sub-22653-ses-2/ds/inputs/data/qsiprep/qsiprep/sub-22653/ses-2/dwi/sub-22653_ses-2_space-ACPC_desc-preproc_dwi.nii.gz	0.015174506828528	0.0013347005640336	0.0008641468828396	0.0010591192403808	0.0013552660580865	0.0010812636464834	0.0008546252277176	0.0013609853978937	0.0013638600579556	sub-22653	ses-2				space-ACPC			DSIStudio	autotrackgqi
CranialNerve_CNIIIR	txy	DSIStudio	/scratch/executivefunction/SLURM_13244013_206/job-13244013-206-sub-22653-ses-2/ds/inputs/data/qsiprep/qsiprep/sub-22653/ses-2/dwi/sub-22653_ses-2_space-ACPC_desc-preproc_dwi.nii.gz	0.015174506828528	-8.056561342782833e-07	0.0001285946162403	-3.414631237319554e-06	-8.180699422024479e-07	-4.864321908826241e-06	0.0001295815033988	7.8929114478258e-06	7.909582938057229e-06	sub-22653	ses-2				space-ACPC			DSIStudio	autotrackgqi
CranialNerve_CNIIIR	txz	DSIStudio	/scratch/executivefunction/SLURM_13244013_206/job-13244013-206-sub-22653-ses-2/ds/inputs/data/qsiprep/qsiprep/sub-22653/ses-2/dwi/sub-22653_ses-2_space-ACPC_desc-preproc_dwi.nii.gz	0.015174506828528	-1.595672262439658e-05	0.0001057829353575	-1.0035880222858395e-05	-1.6202588920612243e-05	-1.3166812095732894e-05	0.0001065761009882	-2.0617924093393822e-05	-2.0661473381028903e-05	sub-22653	ses-2				space-ACPC			DSIStudio	autotrackgqi
CranialNerve_CNIIIR	tyy	DSIStudio	/scratch/executivefunction/SLURM_13244013_206/job-13244013-206-sub-22653-ses-2/ds/inputs/data/qsiprep/qsiprep/sub-22653/ses-2/dwi/sub-22653_ses-2_space-ACPC_desc-preproc_dwi.nii.gz	0.015174506828528	0.0014825185419205	0.0008350566807401	0.00115849415306	0.0015053616627514	0.0011703536147251	0.00082077830533	0.0015247936985153	0.0015280143534889	sub-22653	ses-2				space-ACPC			DSIStudio	autotrackgqi
CranialNerve_CNIIIR	tyz	DSIStudio	/scratch/executivefunction/SLURM_13244013_206/job-13244013-206-sub-22653-ses-2/ds/inputs/data/qsiprep/qsiprep/sub-22653/ses-2/dwi/sub-22653_ses-2_space-ACPC_desc-preproc_dwi.nii.gz	0.015174506828528	-3.7577671465907984e-05	0.0002001597616669	-2.406736348348204e-05	-3.815668027123785e-05	-2.622422107378952e-05	0.0002016411540665	-1.8823161532943572e-05	-1.8862919310171943e-05	sub-22653	ses-2				space-ACPC			DSIStudio	autotrackgqi
CranialNerve_CNIIIR	tzz	DSIStudio	/scratch/executivefunction/SLURM_13244013_206/job-13244013-206-sub-22653-ses-2/ds/inputs/data/qsiprep/qsiprep/sub-22653/ses-2/dwi/sub-22653_ses-2_space-ACPC_desc-preproc_dwi.nii.gz	0.015174506828528	0.0014741959459959	0.0008683232996031	0.0011129009071737	0.0014969108296014	0.0011388909770175	0.0008553366853654	0.0015394149256372	0.0015426664628807	sub-22653	ses-2				space-ACPC			DSIStudio	autotrackgqi
CranialNerve_CNIIL	ad	DSIStudio	/scratch/executivefunction/SLURM_13244013_206/job-13244013-206-sub-22653-ses-2/ds/inputs/data/qsiprep/qsiprep/sub-22653/ses-2/dwi/sub-22653_ses-2_space-ACPC_desc-preproc_dwi.nii.gz	0.0007692307692307	1.4200386355931942	0.6227581638759665	1.2191053628921509	1.4211318139115878	1.2192866802215576	0.6217497397440063	1.4731326751266285	1.4733134056657191	sub-22653	ses-2				space-ACPC			DSIStudio	autotrackgqi
CranialNerve_CNIIL	dti_fa	DSIStudio	/scratch/executivefunction/SLURM_13244013_206/job-13244013-206-sub-22653-ses-2/ds/inputs/data/qsiprep/qsiprep/sub-22653/ses-2/dwi/sub-22653_ses-2_space-ACPC_desc-preproc_dwi.nii.gz	0.0007692307692307	0.322866667947517	0.177026645553213	0.2923914045095444	0.323115218115298	0.2928840517997741	0.1768678827231757	0.3584174655140099	0.3584614381288015	sub-22653	ses-2				space-ACPC			DSIStudio	autotrackgqi
CranialNerve_CNIIL	gfa	DSIStudio	/scratch/executivefunction/SLURM_13244013_206/job-13244013-206-sub-22653-ses-2/ds/inputs/data/qsiprep/qsiprep/sub-22653/ses-2/dwi/sub-22653_ses-2_space-ACPC_desc-preproc_dwi.nii.gz	0.0007692307692307	0.0750780467739185	0.037684800943471	0.0656459368765354	0.0751358435766698	0.0656534880399704	0.037641664020333	0.0849903045419055	0.0850007315827517	sub-22653	ses-2				space-ACPC			DSIStudio	autotrackgqi
CranialNerve_CNIIL	ha	DSIStudio	/scratch/executivefunction/SLURM_13244013_206/job-13244013-206-sub-22653-ses-2/ds/inputs/data/qsiprep/qsiprep/sub-22653/ses-2/dwi/sub-22653_ses-2_space-ACPC_desc-preproc_dwi.nii.gz	0.0007692307692307	12.523298261666742	30.17979902308848	16.21010398864746	12.532938983962095	16.25996208190918	30.18941226370153	15.670379450953892	15.672301994995436	sub-22653	ses-2				space-ACPC			DSIStudio	autotrackgqi
CranialNerve_CNIIL	iso	DSIStudio	/scratch/executivefunction/SLURM_13244013_206/job-13244013-206-sub-22653-ses-2/ds/inputs/data/qsiprep/qsiprep/sub-22653/ses-2/dwi/sub-22653_ses-2_space-ACPC_desc-preproc_dwi.nii.gz	0.0007692307692307	0.6180019722764308	0.1844632224852075	0.612292468547821	0.6184777243721017	0.6124305129051208	0.1837352249715285	0.5757009958710597	0.5757716256132416	sub-22653	ses-2				space-ACPC			DSIStudio	autotrackgqi
CranialNerve_CNIIL	md	DSIStudio	/scratch/executivefunction/SLURM_13244013_206/job-13244013-206-sub-22653-ses-2/ds/inputs/data/qsiprep/qsiprep/sub-22653/ses-2/dwi/sub-22653_ses-2_space-ACPC_desc-preproc_dwi.nii.gz	0.0007692307692307	1.0656485729951124	0.5495974274054092	0.8410446345806122	1.0664689337133535	0.8410677313804626	0.5490127263132892	1.077817522107429	1.0779497533430893	sub-22653	ses-2				space-ACPC			DSIStudio	autotrackgqi
CranialNerve_CNIIL	qa	DSIStudio	/scratch/executivefunction/SLURM_13244013_206/job-13244013-206-sub-22653-ses-2/ds/inputs/data/qsiprep/qsiprep/sub-22653/ses-2/dwi/sub-22653_ses-2_space-ACPC_desc-preproc_dwi.nii.gz	0.0007692307692307	0.204156565722078	0.1133707539698497	0.1829436346888542	0.2043137301298702	0.1831215471029281	0.1132727305577617	0.2171988719654052	0.2172255190644292	sub-22653	ses-2				space-ACPC			DSIStudio	autotrackgqi
CranialNerve_CNIIL	rd1	DSIStudio	/scratch/executivefunction/SLURM_13244013_206/job-13244013-206-sub-22653-ses-2/ds/inputs/data/qsiprep/qsiprep/sub-22653/ses-2/dwi/sub-22653_ses-2_space-ACPC_desc-preproc_dwi.nii.gz	0.0007692307692307	0.9851791064441204	0.5570353126117141	0.8028202652931213	0.9859375199209828	0.8039449453353882	0.5565783487308513	0.9888435611189356	0.9889648765162664	sub-22653	ses-2				space-ACPC			DSIStudio	autotrackgqi
CranialNerve_CNIIL	rd2	DSIStudio	/scratch/executivefunction/SLURM_13244013_206/job-13244013-206-sub-22653-ses-2/ds/inputs/data/qsiprep/qsiprep/sub-22653/ses-2/dwi/sub-22653_ses-2_space-ACPC_desc-preproc_dwi.nii.gz	0.0007692307692307	0.7917279826978652	0.5372927554291851	0.6269603073596954	0.7923374730617588	0.6272355318069458	0.5370501076870656	0.7714763334263378	0.7715709811973067	sub-22653	ses-2				space-ACPC			DSIStudio	autotrackgqi
CranialNerve_CNIIL	rd	DSIStudio	/scratch/executivefunction/SLURM_13244013_206/job-13244013-206-sub-22653-ses-2/ds/inputs/data/qsiprep/qsiprep/sub-22653/ses-2/dwi/sub-22653_ses-2_space-ACPC_desc-preproc_dwi.nii.gz	0.0007692307692307	0.888453541226112	0.5438461464947748	0.7073613703250885	0.889137493143915	0.7073926329612732	0.5434962679181192	0.8801599440035909	0.8802679255873396	sub-22653	ses-2				space-ACPC			DSIStudio	autotrackgqi
CranialNerve_CNIIL	txx	DSIStudio	/scratch/executivefunction/SLURM_13244013_206/job-13244013-206-sub-22653-ses-2/ds/inputs/data/qsiprep/qsiprep/sub-22653/ses-2/dwi/sub-22653_ses-2_space-ACPC_desc-preproc_dwi.nii.gz	0.0007692307692307	0.0011009781292747	0.0005602835616155	0.000932699360419	0.0011018256874958	0.0009329802123829	0.000559665497436	0.001124078853171	0.0011242167599502	sub-22653	ses-2				space-ACPC			DSIStudio	autotrackgqi
CranialNerve_CNIIL	txy	DSIStudio	/scratch/executivefunction/SLURM_13244013_206/job-13244013-206-sub-22653-ses-2/ds/inputs/data/qsiprep/qsiprep/sub-22653/ses-2/dwi/sub-22653_ses-2_space-ACPC_desc-preproc_dwi.nii.gz	0.0007692307692307	1.999025515515477e-05	0.0001781552104368	1.2834547760576244e-05	2.0005644112164127e-05	1.3049562767264432e-05	0.00017822290752	3.382081959056314e-05	3.3824968429405224e-05	sub-22653	ses-2				space-ACPC			DSIStudio	autotrackgqi
CranialNerve_CNIIL	txz	DSIStudio	/scratch/executivefunction/SLURM_13244013_206/job-13244013-206-sub-22653-ses-2/ds/inputs/data/qsiprep/qsiprep/sub-22653/ses-2/dwi/sub-22653_ses-2_space-ACPC_desc-preproc_dwi.nii.gz	0.0007692307692307	-2.9315516106589275e-05	0.0001489212973172	-3.0266861358541064e-05	-2.933808386340728e-05	-3.029054823855404e-05	0.0001489763856751	-5.344622442969856e-05	-5.345278150737078e-05	sub-22653	ses-2				space-ACPC			DSIStudio	autotrackgqi
CranialNerve_CNIIL	tyy	DSIStudio	/scratch/executivefunction/SLURM_13244013_206/job-13244013-206-sub-22653-ses-2/ds/inputs/data/qsiprep/qsiprep/sub-22653/ses-2/dwi/sub-22653_ses-2_space-ACPC_desc-preproc_dwi.nii.gz	0.0007692307692307	0.0010708009733487	0.0005858130982467	0.000875430938322	0.0010716253005029	0.0008754673763178	0.0005852843768286	0.001118143202477	0.0011182803809378	sub-22653	ses-2				space-ACPC			DSIStudio	autotrackgqi
CranialNerve_CNIIL	tyz	DSIStudio	/scratch/executivefunction/SLURM_13244013_206/job-13244013-206-sub-22653-ses-2/ds/inputs/data/qsiprep/qsiprep/sub-22653/ses-2/dwi/sub-22653_ses-2_space-ACPC_desc-preproc_dwi.nii.gz	0.0007692307692307	0.0001102161001168	0.0001780101716404	7.500446736230515e-05	0.0001103009469991	7.503067899961025e-05	0.000178052397832	0.0001580126492772	0.000158032035059	sub-22653	ses-2				space-ACPC			DSIStudio	autotrackgqi
CranialNerve_CNIIL	tzz	DSIStudio	/scratch/executivefunction/SLURM_13244013_206/job-13244013-206-sub-22653-ses-2/ds/inputs/data/qsiprep/qsiprep/sub-22653/ses-2/dwi/sub-22653_ses-2_space-ACPC_desc-preproc_dwi.nii.gz	0.0007692307692307	0.0010251666156825	0.0005795424390451	0.0008249559032265	0.0010259558124613	0.0008252913830801	0.0005790667643984	0.0009912305048712	0.0009913521133375	sub-22653	ses-2				space-ACPC			DSIStudio	autotrackgqi
CranialNerve_CNIIR	ad	DSIStudio	/scratch/executivefunction/SLURM_13244013_206/job-13244013-206-sub-22653-ses-2/ds/inputs/data/qsiprep/qsiprep/sub-22653/ses-2/dwi/sub-22653_ses-2_space-ACPC_desc-preproc_dwi.nii.gz	0.0007062146892655	1.5838880671114572	0.698041611220099	1.3449238538742063	1.5850074226359174	1.3455466032028198	0.6970166848896365	1.663023621469826	1.6630904357692469	sub-22653	ses-2				space-ACPC			DSIStudio	autotrackgqi
CranialNerve_CNIIR	dti_fa	DSIStudio	/scratch/executivefunction/SLURM_13244013_206/job-13244013-206-sub-22653-ses-2/ds/inputs/data/qsiprep/qsiprep/sub-22653/ses-2/dwi/sub-22653_ses-2_space-ACPC_desc-preproc_dwi.nii.gz	0.0007062146892655	0.2934059001515898	0.1774702168524134	0.2431395649909973	0.2936132541446298	0.2437174916267395	0.1773613667588749	0.36389812459838	0.3639127444320211	sub-22653	ses-2				space-ACPC			DSIStudio	autotrackgqi
CranialNerve_CNIIR	gfa	DSIStudio	/scratch/executivefunction/SLURM_13244013_206/job-13244013-206-sub-22653-ses-2/ds/inputs/data/qsiprep/qsiprep/sub-22653/ses-2/dwi/sub-22653_ses-2_space-ACPC_desc-preproc_dwi.nii.gz	0.0007062146892655	0.0728024380389432	0.0380366818012265	0.0646465048193931	0.0728538885251898	0.0646727755665779	0.0380008323632175	0.0914892837350272	0.0914929594020526	sub-22653	ses-2				space-ACPC			DSIStudio	autotrackgqi
CranialNerve_CNIIR	ha	DSIStudio	/scratch/executivefunction/SLURM_13244013_206/job-13244013-206-sub-22653-ses-2/ds/inputs/data/qsiprep/qsiprep/sub-22653/ses-2/dwi/sub-22653_ses-2_space-ACPC_desc-preproc_dwi.nii.gz	0.0007062146892655	-13.52154460833487	35.93331799853178	-20.78556537628174	-13.531100470248886	-20.80937385559082	35.94421444755748	-17.043015209031502	-17.043699938472642	sub-22653	ses-2				space-ACPC			DSIStudio	autotrackgqi
CranialNerve_CNIIR	iso	DSIStudio	/scratch/executivefunction/SLURM_13244013_206/job-13244013-206-sub-22653-ses-2/ds/inputs/data/qsiprep/qsiprep/sub-22653/ses-2/dwi/sub-22653_ses-2_space-ACPC_desc-preproc_dwi.nii.gz	0.0007062146892655	0.6173868380634293	0.1846588352514333	0.6106659173965454	0.6178231538500466	0.6109175682067871	0.1839929824566834	0.5962814602917629	0.5963054161346699	sub-22653	ses-2				space-ACPC			DSIStudio	autotrackgqi
CranialNerve_CNIIR	md	DSIStudio	/scratch/executivefunction/SLURM_13244013_206/job-13244013-206-sub-22653-ses-2/ds/inputs/data/qsiprep/qsiprep/sub-22653/ses-2/dwi/sub-22653_ses-2_space-ACPC_desc-preproc_dwi.nii.gz	0.0007062146892655	1.2296370293755652	0.6404397707614896	0.93087637424469	1.2305060308097528	0.9313113689422609	0.639830959224899	1.1993814525982065	1.1994296394444288	sub-22653	ses-2				space-ACPC			DSIStudio	autotrackgqi
CranialNerve_CNIIR	qa	DSIStudio	/scratch/executivefunction/SLURM_13244013_206/job-13244013-206-sub-22653-ses-2/ds/inputs/data/qsiprep/qsiprep/sub-22653/ses-2/dwi/sub-22653_ses-2_space-ACPC_desc-preproc_dwi.nii.gz	0.0007062146892655	0.2009878394030834	0.1226520070023281	0.1709232181310653	0.2011298802789866	0.1709844022989273	0.1225788628458102	0.2528147100366813	0.2528248671193176	sub-22653	ses-2				space-ACPC			DSIStudio	autotrackgqi
CranialNerve_CNIIR	rd1	DSIStudio	/scratch/executivefunction/SLURM_13244013_206/job-13244013-206-sub-22653-ses-2/ds/inputs/data/qsiprep/qsiprep/sub-22653/ses-2/dwi/sub-22653_ses-2_space-ACPC_desc-preproc_dwi.nii.gz	0.0007062146892655	1.152360113116644	0.6516094546834229	0.8729293346405029	1.1531745018891648	0.8734761476516724	0.6511188955327194	1.070048305149976	1.070091295821921	sub-22653	ses-2				space-ACPC			DSIStudio	autotrackgqi
CranialNerve_CNIIR	rd2	DSIStudio	/scratch/executivefunction/SLURM_13244013_206/job-13244013-206-sub-22653-ses-2/ds/inputs/data/qsiprep/qsiprep/sub-22653/ses-2/dwi/sub-22653_ses-2_space-ACPC_desc-preproc_dwi.nii.gz	0.0007062146892655	0.95266291105562	0.6337425683649636	0.7086438536643982	0.9533361710634332	0.7089673280715942	0.6334600516554657	0.865072436480688	0.8651071920482019	sub-22653	ses-2				space-ACPC			DSIStudio	autotrackgqi
CranialNerve_CNIIR	rd	DSIStudio	/scratch/executivefunction/SLURM_13244013_206/job-13244013-206-sub-22653-ses-2/ds/inputs/data/qsiprep/qsiprep/sub-22653/ses-2/dwi/sub-22653_ses-2_space-ACPC_desc-preproc_dwi.nii.gz	0.0007062146892655	1.0525115106339002	0.6399849135719778	0.782143235206604	1.053255335023041	0.7825603485107422	0.6395988656269551	0.9675603668707576	0.9675992399903284	sub-22653	ses-2				space-ACPC			DSIStudio	autotrackgqi
CranialNerve_CNIIR	txx	DSIStudio	/scratch/executivefunction/SLURM_13244013_206/job-13244013-206-sub-22653-ses-2/ds/inputs/data/qsiprep/qsiprep/sub-22653/ses-2/dwi/sub-22653_ses-2_space-ACPC_desc-preproc_dwi.nii.gz	0.0007062146892655	0.0012249354984891	0.0006339022704575	0.0009926581988111	0.0012258011772866	0.0009933210676535	0.0006332889693312	0.001189150544441	0.0011891983202685	sub-22653	ses-2				space-ACPC			DSIStudio	autotrackgqi
CranialNerve_CNIIR	txy	DSIStudio	/scratch/executivefunction/SLURM_13244013_206/job-13244013-206-sub-22653-ses-2/ds/inputs/data/qsiprep/qsiprep/sub-22653/ses-2/dwi/sub-22653_ses-2_space-ACPC_desc-preproc_dwi.nii.gz	0.0007062146892655	1.2700952339005977e-05	0.0001709555656071	1.0938701507257065e-05	1.2709928277054745e-05	1.0948723684123252e-05	0.0001710156297183	-3.082052907075897e-05	-3.0821767444839254e-05	sub-22653	ses-2				space-ACPC			DSIStudio	autotrackgqi
CranialNerve_CNIIR	txz	DSIStudio	/scratch/executivefunction/SLURM_13244013_206/job-13244013-206-sub-22653-ses-2/ds/inputs/data/qsiprep/qsiprep/sub-22653/ses-2/dwi/sub-22653_ses-2_space-ACPC_desc-preproc_dwi.nii.gz	0.0007062146892655	-1.4194672699223711e-06	0.000166839616733	1.2054744274792029e-05	-1.4204704270035882e-06	1.21697166832746e-05	0.00016689855598	-2.4677742465475414e-05	-2.467873417350148e-05	sub-22653	ses-2				space-ACPC			DSIStudio	autotrackgqi
CranialNerve_CNIIR	tyy	DSIStudio	/scratch/executivefunction/SLURM_13244013_206/job-13244013-206-sub-22653-ses-2/ds/inputs/data/qsiprep/qsiprep/sub-22653/ses-2/dwi/sub-22653_ses-2_space-ACPC_desc-preproc_dwi.nii.gz	0.0007062146892655	0.0012338697797737	0.0006825028902517	0.000988591578789	0.0012347417725509	0.0009894975228235	0.0006819550599408	0.0012686776859103	0.0012687286568393	sub-22653	ses-2				space-ACPC			DSIStudio	autotrackgqi
CranialNerve_CNIIR	tyz	DSIStudio	/scratch/executivefunction/SLURM_13244013_206/job-13244013-206-sub-22653-ses-2/ds/inputs/data/qsiprep/qsiprep/sub-22653/ses-2/dwi/sub-22653_ses-2_space-ACPC_desc-preproc_dwi.nii.gz	0.0007062146892655	9.419570034139316e-05	0.0001725211521242	7.243703294079751e-05	9.426226974092771e-05	7.24808924132958e-05	0.0001725639222348	0.0001643788648101	0.0001643854688555	sub-22653	ses-2				space-ACPC			DSIStudio	autotrackgqi
CranialNerve_CNIIR	tzz	DSIStudio	/scratch/executivefunction/SLURM_13244013_206/job-13244013-206-sub-22653-ses-2/ds/inputs/data/qsiprep/qsiprep/sub-22653/ses-2/dwi/sub-22653_ses-2_space-ACPC_desc-preproc_dwi.nii.gz	0.0007062146892655	0.00123010580846	0.0006798987606231	0.0009505462367087	0.0012309751411868	0.0009506526985205	0.0006793518123005	0.0011403161318561	0.0011403619456385	sub-22653	ses-2				space-ACPC			DSIStudio	autotrackgqi
CranialNerve_CNIIIL	ad	DSIStudio	/scratch/executivefunction/SLURM_13244013_206/job-13244013-206-sub-22653-ses-2/ds/inputs/data/qsiprep/qsiprep/sub-22653/ses-2/dwi/sub-22653_ses-2_space-ACPC_desc-preproc_dwi.nii.gz	0.0	1.6641887620687486	0.8579295654652487	1.3318549990653992	1.6641887620687486	1.3318549990653992	0.8579295654652487	1.6049017507761691	1.6049017507761691	sub-22653	ses-2				space-ACPC			DSIStudio	autotrackgqi
CranialNerve_CNIIIL	dti_fa	DSIStudio	/scratch/executivefunction/SLURM_13244013_206/job-13244013-206-sub-22653-ses-2/ds/inputs/data/qsiprep/qsiprep/sub-22653/ses-2/dwi/sub-22653_ses-2_space-ACPC_desc-preproc_dwi.nii.gz	0.0	0.345954809628427	0.1627049373834605	0.3262713849544525	0.345954809628427	0.3262713849544525	0.1627049373834605	0.3201223523484653	0.3201223523484653	sub-22653	ses-2				space-ACPC			DSIStudio	autotrackgqi
CranialNerve_CNIIIL	gfa	DSIStudio	/scratch/executivefunction/SLURM_13244013_206/job-13244013-206-sub-22653-ses-2/ds/inputs/data/qsiprep/qsiprep/sub-22653/ses-2/dwi/sub-22653_ses-2_space-ACPC_desc-preproc_dwi.nii.gz	0.0	0.0860932115726172	0.0349445740503217	0.0821175500750541	0.0860932115726172	0.0821175500750541	0.0349445740503217	0.0785825720074111	0.0785825720074111	sub-22653	ses-2				space-ACPC			DSIStudio	autotrackgqi
CranialNerve_CNIIIL	ha	DSIStudio	/scratch/executivefunction/SLURM_13244013_206/job-13244013-206-sub-22653-ses-2/ds/inputs/data/qsiprep/qsiprep/sub-22653/ses-2/dwi/sub-22653_ses-2_space-ACPC_desc-preproc_dwi.nii.gz	0.0	-7.7918387402892115	42.54506521475536	-15.446024417877195	-7.7918387402892115	-15.446024417877195	42.54506521475536	-2.522402314369673	-2.522402314369673	sub-22653	ses-2				space-ACPC			DSIStudio	autotrackgqi
CranialNerve_CNIIIL	iso	DSIStudio	/scratch/executivefunction/SLURM_13244013_206/job-13244013-206-sub-22653-ses-2/ds/inputs/data/qsiprep/qsiprep/sub-22653/ses-2/dwi/sub-22653_ses-2_space-ACPC_desc-preproc_dwi.nii.gz	0.0	0.6383452524468303	0.1918357114854932	0.6656810641288757	0.6383452524468303	0.6656810641288757	0.1918357114854932	0.6403217428145809	0.6403217428145809	sub-22653	ses-2				space-ACPC			DSIStudio	autotrackgqi
CranialNerve_CNIIIL	md	DSIStudio	/scratch/executivefunction/SLURM_13244013_206/job-13244013-206-sub-22653-ses-2/ds/inputs/data/qsiprep/qsiprep/sub-22653/ses-2/dwi/sub-22653_ses-2_space-ACPC_desc-preproc_dwi.nii.gz	0.0	1.2459152069687844	0.7520119917468976	0.8486051857471466	1.2459152069687844	0.8486051857471466	0.7520119917468976	1.2313051123679934	1.2313051123679934	sub-22653	ses-2				space-ACPC			DSIStudio	autotrackgqi
CranialNerve_CNIIIL	qa	DSIStudio	/scratch/executivefunction/SLURM_13244013_206/job-13244013-206-sub-22653-ses-2/ds/inputs/data/qsiprep/qsiprep/sub-22653/ses-2/dwi/sub-22653_ses-2_space-ACPC_desc-preproc_dwi.nii.gz	0.0	0.2575983201824128	0.1412960505766851	0.2322453930974006	0.2575983201824128	0.2322453930974006	0.1412960505766851	0.2316627849428151	0.2316627849428151	sub-22653	ses-2				space-ACPC			DSIStudio	autotrackgqi
CranialNerve_CNIIIL	rd1	DSIStudio	/scratch/executivefunction/SLURM_13244013_206/job-13244013-206-sub-22653-ses-2/ds/inputs/data/qsiprep/qsiprep/sub-22653/ses-2/dwi/sub-22653_ses-2_space-ACPC_desc-preproc_dwi.nii.gz	0.0	1.155897434234619	0.7502895473562251	0.8006540238857269	1.155897434234619	0.8006540238857269	0.7502895473562251	1.1667643748597123	1.1667643748597123	sub-22653	ses-2				space-ACPC			DSIStudio	autotrackgqi
CranialNerve_CNIIIL	rd2	DSIStudio	/scratch/executivefunction/SLURM_13244013_206/job-13244013-206-sub-22653-ses-2/ds/inputs/data/qsiprep/qsiprep/sub-22653/ses-2/dwi/sub-22653_ses-2_space-ACPC_desc-preproc_dwi.nii.gz	0.0	0.9176594304442406	0.6970098993827326	0.6022315919399261	0.9176594304442406	0.6022315919399261	0.6970098993827326	0.922249231383686	0.922249231383686	sub-22653	ses-2				space-ACPC			DSIStudio	autotrackgqi
CranialNerve_CNIIIL	rd	DSIStudio	/scratch/executivefunction/SLURM_13244013_206/job-13244013-206-sub-22653-ses-2/ds/inputs/data/qsiprep/qsiprep/sub-22653/ses-2/dwi/sub-22653_ses-2_space-ACPC_desc-preproc_dwi.nii.gz	0.0	1.036778430700302	0.7198516864218429	0.687371701002121	1.036778430700302	0.687371701002121	0.7198516864218429	1.044506794260546	1.044506794260546	sub-22653	ses-2				space-ACPC			DSIStudio	autotrackgqi
CranialNerve_CNIIIL	txx	DSIStudio	/scratch/executivefunction/SLURM_13244013_206/job-13244013-206-sub-22653-ses-2/ds/inputs/data/qsiprep/qsiprep/sub-22653/ses-2/dwi/sub-22653_ses-2_space-ACPC_desc-preproc_dwi.nii.gz	0.0	0.001136720859562	0.000779637636694	0.000794260558905	0.001136720859562	0.000794260558905	0.000779637636694	0.0011419938449511	0.0011419938449511	sub-22653	ses-2				space-ACPC			DSIStudio	autotrackgqi
CranialNerve_CNIIIL	txy	DSIStudio	/scratch/executivefunction/SLURM_13244013_206/job-13244013-206-sub-22653-ses-2/ds/inputs/data/qsiprep/qsiprep/sub-22653/ses-2/dwi/sub-22653_ses-2_space-ACPC_desc-preproc_dwi.nii.gz	0.0	-2.206077907564577e-05	0.0001562429846307	-6.940934099475271e-06	-2.206077907564577e-05	-6.940934099475271e-06	0.0001562429846307	-2.7773420894432158e-05	-2.7773420894432158e-05	sub-22653	ses-2				space-ACPC			DSIStudio	autotrackgqi
CranialNerve_CNIIIL	txz	DSIStudio	/scratch/executivefunction/SLURM_13244013_206/job-13244013-206-sub-22653-ses-2/ds/inputs/data/qsiprep/qsiprep/sub-22653/ses-2/dwi/sub-22653_ses-2_space-ACPC_desc-preproc_dwi.nii.gz	0.0	1.465257187055613e-05	0.0001291845548534	8.16553574622958e-06	1.465257187055613e-05	8.16553574622958e-06	0.0001291845548534	1.4529026299876266e-05	1.4529026299876266e-05	sub-22653	ses-2				space-ACPC			DSIStudio	autotrackgqi
CranialNerve_CNIIIL	tyy	DSIStudio	/scratch/executivefunction/SLURM_13244013_206/job-13244013-206-sub-22653-ses-2/ds/inputs/data/qsiprep/qsiprep/sub-22653/ses-2/dwi/sub-22653_ses-2_space-ACPC_desc-preproc_dwi.nii.gz	0.0	0.0012938555588189	0.000786064852674	0.0010139837977476	0.0012938555588189	0.0010139837977476	0.000786064852674	0.001289573964372	0.001289573964372	sub-22653	ses-2				space-ACPC			DSIStudio	autotrackgqi
CranialNerve_CNIIIL	tyz	DSIStudio	/scratch/executivefunction/SLURM_13244013_206/job-13244013-206-sub-22653-ses-2/ds/inputs/data/qsiprep/qsiprep/sub-22653/ses-2/dwi/sub-22653_ses-2_space-ACPC_desc-preproc_dwi.nii.gz	0.0	-7.396866593126106e-05	0.0002661954760084	-8.38607011246495e-05	-7.396866593126106e-05	-8.38607011246495e-05	0.0002661954760084	-5.806037237522536e-05	-5.806037237522536e-05	sub-22653	ses-2				space-ACPC			DSIStudio	autotrackgqi
CranialNerve_CNIIIL	tzz	DSIStudio	/scratch/executivefunction/SLURM_13244013_206/job-13244013-206-sub-22653-ses-2/ds/inputs/data/qsiprep/qsiprep/sub-22653/ses-2/dwi/sub-22653_ses-2_space-ACPC_desc-preproc_dwi.nii.gz	0.0	0.0013071692081284	0.0007717739531091	0.0010161758982576	0.0013071692081284	0.0010161758982576	0.0007717739531091	0.001262347548016	0.001262347548016	sub-22653	ses-2				space-ACPC			DSIStudio	autotrackgqi
CranialNerve_CNVIIIR	ad	DSIStudio	/scratch/executivefunction/SLURM_13244013_206/job-13244013-206-sub-22653-ses-2/ds/inputs/data/qsiprep/qsiprep/sub-22653/ses-2/dwi/sub-22653_ses-2_space-ACPC_desc-preproc_dwi.nii.gz	0.0006009615384615	1.2045384157234087	0.599528972976618	1.0081146955490112	1.2052627322692435	1.0081605911254885	0.5989809130458894	1.3350070373648109	1.335235128981197	sub-22653	ses-2				space-ACPC			DSIStudio	autotrackgqi
CranialNerve_CNVIIIR	dti_fa	DSIStudio	/scratch/executivefunction/SLURM_13244013_206/job-13244013-206-sub-22653-ses-2/ds/inputs/data/qsiprep/qsiprep/sub-22653/ses-2/dwi/sub-22653_ses-2_space-ACPC_desc-preproc_dwi.nii.gz	0.0006009615384615	0.314289496917179	0.1607778080816913	0.2660932689905166	0.3144784863921743	0.2663708031177521	0.1606412597878662	0.3833440523269196	0.3834095483960777	sub-22653	ses-2				space-ACPC			DSIStudio	autotrackgqi
CranialNerve_CNVIIIR	gfa	DSIStudio	/scratch/executivefunction/SLURM_13244013_206/job-13244013-206-sub-22653-ses-2/ds/inputs/data/qsiprep/qsiprep/sub-22653/ses-2/dwi/sub-22653_ses-2_space-ACPC_desc-preproc_dwi.nii.gz	0.0006009615384615	0.0661926259177002	0.0365284353014662	0.0539412815123796	0.0662324290601643	0.0539738610386848	0.0365033243405261	0.0853082793401715	0.0853228546468106	sub-22653	ses-2				space-ACPC			DSIStudio	autotrackgqi
CranialNerve_CNVIIIR	ha	DSIStudio	/scratch/executivefunction/SLURM_13244013_206/job-13244013-206-sub-22653-ses-2/ds/inputs/data/qsiprep/qsiprep/sub-22653/ses-2/dwi/sub-22653_ses-2_space-ACPC_desc-preproc_dwi.nii.gz	0.0006009615384615	-16.849496940401597	37.58345985411301	-18.613168716430664	-16.859628928940623	-18.641828536987305	37.59248610486036	-16.14718193162866	-16.14994074351908	sub-22653	ses-2				space-ACPC			DSIStudio	autotrackgqi
CranialNerve_CNVIIIR	iso	DSIStudio	/scratch/executivefunction/SLURM_13244013_206/job-13244013-206-sub-22653-ses-2/ds/inputs/data/qsiprep/qsiprep/sub-22653/ses-2/dwi/sub-22653_ses-2_space-ACPC_desc-preproc_dwi.nii.gz	0.0006009615384615	0.8011403041264902	0.1799524682258105	0.8194993436336517	0.8016220481458086	0.8195569515228271	0.1789306758699268	0.7670488824972996	0.7671799359923979	sub-22653	ses-2				space-ACPC			DSIStudio	autotrackgqi
CranialNerve_CNVIIIR	md	DSIStudio	/scratch/executivefunction/SLURM_13244013_206/job-13244013-206-sub-22653-ses-2/ds/inputs/data/qsiprep/qsiprep/sub-22653/ses-2/dwi/sub-22653_ses-2_space-ACPC_desc-preproc_dwi.nii.gz	0.0006009615384615	0.9024376004862672	0.510003618034233	0.7206389904022217	0.9029802568906484	0.7208030819892883	0.5096764549169392	0.9355718243768044	0.9357316705235684	sub-22653	ses-2				space-ACPC			DSIStudio	autotrackgqi
CranialNerve_CNVIIIR	qa	DSIStudio	/scratch/executivefunction/SLURM_13244013_206/job-13244013-206-sub-22653-ses-2/ds/inputs/data/qsiprep/qsiprep/sub-22653/ses-2/dwi/sub-22653_ses-2_space-ACPC_desc-preproc_dwi.nii.gz	0.0006009615384615	0.2254105962638277	0.1282546532532155	0.1846895739436149	0.2255461408196087	0.1848096698522567	0.1281740061173781	0.2875919799986924	0.2876411165784357	sub-22653	ses-2				space-ACPC			DSIStudio	autotrackgqi
CranialNerve_CNVIIIR	rd1	DSIStudio	/scratch/executivefunction/SLURM_13244013_206/job-13244013-206-sub-22653-ses-2/ds/inputs/data/qsiprep/qsiprep/sub-22653/ses-2/dwi/sub-22653_ses-2_space-ACPC_desc-preproc_dwi.nii.gz	0.0006009615384615	0.8341031380338021	0.5076326391424812	0.6779063940048218	0.8346047033603408	0.6779081225395203	0.507372883569816	0.8223765680884962	0.8225170741347223	sub-22653	ses-2				space-ACPC			DSIStudio	autotrackgqi
CranialNerve_CNVIIIR	rd2	DSIStudio	/scratch/executivefunction/SLURM_13244013_206/job-13244013-206-sub-22653-ses-2/ds/inputs/data/qsiprep/qsiprep/sub-22653/ses-2/dwi/sub-22653_ses-2_space-ACPC_desc-preproc_dwi.nii.gz	0.0006009615384615	0.6686712505280201	0.4772623390491829	0.5300507247447968	0.6690733378704904	0.5301343202590942	0.4771239705675861	0.6493318725631891	0.649442813341704	sub-22653	ses-2				space-ACPC			DSIStudio	autotrackgqi
CranialNerve_CNVIIIR	rd	DSIStudio	/scratch/executivefunction/SLURM_13244013_206/job-13244013-206-sub-22653-ses-2/ds/inputs/data/qsiprep/qsiprep/sub-22653/ses-2/dwi/sub-22653_ses-2_space-ACPC_desc-preproc_dwi.nii.gz	0.0006009615384615	0.7513871940676696	0.4897742538206984	0.59780153632164	0.7518390204020459	0.5978785157203674	0.489574676292598	0.7358542218559352	0.735979945268567	sub-22653	ses-2				space-ACPC			DSIStudio	autotrackgqi
CranialNerve_CNVIIIR	txx	DSIStudio	/scratch/executivefunction/SLURM_13244013_206/job-13244013-206-sub-22653-ses-2/ds/inputs/data/qsiprep/qsiprep/sub-22653/ses-2/dwi/sub-22653_ses-2_space-ACPC_desc-preproc_dwi.nii.gz	0.0006009615384615	0.0008567428876718	0.0005488247252422	0.0006831161445006	0.0008572580667985	0.0006831666687503	0.0005485873323313	0.0008576261336988	0.0008577726626279	sub-22653	ses-2				space-ACPC			DSIStudio	autotrackgqi
CranialNerve_CNVIIIR	txy	DSIStudio	/scratch/executivefunction/SLURM_13244013_206/job-13244013-206-sub-22653-ses-2/ds/inputs/data/qsiprep/qsiprep/sub-22653/ses-2/dwi/sub-22653_ses-2_space-ACPC_desc-preproc_dwi.nii.gz	0.0006009615384615	1.2987470142286707e-05	0.0001479130666502	3.960182948503643e-05	1.299527980563144e-05	3.973977072746493e-05	0.0001479571887584	1.6250531315515e-05	1.6253307538962858e-05	sub-22653	ses-2				space-ACPC			DSIStudio	autotrackgqi
CranialNerve_CNVIIIR	txz	DSIStudio	/scratch/executivefunction/SLURM_13244013_206/job-13244013-206-sub-22653-ses-2/ds/inputs/data/qsiprep/qsiprep/sub-22653/ses-2/dwi/sub-22653_ses-2_space-ACPC_desc-preproc_dwi.nii.gz	0.0006009615384615	4.190694389179132e-05	9.973942984966244e-05	4.616909063770436e-05	4.1932143497258426e-05	4.617157901520841e-05	9.976411742623151e-05	4.137402441246633e-05	4.138109325826888e-05	sub-22653	ses-2				space-ACPC			DSIStudio	autotrackgqi
CranialNerve_CNVIIIR	tyy	DSIStudio	/scratch/executivefunction/SLURM_13244013_206/job-13244013-206-sub-22653-ses-2/ds/inputs/data/qsiprep/qsiprep/sub-22653/ses-2/dwi/sub-22653_ses-2_space-ACPC_desc-preproc_dwi.nii.gz	0.0006009615384615	0.0009663053327725	0.0005499652990849	0.0008000771922525	0.0009668863943075	0.0008003103430382	0.0005496197657773	0.0010644554972134	0.0010646373632987	sub-22653	ses-2				space-ACPC			DSIStudio	autotrackgqi
CranialNerve_CNVIIIR	tyz	DSIStudio	/scratch/executivefunction/SLURM_13244013_206/job-13244013-206-sub-22653-ses-2/ds/inputs/data/qsiprep/qsiprep/sub-22653/ses-2/dwi/sub-22653_ses-2_space-ACPC_desc-preproc_dwi.nii.gz	0.0006009615384615	4.735707547686728e-05	0.0001414425447717	4.439235635800287e-05	4.73855523713212e-05	4.450946653378196e-05	0.0001414802959438	7.697438649613485e-05	7.698753760195263e-05	sub-22653	ses-2				space-ACPC			DSIStudio	autotrackgqi
CranialNerve_CNVIIIR	tzz	DSIStudio	/scratch/executivefunction/SLURM_13244013_206/job-13244013-206-sub-22653-ses-2/ds/inputs/data/qsiprep/qsiprep/sub-22653/ses-2/dwi/sub-22653_ses-2_space-ACPC_desc-preproc_dwi.nii.gz	0.0006009615384615	0.000884264586092	0.0005227993093026	0.0007469391857739	0.0008847963146464	0.0007470623822882	0.0005225064587058	0.0008846338558554	0.0008847849992836	sub-22653	ses-2				space-ACPC			DSIStudio	autotrackgqi
CranialNerve_CNVR	ad	DSIStudio	/scratch/executivefunction/SLURM_13244013_206/job-13244013-206-sub-22653-ses-2/ds/inputs/data/qsiprep/qsiprep/sub-22653/ses-2/dwi/sub-22653_ses-2_space-ACPC_desc-preproc_dwi.nii.gz	0.0029090909090909	1.5400003798224708	0.7765686761986442	1.2698153257369995	1.544493451681909	1.2704139947891235	0.7732262672985541	1.5765460479943672	1.5782545746809613	sub-22653	ses-2				space-ACPC			DSIStudio	autotrackgqi
CranialNerve_CNVR	dti_fa	DSIStudio	/scratch/executivefunction/SLURM_13244013_206/job-13244013-206-sub-22653-ses-2/ds/inputs/data/qsiprep/qsiprep/sub-22653/ses-2/dwi/sub-22653_ses-2_space-ACPC_desc-preproc_dwi.nii.gz	0.0029090909090909	0.3230585094636137	0.1742114594586668	0.2799175977706909	0.3240010579959655	0.2800020575523376	0.1735879987725721	0.3672103603412605	0.3676083120827598	sub-22653	ses-2				space-ACPC			DSIStudio	autotrackgqi
CranialNerve_CNVR	gfa	DSIStudio	/scratch/executivefunction/SLURM_13244013_206/job-13244013-206-sub-22653-ses-2/ds/inputs/data/qsiprep/qsiprep/sub-22653/ses-2/dwi/sub-22653_ses-2_space-ACPC_desc-preproc_dwi.nii.gz	0.0029090909090909	0.0786313578093593	0.0401344308972262	0.0742951855063438	0.0788607709612466	0.074657954275608	0.0399672415937576	0.0925146187375385	0.0926148783112962	sub-22653	ses-2				space-ACPC			DSIStudio	autotrackgqi
CranialNerve_CNVR	ha	DSIStudio	/scratch/executivefunction/SLURM_13244013_206/job-13244013-206-sub-22653-ses-2/ds/inputs/data/qsiprep/qsiprep/sub-22653/ses-2/dwi/sub-22653_ses-2_space-ACPC_desc-preproc_dwi.nii.gz	0.0029090909090909	0.1723808921196244	39.18556727233042	-0.7769179344177246	0.1728838268887553	-0.8434344530105591	39.24268801299445	-2.334541300451966	-2.337071226767604	sub-22653	ses-2				space-ACPC			DSIStudio	autotrackgqi
CranialNerve_CNVR	iso	DSIStudio	/scratch/executivefunction/SLURM_13244013_206/job-13244013-206-sub-22653-ses-2/ds/inputs/data/qsiprep/qsiprep/sub-22653/ses-2/dwi/sub-22653_ses-2_space-ACPC_desc-preproc_dwi.nii.gz	0.0029090909090909	0.7075723245431754	0.2238632398186157	0.7388394474983215	0.7096367222807193	0.7401215434074402	0.2208981471428987	0.6979675109001359	0.6987239094325112	sub-22653	ses-2				space-ACPC			DSIStudio	autotrackgqi
CranialNerve_CNVR	md	DSIStudio	/scratch/executivefunction/SLURM_13244013_206/job-13244013-206-sub-22653-ses-2/ds/inputs/data/qsiprep/qsiprep/sub-22653/ses-2/dwi/sub-22653_ses-2_space-ACPC_desc-preproc_dwi.nii.gz	0.0029090909090909	1.1633021067706022	0.6950114845770399	0.837472677230835	1.1666961318815303	0.8394966721534729	0.6931742043760233	1.1426087568126744	1.1438470188246312	sub-22653	ses-2				space-ACPC			DSIStudio	autotrackgqi
CranialNerve_CNVR	qa	DSIStudio	/scratch/executivefunction/SLURM_13244013_206/job-13244013-206-sub-22653-ses-2/ds/inputs/data/qsiprep/qsiprep/sub-22653/ses-2/dwi/sub-22653_ses-2_space-ACPC_desc-preproc_dwi.nii.gz	0.0029090909090909	0.2482411492404274	0.1506214981869294	0.2028224468231201	0.2489654122579049	0.2036096304655075	0.1502421708356889	0.297157326556826	0.2974793608090151	sub-22653	ses-2				space-ACPC			DSIStudio	autotrackgqi
CranialNerve_CNVR	rd1	DSIStudio	/scratch/executivefunction/SLURM_13244013_206/job-13244013-206-sub-22653-ses-2/ds/inputs/data/qsiprep/qsiprep/sub-22653/ses-2/dwi/sub-22653_ses-2_space-ACPC_desc-preproc_dwi.nii.gz	0.0029090909090909	1.072371365016157	0.7016936372830206	0.7786622047424316	1.0755000925581444	0.7795219421386719	0.7003181801720858	1.031268710085219	1.0323863111148337	sub-22653	ses-2				space-ACPC			DSIStudio	autotrackgqi
CranialNerve_CNVR	rd2	DSIStudio	/scratch/executivefunction/SLURM_13244013_206/job-13244013-206-sub-22653-ses-2/ds/inputs/data/qsiprep/qsiprep/sub-22653/ses-2/dwi/sub-22653_ses-2_space-ACPC_desc-preproc_dwi.nii.gz	0.0029090909090909	0.8775345702455802	0.6568156693673977	0.6105236411094666	0.880094846161687	0.6115479469299316	0.6560580775527715	0.8200115076331194	0.8209001659476602	sub-22653	ses-2				space-ACPC			DSIStudio	autotrackgqi
CranialNerve_CNVR	rd	DSIStudio	/scratch/executivefunction/SLURM_13244013_206/job-13244013-206-sub-22653-ses-2/ds/inputs/data/qsiprep/qsiprep/sub-22653/ses-2/dwi/sub-22653_ses-2_space-ACPC_desc-preproc_dwi.nii.gz	0.0029090909090909	0.9749529671560634	0.6765943925727634	0.6861456632614136	0.9777974688837252	0.6867460012435913	0.6755251545533609	0.9256401089731326	0.926643238645334	sub-22653	ses-2				space-ACPC			DSIStudio	autotrackgqi
CranialNerve_CNVR	txx	DSIStudio	/scratch/executivefunction/SLURM_13244013_206/job-13244013-206-sub-22653-ses-2/ds/inputs/data/qsiprep/qsiprep/sub-22653/ses-2/dwi/sub-22653_ses-2_space-ACPC_desc-preproc_dwi.nii.gz	0.0029090909090909	0.0011074513771296	0.0007288132019456	0.0008016022038646	0.0011106824533575	0.0008027236908674	0.0007274130256882	0.0010950314125537	0.0010962181139691	sub-22653	ses-2				space-ACPC			DSIStudio	autotrackgqi
CranialNerve_CNVR	txy	DSIStudio	/scratch/executivefunction/SLURM_13244013_206/job-13244013-206-sub-22653-ses-2/ds/inputs/data/qsiprep/qsiprep/sub-22653/ses-2/dwi/sub-22653_ses-2_space-ACPC_desc-preproc_dwi.nii.gz	0.0029090909090909	-3.737586283615083e-05	0.0001882905787465	3.8017856240912806e-06	-3.74849098466137e-05	4.329598596086726e-06	0.0001885542158973	-3.3706943210423894e-05	-3.374347237303708e-05	sub-22653	ses-2				space-ACPC			DSIStudio	autotrackgqi
CranialNerve_CNVR	txz	DSIStudio	/scratch/executivefunction/SLURM_13244013_206/job-13244013-206-sub-22653-ses-2/ds/inputs/data/qsiprep/qsiprep/sub-22653/ses-2/dwi/sub-22653_ses-2_space-ACPC_desc-preproc_dwi.nii.gz	0.0029090909090909	1.269317192141402e-05	0.0001097031937623	1.6905603843042627e-05	1.2730205245765337e-05	1.706083639874123e-05	0.0001098609654309	3.127501514332837e-05	3.130890818097444e-05	sub-22653	ses-2				space-ACPC			DSIStudio	autotrackgqi
CranialNerve_CNVR	tyy	DSIStudio	/scratch/executivefunction/SLURM_13244013_206/job-13244013-206-sub-22653-ses-2/ds/inputs/data/qsiprep/qsiprep/sub-22653/ses-2/dwi/sub-22653_ses-2_space-ACPC_desc-preproc_dwi.nii.gz	0.0029090909090909	0.0012500439222944	0.0007469228333306	0.0010088401613757	0.0012536910234535	0.0010093012824654	0.0007449490449924	0.0012927989286585	0.0012941999547019	sub-22653	ses-2				space-ACPC			DSIStudio	autotrackgqi
CranialNerve_CNVR	tyz	DSIStudio	/scratch/executivefunction/SLURM_13244013_206/job-13244013-206-sub-22653-ses-2/ds/inputs/data/qsiprep/qsiprep/sub-22653/ses-2/dwi/sub-22653_ses-2_space-ACPC_desc-preproc_dwi.nii.gz	0.0029090909090909	2.2981933876890667e-05	0.0001535985472187	1.1315836673020384e-05	2.3048985470988088e-05	1.1925991202588191e-05	0.0001538174282879	3.323965857456943e-05	3.327568065325915e-05	sub-22653	ses-2				space-ACPC			DSIStudio	autotrackgqi
CranialNerve_CNVR	tzz	DSIStudio	/scratch/executivefunction/SLURM_13244013_206/job-13244013-206-sub-22653-ses-2/ds/inputs/data/qsiprep/qsiprep/sub-22653/ses-2/dwi/sub-22653_ses-2_space-ACPC_desc-preproc_dwi.nii.gz	0.0029090909090909	0.0011324110203171	0.0007153173413694	0.0009179899934679	0.0011357149182611	0.0009189834236167	0.0007137362790194	0.0010399959262093	0.001041122984783	sub-22653	ses-2				space-ACPC			DSIStudio	autotrackgqi
CranialNerve_CNVL	ad	DSIStudio	/scratch/executivefunction/SLURM_13244013_206/job-13244013-206-sub-22653-ses-2/ds/inputs/data/qsiprep/qsiprep/sub-22653/ses-2/dwi/sub-22653_ses-2_space-ACPC_desc-preproc_dwi.nii.gz	0.0055096418732782	1.65070113454859	0.9065527265511456	1.3003219366073608	1.6598462931887483	1.3029930591583252	0.9006727522293045	1.7852151642637968	1.7885004531209971	sub-22653	ses-2				space-ACPC			DSIStudio	autotrackgqi
CranialNerve_CNVL	dti_fa	DSIStudio	/scratch/executivefunction/SLURM_13244013_206/job-13244013-206-sub-22653-ses-2/ds/inputs/data/qsiprep/qsiprep/sub-22653/ses-2/dwi/sub-22653_ses-2_space-ACPC_desc-preproc_dwi.nii.gz	0.0055096418732782	0.2982674537224847	0.1749788591153577	0.2487526684999466	0.2999199049896453	0.251175969839096	0.1740448927988525	0.3880524221149468	0.38876654551077	sub-22653	ses-2				space-ACPC			DSIStudio	autotrackgqi
CranialNerve_CNVL	gfa	DSIStudio	/scratch/executivefunction/SLURM_13244013_206/job-13244013-206-sub-22653-ses-2/ds/inputs/data/qsiprep/qsiprep/sub-22653/ses-2/dwi/sub-22653_ses-2_space-ACPC_desc-preproc_dwi.nii.gz	0.0055096418732782	0.0739400010065092	0.0394027975207988	0.0671271681785583	0.0743496409012821	0.0673424080014228	0.0391244862859966	0.0983196201431961	0.0985005553805164	sub-22653	ses-2				space-ACPC			DSIStudio	autotrackgqi
CranialNerve_CNVL	ha	DSIStudio	/scratch/executivefunction/SLURM_13244013_206/job-13244013-206-sub-22653-ses-2/ds/inputs/data/qsiprep/qsiprep/sub-22653/ses-2/dwi/sub-22653_ses-2_space-ACPC_desc-preproc_dwi.nii.gz	0.0055096418732782	3.87111588791218	40.43550450339752	5.543247699737549	3.892562513329976	5.609555244445801	40.5463300460067	3.2029553315367947	3.2088497691911795	sub-22653	ses-2				space-ACPC			DSIStudio	autotrackgqi
CranialNerve_CNVL	iso	DSIStudio	/scratch/executivefunction/SLURM_13244013_206/job-13244013-206-sub-22653-ses-2/ds/inputs/data/qsiprep/qsiprep/sub-22653/ses-2/dwi/sub-22653_ses-2_space-ACPC_desc-preproc_dwi.nii.gz	0.0055096418732782	0.6346554334341276	0.2420724315233048	0.6783697009086609	0.6381715300182501	0.6795808672904968	0.2380752778226541	0.6277225034820801	0.6288776864962293	sub-22653	ses-2				space-ACPC			DSIStudio	autotrackgqi
CranialNerve_CNVL	md	DSIStudio	/scratch/executivefunction/SLURM_13244013_206/job-13244013-206-sub-22653-ses-2/ds/inputs/data/qsiprep/qsiprep/sub-22653/ses-2/dwi/sub-22653_ses-2_space-ACPC_desc-preproc_dwi.nii.gz	0.0055096418732782	1.2803824485935564	0.8027106764017861	0.883892834186554	1.287475980164712	0.8868796825408936	0.7992380457238752	1.2857468409141632	1.2881129703488563	sub-22653	ses-2				space-ACPC			DSIStudio	autotrackgqi
CranialNerve_CNVL	qa	DSIStudio	/scratch/executivefunction/SLURM_13244013_206/job-13244013-206-sub-22653-ses-2/ds/inputs/data/qsiprep/qsiprep/sub-22653/ses-2/dwi/sub-22653_ses-2_space-ACPC_desc-preproc_dwi.nii.gz	0.0055096418732782	0.2099135292431423	0.1389680002812561	0.1701993495225906	0.2110764850838245	0.1714280396699905	0.1384688583871712	0.2880336473822824	0.2885637086497205	sub-22653	ses-2				space-ACPC			DSIStudio	autotrackgqi
CranialNerve_CNVL	rd1	DSIStudio	/scratch/executivefunction/SLURM_13244013_206/job-13244013-206-sub-22653-ses-2/ds/inputs/data/qsiprep/qsiprep/sub-22653/ses-2/dwi/sub-22653_ses-2_space-ACPC_desc-preproc_dwi.nii.gz	0.0055096418732782	1.1995537601226618	0.8031925180706704	0.8403344750404358	1.2061994873255577	0.8444347977638245	0.8004225199894991	1.1580485649849033	1.1601796944162257	sub-22653	ses-2				space-ACPC			DSIStudio	autotrackgqi
CranialNerve_CNVL	rd2	DSIStudio	/scratch/executivefunction/SLURM_13244013_206/job-13244013-206-sub-22653-ses-2/ds/inputs/data/qsiprep/qsiprep/sub-22653/ses-2/dwi/sub-22653_ses-2_space-ACPC_desc-preproc_dwi.nii.gz	0.0055096418732782	0.9908924425778528	0.7477308879025736	0.6705572009086609	0.996382151400999	0.67230224609375	0.7461428468895632	0.9139768179346248	0.9156587879951594	sub-22653	ses-2				space-ACPC			DSIStudio	autotrackgqi
CranialNerve_CNVL	rd	DSIStudio	/scratch/executivefunction/SLURM_13244013_206/job-13244013-206-sub-22653-ses-2/ds/inputs/data/qsiprep/qsiprep/sub-22653/ses-2/dwi/sub-22653_ses-2_space-ACPC_desc-preproc_dwi.nii.gz	0.0055096418732782	1.0952230998006187	0.7725574684203792	0.7477923631668091	1.1012908178050542	0.7488437294960022	0.770369612991166	1.0360126879321818	1.0379192376716184	sub-22653	ses-2				space-ACPC			DSIStudio	autotrackgqi
CranialNerve_CNVL	txx	DSIStudio	/scratch/executivefunction/SLURM_13244013_206/job-13244013-206-sub-22653-ses-2/ds/inputs/data/qsiprep/qsiprep/sub-22653/ses-2/dwi/sub-22653_ses-2_space-ACPC_desc-preproc_dwi.nii.gz	0.0055096418732782	0.0012199421672959	0.0008212066140179	0.0008633428951725	0.0012267008496631	0.0008671407704241	0.0008184287387841	0.0011598214578415	0.0011619558498641	sub-22653	ses-2				space-ACPC			DSIStudio	autotrackgqi
CranialNerve_CNVL	txy	DSIStudio	/scratch/executivefunction/SLURM_13244013_206/job-13244013-206-sub-22653-ses-2/ds/inputs/data/qsiprep/qsiprep/sub-22653/ses-2/dwi/sub-22653_ses-2_space-ACPC_desc-preproc_dwi.nii.gz	0.0055096418732782	1.4497557636494432e-05	0.0001732751085244	-1.530083318357356e-05	1.457787651536698e-05	-1.607969716133084e-05	0.0001737510626268	1.544737019571621e-05	1.5475797925395133e-05	sub-22653	ses-2				space-ACPC			DSIStudio	autotrackgqi
CranialNerve_CNVL	txz	DSIStudio	/scratch/executivefunction/SLURM_13244013_206/job-13244013-206-sub-22653-ses-2/ds/inputs/data/qsiprep/qsiprep/sub-22653/ses-2/dwi/sub-22653_ses-2_space-ACPC_desc-preproc_dwi.nii.gz	0.0055096418732782	-6.394400125768623e-06	0.0001196953067178	-8.500283001922071e-06	-6.429826165246565e-06	-9.321206562162844e-06	0.0001200254658076	8.192672465194903e-07	8.207752172107393e-07	sub-22653	ses-2				space-ACPC			DSIStudio	autotrackgqi
CranialNerve_CNVL	tyy	DSIStudio	/scratch/executivefunction/SLURM_13244013_206/job-13244013-206-sub-22653-ses-2/ds/inputs/data/qsiprep/qsiprep/sub-22653/ses-2/dwi/sub-22653_ses-2_space-ACPC_desc-preproc_dwi.nii.gz	0.0055096418732782	0.0013521956061528	0.0008574517752312	0.0010253195650875	0.0013596869945525	0.0010257326066493	0.000853879888577	0.0014885955591255	0.001491334985538	sub-22653	ses-2				space-ACPC			DSIStudio	autotrackgqi
CranialNerve_CNVL	tyz	DSIStudio	/scratch/executivefunction/SLURM_13244013_206/job-13244013-206-sub-22653-ses-2/ds/inputs/data/qsiprep/qsiprep/sub-22653/ses-2/dwi/sub-22653_ses-2_space-ACPC_desc-preproc_dwi.nii.gz	0.0055096418732782	2.762320686978764e-05	0.0001866711998501	2.188650432799477e-05	2.777624402696097e-05	2.280897206219379e-05	0.0001871762256426	7.458532787269308e-05	7.472258596030191e-05	sub-22653	ses-2				space-ACPC			DSIStudio	autotrackgqi
CranialNerve_CNVL	tzz	DSIStudio	/scratch/executivefunction/SLURM_13244013_206/job-13244013-206-sub-22653-ses-2/ds/inputs/data/qsiprep/qsiprep/sub-22653/ses-2/dwi/sub-22653_ses-2_space-ACPC_desc-preproc_dwi.nii.gz	0.0055096418732782	0.0012690095662136	0.0008213190035874	0.0010058146435767	0.0012760400901261	0.0010160106467083	0.0008181264431493	0.001208823527423	0.0012110480973319	sub-22653	ses-2				space-ACPC			DSIStudio	autotrackgqi
CranialNerve_CNVIIL	ad	DSIStudio	/scratch/executivefunction/SLURM_13244013_206/job-13244013-206-sub-22653-ses-2/ds/inputs/data/qsiprep/qsiprep/sub-22653/ses-2/dwi/sub-22653_ses-2_space-ACPC_desc-preproc_dwi.nii.gz	0.0097560975609756	1.1497113258858038	0.5122295960540824	1.0057793855667114	1.1610385310669449	1.0095757246017456	0.5018095791778756	1.2203735464020606	1.232802823618372	sub-22653	ses-2				space-ACPC			DSIStudio	autotrackgqi
CranialNerve_CNVIIL	dti_fa	DSIStudio	/scratch/executivefunction/SLURM_13244013_206/job-13244013-206-sub-22653-ses-2/ds/inputs/data/qsiprep/qsiprep/sub-22653/ses-2/dwi/sub-22653_ses-2_space-ACPC_desc-preproc_dwi.nii.gz	0.0097560975609756	0.2535016932199156	0.1240418515784437	0.2320090234279632	0.255999246847698	0.2323689460754394	0.1220598175296206	0.2547650262656678	0.2573597600793245	sub-22653	ses-2				space-ACPC			DSIStudio	autotrackgqi
CranialNerve_CNVIIL	gfa	DSIStudio	/scratch/executivefunction/SLURM_13244013_206/job-13244013-206-sub-22653-ses-2/ds/inputs/data/qsiprep/qsiprep/sub-22653/ses-2/dwi/sub-22653_ses-2_space-ACPC_desc-preproc_dwi.nii.gz	0.0097560975609756	0.0525344892336827	0.0266043384969987	0.0445790886878967	0.0530520704083988	0.0447030216455459	0.0262165097329684	0.0546383618982344	0.0551948434114583	sub-22653	ses-2				space-ACPC			DSIStudio	autotrackgqi
CranialNerve_CNVIIL	ha	DSIStudio	/scratch/executivefunction/SLURM_13244013_206/job-13244013-206-sub-22653-ses-2/ds/inputs/data/qsiprep/qsiprep/sub-22653/ses-2/dwi/sub-22653_ses-2_space-ACPC_desc-preproc_dwi.nii.gz	0.0097560975609756	-7.301583627254013	34.29190166034338	-7.139894485473633	-7.373520411758979	-7.773658275604248	34.452716204996946	-8.957596322989207	-9.048827665952334	sub-22653	ses-2				space-ACPC			DSIStudio	autotrackgqi
CranialNerve_CNVIIL	iso	DSIStudio	/scratch/executivefunction/SLURM_13244013_206/job-13244013-206-sub-22653-ses-2/ds/inputs/data/qsiprep/qsiprep/sub-22653/ses-2/dwi/sub-22653_ses-2_space-ACPC_desc-preproc_dwi.nii.gz	0.0097560975609756	0.774690463557476	0.2050477040440323	0.7917003631591797	0.7823228819176481	0.7941210865974426	0.1910177414106446	0.7524501024983368	0.7601136652514092	sub-22653	ses-2				space-ACPC			DSIStudio	autotrackgqi
CranialNerve_CNVIIL	md	DSIStudio	/scratch/executivefunction/SLURM_13244013_206/job-13244013-206-sub-22653-ses-2/ds/inputs/data/qsiprep/qsiprep/sub-22653/ses-2/dwi/sub-22653_ses-2_space-ACPC_desc-preproc_dwi.nii.gz	0.0097560975609756	0.914806308639728	0.4450127779342378	0.7519345879554749	0.9238191786755874	0.7538192272186279	0.4377912831441068	0.9698999521589968	0.979778202490298	sub-22653	ses-2				space-ACPC			DSIStudio	autotrackgqi
CranialNerve_CNVIIL	qa	DSIStudio	/scratch/executivefunction/SLURM_13244013_206/job-13244013-206-sub-22653-ses-2/ds/inputs/data/qsiprep/qsiprep/sub-22653/ses-2/dwi/sub-22653_ses-2_space-ACPC_desc-preproc_dwi.nii.gz	0.0097560975609756	0.1718300493146345	0.0805930410866757	0.1582613438367843	0.1735229562044339	0.1592435836791992	0.0791547380691039	0.1756191542310097	0.1774078023958704	sub-22653	ses-2				space-ACPC			DSIStudio	autotrackgqi
CranialNerve_CNVIIL	rd1	DSIStudio	/scratch/executivefunction/SLURM_13244013_206/job-13244013-206-sub-22653-ses-2/ds/inputs/data/qsiprep/qsiprep/sub-22653/ses-2/dwi/sub-22653_ses-2_space-ACPC_desc-preproc_dwi.nii.gz	0.0097560975609756	0.8840750601718096	0.4407053193924231	0.7336532473564148	0.8927851592868028	0.7342923283576965	0.4340028115844178	0.9399719565701958	0.9495453957610044	sub-22653	ses-2				space-ACPC			DSIStudio	autotrackgqi
CranialNerve_CNVIIL	rd2	DSIStudio	/scratch/executivefunction/SLURM_13244013_206/job-13244013-206-sub-22653-ses-2/ds/inputs/data/qsiprep/qsiprep/sub-22653/ses-2/dwi/sub-22653_ses-2_space-ACPC_desc-preproc_dwi.nii.gz	0.0097560975609756	0.71063253111471	0.417508437740842	0.571564793586731	0.7176338368399782	0.5741878747940063	0.4135290728166259	0.7493543539294751	0.7569863885205858	sub-22653	ses-2				space-ACPC			DSIStudio	autotrackgqi
CranialNerve_CNVIIL	rd	DSIStudio	/scratch/executivefunction/SLURM_13244013_206/job-13244013-206-sub-22653-ses-2/ds/inputs/data/qsiprep/qsiprep/sub-22653/ses-2/dwi/sub-22653_ses-2_space-ACPC_desc-preproc_dwi.nii.gz	0.0097560975609756	0.7973537941531437	0.425115794425243	0.6420754790306091	0.8052094965585934	0.6439642906188965	0.4197362016554646	0.844663154175928	0.85326589105595	sub-22653	ses-2				space-ACPC			DSIStudio	autotrackgqi
CranialNerve_CNVIIL	txx	DSIStudio	/scratch/executivefunction/SLURM_13244013_206/job-13244013-206-sub-22653-ses-2/ds/inputs/data/qsiprep/qsiprep/sub-22653/ses-2/dwi/sub-22653_ses-2_space-ACPC_desc-preproc_dwi.nii.gz	0.0097560975609756	0.0009237338216668	0.0004819417246688	0.0007635608781129	0.000932834647496	0.0007670088671147	0.0004754646288503	0.000983071522542	0.0009930839231279	sub-22653	ses-2				space-ACPC			DSIStudio	autotrackgqi
CranialNerve_CNVIIL	txy	DSIStudio	/scratch/executivefunction/SLURM_13244013_206/job-13244013-206-sub-22653-ses-2/ds/inputs/data/qsiprep/qsiprep/sub-22653/ses-2/dwi/sub-22653_ses-2_space-ACPC_desc-preproc_dwi.nii.gz	0.0097560975609756	-3.769306773120861e-05	0.0001171339890208	-5.185158443055116e-05	-3.8064428004422485e-05	-5.264450373942964e-05	0.0001176495297071	-5.9314058196261146e-05	-5.991816088006218e-05	sub-22653	ses-2				space-ACPC			DSIStudio	autotrackgqi
CranialNerve_CNVIIL	txz	DSIStudio	/scratch/executivefunction/SLURM_13244013_206/job-13244013-206-sub-22653-ses-2/ds/inputs/data/qsiprep/qsiprep/sub-22653/ses-2/dwi/sub-22653_ses-2_space-ACPC_desc-preproc_dwi.nii.gz	0.0097560975609756	2.2035425059137317e-05	0.0001100395966767	2.2820840968051925e-05	2.225252284297118e-05	2.493533247616142e-05	0.0001105584891666	2.9839227585112336e-05	3.0143134286326795e-05	sub-22653	ses-2				space-ACPC			DSIStudio	autotrackgqi
CranialNerve_CNVIIL	tyy	DSIStudio	/scratch/executivefunction/SLURM_13244013_206/job-13244013-206-sub-22653-ses-2/ds/inputs/data/qsiprep/qsiprep/sub-22653/ses-2/dwi/sub-22653_ses-2_space-ACPC_desc-preproc_dwi.nii.gz	0.0097560975609756	0.000941031490409	0.0004534236716883	0.0008036711951717	0.0009503027366199	0.0008118354598991	0.0004458789997923	0.0010105679665533	0.0010208604133513	sub-22653	ses-2				space-ACPC			DSIStudio	autotrackgqi
CranialNerve_CNVIIL	tyz	DSIStudio	/scratch/executivefunction/SLURM_13244013_206/job-13244013-206-sub-22653-ses-2/ds/inputs/data/qsiprep/qsiprep/sub-22653/ses-2/dwi/sub-22653_ses-2_space-ACPC_desc-preproc_dwi.nii.gz	0.0097560975609756	8.359370404047873e-06	0.0001014218425309	5.007191248296294e-06	8.441728733151792e-06	6.0495985962916166e-06	0.0001019168221686	3.265600896486459e-05	3.298860472230411e-05	sub-22653	ses-2				space-ACPC			DSIStudio	autotrackgqi
CranialNerve_CNVIIL	tzz	DSIStudio	/scratch/executivefunction/SLURM_13244013_206/job-13244013-206-sub-22653-ses-2/ds/inputs/data/qsiprep/qsiprep/sub-22653/ses-2/dwi/sub-22653_ses-2_space-ACPC_desc-preproc_dwi.nii.gz	0.0097560975609756	0.0008796536074752	0.0004611702057188	0.0007200291729532	0.0008883201454799	0.0007246703607961	0.0004550545546281	0.0009160603767475	0.0009253902804529	sub-22653	ses-2				space-ACPC			DSIStudio	autotrackgqi
CranialNerve_CNVIIIL	ad	DSIStudio	/scratch/executivefunction/SLURM_13244013_206/job-13244013-206-sub-22653-ses-2/ds/inputs/data/qsiprep/qsiprep/sub-22653/ses-2/dwi/sub-22653_ses-2_space-ACPC_desc-preproc_dwi.nii.gz	0.0025380710659898	1.2775341419600794	0.7007997546140879	1.058740317821503	1.2807848649676117	1.0593678951263428	0.6987177464494976	1.3319256894229323	1.3364373474002644	sub-22653	ses-2				space-ACPC			DSIStudio	autotrackgqi
CranialNerve_CNVIIIL	dti_fa	DSIStudio	/scratch/executivefunction/SLURM_13244013_206/job-13244013-206-sub-22653-ses-2/ds/inputs/data/qsiprep/qsiprep/sub-22653/ses-2/dwi/sub-22653_ses-2_space-ACPC_desc-preproc_dwi.nii.gz	0.0025380710659898	0.3211295354209979	0.1735755591499365	0.2727483808994293	0.3219466589207969	0.2732163965702057	0.1730377627545803	0.3566349110620518	0.3578429482631002	sub-22653	ses-2				space-ACPC			DSIStudio	autotrackgqi
CranialNerve_CNVIIIL	gfa	DSIStudio	/scratch/executivefunction/SLURM_13244013_206/job-13244013-206-sub-22653-ses-2/ds/inputs/data/qsiprep/qsiprep/sub-22653/ses-2/dwi/sub-22653_ses-2_space-ACPC_desc-preproc_dwi.nii.gz	0.0025380710659898	0.0672020312641351	0.0355668908023328	0.0584433805197477	0.0673730287991584	0.0585574358701705	0.0354499920800974	0.0770439694494528	0.0773049421497715	sub-22653	ses-2				space-ACPC			DSIStudio	autotrackgqi
CranialNerve_CNVIIIL	ha	DSIStudio	/scratch/executivefunction/SLURM_13244013_206/job-13244013-206-sub-22653-ses-2/ds/inputs/data/qsiprep/qsiprep/sub-22653/ses-2/dwi/sub-22653_ses-2_space-ACPC_desc-preproc_dwi.nii.gz	0.0025380710659898	14.892370596591087	35.12014583228255	18.11030101776123	14.93026466935595	18.27308654785156	35.15675411414457	12.019124238834529	12.05983685474682	sub-22653	ses-2				space-ACPC			DSIStudio	autotrackgqi
CranialNerve_CNVIIIL	iso	DSIStudio	/scratch/executivefunction/SLURM_13244013_206/job-13244013-206-sub-22653-ses-2/ds/inputs/data/qsiprep/qsiprep/sub-22653/ses-2/dwi/sub-22653_ses-2_space-ACPC_desc-preproc_dwi.nii.gz	0.0025380710659898	0.7521697267694573	0.1937483158787896	0.7682740390300751	0.7540836446492777	0.7685542106628418	0.1902384643492226	0.7256505073981852	0.7281085184841518	sub-22653	ses-2				space-ACPC			DSIStudio	autotrackgqi
CranialNerve_CNVIIIL	md	DSIStudio	/scratch/executivefunction/SLURM_13244013_206/job-13244013-206-sub-22653-ses-2/ds/inputs/data/qsiprep/qsiprep/sub-22653/ses-2/dwi/sub-22653_ses-2_space-ACPC_desc-preproc_dwi.nii.gz	0.0025380710659898	0.9632137147757004	0.6193146114843207	0.7351470589637756	0.96566464025859	0.7354333996772766	0.6181907243059305	0.9690451975816412	0.9723276628892844	sub-22653	ses-2				space-ACPC			DSIStudio	autotrackgqi
CranialNerve_CNVIIIL	qa	DSIStudio	/scratch/executivefunction/SLURM_13244013_206/job-13244013-206-sub-22653-ses-2/ds/inputs/data/qsiprep/qsiprep/sub-22653/ses-2/dwi/sub-22653_ses-2_space-ACPC_desc-preproc_dwi.nii.gz	0.0025380710659898	0.2177633773346389	0.1228701527836383	0.1800117269158363	0.2183174826204776	0.180243119597435	0.1225337444203065	0.2464031668448782	0.2472378137028031	sub-22653	ses-2				space-ACPC			DSIStudio	autotrackgqi
CranialNerve_CNVIIIL	rd1	DSIStudio	/scratch/executivefunction/SLURM_13244013_206/job-13244013-206-sub-22653-ses-2/ds/inputs/data/qsiprep/qsiprep/sub-22653/ses-2/dwi/sub-22653_ses-2_space-ACPC_desc-preproc_dwi.nii.gz	0.0025380710659898	0.8935559427400329	0.6277139488145932	0.6889670491218567	0.8958296219836462	0.6894769072532654	0.6268896074721518	0.8857751774826951	0.888775580448238	sub-22653	ses-2				space-ACPC			DSIStudio	autotrackgqi
CranialNerve_CNVIIIL	rd2	DSIStudio	/scratch/executivefunction/SLURM_13244013_206/job-13244013-206-sub-22653-ses-2/ds/inputs/data/qsiprep/qsiprep/sub-22653/ses-2/dwi/sub-22653_ses-2_space-ACPC_desc-preproc_dwi.nii.gz	0.0025380710659898	0.7185510544645303	0.5776913716235361	0.5305646061897278	0.7203794286489184	0.5313671827316284	0.5772862172540002	0.6894347208221432	0.6917700557852025	sub-22653	ses-2				space-ACPC			DSIStudio	autotrackgqi
CranialNerve_CNVIIIL	rd	DSIStudio	/scratch/executivefunction/SLURM_13244013_206/job-13244013-206-sub-22653-ses-2/ds/inputs/data/qsiprep/qsiprep/sub-22653/ses-2/dwi/sub-22653_ses-2_space-ACPC_desc-preproc_dwi.nii.gz	0.0025380710659898	0.806053498120074	0.5997204707806015	0.603099137544632	0.8081045248328477	0.6037102937698364	0.5991013072219079	0.7876049496659948	0.7902728186320356	sub-22653	ses-2				space-ACPC			DSIStudio	autotrackgqi
CranialNerve_CNVIIIL	txx	DSIStudio	/scratch/executivefunction/SLURM_13244013_206/job-13244013-206-sub-22653-ses-2/ds/inputs/data/qsiprep/qsiprep/sub-22653/ses-2/dwi/sub-22653_ses-2_space-ACPC_desc-preproc_dwi.nii.gz	0.0025380710659898	0.0009178742829906	0.0006689306372536	0.0006925192428752	0.0009202098409626	0.0006934331031516	0.0006681748199004	0.0009266643939791	0.0009298033015706	sub-22653	ses-2				space-ACPC			DSIStudio	autotrackgqi
CranialNerve_CNVIIIL	txy	DSIStudio	/scratch/executivefunction/SLURM_13244013_206/job-13244013-206-sub-22653-ses-2/ds/inputs/data/qsiprep/qsiprep/sub-22653/ses-2/dwi/sub-22653_ses-2_space-ACPC_desc-preproc_dwi.nii.gz	0.0025380710659898	-2.351826938589013e-05	0.0001471281767572	-4.909903509542346e-05	-2.3578112310536163e-05	-4.927020927425474e-05	0.0001473104547385	-7.283076084448585e-05	-7.307746173707279e-05	sub-22653	ses-2				space-ACPC			DSIStudio	autotrackgqi
CranialNerve_CNVIIIL	txz	DSIStudio	/scratch/executivefunction/SLURM_13244013_206/job-13244013-206-sub-22653-ses-2/ds/inputs/data/qsiprep/qsiprep/sub-22653/ses-2/dwi/sub-22653_ses-2_space-ACPC_desc-preproc_dwi.nii.gz	0.0025380710659898	-1.7514827068502717e-05	0.0001211238685318	-2.9912184800195973e-05	-1.7559394058498908e-05	-3.0064877137192525e-05	0.0001212746458499	-5.15988954905085e-06	-5.177367824869497e-06	sub-22653	ses-2				space-ACPC			DSIStudio	autotrackgqi
CranialNerve_CNVIIIL	tyy	DSIStudio	/scratch/executivefunction/SLURM_13244013_206/job-13244013-206-sub-22653-ses-2/ds/inputs/data/qsiprep/qsiprep/sub-22653/ses-2/dwi/sub-22653_ses-2_space-ACPC_desc-preproc_dwi.nii.gz	0.0025380710659898	0.0010385270776944	0.0006211189445298	0.0008595243853051	0.0010411696402331	0.0008597270934842	0.0006196926965137	0.0010909120784735	0.0010946073466101	sub-22653	ses-2				space-ACPC			DSIStudio	autotrackgqi
CranialNerve_CNVIIIL	tyz	DSIStudio	/scratch/executivefunction/SLURM_13244013_206/job-13244013-206-sub-22653-ses-2/ds/inputs/data/qsiprep/qsiprep/sub-22653/ses-2/dwi/sub-22653_ses-2_space-ACPC_desc-preproc_dwi.nii.gz	0.0025380710659898	7.272842261600941e-05	0.0001559252824578	5.156061888555996e-05	7.291348221554123e-05	5.16283034812659e-05	0.0001560803149994	7.941262383478876e-05	7.968162001860618e-05	sub-22653	ses-2				space-ACPC			DSIStudio	autotrackgqi
CranialNerve_CNVIIIL	tzz	DSIStudio	/scratch/executivefunction/SLURM_13244013_206/job-13244013-206-sub-22653-ses-2/ds/inputs/data/qsiprep/qsiprep/sub-22653/ses-2/dwi/sub-22653_ses-2_space-ACPC_desc-preproc_dwi.nii.gz	0.0025380710659898	0.0009332397830449	0.000637917907815	0.0007386399374809	0.0009356144389814	0.0007394283311441	0.0006369874124164	0.000889559121409	0.0008925723416077	sub-22653	ses-2				space-ACPC			DSIStudio	autotrackgqi
