bundle	variable_name	qsirecon_suffix	source_file	zero_proportion	mean	stdev	median	masked_mean	masked_median	masked_stdev	weighted_mean	masked_weighted_mean	subject_id	session_id	task_id	dir_id	acq_id	space_id	rec_id	run_id	bundle_source	bundle_params_id
Association_MiddleLongitudinalFasciculusL	ad	TORTOISE_model-MAPMRI	/scratch/executivefunction/SLURM_13244013_43/job-13244013-43-sub-20333-ses-1/ds/inputs/data/qsiprep/qsiprep/sub-20333/ses-1/dwi/sub-20333_ses-1_space-ACPC_desc-preproc_dwi.nii.gz	0.0016220600162206	1085.0574793468083	295.5342062747783	1019.8144444018916	1086.8203672092727	1019.9587750037404	292.5173948620382	1126.6796591312118	1126.791217354571	sub-20333	ses-1				space-ACPC			DSIStudio	autotrackgqi
Association_MiddleLongitudinalFasciculusL	am	TORTOISE_model-MAPMRI	/scratch/executivefunction/SLURM_13244013_43/job-13244013-43-sub-20333-ses-1/ds/inputs/data/qsiprep/qsiprep/sub-20333/ses-1/dwi/sub-20333_ses-1_space-ACPC_desc-preproc_dwi.nii.gz	0.0016220600162206	562.910400390625	147.7021026611328	520.7259521484375	563.824951171875	520.8834228515625	146.06747436523438	492.7745666503906	492.8233642578125	sub-20333	ses-1				space-ACPC			DSIStudio	autotrackgqi
Association_MiddleLongitudinalFasciculusL	fa	TORTOISE_model-MAPMRI	/scratch/executivefunction/SLURM_13244013_43/job-13244013-43-sub-20333-ses-1/ds/inputs/data/qsiprep/qsiprep/sub-20333/ses-1/dwi/sub-20333_ses-1_space-ACPC_desc-preproc_dwi.nii.gz	0.0016220600162206	0.2758815208187538	0.1680394643871448	0.2395995134221062	0.2763297442481912	0.2398831194195426	0.1678072736029474	0.3546819571935835	0.3547170763401746	sub-20333	ses-1				space-ACPC			DSIStudio	autotrackgqi
Association_MiddleLongitudinalFasciculusL	li	TORTOISE_model-MAPMRI	/scratch/executivefunction/SLURM_13244013_43/job-13244013-43-sub-20333-ses-1/ds/inputs/data/qsiprep/qsiprep/sub-20333/ses-1/dwi/sub-20333_ses-1_space-ACPC_desc-preproc_dwi.nii.gz	0.0016220600162206	0.1540126651525497	0.1209304183721542	0.1149314641952514	0.1542628854513168	0.115171879529953	0.1208690479397773	0.2130036652088165	0.213024765253067	sub-20333	ses-1				space-ACPC			DSIStudio	autotrackgqi
Association_MiddleLongitudinalFasciculusL	ng	TORTOISE_model-MAPMRI	/scratch/executivefunction/SLURM_13244013_43/job-13244013-43-sub-20333-ses-1/ds/inputs/data/qsiprep/qsiprep/sub-20333/ses-1/dwi/sub-20333_ses-1_space-ACPC_desc-preproc_dwi.nii.gz	0.0016220600162206	0.249014526605606	0.0892283841967582	0.2481155693531036	0.249419093132019	0.248838186264038	0.0887340530753135	0.3014075458049774	0.3014373779296875	sub-20333	ses-1				space-ACPC			DSIStudio	autotrackgqi
Association_MiddleLongitudinalFasciculusL	ngpar	TORTOISE_model-MAPMRI	/scratch/executivefunction/SLURM_13244013_43/job-13244013-43-sub-20333-ses-1/ds/inputs/data/qsiprep/qsiprep/sub-20333/ses-1/dwi/sub-20333_ses-1_space-ACPC_desc-preproc_dwi.nii.gz	0.0016220600162206	0.1247449591755867	0.0333260968327522	0.121555209159851	0.1249476298689842	0.1216635704040527	0.0329713448882103	0.1358519941568374	0.1358654499053955	sub-20333	ses-1				space-ACPC			DSIStudio	autotrackgqi
Association_MiddleLongitudinalFasciculusL	ngperp	TORTOISE_model-MAPMRI	/scratch/executivefunction/SLURM_13244013_43/job-13244013-43-sub-20333-ses-1/ds/inputs/data/qsiprep/qsiprep/sub-20333/ses-1/dwi/sub-20333_ses-1_space-ACPC_desc-preproc_dwi.nii.gz	0.0016220600162206	0.2177304178476333	0.0783717334270477	0.2146498411893844	0.2180841714143753	0.2148481607437133	0.0779420360922813	0.2638136744499206	0.2638397812843323	sub-20333	ses-1				space-ACPC			DSIStudio	autotrackgqi
Association_MiddleLongitudinalFasciculusL	pa	TORTOISE_model-MAPMRI	/scratch/executivefunction/SLURM_13244013_43/job-13244013-43-sub-20333-ses-1/ds/inputs/data/qsiprep/qsiprep/sub-20333/ses-1/dwi/sub-20333_ses-1_space-ACPC_desc-preproc_dwi.nii.gz	0.0016220600162206	0.5406233668327332	0.2807588577270508	0.5411115884780884	0.5415017008781433	0.5428759455680847	0.2801392376422882	0.695467472076416	0.6955363750457764	sub-20333	ses-1				space-ACPC			DSIStudio	autotrackgqi
Association_MiddleLongitudinalFasciculusL	path	TORTOISE_model-MAPMRI	/scratch/executivefunction/SLURM_13244013_43/job-13244013-43-sub-20333-ses-1/ds/inputs/data/qsiprep/qsiprep/sub-20333/ses-1/dwi/sub-20333_ses-1_space-ACPC_desc-preproc_dwi.nii.gz	0.0016220600162206	0.2137370556592941	0.1127791553735733	0.1891648471355438	0.2140843123197555	0.1897100806236267	0.1125409230589866	0.2735203504562378	0.2735474407672882	sub-20333	ses-1				space-ACPC			DSIStudio	autotrackgqi
Association_MiddleLongitudinalFasciculusL	rd	TORTOISE_model-MAPMRI	/scratch/executivefunction/SLURM_13244013_43/job-13244013-43-sub-20333-ses-1/ds/inputs/data/qsiprep/qsiprep/sub-20333/ses-1/dwi/sub-20333_ses-1_space-ACPC_desc-preproc_dwi.nii.gz	0.0016220600162206	715.6490054557628	247.58459338009396	679.5774511781773	716.8117170811986	679.6550893902213	246.09810310502837	644.3996354353271	644.4634401585987	sub-20333	ses-1				space-ACPC			DSIStudio	autotrackgqi
Association_MiddleLongitudinalFasciculusL	rtap	TORTOISE_model-MAPMRI	/scratch/executivefunction/SLURM_13244013_43/job-13244013-43-sub-20333-ses-1/ds/inputs/data/qsiprep/qsiprep/sub-20333/ses-1/dwi/sub-20333_ses-1_space-ACPC_desc-preproc_dwi.nii.gz	0.0016220600162206	0.0102704996243119	0.003550476860255	0.0094300564378499	0.0102871861308813	0.0094334129244089	0.0035291230306029	0.0118997320532798	0.0119009111076593	sub-20333	ses-1				space-ACPC			DSIStudio	autotrackgqi
Association_MiddleLongitudinalFasciculusL	rtop	TORTOISE_model-MAPMRI	/scratch/executivefunction/SLURM_13244013_43/job-13244013-43-sub-20333-ses-1/ds/inputs/data/qsiprep/qsiprep/sub-20333/ses-1/dwi/sub-20333_ses-1_space-ACPC_desc-preproc_dwi.nii.gz	0.0016220600162206	0.0002087100583594	6.221337389433756e-05	0.0002026308793574	0.000209049147088	0.0002028030867222	6.169201515149325e-05	0.0002383445971645	0.000238368200371	sub-20333	ses-1				space-ACPC			DSIStudio	autotrackgqi
Association_MiddleLongitudinalFasciculusL	rtpp	TORTOISE_model-MAPMRI	/scratch/executivefunction/SLURM_13244013_43/job-13244013-43-sub-20333-ses-1/ds/inputs/data/qsiprep/qsiprep/sub-20333/ses-1/dwi/sub-20333_ses-1_space-ACPC_desc-preproc_dwi.nii.gz	0.0016220600162206	0.0460272692143917	0.0053183534182608	0.0471176952123642	0.046102050691843	0.0471215471625328	0.0049883173778653	0.0452477745711803	0.0452522560954093	sub-20333	ses-1				space-ACPC			DSIStudio	autotrackgqi
Association_ParietalAslantTractR	ad	TORTOISE_model-MAPMRI	/scratch/executivefunction/SLURM_13244013_43/job-13244013-43-sub-20333-ses-1/ds/inputs/data/qsiprep/qsiprep/sub-20333/ses-1/dwi/sub-20333_ses-1_space-ACPC_desc-preproc_dwi.nii.gz	0.0033551417547391	1042.1001885509636	213.2104390913289	993.7493613917496	1045.6083527945284	994.54070232612	204.8012678305413	1114.2202595401168	1114.6113008646853	sub-20333	ses-1				space-ACPC			DSIStudio	autotrackgqi
Association_ParietalAslantTractR	am	TORTOISE_model-MAPMRI	/scratch/executivefunction/SLURM_13244013_43/job-13244013-43-sub-20333-ses-1/ds/inputs/data/qsiprep/qsiprep/sub-20333/ses-1/dwi/sub-20333_ses-1_space-ACPC_desc-preproc_dwi.nii.gz	0.0033551417547391	574.0132446289062	144.37574768066406	560.4425659179688	575.9456176757812	561.337158203125	140.7180938720703	514.265625	514.4461059570312	sub-20333	ses-1				space-ACPC			DSIStudio	autotrackgqi
Association_ParietalAslantTractR	fa	TORTOISE_model-MAPMRI	/scratch/executivefunction/SLURM_13244013_43/job-13244013-43-sub-20333-ses-1/ds/inputs/data/qsiprep/qsiprep/sub-20333/ses-1/dwi/sub-20333_ses-1_space-ACPC_desc-preproc_dwi.nii.gz	0.0033551417547391	0.2635342387712047	0.161661669755323	0.2157320662606561	0.2644214100850279	0.2164440730077226	0.161207594427367	0.3728135584193133	0.372944399397082	sub-20333	ses-1				space-ACPC			DSIStudio	autotrackgqi
Association_ParietalAslantTractR	li	TORTOISE_model-MAPMRI	/scratch/executivefunction/SLURM_13244013_43/job-13244013-43-sub-20333-ses-1/ds/inputs/data/qsiprep/qsiprep/sub-20333/ses-1/dwi/sub-20333_ses-1_space-ACPC_desc-preproc_dwi.nii.gz	0.0033551417547391	0.1416970789432525	0.1128750145435333	0.0979071334004402	0.14217409491539	0.0983498841524124	0.1127645373344421	0.218304306268692	0.2183809280395507	sub-20333	ses-1				space-ACPC			DSIStudio	autotrackgqi
Association_ParietalAslantTractR	ng	TORTOISE_model-MAPMRI	/scratch/executivefunction/SLURM_13244013_43/job-13244013-43-sub-20333-ses-1/ds/inputs/data/qsiprep/qsiprep/sub-20333/ses-1/dwi/sub-20333_ses-1_space-ACPC_desc-preproc_dwi.nii.gz	0.0033551417547391	0.2335936725139618	0.0867910012602806	0.2159807384014129	0.2343800514936447	0.2163786143064499	0.0858703926205635	0.2885850071907043	0.2886862754821777	sub-20333	ses-1				space-ACPC			DSIStudio	autotrackgqi
Association_ParietalAslantTractR	ngpar	TORTOISE_model-MAPMRI	/scratch/executivefunction/SLURM_13244013_43/job-13244013-43-sub-20333-ses-1/ds/inputs/data/qsiprep/qsiprep/sub-20333/ses-1/dwi/sub-20333_ses-1_space-ACPC_desc-preproc_dwi.nii.gz	0.0033551417547391	0.1179663017392158	0.0352313295006752	0.1131108850240707	0.118363432586193	0.1131925582885742	0.0346182025969028	0.1238318160176277	0.1238752752542495	sub-20333	ses-1				space-ACPC			DSIStudio	autotrackgqi
Association_ParietalAslantTractR	ngperp	TORTOISE_model-MAPMRI	/scratch/executivefunction/SLURM_13244013_43/job-13244013-43-sub-20333-ses-1/ds/inputs/data/qsiprep/qsiprep/sub-20333/ses-1/dwi/sub-20333_ses-1_space-ACPC_desc-preproc_dwi.nii.gz	0.0033551417547391	0.2034915536642074	0.0755570232868194	0.1891717314720153	0.2041766047477722	0.1895860880613327	0.074754349887371	0.2536637485027313	0.2537527680397033	sub-20333	ses-1				space-ACPC			DSIStudio	autotrackgqi
Association_ParietalAslantTractR	pa	TORTOISE_model-MAPMRI	/scratch/executivefunction/SLURM_13244013_43/job-13244013-43-sub-20333-ses-1/ds/inputs/data/qsiprep/qsiprep/sub-20333/ses-1/dwi/sub-20333_ses-1_space-ACPC_desc-preproc_dwi.nii.gz	0.0033551417547391	0.504863977432251	0.2721981406211853	0.4409799575805664	0.5065635442733765	0.4442735612392425	0.271072506904602	0.6913105845451355	0.6915532946586609	sub-20333	ses-1				space-ACPC			DSIStudio	autotrackgqi
Association_ParietalAslantTractR	path	TORTOISE_model-MAPMRI	/scratch/executivefunction/SLURM_13244013_43/job-13244013-43-sub-20333-ses-1/ds/inputs/data/qsiprep/qsiprep/sub-20333/ses-1/dwi/sub-20333_ses-1_space-ACPC_desc-preproc_dwi.nii.gz	0.0033551417547391	0.2002593725919723	0.1105041801929473	0.1598294079303741	0.2009335309267044	0.1607552766799926	0.1100764274597168	0.2765306532382965	0.2766277194023132	sub-20333	ses-1				space-ACPC			DSIStudio	autotrackgqi
Association_ParietalAslantTractR	rd	TORTOISE_model-MAPMRI	/scratch/executivefunction/SLURM_13244013_43/job-13244013-43-sub-20333-ses-1/ds/inputs/data/qsiprep/qsiprep/sub-20333/ses-1/dwi/sub-20333_ses-1_space-ACPC_desc-preproc_dwi.nii.gz	0.0033551417547391	696.0057076024761	177.9049739155234	683.5313388950449	698.3487667090321	683.9969891910207	173.55245786455703	614.7091970263469	614.9249321540105	sub-20333	ses-1				space-ACPC			DSIStudio	autotrackgqi
Association_ParietalAslantTractR	rtap	TORTOISE_model-MAPMRI	/scratch/executivefunction/SLURM_13244013_43/job-13244013-43-sub-20333-ses-1/ds/inputs/data/qsiprep/qsiprep/sub-20333/ses-1/dwi/sub-20333_ses-1_space-ACPC_desc-preproc_dwi.nii.gz	0.0033551417547391	0.0101529881358146	0.0035968078300356	0.0089365737512707	0.010187167674303	0.0089494315907359	0.0035542070399969	0.0125472787767648	0.012551681138575	sub-20333	ses-1				space-ACPC			DSIStudio	autotrackgqi
Association_ParietalAslantTractR	rtop	TORTOISE_model-MAPMRI	/scratch/executivefunction/SLURM_13244013_43/job-13244013-43-sub-20333-ses-1/ds/inputs/data/qsiprep/qsiprep/sub-20333/ses-1/dwi/sub-20333_ses-1_space-ACPC_desc-preproc_dwi.nii.gz	0.0033551417547391	0.0002065340377157	6.234740430954844e-05	0.0001913036976475	0.0002072293282253	0.0001914481836138	6.12878575338982e-05	0.000247448333539	0.0002475352084729	sub-20333	ses-1				space-ACPC			DSIStudio	autotrackgqi
Association_ParietalAslantTractR	rtpp	TORTOISE_model-MAPMRI	/scratch/executivefunction/SLURM_13244013_43/job-13244013-43-sub-20333-ses-1/ds/inputs/data/qsiprep/qsiprep/sub-20333/ses-1/dwi/sub-20333_ses-1_space-ACPC_desc-preproc_dwi.nii.gz	0.0033551417547391	0.0465330183506011	0.0048630950041115	0.0474096089601516	0.0466896705329418	0.0474371872842311	0.0040515861473977	0.0452965460717678	0.0453124418854713	sub-20333	ses-1				space-ACPC			DSIStudio	autotrackgqi
Association_ExtremeCapsuleL	ad	TORTOISE_model-MAPMRI	/scratch/executivefunction/SLURM_13244013_43/job-13244013-43-sub-20333-ses-1/ds/inputs/data/qsiprep/qsiprep/sub-20333/ses-1/dwi/sub-20333_ses-1_space-ACPC_desc-preproc_dwi.nii.gz	0.0	1121.380440423036	260.9595581753618	1062.8700081545574	1121.380440423036	1062.8700081545574	260.9595581753618	1127.4646148336967	1127.4646148336967	sub-20333	ses-1				space-ACPC			DSIStudio	autotrackgqi
Association_ExtremeCapsuleL	am	TORTOISE_model-MAPMRI	/scratch/executivefunction/SLURM_13244013_43/job-13244013-43-sub-20333-ses-1/ds/inputs/data/qsiprep/qsiprep/sub-20333/ses-1/dwi/sub-20333_ses-1_space-ACPC_desc-preproc_dwi.nii.gz	0.0	513.8980102539062	131.64454650878906	471.1969299316406	513.8980102539062	471.1969299316406	131.64454650878906	482.57659912109375	482.57659912109375	sub-20333	ses-1				space-ACPC			DSIStudio	autotrackgqi
Association_ExtremeCapsuleL	fa	TORTOISE_model-MAPMRI	/scratch/executivefunction/SLURM_13244013_43/job-13244013-43-sub-20333-ses-1/ds/inputs/data/qsiprep/qsiprep/sub-20333/ses-1/dwi/sub-20333_ses-1_space-ACPC_desc-preproc_dwi.nii.gz	0.0	0.3348533817339382	0.1687804965072274	0.3165270949915675	0.3348533817339382	0.3165270949915675	0.1687804965072274	0.3749229754808266	0.3749229754808266	sub-20333	ses-1				space-ACPC			DSIStudio	autotrackgqi
Association_ExtremeCapsuleL	li	TORTOISE_model-MAPMRI	/scratch/executivefunction/SLURM_13244013_43/job-13244013-43-sub-20333-ses-1/ds/inputs/data/qsiprep/qsiprep/sub-20333/ses-1/dwi/sub-20333_ses-1_space-ACPC_desc-preproc_dwi.nii.gz	0.0	0.200551152229309	0.1288886368274688	0.178646981716156	0.200551152229309	0.178646981716156	0.1288886368274688	0.2313060760498047	0.2313060760498047	sub-20333	ses-1				space-ACPC			DSIStudio	autotrackgqi
Association_ExtremeCapsuleL	ng	TORTOISE_model-MAPMRI	/scratch/executivefunction/SLURM_13244013_43/job-13244013-43-sub-20333-ses-1/ds/inputs/data/qsiprep/qsiprep/sub-20333/ses-1/dwi/sub-20333_ses-1_space-ACPC_desc-preproc_dwi.nii.gz	0.0	0.2848212420940399	0.0852006375789642	0.2981291115283966	0.2848212420940399	0.2981291115283966	0.0852006375789642	0.3134088218212127	0.3134088218212127	sub-20333	ses-1				space-ACPC			DSIStudio	autotrackgqi
Association_ExtremeCapsuleL	ngpar	TORTOISE_model-MAPMRI	/scratch/executivefunction/SLURM_13244013_43/job-13244013-43-sub-20333-ses-1/ds/inputs/data/qsiprep/qsiprep/sub-20333/ses-1/dwi/sub-20333_ses-1_space-ACPC_desc-preproc_dwi.nii.gz	0.0	0.1326394081115722	0.0374655127525329	0.1266999840736389	0.1326394081115722	0.1266999840736389	0.0374655127525329	0.1386993527412414	0.1386993527412414	sub-20333	ses-1				space-ACPC			DSIStudio	autotrackgqi
Association_ExtremeCapsuleL	ngperp	TORTOISE_model-MAPMRI	/scratch/executivefunction/SLURM_13244013_43/job-13244013-43-sub-20333-ses-1/ds/inputs/data/qsiprep/qsiprep/sub-20333/ses-1/dwi/sub-20333_ses-1_space-ACPC_desc-preproc_dwi.nii.gz	0.0	0.2452006340026855	0.0733270943164825	0.2565687298774719	0.2452006340026855	0.2565687298774719	0.0733270943164825	0.2701885402202606	0.2701885402202606	sub-20333	ses-1				space-ACPC			DSIStudio	autotrackgqi
Association_ExtremeCapsuleL	pa	TORTOISE_model-MAPMRI	/scratch/executivefunction/SLURM_13244013_43/job-13244013-43-sub-20333-ses-1/ds/inputs/data/qsiprep/qsiprep/sub-20333/ses-1/dwi/sub-20333_ses-1_space-ACPC_desc-preproc_dwi.nii.gz	0.0	0.6454582214355469	0.2440682649612426	0.7060408592224121	0.6454582214355469	0.7060408592224121	0.2440682649612426	0.7193169593811035	0.7193169593811035	sub-20333	ses-1				space-ACPC			DSIStudio	autotrackgqi
Association_ExtremeCapsuleL	path	TORTOISE_model-MAPMRI	/scratch/executivefunction/SLURM_13244013_43/job-13244013-43-sub-20333-ses-1/ds/inputs/data/qsiprep/qsiprep/sub-20333/ses-1/dwi/sub-20333_ses-1_space-ACPC_desc-preproc_dwi.nii.gz	0.0	0.2540350258350372	0.1092229858040809	0.2479976266622543	0.2540350258350372	0.2479976266622543	0.1092229858040809	0.2848374545574188	0.2848374545574188	sub-20333	ses-1				space-ACPC			DSIStudio	autotrackgqi
Association_ExtremeCapsuleL	rd	TORTOISE_model-MAPMRI	/scratch/executivefunction/SLURM_13244013_43/job-13244013-43-sub-20333-ses-1/ds/inputs/data/qsiprep/qsiprep/sub-20333/ses-1/dwi/sub-20333_ses-1_space-ACPC_desc-preproc_dwi.nii.gz	0.0	673.4600355759698	246.70013191646964	631.3542665371491	673.4600355759698	631.3542665371491	246.70013191646964	621.7924641551369	621.7924641551369	sub-20333	ses-1				space-ACPC			DSIStudio	autotrackgqi
Association_ExtremeCapsuleL	rtap	TORTOISE_model-MAPMRI	/scratch/executivefunction/SLURM_13244013_43/job-13244013-43-sub-20333-ses-1/ds/inputs/data/qsiprep/qsiprep/sub-20333/ses-1/dwi/sub-20333_ses-1_space-ACPC_desc-preproc_dwi.nii.gz	0.0	0.0117826154455542	0.0042268824763596	0.0110904546454548	0.0117826154455542	0.0110904546454548	0.0042268824763596	0.0128751769661903	0.0128751769661903	sub-20333	ses-1				space-ACPC			DSIStudio	autotrackgqi
Association_ExtremeCapsuleL	rtop	TORTOISE_model-MAPMRI	/scratch/executivefunction/SLURM_13244013_43/job-13244013-43-sub-20333-ses-1/ds/inputs/data/qsiprep/qsiprep/sub-20333/ses-1/dwi/sub-20333_ses-1_space-ACPC_desc-preproc_dwi.nii.gz	0.0	0.0002376671909587	7.536025805165991e-05	0.0002351986331632	0.0002376671909587	0.0002351986331632	7.536025805165991e-05	0.0002593801473267	0.0002593801473267	sub-20333	ses-1				space-ACPC			DSIStudio	autotrackgqi
Association_ExtremeCapsuleL	rtpp	TORTOISE_model-MAPMRI	/scratch/executivefunction/SLURM_13244013_43/job-13244013-43-sub-20333-ses-1/ds/inputs/data/qsiprep/qsiprep/sub-20333/ses-1/dwi/sub-20333_ses-1_space-ACPC_desc-preproc_dwi.nii.gz	0.0	0.0457174889743328	0.0049462402239441	0.0465593263506889	0.0457174889743328	0.0465593263506889	0.0049462402239441	0.0456754192709922	0.0456754192709922	sub-20333	ses-1				space-ACPC			DSIStudio	autotrackgqi
Association_ParietalAslantTractL	ad	TORTOISE_model-MAPMRI	/scratch/executivefunction/SLURM_13244013_43/job-13244013-43-sub-20333-ses-1/ds/inputs/data/qsiprep/qsiprep/sub-20333/ses-1/dwi/sub-20333_ses-1_space-ACPC_desc-preproc_dwi.nii.gz	0.0247411826636251	1027.8496069713474	282.1569864533994	987.4925182863634	1053.924956842337	992.3551448533824	232.70320422894773	1103.324121345015	1105.9633171963374	sub-20333	ses-1				space-ACPC			DSIStudio	autotrackgqi
Association_ParietalAslantTractL	am	TORTOISE_model-MAPMRI	/scratch/executivefunction/SLURM_13244013_43/job-13244013-43-sub-20333-ses-1/ds/inputs/data/qsiprep/qsiprep/sub-20333/ses-1/dwi/sub-20333_ses-1_space-ACPC_desc-preproc_dwi.nii.gz	0.0247411826636251	562.5302124023438	170.9341583251953	565.2647094726562	576.8009643554688	570.7506103515625	147.40538024902344	511.530517578125	512.754150390625	sub-20333	ses-1				space-ACPC			DSIStudio	autotrackgqi
Association_ParietalAslantTractL	fa	TORTOISE_model-MAPMRI	/scratch/executivefunction/SLURM_13244013_43/job-13244013-43-sub-20333-ses-1/ds/inputs/data/qsiprep/qsiprep/sub-20333/ses-1/dwi/sub-20333_ses-1_space-ACPC_desc-preproc_dwi.nii.gz	0.0247411826636251	0.2405173061821911	0.1582030453410869	0.1874869732144177	0.2466189506895119	0.1914465222229524	0.15542959442628	0.3664011019121064	0.3672775481385663	sub-20333	ses-1				space-ACPC			DSIStudio	autotrackgqi
Association_ParietalAslantTractL	li	TORTOISE_model-MAPMRI	/scratch/executivefunction/SLURM_13244013_43/job-13244013-43-sub-20333-ses-1/ds/inputs/data/qsiprep/qsiprep/sub-20333/ses-1/dwi/sub-20333_ses-1_space-ACPC_desc-preproc_dwi.nii.gz	0.0249166520442182	0.1282695829868316	0.1100480630993843	0.0816522091627121	0.1315473020076751	0.084075927734375	0.109493687748909	0.2164549827575683	0.2169755399227142	sub-20333	ses-1				space-ACPC			DSIStudio	autotrackgqi
Association_ParietalAslantTractL	ng	TORTOISE_model-MAPMRI	/scratch/executivefunction/SLURM_13244013_43/job-13244013-43-sub-20333-ses-1/ds/inputs/data/qsiprep/qsiprep/sub-20333/ses-1/dwi/sub-20333_ses-1_space-ACPC_desc-preproc_dwi.nii.gz	0.0247411826636251	0.2291770875453949	0.0928327292203903	0.2128538340330124	0.234991043806076	0.2156026661396026	0.0864309892058372	0.2860819697380066	0.2867662906646728	sub-20333	ses-1				space-ACPC			DSIStudio	autotrackgqi
Association_ParietalAslantTractL	ngpar	TORTOISE_model-MAPMRI	/scratch/executivefunction/SLURM_13244013_43/job-13244013-43-sub-20333-ses-1/ds/inputs/data/qsiprep/qsiprep/sub-20333/ses-1/dwi/sub-20333_ses-1_space-ACPC_desc-preproc_dwi.nii.gz	0.0247411826636251	0.11884406208992	0.0425963699817657	0.1142647862434387	0.12185899913311	0.1150069311261177	0.038640446960926	0.124929279088974	0.1252281218767166	sub-20333	ses-1				space-ACPC			DSIStudio	autotrackgqi
Association_ParietalAslantTractL	ngperp	TORTOISE_model-MAPMRI	/scratch/executivefunction/SLURM_13244013_43/job-13244013-43-sub-20333-ses-1/ds/inputs/data/qsiprep/qsiprep/sub-20333/ses-1/dwi/sub-20333_ses-1_space-ACPC_desc-preproc_dwi.nii.gz	0.0247411826636251	0.1997466832399368	0.078637883067131	0.1871387064456939	0.2048140168190002	0.1893184781074524	0.072821244597435	0.2517711222171783	0.2523733675479889	sub-20333	ses-1				space-ACPC			DSIStudio	autotrackgqi
Association_ParietalAslantTractL	pa	TORTOISE_model-MAPMRI	/scratch/executivefunction/SLURM_13244013_43/job-13244013-43-sub-20333-ses-1/ds/inputs/data/qsiprep/qsiprep/sub-20333/ses-1/dwi/sub-20333_ses-1_space-ACPC_desc-preproc_dwi.nii.gz	0.0247411826636251	0.4738762378692627	0.2709158062934875	0.3976224362850189	0.4858979284763336	0.4119978547096252	0.2634691894054413	0.6746914386749268	0.6763052940368652	sub-20333	ses-1				space-ACPC			DSIStudio	autotrackgqi
Association_ParietalAslantTractL	path	TORTOISE_model-MAPMRI	/scratch/executivefunction/SLURM_13244013_43/job-13244013-43-sub-20333-ses-1/ds/inputs/data/qsiprep/qsiprep/sub-20333/ses-1/dwi/sub-20333_ses-1_space-ACPC_desc-preproc_dwi.nii.gz	0.0247411826636251	0.1870789378881454	0.1079950630664825	0.1477948874235153	0.1918249130249023	0.1517573595046997	0.1051114276051521	0.2697166502475738	0.270361840724945	sub-20333	ses-1				space-ACPC			DSIStudio	autotrackgqi
Association_ParietalAslantTractL	rd	TORTOISE_model-MAPMRI	/scratch/executivefunction/SLURM_13244013_43/job-13244013-43-sub-20333-ses-1/ds/inputs/data/qsiprep/qsiprep/sub-20333/ses-1/dwi/sub-20333_ses-1_space-ACPC_desc-preproc_dwi.nii.gz	0.0247411826636251	708.7249895581975	233.53598545893485	698.237792021291	726.704518800318	701.0355475367156	207.01894558594057	613.2936316959215	614.760654802115	sub-20333	ses-1				space-ACPC			DSIStudio	autotrackgqi
Association_ParietalAslantTractL	rtap	TORTOISE_model-MAPMRI	/scratch/executivefunction/SLURM_13244013_43/job-13244013-43-sub-20333-ses-1/ds/inputs/data/qsiprep/qsiprep/sub-20333/ses-1/dwi/sub-20333_ses-1_space-ACPC_desc-preproc_dwi.nii.gz	0.0250921214248113	0.0095835793763399	0.0038009244017302	0.008543986827135	0.0098302410915493	0.0086237676441669	0.003520528320223	0.012669738382101	0.0127003509551286	sub-20333	ses-1				space-ACPC			DSIStudio	autotrackgqi
Association_ParietalAslantTractL	rtop	TORTOISE_model-MAPMRI	/scratch/executivefunction/SLURM_13244013_43/job-13244013-43-sub-20333-ses-1/ds/inputs/data/qsiprep/qsiprep/sub-20333/ses-1/dwi/sub-20333_ses-1_space-ACPC_desc-preproc_dwi.nii.gz	0.0250921214248113	0.0001963922695722	7.249729969771579e-05	0.0001845757651608	0.000201447008294	0.0001856381713878	6.612769357161596e-05	0.0002518649562261	0.000252473517321	sub-20333	ses-1				space-ACPC			DSIStudio	autotrackgqi
Association_ParietalAslantTractL	rtpp	TORTOISE_model-MAPMRI	/scratch/executivefunction/SLURM_13244013_43/job-13244013-43-sub-20333-ses-1/ds/inputs/data/qsiprep/qsiprep/sub-20333/ses-1/dwi/sub-20333_ses-1_space-ACPC_desc-preproc_dwi.nii.gz	0.0247411826636251	0.0454854369163513	0.0086253900080919	0.0474527738988399	0.0466393493115901	0.0475616157054901	0.0047399378381669	0.0455174297094345	0.0456263087689876	sub-20333	ses-1				space-ACPC			DSIStudio	autotrackgqi
Association_HippocampusAlveusL	ad	TORTOISE_model-MAPMRI	/scratch/executivefunction/SLURM_13244013_43/job-13244013-43-sub-20333-ses-1/ds/inputs/data/qsiprep/qsiprep/sub-20333/ses-1/dwi/sub-20333_ses-1_space-ACPC_desc-preproc_dwi.nii.gz	0.0	1325.699851259085	491.47182092738416	1184.1547429016318	1325.699851259085	1184.1547429016318	491.47182092738416	1428.1982941339727	1428.1982941339727	sub-20333	ses-1				space-ACPC			DSIStudio	autotrackgqi
Association_HippocampusAlveusL	am	TORTOISE_model-MAPMRI	/scratch/executivefunction/SLURM_13244013_43/job-13244013-43-sub-20333-ses-1/ds/inputs/data/qsiprep/qsiprep/sub-20333/ses-1/dwi/sub-20333_ses-1_space-ACPC_desc-preproc_dwi.nii.gz	0.0	599.0929565429688	166.3306427001953	572.2870483398438	599.0929565429688	572.2870483398438	166.3306427001953	574.589111328125	574.589111328125	sub-20333	ses-1				space-ACPC			DSIStudio	autotrackgqi
Association_HippocampusAlveusL	fa	TORTOISE_model-MAPMRI	/scratch/executivefunction/SLURM_13244013_43/job-13244013-43-sub-20333-ses-1/ds/inputs/data/qsiprep/qsiprep/sub-20333/ses-1/dwi/sub-20333_ses-1_space-ACPC_desc-preproc_dwi.nii.gz	0.0	0.2784279464594027	0.142341380119858	0.2511139680966305	0.2784279464594027	0.2511139680966305	0.142341380119858	0.3219579611778906	0.3219579611778906	sub-20333	ses-1				space-ACPC			DSIStudio	autotrackgqi
Association_HippocampusAlveusL	li	TORTOISE_model-MAPMRI	/scratch/executivefunction/SLURM_13244013_43/job-13244013-43-sub-20333-ses-1/ds/inputs/data/qsiprep/qsiprep/sub-20333/ses-1/dwi/sub-20333_ses-1_space-ACPC_desc-preproc_dwi.nii.gz	0.0	0.1619046926498413	0.1033331677317619	0.1356845200061798	0.1619046926498413	0.1356845200061798	0.1033331677317619	0.1943852305412292	0.1943852305412292	sub-20333	ses-1				space-ACPC			DSIStudio	autotrackgqi
Association_HippocampusAlveusL	ng	TORTOISE_model-MAPMRI	/scratch/executivefunction/SLURM_13244013_43/job-13244013-43-sub-20333-ses-1/ds/inputs/data/qsiprep/qsiprep/sub-20333/ses-1/dwi/sub-20333_ses-1_space-ACPC_desc-preproc_dwi.nii.gz	0.0	0.2506803870201111	0.0842082798480987	0.2437503337860107	0.2506803870201111	0.2437503337860107	0.0842082798480987	0.2838597893714905	0.2838597893714905	sub-20333	ses-1				space-ACPC			DSIStudio	autotrackgqi
Association_HippocampusAlveusL	ngpar	TORTOISE_model-MAPMRI	/scratch/executivefunction/SLURM_13244013_43/job-13244013-43-sub-20333-ses-1/ds/inputs/data/qsiprep/qsiprep/sub-20333/ses-1/dwi/sub-20333_ses-1_space-ACPC_desc-preproc_dwi.nii.gz	0.0	0.126610055565834	0.0349234864115715	0.1223560199141502	0.126610055565834	0.1223560199141502	0.0349234864115715	0.1302601099014282	0.1302601099014282	sub-20333	ses-1				space-ACPC			DSIStudio	autotrackgqi
Association_HippocampusAlveusL	ngperp	TORTOISE_model-MAPMRI	/scratch/executivefunction/SLURM_13244013_43/job-13244013-43-sub-20333-ses-1/ds/inputs/data/qsiprep/qsiprep/sub-20333/ses-1/dwi/sub-20333_ses-1_space-ACPC_desc-preproc_dwi.nii.gz	0.0	0.2159275859594345	0.0744939297437667	0.2105385363101959	0.2159275859594345	0.2105385363101959	0.0744939297437667	0.2468375861644745	0.2468375861644745	sub-20333	ses-1				space-ACPC			DSIStudio	autotrackgqi
Association_HippocampusAlveusL	pa	TORTOISE_model-MAPMRI	/scratch/executivefunction/SLURM_13244013_43/job-13244013-43-sub-20333-ses-1/ds/inputs/data/qsiprep/qsiprep/sub-20333/ses-1/dwi/sub-20333_ses-1_space-ACPC_desc-preproc_dwi.nii.gz	0.0	0.5566235780715942	0.2291540652513504	0.5708866119384766	0.5566235780715942	0.5708866119384766	0.2291540652513504	0.6529455184936523	0.6529455184936523	sub-20333	ses-1				space-ACPC			DSIStudio	autotrackgqi
Association_HippocampusAlveusL	path	TORTOISE_model-MAPMRI	/scratch/executivefunction/SLURM_13244013_43/job-13244013-43-sub-20333-ses-1/ds/inputs/data/qsiprep/qsiprep/sub-20333/ses-1/dwi/sub-20333_ses-1_space-ACPC_desc-preproc_dwi.nii.gz	0.0	0.2107031345367431	0.0905378833413124	0.1985427439212799	0.2107031345367431	0.1985427439212799	0.0905378833413124	0.2455574721097946	0.2455574721097946	sub-20333	ses-1				space-ACPC			DSIStudio	autotrackgqi
Association_HippocampusAlveusL	rd	TORTOISE_model-MAPMRI	/scratch/executivefunction/SLURM_13244013_43/job-13244013-43-sub-20333-ses-1/ds/inputs/data/qsiprep/qsiprep/sub-20333/ses-1/dwi/sub-20333_ses-1_space-ACPC_desc-preproc_dwi.nii.gz	0.0	874.6912617316322	414.13931641949495	744.1260002252353	874.6912617316322	744.1260002252353	414.13931641949495	872.0512261804461	872.0512261804461	sub-20333	ses-1				space-ACPC			DSIStudio	autotrackgqi
Association_HippocampusAlveusL	rtap	TORTOISE_model-MAPMRI	/scratch/executivefunction/SLURM_13244013_43/job-13244013-43-sub-20333-ses-1/ds/inputs/data/qsiprep/qsiprep/sub-20333/ses-1/dwi/sub-20333_ses-1_space-ACPC_desc-preproc_dwi.nii.gz	0.0	0.0086340755224227	0.003427076851949	0.0082648191601037	0.0086340755224227	0.0082648191601037	0.003427076851949	0.0090184351429343	0.0090184351429343	sub-20333	ses-1				space-ACPC			DSIStudio	autotrackgqi
Association_HippocampusAlveusL	rtop	TORTOISE_model-MAPMRI	/scratch/executivefunction/SLURM_13244013_43/job-13244013-43-sub-20333-ses-1/ds/inputs/data/qsiprep/qsiprep/sub-20333/ses-1/dwi/sub-20333_ses-1_space-ACPC_desc-preproc_dwi.nii.gz	0.0	0.0001652325881877	6.749542808393016e-05	0.0001671461650403	0.0001652325881877	0.0001671461650403	6.749542808393016e-05	0.000165478530107	0.000165478530107	sub-20333	ses-1				space-ACPC			DSIStudio	autotrackgqi
Association_HippocampusAlveusL	rtpp	TORTOISE_model-MAPMRI	/scratch/executivefunction/SLURM_13244013_43/job-13244013-43-sub-20333-ses-1/ds/inputs/data/qsiprep/qsiprep/sub-20333/ses-1/dwi/sub-20333_ses-1_space-ACPC_desc-preproc_dwi.nii.gz	0.0	0.0421481058001518	0.0068807085044682	0.0434623509645462	0.0421481058001518	0.0434623509645462	0.0068807085044682	0.0401174202561378	0.0401174202561378	sub-20333	ses-1				space-ACPC			DSIStudio	autotrackgqi
Association_HippocampusAlveusR	ad	TORTOISE_model-MAPMRI	/scratch/executivefunction/SLURM_13244013_43/job-13244013-43-sub-20333-ses-1/ds/inputs/data/qsiprep/qsiprep/sub-20333/ses-1/dwi/sub-20333_ses-1_space-ACPC_desc-preproc_dwi.nii.gz	0.0	1359.390271102729	559.2919737532029	1156.2331047267137	1359.390271102729	1156.2331047267137	559.2919737532029	1401.5849884300046	1401.5849884300046	sub-20333	ses-1				space-ACPC			DSIStudio	autotrackgqi
Association_HippocampusAlveusR	am	TORTOISE_model-MAPMRI	/scratch/executivefunction/SLURM_13244013_43/job-13244013-43-sub-20333-ses-1/ds/inputs/data/qsiprep/qsiprep/sub-20333/ses-1/dwi/sub-20333_ses-1_space-ACPC_desc-preproc_dwi.nii.gz	0.0	647.016357421875	205.93002319335935	612.0048828125	647.016357421875	612.0048828125	205.93002319335935	648.9959716796875	648.9959716796875	sub-20333	ses-1				space-ACPC			DSIStudio	autotrackgqi
Association_HippocampusAlveusR	fa	TORTOISE_model-MAPMRI	/scratch/executivefunction/SLURM_13244013_43/job-13244013-43-sub-20333-ses-1/ds/inputs/data/qsiprep/qsiprep/sub-20333/ses-1/dwi/sub-20333_ses-1_space-ACPC_desc-preproc_dwi.nii.gz	0.0	0.2563916339450313	0.1402336223404409	0.2251346816116029	0.2563916339450313	0.2251346816116029	0.1402336223404409	0.2635559730386432	0.2635559730386432	sub-20333	ses-1				space-ACPC			DSIStudio	autotrackgqi
Association_HippocampusAlveusR	li	TORTOISE_model-MAPMRI	/scratch/executivefunction/SLURM_13244013_43/job-13244013-43-sub-20333-ses-1/ds/inputs/data/qsiprep/qsiprep/sub-20333/ses-1/dwi/sub-20333_ses-1_space-ACPC_desc-preproc_dwi.nii.gz	0.0	0.1445534229278564	0.1010040715336799	0.1182336658239364	0.1445534229278564	0.1182336658239364	0.1010040715336799	0.1530679911375045	0.1530679911375045	sub-20333	ses-1				space-ACPC			DSIStudio	autotrackgqi
Association_HippocampusAlveusR	ng	TORTOISE_model-MAPMRI	/scratch/executivefunction/SLURM_13244013_43/job-13244013-43-sub-20333-ses-1/ds/inputs/data/qsiprep/qsiprep/sub-20333/ses-1/dwi/sub-20333_ses-1_space-ACPC_desc-preproc_dwi.nii.gz	0.0	0.2483401745557785	0.0865492522716522	0.2351630181074142	0.2483401745557785	0.2351630181074142	0.0865492522716522	0.2625445127487182	0.2625445127487182	sub-20333	ses-1				space-ACPC			DSIStudio	autotrackgqi
Association_HippocampusAlveusR	ngpar	TORTOISE_model-MAPMRI	/scratch/executivefunction/SLURM_13244013_43/job-13244013-43-sub-20333-ses-1/ds/inputs/data/qsiprep/qsiprep/sub-20333/ses-1/dwi/sub-20333_ses-1_space-ACPC_desc-preproc_dwi.nii.gz	0.0	0.1283214688301086	0.039656788110733	0.1226648241281509	0.1283214688301086	0.1226648241281509	0.039656788110733	0.1290418654680252	0.1290418654680252	sub-20333	ses-1				space-ACPC			DSIStudio	autotrackgqi
Association_HippocampusAlveusR	ngperp	TORTOISE_model-MAPMRI	/scratch/executivefunction/SLURM_13244013_43/job-13244013-43-sub-20333-ses-1/ds/inputs/data/qsiprep/qsiprep/sub-20333/ses-1/dwi/sub-20333_ses-1_space-ACPC_desc-preproc_dwi.nii.gz	0.0	0.2143962532281875	0.0765435099601745	0.203652486205101	0.2143962532281875	0.203652486205101	0.0765435099601745	0.2297390401363372	0.2297390401363372	sub-20333	ses-1				space-ACPC			DSIStudio	autotrackgqi
Association_HippocampusAlveusR	pa	TORTOISE_model-MAPMRI	/scratch/executivefunction/SLURM_13244013_43/job-13244013-43-sub-20333-ses-1/ds/inputs/data/qsiprep/qsiprep/sub-20333/ses-1/dwi/sub-20333_ses-1_space-ACPC_desc-preproc_dwi.nii.gz	0.0	0.5303403735160828	0.2186666131019592	0.51507169008255	0.5303403735160828	0.51507169008255	0.2186666131019592	0.5611612796783447	0.5611612796783447	sub-20333	ses-1				space-ACPC			DSIStudio	autotrackgqi
Association_HippocampusAlveusR	path	TORTOISE_model-MAPMRI	/scratch/executivefunction/SLURM_13244013_43/job-13244013-43-sub-20333-ses-1/ds/inputs/data/qsiprep/qsiprep/sub-20333/ses-1/dwi/sub-20333_ses-1_space-ACPC_desc-preproc_dwi.nii.gz	0.0	0.2005078643560409	0.0874802842736244	0.181251972913742	0.2005078643560409	0.181251972913742	0.0874802842736244	0.2108305096626281	0.2108305096626281	sub-20333	ses-1				space-ACPC			DSIStudio	autotrackgqi
Association_HippocampusAlveusR	rd	TORTOISE_model-MAPMRI	/scratch/executivefunction/SLURM_13244013_43/job-13244013-43-sub-20333-ses-1/ds/inputs/data/qsiprep/qsiprep/sub-20333/ses-1/dwi/sub-20333_ses-1_space-ACPC_desc-preproc_dwi.nii.gz	0.0	937.5729672525011	473.8612410579339	765.9596474030106	937.5729672525011	765.9596474030106	473.8612410579339	946.6760337346713	946.6760337346713	sub-20333	ses-1				space-ACPC			DSIStudio	autotrackgqi
Association_HippocampusAlveusR	rtap	TORTOISE_model-MAPMRI	/scratch/executivefunction/SLURM_13244013_43/job-13244013-43-sub-20333-ses-1/ds/inputs/data/qsiprep/qsiprep/sub-20333/ses-1/dwi/sub-20333_ses-1_space-ACPC_desc-preproc_dwi.nii.gz	0.0	0.0081695728003978	0.0035346057265996	0.007928729057312	0.0081695728003978	0.007928729057312	0.0035346057265996	0.0080785769969224	0.0080785769969224	sub-20333	ses-1				space-ACPC			DSIStudio	autotrackgqi
Association_HippocampusAlveusR	rtop	TORTOISE_model-MAPMRI	/scratch/executivefunction/SLURM_13244013_43/job-13244013-43-sub-20333-ses-1/ds/inputs/data/qsiprep/qsiprep/sub-20333/ses-1/dwi/sub-20333_ses-1_space-ACPC_desc-preproc_dwi.nii.gz	0.0	0.0001576539070811	6.977123121032491e-05	0.0001619005051907	0.0001576539070811	0.0001619005051907	6.977123121032491e-05	0.0001515611074864	0.0001515611074864	sub-20333	ses-1				space-ACPC			DSIStudio	autotrackgqi
Association_HippocampusAlveusR	rtpp	TORTOISE_model-MAPMRI	/scratch/executivefunction/SLURM_13244013_43/job-13244013-43-sub-20333-ses-1/ds/inputs/data/qsiprep/qsiprep/sub-20333/ses-1/dwi/sub-20333_ses-1_space-ACPC_desc-preproc_dwi.nii.gz	0.0	0.0418465174734592	0.0075173638761043	0.0438959635794162	0.0418465174734592	0.0438959635794162	0.0075173638761043	0.040795162320137	0.040795162320137	sub-20333	ses-1				space-ACPC			DSIStudio	autotrackgqi
Association_CingulumR	ad	TORTOISE_model-MAPMRI	/scratch/executivefunction/SLURM_13244013_43/job-13244013-43-sub-20333-ses-1/ds/inputs/data/qsiprep/qsiprep/sub-20333/ses-1/dwi/sub-20333_ses-1_space-ACPC_desc-preproc_dwi.nii.gz	0.0	1146.3647260809516	379.2604701359661	1033.1693416318458	1146.3647260809516	1033.1693416318458	379.2604701359661	1185.5983425432726	1185.5983425432726	sub-20333	ses-1				space-ACPC			DSIStudio	autotrackgqi
Association_CingulumR	am	TORTOISE_model-MAPMRI	/scratch/executivefunction/SLURM_13244013_43/job-13244013-43-sub-20333-ses-1/ds/inputs/data/qsiprep/qsiprep/sub-20333/ses-1/dwi/sub-20333_ses-1_space-ACPC_desc-preproc_dwi.nii.gz	0.0	552.56982421875	153.4558563232422	531.2984619140625	552.56982421875	531.2984619140625	153.4558563232422	456.0653076171875	456.0653076171875	sub-20333	ses-1				space-ACPC			DSIStudio	autotrackgqi
Association_CingulumR	fa	TORTOISE_model-MAPMRI	/scratch/executivefunction/SLURM_13244013_43/job-13244013-43-sub-20333-ses-1/ds/inputs/data/qsiprep/qsiprep/sub-20333/ses-1/dwi/sub-20333_ses-1_space-ACPC_desc-preproc_dwi.nii.gz	0.0	0.2584263393124174	0.1581195067645782	0.2135872815865581	0.2584263393124174	0.2135872815865581	0.1581195067645782	0.3919717733129702	0.3919717733129702	sub-20333	ses-1				space-ACPC			DSIStudio	autotrackgqi
Association_CingulumR	li	TORTOISE_model-MAPMRI	/scratch/executivefunction/SLURM_13244013_43/job-13244013-43-sub-20333-ses-1/ds/inputs/data/qsiprep/qsiprep/sub-20333/ses-1/dwi/sub-20333_ses-1_space-ACPC_desc-preproc_dwi.nii.gz	0.0	0.13994200527668	0.1107146590948104	0.104604035615921	0.13994200527668	0.104604035615921	0.1107146590948104	0.2328320741653442	0.2328320741653442	sub-20333	ses-1				space-ACPC			DSIStudio	autotrackgqi
Association_CingulumR	ng	TORTOISE_model-MAPMRI	/scratch/executivefunction/SLURM_13244013_43/job-13244013-43-sub-20333-ses-1/ds/inputs/data/qsiprep/qsiprep/sub-20333/ses-1/dwi/sub-20333_ses-1_space-ACPC_desc-preproc_dwi.nii.gz	0.0	0.2500794529914856	0.093614749610424	0.2399619072675705	0.2500794529914856	0.2399619072675705	0.093614749610424	0.2909151911735534	0.2909151911735534	sub-20333	ses-1				space-ACPC			DSIStudio	autotrackgqi
Association_CingulumR	ngpar	TORTOISE_model-MAPMRI	/scratch/executivefunction/SLURM_13244013_43/job-13244013-43-sub-20333-ses-1/ds/inputs/data/qsiprep/qsiprep/sub-20333/ses-1/dwi/sub-20333_ses-1_space-ACPC_desc-preproc_dwi.nii.gz	0.0	0.1305939555168151	0.0438961200416088	0.1239689365029335	0.1305939555168151	0.1239689365029335	0.0438961200416088	0.1226797327399253	0.1226797327399253	sub-20333	ses-1				space-ACPC			DSIStudio	autotrackgqi
Association_CingulumR	ngperp	TORTOISE_model-MAPMRI	/scratch/executivefunction/SLURM_13244013_43/job-13244013-43-sub-20333-ses-1/ds/inputs/data/qsiprep/qsiprep/sub-20333/ses-1/dwi/sub-20333_ses-1_space-ACPC_desc-preproc_dwi.nii.gz	0.0	0.212726205587387	0.0778072923421859	0.2050330191850662	0.212726205587387	0.2050330191850662	0.0778072923421859	0.2449714243412017	0.2449714243412017	sub-20333	ses-1				space-ACPC			DSIStudio	autotrackgqi
Association_CingulumR	pa	TORTOISE_model-MAPMRI	/scratch/executivefunction/SLURM_13244013_43/job-13244013-43-sub-20333-ses-1/ds/inputs/data/qsiprep/qsiprep/sub-20333/ses-1/dwi/sub-20333_ses-1_space-ACPC_desc-preproc_dwi.nii.gz	0.0	0.5187956094741821	0.2459006309509277	0.4802527129650116	0.5187956094741821	0.4802527129650116	0.2459006309509277	0.6912373900413513	0.6912373900413513	sub-20333	ses-1				space-ACPC			DSIStudio	autotrackgqi
Association_CingulumR	path	TORTOISE_model-MAPMRI	/scratch/executivefunction/SLURM_13244013_43/job-13244013-43-sub-20333-ses-1/ds/inputs/data/qsiprep/qsiprep/sub-20333/ses-1/dwi/sub-20333_ses-1_space-ACPC_desc-preproc_dwi.nii.gz	0.0	0.2017224878072738	0.1013461947441101	0.1710132807493209	0.2017224878072738	0.1710132807493209	0.1013461947441101	0.2829603850841522	0.2829603850841522	sub-20333	ses-1				space-ACPC			DSIStudio	autotrackgqi
Association_CingulumR	rd	TORTOISE_model-MAPMRI	/scratch/executivefunction/SLURM_13244013_43/job-13244013-43-sub-20333-ses-1/ds/inputs/data/qsiprep/qsiprep/sub-20333/ses-1/dwi/sub-20333_ses-1_space-ACPC_desc-preproc_dwi.nii.gz	0.0	784.3636285637159	335.4432495588891	700.2250496966653	784.3636285637159	700.2250496966653	335.4432495588891	625.7399919502748	625.7399919502748	sub-20333	ses-1				space-ACPC			DSIStudio	autotrackgqi
Association_CingulumR	rtap	TORTOISE_model-MAPMRI	/scratch/executivefunction/SLURM_13244013_43/job-13244013-43-sub-20333-ses-1/ds/inputs/data/qsiprep/qsiprep/sub-20333/ses-1/dwi/sub-20333_ses-1_space-ACPC_desc-preproc_dwi.nii.gz	0.0002137894174238	0.0095906071364879	0.0040513877756893	0.0086788702756166	0.0095926579087972	0.0086800213903188	0.0040493924170732	0.0130369188264012	0.0130370873957872	sub-20333	ses-1				space-ACPC			DSIStudio	autotrackgqi
Association_CingulumR	rtop	TORTOISE_model-MAPMRI	/scratch/executivefunction/SLURM_13244013_43/job-13244013-43-sub-20333-ses-1/ds/inputs/data/qsiprep/qsiprep/sub-20333/ses-1/dwi/sub-20333_ses-1_space-ACPC_desc-preproc_dwi.nii.gz	0.0002137894174238	0.0001942385715665	7.98070032033138e-05	0.0001850095577538	0.0001942801027325	0.0001850185362854	7.976496999617666e-05	0.0002468941966071	0.0002468973398208	sub-20333	ses-1				space-ACPC			DSIStudio	autotrackgqi
Association_CingulumR	rtpp	TORTOISE_model-MAPMRI	/scratch/executivefunction/SLURM_13244013_43/job-13244013-43-sub-20333-ses-1/ds/inputs/data/qsiprep/qsiprep/sub-20333/ses-1/dwi/sub-20333_ses-1_space-ACPC_desc-preproc_dwi.nii.gz	0.0	0.0452805012464523	0.0060893618501722	0.0466680899262428	0.0452805012464523	0.0466680899262428	0.0060893618501722	0.0446536093950271	0.0446536093950271	sub-20333	ses-1				space-ACPC			DSIStudio	autotrackgqi
Association_InferiorLongitudinalFasciculusR	ad	TORTOISE_model-MAPMRI	/scratch/executivefunction/SLURM_13244013_43/job-13244013-43-sub-20333-ses-1/ds/inputs/data/qsiprep/qsiprep/sub-20333/ses-1/dwi/sub-20333_ses-1_space-ACPC_desc-preproc_dwi.nii.gz	0.0014499758337361	1112.2713432072048	274.7521550924592	1040.774506176861	1113.886451643614	1041.2709091333077	271.6602936047756	1215.960151091709	1216.1426741764394	sub-20333	ses-1				space-ACPC			DSIStudio	autotrackgqi
Association_InferiorLongitudinalFasciculusR	am	TORTOISE_model-MAPMRI	/scratch/executivefunction/SLURM_13244013_43/job-13244013-43-sub-20333-ses-1/ds/inputs/data/qsiprep/qsiprep/sub-20333/ses-1/dwi/sub-20333_ses-1_space-ACPC_desc-preproc_dwi.nii.gz	0.0014499758337361	568.2969970703125	138.18772888183594	549.6407470703125	569.1221923828125	549.8372802734375	136.5793914794922	498.563720703125	498.6385498046875	sub-20333	ses-1				space-ACPC			DSIStudio	autotrackgqi
Association_InferiorLongitudinalFasciculusR	fa	TORTOISE_model-MAPMRI	/scratch/executivefunction/SLURM_13244013_43/job-13244013-43-sub-20333-ses-1/ds/inputs/data/qsiprep/qsiprep/sub-20333/ses-1/dwi/sub-20333_ses-1_space-ACPC_desc-preproc_dwi.nii.gz	0.0014499758337361	0.287807279080024	0.1627028880216881	0.2519382008935489	0.2882251986527444	0.2523469693859158	0.1624506529657151	0.4056376884399754	0.405698577259144	sub-20333	ses-1				space-ACPC			DSIStudio	autotrackgqi
Association_InferiorLongitudinalFasciculusR	li	TORTOISE_model-MAPMRI	/scratch/executivefunction/SLURM_13244013_43/job-13244013-43-sub-20333-ses-1/ds/inputs/data/qsiprep/qsiprep/sub-20333/ses-1/dwi/sub-20333_ses-1_space-ACPC_desc-preproc_dwi.nii.gz	0.0014499758337361	0.1597054898738861	0.1192145645618438	0.120717316865921	0.1599373817443847	0.1209200173616409	0.1191455349326133	0.2515038251876831	0.2515415847301483	sub-20333	ses-1				space-ACPC			DSIStudio	autotrackgqi
Association_InferiorLongitudinalFasciculusR	ng	TORTOISE_model-MAPMRI	/scratch/executivefunction/SLURM_13244013_43/job-13244013-43-sub-20333-ses-1/ds/inputs/data/qsiprep/qsiprep/sub-20333/ses-1/dwi/sub-20333_ses-1_space-ACPC_desc-preproc_dwi.nii.gz	0.0014499758337361	0.2525199651718139	0.0810651406645774	0.2482159882783889	0.2528866231441498	0.2484742254018783	0.080550417304039	0.3054801523685455	0.3055260181427002	sub-20333	ses-1				space-ACPC			DSIStudio	autotrackgqi
Association_InferiorLongitudinalFasciculusR	ngpar	TORTOISE_model-MAPMRI	/scratch/executivefunction/SLURM_13244013_43/job-13244013-43-sub-20333-ses-1/ds/inputs/data/qsiprep/qsiprep/sub-20333/ses-1/dwi/sub-20333_ses-1_space-ACPC_desc-preproc_dwi.nii.gz	0.0014499758337361	0.1276147067546844	0.0372727066278457	0.123643472790718	0.1278000175952911	0.1237020641565322	0.0369809381663799	0.1247937828302383	0.1248125061392784	sub-20333	ses-1				space-ACPC			DSIStudio	autotrackgqi
Association_InferiorLongitudinalFasciculusR	ngperp	TORTOISE_model-MAPMRI	/scratch/executivefunction/SLURM_13244013_43/job-13244013-43-sub-20333-ses-1/ds/inputs/data/qsiprep/qsiprep/sub-20333/ses-1/dwi/sub-20333_ses-1_space-ACPC_desc-preproc_dwi.nii.gz	0.0014499758337361	0.2184429317712783	0.0722682699561119	0.2142188847064972	0.2187601178884506	0.214335024356842	0.0718393847346305	0.2686415612697601	0.2686818838119507	sub-20333	ses-1				space-ACPC			DSIStudio	autotrackgqi
Association_InferiorLongitudinalFasciculusR	pa	TORTOISE_model-MAPMRI	/scratch/executivefunction/SLURM_13244013_43/job-13244013-43-sub-20333-ses-1/ds/inputs/data/qsiprep/qsiprep/sub-20333/ses-1/dwi/sub-20333_ses-1_space-ACPC_desc-preproc_dwi.nii.gz	0.0014499758337361	0.5539964437484741	0.2522054612636566	0.5345793962478638	0.5548008680343628	0.5357138514518738	0.2515027821063995	0.7387266159057617	0.738837480545044	sub-20333	ses-1				space-ACPC			DSIStudio	autotrackgqi
Association_InferiorLongitudinalFasciculusR	path	TORTOISE_model-MAPMRI	/scratch/executivefunction/SLURM_13244013_43/job-13244013-43-sub-20333-ses-1/ds/inputs/data/qsiprep/qsiprep/sub-20333/ses-1/dwi/sub-20333_ses-1_space-ACPC_desc-preproc_dwi.nii.gz	0.0014499758337361	0.2164173424243927	0.1066630184650421	0.1871565580368042	0.2167316079139709	0.1875041425228119	0.106420911848545	0.297674298286438	0.2977189719676971	sub-20333	ses-1				space-ACPC			DSIStudio	autotrackgqi
Association_InferiorLongitudinalFasciculusR	rd	TORTOISE_model-MAPMRI	/scratch/executivefunction/SLURM_13244013_43/job-13244013-43-sub-20333-ses-1/ds/inputs/data/qsiprep/qsiprep/sub-20333/ses-1/dwi/sub-20333_ses-1_space-ACPC_desc-preproc_dwi.nii.gz	0.0014499758337361	713.7011036265336	212.14204311976587	687.4024668036359	714.7374556647135	687.5768916037393	210.5442392124176	624.439599478138	624.5333315610345	sub-20333	ses-1				space-ACPC			DSIStudio	autotrackgqi
Association_InferiorLongitudinalFasciculusR	rtap	TORTOISE_model-MAPMRI	/scratch/executivefunction/SLURM_13244013_43/job-13244013-43-sub-20333-ses-1/ds/inputs/data/qsiprep/qsiprep/sub-20333/ses-1/dwi/sub-20333_ses-1_space-ACPC_desc-preproc_dwi.nii.gz	0.0018527468986628	0.0101476171985268	0.0036898935213685	0.0091910026967525	0.0101664531975984	0.0091981198638677	0.0036673003342002	0.0127627253532409	0.0127648813650012	sub-20333	ses-1				space-ACPC			DSIStudio	autotrackgqi
Association_InferiorLongitudinalFasciculusR	rtop	TORTOISE_model-MAPMRI	/scratch/executivefunction/SLURM_13244013_43/job-13244013-43-sub-20333-ses-1/ds/inputs/data/qsiprep/qsiprep/sub-20333/ses-1/dwi/sub-20333_ses-1_space-ACPC_desc-preproc_dwi.nii.gz	0.0018527468986628	0.0002039898536168	6.944529741303995e-05	0.0001940504880622	0.000204368494451	0.0001941953669302	6.895083788549528e-05	0.0002412141766399	0.0002412549511063	sub-20333	ses-1				space-ACPC			DSIStudio	autotrackgqi
Association_InferiorLongitudinalFasciculusR	rtpp	TORTOISE_model-MAPMRI	/scratch/executivefunction/SLURM_13244013_43/job-13244013-43-sub-20333-ses-1/ds/inputs/data/qsiprep/qsiprep/sub-20333/ses-1/dwi/sub-20333_ses-1_space-ACPC_desc-preproc_dwi.nii.gz	0.0014499758337361	0.0454806759953498	0.0053330091759562	0.0464782416820526	0.045546717941761	0.0464875847101211	0.0050472076982259	0.0435008369386196	0.0435073636472225	sub-20333	ses-1				space-ACPC			DSIStudio	autotrackgqi
Association_SuperiorLongitudinalFasciculusR	ad	TORTOISE_model-MAPMRI	/scratch/executivefunction/SLURM_13244013_43/job-13244013-43-sub-20333-ses-1/ds/inputs/data/qsiprep/qsiprep/sub-20333/ses-1/dwi/sub-20333_ses-1_space-ACPC_desc-preproc_dwi.nii.gz	0.0	1087.431687164906	230.25196404426956	1043.0547074672495	1087.431687164906	1043.0547074672495	230.25196404426956	1136.4851210341244	1136.4851210341244	sub-20333	ses-1				space-ACPC			DSIStudio	autotrackgqi
Association_SuperiorLongitudinalFasciculusR	am	TORTOISE_model-MAPMRI	/scratch/executivefunction/SLURM_13244013_43/job-13244013-43-sub-20333-ses-1/ds/inputs/data/qsiprep/qsiprep/sub-20333/ses-1/dwi/sub-20333_ses-1_space-ACPC_desc-preproc_dwi.nii.gz	0.0	545.2479858398438	133.3322296142578	513.2888793945312	545.2479858398438	513.2888793945312	133.3322296142578	459.2367858886719	459.2367858886719	sub-20333	ses-1				space-ACPC			DSIStudio	autotrackgqi
Association_SuperiorLongitudinalFasciculusR	fa	TORTOISE_model-MAPMRI	/scratch/executivefunction/SLURM_13244013_43/job-13244013-43-sub-20333-ses-1/ds/inputs/data/qsiprep/qsiprep/sub-20333/ses-1/dwi/sub-20333_ses-1_space-ACPC_desc-preproc_dwi.nii.gz	0.0	0.2996267446524258	0.1683525523677613	0.2773179200724726	0.2996267446524258	0.2773179200724726	0.1683525523677613	0.4277880804285317	0.4277880804285317	sub-20333	ses-1				space-ACPC			DSIStudio	autotrackgqi
Association_SuperiorLongitudinalFasciculusR	li	TORTOISE_model-MAPMRI	/scratch/executivefunction/SLURM_13244013_43/job-13244013-43-sub-20333-ses-1/ds/inputs/data/qsiprep/qsiprep/sub-20333/ses-1/dwi/sub-20333_ses-1_space-ACPC_desc-preproc_dwi.nii.gz	0.0	0.1718104034662246	0.1264672428369522	0.140268474817276	0.1718104034662246	0.140268474817276	0.1264672428369522	0.2766012847423553	0.2766012847423553	sub-20333	ses-1				space-ACPC			DSIStudio	autotrackgqi
Association_SuperiorLongitudinalFasciculusR	ng	TORTOISE_model-MAPMRI	/scratch/executivefunction/SLURM_13244013_43/job-13244013-43-sub-20333-ses-1/ds/inputs/data/qsiprep/qsiprep/sub-20333/ses-1/dwi/sub-20333_ses-1_space-ACPC_desc-preproc_dwi.nii.gz	0.0	0.2716426849365234	0.0831111297011375	0.2752163410186767	0.2716426849365234	0.2752163410186767	0.0831111297011375	0.3319138884544372	0.3319138884544372	sub-20333	ses-1				space-ACPC			DSIStudio	autotrackgqi
Association_SuperiorLongitudinalFasciculusR	ngpar	TORTOISE_model-MAPMRI	/scratch/executivefunction/SLURM_13244013_43/job-13244013-43-sub-20333-ses-1/ds/inputs/data/qsiprep/qsiprep/sub-20333/ses-1/dwi/sub-20333_ses-1_space-ACPC_desc-preproc_dwi.nii.gz	0.0	0.1285430043935775	0.0350658409297466	0.1233721524477005	0.1285430043935775	0.1233721524477005	0.0350658409297466	0.1371633112430572	0.1371633112430572	sub-20333	ses-1				space-ACPC			DSIStudio	autotrackgqi
Association_SuperiorLongitudinalFasciculusR	ngperp	TORTOISE_model-MAPMRI	/scratch/executivefunction/SLURM_13244013_43/job-13244013-43-sub-20333-ses-1/ds/inputs/data/qsiprep/qsiprep/sub-20333/ses-1/dwi/sub-20333_ses-1_space-ACPC_desc-preproc_dwi.nii.gz	0.0	0.2361059486865997	0.0709384605288505	0.2384798526763916	0.2361059486865997	0.2384798526763916	0.0709384605288505	0.2852775752544403	0.2852775752544403	sub-20333	ses-1				space-ACPC			DSIStudio	autotrackgqi
Association_SuperiorLongitudinalFasciculusR	pa	TORTOISE_model-MAPMRI	/scratch/executivefunction/SLURM_13244013_43/job-13244013-43-sub-20333-ses-1/ds/inputs/data/qsiprep/qsiprep/sub-20333/ses-1/dwi/sub-20333_ses-1_space-ACPC_desc-preproc_dwi.nii.gz	0.0	0.5960190892219543	0.2569900453090668	0.6314558386802673	0.5960190892219543	0.6314558386802673	0.2569900453090668	0.7827720642089844	0.7827720642089844	sub-20333	ses-1				space-ACPC			DSIStudio	autotrackgqi
Association_SuperiorLongitudinalFasciculusR	path	TORTOISE_model-MAPMRI	/scratch/executivefunction/SLURM_13244013_43/job-13244013-43-sub-20333-ses-1/ds/inputs/data/qsiprep/qsiprep/sub-20333/ses-1/dwi/sub-20333_ses-1_space-ACPC_desc-preproc_dwi.nii.gz	0.0	0.2340416759252548	0.1095996350049972	0.2190269082784652	0.2340416759252548	0.2190269082784652	0.1095996350049972	0.3202622532844543	0.3202622532844543	sub-20333	ses-1				space-ACPC			DSIStudio	autotrackgqi
Association_SuperiorLongitudinalFasciculusR	rd	TORTOISE_model-MAPMRI	/scratch/executivefunction/SLURM_13244013_43/job-13244013-43-sub-20333-ses-1/ds/inputs/data/qsiprep/qsiprep/sub-20333/ses-1/dwi/sub-20333_ses-1_space-ACPC_desc-preproc_dwi.nii.gz	0.0	694.2383662357902	236.0328576238921	657.2200330740677	694.2383662357902	657.2200330740677	236.0328576238921	573.2706226617706	573.2706226617706	sub-20333	ses-1				space-ACPC			DSIStudio	autotrackgqi
Association_SuperiorLongitudinalFasciculusR	rtap	TORTOISE_model-MAPMRI	/scratch/executivefunction/SLURM_13244013_43/job-13244013-43-sub-20333-ses-1/ds/inputs/data/qsiprep/qsiprep/sub-20333/ses-1/dwi/sub-20333_ses-1_space-ACPC_desc-preproc_dwi.nii.gz	0.0	0.0111917275935411	0.0041417949832975	0.0103206140920519	0.0111917275935411	0.0103206140920519	0.0041417949832975	0.0146646257489919	0.0146646257489919	sub-20333	ses-1				space-ACPC			DSIStudio	autotrackgqi
Association_SuperiorLongitudinalFasciculusR	rtop	TORTOISE_model-MAPMRI	/scratch/executivefunction/SLURM_13244013_43/job-13244013-43-sub-20333-ses-1/ds/inputs/data/qsiprep/qsiprep/sub-20333/ses-1/dwi/sub-20333_ses-1_space-ACPC_desc-preproc_dwi.nii.gz	0.0	0.0002274788857903	7.512236334150657e-05	0.0002159555442631	0.0002274788857903	0.0002159555442631	7.512236334150657e-05	0.00029061967507	0.00029061967507	sub-20333	ses-1				space-ACPC			DSIStudio	autotrackgqi
Association_SuperiorLongitudinalFasciculusR	rtpp	TORTOISE_model-MAPMRI	/scratch/executivefunction/SLURM_13244013_43/job-13244013-43-sub-20333-ses-1/ds/inputs/data/qsiprep/qsiprep/sub-20333/ses-1/dwi/sub-20333_ses-1_space-ACPC_desc-preproc_dwi.nii.gz	0.0	0.0461919046938419	0.0043115280568599	0.0467824079096317	0.0461919046938419	0.0467824079096317	0.0043115280568599	0.0455218479037284	0.0455218479037284	sub-20333	ses-1				space-ACPC			DSIStudio	autotrackgqi
Association_VerticalOccipitalFasciculusL	ad	TORTOISE_model-MAPMRI	/scratch/executivefunction/SLURM_13244013_43/job-13244013-43-sub-20333-ses-1/ds/inputs/data/qsiprep/qsiprep/sub-20333/ses-1/dwi/sub-20333_ses-1_space-ACPC_desc-preproc_dwi.nii.gz	0.0341445695604794	990.5614523017028	253.70478128325465	978.4270487644231	1025.5794201529102	986.3524818275516	175.29362904680656	1073.960862520947	1080.075634613911	sub-20333	ses-1				space-ACPC			DSIStudio	autotrackgqi
Association_VerticalOccipitalFasciculusL	am	TORTOISE_model-MAPMRI	/scratch/executivefunction/SLURM_13244013_43/job-13244013-43-sub-20333-ses-1/ds/inputs/data/qsiprep/qsiprep/sub-20333/ses-1/dwi/sub-20333_ses-1_space-ACPC_desc-preproc_dwi.nii.gz	0.0341445695604794	570.3309936523438	173.28988647460938	579.3423461914062	590.4931640625	586.9541625976562	138.51126098632812	548.2946166992188	551.4163818359375	sub-20333	ses-1				space-ACPC			DSIStudio	autotrackgqi
Association_VerticalOccipitalFasciculusL	fa	TORTOISE_model-MAPMRI	/scratch/executivefunction/SLURM_13244013_43/job-13244013-43-sub-20333-ses-1/ds/inputs/data/qsiprep/qsiprep/sub-20333/ses-1/dwi/sub-20333_ses-1_space-ACPC_desc-preproc_dwi.nii.gz	0.0341445695604794	0.2378472030178828	0.152234475446296	0.1910507204726168	0.2462554907514973	0.1988965493150077	0.1480676687072177	0.350731052329358	0.3527279970679498	sub-20333	ses-1				space-ACPC			DSIStudio	autotrackgqi
Association_VerticalOccipitalFasciculusL	li	TORTOISE_model-MAPMRI	/scratch/executivefunction/SLURM_13244013_43/job-13244013-43-sub-20333-ses-1/ds/inputs/data/qsiprep/qsiprep/sub-20333/ses-1/dwi/sub-20333_ses-1_space-ACPC_desc-preproc_dwi.nii.gz	0.0341445695604794	0.1217668429017067	0.0985306873917579	0.0846505314111709	0.126071497797966	0.0902065932750701	0.0975131019949913	0.1980052292346954	0.1991326063871383	sub-20333	ses-1				space-ACPC			DSIStudio	autotrackgqi
Association_VerticalOccipitalFasciculusL	ng	TORTOISE_model-MAPMRI	/scratch/executivefunction/SLURM_13244013_43/job-13244013-43-sub-20333-ses-1/ds/inputs/data/qsiprep/qsiprep/sub-20333/ses-1/dwi/sub-20333_ses-1_space-ACPC_desc-preproc_dwi.nii.gz	0.0341445695604794	0.245671272277832	0.0891180261969566	0.2379995584487915	0.2543561458587646	0.2437824457883834	0.0775482654571533	0.3048791885375976	0.3066150546073913	sub-20333	ses-1				space-ACPC			DSIStudio	autotrackgqi
Association_VerticalOccipitalFasciculusL	ngpar	TORTOISE_model-MAPMRI	/scratch/executivefunction/SLURM_13244013_43/job-13244013-43-sub-20333-ses-1/ds/inputs/data/qsiprep/qsiprep/sub-20333/ses-1/dwi/sub-20333_ses-1_space-ACPC_desc-preproc_dwi.nii.gz	0.0341445695604794	0.1297693848609924	0.0384003371000289	0.130870521068573	0.1343569457530975	0.1323771625757217	0.0301719140261411	0.1384107023477554	0.1391987651586532	sub-20333	ses-1				space-ACPC			DSIStudio	autotrackgqi
Association_VerticalOccipitalFasciculusL	ngperp	TORTOISE_model-MAPMRI	/scratch/executivefunction/SLURM_13244013_43/job-13244013-43-sub-20333-ses-1/ds/inputs/data/qsiprep/qsiprep/sub-20333/ses-1/dwi/sub-20333_ses-1_space-ACPC_desc-preproc_dwi.nii.gz	0.0341445695604794	0.2127159684896469	0.0794624611735344	0.2057490199804306	0.2202358245849609	0.2092999219894409	0.069866731762886	0.2672907710075378	0.2688126564025879	sub-20333	ses-1				space-ACPC			DSIStudio	autotrackgqi
Association_VerticalOccipitalFasciculusL	pa	TORTOISE_model-MAPMRI	/scratch/executivefunction/SLURM_13244013_43/job-13244013-43-sub-20333-ses-1/ds/inputs/data/qsiprep/qsiprep/sub-20333/ses-1/dwi/sub-20333_ses-1_space-ACPC_desc-preproc_dwi.nii.gz	0.0341445695604794	0.4855148196220398	0.2638079524040222	0.4162153303623199	0.5026785731315613	0.4352636635303497	0.2518472969532013	0.6692616939544678	0.6730722188949585	sub-20333	ses-1				space-ACPC			DSIStudio	autotrackgqi
Association_VerticalOccipitalFasciculusL	path	TORTOISE_model-MAPMRI	/scratch/executivefunction/SLURM_13244013_43/job-13244013-43-sub-20333-ses-1/ds/inputs/data/qsiprep/qsiprep/sub-20333/ses-1/dwi/sub-20333_ses-1_space-ACPC_desc-preproc_dwi.nii.gz	0.0341445695604794	0.1885583251714706	0.1028352454304695	0.1529244929552078	0.1952241659164428	0.1582269817590713	0.0982221961021423	0.2647197842597961	0.2662270367145538	sub-20333	ses-1				space-ACPC			DSIStudio	autotrackgqi
Association_VerticalOccipitalFasciculusL	rd	TORTOISE_model-MAPMRI	/scratch/executivefunction/SLURM_13244013_43/job-13244013-43-sub-20333-ses-1/ds/inputs/data/qsiprep/qsiprep/sub-20333/ses-1/dwi/sub-20333_ses-1_space-ACPC_desc-preproc_dwi.nii.gz	0.0341445695604794	680.5485076415542	194.5708850247547	689.118266459371	704.607010732305	693.7367715024996	149.1454845217335	608.6918593237929	612.1575460001131	sub-20333	ses-1				space-ACPC			DSIStudio	autotrackgqi
Association_VerticalOccipitalFasciculusL	rtap	TORTOISE_model-MAPMRI	/scratch/executivefunction/SLURM_13244013_43/job-13244013-43-sub-20333-ses-1/ds/inputs/data/qsiprep/qsiprep/sub-20333/ses-1/dwi/sub-20333_ses-1_space-ACPC_desc-preproc_dwi.nii.gz	0.0345078096621867	0.0097358934581279	0.0036201917100697	0.0090532805770635	0.0100838663056492	0.0092033371329307	0.0031725857406854	0.0126270819455385	0.0126991514116525	sub-20333	ses-1				space-ACPC			DSIStudio	autotrackgqi
Association_VerticalOccipitalFasciculusL	rtop	TORTOISE_model-MAPMRI	/scratch/executivefunction/SLURM_13244013_43/job-13244013-43-sub-20333-ses-1/ds/inputs/data/qsiprep/qsiprep/sub-20333/ses-1/dwi/sub-20333_ses-1_space-ACPC_desc-preproc_dwi.nii.gz	0.0345078096621867	0.000205250835279	7.124774856492877e-05	0.000201383314561	0.000212586732232	0.0002039482787949	6.081247192923911e-05	0.0002587547642178	0.0002602316089905	sub-20333	ses-1				space-ACPC			DSIStudio	autotrackgqi
Association_VerticalOccipitalFasciculusL	rtpp	TORTOISE_model-MAPMRI	/scratch/executivefunction/SLURM_13244013_43/job-13244013-43-sub-20333-ses-1/ds/inputs/data/qsiprep/qsiprep/sub-20333/ses-1/dwi/sub-20333_ses-1_space-ACPC_desc-preproc_dwi.nii.gz	0.0341445695604794	0.045784018933773	0.0094135729596018	0.0477732568979263	0.0474025569856166	0.0479472316801548	0.0038762255571782	0.0460699647665023	0.0463322699069976	sub-20333	ses-1				space-ACPC			DSIStudio	autotrackgqi
Association_InferiorFrontoOccipitalFasciculusR	ad	TORTOISE_model-MAPMRI	/scratch/executivefunction/SLURM_13244013_43/job-13244013-43-sub-20333-ses-1/ds/inputs/data/qsiprep/qsiprep/sub-20333/ses-1/dwi/sub-20333_ses-1_space-ACPC_desc-preproc_dwi.nii.gz	0.001067995728017	1144.9760440527195	259.68792790653026	1097.48786974085	1146.200180949426	1097.8279318819532	257.11245452963794	1280.83139956255	1280.8949210093826	sub-20333	ses-1				space-ACPC			DSIStudio	autotrackgqi
Association_InferiorFrontoOccipitalFasciculusR	am	TORTOISE_model-MAPMRI	/scratch/executivefunction/SLURM_13244013_43/job-13244013-43-sub-20333-ses-1/ds/inputs/data/qsiprep/qsiprep/sub-20333/ses-1/dwi/sub-20333_ses-1_space-ACPC_desc-preproc_dwi.nii.gz	0.001067995728017	537.4760131835938	139.19482421875	503.1838684082031	538.0506591796875	503.2353515625	138.1547393798828	462.1815185546875	462.2044067382813	sub-20333	ses-1				space-ACPC			DSIStudio	autotrackgqi
Association_InferiorFrontoOccipitalFasciculusR	fa	TORTOISE_model-MAPMRI	/scratch/executivefunction/SLURM_13244013_43/job-13244013-43-sub-20333-ses-1/ds/inputs/data/qsiprep/qsiprep/sub-20333/ses-1/dwi/sub-20333_ses-1_space-ACPC_desc-preproc_dwi.nii.gz	0.001067995728017	0.3333083093955288	0.1773184379313594	0.3190668613979813	0.3336646618289524	0.319387008723588	0.1770777847614759	0.4747088608969241	0.4747324035515686	sub-20333	ses-1				space-ACPC			DSIStudio	autotrackgqi
Association_InferiorFrontoOccipitalFasciculusR	li	TORTOISE_model-MAPMRI	/scratch/executivefunction/SLURM_13244013_43/job-13244013-43-sub-20333-ses-1/ds/inputs/data/qsiprep/qsiprep/sub-20333/ses-1/dwi/sub-20333_ses-1_space-ACPC_desc-preproc_dwi.nii.gz	0.001067995728017	0.1982215046882629	0.1343715190887451	0.1733843833208084	0.1984334290027618	0.1736340224742889	0.1342868357896804	0.3114693164825439	0.3114847838878631	sub-20333	ses-1				space-ACPC			DSIStudio	autotrackgqi
Association_InferiorFrontoOccipitalFasciculusR	ng	TORTOISE_model-MAPMRI	/scratch/executivefunction/SLURM_13244013_43/job-13244013-43-sub-20333-ses-1/ds/inputs/data/qsiprep/qsiprep/sub-20333/ses-1/dwi/sub-20333_ses-1_space-ACPC_desc-preproc_dwi.nii.gz	0.001067995728017	0.2764355838298797	0.0743878558278083	0.2851690948009491	0.2767311334609985	0.2853090763092041	0.0738761201500892	0.3133162260055542	0.3133317828178406	sub-20333	ses-1				space-ACPC			DSIStudio	autotrackgqi
Association_InferiorFrontoOccipitalFasciculusR	ngpar	TORTOISE_model-MAPMRI	/scratch/executivefunction/SLURM_13244013_43/job-13244013-43-sub-20333-ses-1/ds/inputs/data/qsiprep/qsiprep/sub-20333/ses-1/dwi/sub-20333_ses-1_space-ACPC_desc-preproc_dwi.nii.gz	0.001067995728017	0.1286833584308624	0.0322263836860656	0.1261291205883026	0.1288209408521652	0.1261977106332779	0.0319675952196121	0.1209508851170539	0.1209568828344345	sub-20333	ses-1				space-ACPC			DSIStudio	autotrackgqi
Association_InferiorFrontoOccipitalFasciculusR	ngperp	TORTOISE_model-MAPMRI	/scratch/executivefunction/SLURM_13244013_43/job-13244013-43-sub-20333-ses-1/ds/inputs/data/qsiprep/qsiprep/sub-20333/ses-1/dwi/sub-20333_ses-1_space-ACPC_desc-preproc_dwi.nii.gz	0.001067995728017	0.2393498420715332	0.0686827823519706	0.2457326501607895	0.2396057397127151	0.2458419203758239	0.0682719051837921	0.270580917596817	0.2705943286418915	sub-20333	ses-1				space-ACPC			DSIStudio	autotrackgqi
Association_InferiorFrontoOccipitalFasciculusR	pa	TORTOISE_model-MAPMRI	/scratch/executivefunction/SLURM_13244013_43/job-13244013-43-sub-20333-ses-1/ds/inputs/data/qsiprep/qsiprep/sub-20333/ses-1/dwi/sub-20333_ses-1_space-ACPC_desc-preproc_dwi.nii.gz	0.001067995728017	0.6273137927055359	0.2544913291931152	0.6886709332466125	0.6279845237731934	0.6889725923538208	0.2537989318370819	0.8045346736907959	0.8045744895935059	sub-20333	ses-1				space-ACPC			DSIStudio	autotrackgqi
Association_InferiorFrontoOccipitalFasciculusR	path	TORTOISE_model-MAPMRI	/scratch/executivefunction/SLURM_13244013_43/job-13244013-43-sub-20333-ses-1/ds/inputs/data/qsiprep/qsiprep/sub-20333/ses-1/dwi/sub-20333_ses-1_space-ACPC_desc-preproc_dwi.nii.gz	0.001067995728017	0.248477354645729	0.1126804649829864	0.2407749593257904	0.2487430125474929	0.2408975809812545	0.1124472394585609	0.3313031494617462	0.3313196003437042	sub-20333	ses-1				space-ACPC			DSIStudio	autotrackgqi
Association_InferiorFrontoOccipitalFasciculusR	rd	TORTOISE_model-MAPMRI	/scratch/executivefunction/SLURM_13244013_43/job-13244013-43-sub-20333-ses-1/ds/inputs/data/qsiprep/qsiprep/sub-20333/ses-1/dwi/sub-20333_ses-1_space-ACPC_desc-preproc_dwi.nii.gz	0.001067995728017	673.7131509241974	194.92373794811968	651.9939054827523	674.4334429601107	652.0737023064053	193.77847336965223	573.3443286473773	573.3727630646656	sub-20333	ses-1				space-ACPC			DSIStudio	autotrackgqi
Association_InferiorFrontoOccipitalFasciculusR	rtap	TORTOISE_model-MAPMRI	/scratch/executivefunction/SLURM_13244013_43/job-13244013-43-sub-20333-ses-1/ds/inputs/data/qsiprep/qsiprep/sub-20333/ses-1/dwi/sub-20333_ses-1_space-ACPC_desc-preproc_dwi.nii.gz	0.001067995728017	0.0113043636083602	0.0039157695136964	0.0105940792709589	0.011316449381411	0.0106017533689737	0.0039003679994493	0.0139512531459331	0.0139519460499286	sub-20333	ses-1				space-ACPC			DSIStudio	autotrackgqi
Association_InferiorFrontoOccipitalFasciculusR	rtop	TORTOISE_model-MAPMRI	/scratch/executivefunction/SLURM_13244013_43/job-13244013-43-sub-20333-ses-1/ds/inputs/data/qsiprep/qsiprep/sub-20333/ses-1/dwi/sub-20333_ses-1_space-ACPC_desc-preproc_dwi.nii.gz	0.001067995728017	0.0002224319177912	6.368339381879196e-05	0.0002186527708545	0.0002226697251899	0.0002187968057114	6.330053292913362e-05	0.0002542821457609	0.0002542947477195	sub-20333	ses-1				space-ACPC			DSIStudio	autotrackgqi
Association_InferiorFrontoOccipitalFasciculusR	rtpp	TORTOISE_model-MAPMRI	/scratch/executivefunction/SLURM_13244013_43/job-13244013-43-sub-20333-ses-1/ds/inputs/data/qsiprep/qsiprep/sub-20333/ses-1/dwi/sub-20333_ses-1_space-ACPC_desc-preproc_dwi.nii.gz	0.001067995728017	0.0450054854154586	0.0049822921864688	0.045487355440855	0.0450536012649536	0.0454907864332199	0.0047625550068914	0.0424597784876823	0.0424618832767009	sub-20333	ses-1				space-ACPC			DSIStudio	autotrackgqi
Association_CingulumL	ad	TORTOISE_model-MAPMRI	/scratch/executivefunction/SLURM_13244013_43/job-13244013-43-sub-20333-ses-1/ds/inputs/data/qsiprep/qsiprep/sub-20333/ses-1/dwi/sub-20333_ses-1_space-ACPC_desc-preproc_dwi.nii.gz	0.0001131605748557	1153.7286292064284	297.442455230967	1085.1441789303967	1153.8592005768685	1085.1525338118277	297.2059317606812	1240.8863727030002	1240.9076736227332	sub-20333	ses-1				space-ACPC			DSIStudio	autotrackgqi
Association_CingulumL	am	TORTOISE_model-MAPMRI	/scratch/executivefunction/SLURM_13244013_43/job-13244013-43-sub-20333-ses-1/ds/inputs/data/qsiprep/qsiprep/sub-20333/ses-1/dwi/sub-20333_ses-1_space-ACPC_desc-preproc_dwi.nii.gz	0.0001131605748557	506.1298522949219	123.50341033935548	480.9116821289063	506.1871337890625	480.92474365234375	123.3929672241211	444.2693481445313	444.2769775390625	sub-20333	ses-1				space-ACPC			DSIStudio	autotrackgqi
Association_CingulumL	fa	TORTOISE_model-MAPMRI	/scratch/executivefunction/SLURM_13244013_43/job-13244013-43-sub-20333-ses-1/ds/inputs/data/qsiprep/qsiprep/sub-20333/ses-1/dwi/sub-20333_ses-1_space-ACPC_desc-preproc_dwi.nii.gz	0.0001131605748557	0.3276005072303356	0.1845321540616219	0.2966260778376194	0.3276375828875595	0.2966743229409716	0.1845096807677341	0.451705497086746	0.4517132509467405	sub-20333	ses-1				space-ACPC			DSIStudio	autotrackgqi
Association_CingulumL	li	TORTOISE_model-MAPMRI	/scratch/executivefunction/SLURM_13244013_43/job-13244013-43-sub-20333-ses-1/ds/inputs/data/qsiprep/qsiprep/sub-20333/ses-1/dwi/sub-20333_ses-1_space-ACPC_desc-preproc_dwi.nii.gz	0.0001131605748557	0.1919475644826889	0.1447608768939972	0.1521686315536499	0.1919692903757095	0.1521726250648498	0.1447546631097793	0.2859177589416504	0.2859226763248443	sub-20333	ses-1				space-ACPC			DSIStudio	autotrackgqi
Association_CingulumL	ng	TORTOISE_model-MAPMRI	/scratch/executivefunction/SLURM_13244013_43/job-13244013-43-sub-20333-ses-1/ds/inputs/data/qsiprep/qsiprep/sub-20333/ses-1/dwi/sub-20333_ses-1_space-ACPC_desc-preproc_dwi.nii.gz	0.0001131605748557	0.2660582661628723	0.0848783701658248	0.2659733891487121	0.2660883963108063	0.2659797668457031	0.0848359689116478	0.3061235845088959	0.3061288595199585	sub-20333	ses-1				space-ACPC			DSIStudio	autotrackgqi
Association_CingulumL	ngpar	TORTOISE_model-MAPMRI	/scratch/executivefunction/SLURM_13244013_43/job-13244013-43-sub-20333-ses-1/ds/inputs/data/qsiprep/qsiprep/sub-20333/ses-1/dwi/sub-20333_ses-1_space-ACPC_desc-preproc_dwi.nii.gz	0.0001131605748557	0.127427875995636	0.0362395420670509	0.1244212239980697	0.1274423003196716	0.124423548579216	0.0362162254750728	0.1284905523061752	0.1284927427768707	sub-20333	ses-1				space-ACPC			DSIStudio	autotrackgqi
Association_CingulumL	ngperp	TORTOISE_model-MAPMRI	/scratch/executivefunction/SLURM_13244013_43/job-13244013-43-sub-20333-ses-1/ds/inputs/data/qsiprep/qsiprep/sub-20333/ses-1/dwi/sub-20333_ses-1_space-ACPC_desc-preproc_dwi.nii.gz	0.0001131605748557	0.229020744562149	0.0748487189412117	0.2274142354726791	0.2290466576814651	0.2274244725704193	0.0748132839798927	0.2611900866031647	0.2611945569515228	sub-20333	ses-1				space-ACPC			DSIStudio	autotrackgqi
Association_CingulumL	pa	TORTOISE_model-MAPMRI	/scratch/executivefunction/SLURM_13244013_43/job-13244013-43-sub-20333-ses-1/ds/inputs/data/qsiprep/qsiprep/sub-20333/ses-1/dwi/sub-20333_ses-1_space-ACPC_desc-preproc_dwi.nii.gz	0.0001131605748557	0.6075641512870789	0.2561315596103668	0.6390606760978699	0.6076329350471497	0.6391093134880066	0.2560645043849945	0.7611174583435059	0.7611305117607117	sub-20333	ses-1				space-ACPC			DSIStudio	autotrackgqi
Association_CingulumL	path	TORTOISE_model-MAPMRI	/scratch/executivefunction/SLURM_13244013_43/job-13244013-43-sub-20333-ses-1/ds/inputs/data/qsiprep/qsiprep/sub-20333/ses-1/dwi/sub-20333_ses-1_space-ACPC_desc-preproc_dwi.nii.gz	0.0001131605748557	0.2427305877208709	0.1194335669279098	0.2217630296945572	0.2427580654621124	0.2217806577682495	0.1194123998284339	0.3193560242652893	0.3193614780902862	sub-20333	ses-1				space-ACPC			DSIStudio	autotrackgqi
Association_CingulumL	rd	TORTOISE_model-MAPMRI	/scratch/executivefunction/SLURM_13244013_43/job-13244013-43-sub-20333-ses-1/ds/inputs/data/qsiprep/qsiprep/sub-20333/ses-1/dwi/sub-20333_ses-1_space-ACPC_desc-preproc_dwi.nii.gz	0.0001131605748557	692.2925082550909	250.6677586847996	669.7049739625872	692.3708573393208	669.7178997772206	250.5737212768144	581.6080152496565	581.6179991435484	sub-20333	ses-1				space-ACPC			DSIStudio	autotrackgqi
Association_CingulumL	rtap	TORTOISE_model-MAPMRI	/scratch/executivefunction/SLURM_13244013_43/job-13244013-43-sub-20333-ses-1/ds/inputs/data/qsiprep/qsiprep/sub-20333/ses-1/dwi/sub-20333_ses-1_space-ACPC_desc-preproc_dwi.nii.gz	0.0006789634491343	0.0112939355894923	0.0052052326500415	0.0097911786288023	0.0113016096875071	0.0097985072061419	0.0051986663602292	0.014562320895493	0.0145646221935749	sub-20333	ses-1				space-ACPC			DSIStudio	autotrackgqi
Association_CingulumL	rtop	TORTOISE_model-MAPMRI	/scratch/executivefunction/SLURM_13244013_43/job-13244013-43-sub-20333-ses-1/ds/inputs/data/qsiprep/qsiprep/sub-20333/ses-1/dwi/sub-20333_ses-1_space-ACPC_desc-preproc_dwi.nii.gz	0.0006789634491343	0.0002207667566835	8.305995288537815e-05	0.0002040934195974	0.0002209167432738	0.0002041767729679	8.288851677207276e-05	0.0002702694328036	0.0002703121281228	sub-20333	ses-1				space-ACPC			DSIStudio	autotrackgqi
Association_CingulumL	rtpp	TORTOISE_model-MAPMRI	/scratch/executivefunction/SLURM_13244013_43/job-13244013-43-sub-20333-ses-1/ds/inputs/data/qsiprep/qsiprep/sub-20333/ses-1/dwi/sub-20333_ses-1_space-ACPC_desc-preproc_dwi.nii.gz	0.0001131605748557	0.0449453815817832	0.0050762905739247	0.0457483120262622	0.0449504703283309	0.0457485988736152	0.0050540082156658	0.0435307994484901	0.0435315445065498	sub-20333	ses-1				space-ACPC			DSIStudio	autotrackgqi
Association_VerticalOccipitalFasciculusR	ad	TORTOISE_model-MAPMRI	/scratch/executivefunction/SLURM_13244013_43/job-13244013-43-sub-20333-ses-1/ds/inputs/data/qsiprep/qsiprep/sub-20333/ses-1/dwi/sub-20333_ses-1_space-ACPC_desc-preproc_dwi.nii.gz	0.0103202846975088	1015.0570147173836	242.4297895259084	967.6381010958472	1025.641931447626	969.4208114431884	220.29239496110924	1044.8338464085152	1046.6214452246938	sub-20333	ses-1				space-ACPC			DSIStudio	autotrackgqi
Association_VerticalOccipitalFasciculusR	am	TORTOISE_model-MAPMRI	/scratch/executivefunction/SLURM_13244013_43/job-13244013-43-sub-20333-ses-1/ds/inputs/data/qsiprep/qsiprep/sub-20333/ses-1/dwi/sub-20333_ses-1_space-ACPC_desc-preproc_dwi.nii.gz	0.0103202846975088	588.2015380859375	147.3770294189453	587.99072265625	594.335205078125	590.0072021484375	135.2812042236328	554.9490356445312	555.8985595703125	sub-20333	ses-1				space-ACPC			DSIStudio	autotrackgqi
Association_VerticalOccipitalFasciculusR	fa	TORTOISE_model-MAPMRI	/scratch/executivefunction/SLURM_13244013_43/job-13244013-43-sub-20333-ses-1/ds/inputs/data/qsiprep/qsiprep/sub-20333/ses-1/dwi/sub-20333_ses-1_space-ACPC_desc-preproc_dwi.nii.gz	0.0103202846975088	0.2484807838786213	0.1481151163940237	0.208607731954807	0.2510719175472585	0.2107390933651687	0.1466843381893804	0.3392839067574827	0.339864385288957	sub-20333	ses-1				space-ACPC			DSIStudio	autotrackgqi
Association_VerticalOccipitalFasciculusR	li	TORTOISE_model-MAPMRI	/scratch/executivefunction/SLURM_13244013_43/job-13244013-43-sub-20333-ses-1/ds/inputs/data/qsiprep/qsiprep/sub-20333/ses-1/dwi/sub-20333_ses-1_space-ACPC_desc-preproc_dwi.nii.gz	0.0103202846975088	0.1313479989767074	0.1026523560285568	0.0956461131572723	0.1327176839113235	0.0970139876008033	0.1023015603423118	0.1947590708732605	0.1950922906398773	sub-20333	ses-1				space-ACPC			DSIStudio	autotrackgqi
Association_VerticalOccipitalFasciculusR	ng	TORTOISE_model-MAPMRI	/scratch/executivefunction/SLURM_13244013_43/job-13244013-43-sub-20333-ses-1/ds/inputs/data/qsiprep/qsiprep/sub-20333/ses-1/dwi/sub-20333_ses-1_space-ACPC_desc-preproc_dwi.nii.gz	0.0103202846975088	0.2503805756568908	0.0754883661866188	0.2419731020927429	0.2529915273189544	0.2428965121507644	0.0713958665728569	0.2972232401371002	0.2977317571640014	sub-20333	ses-1				space-ACPC			DSIStudio	autotrackgqi
Association_VerticalOccipitalFasciculusR	ngpar	TORTOISE_model-MAPMRI	/scratch/executivefunction/SLURM_13244013_43/job-13244013-43-sub-20333-ses-1/ds/inputs/data/qsiprep/qsiprep/sub-20333/ses-1/dwi/sub-20333_ses-1_space-ACPC_desc-preproc_dwi.nii.gz	0.0103202846975088	0.1352113783359527	0.0328739807009696	0.1345870792865753	0.1366213411092758	0.1349202096462249	0.0299889277666807	0.1396698653697967	0.1399088203907013	sub-20333	ses-1				space-ACPC			DSIStudio	autotrackgqi
Association_VerticalOccipitalFasciculusR	ngperp	TORTOISE_model-MAPMRI	/scratch/executivefunction/SLURM_13244013_43/job-13244013-43-sub-20333-ses-1/ds/inputs/data/qsiprep/qsiprep/sub-20333/ses-1/dwi/sub-20333_ses-1_space-ACPC_desc-preproc_dwi.nii.gz	0.0103202846975088	0.2152641266584396	0.0670520439743995	0.2070999592542648	0.2175088822841644	0.2078271210193634	0.0636757910251617	0.2577818930149078	0.2582229375839233	sub-20333	ses-1				space-ACPC			DSIStudio	autotrackgqi
Association_VerticalOccipitalFasciculusR	pa	TORTOISE_model-MAPMRI	/scratch/executivefunction/SLURM_13244013_43/job-13244013-43-sub-20333-ses-1/ds/inputs/data/qsiprep/qsiprep/sub-20333/ses-1/dwi/sub-20333_ses-1_space-ACPC_desc-preproc_dwi.nii.gz	0.0103202846975088	0.5017868280410767	0.2469535022974014	0.4381314516067505	0.5070194005966187	0.4431362152099609	0.2428352683782577	0.6593554019927979	0.6604834794998169	sub-20333	ses-1				space-ACPC			DSIStudio	autotrackgqi
Association_VerticalOccipitalFasciculusR	path	TORTOISE_model-MAPMRI	/scratch/executivefunction/SLURM_13244013_43/job-13244013-43-sub-20333-ses-1/ds/inputs/data/qsiprep/qsiprep/sub-20333/ses-1/dwi/sub-20333_ses-1_space-ACPC_desc-preproc_dwi.nii.gz	0.0103202846975088	0.1943414062261581	0.0981113240122795	0.1590301990509033	0.1963679790496826	0.1604353338479995	0.0965828895568847	0.2563139796257019	0.2567525207996368	sub-20333	ses-1				space-ACPC			DSIStudio	autotrackgqi
Association_VerticalOccipitalFasciculusR	rd	TORTOISE_model-MAPMRI	/scratch/executivefunction/SLURM_13244013_43/job-13244013-43-sub-20333-ses-1/ds/inputs/data/qsiprep/qsiprep/sub-20333/ses-1/dwi/sub-20333_ses-1_space-ACPC_desc-preproc_dwi.nii.gz	0.0103202846975088	699.0816896773454	205.3490184198964	671.2100597968513	706.3716461680476	672.6973132209379	193.54205467302708	612.7712503932121	613.8196362642987	sub-20333	ses-1				space-ACPC			DSIStudio	autotrackgqi
Association_VerticalOccipitalFasciculusR	rtap	TORTOISE_model-MAPMRI	/scratch/executivefunction/SLURM_13244013_43/job-13244013-43-sub-20333-ses-1/ds/inputs/data/qsiprep/qsiprep/sub-20333/ses-1/dwi/sub-20333_ses-1_space-ACPC_desc-preproc_dwi.nii.gz	0.0103202846975088	0.0100937187671661	0.0036170261446386	0.0093067726120352	0.010198974981904	0.0093843722715973	0.0034850821830332	0.0125239286571741	0.0125453555956482	sub-20333	ses-1				space-ACPC			DSIStudio	autotrackgqi
Association_VerticalOccipitalFasciculusR	rtop	TORTOISE_model-MAPMRI	/scratch/executivefunction/SLURM_13244013_43/job-13244013-43-sub-20333-ses-1/ds/inputs/data/qsiprep/qsiprep/sub-20333/ses-1/dwi/sub-20333_ses-1_space-ACPC_desc-preproc_dwi.nii.gz	0.0103202846975088	0.0002146210463251	7.070280844345689e-05	0.0002100571000482	0.0002168591017834	0.0002110189379891	6.756977381883189e-05	0.0002614668628666	0.0002619142178446	sub-20333	ses-1				space-ACPC			DSIStudio	autotrackgqi
Association_VerticalOccipitalFasciculusR	rtpp	TORTOISE_model-MAPMRI	/scratch/executivefunction/SLURM_13244013_43/job-13244013-43-sub-20333-ses-1/ds/inputs/data/qsiprep/qsiprep/sub-20333/ses-1/dwi/sub-20333_ses-1_space-ACPC_desc-preproc_dwi.nii.gz	0.0103202846975088	0.0470444373786449	0.0065630259923636	0.04838827252388	0.0475350134074687	0.0484308153390884	0.0044947736896574	0.0470161959528923	0.0470966324210166	sub-20333	ses-1				space-ACPC			DSIStudio	autotrackgqi
Association_ExtremeCapsuleR	ad	TORTOISE_model-MAPMRI	/scratch/executivefunction/SLURM_13244013_43/job-13244013-43-sub-20333-ses-1/ds/inputs/data/qsiprep/qsiprep/sub-20333/ses-1/dwi/sub-20333_ses-1_space-ACPC_desc-preproc_dwi.nii.gz	0.0	1166.6028769961497	277.84754799725937	1129.659179894012	1166.6028769961497	1129.659179894012	277.84754799725937	1189.615820085284	1189.615820085284	sub-20333	ses-1				space-ACPC			DSIStudio	autotrackgqi
Association_ExtremeCapsuleR	am	TORTOISE_model-MAPMRI	/scratch/executivefunction/SLURM_13244013_43/job-13244013-43-sub-20333-ses-1/ds/inputs/data/qsiprep/qsiprep/sub-20333/ses-1/dwi/sub-20333_ses-1_space-ACPC_desc-preproc_dwi.nii.gz	0.0	510.21820068359375	118.73391723632812	470.2170715332031	510.21820068359375	470.2170715332031	118.73391723632812	469.9595336914063	469.9595336914063	sub-20333	ses-1				space-ACPC			DSIStudio	autotrackgqi
Association_ExtremeCapsuleR	fa	TORTOISE_model-MAPMRI	/scratch/executivefunction/SLURM_13244013_43/job-13244013-43-sub-20333-ses-1/ds/inputs/data/qsiprep/qsiprep/sub-20333/ses-1/dwi/sub-20333_ses-1_space-ACPC_desc-preproc_dwi.nii.gz	0.0	0.3786797533662988	0.1864023553353078	0.365978039592036	0.3786797533662988	0.365978039592036	0.1864023553353078	0.4573534733450208	0.4573534733450208	sub-20333	ses-1				space-ACPC			DSIStudio	autotrackgqi
Association_ExtremeCapsuleR	li	TORTOISE_model-MAPMRI	/scratch/executivefunction/SLURM_13244013_43/job-13244013-43-sub-20333-ses-1/ds/inputs/data/qsiprep/qsiprep/sub-20333/ses-1/dwi/sub-20333_ses-1_space-ACPC_desc-preproc_dwi.nii.gz	0.0	0.2370127886533737	0.1495238095521927	0.2171582281589508	0.2370127886533737	0.2171582281589508	0.1495238095521927	0.3047577738761902	0.3047577738761902	sub-20333	ses-1				space-ACPC			DSIStudio	autotrackgqi
Association_ExtremeCapsuleR	ng	TORTOISE_model-MAPMRI	/scratch/executivefunction/SLURM_13244013_43/job-13244013-43-sub-20333-ses-1/ds/inputs/data/qsiprep/qsiprep/sub-20333/ses-1/dwi/sub-20333_ses-1_space-ACPC_desc-preproc_dwi.nii.gz	0.0	0.2956843972206116	0.0797942504286766	0.319690078496933	0.2956843972206116	0.319690078496933	0.0797942504286766	0.3256122469902038	0.3256122469902038	sub-20333	ses-1				space-ACPC			DSIStudio	autotrackgqi
Association_ExtremeCapsuleR	ngpar	TORTOISE_model-MAPMRI	/scratch/executivefunction/SLURM_13244013_43/job-13244013-43-sub-20333-ses-1/ds/inputs/data/qsiprep/qsiprep/sub-20333/ses-1/dwi/sub-20333_ses-1_space-ACPC_desc-preproc_dwi.nii.gz	0.0	0.1322435587644577	0.0345484986901283	0.1274895519018173	0.1322435587644577	0.1274895519018173	0.0345484986901283	0.1383119374513626	0.1383119374513626	sub-20333	ses-1				space-ACPC			DSIStudio	autotrackgqi
Association_ExtremeCapsuleR	ngperp	TORTOISE_model-MAPMRI	/scratch/executivefunction/SLURM_13244013_43/job-13244013-43-sub-20333-ses-1/ds/inputs/data/qsiprep/qsiprep/sub-20333/ses-1/dwi/sub-20333_ses-1_space-ACPC_desc-preproc_dwi.nii.gz	0.0	0.2577456831932068	0.0716610476374626	0.2743508219718933	0.2577456831932068	0.2743508219718933	0.0716610476374626	0.2843074202537536	0.2843074202537536	sub-20333	ses-1				space-ACPC			DSIStudio	autotrackgqi
Association_ExtremeCapsuleR	pa	TORTOISE_model-MAPMRI	/scratch/executivefunction/SLURM_13244013_43/job-13244013-43-sub-20333-ses-1/ds/inputs/data/qsiprep/qsiprep/sub-20333/ses-1/dwi/sub-20333_ses-1_space-ACPC_desc-preproc_dwi.nii.gz	0.0	0.6906432509422302	0.2434414476156234	0.7679546475410461	0.6906432509422302	0.7679546475410461	0.2434414476156234	0.7913826107978821	0.7913826107978821	sub-20333	ses-1				space-ACPC			DSIStudio	autotrackgqi
Association_ExtremeCapsuleR	path	TORTOISE_model-MAPMRI	/scratch/executivefunction/SLURM_13244013_43/job-13244013-43-sub-20333-ses-1/ds/inputs/data/qsiprep/qsiprep/sub-20333/ses-1/dwi/sub-20333_ses-1_space-ACPC_desc-preproc_dwi.nii.gz	0.0	0.2800963521003723	0.1177540645003318	0.2770355641841888	0.2800963521003723	0.2770355641841888	0.1177540645003318	0.3284072875976562	0.3284072875976562	sub-20333	ses-1				space-ACPC			DSIStudio	autotrackgqi
Association_ExtremeCapsuleR	rd	TORTOISE_model-MAPMRI	/scratch/executivefunction/SLURM_13244013_43/job-13244013-43-sub-20333-ses-1/ds/inputs/data/qsiprep/qsiprep/sub-20333/ses-1/dwi/sub-20333_ses-1_space-ACPC_desc-preproc_dwi.nii.gz	0.0	639.4406392989285	234.86865884424824	600.9069564686417	639.4406392989285	600.9069564686417	234.86865884424824	556.5609141447528	556.5609141447528	sub-20333	ses-1				space-ACPC			DSIStudio	autotrackgqi
Association_ExtremeCapsuleR	rtap	TORTOISE_model-MAPMRI	/scratch/executivefunction/SLURM_13244013_43/job-13244013-43-sub-20333-ses-1/ds/inputs/data/qsiprep/qsiprep/sub-20333/ses-1/dwi/sub-20333_ses-1_space-ACPC_desc-preproc_dwi.nii.gz	0.0	0.0128642031922936	0.0049754590727388	0.0121217817068099	0.0128642031922936	0.0121217817068099	0.0049754590727388	0.0149654271081089	0.0149654271081089	sub-20333	ses-1				space-ACPC			DSIStudio	autotrackgqi
Association_ExtremeCapsuleR	rtop	TORTOISE_model-MAPMRI	/scratch/executivefunction/SLURM_13244013_43/job-13244013-43-sub-20333-ses-1/ds/inputs/data/qsiprep/qsiprep/sub-20333/ses-1/dwi/sub-20333_ses-1_space-ACPC_desc-preproc_dwi.nii.gz	0.0	0.0002536480023991	8.625290502095595e-05	0.0002467478916514	0.0002536480023991	0.0002467478916514	8.625290502095595e-05	0.0002924570580944	0.0002924570580944	sub-20333	ses-1				space-ACPC			DSIStudio	autotrackgqi
Association_ExtremeCapsuleR	rtpp	TORTOISE_model-MAPMRI	/scratch/executivefunction/SLURM_13244013_43/job-13244013-43-sub-20333-ses-1/ds/inputs/data/qsiprep/qsiprep/sub-20333/ses-1/dwi/sub-20333_ses-1_space-ACPC_desc-preproc_dwi.nii.gz	0.0	0.044780533760786	0.0050615309737622	0.044917494058609	0.044780533760786	0.044917494058609	0.0050615309737622	0.0442305356264114	0.0442305356264114	sub-20333	ses-1				space-ACPC			DSIStudio	autotrackgqi
Association_InferiorLongitudinalFasciculusL	ad	TORTOISE_model-MAPMRI	/scratch/executivefunction/SLURM_13244013_43/job-13244013-43-sub-20333-ses-1/ds/inputs/data/qsiprep/qsiprep/sub-20333/ses-1/dwi/sub-20333_ses-1_space-ACPC_desc-preproc_dwi.nii.gz	0.0082790206094768	1109.8945336965116	285.3106193436152	1046.2298805715568	1119.1600830897153	1048.3669570305074	267.79109883292693	1203.3524026587615	1204.1572684710177	sub-20333	ses-1				space-ACPC			DSIStudio	autotrackgqi
Association_InferiorLongitudinalFasciculusL	am	TORTOISE_model-MAPMRI	/scratch/executivefunction/SLURM_13244013_43/job-13244013-43-sub-20333-ses-1/ds/inputs/data/qsiprep/qsiprep/sub-20333/ses-1/dwi/sub-20333_ses-1_space-ACPC_desc-preproc_dwi.nii.gz	0.0082790206094768	568.73291015625	148.2362518310547	549.846435546875	573.4807739257812	551.559326171875	139.4081268310547	502.042236328125	502.37799072265625	sub-20333	ses-1				space-ACPC			DSIStudio	autotrackgqi
Association_InferiorLongitudinalFasciculusL	fa	TORTOISE_model-MAPMRI	/scratch/executivefunction/SLURM_13244013_43/job-13244013-43-sub-20333-ses-1/ds/inputs/data/qsiprep/qsiprep/sub-20333/ses-1/dwi/sub-20333_ses-1_space-ACPC_desc-preproc_dwi.nii.gz	0.0082790206094768	0.2888597047946767	0.1687726021890783	0.2505511163613244	0.2912711446037975	0.2527880132664143	0.1673905561553346	0.4002852996596512	0.4005530316709872	sub-20333	ses-1				space-ACPC			DSIStudio	autotrackgqi
Association_InferiorLongitudinalFasciculusL	li	TORTOISE_model-MAPMRI	/scratch/executivefunction/SLURM_13244013_43/job-13244013-43-sub-20333-ses-1/ds/inputs/data/qsiprep/qsiprep/sub-20333/ses-1/dwi/sub-20333_ses-1_space-ACPC_desc-preproc_dwi.nii.gz	0.0084551699841465	0.1629500091075897	0.1238851323723793	0.1221112608909607	0.1643395274877548	0.1236034035682678	0.1234910786151886	0.2465664148330688	0.2467325925827026	sub-20333	ses-1				space-ACPC			DSIStudio	autotrackgqi
Association_InferiorLongitudinalFasciculusL	ng	TORTOISE_model-MAPMRI	/scratch/executivefunction/SLURM_13244013_43/job-13244013-43-sub-20333-ses-1/ds/inputs/data/qsiprep/qsiprep/sub-20333/ses-1/dwi/sub-20333_ses-1_space-ACPC_desc-preproc_dwi.nii.gz	0.0082790206094768	0.2552137672901153	0.0851260498166084	0.2538689970970154	0.2573443055152893	0.2555022239685058	0.0822110176086425	0.3040952384471893	0.3042986094951629	sub-20333	ses-1				space-ACPC			DSIStudio	autotrackgqi
Association_InferiorLongitudinalFasciculusL	ngpar	TORTOISE_model-MAPMRI	/scratch/executivefunction/SLURM_13244013_43/job-13244013-43-sub-20333-ses-1/ds/inputs/data/qsiprep/qsiprep/sub-20333/ses-1/dwi/sub-20333_ses-1_space-ACPC_desc-preproc_dwi.nii.gz	0.0082790206094768	0.1270622909069061	0.0381148606538772	0.1251710951328277	0.1281230300664901	0.1254570484161377	0.0364549830555915	0.130963921546936	0.1310515105724334	sub-20333	ses-1				space-ACPC			DSIStudio	autotrackgqi
Association_InferiorLongitudinalFasciculusL	ngperp	TORTOISE_model-MAPMRI	/scratch/executivefunction/SLURM_13244013_43/job-13244013-43-sub-20333-ses-1/ds/inputs/data/qsiprep/qsiprep/sub-20333/ses-1/dwi/sub-20333_ses-1_space-ACPC_desc-preproc_dwi.nii.gz	0.0082790206094768	0.2214469164609909	0.0750610679388046	0.2188382446765899	0.223295584321022	0.2196173667907714	0.0725837349891662	0.2693072259426117	0.2694873511791229	sub-20333	ses-1				space-ACPC			DSIStudio	autotrackgqi
Association_InferiorLongitudinalFasciculusL	pa	TORTOISE_model-MAPMRI	/scratch/executivefunction/SLURM_13244013_43/job-13244013-43-sub-20333-ses-1/ds/inputs/data/qsiprep/qsiprep/sub-20333/ses-1/dwi/sub-20333_ses-1_space-ACPC_desc-preproc_dwi.nii.gz	0.0082790206094768	0.5568519234657288	0.2627656459808349	0.5430667996406555	0.561500608921051	0.5485044717788696	0.2588666975498199	0.7412198781967163	0.7417157292366028	sub-20333	ses-1				space-ACPC			DSIStudio	autotrackgqi
Association_InferiorLongitudinalFasciculusL	path	TORTOISE_model-MAPMRI	/scratch/executivefunction/SLURM_13244013_43/job-13244013-43-sub-20333-ses-1/ds/inputs/data/qsiprep/qsiprep/sub-20333/ses-1/dwi/sub-20333_ses-1_space-ACPC_desc-preproc_dwi.nii.gz	0.0082790206094768	0.2185981124639511	0.1104019880294799	0.1897691488265991	0.2204229980707168	0.1914579272270202	0.1090325787663459	0.2933349609375	0.2935311198234558	sub-20333	ses-1				space-ACPC			DSIStudio	autotrackgqi
Association_InferiorLongitudinalFasciculusL	rd	TORTOISE_model-MAPMRI	/scratch/executivefunction/SLURM_13244013_43/job-13244013-43-sub-20333-ses-1/ds/inputs/data/qsiprep/qsiprep/sub-20333/ses-1/dwi/sub-20333_ses-1_space-ACPC_desc-preproc_dwi.nii.gz	0.0082790206094768	705.119278118436	211.0705727632236	688.0823446546531	711.0057090370091	689.1656393874243	201.8351225105732	628.0566996868124	628.4767772776393	sub-20333	ses-1				space-ACPC			DSIStudio	autotrackgqi
Association_InferiorLongitudinalFasciculusL	rtap	TORTOISE_model-MAPMRI	/scratch/executivefunction/SLURM_13244013_43/job-13244013-43-sub-20333-ses-1/ds/inputs/data/qsiprep/qsiprep/sub-20333/ses-1/dwi/sub-20333_ses-1_space-ACPC_desc-preproc_dwi.nii.gz	0.0084551699841465	0.010205814614892	0.0036406971048563	0.0093000475317239	0.0102928429841995	0.0093323327600955	0.003531563328579	0.0122518138960003	0.0122601920738816	sub-20333	ses-1				space-ACPC			DSIStudio	autotrackgqi
Association_InferiorLongitudinalFasciculusL	rtop	TORTOISE_model-MAPMRI	/scratch/executivefunction/SLURM_13244013_43/job-13244013-43-sub-20333-ses-1/ds/inputs/data/qsiprep/qsiprep/sub-20333/ses-1/dwi/sub-20333_ses-1_space-ACPC_desc-preproc_dwi.nii.gz	0.0084551699841465	0.0002041759726125	6.262049282668158e-05	0.0001964542025234	0.00020591703651	0.0001972049794858	5.996874097036198e-05	0.0002362429659115	0.0002364045067224	sub-20333	ses-1				space-ACPC			DSIStudio	autotrackgqi
Association_InferiorLongitudinalFasciculusL	rtpp	TORTOISE_model-MAPMRI	/scratch/executivefunction/SLURM_13244013_43/job-13244013-43-sub-20333-ses-1/ds/inputs/data/qsiprep/qsiprep/sub-20333/ses-1/dwi/sub-20333_ses-1_space-ACPC_desc-preproc_dwi.nii.gz	0.0082790206094768	0.0450816191732883	0.0064017353579401	0.0462873578071594	0.0454579666256904	0.0463534332811832	0.0049210111610591	0.0435051023960113	0.0435341969132423	sub-20333	ses-1				space-ACPC			DSIStudio	autotrackgqi
Association_FrontalAslantTractL	ad	TORTOISE_model-MAPMRI	/scratch/executivefunction/SLURM_13244013_43/job-13244013-43-sub-20333-ses-1/ds/inputs/data/qsiprep/qsiprep/sub-20333/ses-1/dwi/sub-20333_ses-1_space-ACPC_desc-preproc_dwi.nii.gz	0.0003118178983473	1138.5510852942523	284.98683562003936	1074.0820296014822	1138.9062166371389	1074.1310277492998	284.32088940301327	1106.1993292874183	1106.2134364709427	sub-20333	ses-1				space-ACPC			DSIStudio	autotrackgqi
Association_FrontalAslantTractL	am	TORTOISE_model-MAPMRI	/scratch/executivefunction/SLURM_13244013_43/job-13244013-43-sub-20333-ses-1/ds/inputs/data/qsiprep/qsiprep/sub-20333/ses-1/dwi/sub-20333_ses-1_space-ACPC_desc-preproc_dwi.nii.gz	0.0003118178983473	539.7341918945312	155.7414093017578	490.3063659667969	539.902587890625	490.37310791015625	155.47364807128906	474.6385192871094	474.6445617675781	sub-20333	ses-1				space-ACPC			DSIStudio	autotrackgqi
Association_FrontalAslantTractL	fa	TORTOISE_model-MAPMRI	/scratch/executivefunction/SLURM_13244013_43/job-13244013-43-sub-20333-ses-1/ds/inputs/data/qsiprep/qsiprep/sub-20333/ses-1/dwi/sub-20333_ses-1_space-ACPC_desc-preproc_dwi.nii.gz	0.0003118178983473	0.3105329873702632	0.1807618558543941	0.2894559468806144	0.3106298473164174	0.2894627933089474	0.1807068142661407	0.3864902064373142	0.386495135417971	sub-20333	ses-1				space-ACPC			DSIStudio	autotrackgqi
Association_FrontalAslantTractL	li	TORTOISE_model-MAPMRI	/scratch/executivefunction/SLURM_13244013_43/job-13244013-43-sub-20333-ses-1/ds/inputs/data/qsiprep/qsiprep/sub-20333/ses-1/dwi/sub-20333_ses-1_space-ACPC_desc-preproc_dwi.nii.gz	0.000935453695042	0.1844435483217239	0.1373647451400756	0.1516804993152618	0.1846162378787994	0.151792824268341	0.1373129934072494	0.2422700971364975	0.2422878146171569	sub-20333	ses-1				space-ACPC			DSIStudio	autotrackgqi
Association_FrontalAslantTractL	ng	TORTOISE_model-MAPMRI	/scratch/executivefunction/SLURM_13244013_43/job-13244013-43-sub-20333-ses-1/ds/inputs/data/qsiprep/qsiprep/sub-20333/ses-1/dwi/sub-20333_ses-1_space-ACPC_desc-preproc_dwi.nii.gz	0.0003118178983473	0.2873174250125885	0.0857852324843406	0.304307222366333	0.2874070405960083	0.3043522834777832	0.0856483802199363	0.3259595930576324	0.3259637653827667	sub-20333	ses-1				space-ACPC			DSIStudio	autotrackgqi
Association_FrontalAslantTractL	ngpar	TORTOISE_model-MAPMRI	/scratch/executivefunction/SLURM_13244013_43/job-13244013-43-sub-20333-ses-1/ds/inputs/data/qsiprep/qsiprep/sub-20333/ses-1/dwi/sub-20333_ses-1_space-ACPC_desc-preproc_dwi.nii.gz	0.0003118178983473	0.1363973468542099	0.0380989760160446	0.1317878067493438	0.1364398896694183	0.1317901015281677	0.038028672337532	0.1454053372144699	0.1454071998596191	sub-20333	ses-1				space-ACPC			DSIStudio	autotrackgqi
Association_FrontalAslantTractL	ngperp	TORTOISE_model-MAPMRI	/scratch/executivefunction/SLURM_13244013_43/job-13244013-43-sub-20333-ses-1/ds/inputs/data/qsiprep/qsiprep/sub-20333/ses-1/dwi/sub-20333_ses-1_space-ACPC_desc-preproc_dwi.nii.gz	0.0003118178983473	0.2475399374961853	0.0721384137868881	0.2590872943401336	0.2476171553134918	0.25910085439682	0.0720170512795448	0.2772838175296783	0.2772873640060425	sub-20333	ses-1				space-ACPC			DSIStudio	autotrackgqi
Association_FrontalAslantTractL	pa	TORTOISE_model-MAPMRI	/scratch/executivefunction/SLURM_13244013_43/job-13244013-43-sub-20333-ses-1/ds/inputs/data/qsiprep/qsiprep/sub-20333/ses-1/dwi/sub-20333_ses-1_space-ACPC_desc-preproc_dwi.nii.gz	0.0003118178983473	0.6184675097465515	0.2598337829113006	0.6801655888557434	0.6186603903770447	0.6804964542388916	0.2596445977687835	0.737887978553772	0.7378974556922913	sub-20333	ses-1				space-ACPC			DSIStudio	autotrackgqi
Association_FrontalAslantTractL	path	TORTOISE_model-MAPMRI	/scratch/executivefunction/SLURM_13244013_43/job-13244013-43-sub-20333-ses-1/ds/inputs/data/qsiprep/qsiprep/sub-20333/ses-1/dwi/sub-20333_ses-1_space-ACPC_desc-preproc_dwi.nii.gz	0.0003118178983473	0.2459574192762375	0.1153464242815971	0.2373557090759277	0.2460341453552246	0.2374874055385589	0.1152825728058815	0.295799195766449	0.2958029806613922	sub-20333	ses-1				space-ACPC			DSIStudio	autotrackgqi
Association_FrontalAslantTractL	rd	TORTOISE_model-MAPMRI	/scratch/executivefunction/SLURM_13244013_43/job-13244013-43-sub-20333-ses-1/ds/inputs/data/qsiprep/qsiprep/sub-20333/ses-1/dwi/sub-20333_ses-1_space-ACPC_desc-preproc_dwi.nii.gz	0.0003118178983473	724.3301775552993	308.7194583162821	651.1128025349594	724.5561071178556	651.1554874055361	308.5024039070145	605.0892395285593	605.096955936572	sub-20333	ses-1				space-ACPC			DSIStudio	autotrackgqi
Association_FrontalAslantTractL	rtap	TORTOISE_model-MAPMRI	/scratch/executivefunction/SLURM_13244013_43/job-13244013-43-sub-20333-ses-1/ds/inputs/data/qsiprep/qsiprep/sub-20333/ses-1/dwi/sub-20333_ses-1_space-ACPC_desc-preproc_dwi.nii.gz	0.0003118178983473	0.0114791179075837	0.0049069854430854	0.0107063753530383	0.0114826979115605	0.0107130631804466	0.0049035600386559	0.0136795993894338	0.0136797735467553	sub-20333	ses-1				space-ACPC			DSIStudio	autotrackgqi
Association_FrontalAslantTractL	rtop	TORTOISE_model-MAPMRI	/scratch/executivefunction/SLURM_13244013_43/job-13244013-43-sub-20333-ses-1/ds/inputs/data/qsiprep/qsiprep/sub-20333/ses-1/dwi/sub-20333_ses-1_space-ACPC_desc-preproc_dwi.nii.gz	0.0003118178983473	0.0002323061780771	9.07070716493763e-05	0.0002262990165036	0.000232378632063	0.0002263013739138	9.06283748918213e-05	0.0002795956388581	0.0002795992186293	sub-20333	ses-1				space-ACPC			DSIStudio	autotrackgqi
Association_FrontalAslantTractL	rtpp	TORTOISE_model-MAPMRI	/scratch/executivefunction/SLURM_13244013_43/job-13244013-43-sub-20333-ses-1/ds/inputs/data/qsiprep/qsiprep/sub-20333/ses-1/dwi/sub-20333_ses-1_space-ACPC_desc-preproc_dwi.nii.gz	0.0003118178983473	0.0454175472259521	0.0052426657639443	0.0462490022182464	0.0454317107796669	0.0462591759860515	0.00518174842	0.0464056842029094	0.0464062802493572	sub-20333	ses-1				space-ACPC			DSIStudio	autotrackgqi
Association_ArcuateFasciculusR	ad	TORTOISE_model-MAPMRI	/scratch/executivefunction/SLURM_13244013_43/job-13244013-43-sub-20333-ses-1/ds/inputs/data/qsiprep/qsiprep/sub-20333/ses-1/dwi/sub-20333_ses-1_space-ACPC_desc-preproc_dwi.nii.gz	0.0	1077.7758349222097	197.43313568954815	1040.1755769467295	1077.7758349222097	1040.1755769467295	197.43313568954815	1082.5219132872735	1082.5219132872735	sub-20333	ses-1				space-ACPC			DSIStudio	autotrackgqi
Association_ArcuateFasciculusR	am	TORTOISE_model-MAPMRI	/scratch/executivefunction/SLURM_13244013_43/job-13244013-43-sub-20333-ses-1/ds/inputs/data/qsiprep/qsiprep/sub-20333/ses-1/dwi/sub-20333_ses-1_space-ACPC_desc-preproc_dwi.nii.gz	0.0	529.7937622070312	130.3141326904297	488.9700927734375	529.7937622070312	488.9700927734375	130.3141326904297	460.82513427734375	460.82513427734375	sub-20333	ses-1				space-ACPC			DSIStudio	autotrackgqi
Association_ArcuateFasciculusR	fa	TORTOISE_model-MAPMRI	/scratch/executivefunction/SLURM_13244013_43/job-13244013-43-sub-20333-ses-1/ds/inputs/data/qsiprep/qsiprep/sub-20333/ses-1/dwi/sub-20333_ses-1_space-ACPC_desc-preproc_dwi.nii.gz	0.0	0.3190857252293759	0.1629187866825204	0.3071732474632911	0.3190857252293759	0.3071732474632911	0.1629187866825204	0.401186781918063	0.401186781918063	sub-20333	ses-1				space-ACPC			DSIStudio	autotrackgqi
Association_ArcuateFasciculusR	li	TORTOISE_model-MAPMRI	/scratch/executivefunction/SLURM_13244013_43/job-13244013-43-sub-20333-ses-1/ds/inputs/data/qsiprep/qsiprep/sub-20333/ses-1/dwi/sub-20333_ses-1_space-ACPC_desc-preproc_dwi.nii.gz	0.0002124044180118	0.1836938709020614	0.1229675486683845	0.1598517596721649	0.1837328970432281	0.1599576622247696	0.1229514479637146	0.2451839745044708	0.2451902776956558	sub-20333	ses-1				space-ACPC			DSIStudio	autotrackgqi
Association_ArcuateFasciculusR	ng	TORTOISE_model-MAPMRI	/scratch/executivefunction/SLURM_13244013_43/job-13244013-43-sub-20333-ses-1/ds/inputs/data/qsiprep/qsiprep/sub-20333/ses-1/dwi/sub-20333_ses-1_space-ACPC_desc-preproc_dwi.nii.gz	0.0	0.277656614780426	0.0857031568884849	0.2941555380821228	0.277656614780426	0.2941555380821228	0.0857031568884849	0.3372375071048736	0.3372375071048736	sub-20333	ses-1				space-ACPC			DSIStudio	autotrackgqi
Association_ArcuateFasciculusR	ngpar	TORTOISE_model-MAPMRI	/scratch/executivefunction/SLURM_13244013_43/job-13244013-43-sub-20333-ses-1/ds/inputs/data/qsiprep/qsiprep/sub-20333/ses-1/dwi/sub-20333_ses-1_space-ACPC_desc-preproc_dwi.nii.gz	0.0	0.1295134574174881	0.0370451509952545	0.1233662962913513	0.1295134574174881	0.1233662962913513	0.0370451509952545	0.1466734111309051	0.1466734111309051	sub-20333	ses-1				space-ACPC			DSIStudio	autotrackgqi
Association_ArcuateFasciculusR	ngperp	TORTOISE_model-MAPMRI	/scratch/executivefunction/SLURM_13244013_43/job-13244013-43-sub-20333-ses-1/ds/inputs/data/qsiprep/qsiprep/sub-20333/ses-1/dwi/sub-20333_ses-1_space-ACPC_desc-preproc_dwi.nii.gz	0.0	0.2393626719713211	0.0721859335899353	0.2535818517208099	0.2393626719713211	0.2535818517208099	0.0721859335899353	0.2857691049575805	0.2857691049575805	sub-20333	ses-1				space-ACPC			DSIStudio	autotrackgqi
Association_ArcuateFasciculusR	pa	TORTOISE_model-MAPMRI	/scratch/executivefunction/SLURM_13244013_43/job-13244013-43-sub-20333-ses-1/ds/inputs/data/qsiprep/qsiprep/sub-20333/ses-1/dwi/sub-20333_ses-1_space-ACPC_desc-preproc_dwi.nii.gz	0.0	0.6220678687095642	0.2569384276866913	0.687360405921936	0.6220678687095642	0.687360405921936	0.2569384276866913	0.7774522304534912	0.7774522304534912	sub-20333	ses-1				space-ACPC			DSIStudio	autotrackgqi
Association_ArcuateFasciculusR	path	TORTOISE_model-MAPMRI	/scratch/executivefunction/SLURM_13244013_43/job-13244013-43-sub-20333-ses-1/ds/inputs/data/qsiprep/qsiprep/sub-20333/ses-1/dwi/sub-20333_ses-1_space-ACPC_desc-preproc_dwi.nii.gz	0.0	0.2449064701795578	0.1101454421877861	0.2402432858943939	0.2449064701795578	0.2402432858943939	0.1101454421877861	0.3072255849838257	0.3072255849838257	sub-20333	ses-1				space-ACPC			DSIStudio	autotrackgqi
Association_ArcuateFasciculusR	rd	TORTOISE_model-MAPMRI	/scratch/executivefunction/SLURM_13244013_43/job-13244013-43-sub-20333-ses-1/ds/inputs/data/qsiprep/qsiprep/sub-20333/ses-1/dwi/sub-20333_ses-1_space-ACPC_desc-preproc_dwi.nii.gz	0.0	663.0128431684635	181.9348077977854	641.7655035991746	663.0128431684635	641.7655035991746	181.9348077977854	577.1539715186851	577.1539715186851	sub-20333	ses-1				space-ACPC			DSIStudio	autotrackgqi
Association_ArcuateFasciculusR	rtap	TORTOISE_model-MAPMRI	/scratch/executivefunction/SLURM_13244013_43/job-13244013-43-sub-20333-ses-1/ds/inputs/data/qsiprep/qsiprep/sub-20333/ses-1/dwi/sub-20333_ses-1_space-ACPC_desc-preproc_dwi.nii.gz	0.0	0.0116106467321515	0.003991506062448	0.0109479837119579	0.0116106467321515	0.0109479837119579	0.003991506062448	0.0140699399635195	0.0140699399635195	sub-20333	ses-1				space-ACPC			DSIStudio	autotrackgqi
Association_ArcuateFasciculusR	rtop	TORTOISE_model-MAPMRI	/scratch/executivefunction/SLURM_13244013_43/job-13244013-43-sub-20333-ses-1/ds/inputs/data/qsiprep/qsiprep/sub-20333/ses-1/dwi/sub-20333_ses-1_space-ACPC_desc-preproc_dwi.nii.gz	0.0	0.0002364501124247	7.274868403328583e-05	0.0002264609065605	0.0002364501124247	0.0002264609065605	7.274868403328583e-05	0.0002918187819886	0.0002918187819886	sub-20333	ses-1				space-ACPC			DSIStudio	autotrackgqi
Association_ArcuateFasciculusR	rtpp	TORTOISE_model-MAPMRI	/scratch/executivefunction/SLURM_13244013_43/job-13244013-43-sub-20333-ses-1/ds/inputs/data/qsiprep/qsiprep/sub-20333/ses-1/dwi/sub-20333_ses-1_space-ACPC_desc-preproc_dwi.nii.gz	0.0	0.0463984049856662	0.0039892983622848	0.0468430668115615	0.0463984049856662	0.0468430668115615	0.0039892983622848	0.0468859747052192	0.0468859747052192	sub-20333	ses-1				space-ACPC			DSIStudio	autotrackgqi
Association_FrontalAslantTractR	ad	TORTOISE_model-MAPMRI	/scratch/executivefunction/SLURM_13244013_43/job-13244013-43-sub-20333-ses-1/ds/inputs/data/qsiprep/qsiprep/sub-20333/ses-1/dwi/sub-20333_ses-1_space-ACPC_desc-preproc_dwi.nii.gz	0.0	1150.1076725294906	266.63494433504866	1093.1175489461807	1150.1076725294906	1093.1175489461807	266.63494433504866	1139.1517887631935	1139.1517887631935	sub-20333	ses-1				space-ACPC			DSIStudio	autotrackgqi
Association_FrontalAslantTractR	am	TORTOISE_model-MAPMRI	/scratch/executivefunction/SLURM_13244013_43/job-13244013-43-sub-20333-ses-1/ds/inputs/data/qsiprep/qsiprep/sub-20333/ses-1/dwi/sub-20333_ses-1_space-ACPC_desc-preproc_dwi.nii.gz	0.0	542.085693359375	151.00486755371094	495.47076416015625	542.085693359375	495.47076416015625	151.00486755371094	477.5578918457031	477.5578918457031	sub-20333	ses-1				space-ACPC			DSIStudio	autotrackgqi
Association_FrontalAslantTractR	fa	TORTOISE_model-MAPMRI	/scratch/executivefunction/SLURM_13244013_43/job-13244013-43-sub-20333-ses-1/ds/inputs/data/qsiprep/qsiprep/sub-20333/ses-1/dwi/sub-20333_ses-1_space-ACPC_desc-preproc_dwi.nii.gz	0.0	0.3381127914230014	0.1849767542316415	0.3213383325012564	0.3381127914230014	0.3213383325012564	0.1849767542316415	0.4032610004656382	0.4032610004656382	sub-20333	ses-1				space-ACPC			DSIStudio	autotrackgqi
Association_FrontalAslantTractR	li	TORTOISE_model-MAPMRI	/scratch/executivefunction/SLURM_13244013_43/job-13244013-43-sub-20333-ses-1/ds/inputs/data/qsiprep/qsiprep/sub-20333/ses-1/dwi/sub-20333_ses-1_space-ACPC_desc-preproc_dwi.nii.gz	0.0	0.2053832411766052	0.1438372880220413	0.177944004535675	0.2053832411766052	0.177944004535675	0.1438372880220413	0.2556411921977997	0.2556411921977997	sub-20333	ses-1				space-ACPC			DSIStudio	autotrackgqi
Association_FrontalAslantTractR	ng	TORTOISE_model-MAPMRI	/scratch/executivefunction/SLURM_13244013_43/job-13244013-43-sub-20333-ses-1/ds/inputs/data/qsiprep/qsiprep/sub-20333/ses-1/dwi/sub-20333_ses-1_space-ACPC_desc-preproc_dwi.nii.gz	0.0	0.2899167239665985	0.0851224213838577	0.3118931949138641	0.2899167239665985	0.3118931949138641	0.0851224213838577	0.3324095010757446	0.3324095010757446	sub-20333	ses-1				space-ACPC			DSIStudio	autotrackgqi
Association_FrontalAslantTractR	ngpar	TORTOISE_model-MAPMRI	/scratch/executivefunction/SLURM_13244013_43/job-13244013-43-sub-20333-ses-1/ds/inputs/data/qsiprep/qsiprep/sub-20333/ses-1/dwi/sub-20333_ses-1_space-ACPC_desc-preproc_dwi.nii.gz	0.0	0.1298211216926574	0.0379717350006103	0.1250001043081283	0.1298211216926574	0.1250001043081283	0.0379717350006103	0.1394135057926178	0.1394135057926178	sub-20333	ses-1				space-ACPC			DSIStudio	autotrackgqi
Association_FrontalAslantTractR	ngperp	TORTOISE_model-MAPMRI	/scratch/executivefunction/SLURM_13244013_43/job-13244013-43-sub-20333-ses-1/ds/inputs/data/qsiprep/qsiprep/sub-20333/ses-1/dwi/sub-20333_ses-1_space-ACPC_desc-preproc_dwi.nii.gz	0.0	0.2517593801021576	0.0732758417725563	0.2658742070198059	0.2517593801021576	0.2658742070198059	0.0732758417725563	0.2865616083145141	0.2865616083145141	sub-20333	ses-1				space-ACPC			DSIStudio	autotrackgqi
Association_FrontalAslantTractR	pa	TORTOISE_model-MAPMRI	/scratch/executivefunction/SLURM_13244013_43/job-13244013-43-sub-20333-ses-1/ds/inputs/data/qsiprep/qsiprep/sub-20333/ses-1/dwi/sub-20333_ses-1_space-ACPC_desc-preproc_dwi.nii.gz	0.0	0.6465446352958679	0.2536551356315613	0.7233023047447205	0.6465446352958679	0.7233023047447205	0.2536551356315613	0.764986515045166	0.764986515045166	sub-20333	ses-1				space-ACPC			DSIStudio	autotrackgqi
Association_FrontalAslantTractR	path	TORTOISE_model-MAPMRI	/scratch/executivefunction/SLURM_13244013_43/job-13244013-43-sub-20333-ses-1/ds/inputs/data/qsiprep/qsiprep/sub-20333/ses-1/dwi/sub-20333_ses-1_space-ACPC_desc-preproc_dwi.nii.gz	0.0	0.2598253488540649	0.1184875294566154	0.2555298209190368	0.2598253488540649	0.2555298209190368	0.1184875294566154	0.3058944940567016	0.3058944940567016	sub-20333	ses-1				space-ACPC			DSIStudio	autotrackgqi
Association_FrontalAslantTractR	rd	TORTOISE_model-MAPMRI	/scratch/executivefunction/SLURM_13244013_43/job-13244013-43-sub-20333-ses-1/ds/inputs/data/qsiprep/qsiprep/sub-20333/ses-1/dwi/sub-20333_ses-1_space-ACPC_desc-preproc_dwi.nii.gz	0.0	686.4815001226299	281.2316695190717	624.3277724798489	686.4815001226299	624.3277724798489	281.2316695190717	595.8285408352494	595.8285408352494	sub-20333	ses-1				space-ACPC			DSIStudio	autotrackgqi
Association_FrontalAslantTractR	rtap	TORTOISE_model-MAPMRI	/scratch/executivefunction/SLURM_13244013_43/job-13244013-43-sub-20333-ses-1/ds/inputs/data/qsiprep/qsiprep/sub-20333/ses-1/dwi/sub-20333_ses-1_space-ACPC_desc-preproc_dwi.nii.gz	0.0	0.0121269486844539	0.0050131902098655	0.0115198399871587	0.0121269486844539	0.0115198399871587	0.0050131902098655	0.013863724656403	0.013863724656403	sub-20333	ses-1				space-ACPC			DSIStudio	autotrackgqi
Association_FrontalAslantTractR	rtop	TORTOISE_model-MAPMRI	/scratch/executivefunction/SLURM_13244013_43/job-13244013-43-sub-20333-ses-1/ds/inputs/data/qsiprep/qsiprep/sub-20333/ses-1/dwi/sub-20333_ses-1_space-ACPC_desc-preproc_dwi.nii.gz	0.0	0.0002400459343334	8.745088416617364e-05	0.0002382902894169	0.0002400459343334	0.0002382902894169	8.745088416617364e-05	0.0002771923318505	0.0002771923318505	sub-20333	ses-1				space-ACPC			DSIStudio	autotrackgqi
Association_FrontalAslantTractR	rtpp	TORTOISE_model-MAPMRI	/scratch/executivefunction/SLURM_13244013_43/job-13244013-43-sub-20333-ses-1/ds/inputs/data/qsiprep/qsiprep/sub-20333/ses-1/dwi/sub-20333_ses-1_space-ACPC_desc-preproc_dwi.nii.gz	0.0	0.0450924076139926	0.0047907386906445	0.0457480587065219	0.0450924076139926	0.0457480587065219	0.0047907386906445	0.0455384775996208	0.0455384775996208	sub-20333	ses-1				space-ACPC			DSIStudio	autotrackgqi
Association_InferiorFrontoOccipitalFasciculusL	ad	TORTOISE_model-MAPMRI	/scratch/executivefunction/SLURM_13244013_43/job-13244013-43-sub-20333-ses-1/ds/inputs/data/qsiprep/qsiprep/sub-20333/ses-1/dwi/sub-20333_ses-1_space-ACPC_desc-preproc_dwi.nii.gz	0.0109570041608876	1089.0220908037768	257.19336872837414	1049.365657997209	1101.0867023832886	1051.9837758535878	231.51039639746227	1215.002251708318	1216.5766691058757	sub-20333	ses-1				space-ACPC			DSIStudio	autotrackgqi
Association_InferiorFrontoOccipitalFasciculusL	am	TORTOISE_model-MAPMRI	/scratch/executivefunction/SLURM_13244013_43/job-13244013-43-sub-20333-ses-1/ds/inputs/data/qsiprep/qsiprep/sub-20333/ses-1/dwi/sub-20333_ses-1_space-ACPC_desc-preproc_dwi.nii.gz	0.0109570041608876	549.9844360351562	156.975341796875	529.1714477539062	556.077392578125	531.9332885742188	146.71774291992188	475.0945739746094	475.710205078125	sub-20333	ses-1				space-ACPC			DSIStudio	autotrackgqi
Association_InferiorFrontoOccipitalFasciculusL	fa	TORTOISE_model-MAPMRI	/scratch/executivefunction/SLURM_13244013_43/job-13244013-43-sub-20333-ses-1/ds/inputs/data/qsiprep/qsiprep/sub-20333/ses-1/dwi/sub-20333_ses-1_space-ACPC_desc-preproc_dwi.nii.gz	0.0109570041608876	0.2973240965652401	0.1694069787855112	0.2721321548446126	0.3006179689013296	0.2753142371299495	0.167411059716751	0.4420136714866315	0.4425864392139794	sub-20333	ses-1				space-ACPC			DSIStudio	autotrackgqi
Association_InferiorFrontoOccipitalFasciculusL	li	TORTOISE_model-MAPMRI	/scratch/executivefunction/SLURM_13244013_43/job-13244013-43-sub-20333-ses-1/ds/inputs/data/qsiprep/qsiprep/sub-20333/ses-1/dwi/sub-20333_ses-1_space-ACPC_desc-preproc_dwi.nii.gz	0.0109570041608876	0.1699555665254593	0.1214954853057861	0.1380481719970703	0.1718384027481079	0.1407039314508438	0.1208351776003837	0.2773606181144714	0.2777200043201446	sub-20333	ses-1				space-ACPC			DSIStudio	autotrackgqi
Association_InferiorFrontoOccipitalFasciculusL	ng	TORTOISE_model-MAPMRI	/scratch/executivefunction/SLURM_13244013_43/job-13244013-43-sub-20333-ses-1/ds/inputs/data/qsiprep/qsiprep/sub-20333/ses-1/dwi/sub-20333_ses-1_space-ACPC_desc-preproc_dwi.nii.gz	0.0109570041608876	0.2664087116718292	0.0816165655851364	0.2658760547637939	0.2693600952625274	0.2670698761940002	0.0770718902349472	0.3120981156826019	0.3125025033950805	sub-20333	ses-1				space-ACPC			DSIStudio	autotrackgqi
Association_InferiorFrontoOccipitalFasciculusL	ngpar	TORTOISE_model-MAPMRI	/scratch/executivefunction/SLURM_13244013_43/job-13244013-43-sub-20333-ses-1/ds/inputs/data/qsiprep/qsiprep/sub-20333/ses-1/dwi/sub-20333_ses-1_space-ACPC_desc-preproc_dwi.nii.gz	0.0109570041608876	0.1350073218345642	0.0409624502062797	0.1332335174083709	0.1365029960870742	0.1335929036140442	0.0386309251189231	0.1288850307464599	0.1290520429611206	sub-20333	ses-1				space-ACPC			DSIStudio	autotrackgqi
Association_InferiorFrontoOccipitalFasciculusL	ngperp	TORTOISE_model-MAPMRI	/scratch/executivefunction/SLURM_13244013_43/job-13244013-43-sub-20333-ses-1/ds/inputs/data/qsiprep/qsiprep/sub-20333/ses-1/dwi/sub-20333_ses-1_space-ACPC_desc-preproc_dwi.nii.gz	0.0109570041608876	0.2280494570732116	0.0715133398771286	0.2269238233566284	0.2305758744478225	0.2279890030622482	0.0677368640899658	0.2735732495784759	0.2739277184009552	sub-20333	ses-1				space-ACPC			DSIStudio	autotrackgqi
Association_InferiorFrontoOccipitalFasciculusL	pa	TORTOISE_model-MAPMRI	/scratch/executivefunction/SLURM_13244013_43/job-13244013-43-sub-20333-ses-1/ds/inputs/data/qsiprep/qsiprep/sub-20333/ses-1/dwi/sub-20333_ses-1_space-ACPC_desc-preproc_dwi.nii.gz	0.0109570041608876	0.5751267671585083	0.2601199746131897	0.5853709578514099	0.5814982652664185	0.5926158428192139	0.2543756663799286	0.7891486287117004	0.7901711463928223	sub-20333	ses-1				space-ACPC			DSIStudio	autotrackgqi
Association_InferiorFrontoOccipitalFasciculusL	path	TORTOISE_model-MAPMRI	/scratch/executivefunction/SLURM_13244013_43/job-13244013-43-sub-20333-ses-1/ds/inputs/data/qsiprep/qsiprep/sub-20333/ses-1/dwi/sub-20333_ses-1_space-ACPC_desc-preproc_dwi.nii.gz	0.0109570041608876	0.2249975502490997	0.1097763776779174	0.2032531797885894	0.2274901568889618	0.2056499719619751	0.1077836453914642	0.3178248703479767	0.3182367384433746	sub-20333	ses-1				space-ACPC			DSIStudio	autotrackgqi
Association_InferiorFrontoOccipitalFasciculusL	rd	TORTOISE_model-MAPMRI	/scratch/executivefunction/SLURM_13244013_43/job-13244013-43-sub-20333-ses-1/ds/inputs/data/qsiprep/qsiprep/sub-20333/ses-1/dwi/sub-20333_ses-1_space-ACPC_desc-preproc_dwi.nii.gz	0.0109570041608876	687.6629228251436	202.99230107063204	671.951599150241	695.2811209604944	673.6616766189333	190.6976132668734	589.909417038718	590.6738300647087	sub-20333	ses-1				space-ACPC			DSIStudio	autotrackgqi
Association_InferiorFrontoOccipitalFasciculusL	rtap	TORTOISE_model-MAPMRI	/scratch/executivefunction/SLURM_13244013_43/job-13244013-43-sub-20333-ses-1/ds/inputs/data/qsiprep/qsiprep/sub-20333/ses-1/dwi/sub-20333_ses-1_space-ACPC_desc-preproc_dwi.nii.gz	0.0116504854368932	0.0105225536972284	0.0037412834353744	0.0097793666645884	0.0106465918943285	0.0098522398620843	0.0035835199523717	0.0133583210408687	0.013376148417592	sub-20333	ses-1				space-ACPC			DSIStudio	autotrackgqi
Association_InferiorFrontoOccipitalFasciculusL	rtop	TORTOISE_model-MAPMRI	/scratch/executivefunction/SLURM_13244013_43/job-13244013-43-sub-20333-ses-1/ds/inputs/data/qsiprep/qsiprep/sub-20333/ses-1/dwi/sub-20333_ses-1_space-ACPC_desc-preproc_dwi.nii.gz	0.0116504854368932	0.0002137457049684	6.596840830752626e-05	0.0002097457763738	0.0002162653108825	0.0002110975037794	6.21146391495131e-05	0.0002536906977184	0.0002540292625781	sub-20333	ses-1				space-ACPC			DSIStudio	autotrackgqi
Association_InferiorFrontoOccipitalFasciculusL	rtpp	TORTOISE_model-MAPMRI	/scratch/executivefunction/SLURM_13244013_43/job-13244013-43-sub-20333-ses-1/ds/inputs/data/qsiprep/qsiprep/sub-20333/ses-1/dwi/sub-20333_ses-1_space-ACPC_desc-preproc_dwi.nii.gz	0.0109570041608876	0.0454062782227993	0.0064740488305687	0.0464562028646469	0.0459093078970909	0.046505969017744	0.0043913489207625	0.0432580970227718	0.0433141514658927	sub-20333	ses-1				space-ACPC			DSIStudio	autotrackgqi
Association_SuperiorLongitudinalFasciculusL	ad	TORTOISE_model-MAPMRI	/scratch/executivefunction/SLURM_13244013_43/job-13244013-43-sub-20333-ses-1/ds/inputs/data/qsiprep/qsiprep/sub-20333/ses-1/dwi/sub-20333_ses-1_space-ACPC_desc-preproc_dwi.nii.gz	0.0020585048754062	1104.117680198597	299.2944117873636	1034.3744484653316	1106.395200112154	1034.7771208062184	295.36770841976283	1127.7778500597512	1127.952918897346	sub-20333	ses-1				space-ACPC			DSIStudio	autotrackgqi
Association_SuperiorLongitudinalFasciculusL	am	TORTOISE_model-MAPMRI	/scratch/executivefunction/SLURM_13244013_43/job-13244013-43-sub-20333-ses-1/ds/inputs/data/qsiprep/qsiprep/sub-20333/ses-1/dwi/sub-20333_ses-1_space-ACPC_desc-preproc_dwi.nii.gz	0.0020585048754062	548.271484375	144.26219177246094	515.0838623046875	549.4024658203125	515.5515747070312	142.2433319091797	481.4512023925781	481.5259704589844	sub-20333	ses-1				space-ACPC			DSIStudio	autotrackgqi
Association_SuperiorLongitudinalFasciculusL	fa	TORTOISE_model-MAPMRI	/scratch/executivefunction/SLURM_13244013_43/job-13244013-43-sub-20333-ses-1/ds/inputs/data/qsiprep/qsiprep/sub-20333/ses-1/dwi/sub-20333_ses-1_space-ACPC_desc-preproc_dwi.nii.gz	0.0020585048754062	0.279827215455103	0.171694058461275	0.2407940115583135	0.2804044293399848	0.2416360900211648	0.1713995446591132	0.3884234757087644	0.3884837718852375	sub-20333	ses-1				space-ACPC			DSIStudio	autotrackgqi
Association_SuperiorLongitudinalFasciculusL	li	TORTOISE_model-MAPMRI	/scratch/executivefunction/SLURM_13244013_43/job-13244013-43-sub-20333-ses-1/ds/inputs/data/qsiprep/qsiprep/sub-20333/ses-1/dwi/sub-20333_ses-1_space-ACPC_desc-preproc_dwi.nii.gz	0.0020585048754062	0.1590399295091629	0.1253206133842468	0.1188703328371048	0.1593679934740066	0.1195337697863578	0.1252412497997284	0.2451187223196029	0.245156779885292	sub-20333	ses-1				space-ACPC			DSIStudio	autotrackgqi
Association_SuperiorLongitudinalFasciculusL	ng	TORTOISE_model-MAPMRI	/scratch/executivefunction/SLURM_13244013_43/job-13244013-43-sub-20333-ses-1/ds/inputs/data/qsiprep/qsiprep/sub-20333/ses-1/dwi/sub-20333_ses-1_space-ACPC_desc-preproc_dwi.nii.gz	0.0020585048754062	0.267594963312149	0.0847185924649238	0.2649909257888794	0.2681469619274139	0.2653008103370666	0.0839287415146827	0.3189307451248169	0.3189802765846252	sub-20333	ses-1				space-ACPC			DSIStudio	autotrackgqi
Association_SuperiorLongitudinalFasciculusL	ngpar	TORTOISE_model-MAPMRI	/scratch/executivefunction/SLURM_13244013_43/job-13244013-43-sub-20333-ses-1/ds/inputs/data/qsiprep/qsiprep/sub-20333/ses-1/dwi/sub-20333_ses-1_space-ACPC_desc-preproc_dwi.nii.gz	0.0020585048754062	0.1308925598859787	0.0377696901559829	0.126057431101799	0.13116255402565	0.1261753141880035	0.0373373590409755	0.1377982348203659	0.1378196328878402	sub-20333	ses-1				space-ACPC			DSIStudio	autotrackgqi
Association_SuperiorLongitudinalFasciculusL	ngperp	TORTOISE_model-MAPMRI	/scratch/executivefunction/SLURM_13244013_43/job-13244013-43-sub-20333-ses-1/ds/inputs/data/qsiprep/qsiprep/sub-20333/ses-1/dwi/sub-20333_ses-1_space-ACPC_desc-preproc_dwi.nii.gz	0.0020585048754062	0.2319896221160888	0.0718638971447944	0.2278972566127777	0.2324681580066681	0.2283094078302383	0.071160577237606	0.2758950293064117	0.2759378850460052	sub-20333	ses-1				space-ACPC			DSIStudio	autotrackgqi
Association_SuperiorLongitudinalFasciculusL	pa	TORTOISE_model-MAPMRI	/scratch/executivefunction/SLURM_13244013_43/job-13244013-43-sub-20333-ses-1/ds/inputs/data/qsiprep/qsiprep/sub-20333/ses-1/dwi/sub-20333_ses-1_space-ACPC_desc-preproc_dwi.nii.gz	0.0020585048754062	0.5649875402450562	0.2612040638923645	0.5672236680984497	0.5661529898643494	0.568916380405426	0.2602085471153259	0.7319846749305725	0.7320983409881592	sub-20333	ses-1				space-ACPC			DSIStudio	autotrackgqi
Association_SuperiorLongitudinalFasciculusL	path	TORTOISE_model-MAPMRI	/scratch/executivefunction/SLURM_13244013_43/job-13244013-43-sub-20333-ses-1/ds/inputs/data/qsiprep/qsiprep/sub-20333/ses-1/dwi/sub-20333_ses-1_space-ACPC_desc-preproc_dwi.nii.gz	0.0020585048754062	0.2218072712421417	0.1093688383698463	0.1973678022623062	0.2222648113965988	0.1979099661111831	0.1090161651372909	0.2922399640083313	0.2922853231430053	sub-20333	ses-1				space-ACPC			DSIStudio	autotrackgqi
Association_SuperiorLongitudinalFasciculusL	rd	TORTOISE_model-MAPMRI	/scratch/executivefunction/SLURM_13244013_43/job-13244013-43-sub-20333-ses-1/ds/inputs/data/qsiprep/qsiprep/sub-20333/ses-1/dwi/sub-20333_ses-1_space-ACPC_desc-preproc_dwi.nii.gz	0.0020585048754062	731.8071797462527	302.7790808659139	665.0205619911724	733.3167157809047	665.3319318192057	301.25953405728853	608.2281160881386	608.3225336488376	sub-20333	ses-1				space-ACPC			DSIStudio	autotrackgqi
Association_SuperiorLongitudinalFasciculusL	rtap	TORTOISE_model-MAPMRI	/scratch/executivefunction/SLURM_13244013_43/job-13244013-43-sub-20333-ses-1/ds/inputs/data/qsiprep/qsiprep/sub-20333/ses-1/dwi/sub-20333_ses-1_space-ACPC_desc-preproc_dwi.nii.gz	0.0020585048754062	0.0107363788411021	0.0042983116582036	0.0098754474893212	0.0107585256919264	0.0098834317177534	0.0042749652639031	0.013336076401174	0.01333814766258	sub-20333	ses-1				space-ACPC			DSIStudio	autotrackgqi
Association_SuperiorLongitudinalFasciculusL	rtop	TORTOISE_model-MAPMRI	/scratch/executivefunction/SLURM_13244013_43/job-13244013-43-sub-20333-ses-1/ds/inputs/data/qsiprep/qsiprep/sub-20333/ses-1/dwi/sub-20333_ses-1_space-ACPC_desc-preproc_dwi.nii.gz	0.0020585048754062	0.000219292633119	7.997466309461743e-05	0.0002114126691594	0.0002197449794039	0.0002116326213581	7.943386299302801e-05	0.0002674618444871	0.0002675033756531	sub-20333	ses-1				space-ACPC			DSIStudio	autotrackgqi
Association_SuperiorLongitudinalFasciculusL	rtpp	TORTOISE_model-MAPMRI	/scratch/executivefunction/SLURM_13244013_43/job-13244013-43-sub-20333-ses-1/ds/inputs/data/qsiprep/qsiprep/sub-20333/ses-1/dwi/sub-20333_ses-1_space-ACPC_desc-preproc_dwi.nii.gz	0.0020585048754062	0.0458994507789611	0.0056178555823862	0.046994499862194	0.0459941290318965	0.0470030978322029	0.0052221366204321	0.0455547571182251	0.0455618277192115	sub-20333	ses-1				space-ACPC			DSIStudio	autotrackgqi
Association_UncinateFasciculusR	ad	TORTOISE_model-MAPMRI	/scratch/executivefunction/SLURM_13244013_43/job-13244013-43-sub-20333-ses-1/ds/inputs/data/qsiprep/qsiprep/sub-20333/ses-1/dwi/sub-20333_ses-1_space-ACPC_desc-preproc_dwi.nii.gz	0.0004722550177095	1160.0481008173067	349.89365520011376	1086.553526722223	1160.596198195439	1086.6753903357417	349.06631694068994	1195.2598527122273	1195.303739067902	sub-20333	ses-1				space-ACPC			DSIStudio	autotrackgqi
Association_UncinateFasciculusR	am	TORTOISE_model-MAPMRI	/scratch/executivefunction/SLURM_13244013_43/job-13244013-43-sub-20333-ses-1/ds/inputs/data/qsiprep/qsiprep/sub-20333/ses-1/dwi/sub-20333_ses-1_space-ACPC_desc-preproc_dwi.nii.gz	0.0004722550177095	565.1531372070312	181.9530792236328	542.0159912109375	565.420166015625	542.5448608398438	181.580810546875	517.6450805664062	517.6640625	sub-20333	ses-1				space-ACPC			DSIStudio	autotrackgqi
Association_UncinateFasciculusR	fa	TORTOISE_model-MAPMRI	/scratch/executivefunction/SLURM_13244013_43/job-13244013-43-sub-20333-ses-1/ds/inputs/data/qsiprep/qsiprep/sub-20333/ses-1/dwi/sub-20333_ses-1_space-ACPC_desc-preproc_dwi.nii.gz	0.0004722550177095	0.2725384228233513	0.1434542545889849	0.2414594236632558	0.2726671912725945	0.241499401384209	0.1433657400298175	0.3719512380186991	0.3719648950131748	sub-20333	ses-1				space-ACPC			DSIStudio	autotrackgqi
Association_UncinateFasciculusR	li	TORTOISE_model-MAPMRI	/scratch/executivefunction/SLURM_13244013_43/job-13244013-43-sub-20333-ses-1/ds/inputs/data/qsiprep/qsiprep/sub-20333/ses-1/dwi/sub-20333_ses-1_space-ACPC_desc-preproc_dwi.nii.gz	0.0009445100354191	0.144827589392662	0.1032421365380287	0.1128637939691543	0.1449645161628723	0.1129147857427597	0.103194810450077	0.2231678068637848	0.2232041954994201	sub-20333	ses-1				space-ACPC			DSIStudio	autotrackgqi
Association_UncinateFasciculusR	ng	TORTOISE_model-MAPMRI	/scratch/executivefunction/SLURM_13244013_43/job-13244013-43-sub-20333-ses-1/ds/inputs/data/qsiprep/qsiprep/sub-20333/ses-1/dwi/sub-20333_ses-1_space-ACPC_desc-preproc_dwi.nii.gz	0.0004722550177095	0.2391506135463714	0.079954020678997	0.2296866327524185	0.2392636090517044	0.2299170792102813	0.0798036977648735	0.2628523409366607	0.262861967086792	sub-20333	ses-1				space-ACPC			DSIStudio	autotrackgqi
Association_UncinateFasciculusR	ngpar	TORTOISE_model-MAPMRI	/scratch/executivefunction/SLURM_13244013_43/job-13244013-43-sub-20333-ses-1/ds/inputs/data/qsiprep/qsiprep/sub-20333/ses-1/dwi/sub-20333_ses-1_space-ACPC_desc-preproc_dwi.nii.gz	0.0004722550177095	0.1322181820869445	0.0444075353443622	0.1241038590669632	0.1322806477546692	0.1241309717297554	0.044324904680252	0.1231286004185676	0.1231331154704094	sub-20333	ses-1				space-ACPC			DSIStudio	autotrackgqi
Association_UncinateFasciculusR	ngperp	TORTOISE_model-MAPMRI	/scratch/executivefunction/SLURM_13244013_43/job-13244013-43-sub-20333-ses-1/ds/inputs/data/qsiprep/qsiprep/sub-20333/ses-1/dwi/sub-20333_ses-1_space-ACPC_desc-preproc_dwi.nii.gz	0.0004722550177095	0.2007627785205841	0.0676767155528068	0.1949089914560318	0.2008576244115829	0.1949803531169891	0.0675518363714218	0.2278542667627334	0.2278626263141632	sub-20333	ses-1				space-ACPC			DSIStudio	autotrackgqi
Association_UncinateFasciculusR	pa	TORTOISE_model-MAPMRI	/scratch/executivefunction/SLURM_13244013_43/job-13244013-43-sub-20333-ses-1/ds/inputs/data/qsiprep/qsiprep/sub-20333/ses-1/dwi/sub-20333_ses-1_space-ACPC_desc-preproc_dwi.nii.gz	0.0004722550177095	0.520394504070282	0.2257840037345886	0.4881060421466827	0.5206403732299805	0.4881500899791717	0.2255537360906601	0.6694342494010925	0.6694588661193848	sub-20333	ses-1				space-ACPC			DSIStudio	autotrackgqi
Association_UncinateFasciculusR	path	TORTOISE_model-MAPMRI	/scratch/executivefunction/SLURM_13244013_43/job-13244013-43-sub-20333-ses-1/ds/inputs/data/qsiprep/qsiprep/sub-20333/ses-1/dwi/sub-20333_ses-1_space-ACPC_desc-preproc_dwi.nii.gz	0.0004722550177095	0.1973501592874527	0.0882198736071586	0.1732926368713379	0.1974433958530426	0.1733054667711258	0.0881363302469253	0.2538972795009613	0.2539066076278686	sub-20333	ses-1				space-ACPC			DSIStudio	autotrackgqi
Association_UncinateFasciculusR	rd	TORTOISE_model-MAPMRI	/scratch/executivefunction/SLURM_13244013_43/job-13244013-43-sub-20333-ses-1/ds/inputs/data/qsiprep/qsiprep/sub-20333/ses-1/dwi/sub-20333_ses-1_space-ACPC_desc-preproc_dwi.nii.gz	0.0004722550177095	772.2786142875458	318.04187935889195	714.5725915188002	772.6434990568761	714.589163729923	317.67357876733723	654.7412070587598	654.7652470166247	sub-20333	ses-1				space-ACPC			DSIStudio	autotrackgqi
Association_UncinateFasciculusR	rtap	TORTOISE_model-MAPMRI	/scratch/executivefunction/SLURM_13244013_43/job-13244013-43-sub-20333-ses-1/ds/inputs/data/qsiprep/qsiprep/sub-20333/ses-1/dwi/sub-20333_ses-1_space-ACPC_desc-preproc_dwi.nii.gz	0.0014167650531286	0.0091074341908097	0.0029802217613905	0.0085073001682758	0.0091203553602099	0.0085110152140259	0.002962511498481	0.011018437333405	0.011021627113223	sub-20333	ses-1				space-ACPC			DSIStudio	autotrackgqi
Association_UncinateFasciculusR	rtop	TORTOISE_model-MAPMRI	/scratch/executivefunction/SLURM_13244013_43/job-13244013-43-sub-20333-ses-1/ds/inputs/data/qsiprep/qsiprep/sub-20333/ses-1/dwi/sub-20333_ses-1_space-ACPC_desc-preproc_dwi.nii.gz	0.0014167650531286	0.0001819778553908	5.324479934643023e-05	0.0001769653317751	0.0001822360354708	0.0001769764057826	5.283919017529115e-05	0.0002102283324347	0.0002102891739923	sub-20333	ses-1				space-ACPC			DSIStudio	autotrackgqi
Association_UncinateFasciculusR	rtpp	TORTOISE_model-MAPMRI	/scratch/executivefunction/SLURM_13244013_43/job-13244013-43-sub-20333-ses-1/ds/inputs/data/qsiprep/qsiprep/sub-20333/ses-1/dwi/sub-20333_ses-1_space-ACPC_desc-preproc_dwi.nii.gz	0.0004722550177095	0.0446703843772411	0.0053083826787769	0.0455027557909488	0.0446914881467819	0.0455034673213958	0.0052200565114617	0.0436405949294567	0.043642196804285	sub-20333	ses-1				space-ACPC			DSIStudio	autotrackgqi
Association_ArcuateFasciculusL	ad	TORTOISE_model-MAPMRI	/scratch/executivefunction/SLURM_13244013_43/job-13244013-43-sub-20333-ses-1/ds/inputs/data/qsiprep/qsiprep/sub-20333/ses-1/dwi/sub-20333_ses-1_space-ACPC_desc-preproc_dwi.nii.gz	0.0091780821917808	1080.8763643376703	268.4430707373928	1037.8661283619467	1090.888629844462	1040.3924754963334	248.60999612304303	1137.8485389277666	1138.2843894147036	sub-20333	ses-1				space-ACPC			DSIStudio	autotrackgqi
Association_ArcuateFasciculusL	am	TORTOISE_model-MAPMRI	/scratch/executivefunction/SLURM_13244013_43/job-13244013-43-sub-20333-ses-1/ds/inputs/data/qsiprep/qsiprep/sub-20333/ses-1/dwi/sub-20333_ses-1_space-ACPC_desc-preproc_dwi.nii.gz	0.0091780821917808	534.5428466796875	160.14627075195312	502.2830810546875	539.494384765625	504.07623291015625	152.35838317871094	461.2950134277344	461.4717102050781	sub-20333	ses-1				space-ACPC			DSIStudio	autotrackgqi
Association_ArcuateFasciculusL	fa	TORTOISE_model-MAPMRI	/scratch/executivefunction/SLURM_13244013_43/job-13244013-43-sub-20333-ses-1/ds/inputs/data/qsiprep/qsiprep/sub-20333/ses-1/dwi/sub-20333_ses-1_space-ACPC_desc-preproc_dwi.nii.gz	0.0091780821917808	0.293345925951072	0.1720953339814148	0.2601421736471766	0.2960632185044692	0.263089578756837	0.1705481076022545	0.4404035540150636	0.440572249540078	sub-20333	ses-1				space-ACPC			DSIStudio	autotrackgqi
Association_ArcuateFasciculusL	li	TORTOISE_model-MAPMRI	/scratch/executivefunction/SLURM_13244013_43/job-13244013-43-sub-20333-ses-1/ds/inputs/data/qsiprep/qsiprep/sub-20333/ses-1/dwi/sub-20333_ses-1_space-ACPC_desc-preproc_dwi.nii.gz	0.0093150684931506	0.1671476811170578	0.1271464079618454	0.128393292427063	0.1687193214893341	0.1299359798431396	0.1267006397247314	0.2825237810611725	0.2826324999332428	sub-20333	ses-1				space-ACPC			DSIStudio	autotrackgqi
Association_ArcuateFasciculusL	ng	TORTOISE_model-MAPMRI	/scratch/executivefunction/SLURM_13244013_43/job-13244013-43-sub-20333-ses-1/ds/inputs/data/qsiprep/qsiprep/sub-20333/ses-1/dwi/sub-20333_ses-1_space-ACPC_desc-preproc_dwi.nii.gz	0.0091780821917808	0.2639874517917633	0.0935102477669715	0.2656169533729553	0.2664327919483185	0.2671667337417602	0.0904082134366035	0.3263526260852813	0.3264776170253753	sub-20333	ses-1				space-ACPC			DSIStudio	autotrackgqi
Association_ArcuateFasciculusL	ngpar	TORTOISE_model-MAPMRI	/scratch/executivefunction/SLURM_13244013_43/job-13244013-43-sub-20333-ses-1/ds/inputs/data/qsiprep/qsiprep/sub-20333/ses-1/dwi/sub-20333_ses-1_space-ACPC_desc-preproc_dwi.nii.gz	0.0091780821917808	0.1310053616762161	0.0442535281181335	0.1249671876430511	0.1322188675403595	0.1253750771284103	0.0426153242588043	0.136027380824089	0.1360794901847839	sub-20333	ses-1				space-ACPC			DSIStudio	autotrackgqi
Association_ArcuateFasciculusL	ngperp	TORTOISE_model-MAPMRI	/scratch/executivefunction/SLURM_13244013_43/job-13244013-43-sub-20333-ses-1/ds/inputs/data/qsiprep/qsiprep/sub-20333/ses-1/dwi/sub-20333_ses-1_space-ACPC_desc-preproc_dwi.nii.gz	0.0091780821917808	0.2275819033384323	0.0777518153190612	0.2302240133285522	0.2296900153160095	0.2310455441474914	0.0749475210905075	0.2817036211490631	0.2818115651607513	sub-20333	ses-1				space-ACPC			DSIStudio	autotrackgqi
Association_ArcuateFasciculusL	pa	TORTOISE_model-MAPMRI	/scratch/executivefunction/SLURM_13244013_43/job-13244013-43-sub-20333-ses-1/ds/inputs/data/qsiprep/qsiprep/sub-20333/ses-1/dwi/sub-20333_ses-1_space-ACPC_desc-preproc_dwi.nii.gz	0.0091780821917808	0.5731388926506042	0.2733505070209503	0.59307861328125	0.5784479379653931	0.59768146276474	0.2689639925956726	0.7876012921333313	0.7879030108451843	sub-20333	ses-1				space-ACPC			DSIStudio	autotrackgqi
Association_ArcuateFasciculusL	path	TORTOISE_model-MAPMRI	/scratch/executivefunction/SLURM_13244013_43/job-13244013-43-sub-20333-ses-1/ds/inputs/data/qsiprep/qsiprep/sub-20333/ses-1/dwi/sub-20333_ses-1_space-ACPC_desc-preproc_dwi.nii.gz	0.0091780821917808	0.2269329875707626	0.1154622510075569	0.2058040499687194	0.2290350943803787	0.2073428630828857	0.1139015704393386	0.327169120311737	0.3272944986820221	sub-20333	ses-1				space-ACPC			DSIStudio	autotrackgqi
Association_ArcuateFasciculusL	rd	TORTOISE_model-MAPMRI	/scratch/executivefunction/SLURM_13244013_43/job-13244013-43-sub-20333-ses-1/ds/inputs/data/qsiprep/qsiprep/sub-20333/ses-1/dwi/sub-20333_ses-1_space-ACPC_desc-preproc_dwi.nii.gz	0.0091780821917808	696.7397196925713	252.85951810627856	663.1677712388445	703.1936891685014	664.5904595319195	244.932253419297	564.2188618153741	564.4349847769053	sub-20333	ses-1				space-ACPC			DSIStudio	autotrackgqi
Association_ArcuateFasciculusL	rtap	TORTOISE_model-MAPMRI	/scratch/executivefunction/SLURM_13244013_43/job-13244013-43-sub-20333-ses-1/ds/inputs/data/qsiprep/qsiprep/sub-20333/ses-1/dwi/sub-20333_ses-1_space-ACPC_desc-preproc_dwi.nii.gz	0.0098630136986301	0.010839051567018	0.0043417341075837	0.0097698746249079	0.0109470225870609	0.0098336897790431	0.0042256922461092	0.0148027669638395	0.0148090263828635	sub-20333	ses-1				space-ACPC			DSIStudio	autotrackgqi
Association_ArcuateFasciculusL	rtop	TORTOISE_model-MAPMRI	/scratch/executivefunction/SLURM_13244013_43/job-13244013-43-sub-20333-ses-1/ds/inputs/data/qsiprep/qsiprep/sub-20333/ses-1/dwi/sub-20333_ses-1_space-ACPC_desc-preproc_dwi.nii.gz	0.0098630136986301	0.0002219676680397	8.677467121742666e-05	0.0002080755657516	0.0002241787442471	0.0002087453758576	8.431591413682327e-05	0.0002941846905741	0.0002943091094493	sub-20333	ses-1				space-ACPC			DSIStudio	autotrackgqi
Association_ArcuateFasciculusL	rtpp	TORTOISE_model-MAPMRI	/scratch/executivefunction/SLURM_13244013_43/job-13244013-43-sub-20333-ses-1/ds/inputs/data/qsiprep/qsiprep/sub-20333/ses-1/dwi/sub-20333_ses-1_space-ACPC_desc-preproc_dwi.nii.gz	0.0091780821917808	0.045704860240221	0.0067374096252024	0.0467516332864761	0.0461282283067703	0.0468024350702762	0.0051267845556139	0.0452988632023334	0.0453162193298339	sub-20333	ses-1				space-ACPC			DSIStudio	autotrackgqi
Association_UncinateFasciculusL	ad	TORTOISE_model-MAPMRI	/scratch/executivefunction/SLURM_13244013_43/job-13244013-43-sub-20333-ses-1/ds/inputs/data/qsiprep/qsiprep/sub-20333/ses-1/dwi/sub-20333_ses-1_space-ACPC_desc-preproc_dwi.nii.gz	0.0002834467120181	1163.3238651986046	389.0147533158564	1069.1490709983946	1163.6536990135178	1069.1698521709957	388.57634103714446	1157.4722184006007	1157.4891913206573	sub-20333	ses-1				space-ACPC			DSIStudio	autotrackgqi
Association_UncinateFasciculusL	am	TORTOISE_model-MAPMRI	/scratch/executivefunction/SLURM_13244013_43/job-13244013-43-sub-20333-ses-1/ds/inputs/data/qsiprep/qsiprep/sub-20333/ses-1/dwi/sub-20333_ses-1_space-ACPC_desc-preproc_dwi.nii.gz	0.0002834467120181	588.17822265625	180.9986724853516	574.086181640625	588.344970703125	574.2349853515625	180.7531280517578	562.5939331054688	562.6021728515625	sub-20333	ses-1				space-ACPC			DSIStudio	autotrackgqi
Association_UncinateFasciculusL	fa	TORTOISE_model-MAPMRI	/scratch/executivefunction/SLURM_13244013_43/job-13244013-43-sub-20333-ses-1/ds/inputs/data/qsiprep/qsiprep/sub-20333/ses-1/dwi/sub-20333_ses-1_space-ACPC_desc-preproc_dwi.nii.gz	0.0002834467120181	0.250897729117251	0.1241883563634553	0.2222356504602296	0.2509688654169724	0.2223333366080174	0.1241340711748471	0.3188482619174458	0.3188529373978656	sub-20333	ses-1				space-ACPC			DSIStudio	autotrackgqi
Association_UncinateFasciculusL	li	TORTOISE_model-MAPMRI	/scratch/executivefunction/SLURM_13244013_43/job-13244013-43-sub-20333-ses-1/ds/inputs/data/qsiprep/qsiprep/sub-20333/ses-1/dwi/sub-20333_ses-1_space-ACPC_desc-preproc_dwi.nii.gz	0.0002834467120181	0.1309557259082794	0.0855609104037284	0.1059444472193718	0.1309928596019745	0.1059468537569046	0.0855446234345436	0.1770791113376617	0.1770817041397094	sub-20333	ses-1				space-ACPC			DSIStudio	autotrackgqi
Association_UncinateFasciculusL	ng	TORTOISE_model-MAPMRI	/scratch/executivefunction/SLURM_13244013_43/job-13244013-43-sub-20333-ses-1/ds/inputs/data/qsiprep/qsiprep/sub-20333/ses-1/dwi/sub-20333_ses-1_space-ACPC_desc-preproc_dwi.nii.gz	0.0002834467120181	0.229125365614891	0.0798704549670219	0.2190445512533188	0.2291903346776962	0.2190514653921127	0.0797885283827781	0.2395479679107666	0.2395514845848083	sub-20333	ses-1				space-ACPC			DSIStudio	autotrackgqi
Association_UncinateFasciculusL	ngpar	TORTOISE_model-MAPMRI	/scratch/executivefunction/SLURM_13244013_43/job-13244013-43-sub-20333-ses-1/ds/inputs/data/qsiprep/qsiprep/sub-20333/ses-1/dwi/sub-20333_ses-1_space-ACPC_desc-preproc_dwi.nii.gz	0.0002834467120181	0.1318286657333374	0.0445752702653408	0.1258867383003235	0.1318660378456115	0.1258874386548996	0.044526282697916	0.1232651472091674	0.1232669651508331	sub-20333	ses-1				space-ACPC			DSIStudio	autotrackgqi
Association_UncinateFasciculusL	ngperp	TORTOISE_model-MAPMRI	/scratch/executivefunction/SLURM_13244013_43/job-13244013-43-sub-20333-ses-1/ds/inputs/data/qsiprep/qsiprep/sub-20333/ses-1/dwi/sub-20333_ses-1_space-ACPC_desc-preproc_dwi.nii.gz	0.0002834467120181	0.1939562708139419	0.06594168394804	0.1885261833667755	0.1940112560987472	0.1885541379451751	0.0658700913190841	0.211211696267128	0.2112148106098175	sub-20333	ses-1				space-ACPC			DSIStudio	autotrackgqi
Association_UncinateFasciculusL	pa	TORTOISE_model-MAPMRI	/scratch/executivefunction/SLURM_13244013_43/job-13244013-43-sub-20333-ses-1/ds/inputs/data/qsiprep/qsiprep/sub-20333/ses-1/dwi/sub-20333_ses-1_space-ACPC_desc-preproc_dwi.nii.gz	0.0002834467120181	0.4891715943813324	0.2064946293830871	0.4500094652175903	0.4893102943897247	0.4500201046466827	0.2063595354557037	0.5993004441261292	0.5993092060089111	sub-20333	ses-1				space-ACPC			DSIStudio	autotrackgqi
Association_UncinateFasciculusL	path	TORTOISE_model-MAPMRI	/scratch/executivefunction/SLURM_13244013_43/job-13244013-43-sub-20333-ses-1/ds/inputs/data/qsiprep/qsiprep/sub-20333/ses-1/dwi/sub-20333_ses-1_space-ACPC_desc-preproc_dwi.nii.gz	0.0002834467120181	0.1833746284246444	0.0759820491075515	0.1623724997043609	0.1834266185760498	0.1623754948377609	0.075930044054985	0.2213438749313354	0.2213471382856369	sub-20333	ses-1				space-ACPC			DSIStudio	autotrackgqi
Association_UncinateFasciculusL	rd	TORTOISE_model-MAPMRI	/scratch/executivefunction/SLURM_13244013_43/job-13244013-43-sub-20333-ses-1/ds/inputs/data/qsiprep/qsiprep/sub-20333/ses-1/dwi/sub-20333_ses-1_space-ACPC_desc-preproc_dwi.nii.gz	0.0002834467120181	809.7962905586971	345.8381461175941	729.6225519083938	810.0258897337917	729.6461200416165	345.61821857806206	709.4071773983965	709.4175799304289	sub-20333	ses-1				space-ACPC			DSIStudio	autotrackgqi
Association_UncinateFasciculusL	rtap	TORTOISE_model-MAPMRI	/scratch/executivefunction/SLURM_13244013_43/job-13244013-43-sub-20333-ses-1/ds/inputs/data/qsiprep/qsiprep/sub-20333/ses-1/dwi/sub-20333_ses-1_space-ACPC_desc-preproc_dwi.nii.gz	0.0008503401360544	0.0085273021832108	0.0025691010523587	0.0081844050437211	0.0085345590487122	0.0081845168024301	0.0025581163354218	0.0096776690334081	0.0096782790496945	sub-20333	ses-1				space-ACPC			DSIStudio	autotrackgqi
Association_UncinateFasciculusL	rtop	TORTOISE_model-MAPMRI	/scratch/executivefunction/SLURM_13244013_43/job-13244013-43-sub-20333-ses-1/ds/inputs/data/qsiprep/qsiprep/sub-20333/ses-1/dwi/sub-20333_ses-1_space-ACPC_desc-preproc_dwi.nii.gz	0.0008503401360544	0.0001720615837257	5.049971150583588e-05	0.0001701645960565	0.0001722080196486	0.0001701841101748	5.027100633014925e-05	0.0001892394793685	0.000189251411939	sub-20333	ses-1				space-ACPC			DSIStudio	autotrackgqi
Association_UncinateFasciculusL	rtpp	TORTOISE_model-MAPMRI	/scratch/executivefunction/SLURM_13244013_43/job-13244013-43-sub-20333-ses-1/ds/inputs/data/qsiprep/qsiprep/sub-20333/ses-1/dwi/sub-20333_ses-1_space-ACPC_desc-preproc_dwi.nii.gz	0.0002834467120181	0.0445304028689861	0.0054076896049082	0.0456219762563705	0.0445430278778076	0.0456226132810115	0.0053562130779027	0.0439814180135726	0.0439820662140846	sub-20333	ses-1				space-ACPC			DSIStudio	autotrackgqi
Association_MiddleLongitudinalFasciculusR	ad	TORTOISE_model-MAPMRI	/scratch/executivefunction/SLURM_13244013_43/job-13244013-43-sub-20333-ses-1/ds/inputs/data/qsiprep/qsiprep/sub-20333/ses-1/dwi/sub-20333_ses-1_space-ACPC_desc-preproc_dwi.nii.gz	0.0003331112591605	1090.1926278593776	239.68951794069577	1039.8052268331728	1090.5559043098472	1039.901111609528	238.9017281359968	1169.7581099253966	1169.763547567852	sub-20333	ses-1				space-ACPC			DSIStudio	autotrackgqi
Association_MiddleLongitudinalFasciculusR	am	TORTOISE_model-MAPMRI	/scratch/executivefunction/SLURM_13244013_43/job-13244013-43-sub-20333-ses-1/ds/inputs/data/qsiprep/qsiprep/sub-20333/ses-1/dwi/sub-20333_ses-1_space-ACPC_desc-preproc_dwi.nii.gz	0.0003331112591605	551.3793334960938	128.6732635498047	514.3460083007812	551.5630493164062	514.4122924804688	128.30038452148438	482.3165588378906	482.31878662109375	sub-20333	ses-1				space-ACPC			DSIStudio	autotrackgqi
Association_MiddleLongitudinalFasciculusR	fa	TORTOISE_model-MAPMRI	/scratch/executivefunction/SLURM_13244013_43/job-13244013-43-sub-20333-ses-1/ds/inputs/data/qsiprep/qsiprep/sub-20333/ses-1/dwi/sub-20333_ses-1_space-ACPC_desc-preproc_dwi.nii.gz	0.0003331112591605	0.300703829139768	0.1653165791018926	0.2765881014777964	0.3008040303490781	0.2766382825510604	0.1652529492016631	0.4065781083263117	0.4065799984110145	sub-20333	ses-1				space-ACPC			DSIStudio	autotrackgqi
Association_MiddleLongitudinalFasciculusR	li	TORTOISE_model-MAPMRI	/scratch/executivefunction/SLURM_13244013_43/job-13244013-43-sub-20333-ses-1/ds/inputs/data/qsiprep/qsiprep/sub-20333/ses-1/dwi/sub-20333_ses-1_space-ACPC_desc-preproc_dwi.nii.gz	0.0003331112591605	0.1712234169244766	0.1220193058252334	0.1372073739767074	0.1712804734706878	0.1373662799596786	0.1219995841383934	0.247074544429779	0.2470757067203521	sub-20333	ses-1				space-ACPC			DSIStudio	autotrackgqi
Association_MiddleLongitudinalFasciculusR	ng	TORTOISE_model-MAPMRI	/scratch/executivefunction/SLURM_13244013_43/job-13244013-43-sub-20333-ses-1/ds/inputs/data/qsiprep/qsiprep/sub-20333/ses-1/dwi/sub-20333_ses-1_space-ACPC_desc-preproc_dwi.nii.gz	0.0003331112591605	0.2651101946830749	0.0806583166122436	0.271900475025177	0.2651985585689544	0.2719902694225311	0.0805264115333557	0.3100676536560058	0.3100691139698028	sub-20333	ses-1				space-ACPC			DSIStudio	autotrackgqi
Association_MiddleLongitudinalFasciculusR	ngpar	TORTOISE_model-MAPMRI	/scratch/executivefunction/SLURM_13244013_43/job-13244013-43-sub-20333-ses-1/ds/inputs/data/qsiprep/qsiprep/sub-20333/ses-1/dwi/sub-20333_ses-1_space-ACPC_desc-preproc_dwi.nii.gz	0.0003331112591605	0.1260518282651901	0.0318070463836193	0.1230015903711319	0.1260938346385955	0.123003602027893	0.0317289941012859	0.1235500797629356	0.1235506534576416	sub-20333	ses-1				space-ACPC			DSIStudio	autotrackgqi
Association_MiddleLongitudinalFasciculusR	ngperp	TORTOISE_model-MAPMRI	/scratch/executivefunction/SLURM_13244013_43/job-13244013-43-sub-20333-ses-1/ds/inputs/data/qsiprep/qsiprep/sub-20333/ses-1/dwi/sub-20333_ses-1_space-ACPC_desc-preproc_dwi.nii.gz	0.0003331112591605	0.2314802557229995	0.0708943754434585	0.2363999187946319	0.2315573990345001	0.2364020049571991	0.0707801282405853	0.2722058296203613	0.2722070813179016	sub-20333	ses-1				space-ACPC			DSIStudio	autotrackgqi
Association_MiddleLongitudinalFasciculusR	pa	TORTOISE_model-MAPMRI	/scratch/executivefunction/SLURM_13244013_43/job-13244013-43-sub-20333-ses-1/ds/inputs/data/qsiprep/qsiprep/sub-20333/ses-1/dwi/sub-20333_ses-1_space-ACPC_desc-preproc_dwi.nii.gz	0.0003331112591605	0.5967933535575867	0.25912606716156	0.63104647397995	0.5969922542572021	0.6310510039329529	0.2589401006698608	0.765673041343689	0.7656766176223755	sub-20333	ses-1				space-ACPC			DSIStudio	autotrackgqi
Association_MiddleLongitudinalFasciculusR	path	TORTOISE_model-MAPMRI	/scratch/executivefunction/SLURM_13244013_43/job-13244013-43-sub-20333-ses-1/ds/inputs/data/qsiprep/qsiprep/sub-20333/ses-1/dwi/sub-20333_ses-1_space-ACPC_desc-preproc_dwi.nii.gz	0.0003331112591605	0.2343121618032455	0.1095899194478988	0.2188808023929596	0.2343902289867401	0.2188824266195297	0.1095246598124504	0.3053093254566192	0.3053107261657715	sub-20333	ses-1				space-ACPC			DSIStudio	autotrackgqi
Association_MiddleLongitudinalFasciculusR	rd	TORTOISE_model-MAPMRI	/scratch/executivefunction/SLURM_13244013_43/job-13244013-43-sub-20333-ses-1/ds/inputs/data/qsiprep/qsiprep/sub-20333/ses-1/dwi/sub-20333_ses-1_space-ACPC_desc-preproc_dwi.nii.gz	0.0003331112591605	694.2637613175909	221.0166962214592	655.0657716970625	694.4951054566504	655.1969747854009	220.6898049388392	607.5582661394737	607.5610903275588	sub-20333	ses-1				space-ACPC			DSIStudio	autotrackgqi
Association_MiddleLongitudinalFasciculusR	rtap	TORTOISE_model-MAPMRI	/scratch/executivefunction/SLURM_13244013_43/job-13244013-43-sub-20333-ses-1/ds/inputs/data/qsiprep/qsiprep/sub-20333/ses-1/dwi/sub-20333_ses-1_space-ACPC_desc-preproc_dwi.nii.gz	0.0003331112591605	0.0108974995091557	0.0036721478682011	0.0102703552693128	0.0109011307358741	0.0102718491107225	0.0036673666909337	0.0129627957940101	0.0129628553986549	sub-20333	ses-1				space-ACPC			DSIStudio	autotrackgqi
Association_MiddleLongitudinalFasciculusR	rtop	TORTOISE_model-MAPMRI	/scratch/executivefunction/SLURM_13244013_43/job-13244013-43-sub-20333-ses-1/ds/inputs/data/qsiprep/qsiprep/sub-20333/ses-1/dwi/sub-20333_ses-1_space-ACPC_desc-preproc_dwi.nii.gz	0.0003331112591605	0.0002202654141001	6.434421811718494e-05	0.0002181228774134	0.0002203388139605	0.0002181835734518	6.422916339943185e-05	0.0002500995178706	0.00025010065292	sub-20333	ses-1				space-ACPC			DSIStudio	autotrackgqi
Association_MiddleLongitudinalFasciculusR	rtpp	TORTOISE_model-MAPMRI	/scratch/executivefunction/SLURM_13244013_43/job-13244013-43-sub-20333-ses-1/ds/inputs/data/qsiprep/qsiprep/sub-20333/ses-1/dwi/sub-20333_ses-1_space-ACPC_desc-preproc_dwi.nii.gz	0.0003331112591605	0.0459738560020923	0.0046461173333227	0.0466348230838775	0.0459891781210899	0.0466362722218036	0.0045704562216997	0.0444065555930137	0.0444067642092704	sub-20333	ses-1				space-ACPC			DSIStudio	autotrackgqi
ProjectionBrainstem_DentatorubrothalamicTract-rl	ad	TORTOISE_model-MAPMRI	/scratch/executivefunction/SLURM_13244013_43/job-13244013-43-sub-20333-ses-1/ds/inputs/data/qsiprep/qsiprep/sub-20333/ses-1/dwi/sub-20333_ses-1_space-ACPC_desc-preproc_dwi.nii.gz	0.0	1180.28691841781	285.1709295609289	1139.3288477852864	1180.28691841781	1139.3288477852864	285.1709295609289	1111.900728209233	1111.900728209233	sub-20333	ses-1				space-ACPC			DSIStudio	autotrackgqi
ProjectionBrainstem_DentatorubrothalamicTract-rl	am	TORTOISE_model-MAPMRI	/scratch/executivefunction/SLURM_13244013_43/job-13244013-43-sub-20333-ses-1/ds/inputs/data/qsiprep/qsiprep/sub-20333/ses-1/dwi/sub-20333_ses-1_space-ACPC_desc-preproc_dwi.nii.gz	0.0	483.4305725097656	124.37091064453124	448.0567321777344	483.4305725097656	448.0567321777344	124.37091064453124	464.713623046875	464.713623046875	sub-20333	ses-1				space-ACPC			DSIStudio	autotrackgqi
ProjectionBrainstem_DentatorubrothalamicTract-rl	fa	TORTOISE_model-MAPMRI	/scratch/executivefunction/SLURM_13244013_43/job-13244013-43-sub-20333-ses-1/ds/inputs/data/qsiprep/qsiprep/sub-20333/ses-1/dwi/sub-20333_ses-1_space-ACPC_desc-preproc_dwi.nii.gz	0.0	0.4499038048713161	0.1785951261666264	0.4370927223151401	0.4499038048713161	0.4370927223151401	0.1785951261666264	0.4534431831997669	0.4534431831997669	sub-20333	ses-1				space-ACPC			DSIStudio	autotrackgqi
ProjectionBrainstem_DentatorubrothalamicTract-rl	li	TORTOISE_model-MAPMRI	/scratch/executivefunction/SLURM_13244013_43/job-13244013-43-sub-20333-ses-1/ds/inputs/data/qsiprep/qsiprep/sub-20333/ses-1/dwi/sub-20333_ses-1_space-ACPC_desc-preproc_dwi.nii.gz	0.0	0.2966452836990356	0.1524563282728195	0.276561975479126	0.2966452836990356	0.276561975479126	0.1524563282728195	0.2973271608352661	0.2973271608352661	sub-20333	ses-1				space-ACPC			DSIStudio	autotrackgqi
ProjectionBrainstem_DentatorubrothalamicTract-rl	ng	TORTOISE_model-MAPMRI	/scratch/executivefunction/SLURM_13244013_43/job-13244013-43-sub-20333-ses-1/ds/inputs/data/qsiprep/qsiprep/sub-20333/ses-1/dwi/sub-20333_ses-1_space-ACPC_desc-preproc_dwi.nii.gz	0.0	0.3390721082687378	0.0641218945384025	0.3613327741622925	0.3390721082687378	0.3613327741622925	0.0641218945384025	0.3493828177452087	0.3493828177452087	sub-20333	ses-1				space-ACPC			DSIStudio	autotrackgqi
ProjectionBrainstem_DentatorubrothalamicTract-rl	ngpar	TORTOISE_model-MAPMRI	/scratch/executivefunction/SLURM_13244013_43/job-13244013-43-sub-20333-ses-1/ds/inputs/data/qsiprep/qsiprep/sub-20333/ses-1/dwi/sub-20333_ses-1_space-ACPC_desc-preproc_dwi.nii.gz	0.0	0.1458342373371124	0.0390051491558551	0.1432384997606277	0.1458342373371124	0.1432384997606277	0.0390051491558551	0.1530559957027435	0.1530559957027435	sub-20333	ses-1				space-ACPC			DSIStudio	autotrackgqi
ProjectionBrainstem_DentatorubrothalamicTract-rl	ngperp	TORTOISE_model-MAPMRI	/scratch/executivefunction/SLURM_13244013_43/job-13244013-43-sub-20333-ses-1/ds/inputs/data/qsiprep/qsiprep/sub-20333/ses-1/dwi/sub-20333_ses-1_space-ACPC_desc-preproc_dwi.nii.gz	0.0	0.2887655198574066	0.0576210208237171	0.3057336807250976	0.2887655198574066	0.3057336807250976	0.0576210208237171	0.2949385046958923	0.2949385046958923	sub-20333	ses-1				space-ACPC			DSIStudio	autotrackgqi
ProjectionBrainstem_DentatorubrothalamicTract-rl	pa	TORTOISE_model-MAPMRI	/scratch/executivefunction/SLURM_13244013_43/job-13244013-43-sub-20333-ses-1/ds/inputs/data/qsiprep/qsiprep/sub-20333/ses-1/dwi/sub-20333_ses-1_space-ACPC_desc-preproc_dwi.nii.gz	0.0	0.7948694229125977	0.1815607398748397	0.8535534739494324	0.7948694229125977	0.8535534739494324	0.1815607398748397	0.8173470497131348	0.8173470497131348	sub-20333	ses-1				space-ACPC			DSIStudio	autotrackgqi
ProjectionBrainstem_DentatorubrothalamicTract-rl	path	TORTOISE_model-MAPMRI	/scratch/executivefunction/SLURM_13244013_43/job-13244013-43-sub-20333-ses-1/ds/inputs/data/qsiprep/qsiprep/sub-20333/ses-1/dwi/sub-20333_ses-1_space-ACPC_desc-preproc_dwi.nii.gz	0.0	0.3317716121673584	0.1082480773329734	0.3312890231609344	0.3317716121673584	0.3312890231609344	0.1082480773329734	0.3350123763084411	0.3350123763084411	sub-20333	ses-1				space-ACPC			DSIStudio	autotrackgqi
ProjectionBrainstem_DentatorubrothalamicTract-rl	rd	TORTOISE_model-MAPMRI	/scratch/executivefunction/SLURM_13244013_43/job-13244013-43-sub-20333-ses-1/ds/inputs/data/qsiprep/qsiprep/sub-20333/ses-1/dwi/sub-20333_ses-1_space-ACPC_desc-preproc_dwi.nii.gz	0.0	575.6840547174478	258.536177037133	534.6377363252416	575.6840547174478	534.6377363252416	258.536177037133	531.8060114741149	531.8060114741149	sub-20333	ses-1				space-ACPC			DSIStudio	autotrackgqi
ProjectionBrainstem_DentatorubrothalamicTract-rl	rtap	TORTOISE_model-MAPMRI	/scratch/executivefunction/SLURM_13244013_43/job-13244013-43-sub-20333-ses-1/ds/inputs/data/qsiprep/qsiprep/sub-20333/ses-1/dwi/sub-20333_ses-1_space-ACPC_desc-preproc_dwi.nii.gz	0.0	0.015751015394926	0.0058890501968562	0.015016364865005	0.015751015394926	0.015016364865005	0.0058890501968562	0.0161590576171875	0.0161590576171875	sub-20333	ses-1				space-ACPC			DSIStudio	autotrackgqi
ProjectionBrainstem_DentatorubrothalamicTract-rl	rtop	TORTOISE_model-MAPMRI	/scratch/executivefunction/SLURM_13244013_43/job-13244013-43-sub-20333-ses-1/ds/inputs/data/qsiprep/qsiprep/sub-20333/ses-1/dwi/sub-20333_ses-1_space-ACPC_desc-preproc_dwi.nii.gz	0.0	0.0003142316418234	0.000100010249298	0.0003207520639989	0.0003142316418234	0.0003207520639989	0.000100010249298	0.0003339592658448	0.0003339592658448	sub-20333	ses-1				space-ACPC			DSIStudio	autotrackgqi
ProjectionBrainstem_DentatorubrothalamicTract-rl	rtpp	TORTOISE_model-MAPMRI	/scratch/executivefunction/SLURM_13244013_43/job-13244013-43-sub-20333-ses-1/ds/inputs/data/qsiprep/qsiprep/sub-20333/ses-1/dwi/sub-20333_ses-1_space-ACPC_desc-preproc_dwi.nii.gz	0.0	0.0452324487268924	0.0054699191823601	0.0451084002852439	0.0452324487268924	0.0451084002852439	0.0054699191823601	0.0467771589756011	0.0467771589756011	sub-20333	ses-1				space-ACPC			DSIStudio	autotrackgqi
ProjectionBasalGanglia_AnsaLenticularisR	ad	TORTOISE_model-MAPMRI	/scratch/executivefunction/SLURM_13244013_43/job-13244013-43-sub-20333-ses-1/ds/inputs/data/qsiprep/qsiprep/sub-20333/ses-1/dwi/sub-20333_ses-1_space-ACPC_desc-preproc_dwi.nii.gz	0.0	1370.560932085255	669.0310419998224	1101.4435700353242	1370.560932085255	1101.4435700353242	669.0310419998224	1346.3442198499602	1346.3442198499602	sub-20333	ses-1				space-ACPC			DSIStudio	autotrackgqi
ProjectionBasalGanglia_AnsaLenticularisR	am	TORTOISE_model-MAPMRI	/scratch/executivefunction/SLURM_13244013_43/job-13244013-43-sub-20333-ses-1/ds/inputs/data/qsiprep/qsiprep/sub-20333/ses-1/dwi/sub-20333_ses-1_space-ACPC_desc-preproc_dwi.nii.gz	0.0	602.2708129882812	226.8522186279297	540.6192016601562	602.2708129882812	540.6192016601562	226.8522186279297	620.7006225585938	620.7006225585938	sub-20333	ses-1				space-ACPC			DSIStudio	autotrackgqi
ProjectionBasalGanglia_AnsaLenticularisR	fa	TORTOISE_model-MAPMRI	/scratch/executivefunction/SLURM_13244013_43/job-13244013-43-sub-20333-ses-1/ds/inputs/data/qsiprep/qsiprep/sub-20333/ses-1/dwi/sub-20333_ses-1_space-ACPC_desc-preproc_dwi.nii.gz	0.0	0.2973913578069659	0.1308463267199834	0.2785100987827361	0.2973913578069659	0.2785100987827361	0.1308463267199834	0.291951678775839	0.291951678775839	sub-20333	ses-1				space-ACPC			DSIStudio	autotrackgqi
ProjectionBasalGanglia_AnsaLenticularisR	li	TORTOISE_model-MAPMRI	/scratch/executivefunction/SLURM_13244013_43/job-13244013-43-sub-20333-ses-1/ds/inputs/data/qsiprep/qsiprep/sub-20333/ses-1/dwi/sub-20333_ses-1_space-ACPC_desc-preproc_dwi.nii.gz	0.0	0.1701937764883041	0.0908495783805847	0.1551686227321624	0.1701937764883041	0.1551686227321624	0.0908495783805847	0.1617675870656967	0.1617675870656967	sub-20333	ses-1				space-ACPC			DSIStudio	autotrackgqi
ProjectionBasalGanglia_AnsaLenticularisR	ng	TORTOISE_model-MAPMRI	/scratch/executivefunction/SLURM_13244013_43/job-13244013-43-sub-20333-ses-1/ds/inputs/data/qsiprep/qsiprep/sub-20333/ses-1/dwi/sub-20333_ses-1_space-ACPC_desc-preproc_dwi.nii.gz	0.0	0.2717508971691131	0.1001378670334816	0.2594408988952636	0.2717508971691131	0.2594408988952636	0.1001378670334816	0.2698715925216675	0.2698715925216675	sub-20333	ses-1				space-ACPC			DSIStudio	autotrackgqi
ProjectionBasalGanglia_AnsaLenticularisR	ngpar	TORTOISE_model-MAPMRI	/scratch/executivefunction/SLURM_13244013_43/job-13244013-43-sub-20333-ses-1/ds/inputs/data/qsiprep/qsiprep/sub-20333/ses-1/dwi/sub-20333_ses-1_space-ACPC_desc-preproc_dwi.nii.gz	0.0	0.1457769870758056	0.0471802093088626	0.1414935141801834	0.1457769870758056	0.1414935141801834	0.0471802093088626	0.1466098725795745	0.1466098725795745	sub-20333	ses-1				space-ACPC			DSIStudio	autotrackgqi
ProjectionBasalGanglia_AnsaLenticularisR	ngperp	TORTOISE_model-MAPMRI	/scratch/executivefunction/SLURM_13244013_43/job-13244013-43-sub-20333-ses-1/ds/inputs/data/qsiprep/qsiprep/sub-20333/ses-1/dwi/sub-20333_ses-1_space-ACPC_desc-preproc_dwi.nii.gz	0.0	0.2247440069913864	0.0847309753298759	0.2150376141071319	0.2247440069913864	0.2150376141071319	0.0847309753298759	0.2231507301330566	0.2231507301330566	sub-20333	ses-1				space-ACPC			DSIStudio	autotrackgqi
ProjectionBasalGanglia_AnsaLenticularisR	pa	TORTOISE_model-MAPMRI	/scratch/executivefunction/SLURM_13244013_43/job-13244013-43-sub-20333-ses-1/ds/inputs/data/qsiprep/qsiprep/sub-20333/ses-1/dwi/sub-20333_ses-1_space-ACPC_desc-preproc_dwi.nii.gz	0.0	0.5942215323448181	0.1829823851585388	0.5962250828742981	0.5942215323448181	0.5962250828742981	0.1829823851585388	0.5977009534835815	0.5977009534835815	sub-20333	ses-1				space-ACPC			DSIStudio	autotrackgqi
ProjectionBasalGanglia_AnsaLenticularisR	path	TORTOISE_model-MAPMRI	/scratch/executivefunction/SLURM_13244013_43/job-13244013-43-sub-20333-ses-1/ds/inputs/data/qsiprep/qsiprep/sub-20333/ses-1/dwi/sub-20333_ses-1_space-ACPC_desc-preproc_dwi.nii.gz	0.0	0.2198534607887268	0.0789175108075141	0.2068546861410141	0.2198534607887268	0.2068546861410141	0.0789175108075141	0.2156589776277542	0.2156589776277542	sub-20333	ses-1				space-ACPC			DSIStudio	autotrackgqi
ProjectionBasalGanglia_AnsaLenticularisR	rd	TORTOISE_model-MAPMRI	/scratch/executivefunction/SLURM_13244013_43/job-13244013-43-sub-20333-ses-1/ds/inputs/data/qsiprep/qsiprep/sub-20333/ses-1/dwi/sub-20333_ses-1_space-ACPC_desc-preproc_dwi.nii.gz	0.0	901.5290461710828	557.784269027281	673.1022408946246	901.5290461710828	673.1022408946246	557.784269027281	896.3214508750224	896.3214508750224	sub-20333	ses-1				space-ACPC			DSIStudio	autotrackgqi
ProjectionBasalGanglia_AnsaLenticularisR	rtap	TORTOISE_model-MAPMRI	/scratch/executivefunction/SLURM_13244013_43/job-13244013-43-sub-20333-ses-1/ds/inputs/data/qsiprep/qsiprep/sub-20333/ses-1/dwi/sub-20333_ses-1_space-ACPC_desc-preproc_dwi.nii.gz	0.0	0.008987246081233	0.0039735753089189	0.0091513190418481	0.008987246081233	0.0091513190418481	0.0039735753089189	0.008633991703391	0.008633991703391	sub-20333	ses-1				space-ACPC			DSIStudio	autotrackgqi
ProjectionBasalGanglia_AnsaLenticularisR	rtop	TORTOISE_model-MAPMRI	/scratch/executivefunction/SLURM_13244013_43/job-13244013-43-sub-20333-ses-1/ds/inputs/data/qsiprep/qsiprep/sub-20333/ses-1/dwi/sub-20333_ses-1_space-ACPC_desc-preproc_dwi.nii.gz	0.0	0.0001807502558222	8.342961518792436e-05	0.0001935879408847	0.0001807502558222	0.0001935879408847	8.342961518792436e-05	0.0001733700628392	0.0001733700628392	sub-20333	ses-1				space-ACPC			DSIStudio	autotrackgqi
ProjectionBasalGanglia_AnsaLenticularisR	rtpp	TORTOISE_model-MAPMRI	/scratch/executivefunction/SLURM_13244013_43/job-13244013-43-sub-20333-ses-1/ds/inputs/data/qsiprep/qsiprep/sub-20333/ses-1/dwi/sub-20333_ses-1_space-ACPC_desc-preproc_dwi.nii.gz	0.0	0.0424626432359218	0.0088879307731986	0.0452590994536876	0.0424626432359218	0.0452590994536876	0.0088879307731986	0.0423628315329551	0.0423628315329551	sub-20333	ses-1				space-ACPC			DSIStudio	autotrackgqi
ProjectionBasalGanglia_OpticRadiationR	ad	TORTOISE_model-MAPMRI	/scratch/executivefunction/SLURM_13244013_43/job-13244013-43-sub-20333-ses-1/ds/inputs/data/qsiprep/qsiprep/sub-20333/ses-1/dwi/sub-20333_ses-1_space-ACPC_desc-preproc_dwi.nii.gz	0.0030607783121993	1248.964392580128	398.6259716492494	1175.0285203929272	1252.7989323819088	1176.3048031352664	393.1750462116213	1315.2742459555186	1315.4214141515654	sub-20333	ses-1				space-ACPC			DSIStudio	autotrackgqi
ProjectionBasalGanglia_OpticRadiationR	am	TORTOISE_model-MAPMRI	/scratch/executivefunction/SLURM_13244013_43/job-13244013-43-sub-20333-ses-1/ds/inputs/data/qsiprep/qsiprep/sub-20333/ses-1/dwi/sub-20333_ses-1_space-ACPC_desc-preproc_dwi.nii.gz	0.0030607783121993	534.2430419921875	145.43133544921875	513.4227294921875	535.88330078125	514.4041748046875	142.60520935058594	488.8050537109375	488.85980224609375	sub-20333	ses-1				space-ACPC			DSIStudio	autotrackgqi
ProjectionBasalGanglia_OpticRadiationR	fa	TORTOISE_model-MAPMRI	/scratch/executivefunction/SLURM_13244013_43/job-13244013-43-sub-20333-ses-1/ds/inputs/data/qsiprep/qsiprep/sub-20333/ses-1/dwi/sub-20333_ses-1_space-ACPC_desc-preproc_dwi.nii.gz	0.0030607783121993	0.369518960147946	0.1892805069300949	0.3699335984856105	0.3706534481834879	0.3704151734709678	0.1884584938799722	0.4580975356957856	0.4581487929787782	sub-20333	ses-1				space-ACPC			DSIStudio	autotrackgqi
ProjectionBasalGanglia_OpticRadiationR	li	TORTOISE_model-MAPMRI	/scratch/executivefunction/SLURM_13244013_43/job-13244013-43-sub-20333-ses-1/ds/inputs/data/qsiprep/qsiprep/sub-20333/ses-1/dwi/sub-20333_ses-1_space-ACPC_desc-preproc_dwi.nii.gz	0.0030607783121993	0.2273003607988357	0.1459726095199585	0.2134990841150283	0.227998211979866	0.2142397463321685	0.1456513404846191	0.2967350482940674	0.2967682480812073	sub-20333	ses-1				space-ACPC			DSIStudio	autotrackgqi
ProjectionBasalGanglia_OpticRadiationR	ng	TORTOISE_model-MAPMRI	/scratch/executivefunction/SLURM_13244013_43/job-13244013-43-sub-20333-ses-1/ds/inputs/data/qsiprep/qsiprep/sub-20333/ses-1/dwi/sub-20333_ses-1_space-ACPC_desc-preproc_dwi.nii.gz	0.0030607783121993	0.3069744408130646	0.0732558593153953	0.3200105726718902	0.307916909456253	0.32045978307724	0.0713631212711334	0.325472891330719	0.3255093097686767	sub-20333	ses-1				space-ACPC			DSIStudio	autotrackgqi
ProjectionBasalGanglia_OpticRadiationR	ngpar	TORTOISE_model-MAPMRI	/scratch/executivefunction/SLURM_13244013_43/job-13244013-43-sub-20333-ses-1/ds/inputs/data/qsiprep/qsiprep/sub-20333/ses-1/dwi/sub-20333_ses-1_space-ACPC_desc-preproc_dwi.nii.gz	0.0030607783121993	0.1386446207761764	0.0390112251043319	0.1364354193210601	0.1390702873468399	0.1364524364471435	0.0383060164749622	0.1362600326538086	0.1362752765417099	sub-20333	ses-1				space-ACPC			DSIStudio	autotrackgqi
ProjectionBasalGanglia_OpticRadiationR	ngperp	TORTOISE_model-MAPMRI	/scratch/executivefunction/SLURM_13244013_43/job-13244013-43-sub-20333-ses-1/ds/inputs/data/qsiprep/qsiprep/sub-20333/ses-1/dwi/sub-20333_ses-1_space-ACPC_desc-preproc_dwi.nii.gz	0.0030607783121993	0.2648667991161346	0.066828154027462	0.2773404717445373	0.2656799852848053	0.2775244414806366	0.0652967542409896	0.2823081910610199	0.2823397815227508	sub-20333	ses-1				space-ACPC			DSIStudio	autotrackgqi
ProjectionBasalGanglia_OpticRadiationR	pa	TORTOISE_model-MAPMRI	/scratch/executivefunction/SLURM_13244013_43/job-13244013-43-sub-20333-ses-1/ds/inputs/data/qsiprep/qsiprep/sub-20333/ses-1/dwi/sub-20333_ses-1_space-ACPC_desc-preproc_dwi.nii.gz	0.0030607783121993	0.6875633001327515	0.2460006177425384	0.7814552783966064	0.6896742582321167	0.782274067401886	0.2434055209159851	0.799255907535553	0.7993453741073608	sub-20333	ses-1				space-ACPC			DSIStudio	autotrackgqi
ProjectionBasalGanglia_OpticRadiationR	path	TORTOISE_model-MAPMRI	/scratch/executivefunction/SLURM_13244013_43/job-13244013-43-sub-20333-ses-1/ds/inputs/data/qsiprep/qsiprep/sub-20333/ses-1/dwi/sub-20333_ses-1_space-ACPC_desc-preproc_dwi.nii.gz	0.0030607783121993	0.2783315479755401	0.1175427511334419	0.2842452228069305	0.2791860699653625	0.284695029258728	0.1167053803801536	0.3290041387081146	0.3290409445762634	sub-20333	ses-1				space-ACPC			DSIStudio	autotrackgqi
ProjectionBasalGanglia_OpticRadiationR	rd	TORTOISE_model-MAPMRI	/scratch/executivefunction/SLURM_13244013_43/job-13244013-43-sub-20333-ses-1/ds/inputs/data/qsiprep/qsiprep/sub-20333/ses-1/dwi/sub-20333_ses-1_space-ACPC_desc-preproc_dwi.nii.gz	0.0030607783121993	694.8327274554888	311.94639964282754	633.1582683234569	696.9659858292557	633.8787909910532	310.0363014299084	630.1841800129556	630.2546923241899	sub-20333	ses-1				space-ACPC			DSIStudio	autotrackgqi
ProjectionBasalGanglia_OpticRadiationR	rtap	TORTOISE_model-MAPMRI	/scratch/executivefunction/SLURM_13244013_43/job-13244013-43-sub-20333-ses-1/ds/inputs/data/qsiprep/qsiprep/sub-20333/ses-1/dwi/sub-20333_ses-1_space-ACPC_desc-preproc_dwi.nii.gz	0.0034980323567993	0.0118626374751329	0.0045596207492053	0.0114366859197616	0.0119042787700891	0.0114531591534614	0.0045130266807973	0.0136565240100026	0.0136582078412175	sub-20333	ses-1				space-ACPC			DSIStudio	autotrackgqi
ProjectionBasalGanglia_OpticRadiationR	rtop	TORTOISE_model-MAPMRI	/scratch/executivefunction/SLURM_13244013_43/job-13244013-43-sub-20333-ses-1/ds/inputs/data/qsiprep/qsiprep/sub-20333/ses-1/dwi/sub-20333_ses-1_space-ACPC_desc-preproc_dwi.nii.gz	0.0034980323567993	0.0002298016042914	7.808311056578532e-05	0.0002328370610484	0.0002306082751601	0.0002332238364033	7.702173752477393e-05	0.000257184554357	0.0002572162484284	sub-20333	ses-1				space-ACPC			DSIStudio	autotrackgqi
ProjectionBasalGanglia_OpticRadiationR	rtpp	TORTOISE_model-MAPMRI	/scratch/executivefunction/SLURM_13244013_43/job-13244013-43-sub-20333-ses-1/ds/inputs/data/qsiprep/qsiprep/sub-20333/ses-1/dwi/sub-20333_ses-1_space-ACPC_desc-preproc_dwi.nii.gz	0.0030607783121993	0.0434356220066547	0.0069771134294569	0.0439501889050006	0.0435689762234687	0.0439727045595645	0.0065589197911322	0.0421502627432346	0.0421549826860427	sub-20333	ses-1				space-ACPC			DSIStudio	autotrackgqi
ProjectionBasalGanglia_AnsaLenticularisL	ad	TORTOISE_model-MAPMRI	/scratch/executivefunction/SLURM_13244013_43/job-13244013-43-sub-20333-ses-1/ds/inputs/data/qsiprep/qsiprep/sub-20333/ses-1/dwi/sub-20333_ses-1_space-ACPC_desc-preproc_dwi.nii.gz	0.0	1237.5220042632338	592.713119456111	1029.4622227919922	1237.5220042632338	1029.4622227919922	592.713119456111	1131.3480488683665	1131.3480488683665	sub-20333	ses-1				space-ACPC			DSIStudio	autotrackgqi
ProjectionBasalGanglia_AnsaLenticularisL	am	TORTOISE_model-MAPMRI	/scratch/executivefunction/SLURM_13244013_43/job-13244013-43-sub-20333-ses-1/ds/inputs/data/qsiprep/qsiprep/sub-20333/ses-1/dwi/sub-20333_ses-1_space-ACPC_desc-preproc_dwi.nii.gz	0.0	539.2855224609375	218.6214599609375	478.745849609375	539.2855224609375	478.745849609375	218.6214599609375	489.8638305664063	489.8638305664063	sub-20333	ses-1				space-ACPC			DSIStudio	autotrackgqi
ProjectionBasalGanglia_AnsaLenticularisL	fa	TORTOISE_model-MAPMRI	/scratch/executivefunction/SLURM_13244013_43/job-13244013-43-sub-20333-ses-1/ds/inputs/data/qsiprep/qsiprep/sub-20333/ses-1/dwi/sub-20333_ses-1_space-ACPC_desc-preproc_dwi.nii.gz	0.0	0.3009431644768995	0.1303779620236652	0.2825469387287258	0.3009431644768995	0.2825469387287258	0.1303779620236652	0.3357022035732017	0.3357022035732017	sub-20333	ses-1				space-ACPC			DSIStudio	autotrackgqi
ProjectionBasalGanglia_AnsaLenticularisL	li	TORTOISE_model-MAPMRI	/scratch/executivefunction/SLURM_13244013_43/job-13244013-43-sub-20333-ses-1/ds/inputs/data/qsiprep/qsiprep/sub-20333/ses-1/dwi/sub-20333_ses-1_space-ACPC_desc-preproc_dwi.nii.gz	0.0	0.1714551746845245	0.0880956649780273	0.1591581553220749	0.1714551746845245	0.1591581553220749	0.0880956649780273	0.1860990673303604	0.1860990673303604	sub-20333	ses-1				space-ACPC			DSIStudio	autotrackgqi
ProjectionBasalGanglia_AnsaLenticularisL	ng	TORTOISE_model-MAPMRI	/scratch/executivefunction/SLURM_13244013_43/job-13244013-43-sub-20333-ses-1/ds/inputs/data/qsiprep/qsiprep/sub-20333/ses-1/dwi/sub-20333_ses-1_space-ACPC_desc-preproc_dwi.nii.gz	0.0	0.269150048494339	0.0890421122312545	0.2581321597099304	0.269150048494339	0.2581321597099304	0.0890421122312545	0.2678101062774658	0.2678101062774658	sub-20333	ses-1				space-ACPC			DSIStudio	autotrackgqi
ProjectionBasalGanglia_AnsaLenticularisL	ngpar	TORTOISE_model-MAPMRI	/scratch/executivefunction/SLURM_13244013_43/job-13244013-43-sub-20333-ses-1/ds/inputs/data/qsiprep/qsiprep/sub-20333/ses-1/dwi/sub-20333_ses-1_space-ACPC_desc-preproc_dwi.nii.gz	0.0	0.1498928815126419	0.0425577871501445	0.1465626358985901	0.1498928815126419	0.1465626358985901	0.0425577871501445	0.1481363177299499	0.1481363177299499	sub-20333	ses-1				space-ACPC			DSIStudio	autotrackgqi
ProjectionBasalGanglia_AnsaLenticularisL	ngperp	TORTOISE_model-MAPMRI	/scratch/executivefunction/SLURM_13244013_43/job-13244013-43-sub-20333-ses-1/ds/inputs/data/qsiprep/qsiprep/sub-20333/ses-1/dwi/sub-20333_ses-1_space-ACPC_desc-preproc_dwi.nii.gz	0.0	0.2216497659683227	0.0746458023786544	0.2176817059516906	0.2216497659683227	0.2176817059516906	0.0746458023786544	0.2225742191076278	0.2225742191076278	sub-20333	ses-1				space-ACPC			DSIStudio	autotrackgqi
ProjectionBasalGanglia_AnsaLenticularisL	pa	TORTOISE_model-MAPMRI	/scratch/executivefunction/SLURM_13244013_43/job-13244013-43-sub-20333-ses-1/ds/inputs/data/qsiprep/qsiprep/sub-20333/ses-1/dwi/sub-20333_ses-1_space-ACPC_desc-preproc_dwi.nii.gz	0.0	0.5893967151641846	0.182327002286911	0.5934222936630249	0.5893967151641846	0.5934222936630249	0.182327002286911	0.6289651393890381	0.6289651393890381	sub-20333	ses-1				space-ACPC			DSIStudio	autotrackgqi
ProjectionBasalGanglia_AnsaLenticularisL	path	TORTOISE_model-MAPMRI	/scratch/executivefunction/SLURM_13244013_43/job-13244013-43-sub-20333-ses-1/ds/inputs/data/qsiprep/qsiprep/sub-20333/ses-1/dwi/sub-20333_ses-1_space-ACPC_desc-preproc_dwi.nii.gz	0.0	0.2169499397277832	0.0743652135133743	0.2059185206890106	0.2169499397277832	0.2059185206890106	0.0743652135133743	0.2305306196212768	0.2305306196212768	sub-20333	ses-1				space-ACPC			DSIStudio	autotrackgqi
ProjectionBasalGanglia_AnsaLenticularisL	rd	TORTOISE_model-MAPMRI	/scratch/executivefunction/SLURM_13244013_43/job-13244013-43-sub-20333-ses-1/ds/inputs/data/qsiprep/qsiprep/sub-20333/ses-1/dwi/sub-20333_ses-1_space-ACPC_desc-preproc_dwi.nii.gz	0.0	810.2521868287291	501.7017450951381	637.332790822392	810.2521868287291	637.332790822392	501.7017450951381	690.8992481650455	690.8992481650455	sub-20333	ses-1				space-ACPC			DSIStudio	autotrackgqi
ProjectionBasalGanglia_AnsaLenticularisL	rtap	TORTOISE_model-MAPMRI	/scratch/executivefunction/SLURM_13244013_43/job-13244013-43-sub-20333-ses-1/ds/inputs/data/qsiprep/qsiprep/sub-20333/ses-1/dwi/sub-20333_ses-1_space-ACPC_desc-preproc_dwi.nii.gz	0.0	0.0098452065140008	0.0039954707026481	0.009763553738594	0.0098452065140008	0.009763553738594	0.0039954707026481	0.0108872558921575	0.0108872558921575	sub-20333	ses-1				space-ACPC			DSIStudio	autotrackgqi
ProjectionBasalGanglia_AnsaLenticularisL	rtop	TORTOISE_model-MAPMRI	/scratch/executivefunction/SLURM_13244013_43/job-13244013-43-sub-20333-ses-1/ds/inputs/data/qsiprep/qsiprep/sub-20333/ses-1/dwi/sub-20333_ses-1_space-ACPC_desc-preproc_dwi.nii.gz	0.0	0.000207730467082	9.003262675832957e-05	0.0002105219173245	0.000207730467082	0.0002105219173245	9.003262675832957e-05	0.0002299716288689	0.0002299716288689	sub-20333	ses-1				space-ACPC			DSIStudio	autotrackgqi
ProjectionBasalGanglia_AnsaLenticularisL	rtpp	TORTOISE_model-MAPMRI	/scratch/executivefunction/SLURM_13244013_43/job-13244013-43-sub-20333-ses-1/ds/inputs/data/qsiprep/qsiprep/sub-20333/ses-1/dwi/sub-20333_ses-1_space-ACPC_desc-preproc_dwi.nii.gz	0.0	0.0448067970573902	0.0081692207604646	0.0471634604036808	0.0448067970573902	0.0471634604036808	0.0081692207604646	0.045947041362524	0.045947041362524	sub-20333	ses-1				space-ACPC			DSIStudio	autotrackgqi
ProjectionBasalGanglia_FasciculusSubthalamicusR	ad	TORTOISE_model-MAPMRI	/scratch/executivefunction/SLURM_13244013_43/job-13244013-43-sub-20333-ses-1/ds/inputs/data/qsiprep/qsiprep/sub-20333/ses-1/dwi/sub-20333_ses-1_space-ACPC_desc-preproc_dwi.nii.gz	0.0	1241.1548393757969	589.3757842508228	1050.8737078467043	1241.1548393757969	1050.8737078467043	589.3757842508228	1163.8251662983748	1163.8251662983748	sub-20333	ses-1				space-ACPC			DSIStudio	autotrackgqi
ProjectionBasalGanglia_FasciculusSubthalamicusR	am	TORTOISE_model-MAPMRI	/scratch/executivefunction/SLURM_13244013_43/job-13244013-43-sub-20333-ses-1/ds/inputs/data/qsiprep/qsiprep/sub-20333/ses-1/dwi/sub-20333_ses-1_space-ACPC_desc-preproc_dwi.nii.gz	0.0	521.0675659179688	224.4665679931641	443.7366027832031	521.0675659179688	443.7366027832031	224.4665679931641	498.2083740234375	498.2083740234375	sub-20333	ses-1				space-ACPC			DSIStudio	autotrackgqi
ProjectionBasalGanglia_FasciculusSubthalamicusR	fa	TORTOISE_model-MAPMRI	/scratch/executivefunction/SLURM_13244013_43/job-13244013-43-sub-20333-ses-1/ds/inputs/data/qsiprep/qsiprep/sub-20333/ses-1/dwi/sub-20333_ses-1_space-ACPC_desc-preproc_dwi.nii.gz	0.0	0.3673775570154579	0.1601075147542455	0.3275953244256855	0.3673775570154579	0.3275953244256855	0.1601075147542455	0.3784722636151438	0.3784722636151438	sub-20333	ses-1				space-ACPC			DSIStudio	autotrackgqi
ProjectionBasalGanglia_FasciculusSubthalamicusR	li	TORTOISE_model-MAPMRI	/scratch/executivefunction/SLURM_13244013_43/job-13244013-43-sub-20333-ses-1/ds/inputs/data/qsiprep/qsiprep/sub-20333/ses-1/dwi/sub-20333_ses-1_space-ACPC_desc-preproc_dwi.nii.gz	0.0	0.2237109094858169	0.1263217478990554	0.1852417588233947	0.2237109094858169	0.1852417588233947	0.1263217478990554	0.2248445004224777	0.2248445004224777	sub-20333	ses-1				space-ACPC			DSIStudio	autotrackgqi
ProjectionBasalGanglia_FasciculusSubthalamicusR	ng	TORTOISE_model-MAPMRI	/scratch/executivefunction/SLURM_13244013_43/job-13244013-43-sub-20333-ses-1/ds/inputs/data/qsiprep/qsiprep/sub-20333/ses-1/dwi/sub-20333_ses-1_space-ACPC_desc-preproc_dwi.nii.gz	0.0	0.2996186017990112	0.0916384980082511	0.2868067622184753	0.2996186017990112	0.2868067622184753	0.0916384980082511	0.3093741536140442	0.3093741536140442	sub-20333	ses-1				space-ACPC			DSIStudio	autotrackgqi
ProjectionBasalGanglia_FasciculusSubthalamicusR	ngpar	TORTOISE_model-MAPMRI	/scratch/executivefunction/SLURM_13244013_43/job-13244013-43-sub-20333-ses-1/ds/inputs/data/qsiprep/qsiprep/sub-20333/ses-1/dwi/sub-20333_ses-1_space-ACPC_desc-preproc_dwi.nii.gz	0.0	0.1506250649690628	0.0427178032696247	0.1467788964509964	0.1506250649690628	0.1467788964509964	0.0427178032696247	0.1545899510383606	0.1545899510383606	sub-20333	ses-1				space-ACPC			DSIStudio	autotrackgqi
ProjectionBasalGanglia_FasciculusSubthalamicusR	ngperp	TORTOISE_model-MAPMRI	/scratch/executivefunction/SLURM_13244013_43/job-13244013-43-sub-20333-ses-1/ds/inputs/data/qsiprep/qsiprep/sub-20333/ses-1/dwi/sub-20333_ses-1_space-ACPC_desc-preproc_dwi.nii.gz	0.0	0.2475554794073104	0.0765553563833236	0.2385078370571136	0.2475554794073104	0.2385078370571136	0.0765553563833236	0.2589257955551147	0.2589257955551147	sub-20333	ses-1				space-ACPC			DSIStudio	autotrackgqi
ProjectionBasalGanglia_FasciculusSubthalamicusR	pa	TORTOISE_model-MAPMRI	/scratch/executivefunction/SLURM_13244013_43/job-13244013-43-sub-20333-ses-1/ds/inputs/data/qsiprep/qsiprep/sub-20333/ses-1/dwi/sub-20333_ses-1_space-ACPC_desc-preproc_dwi.nii.gz	0.0	0.6786996722221375	0.1848035454750061	0.6821556091308594	0.6786996722221375	0.6821556091308594	0.1848035454750061	0.7069898247718811	0.7069898247718811	sub-20333	ses-1				space-ACPC			DSIStudio	autotrackgqi
ProjectionBasalGanglia_FasciculusSubthalamicusR	path	TORTOISE_model-MAPMRI	/scratch/executivefunction/SLURM_13244013_43/job-13244013-43-sub-20333-ses-1/ds/inputs/data/qsiprep/qsiprep/sub-20333/ses-1/dwi/sub-20333_ses-1_space-ACPC_desc-preproc_dwi.nii.gz	0.0	0.2616585195064544	0.0974524021148681	0.2381491959095001	0.2616585195064544	0.2381491959095001	0.0974524021148681	0.271072506904602	0.271072506904602	sub-20333	ses-1				space-ACPC			DSIStudio	autotrackgqi
ProjectionBasalGanglia_FasciculusSubthalamicusR	rd	TORTOISE_model-MAPMRI	/scratch/executivefunction/SLURM_13244013_43/job-13244013-43-sub-20333-ses-1/ds/inputs/data/qsiprep/qsiprep/sub-20333/ses-1/dwi/sub-20333_ses-1_space-ACPC_desc-preproc_dwi.nii.gz	0.0	719.3874822827555	481.2603172810967	604.2305674214381	719.3874822827555	604.2305674214381	481.2603172810967	658.2495462599802	658.2495462599802	sub-20333	ses-1				space-ACPC			DSIStudio	autotrackgqi
ProjectionBasalGanglia_FasciculusSubthalamicusR	rtap	TORTOISE_model-MAPMRI	/scratch/executivefunction/SLURM_13244013_43/job-13244013-43-sub-20333-ses-1/ds/inputs/data/qsiprep/qsiprep/sub-20333/ses-1/dwi/sub-20333_ses-1_space-ACPC_desc-preproc_dwi.nii.gz	0.0	0.0123096564784646	0.0061909356154501	0.0109324483200907	0.0123096564784646	0.0109324483200907	0.0061909356154501	0.0128988660871982	0.0128988660871982	sub-20333	ses-1				space-ACPC			DSIStudio	autotrackgqi
ProjectionBasalGanglia_FasciculusSubthalamicusR	rtop	TORTOISE_model-MAPMRI	/scratch/executivefunction/SLURM_13244013_43/job-13244013-43-sub-20333-ses-1/ds/inputs/data/qsiprep/qsiprep/sub-20333/ses-1/dwi/sub-20333_ses-1_space-ACPC_desc-preproc_dwi.nii.gz	0.0	0.0002541294088587	0.0001197363308165	0.00023754852009	0.0002541294088587	0.00023754852009	0.0001197363308165	0.0002728968393057	0.0002728968393057	sub-20333	ses-1				space-ACPC			DSIStudio	autotrackgqi
ProjectionBasalGanglia_FasciculusSubthalamicusR	rtpp	TORTOISE_model-MAPMRI	/scratch/executivefunction/SLURM_13244013_43/job-13244013-43-sub-20333-ses-1/ds/inputs/data/qsiprep/qsiprep/sub-20333/ses-1/dwi/sub-20333_ses-1_space-ACPC_desc-preproc_dwi.nii.gz	0.0	0.0450475662946701	0.0078697912395	0.0471307002007961	0.0450475662946701	0.0471307002007961	0.0078697912395	0.0461054667830467	0.0461054667830467	sub-20333	ses-1				space-ACPC			DSIStudio	autotrackgqi
ProjectionBasalGanglia_AcousticRadiationR	ad	TORTOISE_model-MAPMRI	/scratch/executivefunction/SLURM_13244013_43/job-13244013-43-sub-20333-ses-1/ds/inputs/data/qsiprep/qsiprep/sub-20333/ses-1/dwi/sub-20333_ses-1_space-ACPC_desc-preproc_dwi.nii.gz	0.0	1358.495102981667	495.1081948699661	1249.8389396512998	1358.495102981667	1249.8389396512998	495.1081948699661	1355.3973265162313	1355.3973265162313	sub-20333	ses-1				space-ACPC			DSIStudio	autotrackgqi
ProjectionBasalGanglia_AcousticRadiationR	am	TORTOISE_model-MAPMRI	/scratch/executivefunction/SLURM_13244013_43/job-13244013-43-sub-20333-ses-1/ds/inputs/data/qsiprep/qsiprep/sub-20333/ses-1/dwi/sub-20333_ses-1_space-ACPC_desc-preproc_dwi.nii.gz	0.0	480.9500427246094	128.62786865234375	448.0945434570313	480.9500427246094	448.0945434570313	128.62786865234375	467.3310546875	467.3310546875	sub-20333	ses-1				space-ACPC			DSIStudio	autotrackgqi
ProjectionBasalGanglia_AcousticRadiationR	fa	TORTOISE_model-MAPMRI	/scratch/executivefunction/SLURM_13244013_43/job-13244013-43-sub-20333-ses-1/ds/inputs/data/qsiprep/qsiprep/sub-20333/ses-1/dwi/sub-20333_ses-1_space-ACPC_desc-preproc_dwi.nii.gz	0.0	0.4162175057909944	0.1853698103833906	0.3995600572906065	0.4162175057909944	0.3995600572906065	0.1853698103833906	0.4840924455508558	0.4840924455508558	sub-20333	ses-1				space-ACPC			DSIStudio	autotrackgqi
ProjectionBasalGanglia_AcousticRadiationR	li	TORTOISE_model-MAPMRI	/scratch/executivefunction/SLURM_13244013_43/job-13244013-43-sub-20333-ses-1/ds/inputs/data/qsiprep/qsiprep/sub-20333/ses-1/dwi/sub-20333_ses-1_space-ACPC_desc-preproc_dwi.nii.gz	0.0	0.2648448944091797	0.150230661034584	0.2375294268131256	0.2648448944091797	0.2375294268131256	0.150230661034584	0.3180205821990967	0.3180205821990967	sub-20333	ses-1				space-ACPC			DSIStudio	autotrackgqi
ProjectionBasalGanglia_AcousticRadiationR	ng	TORTOISE_model-MAPMRI	/scratch/executivefunction/SLURM_13244013_43/job-13244013-43-sub-20333-ses-1/ds/inputs/data/qsiprep/qsiprep/sub-20333/ses-1/dwi/sub-20333_ses-1_space-ACPC_desc-preproc_dwi.nii.gz	0.0	0.3351937234401703	0.080893874168396	0.3377237319946289	0.3351937234401703	0.3377237319946289	0.080893874168396	0.3483709394931793	0.3483709394931793	sub-20333	ses-1				space-ACPC			DSIStudio	autotrackgqi
ProjectionBasalGanglia_AcousticRadiationR	ngpar	TORTOISE_model-MAPMRI	/scratch/executivefunction/SLURM_13244013_43/job-13244013-43-sub-20333-ses-1/ds/inputs/data/qsiprep/qsiprep/sub-20333/ses-1/dwi/sub-20333_ses-1_space-ACPC_desc-preproc_dwi.nii.gz	0.0	0.148826465010643	0.0440151095390319	0.1422325074672699	0.148826465010643	0.1422325074672699	0.0440151095390319	0.1445435583591461	0.1445435583591461	sub-20333	ses-1				space-ACPC			DSIStudio	autotrackgqi
ProjectionBasalGanglia_AcousticRadiationR	ngperp	TORTOISE_model-MAPMRI	/scratch/executivefunction/SLURM_13244013_43/job-13244013-43-sub-20333-ses-1/ds/inputs/data/qsiprep/qsiprep/sub-20333/ses-1/dwi/sub-20333_ses-1_space-ACPC_desc-preproc_dwi.nii.gz	0.0	0.2842337787151336	0.069030188024044	0.2873364686965942	0.2842337787151336	0.2873364686965942	0.069030188024044	0.2981386184692383	0.2981386184692383	sub-20333	ses-1				space-ACPC			DSIStudio	autotrackgqi
ProjectionBasalGanglia_AcousticRadiationR	pa	TORTOISE_model-MAPMRI	/scratch/executivefunction/SLURM_13244013_43/job-13244013-43-sub-20333-ses-1/ds/inputs/data/qsiprep/qsiprep/sub-20333/ses-1/dwi/sub-20333_ses-1_space-ACPC_desc-preproc_dwi.nii.gz	0.0	0.770823061466217	0.1705257892608642	0.8063911199569702	0.770823061466217	0.8063911199569702	0.1705257892608642	0.8355721831321716	0.8355721831321716	sub-20333	ses-1				space-ACPC			DSIStudio	autotrackgqi
ProjectionBasalGanglia_AcousticRadiationR	path	TORTOISE_model-MAPMRI	/scratch/executivefunction/SLURM_13244013_43/job-13244013-43-sub-20333-ses-1/ds/inputs/data/qsiprep/qsiprep/sub-20333/ses-1/dwi/sub-20333_ses-1_space-ACPC_desc-preproc_dwi.nii.gz	0.0	0.3115131855010986	0.1011891141533851	0.2986686825752258	0.3115131855010986	0.2986686825752258	0.1011891141533851	0.3517269492149353	0.3517269492149353	sub-20333	ses-1				space-ACPC			DSIStudio	autotrackgqi
ProjectionBasalGanglia_AcousticRadiationR	rd	TORTOISE_model-MAPMRI	/scratch/executivefunction/SLURM_13244013_43/job-13244013-43-sub-20333-ses-1/ds/inputs/data/qsiprep/qsiprep/sub-20333/ses-1/dwi/sub-20333_ses-1_space-ACPC_desc-preproc_dwi.nii.gz	0.0	721.663204313196	443.4852076487632	588.7787976084381	721.663204313196	588.7787976084381	443.4852076487632	630.3719163207043	630.3719163207043	sub-20333	ses-1				space-ACPC			DSIStudio	autotrackgqi
ProjectionBasalGanglia_AcousticRadiationR	rtap	TORTOISE_model-MAPMRI	/scratch/executivefunction/SLURM_13244013_43/job-13244013-43-sub-20333-ses-1/ds/inputs/data/qsiprep/qsiprep/sub-20333/ses-1/dwi/sub-20333_ses-1_space-ACPC_desc-preproc_dwi.nii.gz	0.0	0.0130684869363904	0.0061207385733723	0.0122164441272616	0.0130684869363904	0.0122164441272616	0.0061207385733723	0.0151701318100094	0.0151701318100094	sub-20333	ses-1				space-ACPC			DSIStudio	autotrackgqi
ProjectionBasalGanglia_AcousticRadiationR	rtop	TORTOISE_model-MAPMRI	/scratch/executivefunction/SLURM_13244013_43/job-13244013-43-sub-20333-ses-1/ds/inputs/data/qsiprep/qsiprep/sub-20333/ses-1/dwi/sub-20333_ses-1_space-ACPC_desc-preproc_dwi.nii.gz	0.0	0.0002512385253794	0.0001098161010304	0.0002505758020561	0.0002512385253794	0.0002505758020561	0.0001098161010304	0.0002859842497855	0.0002859842497855	sub-20333	ses-1				space-ACPC			DSIStudio	autotrackgqi
ProjectionBasalGanglia_AcousticRadiationR	rtpp	TORTOISE_model-MAPMRI	/scratch/executivefunction/SLURM_13244013_43/job-13244013-43-sub-20333-ses-1/ds/inputs/data/qsiprep/qsiprep/sub-20333/ses-1/dwi/sub-20333_ses-1_space-ACPC_desc-preproc_dwi.nii.gz	0.0	0.0420850962400436	0.0072811702266335	0.0427862219512462	0.0420850962400436	0.0427862219512462	0.0072811702266335	0.041820328682661	0.041820328682661	sub-20333	ses-1				space-ACPC			DSIStudio	autotrackgqi
ProjectionBasalGanglia_CorticostriatalTractR	ad	TORTOISE_model-MAPMRI	/scratch/executivefunction/SLURM_13244013_43/job-13244013-43-sub-20333-ses-1/ds/inputs/data/qsiprep/qsiprep/sub-20333/ses-1/dwi/sub-20333_ses-1_space-ACPC_desc-preproc_dwi.nii.gz	0.0009421899185678	1144.485349323884	267.96630857276824	1104.7779851411908	1145.564688824762	1104.9118832331817	265.77661287182605	1190.5316332157984	1190.6014633127131	sub-20333	ses-1				space-ACPC			DSIStudio	autotrackgqi
ProjectionBasalGanglia_CorticostriatalTractR	am	TORTOISE_model-MAPMRI	/scratch/executivefunction/SLURM_13244013_43/job-13244013-43-sub-20333-ses-1/ds/inputs/data/qsiprep/qsiprep/sub-20333/ses-1/dwi/sub-20333_ses-1_space-ACPC_desc-preproc_dwi.nii.gz	0.0009421899185678	526.259521484375	150.1450958251953	476.6559753417969	526.755859375	476.8511352539063	149.34315490722656	458.6727294921875	458.6995849609375	sub-20333	ses-1				space-ACPC			DSIStudio	autotrackgqi
ProjectionBasalGanglia_CorticostriatalTractR	fa	TORTOISE_model-MAPMRI	/scratch/executivefunction/SLURM_13244013_43/job-13244013-43-sub-20333-ses-1/ds/inputs/data/qsiprep/qsiprep/sub-20333/ses-1/dwi/sub-20333_ses-1_space-ACPC_desc-preproc_dwi.nii.gz	0.0009421899185678	0.3496719670823916	0.18212120715228	0.3418137815026713	0.3500017351887677	0.3421457941477908	0.1818900625063639	0.4442741971264466	0.4443002556445088	sub-20333	ses-1				space-ACPC			DSIStudio	autotrackgqi
ProjectionBasalGanglia_CorticostriatalTractR	li	TORTOISE_model-MAPMRI	/scratch/executivefunction/SLURM_13244013_43/job-13244013-43-sub-20333-ses-1/ds/inputs/data/qsiprep/qsiprep/sub-20333/ses-1/dwi/sub-20333_ses-1_space-ACPC_desc-preproc_dwi.nii.gz	0.0009421899185678	0.2122126966714859	0.141904130578041	0.1894393116235733	0.2124128341674804	0.1895725280046463	0.1418212354183197	0.288444459438324	0.2884613275527954	sub-20333	ses-1				space-ACPC			DSIStudio	autotrackgqi
ProjectionBasalGanglia_CorticostriatalTractR	ng	TORTOISE_model-MAPMRI	/scratch/executivefunction/SLURM_13244013_43/job-13244013-43-sub-20333-ses-1/ds/inputs/data/qsiprep/qsiprep/sub-20333/ses-1/dwi/sub-20333_ses-1_space-ACPC_desc-preproc_dwi.nii.gz	0.0009421899185678	0.2865544259548187	0.0841813087463378	0.3095404505729675	0.2868246734142303	0.3096832633018493	0.0837595537304878	0.3280934989452362	0.3281127512454986	sub-20333	ses-1				space-ACPC			DSIStudio	autotrackgqi
ProjectionBasalGanglia_CorticostriatalTractR	ngpar	TORTOISE_model-MAPMRI	/scratch/executivefunction/SLURM_13244013_43/job-13244013-43-sub-20333-ses-1/ds/inputs/data/qsiprep/qsiprep/sub-20333/ses-1/dwi/sub-20333_ses-1_space-ACPC_desc-preproc_dwi.nii.gz	0.0009421899185678	0.1306690722703933	0.0357119515538215	0.1273978352546692	0.1307923048734665	0.1274353712797165	0.0355025120079517	0.1352965682744979	0.1353044956922531	sub-20333	ses-1				space-ACPC			DSIStudio	autotrackgqi
ProjectionBasalGanglia_CorticostriatalTractR	ngperp	TORTOISE_model-MAPMRI	/scratch/executivefunction/SLURM_13244013_43/job-13244013-43-sub-20333-ses-1/ds/inputs/data/qsiprep/qsiprep/sub-20333/ses-1/dwi/sub-20333_ses-1_space-ACPC_desc-preproc_dwi.nii.gz	0.0009421899185678	0.2471983283758163	0.0742923766374588	0.2627590000629425	0.2474314570426941	0.2628841698169708	0.0739383548498153	0.2832352519035339	0.2832518219947815	sub-20333	ses-1				space-ACPC			DSIStudio	autotrackgqi
ProjectionBasalGanglia_CorticostriatalTractR	pa	TORTOISE_model-MAPMRI	/scratch/executivefunction/SLURM_13244013_43/job-13244013-43-sub-20333-ses-1/ds/inputs/data/qsiprep/qsiprep/sub-20333/ses-1/dwi/sub-20333_ses-1_space-ACPC_desc-preproc_dwi.nii.gz	0.0009421899185678	0.6503638029098511	0.2574219703674316	0.7329464554786682	0.6509771347045898	0.7335079312324524	0.2567670047283172	0.7823503017425537	0.782396137714386	sub-20333	ses-1				space-ACPC			DSIStudio	autotrackgqi
ProjectionBasalGanglia_CorticostriatalTractR	path	TORTOISE_model-MAPMRI	/scratch/executivefunction/SLURM_13244013_43/job-13244013-43-sub-20333-ses-1/ds/inputs/data/qsiprep/qsiprep/sub-20333/ses-1/dwi/sub-20333_ses-1_space-ACPC_desc-preproc_dwi.nii.gz	0.0009421899185678	0.2610670924186706	0.1178881376981735	0.2599101066589355	0.2613132894039154	0.2601692080497741	0.1176706477999687	0.3215325176715851	0.3215513825416565	sub-20333	ses-1				space-ACPC			DSIStudio	autotrackgqi
ProjectionBasalGanglia_CorticostriatalTractR	rd	TORTOISE_model-MAPMRI	/scratch/executivefunction/SLURM_13244013_43/job-13244013-43-sub-20333-ses-1/ds/inputs/data/qsiprep/qsiprep/sub-20333/ses-1/dwi/sub-20333_ses-1_space-ACPC_desc-preproc_dwi.nii.gz	0.0009421899185678	663.1407033266856	242.4081546102655	624.7197739000982	663.7660970516148	624.9997307258434	241.66508886653952	569.7991196205692	569.8325412186482	sub-20333	ses-1				space-ACPC			DSIStudio	autotrackgqi
ProjectionBasalGanglia_CorticostriatalTractR	rtap	TORTOISE_model-MAPMRI	/scratch/executivefunction/SLURM_13244013_43/job-13244013-43-sub-20333-ses-1/ds/inputs/data/qsiprep/qsiprep/sub-20333/ses-1/dwi/sub-20333_ses-1_space-ACPC_desc-preproc_dwi.nii.gz	0.0009421899185678	0.0121508948504924	0.0048913601785898	0.0113527216017246	0.0121623538434505	0.0113571612164378	0.004879405722022	0.0146531537175178	0.0146540123969316	sub-20333	ses-1				space-ACPC			DSIStudio	autotrackgqi
ProjectionBasalGanglia_CorticostriatalTractR	rtop	TORTOISE_model-MAPMRI	/scratch/executivefunction/SLURM_13244013_43/job-13244013-43-sub-20333-ses-1/ds/inputs/data/qsiprep/qsiprep/sub-20333/ses-1/dwi/sub-20333_ses-1_space-ACPC_desc-preproc_dwi.nii.gz	0.0009421899185678	0.0002406444546068	8.492005144944414e-05	0.0002315676974831	0.0002408714062767	0.0002316293539479	8.463776612188667e-05	0.000284430978354	0.0002844476839527	sub-20333	ses-1				space-ACPC			DSIStudio	autotrackgqi
ProjectionBasalGanglia_CorticostriatalTractR	rtpp	TORTOISE_model-MAPMRI	/scratch/executivefunction/SLURM_13244013_43/job-13244013-43-sub-20333-ses-1/ds/inputs/data/qsiprep/qsiprep/sub-20333/ses-1/dwi/sub-20333_ses-1_space-ACPC_desc-preproc_dwi.nii.gz	0.0009421899185678	0.0451560914516449	0.0049939379096031	0.045538168400526	0.0451986789703369	0.0455393716692924	0.0047998037189245	0.0444255620241165	0.0444281622767448	sub-20333	ses-1				space-ACPC			DSIStudio	autotrackgqi
ProjectionBasalGanglia_FasciculusLenticularisL	ad	TORTOISE_model-MAPMRI	/scratch/executivefunction/SLURM_13244013_43/job-13244013-43-sub-20333-ses-1/ds/inputs/data/qsiprep/qsiprep/sub-20333/ses-1/dwi/sub-20333_ses-1_space-ACPC_desc-preproc_dwi.nii.gz	0.0	1134.6750327745408	350.7666648079602	1054.359693603742	1134.6750327745408	1054.359693603742	350.7666648079602	1147.2510767491133	1147.251177302012	sub-20333	ses-1				space-ACPC			DSIStudio	autotrackgqi
ProjectionBasalGanglia_FasciculusLenticularisL	am	TORTOISE_model-MAPMRI	/scratch/executivefunction/SLURM_13244013_43/job-13244013-43-sub-20333-ses-1/ds/inputs/data/qsiprep/qsiprep/sub-20333/ses-1/dwi/sub-20333_ses-1_space-ACPC_desc-preproc_dwi.nii.gz	0.0	477.4945068359375	141.45021057128906	449.2139587402344	477.4945068359375	449.2139587402344	141.45021057128906	476.9345703125	476.9346008300781	sub-20333	ses-1				space-ACPC			DSIStudio	autotrackgqi
ProjectionBasalGanglia_FasciculusLenticularisL	fa	TORTOISE_model-MAPMRI	/scratch/executivefunction/SLURM_13244013_43/job-13244013-43-sub-20333-ses-1/ds/inputs/data/qsiprep/qsiprep/sub-20333/ses-1/dwi/sub-20333_ses-1_space-ACPC_desc-preproc_dwi.nii.gz	0.0	0.356415790940895	0.1371496005834374	0.3465459635473525	0.356415790940895	0.3465459635473525	0.1371496005834374	0.3936755124006184	0.3936755470615251	sub-20333	ses-1				space-ACPC			DSIStudio	autotrackgqi
ProjectionBasalGanglia_FasciculusLenticularisL	li	TORTOISE_model-MAPMRI	/scratch/executivefunction/SLURM_13244013_43/job-13244013-43-sub-20333-ses-1/ds/inputs/data/qsiprep/qsiprep/sub-20333/ses-1/dwi/sub-20333_ses-1_space-ACPC_desc-preproc_dwi.nii.gz	0.0	0.2062064707279205	0.0964032486081123	0.1891134828329086	0.2062064707279205	0.1891134828329086	0.0964032486081123	0.2195998728275299	0.2195999026298523	sub-20333	ses-1				space-ACPC			DSIStudio	autotrackgqi
ProjectionBasalGanglia_FasciculusLenticularisL	ng	TORTOISE_model-MAPMRI	/scratch/executivefunction/SLURM_13244013_43/job-13244013-43-sub-20333-ses-1/ds/inputs/data/qsiprep/qsiprep/sub-20333/ses-1/dwi/sub-20333_ses-1_space-ACPC_desc-preproc_dwi.nii.gz	0.0	0.2669859230518341	0.0777748003602027	0.2596687972545624	0.2669859230518341	0.2596687972545624	0.0777748003602027	0.2792142033576965	0.2792142331600189	sub-20333	ses-1				space-ACPC			DSIStudio	autotrackgqi
ProjectionBasalGanglia_FasciculusLenticularisL	ngpar	TORTOISE_model-MAPMRI	/scratch/executivefunction/SLURM_13244013_43/job-13244013-43-sub-20333-ses-1/ds/inputs/data/qsiprep/qsiprep/sub-20333/ses-1/dwi/sub-20333_ses-1_space-ACPC_desc-preproc_dwi.nii.gz	0.0	0.1453661322593689	0.0340793132781982	0.1434180736541748	0.1453661322593689	0.1434180736541748	0.0340793132781982	0.1498796492815017	0.1498796641826629	sub-20333	ses-1				space-ACPC			DSIStudio	autotrackgqi
ProjectionBasalGanglia_FasciculusLenticularisL	ngperp	TORTOISE_model-MAPMRI	/scratch/executivefunction/SLURM_13244013_43/job-13244013-43-sub-20333-ses-1/ds/inputs/data/qsiprep/qsiprep/sub-20333/ses-1/dwi/sub-20333_ses-1_space-ACPC_desc-preproc_dwi.nii.gz	0.0	0.2194497883319854	0.0705984979867935	0.2177783250808715	0.2194497883319854	0.2177783250808715	0.0705984979867935	0.2342869043350219	0.2342869192361831	sub-20333	ses-1				space-ACPC			DSIStudio	autotrackgqi
ProjectionBasalGanglia_FasciculusLenticularisL	pa	TORTOISE_model-MAPMRI	/scratch/executivefunction/SLURM_13244013_43/job-13244013-43-sub-20333-ses-1/ds/inputs/data/qsiprep/qsiprep/sub-20333/ses-1/dwi/sub-20333_ses-1_space-ACPC_desc-preproc_dwi.nii.gz	0.0	0.6380189657211304	0.1939304620027542	0.6725181341171265	0.6380189657211304	0.6725181341171265	0.1939304620027542	0.7106316685676575	0.7106317281723022	sub-20333	ses-1				space-ACPC			DSIStudio	autotrackgqi
ProjectionBasalGanglia_FasciculusLenticularisL	path	TORTOISE_model-MAPMRI	/scratch/executivefunction/SLURM_13244013_43/job-13244013-43-sub-20333-ses-1/ds/inputs/data/qsiprep/qsiprep/sub-20333/ses-1/dwi/sub-20333_ses-1_space-ACPC_desc-preproc_dwi.nii.gz	0.0	0.2385283857583999	0.0844254493713378	0.2343421578407287	0.2385283857583999	0.2343421578407287	0.0844254493713378	0.2614236176013946	0.261423647403717	sub-20333	ses-1				space-ACPC			DSIStudio	autotrackgqi
ProjectionBasalGanglia_FasciculusLenticularisL	rd	TORTOISE_model-MAPMRI	/scratch/executivefunction/SLURM_13244013_43/job-13244013-43-sub-20333-ses-1/ds/inputs/data/qsiprep/qsiprep/sub-20333/ses-1/dwi/sub-20333_ses-1_space-ACPC_desc-preproc_dwi.nii.gz	0.0	652.9105741012006	232.0139409027525	616.22511457573	652.9105741012006	616.22511457573	232.0139409027525	620.7015001958418	620.7015543773184	sub-20333	ses-1				space-ACPC			DSIStudio	autotrackgqi
ProjectionBasalGanglia_FasciculusLenticularisL	rtap	TORTOISE_model-MAPMRI	/scratch/executivefunction/SLURM_13244013_43/job-13244013-43-sub-20333-ses-1/ds/inputs/data/qsiprep/qsiprep/sub-20333/ses-1/dwi/sub-20333_ses-1_space-ACPC_desc-preproc_dwi.nii.gz	0.0	0.0113372420892119	0.0044003827497363	0.0106453970074653	0.0113372420892119	0.0106453970074653	0.0044003827497363	0.0117227062582969	0.0117227062582969	sub-20333	ses-1				space-ACPC			DSIStudio	autotrackgqi
ProjectionBasalGanglia_FasciculusLenticularisL	rtop	TORTOISE_model-MAPMRI	/scratch/executivefunction/SLURM_13244013_43/job-13244013-43-sub-20333-ses-1/ds/inputs/data/qsiprep/qsiprep/sub-20333/ses-1/dwi/sub-20333_ses-1_space-ACPC_desc-preproc_dwi.nii.gz	0.0	0.0002347515837755	8.53172386996448e-05	0.0002257705200463	0.0002347515837755	0.0002257705200463	8.53172386996448e-05	0.0002410894085187	0.0002410894376225	sub-20333	ses-1				space-ACPC			DSIStudio	autotrackgqi
ProjectionBasalGanglia_FasciculusLenticularisL	rtpp	TORTOISE_model-MAPMRI	/scratch/executivefunction/SLURM_13244013_43/job-13244013-43-sub-20333-ses-1/ds/inputs/data/qsiprep/qsiprep/sub-20333/ses-1/dwi/sub-20333_ses-1_space-ACPC_desc-preproc_dwi.nii.gz	0.0	0.0459876507520675	0.0057777282781898	0.0469416305422782	0.0459876507520675	0.0469416305422782	0.0057777282781898	0.0452160388231277	0.045216042548418	sub-20333	ses-1				space-ACPC			DSIStudio	autotrackgqi
ProjectionBasalGanglia_OpticRadiationL	ad	TORTOISE_model-MAPMRI	/scratch/executivefunction/SLURM_13244013_43/job-13244013-43-sub-20333-ses-1/ds/inputs/data/qsiprep/qsiprep/sub-20333/ses-1/dwi/sub-20333_ses-1_space-ACPC_desc-preproc_dwi.nii.gz	0.0042447824548991	1233.9011271740414	422.4268462858006	1154.601535822113	1239.1610964550675	1156.8449623575334	415.5564678131239	1336.0292402879973	1336.2460337786076	sub-20333	ses-1				space-ACPC			DSIStudio	autotrackgqi
ProjectionBasalGanglia_OpticRadiationL	am	TORTOISE_model-MAPMRI	/scratch/executivefunction/SLURM_13244013_43/job-13244013-43-sub-20333-ses-1/ds/inputs/data/qsiprep/qsiprep/sub-20333/ses-1/dwi/sub-20333_ses-1_space-ACPC_desc-preproc_dwi.nii.gz	0.0042447824548991	540.832763671875	150.4761199951172	509.5913391113281	543.1383056640625	510.4955139160156	146.5857391357422	470.9094848632813	470.9859008789063	sub-20333	ses-1				space-ACPC			DSIStudio	autotrackgqi
ProjectionBasalGanglia_OpticRadiationL	fa	TORTOISE_model-MAPMRI	/scratch/executivefunction/SLURM_13244013_43/job-13244013-43-sub-20333-ses-1/ds/inputs/data/qsiprep/qsiprep/sub-20333/ses-1/dwi/sub-20333_ses-1_space-ACPC_desc-preproc_dwi.nii.gz	0.0042447824548991	0.3716206643597656	0.1947570378491477	0.3724089341116306	0.3732048377069476	0.3730005568471217	0.1936511680090057	0.4992003682013211	0.4992813716814677	sub-20333	ses-1				space-ACPC			DSIStudio	autotrackgqi
ProjectionBasalGanglia_OpticRadiationL	li	TORTOISE_model-MAPMRI	/scratch/executivefunction/SLURM_13244013_43/job-13244013-43-sub-20333-ses-1/ds/inputs/data/qsiprep/qsiprep/sub-20333/ses-1/dwi/sub-20333_ses-1_space-ACPC_desc-preproc_dwi.nii.gz	0.0042447824548991	0.2307149618864059	0.1516999751329422	0.2197328507900238	0.2316984683275222	0.2210895717144012	0.1512716263532638	0.3349134922027588	0.3349678218364715	sub-20333	ses-1				space-ACPC			DSIStudio	autotrackgqi
ProjectionBasalGanglia_OpticRadiationL	ng	TORTOISE_model-MAPMRI	/scratch/executivefunction/SLURM_13244013_43/job-13244013-43-sub-20333-ses-1/ds/inputs/data/qsiprep/qsiprep/sub-20333/ses-1/dwi/sub-20333_ses-1_space-ACPC_desc-preproc_dwi.nii.gz	0.0042447824548991	0.3060042262077331	0.0736742243170738	0.3261804580688476	0.3073087036609649	0.3266564607620239	0.0710644647479057	0.3394853472709656	0.339540421962738	sub-20333	ses-1				space-ACPC			DSIStudio	autotrackgqi
ProjectionBasalGanglia_OpticRadiationL	ngpar	TORTOISE_model-MAPMRI	/scratch/executivefunction/SLURM_13244013_43/job-13244013-43-sub-20333-ses-1/ds/inputs/data/qsiprep/qsiprep/sub-20333/ses-1/dwi/sub-20333_ses-1_space-ACPC_desc-preproc_dwi.nii.gz	0.0042447824548991	0.1364129185676574	0.0358163677155971	0.1374923437833786	0.1369944214820861	0.1376729756593704	0.0347651652991771	0.126064196228981	0.1260846555233001	sub-20333	ses-1				space-ACPC			DSIStudio	autotrackgqi
ProjectionBasalGanglia_OpticRadiationL	ngperp	TORTOISE_model-MAPMRI	/scratch/executivefunction/SLURM_13244013_43/job-13244013-43-sub-20333-ses-1/ds/inputs/data/qsiprep/qsiprep/sub-20333/ses-1/dwi/sub-20333_ses-1_space-ACPC_desc-preproc_dwi.nii.gz	0.0042447824548991	0.263368159532547	0.0676840543746948	0.2794749140739441	0.2644908428192138	0.279801458120346	0.0656027048826217	0.2941081821918487	0.2941559255123138	sub-20333	ses-1				space-ACPC			DSIStudio	autotrackgqi
ProjectionBasalGanglia_OpticRadiationL	pa	TORTOISE_model-MAPMRI	/scratch/executivefunction/SLURM_13244013_43/job-13244013-43-sub-20333-ses-1/ds/inputs/data/qsiprep/qsiprep/sub-20333/ses-1/dwi/sub-20333_ses-1_space-ACPC_desc-preproc_dwi.nii.gz	0.0042447824548991	0.6856065392494202	0.2519347667694092	0.7856571078300476	0.6885291934013367	0.7865584492683411	0.2484539598226547	0.8334058523178101	0.8335411548614502	sub-20333	ses-1				space-ACPC			DSIStudio	autotrackgqi
ProjectionBasalGanglia_OpticRadiationL	path	TORTOISE_model-MAPMRI	/scratch/executivefunction/SLURM_13244013_43/job-13244013-43-sub-20333-ses-1/ds/inputs/data/qsiprep/qsiprep/sub-20333/ses-1/dwi/sub-20333_ses-1_space-ACPC_desc-preproc_dwi.nii.gz	0.0042447824548991	0.2791145741939544	0.1201828718185424	0.2865693569183349	0.2803044021129608	0.2870731353759765	0.1190461292862892	0.3595511019229889	0.3596094250679016	sub-20333	ses-1				space-ACPC			DSIStudio	autotrackgqi
ProjectionBasalGanglia_OpticRadiationL	rd	TORTOISE_model-MAPMRI	/scratch/executivefunction/SLURM_13244013_43/job-13244013-43-sub-20333-ses-1/ds/inputs/data/qsiprep/qsiprep/sub-20333/ses-1/dwi/sub-20333_ses-1_space-ACPC_desc-preproc_dwi.nii.gz	0.0042447824548991	683.9092827028364	363.2856231750253	621.5044733516695	686.8247041566318	622.130505242846	361.298574497928	578.0068221809589	578.100613800931	sub-20333	ses-1				space-ACPC			DSIStudio	autotrackgqi
ProjectionBasalGanglia_OpticRadiationL	rtap	TORTOISE_model-MAPMRI	/scratch/executivefunction/SLURM_13244013_43/job-13244013-43-sub-20333-ses-1/ds/inputs/data/qsiprep/qsiprep/sub-20333/ses-1/dwi/sub-20333_ses-1_space-ACPC_desc-preproc_dwi.nii.gz	0.0042447824548991	0.0122064063325524	0.004586090799421	0.0117569835856556	0.0122584411874413	0.0117747988551855	0.0045259282924234	0.0152675453573465	0.015270022675395	sub-20333	ses-1				space-ACPC			DSIStudio	autotrackgqi
ProjectionBasalGanglia_OpticRadiationL	rtop	TORTOISE_model-MAPMRI	/scratch/executivefunction/SLURM_13244013_43/job-13244013-43-sub-20333-ses-1/ds/inputs/data/qsiprep/qsiprep/sub-20333/ses-1/dwi/sub-20333_ses-1_space-ACPC_desc-preproc_dwi.nii.gz	0.0042447824548991	0.0002365176333114	7.561914389953017e-05	0.0002383646205998	0.0002375258918618	0.0002386125415796	7.418320456054062e-05	0.0002778035996016	0.0002778486814349	sub-20333	ses-1				space-ACPC			DSIStudio	autotrackgqi
ProjectionBasalGanglia_OpticRadiationL	rtpp	TORTOISE_model-MAPMRI	/scratch/executivefunction/SLURM_13244013_43/job-13244013-43-sub-20333-ses-1/ds/inputs/data/qsiprep/qsiprep/sub-20333/ses-1/dwi/sub-20333_ses-1_space-ACPC_desc-preproc_dwi.nii.gz	0.0042447824548991	0.0437352992594242	0.0069059757515788	0.0444652810692787	0.0439217388629913	0.0445004068315029	0.0063013578765094	0.042051438242197	0.0420582592487335	sub-20333	ses-1				space-ACPC			DSIStudio	autotrackgqi
ProjectionBrainstem_ReticularTractR	ad	TORTOISE_model-MAPMRI	/scratch/executivefunction/SLURM_13244013_43/job-13244013-43-sub-20333-ses-1/ds/inputs/data/qsiprep/qsiprep/sub-20333/ses-1/dwi/sub-20333_ses-1_space-ACPC_desc-preproc_dwi.nii.gz	0.0017035775127768	1192.9268088564068	315.90530817607555	1145.5722725289156	1194.9625201343188	1145.9344609029604	312.3041236929284	1196.4526237890032	1196.783898718572	sub-20333	ses-1				space-ACPC			DSIStudio	autotrackgqi
ProjectionBrainstem_ReticularTractR	am	TORTOISE_model-MAPMRI	/scratch/executivefunction/SLURM_13244013_43/job-13244013-43-sub-20333-ses-1/ds/inputs/data/qsiprep/qsiprep/sub-20333/ses-1/dwi/sub-20333_ses-1_space-ACPC_desc-preproc_dwi.nii.gz	0.0	513.9429321289062	172.6771240234375	453.5060729980469	513.9429321289062	453.5060729980469	172.6771240234375	481.7940368652344	481.7940368652344	sub-20333	ses-1				space-ACPC			DSIStudio	autotrackgqi
ProjectionBrainstem_ReticularTractR	fa	TORTOISE_model-MAPMRI	/scratch/executivefunction/SLURM_13244013_43/job-13244013-43-sub-20333-ses-1/ds/inputs/data/qsiprep/qsiprep/sub-20333/ses-1/dwi/sub-20333_ses-1_space-ACPC_desc-preproc_dwi.nii.gz	0.0017035775127768	0.4038045183041576	0.1739624075471129	0.4003924923694165	0.4044936045128677	0.4009487382148877	0.1733084864687821	0.4615494671966651	0.4616772616169008	sub-20333	ses-1				space-ACPC			DSIStudio	autotrackgqi
ProjectionBrainstem_ReticularTractR	li	TORTOISE_model-MAPMRI	/scratch/executivefunction/SLURM_13244013_43/job-13244013-43-sub-20333-ses-1/ds/inputs/data/qsiprep/qsiprep/sub-20333/ses-1/dwi/sub-20333_ses-1_space-ACPC_desc-preproc_dwi.nii.gz	0.0	0.2590660154819488	0.1454417258501052	0.2446435540914535	0.2590660154819488	0.2446435540914535	0.1454417258501052	0.3011934757232666	0.3011934757232666	sub-20333	ses-1				space-ACPC			DSIStudio	autotrackgqi
ProjectionBrainstem_ReticularTractR	ng	TORTOISE_model-MAPMRI	/scratch/executivefunction/SLURM_13244013_43/job-13244013-43-sub-20333-ses-1/ds/inputs/data/qsiprep/qsiprep/sub-20333/ses-1/dwi/sub-20333_ses-1_space-ACPC_desc-preproc_dwi.nii.gz	0.0	0.3169099688529968	0.0759756043553352	0.3381320536136627	0.3169099688529968	0.3381320536136627	0.0759756043553352	0.3354095220565796	0.3354095220565796	sub-20333	ses-1				space-ACPC			DSIStudio	autotrackgqi
ProjectionBrainstem_ReticularTractR	ngpar	TORTOISE_model-MAPMRI	/scratch/executivefunction/SLURM_13244013_43/job-13244013-43-sub-20333-ses-1/ds/inputs/data/qsiprep/qsiprep/sub-20333/ses-1/dwi/sub-20333_ses-1_space-ACPC_desc-preproc_dwi.nii.gz	0.0	0.1390248835086822	0.0404324680566787	0.1369538456201553	0.1390248835086822	0.1369538456201553	0.0404324680566787	0.1460263282060623	0.1460263282060623	sub-20333	ses-1				space-ACPC			DSIStudio	autotrackgqi
ProjectionBrainstem_ReticularTractR	ngperp	TORTOISE_model-MAPMRI	/scratch/executivefunction/SLURM_13244013_43/job-13244013-43-sub-20333-ses-1/ds/inputs/data/qsiprep/qsiprep/sub-20333/ses-1/dwi/sub-20333_ses-1_space-ACPC_desc-preproc_dwi.nii.gz	0.0	0.2706840336322784	0.0652383640408515	0.2871349155902862	0.2706840336322784	0.2871349155902862	0.0652383640408515	0.2851261496543884	0.2851261496543884	sub-20333	ses-1				space-ACPC			DSIStudio	autotrackgqi
ProjectionBrainstem_ReticularTractR	pa	TORTOISE_model-MAPMRI	/scratch/executivefunction/SLURM_13244013_43/job-13244013-43-sub-20333-ses-1/ds/inputs/data/qsiprep/qsiprep/sub-20333/ses-1/dwi/sub-20333_ses-1_space-ACPC_desc-preproc_dwi.nii.gz	0.0	0.7395411133766174	0.2113319635391235	0.8071185946464539	0.7395411133766174	0.8071185946464539	0.2113319635391235	0.8103880286216736	0.8103880286216736	sub-20333	ses-1				space-ACPC			DSIStudio	autotrackgqi
ProjectionBrainstem_ReticularTractR	path	TORTOISE_model-MAPMRI	/scratch/executivefunction/SLURM_13244013_43/job-13244013-43-sub-20333-ses-1/ds/inputs/data/qsiprep/qsiprep/sub-20333/ses-1/dwi/sub-20333_ses-1_space-ACPC_desc-preproc_dwi.nii.gz	0.0	0.2987323999404907	0.1094630062580108	0.2991139590740204	0.2987323999404907	0.2991139590740204	0.1094630062580108	0.3275335431098938	0.3275335431098938	sub-20333	ses-1				space-ACPC			DSIStudio	autotrackgqi
ProjectionBrainstem_ReticularTractR	rd	TORTOISE_model-MAPMRI	/scratch/executivefunction/SLURM_13244013_43/job-13244013-43-sub-20333-ses-1/ds/inputs/data/qsiprep/qsiprep/sub-20333/ses-1/dwi/sub-20333_ses-1_space-ACPC_desc-preproc_dwi.nii.gz	0.0017035775127768	632.5571157799739	278.5485432221347	594.4467818226432	633.6365647830114	594.567960357632	277.556692418612	559.1921906656735	559.3470202688632	sub-20333	ses-1				space-ACPC			DSIStudio	autotrackgqi
ProjectionBrainstem_ReticularTractR	rtap	TORTOISE_model-MAPMRI	/scratch/executivefunction/SLURM_13244013_43/job-13244013-43-sub-20333-ses-1/ds/inputs/data/qsiprep/qsiprep/sub-20333/ses-1/dwi/sub-20333_ses-1_space-ACPC_desc-preproc_dwi.nii.gz	0.0017035775127768	0.0135460887104272	0.005506832152605	0.0126350792124867	0.0135692041367292	0.0126392878592014	0.0054829991422593	0.0151813719421625	0.0151855750009417	sub-20333	ses-1				space-ACPC			DSIStudio	autotrackgqi
ProjectionBrainstem_ReticularTractR	rtop	TORTOISE_model-MAPMRI	/scratch/executivefunction/SLURM_13244013_43/job-13244013-43-sub-20333-ses-1/ds/inputs/data/qsiprep/qsiprep/sub-20333/ses-1/dwi/sub-20333_ses-1_space-ACPC_desc-preproc_dwi.nii.gz	0.0017035775127768	0.000266633083811	9.765254071680828e-05	0.0002598646387923	0.0002670880930963	0.0002600165607873	9.711211896501482e-05	0.0003003902966156	0.0003004734753631	sub-20333	ses-1				space-ACPC			DSIStudio	autotrackgqi
ProjectionBrainstem_ReticularTractR	rtpp	TORTOISE_model-MAPMRI	/scratch/executivefunction/SLURM_13244013_43/job-13244013-43-sub-20333-ses-1/ds/inputs/data/qsiprep/qsiprep/sub-20333/ses-1/dwi/sub-20333_ses-1_space-ACPC_desc-preproc_dwi.nii.gz	0.0017035775127768	0.044451754540205	0.0053396909497678	0.0447395667433738	0.0445276089012622	0.0447606816887855	0.0050182924605906	0.0445373803377151	0.044549711048603	sub-20333	ses-1				space-ACPC			DSIStudio	autotrackgqi
ProjectionBrainstem_CorticopontineTractR	ad	TORTOISE_model-MAPMRI	/scratch/executivefunction/SLURM_13244013_43/job-13244013-43-sub-20333-ses-1/ds/inputs/data/qsiprep/qsiprep/sub-20333/ses-1/dwi/sub-20333_ses-1_space-ACPC_desc-preproc_dwi.nii.gz	0.0	1188.9606112239403	308.91050791193754	1137.085217245149	1188.9606112239403	1137.085217245149	308.91050791193754	1283.358209377971	1283.358209377971	sub-20333	ses-1				space-ACPC			DSIStudio	autotrackgqi
ProjectionBrainstem_CorticopontineTractR	am	TORTOISE_model-MAPMRI	/scratch/executivefunction/SLURM_13244013_43/job-13244013-43-sub-20333-ses-1/ds/inputs/data/qsiprep/qsiprep/sub-20333/ses-1/dwi/sub-20333_ses-1_space-ACPC_desc-preproc_dwi.nii.gz	0.0	499.01568603515625	128.47230529785156	464.6716613769531	499.01568603515625	464.6716613769531	128.47230529785156	479.5997924804688	479.5997924804688	sub-20333	ses-1				space-ACPC			DSIStudio	autotrackgqi
ProjectionBrainstem_CorticopontineTractR	fa	TORTOISE_model-MAPMRI	/scratch/executivefunction/SLURM_13244013_43/job-13244013-43-sub-20333-ses-1/ds/inputs/data/qsiprep/qsiprep/sub-20333/ses-1/dwi/sub-20333_ses-1_space-ACPC_desc-preproc_dwi.nii.gz	0.0	0.4155041383059138	0.1882145782314909	0.4125651062652893	0.4155041383059138	0.4125651062652893	0.1882145782314909	0.5126785126976073	0.5126785126976073	sub-20333	ses-1				space-ACPC			DSIStudio	autotrackgqi
ProjectionBrainstem_CorticopontineTractR	li	TORTOISE_model-MAPMRI	/scratch/executivefunction/SLURM_13244013_43/job-13244013-43-sub-20333-ses-1/ds/inputs/data/qsiprep/qsiprep/sub-20333/ses-1/dwi/sub-20333_ses-1_space-ACPC_desc-preproc_dwi.nii.gz	0.0	0.2651548087596893	0.1581805795431137	0.245442047715187	0.2651548087596893	0.245442047715187	0.1581805795431137	0.3513655960559845	0.3513655960559845	sub-20333	ses-1				space-ACPC			DSIStudio	autotrackgqi
ProjectionBrainstem_CorticopontineTractR	ng	TORTOISE_model-MAPMRI	/scratch/executivefunction/SLURM_13244013_43/job-13244013-43-sub-20333-ses-1/ds/inputs/data/qsiprep/qsiprep/sub-20333/ses-1/dwi/sub-20333_ses-1_space-ACPC_desc-preproc_dwi.nii.gz	0.0	0.327018141746521	0.0710108056664466	0.3481160402297973	0.327018141746521	0.3481160402297973	0.0710108056664466	0.3508839607238769	0.3508839607238769	sub-20333	ses-1				space-ACPC			DSIStudio	autotrackgqi
ProjectionBrainstem_CorticopontineTractR	ngpar	TORTOISE_model-MAPMRI	/scratch/executivefunction/SLURM_13244013_43/job-13244013-43-sub-20333-ses-1/ds/inputs/data/qsiprep/qsiprep/sub-20333/ses-1/dwi/sub-20333_ses-1_space-ACPC_desc-preproc_dwi.nii.gz	0.0	0.143601506948471	0.0370766706764698	0.1403261423110962	0.143601506948471	0.1403261423110962	0.0370766706764698	0.1483675986528396	0.1483675986528396	sub-20333	ses-1				space-ACPC			DSIStudio	autotrackgqi
ProjectionBrainstem_CorticopontineTractR	ngperp	TORTOISE_model-MAPMRI	/scratch/executivefunction/SLURM_13244013_43/job-13244013-43-sub-20333-ses-1/ds/inputs/data/qsiprep/qsiprep/sub-20333/ses-1/dwi/sub-20333_ses-1_space-ACPC_desc-preproc_dwi.nii.gz	0.0	0.2804627120494842	0.0617549046874046	0.2953768074512481	0.2804627120494842	0.2953768074512481	0.0617549046874046	0.3026358187198639	0.3026358187198639	sub-20333	ses-1				space-ACPC			DSIStudio	autotrackgqi
ProjectionBrainstem_CorticopontineTractR	pa	TORTOISE_model-MAPMRI	/scratch/executivefunction/SLURM_13244013_43/job-13244013-43-sub-20333-ses-1/ds/inputs/data/qsiprep/qsiprep/sub-20333/ses-1/dwi/sub-20333_ses-1_space-ACPC_desc-preproc_dwi.nii.gz	0.0	0.7533428072929382	0.2113720178604126	0.8273735642433167	0.7533428072929382	0.8273735642433167	0.2113720178604126	0.8479511141777039	0.8479511141777039	sub-20333	ses-1				space-ACPC			DSIStudio	autotrackgqi
ProjectionBrainstem_CorticopontineTractR	path	TORTOISE_model-MAPMRI	/scratch/executivefunction/SLURM_13244013_43/job-13244013-43-sub-20333-ses-1/ds/inputs/data/qsiprep/qsiprep/sub-20333/ses-1/dwi/sub-20333_ses-1_space-ACPC_desc-preproc_dwi.nii.gz	0.0	0.3088182508945465	0.1114557161927223	0.3121660053730011	0.3088182508945465	0.3121660053730011	0.1114557161927223	0.364055871963501	0.364055871963501	sub-20333	ses-1				space-ACPC			DSIStudio	autotrackgqi
ProjectionBrainstem_CorticopontineTractR	rd	TORTOISE_model-MAPMRI	/scratch/executivefunction/SLURM_13244013_43/job-13244013-43-sub-20333-ses-1/ds/inputs/data/qsiprep/qsiprep/sub-20333/ses-1/dwi/sub-20333_ses-1_space-ACPC_desc-preproc_dwi.nii.gz	0.0	613.3592838884362	270.8510984548861	569.2928559459257	613.3592838884362	569.2928559459257	270.8510984548861	538.0476845452793	538.0476845452793	sub-20333	ses-1				space-ACPC			DSIStudio	autotrackgqi
ProjectionBrainstem_CorticopontineTractR	rtap	TORTOISE_model-MAPMRI	/scratch/executivefunction/SLURM_13244013_43/job-13244013-43-sub-20333-ses-1/ds/inputs/data/qsiprep/qsiprep/sub-20333/ses-1/dwi/sub-20333_ses-1_space-ACPC_desc-preproc_dwi.nii.gz	0.0	0.0143443048000335	0.0059163146652281	0.0136151537299156	0.0143443048000335	0.0136151537299156	0.0059163146652281	0.0172224380075931	0.0172224380075931	sub-20333	ses-1				space-ACPC			DSIStudio	autotrackgqi
ProjectionBrainstem_CorticopontineTractR	rtop	TORTOISE_model-MAPMRI	/scratch/executivefunction/SLURM_13244013_43/job-13244013-43-sub-20333-ses-1/ds/inputs/data/qsiprep/qsiprep/sub-20333/ses-1/dwi/sub-20333_ses-1_space-ACPC_desc-preproc_dwi.nii.gz	0.0	0.000284300855128	0.0001021042262436	0.0002844130212906	0.000284300855128	0.0002844130212906	0.0001021042262436	0.0003296156355645	0.0003296156355645	sub-20333	ses-1				space-ACPC			DSIStudio	autotrackgqi
ProjectionBrainstem_CorticopontineTractR	rtpp	TORTOISE_model-MAPMRI	/scratch/executivefunction/SLURM_13244013_43/job-13244013-43-sub-20333-ses-1/ds/inputs/data/qsiprep/qsiprep/sub-20333/ses-1/dwi/sub-20333_ses-1_space-ACPC_desc-preproc_dwi.nii.gz	0.0	0.0447907038033008	0.0054255621507763	0.0451213866472244	0.0447907038033008	0.0451213866472244	0.0054255621507763	0.043000191450119	0.043000191450119	sub-20333	ses-1				space-ACPC			DSIStudio	autotrackgqi
ProjectionBrainstem_MedialForebrainBundleL	ad	TORTOISE_model-MAPMRI	/scratch/executivefunction/SLURM_13244013_43/job-13244013-43-sub-20333-ses-1/ds/inputs/data/qsiprep/qsiprep/sub-20333/ses-1/dwi/sub-20333_ses-1_space-ACPC_desc-preproc_dwi.nii.gz	0.0154639175257731	1288.011029030817	588.1560333669667	1129.662983440593	1308.2415687538144	1133.2475577442565	569.9951781375117	1262.2777592374332	1270.748955955523	sub-20333	ses-1				space-ACPC			DSIStudio	autotrackgqi
ProjectionBrainstem_MedialForebrainBundleL	am	TORTOISE_model-MAPMRI	/scratch/executivefunction/SLURM_13244013_43/job-13244013-43-sub-20333-ses-1/ds/inputs/data/qsiprep/qsiprep/sub-20333/ses-1/dwi/sub-20333_ses-1_space-ACPC_desc-preproc_dwi.nii.gz	0.0	536.2489624023438	229.6012725830078	495.394775390625	536.2489624023438	495.394775390625	229.6012725830078	520.2076416015625	520.2076416015625	sub-20333	ses-1				space-ACPC			DSIStudio	autotrackgqi
ProjectionBrainstem_MedialForebrainBundleL	fa	TORTOISE_model-MAPMRI	/scratch/executivefunction/SLURM_13244013_43/job-13244013-43-sub-20333-ses-1/ds/inputs/data/qsiprep/qsiprep/sub-20333/ses-1/dwi/sub-20333_ses-1_space-ACPC_desc-preproc_dwi.nii.gz	0.0154639175257731	0.3892241672232663	0.1700329850843288	0.3774703619650044	0.3953376358183961	0.3803204716844793	0.1641597839454323	0.4457062738270776	0.4486974263375189	sub-20333	ses-1				space-ACPC			DSIStudio	autotrackgqi
ProjectionBrainstem_MedialForebrainBundleL	li	TORTOISE_model-MAPMRI	/scratch/executivefunction/SLURM_13244013_43/job-13244013-43-sub-20333-ses-1/ds/inputs/data/qsiprep/qsiprep/sub-20333/ses-1/dwi/sub-20333_ses-1_space-ACPC_desc-preproc_dwi.nii.gz	0.0	0.2466685175895691	0.1443436592817306	0.2238163501024246	0.2466685175895691	0.2238163501024246	0.1443436592817306	0.2850766181945801	0.2850766181945801	sub-20333	ses-1				space-ACPC			DSIStudio	autotrackgqi
ProjectionBrainstem_MedialForebrainBundleL	ng	TORTOISE_model-MAPMRI	/scratch/executivefunction/SLURM_13244013_43/job-13244013-43-sub-20333-ses-1/ds/inputs/data/qsiprep/qsiprep/sub-20333/ses-1/dwi/sub-20333_ses-1_space-ACPC_desc-preproc_dwi.nii.gz	0.0	0.3651421666145324	0.0936230644583702	0.3573436141014099	0.3651421666145324	0.3573436141014099	0.0936230644583702	0.351731538772583	0.351731538772583	sub-20333	ses-1				space-ACPC			DSIStudio	autotrackgqi
ProjectionBrainstem_MedialForebrainBundleL	ngpar	TORTOISE_model-MAPMRI	/scratch/executivefunction/SLURM_13244013_43/job-13244013-43-sub-20333-ses-1/ds/inputs/data/qsiprep/qsiprep/sub-20333/ses-1/dwi/sub-20333_ses-1_space-ACPC_desc-preproc_dwi.nii.gz	0.0	0.171918123960495	0.0635605454444885	0.1644990444183349	0.171918123960495	0.1644990444183349	0.0635605454444885	0.1626884043216705	0.1626884043216705	sub-20333	ses-1				space-ACPC			DSIStudio	autotrackgqi
ProjectionBrainstem_MedialForebrainBundleL	ngperp	TORTOISE_model-MAPMRI	/scratch/executivefunction/SLURM_13244013_43/job-13244013-43-sub-20333-ses-1/ds/inputs/data/qsiprep/qsiprep/sub-20333/ses-1/dwi/sub-20333_ses-1_space-ACPC_desc-preproc_dwi.nii.gz	0.0	0.2982202172279358	0.0696861967444419	0.2945473790168762	0.2982202172279358	0.2945473790168762	0.0696861967444419	0.2926255464553833	0.2926255464553833	sub-20333	ses-1				space-ACPC			DSIStudio	autotrackgqi
ProjectionBrainstem_MedialForebrainBundleL	pa	TORTOISE_model-MAPMRI	/scratch/executivefunction/SLURM_13244013_43/job-13244013-43-sub-20333-ses-1/ds/inputs/data/qsiprep/qsiprep/sub-20333/ses-1/dwi/sub-20333_ses-1_space-ACPC_desc-preproc_dwi.nii.gz	0.0	0.7806463837623596	0.1294474005699157	0.7989181280136108	0.7806463837623596	0.7989181280136108	0.1294474005699157	0.8055005073547363	0.8055005073547363	sub-20333	ses-1				space-ACPC			DSIStudio	autotrackgqi
ProjectionBrainstem_MedialForebrainBundleL	path	TORTOISE_model-MAPMRI	/scratch/executivefunction/SLURM_13244013_43/job-13244013-43-sub-20333-ses-1/ds/inputs/data/qsiprep/qsiprep/sub-20333/ses-1/dwi/sub-20333_ses-1_space-ACPC_desc-preproc_dwi.nii.gz	0.0	0.3104254007339477	0.1027650907635688	0.2941797375679016	0.3104254007339477	0.2941797375679016	0.1027650907635688	0.3248928785324096	0.3248928785324096	sub-20333	ses-1				space-ACPC			DSIStudio	autotrackgqi
ProjectionBrainstem_MedialForebrainBundleL	rd	TORTOISE_model-MAPMRI	/scratch/executivefunction/SLURM_13244013_43/job-13244013-43-sub-20333-ses-1/ds/inputs/data/qsiprep/qsiprep/sub-20333/ses-1/dwi/sub-20333_ses-1_space-ACPC_desc-preproc_dwi.nii.gz	0.0154639175257731	716.9896205903535	496.79425953062673	571.4660588917261	728.251237667689	574.6054446838948	492.4223398357109	617.7644968958937	621.910339162309	sub-20333	ses-1				space-ACPC			DSIStudio	autotrackgqi
ProjectionBrainstem_MedialForebrainBundleL	rtap	TORTOISE_model-MAPMRI	/scratch/executivefunction/SLURM_13244013_43/job-13244013-43-sub-20333-ses-1/ds/inputs/data/qsiprep/qsiprep/sub-20333/ses-1/dwi/sub-20333_ses-1_space-ACPC_desc-preproc_dwi.nii.gz	0.0154639175257731	0.0127739124000072	0.0056609362363815	0.0127830868586897	0.0129745490849018	0.0128269866108894	0.0054723271168768	0.0142379198223352	0.0143334716558456	sub-20333	ses-1				space-ACPC			DSIStudio	autotrackgqi
ProjectionBrainstem_MedialForebrainBundleL	rtop	TORTOISE_model-MAPMRI	/scratch/executivefunction/SLURM_13244013_43/job-13244013-43-sub-20333-ses-1/ds/inputs/data/qsiprep/qsiprep/sub-20333/ses-1/dwi/sub-20333_ses-1_space-ACPC_desc-preproc_dwi.nii.gz	0.0154639175257731	0.0002625933848321	0.0001145577189163	0.0002780628856271	0.0002667178632691	0.0002798609202727	0.0001105871560866	0.0002851704484783	0.0002870842290576	sub-20333	ses-1				space-ACPC			DSIStudio	autotrackgqi
ProjectionBrainstem_MedialForebrainBundleL	rtpp	TORTOISE_model-MAPMRI	/scratch/executivefunction/SLURM_13244013_43/job-13244013-43-sub-20333-ses-1/ds/inputs/data/qsiprep/qsiprep/sub-20333/ses-1/dwi/sub-20333_ses-1_space-ACPC_desc-preproc_dwi.nii.gz	0.0154639175257731	0.0433148555457592	0.0099953049793839	0.0453616306185722	0.0439951941370964	0.045458935201168	0.0084583526477217	0.043570764362812	0.0438631698489189	sub-20333	ses-1				space-ACPC			DSIStudio	autotrackgqi
ProjectionBrainstem_MedialLemniscusR	ad	TORTOISE_model-MAPMRI	/scratch/executivefunction/SLURM_13244013_43/job-13244013-43-sub-20333-ses-1/ds/inputs/data/qsiprep/qsiprep/sub-20333/ses-1/dwi/sub-20333_ses-1_space-ACPC_desc-preproc_dwi.nii.gz	0.0	1157.9130365990154	270.25323974790274	1109.105945045713	1157.9130365990154	1109.105945045713	270.25323974790274	1197.7993326860835	1197.7993326860835	sub-20333	ses-1				space-ACPC			DSIStudio	autotrackgqi
ProjectionBrainstem_MedialLemniscusR	am	TORTOISE_model-MAPMRI	/scratch/executivefunction/SLURM_13244013_43/job-13244013-43-sub-20333-ses-1/ds/inputs/data/qsiprep/qsiprep/sub-20333/ses-1/dwi/sub-20333_ses-1_space-ACPC_desc-preproc_dwi.nii.gz	0.0	478.69244384765625	92.3878402709961	462.3409118652344	478.69244384765625	462.3409118652344	92.3878402709961	464.896728515625	464.896728515625	sub-20333	ses-1				space-ACPC			DSIStudio	autotrackgqi
ProjectionBrainstem_MedialLemniscusR	fa	TORTOISE_model-MAPMRI	/scratch/executivefunction/SLURM_13244013_43/job-13244013-43-sub-20333-ses-1/ds/inputs/data/qsiprep/qsiprep/sub-20333/ses-1/dwi/sub-20333_ses-1_space-ACPC_desc-preproc_dwi.nii.gz	0.0	0.436001030501789	0.1688691383525819	0.4302518633179978	0.436001030501789	0.4302518633179978	0.1688691383525819	0.4921149148358605	0.4921149148358605	sub-20333	ses-1				space-ACPC			DSIStudio	autotrackgqi
ProjectionBrainstem_MedialLemniscusR	li	TORTOISE_model-MAPMRI	/scratch/executivefunction/SLURM_13244013_43/job-13244013-43-sub-20333-ses-1/ds/inputs/data/qsiprep/qsiprep/sub-20333/ses-1/dwi/sub-20333_ses-1_space-ACPC_desc-preproc_dwi.nii.gz	0.0	0.283988207578659	0.1472734361886978	0.2615166306495666	0.283988207578659	0.2615166306495666	0.1472734361886978	0.3336129188537597	0.3336129188537597	sub-20333	ses-1				space-ACPC			DSIStudio	autotrackgqi
ProjectionBrainstem_MedialLemniscusR	ng	TORTOISE_model-MAPMRI	/scratch/executivefunction/SLURM_13244013_43/job-13244013-43-sub-20333-ses-1/ds/inputs/data/qsiprep/qsiprep/sub-20333/ses-1/dwi/sub-20333_ses-1_space-ACPC_desc-preproc_dwi.nii.gz	0.0	0.3317263722419739	0.0571945719420909	0.3472231030464172	0.3317263722419739	0.3472231030464172	0.0571945719420909	0.3372866511344909	0.3372866511344909	sub-20333	ses-1				space-ACPC			DSIStudio	autotrackgqi
ProjectionBrainstem_MedialLemniscusR	ngpar	TORTOISE_model-MAPMRI	/scratch/executivefunction/SLURM_13244013_43/job-13244013-43-sub-20333-ses-1/ds/inputs/data/qsiprep/qsiprep/sub-20333/ses-1/dwi/sub-20333_ses-1_space-ACPC_desc-preproc_dwi.nii.gz	0.0	0.1463099867105484	0.0343615040183067	0.1440200507640838	0.1463099867105484	0.1440200507640838	0.0343615040183067	0.1421484947204589	0.1421484947204589	sub-20333	ses-1				space-ACPC			DSIStudio	autotrackgqi
ProjectionBrainstem_MedialLemniscusR	ngperp	TORTOISE_model-MAPMRI	/scratch/executivefunction/SLURM_13244013_43/job-13244013-43-sub-20333-ses-1/ds/inputs/data/qsiprep/qsiprep/sub-20333/ses-1/dwi/sub-20333_ses-1_space-ACPC_desc-preproc_dwi.nii.gz	0.0	0.2848670184612274	0.0517449937760829	0.2953779995441437	0.2848670184612274	0.2953779995441437	0.0517449937760829	0.2924410104751587	0.2924410104751587	sub-20333	ses-1				space-ACPC			DSIStudio	autotrackgqi
ProjectionBrainstem_MedialLemniscusR	pa	TORTOISE_model-MAPMRI	/scratch/executivefunction/SLURM_13244013_43/job-13244013-43-sub-20333-ses-1/ds/inputs/data/qsiprep/qsiprep/sub-20333/ses-1/dwi/sub-20333_ses-1_space-ACPC_desc-preproc_dwi.nii.gz	0.0	0.7834202647209167	0.1691584885120391	0.8280491232872009	0.7834202647209167	0.8280491232872009	0.1691584885120391	0.8399708271026611	0.8399708271026611	sub-20333	ses-1				space-ACPC			DSIStudio	autotrackgqi
ProjectionBrainstem_MedialLemniscusR	path	TORTOISE_model-MAPMRI	/scratch/executivefunction/SLURM_13244013_43/job-13244013-43-sub-20333-ses-1/ds/inputs/data/qsiprep/qsiprep/sub-20333/ses-1/dwi/sub-20333_ses-1_space-ACPC_desc-preproc_dwi.nii.gz	0.0	0.3173882663249969	0.0977386906743049	0.3126249015331268	0.3173882663249969	0.3126249015331268	0.0977386906743049	0.3451536893844604	0.3451536893844604	sub-20333	ses-1				space-ACPC			DSIStudio	autotrackgqi
ProjectionBrainstem_MedialLemniscusR	rd	TORTOISE_model-MAPMRI	/scratch/executivefunction/SLURM_13244013_43/job-13244013-43-sub-20333-ses-1/ds/inputs/data/qsiprep/qsiprep/sub-20333/ses-1/dwi/sub-20333_ses-1_space-ACPC_desc-preproc_dwi.nii.gz	0.0	568.7482176424329	208.2961989470037	548.8902619867891	568.7482176424329	548.8902619867891	208.2961989470037	518.9614646445416	518.9614646445416	sub-20333	ses-1				space-ACPC			DSIStudio	autotrackgqi
ProjectionBrainstem_MedialLemniscusR	rtap	TORTOISE_model-MAPMRI	/scratch/executivefunction/SLURM_13244013_43/job-13244013-43-sub-20333-ses-1/ds/inputs/data/qsiprep/qsiprep/sub-20333/ses-1/dwi/sub-20333_ses-1_space-ACPC_desc-preproc_dwi.nii.gz	0.0	0.0147900702431797	0.0047803320921957	0.0140820732340216	0.0147900702431797	0.0140820732340216	0.0047803320921957	0.0158024597913026	0.0158024597913026	sub-20333	ses-1				space-ACPC			DSIStudio	autotrackgqi
ProjectionBrainstem_MedialLemniscusR	rtop	TORTOISE_model-MAPMRI	/scratch/executivefunction/SLURM_13244013_43/job-13244013-43-sub-20333-ses-1/ds/inputs/data/qsiprep/qsiprep/sub-20333/ses-1/dwi/sub-20333_ses-1_space-ACPC_desc-preproc_dwi.nii.gz	0.0	0.0002968290064018	7.669140904909e-05	0.0002957383403554	0.0002968290064018	0.0002957383403554	7.669140904909e-05	0.0003096951986663	0.0003096951986663	sub-20333	ses-1				space-ACPC			DSIStudio	autotrackgqi
ProjectionBrainstem_MedialLemniscusR	rtpp	TORTOISE_model-MAPMRI	/scratch/executivefunction/SLURM_13244013_43/job-13244013-43-sub-20333-ses-1/ds/inputs/data/qsiprep/qsiprep/sub-20333/ses-1/dwi/sub-20333_ses-1_space-ACPC_desc-preproc_dwi.nii.gz	0.0	0.0453294925391674	0.0051604504697024	0.0458942726254463	0.0453294925391674	0.0458942726254463	0.0051604504697024	0.0442194938659668	0.0442194938659668	sub-20333	ses-1				space-ACPC			DSIStudio	autotrackgqi
ProjectionBrainstem_CorticobulbarTractR	ad	TORTOISE_model-MAPMRI	/scratch/executivefunction/SLURM_13244013_43/job-13244013-43-sub-20333-ses-1/ds/inputs/data/qsiprep/qsiprep/sub-20333/ses-1/dwi/sub-20333_ses-1_space-ACPC_desc-preproc_dwi.nii.gz	0.0	1180.1062557979988	303.9434755930074	1115.0214925174828	1180.1062557979988	1115.0214925174828	303.9434755930074	1190.0061194820755	1190.0061194820755	sub-20333	ses-1				space-ACPC			DSIStudio	autotrackgqi
ProjectionBrainstem_CorticobulbarTractR	am	TORTOISE_model-MAPMRI	/scratch/executivefunction/SLURM_13244013_43/job-13244013-43-sub-20333-ses-1/ds/inputs/data/qsiprep/qsiprep/sub-20333/ses-1/dwi/sub-20333_ses-1_space-ACPC_desc-preproc_dwi.nii.gz	0.0	501.6792907714844	114.698486328125	473.9481506347656	501.6792907714844	473.9481506347656	114.698486328125	477.6800842285156	477.6800842285156	sub-20333	ses-1				space-ACPC			DSIStudio	autotrackgqi
ProjectionBrainstem_CorticobulbarTractR	fa	TORTOISE_model-MAPMRI	/scratch/executivefunction/SLURM_13244013_43/job-13244013-43-sub-20333-ses-1/ds/inputs/data/qsiprep/qsiprep/sub-20333/ses-1/dwi/sub-20333_ses-1_space-ACPC_desc-preproc_dwi.nii.gz	0.0	0.4632538902370179	0.1815322795667644	0.4417964533910969	0.4632538902370179	0.4417964533910969	0.1815322795667644	0.515265255942057	0.515265255942057	sub-20333	ses-1				space-ACPC			DSIStudio	autotrackgqi
ProjectionBrainstem_CorticobulbarTractR	li	TORTOISE_model-MAPMRI	/scratch/executivefunction/SLURM_13244013_43/job-13244013-43-sub-20333-ses-1/ds/inputs/data/qsiprep/qsiprep/sub-20333/ses-1/dwi/sub-20333_ses-1_space-ACPC_desc-preproc_dwi.nii.gz	0.0	0.3095521628856659	0.1609620451927185	0.281873345375061	0.3095521628856659	0.281873345375061	0.1609620451927185	0.3552707433700561	0.3552707433700561	sub-20333	ses-1				space-ACPC			DSIStudio	autotrackgqi
ProjectionBrainstem_CorticobulbarTractR	ng	TORTOISE_model-MAPMRI	/scratch/executivefunction/SLURM_13244013_43/job-13244013-43-sub-20333-ses-1/ds/inputs/data/qsiprep/qsiprep/sub-20333/ses-1/dwi/sub-20333_ses-1_space-ACPC_desc-preproc_dwi.nii.gz	0.0	0.341545820236206	0.0548416748642921	0.3536527752876282	0.341545820236206	0.3536527752876282	0.0548416748642921	0.3532842993736267	0.3532842993736267	sub-20333	ses-1				space-ACPC			DSIStudio	autotrackgqi
ProjectionBrainstem_CorticobulbarTractR	ngpar	TORTOISE_model-MAPMRI	/scratch/executivefunction/SLURM_13244013_43/job-13244013-43-sub-20333-ses-1/ds/inputs/data/qsiprep/qsiprep/sub-20333/ses-1/dwi/sub-20333_ses-1_space-ACPC_desc-preproc_dwi.nii.gz	0.0	0.1483501195907592	0.0389797650277614	0.1479407995939254	0.1483501195907592	0.1479407995939254	0.0389797650277614	0.149937242269516	0.149937242269516	sub-20333	ses-1				space-ACPC			DSIStudio	autotrackgqi
ProjectionBrainstem_CorticobulbarTractR	ngperp	TORTOISE_model-MAPMRI	/scratch/executivefunction/SLURM_13244013_43/job-13244013-43-sub-20333-ses-1/ds/inputs/data/qsiprep/qsiprep/sub-20333/ses-1/dwi/sub-20333_ses-1_space-ACPC_desc-preproc_dwi.nii.gz	0.0	0.2886787950992584	0.0493287444114685	0.295796126127243	0.2886787950992584	0.295796126127243	0.0493287444114685	0.2996675670146942	0.2996675670146942	sub-20333	ses-1				space-ACPC			DSIStudio	autotrackgqi
ProjectionBrainstem_CorticobulbarTractR	pa	TORTOISE_model-MAPMRI	/scratch/executivefunction/SLURM_13244013_43/job-13244013-43-sub-20333-ses-1/ds/inputs/data/qsiprep/qsiprep/sub-20333/ses-1/dwi/sub-20333_ses-1_space-ACPC_desc-preproc_dwi.nii.gz	0.0	0.8133723735809326	0.1492739766836166	0.8498082756996155	0.8133723735809326	0.8498082756996155	0.1492739766836166	0.8584921360015869	0.8584921360015869	sub-20333	ses-1				space-ACPC			DSIStudio	autotrackgqi
ProjectionBrainstem_CorticobulbarTractR	path	TORTOISE_model-MAPMRI	/scratch/executivefunction/SLURM_13244013_43/job-13244013-43-sub-20333-ses-1/ds/inputs/data/qsiprep/qsiprep/sub-20333/ses-1/dwi/sub-20333_ses-1_space-ACPC_desc-preproc_dwi.nii.gz	0.0	0.3360506296157837	0.0982726588845253	0.3283689022064209	0.3360506296157837	0.3283689022064209	0.0982726588845253	0.3657312989234924	0.3657312989234924	sub-20333	ses-1				space-ACPC			DSIStudio	autotrackgqi
ProjectionBrainstem_CorticobulbarTractR	rd	TORTOISE_model-MAPMRI	/scratch/executivefunction/SLURM_13244013_43/job-13244013-43-sub-20333-ses-1/ds/inputs/data/qsiprep/qsiprep/sub-20333/ses-1/dwi/sub-20333_ses-1_space-ACPC_desc-preproc_dwi.nii.gz	0.0	549.167229306281	216.6893425507413	539.7706863115102	549.167229306281	539.7706863115102	216.6893425507413	489.1688340079614	489.1688340079614	sub-20333	ses-1				space-ACPC			DSIStudio	autotrackgqi
ProjectionBrainstem_CorticobulbarTractR	rtap	TORTOISE_model-MAPMRI	/scratch/executivefunction/SLURM_13244013_43/job-13244013-43-sub-20333-ses-1/ds/inputs/data/qsiprep/qsiprep/sub-20333/ses-1/dwi/sub-20333_ses-1_space-ACPC_desc-preproc_dwi.nii.gz	0.0	0.0161564163863658	0.0064644427038729	0.0148256812244653	0.0161564163863658	0.0148256812244653	0.0064644427038729	0.0181555040180683	0.0181555040180683	sub-20333	ses-1				space-ACPC			DSIStudio	autotrackgqi
ProjectionBrainstem_CorticobulbarTractR	rtop	TORTOISE_model-MAPMRI	/scratch/executivefunction/SLURM_13244013_43/job-13244013-43-sub-20333-ses-1/ds/inputs/data/qsiprep/qsiprep/sub-20333/ses-1/dwi/sub-20333_ses-1_space-ACPC_desc-preproc_dwi.nii.gz	0.0	0.0003226576081942	0.0001095062834792	0.0003186755347996	0.0003226576081942	0.0003186755347996	0.0001095062834792	0.0003592313732951	0.0003592313732951	sub-20333	ses-1				space-ACPC			DSIStudio	autotrackgqi
ProjectionBrainstem_CorticobulbarTractR	rtpp	TORTOISE_model-MAPMRI	/scratch/executivefunction/SLURM_13244013_43/job-13244013-43-sub-20333-ses-1/ds/inputs/data/qsiprep/qsiprep/sub-20333/ses-1/dwi/sub-20333_ses-1_space-ACPC_desc-preproc_dwi.nii.gz	0.0	0.0454534515738487	0.0057075633667409	0.0457541793584823	0.0454534515738487	0.0457541793584823	0.0057075633667409	0.0453023351728916	0.0453023351728916	sub-20333	ses-1				space-ACPC			DSIStudio	autotrackgqi
ProjectionBasalGanglia_CorticostriatalTractL	ad	TORTOISE_model-MAPMRI	/scratch/executivefunction/SLURM_13244013_43/job-13244013-43-sub-20333-ses-1/ds/inputs/data/qsiprep/qsiprep/sub-20333/ses-1/dwi/sub-20333_ses-1_space-ACPC_desc-preproc_dwi.nii.gz	0.001157854110382	1121.7662516199755	266.81018510129167	1072.4913495453698	1123.066598897742	1072.6761209075771	264.2154779111292	1110.352527233159	1110.5071499577325	sub-20333	ses-1				space-ACPC			DSIStudio	autotrackgqi
ProjectionBasalGanglia_CorticostriatalTractL	am	TORTOISE_model-MAPMRI	/scratch/executivefunction/SLURM_13244013_43/job-13244013-43-sub-20333-ses-1/ds/inputs/data/qsiprep/qsiprep/sub-20333/ses-1/dwi/sub-20333_ses-1_space-ACPC_desc-preproc_dwi.nii.gz	0.001157854110382	513.5890502929688	154.6020965576172	472.03326416015625	514.1843872070312	472.237060546875	153.6990509033203	460.78411865234375	460.8482666015625	sub-20333	ses-1				space-ACPC			DSIStudio	autotrackgqi
ProjectionBasalGanglia_CorticostriatalTractL	fa	TORTOISE_model-MAPMRI	/scratch/executivefunction/SLURM_13244013_43/job-13244013-43-sub-20333-ses-1/ds/inputs/data/qsiprep/qsiprep/sub-20333/ses-1/dwi/sub-20333_ses-1_space-ACPC_desc-preproc_dwi.nii.gz	0.001157854110382	0.3205087781270858	0.1687711057489804	0.3020028310710711	0.3208803107137865	0.3021789666632385	0.1685155388300529	0.3736139792099742	0.3736660070717025	sub-20333	ses-1				space-ACPC			DSIStudio	autotrackgqi
ProjectionBasalGanglia_CorticostriatalTractL	li	TORTOISE_model-MAPMRI	/scratch/executivefunction/SLURM_13244013_43/job-13244013-43-sub-20333-ses-1/ds/inputs/data/qsiprep/qsiprep/sub-20333/ses-1/dwi/sub-20333_ses-1_space-ACPC_desc-preproc_dwi.nii.gz	0.001157854110382	0.1902723312377929	0.1274851411581039	0.1646748632192611	0.1904928982257843	0.1649563908576965	0.1273941993713379	0.2299787402153015	0.2300107777118683	sub-20333	ses-1				space-ACPC			DSIStudio	autotrackgqi
ProjectionBasalGanglia_CorticostriatalTractL	ng	TORTOISE_model-MAPMRI	/scratch/executivefunction/SLURM_13244013_43/job-13244013-43-sub-20333-ses-1/ds/inputs/data/qsiprep/qsiprep/sub-20333/ses-1/dwi/sub-20333_ses-1_space-ACPC_desc-preproc_dwi.nii.gz	0.001157854110382	0.2810806334018707	0.0859778001904487	0.2910721004009247	0.281406432390213	0.2913293540477752	0.0854930430650711	0.3054116070270538	0.3054541349411011	sub-20333	ses-1				space-ACPC			DSIStudio	autotrackgqi
ProjectionBasalGanglia_CorticostriatalTractL	ngpar	TORTOISE_model-MAPMRI	/scratch/executivefunction/SLURM_13244013_43/job-13244013-43-sub-20333-ses-1/ds/inputs/data/qsiprep/qsiprep/sub-20333/ses-1/dwi/sub-20333_ses-1_space-ACPC_desc-preproc_dwi.nii.gz	0.001157854110382	0.1378535032272339	0.042856253683567	0.1324825584888458	0.1380133032798767	0.1325206756591797	0.0426231510937213	0.1401162445545196	0.1401357650756836	sub-20333	ses-1				space-ACPC			DSIStudio	autotrackgqi
ProjectionBasalGanglia_CorticostriatalTractL	ngperp	TORTOISE_model-MAPMRI	/scratch/executivefunction/SLURM_13244013_43/job-13244013-43-sub-20333-ses-1/ds/inputs/data/qsiprep/qsiprep/sub-20333/ses-1/dwi/sub-20333_ses-1_space-ACPC_desc-preproc_dwi.nii.gz	0.001157854110382	0.2390375435352325	0.0743131935596466	0.2464193254709243	0.2393146455287933	0.2466214299201965	0.0739089995622634	0.2602126896381378	0.2602488994598388	sub-20333	ses-1				space-ACPC			DSIStudio	autotrackgqi
ProjectionBasalGanglia_CorticostriatalTractL	pa	TORTOISE_model-MAPMRI	/scratch/executivefunction/SLURM_13244013_43/job-13244013-43-sub-20333-ses-1/ds/inputs/data/qsiprep/qsiprep/sub-20333/ses-1/dwi/sub-20333_ses-1_space-ACPC_desc-preproc_dwi.nii.gz	0.001157854110382	0.6164256930351257	0.2494636476039886	0.6650288105010986	0.6171402335166931	0.6655167937278748	0.2487232685089111	0.7090168595314026	0.7091156840324402	sub-20333	ses-1				space-ACPC			DSIStudio	autotrackgqi
ProjectionBasalGanglia_CorticostriatalTractL	path	TORTOISE_model-MAPMRI	/scratch/executivefunction/SLURM_13244013_43/job-13244013-43-sub-20333-ses-1/ds/inputs/data/qsiprep/qsiprep/sub-20333/ses-1/dwi/sub-20333_ses-1_space-ACPC_desc-preproc_dwi.nii.gz	0.001157854110382	0.2419342547655105	0.1098550632596015	0.2314437627792358	0.2422147095203399	0.2316310703754425	0.1096092835068702	0.2765398621559143	0.2765783667564392	sub-20333	ses-1				space-ACPC			DSIStudio	autotrackgqi
ProjectionBasalGanglia_CorticostriatalTractL	rd	TORTOISE_model-MAPMRI	/scratch/executivefunction/SLURM_13244013_43/job-13244013-43-sub-20333-ses-1/ds/inputs/data/qsiprep/qsiprep/sub-20333/ses-1/dwi/sub-20333_ses-1_space-ACPC_desc-preproc_dwi.nii.gz	0.001157854110382	691.3434504821084	250.8065244445023	644.1094724340185	692.1448532454184	644.2728534019782	249.84423925357552	615.2811465862152	615.3668277955132	sub-20333	ses-1				space-ACPC			DSIStudio	autotrackgqi
ProjectionBasalGanglia_CorticostriatalTractL	rtap	TORTOISE_model-MAPMRI	/scratch/executivefunction/SLURM_13244013_43/job-13244013-43-sub-20333-ses-1/ds/inputs/data/qsiprep/qsiprep/sub-20333/ses-1/dwi/sub-20333_ses-1_space-ACPC_desc-preproc_dwi.nii.gz	0.0015438054805094	0.0113030141219496	0.0044051366858184	0.0104894433170557	0.0113204903900623	0.010498059913516	0.0043860445730388	0.0126401307061314	0.0126443514600396	sub-20333	ses-1				space-ACPC			DSIStudio	autotrackgqi
ProjectionBasalGanglia_CorticostriatalTractL	rtop	TORTOISE_model-MAPMRI	/scratch/executivefunction/SLURM_13244013_43/job-13244013-43-sub-20333-ses-1/ds/inputs/data/qsiprep/qsiprep/sub-20333/ses-1/dwi/sub-20333_ses-1_space-ACPC_desc-preproc_dwi.nii.gz	0.0015438054805094	0.0002291964628966	7.957140769576654e-05	0.0002225691569037	0.0002295508456882	0.0002226289216196	7.912048022262752e-05	0.0002566331240814	0.0002567188348621	sub-20333	ses-1				space-ACPC			DSIStudio	autotrackgqi
ProjectionBasalGanglia_CorticostriatalTractL	rtpp	TORTOISE_model-MAPMRI	/scratch/executivefunction/SLURM_13244013_43/job-13244013-43-sub-20333-ses-1/ds/inputs/data/qsiprep/qsiprep/sub-20333/ses-1/dwi/sub-20333_ses-1_space-ACPC_desc-preproc_dwi.nii.gz	0.001157854110382	0.0456886887550354	0.0051613333635032	0.0462526455521583	0.0457416512072086	0.0462599508464336	0.0049241920933127	0.0460414923727512	0.0460479035973548	sub-20333	ses-1				space-ACPC			DSIStudio	autotrackgqi
ProjectionBasalGanglia_FornixR	ad	TORTOISE_model-MAPMRI	/scratch/executivefunction/SLURM_13244013_43/job-13244013-43-sub-20333-ses-1/ds/inputs/data/qsiprep/qsiprep/sub-20333/ses-1/dwi/sub-20333_ses-1_space-ACPC_desc-preproc_dwi.nii.gz	0.0	1605.4648119147296	675.766656414194	1395.3153487039594	1605.4648119147296	1395.3153487039594	675.766656414194	1922.5490926428013	1922.5492595499488	sub-20333	ses-1				space-ACPC			DSIStudio	autotrackgqi
ProjectionBasalGanglia_FornixR	am	TORTOISE_model-MAPMRI	/scratch/executivefunction/SLURM_13244013_43/job-13244013-43-sub-20333-ses-1/ds/inputs/data/qsiprep/qsiprep/sub-20333/ses-1/dwi/sub-20333_ses-1_space-ACPC_desc-preproc_dwi.nii.gz	0.0	669.4356079101562	230.32521057128903	612.1599731445312	669.4356079101562	612.1599731445312	230.32521057128903	674.408935546875	674.4089965820312	sub-20333	ses-1				space-ACPC			DSIStudio	autotrackgqi
ProjectionBasalGanglia_FornixR	fa	TORTOISE_model-MAPMRI	/scratch/executivefunction/SLURM_13244013_43/job-13244013-43-sub-20333-ses-1/ds/inputs/data/qsiprep/qsiprep/sub-20333/ses-1/dwi/sub-20333_ses-1_space-ACPC_desc-preproc_dwi.nii.gz	0.0	0.2947665879157233	0.1629005294117174	0.2610038969302137	0.2947665879157233	0.2610038969302137	0.1629005294117174	0.3253481131856615	0.3253481413598852	sub-20333	ses-1				space-ACPC			DSIStudio	autotrackgqi
ProjectionBasalGanglia_FornixR	li	TORTOISE_model-MAPMRI	/scratch/executivefunction/SLURM_13244013_43/job-13244013-43-sub-20333-ses-1/ds/inputs/data/qsiprep/qsiprep/sub-20333/ses-1/dwi/sub-20333_ses-1_space-ACPC_desc-preproc_dwi.nii.gz	0.0	0.1763863265514373	0.124925211071968	0.1485035717487335	0.1763863265514373	0.1485035717487335	0.124925211071968	0.1990853399038314	0.1990853399038314	sub-20333	ses-1				space-ACPC			DSIStudio	autotrackgqi
ProjectionBasalGanglia_FornixR	ng	TORTOISE_model-MAPMRI	/scratch/executivefunction/SLURM_13244013_43/job-13244013-43-sub-20333-ses-1/ds/inputs/data/qsiprep/qsiprep/sub-20333/ses-1/dwi/sub-20333_ses-1_space-ACPC_desc-preproc_dwi.nii.gz	0.0	0.2970978915691376	0.1070649921894073	0.2855790853500366	0.2970978915691376	0.2855790853500366	0.1070649921894073	0.3450543880462646	0.345054417848587	sub-20333	ses-1				space-ACPC			DSIStudio	autotrackgqi
ProjectionBasalGanglia_FornixR	ngpar	TORTOISE_model-MAPMRI	/scratch/executivefunction/SLURM_13244013_43/job-13244013-43-sub-20333-ses-1/ds/inputs/data/qsiprep/qsiprep/sub-20333/ses-1/dwi/sub-20333_ses-1_space-ACPC_desc-preproc_dwi.nii.gz	0.0	0.1419517248868942	0.0486846789717674	0.1328663527965545	0.1419517248868942	0.1328663527965545	0.0486846789717674	0.1465465873479843	0.1465466022491455	sub-20333	ses-1				space-ACPC			DSIStudio	autotrackgqi
ProjectionBasalGanglia_FornixR	ngperp	TORTOISE_model-MAPMRI	/scratch/executivefunction/SLURM_13244013_43/job-13244013-43-sub-20333-ses-1/ds/inputs/data/qsiprep/qsiprep/sub-20333/ses-1/dwi/sub-20333_ses-1_space-ACPC_desc-preproc_dwi.nii.gz	0.0	0.2550055086612701	0.0925141051411628	0.2469691336154937	0.2550055086612701	0.2469691336154937	0.0925141051411628	0.2998213469982147	0.2998213768005371	sub-20333	ses-1				space-ACPC			DSIStudio	autotrackgqi
ProjectionBasalGanglia_FornixR	pa	TORTOISE_model-MAPMRI	/scratch/executivefunction/SLURM_13244013_43/job-13244013-43-sub-20333-ses-1/ds/inputs/data/qsiprep/qsiprep/sub-20333/ses-1/dwi/sub-20333_ses-1_space-ACPC_desc-preproc_dwi.nii.gz	0.0	0.6187832355499268	0.2153256088495254	0.6328426003456116	0.6187832355499268	0.6328426003456116	0.2153256088495254	0.6993334889411926	0.6993334889411926	sub-20333	ses-1				space-ACPC			DSIStudio	autotrackgqi
ProjectionBasalGanglia_FornixR	path	TORTOISE_model-MAPMRI	/scratch/executivefunction/SLURM_13244013_43/job-13244013-43-sub-20333-ses-1/ds/inputs/data/qsiprep/qsiprep/sub-20333/ses-1/dwi/sub-20333_ses-1_space-ACPC_desc-preproc_dwi.nii.gz	0.0	0.2386633604764938	0.1034014821052551	0.2195229828357696	0.2386633604764938	0.2195229828357696	0.1034014821052551	0.2784700989723205	0.2784700989723205	sub-20333	ses-1				space-ACPC			DSIStudio	autotrackgqi
ProjectionBasalGanglia_FornixR	rd	TORTOISE_model-MAPMRI	/scratch/executivefunction/SLURM_13244013_43/job-13244013-43-sub-20333-ses-1/ds/inputs/data/qsiprep/qsiprep/sub-20333/ses-1/dwi/sub-20333_ses-1_space-ACPC_desc-preproc_dwi.nii.gz	0.0	1034.694608608701	551.5224925205899	829.2560025251627	1034.694608608701	829.2560025251627	551.5224925205899	1167.105451983751	1167.1055530959875	sub-20333	ses-1				space-ACPC			DSIStudio	autotrackgqi
ProjectionBasalGanglia_FornixR	rtap	TORTOISE_model-MAPMRI	/scratch/executivefunction/SLURM_13244013_43/job-13244013-43-sub-20333-ses-1/ds/inputs/data/qsiprep/qsiprep/sub-20333/ses-1/dwi/sub-20333_ses-1_space-ACPC_desc-preproc_dwi.nii.gz	0.0	0.0082641169428825	0.0050010737031698	0.0076878685504198	0.0082641169428825	0.0076878685504198	0.0050010737031698	0.0079873343929648	0.0079873343929648	sub-20333	ses-1				space-ACPC			DSIStudio	autotrackgqi
ProjectionBasalGanglia_FornixR	rtop	TORTOISE_model-MAPMRI	/scratch/executivefunction/SLURM_13244013_43/job-13244013-43-sub-20333-ses-1/ds/inputs/data/qsiprep/qsiprep/sub-20333/ses-1/dwi/sub-20333_ses-1_space-ACPC_desc-preproc_dwi.nii.gz	0.0	0.0001508738205302	8.895210339687765e-05	0.0001516937481937	0.0001508738205302	0.0001516937481937	8.895210339687765e-05	0.0001321773888776	0.0001321774034295	sub-20333	ses-1				space-ACPC			DSIStudio	autotrackgqi
ProjectionBasalGanglia_FornixR	rtpp	TORTOISE_model-MAPMRI	/scratch/executivefunction/SLURM_13244013_43/job-13244013-43-sub-20333-ses-1/ds/inputs/data/qsiprep/qsiprep/sub-20333/ses-1/dwi/sub-20333_ses-1_space-ACPC_desc-preproc_dwi.nii.gz	0.0	0.0385587997734546	0.0084872432053089	0.0394863709807395	0.0385587997734546	0.0394863709807395	0.0084872432053089	0.0346949622035026	0.0346949696540832	sub-20333	ses-1				space-ACPC			DSIStudio	autotrackgqi
ProjectionBasalGanglia_AnsaSubthalamicaR	ad	TORTOISE_model-MAPMRI	/scratch/executivefunction/SLURM_13244013_43/job-13244013-43-sub-20333-ses-1/ds/inputs/data/qsiprep/qsiprep/sub-20333/ses-1/dwi/sub-20333_ses-1_space-ACPC_desc-preproc_dwi.nii.gz	0.0	1295.941815084543	635.1543407858857	1078.5615235036328	1295.941815084543	1078.5615235036328	635.1543407858857	1244.8350219575211	1244.8350219575211	sub-20333	ses-1				space-ACPC			DSIStudio	autotrackgqi
ProjectionBasalGanglia_AnsaSubthalamicaR	am	TORTOISE_model-MAPMRI	/scratch/executivefunction/SLURM_13244013_43/job-13244013-43-sub-20333-ses-1/ds/inputs/data/qsiprep/qsiprep/sub-20333/ses-1/dwi/sub-20333_ses-1_space-ACPC_desc-preproc_dwi.nii.gz	0.0	580.533935546875	224.9651336669922	528.9412231445312	580.533935546875	528.9412231445312	224.9651336669922	570.628662109375	570.628662109375	sub-20333	ses-1				space-ACPC			DSIStudio	autotrackgqi
ProjectionBasalGanglia_AnsaSubthalamicaR	fa	TORTOISE_model-MAPMRI	/scratch/executivefunction/SLURM_13244013_43/job-13244013-43-sub-20333-ses-1/ds/inputs/data/qsiprep/qsiprep/sub-20333/ses-1/dwi/sub-20333_ses-1_space-ACPC_desc-preproc_dwi.nii.gz	0.0	0.3098332196504177	0.1298346482922648	0.2874948804666712	0.3098332196504177	0.2874948804666712	0.1298346482922648	0.3307590934424969	0.3307590934424969	sub-20333	ses-1				space-ACPC			DSIStudio	autotrackgqi
ProjectionBasalGanglia_AnsaSubthalamicaR	li	TORTOISE_model-MAPMRI	/scratch/executivefunction/SLURM_13244013_43/job-13244013-43-sub-20333-ses-1/ds/inputs/data/qsiprep/qsiprep/sub-20333/ses-1/dwi/sub-20333_ses-1_space-ACPC_desc-preproc_dwi.nii.gz	0.0	0.1710593700408935	0.0881077349185943	0.1568253338336944	0.1710593700408935	0.1568253338336944	0.0881077349185943	0.1852550506591797	0.1852550506591797	sub-20333	ses-1				space-ACPC			DSIStudio	autotrackgqi
ProjectionBasalGanglia_AnsaSubthalamicaR	ng	TORTOISE_model-MAPMRI	/scratch/executivefunction/SLURM_13244013_43/job-13244013-43-sub-20333-ses-1/ds/inputs/data/qsiprep/qsiprep/sub-20333/ses-1/dwi/sub-20333_ses-1_space-ACPC_desc-preproc_dwi.nii.gz	0.0	0.2851644456386566	0.099382035434246	0.273575872182846	0.2851644456386566	0.273575872182846	0.099382035434246	0.2703014612197876	0.2703014612197876	sub-20333	ses-1				space-ACPC			DSIStudio	autotrackgqi
ProjectionBasalGanglia_AnsaSubthalamicaR	ngpar	TORTOISE_model-MAPMRI	/scratch/executivefunction/SLURM_13244013_43/job-13244013-43-sub-20333-ses-1/ds/inputs/data/qsiprep/qsiprep/sub-20333/ses-1/dwi/sub-20333_ses-1_space-ACPC_desc-preproc_dwi.nii.gz	0.0	0.1572455167770385	0.046077337116003	0.1533428281545639	0.1572455167770385	0.1533428281545639	0.046077337116003	0.1483677327632904	0.1483677327632904	sub-20333	ses-1				space-ACPC			DSIStudio	autotrackgqi
ProjectionBasalGanglia_AnsaSubthalamicaR	ngperp	TORTOISE_model-MAPMRI	/scratch/executivefunction/SLURM_13244013_43/job-13244013-43-sub-20333-ses-1/ds/inputs/data/qsiprep/qsiprep/sub-20333/ses-1/dwi/sub-20333_ses-1_space-ACPC_desc-preproc_dwi.nii.gz	0.0	0.2317311465740203	0.0806834176182746	0.2247089445590973	0.2317311465740203	0.2247089445590973	0.0806834176182746	0.2219342589378357	0.2219342589378357	sub-20333	ses-1				space-ACPC			DSIStudio	autotrackgqi
ProjectionBasalGanglia_AnsaSubthalamicaR	pa	TORTOISE_model-MAPMRI	/scratch/executivefunction/SLURM_13244013_43/job-13244013-43-sub-20333-ses-1/ds/inputs/data/qsiprep/qsiprep/sub-20333/ses-1/dwi/sub-20333_ses-1_space-ACPC_desc-preproc_dwi.nii.gz	0.0	0.6116059422492981	0.1879398673772812	0.6209964752197266	0.6116059422492981	0.6209964752197266	0.1879398673772812	0.6137403249740601	0.6137403249740601	sub-20333	ses-1				space-ACPC			DSIStudio	autotrackgqi
ProjectionBasalGanglia_AnsaSubthalamicaR	path	TORTOISE_model-MAPMRI	/scratch/executivefunction/SLURM_13244013_43/job-13244013-43-sub-20333-ses-1/ds/inputs/data/qsiprep/qsiprep/sub-20333/ses-1/dwi/sub-20333_ses-1_space-ACPC_desc-preproc_dwi.nii.gz	0.0	0.2263984233140945	0.0782861858606338	0.2153301835060119	0.2263984233140945	0.2153301835060119	0.0782861858606338	0.2271183133125305	0.2271183133125305	sub-20333	ses-1				space-ACPC			DSIStudio	autotrackgqi
ProjectionBasalGanglia_AnsaSubthalamicaR	rd	TORTOISE_model-MAPMRI	/scratch/executivefunction/SLURM_13244013_43/job-13244013-43-sub-20333-ses-1/ds/inputs/data/qsiprep/qsiprep/sub-20333/ses-1/dwi/sub-20333_ses-1_space-ACPC_desc-preproc_dwi.nii.gz	0.0	833.2891189839186	528.4882157790373	656.8583880854096	833.2891189839186	656.8583880854096	528.4882157790373	749.2728176364135	749.2728176364135	sub-20333	ses-1				space-ACPC			DSIStudio	autotrackgqi
ProjectionBasalGanglia_AnsaSubthalamicaR	rtap	TORTOISE_model-MAPMRI	/scratch/executivefunction/SLURM_13244013_43/job-13244013-43-sub-20333-ses-1/ds/inputs/data/qsiprep/qsiprep/sub-20333/ses-1/dwi/sub-20333_ses-1_space-ACPC_desc-preproc_dwi.nii.gz	0.0	0.0096383579075336	0.0038511634338647	0.009569632820785	0.0096383579075336	0.009569632820785	0.0038511634338647	0.0097659910097718	0.0097659910097718	sub-20333	ses-1				space-ACPC			DSIStudio	autotrackgqi
ProjectionBasalGanglia_AnsaSubthalamicaR	rtop	TORTOISE_model-MAPMRI	/scratch/executivefunction/SLURM_13244013_43/job-13244013-43-sub-20333-ses-1/ds/inputs/data/qsiprep/qsiprep/sub-20333/ses-1/dwi/sub-20333_ses-1_space-ACPC_desc-preproc_dwi.nii.gz	0.0	0.0002005658316193	8.462322148261592e-05	0.0002041229308815	0.0002005658316193	0.0002041229308815	8.462322148261592e-05	0.0001986429997486	0.0001986429997486	sub-20333	ses-1				space-ACPC			DSIStudio	autotrackgqi
ProjectionBasalGanglia_AnsaSubthalamicaR	rtpp	TORTOISE_model-MAPMRI	/scratch/executivefunction/SLURM_13244013_43/job-13244013-43-sub-20333-ses-1/ds/inputs/data/qsiprep/qsiprep/sub-20333/ses-1/dwi/sub-20333_ses-1_space-ACPC_desc-preproc_dwi.nii.gz	0.0	0.0439124479889869	0.0084038795903325	0.0461567677557468	0.0439124479889869	0.0461567677557468	0.0084038795903325	0.0439804308116436	0.0439804308116436	sub-20333	ses-1				space-ACPC			DSIStudio	autotrackgqi
ProjectionBrainstem_CorticopontineTractL	ad	TORTOISE_model-MAPMRI	/scratch/executivefunction/SLURM_13244013_43/job-13244013-43-sub-20333-ses-1/ds/inputs/data/qsiprep/qsiprep/sub-20333/ses-1/dwi/sub-20333_ses-1_space-ACPC_desc-preproc_dwi.nii.gz	0.0009965573473455	1178.8770035735529	316.97058020403955	1115.0388388598446	1180.0529940550357	1115.29712181046	314.9330753822782	1263.840491659841	1264.1361582751524	sub-20333	ses-1				space-ACPC			DSIStudio	autotrackgqi
ProjectionBrainstem_CorticopontineTractL	am	TORTOISE_model-MAPMRI	/scratch/executivefunction/SLURM_13244013_43/job-13244013-43-sub-20333-ses-1/ds/inputs/data/qsiprep/qsiprep/sub-20333/ses-1/dwi/sub-20333_ses-1_space-ACPC_desc-preproc_dwi.nii.gz	0.0009965573473455	505.5580749511719	136.39830017089844	465.33013916015625	506.0623779296875	465.4117431640625	135.5279998779297	484.9981689453125	485.1116333007813	sub-20333	ses-1				space-ACPC			DSIStudio	autotrackgqi
ProjectionBrainstem_CorticopontineTractL	fa	TORTOISE_model-MAPMRI	/scratch/executivefunction/SLURM_13244013_43/job-13244013-43-sub-20333-ses-1/ds/inputs/data/qsiprep/qsiprep/sub-20333/ses-1/dwi/sub-20333_ses-1_space-ACPC_desc-preproc_dwi.nii.gz	0.0009965573473455	0.3867770096669949	0.1926372177501269	0.3816411340197076	0.3871628396394568	0.3819496851288859	0.192345358325789	0.4619824855528714	0.4620905631933564	sub-20333	ses-1				space-ACPC			DSIStudio	autotrackgqi
ProjectionBrainstem_CorticopontineTractL	li	TORTOISE_model-MAPMRI	/scratch/executivefunction/SLURM_13244013_43/job-13244013-43-sub-20333-ses-1/ds/inputs/data/qsiprep/qsiprep/sub-20333/ses-1/dwi/sub-20333_ses-1_space-ACPC_desc-preproc_dwi.nii.gz	0.0009965573473455	0.2430092394351959	0.1566559672355651	0.2233427464962005	0.2432516515254974	0.2235243916511535	0.1565458476543426	0.3029961884021759	0.3030670881271362	sub-20333	ses-1				space-ACPC			DSIStudio	autotrackgqi
ProjectionBrainstem_CorticopontineTractL	ng	TORTOISE_model-MAPMRI	/scratch/executivefunction/SLURM_13244013_43/job-13244013-43-sub-20333-ses-1/ds/inputs/data/qsiprep/qsiprep/sub-20333/ses-1/dwi/sub-20333_ses-1_space-ACPC_desc-preproc_dwi.nii.gz	0.0009965573473455	0.3187847435474396	0.0785226449370384	0.3478253483772278	0.3191027641296386	0.34788978099823	0.0779132843017578	0.3549409508705139	0.355023980140686	sub-20333	ses-1				space-ACPC			DSIStudio	autotrackgqi
ProjectionBrainstem_CorticopontineTractL	ngpar	TORTOISE_model-MAPMRI	/scratch/executivefunction/SLURM_13244013_43/job-13244013-43-sub-20333-ses-1/ds/inputs/data/qsiprep/qsiprep/sub-20333/ses-1/dwi/sub-20333_ses-1_space-ACPC_desc-preproc_dwi.nii.gz	0.0009965573473455	0.1417941153049469	0.0369581468403339	0.1388311088085174	0.1419355571269989	0.1388826221227646	0.03670409694314	0.1506043672561645	0.150639608502388	sub-20333	ses-1				space-ACPC			DSIStudio	autotrackgqi
ProjectionBrainstem_CorticopontineTractL	ngperp	TORTOISE_model-MAPMRI	/scratch/executivefunction/SLURM_13244013_43/job-13244013-43-sub-20333-ses-1/ds/inputs/data/qsiprep/qsiprep/sub-20333/ses-1/dwi/sub-20333_ses-1_space-ACPC_desc-preproc_dwi.nii.gz	0.0009965573473455	0.2738544344902038	0.0678277313709259	0.2927194833755493	0.2741276025772095	0.2927924394607544	0.067307524383068	0.3032748401165008	0.3033457994461059	sub-20333	ses-1				space-ACPC			DSIStudio	autotrackgqi
ProjectionBrainstem_CorticopontineTractL	pa	TORTOISE_model-MAPMRI	/scratch/executivefunction/SLURM_13244013_43/job-13244013-43-sub-20333-ses-1/ds/inputs/data/qsiprep/qsiprep/sub-20333/ses-1/dwi/sub-20333_ses-1_space-ACPC_desc-preproc_dwi.nii.gz	0.0009965573473455	0.7183994650840759	0.2336207330226898	0.8050110340118408	0.7191160917282104	0.8051953315734863	0.2326322048902511	0.8180010318756104	0.8181923627853394	sub-20333	ses-1				space-ACPC			DSIStudio	autotrackgqi
ProjectionBrainstem_CorticopontineTractL	path	TORTOISE_model-MAPMRI	/scratch/executivefunction/SLURM_13244013_43/job-13244013-43-sub-20333-ses-1/ds/inputs/data/qsiprep/qsiprep/sub-20333/ses-1/dwi/sub-20333_ses-1_space-ACPC_desc-preproc_dwi.nii.gz	0.0009965573473455	0.2928841710090637	0.1165680736303329	0.2978280782699585	0.2931763231754303	0.2979400157928467	0.1162583976984024	0.3428520560264587	0.342932254076004	sub-20333	ses-1				space-ACPC			DSIStudio	autotrackgqi
ProjectionBrainstem_CorticopontineTractL	rd	TORTOISE_model-MAPMRI	/scratch/executivefunction/SLURM_13244013_43/job-13244013-43-sub-20333-ses-1/ds/inputs/data/qsiprep/qsiprep/sub-20333/ses-1/dwi/sub-20333_ses-1_space-ACPC_desc-preproc_dwi.nii.gz	0.0009965573473455	644.8283468957384	296.16896882386175	592.2754829479453	645.4715963575915	592.4670058653967	295.61522308468966	600.2065993426368	600.3470132934842	sub-20333	ses-1				space-ACPC			DSIStudio	autotrackgqi
ProjectionBrainstem_CorticopontineTractL	rtap	TORTOISE_model-MAPMRI	/scratch/executivefunction/SLURM_13244013_43/job-13244013-43-sub-20333-ses-1/ds/inputs/data/qsiprep/qsiprep/sub-20333/ses-1/dwi/sub-20333_ses-1_space-ACPC_desc-preproc_dwi.nii.gz	0.0010871534698314	0.0135965486988425	0.0057797669433057	0.0129020735621452	0.0136113464832305	0.0129099953919649	0.0057654702104628	0.0156107116490602	0.0156148169189691	sub-20333	ses-1				space-ACPC			DSIStudio	autotrackgqi
ProjectionBrainstem_CorticopontineTractL	rtop	TORTOISE_model-MAPMRI	/scratch/executivefunction/SLURM_13244013_43/job-13244013-43-sub-20333-ses-1/ds/inputs/data/qsiprep/qsiprep/sub-20333/ses-1/dwi/sub-20333_ses-1_space-ACPC_desc-preproc_dwi.nii.gz	0.0010871534698314	0.0002707447565626	0.0001022599099087	0.0002693985588848	0.0002710394037421	0.0002695240837056	0.0001019245028146	0.0003044797049369	0.0003045597986783	sub-20333	ses-1				space-ACPC			DSIStudio	autotrackgqi
ProjectionBrainstem_CorticopontineTractL	rtpp	TORTOISE_model-MAPMRI	/scratch/executivefunction/SLURM_13244013_43/job-13244013-43-sub-20333-ses-1/ds/inputs/data/qsiprep/qsiprep/sub-20333/ses-1/dwi/sub-20333_ses-1_space-ACPC_desc-preproc_dwi.nii.gz	0.0009965573473455	0.0449051111936569	0.0055961902253329	0.0454953908920288	0.0449499040842056	0.0455012619495391	0.00541618373245	0.0436139963567256	0.0436241999268531	sub-20333	ses-1				space-ACPC			DSIStudio	autotrackgqi
ProjectionBrainstem_MedialLemniscusL	ad	TORTOISE_model-MAPMRI	/scratch/executivefunction/SLURM_13244013_43/job-13244013-43-sub-20333-ses-1/ds/inputs/data/qsiprep/qsiprep/sub-20333/ses-1/dwi/sub-20333_ses-1_space-ACPC_desc-preproc_dwi.nii.gz	0.0	1188.6759912436296	334.58132213201674	1125.536436645747	1188.6759912436296	1125.536436645747	334.58132213201674	1291.3544875945977	1291.354600004111	sub-20333	ses-1				space-ACPC			DSIStudio	autotrackgqi
ProjectionBrainstem_MedialLemniscusL	am	TORTOISE_model-MAPMRI	/scratch/executivefunction/SLURM_13244013_43/job-13244013-43-sub-20333-ses-1/ds/inputs/data/qsiprep/qsiprep/sub-20333/ses-1/dwi/sub-20333_ses-1_space-ACPC_desc-preproc_dwi.nii.gz	0.0	506.7571411132813	134.52114868164062	468.4578857421875	506.7571411132813	468.4578857421875	134.52114868164062	472.17877197265625	472.1788330078125	sub-20333	ses-1				space-ACPC			DSIStudio	autotrackgqi
ProjectionBrainstem_MedialLemniscusL	fa	TORTOISE_model-MAPMRI	/scratch/executivefunction/SLURM_13244013_43/job-13244013-43-sub-20333-ses-1/ds/inputs/data/qsiprep/qsiprep/sub-20333/ses-1/dwi/sub-20333_ses-1_space-ACPC_desc-preproc_dwi.nii.gz	0.0	0.4052394766546324	0.1905408295684288	0.4105760370883909	0.4052394766546324	0.4105760370883909	0.1905408295684288	0.4797563529776975	0.4797563945326961	sub-20333	ses-1				space-ACPC			DSIStudio	autotrackgqi
ProjectionBrainstem_MedialLemniscusL	li	TORTOISE_model-MAPMRI	/scratch/executivefunction/SLURM_13244013_43/job-13244013-43-sub-20333-ses-1/ds/inputs/data/qsiprep/qsiprep/sub-20333/ses-1/dwi/sub-20333_ses-1_space-ACPC_desc-preproc_dwi.nii.gz	0.0	0.2629028558731079	0.1601257026195526	0.2521613240242004	0.2629028558731079	0.2521613240242004	0.1601257026195526	0.3305928707122803	0.330592930316925	sub-20333	ses-1				space-ACPC			DSIStudio	autotrackgqi
ProjectionBrainstem_MedialLemniscusL	ng	TORTOISE_model-MAPMRI	/scratch/executivefunction/SLURM_13244013_43/job-13244013-43-sub-20333-ses-1/ds/inputs/data/qsiprep/qsiprep/sub-20333/ses-1/dwi/sub-20333_ses-1_space-ACPC_desc-preproc_dwi.nii.gz	0.0	0.3256427049636841	0.0701644346117973	0.3483234643936157	0.3256427049636841	0.3483234643936157	0.0701644346117973	0.3572223484516144	0.3572223782539367	sub-20333	ses-1				space-ACPC			DSIStudio	autotrackgqi
ProjectionBrainstem_MedialLemniscusL	ngpar	TORTOISE_model-MAPMRI	/scratch/executivefunction/SLURM_13244013_43/job-13244013-43-sub-20333-ses-1/ds/inputs/data/qsiprep/qsiprep/sub-20333/ses-1/dwi/sub-20333_ses-1_space-ACPC_desc-preproc_dwi.nii.gz	0.0	0.1462782174348831	0.0348105877637863	0.1428044885396957	0.1462782174348831	0.1428044885396957	0.0348105877637863	0.154455304145813	0.1544553190469741	sub-20333	ses-1				space-ACPC			DSIStudio	autotrackgqi
ProjectionBrainstem_MedialLemniscusL	ngperp	TORTOISE_model-MAPMRI	/scratch/executivefunction/SLURM_13244013_43/job-13244013-43-sub-20333-ses-1/ds/inputs/data/qsiprep/qsiprep/sub-20333/ses-1/dwi/sub-20333_ses-1_space-ACPC_desc-preproc_dwi.nii.gz	0.0	0.2802383601665497	0.0599014461040496	0.2948885262012481	0.2802383601665497	0.2948885262012481	0.0599014461040496	0.3072837889194488	0.3072838187217712	sub-20333	ses-1				space-ACPC			DSIStudio	autotrackgqi
ProjectionBrainstem_MedialLemniscusL	pa	TORTOISE_model-MAPMRI	/scratch/executivefunction/SLURM_13244013_43/job-13244013-43-sub-20333-ses-1/ds/inputs/data/qsiprep/qsiprep/sub-20333/ses-1/dwi/sub-20333_ses-1_space-ACPC_desc-preproc_dwi.nii.gz	0.0	0.7425001859664917	0.2144964337348938	0.8165588974952698	0.7425001859664917	0.8165588974952698	0.2144964337348938	0.8319039344787598	0.8319039940834045	sub-20333	ses-1				space-ACPC			DSIStudio	autotrackgqi
ProjectionBrainstem_MedialLemniscusL	path	TORTOISE_model-MAPMRI	/scratch/executivefunction/SLURM_13244013_43/job-13244013-43-sub-20333-ses-1/ds/inputs/data/qsiprep/qsiprep/sub-20333/ses-1/dwi/sub-20333_ses-1_space-ACPC_desc-preproc_dwi.nii.gz	0.0	0.3021130561828613	0.1102871522307396	0.3050341010093689	0.3021130561828613	0.3050341010093689	0.1102871522307396	0.3487878441810608	0.3487879037857055	sub-20333	ses-1				space-ACPC			DSIStudio	autotrackgqi
ProjectionBrainstem_MedialLemniscusL	rd	TORTOISE_model-MAPMRI	/scratch/executivefunction/SLURM_13244013_43/job-13244013-43-sub-20333-ses-1/ds/inputs/data/qsiprep/qsiprep/sub-20333/ses-1/dwi/sub-20333_ses-1_space-ACPC_desc-preproc_dwi.nii.gz	0.0	630.1987661580292	310.1315821385475	564.8523244804819	630.1987661580292	564.8523244804819	310.1315821385475	588.2067474977323	588.2067986871441	sub-20333	ses-1				space-ACPC			DSIStudio	autotrackgqi
ProjectionBrainstem_MedialLemniscusL	rtap	TORTOISE_model-MAPMRI	/scratch/executivefunction/SLURM_13244013_43/job-13244013-43-sub-20333-ses-1/ds/inputs/data/qsiprep/qsiprep/sub-20333/ses-1/dwi/sub-20333_ses-1_space-ACPC_desc-preproc_dwi.nii.gz	0.0	0.0140491118654608	0.0055946623906493	0.013655949383974	0.0140491118654608	0.013655949383974	0.0055946623906493	0.0158761516213417	0.0158761516213417	sub-20333	ses-1				space-ACPC			DSIStudio	autotrackgqi
ProjectionBrainstem_MedialLemniscusL	rtop	TORTOISE_model-MAPMRI	/scratch/executivefunction/SLURM_13244013_43/job-13244013-43-sub-20333-ses-1/ds/inputs/data/qsiprep/qsiprep/sub-20333/ses-1/dwi/sub-20333_ses-1_space-ACPC_desc-preproc_dwi.nii.gz	0.0	0.000281040527625	9.966362995328382e-05	0.0002843528636731	0.000281040527625	0.0002843528636731	9.966362995328382e-05	0.0003083861374761	0.00030838616658	sub-20333	ses-1				space-ACPC			DSIStudio	autotrackgqi
ProjectionBrainstem_MedialLemniscusL	rtpp	TORTOISE_model-MAPMRI	/scratch/executivefunction/SLURM_13244013_43/job-13244013-43-sub-20333-ses-1/ds/inputs/data/qsiprep/qsiprep/sub-20333/ses-1/dwi/sub-20333_ses-1_space-ACPC_desc-preproc_dwi.nii.gz	0.0	0.0448066815733909	0.0054259845055639	0.0453879907727241	0.0448066815733909	0.0453879907727241	0.0054259845055639	0.0429828688502311	0.0429828688502311	sub-20333	ses-1				space-ACPC			DSIStudio	autotrackgqi
ProjectionBrainstem_NonDecussatingDentatorubrothalamicTractR	ad	TORTOISE_model-MAPMRI	/scratch/executivefunction/SLURM_13244013_43/job-13244013-43-sub-20333-ses-1/ds/inputs/data/qsiprep/qsiprep/sub-20333/ses-1/dwi/sub-20333_ses-1_space-ACPC_desc-preproc_dwi.nii.gz	0.0	1182.696220227423	375.4436690323924	1110.0456462221678	1182.696220227423	1110.0456462221678	375.4436690323924	1308.044543052521	1308.0446553419874	sub-20333	ses-1				space-ACPC			DSIStudio	autotrackgqi
ProjectionBrainstem_NonDecussatingDentatorubrothalamicTractR	am	TORTOISE_model-MAPMRI	/scratch/executivefunction/SLURM_13244013_43/job-13244013-43-sub-20333-ses-1/ds/inputs/data/qsiprep/qsiprep/sub-20333/ses-1/dwi/sub-20333_ses-1_space-ACPC_desc-preproc_dwi.nii.gz	0.0	495.1321411132813	138.5579071044922	462.9962463378906	495.1321411132813	462.9962463378906	138.5579071044922	501.3387451171875	501.3387451171875	sub-20333	ses-1				space-ACPC			DSIStudio	autotrackgqi
ProjectionBrainstem_NonDecussatingDentatorubrothalamicTractR	fa	TORTOISE_model-MAPMRI	/scratch/executivefunction/SLURM_13244013_43/job-13244013-43-sub-20333-ses-1/ds/inputs/data/qsiprep/qsiprep/sub-20333/ses-1/dwi/sub-20333_ses-1_space-ACPC_desc-preproc_dwi.nii.gz	0.0	0.4089439511216166	0.1858687763525285	0.3963716165598853	0.4089439511216166	0.3963716165598853	0.1858687763525285	0.46861099408993	0.4686110340548347	sub-20333	ses-1				space-ACPC			DSIStudio	autotrackgqi
ProjectionBrainstem_NonDecussatingDentatorubrothalamicTractR	li	TORTOISE_model-MAPMRI	/scratch/executivefunction/SLURM_13244013_43/job-13244013-43-sub-20333-ses-1/ds/inputs/data/qsiprep/qsiprep/sub-20333/ses-1/dwi/sub-20333_ses-1_space-ACPC_desc-preproc_dwi.nii.gz	0.0	0.2649161219596863	0.1585855185985565	0.240085631608963	0.2649161219596863	0.240085631608963	0.1585855185985565	0.3145932555198669	0.3145933151245117	sub-20333	ses-1				space-ACPC			DSIStudio	autotrackgqi
ProjectionBrainstem_NonDecussatingDentatorubrothalamicTractR	ng	TORTOISE_model-MAPMRI	/scratch/executivefunction/SLURM_13244013_43/job-13244013-43-sub-20333-ses-1/ds/inputs/data/qsiprep/qsiprep/sub-20333/ses-1/dwi/sub-20333_ses-1_space-ACPC_desc-preproc_dwi.nii.gz	0.0	0.3278551697731018	0.0659402385354042	0.3465446531772613	0.3278551697731018	0.3465446531772613	0.0659402385354042	0.3480614423751831	0.3480614423751831	sub-20333	ses-1				space-ACPC			DSIStudio	autotrackgqi
ProjectionBrainstem_NonDecussatingDentatorubrothalamicTractR	ngpar	TORTOISE_model-MAPMRI	/scratch/executivefunction/SLURM_13244013_43/job-13244013-43-sub-20333-ses-1/ds/inputs/data/qsiprep/qsiprep/sub-20333/ses-1/dwi/sub-20333_ses-1_space-ACPC_desc-preproc_dwi.nii.gz	0.0	0.1492732018232345	0.0372005999088287	0.1488264799118042	0.1492732018232345	0.1488264799118042	0.0372005999088287	0.1494507938623428	0.149450808763504	sub-20333	ses-1				space-ACPC			DSIStudio	autotrackgqi
ProjectionBrainstem_NonDecussatingDentatorubrothalamicTractR	ngperp	TORTOISE_model-MAPMRI	/scratch/executivefunction/SLURM_13244013_43/job-13244013-43-sub-20333-ses-1/ds/inputs/data/qsiprep/qsiprep/sub-20333/ses-1/dwi/sub-20333_ses-1_space-ACPC_desc-preproc_dwi.nii.gz	0.0	0.2797140479087829	0.0596684366464614	0.2925709784030914	0.2797140479087829	0.2925709784030914	0.0596684366464614	0.2999776601791382	0.2999777197837829	sub-20333	ses-1				space-ACPC			DSIStudio	autotrackgqi
ProjectionBrainstem_NonDecussatingDentatorubrothalamicTractR	pa	TORTOISE_model-MAPMRI	/scratch/executivefunction/SLURM_13244013_43/job-13244013-43-sub-20333-ses-1/ds/inputs/data/qsiprep/qsiprep/sub-20333/ses-1/dwi/sub-20333_ses-1_space-ACPC_desc-preproc_dwi.nii.gz	0.0	0.7453404664993286	0.1990619748830795	0.8059166669845581	0.7453404664993286	0.8059166669845581	0.1990619748830795	0.8190797567367554	0.8190798759460449	sub-20333	ses-1				space-ACPC			DSIStudio	autotrackgqi
ProjectionBrainstem_NonDecussatingDentatorubrothalamicTractR	path	TORTOISE_model-MAPMRI	/scratch/executivefunction/SLURM_13244013_43/job-13244013-43-sub-20333-ses-1/ds/inputs/data/qsiprep/qsiprep/sub-20333/ses-1/dwi/sub-20333_ses-1_space-ACPC_desc-preproc_dwi.nii.gz	0.0	0.3026365637779236	0.1099372208118438	0.2983790934085846	0.3026365637779236	0.2983790934085846	0.1099372208118438	0.338893711566925	0.338893711566925	sub-20333	ses-1				space-ACPC			DSIStudio	autotrackgqi
ProjectionBrainstem_NonDecussatingDentatorubrothalamicTractR	rd	TORTOISE_model-MAPMRI	/scratch/executivefunction/SLURM_13244013_43/job-13244013-43-sub-20333-ses-1/ds/inputs/data/qsiprep/qsiprep/sub-20333/ses-1/dwi/sub-20333_ses-1_space-ACPC_desc-preproc_dwi.nii.gz	0.0	619.3843297885015	315.9250391877449	565.7919999791613	619.3843297885015	565.7919999791613	315.9250391877449	620.2970368759078	620.2970903275374	sub-20333	ses-1				space-ACPC			DSIStudio	autotrackgqi
ProjectionBrainstem_NonDecussatingDentatorubrothalamicTractR	rtap	TORTOISE_model-MAPMRI	/scratch/executivefunction/SLURM_13244013_43/job-13244013-43-sub-20333-ses-1/ds/inputs/data/qsiprep/qsiprep/sub-20333/ses-1/dwi/sub-20333_ses-1_space-ACPC_desc-preproc_dwi.nii.gz	0.0002002002002002	0.0142950871959328	0.0058195483870804	0.013336082920432	0.0142979500815272	0.0133380591869354	0.0058166137896478	0.0152656296268105	0.0152657674625515	sub-20333	ses-1				space-ACPC			DSIStudio	autotrackgqi
ProjectionBrainstem_NonDecussatingDentatorubrothalamicTractR	rtop	TORTOISE_model-MAPMRI	/scratch/executivefunction/SLURM_13244013_43/job-13244013-43-sub-20333-ses-1/ds/inputs/data/qsiprep/qsiprep/sub-20333/ses-1/dwi/sub-20333_ses-1_space-ACPC_desc-preproc_dwi.nii.gz	0.0002002002002002	0.0002891536278184	0.0001023512159008	0.0002885951253119	0.0002892115153372	0.0002885988214984	0.0001022796350298	0.0002999769931193	0.0002999796997755	sub-20333	ses-1				space-ACPC			DSIStudio	autotrackgqi
ProjectionBrainstem_NonDecussatingDentatorubrothalamicTractR	rtpp	TORTOISE_model-MAPMRI	/scratch/executivefunction/SLURM_13244013_43/job-13244013-43-sub-20333-ses-1/ds/inputs/data/qsiprep/qsiprep/sub-20333/ses-1/dwi/sub-20333_ses-1_space-ACPC_desc-preproc_dwi.nii.gz	0.0	0.0452945604920387	0.0062253070063889	0.0458297096192836	0.0452945604920387	0.0458297096192836	0.0062253070063889	0.0431892871856689	0.0431892909109592	sub-20333	ses-1				space-ACPC			DSIStudio	autotrackgqi
ProjectionBrainstem_CorticospinalTractR	ad	TORTOISE_model-MAPMRI	/scratch/executivefunction/SLURM_13244013_43/job-13244013-43-sub-20333-ses-1/ds/inputs/data/qsiprep/qsiprep/sub-20333/ses-1/dwi/sub-20333_ses-1_space-ACPC_desc-preproc_dwi.nii.gz	0.0	1201.5351772686329	325.5089783625878	1142.254454861814	1201.5351772686329	1142.254454861814	325.5089783625878	1292.271849676128	1292.271849676128	sub-20333	ses-1				space-ACPC			DSIStudio	autotrackgqi
ProjectionBrainstem_CorticospinalTractR	am	TORTOISE_model-MAPMRI	/scratch/executivefunction/SLURM_13244013_43/job-13244013-43-sub-20333-ses-1/ds/inputs/data/qsiprep/qsiprep/sub-20333/ses-1/dwi/sub-20333_ses-1_space-ACPC_desc-preproc_dwi.nii.gz	0.0	506.9770202636719	114.86417388916016	477.5763854980469	506.9770202636719	477.5763854980469	114.86417388916016	498.8441162109375	498.8441162109375	sub-20333	ses-1				space-ACPC			DSIStudio	autotrackgqi
ProjectionBrainstem_CorticospinalTractR	fa	TORTOISE_model-MAPMRI	/scratch/executivefunction/SLURM_13244013_43/job-13244013-43-sub-20333-ses-1/ds/inputs/data/qsiprep/qsiprep/sub-20333/ses-1/dwi/sub-20333_ses-1_space-ACPC_desc-preproc_dwi.nii.gz	0.0	0.443589093826259	0.196198606570542	0.4378417696104558	0.443589093826259	0.4378417696104558	0.196198606570542	0.5546990760091499	0.5546990760091499	sub-20333	ses-1				space-ACPC			DSIStudio	autotrackgqi
ProjectionBrainstem_CorticospinalTractR	li	TORTOISE_model-MAPMRI	/scratch/executivefunction/SLURM_13244013_43/job-13244013-43-sub-20333-ses-1/ds/inputs/data/qsiprep/qsiprep/sub-20333/ses-1/dwi/sub-20333_ses-1_space-ACPC_desc-preproc_dwi.nii.gz	0.0	0.2945486307144165	0.1693975329399109	0.2684618830680847	0.2945486307144165	0.2684618830680847	0.1693975329399109	0.3913915157318115	0.3913915157318115	sub-20333	ses-1				space-ACPC			DSIStudio	autotrackgqi
ProjectionBrainstem_CorticospinalTractR	ng	TORTOISE_model-MAPMRI	/scratch/executivefunction/SLURM_13244013_43/job-13244013-43-sub-20333-ses-1/ds/inputs/data/qsiprep/qsiprep/sub-20333/ses-1/dwi/sub-20333_ses-1_space-ACPC_desc-preproc_dwi.nii.gz	0.0	0.3385243415832519	0.0659562945365905	0.3587804436683655	0.3385243415832519	0.3587804436683655	0.0659562945365905	0.3614691197872162	0.3614691197872162	sub-20333	ses-1				space-ACPC			DSIStudio	autotrackgqi
ProjectionBrainstem_CorticospinalTractR	ngpar	TORTOISE_model-MAPMRI	/scratch/executivefunction/SLURM_13244013_43/job-13244013-43-sub-20333-ses-1/ds/inputs/data/qsiprep/qsiprep/sub-20333/ses-1/dwi/sub-20333_ses-1_space-ACPC_desc-preproc_dwi.nii.gz	0.0	0.1464550346136093	0.037383884191513	0.1427227407693863	0.1464550346136093	0.1427227407693863	0.037383884191513	0.1555161029100418	0.1555161029100418	sub-20333	ses-1				space-ACPC			DSIStudio	autotrackgqi
ProjectionBrainstem_CorticospinalTractR	ngperp	TORTOISE_model-MAPMRI	/scratch/executivefunction/SLURM_13244013_43/job-13244013-43-sub-20333-ses-1/ds/inputs/data/qsiprep/qsiprep/sub-20333/ses-1/dwi/sub-20333_ses-1_space-ACPC_desc-preproc_dwi.nii.gz	0.0	0.290000170469284	0.057972677052021	0.3041937351226806	0.290000170469284	0.3041937351226806	0.057972677052021	0.3113957941532135	0.3113957941532135	sub-20333	ses-1				space-ACPC			DSIStudio	autotrackgqi
ProjectionBrainstem_CorticospinalTractR	pa	TORTOISE_model-MAPMRI	/scratch/executivefunction/SLURM_13244013_43/job-13244013-43-sub-20333-ses-1/ds/inputs/data/qsiprep/qsiprep/sub-20333/ses-1/dwi/sub-20333_ses-1_space-ACPC_desc-preproc_dwi.nii.gz	0.0	0.7825552821159363	0.1952494084835052	0.850862979888916	0.7825552821159363	0.850862979888916	0.1952494084835052	0.8755229711532593	0.8755229711532593	sub-20333	ses-1				space-ACPC			DSIStudio	autotrackgqi
ProjectionBrainstem_CorticospinalTractR	path	TORTOISE_model-MAPMRI	/scratch/executivefunction/SLURM_13244013_43/job-13244013-43-sub-20333-ses-1/ds/inputs/data/qsiprep/qsiprep/sub-20333/ses-1/dwi/sub-20333_ses-1_space-ACPC_desc-preproc_dwi.nii.gz	0.0	0.3275051116943359	0.1133529022336006	0.329184353351593	0.3275051116943359	0.329184353351593	0.1133529022336006	0.3912833333015442	0.3912833333015442	sub-20333	ses-1				space-ACPC			DSIStudio	autotrackgqi
ProjectionBrainstem_CorticospinalTractR	rd	TORTOISE_model-MAPMRI	/scratch/executivefunction/SLURM_13244013_43/job-13244013-43-sub-20333-ses-1/ds/inputs/data/qsiprep/qsiprep/sub-20333/ses-1/dwi/sub-20333_ses-1_space-ACPC_desc-preproc_dwi.nii.gz	0.0	581.7665195705591	269.6512575137668	549.367143553588	581.7665195705591	549.367143553588	269.6512575137668	481.65360263090906	481.65360263090906	sub-20333	ses-1				space-ACPC			DSIStudio	autotrackgqi
ProjectionBrainstem_CorticospinalTractR	rtap	TORTOISE_model-MAPMRI	/scratch/executivefunction/SLURM_13244013_43/job-13244013-43-sub-20333-ses-1/ds/inputs/data/qsiprep/qsiprep/sub-20333/ses-1/dwi/sub-20333_ses-1_space-ACPC_desc-preproc_dwi.nii.gz	0.0	0.0155915273353457	0.006581490393728	0.0144309001043438	0.0155915273353457	0.0144309001043438	0.006581490393728	0.0196295883506536	0.0196295883506536	sub-20333	ses-1				space-ACPC			DSIStudio	autotrackgqi
ProjectionBrainstem_CorticospinalTractR	rtop	TORTOISE_model-MAPMRI	/scratch/executivefunction/SLURM_13244013_43/job-13244013-43-sub-20333-ses-1/ds/inputs/data/qsiprep/qsiprep/sub-20333/ses-1/dwi/sub-20333_ses-1_space-ACPC_desc-preproc_dwi.nii.gz	0.0	0.0003074158739764	0.0001091367957997	0.0003091155667789	0.0003074158739764	0.0003091155667789	0.0001091367957997	0.000375439383788	0.000375439383788	sub-20333	ses-1				space-ACPC			DSIStudio	autotrackgqi
ProjectionBrainstem_CorticospinalTractR	rtpp	TORTOISE_model-MAPMRI	/scratch/executivefunction/SLURM_13244013_43/job-13244013-43-sub-20333-ses-1/ds/inputs/data/qsiprep/qsiprep/sub-20333/ses-1/dwi/sub-20333_ses-1_space-ACPC_desc-preproc_dwi.nii.gz	0.0	0.044780571013689	0.0054854853078722	0.0451006256043911	0.044780571013689	0.0451006256043911	0.0054854853078722	0.043140210211277	0.043140210211277	sub-20333	ses-1				space-ACPC			DSIStudio	autotrackgqi
ProjectionBrainstem_CorticospinalTractL	ad	TORTOISE_model-MAPMRI	/scratch/executivefunction/SLURM_13244013_43/job-13244013-43-sub-20333-ses-1/ds/inputs/data/qsiprep/qsiprep/sub-20333/ses-1/dwi/sub-20333_ses-1_space-ACPC_desc-preproc_dwi.nii.gz	0.0	1182.792081029772	353.6390625573897	1098.4444187179226	1182.792081029772	1098.4444187179226	353.6390625573897	1243.9443419223007	1243.9443419223007	sub-20333	ses-1				space-ACPC			DSIStudio	autotrackgqi
ProjectionBrainstem_CorticospinalTractL	am	TORTOISE_model-MAPMRI	/scratch/executivefunction/SLURM_13244013_43/job-13244013-43-sub-20333-ses-1/ds/inputs/data/qsiprep/qsiprep/sub-20333/ses-1/dwi/sub-20333_ses-1_space-ACPC_desc-preproc_dwi.nii.gz	0.0	508.9690551757813	123.8620147705078	474.6990356445313	508.9690551757813	474.6990356445313	123.8620147705078	491.8094482421875	491.8094482421875	sub-20333	ses-1				space-ACPC			DSIStudio	autotrackgqi
ProjectionBrainstem_CorticospinalTractL	fa	TORTOISE_model-MAPMRI	/scratch/executivefunction/SLURM_13244013_43/job-13244013-43-sub-20333-ses-1/ds/inputs/data/qsiprep/qsiprep/sub-20333/ses-1/dwi/sub-20333_ses-1_space-ACPC_desc-preproc_dwi.nii.gz	0.0	0.4035397181798983	0.1993635606000033	0.3954830757326021	0.4035397181798983	0.3954830757326021	0.1993635606000033	0.4806392053465275	0.4806392053465275	sub-20333	ses-1				space-ACPC			DSIStudio	autotrackgqi
ProjectionBrainstem_CorticospinalTractL	li	TORTOISE_model-MAPMRI	/scratch/executivefunction/SLURM_13244013_43/job-13244013-43-sub-20333-ses-1/ds/inputs/data/qsiprep/qsiprep/sub-20333/ses-1/dwi/sub-20333_ses-1_space-ACPC_desc-preproc_dwi.nii.gz	0.0	0.257125586271286	0.1620389968156814	0.2352234274148941	0.257125586271286	0.2352234274148941	0.1620389968156814	0.3131143450736999	0.3131143450736999	sub-20333	ses-1				space-ACPC			DSIStudio	autotrackgqi
ProjectionBrainstem_CorticospinalTractL	ng	TORTOISE_model-MAPMRI	/scratch/executivefunction/SLURM_13244013_43/job-13244013-43-sub-20333-ses-1/ds/inputs/data/qsiprep/qsiprep/sub-20333/ses-1/dwi/sub-20333_ses-1_space-ACPC_desc-preproc_dwi.nii.gz	0.0	0.3338813483715057	0.0747597888112068	0.3576336503028869	0.3338813483715057	0.3576336503028869	0.0747597888112068	0.3603187203407287	0.3603187203407287	sub-20333	ses-1				space-ACPC			DSIStudio	autotrackgqi
ProjectionBrainstem_CorticospinalTractL	ngpar	TORTOISE_model-MAPMRI	/scratch/executivefunction/SLURM_13244013_43/job-13244013-43-sub-20333-ses-1/ds/inputs/data/qsiprep/qsiprep/sub-20333/ses-1/dwi/sub-20333_ses-1_space-ACPC_desc-preproc_dwi.nii.gz	0.0	0.145544484257698	0.0379247814416885	0.1418389678001403	0.145544484257698	0.1418389678001403	0.0379247814416885	0.151013046503067	0.151013046503067	sub-20333	ses-1				space-ACPC			DSIStudio	autotrackgqi
ProjectionBrainstem_CorticospinalTractL	ngperp	TORTOISE_model-MAPMRI	/scratch/executivefunction/SLURM_13244013_43/job-13244013-43-sub-20333-ses-1/ds/inputs/data/qsiprep/qsiprep/sub-20333/ses-1/dwi/sub-20333_ses-1_space-ACPC_desc-preproc_dwi.nii.gz	0.0	0.2855452597141266	0.0645367205142974	0.3013953566551208	0.2855452597141266	0.3013953566551208	0.0645367205142974	0.3074733912944793	0.3074733912944793	sub-20333	ses-1				space-ACPC			DSIStudio	autotrackgqi
ProjectionBrainstem_CorticospinalTractL	pa	TORTOISE_model-MAPMRI	/scratch/executivefunction/SLURM_13244013_43/job-13244013-43-sub-20333-ses-1/ds/inputs/data/qsiprep/qsiprep/sub-20333/ses-1/dwi/sub-20333_ses-1_space-ACPC_desc-preproc_dwi.nii.gz	0.0	0.7452409863471985	0.2183952778577804	0.8214288353919983	0.7452409863471985	0.8214288353919983	0.2183952778577804	0.834118127822876	0.834118127822876	sub-20333	ses-1				space-ACPC			DSIStudio	autotrackgqi
ProjectionBrainstem_CorticospinalTractL	path	TORTOISE_model-MAPMRI	/scratch/executivefunction/SLURM_13244013_43/job-13244013-43-sub-20333-ses-1/ds/inputs/data/qsiprep/qsiprep/sub-20333/ses-1/dwi/sub-20333_ses-1_space-ACPC_desc-preproc_dwi.nii.gz	0.0	0.3072654902935028	0.1162966936826706	0.3081969618797302	0.3072654902935028	0.3081969618797302	0.1162966936826706	0.355687528848648	0.355687528848648	sub-20333	ses-1				space-ACPC			DSIStudio	autotrackgqi
ProjectionBrainstem_CorticospinalTractL	rd	TORTOISE_model-MAPMRI	/scratch/executivefunction/SLURM_13244013_43/job-13244013-43-sub-20333-ses-1/ds/inputs/data/qsiprep/qsiprep/sub-20333/ses-1/dwi/sub-20333_ses-1_space-ACPC_desc-preproc_dwi.nii.gz	0.0	623.4595271274701	306.86870018957325	567.2992700182172	623.4595271274701	567.2992700182172	306.86870018957325	559.8266126899964	559.8266126899964	sub-20333	ses-1				space-ACPC			DSIStudio	autotrackgqi
ProjectionBrainstem_CorticospinalTractL	rtap	TORTOISE_model-MAPMRI	/scratch/executivefunction/SLURM_13244013_43/job-13244013-43-sub-20333-ses-1/ds/inputs/data/qsiprep/qsiprep/sub-20333/ses-1/dwi/sub-20333_ses-1_space-ACPC_desc-preproc_dwi.nii.gz	0.0	0.0145773570984601	0.0062529984861612	0.0137976314872503	0.0145773570984601	0.0137976314872503	0.0062529984861612	0.0167794078588485	0.0167794078588485	sub-20333	ses-1				space-ACPC			DSIStudio	autotrackgqi
ProjectionBrainstem_CorticospinalTractL	rtop	TORTOISE_model-MAPMRI	/scratch/executivefunction/SLURM_13244013_43/job-13244013-43-sub-20333-ses-1/ds/inputs/data/qsiprep/qsiprep/sub-20333/ses-1/dwi/sub-20333_ses-1_space-ACPC_desc-preproc_dwi.nii.gz	0.0	0.0002909915347117	0.0001063056261045	0.000298727536574	0.0002909915347117	0.000298727536574	0.0001063056261045	0.0003260866506025	0.0003260866506025	sub-20333	ses-1				space-ACPC			DSIStudio	autotrackgqi
ProjectionBrainstem_CorticospinalTractL	rtpp	TORTOISE_model-MAPMRI	/scratch/executivefunction/SLURM_13244013_43/job-13244013-43-sub-20333-ses-1/ds/inputs/data/qsiprep/qsiprep/sub-20333/ses-1/dwi/sub-20333_ses-1_space-ACPC_desc-preproc_dwi.nii.gz	0.0	0.0452470332384109	0.0058661927469074	0.0461732372641563	0.0452470332384109	0.0461732372641563	0.0058661927469074	0.0440561100840568	0.0440561100840568	sub-20333	ses-1				space-ACPC			DSIStudio	autotrackgqi
ProjectionBasalGanglia_AnsaSubthalamicaL	ad	TORTOISE_model-MAPMRI	/scratch/executivefunction/SLURM_13244013_43/job-13244013-43-sub-20333-ses-1/ds/inputs/data/qsiprep/qsiprep/sub-20333/ses-1/dwi/sub-20333_ses-1_space-ACPC_desc-preproc_dwi.nii.gz	0.0	1210.6210008792043	560.4533523470861	1047.899023389033	1210.6210008792043	1047.899023389033	560.4533523470861	1202.8053870900062	1202.8053870900062	sub-20333	ses-1				space-ACPC			DSIStudio	autotrackgqi
ProjectionBasalGanglia_AnsaSubthalamicaL	am	TORTOISE_model-MAPMRI	/scratch/executivefunction/SLURM_13244013_43/job-13244013-43-sub-20333-ses-1/ds/inputs/data/qsiprep/qsiprep/sub-20333/ses-1/dwi/sub-20333_ses-1_space-ACPC_desc-preproc_dwi.nii.gz	0.0	507.6236267089844	195.5684967041016	457.2915649414063	507.6236267089844	457.2915649414063	195.5684967041016	485.3269958496094	485.3269958496094	sub-20333	ses-1				space-ACPC			DSIStudio	autotrackgqi
ProjectionBasalGanglia_AnsaSubthalamicaL	fa	TORTOISE_model-MAPMRI	/scratch/executivefunction/SLURM_13244013_43/job-13244013-43-sub-20333-ses-1/ds/inputs/data/qsiprep/qsiprep/sub-20333/ses-1/dwi/sub-20333_ses-1_space-ACPC_desc-preproc_dwi.nii.gz	0.0	0.3460301206068782	0.1333065656863078	0.3386955005291686	0.3460301206068782	0.3386955005291686	0.1333065656863078	0.3979452055454251	0.3979452055454251	sub-20333	ses-1				space-ACPC			DSIStudio	autotrackgqi
ProjectionBasalGanglia_AnsaSubthalamicaL	li	TORTOISE_model-MAPMRI	/scratch/executivefunction/SLURM_13244013_43/job-13244013-43-sub-20333-ses-1/ds/inputs/data/qsiprep/qsiprep/sub-20333/ses-1/dwi/sub-20333_ses-1_space-ACPC_desc-preproc_dwi.nii.gz	0.0	0.1978308707475662	0.0923190414905548	0.1844681352376938	0.1978308707475662	0.1844681352376938	0.0923190414905548	0.234653353691101	0.234653353691101	sub-20333	ses-1				space-ACPC			DSIStudio	autotrackgqi
ProjectionBasalGanglia_AnsaSubthalamicaL	ng	TORTOISE_model-MAPMRI	/scratch/executivefunction/SLURM_13244013_43/job-13244013-43-sub-20333-ses-1/ds/inputs/data/qsiprep/qsiprep/sub-20333/ses-1/dwi/sub-20333_ses-1_space-ACPC_desc-preproc_dwi.nii.gz	0.0	0.3043636381626129	0.0867007747292518	0.3050769567489624	0.3043636381626129	0.3050769567489624	0.0867007747292518	0.299223929643631	0.299223929643631	sub-20333	ses-1				space-ACPC			DSIStudio	autotrackgqi
ProjectionBasalGanglia_AnsaSubthalamicaL	ngpar	TORTOISE_model-MAPMRI	/scratch/executivefunction/SLURM_13244013_43/job-13244013-43-sub-20333-ses-1/ds/inputs/data/qsiprep/qsiprep/sub-20333/ses-1/dwi/sub-20333_ses-1_space-ACPC_desc-preproc_dwi.nii.gz	0.0	0.15946826338768	0.0421752594411373	0.1571021229028701	0.15946826338768	0.1571021229028701	0.0421752594411373	0.1567302644252777	0.1567302644252777	sub-20333	ses-1				space-ACPC			DSIStudio	autotrackgqi
ProjectionBasalGanglia_AnsaSubthalamicaL	ngperp	TORTOISE_model-MAPMRI	/scratch/executivefunction/SLURM_13244013_43/job-13244013-43-sub-20333-ses-1/ds/inputs/data/qsiprep/qsiprep/sub-20333/ses-1/dwi/sub-20333_ses-1_space-ACPC_desc-preproc_dwi.nii.gz	0.0	0.2492584586143493	0.0733977556228637	0.245072141289711	0.2492584586143493	0.245072141289711	0.0733977556228637	0.2456793338060379	0.2456793338060379	sub-20333	ses-1				space-ACPC			DSIStudio	autotrackgqi
ProjectionBasalGanglia_AnsaSubthalamicaL	pa	TORTOISE_model-MAPMRI	/scratch/executivefunction/SLURM_13244013_43/job-13244013-43-sub-20333-ses-1/ds/inputs/data/qsiprep/qsiprep/sub-20333/ses-1/dwi/sub-20333_ses-1_space-ACPC_desc-preproc_dwi.nii.gz	0.0	0.6751107573509216	0.1682455539703369	0.7017062902450562	0.6751107573509216	0.7017062902450562	0.1682455539703369	0.7219772338867188	0.7219772338867188	sub-20333	ses-1				space-ACPC			DSIStudio	autotrackgqi
ProjectionBasalGanglia_AnsaSubthalamicaL	path	TORTOISE_model-MAPMRI	/scratch/executivefunction/SLURM_13244013_43/job-13244013-43-sub-20333-ses-1/ds/inputs/data/qsiprep/qsiprep/sub-20333/ses-1/dwi/sub-20333_ses-1_space-ACPC_desc-preproc_dwi.nii.gz	0.0	0.2508695721626282	0.0751639828085899	0.2461635321378708	0.2508695721626282	0.2461635321378708	0.0751639828085899	0.2700921297073364	0.2700921297073364	sub-20333	ses-1				space-ACPC			DSIStudio	autotrackgqi
ProjectionBasalGanglia_AnsaSubthalamicaL	rd	TORTOISE_model-MAPMRI	/scratch/executivefunction/SLURM_13244013_43/job-13244013-43-sub-20333-ses-1/ds/inputs/data/qsiprep/qsiprep/sub-20333/ses-1/dwi/sub-20333_ses-1_space-ACPC_desc-preproc_dwi.nii.gz	0.0	723.6141901852969	426.4948701778639	621.9060130368123	723.6141901852969	621.9060130368123	426.4948701778639	648.0711392511729	648.0711392511729	sub-20333	ses-1				space-ACPC			DSIStudio	autotrackgqi
ProjectionBasalGanglia_AnsaSubthalamicaL	rtap	TORTOISE_model-MAPMRI	/scratch/executivefunction/SLURM_13244013_43/job-13244013-43-sub-20333-ses-1/ds/inputs/data/qsiprep/qsiprep/sub-20333/ses-1/dwi/sub-20333_ses-1_space-ACPC_desc-preproc_dwi.nii.gz	0.0	0.0111346524208784	0.0037980303168296	0.0108430366963148	0.0111346524208784	0.0108430366963148	0.0037980303168296	0.0120176710188388	0.0120176710188388	sub-20333	ses-1				space-ACPC			DSIStudio	autotrackgqi
ProjectionBasalGanglia_AnsaSubthalamicaL	rtop	TORTOISE_model-MAPMRI	/scratch/executivefunction/SLURM_13244013_43/job-13244013-43-sub-20333-ses-1/ds/inputs/data/qsiprep/qsiprep/sub-20333/ses-1/dwi/sub-20333_ses-1_space-ACPC_desc-preproc_dwi.nii.gz	0.0	0.0002372023445786	8.809652354102582e-05	0.000233002952882	0.0002372023445786	0.000233002952882	8.809652354102582e-05	0.000249918521149	0.000249918521149	sub-20333	ses-1				space-ACPC			DSIStudio	autotrackgqi
ProjectionBasalGanglia_AnsaSubthalamicaL	rtpp	TORTOISE_model-MAPMRI	/scratch/executivefunction/SLURM_13244013_43/job-13244013-43-sub-20333-ses-1/ds/inputs/data/qsiprep/qsiprep/sub-20333/ses-1/dwi/sub-20333_ses-1_space-ACPC_desc-preproc_dwi.nii.gz	0.0	0.0455480702221393	0.0077474024146795	0.0469039641320705	0.0455480702221393	0.0469039641320705	0.0077474024146795	0.0450342968106269	0.0450342968106269	sub-20333	ses-1				space-ACPC			DSIStudio	autotrackgqi
ProjectionBasalGanglia_AcousticRadiationL	ad	TORTOISE_model-MAPMRI	/scratch/executivefunction/SLURM_13244013_43/job-13244013-43-sub-20333-ses-1/ds/inputs/data/qsiprep/qsiprep/sub-20333/ses-1/dwi/sub-20333_ses-1_space-ACPC_desc-preproc_dwi.nii.gz	0.0	1353.8801511711129	532.182323577945	1217.5591475396086	1353.8801511711129	1217.5591475396086	532.182323577945	1351.0623607681614	1351.0623607681614	sub-20333	ses-1				space-ACPC			DSIStudio	autotrackgqi
ProjectionBasalGanglia_AcousticRadiationL	am	TORTOISE_model-MAPMRI	/scratch/executivefunction/SLURM_13244013_43/job-13244013-43-sub-20333-ses-1/ds/inputs/data/qsiprep/qsiprep/sub-20333/ses-1/dwi/sub-20333_ses-1_space-ACPC_desc-preproc_dwi.nii.gz	0.0	511.1363220214844	188.25662231445312	451.625	511.1363220214844	451.625	188.25662231445312	480.2213439941406	480.2213439941406	sub-20333	ses-1				space-ACPC			DSIStudio	autotrackgqi
ProjectionBasalGanglia_AcousticRadiationL	fa	TORTOISE_model-MAPMRI	/scratch/executivefunction/SLURM_13244013_43/job-13244013-43-sub-20333-ses-1/ds/inputs/data/qsiprep/qsiprep/sub-20333/ses-1/dwi/sub-20333_ses-1_space-ACPC_desc-preproc_dwi.nii.gz	0.0	0.3884933241819559	0.1732226614595994	0.3718854368738059	0.3884933241819559	0.3718854368738059	0.1732226614595994	0.4442595634494467	0.4442595634494467	sub-20333	ses-1				space-ACPC			DSIStudio	autotrackgqi
ProjectionBasalGanglia_AcousticRadiationL	li	TORTOISE_model-MAPMRI	/scratch/executivefunction/SLURM_13244013_43/job-13244013-43-sub-20333-ses-1/ds/inputs/data/qsiprep/qsiprep/sub-20333/ses-1/dwi/sub-20333_ses-1_space-ACPC_desc-preproc_dwi.nii.gz	0.0	0.2432895749807357	0.1340034157037735	0.2231329828500747	0.2432895749807357	0.2231329828500747	0.1340034157037735	0.2870559096336365	0.2870559096336365	sub-20333	ses-1				space-ACPC			DSIStudio	autotrackgqi
ProjectionBasalGanglia_AcousticRadiationL	ng	TORTOISE_model-MAPMRI	/scratch/executivefunction/SLURM_13244013_43/job-13244013-43-sub-20333-ses-1/ds/inputs/data/qsiprep/qsiprep/sub-20333/ses-1/dwi/sub-20333_ses-1_space-ACPC_desc-preproc_dwi.nii.gz	0.0	0.3267997205257416	0.0751422941684722	0.3374035358428955	0.3267997205257416	0.3374035358428955	0.0751422941684722	0.3392655253410339	0.3392655253410339	sub-20333	ses-1				space-ACPC			DSIStudio	autotrackgqi
ProjectionBasalGanglia_AcousticRadiationL	ngpar	TORTOISE_model-MAPMRI	/scratch/executivefunction/SLURM_13244013_43/job-13244013-43-sub-20333-ses-1/ds/inputs/data/qsiprep/qsiprep/sub-20333/ses-1/dwi/sub-20333_ses-1_space-ACPC_desc-preproc_dwi.nii.gz	0.0	0.1458505392074585	0.0412794798612594	0.141658067703247	0.1458505392074585	0.141658067703247	0.0412794798612594	0.1448035836219787	0.1448035836219787	sub-20333	ses-1				space-ACPC			DSIStudio	autotrackgqi
ProjectionBasalGanglia_AcousticRadiationL	ngperp	TORTOISE_model-MAPMRI	/scratch/executivefunction/SLURM_13244013_43/job-13244013-43-sub-20333-ses-1/ds/inputs/data/qsiprep/qsiprep/sub-20333/ses-1/dwi/sub-20333_ses-1_space-ACPC_desc-preproc_dwi.nii.gz	0.0	0.2794195115566253	0.0640638172626495	0.2896034717559814	0.2794195115566253	0.2896034717559814	0.0640638172626495	0.2912399768829345	0.2912399768829345	sub-20333	ses-1				space-ACPC			DSIStudio	autotrackgqi
ProjectionBasalGanglia_AcousticRadiationL	pa	TORTOISE_model-MAPMRI	/scratch/executivefunction/SLURM_13244013_43/job-13244013-43-sub-20333-ses-1/ds/inputs/data/qsiprep/qsiprep/sub-20333/ses-1/dwi/sub-20333_ses-1_space-ACPC_desc-preproc_dwi.nii.gz	0.0	0.7513381242752075	0.1790013760328292	0.7955398559570312	0.7513381242752075	0.7955398559570312	0.1790013760328292	0.8055814504623413	0.8055814504623413	sub-20333	ses-1				space-ACPC			DSIStudio	autotrackgqi
ProjectionBasalGanglia_AcousticRadiationL	path	TORTOISE_model-MAPMRI	/scratch/executivefunction/SLURM_13244013_43/job-13244013-43-sub-20333-ses-1/ds/inputs/data/qsiprep/qsiprep/sub-20333/ses-1/dwi/sub-20333_ses-1_space-ACPC_desc-preproc_dwi.nii.gz	0.0	0.2980048060417175	0.0965297892689704	0.2921994030475616	0.2980048060417175	0.2921994030475616	0.0965297892689704	0.3288583159446716	0.3288583159446716	sub-20333	ses-1				space-ACPC			DSIStudio	autotrackgqi
ProjectionBasalGanglia_AcousticRadiationL	rd	TORTOISE_model-MAPMRI	/scratch/executivefunction/SLURM_13244013_43/job-13244013-43-sub-20333-ses-1/ds/inputs/data/qsiprep/qsiprep/sub-20333/ses-1/dwi/sub-20333_ses-1_space-ACPC_desc-preproc_dwi.nii.gz	0.0	769.6538708216303	496.4496509272243	621.7013178009993	769.6538708216303	621.7013178009993	496.4496509272243	687.9561442739557	687.9561442739557	sub-20333	ses-1				space-ACPC			DSIStudio	autotrackgqi
ProjectionBasalGanglia_AcousticRadiationL	rtap	TORTOISE_model-MAPMRI	/scratch/executivefunction/SLURM_13244013_43/job-13244013-43-sub-20333-ses-1/ds/inputs/data/qsiprep/qsiprep/sub-20333/ses-1/dwi/sub-20333_ses-1_space-ACPC_desc-preproc_dwi.nii.gz	0.0	0.0121146077290177	0.0052338298410177	0.0116064324975013	0.0121146077290177	0.0116064324975013	0.0052338298410177	0.013605666346848	0.013605666346848	sub-20333	ses-1				space-ACPC			DSIStudio	autotrackgqi
ProjectionBasalGanglia_AcousticRadiationL	rtop	TORTOISE_model-MAPMRI	/scratch/executivefunction/SLURM_13244013_43/job-13244013-43-sub-20333-ses-1/ds/inputs/data/qsiprep/qsiprep/sub-20333/ses-1/dwi/sub-20333_ses-1_space-ACPC_desc-preproc_dwi.nii.gz	0.0	0.0002361770020797	0.0001002703065751	0.0002365334366913	0.0002361770020797	0.0002365334366913	0.0001002703065751	0.0002606153138913	0.0002606153138913	sub-20333	ses-1				space-ACPC			DSIStudio	autotrackgqi
ProjectionBasalGanglia_AcousticRadiationL	rtpp	TORTOISE_model-MAPMRI	/scratch/executivefunction/SLURM_13244013_43/job-13244013-43-sub-20333-ses-1/ds/inputs/data/qsiprep/qsiprep/sub-20333/ses-1/dwi/sub-20333_ses-1_space-ACPC_desc-preproc_dwi.nii.gz	0.0	0.0422340221703052	0.0072325682267546	0.0432851947844028	0.0422340221703052	0.0432851947844028	0.0072325682267546	0.0419641658663749	0.0419641658663749	sub-20333	ses-1				space-ACPC			DSIStudio	autotrackgqi
ProjectionBrainstem_CorticobulbarTractL	ad	TORTOISE_model-MAPMRI	/scratch/executivefunction/SLURM_13244013_43/job-13244013-43-sub-20333-ses-1/ds/inputs/data/qsiprep/qsiprep/sub-20333/ses-1/dwi/sub-20333_ses-1_space-ACPC_desc-preproc_dwi.nii.gz	0.0029917726252804	1184.943205297381	344.9829747384147	1124.4662434658687	1188.498923842909	1126.8981281513056	339.3293595245703	1188.5641534737365	1188.8518523156215	sub-20333	ses-1				space-ACPC			DSIStudio	autotrackgqi
ProjectionBrainstem_CorticobulbarTractL	am	TORTOISE_model-MAPMRI	/scratch/executivefunction/SLURM_13244013_43/job-13244013-43-sub-20333-ses-1/ds/inputs/data/qsiprep/qsiprep/sub-20333/ses-1/dwi/sub-20333_ses-1_space-ACPC_desc-preproc_dwi.nii.gz	0.0	495.4886474609375	126.86682891845705	467.7980346679688	495.4886474609375	467.7980346679688	126.86682891845705	491.8455200195313	491.8455200195313	sub-20333	ses-1				space-ACPC			DSIStudio	autotrackgqi
ProjectionBrainstem_CorticobulbarTractL	fa	TORTOISE_model-MAPMRI	/scratch/executivefunction/SLURM_13244013_43/job-13244013-43-sub-20333-ses-1/ds/inputs/data/qsiprep/qsiprep/sub-20333/ses-1/dwi/sub-20333_ses-1_space-ACPC_desc-preproc_dwi.nii.gz	0.0029917726252804	0.4337227988358714	0.2179295554891198	0.4414991145907396	0.4350242926058215	0.4419857487567931	0.21695535312922	0.4506126632359398	0.4507217370041018	sub-20333	ses-1				space-ACPC			DSIStudio	autotrackgqi
ProjectionBrainstem_CorticobulbarTractL	li	TORTOISE_model-MAPMRI	/scratch/executivefunction/SLURM_13244013_43/job-13244013-43-sub-20333-ses-1/ds/inputs/data/qsiprep/qsiprep/sub-20333/ses-1/dwi/sub-20333_ses-1_space-ACPC_desc-preproc_dwi.nii.gz	0.0	0.2832733690738678	0.1838096678256988	0.2654364109039306	0.2832733690738678	0.2654364109039306	0.1838096678256988	0.2866844534873962	0.2866844534873962	sub-20333	ses-1				space-ACPC			DSIStudio	autotrackgqi
ProjectionBrainstem_CorticobulbarTractL	ng	TORTOISE_model-MAPMRI	/scratch/executivefunction/SLURM_13244013_43/job-13244013-43-sub-20333-ses-1/ds/inputs/data/qsiprep/qsiprep/sub-20333/ses-1/dwi/sub-20333_ses-1_space-ACPC_desc-preproc_dwi.nii.gz	0.0	0.3388766944408417	0.0844013765454292	0.3602039217948913	0.3388766944408417	0.3602039217948913	0.0844013765454292	0.3604993820190429	0.3604993820190429	sub-20333	ses-1				space-ACPC			DSIStudio	autotrackgqi
ProjectionBrainstem_CorticobulbarTractL	ngpar	TORTOISE_model-MAPMRI	/scratch/executivefunction/SLURM_13244013_43/job-13244013-43-sub-20333-ses-1/ds/inputs/data/qsiprep/qsiprep/sub-20333/ses-1/dwi/sub-20333_ses-1_space-ACPC_desc-preproc_dwi.nii.gz	0.0	0.1513829082250595	0.044765617698431	0.1479294747114181	0.1513829082250595	0.1479294747114181	0.044765617698431	0.1509131789207458	0.1509131789207458	sub-20333	ses-1				space-ACPC			DSIStudio	autotrackgqi
ProjectionBrainstem_CorticobulbarTractL	ngperp	TORTOISE_model-MAPMRI	/scratch/executivefunction/SLURM_13244013_43/job-13244013-43-sub-20333-ses-1/ds/inputs/data/qsiprep/qsiprep/sub-20333/ses-1/dwi/sub-20333_ses-1_space-ACPC_desc-preproc_dwi.nii.gz	0.0	0.28761887550354	0.0713604539632797	0.3056702613830566	0.28761887550354	0.3056702613830566	0.0713604539632797	0.3064981698989868	0.3064981698989868	sub-20333	ses-1				space-ACPC			DSIStudio	autotrackgqi
ProjectionBrainstem_CorticobulbarTractL	pa	TORTOISE_model-MAPMRI	/scratch/executivefunction/SLURM_13244013_43/job-13244013-43-sub-20333-ses-1/ds/inputs/data/qsiprep/qsiprep/sub-20333/ses-1/dwi/sub-20333_ses-1_space-ACPC_desc-preproc_dwi.nii.gz	0.0	0.7603910565376282	0.2308327704668045	0.8624770045280457	0.7603910565376282	0.8624770045280457	0.2308327704668045	0.8138747811317444	0.8138747811317444	sub-20333	ses-1				space-ACPC			DSIStudio	autotrackgqi
ProjectionBrainstem_CorticobulbarTractL	path	TORTOISE_model-MAPMRI	/scratch/executivefunction/SLURM_13244013_43/job-13244013-43-sub-20333-ses-1/ds/inputs/data/qsiprep/qsiprep/sub-20333/ses-1/dwi/sub-20333_ses-1_space-ACPC_desc-preproc_dwi.nii.gz	0.0	0.3239120543003082	0.1282304972410202	0.338535726070404	0.3239120543003082	0.338535726070404	0.1282304972410202	0.3402880430221557	0.3402880430221557	sub-20333	ses-1				space-ACPC			DSIStudio	autotrackgqi
ProjectionBrainstem_CorticobulbarTractL	rd	TORTOISE_model-MAPMRI	/scratch/executivefunction/SLURM_13244013_43/job-13244013-43-sub-20333-ses-1/ds/inputs/data/qsiprep/qsiprep/sub-20333/ses-1/dwi/sub-20333_ses-1_space-ACPC_desc-preproc_dwi.nii.gz	0.0029917726252804	576.4057954862816	247.61794353847347	548.7975586890699	578.1354452851901	549.0914871985519	245.9647617869553	569.1480887682715	569.2858537648659	sub-20333	ses-1				space-ACPC			DSIStudio	autotrackgqi
ProjectionBrainstem_CorticobulbarTractL	rtap	TORTOISE_model-MAPMRI	/scratch/executivefunction/SLURM_13244013_43/job-13244013-43-sub-20333-ses-1/ds/inputs/data/qsiprep/qsiprep/sub-20333/ses-1/dwi/sub-20333_ses-1_space-ACPC_desc-preproc_dwi.nii.gz	0.0029917726252804	0.0158119164407253	0.0072417366318404	0.0147572346031665	0.0158593636006116	0.0147894490510225	0.0072005302645266	0.0158638022840023	0.0158676430583	sub-20333	ses-1				space-ACPC			DSIStudio	autotrackgqi
ProjectionBrainstem_CorticobulbarTractL	rtop	TORTOISE_model-MAPMRI	/scratch/executivefunction/SLURM_13244013_43/job-13244013-43-sub-20333-ses-1/ds/inputs/data/qsiprep/qsiprep/sub-20333/ses-1/dwi/sub-20333_ses-1_space-ACPC_desc-preproc_dwi.nii.gz	0.0029917726252804	0.0003144672955386	0.0001211929338751	0.0003143501235172	0.0003154109290335	0.0003146803064737	0.0001201422783196	0.0003167371614836	0.000316813820973	sub-20333	ses-1				space-ACPC			DSIStudio	autotrackgqi
ProjectionBrainstem_CorticobulbarTractL	rtpp	TORTOISE_model-MAPMRI	/scratch/executivefunction/SLURM_13244013_43/job-13244013-43-sub-20333-ses-1/ds/inputs/data/qsiprep/qsiprep/sub-20333/ses-1/dwi/sub-20333_ses-1_space-ACPC_desc-preproc_dwi.nii.gz	0.0029917726252804	0.0452242828905582	0.0067475130781531	0.0456136725842952	0.0453599914908409	0.0456571020185947	0.0062856897711753	0.0452779456973075	0.0452889055013656	sub-20333	ses-1				space-ACPC			DSIStudio	autotrackgqi
ProjectionBrainstem_MedialForebrainBundleR	ad	TORTOISE_model-MAPMRI	/scratch/executivefunction/SLURM_13244013_43/job-13244013-43-sub-20333-ses-1/ds/inputs/data/qsiprep/qsiprep/sub-20333/ses-1/dwi/sub-20333_ses-1_space-ACPC_desc-preproc_dwi.nii.gz	0.013767209011264	1388.4365319395602	726.4626243107581	1139.0614487954165	1407.818260177295	1143.7788908919404	712.621241213222	1301.6165270442011	1313.2918170654534	sub-20333	ses-1				space-ACPC			DSIStudio	autotrackgqi
ProjectionBrainstem_MedialForebrainBundleR	am	TORTOISE_model-MAPMRI	/scratch/executivefunction/SLURM_13244013_43/job-13244013-43-sub-20333-ses-1/ds/inputs/data/qsiprep/qsiprep/sub-20333/ses-1/dwi/sub-20333_ses-1_space-ACPC_desc-preproc_dwi.nii.gz	0.0	606.3494873046875	272.3634338378906	549.0792236328125	606.3494873046875	549.0792236328125	272.3634338378906	580.29248046875	580.29248046875	sub-20333	ses-1				space-ACPC			DSIStudio	autotrackgqi
ProjectionBrainstem_MedialForebrainBundleR	fa	TORTOISE_model-MAPMRI	/scratch/executivefunction/SLURM_13244013_43/job-13244013-43-sub-20333-ses-1/ds/inputs/data/qsiprep/qsiprep/sub-20333/ses-1/dwi/sub-20333_ses-1_space-ACPC_desc-preproc_dwi.nii.gz	0.013767209011264	0.3571021256844141	0.1556025077580542	0.3479610997629607	0.362087053834831	0.349633034549994	0.1508149502031948	0.4366910107716792	0.4406080587158751	sub-20333	ses-1				space-ACPC			DSIStudio	autotrackgqi
ProjectionBrainstem_MedialForebrainBundleR	li	TORTOISE_model-MAPMRI	/scratch/executivefunction/SLURM_13244013_43/job-13244013-43-sub-20333-ses-1/ds/inputs/data/qsiprep/qsiprep/sub-20333/ses-1/dwi/sub-20333_ses-1_space-ACPC_desc-preproc_dwi.nii.gz	0.0	0.2264264523983001	0.1347416788339615	0.2064971923828125	0.2264264523983001	0.2064971923828125	0.1347416788339615	0.2867840230464935	0.2867840230464935	sub-20333	ses-1				space-ACPC			DSIStudio	autotrackgqi
ProjectionBrainstem_MedialForebrainBundleR	ng	TORTOISE_model-MAPMRI	/scratch/executivefunction/SLURM_13244013_43/job-13244013-43-sub-20333-ses-1/ds/inputs/data/qsiprep/qsiprep/sub-20333/ses-1/dwi/sub-20333_ses-1_space-ACPC_desc-preproc_dwi.nii.gz	0.0	0.3564914166927337	0.0992349535226821	0.3455332219600677	0.3564914166927337	0.3455332219600677	0.0992349535226821	0.3482943177223205	0.3482943177223205	sub-20333	ses-1				space-ACPC			DSIStudio	autotrackgqi
ProjectionBrainstem_MedialForebrainBundleR	ngpar	TORTOISE_model-MAPMRI	/scratch/executivefunction/SLURM_13244013_43/job-13244013-43-sub-20333-ses-1/ds/inputs/data/qsiprep/qsiprep/sub-20333/ses-1/dwi/sub-20333_ses-1_space-ACPC_desc-preproc_dwi.nii.gz	0.0	0.1706319600343704	0.0632491111755371	0.1652145981788635	0.1706319600343704	0.1652145981788635	0.0632491111755371	0.1544444262981414	0.1544444262981414	sub-20333	ses-1				space-ACPC			DSIStudio	autotrackgqi
ProjectionBrainstem_MedialForebrainBundleR	ngperp	TORTOISE_model-MAPMRI	/scratch/executivefunction/SLURM_13244013_43/job-13244013-43-sub-20333-ses-1/ds/inputs/data/qsiprep/qsiprep/sub-20333/ses-1/dwi/sub-20333_ses-1_space-ACPC_desc-preproc_dwi.nii.gz	0.0	0.2894652187824249	0.0746872201561927	0.2825566232204437	0.2894652187824249	0.2825566232204437	0.0746872201561927	0.2916315793991089	0.2916315793991089	sub-20333	ses-1				space-ACPC			DSIStudio	autotrackgqi
ProjectionBrainstem_MedialForebrainBundleR	pa	TORTOISE_model-MAPMRI	/scratch/executivefunction/SLURM_13244013_43/job-13244013-43-sub-20333-ses-1/ds/inputs/data/qsiprep/qsiprep/sub-20333/ses-1/dwi/sub-20333_ses-1_space-ACPC_desc-preproc_dwi.nii.gz	0.0	0.7533869743347168	0.1344610750675201	0.7654377222061157	0.7533869743347168	0.7654377222061157	0.1344610750675201	0.8025974035263062	0.8025974035263062	sub-20333	ses-1				space-ACPC			DSIStudio	autotrackgqi
ProjectionBrainstem_MedialForebrainBundleR	path	TORTOISE_model-MAPMRI	/scratch/executivefunction/SLURM_13244013_43/job-13244013-43-sub-20333-ses-1/ds/inputs/data/qsiprep/qsiprep/sub-20333/ses-1/dwi/sub-20333_ses-1_space-ACPC_desc-preproc_dwi.nii.gz	0.0	0.2927291989326477	0.098210759460926	0.2757323384284973	0.2927291989326477	0.2757323384284973	0.098210759460926	0.3279780447483063	0.3279780447483063	sub-20333	ses-1				space-ACPC			DSIStudio	autotrackgqi
ProjectionBrainstem_MedialForebrainBundleR	rd	TORTOISE_model-MAPMRI	/scratch/executivefunction/SLURM_13244013_43/job-13244013-43-sub-20333-ses-1/ds/inputs/data/qsiprep/qsiprep/sub-20333/ses-1/dwi/sub-20333_ses-1_space-ACPC_desc-preproc_dwi.nii.gz	0.013767209011264	836.4292443009699	626.6364500735912	599.8419917919894	848.1052870513641	602.3148070216347	623.09887354961	658.0941664911318	663.9971649571344	sub-20333	ses-1				space-ACPC			DSIStudio	autotrackgqi
ProjectionBrainstem_MedialForebrainBundleR	rtap	TORTOISE_model-MAPMRI	/scratch/executivefunction/SLURM_13244013_43/job-13244013-43-sub-20333-ses-1/ds/inputs/data/qsiprep/qsiprep/sub-20333/ses-1/dwi/sub-20333_ses-1_space-ACPC_desc-preproc_dwi.nii.gz	0.013767209011264	0.0113504026085138	0.0054144198074936	0.0117926243692636	0.0115088475868105	0.0118391849100589	0.0052822022698819	0.0141500178724527	0.0142769403755664	sub-20333	ses-1				space-ACPC			DSIStudio	autotrackgqi
ProjectionBrainstem_MedialForebrainBundleR	rtop	TORTOISE_model-MAPMRI	/scratch/executivefunction/SLURM_13244013_43/job-13244013-43-sub-20333-ses-1/ds/inputs/data/qsiprep/qsiprep/sub-20333/ses-1/dwi/sub-20333_ses-1_space-ACPC_desc-preproc_dwi.nii.gz	0.013767209011264	0.0002328257396584	0.000113759888336	0.0002562198205851	0.0002360758371651	0.0002579191932454	0.0001111516685341	0.0002776614855974	0.0002801520749926	sub-20333	ses-1				space-ACPC			DSIStudio	autotrackgqi
ProjectionBrainstem_MedialForebrainBundleR	rtpp	TORTOISE_model-MAPMRI	/scratch/executivefunction/SLURM_13244013_43/job-13244013-43-sub-20333-ses-1/ds/inputs/data/qsiprep/qsiprep/sub-20333/ses-1/dwi/sub-20333_ses-1_space-ACPC_desc-preproc_dwi.nii.gz	0.013767209011264	0.0421715229749679	0.0106709878891706	0.0450648516416549	0.0427602082490921	0.0451948046684265	0.0095019517466425	0.042883776128292	0.04326843470335	sub-20333	ses-1				space-ACPC			DSIStudio	autotrackgqi
ProjectionBasalGanglia_ThalamicRadiationR	ad	TORTOISE_model-MAPMRI	/scratch/executivefunction/SLURM_13244013_43/job-13244013-43-sub-20333-ses-1/ds/inputs/data/qsiprep/qsiprep/sub-20333/ses-1/dwi/sub-20333_ses-1_space-ACPC_desc-preproc_dwi.nii.gz	0.0002695175635612	1163.870143814505	307.07608915575497	1111.905055052485	1164.1839118259577	1112.0379450608905	306.5222048491851	1176.8757794454832	1176.884127230985	sub-20333	ses-1				space-ACPC			DSIStudio	autotrackgqi
ProjectionBasalGanglia_ThalamicRadiationR	am	TORTOISE_model-MAPMRI	/scratch/executivefunction/SLURM_13244013_43/job-13244013-43-sub-20333-ses-1/ds/inputs/data/qsiprep/qsiprep/sub-20333/ses-1/dwi/sub-20333_ses-1_space-ACPC_desc-preproc_dwi.nii.gz	0.0002695175635612	513.0679931640625	154.81637573242188	463.1073303222656	513.206298828125	463.119873046875	154.60784912109375	459.8481750488281	459.8514404296875	sub-20333	ses-1				space-ACPC			DSIStudio	autotrackgqi
ProjectionBasalGanglia_ThalamicRadiationR	fa	TORTOISE_model-MAPMRI	/scratch/executivefunction/SLURM_13244013_43/job-13244013-43-sub-20333-ses-1/ds/inputs/data/qsiprep/qsiprep/sub-20333/ses-1/dwi/sub-20333_ses-1_space-ACPC_desc-preproc_dwi.nii.gz	0.0002695175635612	0.3566019143507006	0.1747581241970723	0.3455374706940588	0.3566980507402632	0.345627789330698	0.1746835530434715	0.4216821207620504	0.4216851116883964	sub-20333	ses-1				space-ACPC			DSIStudio	autotrackgqi
ProjectionBasalGanglia_ThalamicRadiationR	li	TORTOISE_model-MAPMRI	/scratch/executivefunction/SLURM_13244013_43/job-13244013-43-sub-20333-ses-1/ds/inputs/data/qsiprep/qsiprep/sub-20333/ses-1/dwi/sub-20333_ses-1_space-ACPC_desc-preproc_dwi.nii.gz	0.0002695175635612	0.2167516499757766	0.1370430737733841	0.1964090913534164	0.2168100774288177	0.1964488327503204	0.1370153278112411	0.2676786780357361	0.2676805853843689	sub-20333	ses-1				space-ACPC			DSIStudio	autotrackgqi
ProjectionBasalGanglia_ThalamicRadiationR	ng	TORTOISE_model-MAPMRI	/scratch/executivefunction/SLURM_13244013_43/job-13244013-43-sub-20333-ses-1/ds/inputs/data/qsiprep/qsiprep/sub-20333/ses-1/dwi/sub-20333_ses-1_space-ACPC_desc-preproc_dwi.nii.gz	0.0002695175635612	0.2946348190307617	0.0777581557631492	0.3163189888000488	0.2947142720222473	0.3164304494857788	0.0776179805397987	0.3137418627738952	0.3137441277503967	sub-20333	ses-1				space-ACPC			DSIStudio	autotrackgqi
ProjectionBasalGanglia_ThalamicRadiationR	ngpar	TORTOISE_model-MAPMRI	/scratch/executivefunction/SLURM_13244013_43/job-13244013-43-sub-20333-ses-1/ds/inputs/data/qsiprep/qsiprep/sub-20333/ses-1/dwi/sub-20333_ses-1_space-ACPC_desc-preproc_dwi.nii.gz	0.0002695175635612	0.1359953135251999	0.0345899052917957	0.1340808123350143	0.1360319852828979	0.1340935081243515	0.0345224104821682	0.1363782584667205	0.136379212141037	sub-20333	ses-1				space-ACPC			DSIStudio	autotrackgqi
ProjectionBasalGanglia_ThalamicRadiationR	ngperp	TORTOISE_model-MAPMRI	/scratch/executivefunction/SLURM_13244013_43/job-13244013-43-sub-20333-ses-1/ds/inputs/data/qsiprep/qsiprep/sub-20333/ses-1/dwi/sub-20333_ses-1_space-ACPC_desc-preproc_dwi.nii.gz	0.0002695175635612	0.2540089786052704	0.0693788304924964	0.2690939307212829	0.2540774345397949	0.2691903710365295	0.0692626982927322	0.2702076435089111	0.2702095508575439	sub-20333	ses-1				space-ACPC			DSIStudio	autotrackgqi
ProjectionBasalGanglia_ThalamicRadiationR	pa	TORTOISE_model-MAPMRI	/scratch/executivefunction/SLURM_13244013_43/job-13244013-43-sub-20333-ses-1/ds/inputs/data/qsiprep/qsiprep/sub-20333/ses-1/dwi/sub-20333_ses-1_space-ACPC_desc-preproc_dwi.nii.gz	0.0002695175635612	0.6714612245559692	0.2357786744832992	0.7388026714324951	0.6716422438621521	0.7388561964035034	0.2355525344610214	0.75773024559021	0.757735550403595	sub-20333	ses-1				space-ACPC			DSIStudio	autotrackgqi
ProjectionBasalGanglia_ThalamicRadiationR	path	TORTOISE_model-MAPMRI	/scratch/executivefunction/SLURM_13244013_43/job-13244013-43-sub-20333-ses-1/ds/inputs/data/qsiprep/qsiprep/sub-20333/ses-1/dwi/sub-20333_ses-1_space-ACPC_desc-preproc_dwi.nii.gz	0.0002695175635612	0.2669738233089447	0.1114324778318405	0.2626354694366455	0.2670458257198334	0.2626606225967407	0.1113612353801727	0.3032366633415222	0.3032388091087341	sub-20333	ses-1				space-ACPC			DSIStudio	autotrackgqi
ProjectionBasalGanglia_ThalamicRadiationR	rd	TORTOISE_model-MAPMRI	/scratch/executivefunction/SLURM_13244013_43/job-13244013-43-sub-20333-ses-1/ds/inputs/data/qsiprep/qsiprep/sub-20333/ses-1/dwi/sub-20333_ses-1_space-ACPC_desc-preproc_dwi.nii.gz	0.0002695175635612	675.0474528573058	287.22438100816595	620.2685510436095	675.2294390505634	620.275133418943	287.0491303292297	594.7919332284346	594.796152419677	sub-20333	ses-1				space-ACPC			DSIStudio	autotrackgqi
ProjectionBasalGanglia_ThalamicRadiationR	rtap	TORTOISE_model-MAPMRI	/scratch/executivefunction/SLURM_13244013_43/job-13244013-43-sub-20333-ses-1/ds/inputs/data/qsiprep/qsiprep/sub-20333/ses-1/dwi/sub-20333_ses-1_space-ACPC_desc-preproc_dwi.nii.gz	0.0002695175635612	0.0121909622102975	0.0047511956654489	0.0114906635135412	0.0121942488476634	0.0114934686571359	0.0047476175241172	0.0138091929256916	0.0138092907145619	sub-20333	ses-1				space-ACPC			DSIStudio	autotrackgqi
ProjectionBasalGanglia_ThalamicRadiationR	rtop	TORTOISE_model-MAPMRI	/scratch/executivefunction/SLURM_13244013_43/job-13244013-43-sub-20333-ses-1/ds/inputs/data/qsiprep/qsiprep/sub-20333/ses-1/dwi/sub-20333_ses-1_space-ACPC_desc-preproc_dwi.nii.gz	0.0002695175635612	0.0002431247121421	8.387800335185602e-05	0.0002391276502748	0.0002431902539683	0.0002391640300629	8.379424980375916e-05	0.0002706353843677	0.0002706372761167	sub-20333	ses-1				space-ACPC			DSIStudio	autotrackgqi
ProjectionBasalGanglia_ThalamicRadiationR	rtpp	TORTOISE_model-MAPMRI	/scratch/executivefunction/SLURM_13244013_43/job-13244013-43-sub-20333-ses-1/ds/inputs/data/qsiprep/qsiprep/sub-20333/ses-1/dwi/sub-20333_ses-1_space-ACPC_desc-preproc_dwi.nii.gz	0.0002695175635612	0.0449802689254283	0.0053597781807184	0.0453952811658382	0.0449923947453498	0.0453961342573165	0.0053093670867383	0.0446938648819923	0.044694185256958	sub-20333	ses-1				space-ACPC			DSIStudio	autotrackgqi
ProjectionBasalGanglia_ThalamicRadiationL	ad	TORTOISE_model-MAPMRI	/scratch/executivefunction/SLURM_13244013_43/job-13244013-43-sub-20333-ses-1/ds/inputs/data/qsiprep/qsiprep/sub-20333/ses-1/dwi/sub-20333_ses-1_space-ACPC_desc-preproc_dwi.nii.gz	0.0003525471531817	1137.6059641604393	250.4931423305757	1094.9909069042185	1138.0071653468826	1095.1066238472124	249.62446503101407	1167.8393858802365	1167.877951453686	sub-20333	ses-1				space-ACPC			DSIStudio	autotrackgqi
ProjectionBasalGanglia_ThalamicRadiationL	am	TORTOISE_model-MAPMRI	/scratch/executivefunction/SLURM_13244013_43/job-13244013-43-sub-20333-ses-1/ds/inputs/data/qsiprep/qsiprep/sub-20333/ses-1/dwi/sub-20333_ses-1_space-ACPC_desc-preproc_dwi.nii.gz	0.0003525471531817	502.014404296875	140.74420166015625	458.6627807617188	502.19146728515625	458.693603515625	140.45286560058594	442.1220703125	442.13665771484375	sub-20333	ses-1				space-ACPC			DSIStudio	autotrackgqi
ProjectionBasalGanglia_ThalamicRadiationL	fa	TORTOISE_model-MAPMRI	/scratch/executivefunction/SLURM_13244013_43/job-13244013-43-sub-20333-ses-1/ds/inputs/data/qsiprep/qsiprep/sub-20333/ses-1/dwi/sub-20333_ses-1_space-ACPC_desc-preproc_dwi.nii.gz	0.0003525471531817	0.3634322502077103	0.180069709158067	0.3561772180476599	0.3635604223996369	0.3563601362537887	0.17997204568573	0.4516366573638888	0.4516515718043666	sub-20333	ses-1				space-ACPC			DSIStudio	autotrackgqi
ProjectionBasalGanglia_ThalamicRadiationL	li	TORTOISE_model-MAPMRI	/scratch/executivefunction/SLURM_13244013_43/job-13244013-43-sub-20333-ses-1/ds/inputs/data/qsiprep/qsiprep/sub-20333/ses-1/dwi/sub-20333_ses-1_space-ACPC_desc-preproc_dwi.nii.gz	0.0003525471531817	0.2240665853023529	0.1435102075338363	0.2032653242349624	0.2241456061601638	0.2033943086862564	0.1434738039970398	0.2970804572105407	0.2970902323722839	sub-20333	ses-1				space-ACPC			DSIStudio	autotrackgqi
ProjectionBasalGanglia_ThalamicRadiationL	ng	TORTOISE_model-MAPMRI	/scratch/executivefunction/SLURM_13244013_43/job-13244013-43-sub-20333-ses-1/ds/inputs/data/qsiprep/qsiprep/sub-20333/ses-1/dwi/sub-20333_ses-1_space-ACPC_desc-preproc_dwi.nii.gz	0.0003525471531817	0.2978381216526031	0.0771352499723434	0.322781503200531	0.2979431748390198	0.3227990269660949	0.0769457593560218	0.3238183856010437	0.3238290846347809	sub-20333	ses-1				space-ACPC			DSIStudio	autotrackgqi
ProjectionBasalGanglia_ThalamicRadiationL	ngpar	TORTOISE_model-MAPMRI	/scratch/executivefunction/SLURM_13244013_43/job-13244013-43-sub-20333-ses-1/ds/inputs/data/qsiprep/qsiprep/sub-20333/ses-1/dwi/sub-20333_ses-1_space-ACPC_desc-preproc_dwi.nii.gz	0.0003525471531817	0.1393072307109832	0.0336250700056552	0.1373567879199981	0.1393563598394394	0.1373768895864486	0.0335290543735027	0.1395921856164932	0.1395967900753021	sub-20333	ses-1				space-ACPC			DSIStudio	autotrackgqi
ProjectionBasalGanglia_ThalamicRadiationL	ngperp	TORTOISE_model-MAPMRI	/scratch/executivefunction/SLURM_13244013_43/job-13244013-43-sub-20333-ses-1/ds/inputs/data/qsiprep/qsiprep/sub-20333/ses-1/dwi/sub-20333_ses-1_space-ACPC_desc-preproc_dwi.nii.gz	0.0003525471531817	0.2564574480056762	0.0684593543410301	0.2728820443153381	0.2565478980541229	0.2729057073593139	0.0683017745614051	0.27926766872406	0.2792769074440002	sub-20333	ses-1				space-ACPC			DSIStudio	autotrackgqi
ProjectionBasalGanglia_ThalamicRadiationL	pa	TORTOISE_model-MAPMRI	/scratch/executivefunction/SLURM_13244013_43/job-13244013-43-sub-20333-ses-1/ds/inputs/data/qsiprep/qsiprep/sub-20333/ses-1/dwi/sub-20333_ses-1_space-ACPC_desc-preproc_dwi.nii.gz	0.0003525471531817	0.6760257482528687	0.2410925179719925	0.7542445659637451	0.6762641668319702	0.7543630599975586	0.2408004850149154	0.7830513715744019	0.7830772399902344	sub-20333	ses-1				space-ACPC			DSIStudio	autotrackgqi
ProjectionBasalGanglia_ThalamicRadiationL	path	TORTOISE_model-MAPMRI	/scratch/executivefunction/SLURM_13244013_43/job-13244013-43-sub-20333-ses-1/ds/inputs/data/qsiprep/qsiprep/sub-20333/ses-1/dwi/sub-20333_ses-1_space-ACPC_desc-preproc_dwi.nii.gz	0.0003525471531817	0.2703322470188141	0.1136249303817749	0.2700798511505127	0.2704275846481323	0.270138531923294	0.1135314851999282	0.3216564059257507	0.3216670155525207	sub-20333	ses-1				space-ACPC			DSIStudio	autotrackgqi
ProjectionBasalGanglia_ThalamicRadiationL	rd	TORTOISE_model-MAPMRI	/scratch/executivefunction/SLURM_13244013_43/job-13244013-43-sub-20333-ses-1/ds/inputs/data/qsiprep/qsiprep/sub-20333/ses-1/dwi/sub-20333_ses-1_space-ACPC_desc-preproc_dwi.nii.gz	0.0003525471531817	648.9492731805041	242.26348050266407	610.1928972294714	649.1781390853464	610.2230912179108	241.9994175504468	553.102380581298	553.1206456537747	sub-20333	ses-1				space-ACPC			DSIStudio	autotrackgqi
ProjectionBasalGanglia_ThalamicRadiationL	rtap	TORTOISE_model-MAPMRI	/scratch/executivefunction/SLURM_13244013_43/job-13244013-43-sub-20333-ses-1/ds/inputs/data/qsiprep/qsiprep/sub-20333/ses-1/dwi/sub-20333_ses-1_space-ACPC_desc-preproc_dwi.nii.gz	0.0005288207297726	0.0126072885468602	0.0049541387706995	0.0117921689525246	0.0126139596104621	0.0117947645485401	0.0049469522200524	0.0151123078539967	0.0151130240410566	sub-20333	ses-1				space-ACPC			DSIStudio	autotrackgqi
ProjectionBasalGanglia_ThalamicRadiationL	rtop	TORTOISE_model-MAPMRI	/scratch/executivefunction/SLURM_13244013_43/job-13244013-43-sub-20333-ses-1/ds/inputs/data/qsiprep/qsiprep/sub-20333/ses-1/dwi/sub-20333_ses-1_space-ACPC_desc-preproc_dwi.nii.gz	0.0005288207297726	0.0002534840314183	8.77148995641619e-05	0.0002470070612616	0.0002536181709729	0.0002471264451742	8.754404552746564e-05	0.0002972053189296	0.0002972194342873	sub-20333	ses-1				space-ACPC			DSIStudio	autotrackgqi
ProjectionBasalGanglia_ThalamicRadiationL	rtpp	TORTOISE_model-MAPMRI	/scratch/executivefunction/SLURM_13244013_43/job-13244013-43-sub-20333-ses-1/ds/inputs/data/qsiprep/qsiprep/sub-20333/ses-1/dwi/sub-20333_ses-1_space-ACPC_desc-preproc_dwi.nii.gz	0.0003525471531817	0.0454027503728866	0.0048195985145866	0.0458160042762756	0.0454187616705894	0.0458177924156188	0.0047444142401218	0.0448588281869888	0.0448603145778179	sub-20333	ses-1				space-ACPC			DSIStudio	autotrackgqi
ProjectionBrainstem_NonDecussatingDentatorubrothalamicTractL	ad	TORTOISE_model-MAPMRI	/scratch/executivefunction/SLURM_13244013_43/job-13244013-43-sub-20333-ses-1/ds/inputs/data/qsiprep/qsiprep/sub-20333/ses-1/dwi/sub-20333_ses-1_space-ACPC_desc-preproc_dwi.nii.gz	0.0	1171.084486986241	317.4250169262389	1110.8330974087482	1171.084486986241	1110.8330974087482	317.4250169262389	1261.1619229994565	1261.162032427838	sub-20333	ses-1				space-ACPC			DSIStudio	autotrackgqi
ProjectionBrainstem_NonDecussatingDentatorubrothalamicTractL	am	TORTOISE_model-MAPMRI	/scratch/executivefunction/SLURM_13244013_43/job-13244013-43-sub-20333-ses-1/ds/inputs/data/qsiprep/qsiprep/sub-20333/ses-1/dwi/sub-20333_ses-1_space-ACPC_desc-preproc_dwi.nii.gz	0.0	487.6638793945313	131.0934600830078	457.5833435058594	487.6638793945313	457.5833435058594	131.0934600830078	463.6177673339844	463.6177978515625	sub-20333	ses-1				space-ACPC			DSIStudio	autotrackgqi
ProjectionBrainstem_NonDecussatingDentatorubrothalamicTractL	fa	TORTOISE_model-MAPMRI	/scratch/executivefunction/SLURM_13244013_43/job-13244013-43-sub-20333-ses-1/ds/inputs/data/qsiprep/qsiprep/sub-20333/ses-1/dwi/sub-20333_ses-1_space-ACPC_desc-preproc_dwi.nii.gz	0.0	0.426739581571597	0.19205664053115	0.4224037533673894	0.426739581571597	0.4224037533673894	0.19205664053115	0.5173575136295083	0.5173575584236086	sub-20333	ses-1				space-ACPC			DSIStudio	autotrackgqi
ProjectionBrainstem_NonDecussatingDentatorubrothalamicTractL	li	TORTOISE_model-MAPMRI	/scratch/executivefunction/SLURM_13244013_43/job-13244013-43-sub-20333-ses-1/ds/inputs/data/qsiprep/qsiprep/sub-20333/ses-1/dwi/sub-20333_ses-1_space-ACPC_desc-preproc_dwi.nii.gz	0.0	0.2823687195777893	0.1649845242500305	0.2619072794914245	0.2823687195777893	0.2619072794914245	0.1649845242500305	0.3627777993679046	0.362777829170227	sub-20333	ses-1				space-ACPC			DSIStudio	autotrackgqi
ProjectionBrainstem_NonDecussatingDentatorubrothalamicTractL	ng	TORTOISE_model-MAPMRI	/scratch/executivefunction/SLURM_13244013_43/job-13244013-43-sub-20333-ses-1/ds/inputs/data/qsiprep/qsiprep/sub-20333/ses-1/dwi/sub-20333_ses-1_space-ACPC_desc-preproc_dwi.nii.gz	0.0	0.3292968571186065	0.0675266981124877	0.3529706597328186	0.3292968571186065	0.3529706597328186	0.0675266981124877	0.3538176715373993	0.3538177013397217	sub-20333	ses-1				space-ACPC			DSIStudio	autotrackgqi
ProjectionBrainstem_NonDecussatingDentatorubrothalamicTractL	ngpar	TORTOISE_model-MAPMRI	/scratch/executivefunction/SLURM_13244013_43/job-13244013-43-sub-20333-ses-1/ds/inputs/data/qsiprep/qsiprep/sub-20333/ses-1/dwi/sub-20333_ses-1_space-ACPC_desc-preproc_dwi.nii.gz	0.0	0.1490555703639984	0.0338084548711776	0.1484062075614929	0.1490555703639984	0.1484062075614929	0.0338084548711776	0.1526365429162979	0.1526365429162979	sub-20333	ses-1				space-ACPC			DSIStudio	autotrackgqi
ProjectionBrainstem_NonDecussatingDentatorubrothalamicTractL	ngperp	TORTOISE_model-MAPMRI	/scratch/executivefunction/SLURM_13244013_43/job-13244013-43-sub-20333-ses-1/ds/inputs/data/qsiprep/qsiprep/sub-20333/ses-1/dwi/sub-20333_ses-1_space-ACPC_desc-preproc_dwi.nii.gz	0.0	0.2817796766757965	0.0603637769818306	0.2975687384605407	0.2817796766757965	0.2975687384605407	0.0603637769818306	0.305736780166626	0.305736780166626	sub-20333	ses-1				space-ACPC			DSIStudio	autotrackgqi
ProjectionBrainstem_NonDecussatingDentatorubrothalamicTractL	pa	TORTOISE_model-MAPMRI	/scratch/executivefunction/SLURM_13244013_43/job-13244013-43-sub-20333-ses-1/ds/inputs/data/qsiprep/qsiprep/sub-20333/ses-1/dwi/sub-20333_ses-1_space-ACPC_desc-preproc_dwi.nii.gz	0.0	0.7541453242301941	0.2088706344366073	0.8324354887008667	0.7541453242301941	0.8324354887008667	0.2088706344366073	0.847406268119812	0.847406268119812	sub-20333	ses-1				space-ACPC			DSIStudio	autotrackgqi
ProjectionBrainstem_NonDecussatingDentatorubrothalamicTractL	path	TORTOISE_model-MAPMRI	/scratch/executivefunction/SLURM_13244013_43/job-13244013-43-sub-20333-ses-1/ds/inputs/data/qsiprep/qsiprep/sub-20333/ses-1/dwi/sub-20333_ses-1_space-ACPC_desc-preproc_dwi.nii.gz	0.0	0.3111443221569061	0.1144856363534927	0.3156453371047973	0.3111443221569061	0.3156453371047973	0.1144856363534927	0.3651331961154938	0.3651332259178161	sub-20333	ses-1				space-ACPC			DSIStudio	autotrackgqi
ProjectionBrainstem_NonDecussatingDentatorubrothalamicTractL	rd	TORTOISE_model-MAPMRI	/scratch/executivefunction/SLURM_13244013_43/job-13244013-43-sub-20333-ses-1/ds/inputs/data/qsiprep/qsiprep/sub-20333/ses-1/dwi/sub-20333_ses-1_space-ACPC_desc-preproc_dwi.nii.gz	0.0	591.5731826473985	284.73690779555625	542.3763379357617	591.5731826473985	542.3763379357617	284.73690779555625	520.2356655954778	520.235710817837	sub-20333	ses-1				space-ACPC			DSIStudio	autotrackgqi
ProjectionBrainstem_NonDecussatingDentatorubrothalamicTractL	rtap	TORTOISE_model-MAPMRI	/scratch/executivefunction/SLURM_13244013_43/job-13244013-43-sub-20333-ses-1/ds/inputs/data/qsiprep/qsiprep/sub-20333/ses-1/dwi/sub-20333_ses-1_space-ACPC_desc-preproc_dwi.nii.gz	0.0	0.0151848895475268	0.0062905917875468	0.014237412251532	0.0151848895475268	0.014237412251532	0.0062905917875468	0.0177134089171886	0.0177134107798337	sub-20333	ses-1				space-ACPC			DSIStudio	autotrackgqi
ProjectionBrainstem_NonDecussatingDentatorubrothalamicTractL	rtop	TORTOISE_model-MAPMRI	/scratch/executivefunction/SLURM_13244013_43/job-13244013-43-sub-20333-ses-1/ds/inputs/data/qsiprep/qsiprep/sub-20333/ses-1/dwi/sub-20333_ses-1_space-ACPC_desc-preproc_dwi.nii.gz	0.0	0.0003068771620746	0.0001113406615331	0.0003043467877432	0.0003068771620746	0.0003043467877432	0.0001113406615331	0.0003455966652836	0.0003455966943874	sub-20333	ses-1				space-ACPC			DSIStudio	autotrackgqi
ProjectionBrainstem_NonDecussatingDentatorubrothalamicTractL	rtpp	TORTOISE_model-MAPMRI	/scratch/executivefunction/SLURM_13244013_43/job-13244013-43-sub-20333-ses-1/ds/inputs/data/qsiprep/qsiprep/sub-20333/ses-1/dwi/sub-20333_ses-1_space-ACPC_desc-preproc_dwi.nii.gz	0.0	0.0454525612294673	0.0057951863855123	0.0459249839186668	0.0454525612294673	0.0459249839186668	0.0057951863855123	0.0436639264225959	0.0436639338731765	sub-20333	ses-1				space-ACPC			DSIStudio	autotrackgqi
ProjectionBrainstem_ReticularTractL	ad	TORTOISE_model-MAPMRI	/scratch/executivefunction/SLURM_13244013_43/job-13244013-43-sub-20333-ses-1/ds/inputs/data/qsiprep/qsiprep/sub-20333/ses-1/dwi/sub-20333_ses-1_space-ACPC_desc-preproc_dwi.nii.gz	0.0018816642274722	1159.4295753521285	280.01801910214715	1108.963083918589	1161.6153453936383	1109.2369248023751	275.71522738215253	1187.5275160757467	1187.6958610466372	sub-20333	ses-1				space-ACPC			DSIStudio	autotrackgqi
ProjectionBrainstem_ReticularTractL	am	TORTOISE_model-MAPMRI	/scratch/executivefunction/SLURM_13244013_43/job-13244013-43-sub-20333-ses-1/ds/inputs/data/qsiprep/qsiprep/sub-20333/ses-1/dwi/sub-20333_ses-1_space-ACPC_desc-preproc_dwi.nii.gz	0.0	499.30670166015625	147.7209014892578	450.6203918457031	499.30670166015625	450.6203918457031	147.7209014892578	449.204833984375	449.204833984375	sub-20333	ses-1				space-ACPC			DSIStudio	autotrackgqi
ProjectionBrainstem_ReticularTractL	fa	TORTOISE_model-MAPMRI	/scratch/executivefunction/SLURM_13244013_43/job-13244013-43-sub-20333-ses-1/ds/inputs/data/qsiprep/qsiprep/sub-20333/ses-1/dwi/sub-20333_ses-1_space-ACPC_desc-preproc_dwi.nii.gz	0.0018816642274722	0.3827971258762572	0.1838618848765877	0.3739913828839404	0.383518779444101	0.3741847019336491	0.1832816274344628	0.4841036348831333	0.4841722618854784	sub-20333	ses-1				space-ACPC			DSIStudio	autotrackgqi
ProjectionBrainstem_ReticularTractL	li	TORTOISE_model-MAPMRI	/scratch/executivefunction/SLURM_13244013_43/job-13244013-43-sub-20333-ses-1/ds/inputs/data/qsiprep/qsiprep/sub-20333/ses-1/dwi/sub-20333_ses-1_space-ACPC_desc-preproc_dwi.nii.gz	0.0	0.2434077113866806	0.1518196761608123	0.2241731286048889	0.2434077113866806	0.2241731286048889	0.1518196761608123	0.317707896232605	0.317707896232605	sub-20333	ses-1				space-ACPC			DSIStudio	autotrackgqi
ProjectionBrainstem_ReticularTractL	ng	TORTOISE_model-MAPMRI	/scratch/executivefunction/SLURM_13244013_43/job-13244013-43-sub-20333-ses-1/ds/inputs/data/qsiprep/qsiprep/sub-20333/ses-1/dwi/sub-20333_ses-1_space-ACPC_desc-preproc_dwi.nii.gz	0.0	0.3095866739749908	0.0831632763147354	0.3377830386161804	0.3095866739749908	0.3377830386161804	0.0831632763147354	0.3386405408382416	0.3386405408382416	sub-20333	ses-1				space-ACPC			DSIStudio	autotrackgqi
ProjectionBrainstem_ReticularTractL	ngpar	TORTOISE_model-MAPMRI	/scratch/executivefunction/SLURM_13244013_43/job-13244013-43-sub-20333-ses-1/ds/inputs/data/qsiprep/qsiprep/sub-20333/ses-1/dwi/sub-20333_ses-1_space-ACPC_desc-preproc_dwi.nii.gz	0.0	0.1408592909574508	0.0411792919039726	0.1374569535255432	0.1408592909574508	0.1374569535255432	0.0411792919039726	0.1433850526809692	0.1433850526809692	sub-20333	ses-1				space-ACPC			DSIStudio	autotrackgqi
ProjectionBrainstem_ReticularTractL	ngperp	TORTOISE_model-MAPMRI	/scratch/executivefunction/SLURM_13244013_43/job-13244013-43-sub-20333-ses-1/ds/inputs/data/qsiprep/qsiprep/sub-20333/ses-1/dwi/sub-20333_ses-1_space-ACPC_desc-preproc_dwi.nii.gz	0.0	0.2647460401058197	0.0711164474487304	0.2840552628040313	0.2647460401058197	0.2840552628040313	0.0711164474487304	0.2880148887634277	0.2880148887634277	sub-20333	ses-1				space-ACPC			DSIStudio	autotrackgqi
ProjectionBrainstem_ReticularTractL	pa	TORTOISE_model-MAPMRI	/scratch/executivefunction/SLURM_13244013_43/job-13244013-43-sub-20333-ses-1/ds/inputs/data/qsiprep/qsiprep/sub-20333/ses-1/dwi/sub-20333_ses-1_space-ACPC_desc-preproc_dwi.nii.gz	0.0	0.7070730328559875	0.2357548028230667	0.790218710899353	0.7070730328559875	0.790218710899353	0.2357548028230667	0.8208810687065125	0.8208810687065125	sub-20333	ses-1				space-ACPC			DSIStudio	autotrackgqi
ProjectionBrainstem_ReticularTractL	path	TORTOISE_model-MAPMRI	/scratch/executivefunction/SLURM_13244013_43/job-13244013-43-sub-20333-ses-1/ds/inputs/data/qsiprep/qsiprep/sub-20333/ses-1/dwi/sub-20333_ses-1_space-ACPC_desc-preproc_dwi.nii.gz	0.0	0.2863839864730835	0.1171072870492935	0.2891386449337005	0.2863839864730835	0.2891386449337005	0.1171072870492935	0.3390614986419678	0.3390614986419678	sub-20333	ses-1				space-ACPC			DSIStudio	autotrackgqi
ProjectionBrainstem_ReticularTractL	rd	TORTOISE_model-MAPMRI	/scratch/executivefunction/SLURM_13244013_43/job-13244013-43-sub-20333-ses-1/ds/inputs/data/qsiprep/qsiprep/sub-20333/ses-1/dwi/sub-20333_ses-1_space-ACPC_desc-preproc_dwi.nii.gz	0.0018816642274722	637.6032986645512	251.0957926402924	604.3260622487422	638.8053157755652	604.5303463637555	249.8001261975652	525.6835843456868	525.7581057984837	sub-20333	ses-1				space-ACPC			DSIStudio	autotrackgqi
ProjectionBrainstem_ReticularTractL	rtap	TORTOISE_model-MAPMRI	/scratch/executivefunction/SLURM_13244013_43/job-13244013-43-sub-20333-ses-1/ds/inputs/data/qsiprep/qsiprep/sub-20333/ses-1/dwi/sub-20333_ses-1_space-ACPC_desc-preproc_dwi.nii.gz	0.0020907380305247	0.0131759494543075	0.0055063543841242	0.0123974224552512	0.0132035547867417	0.0124134505167603	0.0054789576679468	0.0161762312054634	0.0161786172538995	sub-20333	ses-1				space-ACPC			DSIStudio	autotrackgqi
ProjectionBrainstem_ReticularTractL	rtop	TORTOISE_model-MAPMRI	/scratch/executivefunction/SLURM_13244013_43/job-13244013-43-sub-20333-ses-1/ds/inputs/data/qsiprep/qsiprep/sub-20333/ses-1/dwi/sub-20333_ses-1_space-ACPC_desc-preproc_dwi.nii.gz	0.0020907380305247	0.0002622719621285	9.630811837268992e-05	0.0002559552667662	0.0002628214424476	0.0002560323046054	9.565703658154234e-05	0.0003185759705957	0.000318622944178	sub-20333	ses-1				space-ACPC			DSIStudio	autotrackgqi
ProjectionBrainstem_ReticularTractL	rtpp	TORTOISE_model-MAPMRI	/scratch/executivefunction/SLURM_13244013_43/job-13244013-43-sub-20333-ses-1/ds/inputs/data/qsiprep/qsiprep/sub-20333/ses-1/dwi/sub-20333_ses-1_space-ACPC_desc-preproc_dwi.nii.gz	0.0018816642274722	0.0449986904859542	0.0052443547174334	0.0454469174146652	0.0450835227966308	0.045462567359209	0.0048714042641222	0.0448855534195899	0.0448919162154197	sub-20333	ses-1				space-ACPC			DSIStudio	autotrackgqi
ProjectionBasalGanglia_FornixL	ad	TORTOISE_model-MAPMRI	/scratch/executivefunction/SLURM_13244013_43/job-13244013-43-sub-20333-ses-1/ds/inputs/data/qsiprep/qsiprep/sub-20333/ses-1/dwi/sub-20333_ses-1_space-ACPC_desc-preproc_dwi.nii.gz	0.0	1438.9026860760232	597.1472470835779	1211.5311396853872	1438.9026860760232	1211.5311396853872	597.1472470835779	1477.616230127025	1477.616230127025	sub-20333	ses-1				space-ACPC			DSIStudio	autotrackgqi
ProjectionBasalGanglia_FornixL	am	TORTOISE_model-MAPMRI	/scratch/executivefunction/SLURM_13244013_43/job-13244013-43-sub-20333-ses-1/ds/inputs/data/qsiprep/qsiprep/sub-20333/ses-1/dwi/sub-20333_ses-1_space-ACPC_desc-preproc_dwi.nii.gz	0.0	592.4620361328125	183.8720703125	561.591064453125	592.4620361328125	561.591064453125	183.8720703125	582.6961059570312	582.6961059570312	sub-20333	ses-1				space-ACPC			DSIStudio	autotrackgqi
ProjectionBasalGanglia_FornixL	fa	TORTOISE_model-MAPMRI	/scratch/executivefunction/SLURM_13244013_43/job-13244013-43-sub-20333-ses-1/ds/inputs/data/qsiprep/qsiprep/sub-20333/ses-1/dwi/sub-20333_ses-1_space-ACPC_desc-preproc_dwi.nii.gz	0.0	0.2947827997553525	0.1372718564495269	0.2774816132792811	0.2947827997553525	0.2774816132792811	0.1372718564495269	0.3233533177015328	0.3233533177015328	sub-20333	ses-1				space-ACPC			DSIStudio	autotrackgqi
ProjectionBasalGanglia_FornixL	li	TORTOISE_model-MAPMRI	/scratch/executivefunction/SLURM_13244013_43/job-13244013-43-sub-20333-ses-1/ds/inputs/data/qsiprep/qsiprep/sub-20333/ses-1/dwi/sub-20333_ses-1_space-ACPC_desc-preproc_dwi.nii.gz	0.0	0.1716514527797699	0.0933870524168014	0.1568386554718017	0.1716514527797699	0.1568386554718017	0.0933870524168014	0.1936143040657043	0.1936143040657043	sub-20333	ses-1				space-ACPC			DSIStudio	autotrackgqi
ProjectionBasalGanglia_FornixL	ng	TORTOISE_model-MAPMRI	/scratch/executivefunction/SLURM_13244013_43/job-13244013-43-sub-20333-ses-1/ds/inputs/data/qsiprep/qsiprep/sub-20333/ses-1/dwi/sub-20333_ses-1_space-ACPC_desc-preproc_dwi.nii.gz	0.0	0.2840901911258697	0.0995202660560607	0.2717971801757812	0.2840901911258697	0.2717971801757812	0.0995202660560607	0.2932299673557281	0.2932299673557281	sub-20333	ses-1				space-ACPC			DSIStudio	autotrackgqi
ProjectionBasalGanglia_FornixL	ngpar	TORTOISE_model-MAPMRI	/scratch/executivefunction/SLURM_13244013_43/job-13244013-43-sub-20333-ses-1/ds/inputs/data/qsiprep/qsiprep/sub-20333/ses-1/dwi/sub-20333_ses-1_space-ACPC_desc-preproc_dwi.nii.gz	0.0	0.1397551298141479	0.0410556383430957	0.1335672736167907	0.1397551298141479	0.1335672736167907	0.0410556383430957	0.1336910724639892	0.1336910724639892	sub-20333	ses-1				space-ACPC			DSIStudio	autotrackgqi
ProjectionBasalGanglia_FornixL	ngperp	TORTOISE_model-MAPMRI	/scratch/executivefunction/SLURM_13244013_43/job-13244013-43-sub-20333-ses-1/ds/inputs/data/qsiprep/qsiprep/sub-20333/ses-1/dwi/sub-20333_ses-1_space-ACPC_desc-preproc_dwi.nii.gz	0.0	0.241552859544754	0.0865707769989967	0.2339951395988464	0.241552859544754	0.2339951395988464	0.0865707769989967	0.253448337316513	0.253448337316513	sub-20333	ses-1				space-ACPC			DSIStudio	autotrackgqi
ProjectionBasalGanglia_FornixL	pa	TORTOISE_model-MAPMRI	/scratch/executivefunction/SLURM_13244013_43/job-13244013-43-sub-20333-ses-1/ds/inputs/data/qsiprep/qsiprep/sub-20333/ses-1/dwi/sub-20333_ses-1_space-ACPC_desc-preproc_dwi.nii.gz	0.0	0.6091049909591675	0.2096153944730758	0.6305244565010071	0.6091049909591675	0.6305244565010071	0.2096153944730758	0.649540364742279	0.649540364742279	sub-20333	ses-1				space-ACPC			DSIStudio	autotrackgqi
ProjectionBasalGanglia_FornixL	path	TORTOISE_model-MAPMRI	/scratch/executivefunction/SLURM_13244013_43/job-13244013-43-sub-20333-ses-1/ds/inputs/data/qsiprep/qsiprep/sub-20333/ses-1/dwi/sub-20333_ses-1_space-ACPC_desc-preproc_dwi.nii.gz	0.0	0.2287537455558776	0.0868487358093261	0.2186946719884872	0.2287537455558776	0.2186946719884872	0.0868487358093261	0.2468204200267791	0.2468204200267791	sub-20333	ses-1				space-ACPC			DSIStudio	autotrackgqi
ProjectionBasalGanglia_FornixL	rd	TORTOISE_model-MAPMRI	/scratch/executivefunction/SLURM_13244013_43/job-13244013-43-sub-20333-ses-1/ds/inputs/data/qsiprep/qsiprep/sub-20333/ses-1/dwi/sub-20333_ses-1_space-ACPC_desc-preproc_dwi.nii.gz	0.0	921.27863922589	465.3596532852881	769.3122496870143	921.27863922589	769.3122496870143	465.3596532852881	886.4258078777405	886.4258078777405	sub-20333	ses-1				space-ACPC			DSIStudio	autotrackgqi
ProjectionBasalGanglia_FornixL	rtap	TORTOISE_model-MAPMRI	/scratch/executivefunction/SLURM_13244013_43/job-13244013-43-sub-20333-ses-1/ds/inputs/data/qsiprep/qsiprep/sub-20333/ses-1/dwi/sub-20333_ses-1_space-ACPC_desc-preproc_dwi.nii.gz	0.0	0.0085632046684622	0.0033637464512139	0.0084116430953145	0.0085632046684622	0.0084116430953145	0.0033637464512139	0.0088450424373149	0.0088450424373149	sub-20333	ses-1				space-ACPC			DSIStudio	autotrackgqi
ProjectionBasalGanglia_FornixL	rtop	TORTOISE_model-MAPMRI	/scratch/executivefunction/SLURM_13244013_43/job-13244013-43-sub-20333-ses-1/ds/inputs/data/qsiprep/qsiprep/sub-20333/ses-1/dwi/sub-20333_ses-1_space-ACPC_desc-preproc_dwi.nii.gz	0.0	0.0001644974690862	7.238946272991598e-05	0.0001631430641282	0.0001644974690862	0.0001631430641282	7.238946272991598e-05	0.0001652109058341	0.0001652109058341	sub-20333	ses-1				space-ACPC			DSIStudio	autotrackgqi
ProjectionBasalGanglia_FornixL	rtpp	TORTOISE_model-MAPMRI	/scratch/executivefunction/SLURM_13244013_43/job-13244013-43-sub-20333-ses-1/ds/inputs/data/qsiprep/qsiprep/sub-20333/ses-1/dwi/sub-20333_ses-1_space-ACPC_desc-preproc_dwi.nii.gz	0.0	0.0409130416810512	0.0081706903874874	0.0430363714694976	0.0409130416810512	0.0430363714694976	0.0081706903874874	0.0403053201735019	0.0403053201735019	sub-20333	ses-1				space-ACPC			DSIStudio	autotrackgqi
ProjectionBasalGanglia_FasciculusSubthalamicusL	ad	TORTOISE_model-MAPMRI	/scratch/executivefunction/SLURM_13244013_43/job-13244013-43-sub-20333-ses-1/ds/inputs/data/qsiprep/qsiprep/sub-20333/ses-1/dwi/sub-20333_ses-1_space-ACPC_desc-preproc_dwi.nii.gz	0.0	1200.1068071520424	495.57601274552655	1066.6335613335962	1200.1068071520424	1066.6335613335962	495.57601274552655	1183.338468867459	1183.3385686882011	sub-20333	ses-1				space-ACPC			DSIStudio	autotrackgqi
ProjectionBasalGanglia_FasciculusSubthalamicusL	am	TORTOISE_model-MAPMRI	/scratch/executivefunction/SLURM_13244013_43/job-13244013-43-sub-20333-ses-1/ds/inputs/data/qsiprep/qsiprep/sub-20333/ses-1/dwi/sub-20333_ses-1_space-ACPC_desc-preproc_dwi.nii.gz	0.0	478.4233703613281	186.51351928710935	429.7063903808594	478.4233703613281	429.7063903808594	186.51351928710935	464.9580078125	464.9580383300781	sub-20333	ses-1				space-ACPC			DSIStudio	autotrackgqi
ProjectionBasalGanglia_FasciculusSubthalamicusL	fa	TORTOISE_model-MAPMRI	/scratch/executivefunction/SLURM_13244013_43/job-13244013-43-sub-20333-ses-1/ds/inputs/data/qsiprep/qsiprep/sub-20333/ses-1/dwi/sub-20333_ses-1_space-ACPC_desc-preproc_dwi.nii.gz	0.0	0.3889028233972502	0.1595195722535986	0.3624425827080074	0.3889028233972502	0.3624425827080074	0.1595195722535986	0.4240820195160368	0.4240820551964469	sub-20333	ses-1				space-ACPC			DSIStudio	autotrackgqi
ProjectionBasalGanglia_FasciculusSubthalamicusL	li	TORTOISE_model-MAPMRI	/scratch/executivefunction/SLURM_13244013_43/job-13244013-43-sub-20333-ses-1/ds/inputs/data/qsiprep/qsiprep/sub-20333/ses-1/dwi/sub-20333_ses-1_space-ACPC_desc-preproc_dwi.nii.gz	0.0	0.2378573417663574	0.1337009966373443	0.2027910053730011	0.2378573417663574	0.2027910053730011	0.1337009966373443	0.2729275524616241	0.2729275822639465	sub-20333	ses-1				space-ACPC			DSIStudio	autotrackgqi
ProjectionBasalGanglia_FasciculusSubthalamicusL	ng	TORTOISE_model-MAPMRI	/scratch/executivefunction/SLURM_13244013_43/job-13244013-43-sub-20333-ses-1/ds/inputs/data/qsiprep/qsiprep/sub-20333/ses-1/dwi/sub-20333_ses-1_space-ACPC_desc-preproc_dwi.nii.gz	0.0	0.3199080526828766	0.0821584910154342	0.3273232281208038	0.3199080526828766	0.3273232281208038	0.0821584910154342	0.3334174454212188	0.3334174752235412	sub-20333	ses-1				space-ACPC			DSIStudio	autotrackgqi
ProjectionBasalGanglia_FasciculusSubthalamicusL	ngpar	TORTOISE_model-MAPMRI	/scratch/executivefunction/SLURM_13244013_43/job-13244013-43-sub-20333-ses-1/ds/inputs/data/qsiprep/qsiprep/sub-20333/ses-1/dwi/sub-20333_ses-1_space-ACPC_desc-preproc_dwi.nii.gz	0.0	0.1643447875976562	0.0416408143937587	0.1631156653165817	0.1643447875976562	0.1631156653165817	0.0416408143937587	0.1709916591644287	0.1709916889667511	sub-20333	ses-1				space-ACPC			DSIStudio	autotrackgqi
ProjectionBasalGanglia_FasciculusSubthalamicusL	ngperp	TORTOISE_model-MAPMRI	/scratch/executivefunction/SLURM_13244013_43/job-13244013-43-sub-20333-ses-1/ds/inputs/data/qsiprep/qsiprep/sub-20333/ses-1/dwi/sub-20333_ses-1_space-ACPC_desc-preproc_dwi.nii.gz	0.0	0.2645227015018463	0.0694130286574363	0.264749675989151	0.2645227015018463	0.264749675989151	0.0694130286574363	0.2781311571598053	0.2781311869621277	sub-20333	ses-1				space-ACPC			DSIStudio	autotrackgqi
ProjectionBasalGanglia_FasciculusSubthalamicusL	pa	TORTOISE_model-MAPMRI	/scratch/executivefunction/SLURM_13244013_43/job-13244013-43-sub-20333-ses-1/ds/inputs/data/qsiprep/qsiprep/sub-20333/ses-1/dwi/sub-20333_ses-1_space-ACPC_desc-preproc_dwi.nii.gz	0.0	0.7213836908340454	0.1617599129676818	0.7407358288764954	0.7213836908340454	0.7407358288764954	0.1617599129676818	0.7602277994155884	0.7602279186248779	sub-20333	ses-1				space-ACPC			DSIStudio	autotrackgqi
ProjectionBasalGanglia_FasciculusSubthalamicusL	path	TORTOISE_model-MAPMRI	/scratch/executivefunction/SLURM_13244013_43/job-13244013-43-sub-20333-ses-1/ds/inputs/data/qsiprep/qsiprep/sub-20333/ses-1/dwi/sub-20333_ses-1_space-ACPC_desc-preproc_dwi.nii.gz	0.0	0.2778748273849487	0.0902557671070098	0.2635464966297149	0.2778748273849487	0.2635464966297149	0.0902557671070098	0.2983976602554321	0.2983976602554321	sub-20333	ses-1				space-ACPC			DSIStudio	autotrackgqi
ProjectionBasalGanglia_FasciculusSubthalamicusL	rd	TORTOISE_model-MAPMRI	/scratch/executivefunction/SLURM_13244013_43/job-13244013-43-sub-20333-ses-1/ds/inputs/data/qsiprep/qsiprep/sub-20333/ses-1/dwi/sub-20333_ses-1_space-ACPC_desc-preproc_dwi.nii.gz	0.0	664.5704785441168	403.4219993612679	586.9327267586605	664.5704785441168	586.9327267586605	403.4219993612679	609.4105941232528	609.4106455689246	sub-20333	ses-1				space-ACPC			DSIStudio	autotrackgqi
ProjectionBasalGanglia_FasciculusSubthalamicusL	rtap	TORTOISE_model-MAPMRI	/scratch/executivefunction/SLURM_13244013_43/job-13244013-43-sub-20333-ses-1/ds/inputs/data/qsiprep/qsiprep/sub-20333/ses-1/dwi/sub-20333_ses-1_space-ACPC_desc-preproc_dwi.nii.gz	0.0	0.0130129493772983	0.0057117282412946	0.0119197070598602	0.0130129493772983	0.0119197070598602	0.0057117282412946	0.0143188461661338	0.0143188461661338	sub-20333	ses-1				space-ACPC			DSIStudio	autotrackgqi
ProjectionBasalGanglia_FasciculusSubthalamicusL	rtop	TORTOISE_model-MAPMRI	/scratch/executivefunction/SLURM_13244013_43/job-13244013-43-sub-20333-ses-1/ds/inputs/data/qsiprep/qsiprep/sub-20333/ses-1/dwi/sub-20333_ses-1_space-ACPC_desc-preproc_dwi.nii.gz	0.0	0.0002749205741565	0.0001148651645053	0.0002587693161331	0.0002749205741565	0.0002587693161331	0.0001148651645053	0.0003062133328057	0.0003062133619096	sub-20333	ses-1				space-ACPC			DSIStudio	autotrackgqi
ProjectionBasalGanglia_FasciculusSubthalamicusL	rtpp	TORTOISE_model-MAPMRI	/scratch/executivefunction/SLURM_13244013_43/job-13244013-43-sub-20333-ses-1/ds/inputs/data/qsiprep/qsiprep/sub-20333/ses-1/dwi/sub-20333_ses-1_space-ACPC_desc-preproc_dwi.nii.gz	0.0	0.0455598570406436	0.0071727666072547	0.0467227809131145	0.0455598570406436	0.0467227809131145	0.0071727666072547	0.0458077900111675	0.0458077900111675	sub-20333	ses-1				space-ACPC			DSIStudio	autotrackgqi
ProjectionBasalGanglia_FasciculusLenticularisR	ad	TORTOISE_model-MAPMRI	/scratch/executivefunction/SLURM_13244013_43/job-13244013-43-sub-20333-ses-1/ds/inputs/data/qsiprep/qsiprep/sub-20333/ses-1/dwi/sub-20333_ses-1_space-ACPC_desc-preproc_dwi.nii.gz	0.0	1154.690823953744	523.5197584595979	983.8632615984532	1154.690823953744	983.8632615984532	523.5197584595979	1146.5116302099425	1146.5116302099425	sub-20333	ses-1				space-ACPC			DSIStudio	autotrackgqi
ProjectionBasalGanglia_FasciculusLenticularisR	am	TORTOISE_model-MAPMRI	/scratch/executivefunction/SLURM_13244013_43/job-13244013-43-sub-20333-ses-1/ds/inputs/data/qsiprep/qsiprep/sub-20333/ses-1/dwi/sub-20333_ses-1_space-ACPC_desc-preproc_dwi.nii.gz	0.0	530.4598388671875	199.99449157714844	472.5211181640625	530.4598388671875	472.5211181640625	199.99449157714844	562.5330810546875	562.5330810546875	sub-20333	ses-1				space-ACPC			DSIStudio	autotrackgqi
ProjectionBasalGanglia_FasciculusLenticularisR	fa	TORTOISE_model-MAPMRI	/scratch/executivefunction/SLURM_13244013_43/job-13244013-43-sub-20333-ses-1/ds/inputs/data/qsiprep/qsiprep/sub-20333/ses-1/dwi/sub-20333_ses-1_space-ACPC_desc-preproc_dwi.nii.gz	0.0	0.30439339307982	0.1092761491531056	0.2927632821994027	0.30439339307982	0.2927632821994027	0.1092761491531056	0.3106520710369295	0.3106520710369295	sub-20333	ses-1				space-ACPC			DSIStudio	autotrackgqi
ProjectionBasalGanglia_FasciculusLenticularisR	li	TORTOISE_model-MAPMRI	/scratch/executivefunction/SLURM_13244013_43/job-13244013-43-sub-20333-ses-1/ds/inputs/data/qsiprep/qsiprep/sub-20333/ses-1/dwi/sub-20333_ses-1_space-ACPC_desc-preproc_dwi.nii.gz	0.0	0.1763204932212829	0.0754176303744316	0.1680942922830581	0.1763204932212829	0.1680942922830581	0.0754176303744316	0.1723745763301849	0.1723745763301849	sub-20333	ses-1				space-ACPC			DSIStudio	autotrackgqi
ProjectionBasalGanglia_FasciculusLenticularisR	ng	TORTOISE_model-MAPMRI	/scratch/executivefunction/SLURM_13244013_43/job-13244013-43-sub-20333-ses-1/ds/inputs/data/qsiprep/qsiprep/sub-20333/ses-1/dwi/sub-20333_ses-1_space-ACPC_desc-preproc_dwi.nii.gz	0.0	0.2517742216587066	0.0745803192257881	0.2443524897098541	0.2517742216587066	0.2443524897098541	0.0745803192257881	0.2498124539852142	0.2498124539852142	sub-20333	ses-1				space-ACPC			DSIStudio	autotrackgqi
ProjectionBasalGanglia_FasciculusLenticularisR	ngpar	TORTOISE_model-MAPMRI	/scratch/executivefunction/SLURM_13244013_43/job-13244013-43-sub-20333-ses-1/ds/inputs/data/qsiprep/qsiprep/sub-20333/ses-1/dwi/sub-20333_ses-1_space-ACPC_desc-preproc_dwi.nii.gz	0.0	0.1413637846708297	0.0373698584735393	0.1395825147628784	0.1413637846708297	0.1395825147628784	0.0373698584735393	0.1406402885913849	0.1406402885913849	sub-20333	ses-1				space-ACPC			DSIStudio	autotrackgqi
ProjectionBasalGanglia_FasciculusLenticularisR	ngperp	TORTOISE_model-MAPMRI	/scratch/executivefunction/SLURM_13244013_43/job-13244013-43-sub-20333-ses-1/ds/inputs/data/qsiprep/qsiprep/sub-20333/ses-1/dwi/sub-20333_ses-1_space-ACPC_desc-preproc_dwi.nii.gz	0.0	0.207836166024208	0.0633621886372566	0.2016275972127914	0.207836166024208	0.2016275972127914	0.0633621886372566	0.2078305780887603	0.2078305780887603	sub-20333	ses-1				space-ACPC			DSIStudio	autotrackgqi
ProjectionBasalGanglia_FasciculusLenticularisR	pa	TORTOISE_model-MAPMRI	/scratch/executivefunction/SLURM_13244013_43/job-13244013-43-sub-20333-ses-1/ds/inputs/data/qsiprep/qsiprep/sub-20333/ses-1/dwi/sub-20333_ses-1_space-ACPC_desc-preproc_dwi.nii.gz	0.0	0.5766478180885315	0.1641197204589843	0.5747774839401245	0.5766478180885315	0.5747774839401245	0.1641197204589843	0.588759183883667	0.588759183883667	sub-20333	ses-1				space-ACPC			DSIStudio	autotrackgqi
ProjectionBasalGanglia_FasciculusLenticularisR	path	TORTOISE_model-MAPMRI	/scratch/executivefunction/SLURM_13244013_43/job-13244013-43-sub-20333-ses-1/ds/inputs/data/qsiprep/qsiprep/sub-20333/ses-1/dwi/sub-20333_ses-1_space-ACPC_desc-preproc_dwi.nii.gz	0.0	0.2097427546977996	0.0657655745744705	0.1997978389263153	0.2097427546977996	0.1997978389263153	0.0657655745744705	0.2109364867210388	0.2109364867210388	sub-20333	ses-1				space-ACPC			DSIStudio	autotrackgqi
ProjectionBasalGanglia_FasciculusLenticularisR	rd	TORTOISE_model-MAPMRI	/scratch/executivefunction/SLURM_13244013_43/job-13244013-43-sub-20333-ses-1/ds/inputs/data/qsiprep/qsiprep/sub-20333/ses-1/dwi/sub-20333_ses-1_space-ACPC_desc-preproc_dwi.nii.gz	0.0	743.4971603565323	396.3017958081643	637.9612366070304	743.4971603565323	637.9612366070304	396.3017958081643	731.1593819462	731.1593819462	sub-20333	ses-1				space-ACPC			DSIStudio	autotrackgqi
ProjectionBasalGanglia_FasciculusLenticularisR	rtap	TORTOISE_model-MAPMRI	/scratch/executivefunction/SLURM_13244013_43/job-13244013-43-sub-20333-ses-1/ds/inputs/data/qsiprep/qsiprep/sub-20333/ses-1/dwi/sub-20333_ses-1_space-ACPC_desc-preproc_dwi.nii.gz	0.0	0.0099199740216135	0.0031911975238472	0.009877448901534	0.0099199740216135	0.009877448901534	0.0031911975238472	0.0097222700715065	0.0097222700715065	sub-20333	ses-1				space-ACPC			DSIStudio	autotrackgqi
ProjectionBasalGanglia_FasciculusLenticularisR	rtop	TORTOISE_model-MAPMRI	/scratch/executivefunction/SLURM_13244013_43/job-13244013-43-sub-20333-ses-1/ds/inputs/data/qsiprep/qsiprep/sub-20333/ses-1/dwi/sub-20333_ses-1_space-ACPC_desc-preproc_dwi.nii.gz	0.0	0.0002093568909913	6.8871901021339e-05	0.0002144160825992	0.0002093568909913	0.0002144160825992	6.8871901021339e-05	0.0002034332719631	0.0002034332719631	sub-20333	ses-1				space-ACPC			DSIStudio	autotrackgqi
ProjectionBasalGanglia_FasciculusLenticularisR	rtpp	TORTOISE_model-MAPMRI	/scratch/executivefunction/SLURM_13244013_43/job-13244013-43-sub-20333-ses-1/ds/inputs/data/qsiprep/qsiprep/sub-20333/ses-1/dwi/sub-20333_ses-1_space-ACPC_desc-preproc_dwi.nii.gz	0.0	0.0460422374308109	0.0071057216264307	0.0480031780898571	0.0460422374308109	0.0480031780898571	0.0071057216264307	0.0456620641052722	0.0456620641052722	sub-20333	ses-1				space-ACPC			DSIStudio	autotrackgqi
Commissure_CorpusCallosum	ad	TORTOISE_model-MAPMRI	/scratch/executivefunction/SLURM_13244013_43/job-13244013-43-sub-20333-ses-1/ds/inputs/data/qsiprep/qsiprep/sub-20333/ses-1/dwi/sub-20333_ses-1_space-ACPC_desc-preproc_dwi.nii.gz	0.0003337269600041	1269.5475193420775	452.881461342955	1146.046451870571	1269.9713430176755	1146.230308030042	452.3625149099493	1449.312968398138	1449.337847694377	sub-20333	ses-1				space-ACPC			DSIStudio	autotrackgqi
Commissure_CorpusCallosum	am	TORTOISE_model-MAPMRI	/scratch/executivefunction/SLURM_13244013_43/job-13244013-43-sub-20333-ses-1/ds/inputs/data/qsiprep/qsiprep/sub-20333/ses-1/dwi/sub-20333_ses-1_space-ACPC_desc-preproc_dwi.nii.gz	0.0003337269600041	542.9684448242188	185.3846435546875	486.330322265625	543.149658203125	486.40325927734375	185.14990234375	484.2921752929688	484.3004760742188	sub-20333	ses-1				space-ACPC			DSIStudio	autotrackgqi
Commissure_CorpusCallosum	fa	TORTOISE_model-MAPMRI	/scratch/executivefunction/SLURM_13244013_43/job-13244013-43-sub-20333-ses-1/ds/inputs/data/qsiprep/qsiprep/sub-20333/ses-1/dwi/sub-20333_ses-1_space-ACPC_desc-preproc_dwi.nii.gz	0.0003593982646198	0.3502925576824267	0.2092618414085778	0.3196131536609025	0.3504184974823126	0.3197189415924103	0.2091940021340499	0.508537680191634	0.5086240210225978	sub-20333	ses-1				space-ACPC			DSIStudio	autotrackgqi
Commissure_CorpusCallosum	li	TORTOISE_model-MAPMRI	/scratch/executivefunction/SLURM_13244013_43/job-13244013-43-sub-20333-ses-1/ds/inputs/data/qsiprep/qsiprep/sub-20333/ses-1/dwi/sub-20333_ses-1_space-ACPC_desc-preproc_dwi.nii.gz	0.0003850695692355	0.2205851525068283	0.1797078847885131	0.1729962527751922	0.2206701189279556	0.1730753928422927	0.1796903163194656	0.3647412955760956	0.3648034334182739	sub-20333	ses-1				space-ACPC			DSIStudio	autotrackgqi
Commissure_CorpusCallosum	ng	TORTOISE_model-MAPMRI	/scratch/executivefunction/SLURM_13244013_43/job-13244013-43-sub-20333-ses-1/ds/inputs/data/qsiprep/qsiprep/sub-20333/ses-1/dwi/sub-20333_ses-1_space-ACPC_desc-preproc_dwi.nii.gz	0.0003337269600041	0.2904688417911529	0.0878293067216873	0.3074920773506164	0.2905658185482025	0.3075344264507293	0.0876834467053413	0.3422912061214447	0.3422970771789551	sub-20333	ses-1				space-ACPC			DSIStudio	autotrackgqi
Commissure_CorpusCallosum	ngpar	TORTOISE_model-MAPMRI	/scratch/executivefunction/SLURM_13244013_43/job-13244013-43-sub-20333-ses-1/ds/inputs/data/qsiprep/qsiprep/sub-20333/ses-1/dwi/sub-20333_ses-1_space-ACPC_desc-preproc_dwi.nii.gz	0.0003337269600041	0.1331981718540191	0.037248209118843	0.1302870959043502	0.1332426369190216	0.1302945464849472	0.0371748246252536	0.1325529217720031	0.1325552016496658	sub-20333	ses-1				space-ACPC			DSIStudio	autotrackgqi
Commissure_CorpusCallosum	ngperp	TORTOISE_model-MAPMRI	/scratch/executivefunction/SLURM_13244013_43/job-13244013-43-sub-20333-ses-1/ds/inputs/data/qsiprep/qsiprep/sub-20333/ses-1/dwi/sub-20333_ses-1_space-ACPC_desc-preproc_dwi.nii.gz	0.0003337269600041	0.2521443665027618	0.0795571655035018	0.2627703547477722	0.2522285282611847	0.2627997398376465	0.0794369205832481	0.3009413480758667	0.3009464740753174	sub-20333	ses-1				space-ACPC			DSIStudio	autotrackgqi
Commissure_CorpusCallosum	pa	TORTOISE_model-MAPMRI	/scratch/executivefunction/SLURM_13244013_43/job-13244013-43-sub-20333-ses-1/ds/inputs/data/qsiprep/qsiprep/sub-20333/ses-1/dwi/sub-20333_ses-1_space-ACPC_desc-preproc_dwi.nii.gz	0.0003337269600041	0.6475924253463745	0.2617129981517792	0.7186081409454346	0.6478086709976196	0.7188127040863037	0.2614890038967132	0.82891446352005	0.8289287090301514	sub-20333	ses-1				space-ACPC			DSIStudio	autotrackgqi
Commissure_CorpusCallosum	path	TORTOISE_model-MAPMRI	/scratch/executivefunction/SLURM_13244013_43/job-13244013-43-sub-20333-ses-1/ds/inputs/data/qsiprep/qsiprep/sub-20333/ses-1/dwi/sub-20333_ses-1_space-ACPC_desc-preproc_dwi.nii.gz	0.0003337269600041	0.2671031951904297	0.1326243728399276	0.2534437775611877	0.2671923637390136	0.2535340785980224	0.132556676864624	0.3702943921089172	0.3703007698059082	sub-20333	ses-1				space-ACPC			DSIStudio	autotrackgqi
Commissure_CorpusCallosum	rd	TORTOISE_model-MAPMRI	/scratch/executivefunction/SLURM_13244013_43/job-13244013-43-sub-20333-ses-1/ds/inputs/data/qsiprep/qsiprep/sub-20333/ses-1/dwi/sub-20333_ses-1_space-ACPC_desc-preproc_dwi.nii.gz	0.0003337269600041	738.0608972956782	391.4391010434323	655.2833269102214	738.3072903432334	655.3317827751503	391.27203871878993	608.4136022833055	608.4240464039678	sub-20333	ses-1				space-ACPC			DSIStudio	autotrackgqi
Commissure_CorpusCallosum	rtap	TORTOISE_model-MAPMRI	/scratch/executivefunction/SLURM_13244013_43/job-13244013-43-sub-20333-ses-1/ds/inputs/data/qsiprep/qsiprep/sub-20333/ses-1/dwi/sub-20333_ses-1_space-ACPC_desc-preproc_dwi.nii.gz	0.0018996765415618	0.0120074683800339	0.0067999358288943	0.0105243157595396	0.0120303221046924	0.0105355028063058	0.0067861774004995	0.0163396038115024	0.016450211405754	sub-20333	ses-1				space-ACPC			DSIStudio	autotrackgqi
Commissure_CorpusCallosum	rtop	TORTOISE_model-MAPMRI	/scratch/executivefunction/SLURM_13244013_43/job-13244013-43-sub-20333-ses-1/ds/inputs/data/qsiprep/qsiprep/sub-20333/ses-1/dwi/sub-20333_ses-1_space-ACPC_desc-preproc_dwi.nii.gz	0.0018740052369461	0.0002392693859292	0.0018960409797728	0.0002186464553233	0.0002397186181042	0.0002189053921028	0.0018977919826284	0.0002907735179178	0.0002927416935563	sub-20333	ses-1				space-ACPC			DSIStudio	autotrackgqi
Commissure_CorpusCallosum	rtpp	TORTOISE_model-MAPMRI	/scratch/executivefunction/SLURM_13244013_43/job-13244013-43-sub-20333-ses-1/ds/inputs/data/qsiprep/qsiprep/sub-20333/ses-1/dwi/sub-20333_ses-1_space-ACPC_desc-preproc_dwi.nii.gz	0.0003337269600041	0.0433612652122974	0.0064035966061055	0.0445542708039283	0.0433757416903972	0.044557012617588	0.0063554574735462	0.0406617671251297	0.0406624637544155	sub-20333	ses-1				space-ACPC			DSIStudio	autotrackgqi
Commissure_AnteriorCommissure	ad	TORTOISE_model-MAPMRI	/scratch/executivefunction/SLURM_13244013_43/job-13244013-43-sub-20333-ses-1/ds/inputs/data/qsiprep/qsiprep/sub-20333/ses-1/dwi/sub-20333_ses-1_space-ACPC_desc-preproc_dwi.nii.gz	0.0004737091425864	1204.033002353774	366.39838547083326	1109.470958600262	1204.603634108444	1109.605478395471	365.5461890500621	1181.135165653218	1181.1420664486657	sub-20333	ses-1				space-ACPC			DSIStudio	autotrackgqi
Commissure_AnteriorCommissure	am	TORTOISE_model-MAPMRI	/scratch/executivefunction/SLURM_13244013_43/job-13244013-43-sub-20333-ses-1/ds/inputs/data/qsiprep/qsiprep/sub-20333/ses-1/dwi/sub-20333_ses-1_space-ACPC_desc-preproc_dwi.nii.gz	0.0004737091425864	612.3740234375	155.84280395507812	598.109375	612.664306640625	598.284423828125	155.30833435058594	592.6328735351562	592.6363525390625	sub-20333	ses-1				space-ACPC			DSIStudio	autotrackgqi
Commissure_AnteriorCommissure	fa	TORTOISE_model-MAPMRI	/scratch/executivefunction/SLURM_13244013_43/job-13244013-43-sub-20333-ses-1/ds/inputs/data/qsiprep/qsiprep/sub-20333/ses-1/dwi/sub-20333_ses-1_space-ACPC_desc-preproc_dwi.nii.gz	0.0004737091425864	0.2636606669666622	0.119381453441843	0.2440439295120102	0.2637856246287317	0.2442063945821881	0.1192716389625626	0.2953542949980961	0.2953560205777368	sub-20333	ses-1				space-ACPC			DSIStudio	autotrackgqi
Commissure_AnteriorCommissure	li	TORTOISE_model-MAPMRI	/scratch/executivefunction/SLURM_13244013_43/job-13244013-43-sub-20333-ses-1/ds/inputs/data/qsiprep/qsiprep/sub-20333/ses-1/dwi/sub-20333_ses-1_space-ACPC_desc-preproc_dwi.nii.gz	0.0004737091425864	0.1399197578430175	0.0856412574648857	0.118522435426712	0.1399860680103302	0.1186022087931633	0.0856073498725891	0.1616248190402984	0.1616257727146148	sub-20333	ses-1				space-ACPC			DSIStudio	autotrackgqi
Commissure_AnteriorCommissure	ng	TORTOISE_model-MAPMRI	/scratch/executivefunction/SLURM_13244013_43/job-13244013-43-sub-20333-ses-1/ds/inputs/data/qsiprep/qsiprep/sub-20333/ses-1/dwi/sub-20333_ses-1_space-ACPC_desc-preproc_dwi.nii.gz	0.0004737091425864	0.2314536124467849	0.0843299180269241	0.2210523188114166	0.2315632998943328	0.2210733145475387	0.0841991975903511	0.2270417511463165	0.2270430773496627	sub-20333	ses-1				space-ACPC			DSIStudio	autotrackgqi
Commissure_AnteriorCommissure	ngpar	TORTOISE_model-MAPMRI	/scratch/executivefunction/SLURM_13244013_43/job-13244013-43-sub-20333-ses-1/ds/inputs/data/qsiprep/qsiprep/sub-20333/ses-1/dwi/sub-20333_ses-1_space-ACPC_desc-preproc_dwi.nii.gz	0.0004737091425864	0.1325671523809433	0.0495653934776783	0.121443286538124	0.1326299756765365	0.1214474290609359	0.0494930259883403	0.1275680214166641	0.127568781375885	sub-20333	ses-1				space-ACPC			DSIStudio	autotrackgqi
Commissure_AnteriorCommissure	ngperp	TORTOISE_model-MAPMRI	/scratch/executivefunction/SLURM_13244013_43/job-13244013-43-sub-20333-ses-1/ds/inputs/data/qsiprep/qsiprep/sub-20333/ses-1/dwi/sub-20333_ses-1_space-ACPC_desc-preproc_dwi.nii.gz	0.0004737091425864	0.1947826445102691	0.0661954805254936	0.1917318999767303	0.194874957203865	0.1917397677898407	0.0660751834511756	0.1943951547145843	0.1943962723016739	sub-20333	ses-1				space-ACPC			DSIStudio	autotrackgqi
Commissure_AnteriorCommissure	pa	TORTOISE_model-MAPMRI	/scratch/executivefunction/SLURM_13244013_43/job-13244013-43-sub-20333-ses-1/ds/inputs/data/qsiprep/qsiprep/sub-20333/ses-1/dwi/sub-20333_ses-1_space-ACPC_desc-preproc_dwi.nii.gz	0.0004737091425864	0.513388454914093	0.1932366043329239	0.5096337795257568	0.5136317610740662	0.5098365545272827	0.1929588168859481	0.5486957430839539	0.5486989617347717	sub-20333	ses-1				space-ACPC			DSIStudio	autotrackgqi
Commissure_AnteriorCommissure	path	TORTOISE_model-MAPMRI	/scratch/executivefunction/SLURM_13244013_43/job-13244013-43-sub-20333-ses-1/ds/inputs/data/qsiprep/qsiprep/sub-20333/ses-1/dwi/sub-20333_ses-1_space-ACPC_desc-preproc_dwi.nii.gz	0.0004737091425864	0.1888788193464279	0.0671768561005592	0.1796290725469589	0.1889683306217193	0.179689422249794	0.0670667812228202	0.1996044069528579	0.1996055841445922	sub-20333	ses-1				space-ACPC			DSIStudio	autotrackgqi
Commissure_AnteriorCommissure	rd	TORTOISE_model-MAPMRI	/scratch/executivefunction/SLURM_13244013_43/job-13244013-43-sub-20333-ses-1/ds/inputs/data/qsiprep/qsiprep/sub-20333/ses-1/dwi/sub-20333_ses-1_space-ACPC_desc-preproc_dwi.nii.gz	0.0004737091425864	818.133149985944	325.92096873872947	726.3665975817148	818.5208908153212	726.3744177546318	325.5110554942217	750.6926683868586	750.6970543940312	sub-20333	ses-1				space-ACPC			DSIStudio	autotrackgqi
Commissure_AnteriorCommissure	rtap	TORTOISE_model-MAPMRI	/scratch/executivefunction/SLURM_13244013_43/job-13244013-43-sub-20333-ses-1/ds/inputs/data/qsiprep/qsiprep/sub-20333/ses-1/dwi/sub-20333_ses-1_space-ACPC_desc-preproc_dwi.nii.gz	0.0004737091425864	0.0083288550376892	0.0022141449153423	0.008315616287291	0.0083328019827604	0.0083169685676693	0.0022072312422096	0.0088131390511989	0.0088131912052631	sub-20333	ses-1				space-ACPC			DSIStudio	autotrackgqi
Commissure_AnteriorCommissure	rtop	TORTOISE_model-MAPMRI	/scratch/executivefunction/SLURM_13244013_43/job-13244013-43-sub-20333-ses-1/ds/inputs/data/qsiprep/qsiprep/sub-20333/ses-1/dwi/sub-20333_ses-1_space-ACPC_desc-preproc_dwi.nii.gz	0.0004737091425864	0.000164937286172	4.396895747049712e-05	0.0001703259331407	0.0001650154590606	0.0001703319139778	4.383247505757026e-05	0.0001721149601507	0.0001721159787848	sub-20333	ses-1				space-ACPC			DSIStudio	autotrackgqi
Commissure_AnteriorCommissure	rtpp	TORTOISE_model-MAPMRI	/scratch/executivefunction/SLURM_13244013_43/job-13244013-43-sub-20333-ses-1/ds/inputs/data/qsiprep/qsiprep/sub-20333/ses-1/dwi/sub-20333_ses-1_space-ACPC_desc-preproc_dwi.nii.gz	0.0004737091425864	0.0436053983867168	0.0057113883085548	0.0447591729462146	0.0436260625720024	0.0447631105780601	0.0056332796812057	0.04367595911026	0.0436762161552906	sub-20333	ses-1				space-ACPC			DSIStudio	autotrackgqi
Cerebellum_CerebellumL	ad	TORTOISE_model-MAPMRI	/scratch/executivefunction/SLURM_13244013_43/job-13244013-43-sub-20333-ses-1/ds/inputs/data/qsiprep/qsiprep/sub-20333/ses-1/dwi/sub-20333_ses-1_space-ACPC_desc-preproc_dwi.nii.gz	0.0167242123435476	971.6021614478752	356.44170298196843	885.4614816255109	988.1278209479764	888.1133368015585	335.97944400934745	966.8945213199772	970.5359626471104	sub-20333	ses-1				space-ACPC			DSIStudio	autotrackgqi
Cerebellum_CerebellumL	am	TORTOISE_model-MAPMRI	/scratch/executivefunction/SLURM_13244013_43/job-13244013-43-sub-20333-ses-1/ds/inputs/data/qsiprep/qsiprep/sub-20333/ses-1/dwi/sub-20333_ses-1_space-ACPC_desc-preproc_dwi.nii.gz	0.0167242123435476	593.912841796875	163.70802307128906	610.4539794921875	604.0144653320312	612.6273193359375	145.4462127685547	619.0955200195312	621.4270629882812	sub-20333	ses-1				space-ACPC			DSIStudio	autotrackgqi
Cerebellum_CerebellumL	fa	TORTOISE_model-MAPMRI	/scratch/executivefunction/SLURM_13244013_43/job-13244013-43-sub-20333-ses-1/ds/inputs/data/qsiprep/qsiprep/sub-20333/ses-1/dwi/sub-20333_ses-1_space-ACPC_desc-preproc_dwi.nii.gz	0.0167242123435476	0.2580851874813024	0.1005631607305906	0.2505870687919015	0.2624748729920674	0.2521465434466469	0.0955655531859808	0.2602522666686195	0.2612324080588921	sub-20333	ses-1				space-ACPC			DSIStudio	autotrackgqi
Cerebellum_CerebellumL	li	TORTOISE_model-MAPMRI	/scratch/executivefunction/SLURM_13244013_43/job-13244013-43-sub-20333-ses-1/ds/inputs/data/qsiprep/qsiprep/sub-20333/ses-1/dwi/sub-20333_ses-1_space-ACPC_desc-preproc_dwi.nii.gz	0.0171558049201553	0.1501363217830658	0.0717333704233169	0.1435202360153198	0.1527569890022277	0.1446581780910492	0.0695353895425796	0.1530028730630874	0.1535935848951339	sub-20333	ses-1				space-ACPC			DSIStudio	autotrackgqi
Cerebellum_CerebellumL	ng	TORTOISE_model-MAPMRI	/scratch/executivefunction/SLURM_13244013_43/job-13244013-43-sub-20333-ses-1/ds/inputs/data/qsiprep/qsiprep/sub-20333/ses-1/dwi/sub-20333_ses-1_space-ACPC_desc-preproc_dwi.nii.gz	0.0167242123435476	0.2836364507675171	0.0739119350910186	0.271405279636383	0.2884607315063476	0.2722876071929931	0.0645312070846557	0.2853770852088928	0.2864518761634826	sub-20333	ses-1				space-ACPC			DSIStudio	autotrackgqi
Cerebellum_CerebellumL	ngpar	TORTOISE_model-MAPMRI	/scratch/executivefunction/SLURM_13244013_43/job-13244013-43-sub-20333-ses-1/ds/inputs/data/qsiprep/qsiprep/sub-20333/ses-1/dwi/sub-20333_ses-1_space-ACPC_desc-preproc_dwi.nii.gz	0.0167242123435476	0.1711091697216034	0.0451095886528492	0.1656469404697418	0.1740195155143737	0.1662718504667282	0.0395351722836494	0.172157734632492	0.1728060841560363	sub-20333	ses-1				space-ACPC			DSIStudio	autotrackgqi
Cerebellum_CerebellumL	ngperp	TORTOISE_model-MAPMRI	/scratch/executivefunction/SLURM_13244013_43/job-13244013-43-sub-20333-ses-1/ds/inputs/data/qsiprep/qsiprep/sub-20333/ses-1/dwi/sub-20333_ses-1_space-ACPC_desc-preproc_dwi.nii.gz	0.0167242123435476	0.2240769416093826	0.0594106242060661	0.218949943780899	0.2278881967067718	0.2196584343910217	0.0521643310785293	0.2261230498552322	0.2269746661186218	sub-20333	ses-1				space-ACPC			DSIStudio	autotrackgqi
Cerebellum_CerebellumL	pa	TORTOISE_model-MAPMRI	/scratch/executivefunction/SLURM_13244013_43/job-13244013-43-sub-20333-ses-1/ds/inputs/data/qsiprep/qsiprep/sub-20333/ses-1/dwi/sub-20333_ses-1_space-ACPC_desc-preproc_dwi.nii.gz	0.0167242123435476	0.5219376683235168	0.1443600505590438	0.5006836652755737	0.5308151245117188	0.5027640461921692	0.1283821910619735	0.5270629525184631	0.5290478467941284	sub-20333	ses-1				space-ACPC			DSIStudio	autotrackgqi
Cerebellum_CerebellumL	path	TORTOISE_model-MAPMRI	/scratch/executivefunction/SLURM_13244013_43/job-13244013-43-sub-20333-ses-1/ds/inputs/data/qsiprep/qsiprep/sub-20333/ses-1/dwi/sub-20333_ses-1_space-ACPC_desc-preproc_dwi.nii.gz	0.0167242123435476	0.1889308840036392	0.0600802563130855	0.176978200674057	0.1921443492174148	0.1775921881198883	0.0552592389285564	0.1894926130771637	0.1902062445878982	sub-20333	ses-1				space-ACPC			DSIStudio	autotrackgqi
Cerebellum_CerebellumL	rd	TORTOISE_model-MAPMRI	/scratch/executivefunction/SLURM_13244013_43/job-13244013-43-sub-20333-ses-1/ds/inputs/data/qsiprep/qsiprep/sub-20333/ses-1/dwi/sub-20333_ses-1_space-ACPC_desc-preproc_dwi.nii.gz	0.0167242123435476	654.5657582000736	289.2764267411422	577.3876144270358	665.6990504771514	579.0487153528629	278.73415446005544	649.7907989598018	652.237989456912	sub-20333	ses-1				space-ACPC			DSIStudio	autotrackgqi
Cerebellum_CerebellumL	rtap	TORTOISE_model-MAPMRI	/scratch/executivefunction/SLURM_13244013_43/job-13244013-43-sub-20333-ses-1/ds/inputs/data/qsiprep/qsiprep/sub-20333/ses-1/dwi/sub-20333_ses-1_space-ACPC_desc-preproc_dwi.nii.gz	0.0170479067760034	0.0107697108760476	0.0039403201080858	0.0112624708563089	0.0109564960002899	0.0112937167286872	0.0037079493049532	0.010940657928586	0.010982877574861	sub-20333	ses-1				space-ACPC			DSIStudio	autotrackgqi
Cerebellum_CerebellumL	rtop	TORTOISE_model-MAPMRI	/scratch/executivefunction/SLURM_13244013_43/job-13244013-43-sub-20333-ses-1/ds/inputs/data/qsiprep/qsiprep/sub-20333/ses-1/dwi/sub-20333_ses-1_space-ACPC_desc-preproc_dwi.nii.gz	0.0170479067760034	0.0002511811908334	0.0001134840131271	0.0002677370503079	0.0002555375685915	0.0002687044034246	0.0001094932158594	0.0002549470809753	0.0002559309359639	sub-20333	ses-1				space-ACPC			DSIStudio	autotrackgqi
Cerebellum_CerebellumL	rtpp	TORTOISE_model-MAPMRI	/scratch/executivefunction/SLURM_13244013_43/job-13244013-43-sub-20333-ses-1/ds/inputs/data/qsiprep/qsiprep/sub-20333/ses-1/dwi/sub-20333_ses-1_space-ACPC_desc-preproc_dwi.nii.gz	0.0167242123435476	0.049579594284296	0.0091059105470776	0.0520623251795768	0.0504228770732879	0.0521392896771431	0.0064658466726541	0.0504449494183063	0.0506349317729473	sub-20333	ses-1				space-ACPC			DSIStudio	autotrackgqi
Cerebellum_MiddleCerebellarPeduncle	ad	TORTOISE_model-MAPMRI	/scratch/executivefunction/SLURM_13244013_43/job-13244013-43-sub-20333-ses-1/ds/inputs/data/qsiprep/qsiprep/sub-20333/ses-1/dwi/sub-20333_ses-1_space-ACPC_desc-preproc_dwi.nii.gz	0.00016818028927	1117.291425494352	609.3981354095849	918.9275797498776	1117.479363496958	918.9503751896156	609.2770614120246	1298.9170252978415	1298.9370780404342	sub-20333	ses-1				space-ACPC			DSIStudio	autotrackgqi
Cerebellum_MiddleCerebellarPeduncle	am	TORTOISE_model-MAPMRI	/scratch/executivefunction/SLURM_13244013_43/job-13244013-43-sub-20333-ses-1/ds/inputs/data/qsiprep/qsiprep/sub-20333/ses-1/dwi/sub-20333_ses-1_space-ACPC_desc-preproc_dwi.nii.gz	0.00016818028927	585.8792724609375	184.7147979736328	568.6058349609375	585.9778442382812	568.6343383789062	184.57394409179688	584.4364624023438	584.445556640625	sub-20333	ses-1				space-ACPC			DSIStudio	autotrackgqi
Cerebellum_MiddleCerebellarPeduncle	fa	TORTOISE_model-MAPMRI	/scratch/executivefunction/SLURM_13244013_43/job-13244013-43-sub-20333-ses-1/ds/inputs/data/qsiprep/qsiprep/sub-20333/ses-1/dwi/sub-20333_ses-1_space-ACPC_desc-preproc_dwi.nii.gz	0.00016818028927	0.3199605803046857	0.1601412461863012	0.2713559689151866	0.3200144004191189	0.2713618711127769	0.1601009346138934	0.387595508197643	0.3876014921120364	sub-20333	ses-1				space-ACPC			DSIStudio	autotrackgqi
Cerebellum_MiddleCerebellarPeduncle	li	TORTOISE_model-MAPMRI	/scratch/executivefunction/SLURM_13244013_43/job-13244013-43-sub-20333-ses-1/ds/inputs/data/qsiprep/qsiprep/sub-20333/ses-1/dwi/sub-20333_ses-1_space-ACPC_desc-preproc_dwi.nii.gz	0.00016818028927	0.1980536580085754	0.1307285726070404	0.1562830209732055	0.1980869770050048	0.1562989801168441	0.1307143270969391	0.2489716559648513	0.2489755004644394	sub-20333	ses-1				space-ACPC			DSIStudio	autotrackgqi
Cerebellum_MiddleCerebellarPeduncle	ng	TORTOISE_model-MAPMRI	/scratch/executivefunction/SLURM_13244013_43/job-13244013-43-sub-20333-ses-1/ds/inputs/data/qsiprep/qsiprep/sub-20333/ses-1/dwi/sub-20333_ses-1_space-ACPC_desc-preproc_dwi.nii.gz	0.00016818028927	0.3222498297691345	0.0761759132146835	0.3054709434509277	0.3223040103912353	0.3054976463317871	0.076067566871643	0.3631283044815063	0.3631338775157928	sub-20333	ses-1				space-ACPC			DSIStudio	autotrackgqi
Cerebellum_MiddleCerebellarPeduncle	ngpar	TORTOISE_model-MAPMRI	/scratch/executivefunction/SLURM_13244013_43/job-13244013-43-sub-20333-ses-1/ds/inputs/data/qsiprep/qsiprep/sub-20333/ses-1/dwi/sub-20333_ses-1_space-ACPC_desc-preproc_dwi.nii.gz	0.00016818028927	0.1674592345952987	0.0348492264747619	0.1632414311170578	0.1674873977899551	0.1632528305053711	0.034784410148859	0.1737605333328247	0.1737632155418396	sub-20333	ses-1				space-ACPC			DSIStudio	autotrackgqi
Cerebellum_MiddleCerebellarPeduncle	ngperp	TORTOISE_model-MAPMRI	/scratch/executivefunction/SLURM_13244013_43/job-13244013-43-sub-20333-ses-1/ds/inputs/data/qsiprep/qsiprep/sub-20333/ses-1/dwi/sub-20333_ses-1_space-ACPC_desc-preproc_dwi.nii.gz	0.00016818028927	0.2633976638317108	0.064628817141056	0.2483765482902526	0.2634419500827789	0.248380422592163	0.0645438954234123	0.3000239133834839	0.3000285625457763	sub-20333	ses-1				space-ACPC			DSIStudio	autotrackgqi
Cerebellum_MiddleCerebellarPeduncle	pa	TORTOISE_model-MAPMRI	/scratch/executivefunction/SLURM_13244013_43/job-13244013-43-sub-20333-ses-1/ds/inputs/data/qsiprep/qsiprep/sub-20333/ses-1/dwi/sub-20333_ses-1_space-ACPC_desc-preproc_dwi.nii.gz	0.00016818028927	0.6475257277488708	0.1862905323505401	0.5992739796638489	0.6476346254348755	0.5993316769599915	0.1861167997121811	0.7527374029159546	0.752748966217041	sub-20333	ses-1				space-ACPC			DSIStudio	autotrackgqi
Cerebellum_MiddleCerebellarPeduncle	path	TORTOISE_model-MAPMRI	/scratch/executivefunction/SLURM_13244013_43/job-13244013-43-sub-20333-ses-1/ds/inputs/data/qsiprep/qsiprep/sub-20333/ses-1/dwi/sub-20333_ses-1_space-ACPC_desc-preproc_dwi.nii.gz	0.00016818028927	0.2478732764720916	0.0951330885291099	0.2078780829906463	0.247914969921112	0.2078974843025207	0.0950867533683776	0.3021050095558166	0.3021096587181091	sub-20333	ses-1				space-ACPC			DSIStudio	autotrackgqi
Cerebellum_MiddleCerebellarPeduncle	rd	TORTOISE_model-MAPMRI	/scratch/executivefunction/SLURM_13244013_43/job-13244013-43-sub-20333-ses-1/ds/inputs/data/qsiprep/qsiprep/sub-20333/ses-1/dwi/sub-20333_ses-1_space-ACPC_desc-preproc_dwi.nii.gz	0.00016818028927	695.756489952452	491.3002769932077	564.1636336882519	695.8735221627046	564.1702815281344	491.2587139835405	740.74479569088	740.7562311738925	sub-20333	ses-1				space-ACPC			DSIStudio	autotrackgqi
Cerebellum_MiddleCerebellarPeduncle	rtap	TORTOISE_model-MAPMRI	/scratch/executivefunction/SLURM_13244013_43/job-13244013-43-sub-20333-ses-1/ds/inputs/data/qsiprep/qsiprep/sub-20333/ses-1/dwi/sub-20333_ses-1_space-ACPC_desc-preproc_dwi.nii.gz	0.0002522704339051	0.0128486100584268	0.0056311259977519	0.0119638554751873	0.012851851992309	0.0119641805067658	0.0056281355209648	0.0143041647970676	0.0143052963539958	sub-20333	ses-1				space-ACPC			DSIStudio	autotrackgqi
Cerebellum_MiddleCerebellarPeduncle	rtop	TORTOISE_model-MAPMRI	/scratch/executivefunction/SLURM_13244013_43/job-13244013-43-sub-20333-ses-1/ds/inputs/data/qsiprep/qsiprep/sub-20333/ses-1/dwi/sub-20333_ses-1_space-ACPC_desc-preproc_dwi.nii.gz	0.0002522704339051	0.000288226554403	0.0001150272073573	0.0002877813822124	0.0002882992848753	0.0002877943916246	0.0001149505478679	0.0003087651566602	0.0003087896038778	sub-20333	ses-1				space-ACPC			DSIStudio	autotrackgqi
Cerebellum_MiddleCerebellarPeduncle	rtpp	TORTOISE_model-MAPMRI	/scratch/executivefunction/SLURM_13244013_43/job-13244013-43-sub-20333-ses-1/ds/inputs/data/qsiprep/qsiprep/sub-20333/ses-1/dwi/sub-20333_ses-1_space-ACPC_desc-preproc_dwi.nii.gz	0.00016818028927	0.048647828400135	0.0087192365899682	0.0511752963066101	0.0486560091376304	0.051175732165575	0.0086971102282404	0.0455015376210212	0.0455022417008876	sub-20333	ses-1				space-ACPC			DSIStudio	autotrackgqi
Cerebellum_Vermis	ad	TORTOISE_model-MAPMRI	/scratch/executivefunction/SLURM_13244013_43/job-13244013-43-sub-20333-ses-1/ds/inputs/data/qsiprep/qsiprep/sub-20333/ses-1/dwi/sub-20333_ses-1_space-ACPC_desc-preproc_dwi.nii.gz	0.000937426763534	927.2696379262582	344.759738765464	837.7705406638058	928.1397009222012	837.8913566920753	343.74883836958327	900.8629192783148	900.9655450136278	sub-20333	ses-1				space-ACPC			DSIStudio	autotrackgqi
Cerebellum_Vermis	am	TORTOISE_model-MAPMRI	/scratch/executivefunction/SLURM_13244013_43/job-13244013-43-sub-20333-ses-1/ds/inputs/data/qsiprep/qsiprep/sub-20333/ses-1/dwi/sub-20333_ses-1_space-ACPC_desc-preproc_dwi.nii.gz	0.0	567.2782592773438	163.00289916992188	583.5005493164062	567.2782592773438	583.5005493164062	163.00289916992188	591.3261108398438	591.3261108398438	sub-20333	ses-1				space-ACPC			DSIStudio	autotrackgqi
Cerebellum_Vermis	fa	TORTOISE_model-MAPMRI	/scratch/executivefunction/SLURM_13244013_43/job-13244013-43-sub-20333-ses-1/ds/inputs/data/qsiprep/qsiprep/sub-20333/ses-1/dwi/sub-20333_ses-1_space-ACPC_desc-preproc_dwi.nii.gz	0.0011717834544176	0.2639881849588338	0.0969434906399952	0.2510924954594107	0.2642978848473355	0.2511038115323576	0.0965774960308218	0.2585459478277482	0.2585790696825412	sub-20333	ses-1				space-ACPC			DSIStudio	autotrackgqi
Cerebellum_Vermis	li	TORTOISE_model-MAPMRI	/scratch/executivefunction/SLURM_13244013_43/job-13244013-43-sub-20333-ses-1/ds/inputs/data/qsiprep/qsiprep/sub-20333/ses-1/dwi/sub-20333_ses-1_space-ACPC_desc-preproc_dwi.nii.gz	0.0007030700726505	0.1502270549535751	0.0716219022870063	0.1393074989318847	0.1503327488899231	0.1393535435199737	0.071536123752594	0.1467804312705993	0.1467966139316558	sub-20333	ses-1				space-ACPC			DSIStudio	autotrackgqi
Cerebellum_Vermis	ng	TORTOISE_model-MAPMRI	/scratch/executivefunction/SLURM_13244013_43/job-13244013-43-sub-20333-ses-1/ds/inputs/data/qsiprep/qsiprep/sub-20333/ses-1/dwi/sub-20333_ses-1_space-ACPC_desc-preproc_dwi.nii.gz	0.0	0.2896994352340698	0.0708228051662445	0.2727749347686767	0.2896994352340698	0.2727749347686767	0.0708228051662445	0.2793447375297546	0.2793447375297546	sub-20333	ses-1				space-ACPC			DSIStudio	autotrackgqi
Cerebellum_Vermis	ngpar	TORTOISE_model-MAPMRI	/scratch/executivefunction/SLURM_13244013_43/job-13244013-43-sub-20333-ses-1/ds/inputs/data/qsiprep/qsiprep/sub-20333/ses-1/dwi/sub-20333_ses-1_space-ACPC_desc-preproc_dwi.nii.gz	0.0	0.1762252748012542	0.0451495461165905	0.1689278930425644	0.1762252748012542	0.1689278930425644	0.0451495461165905	0.1740443110466003	0.1740443110466003	sub-20333	ses-1				space-ACPC			DSIStudio	autotrackgqi
Cerebellum_Vermis	ngperp	TORTOISE_model-MAPMRI	/scratch/executivefunction/SLURM_13244013_43/job-13244013-43-sub-20333-ses-1/ds/inputs/data/qsiprep/qsiprep/sub-20333/ses-1/dwi/sub-20333_ses-1_space-ACPC_desc-preproc_dwi.nii.gz	0.0	0.2244723439216613	0.0563615076243877	0.2164606153964996	0.2244723439216613	0.2164606153964996	0.0563615076243877	0.2165619134902954	0.2165619134902954	sub-20333	ses-1				space-ACPC			DSIStudio	autotrackgqi
Cerebellum_Vermis	pa	TORTOISE_model-MAPMRI	/scratch/executivefunction/SLURM_13244013_43/job-13244013-43-sub-20333-ses-1/ds/inputs/data/qsiprep/qsiprep/sub-20333/ses-1/dwi/sub-20333_ses-1_space-ACPC_desc-preproc_dwi.nii.gz	0.0	0.5335733890533447	0.1300310939550399	0.5014594793319702	0.5335733890533447	0.5014594793319702	0.1300310939550399	0.5112978219985962	0.5112978219985962	sub-20333	ses-1				space-ACPC			DSIStudio	autotrackgqi
Cerebellum_Vermis	path	TORTOISE_model-MAPMRI	/scratch/executivefunction/SLURM_13244013_43/job-13244013-43-sub-20333-ses-1/ds/inputs/data/qsiprep/qsiprep/sub-20333/ses-1/dwi/sub-20333_ses-1_space-ACPC_desc-preproc_dwi.nii.gz	0.0	0.1938967704772949	0.0630305334925651	0.1772070080041885	0.1938967704772949	0.1772070080041885	0.0630305334925651	0.1847760379314422	0.1847760379314422	sub-20333	ses-1				space-ACPC			DSIStudio	autotrackgqi
Cerebellum_Vermis	rd	TORTOISE_model-MAPMRI	/scratch/executivefunction/SLURM_13244013_43/job-13244013-43-sub-20333-ses-1/ds/inputs/data/qsiprep/qsiprep/sub-20333/ses-1/dwi/sub-20333_ses-1_space-ACPC_desc-preproc_dwi.nii.gz	0.000937426763534	622.4728194869051	271.3579213479972	554.4896484688596	623.0568896905053	554.5481877592674	270.81415180243675	606.3017011188113	606.3707706488218	sub-20333	ses-1				space-ACPC			DSIStudio	autotrackgqi
Cerebellum_Vermis	rtap	TORTOISE_model-MAPMRI	/scratch/executivefunction/SLURM_13244013_43/job-13244013-43-sub-20333-ses-1/ds/inputs/data/qsiprep/qsiprep/sub-20333/ses-1/dwi/sub-20333_ses-1_space-ACPC_desc-preproc_dwi.nii.gz	0.0035153503632528	0.011439518071711	0.0027043712325394	0.0117133157327771	0.0114798741415143	0.0117218103259801	0.0026222404558211	0.0113257765769958	0.0113526806235313	sub-20333	ses-1				space-ACPC			DSIStudio	autotrackgqi
Cerebellum_Vermis	rtop	TORTOISE_model-MAPMRI	/scratch/executivefunction/SLURM_13244013_43/job-13244013-43-sub-20333-ses-1/ds/inputs/data/qsiprep/qsiprep/sub-20333/ses-1/dwi/sub-20333_ses-1_space-ACPC_desc-preproc_dwi.nii.gz	0.0035153503632528	0.0002756896137725	7.149551674956456e-05	0.0002863000554498	0.0002766621764749	0.0002864027919713	6.971778930164874e-05	0.000273213838227	0.0002738628536462	sub-20333	ses-1				space-ACPC			DSIStudio	autotrackgqi
Cerebellum_Vermis	rtpp	TORTOISE_model-MAPMRI	/scratch/executivefunction/SLURM_13244013_43/job-13244013-43-sub-20333-ses-1/ds/inputs/data/qsiprep/qsiprep/sub-20333/ses-1/dwi/sub-20333_ses-1_space-ACPC_desc-preproc_dwi.nii.gz	0.000937426763534	0.0524326264858245	0.0066834217868745	0.0540189892053604	0.052481822669506	0.0540265403687953	0.006490611936897	0.0528046488761901	0.0528106652200222	sub-20333	ses-1				space-ACPC			DSIStudio	autotrackgqi
Cerebellum_SuperiorCerebellarPeduncle	ad	TORTOISE_model-MAPMRI	/scratch/executivefunction/SLURM_13244013_43/job-13244013-43-sub-20333-ses-1/ds/inputs/data/qsiprep/qsiprep/sub-20333/ses-1/dwi/sub-20333_ses-1_space-ACPC_desc-preproc_dwi.nii.gz	0.0	1256.9376328724998	632.9076804497181	1024.3912103825303	1256.9376328724998	1024.3912103825303	632.9076804497181	1480.9819522935973	1480.9819522935973	sub-20333	ses-1				space-ACPC			DSIStudio	autotrackgqi
Cerebellum_SuperiorCerebellarPeduncle	am	TORTOISE_model-MAPMRI	/scratch/executivefunction/SLURM_13244013_43/job-13244013-43-sub-20333-ses-1/ds/inputs/data/qsiprep/qsiprep/sub-20333/ses-1/dwi/sub-20333_ses-1_space-ACPC_desc-preproc_dwi.nii.gz	0.0	554.248291015625	224.4957427978516	496.0528564453125	554.248291015625	496.0528564453125	224.4957427978516	572.3707275390625	572.3707275390625	sub-20333	ses-1				space-ACPC			DSIStudio	autotrackgqi
Cerebellum_SuperiorCerebellarPeduncle	fa	TORTOISE_model-MAPMRI	/scratch/executivefunction/SLURM_13244013_43/job-13244013-43-sub-20333-ses-1/ds/inputs/data/qsiprep/qsiprep/sub-20333/ses-1/dwi/sub-20333_ses-1_space-ACPC_desc-preproc_dwi.nii.gz	0.0	0.3394262264960052	0.1512263532373289	0.3197393766494489	0.3394262264960052	0.3197393766494489	0.1512263532373289	0.3944082286241915	0.3944082286241915	sub-20333	ses-1				space-ACPC			DSIStudio	autotrackgqi
Cerebellum_SuperiorCerebellarPeduncle	li	TORTOISE_model-MAPMRI	/scratch/executivefunction/SLURM_13244013_43/job-13244013-43-sub-20333-ses-1/ds/inputs/data/qsiprep/qsiprep/sub-20333/ses-1/dwi/sub-20333_ses-1_space-ACPC_desc-preproc_dwi.nii.gz	0.0	0.1974120736122131	0.1113341152667999	0.1779409348964691	0.1974120736122131	0.1779409348964691	0.1113341152667999	0.2370996326208114	0.2370996326208114	sub-20333	ses-1				space-ACPC			DSIStudio	autotrackgqi
Cerebellum_SuperiorCerebellarPeduncle	ng	TORTOISE_model-MAPMRI	/scratch/executivefunction/SLURM_13244013_43/job-13244013-43-sub-20333-ses-1/ds/inputs/data/qsiprep/qsiprep/sub-20333/ses-1/dwi/sub-20333_ses-1_space-ACPC_desc-preproc_dwi.nii.gz	0.0	0.3398723304271698	0.06746157258749	0.3436310887336731	0.3398723304271698	0.3436310887336731	0.06746157258749	0.3498764634132385	0.3498764634132385	sub-20333	ses-1				space-ACPC			DSIStudio	autotrackgqi
Cerebellum_SuperiorCerebellarPeduncle	ngpar	TORTOISE_model-MAPMRI	/scratch/executivefunction/SLURM_13244013_43/job-13244013-43-sub-20333-ses-1/ds/inputs/data/qsiprep/qsiprep/sub-20333/ses-1/dwi/sub-20333_ses-1_space-ACPC_desc-preproc_dwi.nii.gz	0.0	0.1678646206855774	0.0407556183636188	0.16810142993927	0.1678646206855774	0.16810142993927	0.0407556183636188	0.1550385355949401	0.1550385355949401	sub-20333	ses-1				space-ACPC			DSIStudio	autotrackgqi
Cerebellum_SuperiorCerebellarPeduncle	ngperp	TORTOISE_model-MAPMRI	/scratch/executivefunction/SLURM_13244013_43/job-13244013-43-sub-20333-ses-1/ds/inputs/data/qsiprep/qsiprep/sub-20333/ses-1/dwi/sub-20333_ses-1_space-ACPC_desc-preproc_dwi.nii.gz	0.0	0.280112087726593	0.061053205281496	0.2843334674835205	0.280112087726593	0.2843334674835205	0.061053205281496	0.2954710721969604	0.2954710721969604	sub-20333	ses-1				space-ACPC			DSIStudio	autotrackgqi
Cerebellum_SuperiorCerebellarPeduncle	pa	TORTOISE_model-MAPMRI	/scratch/executivefunction/SLURM_13244013_43/job-13244013-43-sub-20333-ses-1/ds/inputs/data/qsiprep/qsiprep/sub-20333/ses-1/dwi/sub-20333_ses-1_space-ACPC_desc-preproc_dwi.nii.gz	0.0	0.7058176398277283	0.1585690826177597	0.7207355499267578	0.7058176398277283	0.7207355499267578	0.1585690826177597	0.7582076787948608	0.7582076787948608	sub-20333	ses-1				space-ACPC			DSIStudio	autotrackgqi
Cerebellum_SuperiorCerebellarPeduncle	path	TORTOISE_model-MAPMRI	/scratch/executivefunction/SLURM_13244013_43/job-13244013-43-sub-20333-ses-1/ds/inputs/data/qsiprep/qsiprep/sub-20333/ses-1/dwi/sub-20333_ses-1_space-ACPC_desc-preproc_dwi.nii.gz	0.0	0.2672507166862488	0.0835691094398498	0.2543855607509613	0.2672507166862488	0.2543855607509613	0.0835691094398498	0.3015341162681579	0.3015341162681579	sub-20333	ses-1				space-ACPC			DSIStudio	autotrackgqi
Cerebellum_SuperiorCerebellarPeduncle	rd	TORTOISE_model-MAPMRI	/scratch/executivefunction/SLURM_13244013_43/job-13244013-43-sub-20333-ses-1/ds/inputs/data/qsiprep/qsiprep/sub-20333/ses-1/dwi/sub-20333_ses-1_space-ACPC_desc-preproc_dwi.nii.gz	0.0	764.9510929480937	509.16839641962247	596.9204211030061	764.9510929480937	596.9204211030061	509.16839641962247	801.1122079901697	801.1122079901697	sub-20333	ses-1				space-ACPC			DSIStudio	autotrackgqi
Cerebellum_SuperiorCerebellarPeduncle	rtap	TORTOISE_model-MAPMRI	/scratch/executivefunction/SLURM_13244013_43/job-13244013-43-sub-20333-ses-1/ds/inputs/data/qsiprep/qsiprep/sub-20333/ses-1/dwi/sub-20333_ses-1_space-ACPC_desc-preproc_dwi.nii.gz	0.0004058441558441	0.0118621475994586	0.0048948167823255	0.0118313878774642	0.0118669643998146	0.0118347182869911	0.0048899697139859	0.012076404877007	0.0120835565030574	sub-20333	ses-1				space-ACPC			DSIStudio	autotrackgqi
Cerebellum_SuperiorCerebellarPeduncle	rtop	TORTOISE_model-MAPMRI	/scratch/executivefunction/SLURM_13244013_43/job-13244013-43-sub-20333-ses-1/ds/inputs/data/qsiprep/qsiprep/sub-20333/ses-1/dwi/sub-20333_ses-1_space-ACPC_desc-preproc_dwi.nii.gz	0.0004058441558441	0.0002545335737522	0.0001045681201503	0.00027071396471	0.0002546369214542	0.0002707884414121	0.0001044634773279	0.0002349960413994	0.0002351352304685	sub-20333	ses-1				space-ACPC			DSIStudio	autotrackgqi
Cerebellum_SuperiorCerebellarPeduncle	rtpp	TORTOISE_model-MAPMRI	/scratch/executivefunction/SLURM_13244013_43/job-13244013-43-sub-20333-ses-1/ds/inputs/data/qsiprep/qsiprep/sub-20333/ses-1/dwi/sub-20333_ses-1_space-ACPC_desc-preproc_dwi.nii.gz	0.0	0.0454436428844928	0.0092183360829949	0.0478878542780876	0.0454436428844928	0.0478878542780876	0.0092183360829949	0.0416558384895324	0.0416558384895324	sub-20333	ses-1				space-ACPC			DSIStudio	autotrackgqi
Cerebellum_CerebellumR	ad	TORTOISE_model-MAPMRI	/scratch/executivefunction/SLURM_13244013_43/job-13244013-43-sub-20333-ses-1/ds/inputs/data/qsiprep/qsiprep/sub-20333/ses-1/dwi/sub-20333_ses-1_space-ACPC_desc-preproc_dwi.nii.gz	0.0070215175537938	949.2579706434732	303.06006632696	866.3969413956058	955.97033311837	867.9793092359457	293.3905906476025	987.2208400648984	989.5342456275054	sub-20333	ses-1				space-ACPC			DSIStudio	autotrackgqi
Cerebellum_CerebellumR	am	TORTOISE_model-MAPMRI	/scratch/executivefunction/SLURM_13244013_43/job-13244013-43-sub-20333-ses-1/ds/inputs/data/qsiprep/qsiprep/sub-20333/ses-1/dwi/sub-20333_ses-1_space-ACPC_desc-preproc_dwi.nii.gz	0.0070215175537938	588.75439453125	149.08877563476562	598.7142944335938	592.9176025390625	599.444091796875	141.12481689453125	618.4688720703125	619.9181518554688	sub-20333	ses-1				space-ACPC			DSIStudio	autotrackgqi
Cerebellum_CerebellumR	fa	TORTOISE_model-MAPMRI	/scratch/executivefunction/SLURM_13244013_43/job-13244013-43-sub-20333-ses-1/ds/inputs/data/qsiprep/qsiprep/sub-20333/ses-1/dwi/sub-20333_ses-1_space-ACPC_desc-preproc_dwi.nii.gz	0.0071347678369195	0.2646208741693175	0.1182005112269498	0.2386264934662488	0.2665224499732033	0.2393143555477484	0.1164686522202312	0.2674668003075202	0.2681063520510293	sub-20333	ses-1				space-ACPC			DSIStudio	autotrackgqi
Cerebellum_CerebellumR	li	TORTOISE_model-MAPMRI	/scratch/executivefunction/SLURM_13244013_43/job-13244013-43-sub-20333-ses-1/ds/inputs/data/qsiprep/qsiprep/sub-20333/ses-1/dwi/sub-20333_ses-1_space-ACPC_desc-preproc_dwi.nii.gz	0.0070215175537938	0.1581276208162307	0.0902839228510856	0.1365885138511657	0.1592457592487335	0.1371108591556549	0.089614525437355	0.1614750027656555	0.161853402853012	sub-20333	ses-1				space-ACPC			DSIStudio	autotrackgqi
Cerebellum_CerebellumR	ng	TORTOISE_model-MAPMRI	/scratch/executivefunction/SLURM_13244013_43/job-13244013-43-sub-20333-ses-1/ds/inputs/data/qsiprep/qsiprep/sub-20333/ses-1/dwi/sub-20333_ses-1_space-ACPC_desc-preproc_dwi.nii.gz	0.0070215175537938	0.2836525440216064	0.0622156374156475	0.2716930508613586	0.2856582999229431	0.2720388174057007	0.0576645098626613	0.2836644053459167	0.2843290865421295	sub-20333	ses-1				space-ACPC			DSIStudio	autotrackgqi
Cerebellum_CerebellumR	ngpar	TORTOISE_model-MAPMRI	/scratch/executivefunction/SLURM_13244013_43/job-13244013-43-sub-20333-ses-1/ds/inputs/data/qsiprep/qsiprep/sub-20333/ses-1/dwi/sub-20333_ses-1_space-ACPC_desc-preproc_dwi.nii.gz	0.0070215175537938	0.1678017675876617	0.0429677851498127	0.160372719168663	0.1689883172512054	0.1605930626392364	0.0407280214130878	0.1689463108778	0.1693422198295593	sub-20333	ses-1				space-ACPC			DSIStudio	autotrackgqi
Cerebellum_CerebellumR	ngperp	TORTOISE_model-MAPMRI	/scratch/executivefunction/SLURM_13244013_43/job-13244013-43-sub-20333-ses-1/ds/inputs/data/qsiprep/qsiprep/sub-20333/ses-1/dwi/sub-20333_ses-1_space-ACPC_desc-preproc_dwi.nii.gz	0.0070215175537938	0.2278989553451538	0.0512023046612739	0.2221527993679046	0.2295104712247848	0.2224774360656738	0.0476482473313808	0.2287511974573135	0.2292872667312622	sub-20333	ses-1				space-ACPC			DSIStudio	autotrackgqi
Cerebellum_CerebellumR	pa	TORTOISE_model-MAPMRI	/scratch/executivefunction/SLURM_13244013_43/job-13244013-43-sub-20333-ses-1/ds/inputs/data/qsiprep/qsiprep/sub-20333/ses-1/dwi/sub-20333_ses-1_space-ACPC_desc-preproc_dwi.nii.gz	0.0070215175537938	0.5351871252059937	0.1372915804386139	0.5042732954025269	0.538971483707428	0.5050153732299805	0.1301636695861816	0.5369852781295776	0.5382437109947205	sub-20333	ses-1				space-ACPC			DSIStudio	autotrackgqi
Cerebellum_CerebellumR	path	TORTOISE_model-MAPMRI	/scratch/executivefunction/SLURM_13244013_43/job-13244013-43-sub-20333-ses-1/ds/inputs/data/qsiprep/qsiprep/sub-20333/ses-1/dwi/sub-20333_ses-1_space-ACPC_desc-preproc_dwi.nii.gz	0.0070215175537938	0.1948559135198593	0.0647411569952964	0.1780384629964828	0.1962337791919708	0.1782581210136413	0.062854379415512	0.1949730813503265	0.1954299658536911	sub-20333	ses-1				space-ACPC			DSIStudio	autotrackgqi
Cerebellum_CerebellumR	rd	TORTOISE_model-MAPMRI	/scratch/executivefunction/SLURM_13244013_43/job-13244013-43-sub-20333-ses-1/ds/inputs/data/qsiprep/qsiprep/sub-20333/ses-1/dwi/sub-20333_ses-1_space-ACPC_desc-preproc_dwi.nii.gz	0.0070215175537938	628.0522132381723	233.96296478187492	576.4234599100791	632.4932758774021	576.9088120371762	228.7286447952749	653.5721890482432	655.1037384967245	sub-20333	ses-1				space-ACPC			DSIStudio	autotrackgqi
Cerebellum_CerebellumR	rtap	TORTOISE_model-MAPMRI	/scratch/executivefunction/SLURM_13244013_43/job-13244013-43-sub-20333-ses-1/ds/inputs/data/qsiprep/qsiprep/sub-20333/ses-1/dwi/sub-20333_ses-1_space-ACPC_desc-preproc_dwi.nii.gz	0.0083805209513023	0.0112900724634528	0.003383700735867	0.0114209605380892	0.0113854883238673	0.011438937857747	0.0032341664191335	0.0111711379140615	0.0112028000876307	sub-20333	ses-1				space-ACPC			DSIStudio	autotrackgqi
Cerebellum_CerebellumR	rtop	TORTOISE_model-MAPMRI	/scratch/executivefunction/SLURM_13244013_43/job-13244013-43-sub-20333-ses-1/ds/inputs/data/qsiprep/qsiprep/sub-20333/ses-1/dwi/sub-20333_ses-1_space-ACPC_desc-preproc_dwi.nii.gz	0.0083805209513023	0.0002639093727339	7.867734530009329e-05	0.0002734996087383	0.0002661397738847	0.0002738766488619	7.515879406128079e-05	0.000260155647993	0.0002608929644338	sub-20333	ses-1				space-ACPC			DSIStudio	autotrackgqi
Cerebellum_CerebellumR	rtpp	TORTOISE_model-MAPMRI	/scratch/executivefunction/SLURM_13244013_43/job-13244013-43-sub-20333-ses-1/ds/inputs/data/qsiprep/qsiprep/sub-20333/ses-1/dwi/sub-20333_ses-1_space-ACPC_desc-preproc_dwi.nii.gz	0.0070215175537938	0.0505800172686576	0.0075409198179841	0.0524455271661281	0.0509376786649227	0.0524917393922805	0.0062489369884133	0.0501597635447979	0.0502773113548755	sub-20333	ses-1				space-ACPC			DSIStudio	autotrackgqi
Cerebellum_InferiorCerebellarPeduncleL	ad	TORTOISE_model-MAPMRI	/scratch/executivefunction/SLURM_13244013_43/job-13244013-43-sub-20333-ses-1/ds/inputs/data/qsiprep/qsiprep/sub-20333/ses-1/dwi/sub-20333_ses-1_space-ACPC_desc-preproc_dwi.nii.gz	0.0029348986125933	1135.5991571115203	634.8094019159231	927.4709222726684	1138.941835925603	928.0560462623996	632.7416973445632	1169.9272560502145	1173.0047013210085	sub-20333	ses-1				space-ACPC			DSIStudio	autotrackgqi
Cerebellum_InferiorCerebellarPeduncleL	am	TORTOISE_model-MAPMRI	/scratch/executivefunction/SLURM_13244013_43/job-13244013-43-sub-20333-ses-1/ds/inputs/data/qsiprep/qsiprep/sub-20333/ses-1/dwi/sub-20333_ses-1_space-ACPC_desc-preproc_dwi.nii.gz	0.0	589.8392333984375	193.63487243652344	560.480712890625	589.8392333984375	560.480712890625	193.63487243652344	550.3599243164062	550.3599853515625	sub-20333	ses-1				space-ACPC			DSIStudio	autotrackgqi
Cerebellum_InferiorCerebellarPeduncleL	fa	TORTOISE_model-MAPMRI	/scratch/executivefunction/SLURM_13244013_43/job-13244013-43-sub-20333-ses-1/ds/inputs/data/qsiprep/qsiprep/sub-20333/ses-1/dwi/sub-20333_ses-1_space-ACPC_desc-preproc_dwi.nii.gz	0.0029348986125933	0.3046752504003137	0.1416785129843805	0.2759647089065118	0.3055720734547433	0.276143771883227	0.140917855524926	0.3705151244318012	0.3714897489893472	sub-20333	ses-1				space-ACPC			DSIStudio	autotrackgqi
Cerebellum_InferiorCerebellarPeduncleL	li	TORTOISE_model-MAPMRI	/scratch/executivefunction/SLURM_13244013_43/job-13244013-43-sub-20333-ses-1/ds/inputs/data/qsiprep/qsiprep/sub-20333/ses-1/dwi/sub-20333_ses-1_space-ACPC_desc-preproc_dwi.nii.gz	0.0	0.1839877367019653	0.113234706223011	0.1590365618467331	0.1839877367019653	0.1590365618467331	0.113234706223011	0.2363925278186798	0.236392542719841	sub-20333	ses-1				space-ACPC			DSIStudio	autotrackgqi
Cerebellum_InferiorCerebellarPeduncleL	ng	TORTOISE_model-MAPMRI	/scratch/executivefunction/SLURM_13244013_43/job-13244013-43-sub-20333-ses-1/ds/inputs/data/qsiprep/qsiprep/sub-20333/ses-1/dwi/sub-20333_ses-1_space-ACPC_desc-preproc_dwi.nii.gz	0.0	0.3267913460731506	0.079317569732666	0.3123232424259186	0.3267913460731506	0.3123232424259186	0.079317569732666	0.3558540344238281	0.3558540940284729	sub-20333	ses-1				space-ACPC			DSIStudio	autotrackgqi
Cerebellum_InferiorCerebellarPeduncleL	ngpar	TORTOISE_model-MAPMRI	/scratch/executivefunction/SLURM_13244013_43/job-13244013-43-sub-20333-ses-1/ds/inputs/data/qsiprep/qsiprep/sub-20333/ses-1/dwi/sub-20333_ses-1_space-ACPC_desc-preproc_dwi.nii.gz	0.0	0.174107477068901	0.0379334725439548	0.1690974831581115	0.174107477068901	0.1690974831581115	0.0379334725439548	0.173200637102127	0.1732006520032882	sub-20333	ses-1				space-ACPC			DSIStudio	autotrackgqi
Cerebellum_InferiorCerebellarPeduncleL	ngperp	TORTOISE_model-MAPMRI	/scratch/executivefunction/SLURM_13244013_43/job-13244013-43-sub-20333-ses-1/ds/inputs/data/qsiprep/qsiprep/sub-20333/ses-1/dwi/sub-20333_ses-1_space-ACPC_desc-preproc_dwi.nii.gz	0.0	0.2653181850910187	0.0664990544319152	0.2541946172714233	0.2653181850910187	0.2541946172714233	0.0664990544319152	0.2940840721130371	0.2940840721130371	sub-20333	ses-1				space-ACPC			DSIStudio	autotrackgqi
Cerebellum_InferiorCerebellarPeduncleL	pa	TORTOISE_model-MAPMRI	/scratch/executivefunction/SLURM_13244013_43/job-13244013-43-sub-20333-ses-1/ds/inputs/data/qsiprep/qsiprep/sub-20333/ses-1/dwi/sub-20333_ses-1_space-ACPC_desc-preproc_dwi.nii.gz	0.0	0.6394898295402527	0.1747673004865646	0.6127365231513977	0.6394898295402527	0.6127365231513977	0.1747673004865646	0.7415031790733337	0.7415032386779785	sub-20333	ses-1				space-ACPC			DSIStudio	autotrackgqi
Cerebellum_InferiorCerebellarPeduncleL	path	TORTOISE_model-MAPMRI	/scratch/executivefunction/SLURM_13244013_43/job-13244013-43-sub-20333-ses-1/ds/inputs/data/qsiprep/qsiprep/sub-20333/ses-1/dwi/sub-20333_ses-1_space-ACPC_desc-preproc_dwi.nii.gz	0.0	0.2407541871070861	0.088781900703907	0.2124620974063873	0.2407541871070861	0.2124620974063873	0.088781900703907	0.2888531684875488	0.2888531684875488	sub-20333	ses-1				space-ACPC			DSIStudio	autotrackgqi
Cerebellum_InferiorCerebellarPeduncleL	rd	TORTOISE_model-MAPMRI	/scratch/executivefunction/SLURM_13244013_43/job-13244013-43-sub-20333-ses-1/ds/inputs/data/qsiprep/qsiprep/sub-20333/ses-1/dwi/sub-20333_ses-1_space-ACPC_desc-preproc_dwi.nii.gz	0.0029348986125933	732.620191055008	518.2819448305232	571.0800467711056	734.776686131702	571.4533845669089	517.5155203851591	681.8035004473966	683.5969564946424	sub-20333	ses-1				space-ACPC			DSIStudio	autotrackgqi
Cerebellum_InferiorCerebellarPeduncleL	rtap	TORTOISE_model-MAPMRI	/scratch/executivefunction/SLURM_13244013_43/job-13244013-43-sub-20333-ses-1/ds/inputs/data/qsiprep/qsiprep/sub-20333/ses-1/dwi/sub-20333_ses-1_space-ACPC_desc-preproc_dwi.nii.gz	0.0029348986125933	0.0119612524285912	0.0048347418196499	0.0117566715925931	0.011996460147202	0.0117629161104559	0.0047980365343391	0.0137833915650844	0.0138196498155593	sub-20333	ses-1				space-ACPC			DSIStudio	autotrackgqi
Cerebellum_InferiorCerebellarPeduncleL	rtop	TORTOISE_model-MAPMRI	/scratch/executivefunction/SLURM_13244013_43/job-13244013-43-sub-20333-ses-1/ds/inputs/data/qsiprep/qsiprep/sub-20333/ses-1/dwi/sub-20333_ses-1_space-ACPC_desc-preproc_dwi.nii.gz	0.0029348986125933	0.0002709779073484	0.000106578656414	0.0002816034248098	0.0002717755560297	0.000281969550997	0.000105715036625	0.0003008820931427	0.0003016735427081	sub-20333	ses-1				space-ACPC			DSIStudio	autotrackgqi
Cerebellum_InferiorCerebellarPeduncleL	rtpp	TORTOISE_model-MAPMRI	/scratch/executivefunction/SLURM_13244013_43/job-13244013-43-sub-20333-ses-1/ds/inputs/data/qsiprep/qsiprep/sub-20333/ses-1/dwi/sub-20333_ses-1_space-ACPC_desc-preproc_dwi.nii.gz	0.0029348986125933	0.048039186745882	0.0091971876099705	0.0508582517504692	0.048180591315031	0.0508757010102272	0.0088331345468759	0.0467264726758003	0.0468493849039077	sub-20333	ses-1				space-ACPC			DSIStudio	autotrackgqi
Cerebellum_InferiorCerebellarPeduncleR	ad	TORTOISE_model-MAPMRI	/scratch/executivefunction/SLURM_13244013_43/job-13244013-43-sub-20333-ses-1/ds/inputs/data/qsiprep/qsiprep/sub-20333/ses-1/dwi/sub-20333_ses-1_space-ACPC_desc-preproc_dwi.nii.gz	0.0072143355829648	1045.4141907812384	483.99021763789335	908.5386749710492	1053.0109652571452	910.2582846204908	477.4403181198952	1091.6814991799824	1096.971183693992	sub-20333	ses-1				space-ACPC			DSIStudio	autotrackgqi
Cerebellum_InferiorCerebellarPeduncleR	am	TORTOISE_model-MAPMRI	/scratch/executivefunction/SLURM_13244013_43/job-13244013-43-sub-20333-ses-1/ds/inputs/data/qsiprep/qsiprep/sub-20333/ses-1/dwi/sub-20333_ses-1_space-ACPC_desc-preproc_dwi.nii.gz	0.0023272050267628	570.9247436523438	176.2110595703125	564.79736328125	572.2564697265625	565.0042114257812	174.24310302734375	549.8560180664062	550.2833862304688	sub-20333	ses-1				space-ACPC			DSIStudio	autotrackgqi
Cerebellum_InferiorCerebellarPeduncleR	fa	TORTOISE_model-MAPMRI	/scratch/executivefunction/SLURM_13244013_43/job-13244013-43-sub-20333-ses-1/ds/inputs/data/qsiprep/qsiprep/sub-20333/ses-1/dwi/sub-20333_ses-1_space-ACPC_desc-preproc_dwi.nii.gz	0.0072143355829648	0.2960249356913981	0.1430958987720247	0.2577931349813276	0.2981760779807637	0.2586934389770243	0.1413641200270925	0.3451323172940727	0.3468046376054017	sub-20333	ses-1				space-ACPC			DSIStudio	autotrackgqi
Cerebellum_InferiorCerebellarPeduncleR	li	TORTOISE_model-MAPMRI	/scratch/executivefunction/SLURM_13244013_43/job-13244013-43-sub-20333-ses-1/ds/inputs/data/qsiprep/qsiprep/sub-20333/ses-1/dwi/sub-20333_ses-1_space-ACPC_desc-preproc_dwi.nii.gz	0.0023272050267628	0.1788143366575241	0.1147124618291854	0.1446092128753662	0.1792314350605011	0.1447671502828598	0.1145202293992042	0.2091047465801239	0.2092672884464264	sub-20333	ses-1				space-ACPC			DSIStudio	autotrackgqi
Cerebellum_InferiorCerebellarPeduncleR	ng	TORTOISE_model-MAPMRI	/scratch/executivefunction/SLURM_13244013_43/job-13244013-43-sub-20333-ses-1/ds/inputs/data/qsiprep/qsiprep/sub-20333/ses-1/dwi/sub-20333_ses-1_space-ACPC_desc-preproc_dwi.nii.gz	0.0023272050267628	0.3172302544116974	0.0747836604714393	0.3074065744876861	0.3179702460765838	0.3075363934040069	0.0732826590538024	0.3364151120185852	0.3366765677928924	sub-20333	ses-1				space-ACPC			DSIStudio	autotrackgqi
Cerebellum_InferiorCerebellarPeduncleR	ngpar	TORTOISE_model-MAPMRI	/scratch/executivefunction/SLURM_13244013_43/job-13244013-43-sub-20333-ses-1/ds/inputs/data/qsiprep/qsiprep/sub-20333/ses-1/dwi/sub-20333_ses-1_space-ACPC_desc-preproc_dwi.nii.gz	0.0023272050267628	0.1710160821676254	0.045024499297142	0.1655019074678421	0.1714150011539459	0.1656433641910553	0.0443120002746582	0.1683947592973709	0.1685256361961364	sub-20333	ses-1				space-ACPC			DSIStudio	autotrackgqi
Cerebellum_InferiorCerebellarPeduncleR	ngperp	TORTOISE_model-MAPMRI	/scratch/executivefunction/SLURM_13244013_43/job-13244013-43-sub-20333-ses-1/ds/inputs/data/qsiprep/qsiprep/sub-20333/ses-1/dwi/sub-20333_ses-1_space-ACPC_desc-preproc_dwi.nii.gz	0.0023272050267628	0.2583936154842376	0.0613303445279598	0.2504260838031769	0.2589963674545288	0.2506125271320343	0.0601172000169754	0.2774193584918976	0.2776350080966949	sub-20333	ses-1				space-ACPC			DSIStudio	autotrackgqi
Cerebellum_InferiorCerebellarPeduncleR	pa	TORTOISE_model-MAPMRI	/scratch/executivefunction/SLURM_13244013_43/job-13244013-43-sub-20333-ses-1/ds/inputs/data/qsiprep/qsiprep/sub-20333/ses-1/dwi/sub-20333_ses-1_space-ACPC_desc-preproc_dwi.nii.gz	0.0023272050267628	0.6246988773345947	0.1712302267551422	0.5846542119979858	0.6261560916900635	0.5855985879898071	0.16874760389328	0.7001984119415283	0.7007426023483276	sub-20333	ses-1				space-ACPC			DSIStudio	autotrackgqi
Cerebellum_InferiorCerebellarPeduncleR	path	TORTOISE_model-MAPMRI	/scratch/executivefunction/SLURM_13244013_43/job-13244013-43-sub-20333-ses-1/ds/inputs/data/qsiprep/qsiprep/sub-20333/ses-1/dwi/sub-20333_ses-1_space-ACPC_desc-preproc_dwi.nii.gz	0.0023272050267628	0.234544575214386	0.0906771123409271	0.2030175775289535	0.2350916713476181	0.2033280581235885	0.0900716260075569	0.268599271774292	0.2688080668449402	sub-20333	ses-1				space-ACPC			DSIStudio	autotrackgqi
Cerebellum_InferiorCerebellarPeduncleR	rd	TORTOISE_model-MAPMRI	/scratch/executivefunction/SLURM_13244013_43/job-13244013-43-sub-20333-ses-1/ds/inputs/data/qsiprep/qsiprep/sub-20333/ses-1/dwi/sub-20333_ses-1_space-ACPC_desc-preproc_dwi.nii.gz	0.0072143355829648	666.304892648422	374.5403707263356	574.0497552139625	671.1467706775127	574.538428328253	371.551158266989	640.5441197408725	643.6478419516749	sub-20333	ses-1				space-ACPC			DSIStudio	autotrackgqi
Cerebellum_InferiorCerebellarPeduncleR	rtap	TORTOISE_model-MAPMRI	/scratch/executivefunction/SLURM_13244013_43/job-13244013-43-sub-20333-ses-1/ds/inputs/data/qsiprep/qsiprep/sub-20333/ses-1/dwi/sub-20333_ses-1_space-ACPC_desc-preproc_dwi.nii.gz	0.0074470560856411	0.0120328050106763	0.0042955973185598	0.0118339946493506	0.012123086489737	0.0118479132652282	0.0041828351095318	0.01301652751863	0.0131038222461938	sub-20333	ses-1				space-ACPC			DSIStudio	autotrackgqi
Cerebellum_InferiorCerebellarPeduncleR	rtop	TORTOISE_model-MAPMRI	/scratch/executivefunction/SLURM_13244013_43/job-13244013-43-sub-20333-ses-1/ds/inputs/data/qsiprep/qsiprep/sub-20333/ses-1/dwi/sub-20333_ses-1_space-ACPC_desc-preproc_dwi.nii.gz	0.0074470560856411	0.0002748995611909	9.682412928668782e-05	0.0002840159868355	0.0002769621205516	0.0002843083639163	9.42019178182818e-05	0.0002864444395527	0.0002883654669858	sub-20333	ses-1				space-ACPC			DSIStudio	autotrackgqi
Cerebellum_InferiorCerebellarPeduncleR	rtpp	TORTOISE_model-MAPMRI	/scratch/executivefunction/SLURM_13244013_43/job-13244013-43-sub-20333-ses-1/ds/inputs/data/qsiprep/qsiprep/sub-20333/ses-1/dwi/sub-20333_ses-1_space-ACPC_desc-preproc_dwi.nii.gz	0.0072143355829648	0.0490178577601909	0.0089043220505118	0.0512543432414531	0.049374058842659	0.0512993112206459	0.0078915162011981	0.0477801300585269	0.0480116456747055	sub-20333	ses-1				space-ACPC			DSIStudio	autotrackgqi
CranialNerve_CNVIIR	ad	TORTOISE_model-MAPMRI	/scratch/executivefunction/SLURM_13244013_43/job-13244013-43-sub-20333-ses-1/ds/inputs/data/qsiprep/qsiprep/sub-20333/ses-1/dwi/sub-20333_ses-1_space-ACPC_desc-preproc_dwi.nii.gz	0.0	1475.5706202557913	688.1051618287979	1254.058119751455	1475.5706202557913	1254.058119751455	688.1051618287979	1579.7303273588127	1579.7303273588127	sub-20333	ses-1				space-ACPC			DSIStudio	autotrackgqi
CranialNerve_CNVIIR	am	TORTOISE_model-MAPMRI	/scratch/executivefunction/SLURM_13244013_43/job-13244013-43-sub-20333-ses-1/ds/inputs/data/qsiprep/qsiprep/sub-20333/ses-1/dwi/sub-20333_ses-1_space-ACPC_desc-preproc_dwi.nii.gz	0.0	679.423583984375	254.5403594970703	626.1351318359375	679.423583984375	626.1351318359375	254.5403594970703	732.3826904296875	732.3826904296875	sub-20333	ses-1				space-ACPC			DSIStudio	autotrackgqi
CranialNerve_CNVIIR	fa	TORTOISE_model-MAPMRI	/scratch/executivefunction/SLURM_13244013_43/job-13244013-43-sub-20333-ses-1/ds/inputs/data/qsiprep/qsiprep/sub-20333/ses-1/dwi/sub-20333_ses-1_space-ACPC_desc-preproc_dwi.nii.gz	0.0	0.2742762569042393	0.12145242186228	0.2631071719557434	0.2742762569042393	0.2631071719557434	0.12145242186228	0.2523223866757211	0.2523223866757211	sub-20333	ses-1				space-ACPC			DSIStudio	autotrackgqi
CranialNerve_CNVIIR	li	TORTOISE_model-MAPMRI	/scratch/executivefunction/SLURM_13244013_43/job-13244013-43-sub-20333-ses-1/ds/inputs/data/qsiprep/qsiprep/sub-20333/ses-1/dwi/sub-20333_ses-1_space-ACPC_desc-preproc_dwi.nii.gz	0.0	0.1507626920938491	0.0822596177458763	0.1373275518417358	0.1507626920938491	0.1373275518417358	0.0822596177458763	0.1394304186105728	0.1394304186105728	sub-20333	ses-1				space-ACPC			DSIStudio	autotrackgqi
CranialNerve_CNVIIR	ng	TORTOISE_model-MAPMRI	/scratch/executivefunction/SLURM_13244013_43/job-13244013-43-sub-20333-ses-1/ds/inputs/data/qsiprep/qsiprep/sub-20333/ses-1/dwi/sub-20333_ses-1_space-ACPC_desc-preproc_dwi.nii.gz	0.0	0.3922789990901947	0.0632288381457328	0.3911560773849487	0.3922789990901947	0.3911560773849487	0.0632288381457328	0.4104001820087433	0.4104001820087433	sub-20333	ses-1				space-ACPC			DSIStudio	autotrackgqi
CranialNerve_CNVIIR	ngpar	TORTOISE_model-MAPMRI	/scratch/executivefunction/SLURM_13244013_43/job-13244013-43-sub-20333-ses-1/ds/inputs/data/qsiprep/qsiprep/sub-20333/ses-1/dwi/sub-20333_ses-1_space-ACPC_desc-preproc_dwi.nii.gz	0.0	0.201509416103363	0.0422651469707489	0.1974767297506332	0.201509416103363	0.1974767297506332	0.0422651469707489	0.2068266868591308	0.2068266868591308	sub-20333	ses-1				space-ACPC			DSIStudio	autotrackgqi
CranialNerve_CNVIIR	ngperp	TORTOISE_model-MAPMRI	/scratch/executivefunction/SLURM_13244013_43/job-13244013-43-sub-20333-ses-1/ds/inputs/data/qsiprep/qsiprep/sub-20333/ses-1/dwi/sub-20333_ses-1_space-ACPC_desc-preproc_dwi.nii.gz	0.0	0.3152436316013336	0.0528107434511184	0.3213212788105011	0.3152436316013336	0.3213212788105011	0.0528107434511184	0.3311980366706848	0.3311980366706848	sub-20333	ses-1				space-ACPC			DSIStudio	autotrackgqi
CranialNerve_CNVIIR	pa	TORTOISE_model-MAPMRI	/scratch/executivefunction/SLURM_13244013_43/job-13244013-43-sub-20333-ses-1/ds/inputs/data/qsiprep/qsiprep/sub-20333/ses-1/dwi/sub-20333_ses-1_space-ACPC_desc-preproc_dwi.nii.gz	0.0	0.7164399027824402	0.1171754375100135	0.7294323444366455	0.7164399027824402	0.7294323444366455	0.1171754375100135	0.7267911434173584	0.7267911434173584	sub-20333	ses-1				space-ACPC			DSIStudio	autotrackgqi
CranialNerve_CNVIIR	path	TORTOISE_model-MAPMRI	/scratch/executivefunction/SLURM_13244013_43/job-13244013-43-sub-20333-ses-1/ds/inputs/data/qsiprep/qsiprep/sub-20333/ses-1/dwi/sub-20333_ses-1_space-ACPC_desc-preproc_dwi.nii.gz	0.0	0.2620261907577514	0.0553029589354991	0.2582989931106567	0.2620261907577514	0.2582989931106567	0.0553029589354991	0.2641565501689911	0.2641565501689911	sub-20333	ses-1				space-ACPC			DSIStudio	autotrackgqi
CranialNerve_CNVIIR	rd	TORTOISE_model-MAPMRI	/scratch/executivefunction/SLURM_13244013_43/job-13244013-43-sub-20333-ses-1/ds/inputs/data/qsiprep/qsiprep/sub-20333/ses-1/dwi/sub-20333_ses-1_space-ACPC_desc-preproc_dwi.nii.gz	0.0	1019.1427442843104	598.9258797959945	797.0266349344149	1019.1427442843104	797.0266349344149	598.9258797959945	1126.4625080467276	1126.4625080467276	sub-20333	ses-1				space-ACPC			DSIStudio	autotrackgqi
CranialNerve_CNVIIR	rtap	TORTOISE_model-MAPMRI	/scratch/executivefunction/SLURM_13244013_43/job-13244013-43-sub-20333-ses-1/ds/inputs/data/qsiprep/qsiprep/sub-20333/ses-1/dwi/sub-20333_ses-1_space-ACPC_desc-preproc_dwi.nii.gz	0.0	0.0092590879648923	0.0046393978409469	0.009453734382987	0.0092590879648923	0.009453734382987	0.0046393978409469	0.0082748429849743	0.0082748429849743	sub-20333	ses-1				space-ACPC			DSIStudio	autotrackgqi
CranialNerve_CNVIIR	rtop	TORTOISE_model-MAPMRI	/scratch/executivefunction/SLURM_13244013_43/job-13244013-43-sub-20333-ses-1/ds/inputs/data/qsiprep/qsiprep/sub-20333/ses-1/dwi/sub-20333_ses-1_space-ACPC_desc-preproc_dwi.nii.gz	0.0	0.0001993550395127	0.0001158092782134	0.0001975740015041	0.0001993550395127	0.0001975740015041	0.0001158092782134	0.0001734233810566	0.0001734233810566	sub-20333	ses-1				space-ACPC			DSIStudio	autotrackgqi
CranialNerve_CNVIIR	rtpp	TORTOISE_model-MAPMRI	/scratch/executivefunction/SLURM_13244013_43/job-13244013-43-sub-20333-ses-1/ds/inputs/data/qsiprep/qsiprep/sub-20333/ses-1/dwi/sub-20333_ses-1_space-ACPC_desc-preproc_dwi.nii.gz	0.0	0.0413931682705879	0.0100946519523859	0.0434095934033393	0.0413931682705879	0.0434095934033393	0.0100946519523859	0.0394009351730346	0.0394009351730346	sub-20333	ses-1				space-ACPC			DSIStudio	autotrackgqi
CranialNerve_CNIIL	ad	TORTOISE_model-MAPMRI	/scratch/executivefunction/SLURM_13244013_43/job-13244013-43-sub-20333-ses-1/ds/inputs/data/qsiprep/qsiprep/sub-20333/ses-1/dwi/sub-20333_ses-1_space-ACPC_desc-preproc_dwi.nii.gz	0.0	1523.0218205276549	768.3793464632205	1212.7783044424928	1523.0218205276549	1212.7783044424928	768.3793464632205	1700.0880724213675	1700.0880724213675	sub-20333	ses-1				space-ACPC			DSIStudio	autotrackgqi
CranialNerve_CNIIL	am	TORTOISE_model-MAPMRI	/scratch/executivefunction/SLURM_13244013_43/job-13244013-43-sub-20333-ses-1/ds/inputs/data/qsiprep/qsiprep/sub-20333/ses-1/dwi/sub-20333_ses-1_space-ACPC_desc-preproc_dwi.nii.gz	0.0	621.332275390625	221.52981567382807	576.3621826171875	621.332275390625	576.3621826171875	221.52981567382807	648.8280029296875	648.8280029296875	sub-20333	ses-1				space-ACPC			DSIStudio	autotrackgqi
CranialNerve_CNIIL	fa	TORTOISE_model-MAPMRI	/scratch/executivefunction/SLURM_13244013_43/job-13244013-43-sub-20333-ses-1/ds/inputs/data/qsiprep/qsiprep/sub-20333/ses-1/dwi/sub-20333_ses-1_space-ACPC_desc-preproc_dwi.nii.gz	0.0	0.284586752478461	0.1431311729995698	0.2589375846705056	0.284586752478461	0.2589375846705056	0.1431311729995698	0.3024970819161504	0.3024970819161504	sub-20333	ses-1				space-ACPC			DSIStudio	autotrackgqi
CranialNerve_CNIIL	li	TORTOISE_model-MAPMRI	/scratch/executivefunction/SLURM_13244013_43/job-13244013-43-sub-20333-ses-1/ds/inputs/data/qsiprep/qsiprep/sub-20333/ses-1/dwi/sub-20333_ses-1_space-ACPC_desc-preproc_dwi.nii.gz	0.0	0.1590813547372818	0.1037901788949966	0.1363216340541839	0.1590813547372818	0.1363216340541839	0.1037901788949966	0.1750549972057342	0.1750549972057342	sub-20333	ses-1				space-ACPC			DSIStudio	autotrackgqi
CranialNerve_CNIIL	ng	TORTOISE_model-MAPMRI	/scratch/executivefunction/SLURM_13244013_43/job-13244013-43-sub-20333-ses-1/ds/inputs/data/qsiprep/qsiprep/sub-20333/ses-1/dwi/sub-20333_ses-1_space-ACPC_desc-preproc_dwi.nii.gz	0.0	0.3131557106971741	0.1138786077499389	0.3012219965457916	0.3131557106971741	0.3012219965457916	0.1138786077499389	0.3501611053943634	0.3501611053943634	sub-20333	ses-1				space-ACPC			DSIStudio	autotrackgqi
CranialNerve_CNIIL	ngpar	TORTOISE_model-MAPMRI	/scratch/executivefunction/SLURM_13244013_43/job-13244013-43-sub-20333-ses-1/ds/inputs/data/qsiprep/qsiprep/sub-20333/ses-1/dwi/sub-20333_ses-1_space-ACPC_desc-preproc_dwi.nii.gz	0.0	0.1610131710767746	0.0528132542967796	0.1560896933078766	0.1610131710767746	0.1560896933078766	0.0528132542967796	0.1637534946203231	0.1637534946203231	sub-20333	ses-1				space-ACPC			DSIStudio	autotrackgqi
CranialNerve_CNIIL	ngperp	TORTOISE_model-MAPMRI	/scratch/executivefunction/SLURM_13244013_43/job-13244013-43-sub-20333-ses-1/ds/inputs/data/qsiprep/qsiprep/sub-20333/ses-1/dwi/sub-20333_ses-1_space-ACPC_desc-preproc_dwi.nii.gz	0.0	0.2559200525283813	0.089930459856987	0.2491178512573242	0.2559200525283813	0.2491178512573242	0.089930459856987	0.291445791721344	0.291445791721344	sub-20333	ses-1				space-ACPC			DSIStudio	autotrackgqi
CranialNerve_CNIIL	pa	TORTOISE_model-MAPMRI	/scratch/executivefunction/SLURM_13244013_43/job-13244013-43-sub-20333-ses-1/ds/inputs/data/qsiprep/qsiprep/sub-20333/ses-1/dwi/sub-20333_ses-1_space-ACPC_desc-preproc_dwi.nii.gz	0.0	0.6336172223091125	0.1944820582866668	0.6543909311294556	0.6336172223091125	0.6543909311294556	0.1944820582866668	0.7009874582290649	0.7009874582290649	sub-20333	ses-1				space-ACPC			DSIStudio	autotrackgqi
CranialNerve_CNIIL	path	TORTOISE_model-MAPMRI	/scratch/executivefunction/SLURM_13244013_43/job-13244013-43-sub-20333-ses-1/ds/inputs/data/qsiprep/qsiprep/sub-20333/ses-1/dwi/sub-20333_ses-1_space-ACPC_desc-preproc_dwi.nii.gz	0.0	0.2372408062219619	0.0836934670805931	0.2274115830659866	0.2372408062219619	0.2274115830659866	0.0836934670805931	0.267899751663208	0.267899751663208	sub-20333	ses-1				space-ACPC			DSIStudio	autotrackgqi
CranialNerve_CNIIL	rd	TORTOISE_model-MAPMRI	/scratch/executivefunction/SLURM_13244013_43/job-13244013-43-sub-20333-ses-1/ds/inputs/data/qsiprep/qsiprep/sub-20333/ses-1/dwi/sub-20333_ses-1_space-ACPC_desc-preproc_dwi.nii.gz	0.0	1037.2863476508603	670.8724280248848	729.8382477849792	1037.2863476508603	729.8382477849792	670.8724280248848	1114.6214210047506	1114.6214210047506	sub-20333	ses-1				space-ACPC			DSIStudio	autotrackgqi
CranialNerve_CNIIL	rtap	TORTOISE_model-MAPMRI	/scratch/executivefunction/SLURM_13244013_43/job-13244013-43-sub-20333-ses-1/ds/inputs/data/qsiprep/qsiprep/sub-20333/ses-1/dwi/sub-20333_ses-1_space-ACPC_desc-preproc_dwi.nii.gz	0.0	0.0085333390161395	0.0044063623063266	0.0085551626980304	0.0085333390161395	0.0085551626980304	0.0044063623063266	0.0083196070045232	0.0083196070045232	sub-20333	ses-1				space-ACPC			DSIStudio	autotrackgqi
CranialNerve_CNIIL	rtop	TORTOISE_model-MAPMRI	/scratch/executivefunction/SLURM_13244013_43/job-13244013-43-sub-20333-ses-1/ds/inputs/data/qsiprep/qsiprep/sub-20333/ses-1/dwi/sub-20333_ses-1_space-ACPC_desc-preproc_dwi.nii.gz	0.0	0.0001711001386865	9.808242612052708e-05	0.0001748362556099	0.0001711001386865	0.0001748362556099	9.808242612052708e-05	0.0001588693412486	0.0001588693412486	sub-20333	ses-1				space-ACPC			DSIStudio	autotrackgqi
CranialNerve_CNIIL	rtpp	TORTOISE_model-MAPMRI	/scratch/executivefunction/SLURM_13244013_43/job-13244013-43-sub-20333-ses-1/ds/inputs/data/qsiprep/qsiprep/sub-20333/ses-1/dwi/sub-20333_ses-1_space-ACPC_desc-preproc_dwi.nii.gz	0.0	0.0404330715537071	0.009819540195167	0.0431490652263164	0.0404330715537071	0.0431490652263164	0.009819540195167	0.0375267788767814	0.0375267788767814	sub-20333	ses-1				space-ACPC			DSIStudio	autotrackgqi
CranialNerve_CNIIR	ad	TORTOISE_model-MAPMRI	/scratch/executivefunction/SLURM_13244013_43/job-13244013-43-sub-20333-ses-1/ds/inputs/data/qsiprep/qsiprep/sub-20333/ses-1/dwi/sub-20333_ses-1_space-ACPC_desc-preproc_dwi.nii.gz	0.0	1681.479797346989	768.2567744653139	1429.314377724717	1681.479797346989	1429.314377724717	768.2567744653139	1721.7417679012192	1721.7417679012192	sub-20333	ses-1				space-ACPC			DSIStudio	autotrackgqi
CranialNerve_CNIIR	am	TORTOISE_model-MAPMRI	/scratch/executivefunction/SLURM_13244013_43/job-13244013-43-sub-20333-ses-1/ds/inputs/data/qsiprep/qsiprep/sub-20333/ses-1/dwi/sub-20333_ses-1_space-ACPC_desc-preproc_dwi.nii.gz	0.0	662.4946899414062	249.09246826171875	605.9798583984375	662.4946899414062	605.9798583984375	249.09246826171875	618.3980102539062	618.3980102539062	sub-20333	ses-1				space-ACPC			DSIStudio	autotrackgqi
CranialNerve_CNIIR	fa	TORTOISE_model-MAPMRI	/scratch/executivefunction/SLURM_13244013_43/job-13244013-43-sub-20333-ses-1/ds/inputs/data/qsiprep/qsiprep/sub-20333/ses-1/dwi/sub-20333_ses-1_space-ACPC_desc-preproc_dwi.nii.gz	0.0	0.2950683400923893	0.1651676893804608	0.2568961454531135	0.2950683400923893	0.2568961454531135	0.1651676893804608	0.3545509398313017	0.3545509398313017	sub-20333	ses-1				space-ACPC			DSIStudio	autotrackgqi
CranialNerve_CNIIR	li	TORTOISE_model-MAPMRI	/scratch/executivefunction/SLURM_13244013_43/job-13244013-43-sub-20333-ses-1/ds/inputs/data/qsiprep/qsiprep/sub-20333/ses-1/dwi/sub-20333_ses-1_space-ACPC_desc-preproc_dwi.nii.gz	0.0	0.165436640381813	0.1176061257719993	0.1335582137107849	0.165436640381813	0.1335582137107849	0.1176061257719993	0.2044139951467514	0.2044139951467514	sub-20333	ses-1				space-ACPC			DSIStudio	autotrackgqi
CranialNerve_CNIIR	ng	TORTOISE_model-MAPMRI	/scratch/executivefunction/SLURM_13244013_43/job-13244013-43-sub-20333-ses-1/ds/inputs/data/qsiprep/qsiprep/sub-20333/ses-1/dwi/sub-20333_ses-1_space-ACPC_desc-preproc_dwi.nii.gz	0.0	0.3337225914001465	0.1202300861477851	0.3298200964927673	0.3337225914001465	0.3298200964927673	0.1202300861477851	0.3583686947822571	0.3583686947822571	sub-20333	ses-1				space-ACPC			DSIStudio	autotrackgqi
CranialNerve_CNIIR	ngpar	TORTOISE_model-MAPMRI	/scratch/executivefunction/SLURM_13244013_43/job-13244013-43-sub-20333-ses-1/ds/inputs/data/qsiprep/qsiprep/sub-20333/ses-1/dwi/sub-20333_ses-1_space-ACPC_desc-preproc_dwi.nii.gz	0.0	0.1638232320547104	0.0568391755223274	0.1560107618570327	0.1638232320547104	0.1560107618570327	0.0568391755223274	0.1599222719669342	0.1599222719669342	sub-20333	ses-1				space-ACPC			DSIStudio	autotrackgqi
CranialNerve_CNIIR	ngperp	TORTOISE_model-MAPMRI	/scratch/executivefunction/SLURM_13244013_43/job-13244013-43-sub-20333-ses-1/ds/inputs/data/qsiprep/qsiprep/sub-20333/ses-1/dwi/sub-20333_ses-1_space-ACPC_desc-preproc_dwi.nii.gz	0.0	0.2747754454612732	0.0947805345058441	0.2789344787597656	0.2747754454612732	0.2789344787597656	0.0947805345058441	0.2984934747219085	0.2984934747219085	sub-20333	ses-1				space-ACPC			DSIStudio	autotrackgqi
CranialNerve_CNIIR	pa	TORTOISE_model-MAPMRI	/scratch/executivefunction/SLURM_13244013_43/job-13244013-43-sub-20333-ses-1/ds/inputs/data/qsiprep/qsiprep/sub-20333/ses-1/dwi/sub-20333_ses-1_space-ACPC_desc-preproc_dwi.nii.gz	0.0	0.6637697815895081	0.1987508088350296	0.6924172639846802	0.6637697815895081	0.6924172639846802	0.1987508088350296	0.7420858144760132	0.7420858144760132	sub-20333	ses-1				space-ACPC			DSIStudio	autotrackgqi
CranialNerve_CNIIR	path	TORTOISE_model-MAPMRI	/scratch/executivefunction/SLURM_13244013_43/job-13244013-43-sub-20333-ses-1/ds/inputs/data/qsiprep/qsiprep/sub-20333/ses-1/dwi/sub-20333_ses-1_space-ACPC_desc-preproc_dwi.nii.gz	0.0	0.2539322078227997	0.0944508388638496	0.2423049658536911	0.2539322078227997	0.2423049658536911	0.0944508388638496	0.291208416223526	0.291208416223526	sub-20333	ses-1				space-ACPC			DSIStudio	autotrackgqi
CranialNerve_CNIIR	rd	TORTOISE_model-MAPMRI	/scratch/executivefunction/SLURM_13244013_43/job-13244013-43-sub-20333-ses-1/ds/inputs/data/qsiprep/qsiprep/sub-20333/ses-1/dwi/sub-20333_ses-1_space-ACPC_desc-preproc_dwi.nii.gz	0.0	1126.374239293933	693.6347929862392	822.1939862571732	1126.374239293933	822.1939862571732	693.6347929862392	1031.0043421458804	1031.0043421458804	sub-20333	ses-1				space-ACPC			DSIStudio	autotrackgqi
CranialNerve_CNIIR	rtap	TORTOISE_model-MAPMRI	/scratch/executivefunction/SLURM_13244013_43/job-13244013-43-sub-20333-ses-1/ds/inputs/data/qsiprep/qsiprep/sub-20333/ses-1/dwi/sub-20333_ses-1_space-ACPC_desc-preproc_dwi.nii.gz	0.0	0.0083580650389194	0.0055713090114295	0.0078921131789684	0.0083580650389194	0.0078921131789684	0.0055713090114295	0.009321266785264	0.009321266785264	sub-20333	ses-1				space-ACPC			DSIStudio	autotrackgqi
CranialNerve_CNIIR	rtop	TORTOISE_model-MAPMRI	/scratch/executivefunction/SLURM_13244013_43/job-13244013-43-sub-20333-ses-1/ds/inputs/data/qsiprep/qsiprep/sub-20333/ses-1/dwi/sub-20333_ses-1_space-ACPC_desc-preproc_dwi.nii.gz	0.0	0.0001590057800058	0.0001105180563172	0.0001571412722114	0.0001590057800058	0.0001571412722114	0.0001105180563172	0.0001694629754638	0.0001694629754638	sub-20333	ses-1				space-ACPC			DSIStudio	autotrackgqi
CranialNerve_CNIIR	rtpp	TORTOISE_model-MAPMRI	/scratch/executivefunction/SLURM_13244013_43/job-13244013-43-sub-20333-ses-1/ds/inputs/data/qsiprep/qsiprep/sub-20333/ses-1/dwi/sub-20333_ses-1_space-ACPC_desc-preproc_dwi.nii.gz	0.0	0.0379546359181404	0.0097088934853672	0.0392918512225151	0.0379546359181404	0.0392918512225151	0.0097088934853672	0.0370812639594078	0.0370812639594078	sub-20333	ses-1				space-ACPC			DSIStudio	autotrackgqi
CranialNerve_CNIIIL	ad	TORTOISE_model-MAPMRI	/scratch/executivefunction/SLURM_13244013_43/job-13244013-43-sub-20333-ses-1/ds/inputs/data/qsiprep/qsiprep/sub-20333/ses-1/dwi/sub-20333_ses-1_space-ACPC_desc-preproc_dwi.nii.gz	0.0	1481.907607882021	773.2056916706742	1159.3612832895112	1481.907607882021	1159.3612832895112	773.2056916706742	1386.0376327259514	1386.0376327259514	sub-20333	ses-1				space-ACPC			DSIStudio	autotrackgqi
CranialNerve_CNIIIL	am	TORTOISE_model-MAPMRI	/scratch/executivefunction/SLURM_13244013_43/job-13244013-43-sub-20333-ses-1/ds/inputs/data/qsiprep/qsiprep/sub-20333/ses-1/dwi/sub-20333_ses-1_space-ACPC_desc-preproc_dwi.nii.gz	0.0	623.23828125	244.8269805908203	556.526611328125	623.23828125	556.526611328125	244.8269805908203	596.7555541992188	596.7555541992188	sub-20333	ses-1				space-ACPC			DSIStudio	autotrackgqi
CranialNerve_CNIIIL	fa	TORTOISE_model-MAPMRI	/scratch/executivefunction/SLURM_13244013_43/job-13244013-43-sub-20333-ses-1/ds/inputs/data/qsiprep/qsiprep/sub-20333/ses-1/dwi/sub-20333_ses-1_space-ACPC_desc-preproc_dwi.nii.gz	0.0	0.3650343216573571	0.1546097169183315	0.3549014031818316	0.3650343216573571	0.3549014031818316	0.1546097169183315	0.3465204953113868	0.3465204953113868	sub-20333	ses-1				space-ACPC			DSIStudio	autotrackgqi
CranialNerve_CNIIIL	li	TORTOISE_model-MAPMRI	/scratch/executivefunction/SLURM_13244013_43/job-13244013-43-sub-20333-ses-1/ds/inputs/data/qsiprep/qsiprep/sub-20333/ses-1/dwi/sub-20333_ses-1_space-ACPC_desc-preproc_dwi.nii.gz	0.0	0.2065236568450927	0.1160083711147308	0.187030553817749	0.2065236568450927	0.187030553817749	0.1160083711147308	0.1924634575843811	0.1924634575843811	sub-20333	ses-1				space-ACPC			DSIStudio	autotrackgqi
CranialNerve_CNIIIL	ng	TORTOISE_model-MAPMRI	/scratch/executivefunction/SLURM_13244013_43/job-13244013-43-sub-20333-ses-1/ds/inputs/data/qsiprep/qsiprep/sub-20333/ses-1/dwi/sub-20333_ses-1_space-ACPC_desc-preproc_dwi.nii.gz	0.0	0.3559197783470154	0.0943447276949882	0.3535355925559997	0.3559197783470154	0.3535355925559997	0.0943447276949882	0.3394771516323089	0.3394771516323089	sub-20333	ses-1				space-ACPC			DSIStudio	autotrackgqi
CranialNerve_CNIIIL	ngpar	TORTOISE_model-MAPMRI	/scratch/executivefunction/SLURM_13244013_43/job-13244013-43-sub-20333-ses-1/ds/inputs/data/qsiprep/qsiprep/sub-20333/ses-1/dwi/sub-20333_ses-1_space-ACPC_desc-preproc_dwi.nii.gz	0.0	0.1733671277761459	0.0502737313508987	0.1741425991058349	0.1733671277761459	0.1741425991058349	0.0502737313508987	0.1698810309171676	0.1698810309171676	sub-20333	ses-1				space-ACPC			DSIStudio	autotrackgqi
CranialNerve_CNIIIL	ngperp	TORTOISE_model-MAPMRI	/scratch/executivefunction/SLURM_13244013_43/job-13244013-43-sub-20333-ses-1/ds/inputs/data/qsiprep/qsiprep/sub-20333/ses-1/dwi/sub-20333_ses-1_space-ACPC_desc-preproc_dwi.nii.gz	0.0	0.2893515825271606	0.0768715515732765	0.2909360527992248	0.2893515825271606	0.2909360527992248	0.0768715515732765	0.2751832008361816	0.2751832008361816	sub-20333	ses-1				space-ACPC			DSIStudio	autotrackgqi
CranialNerve_CNIIIL	pa	TORTOISE_model-MAPMRI	/scratch/executivefunction/SLURM_13244013_43/job-13244013-43-sub-20333-ses-1/ds/inputs/data/qsiprep/qsiprep/sub-20333/ses-1/dwi/sub-20333_ses-1_space-ACPC_desc-preproc_dwi.nii.gz	0.0	0.7442814707756042	0.1553912460803985	0.7805095911026001	0.7442814707756042	0.7805095911026001	0.1553912460803985	0.7106638550758362	0.7106638550758362	sub-20333	ses-1				space-ACPC			DSIStudio	autotrackgqi
CranialNerve_CNIIIL	path	TORTOISE_model-MAPMRI	/scratch/executivefunction/SLURM_13244013_43/job-13244013-43-sub-20333-ses-1/ds/inputs/data/qsiprep/qsiprep/sub-20333/ses-1/dwi/sub-20333_ses-1_space-ACPC_desc-preproc_dwi.nii.gz	0.0	0.285414308309555	0.0807449743151664	0.2837276458740234	0.285414308309555	0.2837276458740234	0.0807449743151664	0.2683444023132324	0.2683444023132324	sub-20333	ses-1				space-ACPC			DSIStudio	autotrackgqi
CranialNerve_CNIIIL	rd	TORTOISE_model-MAPMRI	/scratch/executivefunction/SLURM_13244013_43/job-13244013-43-sub-20333-ses-1/ds/inputs/data/qsiprep/qsiprep/sub-20333/ses-1/dwi/sub-20333_ses-1_space-ACPC_desc-preproc_dwi.nii.gz	0.0	888.9494046786594	648.035204109565	614.9446788670407	888.9494046786594	614.9446788670407	648.035204109565	855.249670250126	855.249670250126	sub-20333	ses-1				space-ACPC			DSIStudio	autotrackgqi
CranialNerve_CNIIIL	rtap	TORTOISE_model-MAPMRI	/scratch/executivefunction/SLURM_13244013_43/job-13244013-43-sub-20333-ses-1/ds/inputs/data/qsiprep/qsiprep/sub-20333/ses-1/dwi/sub-20333_ses-1_space-ACPC_desc-preproc_dwi.nii.gz	0.0	0.011064070276916	0.0055780778639018	0.0112513685598969	0.011064070276916	0.0112513685598969	0.0055780778639018	0.0107430797070264	0.0107430797070264	sub-20333	ses-1				space-ACPC			DSIStudio	autotrackgqi
CranialNerve_CNIIIL	rtop	TORTOISE_model-MAPMRI	/scratch/executivefunction/SLURM_13244013_43/job-13244013-43-sub-20333-ses-1/ds/inputs/data/qsiprep/qsiprep/sub-20333/ses-1/dwi/sub-20333_ses-1_space-ACPC_desc-preproc_dwi.nii.gz	0.0	0.0002273157151648	0.0001205623557325	0.0002375277254031	0.0002273157151648	0.0002375277254031	0.0001205623557325	0.0002241994079668	0.0002241994079668	sub-20333	ses-1				space-ACPC			DSIStudio	autotrackgqi
CranialNerve_CNIIIL	rtpp	TORTOISE_model-MAPMRI	/scratch/executivefunction/SLURM_13244013_43/job-13244013-43-sub-20333-ses-1/ds/inputs/data/qsiprep/qsiprep/sub-20333/ses-1/dwi/sub-20333_ses-1_space-ACPC_desc-preproc_dwi.nii.gz	0.0	0.0417098365724086	0.0099992761388421	0.044388435781002	0.0417098365724086	0.044388435781002	0.0099992761388421	0.0428959503769874	0.0428959503769874	sub-20333	ses-1				space-ACPC			DSIStudio	autotrackgqi
CranialNerve_CNIIIR	ad	TORTOISE_model-MAPMRI	/scratch/executivefunction/SLURM_13244013_43/job-13244013-43-sub-20333-ses-1/ds/inputs/data/qsiprep/qsiprep/sub-20333/ses-1/dwi/sub-20333_ses-1_space-ACPC_desc-preproc_dwi.nii.gz	0.0	1549.439731135864	765.2131265334044	1257.7002560530582	1549.439731135864	1257.7002560530582	765.2131265334044	1485.690099643932	1485.690099643932	sub-20333	ses-1				space-ACPC			DSIStudio	autotrackgqi
CranialNerve_CNIIIR	am	TORTOISE_model-MAPMRI	/scratch/executivefunction/SLURM_13244013_43/job-13244013-43-sub-20333-ses-1/ds/inputs/data/qsiprep/qsiprep/sub-20333/ses-1/dwi/sub-20333_ses-1_space-ACPC_desc-preproc_dwi.nii.gz	0.0	690.8096923828125	262.3075256347656	613.2456665039062	690.8096923828125	613.2456665039062	262.3075256347656	690.26806640625	690.26806640625	sub-20333	ses-1				space-ACPC			DSIStudio	autotrackgqi
CranialNerve_CNIIIR	fa	TORTOISE_model-MAPMRI	/scratch/executivefunction/SLURM_13244013_43/job-13244013-43-sub-20333-ses-1/ds/inputs/data/qsiprep/qsiprep/sub-20333/ses-1/dwi/sub-20333_ses-1_space-ACPC_desc-preproc_dwi.nii.gz	0.0	0.3034511631349538	0.1419583974879007	0.2826955287801713	0.3034511631349538	0.2826955287801713	0.1419583974879007	0.2963328142621998	0.2963328142621998	sub-20333	ses-1				space-ACPC			DSIStudio	autotrackgqi
CranialNerve_CNIIIR	li	TORTOISE_model-MAPMRI	/scratch/executivefunction/SLURM_13244013_43/job-13244013-43-sub-20333-ses-1/ds/inputs/data/qsiprep/qsiprep/sub-20333/ses-1/dwi/sub-20333_ses-1_space-ACPC_desc-preproc_dwi.nii.gz	0.0	0.165979579091072	0.1002729311585426	0.1491623967885971	0.165979579091072	0.1491623967885971	0.1002729311585426	0.1602194011211395	0.1602194011211395	sub-20333	ses-1				space-ACPC			DSIStudio	autotrackgqi
CranialNerve_CNIIIR	ng	TORTOISE_model-MAPMRI	/scratch/executivefunction/SLURM_13244013_43/job-13244013-43-sub-20333-ses-1/ds/inputs/data/qsiprep/qsiprep/sub-20333/ses-1/dwi/sub-20333_ses-1_space-ACPC_desc-preproc_dwi.nii.gz	0.0	0.3508751094341278	0.094326414167881	0.3442270755767822	0.3508751094341278	0.3442270755767822	0.094326414167881	0.3466831147670746	0.3466831147670746	sub-20333	ses-1				space-ACPC			DSIStudio	autotrackgqi
CranialNerve_CNIIIR	ngpar	TORTOISE_model-MAPMRI	/scratch/executivefunction/SLURM_13244013_43/job-13244013-43-sub-20333-ses-1/ds/inputs/data/qsiprep/qsiprep/sub-20333/ses-1/dwi/sub-20333_ses-1_space-ACPC_desc-preproc_dwi.nii.gz	0.0	0.1750296801328659	0.0502540096640586	0.1756747961044311	0.1750296801328659	0.1756747961044311	0.0502540096640586	0.1760355830192566	0.1760355830192566	sub-20333	ses-1				space-ACPC			DSIStudio	autotrackgqi
CranialNerve_CNIIIR	ngperp	TORTOISE_model-MAPMRI	/scratch/executivefunction/SLURM_13244013_43/job-13244013-43-sub-20333-ses-1/ds/inputs/data/qsiprep/qsiprep/sub-20333/ses-1/dwi/sub-20333_ses-1_space-ACPC_desc-preproc_dwi.nii.gz	0.0	0.283456951379776	0.0728529170155525	0.2795397937297821	0.283456951379776	0.2795397937297821	0.0728529170155525	0.2820804417133331	0.2820804417133331	sub-20333	ses-1				space-ACPC			DSIStudio	autotrackgqi
CranialNerve_CNIIIR	pa	TORTOISE_model-MAPMRI	/scratch/executivefunction/SLURM_13244013_43/job-13244013-43-sub-20333-ses-1/ds/inputs/data/qsiprep/qsiprep/sub-20333/ses-1/dwi/sub-20333_ses-1_space-ACPC_desc-preproc_dwi.nii.gz	0.0	0.6994105577468872	0.1560470163822174	0.7296056747436523	0.6994105577468872	0.7296056747436523	0.1560470163822174	0.6882716417312622	0.6882716417312622	sub-20333	ses-1				space-ACPC			DSIStudio	autotrackgqi
CranialNerve_CNIIIR	path	TORTOISE_model-MAPMRI	/scratch/executivefunction/SLURM_13244013_43/job-13244013-43-sub-20333-ses-1/ds/inputs/data/qsiprep/qsiprep/sub-20333/ses-1/dwi/sub-20333_ses-1_space-ACPC_desc-preproc_dwi.nii.gz	0.0	0.2595666348934173	0.0700048357248306	0.2583779096603393	0.2595666348934173	0.2583779096603393	0.0700048357248306	0.2529862821102142	0.2529862821102142	sub-20333	ses-1				space-ACPC			DSIStudio	autotrackgqi
CranialNerve_CNIIIR	rd	TORTOISE_model-MAPMRI	/scratch/executivefunction/SLURM_13244013_43/job-13244013-43-sub-20333-ses-1/ds/inputs/data/qsiprep/qsiprep/sub-20333/ses-1/dwi/sub-20333_ses-1_space-ACPC_desc-preproc_dwi.nii.gz	0.0	1031.4024861865903	687.9511500387498	739.3818046262186	1031.4024861865903	739.3818046262186	687.9511500387498	984.6866025579984	984.6866025579984	sub-20333	ses-1				space-ACPC			DSIStudio	autotrackgqi
CranialNerve_CNIIIR	rtap	TORTOISE_model-MAPMRI	/scratch/executivefunction/SLURM_13244013_43/job-13244013-43-sub-20333-ses-1/ds/inputs/data/qsiprep/qsiprep/sub-20333/ses-1/dwi/sub-20333_ses-1_space-ACPC_desc-preproc_dwi.nii.gz	0.0	0.0092607634142041	0.0048991260118782	0.0091749876737594	0.0092607634142041	0.0091749876737594	0.0048991260118782	0.0090184397995471	0.0090184397995471	sub-20333	ses-1				space-ACPC			DSIStudio	autotrackgqi
CranialNerve_CNIIIR	rtop	TORTOISE_model-MAPMRI	/scratch/executivefunction/SLURM_13244013_43/job-13244013-43-sub-20333-ses-1/ds/inputs/data/qsiprep/qsiprep/sub-20333/ses-1/dwi/sub-20333_ses-1_space-ACPC_desc-preproc_dwi.nii.gz	0.0	0.0001883201039163	0.0001107288553612	0.0001851154665928	0.0001883201039163	0.0001851154665928	0.0001107288553612	0.0001827058731578	0.0001827058731578	sub-20333	ses-1				space-ACPC			DSIStudio	autotrackgqi
CranialNerve_CNIIIR	rtpp	TORTOISE_model-MAPMRI	/scratch/executivefunction/SLURM_13244013_43/job-13244013-43-sub-20333-ses-1/ds/inputs/data/qsiprep/qsiprep/sub-20333/ses-1/dwi/sub-20333_ses-1_space-ACPC_desc-preproc_dwi.nii.gz	0.0	0.0403438918292522	0.0101630818098783	0.0423950552940368	0.0403438918292522	0.0423950552940368	0.0101630818098783	0.0407120585441589	0.0407120585441589	sub-20333	ses-1				space-ACPC			DSIStudio	autotrackgqi
CranialNerve_CNVIIL	ad	TORTOISE_model-MAPMRI	/scratch/executivefunction/SLURM_13244013_43/job-13244013-43-sub-20333-ses-1/ds/inputs/data/qsiprep/qsiprep/sub-20333/ses-1/dwi/sub-20333_ses-1_space-ACPC_desc-preproc_dwi.nii.gz	0.0069605568445475	1316.195108846618	605.5416738414359	1124.95602054317	1325.4207754974125	1126.5515131109069	597.5140336978103	1324.541739986094	1328.2645184610124	sub-20333	ses-1				space-ACPC			DSIStudio	autotrackgqi
CranialNerve_CNVIIL	am	TORTOISE_model-MAPMRI	/scratch/executivefunction/SLURM_13244013_43/job-13244013-43-sub-20333-ses-1/ds/inputs/data/qsiprep/qsiprep/sub-20333/ses-1/dwi/sub-20333_ses-1_space-ACPC_desc-preproc_dwi.nii.gz	0.0069605568445475	629.7056274414062	238.11618041992188	565.6301879882812	634.1194458007812	566.6655883789062	233.0189971923828	623.365966796875	625.1180419921875	sub-20333	ses-1				space-ACPC			DSIStudio	autotrackgqi
CranialNerve_CNVIIL	fa	TORTOISE_model-MAPMRI	/scratch/executivefunction/SLURM_13244013_43/job-13244013-43-sub-20333-ses-1/ds/inputs/data/qsiprep/qsiprep/sub-20333/ses-1/dwi/sub-20333_ses-1_space-ACPC_desc-preproc_dwi.nii.gz	0.0069605568445475	0.2562755873034389	0.1450203380395064	0.2240772972277402	0.2580719115135098	0.224670622659606	0.1439261284898269	0.2603564525176371	0.2610882145790565	sub-20333	ses-1				space-ACPC			DSIStudio	autotrackgqi
CranialNerve_CNVIIL	li	TORTOISE_model-MAPMRI	/scratch/executivefunction/SLURM_13244013_43/job-13244013-43-sub-20333-ses-1/ds/inputs/data/qsiprep/qsiprep/sub-20333/ses-1/dwi/sub-20333_ses-1_space-ACPC_desc-preproc_dwi.nii.gz	0.0069605568445475	0.1387845426797866	0.0979761481285095	0.1118221431970596	0.1397573351860046	0.1126714348793029	0.0976250767707824	0.1469697058200836	0.1473827809095382	sub-20333	ses-1				space-ACPC			DSIStudio	autotrackgqi
CranialNerve_CNVIIL	ng	TORTOISE_model-MAPMRI	/scratch/executivefunction/SLURM_13244013_43/job-13244013-43-sub-20333-ses-1/ds/inputs/data/qsiprep/qsiprep/sub-20333/ses-1/dwi/sub-20333_ses-1_space-ACPC_desc-preproc_dwi.nii.gz	0.0069605568445475	0.3683423101902008	0.0816563889384269	0.36631840467453	0.3709241449832916	0.3675185441970825	0.0758738219738006	0.3761147260665893	0.3771718442440033	sub-20333	ses-1				space-ACPC			DSIStudio	autotrackgqi
CranialNerve_CNVIIL	ngpar	TORTOISE_model-MAPMRI	/scratch/executivefunction/SLURM_13244013_43/job-13244013-43-sub-20333-ses-1/ds/inputs/data/qsiprep/qsiprep/sub-20333/ses-1/dwi/sub-20333_ses-1_space-ACPC_desc-preproc_dwi.nii.gz	0.0069605568445475	0.1888694018125534	0.04536884278059	0.1860174387693405	0.1901932507753372	0.1861018240451812	0.0426728464663028	0.1846816390752792	0.1852007061243057	sub-20333	ses-1				space-ACPC			DSIStudio	autotrackgqi
CranialNerve_CNVIIL	ngperp	TORTOISE_model-MAPMRI	/scratch/executivefunction/SLURM_13244013_43/job-13244013-43-sub-20333-ses-1/ds/inputs/data/qsiprep/qsiprep/sub-20333/ses-1/dwi/sub-20333_ses-1_space-ACPC_desc-preproc_dwi.nii.gz	0.0069605568445475	0.2984620630741119	0.0663214474916458	0.3009040951728821	0.3005540668964386	0.3015249967575073	0.0616489984095096	0.3099042177200317	0.3107752501964569	sub-20333	ses-1				space-ACPC			DSIStudio	autotrackgqi
CranialNerve_CNVIIL	pa	TORTOISE_model-MAPMRI	/scratch/executivefunction/SLURM_13244013_43/job-13244013-43-sub-20333-ses-1/ds/inputs/data/qsiprep/qsiprep/sub-20333/ses-1/dwi/sub-20333_ses-1_space-ACPC_desc-preproc_dwi.nii.gz	0.0069605568445475	0.6740342378616333	0.151848554611206	0.6810638308525085	0.6787588000297546	0.6820083856582642	0.1414665281772613	0.6936804056167603	0.6956300735473633	sub-20333	ses-1				space-ACPC			DSIStudio	autotrackgqi
CranialNerve_CNVIIL	path	TORTOISE_model-MAPMRI	/scratch/executivefunction/SLURM_13244013_43/job-13244013-43-sub-20333-ses-1/ds/inputs/data/qsiprep/qsiprep/sub-20333/ses-1/dwi/sub-20333_ses-1_space-ACPC_desc-preproc_dwi.nii.gz	0.0069605568445475	0.2472858130931854	0.0685578808188438	0.2377133816480636	0.2490191310644149	0.2380903661251068	0.0655858218669891	0.2536419034004211	0.2543548047542572	sub-20333	ses-1				space-ACPC			DSIStudio	autotrackgqi
CranialNerve_CNVIIL	rd	TORTOISE_model-MAPMRI	/scratch/executivefunction/SLURM_13244013_43/job-13244013-43-sub-20333-ses-1/ds/inputs/data/qsiprep/qsiprep/sub-20333/ses-1/dwi/sub-20333_ses-1_space-ACPC_desc-preproc_dwi.nii.gz	0.0069605568445475	925.9602600840536	536.3473476888248	710.6357731264313	932.4506357388484	714.7941979440548	532.5719578605247	913.053694664711	915.6199382272504	sub-20333	ses-1				space-ACPC			DSIStudio	autotrackgqi
CranialNerve_CNVIIL	rtap	TORTOISE_model-MAPMRI	/scratch/executivefunction/SLURM_13244013_43/job-13244013-43-sub-20333-ses-1/ds/inputs/data/qsiprep/qsiprep/sub-20333/ses-1/dwi/sub-20333_ses-1_space-ACPC_desc-preproc_dwi.nii.gz	0.0069605568445475	0.0098766395822167	0.0049322396516799	0.0099655650556087	0.0099458685144782	0.0100326426327228	0.004879442974925	0.0096567850559949	0.009683926589787	sub-20333	ses-1				space-ACPC			DSIStudio	autotrackgqi
CranialNerve_CNVIIL	rtop	TORTOISE_model-MAPMRI	/scratch/executivefunction/SLURM_13244013_43/job-13244013-43-sub-20333-ses-1/ds/inputs/data/qsiprep/qsiprep/sub-20333/ses-1/dwi/sub-20333_ses-1_space-ACPC_desc-preproc_dwi.nii.gz	0.0069605568445475	0.0002167952334275	0.0001183498461614	0.0002184765035053	0.0002183148171752	0.0002200753369834	0.000117358911666	0.0002059662656392	0.0002065451553789	sub-20333	ses-1				space-ACPC			DSIStudio	autotrackgqi
CranialNerve_CNVIIL	rtpp	TORTOISE_model-MAPMRI	/scratch/executivefunction/SLURM_13244013_43/job-13244013-43-sub-20333-ses-1/ds/inputs/data/qsiprep/qsiprep/sub-20333/ses-1/dwi/sub-20333_ses-1_space-ACPC_desc-preproc_dwi.nii.gz	0.0069605568445475	0.0435593463480472	0.0102604394778609	0.0453510172665119	0.0438646674156188	0.045443058013916	0.0096240155398845	0.0427364557981491	0.0428565740585327	sub-20333	ses-1				space-ACPC			DSIStudio	autotrackgqi
CranialNerve_CNVIIIL	ad	TORTOISE_model-MAPMRI	/scratch/executivefunction/SLURM_13244013_43/job-13244013-43-sub-20333-ses-1/ds/inputs/data/qsiprep/qsiprep/sub-20333/ses-1/dwi/sub-20333_ses-1_space-ACPC_desc-preproc_dwi.nii.gz	0.0018450184501845	1173.5866573228045	628.8982385879889	983.5349462913482	1175.755948741146	984.0635047206512	627.4500098280737	1380.0617391128303	1381.426681509159	sub-20333	ses-1				space-ACPC			DSIStudio	autotrackgqi
CranialNerve_CNVIIIL	am	TORTOISE_model-MAPMRI	/scratch/executivefunction/SLURM_13244013_43/job-13244013-43-sub-20333-ses-1/ds/inputs/data/qsiprep/qsiprep/sub-20333/ses-1/dwi/sub-20333_ses-1_space-ACPC_desc-preproc_dwi.nii.gz	0.0018450184501845	564.8599853515625	195.21047973632807	529.3802490234375	565.9041137695312	529.5656127929688	193.87290954589844	570.0079956054688	570.5717163085938	sub-20333	ses-1				space-ACPC			DSIStudio	autotrackgqi
CranialNerve_CNVIIIL	fa	TORTOISE_model-MAPMRI	/scratch/executivefunction/SLURM_13244013_43/job-13244013-43-sub-20333-ses-1/ds/inputs/data/qsiprep/qsiprep/sub-20333/ses-1/dwi/sub-20333_ses-1_space-ACPC_desc-preproc_dwi.nii.gz	0.0018450184501845	0.3322485774561565	0.1660122488078251	0.2981110335054557	0.3328627153072769	0.2997511103520713	0.165549346068267	0.437780815939516	0.438213800725967	sub-20333	ses-1				space-ACPC			DSIStudio	autotrackgqi
CranialNerve_CNVIIIL	li	TORTOISE_model-MAPMRI	/scratch/executivefunction/SLURM_13244013_43/job-13244013-43-sub-20333-ses-1/ds/inputs/data/qsiprep/qsiprep/sub-20333/ses-1/dwi/sub-20333_ses-1_space-ACPC_desc-preproc_dwi.nii.gz	0.0018450184501845	0.2041748315095901	0.1310494989156723	0.1702087819576263	0.2045522332191467	0.1703629791736602	0.1308759599924087	0.2918735146522522	0.2921622097492218	sub-20333	ses-1				space-ACPC			DSIStudio	autotrackgqi
CranialNerve_CNVIIIL	ng	TORTOISE_model-MAPMRI	/scratch/executivefunction/SLURM_13244013_43/job-13244013-43-sub-20333-ses-1/ds/inputs/data/qsiprep/qsiprep/sub-20333/ses-1/dwi/sub-20333_ses-1_space-ACPC_desc-preproc_dwi.nii.gz	0.0018450184501845	0.3309667706489563	0.0716735422611236	0.3262116611003876	0.3315785527229309	0.3262427449226379	0.0703117474913597	0.3625571131706238	0.3629156947135925	sub-20333	ses-1				space-ACPC			DSIStudio	autotrackgqi
CranialNerve_CNVIIIL	ngpar	TORTOISE_model-MAPMRI	/scratch/executivefunction/SLURM_13244013_43/job-13244013-43-sub-20333-ses-1/ds/inputs/data/qsiprep/qsiprep/sub-20333/ses-1/dwi/sub-20333_ses-1_space-ACPC_desc-preproc_dwi.nii.gz	0.0018450184501845	0.1712309420108795	0.0341242477297782	0.166562795639038	0.1715474426746368	0.1665799170732498	0.033351469784975	0.16797935962677	0.1681455075740814	sub-20333	ses-1				space-ACPC			DSIStudio	autotrackgqi
CranialNerve_CNVIIIL	ngperp	TORTOISE_model-MAPMRI	/scratch/executivefunction/SLURM_13244013_43/job-13244013-43-sub-20333-ses-1/ds/inputs/data/qsiprep/qsiprep/sub-20333/ses-1/dwi/sub-20333_ses-1_space-ACPC_desc-preproc_dwi.nii.gz	0.0018450184501845	0.2710722088813782	0.0598795488476753	0.2662002444267273	0.2715732753276825	0.2662709951400757	0.0587887279689312	0.3041350245475769	0.3044358491897583	sub-20333	ses-1				space-ACPC			DSIStudio	autotrackgqi
CranialNerve_CNVIIIL	pa	TORTOISE_model-MAPMRI	/scratch/executivefunction/SLURM_13244013_43/job-13244013-43-sub-20333-ses-1/ds/inputs/data/qsiprep/qsiprep/sub-20333/ses-1/dwi/sub-20333_ses-1_space-ACPC_desc-preproc_dwi.nii.gz	0.0018450184501845	0.6711188554763794	0.1783922165632248	0.6623412370681763	0.6723593473434448	0.6633557677268982	0.1762059330940246	0.7961913347244263	0.7969788312911987	sub-20333	ses-1				space-ACPC			DSIStudio	autotrackgqi
CranialNerve_CNVIIIL	path	TORTOISE_model-MAPMRI	/scratch/executivefunction/SLURM_13244013_43/job-13244013-43-sub-20333-ses-1/ds/inputs/data/qsiprep/qsiprep/sub-20333/ses-1/dwi/sub-20333_ses-1_space-ACPC_desc-preproc_dwi.nii.gz	0.0018450184501845	0.2560249269008636	0.0916253998875618	0.2304161041975021	0.2564981877803802	0.2308031767606735	0.0910458415746688	0.3294504284858703	0.3297762870788574	sub-20333	ses-1				space-ACPC			DSIStudio	autotrackgqi
CranialNerve_CNVIIIL	rd	TORTOISE_model-MAPMRI	/scratch/executivefunction/SLURM_13244013_43/job-13244013-43-sub-20333-ses-1/ds/inputs/data/qsiprep/qsiprep/sub-20333/ses-1/dwi/sub-20333_ses-1_space-ACPC_desc-preproc_dwi.nii.gz	0.0018450184501845	730.9232799092549	545.2823443771927	567.3194744327025	732.27433957637	567.6165663774756	544.8789657806032	742.1071606197069	742.8411374051078	sub-20333	ses-1				space-ACPC			DSIStudio	autotrackgqi
CranialNerve_CNVIIIL	rtap	TORTOISE_model-MAPMRI	/scratch/executivefunction/SLURM_13244013_43/job-13244013-43-sub-20333-ses-1/ds/inputs/data/qsiprep/qsiprep/sub-20333/ses-1/dwi/sub-20333_ses-1_space-ACPC_desc-preproc_dwi.nii.gz	0.0018450184501845	0.0126805230975151	0.0056323250755667	0.0119013963267207	0.0127039616927504	0.0119035579264163	0.0056110559962689	0.0156580992043018	0.0156735870987176	sub-20333	ses-1				space-ACPC			DSIStudio	autotrackgqi
CranialNerve_CNVIIIL	rtop	TORTOISE_model-MAPMRI	/scratch/executivefunction/SLURM_13244013_43/job-13244013-43-sub-20333-ses-1/ds/inputs/data/qsiprep/qsiprep/sub-20333/ses-1/dwi/sub-20333_ses-1_space-ACPC_desc-preproc_dwi.nii.gz	0.0018450184501845	0.0002788480487652	0.0001161058535217	0.0002801227965392	0.0002793634776026	0.0002803659590426	0.0001155919380835	0.0003248375433031	0.0003251588204875	sub-20333	ses-1				space-ACPC			DSIStudio	autotrackgqi
CranialNerve_CNVIIIL	rtpp	TORTOISE_model-MAPMRI	/scratch/executivefunction/SLURM_13244013_43/job-13244013-43-sub-20333-ses-1/ds/inputs/data/qsiprep/qsiprep/sub-20333/ses-1/dwi/sub-20333_ses-1_space-ACPC_desc-preproc_dwi.nii.gz	0.0018450184501845	0.0470094308257103	0.0085251629352569	0.0492380335927009	0.0470963232219219	0.049257043749094	0.0082897748798131	0.0435610339045524	0.0436041206121444	sub-20333	ses-1				space-ACPC			DSIStudio	autotrackgqi
CranialNerve_CNVIIIR	ad	TORTOISE_model-MAPMRI	/scratch/executivefunction/SLURM_13244013_43/job-13244013-43-sub-20333-ses-1/ds/inputs/data/qsiprep/qsiprep/sub-20333/ses-1/dwi/sub-20333_ses-1_space-ACPC_desc-preproc_dwi.nii.gz	0.0	1161.7778968174698	629.8856157454317	956.0349471704658	1161.7778968174698	956.0349471704658	629.8856157454317	1401.278558759274	1401.278558759274	sub-20333	ses-1				space-ACPC			DSIStudio	autotrackgqi
CranialNerve_CNVIIIR	am	TORTOISE_model-MAPMRI	/scratch/executivefunction/SLURM_13244013_43/job-13244013-43-sub-20333-ses-1/ds/inputs/data/qsiprep/qsiprep/sub-20333/ses-1/dwi/sub-20333_ses-1_space-ACPC_desc-preproc_dwi.nii.gz	0.0	586.501708984375	193.94839477539065	539.5550537109375	586.501708984375	539.5550537109375	193.94839477539065	606.0567626953125	606.0567626953125	sub-20333	ses-1				space-ACPC			DSIStudio	autotrackgqi
CranialNerve_CNVIIIR	fa	TORTOISE_model-MAPMRI	/scratch/executivefunction/SLURM_13244013_43/job-13244013-43-sub-20333-ses-1/ds/inputs/data/qsiprep/qsiprep/sub-20333/ses-1/dwi/sub-20333_ses-1_space-ACPC_desc-preproc_dwi.nii.gz	0.0	0.3037258886636529	0.1574284166398958	0.2585745486057372	0.3037258886636529	0.2585745486057372	0.1574284166398958	0.3777871292625894	0.3777871292625894	sub-20333	ses-1				space-ACPC			DSIStudio	autotrackgqi
CranialNerve_CNVIIIR	li	TORTOISE_model-MAPMRI	/scratch/executivefunction/SLURM_13244013_43/job-13244013-43-sub-20333-ses-1/ds/inputs/data/qsiprep/qsiprep/sub-20333/ses-1/dwi/sub-20333_ses-1_space-ACPC_desc-preproc_dwi.nii.gz	0.0	0.1837133020162582	0.1222093105316162	0.1468148827552795	0.1837133020162582	0.1468148827552795	0.1222093105316162	0.237753614783287	0.237753614783287	sub-20333	ses-1				space-ACPC			DSIStudio	autotrackgqi
CranialNerve_CNVIIIR	ng	TORTOISE_model-MAPMRI	/scratch/executivefunction/SLURM_13244013_43/job-13244013-43-sub-20333-ses-1/ds/inputs/data/qsiprep/qsiprep/sub-20333/ses-1/dwi/sub-20333_ses-1_space-ACPC_desc-preproc_dwi.nii.gz	0.0	0.3227344155311584	0.0699212625622749	0.3118704557418823	0.3227344155311584	0.3118704557418823	0.0699212625622749	0.3666325807571411	0.3666325807571411	sub-20333	ses-1				space-ACPC			DSIStudio	autotrackgqi
CranialNerve_CNVIIIR	ngpar	TORTOISE_model-MAPMRI	/scratch/executivefunction/SLURM_13244013_43/job-13244013-43-sub-20333-ses-1/ds/inputs/data/qsiprep/qsiprep/sub-20333/ses-1/dwi/sub-20333_ses-1_space-ACPC_desc-preproc_dwi.nii.gz	0.0	0.1711959093809127	0.0336412005126476	0.167364165186882	0.1711959093809127	0.167364165186882	0.0336412005126476	0.1710493862628936	0.1710493862628936	sub-20333	ses-1				space-ACPC			DSIStudio	autotrackgqi
CranialNerve_CNVIIIR	ngperp	TORTOISE_model-MAPMRI	/scratch/executivefunction/SLURM_13244013_43/job-13244013-43-sub-20333-ses-1/ds/inputs/data/qsiprep/qsiprep/sub-20333/ses-1/dwi/sub-20333_ses-1_space-ACPC_desc-preproc_dwi.nii.gz	0.0	0.2634322345256805	0.0608010739088058	0.2554068565368652	0.2634322345256805	0.2554068565368652	0.0608010739088058	0.3045109808444977	0.3045109808444977	sub-20333	ses-1				space-ACPC			DSIStudio	autotrackgqi
CranialNerve_CNVIIIR	pa	TORTOISE_model-MAPMRI	/scratch/executivefunction/SLURM_13244013_43/job-13244013-43-sub-20333-ses-1/ds/inputs/data/qsiprep/qsiprep/sub-20333/ses-1/dwi/sub-20333_ses-1_space-ACPC_desc-preproc_dwi.nii.gz	0.0	0.6340620517730713	0.1775423139333725	0.5846701860427856	0.6340620517730713	0.5846701860427856	0.1775423139333725	0.7568044662475586	0.7568044662475586	sub-20333	ses-1				space-ACPC			DSIStudio	autotrackgqi
CranialNerve_CNVIIIR	path	TORTOISE_model-MAPMRI	/scratch/executivefunction/SLURM_13244013_43/job-13244013-43-sub-20333-ses-1/ds/inputs/data/qsiprep/qsiprep/sub-20333/ses-1/dwi/sub-20333_ses-1_space-ACPC_desc-preproc_dwi.nii.gz	0.0	0.2395528554916381	0.0887205228209495	0.2030228376388549	0.2395528554916381	0.2030228376388549	0.0887205228209495	0.2995792031288147	0.2995792031288147	sub-20333	ses-1				space-ACPC			DSIStudio	autotrackgqi
CranialNerve_CNVIIIR	rd	TORTOISE_model-MAPMRI	/scratch/executivefunction/SLURM_13244013_43/job-13244013-43-sub-20333-ses-1/ds/inputs/data/qsiprep/qsiprep/sub-20333/ses-1/dwi/sub-20333_ses-1_space-ACPC_desc-preproc_dwi.nii.gz	0.0	744.3053826262326	503.6931181804896	591.8423713971983	744.3053826262326	591.8423713971983	503.6931181804896	811.7794541276901	811.7794541276901	sub-20333	ses-1				space-ACPC			DSIStudio	autotrackgqi
CranialNerve_CNVIIIR	rtap	TORTOISE_model-MAPMRI	/scratch/executivefunction/SLURM_13244013_43/job-13244013-43-sub-20333-ses-1/ds/inputs/data/qsiprep/qsiprep/sub-20333/ses-1/dwi/sub-20333_ses-1_space-ACPC_desc-preproc_dwi.nii.gz	0.0	0.0118929799646139	0.0052625238895416	0.0113757774233818	0.0118929799646139	0.0113757774233818	0.0052625238895416	0.0127556771039962	0.0127556771039962	sub-20333	ses-1				space-ACPC			DSIStudio	autotrackgqi
CranialNerve_CNVIIIR	rtop	TORTOISE_model-MAPMRI	/scratch/executivefunction/SLURM_13244013_43/job-13244013-43-sub-20333-ses-1/ds/inputs/data/qsiprep/qsiprep/sub-20333/ses-1/dwi/sub-20333_ses-1_space-ACPC_desc-preproc_dwi.nii.gz	0.0	0.0002644334163051	0.0001103226168197	0.0002705351507756	0.0002644334163051	0.0002705351507756	0.0001103226168197	0.0002680182515177	0.0002680182515177	sub-20333	ses-1				space-ACPC			DSIStudio	autotrackgqi
CranialNerve_CNVIIIR	rtpp	TORTOISE_model-MAPMRI	/scratch/executivefunction/SLURM_13244013_43/job-13244013-43-sub-20333-ses-1/ds/inputs/data/qsiprep/qsiprep/sub-20333/ses-1/dwi/sub-20333_ses-1_space-ACPC_desc-preproc_dwi.nii.gz	0.0	0.0475378409028053	0.0087193893268704	0.0501286499202251	0.0475378409028053	0.0501286499202251	0.0087193893268704	0.0435836389660835	0.0435836389660835	sub-20333	ses-1				space-ACPC			DSIStudio	autotrackgqi
CranialNerve_CNVR	ad	TORTOISE_model-MAPMRI	/scratch/executivefunction/SLURM_13244013_43/job-13244013-43-sub-20333-ses-1/ds/inputs/data/qsiprep/qsiprep/sub-20333/ses-1/dwi/sub-20333_ses-1_space-ACPC_desc-preproc_dwi.nii.gz	0.0137614678899082	1423.8846524633725	854.0122013439485	1113.3682204421452	1443.752810404722	1122.921141125258	843.106709910345	1516.779733138609	1521.6318048789212	sub-20333	ses-1				space-ACPC			DSIStudio	autotrackgqi
CranialNerve_CNVR	am	TORTOISE_model-MAPMRI	/scratch/executivefunction/SLURM_13244013_43/job-13244013-43-sub-20333-ses-1/ds/inputs/data/qsiprep/qsiprep/sub-20333/ses-1/dwi/sub-20333_ses-1_space-ACPC_desc-preproc_dwi.nii.gz	0.0	620.36474609375	270.0341186523437	546.255126953125	620.36474609375	546.255126953125	270.0341186523437	630.1483154296875	630.1483154296875	sub-20333	ses-1				space-ACPC			DSIStudio	autotrackgqi
CranialNerve_CNVR	fa	TORTOISE_model-MAPMRI	/scratch/executivefunction/SLURM_13244013_43/job-13244013-43-sub-20333-ses-1/ds/inputs/data/qsiprep/qsiprep/sub-20333/ses-1/dwi/sub-20333_ses-1_space-ACPC_desc-preproc_dwi.nii.gz	0.0137614678899082	0.3347868253451131	0.1634236613512207	0.3055503614638695	0.3394582694196961	0.3082688172167147	0.1596690097412869	0.3854246847747845	0.3866576312580733	sub-20333	ses-1				space-ACPC			DSIStudio	autotrackgqi
CranialNerve_CNVR	li	TORTOISE_model-MAPMRI	/scratch/executivefunction/SLURM_13244013_43/job-13244013-43-sub-20333-ses-1/ds/inputs/data/qsiprep/qsiprep/sub-20333/ses-1/dwi/sub-20333_ses-1_space-ACPC_desc-preproc_dwi.nii.gz	0.0	0.2059669941663742	0.1399628818035125	0.1701873689889907	0.2059669941663742	0.1701873689889907	0.1399628818035125	0.2228754758834839	0.2228754758834839	sub-20333	ses-1				space-ACPC			DSIStudio	autotrackgqi
CranialNerve_CNVR	ng	TORTOISE_model-MAPMRI	/scratch/executivefunction/SLURM_13244013_43/job-13244013-43-sub-20333-ses-1/ds/inputs/data/qsiprep/qsiprep/sub-20333/ses-1/dwi/sub-20333_ses-1_space-ACPC_desc-preproc_dwi.nii.gz	0.0	0.3686749935150146	0.1067065075039863	0.3610878586769104	0.3686749935150146	0.3610878586769104	0.1067065075039863	0.3924810290336609	0.3924810290336609	sub-20333	ses-1				space-ACPC			DSIStudio	autotrackgqi
CranialNerve_CNVR	ngpar	TORTOISE_model-MAPMRI	/scratch/executivefunction/SLURM_13244013_43/job-13244013-43-sub-20333-ses-1/ds/inputs/data/qsiprep/qsiprep/sub-20333/ses-1/dwi/sub-20333_ses-1_space-ACPC_desc-preproc_dwi.nii.gz	0.0	0.1791427433490753	0.0580636039376258	0.1729024946689605	0.1791427433490753	0.1729024946689605	0.0580636039376258	0.1792821586132049	0.1792821586132049	sub-20333	ses-1				space-ACPC			DSIStudio	autotrackgqi
CranialNerve_CNVR	ngperp	TORTOISE_model-MAPMRI	/scratch/executivefunction/SLURM_13244013_43/job-13244013-43-sub-20333-ses-1/ds/inputs/data/qsiprep/qsiprep/sub-20333/ses-1/dwi/sub-20333_ses-1_space-ACPC_desc-preproc_dwi.nii.gz	0.0	0.2994817197322845	0.0834487006068229	0.2950536012649536	0.2994817197322845	0.2950536012649536	0.0834487006068229	0.321270227432251	0.321270227432251	sub-20333	ses-1				space-ACPC			DSIStudio	autotrackgqi
CranialNerve_CNVR	pa	TORTOISE_model-MAPMRI	/scratch/executivefunction/SLURM_13244013_43/job-13244013-43-sub-20333-ses-1/ds/inputs/data/qsiprep/qsiprep/sub-20333/ses-1/dwi/sub-20333_ses-1_space-ACPC_desc-preproc_dwi.nii.gz	0.0	0.7259851098060608	0.169233500957489	0.7592884302139282	0.7259851098060608	0.7592884302139282	0.169233500957489	0.7897051572799683	0.7897051572799683	sub-20333	ses-1				space-ACPC			DSIStudio	autotrackgqi
CranialNerve_CNVR	path	TORTOISE_model-MAPMRI	/scratch/executivefunction/SLURM_13244013_43/job-13244013-43-sub-20333-ses-1/ds/inputs/data/qsiprep/qsiprep/sub-20333/ses-1/dwi/sub-20333_ses-1_space-ACPC_desc-preproc_dwi.nii.gz	0.0	0.285853236913681	0.1095162853598594	0.2725987434387207	0.285853236913681	0.2725987434387207	0.1095162853598594	0.3129623234272003	0.3129623234272003	sub-20333	ses-1				space-ACPC			DSIStudio	autotrackgqi
CranialNerve_CNVR	rd	TORTOISE_model-MAPMRI	/scratch/executivefunction/SLURM_13244013_43/job-13244013-43-sub-20333-ses-1/ds/inputs/data/qsiprep/qsiprep/sub-20333/ses-1/dwi/sub-20333_ses-1_space-ACPC_desc-preproc_dwi.nii.gz	0.0137614678899082	877.5377031556815	671.5876518450829	605.8075282784463	889.7824152927376	609.2013572269702	668.1528912383293	853.5003110745124	856.2305981357451	sub-20333	ses-1				space-ACPC			DSIStudio	autotrackgqi
CranialNerve_CNVR	rtap	TORTOISE_model-MAPMRI	/scratch/executivefunction/SLURM_13244013_43/job-13244013-43-sub-20333-ses-1/ds/inputs/data/qsiprep/qsiprep/sub-20333/ses-1/dwi/sub-20333_ses-1_space-ACPC_desc-preproc_dwi.nii.gz	0.0137614678899082	0.0113432062789797	0.006265165284276	0.0114737832918763	0.0115014836192131	0.0115002756938338	0.0061627575196325	0.0117957647889852	0.0118334982544183	sub-20333	ses-1				space-ACPC			DSIStudio	autotrackgqi
CranialNerve_CNVR	rtop	TORTOISE_model-MAPMRI	/scratch/executivefunction/SLURM_13244013_43/job-13244013-43-sub-20333-ses-1/ds/inputs/data/qsiprep/qsiprep/sub-20333/ses-1/dwi/sub-20333_ses-1_space-ACPC_desc-preproc_dwi.nii.gz	0.0137614678899082	0.0002403683465672	0.0001343010080745	0.0002644413616508	0.0002437223301967	0.0002661409962456	0.0001321778981946	0.0002398618526058	0.0002406291605439	sub-20333	ses-1				space-ACPC			DSIStudio	autotrackgqi
CranialNerve_CNVR	rtpp	TORTOISE_model-MAPMRI	/scratch/executivefunction/SLURM_13244013_43/job-13244013-43-sub-20333-ses-1/ds/inputs/data/qsiprep/qsiprep/sub-20333/ses-1/dwi/sub-20333_ses-1_space-ACPC_desc-preproc_dwi.nii.gz	0.0137614678899082	0.0427074022591114	0.0116977347061038	0.045612595975399	0.0433033183217048	0.0458234846591949	0.0106273787096142	0.0414828211069107	0.0416155233979225	sub-20333	ses-1				space-ACPC			DSIStudio	autotrackgqi
CranialNerve_CNVL	ad	TORTOISE_model-MAPMRI	/scratch/executivefunction/SLURM_13244013_43/job-13244013-43-sub-20333-ses-1/ds/inputs/data/qsiprep/qsiprep/sub-20333/ses-1/dwi/sub-20333_ses-1_space-ACPC_desc-preproc_dwi.nii.gz	0.0059568131049888	1551.3517360471835	912.4335629117704	1207.4061436959123	1560.648225851212	1209.4646412926331	907.2019787410388	1566.4623104802924	1569.1038515863456	sub-20333	ses-1				space-ACPC			DSIStudio	autotrackgqi
CranialNerve_CNVL	am	TORTOISE_model-MAPMRI	/scratch/executivefunction/SLURM_13244013_43/job-13244013-43-sub-20333-ses-1/ds/inputs/data/qsiprep/qsiprep/sub-20333/ses-1/dwi/sub-20333_ses-1_space-ACPC_desc-preproc_dwi.nii.gz	0.0	617.687255859375	261.3245544433594	524.4671630859375	617.687255859375	524.4671630859375	261.3245544433594	612.8191528320312	612.8191528320312	sub-20333	ses-1				space-ACPC			DSIStudio	autotrackgqi
CranialNerve_CNVL	fa	TORTOISE_model-MAPMRI	/scratch/executivefunction/SLURM_13244013_43/job-13244013-43-sub-20333-ses-1/ds/inputs/data/qsiprep/qsiprep/sub-20333/ses-1/dwi/sub-20333_ses-1_space-ACPC_desc-preproc_dwi.nii.gz	0.0059568131049888	0.3594776761420952	0.1768357277498694	0.334035608197008	0.3616318494822725	0.3347386359087482	0.1751549255048343	0.4069097381537189	0.4075959139380336	sub-20333	ses-1				space-ACPC			DSIStudio	autotrackgqi
CranialNerve_CNVL	li	TORTOISE_model-MAPMRI	/scratch/executivefunction/SLURM_13244013_43/job-13244013-43-sub-20333-ses-1/ds/inputs/data/qsiprep/qsiprep/sub-20333/ses-1/dwi/sub-20333_ses-1_space-ACPC_desc-preproc_dwi.nii.gz	0.0007446016381236	0.216310054063797	0.1430425643920898	0.1826459020376205	0.2164712399244308	0.1826769709587097	0.1429738849401474	0.2433317899703979	0.2434297800064087	sub-20333	ses-1				space-ACPC			DSIStudio	autotrackgqi
CranialNerve_CNVL	ng	TORTOISE_model-MAPMRI	/scratch/executivefunction/SLURM_13244013_43/job-13244013-43-sub-20333-ses-1/ds/inputs/data/qsiprep/qsiprep/sub-20333/ses-1/dwi/sub-20333_ses-1_space-ACPC_desc-preproc_dwi.nii.gz	0.0	0.3859437108039856	0.0899257212877273	0.3734214305877685	0.3859437108039856	0.3734214305877685	0.0899257212877273	0.3926916718482971	0.3926916718482971	sub-20333	ses-1				space-ACPC			DSIStudio	autotrackgqi
CranialNerve_CNVL	ngpar	TORTOISE_model-MAPMRI	/scratch/executivefunction/SLURM_13244013_43/job-13244013-43-sub-20333-ses-1/ds/inputs/data/qsiprep/qsiprep/sub-20333/ses-1/dwi/sub-20333_ses-1_space-ACPC_desc-preproc_dwi.nii.gz	0.0	0.1810643076896667	0.0512675121426582	0.1775208562612533	0.1810643076896667	0.1775208562612533	0.0512675121426582	0.174501895904541	0.174501895904541	sub-20333	ses-1				space-ACPC			DSIStudio	autotrackgqi
CranialNerve_CNVL	ngperp	TORTOISE_model-MAPMRI	/scratch/executivefunction/SLURM_13244013_43/job-13244013-43-sub-20333-ses-1/ds/inputs/data/qsiprep/qsiprep/sub-20333/ses-1/dwi/sub-20333_ses-1_space-ACPC_desc-preproc_dwi.nii.gz	0.0	0.3138974905014038	0.0718965530395507	0.3115604519844055	0.3138974905014038	0.3115604519844055	0.0718965530395507	0.3242946565151214	0.3242946565151214	sub-20333	ses-1				space-ACPC			DSIStudio	autotrackgqi
CranialNerve_CNVL	pa	TORTOISE_model-MAPMRI	/scratch/executivefunction/SLURM_13244013_43/job-13244013-43-sub-20333-ses-1/ds/inputs/data/qsiprep/qsiprep/sub-20333/ses-1/dwi/sub-20333_ses-1_space-ACPC_desc-preproc_dwi.nii.gz	0.0	0.7724839448928833	0.1427041441202163	0.8090978860855103	0.7724839448928833	0.8090978860855103	0.1427041441202163	0.8204898834228516	0.8204898834228516	sub-20333	ses-1				space-ACPC			DSIStudio	autotrackgqi
CranialNerve_CNVL	path	TORTOISE_model-MAPMRI	/scratch/executivefunction/SLURM_13244013_43/job-13244013-43-sub-20333-ses-1/ds/inputs/data/qsiprep/qsiprep/sub-20333/ses-1/dwi/sub-20333_ses-1_space-ACPC_desc-preproc_dwi.nii.gz	0.0	0.3043162524700165	0.0925686284899711	0.3003331422805786	0.3043162524700165	0.3003331422805786	0.0925686284899711	0.3293373584747314	0.3293373584747314	sub-20333	ses-1				space-ACPC			DSIStudio	autotrackgqi
CranialNerve_CNVL	rd	TORTOISE_model-MAPMRI	/scratch/executivefunction/SLURM_13244013_43/job-13244013-43-sub-20333-ses-1/ds/inputs/data/qsiprep/qsiprep/sub-20333/ses-1/dwi/sub-20333_ses-1_space-ACPC_desc-preproc_dwi.nii.gz	0.0059568131049888	960.003113248977	790.1014569794995	592.4046671818137	965.7559408939148	593.6686175539357	788.9520711759424	894.9047441457168	896.4138309545059	sub-20333	ses-1				space-ACPC			DSIStudio	autotrackgqi
CranialNerve_CNVL	rtap	TORTOISE_model-MAPMRI	/scratch/executivefunction/SLURM_13244013_43/job-13244013-43-sub-20333-ses-1/ds/inputs/data/qsiprep/qsiprep/sub-20333/ses-1/dwi/sub-20333_ses-1_space-ACPC_desc-preproc_dwi.nii.gz	0.0059568131049888	0.0117598278447985	0.0067431023344397	0.0119326030835509	0.0118302991613745	0.0119555359706282	0.0067013590596616	0.0129474140703678	0.0129692470654845	sub-20333	ses-1				space-ACPC			DSIStudio	autotrackgqi
CranialNerve_CNVL	rtop	TORTOISE_model-MAPMRI	/scratch/executivefunction/SLURM_13244013_43/job-13244013-43-sub-20333-ses-1/ds/inputs/data/qsiprep/qsiprep/sub-20333/ses-1/dwi/sub-20333_ses-1_space-ACPC_desc-preproc_dwi.nii.gz	0.0059568131049888	0.0002445969148539	0.0001429697003914	0.0002705835213419	0.0002460626710671	0.0002710211847443	0.00014213428949	0.000264975009486	0.0002654218114912	sub-20333	ses-1				space-ACPC			DSIStudio	autotrackgqi
CranialNerve_CNVL	rtpp	TORTOISE_model-MAPMRI	/scratch/executivefunction/SLURM_13244013_43/job-13244013-43-sub-20333-ses-1/ds/inputs/data/qsiprep/qsiprep/sub-20333/ses-1/dwi/sub-20333_ses-1_space-ACPC_desc-preproc_dwi.nii.gz	0.0059568131049888	0.0412706434726715	0.0113390954211354	0.0437626391649246	0.0415179580450058	0.0438802056014537	0.0109122665598988	0.0411775782704353	0.0412470176815986	sub-20333	ses-1				space-ACPC			DSIStudio	autotrackgqi
