bundle	variable_name	qsirecon_suffix	source_file	zero_proportion	mean	stdev	median	masked_mean	masked_median	masked_stdev	weighted_mean	masked_weighted_mean	subject_id	session_id	task_id	dir_id	acq_id	space_id	rec_id	run_id	bundle_source	bundle_params_id
Association_ArcuateFasciculusR	directions	NODDI	/scratch/executivefunction/SLURM_8364170_109/job-8364170-109-sub-20953-ses-1/ds/inputs/data/qsiprep/qsiprep/sub-20953/ses-1/dwi/sub-20953_ses-1_space-ACPC_desc-preproc_dwi.nii.gz	0.0	-0.1049669682979583	0.5677281618118286	-0.0395675525069236	-0.1049669682979583	-0.0395675525069236	0.5677281618118286	-0.3149009048938751		sub-20953	ses-1				space-ACPC			DSIStudio	autotrackgqi
Association_ArcuateFasciculusR	icvf	NODDI	/scratch/executivefunction/SLURM_8364170_109/job-8364170-109-sub-20953-ses-1/ds/inputs/data/qsiprep/qsiprep/sub-20953/ses-1/dwi/sub-20953_ses-1_space-ACPC_desc-preproc_dwi.nii.gz	0.0	0.6453431844711304	0.124391384422779	0.61465984582901	0.6453431844711304	0.61465984582901	0.124391384422779	0.6453431248664856	0.6453432440757751	sub-20953	ses-1				space-ACPC			DSIStudio	autotrackgqi
Association_ArcuateFasciculusR	isovf	NODDI	/scratch/executivefunction/SLURM_8364170_109/job-8364170-109-sub-20953-ses-1/ds/inputs/data/qsiprep/qsiprep/sub-20953/ses-1/dwi/sub-20953_ses-1_space-ACPC_desc-preproc_dwi.nii.gz	0.3636363636363636	0.0956425294280052	0.1283803284168243	0.0851638689637184	0.1502954065799713	0.1159118339419364	0.1329865902662277	0.095642514526844	0.1502954214811325	sub-20953	ses-1				space-ACPC			DSIStudio	autotrackgqi
Association_ArcuateFasciculusR	modulated_icvf	NODDI	/scratch/executivefunction/SLURM_8364170_109/job-8364170-109-sub-20953-ses-1/ds/inputs/data/qsiprep/qsiprep/sub-20953/ses-1/dwi/sub-20953_ses-1_space-ACPC_desc-preproc_dwi.nii.gz	0.0	0.5759479403495789	0.1108950600028038	0.5797538757324219	0.5759479403495789	0.5797538757324219	0.1108950600028038	0.5759478807449341	0.5759479999542236	sub-20953	ses-1				space-ACPC			DSIStudio	autotrackgqi
Association_ArcuateFasciculusR	modulated_od	NODDI	/scratch/executivefunction/SLURM_8364170_109/job-8364170-109-sub-20953-ses-1/ds/inputs/data/qsiprep/qsiprep/sub-20953/ses-1/dwi/sub-20953_ses-1_space-ACPC_desc-preproc_dwi.nii.gz	0.0	0.2634166181087494	0.1662713885307312	0.242121621966362	0.2634166181087494	0.242121621966362	0.1662713885307312	0.2634166181087494	0.2634166777133941	sub-20953	ses-1				space-ACPC			DSIStudio	autotrackgqi
Association_ArcuateFasciculusR	nrmse	NODDI	/scratch/executivefunction/SLURM_8364170_109/job-8364170-109-sub-20953-ses-1/ds/inputs/data/qsiprep/qsiprep/sub-20953/ses-1/dwi/sub-20953_ses-1_space-ACPC_desc-preproc_dwi.nii.gz	0.0	0.0954369753599166	0.0355008244514465	0.0988308116793632	0.0954369753599166	0.0988308116793632	0.0355008244514465	0.095436967909336	0.0954369828104972	sub-20953	ses-1				space-ACPC			DSIStudio	autotrackgqi
Association_ArcuateFasciculusR	od	NODDI	/scratch/executivefunction/SLURM_8364170_109/job-8364170-109-sub-20953-ses-1/ds/inputs/data/qsiprep/qsiprep/sub-20953/ses-1/dwi/sub-20953_ses-1_space-ACPC_desc-preproc_dwi.nii.gz	0.0	0.2838262319564819	0.1636584848165512	0.2698952257633209	0.2838262319564819	0.2698952257633209	0.1636584848165512	0.2838262021541595	0.2838262617588043	sub-20953	ses-1				space-ACPC			DSIStudio	autotrackgqi
Association_ArcuateFasciculusR	rmse	NODDI	/scratch/executivefunction/SLURM_8364170_109/job-8364170-109-sub-20953-ses-1/ds/inputs/data/qsiprep/qsiprep/sub-20953/ses-1/dwi/sub-20953_ses-1_space-ACPC_desc-preproc_dwi.nii.gz	0.0	0.041678000241518	0.0167526789009571	0.0379870533943176	0.041678000241518	0.0379870533943176	0.0167526789009571	0.0416779965162277	0.0416780114173889	sub-20953	ses-1				space-ACPC			DSIStudio	autotrackgqi
Association_ArcuateFasciculusR	tf	NODDI	/scratch/executivefunction/SLURM_8364170_109/job-8364170-109-sub-20953-ses-1/ds/inputs/data/qsiprep/qsiprep/sub-20953/ses-1/dwi/sub-20953_ses-1_space-ACPC_desc-preproc_dwi.nii.gz	0.0	0.9043574777516452	0.1283803164267692	0.9148361086845398	0.9043574777516452	0.9148361086845398	0.1283803164267692	0.904357449115195	0.9043576344098726	sub-20953	ses-1				space-ACPC			DSIStudio	autotrackgqi
Association_InferiorLongitudinalFasciculusR	directions	NODDI	/scratch/executivefunction/SLURM_8364170_109/job-8364170-109-sub-20953-ses-1/ds/inputs/data/qsiprep/qsiprep/sub-20953/ses-1/dwi/sub-20953_ses-1_space-ACPC_desc-preproc_dwi.nii.gz	0.0	-0.0295149330049753	0.5765953660011292	-0.0908765569329261	-0.0295149330049753	-0.0908765569329261	0.5765953660011292	-0.232973963022232		sub-20953	ses-1				space-ACPC			DSIStudio	autotrackgqi
Association_InferiorLongitudinalFasciculusR	icvf	NODDI	/scratch/executivefunction/SLURM_8364170_109/job-8364170-109-sub-20953-ses-1/ds/inputs/data/qsiprep/qsiprep/sub-20953/ses-1/dwi/sub-20953_ses-1_space-ACPC_desc-preproc_dwi.nii.gz	0.0129358830146231	0.5970103144645691	0.164628267288208	0.5500767230987549	0.6048343777656555	0.5508125424385071	0.1507494300603866	0.5929892063140869	0.5988452434539795	sub-20953	ses-1				space-ACPC			DSIStudio	autotrackgqi
Association_InferiorLongitudinalFasciculusR	isovf	NODDI	/scratch/executivefunction/SLURM_8364170_109/job-8364170-109-sub-20953-ses-1/ds/inputs/data/qsiprep/qsiprep/sub-20953/ses-1/dwi/sub-20953_ses-1_space-ACPC_desc-preproc_dwi.nii.gz	0.562429696287964	0.1162495911121368	0.2230721414089203	0.0	0.2656706571578979	0.1432531177997589	0.2720749676227569	0.1031824946403503	0.2177059650421142	sub-20953	ses-1				space-ACPC			DSIStudio	autotrackgqi
Association_InferiorLongitudinalFasciculusR	modulated_icvf	NODDI	/scratch/executivefunction/SLURM_8364170_109/job-8364170-109-sub-20953-ses-1/ds/inputs/data/qsiprep/qsiprep/sub-20953/ses-1/dwi/sub-20953_ses-1_space-ACPC_desc-preproc_dwi.nii.gz	0.0129358830146231	0.51264888048172	0.1311389952898025	0.5241138339042664	0.5193673968315125	0.525361955165863	0.1180400848388671	0.517966628074646	0.5230818390846252	sub-20953	ses-1				space-ACPC			DSIStudio	autotrackgqi
Association_InferiorLongitudinalFasciculusR	modulated_od	NODDI	/scratch/executivefunction/SLURM_8364170_109/job-8364170-109-sub-20953-ses-1/ds/inputs/data/qsiprep/qsiprep/sub-20953/ses-1/dwi/sub-20953_ses-1_space-ACPC_desc-preproc_dwi.nii.gz	0.0	0.3512502908706665	0.1594357341527938	0.3915918469429016	0.3512502908706665	0.3915918469429016	0.1594357341527938	0.3346625566482544	0.3346625566482544	sub-20953	ses-1				space-ACPC			DSIStudio	autotrackgqi
Association_InferiorLongitudinalFasciculusR	nrmse	NODDI	/scratch/executivefunction/SLURM_8364170_109/job-8364170-109-sub-20953-ses-1/ds/inputs/data/qsiprep/qsiprep/sub-20953/ses-1/dwi/sub-20953_ses-1_space-ACPC_desc-preproc_dwi.nii.gz	0.0	0.0936745107173919	0.0567933246493339	0.0791310966014862	0.0936745107173919	0.0791310966014862	0.0567933246493339	0.0825446844100952	0.0825446844100952	sub-20953	ses-1				space-ACPC			DSIStudio	autotrackgqi
Association_InferiorLongitudinalFasciculusR	od	NODDI	/scratch/executivefunction/SLURM_8364170_109/job-8364170-109-sub-20953-ses-1/ds/inputs/data/qsiprep/qsiprep/sub-20953/ses-1/dwi/sub-20953_ses-1_space-ACPC_desc-preproc_dwi.nii.gz	0.0	0.3991674482822418	0.1563537120819091	0.4128252863883972	0.3991674482822418	0.4128252863883972	0.1563537120819091	0.3722721338272095	0.3722721338272095	sub-20953	ses-1				space-ACPC			DSIStudio	autotrackgqi
Association_InferiorLongitudinalFasciculusR	rmse	NODDI	/scratch/executivefunction/SLURM_8364170_109/job-8364170-109-sub-20953-ses-1/ds/inputs/data/qsiprep/qsiprep/sub-20953/ses-1/dwi/sub-20953_ses-1_space-ACPC_desc-preproc_dwi.nii.gz	0.0	0.038750123232603	0.0268631540238857	0.0326995067298412	0.038750123232603	0.0326995067298412	0.0268631540238857	0.0339386165142059	0.0339386165142059	sub-20953	ses-1				space-ACPC			DSIStudio	autotrackgqi
Association_InferiorLongitudinalFasciculusR	tf	NODDI	/scratch/executivefunction/SLURM_8364170_109/job-8364170-109-sub-20953-ses-1/ds/inputs/data/qsiprep/qsiprep/sub-20953/ses-1/dwi/sub-20953_ses-1_space-ACPC_desc-preproc_dwi.nii.gz	0.0129358830146231	0.8837504186096556	0.2230721540072108	1.0	0.8953323329276169	1.0	0.2001091312886476	0.8968174984637941	0.9056740664353976	sub-20953	ses-1				space-ACPC			DSIStudio	autotrackgqi
Association_SuperiorLongitudinalFasciculusR	directions	NODDI	/scratch/executivefunction/SLURM_8364170_109/job-8364170-109-sub-20953-ses-1/ds/inputs/data/qsiprep/qsiprep/sub-20953/ses-1/dwi/sub-20953_ses-1_space-ACPC_desc-preproc_dwi.nii.gz	0.0	-0.0323528982698917	0.576443076133728	-0.0988129079341888	-0.0323528982698917	-0.0988129079341888	0.576443076133728	-0.0238181948661804		sub-20953	ses-1				space-ACPC			DSIStudio	autotrackgqi
Association_SuperiorLongitudinalFasciculusR	icvf	NODDI	/scratch/executivefunction/SLURM_8364170_109/job-8364170-109-sub-20953-ses-1/ds/inputs/data/qsiprep/qsiprep/sub-20953/ses-1/dwi/sub-20953_ses-1_space-ACPC_desc-preproc_dwi.nii.gz	0.0146948003014318	0.5147884488105774	0.1974200755357742	0.4818893074989319	0.5224660038948059	0.4875231981277466	0.1885330379009246	0.5386037826538086	0.5447919964790344	sub-20953	ses-1				space-ACPC			DSIStudio	autotrackgqi
Association_SuperiorLongitudinalFasciculusR	isovf	NODDI	/scratch/executivefunction/SLURM_8364170_109/job-8364170-109-sub-20953-ses-1/ds/inputs/data/qsiprep/qsiprep/sub-20953/ses-1/dwi/sub-20953_ses-1_space-ACPC_desc-preproc_dwi.nii.gz	0.4660889223813112	0.1279356181621551	0.2255426049232483	0.0209205653518438	0.2396197170019149	0.1294469386339187	0.2617543339729309	0.1391837894916534	0.2472126185894012	sub-20953	ses-1				space-ACPC			DSIStudio	autotrackgqi
Association_SuperiorLongitudinalFasciculusR	modulated_icvf	NODDI	/scratch/executivefunction/SLURM_8364170_109/job-8364170-109-sub-20953-ses-1/ds/inputs/data/qsiprep/qsiprep/sub-20953/ses-1/dwi/sub-20953_ses-1_space-ACPC_desc-preproc_dwi.nii.gz	0.0146948003014318	0.4333977103233337	0.1537265926599502	0.4236363768577575	0.439861387014389	0.4236363768577575	0.1454000920057296	0.4381761252880096	0.4432104825973511	sub-20953	ses-1				space-ACPC			DSIStudio	autotrackgqi
Association_SuperiorLongitudinalFasciculusR	modulated_od	NODDI	/scratch/executivefunction/SLURM_8364170_109/job-8364170-109-sub-20953-ses-1/ds/inputs/data/qsiprep/qsiprep/sub-20953/ses-1/dwi/sub-20953_ses-1_space-ACPC_desc-preproc_dwi.nii.gz	0.0026375282592313	0.2816221117973327	0.1805812716484069	0.2585223019123077	0.2823668420314789	0.2593380510807037	0.1802374422550201	0.238501951098442	0.2391214072704315	sub-20953	ses-1				space-ACPC			DSIStudio	autotrackgqi
Association_SuperiorLongitudinalFasciculusR	nrmse	NODDI	/scratch/executivefunction/SLURM_8364170_109/job-8364170-109-sub-20953-ses-1/ds/inputs/data/qsiprep/qsiprep/sub-20953/ses-1/dwi/sub-20953_ses-1_space-ACPC_desc-preproc_dwi.nii.gz	0.0	0.1110195890069007	0.0373656786978244	0.1043091565370559	0.1110195890069007	0.1043091565370559	0.0373656786978244	0.1119932606816291	0.1119932606816291	sub-20953	ses-1				space-ACPC			DSIStudio	autotrackgqi
Association_SuperiorLongitudinalFasciculusR	od	NODDI	/scratch/executivefunction/SLURM_8364170_109/job-8364170-109-sub-20953-ses-1/ds/inputs/data/qsiprep/qsiprep/sub-20953/ses-1/dwi/sub-20953_ses-1_space-ACPC_desc-preproc_dwi.nii.gz	0.0	0.3312978148460388	0.1955115646123886	0.3044381141662597	0.3312978148460388	0.3044381141662597	0.1955115646123886	0.2791133224964142	0.2791133224964142	sub-20953	ses-1				space-ACPC			DSIStudio	autotrackgqi
Association_SuperiorLongitudinalFasciculusR	rmse	NODDI	/scratch/executivefunction/SLURM_8364170_109/job-8364170-109-sub-20953-ses-1/ds/inputs/data/qsiprep/qsiprep/sub-20953/ses-1/dwi/sub-20953_ses-1_space-ACPC_desc-preproc_dwi.nii.gz	0.0	0.0444612242281436	0.0240875724703073	0.0409759357571601	0.0444612242281436	0.0409759357571601	0.0240875724703073	0.0442000329494476	0.0442000329494476	sub-20953	ses-1				space-ACPC			DSIStudio	autotrackgqi
Association_SuperiorLongitudinalFasciculusR	tf	NODDI	/scratch/executivefunction/SLURM_8364170_109/job-8364170-109-sub-20953-ses-1/ds/inputs/data/qsiprep/qsiprep/sub-20953/ses-1/dwi/sub-20953_ses-1_space-ACPC_desc-preproc_dwi.nii.gz	0.0146948003014318	0.8720643741570655	0.2255426107992492	0.9790794253349304	0.8850703055498477	0.9842883944511414	0.2002922133770563	0.8608162190410076	0.8707064492971073	sub-20953	ses-1				space-ACPC			DSIStudio	autotrackgqi
Association_MiddleLongitudinalFasciculusL	directions	NODDI	/scratch/executivefunction/SLURM_8364170_109/job-8364170-109-sub-20953-ses-1/ds/inputs/data/qsiprep/qsiprep/sub-20953/ses-1/dwi/sub-20953_ses-1_space-ACPC_desc-preproc_dwi.nii.gz	0.0	-0.0005131553043611	0.5773500204086304	-0.2071280777454376	-0.0005131553043611	-0.2071280777454376	0.5773500204086304	0.1734172105789184		sub-20953	ses-1				space-ACPC			DSIStudio	autotrackgqi
Association_MiddleLongitudinalFasciculusL	icvf	NODDI	/scratch/executivefunction/SLURM_8364170_109/job-8364170-109-sub-20953-ses-1/ds/inputs/data/qsiprep/qsiprep/sub-20953/ses-1/dwi/sub-20953_ses-1_space-ACPC_desc-preproc_dwi.nii.gz	0.0	0.6335695385932922	0.1811175197362899	0.5368542671203613	0.6335695385932922	0.5368542671203613	0.1811175197362899	0.6485795378684998	0.6485795378684998	sub-20953	ses-1				space-ACPC			DSIStudio	autotrackgqi
Association_MiddleLongitudinalFasciculusL	isovf	NODDI	/scratch/executivefunction/SLURM_8364170_109/job-8364170-109-sub-20953-ses-1/ds/inputs/data/qsiprep/qsiprep/sub-20953/ses-1/dwi/sub-20953_ses-1_space-ACPC_desc-preproc_dwi.nii.gz	0.3611111111111111	0.246020421385765	0.2927235066890716	0.1034214198589325	0.3850754499435425	0.3133887648582458	0.2838524281978607	0.2714730203151703	0.4102944135665893	sub-20953	ses-1				space-ACPC			DSIStudio	autotrackgqi
Association_MiddleLongitudinalFasciculusL	modulated_icvf	NODDI	/scratch/executivefunction/SLURM_8364170_109/job-8364170-109-sub-20953-ses-1/ds/inputs/data/qsiprep/qsiprep/sub-20953/ses-1/dwi/sub-20953_ses-1_space-ACPC_desc-preproc_dwi.nii.gz	0.0	0.4272507131099701	0.1089546456933021	0.4734763503074646	0.4272507131099701	0.4734763503074646	0.1089546456933021	0.4157279133796692	0.4157279133796692	sub-20953	ses-1				space-ACPC			DSIStudio	autotrackgqi
Association_MiddleLongitudinalFasciculusL	modulated_od	NODDI	/scratch/executivefunction/SLURM_8364170_109/job-8364170-109-sub-20953-ses-1/ds/inputs/data/qsiprep/qsiprep/sub-20953/ses-1/dwi/sub-20953_ses-1_space-ACPC_desc-preproc_dwi.nii.gz	0.0	0.3411265313625335	0.1543397307395935	0.4072305262088775	0.3411265313625335	0.4072305262088775	0.1543397307395935	0.3171256184577942	0.3171256184577942	sub-20953	ses-1				space-ACPC			DSIStudio	autotrackgqi
Association_MiddleLongitudinalFasciculusL	nrmse	NODDI	/scratch/executivefunction/SLURM_8364170_109/job-8364170-109-sub-20953-ses-1/ds/inputs/data/qsiprep/qsiprep/sub-20953/ses-1/dwi/sub-20953_ses-1_space-ACPC_desc-preproc_dwi.nii.gz	0.0	0.1104534640908241	0.0490344725549221	0.0896394476294517	0.1104534640908241	0.0896394476294517	0.0490344725549221	0.1115985512733459	0.1115985512733459	sub-20953	ses-1				space-ACPC			DSIStudio	autotrackgqi
Association_MiddleLongitudinalFasciculusL	od	NODDI	/scratch/executivefunction/SLURM_8364170_109/job-8364170-109-sub-20953-ses-1/ds/inputs/data/qsiprep/qsiprep/sub-20953/ses-1/dwi/sub-20953_ses-1_space-ACPC_desc-preproc_dwi.nii.gz	0.0	0.4368742704391479	0.098717913031578	0.4491488933563232	0.4368742704391479	0.4491488933563232	0.098717913031578	0.4118062853813171	0.4118062853813171	sub-20953	ses-1				space-ACPC			DSIStudio	autotrackgqi
Association_MiddleLongitudinalFasciculusL	rmse	NODDI	/scratch/executivefunction/SLURM_8364170_109/job-8364170-109-sub-20953-ses-1/ds/inputs/data/qsiprep/qsiprep/sub-20953/ses-1/dwi/sub-20953_ses-1_space-ACPC_desc-preproc_dwi.nii.gz	0.0	0.0403974242508411	0.0146166188642382	0.0361430719494819	0.0403974242508411	0.0361430719494819	0.0146166188642382	0.040475245565176	0.040475245565176	sub-20953	ses-1				space-ACPC			DSIStudio	autotrackgqi
Association_MiddleLongitudinalFasciculusL	tf	NODDI	/scratch/executivefunction/SLURM_8364170_109/job-8364170-109-sub-20953-ses-1/ds/inputs/data/qsiprep/qsiprep/sub-20953/ses-1/dwi/sub-20953_ses-1_space-ACPC_desc-preproc_dwi.nii.gz	0.0	0.7539795802699195	0.2927235200271528	0.8965785801410675	0.7539795802699195	0.8965785801410675	0.2927235200271528	0.7285269921775306	0.7285269921775306	sub-20953	ses-1				space-ACPC			DSIStudio	autotrackgqi
Association_VerticalOccipitalFasciculusR	directions	NODDI	/scratch/executivefunction/SLURM_8364170_109/job-8364170-109-sub-20953-ses-1/ds/inputs/data/qsiprep/qsiprep/sub-20953/ses-1/dwi/sub-20953_ses-1_space-ACPC_desc-preproc_dwi.nii.gz	0.0	-0.0475396700203418	0.5753896832466125	-0.0566013753414154	-0.0475396700203418	-0.0566013753414154	0.5753896832466125	-0.3840449452400207		sub-20953	ses-1				space-ACPC			DSIStudio	autotrackgqi
Association_VerticalOccipitalFasciculusR	icvf	NODDI	/scratch/executivefunction/SLURM_8364170_109/job-8364170-109-sub-20953-ses-1/ds/inputs/data/qsiprep/qsiprep/sub-20953/ses-1/dwi/sub-20953_ses-1_space-ACPC_desc-preproc_dwi.nii.gz	0.0127942681678608	0.584380567073822	0.1480519771575927	0.5463809370994568	0.5919541716575623	0.5470037460327148	0.1331173330545425	0.6031060218811035	0.6053558588027954	sub-20953	ses-1				space-ACPC			DSIStudio	autotrackgqi
Association_VerticalOccipitalFasciculusR	isovf	NODDI	/scratch/executivefunction/SLURM_8364170_109/job-8364170-109-sub-20953-ses-1/ds/inputs/data/qsiprep/qsiprep/sub-20953/ses-1/dwi/sub-20953_ses-1_space-ACPC_desc-preproc_dwi.nii.gz	0.5736949846468782	0.0931869149208068	0.1895333081483841	0.0	0.2185921221971511	0.1244127973914146	0.2384388446807861	0.0929815620183944	0.1867458224296569	sub-20953	ses-1				space-ACPC			DSIStudio	autotrackgqi
Association_VerticalOccipitalFasciculusR	modulated_icvf	NODDI	/scratch/executivefunction/SLURM_8364170_109/job-8364170-109-sub-20953-ses-1/ds/inputs/data/qsiprep/qsiprep/sub-20953/ses-1/dwi/sub-20953_ses-1_space-ACPC_desc-preproc_dwi.nii.gz	0.0127942681678608	0.5242108702659607	0.126311644911766	0.529004693031311	0.5310046672821045	0.5300593972206116	0.112043984234333	0.5386650562286377	0.5406744480133057	sub-20953	ses-1				space-ACPC			DSIStudio	autotrackgqi
Association_VerticalOccipitalFasciculusR	modulated_od	NODDI	/scratch/executivefunction/SLURM_8364170_109/job-8364170-109-sub-20953-ses-1/ds/inputs/data/qsiprep/qsiprep/sub-20953/ses-1/dwi/sub-20953_ses-1_space-ACPC_desc-preproc_dwi.nii.gz	0.0	0.3701591491699219	0.1611979901790619	0.4058667719364166	0.3701591491699219	0.4058667719364166	0.1611979901790619	0.3517720699310303	0.3517720699310303	sub-20953	ses-1				space-ACPC			DSIStudio	autotrackgqi
Association_VerticalOccipitalFasciculusR	nrmse	NODDI	/scratch/executivefunction/SLURM_8364170_109/job-8364170-109-sub-20953-ses-1/ds/inputs/data/qsiprep/qsiprep/sub-20953/ses-1/dwi/sub-20953_ses-1_space-ACPC_desc-preproc_dwi.nii.gz	0.0	0.0909828394651413	0.0489541590213775	0.0782339796423912	0.0909828394651413	0.0782339796423912	0.0489541590213775	0.0981606245040893	0.0981606245040893	sub-20953	ses-1				space-ACPC			DSIStudio	autotrackgqi
Association_VerticalOccipitalFasciculusR	od	NODDI	/scratch/executivefunction/SLURM_8364170_109/job-8364170-109-sub-20953-ses-1/ds/inputs/data/qsiprep/qsiprep/sub-20953/ses-1/dwi/sub-20953_ses-1_space-ACPC_desc-preproc_dwi.nii.gz	0.0	0.4098836481571197	0.1596667021512985	0.4249187707901001	0.4098836481571197	0.4249187707901001	0.1596667021512985	0.3846276402473449	0.3846276402473449	sub-20953	ses-1				space-ACPC			DSIStudio	autotrackgqi
Association_VerticalOccipitalFasciculusR	rmse	NODDI	/scratch/executivefunction/SLURM_8364170_109/job-8364170-109-sub-20953-ses-1/ds/inputs/data/qsiprep/qsiprep/sub-20953/ses-1/dwi/sub-20953_ses-1_space-ACPC_desc-preproc_dwi.nii.gz	0.0	0.0384337604045867	0.0258004553616046	0.0324315503239631	0.0384337604045867	0.0324315503239631	0.0258004553616046	0.0416731089353561	0.0416731089353561	sub-20953	ses-1				space-ACPC			DSIStudio	autotrackgqi
Association_VerticalOccipitalFasciculusR	tf	NODDI	/scratch/executivefunction/SLURM_8364170_109/job-8364170-109-sub-20953-ses-1/ds/inputs/data/qsiprep/qsiprep/sub-20953/ses-1/dwi/sub-20953_ses-1_space-ACPC_desc-preproc_dwi.nii.gz	0.0127942681678608	0.9068130803205828	0.1895333174275136	1.0	0.9185654530567232	1.0	0.1599784932798162	0.9070184411828752	0.9104019744767176	sub-20953	ses-1				space-ACPC			DSIStudio	autotrackgqi
Association_HippocampusAlveusL	directions	NODDI	/scratch/executivefunction/SLURM_8364170_109/job-8364170-109-sub-20953-ses-1/ds/inputs/data/qsiprep/qsiprep/sub-20953/ses-1/dwi/sub-20953_ses-1_space-ACPC_desc-preproc_dwi.nii.gz	0.0	-0.0081394547596573	0.5772928595542908	-0.1243860125541687	-0.0081394547596573	-0.1243860125541687	0.5772928595542908	0.0029051974415779		sub-20953	ses-1				space-ACPC			DSIStudio	autotrackgqi
Association_HippocampusAlveusL	icvf	NODDI	/scratch/executivefunction/SLURM_8364170_109/job-8364170-109-sub-20953-ses-1/ds/inputs/data/qsiprep/qsiprep/sub-20953/ses-1/dwi/sub-20953_ses-1_space-ACPC_desc-preproc_dwi.nii.gz	0.0	0.3736221492290497	0.0826753973960876	0.3427272737026214	0.3736221492290497	0.3427272737026214	0.0826753973960876	0.3799348175525665	0.3799348473548889	sub-20953	ses-1				space-ACPC			DSIStudio	autotrackgqi
Association_HippocampusAlveusL	isovf	NODDI	/scratch/executivefunction/SLURM_8364170_109/job-8364170-109-sub-20953-ses-1/ds/inputs/data/qsiprep/qsiprep/sub-20953/ses-1/dwi/sub-20953_ses-1_space-ACPC_desc-preproc_dwi.nii.gz	0.8095238095238095	0.0354996398091316	0.1046890765428543	0.0	0.1863731145858764	0.1167832762002945	0.1715231835842132	0.0246779769659042	0.1253128349781036	sub-20953	ses-1				space-ACPC			DSIStudio	autotrackgqi
Association_HippocampusAlveusL	modulated_icvf	NODDI	/scratch/executivefunction/SLURM_8364170_109/job-8364170-109-sub-20953-ses-1/ds/inputs/data/qsiprep/qsiprep/sub-20953/ses-1/dwi/sub-20953_ses-1_space-ACPC_desc-preproc_dwi.nii.gz	0.0	0.3583732545375824	0.0836610421538353	0.3410861492156982	0.3583732545375824	0.3410861492156982	0.0836610421538353	0.3689731657505035	0.3689732253551483	sub-20953	ses-1				space-ACPC			DSIStudio	autotrackgqi
Association_HippocampusAlveusL	modulated_od	NODDI	/scratch/executivefunction/SLURM_8364170_109/job-8364170-109-sub-20953-ses-1/ds/inputs/data/qsiprep/qsiprep/sub-20953/ses-1/dwi/sub-20953_ses-1_space-ACPC_desc-preproc_dwi.nii.gz	0.0	0.2977030277252197	0.1007545441389083	0.281887799501419	0.2977030277252197	0.281887799501419	0.1007545441389083	0.2991724610328674	0.2991724908351898	sub-20953	ses-1				space-ACPC			DSIStudio	autotrackgqi
Association_HippocampusAlveusL	nrmse	NODDI	/scratch/executivefunction/SLURM_8364170_109/job-8364170-109-sub-20953-ses-1/ds/inputs/data/qsiprep/qsiprep/sub-20953/ses-1/dwi/sub-20953_ses-1_space-ACPC_desc-preproc_dwi.nii.gz	0.0	0.1068664193153381	0.0289119146764278	0.1002334356307983	0.1068664193153381	0.1002334356307983	0.0289119146764278	0.1047862321138382	0.1047862321138382	sub-20953	ses-1				space-ACPC			DSIStudio	autotrackgqi
Association_HippocampusAlveusL	od	NODDI	/scratch/executivefunction/SLURM_8364170_109/job-8364170-109-sub-20953-ses-1/ds/inputs/data/qsiprep/qsiprep/sub-20953/ses-1/dwi/sub-20953_ses-1_space-ACPC_desc-preproc_dwi.nii.gz	0.0	0.3171332776546478	0.1311768293380737	0.281887799501419	0.3171332776546478	0.281887799501419	0.1311768293380737	0.3085486590862274	0.3085486888885498	sub-20953	ses-1				space-ACPC			DSIStudio	autotrackgqi
Association_HippocampusAlveusL	rmse	NODDI	/scratch/executivefunction/SLURM_8364170_109/job-8364170-109-sub-20953-ses-1/ds/inputs/data/qsiprep/qsiprep/sub-20953/ses-1/dwi/sub-20953_ses-1_space-ACPC_desc-preproc_dwi.nii.gz	0.0	0.0411711297929286	0.0141117004677653	0.0353353470563888	0.0411711297929286	0.0353353470563888	0.0141117004677653	0.0406175516545772	0.0406175591051578	sub-20953	ses-1				space-ACPC			DSIStudio	autotrackgqi
Association_HippocampusAlveusL	tf	NODDI	/scratch/executivefunction/SLURM_8364170_109/job-8364170-109-sub-20953-ses-1/ds/inputs/data/qsiprep/qsiprep/sub-20953/ses-1/dwi/sub-20953_ses-1_space-ACPC_desc-preproc_dwi.nii.gz	0.0	0.9645003562881832	0.1046890776577122	1.0	0.9645003562881832	1.0	0.1046890776577122	0.9753220161251032	0.9753220966630016	sub-20953	ses-1				space-ACPC			DSIStudio	autotrackgqi
Association_CingulumL	directions	NODDI	/scratch/executivefunction/SLURM_8364170_109/job-8364170-109-sub-20953-ses-1/ds/inputs/data/qsiprep/qsiprep/sub-20953/ses-1/dwi/sub-20953_ses-1_space-ACPC_desc-preproc_dwi.nii.gz	0.0	-0.0666554123163223	0.5734896659851074	-0.1122922524809837	-0.0666554123163223	-0.1122922524809837	0.5734896659851074	-0.1994584500789642		sub-20953	ses-1				space-ACPC			DSIStudio	autotrackgqi
Association_CingulumL	icvf	NODDI	/scratch/executivefunction/SLURM_8364170_109/job-8364170-109-sub-20953-ses-1/ds/inputs/data/qsiprep/qsiprep/sub-20953/ses-1/dwi/sub-20953_ses-1_space-ACPC_desc-preproc_dwi.nii.gz	0.0250208507089241	0.6348244547843933	0.2101375013589859	0.6079729795455933	0.6511159539222717	0.6136142611503601	0.1862346678972244	0.6300410628318787	0.636766791343689	sub-20953	ses-1				space-ACPC			DSIStudio	autotrackgqi
Association_CingulumL	isovf	NODDI	/scratch/executivefunction/SLURM_8364170_109/job-8364170-109-sub-20953-ses-1/ds/inputs/data/qsiprep/qsiprep/sub-20953/ses-1/dwi/sub-20953_ses-1_space-ACPC_desc-preproc_dwi.nii.gz	0.2301918265221017	0.2212034165859222	0.2836200892925262	0.1036924794316291	0.2873487472534179	0.1535345613956451	0.292382001876831	0.1488525867462158	0.1892066299915313	sub-20953	ses-1				space-ACPC			DSIStudio	autotrackgqi
Association_CingulumL	modulated_icvf	NODDI	/scratch/executivefunction/SLURM_8364170_109/job-8364170-109-sub-20953-ses-1/ds/inputs/data/qsiprep/qsiprep/sub-20953/ses-1/dwi/sub-20953_ses-1_space-ACPC_desc-preproc_dwi.nii.gz	0.0250208507089241	0.4772412776947021	0.1839468032121658	0.5014682412147522	0.4894886910915375	0.5045454502105713	0.1694396287202835	0.5237167477607727	0.5293074250221252	sub-20953	ses-1				space-ACPC			DSIStudio	autotrackgqi
Association_CingulumL	modulated_od	NODDI	/scratch/executivefunction/SLURM_8364170_109/job-8364170-109-sub-20953-ses-1/ds/inputs/data/qsiprep/qsiprep/sub-20953/ses-1/dwi/sub-20953_ses-1_space-ACPC_desc-preproc_dwi.nii.gz	0.0016680567139282	0.2254033386707306	0.1515828669071197	0.2161412537097931	0.2257799506187439	0.2162423431873321	0.1514289528131485	0.2042387276887893	0.204342633485794	sub-20953	ses-1				space-ACPC			DSIStudio	autotrackgqi
Association_CingulumL	nrmse	NODDI	/scratch/executivefunction/SLURM_8364170_109/job-8364170-109-sub-20953-ses-1/ds/inputs/data/qsiprep/qsiprep/sub-20953/ses-1/dwi/sub-20953_ses-1_space-ACPC_desc-preproc_dwi.nii.gz	0.0	0.1289231330156326	0.0540905706584453	0.1153990030288696	0.1289231330156326	0.1153990030288696	0.0540905706584453	0.1329287588596344	0.1329287588596344	sub-20953	ses-1				space-ACPC			DSIStudio	autotrackgqi
Association_CingulumL	od	NODDI	/scratch/executivefunction/SLURM_8364170_109/job-8364170-109-sub-20953-ses-1/ds/inputs/data/qsiprep/qsiprep/sub-20953/ses-1/dwi/sub-20953_ses-1_space-ACPC_desc-preproc_dwi.nii.gz	0.0	0.3142866790294647	0.1916620433330536	0.2821621894836426	0.3142866790294647	0.2821621894836426	0.1916620433330536	0.2545064091682434	0.2545064091682434	sub-20953	ses-1				space-ACPC			DSIStudio	autotrackgqi
Association_CingulumL	rmse	NODDI	/scratch/executivefunction/SLURM_8364170_109/job-8364170-109-sub-20953-ses-1/ds/inputs/data/qsiprep/qsiprep/sub-20953/ses-1/dwi/sub-20953_ses-1_space-ACPC_desc-preproc_dwi.nii.gz	0.0	0.0514300428330898	0.0230836756527423	0.0467101596295833	0.0514300428330898	0.0467101596295833	0.0230836756527423	0.0553633868694305	0.0553633868694305	sub-20953	ses-1				space-ACPC			DSIStudio	autotrackgqi
Association_CingulumL	tf	NODDI	/scratch/executivefunction/SLURM_8364170_109/job-8364170-109-sub-20953-ses-1/ds/inputs/data/qsiprep/qsiprep/sub-20953/ses-1/dwi/sub-20953_ses-1_space-ACPC_desc-preproc_dwi.nii.gz	0.0250208507089241	0.7787965928344949	0.2836200779730758	0.8963075280189514	0.798782818484653	0.9003114700317383	0.2579535469934442	0.8511474142886872	0.8602334607120368	sub-20953	ses-1				space-ACPC			DSIStudio	autotrackgqi
Association_UncinateFasciculusL	directions	NODDI	/scratch/executivefunction/SLURM_8364170_109/job-8364170-109-sub-20953-ses-1/ds/inputs/data/qsiprep/qsiprep/sub-20953/ses-1/dwi/sub-20953_ses-1_space-ACPC_desc-preproc_dwi.nii.gz	0.0	-0.0405477620661258	0.5759246349334717	-0.0726829320192337	-0.0405477620661258	-0.0726829320192337	0.5759246349334717	0.0672374963760376		sub-20953	ses-1				space-ACPC			DSIStudio	autotrackgqi
Association_UncinateFasciculusL	icvf	NODDI	/scratch/executivefunction/SLURM_8364170_109/job-8364170-109-sub-20953-ses-1/ds/inputs/data/qsiprep/qsiprep/sub-20953/ses-1/dwi/sub-20953_ses-1_space-ACPC_desc-preproc_dwi.nii.gz	0.0227703984819734	0.4359661340713501	0.2352843731641769	0.3427272737026214	0.4461245536804199	0.3427272737026214	0.2282908409833908	0.414950966835022	0.4213287830352783	sub-20953	ses-1				space-ACPC			DSIStudio	autotrackgqi
Association_UncinateFasciculusL	isovf	NODDI	/scratch/executivefunction/SLURM_8364170_109/job-8364170-109-sub-20953-ses-1/ds/inputs/data/qsiprep/qsiprep/sub-20953/ses-1/dwi/sub-20953_ses-1_space-ACPC_desc-preproc_dwi.nii.gz	0.5768500948766604	0.1950839012861251	0.3066279292106628	0.0	0.4610278904438019	0.4758474230766296	0.3155706226825714	0.1963391155004501	0.4663837552070617	sub-20953	ses-1				space-ACPC			DSIStudio	autotrackgqi
Association_UncinateFasciculusL	modulated_icvf	NODDI	/scratch/executivefunction/SLURM_8364170_109/job-8364170-109-sub-20953-ses-1/ds/inputs/data/qsiprep/qsiprep/sub-20953/ses-1/dwi/sub-20953_ses-1_space-ACPC_desc-preproc_dwi.nii.gz	0.0227703984819734	0.3063533306121826	0.1072708219289779	0.3159460723400116	0.3134916722774505	0.318688690662384	0.0976593419909477	0.2854689061641693	0.2898565530776977	sub-20953	ses-1				space-ACPC			DSIStudio	autotrackgqi
Association_UncinateFasciculusL	modulated_od	NODDI	/scratch/executivefunction/SLURM_8364170_109/job-8364170-109-sub-20953-ses-1/ds/inputs/data/qsiprep/qsiprep/sub-20953/ses-1/dwi/sub-20953_ses-1_space-ACPC_desc-preproc_dwi.nii.gz	0.0113851992409867	0.3541910648345947	0.1848161518573761	0.3521523773670196	0.3582700490951538	0.3539488315582275	0.1819038242101669	0.3486946225166321	0.3515402376651764	sub-20953	ses-1				space-ACPC			DSIStudio	autotrackgqi
Association_UncinateFasciculusL	nrmse	NODDI	/scratch/executivefunction/SLURM_8364170_109/job-8364170-109-sub-20953-ses-1/ds/inputs/data/qsiprep/qsiprep/sub-20953/ses-1/dwi/sub-20953_ses-1_space-ACPC_desc-preproc_dwi.nii.gz	0.0	0.1149241551756858	0.0435050427913665	0.1033677160739898	0.1149241551756858	0.1033677160739898	0.0435050427913665	0.1089213043451309	0.1089213043451309	sub-20953	ses-1				space-ACPC			DSIStudio	autotrackgqi
Association_UncinateFasciculusL	od	NODDI	/scratch/executivefunction/SLURM_8364170_109/job-8364170-109-sub-20953-ses-1/ds/inputs/data/qsiprep/qsiprep/sub-20953/ses-1/dwi/sub-20953_ses-1_space-ACPC_desc-preproc_dwi.nii.gz	0.0	0.4594951272010803	0.1847886592149734	0.4460644125938415	0.4594951272010803	0.4460644125938415	0.1847886592149734	0.4413325488567352	0.4413325488567352	sub-20953	ses-1				space-ACPC			DSIStudio	autotrackgqi
Association_UncinateFasciculusL	rmse	NODDI	/scratch/executivefunction/SLURM_8364170_109/job-8364170-109-sub-20953-ses-1/ds/inputs/data/qsiprep/qsiprep/sub-20953/ses-1/dwi/sub-20953_ses-1_space-ACPC_desc-preproc_dwi.nii.gz	0.0	0.0408687107264995	0.0170318316668272	0.0366210639476776	0.0408687107264995	0.0366210639476776	0.0170318316668272	0.038126066327095	0.038126066327095	sub-20953	ses-1				space-ACPC			DSIStudio	autotrackgqi
Association_UncinateFasciculusL	tf	NODDI	/scratch/executivefunction/SLURM_8364170_109/job-8364170-109-sub-20953-ses-1/ds/inputs/data/qsiprep/qsiprep/sub-20953/ses-1/dwi/sub-20953_ses-1_space-ACPC_desc-preproc_dwi.nii.gz	0.0227703984819734	0.804916104849647	0.3066279322850948	1.0	0.8236714315645903	1.0	0.2841887319815375	0.8036608861233431	0.8160131829822608	sub-20953	ses-1				space-ACPC			DSIStudio	autotrackgqi
Association_MiddleLongitudinalFasciculusR	directions	NODDI	/scratch/executivefunction/SLURM_8364170_109/job-8364170-109-sub-20953-ses-1/ds/inputs/data/qsiprep/qsiprep/sub-20953/ses-1/dwi/sub-20953_ses-1_space-ACPC_desc-preproc_dwi.nii.gz	0.0	0.1564282774925232	0.5557549595832825	0.3808101117610931	0.1564282774925232	0.3808101117610931	0.5557549595832825	0.5136943459510803		sub-20953	ses-1				space-ACPC			DSIStudio	autotrackgqi
Association_MiddleLongitudinalFasciculusR	icvf	NODDI	/scratch/executivefunction/SLURM_8364170_109/job-8364170-109-sub-20953-ses-1/ds/inputs/data/qsiprep/qsiprep/sub-20953/ses-1/dwi/sub-20953_ses-1_space-ACPC_desc-preproc_dwi.nii.gz	0.0309278350515463	0.5325759053230286	0.1970158666372299	0.5045454502105713	0.5495730042457581	0.506280779838562	0.1752509176731109	0.530444324016571	0.5376710891723633	sub-20953	ses-1				space-ACPC			DSIStudio	autotrackgqi
Association_MiddleLongitudinalFasciculusR	isovf	NODDI	/scratch/executivefunction/SLURM_8364170_109/job-8364170-109-sub-20953-ses-1/ds/inputs/data/qsiprep/qsiprep/sub-20953/ses-1/dwi/sub-20953_ses-1_space-ACPC_desc-preproc_dwi.nii.gz	0.4982817869415807	0.2003825008869171	0.2942008674144745	0.005115105304867	0.3993925452232361	0.3623779416084289	0.3050120174884796	0.1509696841239929	0.3043941855430603	sub-20953	ses-1				space-ACPC			DSIStudio	autotrackgqi
Association_MiddleLongitudinalFasciculusR	modulated_icvf	NODDI	/scratch/executivefunction/SLURM_8364170_109/job-8364170-109-sub-20953-ses-1/ds/inputs/data/qsiprep/qsiprep/sub-20953/ses-1/dwi/sub-20953_ses-1_space-ACPC_desc-preproc_dwi.nii.gz	0.0309278350515463	0.4046493470668793	0.1370290368795395	0.4369645118713379	0.4175636768341064	0.4424008429050445	0.1182525157928466	0.4299785792827606	0.4358366429805755	sub-20953	ses-1				space-ACPC			DSIStudio	autotrackgqi
Association_MiddleLongitudinalFasciculusR	modulated_od	NODDI	/scratch/executivefunction/SLURM_8364170_109/job-8364170-109-sub-20953-ses-1/ds/inputs/data/qsiprep/qsiprep/sub-20953/ses-1/dwi/sub-20953_ses-1_space-ACPC_desc-preproc_dwi.nii.gz	0.0	0.3415952324867248	0.1782512217760086	0.3831955194473266	0.3415952324867248	0.3831955194473266	0.1782512217760086	0.371289998292923	0.3712900280952453	sub-20953	ses-1				space-ACPC			DSIStudio	autotrackgqi
Association_MiddleLongitudinalFasciculusR	nrmse	NODDI	/scratch/executivefunction/SLURM_8364170_109/job-8364170-109-sub-20953-ses-1/ds/inputs/data/qsiprep/qsiprep/sub-20953/ses-1/dwi/sub-20953_ses-1_space-ACPC_desc-preproc_dwi.nii.gz	0.0	0.0939231812953949	0.0315018221735954	0.0854628309607505	0.0939231812953949	0.0854628309607505	0.0315018221735954	0.0875570625066757	0.0875570774078369	sub-20953	ses-1				space-ACPC			DSIStudio	autotrackgqi
Association_MiddleLongitudinalFasciculusR	od	NODDI	/scratch/executivefunction/SLURM_8364170_109/job-8364170-109-sub-20953-ses-1/ds/inputs/data/qsiprep/qsiprep/sub-20953/ses-1/dwi/sub-20953_ses-1_space-ACPC_desc-preproc_dwi.nii.gz	0.0	0.4422814548015594	0.1780415624380111	0.4478528499603271	0.4422814548015594	0.4478528499603271	0.1780415624380111	0.4437188506126404	0.4437189102172851	sub-20953	ses-1				space-ACPC			DSIStudio	autotrackgqi
Association_MiddleLongitudinalFasciculusR	rmse	NODDI	/scratch/executivefunction/SLURM_8364170_109/job-8364170-109-sub-20953-ses-1/ds/inputs/data/qsiprep/qsiprep/sub-20953/ses-1/dwi/sub-20953_ses-1_space-ACPC_desc-preproc_dwi.nii.gz	0.0	0.034730490297079	0.0083510996773839	0.0327712558209896	0.034730490297079	0.0327712558209896	0.0083510996773839	0.0332586765289306	0.0332586765289306	sub-20953	ses-1				space-ACPC			DSIStudio	autotrackgqi
Association_MiddleLongitudinalFasciculusR	tf	NODDI	/scratch/executivefunction/SLURM_8364170_109/job-8364170-109-sub-20953-ses-1/ds/inputs/data/qsiprep/qsiprep/sub-20953/ses-1/dwi/sub-20953_ses-1_space-ACPC_desc-preproc_dwi.nii.gz	0.0309278350515463	0.7996174869258789	0.2942008509462336	0.9948849081993104	0.8251371939554282	1.0	0.2612647076071202	0.8490303008135096	0.860597560619613	sub-20953	ses-1				space-ACPC			DSIStudio	autotrackgqi
Association_ParietalAslantTractL	directions	NODDI	/scratch/executivefunction/SLURM_8364170_109/job-8364170-109-sub-20953-ses-1/ds/inputs/data/qsiprep/qsiprep/sub-20953/ses-1/dwi/sub-20953_ses-1_space-ACPC_desc-preproc_dwi.nii.gz	0.0	-0.0666105672717094	0.5734948515892029	-0.1896141320466995	-0.0666105672717094	-0.1896141320466995	0.5734948515892029	-0.0541458278894424		sub-20953	ses-1				space-ACPC			DSIStudio	autotrackgqi
Association_ParietalAslantTractL	icvf	NODDI	/scratch/executivefunction/SLURM_8364170_109/job-8364170-109-sub-20953-ses-1/ds/inputs/data/qsiprep/qsiprep/sub-20953/ses-1/dwi/sub-20953_ses-1_space-ACPC_desc-preproc_dwi.nii.gz	0.0418079096045197	0.5807941555976868	0.2035637199878692	0.5338979363441467	0.606135368347168	0.538173496723175	0.1669909954071045	0.612442135810852	0.6340624094009399	sub-20953	ses-1				space-ACPC			DSIStudio	autotrackgqi
Association_ParietalAslantTractL	isovf	NODDI	/scratch/executivefunction/SLURM_8364170_109/job-8364170-109-sub-20953-ses-1/ds/inputs/data/qsiprep/qsiprep/sub-20953/ses-1/dwi/sub-20953_ses-1_space-ACPC_desc-preproc_dwi.nii.gz	0.4836158192090395	0.189469039440155	0.2921211421489715	0.0113976653665304	0.3669148683547973	0.2752475440502167	0.3164599239826202	0.2221984416246414	0.3366236090660095	sub-20953	ses-1				space-ACPC			DSIStudio	autotrackgqi
Association_ParietalAslantTractL	modulated_icvf	NODDI	/scratch/executivefunction/SLURM_8364170_109/job-8364170-109-sub-20953-ses-1/ds/inputs/data/qsiprep/qsiprep/sub-20953/ses-1/dwi/sub-20953_ses-1_space-ACPC_desc-preproc_dwi.nii.gz	0.0418079096045197	0.4646325707435608	0.1686985194683075	0.4987790286540985	0.4849054515361786	0.5027953386306763	0.1409627348184585	0.4601386487483978	0.4763823449611664	sub-20953	ses-1				space-ACPC			DSIStudio	autotrackgqi
Association_ParietalAslantTractL	modulated_od	NODDI	/scratch/executivefunction/SLURM_8364170_109/job-8364170-109-sub-20953-ses-1/ds/inputs/data/qsiprep/qsiprep/sub-20953/ses-1/dwi/sub-20953_ses-1_space-ACPC_desc-preproc_dwi.nii.gz	0.0011299435028248	0.3526329398155212	0.162030890583992	0.3833200633525848	0.3530318439006805	0.3834315538406372	0.1616876125335693	0.3210763931274414	0.3211564719676971	sub-20953	ses-1				space-ACPC			DSIStudio	autotrackgqi
Association_ParietalAslantTractL	nrmse	NODDI	/scratch/executivefunction/SLURM_8364170_109/job-8364170-109-sub-20953-ses-1/ds/inputs/data/qsiprep/qsiprep/sub-20953/ses-1/dwi/sub-20953_ses-1_space-ACPC_desc-preproc_dwi.nii.gz	0.0	0.0983064174652099	0.0566700957715511	0.0786176472902298	0.0983064174652099	0.0786176472902298	0.0566700957715511	0.1023466512560844	0.1023466512560844	sub-20953	ses-1				space-ACPC			DSIStudio	autotrackgqi
Association_ParietalAslantTractL	od	NODDI	/scratch/executivefunction/SLURM_8364170_109/job-8364170-109-sub-20953-ses-1/ds/inputs/data/qsiprep/qsiprep/sub-20953/ses-1/dwi/sub-20953_ses-1_space-ACPC_desc-preproc_dwi.nii.gz	0.0	0.4637804627418518	0.1751896440982818	0.4336222112178802	0.4637804627418518	0.4336222112178802	0.1751896440982818	0.4480568468570709	0.4480568468570709	sub-20953	ses-1				space-ACPC			DSIStudio	autotrackgqi
Association_ParietalAslantTractL	rmse	NODDI	/scratch/executivefunction/SLURM_8364170_109/job-8364170-109-sub-20953-ses-1/ds/inputs/data/qsiprep/qsiprep/sub-20953/ses-1/dwi/sub-20953_ses-1_space-ACPC_desc-preproc_dwi.nii.gz	0.0	0.0398917943239212	0.0382925681769847	0.0309273563325405	0.0398917943239212	0.0309273563325405	0.0382925681769847	0.0399371460080146	0.0399371460080146	sub-20953	ses-1				space-ACPC			DSIStudio	autotrackgqi
Association_ParietalAslantTractL	tf	NODDI	/scratch/executivefunction/SLURM_8364170_109/job-8364170-109-sub-20953-ses-1/ds/inputs/data/qsiprep/qsiprep/sub-20953/ses-1/dwi/sub-20953_ses-1_space-ACPC_desc-preproc_dwi.nii.gz	0.0418079096045197	0.8105309678336321	0.2921211199717357	0.988602340221405	0.8458961161942977	1.0	0.243193008295303	0.7778015498938666	0.8052593091523368	sub-20953	ses-1				space-ACPC			DSIStudio	autotrackgqi
Association_CingulumR	directions	NODDI	/scratch/executivefunction/SLURM_8364170_109/job-8364170-109-sub-20953-ses-1/ds/inputs/data/qsiprep/qsiprep/sub-20953/ses-1/dwi/sub-20953_ses-1_space-ACPC_desc-preproc_dwi.nii.gz	0.0	-0.008205079473555	0.5772919654846191	-0.0464947521686553	-0.008205079473555	-0.0464947521686553	0.5772919654846191	0.0130271166563034		sub-20953	ses-1				space-ACPC			DSIStudio	autotrackgqi
Association_CingulumR	icvf	NODDI	/scratch/executivefunction/SLURM_8364170_109/job-8364170-109-sub-20953-ses-1/ds/inputs/data/qsiprep/qsiprep/sub-20953/ses-1/dwi/sub-20953_ses-1_space-ACPC_desc-preproc_dwi.nii.gz	0.0017809439002671	0.6062302589416504	0.149239495396614	0.5649784207344055	0.6073118448257446	0.5655137300491333	0.1471574008464813	0.5769491195678711	0.5770817995071411	sub-20953	ses-1				space-ACPC			DSIStudio	autotrackgqi
Association_CingulumR	isovf	NODDI	/scratch/executivefunction/SLURM_8364170_109/job-8364170-109-sub-20953-ses-1/ds/inputs/data/qsiprep/qsiprep/sub-20953/ses-1/dwi/sub-20953_ses-1_space-ACPC_desc-preproc_dwi.nii.gz	0.3570792520035619	0.1398396790027618	0.2010249495506286	0.0731074959039688	0.2175068706274032	0.1351685225963592	0.2143880724906921	0.1199374124407768	0.177495390176773	sub-20953	ses-1				space-ACPC			DSIStudio	autotrackgqi
Association_CingulumR	modulated_icvf	NODDI	/scratch/executivefunction/SLURM_8364170_109/job-8364170-109-sub-20953-ses-1/ds/inputs/data/qsiprep/qsiprep/sub-20953/ses-1/dwi/sub-20953_ses-1_space-ACPC_desc-preproc_dwi.nii.gz	0.0017809439002671	0.5006083250045776	0.1107680797576904	0.5045454502105713	0.5015015006065369	0.5045454502105713	0.1088280528783798	0.4971858561038971	0.4973002076148987	sub-20953	ses-1				space-ACPC			DSIStudio	autotrackgqi
Association_CingulumR	modulated_od	NODDI	/scratch/executivefunction/SLURM_8364170_109/job-8364170-109-sub-20953-ses-1/ds/inputs/data/qsiprep/qsiprep/sub-20953/ses-1/dwi/sub-20953_ses-1_space-ACPC_desc-preproc_dwi.nii.gz	0.0017809439002671	0.2848722040653229	0.1586274802684784	0.2692511081695556	0.2853804528713226	0.2692956924438476	0.1583114862442016	0.2817618250846863	0.2818266153335571	sub-20953	ses-1				space-ACPC			DSIStudio	autotrackgqi
Association_CingulumR	nrmse	NODDI	/scratch/executivefunction/SLURM_8364170_109/job-8364170-109-sub-20953-ses-1/ds/inputs/data/qsiprep/qsiprep/sub-20953/ses-1/dwi/sub-20953_ses-1_space-ACPC_desc-preproc_dwi.nii.gz	0.0	0.1106304004788398	0.0446564964950084	0.1009188666939735	0.1106304004788398	0.1009188666939735	0.0446564964950084	0.1012285575270652	0.1012285575270652	sub-20953	ses-1				space-ACPC			DSIStudio	autotrackgqi
Association_CingulumR	od	NODDI	/scratch/executivefunction/SLURM_8364170_109/job-8364170-109-sub-20953-ses-1/ds/inputs/data/qsiprep/qsiprep/sub-20953/ses-1/dwi/sub-20953_ses-1_space-ACPC_desc-preproc_dwi.nii.gz	0.0	0.3292892575263977	0.1579140126705169	0.3221276700496673	0.3292892575263977	0.3221276700496673	0.1579140126705169	0.3155998885631561	0.3155998885631561	sub-20953	ses-1				space-ACPC			DSIStudio	autotrackgqi
Association_CingulumR	rmse	NODDI	/scratch/executivefunction/SLURM_8364170_109/job-8364170-109-sub-20953-ses-1/ds/inputs/data/qsiprep/qsiprep/sub-20953/ses-1/dwi/sub-20953_ses-1_space-ACPC_desc-preproc_dwi.nii.gz	0.0	0.0448800176382064	0.0168296918272972	0.0407663658261299	0.0448800176382064	0.0407663658261299	0.0168296918272972	0.0413881354033947	0.0413881354033947	sub-20953	ses-1				space-ACPC			DSIStudio	autotrackgqi
Association_CingulumR	tf	NODDI	/scratch/executivefunction/SLURM_8364170_109/job-8364170-109-sub-20953-ses-1/ds/inputs/data/qsiprep/qsiprep/sub-20953/ses-1/dwi/sub-20953_ses-1_space-ACPC_desc-preproc_dwi.nii.gz	0.0017809439002671	0.8601603196968697	0.2010249643977609	0.9268925189971924	0.8616949500620738	0.927534818649292	0.197890755889882	0.8800625861372663	0.880264954880895	sub-20953	ses-1				space-ACPC			DSIStudio	autotrackgqi
Association_InferiorLongitudinalFasciculusL	directions	NODDI	/scratch/executivefunction/SLURM_8364170_109/job-8364170-109-sub-20953-ses-1/ds/inputs/data/qsiprep/qsiprep/sub-20953/ses-1/dwi/sub-20953_ses-1_space-ACPC_desc-preproc_dwi.nii.gz	28.0	-0.0782581865787506	0.5696706771850586	-0.1431117206811905	-0.0788935124874115	-0.1476336419582367	0.5719345211982727	-0.2017873972654342		sub-20953	ses-1				space-ACPC			DSIStudio	autotrackgqi
Association_InferiorLongitudinalFasciculusL	icvf	NODDI	/scratch/executivefunction/SLURM_8364170_109/job-8364170-109-sub-20953-ses-1/ds/inputs/data/qsiprep/qsiprep/sub-20953/ses-1/dwi/sub-20953_ses-1_space-ACPC_desc-preproc_dwi.nii.gz	0.0422778257118205	0.5957766175270081	0.1992697119712829	0.5528759360313416	0.622076690196991	0.5571125745773315	0.1584319025278091	0.6090264320373535	0.6462544202804565	sub-20953	ses-1				space-ACPC			DSIStudio	autotrackgqi
Association_InferiorLongitudinalFasciculusL	isovf	NODDI	/scratch/executivefunction/SLURM_8364170_109/job-8364170-109-sub-20953-ses-1/ds/inputs/data/qsiprep/qsiprep/sub-20953/ses-1/dwi/sub-20953_ses-1_space-ACPC_desc-preproc_dwi.nii.gz	0.4906528616623526	0.1605813950300216	0.2712848782539367	0.0054322103969752	0.3152690529823303	0.1630433648824691	0.3093891143798828	0.2240078002214431	0.3512184023857116	sub-20953	ses-1				space-ACPC			DSIStudio	autotrackgqi
Association_InferiorLongitudinalFasciculusL	modulated_icvf	NODDI	/scratch/executivefunction/SLURM_8364170_109/job-8364170-109-sub-20953-ses-1/ds/inputs/data/qsiprep/qsiprep/sub-20953/ses-1/dwi/sub-20953_ses-1_space-ACPC_desc-preproc_dwi.nii.gz	0.0422778257118205	0.4880022704601288	0.1658663749694824	0.5210962295532227	0.5095447301864624	0.5265895128250122	0.1332264989614486	0.4706595242023468	0.4994295537471771	sub-20953	ses-1				space-ACPC			DSIStudio	autotrackgqi
Association_InferiorLongitudinalFasciculusL	modulated_od	NODDI	/scratch/executivefunction/SLURM_8364170_109/job-8364170-109-sub-20953-ses-1/ds/inputs/data/qsiprep/qsiprep/sub-20953/ses-1/dwi/sub-20953_ses-1_space-ACPC_desc-preproc_dwi.nii.gz	0.0092033362093758	0.3376829326152801	0.1863538771867752	0.372607946395874	0.3408195972442627	0.3742130994796753	0.1843401938676834	0.2793812155723572	0.279991090297699	sub-20953	ses-1				space-ACPC			DSIStudio	autotrackgqi
Association_InferiorLongitudinalFasciculusL	nrmse	NODDI	/scratch/executivefunction/SLURM_8364170_109/job-8364170-109-sub-20953-ses-1/ds/inputs/data/qsiprep/qsiprep/sub-20953/ses-1/dwi/sub-20953_ses-1_space-ACPC_desc-preproc_dwi.nii.gz	0.0126545872878918	0.1035096570849418	0.0646514967083931	0.0850322544574737	0.1048363149166107	0.0856397077441215	0.0639867633581161	0.1053029596805572	0.1055312305688858	sub-20953	ses-1				space-ACPC			DSIStudio	autotrackgqi
Association_InferiorLongitudinalFasciculusL	od	NODDI	/scratch/executivefunction/SLURM_8364170_109/job-8364170-109-sub-20953-ses-1/ds/inputs/data/qsiprep/qsiprep/sub-20953/ses-1/dwi/sub-20953_ses-1_space-ACPC_desc-preproc_dwi.nii.gz	0.0080529191832039	0.4154934883117676	0.192974105477333	0.4128953814506531	0.4188666045665741	0.4142526090145111	0.1900748163461685	0.3916408121585846	0.3922223746776581	sub-20953	ses-1				space-ACPC			DSIStudio	autotrackgqi
Association_InferiorLongitudinalFasciculusL	rmse	NODDI	/scratch/executivefunction/SLURM_8364170_109/job-8364170-109-sub-20953-ses-1/ds/inputs/data/qsiprep/qsiprep/sub-20953/ses-1/dwi/sub-20953_ses-1_space-ACPC_desc-preproc_dwi.nii.gz	0.0126545872878918	0.0414835661649704	0.0297506712377071	0.0350088998675346	0.0420152507722377	0.0352887324988842	0.0295653119683265	0.0408254787325859	0.0409139767289161	sub-20953	ses-1				space-ACPC			DSIStudio	autotrackgqi
Association_InferiorLongitudinalFasciculusL	tf	NODDI	/scratch/executivefunction/SLURM_8364170_109/job-8364170-109-sub-20953-ses-1/ds/inputs/data/qsiprep/qsiprep/sub-20953/ses-1/dwi/sub-20953_ses-1_space-ACPC_desc-preproc_dwi.nii.gz	0.0376761576071325	0.8313656950737507	0.2810645220330995	0.9889071583747864	0.8639146807445998	1.0	0.2323156446006544	0.7745095294652836	0.8212601023203108	sub-20953	ses-1				space-ACPC			DSIStudio	autotrackgqi
Association_VerticalOccipitalFasciculusL	directions	NODDI	/scratch/executivefunction/SLURM_8364170_109/job-8364170-109-sub-20953-ses-1/ds/inputs/data/qsiprep/qsiprep/sub-20953/ses-1/dwi/sub-20953_ses-1_space-ACPC_desc-preproc_dwi.nii.gz	0.0	-0.1516258120536804	0.557084321975708	-0.3045945465564728	-0.1516258120536804	-0.3045945465564728	0.557084321975708	-0.3353313207626343		sub-20953	ses-1				space-ACPC			DSIStudio	autotrackgqi
Association_VerticalOccipitalFasciculusL	icvf	NODDI	/scratch/executivefunction/SLURM_8364170_109/job-8364170-109-sub-20953-ses-1/ds/inputs/data/qsiprep/qsiprep/sub-20953/ses-1/dwi/sub-20953_ses-1_space-ACPC_desc-preproc_dwi.nii.gz	0.0150309460654288	0.5543037056922913	0.1293806135654449	0.5330018401145935	0.5627625584602356	0.5339433550834656	0.1106095090508461	0.5593992471694946	0.5708326101303101	sub-20953	ses-1				space-ACPC			DSIStudio	autotrackgqi
Association_VerticalOccipitalFasciculusL	isovf	NODDI	/scratch/executivefunction/SLURM_8364170_109/job-8364170-109-sub-20953-ses-1/ds/inputs/data/qsiprep/qsiprep/sub-20953/ses-1/dwi/sub-20953_ses-1_space-ACPC_desc-preproc_dwi.nii.gz	0.6295313881520778	0.089987426996231	0.2066942006349563	0.0	0.2429016232490539	0.1156525462865829	0.2796015441417694	0.0872377008199691	0.2651275992393493	sub-20953	ses-1				space-ACPC			DSIStudio	autotrackgqi
Association_VerticalOccipitalFasciculusL	modulated_icvf	NODDI	/scratch/executivefunction/SLURM_8364170_109/job-8364170-109-sub-20953-ses-1/ds/inputs/data/qsiprep/qsiprep/sub-20953/ses-1/dwi/sub-20953_ses-1_space-ACPC_desc-preproc_dwi.nii.gz	0.0150309460654288	0.4989528954029083	0.1159066706895828	0.5166558027267456	0.5065670609474182	0.5184530019760132	0.0989053919911384	0.5088697671890259	0.5192704200744629	sub-20953	ses-1				space-ACPC			DSIStudio	autotrackgqi
Association_VerticalOccipitalFasciculusL	modulated_od	NODDI	/scratch/executivefunction/SLURM_8364170_109/job-8364170-109-sub-20953-ses-1/ds/inputs/data/qsiprep/qsiprep/sub-20953/ses-1/dwi/sub-20953_ses-1_space-ACPC_desc-preproc_dwi.nii.gz	0.0008841732979664	0.3674285113811493	0.1476909071207046	0.3931972086429596	0.367753654718399	0.3934207558631897	0.1473510414361953	0.3508399128913879	0.3508924543857574	sub-20953	ses-1				space-ACPC			DSIStudio	autotrackgqi
Association_VerticalOccipitalFasciculusL	nrmse	NODDI	/scratch/executivefunction/SLURM_8364170_109/job-8364170-109-sub-20953-ses-1/ds/inputs/data/qsiprep/qsiprep/sub-20953/ses-1/dwi/sub-20953_ses-1_space-ACPC_desc-preproc_dwi.nii.gz	0.0	0.0785738006234169	0.0312644466757774	0.0706536844372749	0.0785738006234169	0.0706536844372749	0.0312644466757774	0.0779742896556854	0.0779742896556854	sub-20953	ses-1				space-ACPC			DSIStudio	autotrackgqi
Association_VerticalOccipitalFasciculusL	od	NODDI	/scratch/executivefunction/SLURM_8364170_109/job-8364170-109-sub-20953-ses-1/ds/inputs/data/qsiprep/qsiprep/sub-20953/ses-1/dwi/sub-20953_ses-1_space-ACPC_desc-preproc_dwi.nii.gz	0.0	0.4096590578556061	0.1507056206464767	0.4096856117248535	0.4096590578556061	0.4096856117248535	0.1507056206464767	0.3999748229980469	0.3999748229980469	sub-20953	ses-1				space-ACPC			DSIStudio	autotrackgqi
Association_VerticalOccipitalFasciculusL	rmse	NODDI	/scratch/executivefunction/SLURM_8364170_109/job-8364170-109-sub-20953-ses-1/ds/inputs/data/qsiprep/qsiprep/sub-20953/ses-1/dwi/sub-20953_ses-1_space-ACPC_desc-preproc_dwi.nii.gz	0.0	0.0319576114416122	0.012021692469716	0.0293567739427089	0.0319576114416122	0.0293567739427089	0.012021692469716	0.0319792702794075	0.0319792702794075	sub-20953	ses-1				space-ACPC			DSIStudio	autotrackgqi
Association_VerticalOccipitalFasciculusL	tf	NODDI	/scratch/executivefunction/SLURM_8364170_109/job-8364170-109-sub-20953-ses-1/ds/inputs/data/qsiprep/qsiprep/sub-20953/ses-1/dwi/sub-20953_ses-1_space-ACPC_desc-preproc_dwi.nii.gz	0.0150309460654288	0.910012568339745	0.2066941952224359	1.0	0.923899654212075	1.0	0.1747689203260978	0.9127622901572754	0.9314179431242776	sub-20953	ses-1				space-ACPC			DSIStudio	autotrackgqi
Association_FrontalAslantTractL	directions	NODDI	/scratch/executivefunction/SLURM_8364170_109/job-8364170-109-sub-20953-ses-1/ds/inputs/data/qsiprep/qsiprep/sub-20953/ses-1/dwi/sub-20953_ses-1_space-ACPC_desc-preproc_dwi.nii.gz	0.0	-0.0300972182303667	0.5765652656555176	-0.0284173712134361	-0.0300972182303667	-0.0284173712134361	0.5765652656555176	-0.212703987956047		sub-20953	ses-1				space-ACPC			DSIStudio	autotrackgqi
Association_FrontalAslantTractL	icvf	NODDI	/scratch/executivefunction/SLURM_8364170_109/job-8364170-109-sub-20953-ses-1/ds/inputs/data/qsiprep/qsiprep/sub-20953/ses-1/dwi/sub-20953_ses-1_space-ACPC_desc-preproc_dwi.nii.gz	0.0025773195876288	0.4094719886779785	0.1116160899400711	0.4070026278495788	0.4105300605297088	0.4070978462696075	0.1097996979951858	0.4046125710010528	0.4046600759029388	sub-20953	ses-1				space-ACPC			DSIStudio	autotrackgqi
Association_FrontalAslantTractL	isovf	NODDI	/scratch/executivefunction/SLURM_8364170_109/job-8364170-109-sub-20953-ses-1/ds/inputs/data/qsiprep/qsiprep/sub-20953/ses-1/dwi/sub-20953_ses-1_space-ACPC_desc-preproc_dwi.nii.gz	0.6597938144329897	0.0645236149430275	0.1534142196178436	0.0	0.1896603107452392	0.1157254576683044	0.2131850868463516	0.0518768988549709	0.1311713755130767	sub-20953	ses-1				space-ACPC			DSIStudio	autotrackgqi
Association_FrontalAslantTractL	modulated_icvf	NODDI	/scratch/executivefunction/SLURM_8364170_109/job-8364170-109-sub-20953-ses-1/ds/inputs/data/qsiprep/qsiprep/sub-20953/ses-1/dwi/sub-20953_ses-1_space-ACPC_desc-preproc_dwi.nii.gz	0.0025773195876288	0.3766262531280517	0.0914342477917671	0.3848603367805481	0.3775994479656219	0.3849606215953827	0.0895228832960128	0.3812656104564667	0.3813104033470154	sub-20953	ses-1				space-ACPC			DSIStudio	autotrackgqi
Association_FrontalAslantTractL	modulated_od	NODDI	/scratch/executivefunction/SLURM_8364170_109/job-8364170-109-sub-20953-ses-1/ds/inputs/data/qsiprep/qsiprep/sub-20953/ses-1/dwi/sub-20953_ses-1_space-ACPC_desc-preproc_dwi.nii.gz	0.0	0.2295835167169571	0.1135842055082321	0.2158878445625305	0.2295835167169571	0.2158878445625305	0.1135842055082321	0.2158137559890747	0.2158137559890747	sub-20953	ses-1				space-ACPC			DSIStudio	autotrackgqi
Association_FrontalAslantTractL	nrmse	NODDI	/scratch/executivefunction/SLURM_8364170_109/job-8364170-109-sub-20953-ses-1/ds/inputs/data/qsiprep/qsiprep/sub-20953/ses-1/dwi/sub-20953_ses-1_space-ACPC_desc-preproc_dwi.nii.gz	0.0	0.0946006551384925	0.0185544732958078	0.0936963111162185	0.0946006551384925	0.0936963111162185	0.0185544732958078	0.0962651968002319	0.0962651968002319	sub-20953	ses-1				space-ACPC			DSIStudio	autotrackgqi
Association_FrontalAslantTractL	od	NODDI	/scratch/executivefunction/SLURM_8364170_109/job-8364170-109-sub-20953-ses-1/ds/inputs/data/qsiprep/qsiprep/sub-20953/ses-1/dwi/sub-20953_ses-1_space-ACPC_desc-preproc_dwi.nii.gz	0.0	0.2497662007808685	0.1251356750726699	0.2260109931230545	0.2497662007808685	0.2260109931230545	0.1251356750726699	0.2262525558471679	0.2262525558471679	sub-20953	ses-1				space-ACPC			DSIStudio	autotrackgqi
Association_FrontalAslantTractL	rmse	NODDI	/scratch/executivefunction/SLURM_8364170_109/job-8364170-109-sub-20953-ses-1/ds/inputs/data/qsiprep/qsiprep/sub-20953/ses-1/dwi/sub-20953_ses-1_space-ACPC_desc-preproc_dwi.nii.gz	0.0	0.0361623875796794	0.0082975970581173	0.0349901616573333	0.0361623875796794	0.0349901616573333	0.0082975970581173	0.0369239673018455	0.0369239673018455	sub-20953	ses-1				space-ACPC			DSIStudio	autotrackgqi
Association_FrontalAslantTractL	tf	NODDI	/scratch/executivefunction/SLURM_8364170_109/job-8364170-109-sub-20953-ses-1/ds/inputs/data/qsiprep/qsiprep/sub-20953/ses-1/dwi/sub-20953_ses-1_space-ACPC_desc-preproc_dwi.nii.gz	0.0025773195876288	0.9354763852874028	0.153414218056392	1.0	0.9378936369289724	1.0	0.1460466148360424	0.9481231038844772	0.948234446450042	sub-20953	ses-1				space-ACPC			DSIStudio	autotrackgqi
Association_FrontalAslantTractR	directions	NODDI	/scratch/executivefunction/SLURM_8364170_109/job-8364170-109-sub-20953-ses-1/ds/inputs/data/qsiprep/qsiprep/sub-20953/ses-1/dwi/sub-20953_ses-1_space-ACPC_desc-preproc_dwi.nii.gz	0.0	-0.0108105782419443	0.5772490501403809	-0.0592360869050025	-0.0108105782419443	-0.0592360869050025	0.5772490501403809	0.0161646604537963		sub-20953	ses-1				space-ACPC			DSIStudio	autotrackgqi
Association_FrontalAslantTractR	icvf	NODDI	/scratch/executivefunction/SLURM_8364170_109/job-8364170-109-sub-20953-ses-1/ds/inputs/data/qsiprep/qsiprep/sub-20953/ses-1/dwi/sub-20953_ses-1_space-ACPC_desc-preproc_dwi.nii.gz	0.034313725490196	0.4266948699951172	0.1910862773656845	0.3717345595359802	0.4418566226959228	0.3781913518905639	0.1763862073421478	0.4199329018592834	0.4215156435966491	sub-20953	ses-1				space-ACPC			DSIStudio	autotrackgqi
Association_FrontalAslantTractR	isovf	NODDI	/scratch/executivefunction/SLURM_8364170_109/job-8364170-109-sub-20953-ses-1/ds/inputs/data/qsiprep/qsiprep/sub-20953/ses-1/dwi/sub-20953_ses-1_space-ACPC_desc-preproc_dwi.nii.gz	0.548202614379085	0.1635242849588394	0.2848418653011322	0.0	0.3619416356086731	0.2042262107133865	0.3282787501811981	0.0739564970135688	0.199999064207077	sub-20953	ses-1				space-ACPC			DSIStudio	autotrackgqi
Association_FrontalAslantTractR	modulated_icvf	NODDI	/scratch/executivefunction/SLURM_8364170_109/job-8364170-109-sub-20953-ses-1/ds/inputs/data/qsiprep/qsiprep/sub-20953/ses-1/dwi/sub-20953_ses-1_space-ACPC_desc-preproc_dwi.nii.gz	0.034313725490196	0.3406262993812561	0.1328398585319519	0.3427272737026214	0.3527297675609588	0.3427272737026214	0.1183393523097038	0.378405898809433	0.3798320889472961	sub-20953	ses-1				space-ACPC			DSIStudio	autotrackgqi
Association_FrontalAslantTractR	modulated_od	NODDI	/scratch/executivefunction/SLURM_8364170_109/job-8364170-109-sub-20953-ses-1/ds/inputs/data/qsiprep/qsiprep/sub-20953/ses-1/dwi/sub-20953_ses-1_space-ACPC_desc-preproc_dwi.nii.gz	0.0081699346405228	0.22789067029953	0.1542567014694214	0.2131862044334411	0.229767844080925	0.2142218947410583	0.1534920781850814	0.2061884254217147	0.2064616680145263	sub-20953	ses-1				space-ACPC			DSIStudio	autotrackgqi
Association_FrontalAslantTractR	nrmse	NODDI	/scratch/executivefunction/SLURM_8364170_109/job-8364170-109-sub-20953-ses-1/ds/inputs/data/qsiprep/qsiprep/sub-20953/ses-1/dwi/sub-20953_ses-1_space-ACPC_desc-preproc_dwi.nii.gz	0.0	0.101600095629692	0.0293265469372272	0.0973956063389778	0.101600095629692	0.0973956063389778	0.0293265469372272	0.0973057448863983	0.0973057448863983	sub-20953	ses-1				space-ACPC			DSIStudio	autotrackgqi
Association_FrontalAslantTractR	od	NODDI	/scratch/executivefunction/SLURM_8364170_109/job-8364170-109-sub-20953-ses-1/ds/inputs/data/qsiprep/qsiprep/sub-20953/ses-1/dwi/sub-20953_ses-1_space-ACPC_desc-preproc_dwi.nii.gz	0.0	0.2927082479000091	0.1957413554191589	0.2512476146221161	0.2927082479000091	0.2512476146221161	0.1957413554191589	0.2258428633213043	0.2258428633213043	sub-20953	ses-1				space-ACPC			DSIStudio	autotrackgqi
Association_FrontalAslantTractR	rmse	NODDI	/scratch/executivefunction/SLURM_8364170_109/job-8364170-109-sub-20953-ses-1/ds/inputs/data/qsiprep/qsiprep/sub-20953/ses-1/dwi/sub-20953_ses-1_space-ACPC_desc-preproc_dwi.nii.gz	0.0	0.0372683964669704	0.0106088556349277	0.0360411182045936	0.0372683964669704	0.0360411182045936	0.0106088556349277	0.0368658006191253	0.0368658006191253	sub-20953	ses-1				space-ACPC			DSIStudio	autotrackgqi
Association_FrontalAslantTractR	tf	NODDI	/scratch/executivefunction/SLURM_8364170_109/job-8364170-109-sub-20953-ses-1/ds/inputs/data/qsiprep/qsiprep/sub-20953/ses-1/dwi/sub-20953_ses-1_space-ACPC_desc-preproc_dwi.nii.gz	0.034313725490196	0.8364757010165382	0.2848418588913962	1.0	0.8661981878546894	1.0	0.2413965322467922	0.9260435042673336	0.9295337710758972	sub-20953	ses-1				space-ACPC			DSIStudio	autotrackgqi
Association_ExtremeCapsuleR	directions	NODDI	/scratch/executivefunction/SLURM_8364170_109/job-8364170-109-sub-20953-ses-1/ds/inputs/data/qsiprep/qsiprep/sub-20953/ses-1/dwi/sub-20953_ses-1_space-ACPC_desc-preproc_dwi.nii.gz	0.0	0.0262952446937561	0.5767511129379272	-0.0096226725727319	0.0262952446937561	-0.0096226725727319	0.5767511129379272	0.1750578731298446		sub-20953	ses-1				space-ACPC			DSIStudio	autotrackgqi
Association_ExtremeCapsuleR	icvf	NODDI	/scratch/executivefunction/SLURM_8364170_109/job-8364170-109-sub-20953-ses-1/ds/inputs/data/qsiprep/qsiprep/sub-20953/ses-1/dwi/sub-20953_ses-1_space-ACPC_desc-preproc_dwi.nii.gz	0.0166666666666666	0.4134969115257263	0.1780212521553039	0.3782640993595123	0.4205053150653839	0.3831608295440674	0.1711187660694122	0.408509612083435	0.4097409248352051	sub-20953	ses-1				space-ACPC			DSIStudio	autotrackgqi
Association_ExtremeCapsuleR	isovf	NODDI	/scratch/executivefunction/SLURM_8364170_109/job-8364170-109-sub-20953-ses-1/ds/inputs/data/qsiprep/qsiprep/sub-20953/ses-1/dwi/sub-20953_ses-1_space-ACPC_desc-preproc_dwi.nii.gz	0.6583333333333333	0.1332641541957855	0.2609700262546539	0.0	0.3900414407253265	0.3173947334289551	0.3149269223213196	0.0470675863325595	0.2001086175441742	sub-20953	ses-1				space-ACPC			DSIStudio	autotrackgqi
Association_ExtremeCapsuleR	modulated_icvf	NODDI	/scratch/executivefunction/SLURM_8364170_109/job-8364170-109-sub-20953-ses-1/ds/inputs/data/qsiprep/qsiprep/sub-20953/ses-1/dwi/sub-20953_ses-1_space-ACPC_desc-preproc_dwi.nii.gz	0.0166666666666666	0.3395395874977112	0.1264606565237045	0.3427272737026214	0.3452945053577423	0.3427272737026214	0.1194831207394599	0.3851434588432312	0.3863042891025543	sub-20953	ses-1				space-ACPC			DSIStudio	autotrackgqi
Association_ExtremeCapsuleR	modulated_od	NODDI	/scratch/executivefunction/SLURM_8364170_109/job-8364170-109-sub-20953-ses-1/ds/inputs/data/qsiprep/qsiprep/sub-20953/ses-1/dwi/sub-20953_ses-1_space-ACPC_desc-preproc_dwi.nii.gz	0.0125	0.3195945918560028	0.1873368471860885	0.3058260083198547	0.3236401081085205	0.3065750896930694	0.1850136518478393	0.272440493106842	0.2731136679649353	sub-20953	ses-1				space-ACPC			DSIStudio	autotrackgqi
Association_ExtremeCapsuleR	nrmse	NODDI	/scratch/executivefunction/SLURM_8364170_109/job-8364170-109-sub-20953-ses-1/ds/inputs/data/qsiprep/qsiprep/sub-20953/ses-1/dwi/sub-20953_ses-1_space-ACPC_desc-preproc_dwi.nii.gz	0.0	0.1095630824565887	0.0393815226852893	0.1040447056293487	0.1095630824565887	0.1040447056293487	0.0393815226852893	0.1099383160471916	0.1099383160471916	sub-20953	ses-1				space-ACPC			DSIStudio	autotrackgqi
Association_ExtremeCapsuleR	od	NODDI	/scratch/executivefunction/SLURM_8364170_109/job-8364170-109-sub-20953-ses-1/ds/inputs/data/qsiprep/qsiprep/sub-20953/ses-1/dwi/sub-20953_ses-1_space-ACPC_desc-preproc_dwi.nii.gz	0.0	0.3883337378501892	0.204586461186409	0.3731763660907745	0.3883337378501892	0.3731763660907745	0.204586461186409	0.2901057004928589	0.2901057004928589	sub-20953	ses-1				space-ACPC			DSIStudio	autotrackgqi
Association_ExtremeCapsuleR	rmse	NODDI	/scratch/executivefunction/SLURM_8364170_109/job-8364170-109-sub-20953-ses-1/ds/inputs/data/qsiprep/qsiprep/sub-20953/ses-1/dwi/sub-20953_ses-1_space-ACPC_desc-preproc_dwi.nii.gz	0.0	0.0423850156366825	0.0353904627263546	0.038799412548542	0.0423850156366825	0.038799412548542	0.0353904627263546	0.0432375371456146	0.0432375371456146	sub-20953	ses-1				space-ACPC			DSIStudio	autotrackgqi
Association_ExtremeCapsuleR	tf	NODDI	/scratch/executivefunction/SLURM_8364170_109/job-8364170-109-sub-20953-ses-1/ds/inputs/data/qsiprep/qsiprep/sub-20953/ses-1/dwi/sub-20953_ses-1_space-ACPC_desc-preproc_dwi.nii.gz	0.0166666666666666	0.8667358390986919	0.2609700284132383	1.0	0.8814262770495173	1.0	0.2372996960849381	0.952932413800574	0.9558046329905908	sub-20953	ses-1				space-ACPC			DSIStudio	autotrackgqi
Association_ArcuateFasciculusL	directions	NODDI	/scratch/executivefunction/SLURM_8364170_109/job-8364170-109-sub-20953-ses-1/ds/inputs/data/qsiprep/qsiprep/sub-20953/ses-1/dwi/sub-20953_ses-1_space-ACPC_desc-preproc_dwi.nii.gz	0.0	-0.0586345419287681	0.5743651390075684	-0.1445285230875015	-0.0586345419287681	-0.1445285230875015	0.5743651390075684	-0.133647084236145		sub-20953	ses-1				space-ACPC			DSIStudio	autotrackgqi
Association_ArcuateFasciculusL	icvf	NODDI	/scratch/executivefunction/SLURM_8364170_109/job-8364170-109-sub-20953-ses-1/ds/inputs/data/qsiprep/qsiprep/sub-20953/ses-1/dwi/sub-20953_ses-1_space-ACPC_desc-preproc_dwi.nii.gz	0.0	0.3735985159873962	0.0748721212148666	0.3427272737026214	0.3735985159873962	0.3427272737026214	0.0748721212148666	0.3827645778656006	0.3827645778656006	sub-20953	ses-1				space-ACPC			DSIStudio	autotrackgqi
Association_ArcuateFasciculusL	isovf	NODDI	/scratch/executivefunction/SLURM_8364170_109/job-8364170-109-sub-20953-ses-1/ds/inputs/data/qsiprep/qsiprep/sub-20953/ses-1/dwi/sub-20953_ses-1_space-ACPC_desc-preproc_dwi.nii.gz	0.8518518518518519	0.0183600187301635	0.0630534142255783	0.0	0.1239301189780235	0.084905631840229	0.117272675037384	0.0191825479269027	0.1164988875389099	sub-20953	ses-1				space-ACPC			DSIStudio	autotrackgqi
Association_ArcuateFasciculusL	modulated_icvf	NODDI	/scratch/executivefunction/SLURM_8364170_109/job-8364170-109-sub-20953-ses-1/ds/inputs/data/qsiprep/qsiprep/sub-20953/ses-1/dwi/sub-20953_ses-1_space-ACPC_desc-preproc_dwi.nii.gz	0.0	0.3639050424098968	0.0582688339054584	0.3427272737026214	0.3639050424098968	0.3427272737026214	0.0582688339054584	0.3721822202205658	0.3721822202205658	sub-20953	ses-1				space-ACPC			DSIStudio	autotrackgqi
Association_ArcuateFasciculusL	modulated_od	NODDI	/scratch/executivefunction/SLURM_8364170_109/job-8364170-109-sub-20953-ses-1/ds/inputs/data/qsiprep/qsiprep/sub-20953/ses-1/dwi/sub-20953_ses-1_space-ACPC_desc-preproc_dwi.nii.gz	0.0	0.3992562294006347	0.1886877417564392	0.4191421866416931	0.3992562294006347	0.4191421866416931	0.1886877417564392	0.3761230111122131	0.3761230111122131	sub-20953	ses-1				space-ACPC			DSIStudio	autotrackgqi
Association_ArcuateFasciculusL	nrmse	NODDI	/scratch/executivefunction/SLURM_8364170_109/job-8364170-109-sub-20953-ses-1/ds/inputs/data/qsiprep/qsiprep/sub-20953/ses-1/dwi/sub-20953_ses-1_space-ACPC_desc-preproc_dwi.nii.gz	0.0	0.1046450585126876	0.0239876043051481	0.0993398129940033	0.1046450585126876	0.0993398129940033	0.0239876043051481	0.10496686398983	0.10496686398983	sub-20953	ses-1				space-ACPC			DSIStudio	autotrackgqi
Association_ArcuateFasciculusL	od	NODDI	/scratch/executivefunction/SLURM_8364170_109/job-8364170-109-sub-20953-ses-1/ds/inputs/data/qsiprep/qsiprep/sub-20953/ses-1/dwi/sub-20953_ses-1_space-ACPC_desc-preproc_dwi.nii.gz	0.0	0.4026411175727844	0.1854561567306518	0.4191421866416931	0.4026411175727844	0.4191421866416931	0.1854561567306518	0.3784860372543335	0.3784860372543335	sub-20953	ses-1				space-ACPC			DSIStudio	autotrackgqi
Association_ArcuateFasciculusL	rmse	NODDI	/scratch/executivefunction/SLURM_8364170_109/job-8364170-109-sub-20953-ses-1/ds/inputs/data/qsiprep/qsiprep/sub-20953/ses-1/dwi/sub-20953_ses-1_space-ACPC_desc-preproc_dwi.nii.gz	0.0	0.0402361415326595	0.0103303305804729	0.037663709372282	0.0402361415326595	0.037663709372282	0.0103303305804729	0.0405836999416351	0.0405836999416351	sub-20953	ses-1				space-ACPC			DSIStudio	autotrackgqi
Association_ArcuateFasciculusL	tf	NODDI	/scratch/executivefunction/SLURM_8364170_109/job-8364170-109-sub-20953-ses-1/ds/inputs/data/qsiprep/qsiprep/sub-20953/ses-1/dwi/sub-20953_ses-1_space-ACPC_desc-preproc_dwi.nii.gz	0.0	0.9816399821528682	0.0630534126827366	1.0	0.9816399821528682	1.0	0.0630534126827366	0.9808174463770948	0.9808174463770948	sub-20953	ses-1				space-ACPC			DSIStudio	autotrackgqi
Association_SuperiorLongitudinalFasciculusL	directions	NODDI	/scratch/executivefunction/SLURM_8364170_109/job-8364170-109-sub-20953-ses-1/ds/inputs/data/qsiprep/qsiprep/sub-20953/ses-1/dwi/sub-20953_ses-1_space-ACPC_desc-preproc_dwi.nii.gz	3.0	-0.0417336858808994	0.5755541324615479	-0.1115474253892898	-0.0417749248445034	-0.1136330962181091	0.5758369565010071	0.0199479386210441		sub-20953	ses-1				space-ACPC			DSIStudio	autotrackgqi
Association_SuperiorLongitudinalFasciculusL	icvf	NODDI	/scratch/executivefunction/SLURM_8364170_109/job-8364170-109-sub-20953-ses-1/ds/inputs/data/qsiprep/qsiprep/sub-20953/ses-1/dwi/sub-20953_ses-1_space-ACPC_desc-preproc_dwi.nii.gz	0.0151365580783152	0.4762020707130432	0.1931381672620773	0.4408838152885437	0.4835209250450134	0.4468596279621124	0.1853020340204239	0.4425023794174194	0.4450398683547973	sub-20953	ses-1				space-ACPC			DSIStudio	autotrackgqi
Association_SuperiorLongitudinalFasciculusL	isovf	NODDI	/scratch/executivefunction/SLURM_8364170_109/job-8364170-109-sub-20953-ses-1/ds/inputs/data/qsiprep/qsiprep/sub-20953/ses-1/dwi/sub-20953_ses-1_space-ACPC_desc-preproc_dwi.nii.gz	0.6094109904573873	0.1175382286310195	0.2353595942258834	0.0	0.3009255826473236	0.1686797738075256	0.2943401336669922	0.071305863559246	0.2334773540496826	sub-20953	ses-1				space-ACPC			DSIStudio	autotrackgqi
Association_SuperiorLongitudinalFasciculusL	modulated_icvf	NODDI	/scratch/executivefunction/SLURM_8364170_109/job-8364170-109-sub-20953-ses-1/ds/inputs/data/qsiprep/qsiprep/sub-20953/ses-1/dwi/sub-20953_ses-1_space-ACPC_desc-preproc_dwi.nii.gz	0.0151365580783152	0.3985838294029236	0.1344929486513137	0.3896737694740295	0.4047097563743591	0.3928696513175964	0.1260441839694976	0.393472284078598	0.3957286477088928	sub-20953	ses-1				space-ACPC			DSIStudio	autotrackgqi
Association_SuperiorLongitudinalFasciculusL	modulated_od	NODDI	/scratch/executivefunction/SLURM_8364170_109/job-8364170-109-sub-20953-ses-1/ds/inputs/data/qsiprep/qsiprep/sub-20953/ses-1/dwi/sub-20953_ses-1_space-ACPC_desc-preproc_dwi.nii.gz	0.0026324448831852	0.3354890942573547	0.1869346052408218	0.3324584066867828	0.3363745808601379	0.3338683247566223	0.1863838136196136	0.3722278773784637	0.3724665939807892	sub-20953	ses-1				space-ACPC			DSIStudio	autotrackgqi
Association_SuperiorLongitudinalFasciculusL	nrmse	NODDI	/scratch/executivefunction/SLURM_8364170_109/job-8364170-109-sub-20953-ses-1/ds/inputs/data/qsiprep/qsiprep/sub-20953/ses-1/dwi/sub-20953_ses-1_space-ACPC_desc-preproc_dwi.nii.gz	0.0009871668311944	0.1079390347003936	0.0420328378677368	0.0994561910629272	0.1080456972122192	0.0994664579629898	0.0419163629412651	0.1049906462430954	0.1050097346305847	sub-20953	ses-1				space-ACPC			DSIStudio	autotrackgqi
Association_SuperiorLongitudinalFasciculusL	od	NODDI	/scratch/executivefunction/SLURM_8364170_109/job-8364170-109-sub-20953-ses-1/ds/inputs/data/qsiprep/qsiprep/sub-20953/ses-1/dwi/sub-20953_ses-1_space-ACPC_desc-preproc_dwi.nii.gz	0.0009871668311944	0.3845184743404388	0.1882421225309372	0.3764626085758209	0.3848984241485595	0.3766197562217712	0.1879464536905288	0.3987002670764923	0.3987727463245392	sub-20953	ses-1				space-ACPC			DSIStudio	autotrackgqi
Association_SuperiorLongitudinalFasciculusL	rmse	NODDI	/scratch/executivefunction/SLURM_8364170_109/job-8364170-109-sub-20953-ses-1/ds/inputs/data/qsiprep/qsiprep/sub-20953/ses-1/dwi/sub-20953_ses-1_space-ACPC_desc-preproc_dwi.nii.gz	0.0009871668311944	0.0423071943223476	0.0316874794661998	0.038293570280075	0.0423489995300769	0.0382968038320541	0.0316751971840858	0.0407032147049903	0.0407106168568134	sub-20953	ses-1				space-ACPC			DSIStudio	autotrackgqi
Association_SuperiorLongitudinalFasciculusL	tf	NODDI	/scratch/executivefunction/SLURM_8364170_109/job-8364170-109-sub-20953-ses-1/ds/inputs/data/qsiprep/qsiprep/sub-20953/ses-1/dwi/sub-20953_ses-1_space-ACPC_desc-preproc_dwi.nii.gz	0.0151365580783152	0.8814746169284521	0.2369562667454177	1.0	0.8950221720165605	1.0	0.2118628421979637	0.9285123711493688	0.9338368944081292	sub-20953	ses-1				space-ACPC			DSIStudio	autotrackgqi
Association_ExtremeCapsuleL	directions	NODDI	/scratch/executivefunction/SLURM_8364170_109/job-8364170-109-sub-20953-ses-1/ds/inputs/data/qsiprep/qsiprep/sub-20953/ses-1/dwi/sub-20953_ses-1_space-ACPC_desc-preproc_dwi.nii.gz	0.0	-0.0633684992790222	0.5738621354103088	-0.1610741913318634	-0.0633684992790222	-0.1610741913318634	0.5738621354103088	-0.3235534727573395		sub-20953	ses-1				space-ACPC			DSIStudio	autotrackgqi
Association_ExtremeCapsuleL	icvf	NODDI	/scratch/executivefunction/SLURM_8364170_109/job-8364170-109-sub-20953-ses-1/ds/inputs/data/qsiprep/qsiprep/sub-20953/ses-1/dwi/sub-20953_ses-1_space-ACPC_desc-preproc_dwi.nii.gz	0.0	0.4150323867797851	0.1369802951812744	0.3703782260417938	0.4150323867797851	0.3703782260417938	0.1369802951812744	0.4291751980781555	0.4291751980781555	sub-20953	ses-1				space-ACPC			DSIStudio	autotrackgqi
Association_ExtremeCapsuleL	isovf	NODDI	/scratch/executivefunction/SLURM_8364170_109/job-8364170-109-sub-20953-ses-1/ds/inputs/data/qsiprep/qsiprep/sub-20953/ses-1/dwi/sub-20953_ses-1_space-ACPC_desc-preproc_dwi.nii.gz	0.7088353413654619	0.0646816417574882	0.1593468338251114	0.0	0.2221479713916778	0.1415655314922332	0.2285290956497192	0.0406958572566509	0.1552293747663498	sub-20953	ses-1				space-ACPC			DSIStudio	autotrackgqi
Association_ExtremeCapsuleL	modulated_icvf	NODDI	/scratch/executivefunction/SLURM_8364170_109/job-8364170-109-sub-20953-ses-1/ds/inputs/data/qsiprep/qsiprep/sub-20953/ses-1/dwi/sub-20953_ses-1_space-ACPC_desc-preproc_dwi.nii.gz	0.0	0.3735358417034149	0.0932034775614738	0.3427272737026214	0.3735358417034149	0.3427272737026214	0.0932034775614738	0.4045572876930237	0.4045572876930237	sub-20953	ses-1				space-ACPC			DSIStudio	autotrackgqi
Association_ExtremeCapsuleL	modulated_od	NODDI	/scratch/executivefunction/SLURM_8364170_109/job-8364170-109-sub-20953-ses-1/ds/inputs/data/qsiprep/qsiprep/sub-20953/ses-1/dwi/sub-20953_ses-1_space-ACPC_desc-preproc_dwi.nii.gz	0.0	0.3485202193260193	0.1944269239902496	0.3232806026935577	0.3485202193260193	0.3232806026935577	0.1944269239902496	0.2770774066448211	0.2770774066448211	sub-20953	ses-1				space-ACPC			DSIStudio	autotrackgqi
Association_ExtremeCapsuleL	nrmse	NODDI	/scratch/executivefunction/SLURM_8364170_109/job-8364170-109-sub-20953-ses-1/ds/inputs/data/qsiprep/qsiprep/sub-20953/ses-1/dwi/sub-20953_ses-1_space-ACPC_desc-preproc_dwi.nii.gz	0.0	0.1079393625259399	0.0281837973743677	0.1028295010328292	0.1079393625259399	0.1028295010328292	0.0281837973743677	0.1105762273073196	0.1105762273073196	sub-20953	ses-1				space-ACPC			DSIStudio	autotrackgqi
Association_ExtremeCapsuleL	od	NODDI	/scratch/executivefunction/SLURM_8364170_109/job-8364170-109-sub-20953-ses-1/ds/inputs/data/qsiprep/qsiprep/sub-20953/ses-1/dwi/sub-20953_ses-1_space-ACPC_desc-preproc_dwi.nii.gz	0.0	0.3782373964786529	0.2045716047286987	0.3601793348789215	0.3782373964786529	0.3601793348789215	0.2045716047286987	0.2917815446853637	0.2917815446853637	sub-20953	ses-1				space-ACPC			DSIStudio	autotrackgqi
Association_ExtremeCapsuleL	rmse	NODDI	/scratch/executivefunction/SLURM_8364170_109/job-8364170-109-sub-20953-ses-1/ds/inputs/data/qsiprep/qsiprep/sub-20953/ses-1/dwi/sub-20953_ses-1_space-ACPC_desc-preproc_dwi.nii.gz	0.0	0.0416820272803306	0.0145079148933291	0.039239902049303	0.0416820272803306	0.039239902049303	0.0145079148933291	0.0439464412629604	0.0439464412629604	sub-20953	ses-1				space-ACPC			DSIStudio	autotrackgqi
Association_ExtremeCapsuleL	tf	NODDI	/scratch/executivefunction/SLURM_8364170_109/job-8364170-109-sub-20953-ses-1/ds/inputs/data/qsiprep/qsiprep/sub-20953/ses-1/dwi/sub-20953_ses-1_space-ACPC_desc-preproc_dwi.nii.gz	0.0	0.9353183631197994	0.1593468378141292	1.0	0.9353183631197994	1.0	0.1593468378141292	0.9593041406878542	0.9593041406878542	sub-20953	ses-1				space-ACPC			DSIStudio	autotrackgqi
Association_HippocampusAlveusR	directions	NODDI	/scratch/executivefunction/SLURM_8364170_109/job-8364170-109-sub-20953-ses-1/ds/inputs/data/qsiprep/qsiprep/sub-20953/ses-1/dwi/sub-20953_ses-1_space-ACPC_desc-preproc_dwi.nii.gz	0.0	-0.0349603630602359	0.5762908458709717	-0.076445572078228	-0.0349603630602359	-0.076445572078228	0.5762908458709717	0.0332573652267456		sub-20953	ses-1				space-ACPC			DSIStudio	autotrackgqi
Association_HippocampusAlveusR	icvf	NODDI	/scratch/executivefunction/SLURM_8364170_109/job-8364170-109-sub-20953-ses-1/ds/inputs/data/qsiprep/qsiprep/sub-20953/ses-1/dwi/sub-20953_ses-1_space-ACPC_desc-preproc_dwi.nii.gz	0.0	0.4337419271469116	0.1836826801300048	0.3830370306968689	0.4337419271469116	0.3830370306968689	0.1836826801300048	0.4315559267997741	0.4315558969974518	sub-20953	ses-1				space-ACPC			DSIStudio	autotrackgqi
Association_HippocampusAlveusR	isovf	NODDI	/scratch/executivefunction/SLURM_8364170_109/job-8364170-109-sub-20953-ses-1/ds/inputs/data/qsiprep/qsiprep/sub-20953/ses-1/dwi/sub-20953_ses-1_space-ACPC_desc-preproc_dwi.nii.gz	0.6497175141242938	0.1052249073982238	0.2181332111358642	0.0	0.3004001379013061	0.2055186629295349	0.2778642773628235	0.0749840587377548	0.2044778019189834	sub-20953	ses-1				space-ACPC			DSIStudio	autotrackgqi
Association_HippocampusAlveusR	modulated_icvf	NODDI	/scratch/executivefunction/SLURM_8364170_109/job-8364170-109-sub-20953-ses-1/ds/inputs/data/qsiprep/qsiprep/sub-20953/ses-1/dwi/sub-20953_ses-1_space-ACPC_desc-preproc_dwi.nii.gz	0.0	0.3650829792022705	0.1354173123836517	0.3427272737026214	0.3650829792022705	0.3427272737026214	0.1354173123836517	0.3850414156913757	0.3850414156913757	sub-20953	ses-1				space-ACPC			DSIStudio	autotrackgqi
Association_HippocampusAlveusR	modulated_od	NODDI	/scratch/executivefunction/SLURM_8364170_109/job-8364170-109-sub-20953-ses-1/ds/inputs/data/qsiprep/qsiprep/sub-20953/ses-1/dwi/sub-20953_ses-1_space-ACPC_desc-preproc_dwi.nii.gz	0.0	0.310175746679306	0.1811829656362533	0.2899999916553497	0.310175746679306	0.2899999916553497	0.1811829656362533	0.2743280827999115	0.2743280529975891	sub-20953	ses-1				space-ACPC			DSIStudio	autotrackgqi
Association_HippocampusAlveusR	nrmse	NODDI	/scratch/executivefunction/SLURM_8364170_109/job-8364170-109-sub-20953-ses-1/ds/inputs/data/qsiprep/qsiprep/sub-20953/ses-1/dwi/sub-20953_ses-1_space-ACPC_desc-preproc_dwi.nii.gz	0.0	0.1184841766953468	0.0424942970275878	0.1082934290170669	0.1184841766953468	0.1082934290170669	0.0424942970275878	0.1155601739883422	0.115560159087181	sub-20953	ses-1				space-ACPC			DSIStudio	autotrackgqi
Association_HippocampusAlveusR	od	NODDI	/scratch/executivefunction/SLURM_8364170_109/job-8364170-109-sub-20953-ses-1/ds/inputs/data/qsiprep/qsiprep/sub-20953/ses-1/dwi/sub-20953_ses-1_space-ACPC_desc-preproc_dwi.nii.gz	0.0	0.3556859195232391	0.1962247490882873	0.3490709960460663	0.3556859195232391	0.3490709960460663	0.1962247490882873	0.2968707680702209	0.2968707382678985	sub-20953	ses-1				space-ACPC			DSIStudio	autotrackgqi
Association_HippocampusAlveusR	rmse	NODDI	/scratch/executivefunction/SLURM_8364170_109/job-8364170-109-sub-20953-ses-1/ds/inputs/data/qsiprep/qsiprep/sub-20953/ses-1/dwi/sub-20953_ses-1_space-ACPC_desc-preproc_dwi.nii.gz	0.0	0.0461075492203235	0.028048351407051	0.0411547273397445	0.0461075492203235	0.0411547273397445	0.028048351407051	0.0454447269439697	0.0454447269439697	sub-20953	ses-1				space-ACPC			DSIStudio	autotrackgqi
Association_HippocampusAlveusR	tf	NODDI	/scratch/executivefunction/SLURM_8364170_109/job-8364170-109-sub-20953-ses-1/ds/inputs/data/qsiprep/qsiprep/sub-20953/ses-1/dwi/sub-20953_ses-1_space-ACPC_desc-preproc_dwi.nii.gz	0.0	0.8947750932752749	0.2181332213923001	1.0	0.8947750932752749	1.0	0.2181332213923001	0.9250159463789668	0.9250158463559768	sub-20953	ses-1				space-ACPC			DSIStudio	autotrackgqi
Association_UncinateFasciculusR	directions	NODDI	/scratch/executivefunction/SLURM_8364170_109/job-8364170-109-sub-20953-ses-1/ds/inputs/data/qsiprep/qsiprep/sub-20953/ses-1/dwi/sub-20953_ses-1_space-ACPC_desc-preproc_dwi.nii.gz	13.0	-0.0070541640743613	0.5745611786842346	-0.0268195029348135	-0.0071217427030205	-0.0356103554368019	0.57730633020401	-0.2335146814584732		sub-20953	ses-1				space-ACPC			DSIStudio	autotrackgqi
Association_UncinateFasciculusR	icvf	NODDI	/scratch/executivefunction/SLURM_8364170_109/job-8364170-109-sub-20953-ses-1/ds/inputs/data/qsiprep/qsiprep/sub-20953/ses-1/dwi/sub-20953_ses-1_space-ACPC_desc-preproc_dwi.nii.gz	0.0328467153284671	0.4537335634231567	0.2765597999095917	0.3427272737026214	0.4691433906555176	0.3427272737026214	0.2680550813674927	0.353721559047699	0.36287721991539	sub-20953	ses-1				space-ACPC			DSIStudio	autotrackgqi
Association_UncinateFasciculusR	isovf	NODDI	/scratch/executivefunction/SLURM_8364170_109/job-8364170-109-sub-20953-ses-1/ds/inputs/data/qsiprep/qsiprep/sub-20953/ses-1/dwi/sub-20953_ses-1_space-ACPC_desc-preproc_dwi.nii.gz	0.6109489051094891	0.2011201530694961	0.3106164932250976	0.0	0.5169504880905151	0.5425741076469421	0.2910773456096649	0.1195490062236785	0.4857856631278991	sub-20953	ses-1				space-ACPC			DSIStudio	autotrackgqi
Association_UncinateFasciculusR	modulated_icvf	NODDI	/scratch/executivefunction/SLURM_8364170_109/job-8364170-109-sub-20953-ses-1/ds/inputs/data/qsiprep/qsiprep/sub-20953/ses-1/dwi/sub-20953_ses-1_space-ACPC_desc-preproc_dwi.nii.gz	0.0328467153284671	0.322002649307251	0.1852391064167022	0.2982792854309082	0.3329385817050934	0.3065138161182403	0.1784317791461944	0.2937802374362945	0.3013843595981598	sub-20953	ses-1				space-ACPC			DSIStudio	autotrackgqi
Association_UncinateFasciculusR	modulated_od	NODDI	/scratch/executivefunction/SLURM_8364170_109/job-8364170-109-sub-20953-ses-1/ds/inputs/data/qsiprep/qsiprep/sub-20953/ses-1/dwi/sub-20953_ses-1_space-ACPC_desc-preproc_dwi.nii.gz	0.0218978102189781	0.3774257302284241	0.1995337307453155	0.386870801448822	0.3858755528926849	0.3914543986320495	0.1935057640075683	0.4123592972755432	0.4206458628177643	sub-20953	ses-1				space-ACPC			DSIStudio	autotrackgqi
Association_UncinateFasciculusR	nrmse	NODDI	/scratch/executivefunction/SLURM_8364170_109/job-8364170-109-sub-20953-ses-1/ds/inputs/data/qsiprep/qsiprep/sub-20953/ses-1/dwi/sub-20953_ses-1_space-ACPC_desc-preproc_dwi.nii.gz	0.0094890510948905	0.1274154335260391	0.0720765963196754	0.1076307073235511	0.1286360621452331	0.1079260557889938	0.0713287144899368	0.114759936928749	0.1149678826332092	sub-20953	ses-1				space-ACPC			DSIStudio	autotrackgqi
Association_UncinateFasciculusR	od	NODDI	/scratch/executivefunction/SLURM_8364170_109/job-8364170-109-sub-20953-ses-1/ds/inputs/data/qsiprep/qsiprep/sub-20953/ses-1/dwi/sub-20953_ses-1_space-ACPC_desc-preproc_dwi.nii.gz	0.0094890510948905	0.4883977472782135	0.1900302171707153	0.4718096852302551	0.4930765926837921	0.474143236875534	0.1847983002662658	0.4798831343650818	0.4807527363300323	sub-20953	ses-1				space-ACPC			DSIStudio	autotrackgqi
Association_UncinateFasciculusR	rmse	NODDI	/scratch/executivefunction/SLURM_8364170_109/job-8364170-109-sub-20953-ses-1/ds/inputs/data/qsiprep/qsiprep/sub-20953/ses-1/dwi/sub-20953_ses-1_space-ACPC_desc-preproc_dwi.nii.gz	0.0094890510948905	0.0534286051988601	0.0731287896633148	0.0382159352302551	0.0539404489099979	0.0383901335299015	0.0732901245355606	0.0439484901726245	0.0440281257033348	sub-20953	ses-1				space-ACPC			DSIStudio	autotrackgqi
Association_UncinateFasciculusR	tf	NODDI	/scratch/executivefunction/SLURM_8364170_109/job-8364170-109-sub-20953-ses-1/ds/inputs/data/qsiprep/qsiprep/sub-20953/ses-1/dwi/sub-20953_ses-1_space-ACPC_desc-preproc_dwi.nii.gz	0.0328467153284671	0.7893907865468603	0.3194757144036767	1.0	0.8162002849578858	1.0	0.2892216472585438	0.8786422510510941	0.9013847719659804	sub-20953	ses-1				space-ACPC			DSIStudio	autotrackgqi
Association_ParietalAslantTractR	directions	NODDI	/scratch/executivefunction/SLURM_8364170_109/job-8364170-109-sub-20953-ses-1/ds/inputs/data/qsiprep/qsiprep/sub-20953/ses-1/dwi/sub-20953_ses-1_space-ACPC_desc-preproc_dwi.nii.gz	0.0	-0.1162934154272079	0.5655167698860168	-0.1673458367586136	-0.1162934154272079	-0.1673458367586136	0.5655167698860168	-0.7962610125541687		sub-20953	ses-1				space-ACPC			DSIStudio	autotrackgqi
Association_ParietalAslantTractR	icvf	NODDI	/scratch/executivefunction/SLURM_8364170_109/job-8364170-109-sub-20953-ses-1/ds/inputs/data/qsiprep/qsiprep/sub-20953/ses-1/dwi/sub-20953_ses-1_space-ACPC_desc-preproc_dwi.nii.gz	0.0070422535211267	0.6061432957649231	0.172823429107666	0.5437798500061035	0.6104421615600586	0.5440655946731567	0.1656971424818039	0.6418029069900513	0.642005205154419	sub-20953	ses-1				space-ACPC			DSIStudio	autotrackgqi
Association_ParietalAslantTractR	isovf	NODDI	/scratch/executivefunction/SLURM_8364170_109/job-8364170-109-sub-20953-ses-1/ds/inputs/data/qsiprep/qsiprep/sub-20953/ses-1/dwi/sub-20953_ses-1_space-ACPC_desc-preproc_dwi.nii.gz	0.5120724346076458	0.1219403371214866	0.1987485289573669	0.0	0.2499148398637771	0.1907739490270614	0.2213005125522613	0.166919469833374	0.2658631801605224	sub-20953	ses-1				space-ACPC			DSIStudio	autotrackgqi
Association_ParietalAslantTractR	modulated_icvf	NODDI	/scratch/executivefunction/SLURM_8364170_109/job-8364170-109-sub-20953-ses-1/ds/inputs/data/qsiprep/qsiprep/sub-20953/ses-1/dwi/sub-20953_ses-1_space-ACPC_desc-preproc_dwi.nii.gz	0.0070422535211267	0.5187218189239502	0.1433347761631012	0.5108537673950195	0.5224006772041321	0.5123416185379028	0.1369989663362503	0.5142107009887695	0.5143728852272034	sub-20953	ses-1				space-ACPC			DSIStudio	autotrackgqi
Association_ParietalAslantTractR	modulated_od	NODDI	/scratch/executivefunction/SLURM_8364170_109/job-8364170-109-sub-20953-ses-1/ds/inputs/data/qsiprep/qsiprep/sub-20953/ses-1/dwi/sub-20953_ses-1_space-ACPC_desc-preproc_dwi.nii.gz	0.0	0.3956072032451629	0.1785576343536377	0.4128794372081756	0.3956072032451629	0.4128794372081756	0.1785576343536377	0.3445971012115478	0.3445971012115478	sub-20953	ses-1				space-ACPC			DSIStudio	autotrackgqi
Association_ParietalAslantTractR	nrmse	NODDI	/scratch/executivefunction/SLURM_8364170_109/job-8364170-109-sub-20953-ses-1/ds/inputs/data/qsiprep/qsiprep/sub-20953/ses-1/dwi/sub-20953_ses-1_space-ACPC_desc-preproc_dwi.nii.gz	0.0	0.1143314242362976	0.084765650331974	0.0806187540292739	0.1143314242362976	0.0806187540292739	0.084765650331974	0.1268066465854644	0.1268066465854644	sub-20953	ses-1				space-ACPC			DSIStudio	autotrackgqi
Association_ParietalAslantTractR	od	NODDI	/scratch/executivefunction/SLURM_8364170_109/job-8364170-109-sub-20953-ses-1/ds/inputs/data/qsiprep/qsiprep/sub-20953/ses-1/dwi/sub-20953_ses-1_space-ACPC_desc-preproc_dwi.nii.gz	0.0	0.4437912404537201	0.1671199947595596	0.4441168904304504	0.4437912404537201	0.4441168904304504	0.1671199947595596	0.3990375399589538	0.3990375399589538	sub-20953	ses-1				space-ACPC			DSIStudio	autotrackgqi
Association_ParietalAslantTractR	rmse	NODDI	/scratch/executivefunction/SLURM_8364170_109/job-8364170-109-sub-20953-ses-1/ds/inputs/data/qsiprep/qsiprep/sub-20953/ses-1/dwi/sub-20953_ses-1_space-ACPC_desc-preproc_dwi.nii.gz	0.0	0.0504292137920856	0.0560902990400791	0.0332327261567115	0.0504292137920856	0.0332327261567115	0.0560902990400791	0.0540715456008911	0.0540715456008911	sub-20953	ses-1				space-ACPC			DSIStudio	autotrackgqi
Association_ParietalAslantTractR	tf	NODDI	/scratch/executivefunction/SLURM_8364170_109/job-8364170-109-sub-20953-ses-1/ds/inputs/data/qsiprep/qsiprep/sub-20953/ses-1/dwi/sub-20953_ses-1_space-ACPC_desc-preproc_dwi.nii.gz	0.0070422535211267	0.8780596590257986	0.1987485314506971	1.0	0.8842870324940667	1.0	0.1851333085503786	0.8330805276094817	0.8333432398720224	sub-20953	ses-1				space-ACPC			DSIStudio	autotrackgqi
Association_InferiorFrontoOccipitalFasciculusL	directions	NODDI	/scratch/executivefunction/SLURM_8364170_109/job-8364170-109-sub-20953-ses-1/ds/inputs/data/qsiprep/qsiprep/sub-20953/ses-1/dwi/sub-20953_ses-1_space-ACPC_desc-preproc_dwi.nii.gz	0.0	-0.0360252484679222	0.576225221157074	-0.1688200533390045	-0.0360252484679222	-0.1688200533390045	0.576225221157074	-0.040578618645668		sub-20953	ses-1				space-ACPC			DSIStudio	autotrackgqi
Association_InferiorFrontoOccipitalFasciculusL	icvf	NODDI	/scratch/executivefunction/SLURM_8364170_109/job-8364170-109-sub-20953-ses-1/ds/inputs/data/qsiprep/qsiprep/sub-20953/ses-1/dwi/sub-20953_ses-1_space-ACPC_desc-preproc_dwi.nii.gz	0.0111731843575419	0.5412182807922363	0.2071495652198791	0.5288979411125183	0.5473337769508362	0.5302482843399048	0.2001215070486068	0.5850725173950195	0.5914806127548218	sub-20953	ses-1				space-ACPC			DSIStudio	autotrackgqi
Association_InferiorFrontoOccipitalFasciculusL	isovf	NODDI	/scratch/executivefunction/SLURM_8364170_109/job-8364170-109-sub-20953-ses-1/ds/inputs/data/qsiprep/qsiprep/sub-20953/ses-1/dwi/sub-20953_ses-1_space-ACPC_desc-preproc_dwi.nii.gz	0.5139664804469274	0.116283893585205	0.2309902608394622	0.0	0.2392507791519165	0.1024828404188156	0.2834776043891907	0.115398995578289	0.1993590742349624	sub-20953	ses-1				space-ACPC			DSIStudio	autotrackgqi
Association_InferiorFrontoOccipitalFasciculusL	modulated_icvf	NODDI	/scratch/executivefunction/SLURM_8364170_109/job-8364170-109-sub-20953-ses-1/ds/inputs/data/qsiprep/qsiprep/sub-20953/ses-1/dwi/sub-20953_ses-1_space-ACPC_desc-preproc_dwi.nii.gz	0.0111731843575419	0.4578351974487304	0.1682775467634201	0.4759443402290344	0.4630084633827209	0.4781373739242553	0.16199392080307	0.5017160177230835	0.5072110295295715	sub-20953	ses-1				space-ACPC			DSIStudio	autotrackgqi
Association_InferiorFrontoOccipitalFasciculusL	modulated_od	NODDI	/scratch/executivefunction/SLURM_8364170_109/job-8364170-109-sub-20953-ses-1/ds/inputs/data/qsiprep/qsiprep/sub-20953/ses-1/dwi/sub-20953_ses-1_space-ACPC_desc-preproc_dwi.nii.gz	0.0055865921787709	0.2803196012973785	0.1647033542394638	0.2830482423305511	0.2818944156169891	0.2848339676856994	0.1638159304857254	0.2566806375980377	0.2569522261619568	sub-20953	ses-1				space-ACPC			DSIStudio	autotrackgqi
Association_InferiorFrontoOccipitalFasciculusL	nrmse	NODDI	/scratch/executivefunction/SLURM_8364170_109/job-8364170-109-sub-20953-ses-1/ds/inputs/data/qsiprep/qsiprep/sub-20953/ses-1/dwi/sub-20953_ses-1_space-ACPC_desc-preproc_dwi.nii.gz	0.0	0.1014852449297905	0.0350807644426822	0.0950540006160736	0.1014852449297905	0.0950540006160736	0.0350807644426822	0.0981613248586654	0.0981613248586654	sub-20953	ses-1				space-ACPC			DSIStudio	autotrackgqi
Association_InferiorFrontoOccipitalFasciculusL	od	NODDI	/scratch/executivefunction/SLURM_8364170_109/job-8364170-109-sub-20953-ses-1/ds/inputs/data/qsiprep/qsiprep/sub-20953/ses-1/dwi/sub-20953_ses-1_space-ACPC_desc-preproc_dwi.nii.gz	0.0	0.3211398124694824	0.1718275994062423	0.3159489035606384	0.3211398124694824	0.3159489035606384	0.1718275994062423	0.2924181520938873	0.2924181520938873	sub-20953	ses-1				space-ACPC			DSIStudio	autotrackgqi
Association_InferiorFrontoOccipitalFasciculusL	rmse	NODDI	/scratch/executivefunction/SLURM_8364170_109/job-8364170-109-sub-20953-ses-1/ds/inputs/data/qsiprep/qsiprep/sub-20953/ses-1/dwi/sub-20953_ses-1_space-ACPC_desc-preproc_dwi.nii.gz	0.0	0.0405562408268451	0.0136312916874885	0.0385136008262634	0.0405562408268451	0.0385136008262634	0.0136312916874885	0.0403370186686515	0.0403370186686515	sub-20953	ses-1				space-ACPC			DSIStudio	autotrackgqi
Association_InferiorFrontoOccipitalFasciculusL	tf	NODDI	/scratch/executivefunction/SLURM_8364170_109/job-8364170-109-sub-20953-ses-1/ds/inputs/data/qsiprep/qsiprep/sub-20953/ses-1/dwi/sub-20953_ses-1_space-ACPC_desc-preproc_dwi.nii.gz	0.0111731843575419	0.8837161019194726	0.2309902702332248	1.0	0.8937015945965288	1.0	0.2122153448151957	0.8846009971807562	0.8942896589646963	sub-20953	ses-1				space-ACPC			DSIStudio	autotrackgqi
ProjectionBasalGanglia_AcousticRadiationR	directions	NODDI	/scratch/executivefunction/SLURM_8364170_109/job-8364170-109-sub-20953-ses-1/ds/inputs/data/qsiprep/qsiprep/sub-20953/ses-1/dwi/sub-20953_ses-1_space-ACPC_desc-preproc_dwi.nii.gz	0.0	-0.1798446476459503	0.5486248731613159	-0.2419310063123703	-0.1798446476459503	-0.2419310063123703	0.5486248731613159	-0.6987876296043396		sub-20953	ses-1				space-ACPC			DSIStudio	autotrackgqi
ProjectionBasalGanglia_AcousticRadiationR	icvf	NODDI	/scratch/executivefunction/SLURM_8364170_109/job-8364170-109-sub-20953-ses-1/ds/inputs/data/qsiprep/qsiprep/sub-20953/ses-1/dwi/sub-20953_ses-1_space-ACPC_desc-preproc_dwi.nii.gz	0.0172413793103448	0.9222864508628844	0.159563273191452	0.9900000095367432	0.9384669065475464	0.9900000095367432	0.1035484299063682	0.8997357487678528	0.9229546785354614	sub-20953	ses-1				space-ACPC			DSIStudio	autotrackgqi
ProjectionBasalGanglia_AcousticRadiationR	isovf	NODDI	/scratch/executivefunction/SLURM_8364170_109/job-8364170-109-sub-20953-ses-1/ds/inputs/data/qsiprep/qsiprep/sub-20953/ses-1/dwi/sub-20953_ses-1_space-ACPC_desc-preproc_dwi.nii.gz	0.2586206896551724	0.3504676222801208	0.2834057807922363	0.3376098573207855	0.4727237522602081	0.4786374568939209	0.2248191386461258	0.4004455208778381	0.4613828659057617	sub-20953	ses-1				space-ACPC			DSIStudio	autotrackgqi
ProjectionBasalGanglia_AcousticRadiationR	modulated_icvf	NODDI	/scratch/executivefunction/SLURM_8364170_109/job-8364170-109-sub-20953-ses-1/ds/inputs/data/qsiprep/qsiprep/sub-20953/ses-1/dwi/sub-20953_ses-1_space-ACPC_desc-preproc_dwi.nii.gz	0.0172413793103448	0.6072436571121216	0.2823098301887512	0.5211843848228455	0.6178970336914062	0.5253803730010986	0.2729732096195221	0.5481301546096802	0.5622754096984863	sub-20953	ses-1				space-ACPC			DSIStudio	autotrackgqi
ProjectionBasalGanglia_AcousticRadiationR	modulated_od	NODDI	/scratch/executivefunction/SLURM_8364170_109/job-8364170-109-sub-20953-ses-1/ds/inputs/data/qsiprep/qsiprep/sub-20953/ses-1/dwi/sub-20953_ses-1_space-ACPC_desc-preproc_dwi.nii.gz	0.0	0.2894067466259002	0.2700884938240051	0.151552602648735	0.2894067466259002	0.151552602648735	0.2700884938240051	0.2377591580152511	0.2377591133117675	sub-20953	ses-1				space-ACPC			DSIStudio	autotrackgqi
ProjectionBasalGanglia_AcousticRadiationR	nrmse	NODDI	/scratch/executivefunction/SLURM_8364170_109/job-8364170-109-sub-20953-ses-1/ds/inputs/data/qsiprep/qsiprep/sub-20953/ses-1/dwi/sub-20953_ses-1_space-ACPC_desc-preproc_dwi.nii.gz	0.0	0.2863849401473999	0.1217567473649978	0.273250937461853	0.2863849401473999	0.273250937461853	0.1217567473649978	0.2670362889766693	0.2670362591743469	sub-20953	ses-1				space-ACPC			DSIStudio	autotrackgqi
ProjectionBasalGanglia_AcousticRadiationR	od	NODDI	/scratch/executivefunction/SLURM_8364170_109/job-8364170-109-sub-20953-ses-1/ds/inputs/data/qsiprep/qsiprep/sub-20953/ses-1/dwi/sub-20953_ses-1_space-ACPC_desc-preproc_dwi.nii.gz	0.0	0.4112674593925476	0.2535686790943146	0.3324200809001922	0.4112674593925476	0.3324200809001922	0.2535686790943146	0.3745334446430206	0.3745333850383758	sub-20953	ses-1				space-ACPC			DSIStudio	autotrackgqi
ProjectionBasalGanglia_AcousticRadiationR	rmse	NODDI	/scratch/executivefunction/SLURM_8364170_109/job-8364170-109-sub-20953-ses-1/ds/inputs/data/qsiprep/qsiprep/sub-20953/ses-1/dwi/sub-20953_ses-1_space-ACPC_desc-preproc_dwi.nii.gz	0.0	0.1720345616340637	0.1968166381120681	0.1048615500330925	0.1720345616340637	0.1048615500330925	0.1968166381120681	0.1320002675056457	0.1320002377033233	sub-20953	ses-1				space-ACPC			DSIStudio	autotrackgqi
ProjectionBasalGanglia_AcousticRadiationR	tf	NODDI	/scratch/executivefunction/SLURM_8364170_109/job-8364170-109-sub-20953-ses-1/ds/inputs/data/qsiprep/qsiprep/sub-20953/ses-1/dwi/sub-20953_ses-1_space-ACPC_desc-preproc_dwi.nii.gz	0.0172413793103448	0.6495323623048848	0.2834057841185188	0.6623901128768921	0.6609276669067249	0.6906875371932983	0.2723902876700585	0.5995544677426621	0.6150267927009131	sub-20953	ses-1				space-ACPC			DSIStudio	autotrackgqi
ProjectionBrainstem_NonDecussatingDentatorubrothalamicTractR	directions	NODDI	/scratch/executivefunction/SLURM_8364170_109/job-8364170-109-sub-20953-ses-1/ds/inputs/data/qsiprep/qsiprep/sub-20953/ses-1/dwi/sub-20953_ses-1_space-ACPC_desc-preproc_dwi.nii.gz	0.0	-0.0582379885017871	0.5744054913520813	-0.0905688032507896	-0.0582379885017871	-0.0905688032507896	0.5744054913520813	-0.0376249998807907		sub-20953	ses-1				space-ACPC			DSIStudio	autotrackgqi
ProjectionBrainstem_NonDecussatingDentatorubrothalamicTractR	icvf	NODDI	/scratch/executivefunction/SLURM_8364170_109/job-8364170-109-sub-20953-ses-1/ds/inputs/data/qsiprep/qsiprep/sub-20953/ses-1/dwi/sub-20953_ses-1_space-ACPC_desc-preproc_dwi.nii.gz	0.0201765447667087	0.5908142328262329	0.1655372083187103	0.5767863988876343	0.6029803156852722	0.5791245698928833	0.1436347812414169	0.5935251712799072	0.6021540760993958	sub-20953	ses-1				space-ACPC			DSIStudio	autotrackgqi
ProjectionBrainstem_NonDecussatingDentatorubrothalamicTractR	isovf	NODDI	/scratch/executivefunction/SLURM_8364170_109/job-8364170-109-sub-20953-ses-1/ds/inputs/data/qsiprep/qsiprep/sub-20953/ses-1/dwi/sub-20953_ses-1_space-ACPC_desc-preproc_dwi.nii.gz	0.2118537200504413	0.1584976315498352	0.2084552347660064	0.0885440036654472	0.2011017948389053	0.1244028881192207	0.2157918959856033	0.1597026288509369	0.1885888278484344	sub-20953	ses-1				space-ACPC			DSIStudio	autotrackgqi
ProjectionBrainstem_NonDecussatingDentatorubrothalamicTractR	modulated_icvf	NODDI	/scratch/executivefunction/SLURM_8364170_109/job-8364170-109-sub-20953-ses-1/ds/inputs/data/qsiprep/qsiprep/sub-20953/ses-1/dwi/sub-20953_ses-1_space-ACPC_desc-preproc_dwi.nii.gz	0.0201765447667087	0.4829795956611633	0.1361539363861084	0.4952880144119262	0.4929251074790954	0.4973834156990051	0.1183943748474121	0.4861981868743896	0.493266761302948	sub-20953	ses-1				space-ACPC			DSIStudio	autotrackgqi
ProjectionBrainstem_NonDecussatingDentatorubrothalamicTractR	modulated_od	NODDI	/scratch/executivefunction/SLURM_8364170_109/job-8364170-109-sub-20953-ses-1/ds/inputs/data/qsiprep/qsiprep/sub-20953/ses-1/dwi/sub-20953_ses-1_space-ACPC_desc-preproc_dwi.nii.gz	0.0037831021437578	0.2301722764968872	0.1485244929790496	0.219162106513977	0.2310463488101959	0.2194239199161529	0.1481260955333709	0.2232497632503509	0.2241893112659454	sub-20953	ses-1				space-ACPC			DSIStudio	autotrackgqi
ProjectionBrainstem_NonDecussatingDentatorubrothalamicTractR	nrmse	NODDI	/scratch/executivefunction/SLURM_8364170_109/job-8364170-109-sub-20953-ses-1/ds/inputs/data/qsiprep/qsiprep/sub-20953/ses-1/dwi/sub-20953_ses-1_space-ACPC_desc-preproc_dwi.nii.gz	0.0113493064312736	0.1246177032589912	0.0457575656473636	0.113831989467144	0.1260482668876648	0.1140792518854141	0.04401670768857	0.1287546753883361	0.1296662092208862	sub-20953	ses-1				space-ACPC			DSIStudio	autotrackgqi
ProjectionBrainstem_NonDecussatingDentatorubrothalamicTractR	od	NODDI	/scratch/executivefunction/SLURM_8364170_109/job-8364170-109-sub-20953-ses-1/ds/inputs/data/qsiprep/qsiprep/sub-20953/ses-1/dwi/sub-20953_ses-1_space-ACPC_desc-preproc_dwi.nii.gz	0.0	0.2830089330673218	0.1713794916868209	0.2508233487606048	0.2830089330673218	0.2508233487606048	0.1713794916868209	0.2743072807788849	0.2743072807788849	sub-20953	ses-1				space-ACPC			DSIStudio	autotrackgqi
ProjectionBrainstem_NonDecussatingDentatorubrothalamicTractR	rmse	NODDI	/scratch/executivefunction/SLURM_8364170_109/job-8364170-109-sub-20953-ses-1/ds/inputs/data/qsiprep/qsiprep/sub-20953/ses-1/dwi/sub-20953_ses-1_space-ACPC_desc-preproc_dwi.nii.gz	0.0113493064312736	0.0505311042070388	0.0204173419624567	0.0464904978871345	0.0511111840605735	0.046740137040615	0.0197991151362657	0.0524027161300182	0.0527737103402614	sub-20953	ses-1				space-ACPC			DSIStudio	autotrackgqi
ProjectionBrainstem_NonDecussatingDentatorubrothalamicTractR	tf	NODDI	/scratch/executivefunction/SLURM_8364170_109/job-8364170-109-sub-20953-ses-1/ds/inputs/data/qsiprep/qsiprep/sub-20953/ses-1/dwi/sub-20953_ses-1_space-ACPC_desc-preproc_dwi.nii.gz	0.008827238335435	0.8415023765678213	0.2084552471958964	0.9114559888839722	0.8489966725423439	0.9125397503376008	0.1935922234966342	0.8402973716885146	0.846476853044652	sub-20953	ses-1				space-ACPC			DSIStudio	autotrackgqi
ProjectionBrainstem_MedialLemniscusL	directions	NODDI	/scratch/executivefunction/SLURM_8364170_109/job-8364170-109-sub-20953-ses-1/ds/inputs/data/qsiprep/qsiprep/sub-20953/ses-1/dwi/sub-20953_ses-1_space-ACPC_desc-preproc_dwi.nii.gz	0.0	0.045583352446556	0.575547993183136	-0.0331288278102874	0.045583352446556	-0.0331288278102874	0.575547993183136	0.1517288833856582		sub-20953	ses-1				space-ACPC			DSIStudio	autotrackgqi
ProjectionBrainstem_MedialLemniscusL	icvf	NODDI	/scratch/executivefunction/SLURM_8364170_109/job-8364170-109-sub-20953-ses-1/ds/inputs/data/qsiprep/qsiprep/sub-20953/ses-1/dwi/sub-20953_ses-1_space-ACPC_desc-preproc_dwi.nii.gz	0.1440677966101695	0.4702348411083221	0.2436071783304214	0.5027492046356201	0.549383282661438	0.5227252840995789	0.1607802957296371	0.5010024309158325	0.5319647192955017	sub-20953	ses-1				space-ACPC			DSIStudio	autotrackgqi
ProjectionBrainstem_MedialLemniscusL	isovf	NODDI	/scratch/executivefunction/SLURM_8364170_109/job-8364170-109-sub-20953-ses-1/ds/inputs/data/qsiprep/qsiprep/sub-20953/ses-1/dwi/sub-20953_ses-1_space-ACPC_desc-preproc_dwi.nii.gz	0.4745762711864407	0.245584100484848	0.3805879354476928	0.0111715346574783	0.4674020111560821	0.3124184012413025	0.4147273302078247	0.1300141364336013	0.3084740042686462	sub-20953	ses-1				space-ACPC			DSIStudio	autotrackgqi
ProjectionBrainstem_MedialLemniscusL	modulated_icvf	NODDI	/scratch/executivefunction/SLURM_8364170_109/job-8364170-109-sub-20953-ses-1/ds/inputs/data/qsiprep/qsiprep/sub-20953/ses-1/dwi/sub-20953_ses-1_space-ACPC_desc-preproc_dwi.nii.gz	0.1440677966101695	0.3815813958644867	0.1986654102802276	0.4402283430099487	0.4458079636096954	0.4781589806079864	0.1322057694196701	0.446768969297409	0.4743795692920685	sub-20953	ses-1				space-ACPC			DSIStudio	autotrackgqi
ProjectionBrainstem_MedialLemniscusL	modulated_od	NODDI	/scratch/executivefunction/SLURM_8364170_109/job-8364170-109-sub-20953-ses-1/ds/inputs/data/qsiprep/qsiprep/sub-20953/ses-1/dwi/sub-20953_ses-1_space-ACPC_desc-preproc_dwi.nii.gz	0.0	0.1623540520668029	0.1630303859710693	0.1086029782891273	0.1623540520668029	0.1086029782891273	0.1630303859710693	0.1589528918266296	0.1589528918266296	sub-20953	ses-1				space-ACPC			DSIStudio	autotrackgqi
ProjectionBrainstem_MedialLemniscusL	nrmse	NODDI	/scratch/executivefunction/SLURM_8364170_109/job-8364170-109-sub-20953-ses-1/ds/inputs/data/qsiprep/qsiprep/sub-20953/ses-1/dwi/sub-20953_ses-1_space-ACPC_desc-preproc_dwi.nii.gz	0.0084745762711864	0.1332878023386001	0.0688946619629859	0.1080669462680816	0.1344270259141922	0.108564093708992	0.0680727809667587	0.1146290525794029	0.1147442013025283	sub-20953	ses-1				space-ACPC			DSIStudio	autotrackgqi
ProjectionBrainstem_MedialLemniscusL	od	NODDI	/scratch/executivefunction/SLURM_8364170_109/job-8364170-109-sub-20953-ses-1/ds/inputs/data/qsiprep/qsiprep/sub-20953/ses-1/dwi/sub-20953_ses-1_space-ACPC_desc-preproc_dwi.nii.gz	0.0	0.3342556357383728	0.3127583265304565	0.2196246981620788	0.3342556357383728	0.2196246981620788	0.3127583265304565	0.2319484055042266	0.2319484055042266	sub-20953	ses-1				space-ACPC			DSIStudio	autotrackgqi
ProjectionBrainstem_MedialLemniscusL	rmse	NODDI	/scratch/executivefunction/SLURM_8364170_109/job-8364170-109-sub-20953-ses-1/ds/inputs/data/qsiprep/qsiprep/sub-20953/ses-1/dwi/sub-20953_ses-1_space-ACPC_desc-preproc_dwi.nii.gz	0.0084745762711864	0.0480249226093292	0.0174530129879713	0.0431091114878654	0.0484353899955749	0.0431245230138301	0.0169508066028356	0.0450809970498085	0.0451262705028057	sub-20953	ses-1				space-ACPC			DSIStudio	autotrackgqi
ProjectionBrainstem_MedialLemniscusL	tf	NODDI	/scratch/executivefunction/SLURM_8364170_109/job-8364170-109-sub-20953-ses-1/ds/inputs/data/qsiprep/qsiprep/sub-20953/ses-1/dwi/sub-20953_ses-1_space-ACPC_desc-preproc_dwi.nii.gz	0.135593220338983	0.7544159116381306	0.3805879303987077	0.9888284802436828	0.8727556624833275	1.0	0.2535480432931686	0.8699858803980155	0.922768413661187	sub-20953	ses-1				space-ACPC			DSIStudio	autotrackgqi
ProjectionBasalGanglia_CorticostriatalTractL	directions	NODDI	/scratch/executivefunction/SLURM_8364170_109/job-8364170-109-sub-20953-ses-1/ds/inputs/data/qsiprep/qsiprep/sub-20953/ses-1/dwi/sub-20953_ses-1_space-ACPC_desc-preproc_dwi.nii.gz	0.0	-0.0660217851400375	0.5735629200935364	-0.1591273844242096	-0.0660217851400375	-0.1591273844242096	0.5735629200935364	-0.2503401339054107		sub-20953	ses-1				space-ACPC			DSIStudio	autotrackgqi
ProjectionBasalGanglia_CorticostriatalTractL	icvf	NODDI	/scratch/executivefunction/SLURM_8364170_109/job-8364170-109-sub-20953-ses-1/ds/inputs/data/qsiprep/qsiprep/sub-20953/ses-1/dwi/sub-20953_ses-1_space-ACPC_desc-preproc_dwi.nii.gz	0.0057067603160667	0.5597741603851318	0.1742341220378875	0.5586981773376465	0.5629869699478149	0.5596215724945068	0.169478565454483	0.5492088794708252	0.5508867502212524	sub-20953	ses-1				space-ACPC			DSIStudio	autotrackgqi
ProjectionBasalGanglia_CorticostriatalTractL	isovf	NODDI	/scratch/executivefunction/SLURM_8364170_109/job-8364170-109-sub-20953-ses-1/ds/inputs/data/qsiprep/qsiprep/sub-20953/ses-1/dwi/sub-20953_ses-1_space-ACPC_desc-preproc_dwi.nii.gz	0.3244073748902546	0.1082098335027694	0.1781997084617614	0.058287926018238	0.160170242190361	0.0974329337477684	0.1966745257377624	0.0939255803823471	0.1517054438591003	sub-20953	ses-1				space-ACPC			DSIStudio	autotrackgqi
ProjectionBasalGanglia_CorticostriatalTractL	modulated_icvf	NODDI	/scratch/executivefunction/SLURM_8364170_109/job-8364170-109-sub-20953-ses-1/ds/inputs/data/qsiprep/qsiprep/sub-20953/ses-1/dwi/sub-20953_ses-1_space-ACPC_desc-preproc_dwi.nii.gz	0.0057067603160667	0.4861790537834167	0.1400399059057235	0.51120924949646	0.488969475030899	0.5119937658309937	0.1354964822530746	0.483544647693634	0.4850219786167145	sub-20953	ses-1				space-ACPC			DSIStudio	autotrackgqi
ProjectionBasalGanglia_CorticostriatalTractL	modulated_od	NODDI	/scratch/executivefunction/SLURM_8364170_109/job-8364170-109-sub-20953-ses-1/ds/inputs/data/qsiprep/qsiprep/sub-20953/ses-1/dwi/sub-20953_ses-1_space-ACPC_desc-preproc_dwi.nii.gz	0.0017559262510974	0.2245868444442749	0.1439160406589508	0.2101566195487976	0.224981889128685	0.2103202044963836	0.1437337100505828	0.2075711339712143	0.2076197862625122	sub-20953	ses-1				space-ACPC			DSIStudio	autotrackgqi
ProjectionBasalGanglia_CorticostriatalTractL	nrmse	NODDI	/scratch/executivefunction/SLURM_8364170_109/job-8364170-109-sub-20953-ses-1/ds/inputs/data/qsiprep/qsiprep/sub-20953/ses-1/dwi/sub-20953_ses-1_space-ACPC_desc-preproc_dwi.nii.gz	0.0	0.1035428941249847	0.0305828303098678	0.0985661000013351	0.1035428941249847	0.0985661000013351	0.0305828303098678	0.1019004434347152	0.1019004434347152	sub-20953	ses-1				space-ACPC			DSIStudio	autotrackgqi
ProjectionBasalGanglia_CorticostriatalTractL	od	NODDI	/scratch/executivefunction/SLURM_8364170_109/job-8364170-109-sub-20953-ses-1/ds/inputs/data/qsiprep/qsiprep/sub-20953/ses-1/dwi/sub-20953_ses-1_space-ACPC_desc-preproc_dwi.nii.gz	0.0	0.2592203617095947	0.1622807383537292	0.2389024794101715	0.2592203617095947	0.2389024794101715	0.1622807383537292	0.2322116941213607	0.2322116941213607	sub-20953	ses-1				space-ACPC			DSIStudio	autotrackgqi
ProjectionBasalGanglia_CorticostriatalTractL	rmse	NODDI	/scratch/executivefunction/SLURM_8364170_109/job-8364170-109-sub-20953-ses-1/ds/inputs/data/qsiprep/qsiprep/sub-20953/ses-1/dwi/sub-20953_ses-1_space-ACPC_desc-preproc_dwi.nii.gz	0.0	0.0425994507968425	0.018211105838418	0.0402184687554836	0.0425994507968425	0.0402184687554836	0.018211105838418	0.0417125411331653	0.0417125411331653	sub-20953	ses-1				space-ACPC			DSIStudio	autotrackgqi
ProjectionBasalGanglia_CorticostriatalTractL	tf	NODDI	/scratch/executivefunction/SLURM_8364170_109/job-8364170-109-sub-20953-ses-1/ds/inputs/data/qsiprep/qsiprep/sub-20953/ses-1/dwi/sub-20953_ses-1_space-ACPC_desc-preproc_dwi.nii.gz	0.0057067603160667	0.8917901724760108	0.1781997099979534	0.94171205163002	0.896908614967043	0.9421833157539368	0.1653681364119057	0.9060744169615212	0.9088425665347324	sub-20953	ses-1				space-ACPC			DSIStudio	autotrackgqi
ProjectionBrainstem_CorticopontineTractR	directions	NODDI	/scratch/executivefunction/SLURM_8364170_109/job-8364170-109-sub-20953-ses-1/ds/inputs/data/qsiprep/qsiprep/sub-20953/ses-1/dwi/sub-20953_ses-1_space-ACPC_desc-preproc_dwi.nii.gz	0.0	-0.1282405406236648	0.562927782535553	-0.1897241771221161	-0.1282405406236648	-0.1897241771221161	0.562927782535553	-0.4930631518363952		sub-20953	ses-1				space-ACPC			DSIStudio	autotrackgqi
ProjectionBrainstem_CorticopontineTractR	icvf	NODDI	/scratch/executivefunction/SLURM_8364170_109/job-8364170-109-sub-20953-ses-1/ds/inputs/data/qsiprep/qsiprep/sub-20953/ses-1/dwi/sub-20953_ses-1_space-ACPC_desc-preproc_dwi.nii.gz	0.0032786885245901	0.6827011108398438	0.1356243640184402	0.6745623350143433	0.6849468350410461	0.6750845909118652	0.1300625801086425	0.6772263050079346	0.677766740322113	sub-20953	ses-1				space-ACPC			DSIStudio	autotrackgqi
ProjectionBrainstem_CorticopontineTractR	isovf	NODDI	/scratch/executivefunction/SLURM_8364170_109/job-8364170-109-sub-20953-ses-1/ds/inputs/data/qsiprep/qsiprep/sub-20953/ses-1/dwi/sub-20953_ses-1_space-ACPC_desc-preproc_dwi.nii.gz	0.0885245901639344	0.1331837624311447	0.1506857126951217	0.101526103913784	0.1461188793182373	0.1090425252914428	0.1517280489206314	0.1213231459259986	0.1328789293766021	sub-20953	ses-1				space-ACPC			DSIStudio	autotrackgqi
ProjectionBrainstem_CorticopontineTractR	modulated_icvf	NODDI	/scratch/executivefunction/SLURM_8364170_109/job-8364170-109-sub-20953-ses-1/ds/inputs/data/qsiprep/qsiprep/sub-20953/ses-1/dwi/sub-20953_ses-1_space-ACPC_desc-preproc_dwi.nii.gz	0.0032786885245901	0.5843988656997681	0.1263285726308822	0.5981932878494263	0.586321234703064	0.59833824634552	0.1220011413097381	0.5874410271644592	0.5879098176956177	sub-20953	ses-1				space-ACPC			DSIStudio	autotrackgqi
ProjectionBrainstem_CorticopontineTractR	modulated_od	NODDI	/scratch/executivefunction/SLURM_8364170_109/job-8364170-109-sub-20953-ses-1/ds/inputs/data/qsiprep/qsiprep/sub-20953/ses-1/dwi/sub-20953_ses-1_space-ACPC_desc-preproc_dwi.nii.gz	0.0	0.1973306238651275	0.1284112334251403	0.194615826010704	0.1973306238651275	0.194615826010704	0.1284112334251403	0.1769377887248993	0.1769377887248993	sub-20953	ses-1				space-ACPC			DSIStudio	autotrackgqi
ProjectionBrainstem_CorticopontineTractR	nrmse	NODDI	/scratch/executivefunction/SLURM_8364170_109/job-8364170-109-sub-20953-ses-1/ds/inputs/data/qsiprep/qsiprep/sub-20953/ses-1/dwi/sub-20953_ses-1_space-ACPC_desc-preproc_dwi.nii.gz	0.0	0.1219991892576217	0.0468200258910656	0.1088586971163749	0.1219991892576217	0.1088586971163749	0.0468200258910656	0.1230548173189163	0.1230548173189163	sub-20953	ses-1				space-ACPC			DSIStudio	autotrackgqi
ProjectionBrainstem_CorticopontineTractR	od	NODDI	/scratch/executivefunction/SLURM_8364170_109/job-8364170-109-sub-20953-ses-1/ds/inputs/data/qsiprep/qsiprep/sub-20953/ses-1/dwi/sub-20953_ses-1_space-ACPC_desc-preproc_dwi.nii.gz	0.0	0.2333010584115982	0.1523502022027969	0.2230763733386993	0.2333010584115982	0.2230763733386993	0.1523502022027969	0.2056268006563186	0.2056268006563186	sub-20953	ses-1				space-ACPC			DSIStudio	autotrackgqi
ProjectionBrainstem_CorticopontineTractR	rmse	NODDI	/scratch/executivefunction/SLURM_8364170_109/job-8364170-109-sub-20953-ses-1/ds/inputs/data/qsiprep/qsiprep/sub-20953/ses-1/dwi/sub-20953_ses-1_space-ACPC_desc-preproc_dwi.nii.gz	0.0	0.053539291024208	0.0259005203843116	0.0470736175775527	0.053539291024208	0.0470736175775527	0.0259005203843116	0.0537979491055011	0.0537979491055011	sub-20953	ses-1				space-ACPC			DSIStudio	autotrackgqi
ProjectionBrainstem_CorticopontineTractR	tf	NODDI	/scratch/executivefunction/SLURM_8364170_109/job-8364170-109-sub-20953-ses-1/ds/inputs/data/qsiprep/qsiprep/sub-20953/ses-1/dwi/sub-20953_ses-1_space-ACPC_desc-preproc_dwi.nii.gz	0.0032786885245901	0.8668162469655438	0.1506857210449423	0.8984739184379578	0.8696676161989831	0.8985297381877899	0.1424820495561974	0.8786768525035942	0.8793780589891247	sub-20953	ses-1				space-ACPC			DSIStudio	autotrackgqi
ProjectionBasalGanglia_ThalamicRadiationR	directions	NODDI	/scratch/executivefunction/SLURM_8364170_109/job-8364170-109-sub-20953-ses-1/ds/inputs/data/qsiprep/qsiprep/sub-20953/ses-1/dwi/sub-20953_ses-1_space-ACPC_desc-preproc_dwi.nii.gz	0.0	-0.0922155305743217	0.5699383020401001	-0.1849408745765686	-0.0922155305743217	-0.1849408745765686	0.5699383020401001	-0.2808036208152771		sub-20953	ses-1				space-ACPC			DSIStudio	autotrackgqi
ProjectionBasalGanglia_ThalamicRadiationR	icvf	NODDI	/scratch/executivefunction/SLURM_8364170_109/job-8364170-109-sub-20953-ses-1/ds/inputs/data/qsiprep/qsiprep/sub-20953/ses-1/dwi/sub-20953_ses-1_space-ACPC_desc-preproc_dwi.nii.gz	0.0073891625615763	0.6735195517539978	0.1810028403997421	0.6526724100112915	0.6785333752632141	0.6543472409248352	0.1720578074455261	0.6721080541610718	0.675086498260498	sub-20953	ses-1				space-ACPC			DSIStudio	autotrackgqi
ProjectionBasalGanglia_ThalamicRadiationR	isovf	NODDI	/scratch/executivefunction/SLURM_8364170_109/job-8364170-109-sub-20953-ses-1/ds/inputs/data/qsiprep/qsiprep/sub-20953/ses-1/dwi/sub-20953_ses-1_space-ACPC_desc-preproc_dwi.nii.gz	0.1379310344827586	0.1682022660970688	0.20037442445755	0.1165894120931625	0.1951146423816681	0.1340448856353759	0.203280359506607	0.2108336985111236	0.2421860098838806	sub-20953	ses-1				space-ACPC			DSIStudio	autotrackgqi
ProjectionBasalGanglia_ThalamicRadiationR	modulated_icvf	NODDI	/scratch/executivefunction/SLURM_8364170_109/job-8364170-109-sub-20953-ses-1/ds/inputs/data/qsiprep/qsiprep/sub-20953/ses-1/dwi/sub-20953_ses-1_space-ACPC_desc-preproc_dwi.nii.gz	0.0073891625615763	0.5508334636688232	0.1711941361427307	0.5595738887786865	0.5549339652061462	0.5604174733161926	0.1650760322809219	0.5093569755554199	0.511614203453064	sub-20953	ses-1				space-ACPC			DSIStudio	autotrackgqi
ProjectionBasalGanglia_ThalamicRadiationR	modulated_od	NODDI	/scratch/executivefunction/SLURM_8364170_109/job-8364170-109-sub-20953-ses-1/ds/inputs/data/qsiprep/qsiprep/sub-20953/ses-1/dwi/sub-20953_ses-1_space-ACPC_desc-preproc_dwi.nii.gz	0.0	0.2154902517795562	0.1444704383611679	0.212587371468544	0.2154902517795562	0.212587371468544	0.1444704383611679	0.192131370306015	0.1921313852071762	sub-20953	ses-1				space-ACPC			DSIStudio	autotrackgqi
ProjectionBasalGanglia_ThalamicRadiationR	nrmse	NODDI	/scratch/executivefunction/SLURM_8364170_109/job-8364170-109-sub-20953-ses-1/ds/inputs/data/qsiprep/qsiprep/sub-20953/ses-1/dwi/sub-20953_ses-1_space-ACPC_desc-preproc_dwi.nii.gz	0.0	0.1367582827806472	0.061234176158905	0.1195359528064727	0.1367582827806472	0.1195359528064727	0.061234176158905	0.1309675574302673	0.1309675723314285	sub-20953	ses-1				space-ACPC			DSIStudio	autotrackgqi
ProjectionBasalGanglia_ThalamicRadiationR	od	NODDI	/scratch/executivefunction/SLURM_8364170_109/job-8364170-109-sub-20953-ses-1/ds/inputs/data/qsiprep/qsiprep/sub-20953/ses-1/dwi/sub-20953_ses-1_space-ACPC_desc-preproc_dwi.nii.gz	0.0	0.2652771770954132	0.1722743511199951	0.2475642263889312	0.2652771770954132	0.2475642263889312	0.1722743511199951	0.2370132803916931	0.2370133101940155	sub-20953	ses-1				space-ACPC			DSIStudio	autotrackgqi
ProjectionBasalGanglia_ThalamicRadiationR	rmse	NODDI	/scratch/executivefunction/SLURM_8364170_109/job-8364170-109-sub-20953-ses-1/ds/inputs/data/qsiprep/qsiprep/sub-20953/ses-1/dwi/sub-20953_ses-1_space-ACPC_desc-preproc_dwi.nii.gz	0.0	0.0632621049880981	0.0719265416264534	0.0503976233303546	0.0632621049880981	0.0503976233303546	0.0719265416264534	0.0552194789052009	0.0552194826304912	sub-20953	ses-1				space-ACPC			DSIStudio	autotrackgqi
ProjectionBasalGanglia_ThalamicRadiationR	tf	NODDI	/scratch/executivefunction/SLURM_8364170_109/job-8364170-109-sub-20953-ses-1/ds/inputs/data/qsiprep/qsiprep/sub-20953/ses-1/dwi/sub-20953_ses-1_space-ACPC_desc-preproc_dwi.nii.gz	0.0073891625615763	0.8317977273699098	0.2003744256838599	0.8834105730056763	0.8379897700054179	0.883543074131012	0.1877762625901983	0.7891662917201963	0.792663519648876	sub-20953	ses-1				space-ACPC			DSIStudio	autotrackgqi
ProjectionBrainstem_MedialForebrainBundleR	directions	NODDI	/scratch/executivefunction/SLURM_8364170_109/job-8364170-109-sub-20953-ses-1/ds/inputs/data/qsiprep/qsiprep/sub-20953/ses-1/dwi/sub-20953_ses-1_space-ACPC_desc-preproc_dwi.nii.gz	0.0	0.105657935142517	0.5675999522209167	-0.0030812716577202	0.105657935142517	-0.0030812716577202	0.5675999522209167	0.3169737756252289		sub-20953	ses-1				space-ACPC			DSIStudio	autotrackgqi
ProjectionBrainstem_MedialForebrainBundleR	icvf	NODDI	/scratch/executivefunction/SLURM_8364170_109/job-8364170-109-sub-20953-ses-1/ds/inputs/data/qsiprep/qsiprep/sub-20953/ses-1/dwi/sub-20953_ses-1_space-ACPC_desc-preproc_dwi.nii.gz	0.032258064516129	0.5858138203620911	0.1943187117576599	0.553391695022583	0.6053409576416016	0.5870217084884644	0.1649177074432373	0.5858138203620911	0.6053410768508911	sub-20953	ses-1				space-ACPC			DSIStudio	autotrackgqi
ProjectionBrainstem_MedialForebrainBundleR	isovf	NODDI	/scratch/executivefunction/SLURM_8364170_109/job-8364170-109-sub-20953-ses-1/ds/inputs/data/qsiprep/qsiprep/sub-20953/ses-1/dwi/sub-20953_ses-1_space-ACPC_desc-preproc_dwi.nii.gz	0.0967741935483871	0.1985338926315307	0.1702366024255752	0.1619652956724167	0.2198053747415542	0.1707118153572082	0.1655595451593399	0.1985338777303695	0.2198054194450378	sub-20953	ses-1				space-ACPC			DSIStudio	autotrackgqi
ProjectionBrainstem_MedialForebrainBundleR	modulated_icvf	NODDI	/scratch/executivefunction/SLURM_8364170_109/job-8364170-109-sub-20953-ses-1/ds/inputs/data/qsiprep/qsiprep/sub-20953/ses-1/dwi/sub-20953_ses-1_space-ACPC_desc-preproc_dwi.nii.gz	0.032258064516129	0.4489675164222717	0.1387853771448135	0.4285891056060791	0.4639330804347992	0.4335461556911468	0.1138437241315841	0.4489675164222717	0.4639331400394439	sub-20953	ses-1				space-ACPC			DSIStudio	autotrackgqi
ProjectionBrainstem_MedialForebrainBundleR	modulated_od	NODDI	/scratch/executivefunction/SLURM_8364170_109/job-8364170-109-sub-20953-ses-1/ds/inputs/data/qsiprep/qsiprep/sub-20953/ses-1/dwi/sub-20953_ses-1_space-ACPC_desc-preproc_dwi.nii.gz	0.0	0.2325630187988281	0.1678618341684341	0.2163999229669571	0.2325630187988281	0.2163999229669571	0.1678618341684341	0.2325630187988281	0.2325630486011505	sub-20953	ses-1				space-ACPC			DSIStudio	autotrackgqi
ProjectionBrainstem_MedialForebrainBundleR	nrmse	NODDI	/scratch/executivefunction/SLURM_8364170_109/job-8364170-109-sub-20953-ses-1/ds/inputs/data/qsiprep/qsiprep/sub-20953/ses-1/dwi/sub-20953_ses-1_space-ACPC_desc-preproc_dwi.nii.gz	0.032258064516129	0.1248025596141815	0.0400515608489513	0.116997979581356	0.1289626508951187	0.1178881376981735	0.033482875674963	0.1248025670647621	0.1289626806974411	sub-20953	ses-1				space-ACPC			DSIStudio	autotrackgqi
ProjectionBrainstem_MedialForebrainBundleR	od	NODDI	/scratch/executivefunction/SLURM_8364170_109/job-8364170-109-sub-20953-ses-1/ds/inputs/data/qsiprep/qsiprep/sub-20953/ses-1/dwi/sub-20953_ses-1_space-ACPC_desc-preproc_dwi.nii.gz	0.0	0.2794239819049835	0.1623234152793884	0.2405920326709747	0.2794239819049835	0.2405920326709747	0.1623234152793884	0.2794239819049835	0.2794240415096283	sub-20953	ses-1				space-ACPC			DSIStudio	autotrackgqi
ProjectionBrainstem_MedialForebrainBundleR	rmse	NODDI	/scratch/executivefunction/SLURM_8364170_109/job-8364170-109-sub-20953-ses-1/ds/inputs/data/qsiprep/qsiprep/sub-20953/ses-1/dwi/sub-20953_ses-1_space-ACPC_desc-preproc_dwi.nii.gz	0.032258064516129	0.0492255762219429	0.0181597676128149	0.0445907041430473	0.0508664287626743	0.0460825078189373	0.0160407423973083	0.0492255762219429	0.0508664436638355	sub-20953	ses-1				space-ACPC			DSIStudio	autotrackgqi
ProjectionBrainstem_MedialForebrainBundleR	tf	NODDI	/scratch/executivefunction/SLURM_8364170_109/job-8364170-109-sub-20953-ses-1/ds/inputs/data/qsiprep/qsiprep/sub-20953/ses-1/dwi/sub-20953_ses-1_space-ACPC_desc-preproc_dwi.nii.gz	0.0	0.8014661246730436	0.1702365950486745	0.8380346894264221	0.8014661246730436	0.8380346894264221	0.1702365950486745	0.8014661007874917	0.8014662859005184	sub-20953	ses-1				space-ACPC			DSIStudio	autotrackgqi
ProjectionBasalGanglia_ThalamicRadiationL	directions	NODDI	/scratch/executivefunction/SLURM_8364170_109/job-8364170-109-sub-20953-ses-1/ds/inputs/data/qsiprep/qsiprep/sub-20953/ses-1/dwi/sub-20953_ses-1_space-ACPC_desc-preproc_dwi.nii.gz	0.0	-0.1073477938771247	0.5672827959060669	-0.2391237169504165	-0.1073477938771247	-0.2391237169504165	0.5672827959060669	-0.2423823028802871		sub-20953	ses-1				space-ACPC			DSIStudio	autotrackgqi
ProjectionBasalGanglia_ThalamicRadiationL	icvf	NODDI	/scratch/executivefunction/SLURM_8364170_109/job-8364170-109-sub-20953-ses-1/ds/inputs/data/qsiprep/qsiprep/sub-20953/ses-1/dwi/sub-20953_ses-1_space-ACPC_desc-preproc_dwi.nii.gz	0.003671970624235	0.6491542458534241	0.1495611518621444	0.6342189311981201	0.6515467166900635	0.6350132822990417	0.1445412635803222	0.6731041669845581	0.6738159656524658	sub-20953	ses-1				space-ACPC			DSIStudio	autotrackgqi
ProjectionBasalGanglia_ThalamicRadiationL	isovf	NODDI	/scratch/executivefunction/SLURM_8364170_109/job-8364170-109-sub-20953-ses-1/ds/inputs/data/qsiprep/qsiprep/sub-20953/ses-1/dwi/sub-20953_ses-1_space-ACPC_desc-preproc_dwi.nii.gz	0.1738066095471236	0.1075828149914741	0.1356887370347976	0.0818078368902206	0.130215048789978	0.0990328639745712	0.1390596777200698	0.0970261991024017	0.110364019870758	sub-20953	ses-1				space-ACPC			DSIStudio	autotrackgqi
ProjectionBasalGanglia_ThalamicRadiationL	modulated_icvf	NODDI	/scratch/executivefunction/SLURM_8364170_109/job-8364170-109-sub-20953-ses-1/ds/inputs/data/qsiprep/qsiprep/sub-20953/ses-1/dwi/sub-20953_ses-1_space-ACPC_desc-preproc_dwi.nii.gz	0.003671970624235	0.5737863183021545	0.1300529092550277	0.5743561387062073	0.5759010314941406	0.5752483010292053	0.1255318373441696	0.6041187047958374	0.6047576069831848	sub-20953	ses-1				space-ACPC			DSIStudio	autotrackgqi
ProjectionBasalGanglia_ThalamicRadiationL	modulated_od	NODDI	/scratch/executivefunction/SLURM_8364170_109/job-8364170-109-sub-20953-ses-1/ds/inputs/data/qsiprep/qsiprep/sub-20953/ses-1/dwi/sub-20953_ses-1_space-ACPC_desc-preproc_dwi.nii.gz	0.0012239902080783	0.1772770285606384	0.1318205446004867	0.1577082276344299	0.1774942725896835	0.1580711603164672	0.1317550539970398	0.1390308141708374	0.1391364485025406	sub-20953	ses-1				space-ACPC			DSIStudio	autotrackgqi
ProjectionBasalGanglia_ThalamicRadiationL	nrmse	NODDI	/scratch/executivefunction/SLURM_8364170_109/job-8364170-109-sub-20953-ses-1/ds/inputs/data/qsiprep/qsiprep/sub-20953/ses-1/dwi/sub-20953_ses-1_space-ACPC_desc-preproc_dwi.nii.gz	0.0	0.1147955209016799	0.0459258668124675	0.1016728356480598	0.1147955209016799	0.1016728356480598	0.0459258668124675	0.1160469055175781	0.1160469055175781	sub-20953	ses-1				space-ACPC			DSIStudio	autotrackgqi
ProjectionBasalGanglia_ThalamicRadiationL	od	NODDI	/scratch/executivefunction/SLURM_8364170_109/job-8364170-109-sub-20953-ses-1/ds/inputs/data/qsiprep/qsiprep/sub-20953/ses-1/dwi/sub-20953_ses-1_space-ACPC_desc-preproc_dwi.nii.gz	0.0	0.2044489085674286	0.1532320082187652	0.1899999976158142	0.2044489085674286	0.1899999976158142	0.1532320082187652	0.1577650606632232	0.1577650606632232	sub-20953	ses-1				space-ACPC			DSIStudio	autotrackgqi
ProjectionBasalGanglia_ThalamicRadiationL	rmse	NODDI	/scratch/executivefunction/SLURM_8364170_109/job-8364170-109-sub-20953-ses-1/ds/inputs/data/qsiprep/qsiprep/sub-20953/ses-1/dwi/sub-20953_ses-1_space-ACPC_desc-preproc_dwi.nii.gz	0.0	0.0511928088963031	0.0317153856158256	0.0445575416088104	0.0511928088963031	0.0445575416088104	0.0317153856158256	0.0524288080632686	0.0524288080632686	sub-20953	ses-1				space-ACPC			DSIStudio	autotrackgqi
ProjectionBasalGanglia_ThalamicRadiationL	tf	NODDI	/scratch/executivefunction/SLURM_8364170_109/job-8364170-109-sub-20953-ses-1/ds/inputs/data/qsiprep/qsiprep/sub-20953/ses-1/dwi/sub-20953_ses-1_space-ACPC_desc-preproc_dwi.nii.gz	0.003671970624235	0.8924171836314908	0.1356887378200391	0.9181921482086182	0.8957061904507715	0.918409526348114	0.1246326811434819	0.9029737999825596	0.9039287356495254	sub-20953	ses-1				space-ACPC			DSIStudio	autotrackgqi
ProjectionBrainstem_ReticularTractR	directions	NODDI	/scratch/executivefunction/SLURM_8364170_109/job-8364170-109-sub-20953-ses-1/ds/inputs/data/qsiprep/qsiprep/sub-20953/ses-1/dwi/sub-20953_ses-1_space-ACPC_desc-preproc_dwi.nii.gz	0.0	-0.0281025655567646	0.5766658782958984	-0.1021194830536842	-0.0281025655567646	-0.1021194830536842	0.5766658782958984	-0.1687894016504287		sub-20953	ses-1				space-ACPC			DSIStudio	autotrackgqi
ProjectionBrainstem_ReticularTractR	icvf	NODDI	/scratch/executivefunction/SLURM_8364170_109/job-8364170-109-sub-20953-ses-1/ds/inputs/data/qsiprep/qsiprep/sub-20953/ses-1/dwi/sub-20953_ses-1_space-ACPC_desc-preproc_dwi.nii.gz	0.0272	0.5978224873542786	0.1540705859661102	0.6106265187263489	0.6145378947257996	0.6136065721511841	0.1188663095235824	0.5972434282302856	0.6078578233718872	sub-20953	ses-1				space-ACPC			DSIStudio	autotrackgqi
ProjectionBrainstem_ReticularTractR	isovf	NODDI	/scratch/executivefunction/SLURM_8364170_109/job-8364170-109-sub-20953-ses-1/ds/inputs/data/qsiprep/qsiprep/sub-20953/ses-1/dwi/sub-20953_ses-1_space-ACPC_desc-preproc_dwi.nii.gz	0.2224	0.1196154057979583	0.1796375811100006	0.0787040218710899	0.1538264006376266	0.1050756648182869	0.1903588473796844	0.1395456343889236	0.1845777034759521	sub-20953	ses-1				space-ACPC			DSIStudio	autotrackgqi
ProjectionBrainstem_ReticularTractR	modulated_icvf	NODDI	/scratch/executivefunction/SLURM_8364170_109/job-8364170-109-sub-20953-ses-1/ds/inputs/data/qsiprep/qsiprep/sub-20953/ses-1/dwi/sub-20953_ses-1_space-ACPC_desc-preproc_dwi.nii.gz	0.0272	0.5248039364814758	0.1404269188642501	0.5628812313079834	0.5394777655601501	0.5672117471694946	0.1111526265740394	0.5133793354034424	0.5225031971931458	sub-20953	ses-1				space-ACPC			DSIStudio	autotrackgqi
ProjectionBrainstem_ReticularTractR	modulated_od	NODDI	/scratch/executivefunction/SLURM_8364170_109/job-8364170-109-sub-20953-ses-1/ds/inputs/data/qsiprep/qsiprep/sub-20953/ses-1/dwi/sub-20953_ses-1_space-ACPC_desc-preproc_dwi.nii.gz	0.0032	0.2044235169887542	0.1579213887453079	0.187046393752098	0.2050797641277313	0.1871617585420608	0.15774866938591	0.2114446759223938	0.2136384099721908	sub-20953	ses-1				space-ACPC			DSIStudio	autotrackgqi
ProjectionBrainstem_ReticularTractR	nrmse	NODDI	/scratch/executivefunction/SLURM_8364170_109/job-8364170-109-sub-20953-ses-1/ds/inputs/data/qsiprep/qsiprep/sub-20953/ses-1/dwi/sub-20953_ses-1_space-ACPC_desc-preproc_dwi.nii.gz	0.0128	0.1123818084597587	0.0455612391233444	0.1051985919475555	0.1138389483094215	0.1057001203298568	0.0440098010003566	0.1110792830586433	0.1115693897008895	sub-20953	ses-1				space-ACPC			DSIStudio	autotrackgqi
ProjectionBrainstem_ReticularTractR	od	NODDI	/scratch/executivefunction/SLURM_8364170_109/job-8364170-109-sub-20953-ses-1/ds/inputs/data/qsiprep/qsiprep/sub-20953/ses-1/dwi/sub-20953_ses-1_space-ACPC_desc-preproc_dwi.nii.gz	0.0	0.245178148150444	0.1867515295743942	0.2185114026069641	0.245178148150444	0.2185114026069641	0.1867515295743942	0.2572230100631714	0.2572230100631714	sub-20953	ses-1				space-ACPC			DSIStudio	autotrackgqi
ProjectionBrainstem_ReticularTractR	rmse	NODDI	/scratch/executivefunction/SLURM_8364170_109/job-8364170-109-sub-20953-ses-1/ds/inputs/data/qsiprep/qsiprep/sub-20953/ses-1/dwi/sub-20953_ses-1_space-ACPC_desc-preproc_dwi.nii.gz	0.0128	0.046751469373703	0.0154154989868402	0.0437423922121524	0.0473576486110687	0.0439011715352535	0.0145606203004717	0.046037457883358	0.0462405905127525	sub-20953	ses-1				space-ACPC			DSIStudio	autotrackgqi
ProjectionBrainstem_ReticularTractR	tf	NODDI	/scratch/executivefunction/SLURM_8364170_109/job-8364170-109-sub-20953-ses-1/ds/inputs/data/qsiprep/qsiprep/sub-20953/ses-1/dwi/sub-20953_ses-1_space-ACPC_desc-preproc_dwi.nii.gz	0.0144	0.8803845907211304	0.1796375802608793	0.921296000480652	0.8932473525985495	0.9235239923000336	0.1457789578663668	0.8604543678902262	0.8718485339959727	sub-20953	ses-1				space-ACPC			DSIStudio	autotrackgqi
ProjectionBrainstem_CorticospinalTractL	directions	NODDI	/scratch/executivefunction/SLURM_8364170_109/job-8364170-109-sub-20953-ses-1/ds/inputs/data/qsiprep/qsiprep/sub-20953/ses-1/dwi/sub-20953_ses-1_space-ACPC_desc-preproc_dwi.nii.gz	0.0	0.0663510113954544	0.5735249519348145	-0.0700767785310745	0.0663510113954544	-0.0700767785310745	0.5735249519348145	0.1833237707614898		sub-20953	ses-1				space-ACPC			DSIStudio	autotrackgqi
ProjectionBrainstem_CorticospinalTractL	icvf	NODDI	/scratch/executivefunction/SLURM_8364170_109/job-8364170-109-sub-20953-ses-1/ds/inputs/data/qsiprep/qsiprep/sub-20953/ses-1/dwi/sub-20953_ses-1_space-ACPC_desc-preproc_dwi.nii.gz	0.0073710073710073	0.6938290596008301	0.1466424018144607	0.7040431499481201	0.6989812850952148	0.7045150995254517	0.1343963891267776	0.7201509475708008	0.7210893034934998	sub-20953	ses-1				space-ACPC			DSIStudio	autotrackgqi
ProjectionBrainstem_CorticospinalTractL	isovf	NODDI	/scratch/executivefunction/SLURM_8364170_109/job-8364170-109-sub-20953-ses-1/ds/inputs/data/qsiprep/qsiprep/sub-20953/ses-1/dwi/sub-20953_ses-1_space-ACPC_desc-preproc_dwi.nii.gz	0.0958230958230958	0.156002789735794	0.1587674617767334	0.1207889392971992	0.1725356876850128	0.1274664998054504	0.1581960767507553	0.1644238829612732	0.1742336899042129	sub-20953	ses-1				space-ACPC			DSIStudio	autotrackgqi
ProjectionBrainstem_CorticospinalTractL	modulated_icvf	NODDI	/scratch/executivefunction/SLURM_8364170_109/job-8364170-109-sub-20953-ses-1/ds/inputs/data/qsiprep/qsiprep/sub-20953/ses-1/dwi/sub-20953_ses-1_space-ACPC_desc-preproc_dwi.nii.gz	0.0073710073710073	0.5723373889923096	0.1303703039884567	0.6048256754875183	0.576587438583374	0.6062624454498291	0.1211285069584846	0.5879563093185425	0.5887224674224854	sub-20953	ses-1				space-ACPC			DSIStudio	autotrackgqi
ProjectionBrainstem_CorticospinalTractL	modulated_od	NODDI	/scratch/executivefunction/SLURM_8364170_109/job-8364170-109-sub-20953-ses-1/ds/inputs/data/qsiprep/qsiprep/sub-20953/ses-1/dwi/sub-20953_ses-1_space-ACPC_desc-preproc_dwi.nii.gz	0.0	0.1858014166355133	0.1372323632240295	0.1756533235311508	0.1858014166355133	0.1756533235311508	0.1372323632240295	0.1388293504714965	0.1388293504714965	sub-20953	ses-1				space-ACPC			DSIStudio	autotrackgqi
ProjectionBrainstem_CorticospinalTractL	nrmse	NODDI	/scratch/executivefunction/SLURM_8364170_109/job-8364170-109-sub-20953-ses-1/ds/inputs/data/qsiprep/qsiprep/sub-20953/ses-1/dwi/sub-20953_ses-1_space-ACPC_desc-preproc_dwi.nii.gz	0.0073710073710073	0.1262475550174713	0.0520993843674659	0.1133771389722824	0.1271850317716598	0.1138253211975097	0.0511396937072277	0.1305909156799316	0.1307610869407653	sub-20953	ses-1				space-ACPC			DSIStudio	autotrackgqi
ProjectionBrainstem_CorticospinalTractL	od	NODDI	/scratch/executivefunction/SLURM_8364170_109/job-8364170-109-sub-20953-ses-1/ds/inputs/data/qsiprep/qsiprep/sub-20953/ses-1/dwi/sub-20953_ses-1_space-ACPC_desc-preproc_dwi.nii.gz	0.0	0.2296921610832214	0.1628172993659973	0.2133491039276123	0.2296921610832214	0.2133491039276123	0.1628172993659973	0.1822501122951507	0.1822501122951507	sub-20953	ses-1				space-ACPC			DSIStudio	autotrackgqi
ProjectionBrainstem_CorticospinalTractL	rmse	NODDI	/scratch/executivefunction/SLURM_8364170_109/job-8364170-109-sub-20953-ses-1/ds/inputs/data/qsiprep/qsiprep/sub-20953/ses-1/dwi/sub-20953_ses-1_space-ACPC_desc-preproc_dwi.nii.gz	0.0073710073710073	0.0534611828625202	0.0198086779564619	0.0493090488016605	0.0538581721484661	0.0494474247097969	0.0193369165062904	0.0556177236139774	0.0556901916861534	sub-20953	ses-1				space-ACPC			DSIStudio	autotrackgqi
ProjectionBrainstem_CorticospinalTractL	tf	NODDI	/scratch/executivefunction/SLURM_8364170_109/job-8364170-109-sub-20953-ses-1/ds/inputs/data/qsiprep/qsiprep/sub-20953/ses-1/dwi/sub-20953_ses-1_space-ACPC_desc-preproc_dwi.nii.gz	0.0	0.8439972242500624	0.158767458326773	0.8792110681533813	0.8439972242500624	0.8792110681533813	0.158767458326773	0.8355761213643841	0.8355761213643841	sub-20953	ses-1				space-ACPC			DSIStudio	autotrackgqi
ProjectionBasalGanglia_FasciculusSubthalamicusR	directions	NODDI	/scratch/executivefunction/SLURM_8364170_109/job-8364170-109-sub-20953-ses-1/ds/inputs/data/qsiprep/qsiprep/sub-20953/ses-1/dwi/sub-20953_ses-1_space-ACPC_desc-preproc_dwi.nii.gz	0.0	-0.3186589479446411	0.4814455211162567	-0.3147464692592621	-0.3186589479446411	-0.3147464692592621	0.4814455211162567	-0.9381013512611388		sub-20953	ses-1				space-ACPC			DSIStudio	autotrackgqi
ProjectionBasalGanglia_FasciculusSubthalamicusR	icvf	NODDI	/scratch/executivefunction/SLURM_8364170_109/job-8364170-109-sub-20953-ses-1/ds/inputs/data/qsiprep/qsiprep/sub-20953/ses-1/dwi/sub-20953_ses-1_space-ACPC_desc-preproc_dwi.nii.gz	0.0	0.902092218399048	0.1107653826475143	0.9900000095367432	0.902092218399048	0.9900000095367432	0.1107653826475143	0.9101710915565492	0.9101709723472596	sub-20953	ses-1				space-ACPC			DSIStudio	autotrackgqi
ProjectionBasalGanglia_FasciculusSubthalamicusR	isovf	NODDI	/scratch/executivefunction/SLURM_8364170_109/job-8364170-109-sub-20953-ses-1/ds/inputs/data/qsiprep/qsiprep/sub-20953/ses-1/dwi/sub-20953_ses-1_space-ACPC_desc-preproc_dwi.nii.gz	0.0869565217391304	0.4306888878345489	0.2630407512187958	0.514481246471405	0.4717068970203399	0.5380130410194397	0.2375532239675521	0.4445765614509582	0.4865177273750305	sub-20953	ses-1				space-ACPC			DSIStudio	autotrackgqi
ProjectionBasalGanglia_FasciculusSubthalamicusR	modulated_icvf	NODDI	/scratch/executivefunction/SLURM_8364170_109/job-8364170-109-sub-20953-ses-1/ds/inputs/data/qsiprep/qsiprep/sub-20953/ses-1/dwi/sub-20953_ses-1_space-ACPC_desc-preproc_dwi.nii.gz	0.0	0.4872644245624542	0.1735651791095733	0.4573670923709869	0.4872644245624542	0.4573670923709869	0.1735651791095733	0.4792194664478302	0.4792194068431854	sub-20953	ses-1				space-ACPC			DSIStudio	autotrackgqi
ProjectionBasalGanglia_FasciculusSubthalamicusR	modulated_od	NODDI	/scratch/executivefunction/SLURM_8364170_109/job-8364170-109-sub-20953-ses-1/ds/inputs/data/qsiprep/qsiprep/sub-20953/ses-1/dwi/sub-20953_ses-1_space-ACPC_desc-preproc_dwi.nii.gz	0.0	0.0614962875843048	0.0336058884859085	0.0452542938292026	0.0614962875843048	0.0452542938292026	0.0336058884859085	0.0636142641305923	0.0636142641305923	sub-20953	ses-1				space-ACPC			DSIStudio	autotrackgqi
ProjectionBasalGanglia_FasciculusSubthalamicusR	nrmse	NODDI	/scratch/executivefunction/SLURM_8364170_109/job-8364170-109-sub-20953-ses-1/ds/inputs/data/qsiprep/qsiprep/sub-20953/ses-1/dwi/sub-20953_ses-1_space-ACPC_desc-preproc_dwi.nii.gz	0.0	0.1826279461383819	0.0828356742858886	0.1440788060426712	0.1826279461383819	0.1440788060426712	0.0828356742858886	0.1844608783721923	0.1844608634710312	sub-20953	ses-1				space-ACPC			DSIStudio	autotrackgqi
ProjectionBasalGanglia_FasciculusSubthalamicusR	od	NODDI	/scratch/executivefunction/SLURM_8364170_109/job-8364170-109-sub-20953-ses-1/ds/inputs/data/qsiprep/qsiprep/sub-20953/ses-1/dwi/sub-20953_ses-1_space-ACPC_desc-preproc_dwi.nii.gz	0.0	0.1619668900966644	0.1541924178600311	0.0875893086194992	0.1619668900966644	0.0875893086194992	0.1541924178600311	0.1652574688196182	0.165257453918457	sub-20953	ses-1				space-ACPC			DSIStudio	autotrackgqi
ProjectionBasalGanglia_FasciculusSubthalamicusR	rmse	NODDI	/scratch/executivefunction/SLURM_8364170_109/job-8364170-109-sub-20953-ses-1/ds/inputs/data/qsiprep/qsiprep/sub-20953/ses-1/dwi/sub-20953_ses-1_space-ACPC_desc-preproc_dwi.nii.gz	0.0	0.0677761957049369	0.0218414813280105	0.0625843182206153	0.0677761957049369	0.0625843182206153	0.0218414813280105	0.0678764805197715	0.0678764730691909	sub-20953	ses-1				space-ACPC			DSIStudio	autotrackgqi
ProjectionBasalGanglia_FasciculusSubthalamicusR	tf	NODDI	/scratch/executivefunction/SLURM_8364170_109/job-8364170-109-sub-20953-ses-1/ds/inputs/data/qsiprep/qsiprep/sub-20953/ses-1/dwi/sub-20953_ses-1_space-ACPC_desc-preproc_dwi.nii.gz	0.0	0.5693111575168112	0.2630407517475409	0.4855187535285949	0.5693111575168112	0.4855187535285949	0.2630407517475409	0.5554234395749029	0.555423375665971	sub-20953	ses-1				space-ACPC			DSIStudio	autotrackgqi
ProjectionBasalGanglia_AnsaLenticularisR	directions	NODDI	/scratch/executivefunction/SLURM_8364170_109/job-8364170-109-sub-20953-ses-1/ds/inputs/data/qsiprep/qsiprep/sub-20953/ses-1/dwi/sub-20953_ses-1_space-ACPC_desc-preproc_dwi.nii.gz	0.0	-0.0649325251579284	0.5736872553825378	-0.0245365183800458	-0.0649325251579284	-0.0245365183800458	0.5736872553825378	-0.0566866099834442		sub-20953	ses-1				space-ACPC			DSIStudio	autotrackgqi
ProjectionBasalGanglia_AnsaLenticularisR	icvf	NODDI	/scratch/executivefunction/SLURM_8364170_109/job-8364170-109-sub-20953-ses-1/ds/inputs/data/qsiprep/qsiprep/sub-20953/ses-1/dwi/sub-20953_ses-1_space-ACPC_desc-preproc_dwi.nii.gz	0.0	0.7133495807647705	0.2699690759181976	0.7958923578262329	0.7133495807647705	0.7958923578262329	0.2699690759181976	0.7082693576812744	0.7082693576812744	sub-20953	ses-1				space-ACPC			DSIStudio	autotrackgqi
ProjectionBasalGanglia_AnsaLenticularisR	isovf	NODDI	/scratch/executivefunction/SLURM_8364170_109/job-8364170-109-sub-20953-ses-1/ds/inputs/data/qsiprep/qsiprep/sub-20953/ses-1/dwi/sub-20953_ses-1_space-ACPC_desc-preproc_dwi.nii.gz	0.3055555555555556	0.4278507232666015	0.3508802652359009	0.5841629505157471	0.6161050200462341	0.7355444431304932	0.2475964426994323	0.4580314457416534	0.6384145021438599	sub-20953	ses-1				space-ACPC			DSIStudio	autotrackgqi
ProjectionBasalGanglia_AnsaLenticularisR	modulated_icvf	NODDI	/scratch/executivefunction/SLURM_8364170_109/job-8364170-109-sub-20953-ses-1/ds/inputs/data/qsiprep/qsiprep/sub-20953/ses-1/dwi/sub-20953_ses-1_space-ACPC_desc-preproc_dwi.nii.gz	0.0	0.3283490538597107	0.144087478518486	0.3048155307769775	0.3283490538597107	0.3048155307769775	0.144087478518486	0.302249401807785	0.302249401807785	sub-20953	ses-1				space-ACPC			DSIStudio	autotrackgqi
ProjectionBasalGanglia_AnsaLenticularisR	modulated_od	NODDI	/scratch/executivefunction/SLURM_8364170_109/job-8364170-109-sub-20953-ses-1/ds/inputs/data/qsiprep/qsiprep/sub-20953/ses-1/dwi/sub-20953_ses-1_space-ACPC_desc-preproc_dwi.nii.gz	0.0	0.2279546558856964	0.2017019540071487	0.1174254044890403	0.2279546558856964	0.1174254044890403	0.2017019540071487	0.2304198741912841	0.2304198741912841	sub-20953	ses-1				space-ACPC			DSIStudio	autotrackgqi
ProjectionBasalGanglia_AnsaLenticularisR	nrmse	NODDI	/scratch/executivefunction/SLURM_8364170_109/job-8364170-109-sub-20953-ses-1/ds/inputs/data/qsiprep/qsiprep/sub-20953/ses-1/dwi/sub-20953_ses-1_space-ACPC_desc-preproc_dwi.nii.gz	0.0	0.1560575813055038	0.0840917080640792	0.1205218732357025	0.1560575813055038	0.1205218732357025	0.0840917080640792	0.1482930928468704	0.1482930928468704	sub-20953	ses-1				space-ACPC			DSIStudio	autotrackgqi
ProjectionBasalGanglia_AnsaLenticularisR	od	NODDI	/scratch/executivefunction/SLURM_8364170_109/job-8364170-109-sub-20953-ses-1/ds/inputs/data/qsiprep/qsiprep/sub-20953/ses-1/dwi/sub-20953_ses-1_space-ACPC_desc-preproc_dwi.nii.gz	0.0	0.3977462649345398	0.1810413897037506	0.3908881545066833	0.3977462649345398	0.3908881545066833	0.1810413897037506	0.4040647149085998	0.4040647149085998	sub-20953	ses-1				space-ACPC			DSIStudio	autotrackgqi
ProjectionBasalGanglia_AnsaLenticularisR	rmse	NODDI	/scratch/executivefunction/SLURM_8364170_109/job-8364170-109-sub-20953-ses-1/ds/inputs/data/qsiprep/qsiprep/sub-20953/ses-1/dwi/sub-20953_ses-1_space-ACPC_desc-preproc_dwi.nii.gz	0.0	0.0525655150413513	0.0244305506348609	0.0452628210186958	0.0525655150413513	0.0452628210186958	0.0244305506348609	0.0485503450036048	0.0485503450036048	sub-20953	ses-1				space-ACPC			DSIStudio	autotrackgqi
ProjectionBasalGanglia_AnsaLenticularisR	tf	NODDI	/scratch/executivefunction/SLURM_8364170_109/job-8364170-109-sub-20953-ses-1/ds/inputs/data/qsiprep/qsiprep/sub-20953/ses-1/dwi/sub-20953_ses-1_space-ACPC_desc-preproc_dwi.nii.gz	0.0	0.5721492676271333	0.3508802786732997	0.4158370196819305	0.5721492676271333	0.4158370196819305	0.3508802786732997	0.5419685043644186	0.5419685043644186	sub-20953	ses-1				space-ACPC			DSIStudio	autotrackgqi
ProjectionBasalGanglia_CorticostriatalTractR	directions	NODDI	/scratch/executivefunction/SLURM_8364170_109/job-8364170-109-sub-20953-ses-1/ds/inputs/data/qsiprep/qsiprep/sub-20953/ses-1/dwi/sub-20953_ses-1_space-ACPC_desc-preproc_dwi.nii.gz	0.0	-0.0517962127923965	0.5750221610069275	-0.1364714205265045	-0.0517962127923965	-0.1364714205265045	0.5750221610069275	-0.2764581739902496		sub-20953	ses-1				space-ACPC			DSIStudio	autotrackgqi
ProjectionBasalGanglia_CorticostriatalTractR	icvf	NODDI	/scratch/executivefunction/SLURM_8364170_109/job-8364170-109-sub-20953-ses-1/ds/inputs/data/qsiprep/qsiprep/sub-20953/ses-1/dwi/sub-20953_ses-1_space-ACPC_desc-preproc_dwi.nii.gz	0.0292633703329969	0.518259584903717	0.2200450450181961	0.4928349554538727	0.5338827967643738	0.5071520209312439	0.2038099616765976	0.5488006472587585	0.5561521053314209	sub-20953	ses-1				space-ACPC			DSIStudio	autotrackgqi
ProjectionBasalGanglia_CorticostriatalTractR	isovf	NODDI	/scratch/executivefunction/SLURM_8364170_109/job-8364170-109-sub-20953-ses-1/ds/inputs/data/qsiprep/qsiprep/sub-20953/ses-1/dwi/sub-20953_ses-1_space-ACPC_desc-preproc_dwi.nii.gz	0.4263370332996973	0.1539784073829651	0.2531035840511322	0.0550049878656864	0.2684126794338226	0.1433688700199127	0.2845262885093689	0.1344495713710785	0.2423508018255233	sub-20953	ses-1				space-ACPC			DSIStudio	autotrackgqi
ProjectionBasalGanglia_CorticostriatalTractR	modulated_icvf	NODDI	/scratch/executivefunction/SLURM_8364170_109/job-8364170-109-sub-20953-ses-1/ds/inputs/data/qsiprep/qsiprep/sub-20953/ses-1/dwi/sub-20953_ses-1_space-ACPC_desc-preproc_dwi.nii.gz	0.0292633703329969	0.4246707558631897	0.1649104654788971	0.4205207228660583	0.4374727010726928	0.4236363768577575	0.149715706706047	0.4502873420715332	0.456319123506546	sub-20953	ses-1				space-ACPC			DSIStudio	autotrackgqi
ProjectionBasalGanglia_CorticostriatalTractR	modulated_od	NODDI	/scratch/executivefunction/SLURM_8364170_109/job-8364170-109-sub-20953-ses-1/ds/inputs/data/qsiprep/qsiprep/sub-20953/ses-1/dwi/sub-20953_ses-1_space-ACPC_desc-preproc_dwi.nii.gz	0.0040363269424823	0.2139203399419784	0.1529726535081863	0.1958328485488891	0.2147872895002365	0.1963822543621063	0.1526737064123153	0.1808240413665771	0.1810748130083084	sub-20953	ses-1				space-ACPC			DSIStudio	autotrackgqi
ProjectionBasalGanglia_CorticostriatalTractR	nrmse	NODDI	/scratch/executivefunction/SLURM_8364170_109/job-8364170-109-sub-20953-ses-1/ds/inputs/data/qsiprep/qsiprep/sub-20953/ses-1/dwi/sub-20953_ses-1_space-ACPC_desc-preproc_dwi.nii.gz	0.0	0.1063693389296531	0.0330923348665237	0.1010593771934509	0.1063693389296531	0.1010593771934509	0.0330923348665237	0.1059589311480522	0.1059589311480522	sub-20953	ses-1				space-ACPC			DSIStudio	autotrackgqi
ProjectionBasalGanglia_CorticostriatalTractR	od	NODDI	/scratch/executivefunction/SLURM_8364170_109/job-8364170-109-sub-20953-ses-1/ds/inputs/data/qsiprep/qsiprep/sub-20953/ses-1/dwi/sub-20953_ses-1_space-ACPC_desc-preproc_dwi.nii.gz	0.0	0.2768471539020538	0.1992836445569992	0.2377533912658691	0.2768471539020538	0.2377533912658691	0.1992836445569992	0.2195469141006469	0.2195469141006469	sub-20953	ses-1				space-ACPC			DSIStudio	autotrackgqi
ProjectionBasalGanglia_CorticostriatalTractR	rmse	NODDI	/scratch/executivefunction/SLURM_8364170_109/job-8364170-109-sub-20953-ses-1/ds/inputs/data/qsiprep/qsiprep/sub-20953/ses-1/dwi/sub-20953_ses-1_space-ACPC_desc-preproc_dwi.nii.gz	0.0	0.041453655809164	0.0128131955862045	0.0398212075233459	0.041453655809164	0.0398212075233459	0.0128131955862045	0.0422092601656913	0.0422092601656913	sub-20953	ses-1				space-ACPC			DSIStudio	autotrackgqi
ProjectionBasalGanglia_CorticostriatalTractR	tf	NODDI	/scratch/executivefunction/SLURM_8364170_109/job-8364170-109-sub-20953-ses-1/ds/inputs/data/qsiprep/qsiprep/sub-20953/ses-1/dwi/sub-20953_ses-1_space-ACPC_desc-preproc_dwi.nii.gz	0.0292633703329969	0.8460215854897388	0.2531035676229156	0.944995015859604	0.8715253546988889	0.9539936780929564	0.2092018159165287	0.8655504379754798	0.877144891757005	sub-20953	ses-1				space-ACPC			DSIStudio	autotrackgqi
ProjectionBrainstem_CorticobulbarTractR	directions	NODDI	/scratch/executivefunction/SLURM_8364170_109/job-8364170-109-sub-20953-ses-1/ds/inputs/data/qsiprep/qsiprep/sub-20953/ses-1/dwi/sub-20953_ses-1_space-ACPC_desc-preproc_dwi.nii.gz	0.0	-0.0310977417975664	0.5765121579170227	-0.1093247532844543	-0.0310977417975664	-0.1093247532844543	0.5765121579170227	-0.0527876392006874		sub-20953	ses-1				space-ACPC			DSIStudio	autotrackgqi
ProjectionBrainstem_CorticobulbarTractR	icvf	NODDI	/scratch/executivefunction/SLURM_8364170_109/job-8364170-109-sub-20953-ses-1/ds/inputs/data/qsiprep/qsiprep/sub-20953/ses-1/dwi/sub-20953_ses-1_space-ACPC_desc-preproc_dwi.nii.gz	0.0182926829268292	0.5460522174835205	0.1587765216827392	0.5497251749038696	0.5562271475791931	0.550807535648346	0.1414927095174789	0.5559649467468262	0.5594616532325745	sub-20953	ses-1				space-ACPC			DSIStudio	autotrackgqi
ProjectionBrainstem_CorticobulbarTractR	isovf	NODDI	/scratch/executivefunction/SLURM_8364170_109/job-8364170-109-sub-20953-ses-1/ds/inputs/data/qsiprep/qsiprep/sub-20953/ses-1/dwi/sub-20953_ses-1_space-ACPC_desc-preproc_dwi.nii.gz	0.0975609756097561	0.16373310983181	0.1675050556659698	0.1020541116595268	0.1814339905977249	0.1190745458006858	0.166972130537033	0.1620134711265564	0.1782816648483276	sub-20953	ses-1				space-ACPC			DSIStudio	autotrackgqi
ProjectionBrainstem_CorticobulbarTractR	modulated_icvf	NODDI	/scratch/executivefunction/SLURM_8364170_109/job-8364170-109-sub-20953-ses-1/ds/inputs/data/qsiprep/qsiprep/sub-20953/ses-1/dwi/sub-20953_ses-1_space-ACPC_desc-preproc_dwi.nii.gz	0.0182926829268292	0.4440661072731018	0.1260242760181427	0.4754822552204132	0.4523406326770782	0.4778469204902649	0.111513040959835	0.4553574919700622	0.4582213759422302	sub-20953	ses-1				space-ACPC			DSIStudio	autotrackgqi
ProjectionBrainstem_CorticobulbarTractR	modulated_od	NODDI	/scratch/executivefunction/SLURM_8364170_109/job-8364170-109-sub-20953-ses-1/ds/inputs/data/qsiprep/qsiprep/sub-20953/ses-1/dwi/sub-20953_ses-1_space-ACPC_desc-preproc_dwi.nii.gz	0.0	0.1880994141101837	0.1436574608087539	0.1792113184928894	0.1880994141101837	0.1792113184928894	0.1436574608087539	0.1790723204612732	0.1790723204612732	sub-20953	ses-1				space-ACPC			DSIStudio	autotrackgqi
ProjectionBrainstem_CorticobulbarTractR	nrmse	NODDI	/scratch/executivefunction/SLURM_8364170_109/job-8364170-109-sub-20953-ses-1/ds/inputs/data/qsiprep/qsiprep/sub-20953/ses-1/dwi/sub-20953_ses-1_space-ACPC_desc-preproc_dwi.nii.gz	0.0182926829268292	0.1162781342864036	0.0406304001808166	0.1076632887125015	0.1184448078274726	0.1088586971163749	0.0377486273646354	0.1184587851166725	0.1192038208246231	sub-20953	ses-1				space-ACPC			DSIStudio	autotrackgqi
ProjectionBrainstem_CorticobulbarTractR	od	NODDI	/scratch/executivefunction/SLURM_8364170_109/job-8364170-109-sub-20953-ses-1/ds/inputs/data/qsiprep/qsiprep/sub-20953/ses-1/dwi/sub-20953_ses-1_space-ACPC_desc-preproc_dwi.nii.gz	0.0	0.2302336394786834	0.1615667045116424	0.2115797400474548	0.2302336394786834	0.2115797400474548	0.1615667045116424	0.2199040651321411	0.2199040651321411	sub-20953	ses-1				space-ACPC			DSIStudio	autotrackgqi
ProjectionBrainstem_CorticobulbarTractR	rmse	NODDI	/scratch/executivefunction/SLURM_8364170_109/job-8364170-109-sub-20953-ses-1/ds/inputs/data/qsiprep/qsiprep/sub-20953/ses-1/dwi/sub-20953_ses-1_space-ACPC_desc-preproc_dwi.nii.gz	0.0182926829268292	0.0461862832307815	0.0183412488549947	0.0429003275930881	0.0470468960702419	0.0433129519224166	0.0173833407461643	0.0472696721553802	0.047566968947649	sub-20953	ses-1				space-ACPC			DSIStudio	autotrackgqi
ProjectionBrainstem_CorticobulbarTractR	tf	NODDI	/scratch/executivefunction/SLURM_8364170_109/job-8364170-109-sub-20953-ses-1/ds/inputs/data/qsiprep/qsiprep/sub-20953/ses-1/dwi/sub-20953_ses-1_space-ACPC_desc-preproc_dwi.nii.gz	0.0	0.8362668756304718	0.1675050471167614	0.8979458808898926	0.8362668756304718	0.8979458808898926	0.1675050471167614	0.8379865367671324	0.8379865367671324	sub-20953	ses-1				space-ACPC			DSIStudio	autotrackgqi
ProjectionBasalGanglia_FasciculusSubthalamicusL	directions	NODDI	/scratch/executivefunction/SLURM_8364170_109/job-8364170-109-sub-20953-ses-1/ds/inputs/data/qsiprep/qsiprep/sub-20953/ses-1/dwi/sub-20953_ses-1_space-ACPC_desc-preproc_dwi.nii.gz	0.0	-0.0564874820411205	0.5745803117752075	-0.1262093186378479	-0.0564874820411205	-0.1262093186378479	0.5745803117752075	-0.3067829608917236		sub-20953	ses-1				space-ACPC			DSIStudio	autotrackgqi
ProjectionBasalGanglia_FasciculusSubthalamicusL	icvf	NODDI	/scratch/executivefunction/SLURM_8364170_109/job-8364170-109-sub-20953-ses-1/ds/inputs/data/qsiprep/qsiprep/sub-20953/ses-1/dwi/sub-20953_ses-1_space-ACPC_desc-preproc_dwi.nii.gz	0.1276595744680851	0.7671321034431458	0.338209867477417	0.9900000095367432	0.8793953657150269	0.9900000095367432	0.1800043433904647	0.7592096328735352	0.8684109449386597	sub-20953	ses-1				space-ACPC			DSIStudio	autotrackgqi
ProjectionBasalGanglia_FasciculusSubthalamicusL	isovf	NODDI	/scratch/executivefunction/SLURM_8364170_109/job-8364170-109-sub-20953-ses-1/ds/inputs/data/qsiprep/qsiprep/sub-20953/ses-1/dwi/sub-20953_ses-1_space-ACPC_desc-preproc_dwi.nii.gz	0.0425531914893617	0.6544923782348633	0.2717961370944977	0.7023157477378845	0.6835809350013733	0.7286370396614075	0.2393156737089157	0.6903400421142578	0.7072806358337402	sub-20953	ses-1				space-ACPC			DSIStudio	autotrackgqi
ProjectionBasalGanglia_FasciculusSubthalamicusL	modulated_icvf	NODDI	/scratch/executivefunction/SLURM_8364170_109/job-8364170-109-sub-20953-ses-1/ds/inputs/data/qsiprep/qsiprep/sub-20953/ses-1/dwi/sub-20953_ses-1_space-ACPC_desc-preproc_dwi.nii.gz	0.1276595744680851	0.2721146047115326	0.176687866449356	0.2879838347434997	0.3119362592697143	0.2965336143970489	0.1528573036193847	0.2386391162872314	0.2729639112949371	sub-20953	ses-1				space-ACPC			DSIStudio	autotrackgqi
ProjectionBasalGanglia_FasciculusSubthalamicusL	modulated_od	NODDI	/scratch/executivefunction/SLURM_8364170_109/job-8364170-109-sub-20953-ses-1/ds/inputs/data/qsiprep/qsiprep/sub-20953/ses-1/dwi/sub-20953_ses-1_space-ACPC_desc-preproc_dwi.nii.gz	0.0	0.0985891968011856	0.0978568568825721	0.0593604147434234	0.0985891968011856	0.0593604147434234	0.0978568568825721	0.0888789445161819	0.0888789370656013	sub-20953	ses-1				space-ACPC			DSIStudio	autotrackgqi
ProjectionBasalGanglia_FasciculusSubthalamicusL	nrmse	NODDI	/scratch/executivefunction/SLURM_8364170_109/job-8364170-109-sub-20953-ses-1/ds/inputs/data/qsiprep/qsiprep/sub-20953/ses-1/dwi/sub-20953_ses-1_space-ACPC_desc-preproc_dwi.nii.gz	0.0	0.1644952744245529	0.0617737770080566	0.1460425555706024	0.1644952744245529	0.1460425555706024	0.0617737770080566	0.1599448919296264	0.159944862127304	sub-20953	ses-1				space-ACPC			DSIStudio	autotrackgqi
ProjectionBasalGanglia_FasciculusSubthalamicusL	od	NODDI	/scratch/executivefunction/SLURM_8364170_109/job-8364170-109-sub-20953-ses-1/ds/inputs/data/qsiprep/qsiprep/sub-20953/ses-1/dwi/sub-20953_ses-1_space-ACPC_desc-preproc_dwi.nii.gz	0.0	0.3987349569797516	0.2805022001266479	0.328971654176712	0.3987349569797516	0.328971654176712	0.2805022001266479	0.3938111960887909	0.3938111364841461	sub-20953	ses-1				space-ACPC			DSIStudio	autotrackgqi
ProjectionBasalGanglia_FasciculusSubthalamicusL	rmse	NODDI	/scratch/executivefunction/SLURM_8364170_109/job-8364170-109-sub-20953-ses-1/ds/inputs/data/qsiprep/qsiprep/sub-20953/ses-1/dwi/sub-20953_ses-1_space-ACPC_desc-preproc_dwi.nii.gz	0.0	0.0512776337563991	0.0174453556537628	0.0479371137917041	0.0512776337563991	0.0479371137917041	0.0174453556537628	0.0483337417244911	0.0483337342739105	sub-20953	ses-1				space-ACPC			DSIStudio	autotrackgqi
ProjectionBasalGanglia_FasciculusSubthalamicusL	tf	NODDI	/scratch/executivefunction/SLURM_8364170_109/job-8364170-109-sub-20953-ses-1/ds/inputs/data/qsiprep/qsiprep/sub-20953/ses-1/dwi/sub-20953_ses-1_space-ACPC_desc-preproc_dwi.nii.gz	0.1276595744680851	0.345507616692401	0.271796109341318	0.2976842522621155	0.3960697069400694	0.354180634021759	0.2542788115704609	0.3096600553040278	0.354200181546292	sub-20953	ses-1				space-ACPC			DSIStudio	autotrackgqi
ProjectionBrainstem_NonDecussatingDentatorubrothalamicTractL	directions	NODDI	/scratch/executivefunction/SLURM_8364170_109/job-8364170-109-sub-20953-ses-1/ds/inputs/data/qsiprep/qsiprep/sub-20953/ses-1/dwi/sub-20953_ses-1_space-ACPC_desc-preproc_dwi.nii.gz	0.0	-0.0332083813846111	0.5763943791389465	-0.0711749047040939	-0.0332083813846111	-0.0711749047040939	0.5763943791389465	-0.0729167759418487		sub-20953	ses-1				space-ACPC			DSIStudio	autotrackgqi
ProjectionBrainstem_NonDecussatingDentatorubrothalamicTractL	icvf	NODDI	/scratch/executivefunction/SLURM_8364170_109/job-8364170-109-sub-20953-ses-1/ds/inputs/data/qsiprep/qsiprep/sub-20953/ses-1/dwi/sub-20953_ses-1_space-ACPC_desc-preproc_dwi.nii.gz	0.0304761904761904	0.6089001297950745	0.1817567050457	0.6055349111557007	0.6280404329299927	0.611055850982666	0.1485027521848678	0.6211090683937073	0.6385530233383179	sub-20953	ses-1				space-ACPC			DSIStudio	autotrackgqi
ProjectionBrainstem_NonDecussatingDentatorubrothalamicTractL	isovf	NODDI	/scratch/executivefunction/SLURM_8364170_109/job-8364170-109-sub-20953-ses-1/ds/inputs/data/qsiprep/qsiprep/sub-20953/ses-1/dwi/sub-20953_ses-1_space-ACPC_desc-preproc_dwi.nii.gz	0.24	0.1777131557464599	0.2386875748634338	0.1040031462907791	0.2338331043720245	0.1396946609020233	0.2486767768859863	0.1955479234457016	0.2371155321598053	sub-20953	ses-1				space-ACPC			DSIStudio	autotrackgqi
ProjectionBrainstem_NonDecussatingDentatorubrothalamicTractL	modulated_icvf	NODDI	/scratch/executivefunction/SLURM_8364170_109/job-8364170-109-sub-20953-ses-1/ds/inputs/data/qsiprep/qsiprep/sub-20953/ses-1/dwi/sub-20953_ses-1_space-ACPC_desc-preproc_dwi.nii.gz	0.0304761904761904	0.4958590269088745	0.1465852707624435	0.5154802799224854	0.511445939540863	0.5215895175933838	0.1191251724958419	0.491848349571228	0.5056620836257935	sub-20953	ses-1				space-ACPC			DSIStudio	autotrackgqi
ProjectionBrainstem_NonDecussatingDentatorubrothalamicTractL	modulated_od	NODDI	/scratch/executivefunction/SLURM_8364170_109/job-8364170-109-sub-20953-ses-1/ds/inputs/data/qsiprep/qsiprep/sub-20953/ses-1/dwi/sub-20953_ses-1_space-ACPC_desc-preproc_dwi.nii.gz	0.0019047619047619	0.2028705477714538	0.1274625658988952	0.2113826870918274	0.2032576948404312	0.2114460170269012	0.1272753626108169	0.17548468708992	0.1757867932319641	sub-20953	ses-1				space-ACPC			DSIStudio	autotrackgqi
ProjectionBrainstem_NonDecussatingDentatorubrothalamicTractL	nrmse	NODDI	/scratch/executivefunction/SLURM_8364170_109/job-8364170-109-sub-20953-ses-1/ds/inputs/data/qsiprep/qsiprep/sub-20953/ses-1/dwi/sub-20953_ses-1_space-ACPC_desc-preproc_dwi.nii.gz	0.0019047619047619	0.1359265446662902	0.0528007894754409	0.1203971058130264	0.1361859440803527	0.1205580532550811	0.052515871822834	0.139222040772438	0.1394112110137939	sub-20953	ses-1				space-ACPC			DSIStudio	autotrackgqi
ProjectionBrainstem_NonDecussatingDentatorubrothalamicTractL	od	NODDI	/scratch/executivefunction/SLURM_8364170_109/job-8364170-109-sub-20953-ses-1/ds/inputs/data/qsiprep/qsiprep/sub-20953/ses-1/dwi/sub-20953_ses-1_space-ACPC_desc-preproc_dwi.nii.gz	0.0	0.2786729037761688	0.1915019750595092	0.2621830105781555	0.2786729037761688	0.2621830105781555	0.1915019750595092	0.251088798046112	0.251088798046112	sub-20953	ses-1				space-ACPC			DSIStudio	autotrackgqi
ProjectionBrainstem_NonDecussatingDentatorubrothalamicTractL	rmse	NODDI	/scratch/executivefunction/SLURM_8364170_109/job-8364170-109-sub-20953-ses-1/ds/inputs/data/qsiprep/qsiprep/sub-20953/ses-1/dwi/sub-20953_ses-1_space-ACPC_desc-preproc_dwi.nii.gz	0.0019047619047619	0.0544232539832592	0.0181486327201128	0.0513575486838817	0.0545271150767803	0.0513901188969612	0.0180093925446271	0.0554342865943908	0.0555096045136451	sub-20953	ses-1				space-ACPC			DSIStudio	autotrackgqi
ProjectionBrainstem_NonDecussatingDentatorubrothalamicTractL	tf	NODDI	/scratch/executivefunction/SLURM_8364170_109/job-8364170-109-sub-20953-ses-1/ds/inputs/data/qsiprep/qsiprep/sub-20953/ses-1/dwi/sub-20953_ses-1_space-ACPC_desc-preproc_dwi.nii.gz	0.0285714285714285	0.8222868450482687	0.2386875815239268	0.8959968686103821	0.8464717522555707	0.8999997079372406	0.1953856720389814	0.8044520841917988	0.8258931312976644	sub-20953	ses-1				space-ACPC			DSIStudio	autotrackgqi
ProjectionBasalGanglia_FornixR	directions	NODDI	/scratch/executivefunction/SLURM_8364170_109/job-8364170-109-sub-20953-ses-1/ds/inputs/data/qsiprep/qsiprep/sub-20953/ses-1/dwi/sub-20953_ses-1_space-ACPC_desc-preproc_dwi.nii.gz	0.0	-0.2579801678657532	0.5165070295333862	-0.248269572854042	-0.2579801678657532	-0.248269572854042	0.5165070295333862	-1.0356038808822632		sub-20953	ses-1				space-ACPC			DSIStudio	autotrackgqi
ProjectionBasalGanglia_FornixR	icvf	NODDI	/scratch/executivefunction/SLURM_8364170_109/job-8364170-109-sub-20953-ses-1/ds/inputs/data/qsiprep/qsiprep/sub-20953/ses-1/dwi/sub-20953_ses-1_space-ACPC_desc-preproc_dwi.nii.gz	0.0	0.8542628288269043	0.1509187668561935	0.8885852694511414	0.8542628288269043	0.8885852694511414	0.1509187668561935	0.8657035827636719	0.8657035827636719	sub-20953	ses-1				space-ACPC			DSIStudio	autotrackgqi
ProjectionBasalGanglia_FornixR	isovf	NODDI	/scratch/executivefunction/SLURM_8364170_109/job-8364170-109-sub-20953-ses-1/ds/inputs/data/qsiprep/qsiprep/sub-20953/ses-1/dwi/sub-20953_ses-1_space-ACPC_desc-preproc_dwi.nii.gz	0.144927536231884	0.368985116481781	0.2746861577033996	0.4393225014209747	0.4315249621868133	0.4996398389339447	0.2474945187568664	0.3243745863437652	0.4261783063411712	sub-20953	ses-1				space-ACPC			DSIStudio	autotrackgqi
ProjectionBasalGanglia_FornixR	modulated_icvf	NODDI	/scratch/executivefunction/SLURM_8364170_109/job-8364170-109-sub-20953-ses-1/ds/inputs/data/qsiprep/qsiprep/sub-20953/ses-1/dwi/sub-20953_ses-1_space-ACPC_desc-preproc_dwi.nii.gz	0.0	0.505062997341156	0.1697816997766494	0.4953565597534179	0.505062997341156	0.4953565597534179	0.1697816997766494	0.5558032989501953	0.5558032989501953	sub-20953	ses-1				space-ACPC			DSIStudio	autotrackgqi
ProjectionBasalGanglia_FornixR	modulated_od	NODDI	/scratch/executivefunction/SLURM_8364170_109/job-8364170-109-sub-20953-ses-1/ds/inputs/data/qsiprep/qsiprep/sub-20953/ses-1/dwi/sub-20953_ses-1_space-ACPC_desc-preproc_dwi.nii.gz	0.0	0.0947685837745666	0.1114300638437271	0.0627937093377113	0.0947685837745666	0.0627937093377113	0.1114300638437271	0.06309175491333	0.06309175491333	sub-20953	ses-1				space-ACPC			DSIStudio	autotrackgqi
ProjectionBasalGanglia_FornixR	nrmse	NODDI	/scratch/executivefunction/SLURM_8364170_109/job-8364170-109-sub-20953-ses-1/ds/inputs/data/qsiprep/qsiprep/sub-20953/ses-1/dwi/sub-20953_ses-1_space-ACPC_desc-preproc_dwi.nii.gz	0.0	0.1580594629049301	0.0728703737258911	0.1307022422552108	0.1580594629049301	0.1307022422552108	0.0728703737258911	0.164070725440979	0.164070725440979	sub-20953	ses-1				space-ACPC			DSIStudio	autotrackgqi
ProjectionBasalGanglia_FornixR	od	NODDI	/scratch/executivefunction/SLURM_8364170_109/job-8364170-109-sub-20953-ses-1/ds/inputs/data/qsiprep/qsiprep/sub-20953/ses-1/dwi/sub-20953_ses-1_space-ACPC_desc-preproc_dwi.nii.gz	0.0	0.1769976168870926	0.1668436825275421	0.1232867166399955	0.1769976168870926	0.1232867166399955	0.1668436825275421	0.1295886933803558	0.1295886933803558	sub-20953	ses-1				space-ACPC			DSIStudio	autotrackgqi
ProjectionBasalGanglia_FornixR	rmse	NODDI	/scratch/executivefunction/SLURM_8364170_109/job-8364170-109-sub-20953-ses-1/ds/inputs/data/qsiprep/qsiprep/sub-20953/ses-1/dwi/sub-20953_ses-1_space-ACPC_desc-preproc_dwi.nii.gz	0.0	0.0601570568978786	0.0206801984459161	0.0575700663030147	0.0601570568978786	0.0575700663030147	0.0206801984459161	0.065730296075344	0.065730296075344	sub-20953	ses-1				space-ACPC			DSIStudio	autotrackgqi
ProjectionBasalGanglia_FornixR	tf	NODDI	/scratch/executivefunction/SLURM_8364170_109/job-8364170-109-sub-20953-ses-1/ds/inputs/data/qsiprep/qsiprep/sub-20953/ses-1/dwi/sub-20953_ses-1_space-ACPC_desc-preproc_dwi.nii.gz	0.0	0.6310148982034214	0.2746861638672012	0.5606775283813477	0.6310148982034214	0.5606775283813477	0.2746861638672012	0.6756253923629334	0.6756253923629334	sub-20953	ses-1				space-ACPC			DSIStudio	autotrackgqi
ProjectionBasalGanglia_AcousticRadiationL	directions	NODDI	/scratch/executivefunction/SLURM_8364170_109/job-8364170-109-sub-20953-ses-1/ds/inputs/data/qsiprep/qsiprep/sub-20953/ses-1/dwi/sub-20953_ses-1_space-ACPC_desc-preproc_dwi.nii.gz	0.0	0.0256983302533626	0.5767780542373657	-0.0679373890161514	0.0256983302533626	-0.0679373890161514	0.5767780542373657	0.1346039921045303		sub-20953	ses-1				space-ACPC			DSIStudio	autotrackgqi
ProjectionBasalGanglia_AcousticRadiationL	icvf	NODDI	/scratch/executivefunction/SLURM_8364170_109/job-8364170-109-sub-20953-ses-1/ds/inputs/data/qsiprep/qsiprep/sub-20953/ses-1/dwi/sub-20953_ses-1_space-ACPC_desc-preproc_dwi.nii.gz	0.09375	0.8446394801139832	0.2891826927661896	0.9900000095367432	0.9320159554481506	0.9900000095367432	0.1041219681501388	0.8355011940002441	0.9344115257263184	sub-20953	ses-1				space-ACPC			DSIStudio	autotrackgqi
ProjectionBasalGanglia_AcousticRadiationL	isovf	NODDI	/scratch/executivefunction/SLURM_8364170_109/job-8364170-109-sub-20953-ses-1/ds/inputs/data/qsiprep/qsiprep/sub-20953/ses-1/dwi/sub-20953_ses-1_space-ACPC_desc-preproc_dwi.nii.gz	0.0989583333333333	0.5520433783531189	0.3146973252296448	0.6102819442749023	0.6126723885536194	0.6680991053581238	0.2697503864765167	0.6126568913459778	0.6477465629577637	sub-20953	ses-1				space-ACPC			DSIStudio	autotrackgqi
ProjectionBasalGanglia_AcousticRadiationL	modulated_icvf	NODDI	/scratch/executivefunction/SLURM_8364170_109/job-8364170-109-sub-20953-ses-1/ds/inputs/data/qsiprep/qsiprep/sub-20953/ses-1/dwi/sub-20953_ses-1_space-ACPC_desc-preproc_dwi.nii.gz	0.09375	0.4049228131771087	0.2798102796077728	0.3794117271900177	0.4468113780021667	0.3994128406047821	0.2601477801799774	0.3479794859886169	0.3891748189926147	sub-20953	ses-1				space-ACPC			DSIStudio	autotrackgqi
ProjectionBasalGanglia_AcousticRadiationL	modulated_od	NODDI	/scratch/executivefunction/SLURM_8364170_109/job-8364170-109-sub-20953-ses-1/ds/inputs/data/qsiprep/qsiprep/sub-20953/ses-1/dwi/sub-20953_ses-1_space-ACPC_desc-preproc_dwi.nii.gz	0.0	0.1549445539712906	0.2014940232038498	0.0862249135971069	0.1549445539712906	0.0862249135971069	0.2014940232038498	0.1118588522076606	0.1118588522076606	sub-20953	ses-1				space-ACPC			DSIStudio	autotrackgqi
ProjectionBasalGanglia_AcousticRadiationL	nrmse	NODDI	/scratch/executivefunction/SLURM_8364170_109/job-8364170-109-sub-20953-ses-1/ds/inputs/data/qsiprep/qsiprep/sub-20953/ses-1/dwi/sub-20953_ses-1_space-ACPC_desc-preproc_dwi.nii.gz	0.0	0.2205065339803695	0.0927128568291664	0.1959433555603027	0.2205065339803695	0.1959433555603027	0.0927128568291664	0.2240336090326309	0.2240336090326309	sub-20953	ses-1				space-ACPC			DSIStudio	autotrackgqi
ProjectionBasalGanglia_AcousticRadiationL	od	NODDI	/scratch/executivefunction/SLURM_8364170_109/job-8364170-109-sub-20953-ses-1/ds/inputs/data/qsiprep/qsiprep/sub-20953/ses-1/dwi/sub-20953_ses-1_space-ACPC_desc-preproc_dwi.nii.gz	0.0	0.3978681564331054	0.2847216427326202	0.3129405975341797	0.3978681564331054	0.3129405975341797	0.2847216427326202	0.3820842802524566	0.3820842802524566	sub-20953	ses-1				space-ACPC			DSIStudio	autotrackgqi
ProjectionBasalGanglia_AcousticRadiationL	rmse	NODDI	/scratch/executivefunction/SLURM_8364170_109/job-8364170-109-sub-20953-ses-1/ds/inputs/data/qsiprep/qsiprep/sub-20953/ses-1/dwi/sub-20953_ses-1_space-ACPC_desc-preproc_dwi.nii.gz	0.0	0.0935913696885109	0.0983559191226959	0.0628940612077713	0.0935913696885109	0.0628940612077713	0.0983559191226959	0.0810479074716568	0.0810479074716568	sub-20953	ses-1				space-ACPC			DSIStudio	autotrackgqi
ProjectionBasalGanglia_AcousticRadiationL	tf	NODDI	/scratch/executivefunction/SLURM_8364170_109/job-8364170-109-sub-20953-ses-1/ds/inputs/data/qsiprep/qsiprep/sub-20953/ses-1/dwi/sub-20953_ses-1_space-ACPC_desc-preproc_dwi.nii.gz	0.09375	0.4479566784575581	0.3146973064785997	0.3897180557250976	0.4942970245048917	0.4304071962833404	0.2938935809479781	0.3873431007118639	0.4331984909763262	sub-20953	ses-1				space-ACPC			DSIStudio	autotrackgqi
ProjectionBrainstem_CorticopontineTractL	directions	NODDI	/scratch/executivefunction/SLURM_8364170_109/job-8364170-109-sub-20953-ses-1/ds/inputs/data/qsiprep/qsiprep/sub-20953/ses-1/dwi/sub-20953_ses-1_space-ACPC_desc-preproc_dwi.nii.gz	0.0	-0.0534870773553848	0.5748673677444458	-0.182102769613266	-0.0534870773553848	-0.182102769613266	0.5748673677444458	-0.1442596167325973		sub-20953	ses-1				space-ACPC			DSIStudio	autotrackgqi
ProjectionBrainstem_CorticopontineTractL	icvf	NODDI	/scratch/executivefunction/SLURM_8364170_109/job-8364170-109-sub-20953-ses-1/ds/inputs/data/qsiprep/qsiprep/sub-20953/ses-1/dwi/sub-20953_ses-1_space-ACPC_desc-preproc_dwi.nii.gz	0.0	0.6992859244346619	0.1617961972951889	0.6651821136474609	0.6992859244346619	0.6651821136474609	0.1617961972951889	0.680903434753418	0.6809034943580627	sub-20953	ses-1				space-ACPC			DSIStudio	autotrackgqi
ProjectionBrainstem_CorticopontineTractL	isovf	NODDI	/scratch/executivefunction/SLURM_8364170_109/job-8364170-109-sub-20953-ses-1/ds/inputs/data/qsiprep/qsiprep/sub-20953/ses-1/dwi/sub-20953_ses-1_space-ACPC_desc-preproc_dwi.nii.gz	0.1701030927835051	0.1684270650148391	0.1801332682371139	0.1189285889267921	0.2029493749141693	0.1377025842666626	0.1791439056396484	0.1785887479782104	0.2012091279029846	sub-20953	ses-1				space-ACPC			DSIStudio	autotrackgqi
ProjectionBrainstem_CorticopontineTractL	modulated_icvf	NODDI	/scratch/executivefunction/SLURM_8364170_109/job-8364170-109-sub-20953-ses-1/ds/inputs/data/qsiprep/qsiprep/sub-20953/ses-1/dwi/sub-20953_ses-1_space-ACPC_desc-preproc_dwi.nii.gz	0.0	0.5619885921478271	0.1278422027826309	0.5502763986587524	0.5619885921478271	0.5502763986587524	0.1278422027826309	0.5349366664886475	0.5349366664886475	sub-20953	ses-1				space-ACPC			DSIStudio	autotrackgqi
ProjectionBrainstem_CorticopontineTractL	modulated_od	NODDI	/scratch/executivefunction/SLURM_8364170_109/job-8364170-109-sub-20953-ses-1/ds/inputs/data/qsiprep/qsiprep/sub-20953/ses-1/dwi/sub-20953_ses-1_space-ACPC_desc-preproc_dwi.nii.gz	0.0	0.1987006664276123	0.142533928155899	0.1821510791778564	0.1987006664276123	0.1821510791778564	0.142533928155899	0.162296324968338	0.1622963398694992	sub-20953	ses-1				space-ACPC			DSIStudio	autotrackgqi
ProjectionBrainstem_CorticopontineTractL	nrmse	NODDI	/scratch/executivefunction/SLURM_8364170_109/job-8364170-109-sub-20953-ses-1/ds/inputs/data/qsiprep/qsiprep/sub-20953/ses-1/dwi/sub-20953_ses-1_space-ACPC_desc-preproc_dwi.nii.gz	0.0	0.1476823538541793	0.0557829327881336	0.1322149485349655	0.1476823538541793	0.1322149485349655	0.0557829327881336	0.1490864604711532	0.1490864753723144	sub-20953	ses-1				space-ACPC			DSIStudio	autotrackgqi
ProjectionBrainstem_CorticopontineTractL	od	NODDI	/scratch/executivefunction/SLURM_8364170_109/job-8364170-109-sub-20953-ses-1/ds/inputs/data/qsiprep/qsiprep/sub-20953/ses-1/dwi/sub-20953_ses-1_space-ACPC_desc-preproc_dwi.nii.gz	0.0	0.2542906999588012	0.1783571094274521	0.2276438325643539	0.2542906999588012	0.2276438325643539	0.1783571094274521	0.2175812870264053	0.2175813317298889	sub-20953	ses-1				space-ACPC			DSIStudio	autotrackgqi
ProjectionBrainstem_CorticopontineTractL	rmse	NODDI	/scratch/executivefunction/SLURM_8364170_109/job-8364170-109-sub-20953-ses-1/ds/inputs/data/qsiprep/qsiprep/sub-20953/ses-1/dwi/sub-20953_ses-1_space-ACPC_desc-preproc_dwi.nii.gz	0.0	0.0625606924295425	0.0252578631043434	0.0560316331684589	0.0625606924295425	0.0560316331684589	0.0252578631043434	0.0612594336271286	0.0612594410777092	sub-20953	ses-1				space-ACPC			DSIStudio	autotrackgqi
ProjectionBrainstem_CorticopontineTractL	tf	NODDI	/scratch/executivefunction/SLURM_8364170_109/job-8364170-109-sub-20953-ses-1/ds/inputs/data/qsiprep/qsiprep/sub-20953/ses-1/dwi/sub-20953_ses-1_space-ACPC_desc-preproc_dwi.nii.gz	0.0	0.8315729296084532	0.1801332611604607	0.8810714185237885	0.8315729296084532	0.8810714185237885	0.1801332611604607	0.8214112572381137	0.8214113293845754	sub-20953	ses-1				space-ACPC			DSIStudio	autotrackgqi
ProjectionBrainstem_CorticospinalTractR	directions	NODDI	/scratch/executivefunction/SLURM_8364170_109/job-8364170-109-sub-20953-ses-1/ds/inputs/data/qsiprep/qsiprep/sub-20953/ses-1/dwi/sub-20953_ses-1_space-ACPC_desc-preproc_dwi.nii.gz	0.0	-0.0891225412487983	0.5704300999641418	-0.1941017508506775	-0.0891225412487983	-0.1941017508506775	0.5704300999641418	-0.2881234288215637		sub-20953	ses-1				space-ACPC			DSIStudio	autotrackgqi
ProjectionBrainstem_CorticospinalTractR	icvf	NODDI	/scratch/executivefunction/SLURM_8364170_109/job-8364170-109-sub-20953-ses-1/ds/inputs/data/qsiprep/qsiprep/sub-20953/ses-1/dwi/sub-20953_ses-1_space-ACPC_desc-preproc_dwi.nii.gz	0.0062111801242236	0.6289907693862915	0.1593143939971923	0.6190247535705566	0.6329219937324524	0.6196261644363403	0.1518274247646331	0.6465641260147095	0.6493200659751892	sub-20953	ses-1				space-ACPC			DSIStudio	autotrackgqi
ProjectionBrainstem_CorticospinalTractR	isovf	NODDI	/scratch/executivefunction/SLURM_8364170_109/job-8364170-109-sub-20953-ses-1/ds/inputs/data/qsiprep/qsiprep/sub-20953/ses-1/dwi/sub-20953_ses-1_space-ACPC_desc-preproc_dwi.nii.gz	0.124223602484472	0.1689170897006988	0.1899626404047012	0.1122849956154823	0.1928769648075103	0.1270977258682251	0.1912669688463211	0.1697699129581451	0.1887381374835968	sub-20953	ses-1				space-ACPC			DSIStudio	autotrackgqi
ProjectionBrainstem_CorticospinalTractR	modulated_icvf	NODDI	/scratch/executivefunction/SLURM_8364170_109/job-8364170-109-sub-20953-ses-1/ds/inputs/data/qsiprep/qsiprep/sub-20953/ses-1/dwi/sub-20953_ses-1_space-ACPC_desc-preproc_dwi.nii.gz	0.0062111801242236	0.5063630938529968	0.1380639523267746	0.5223292708396912	0.509527862071991	0.5226702690124512	0.1325452774763107	0.5200321674346924	0.5222488045692444	sub-20953	ses-1				space-ACPC			DSIStudio	autotrackgqi
ProjectionBrainstem_CorticospinalTractR	modulated_od	NODDI	/scratch/executivefunction/SLURM_8364170_109/job-8364170-109-sub-20953-ses-1/ds/inputs/data/qsiprep/qsiprep/sub-20953/ses-1/dwi/sub-20953_ses-1_space-ACPC_desc-preproc_dwi.nii.gz	0.0	0.1992606818675995	0.1309175640344619	0.1992751359939575	0.1992606818675995	0.1992751359939575	0.1309175640344619	0.1893525719642639	0.1893525719642639	sub-20953	ses-1				space-ACPC			DSIStudio	autotrackgqi
ProjectionBrainstem_CorticospinalTractR	nrmse	NODDI	/scratch/executivefunction/SLURM_8364170_109/job-8364170-109-sub-20953-ses-1/ds/inputs/data/qsiprep/qsiprep/sub-20953/ses-1/dwi/sub-20953_ses-1_space-ACPC_desc-preproc_dwi.nii.gz	0.0062111801242236	0.1302413493394851	0.0457771271467208	0.119965836405754	0.1310553550720214	0.1203695982694625	0.0447432920336723	0.1315772384405136	0.1321380734443664	sub-20953	ses-1				space-ACPC			DSIStudio	autotrackgqi
ProjectionBrainstem_CorticospinalTractR	od	NODDI	/scratch/executivefunction/SLURM_8364170_109/job-8364170-109-sub-20953-ses-1/ds/inputs/data/qsiprep/qsiprep/sub-20953/ses-1/dwi/sub-20953_ses-1_space-ACPC_desc-preproc_dwi.nii.gz	0.0	0.2442906945943832	0.153162732720375	0.2293071746826172	0.2442906945943832	0.2293071746826172	0.153162732720375	0.2351402193307876	0.2351402193307876	sub-20953	ses-1				space-ACPC			DSIStudio	autotrackgqi
ProjectionBrainstem_CorticospinalTractR	rmse	NODDI	/scratch/executivefunction/SLURM_8364170_109/job-8364170-109-sub-20953-ses-1/ds/inputs/data/qsiprep/qsiprep/sub-20953/ses-1/dwi/sub-20953_ses-1_space-ACPC_desc-preproc_dwi.nii.gz	0.0062111801242236	0.0539756752550601	0.0223897155374288	0.048699390143156	0.0543130226433277	0.0488233193755149	0.0220479033887386	0.0549795441329479	0.0552138872444629	sub-20953	ses-1				space-ACPC			DSIStudio	autotrackgqi
ProjectionBrainstem_CorticospinalTractR	tf	NODDI	/scratch/executivefunction/SLURM_8364170_109/job-8364170-109-sub-20953-ses-1/ds/inputs/data/qsiprep/qsiprep/sub-20953/ses-1/dwi/sub-20953_ses-1_space-ACPC_desc-preproc_dwi.nii.gz	0.0	0.8310829067822569	0.1899626483498503	0.8877150118350983	0.8310829067822569	0.8877150118350983	0.1899626483498503	0.8302300843143144	0.8302300843143144	sub-20953	ses-1				space-ACPC			DSIStudio	autotrackgqi
ProjectionBrainstem_DentatorubrothalamicTract-rl	directions	NODDI	/scratch/executivefunction/SLURM_8364170_109/job-8364170-109-sub-20953-ses-1/ds/inputs/data/qsiprep/qsiprep/sub-20953/ses-1/dwi/sub-20953_ses-1_space-ACPC_desc-preproc_dwi.nii.gz	0.0	-0.060326512902975	0.5741899013519287	-0.1089453995227813	-0.060326512902975	-0.1089453995227813	0.5741899013519287	-0.1190034672617912		sub-20953	ses-1				space-ACPC			DSIStudio	autotrackgqi
ProjectionBrainstem_DentatorubrothalamicTract-rl	icvf	NODDI	/scratch/executivefunction/SLURM_8364170_109/job-8364170-109-sub-20953-ses-1/ds/inputs/data/qsiprep/qsiprep/sub-20953/ses-1/dwi/sub-20953_ses-1_space-ACPC_desc-preproc_dwi.nii.gz	0.0495049504950495	0.604470431804657	0.1861083209514618	0.6192819476127625	0.6359532475471497	0.6275700330734253	0.1281353384256363	0.5826241970062256	0.6109192371368408	sub-20953	ses-1				space-ACPC			DSIStudio	autotrackgqi
ProjectionBrainstem_DentatorubrothalamicTract-rl	isovf	NODDI	/scratch/executivefunction/SLURM_8364170_109/job-8364170-109-sub-20953-ses-1/ds/inputs/data/qsiprep/qsiprep/sub-20953/ses-1/dwi/sub-20953_ses-1_space-ACPC_desc-preproc_dwi.nii.gz	0.1386138613861386	0.1707985699176788	0.239277184009552	0.1000883281230926	0.1982834041118621	0.114132285118103	0.2470161765813827	0.1950142681598663	0.2398025393486023	sub-20953	ses-1				space-ACPC			DSIStudio	autotrackgqi
ProjectionBrainstem_DentatorubrothalamicTract-rl	modulated_icvf	NODDI	/scratch/executivefunction/SLURM_8364170_109/job-8364170-109-sub-20953-ses-1/ds/inputs/data/qsiprep/qsiprep/sub-20953/ses-1/dwi/sub-20953_ses-1_space-ACPC_desc-preproc_dwi.nii.gz	0.0495049504950495	0.5076655149459839	0.1673204898834228	0.5515385866165161	0.534106433391571	0.5588788986206055	0.1238225251436233	0.4781534671783447	0.5013748407363892	sub-20953	ses-1				space-ACPC			DSIStudio	autotrackgqi
ProjectionBrainstem_DentatorubrothalamicTract-rl	modulated_od	NODDI	/scratch/executivefunction/SLURM_8364170_109/job-8364170-109-sub-20953-ses-1/ds/inputs/data/qsiprep/qsiprep/sub-20953/ses-1/dwi/sub-20953_ses-1_space-ACPC_desc-preproc_dwi.nii.gz	0.0038080731150038	0.198867455124855	0.1478142291307449	0.1934808641672134	0.1996276527643203	0.1937286555767059	0.1475832313299179	0.2061787545680999	0.2089229226112365	sub-20953	ses-1				space-ACPC			DSIStudio	autotrackgqi
ProjectionBrainstem_DentatorubrothalamicTract-rl	nrmse	NODDI	/scratch/executivefunction/SLURM_8364170_109/job-8364170-109-sub-20953-ses-1/ds/inputs/data/qsiprep/qsiprep/sub-20953/ses-1/dwi/sub-20953_ses-1_space-ACPC_desc-preproc_dwi.nii.gz	0.0114242193450114	0.1184417679905891	0.0398311205208301	0.1127004921436309	0.1198105067014694	0.1131812185049057	0.0379586964845657	0.1174477487802505	0.117910586297512	sub-20953	ses-1				space-ACPC			DSIStudio	autotrackgqi
ProjectionBrainstem_DentatorubrothalamicTract-rl	od	NODDI	/scratch/executivefunction/SLURM_8364170_109/job-8364170-109-sub-20953-ses-1/ds/inputs/data/qsiprep/qsiprep/sub-20953/ses-1/dwi/sub-20953_ses-1_space-ACPC_desc-preproc_dwi.nii.gz	0.0	0.2702737152576446	0.2067699283361435	0.2371139526367187	0.2702737152576446	0.2371139526367187	0.2067699283361435	0.2878965437412262	0.2878965735435486	sub-20953	ses-1				space-ACPC			DSIStudio	autotrackgqi
ProjectionBrainstem_DentatorubrothalamicTract-rl	rmse	NODDI	/scratch/executivefunction/SLURM_8364170_109/job-8364170-109-sub-20953-ses-1/ds/inputs/data/qsiprep/qsiprep/sub-20953/ses-1/dwi/sub-20953_ses-1_space-ACPC_desc-preproc_dwi.nii.gz	0.0114242193450114	0.0482870079576969	0.0141065679490566	0.0471590533852577	0.0488450229167938	0.0474564582109451	0.013192368671298	0.0469499640166759	0.047134980559349	sub-20953	ses-1				space-ACPC			DSIStudio	autotrackgqi
ProjectionBrainstem_DentatorubrothalamicTract-rl	tf	NODDI	/scratch/executivefunction/SLURM_8364170_109/job-8364170-109-sub-20953-ses-1/ds/inputs/data/qsiprep/qsiprep/sub-20953/ses-1/dwi/sub-20953_ses-1_space-ACPC_desc-preproc_dwi.nii.gz	0.038080731150038	0.8292014152606025	0.2392771658448596	0.899911642074585	0.8620280746137539	0.9029841423034668	0.1766992651109117	0.804985710646767	0.8406197204871928	sub-20953	ses-1				space-ACPC			DSIStudio	autotrackgqi
ProjectionBrainstem_MedialLemniscusR	directions	NODDI	/scratch/executivefunction/SLURM_8364170_109/job-8364170-109-sub-20953-ses-1/ds/inputs/data/qsiprep/qsiprep/sub-20953/ses-1/dwi/sub-20953_ses-1_space-ACPC_desc-preproc_dwi.nii.gz	0.0	0.028072852641344	0.5766673684120178	-0.0045067900791764	0.028072852641344	-0.0045067900791764	0.5766673684120178	0.1995992660522461		sub-20953	ses-1				space-ACPC			DSIStudio	autotrackgqi
ProjectionBrainstem_MedialLemniscusR	icvf	NODDI	/scratch/executivefunction/SLURM_8364170_109/job-8364170-109-sub-20953-ses-1/ds/inputs/data/qsiprep/qsiprep/sub-20953/ses-1/dwi/sub-20953_ses-1_space-ACPC_desc-preproc_dwi.nii.gz	0.0688976377952756	0.5301311612129211	0.2085781395435333	0.519793689250946	0.5693586468696594	0.5297835469245911	0.1561714261770248	0.5367153286933899	0.5502512454986572	sub-20953	ses-1				space-ACPC			DSIStudio	autotrackgqi
ProjectionBrainstem_MedialLemniscusR	isovf	NODDI	/scratch/executivefunction/SLURM_8364170_109/job-8364170-109-sub-20953-ses-1/ds/inputs/data/qsiprep/qsiprep/sub-20953/ses-1/dwi/sub-20953_ses-1_space-ACPC_desc-preproc_dwi.nii.gz	0.3070866141732283	0.2171142101287841	0.2864071726799011	0.0926978290081024	0.3133352994918823	0.1831640154123306	0.2970410883426666	0.1853159517049789	0.2554450929164886	sub-20953	ses-1				space-ACPC			DSIStudio	autotrackgqi
ProjectionBrainstem_MedialLemniscusR	modulated_icvf	NODDI	/scratch/executivefunction/SLURM_8364170_109/job-8364170-109-sub-20953-ses-1/ds/inputs/data/qsiprep/qsiprep/sub-20953/ses-1/dwi/sub-20953_ses-1_space-ACPC_desc-preproc_dwi.nii.gz	0.0688976377952756	0.3981073796749115	0.1549510657787323	0.4407134056091308	0.4275656640529632	0.449726402759552	0.1148525923490524	0.4167771339416504	0.4272882044315338	sub-20953	ses-1				space-ACPC			DSIStudio	autotrackgqi
ProjectionBrainstem_MedialLemniscusR	modulated_od	NODDI	/scratch/executivefunction/SLURM_8364170_109/job-8364170-109-sub-20953-ses-1/ds/inputs/data/qsiprep/qsiprep/sub-20953/ses-1/dwi/sub-20953_ses-1_space-ACPC_desc-preproc_dwi.nii.gz	0.0	0.2675158977508545	0.2025044709444046	0.2384240478277206	0.2675158977508545	0.2384240478277206	0.2025044709444046	0.272396057844162	0.2723960876464844	sub-20953	ses-1				space-ACPC			DSIStudio	autotrackgqi
ProjectionBrainstem_MedialLemniscusR	nrmse	NODDI	/scratch/executivefunction/SLURM_8364170_109/job-8364170-109-sub-20953-ses-1/ds/inputs/data/qsiprep/qsiprep/sub-20953/ses-1/dwi/sub-20953_ses-1_space-ACPC_desc-preproc_dwi.nii.gz	0.0314960629921259	0.1223447620868682	0.066684640944004	0.1072690486907959	0.1263234466314315	0.1080216839909553	0.0639441236853599	0.1175636500120163	0.1192019209265708	sub-20953	ses-1				space-ACPC			DSIStudio	autotrackgqi
ProjectionBrainstem_MedialLemniscusR	od	NODDI	/scratch/executivefunction/SLURM_8364170_109/job-8364170-109-sub-20953-ses-1/ds/inputs/data/qsiprep/qsiprep/sub-20953/ses-1/dwi/sub-20953_ses-1_space-ACPC_desc-preproc_dwi.nii.gz	0.0	0.3660736680030823	0.2281137108802795	0.3184002339839935	0.3660736680030823	0.3184002339839935	0.2281137108802795	0.3377944231033325	0.3377944827079773	sub-20953	ses-1				space-ACPC			DSIStudio	autotrackgqi
ProjectionBrainstem_MedialLemniscusR	rmse	NODDI	/scratch/executivefunction/SLURM_8364170_109/job-8364170-109-sub-20953-ses-1/ds/inputs/data/qsiprep/qsiprep/sub-20953/ses-1/dwi/sub-20953_ses-1_space-ACPC_desc-preproc_dwi.nii.gz	0.0314960629921259	0.0454316921532154	0.0211629960685968	0.0416329503059387	0.0469091460108757	0.0419049933552742	0.0198275372385978	0.0446467213332653	0.0452688783407211	sub-20953	ses-1				space-ACPC			DSIStudio	autotrackgqi
ProjectionBrainstem_MedialLemniscusR	tf	NODDI	/scratch/executivefunction/SLURM_8364170_109/job-8364170-109-sub-20953-ses-1/ds/inputs/data/qsiprep/qsiprep/sub-20953/ses-1/dwi/sub-20953_ses-1_space-ACPC_desc-preproc_dwi.nii.gz	0.0374015748031496	0.7828857761433744	0.2864071804848705	0.9073021709918976	0.8133046508810515	0.9138317704200744	0.2459196706877317	0.8146840477051481	0.823625352334937	sub-20953	ses-1				space-ACPC			DSIStudio	autotrackgqi
Commissure_CorpusCallosum	directions	NODDI	/scratch/executivefunction/SLURM_8364170_109/job-8364170-109-sub-20953-ses-1/ds/inputs/data/qsiprep/qsiprep/sub-20953/ses-1/dwi/sub-20953_ses-1_space-ACPC_desc-preproc_dwi.nii.gz	0.0	-0.0772503688931465	0.5721588134765625	-0.1401016414165496	-0.0772503688931465	-0.1401016414165496	0.5721588134765625	-0.1863346397876739		sub-20953	ses-1				space-ACPC			DSIStudio	autotrackgqi
Commissure_CorpusCallosum	icvf	NODDI	/scratch/executivefunction/SLURM_8364170_109/job-8364170-109-sub-20953-ses-1/ds/inputs/data/qsiprep/qsiprep/sub-20953/ses-1/dwi/sub-20953_ses-1_space-ACPC_desc-preproc_dwi.nii.gz	0.0161432715348719	0.6364936232566833	0.1678767651319503	0.6181672811508179	0.6469373106956482	0.6211532950401306	0.1479480564594268	0.639717698097229	0.6422276496887207	sub-20953	ses-1				space-ACPC			DSIStudio	autotrackgqi
Commissure_CorpusCallosum	isovf	NODDI	/scratch/executivefunction/SLURM_8364170_109/job-8364170-109-sub-20953-ses-1/ds/inputs/data/qsiprep/qsiprep/sub-20953/ses-1/dwi/sub-20953_ses-1_space-ACPC_desc-preproc_dwi.nii.gz	0.2249968470172783	0.1701819896697998	0.2306450754404068	0.0940339788794517	0.2195887863636016	0.1250634342432022	0.2403997331857681	0.1469699740409851	0.1769671291112899	sub-20953	ses-1				space-ACPC			DSIStudio	autotrackgqi
Commissure_CorpusCallosum	modulated_icvf	NODDI	/scratch/executivefunction/SLURM_8364170_109/job-8364170-109-sub-20953-ses-1/ds/inputs/data/qsiprep/qsiprep/sub-20953/ses-1/dwi/sub-20953_ses-1_space-ACPC_desc-preproc_dwi.nii.gz	0.0161432715348719	0.5173799395561218	0.1482351571321487	0.5380133390426636	0.5258691906929016	0.5399230122566223	0.1336786299943924	0.5363124012947083	0.5384166240692139	sub-20953	ses-1				space-ACPC			DSIStudio	autotrackgqi
Commissure_CorpusCallosum	modulated_od	NODDI	/scratch/executivefunction/SLURM_8364170_109/job-8364170-109-sub-20953-ses-1/ds/inputs/data/qsiprep/qsiprep/sub-20953/ses-1/dwi/sub-20953_ses-1_space-ACPC_desc-preproc_dwi.nii.gz	0.0015134317063942	0.2492358237504959	0.1699284315109253	0.2273876965045929	0.2496135830879211	0.2276742607355117	0.1697796732187271	0.2467754185199737	0.2468572258949279	sub-20953	ses-1				space-ACPC			DSIStudio	autotrackgqi
Commissure_CorpusCallosum	nrmse	NODDI	/scratch/executivefunction/SLURM_8364170_109/job-8364170-109-sub-20953-ses-1/ds/inputs/data/qsiprep/qsiprep/sub-20953/ses-1/dwi/sub-20953_ses-1_space-ACPC_desc-preproc_dwi.nii.gz	0.0001261193088661	0.1129790395498275	0.046863030642271	0.104133129119873	0.1129932850599289	0.1041375249624252	0.0468488037586212	0.1085130497813224	0.1085131913423538	sub-20953	ses-1				space-ACPC			DSIStudio	autotrackgqi
Commissure_CorpusCallosum	od	NODDI	/scratch/executivefunction/SLURM_8364170_109/job-8364170-109-sub-20953-ses-1/ds/inputs/data/qsiprep/qsiprep/sub-20953/ses-1/dwi/sub-20953_ses-1_space-ACPC_desc-preproc_dwi.nii.gz	0.0	0.3111445307731628	0.1943594366312027	0.2799615859985351	0.3111445307731628	0.2799615859985351	0.1943594366312027	0.2908484935760498	0.2908485531806946	sub-20953	ses-1				space-ACPC			DSIStudio	autotrackgqi
Commissure_CorpusCallosum	rmse	NODDI	/scratch/executivefunction/SLURM_8364170_109/job-8364170-109-sub-20953-ses-1/ds/inputs/data/qsiprep/qsiprep/sub-20953/ses-1/dwi/sub-20953_ses-1_space-ACPC_desc-preproc_dwi.nii.gz	0.0001261193088661	0.0464291796088218	0.0213013738393783	0.0431199111044406	0.046435035765171	0.0431200675666332	0.0212963353842496	0.0450361855328083	0.0450362414121627	sub-20953	ses-1				space-ACPC			DSIStudio	autotrackgqi
Commissure_CorpusCallosum	tf	NODDI	/scratch/executivefunction/SLURM_8364170_109/job-8364170-109-sub-20953-ses-1/ds/inputs/data/qsiprep/qsiprep/sub-20953/ses-1/dwi/sub-20953_ses-1_space-ACPC_desc-preproc_dwi.nii.gz	0.0160171522260058	0.8298180149157511	0.2306450796112308	0.90596604347229	0.8433256908827211	0.908016473054886	0.2065713419520294	0.8530300255213359	0.8563759063735813	sub-20953	ses-1				space-ACPC			DSIStudio	autotrackgqi
Commissure_AnteriorCommissure	directions	NODDI	/scratch/executivefunction/SLURM_8364170_109/job-8364170-109-sub-20953-ses-1/ds/inputs/data/qsiprep/qsiprep/sub-20953/ses-1/dwi/sub-20953_ses-1_space-ACPC_desc-preproc_dwi.nii.gz	0.0	-0.1520725935697555	0.5569624900817871	-0.2745616436004638	-0.1520725935697555	-0.2745616436004638	0.5569624900817871	-0.2780433595180511		sub-20953	ses-1				space-ACPC			DSIStudio	autotrackgqi
Commissure_AnteriorCommissure	icvf	NODDI	/scratch/executivefunction/SLURM_8364170_109/job-8364170-109-sub-20953-ses-1/ds/inputs/data/qsiprep/qsiprep/sub-20953/ses-1/dwi/sub-20953_ses-1_space-ACPC_desc-preproc_dwi.nii.gz	0.0049261083743842	0.6504294276237488	0.1595142185688018	0.6005126237869263	0.6536493301391602	0.6026293039321899	0.1531862616539001	0.7005119323730469	0.7021058201789856	sub-20953	ses-1				space-ACPC			DSIStudio	autotrackgqi
Commissure_AnteriorCommissure	isovf	NODDI	/scratch/executivefunction/SLURM_8364170_109/job-8364170-109-sub-20953-ses-1/ds/inputs/data/qsiprep/qsiprep/sub-20953/ses-1/dwi/sub-20953_ses-1_space-ACPC_desc-preproc_dwi.nii.gz	0.3940886699507389	0.171628937125206	0.2483052760362625	0.0535259880125522	0.2832575142383575	0.1512181460857391	0.264833927154541	0.2085056602954864	0.2664638161659241	sub-20953	ses-1				space-ACPC			DSIStudio	autotrackgqi
Commissure_AnteriorCommissure	modulated_icvf	NODDI	/scratch/executivefunction/SLURM_8364170_109/job-8364170-109-sub-20953-ses-1/ds/inputs/data/qsiprep/qsiprep/sub-20953/ses-1/dwi/sub-20953_ses-1_space-ACPC_desc-preproc_dwi.nii.gz	0.0049261083743842	0.5141276717185974	0.1399213969707489	0.5279369354248047	0.5166728496551514	0.5286000967025757	0.1354986727237701	0.5310792922973633	0.53228759765625	sub-20953	ses-1				space-ACPC			DSIStudio	autotrackgqi
Commissure_AnteriorCommissure	modulated_od	NODDI	/scratch/executivefunction/SLURM_8364170_109/job-8364170-109-sub-20953-ses-1/ds/inputs/data/qsiprep/qsiprep/sub-20953/ses-1/dwi/sub-20953_ses-1_space-ACPC_desc-preproc_dwi.nii.gz	0.0	0.2702403962612152	0.1985251307487487	0.2575373351573944	0.2702403962612152	0.2575373351573944	0.1985251307487487	0.1729069501161575	0.1729069501161575	sub-20953	ses-1				space-ACPC			DSIStudio	autotrackgqi
Commissure_AnteriorCommissure	nrmse	NODDI	/scratch/executivefunction/SLURM_8364170_109/job-8364170-109-sub-20953-ses-1/ds/inputs/data/qsiprep/qsiprep/sub-20953/ses-1/dwi/sub-20953_ses-1_space-ACPC_desc-preproc_dwi.nii.gz	0.0	0.0966014936566352	0.0397371500730514	0.09210816770792	0.0966014936566352	0.09210816770792	0.0397371500730514	0.1101013123989105	0.1101013123989105	sub-20953	ses-1				space-ACPC			DSIStudio	autotrackgqi
Commissure_AnteriorCommissure	od	NODDI	/scratch/executivefunction/SLURM_8364170_109/job-8364170-109-sub-20953-ses-1/ds/inputs/data/qsiprep/qsiprep/sub-20953/ses-1/dwi/sub-20953_ses-1_space-ACPC_desc-preproc_dwi.nii.gz	0.0	0.3200708329677582	0.2041879892349243	0.3467915952205658	0.3200708329677582	0.3467915952205658	0.2041879892349243	0.2143032550811767	0.2143032550811767	sub-20953	ses-1				space-ACPC			DSIStudio	autotrackgqi
Commissure_AnteriorCommissure	rmse	NODDI	/scratch/executivefunction/SLURM_8364170_109/job-8364170-109-sub-20953-ses-1/ds/inputs/data/qsiprep/qsiprep/sub-20953/ses-1/dwi/sub-20953_ses-1_space-ACPC_desc-preproc_dwi.nii.gz	0.0	0.0392998680472373	0.0147539125755429	0.038304254412651	0.0392998680472373	0.038304254412651	0.0147539125755429	0.0450024455785751	0.0450024455785751	sub-20953	ses-1				space-ACPC			DSIStudio	autotrackgqi
Commissure_AnteriorCommissure	tf	NODDI	/scratch/executivefunction/SLURM_8364170_109/job-8364170-109-sub-20953-ses-1/ds/inputs/data/qsiprep/qsiprep/sub-20953/ses-1/dwi/sub-20953_ses-1_space-ACPC_desc-preproc_dwi.nii.gz	0.0049261083743842	0.8283710514970601	0.2483052648161223	0.9464739859104156	0.8324718982866495	0.9485501050949096	0.2419646463718815	0.7914943382649079	0.7932951973866607	sub-20953	ses-1				space-ACPC			DSIStudio	autotrackgqi
Cerebellum_CerebellumR	directions	NODDI	/scratch/executivefunction/SLURM_8364170_109/job-8364170-109-sub-20953-ses-1/ds/inputs/data/qsiprep/qsiprep/sub-20953/ses-1/dwi/sub-20953_ses-1_space-ACPC_desc-preproc_dwi.nii.gz	137.0	-0.0576703995466232	0.5684442520141602	-0.0154447201639413	-0.0588855408132076	-0.0336250737309455	0.5743394494056702	-0.2062678933143615		sub-20953	ses-1				space-ACPC			DSIStudio	autotrackgqi
Cerebellum_CerebellumR	icvf	NODDI	/scratch/executivefunction/SLURM_8364170_109/job-8364170-109-sub-20953-ses-1/ds/inputs/data/qsiprep/qsiprep/sub-20953/ses-1/dwi/sub-20953_ses-1_space-ACPC_desc-preproc_dwi.nii.gz	0.0472962795601747	0.5237796902656555	0.1546451598405838	0.5249096751213074	0.5497823357582092	0.5292457342147827	0.1039546728134155	0.5265194177627563	0.5428051948547363	sub-20953	ses-1				space-ACPC			DSIStudio	autotrackgqi
Cerebellum_CerebellumR	isovf	NODDI	/scratch/executivefunction/SLURM_8364170_109/job-8364170-109-sub-20953-ses-1/ds/inputs/data/qsiprep/qsiprep/sub-20953/ses-1/dwi/sub-20953_ses-1_space-ACPC_desc-preproc_dwi.nii.gz	0.6854948034342522	0.09141506254673	0.2125269621610641	0.0	0.2906631231307983	0.170137733221054	0.2927474677562713	0.1005397662520408	0.3171828985214233	sub-20953	ses-1				space-ACPC			DSIStudio	autotrackgqi
Cerebellum_CerebellumR	modulated_icvf	NODDI	/scratch/executivefunction/SLURM_8364170_109/job-8364170-109-sub-20953-ses-1/ds/inputs/data/qsiprep/qsiprep/sub-20953/ses-1/dwi/sub-20953_ses-1_space-ACPC_desc-preproc_dwi.nii.gz	0.0472962795601747	0.4736022055149078	0.143038809299469	0.5045454502105713	0.4971138536930084	0.5058916211128235	0.0989336296916008	0.4687941074371338	0.4832943975925445	sub-20953	ses-1				space-ACPC			DSIStudio	autotrackgqi
Cerebellum_CerebellumR	modulated_od	NODDI	/scratch/executivefunction/SLURM_8364170_109/job-8364170-109-sub-20953-ses-1/ds/inputs/data/qsiprep/qsiprep/sub-20953/ses-1/dwi/sub-20953_ses-1_space-ACPC_desc-preproc_dwi.nii.gz	0.0224431390269618	0.4218170344829559	0.164555624127388	0.4424878358840942	0.4315012991428375	0.4452078342437744	0.1533671021461486	0.4207820892333984	0.4276108741760254	sub-20953	ses-1				space-ACPC			DSIStudio	autotrackgqi
Cerebellum_CerebellumR	nrmse	NODDI	/scratch/executivefunction/SLURM_8364170_109/job-8364170-109-sub-20953-ses-1/ds/inputs/data/qsiprep/qsiprep/sub-20953/ses-1/dwi/sub-20953_ses-1_space-ACPC_desc-preproc_dwi.nii.gz	0.0283175176984485	0.088831216096878	0.0460466146469116	0.0808195397257804	0.0914200022816658	0.0817652344703674	0.0441068597137928	0.0895159244537353	0.0908879339694976	sub-20953	ses-1				space-ACPC			DSIStudio	autotrackgqi
Cerebellum_CerebellumR	od	NODDI	/scratch/executivefunction/SLURM_8364170_109/job-8364170-109-sub-20953-ses-1/ds/inputs/data/qsiprep/qsiprep/sub-20953/ses-1/dwi/sub-20953_ses-1_space-ACPC_desc-preproc_dwi.nii.gz	0.0206356378972736	0.4751412272453308	0.1580246388912201	0.4666373431682586	0.4851526618003845	0.4687971472740173	0.1436693370342254	0.4769771099090576	0.4833664894104004	sub-20953	ses-1				space-ACPC			DSIStudio	autotrackgqi
Cerebellum_CerebellumR	rmse	NODDI	/scratch/executivefunction/SLURM_8364170_109/job-8364170-109-sub-20953-ses-1/ds/inputs/data/qsiprep/qsiprep/sub-20953/ses-1/dwi/sub-20953_ses-1_space-ACPC_desc-preproc_dwi.nii.gz	0.0283175176984485	0.0359927043318748	0.0200051423162221	0.033376321196556	0.0370416305959224	0.033677689731121	0.0193135924637317	0.0358659997582435	0.0364157147705554	sub-20953	ses-1				space-ACPC			DSIStudio	autotrackgqi
Cerebellum_CerebellumR	tf	NODDI	/scratch/executivefunction/SLURM_8364170_109/job-8364170-109-sub-20953-ses-1/ds/inputs/data/qsiprep/qsiprep/sub-20953/ses-1/dwi/sub-20953_ses-1_space-ACPC_desc-preproc_dwi.nii.gz	0.0396143997589998	0.8879492996345534	0.2482029393517931	1.0	0.924575815601286	1.0	0.1740166815239901	0.8862416834681278	0.9118894843674632	sub-20953	ses-1				space-ACPC			DSIStudio	autotrackgqi
Cerebellum_CerebellumL	directions	NODDI	/scratch/executivefunction/SLURM_8364170_109/job-8364170-109-sub-20953-ses-1/ds/inputs/data/qsiprep/qsiprep/sub-20953/ses-1/dwi/sub-20953_ses-1_space-ACPC_desc-preproc_dwi.nii.gz	185.0	-0.1610449850559234	0.5443185567855835	-0.2030002176761627	-0.1666003316640854	-0.2275430709123611	0.5527908205986023	-0.488699197769165		sub-20953	ses-1				space-ACPC			DSIStudio	autotrackgqi
Cerebellum_CerebellumL	icvf	NODDI	/scratch/executivefunction/SLURM_8364170_109/job-8364170-109-sub-20953-ses-1/ds/inputs/data/qsiprep/qsiprep/sub-20953/ses-1/dwi/sub-20953_ses-1_space-ACPC_desc-preproc_dwi.nii.gz	0.0656092285508291	0.5225709676742554	0.1780272126197815	0.524144172668457	0.5592638850212097	0.5296740531921387	0.1157501339912414	0.5301679372787476	0.5474500060081482	sub-20953	ses-1				space-ACPC			DSIStudio	autotrackgqi
Cerebellum_CerebellumL	isovf	NODDI	/scratch/executivefunction/SLURM_8364170_109/job-8364170-109-sub-20953-ses-1/ds/inputs/data/qsiprep/qsiprep/sub-20953/ses-1/dwi/sub-20953_ses-1_space-ACPC_desc-preproc_dwi.nii.gz	0.6688896899783706	0.0836387127637863	0.192068874835968	0.0	0.252600759267807	0.1446569561958313	0.2621725797653198	0.0829235985875129	0.2500532865524292	sub-20953	ses-1				space-ACPC			DSIStudio	autotrackgqi
Cerebellum_CerebellumL	modulated_icvf	NODDI	/scratch/executivefunction/SLURM_8364170_109/job-8364170-109-sub-20953-ses-1/ds/inputs/data/qsiprep/qsiprep/sub-20953/ses-1/dwi/sub-20953_ses-1_space-ACPC_desc-preproc_dwi.nii.gz	0.0656092285508291	0.4697799384593963	0.1596387773752212	0.5045454502105713	0.5027660131454468	0.5089766979217529	0.1033908873796463	0.476953387260437	0.4925007820129394	sub-20953	ses-1				space-ACPC			DSIStudio	autotrackgqi
Cerebellum_CerebellumL	modulated_od	NODDI	/scratch/executivefunction/SLURM_8364170_109/job-8364170-109-sub-20953-ses-1/ds/inputs/data/qsiprep/qsiprep/sub-20953/ses-1/dwi/sub-20953_ses-1_space-ACPC_desc-preproc_dwi.nii.gz	0.0344268204758471	0.4263315796852112	0.1827700436115265	0.4369967579841614	0.4415321350097656	0.4423997402191162	0.1669861823320388	0.4347652196884155	0.4435009956359863	sub-20953	ses-1				space-ACPC			DSIStudio	autotrackgqi
Cerebellum_CerebellumL	nrmse	NODDI	/scratch/executivefunction/SLURM_8364170_109/job-8364170-109-sub-20953-ses-1/ds/inputs/data/qsiprep/qsiprep/sub-20953/ses-1/dwi/sub-20953_ses-1_space-ACPC_desc-preproc_dwi.nii.gz	0.0558759913482335	0.0943465307354927	0.0539586022496223	0.0871481746435165	0.0999302342534065	0.0894533097743988	0.0502579659223556	0.0947469994425773	0.0971743464469909	sub-20953	ses-1				space-ACPC			DSIStudio	autotrackgqi
Cerebellum_CerebellumL	od	NODDI	/scratch/executivefunction/SLURM_8364170_109/job-8364170-109-sub-20953-ses-1/ds/inputs/data/qsiprep/qsiprep/sub-20953/ses-1/dwi/sub-20953_ses-1_space-ACPC_desc-preproc_dwi.nii.gz	0.0333453496755587	0.4698546230792999	0.1739214807748794	0.4620767533779144	0.4860625565052032	0.4658929705619812	0.1530165374279022	0.4774346053600311	0.4863811433315277	sub-20953	ses-1				space-ACPC			DSIStudio	autotrackgqi
Cerebellum_CerebellumL	rmse	NODDI	/scratch/executivefunction/SLURM_8364170_109/job-8364170-109-sub-20953-ses-1/ds/inputs/data/qsiprep/qsiprep/sub-20953/ses-1/dwi/sub-20953_ses-1_space-ACPC_desc-preproc_dwi.nii.gz	0.0558759913482335	0.0392600111663341	0.0306473057717084	0.0355592146515846	0.0415835343301296	0.0364985242486	0.0299704018980264	0.0386497788131237	0.0396399609744548	sub-20953	ses-1				space-ACPC			DSIStudio	autotrackgqi
Cerebellum_CerebellumL	tf	NODDI	/scratch/executivefunction/SLURM_8364170_109/job-8364170-109-sub-20953-ses-1/ds/inputs/data/qsiprep/qsiprep/sub-20953/ses-1/dwi/sub-20953_ses-1_space-ACPC_desc-preproc_dwi.nii.gz	0.0430785868781542	0.8830159395374492	0.2520832620509606	1.0	0.922767457629265	1.0	0.1724101781092874	0.8986822602719314	0.9217093694110976	sub-20953	ses-1				space-ACPC			DSIStudio	autotrackgqi
Cerebellum_Vermis	directions	NODDI	/scratch/executivefunction/SLURM_8364170_109/job-8364170-109-sub-20953-ses-1/ds/inputs/data/qsiprep/qsiprep/sub-20953/ses-1/dwi/sub-20953_ses-1_space-ACPC_desc-preproc_dwi.nii.gz	0.0	-0.0970043167471885	0.569142758846283	-0.181024819612503	-0.0970043167471885	-0.181024819612503	0.569142758846283	-0.28587606549263		sub-20953	ses-1				space-ACPC			DSIStudio	autotrackgqi
Cerebellum_Vermis	icvf	NODDI	/scratch/executivefunction/SLURM_8364170_109/job-8364170-109-sub-20953-ses-1/ds/inputs/data/qsiprep/qsiprep/sub-20953/ses-1/dwi/sub-20953_ses-1_space-ACPC_desc-preproc_dwi.nii.gz	0.1101083032490974	0.534672737121582	0.2419309914112091	0.5369340181350708	0.600829005241394	0.5484321117401123	0.1613199263811111	0.5603023171424866	0.6117894649505615	sub-20953	ses-1				space-ACPC			DSIStudio	autotrackgqi
Cerebellum_Vermis	isovf	NODDI	/scratch/executivefunction/SLURM_8364170_109/job-8364170-109-sub-20953-ses-1/ds/inputs/data/qsiprep/qsiprep/sub-20953/ses-1/dwi/sub-20953_ses-1_space-ACPC_desc-preproc_dwi.nii.gz	0.4697653429602888	0.2345512807369232	0.3200877904891968	0.0285366848111152	0.4423537254333496	0.3873820304870605	0.3182857930660248	0.2988970577716827	0.4675809741020202	sub-20953	ses-1				space-ACPC			DSIStudio	autotrackgqi
Cerebellum_Vermis	modulated_icvf	NODDI	/scratch/executivefunction/SLURM_8364170_109/job-8364170-109-sub-20953-ses-1/ds/inputs/data/qsiprep/qsiprep/sub-20953/ses-1/dwi/sub-20953_ses-1_space-ACPC_desc-preproc_dwi.nii.gz	0.1101083032490974	0.3975966572761535	0.191252663731575	0.4577064514160156	0.4467921853065491	0.4813084006309509	0.1382867693901062	0.3791504204273224	0.4139912128448486	sub-20953	ses-1				space-ACPC			DSIStudio	autotrackgqi
Cerebellum_Vermis	modulated_od	NODDI	/scratch/executivefunction/SLURM_8364170_109/job-8364170-109-sub-20953-ses-1/ds/inputs/data/qsiprep/qsiprep/sub-20953/ses-1/dwi/sub-20953_ses-1_space-ACPC_desc-preproc_dwi.nii.gz	0.0058664259927797	0.4020111858844757	0.2318710684776306	0.4139988422393799	0.4043834805488586	0.4153200089931488	0.2304824143648147	0.350551038980484	0.3532213568687439	sub-20953	ses-1				space-ACPC			DSIStudio	autotrackgqi
Cerebellum_Vermis	nrmse	NODDI	/scratch/executivefunction/SLURM_8364170_109/job-8364170-109-sub-20953-ses-1/ds/inputs/data/qsiprep/qsiprep/sub-20953/ses-1/dwi/sub-20953_ses-1_space-ACPC_desc-preproc_dwi.nii.gz	0.0555054151624548	0.1132596358656883	0.063718244433403	0.0988701730966568	0.1199156045913696	0.1009276136755943	0.0591646581888198	0.1162515133619308	0.1190943568944931	sub-20953	ses-1				space-ACPC			DSIStudio	autotrackgqi
Cerebellum_Vermis	od	NODDI	/scratch/executivefunction/SLURM_8364170_109/job-8364170-109-sub-20953-ses-1/ds/inputs/data/qsiprep/qsiprep/sub-20953/ses-1/dwi/sub-20953_ses-1_space-ACPC_desc-preproc_dwi.nii.gz	0.0	0.5459667444229126	0.2028664946556091	0.4970513880252838	0.5459667444229126	0.4970513880252838	0.2028664946556091	0.5256760716438293	0.5256760716438293	sub-20953	ses-1				space-ACPC			DSIStudio	autotrackgqi
Cerebellum_Vermis	rmse	NODDI	/scratch/executivefunction/SLURM_8364170_109/job-8364170-109-sub-20953-ses-1/ds/inputs/data/qsiprep/qsiprep/sub-20953/ses-1/dwi/sub-20953_ses-1_space-ACPC_desc-preproc_dwi.nii.gz	0.0555054151624548	0.0426236651837825	0.0262100845575332	0.0385616533458232	0.0451285429298877	0.0394673235714435	0.024785041809082	0.0417651459574699	0.0427864864468574	sub-20953	ses-1				space-ACPC			DSIStudio	autotrackgqi
Cerebellum_Vermis	tf	NODDI	/scratch/executivefunction/SLURM_8364170_109/job-8364170-109-sub-20953-ses-1/ds/inputs/data/qsiprep/qsiprep/sub-20953/ses-1/dwi/sub-20953_ses-1_space-ACPC_desc-preproc_dwi.nii.gz	0.0546028880866426	0.7654487183485651	0.32008780628417	0.9714633226394652	0.8096584056612984	0.9967219233512878	0.2694048570426366	0.7011029515935234	0.7460825673665925	sub-20953	ses-1				space-ACPC			DSIStudio	autotrackgqi
Cerebellum_MiddleCerebellarPeduncle	directions	NODDI	/scratch/executivefunction/SLURM_8364170_109/job-8364170-109-sub-20953-ses-1/ds/inputs/data/qsiprep/qsiprep/sub-20953/ses-1/dwi/sub-20953_ses-1_space-ACPC_desc-preproc_dwi.nii.gz	42.0	-0.0976682305335998	0.5655086040496826	-0.1102787032723426	-0.0988527685403823	-0.1209263950586319	0.5688246488571167	-0.3323315382003784		sub-20953	ses-1				space-ACPC			DSIStudio	autotrackgqi
Cerebellum_MiddleCerebellarPeduncle	icvf	NODDI	/scratch/executivefunction/SLURM_8364170_109/job-8364170-109-sub-20953-ses-1/ds/inputs/data/qsiprep/qsiprep/sub-20953/ses-1/dwi/sub-20953_ses-1_space-ACPC_desc-preproc_dwi.nii.gz	0.089586305278174	0.5659828782081604	0.2354432493448257	0.5454270839691162	0.6216766238212585	0.555260956287384	0.1620642244815826	0.6477795839309692	0.6643341779708862	sub-20953	ses-1				space-ACPC			DSIStudio	autotrackgqi
Cerebellum_MiddleCerebellarPeduncle	isovf	NODDI	/scratch/executivefunction/SLURM_8364170_109/job-8364170-109-sub-20953-ses-1/ds/inputs/data/qsiprep/qsiprep/sub-20953/ses-1/dwi/sub-20953_ses-1_space-ACPC_desc-preproc_dwi.nii.gz	0.503851640513552	0.186172530055046	0.3022448122501373	0.0	0.3752356171607971	0.2496152371168136	0.3364208936691284	0.1802060008049011	0.2575505971908569	sub-20953	ses-1				space-ACPC			DSIStudio	autotrackgqi
Cerebellum_MiddleCerebellarPeduncle	modulated_icvf	NODDI	/scratch/executivefunction/SLURM_8364170_109/job-8364170-109-sub-20953-ses-1/ds/inputs/data/qsiprep/qsiprep/sub-20953/ses-1/dwi/sub-20953_ses-1_space-ACPC_desc-preproc_dwi.nii.gz	0.089586305278174	0.465557187795639	0.1972896009683609	0.5045454502105713	0.5113688111305237	0.5188371539115906	0.1390202939510345	0.5210133790969849	0.5343283414840698	sub-20953	ses-1				space-ACPC			DSIStudio	autotrackgqi
Cerebellum_MiddleCerebellarPeduncle	modulated_od	NODDI	/scratch/executivefunction/SLURM_8364170_109/job-8364170-109-sub-20953-ses-1/ds/inputs/data/qsiprep/qsiprep/sub-20953/ses-1/dwi/sub-20953_ses-1_space-ACPC_desc-preproc_dwi.nii.gz	0.0125534950071326	0.3818472325801849	0.2189228981733322	0.4200388193130493	0.3867016732692718	0.4234100878238678	0.2160076647996902	0.3311064541339874	0.3329847455024719	sub-20953	ses-1				space-ACPC			DSIStudio	autotrackgqi
Cerebellum_MiddleCerebellarPeduncle	nrmse	NODDI	/scratch/executivefunction/SLURM_8364170_109/job-8364170-109-sub-20953-ses-1/ds/inputs/data/qsiprep/qsiprep/sub-20953/ses-1/dwi/sub-20953_ses-1_space-ACPC_desc-preproc_dwi.nii.gz	0.0276747503566333	0.1262401789426803	0.0740452706813812	0.1046394482254982	0.1298332810401916	0.1059418618679046	0.0719183534383773	0.1289564669132232	0.130068227648735	sub-20953	ses-1				space-ACPC			DSIStudio	autotrackgqi
Cerebellum_MiddleCerebellarPeduncle	od	NODDI	/scratch/executivefunction/SLURM_8364170_109/job-8364170-109-sub-20953-ses-1/ds/inputs/data/qsiprep/qsiprep/sub-20953/ses-1/dwi/sub-20953_ses-1_space-ACPC_desc-preproc_dwi.nii.gz	0.0119828815977175	0.4943603575229645	0.2171671837568283	0.4865836501121521	0.5003560781478882	0.4892852306365967	0.2115031629800796	0.4050925076007843	0.407381922006607	sub-20953	ses-1				space-ACPC			DSIStudio	autotrackgqi
Cerebellum_MiddleCerebellarPeduncle	rmse	NODDI	/scratch/executivefunction/SLURM_8364170_109/job-8364170-109-sub-20953-ses-1/ds/inputs/data/qsiprep/qsiprep/sub-20953/ses-1/dwi/sub-20953_ses-1_space-ACPC_desc-preproc_dwi.nii.gz	0.0276747503566333	0.0495112091302871	0.0293272174894809	0.0426339656114578	0.0509204193949699	0.0431244224309921	0.0285097956657409	0.0528009198606014	0.0532561279833316	sub-20953	ses-1				space-ACPC			DSIStudio	autotrackgqi
Cerebellum_MiddleCerebellarPeduncle	tf	NODDI	/scratch/executivefunction/SLURM_8364170_109/job-8364170-109-sub-20953-ses-1/ds/inputs/data/qsiprep/qsiprep/sub-20953/ses-1/dwi/sub-20953_ses-1_space-ACPC_desc-preproc_dwi.nii.gz	0.0738944365192582	0.8018445822379728	0.3142124491004416	0.9933273196220398	0.8658241715169731	1.0	0.226300823340603	0.8141741565276727	0.8324816186499326	sub-20953	ses-1				space-ACPC			DSIStudio	autotrackgqi
Cerebellum_InferiorCerebellarPeduncleR	directions	NODDI	/scratch/executivefunction/SLURM_8364170_109/job-8364170-109-sub-20953-ses-1/ds/inputs/data/qsiprep/qsiprep/sub-20953/ses-1/dwi/sub-20953_ses-1_space-ACPC_desc-preproc_dwi.nii.gz	8.0	-0.0843359157443046	0.5700588226318359	-0.1160781756043434	-0.0846543088555336	-0.1206993609666824	0.5711103081703186	-0.1477393507957458		sub-20953	ses-1				space-ACPC			DSIStudio	autotrackgqi
Cerebellum_InferiorCerebellarPeduncleR	icvf	NODDI	/scratch/executivefunction/SLURM_8364170_109/job-8364170-109-sub-20953-ses-1/ds/inputs/data/qsiprep/qsiprep/sub-20953/ses-1/dwi/sub-20953_ses-1_space-ACPC_desc-preproc_dwi.nii.gz	0.083215796897038	0.5544105172157288	0.2217944711446762	0.5453765988349915	0.604733943939209	0.5548207759857178	0.15239979326725	0.5832244157791138	0.6083100438117981	sub-20953	ses-1				space-ACPC			DSIStudio	autotrackgqi
Cerebellum_InferiorCerebellarPeduncleR	isovf	NODDI	/scratch/executivefunction/SLURM_8364170_109/job-8364170-109-sub-20953-ses-1/ds/inputs/data/qsiprep/qsiprep/sub-20953/ses-1/dwi/sub-20953_ses-1_space-ACPC_desc-preproc_dwi.nii.gz	0.4927127409496944	0.2094883024692535	0.3165964782238006	0.0080992132425308	0.4129579365253448	0.3047004640102386	0.3369903862476349	0.2070188522338867	0.3515067100524902	sub-20953	ses-1				space-ACPC			DSIStudio	autotrackgqi
Cerebellum_InferiorCerebellarPeduncleR	modulated_icvf	NODDI	/scratch/executivefunction/SLURM_8364170_109/job-8364170-109-sub-20953-ses-1/ds/inputs/data/qsiprep/qsiprep/sub-20953/ses-1/dwi/sub-20953_ses-1_space-ACPC_desc-preproc_dwi.nii.gz	0.083215796897038	0.4368644654750824	0.1856621503829956	0.5045454502105713	0.476518303155899	0.5045454502105713	0.1367607861757278	0.457612007856369	0.477294772863388	sub-20953	ses-1				space-ACPC			DSIStudio	autotrackgqi
Cerebellum_InferiorCerebellarPeduncleR	modulated_od	NODDI	/scratch/executivefunction/SLURM_8364170_109/job-8364170-109-sub-20953-ses-1/ds/inputs/data/qsiprep/qsiprep/sub-20953/ses-1/dwi/sub-20953_ses-1_space-ACPC_desc-preproc_dwi.nii.gz	0.007052186177715	0.3666583001613617	0.2160578221082687	0.3930018842220306	0.3692623972892761	0.3951475024223327	0.2145947813987732	0.3536211252212524	0.3571999073028564	sub-20953	ses-1				space-ACPC			DSIStudio	autotrackgqi
Cerebellum_InferiorCerebellarPeduncleR	nrmse	NODDI	/scratch/executivefunction/SLURM_8364170_109/job-8364170-109-sub-20953-ses-1/ds/inputs/data/qsiprep/qsiprep/sub-20953/ses-1/dwi/sub-20953_ses-1_space-ACPC_desc-preproc_dwi.nii.gz	0.0244475787494123	0.113800324499607	0.0571953803300857	0.0986416712403297	0.1166521832346916	0.0996206030249595	0.0549601204693317	0.1091860756278038	0.1095970943570137	sub-20953	ses-1				space-ACPC			DSIStudio	autotrackgqi
Cerebellum_InferiorCerebellarPeduncleR	od	NODDI	/scratch/executivefunction/SLURM_8364170_109/job-8364170-109-sub-20953-ses-1/ds/inputs/data/qsiprep/qsiprep/sub-20953/ses-1/dwi/sub-20953_ses-1_space-ACPC_desc-preproc_dwi.nii.gz	0.003761165961448	0.4890551567077636	0.2123911529779434	0.4686805605888366	0.4909015297889709	0.4688872992992401	0.2106512188911438	0.462664932012558	0.4630160927772522	sub-20953	ses-1				space-ACPC			DSIStudio	autotrackgqi
Cerebellum_InferiorCerebellarPeduncleR	rmse	NODDI	/scratch/executivefunction/SLURM_8364170_109/job-8364170-109-sub-20953-ses-1/ds/inputs/data/qsiprep/qsiprep/sub-20953/ses-1/dwi/sub-20953_ses-1_space-ACPC_desc-preproc_dwi.nii.gz	0.0244475787494123	0.0434227921068668	0.0198371894657611	0.0398144572973251	0.0445109754800796	0.0401329323649406	0.0188398379832506	0.0421459339559078	0.0423045866191387	sub-20953	ses-1				space-ACPC			DSIStudio	autotrackgqi
Cerebellum_InferiorCerebellarPeduncleR	tf	NODDI	/scratch/executivefunction/SLURM_8364170_109/job-8364170-109-sub-20953-ses-1/ds/inputs/data/qsiprep/qsiprep/sub-20953/ses-1/dwi/sub-20953_ses-1_space-ACPC_desc-preproc_dwi.nii.gz	0.0625293841090738	0.7867505440815099	0.3200070376299566	0.9888296127319336	0.8392268842835364	1.0	0.2553337802627499	0.7922227722599828	0.8237273220840993	sub-20953	ses-1				space-ACPC			DSIStudio	autotrackgqi
Cerebellum_InferiorCerebellarPeduncleL	directions	NODDI	/scratch/executivefunction/SLURM_8364170_109/job-8364170-109-sub-20953-ses-1/ds/inputs/data/qsiprep/qsiprep/sub-20953/ses-1/dwi/sub-20953_ses-1_space-ACPC_desc-preproc_dwi.nii.gz	0.0	-0.0597927793860435	0.5742456912994385	-0.1385083198547363	-0.0597927793860435	-0.1385083198547363	0.5742456912994385	-0.1768888682126999		sub-20953	ses-1				space-ACPC			DSIStudio	autotrackgqi
Cerebellum_InferiorCerebellarPeduncleL	icvf	NODDI	/scratch/executivefunction/SLURM_8364170_109/job-8364170-109-sub-20953-ses-1/ds/inputs/data/qsiprep/qsiprep/sub-20953/ses-1/dwi/sub-20953_ses-1_space-ACPC_desc-preproc_dwi.nii.gz	0.141491395793499	0.5192033648490906	0.2738344669342041	0.5048455595970154	0.6047736406326294	0.5245567560195923	0.1886612027883529	0.5704671144485474	0.6353040933609009	sub-20953	ses-1				space-ACPC			DSIStudio	autotrackgqi
Cerebellum_InferiorCerebellarPeduncleL	isovf	NODDI	/scratch/executivefunction/SLURM_8364170_109/job-8364170-109-sub-20953-ses-1/ds/inputs/data/qsiprep/qsiprep/sub-20953/ses-1/dwi/sub-20953_ses-1_space-ACPC_desc-preproc_dwi.nii.gz	0.3231357552581262	0.3614209592342376	0.3691490888595581	0.2217462807893753	0.5339637398719788	0.5095376372337341	0.3304473161697387	0.4042378664016723	0.5597349405288696	sub-20953	ses-1				space-ACPC			DSIStudio	autotrackgqi
Cerebellum_InferiorCerebellarPeduncleL	modulated_icvf	NODDI	/scratch/executivefunction/SLURM_8364170_109/job-8364170-109-sub-20953-ses-1/ds/inputs/data/qsiprep/qsiprep/sub-20953/ses-1/dwi/sub-20953_ses-1_space-ACPC_desc-preproc_dwi.nii.gz	0.141491395793499	0.3283585011959076	0.1861997991800308	0.3680823743343353	0.3824754953384399	0.4032985866069793	0.1403067857027053	0.3219801783561706	0.3585752248764038	sub-20953	ses-1				space-ACPC			DSIStudio	autotrackgqi
Cerebellum_InferiorCerebellarPeduncleL	modulated_od	NODDI	/scratch/executivefunction/SLURM_8364170_109/job-8364170-109-sub-20953-ses-1/ds/inputs/data/qsiprep/qsiprep/sub-20953/ses-1/dwi/sub-20953_ses-1_space-ACPC_desc-preproc_dwi.nii.gz	0.0038240917782026	0.299072653055191	0.2309527397155761	0.2858524024486542	0.3002207279205322	0.2863775193691253	0.2306496202945709	0.2931366562843323	0.2944857478141784	sub-20953	ses-1				space-ACPC			DSIStudio	autotrackgqi
Cerebellum_InferiorCerebellarPeduncleL	nrmse	NODDI	/scratch/executivefunction/SLURM_8364170_109/job-8364170-109-sub-20953-ses-1/ds/inputs/data/qsiprep/qsiprep/sub-20953/ses-1/dwi/sub-20953_ses-1_space-ACPC_desc-preproc_dwi.nii.gz	0.02868068833652	0.120422825217247	0.0592328831553459	0.104288212954998	0.1239786148071289	0.1055855154991149	0.0563142150640487	0.1096808090806007	0.1117726564407348	sub-20953	ses-1				space-ACPC			DSIStudio	autotrackgqi
Cerebellum_InferiorCerebellarPeduncleL	od	NODDI	/scratch/executivefunction/SLURM_8364170_109/job-8364170-109-sub-20953-ses-1/ds/inputs/data/qsiprep/qsiprep/sub-20953/ses-1/dwi/sub-20953_ses-1_space-ACPC_desc-preproc_dwi.nii.gz	0.0	0.5095900893211365	0.2470472455024719	0.4683359563350677	0.5095900893211365	0.4683359563350677	0.2470472455024719	0.5154381990432739	0.5154381990432739	sub-20953	ses-1				space-ACPC			DSIStudio	autotrackgqi
Cerebellum_InferiorCerebellarPeduncleL	rmse	NODDI	/scratch/executivefunction/SLURM_8364170_109/job-8364170-109-sub-20953-ses-1/ds/inputs/data/qsiprep/qsiprep/sub-20953/ses-1/dwi/sub-20953_ses-1_space-ACPC_desc-preproc_dwi.nii.gz	0.02868068833652	0.0413524508476257	0.0182479433715343	0.0375592783093452	0.0425734892487525	0.038171149790287	0.0170539114624261	0.037083726376295	0.0377909950911998	sub-20953	ses-1				space-ACPC			DSIStudio	autotrackgqi
Cerebellum_InferiorCerebellarPeduncleL	tf	NODDI	/scratch/executivefunction/SLURM_8364170_109/job-8364170-109-sub-20953-ses-1/ds/inputs/data/qsiprep/qsiprep/sub-20953/ses-1/dwi/sub-20953_ses-1_space-ACPC_desc-preproc_dwi.nii.gz	0.1128107074569789	0.6385790215623538	0.3691491119448041	0.7782537341117859	0.7197776471489462	0.8348518013954163	0.3084699048099652	0.595762132267287	0.6499281007450629	sub-20953	ses-1				space-ACPC			DSIStudio	autotrackgqi
Cerebellum_SuperiorCerebellarPeduncle	directions	NODDI	/scratch/executivefunction/SLURM_8364170_109/job-8364170-109-sub-20953-ses-1/ds/inputs/data/qsiprep/qsiprep/sub-20953/ses-1/dwi/sub-20953_ses-1_space-ACPC_desc-preproc_dwi.nii.gz	0.0	-0.0410943254828453	0.5758858919143677	-0.0462285280227661	-0.0410943254828453	-0.0462285280227661	0.5758858919143677	-0.0616444051265716		sub-20953	ses-1				space-ACPC			DSIStudio	autotrackgqi
Cerebellum_SuperiorCerebellarPeduncle	icvf	NODDI	/scratch/executivefunction/SLURM_8364170_109/job-8364170-109-sub-20953-ses-1/ds/inputs/data/qsiprep/qsiprep/sub-20953/ses-1/dwi/sub-20953_ses-1_space-ACPC_desc-preproc_dwi.nii.gz	0.0327380952380952	0.6316282153129578	0.2303129136562347	0.5783815383911133	0.653006374835968	0.5875948667526245	0.2021862566471099	0.6171970963478088	0.6256594657897949	sub-20953	ses-1				space-ACPC			DSIStudio	autotrackgqi
Cerebellum_SuperiorCerebellarPeduncle	isovf	NODDI	/scratch/executivefunction/SLURM_8364170_109/job-8364170-109-sub-20953-ses-1/ds/inputs/data/qsiprep/qsiprep/sub-20953/ses-1/dwi/sub-20953_ses-1_space-ACPC_desc-preproc_dwi.nii.gz	0.3005952380952381	0.1743962466716766	0.2126910537481308	0.0925005227327346	0.2493495345115661	0.1732842475175857	0.2144537568092346	0.1375040113925933	0.1940101087093353	sub-20953	ses-1				space-ACPC			DSIStudio	autotrackgqi
Cerebellum_SuperiorCerebellarPeduncle	modulated_icvf	NODDI	/scratch/executivefunction/SLURM_8364170_109/job-8364170-109-sub-20953-ses-1/ds/inputs/data/qsiprep/qsiprep/sub-20953/ses-1/dwi/sub-20953_ses-1_space-ACPC_desc-preproc_dwi.nii.gz	0.0327380952380952	0.4960476160049438	0.1845425814390182	0.4787964820861816	0.5128369331359863	0.4839892089366913	0.1630903333425521	0.515075147151947	0.5221374034881592	sub-20953	ses-1				space-ACPC			DSIStudio	autotrackgqi
Cerebellum_SuperiorCerebellarPeduncle	modulated_od	NODDI	/scratch/executivefunction/SLURM_8364170_109/job-8364170-109-sub-20953-ses-1/ds/inputs/data/qsiprep/qsiprep/sub-20953/ses-1/dwi/sub-20953_ses-1_space-ACPC_desc-preproc_dwi.nii.gz	0.0029761904761904	0.2830089032649994	0.2121382355690002	0.2336897850036621	0.2838537096977234	0.2341019064188003	0.2118895053863525	0.2532027065753937	0.2534312009811401	sub-20953	ses-1				space-ACPC			DSIStudio	autotrackgqi
Cerebellum_SuperiorCerebellarPeduncle	nrmse	NODDI	/scratch/executivefunction/SLURM_8364170_109/job-8364170-109-sub-20953-ses-1/ds/inputs/data/qsiprep/qsiprep/sub-20953/ses-1/dwi/sub-20953_ses-1_space-ACPC_desc-preproc_dwi.nii.gz	0.0297619047619047	0.1514801681041717	0.0824334099888801	0.1221707314252853	0.1561267971992492	0.1232639253139495	0.0792353898286819	0.1404031068086624	0.1421982049942016	sub-20953	ses-1				space-ACPC			DSIStudio	autotrackgqi
Cerebellum_SuperiorCerebellarPeduncle	od	NODDI	/scratch/executivefunction/SLURM_8364170_109/job-8364170-109-sub-20953-ses-1/ds/inputs/data/qsiprep/qsiprep/sub-20953/ses-1/dwi/sub-20953_ses-1_space-ACPC_desc-preproc_dwi.nii.gz	0.0	0.3368144333362579	0.2123913913965225	0.2881712317466736	0.3368144333362579	0.2881712317466736	0.2123913913965225	0.2920643389225006	0.2920643389225006	sub-20953	ses-1				space-ACPC			DSIStudio	autotrackgqi
Cerebellum_SuperiorCerebellarPeduncle	rmse	NODDI	/scratch/executivefunction/SLURM_8364170_109/job-8364170-109-sub-20953-ses-1/ds/inputs/data/qsiprep/qsiprep/sub-20953/ses-1/dwi/sub-20953_ses-1_space-ACPC_desc-preproc_dwi.nii.gz	0.0297619047619047	0.0707730501890182	0.0932827740907669	0.0494317784905433	0.0729440003633499	0.0503080412745475	0.0938628762960434	0.060012012720108	0.0607792809605598	sub-20953	ses-1				space-ACPC			DSIStudio	autotrackgqi
Cerebellum_SuperiorCerebellarPeduncle	tf	NODDI	/scratch/executivefunction/SLURM_8364170_109/job-8364170-109-sub-20953-ses-1/ds/inputs/data/qsiprep/qsiprep/sub-20953/ses-1/dwi/sub-20953_ses-1_space-ACPC_desc-preproc_dwi.nii.gz	0.0029761904761904	0.8256037535057181	0.2126910528422166	0.9074994921684264	0.8280682423221531	0.9075201749801636	0.2081628120059688	0.8624959887086134	0.8632743482759586	sub-20953	ses-1				space-ACPC			DSIStudio	autotrackgqi
CranialNerve_CNIIR	directions	NODDI	/scratch/executivefunction/SLURM_8364170_109/job-8364170-109-sub-20953-ses-1/ds/inputs/data/qsiprep/qsiprep/sub-20953/ses-1/dwi/sub-20953_ses-1_space-ACPC_desc-preproc_dwi.nii.gz	0.0	-0.378785640001297	0.4357232451438904	-0.3732447624206543	-0.378785640001297	-0.3732447624206543	0.4357232451438904	-1.1513230800628662		sub-20953	ses-1				space-ACPC			DSIStudio	autotrackgqi
CranialNerve_CNIIR	icvf	NODDI	/scratch/executivefunction/SLURM_8364170_109/job-8364170-109-sub-20953-ses-1/ds/inputs/data/qsiprep/qsiprep/sub-20953/ses-1/dwi/sub-20953_ses-1_space-ACPC_desc-preproc_dwi.nii.gz	0.0	0.8937781453132629	0.1062125042080879	0.9513447880744934	0.8937781453132629	0.9513447880744934	0.1062125042080879	0.8529037833213806	0.8529036641120911	sub-20953	ses-1				space-ACPC			DSIStudio	autotrackgqi
CranialNerve_CNIIR	isovf	NODDI	/scratch/executivefunction/SLURM_8364170_109/job-8364170-109-sub-20953-ses-1/ds/inputs/data/qsiprep/qsiprep/sub-20953/ses-1/dwi/sub-20953_ses-1_space-ACPC_desc-preproc_dwi.nii.gz	0.1714285714285714	0.3761405944824219	0.2815889418125152	0.3822022676467895	0.4539627730846405	0.4996398389339447	0.2457015663385391	0.2701299488544464	0.3756773769855499	sub-20953	ses-1				space-ACPC			DSIStudio	autotrackgqi
CranialNerve_CNIIR	modulated_icvf	NODDI	/scratch/executivefunction/SLURM_8364170_109/job-8364170-109-sub-20953-ses-1/ds/inputs/data/qsiprep/qsiprep/sub-20953/ses-1/dwi/sub-20953_ses-1_space-ACPC_desc-preproc_dwi.nii.gz	0.0	0.5311002731323242	0.195149540901184	0.5824745297431946	0.5311002731323242	0.5824745297431946	0.195149540901184	0.5974040031433105	0.5974039435386658	sub-20953	ses-1				space-ACPC			DSIStudio	autotrackgqi
CranialNerve_CNIIR	modulated_od	NODDI	/scratch/executivefunction/SLURM_8364170_109/job-8364170-109-sub-20953-ses-1/ds/inputs/data/qsiprep/qsiprep/sub-20953/ses-1/dwi/sub-20953_ses-1_space-ACPC_desc-preproc_dwi.nii.gz	0.0	0.0548361539840698	0.0221402142196893	0.0519060082733631	0.0548361539840698	0.0519060082733631	0.0221402142196893	0.0523939058184623	0.052393902093172	sub-20953	ses-1				space-ACPC			DSIStudio	autotrackgqi
CranialNerve_CNIIR	nrmse	NODDI	/scratch/executivefunction/SLURM_8364170_109/job-8364170-109-sub-20953-ses-1/ds/inputs/data/qsiprep/qsiprep/sub-20953/ses-1/dwi/sub-20953_ses-1_space-ACPC_desc-preproc_dwi.nii.gz	0.0	0.1712589710950851	0.0739422217011451	0.1344663351774215	0.1712589710950851	0.1344663351774215	0.0739422217011451	0.1657653450965881	0.1657653450965881	sub-20953	ses-1				space-ACPC			DSIStudio	autotrackgqi
CranialNerve_CNIIR	od	NODDI	/scratch/executivefunction/SLURM_8364170_109/job-8364170-109-sub-20953-ses-1/ds/inputs/data/qsiprep/qsiprep/sub-20953/ses-1/dwi/sub-20953_ses-1_space-ACPC_desc-preproc_dwi.nii.gz	0.0	0.1322223544120788	0.1250603049993515	0.0633588656783104	0.1322223544120788	0.0633588656783104	0.1250603049993515	0.1031258776783943	0.1031258702278137	sub-20953	ses-1				space-ACPC			DSIStudio	autotrackgqi
CranialNerve_CNIIR	rmse	NODDI	/scratch/executivefunction/SLURM_8364170_109/job-8364170-109-sub-20953-ses-1/ds/inputs/data/qsiprep/qsiprep/sub-20953/ses-1/dwi/sub-20953_ses-1_space-ACPC_desc-preproc_dwi.nii.gz	0.0	0.0664359331130981	0.0186345521360635	0.0641745701432228	0.0664359331130981	0.0641745701432228	0.0186345521360635	0.0690290629863739	0.0690290629863739	sub-20953	ses-1				space-ACPC			DSIStudio	autotrackgqi
CranialNerve_CNIIR	tf	NODDI	/scratch/executivefunction/SLURM_8364170_109/job-8364170-109-sub-20953-ses-1/ds/inputs/data/qsiprep/qsiprep/sub-20953/ses-1/dwi/sub-20953_ses-1_space-ACPC_desc-preproc_dwi.nii.gz	0.0	0.6238594055175781	0.2815889421903194	0.6177977323532104	0.6238594055175781	0.6177977323532104	0.2815889421903194	0.7298700814726221	0.729869996006738	sub-20953	ses-1				space-ACPC			DSIStudio	autotrackgqi
CranialNerve_CNVIIIL	directions	NODDI	/scratch/executivefunction/SLURM_8364170_109/job-8364170-109-sub-20953-ses-1/ds/inputs/data/qsiprep/qsiprep/sub-20953/ses-1/dwi/sub-20953_ses-1_space-ACPC_desc-preproc_dwi.nii.gz	1.0	0.0200251340866088	0.5753687024116516	-0.0375244244933128	0.0201389137655496	-0.0377936363220214	0.5769989490509033	0.1341686695814132		sub-20953	ses-1				space-ACPC			DSIStudio	autotrackgqi
CranialNerve_CNVIIIL	icvf	NODDI	/scratch/executivefunction/SLURM_8364170_109/job-8364170-109-sub-20953-ses-1/ds/inputs/data/qsiprep/qsiprep/sub-20953/ses-1/dwi/sub-20953_ses-1_space-ACPC_desc-preproc_dwi.nii.gz	0.7005649717514124	0.2459131628274917	0.3960946798324585	0.0	0.8212571740150452	0.9900000095367432	0.2268287986516952	0.2388521432876587	0.8960205912590027	sub-20953	ses-1				space-ACPC			DSIStudio	autotrackgqi
CranialNerve_CNVIIIL	isovf	NODDI	/scratch/executivefunction/SLURM_8364170_109/job-8364170-109-sub-20953-ses-1/ds/inputs/data/qsiprep/qsiprep/sub-20953/ses-1/dwi/sub-20953_ses-1_space-ACPC_desc-preproc_dwi.nii.gz	0.0282485875706214	0.8699454665184021	0.2602347731590271	1.0	0.8952345848083496	1.0	0.2169126868247985	0.9265198707580566	0.9314770102500916	sub-20953	ses-1				space-ACPC			DSIStudio	autotrackgqi
CranialNerve_CNVIIIL	modulated_icvf	NODDI	/scratch/executivefunction/SLURM_8364170_109/job-8364170-109-sub-20953-ses-1/ds/inputs/data/qsiprep/qsiprep/sub-20953/ses-1/dwi/sub-20953_ses-1_space-ACPC_desc-preproc_dwi.nii.gz	0.7005649717514124	0.0703443363308906	0.1210673302412033	0.0	0.2349235415458679	0.2028518915176391	0.1014214679598808	0.0540366508066654	0.2027109861373901	sub-20953	ses-1				space-ACPC			DSIStudio	autotrackgqi
CranialNerve_CNVIIIL	modulated_od	NODDI	/scratch/executivefunction/SLURM_8364170_109/job-8364170-109-sub-20953-ses-1/ds/inputs/data/qsiprep/qsiprep/sub-20953/ses-1/dwi/sub-20953_ses-1_space-ACPC_desc-preproc_dwi.nii.gz	0.0056497175141242	0.0564156994223594	0.1567959487438202	1.1102230246251563e-16	0.0567362420260906	1.1102230246251563e-16	0.1571829169988632	0.0307908467948436	0.0308206640183925	sub-20953	ses-1				space-ACPC			DSIStudio	autotrackgqi
CranialNerve_CNVIIIL	nrmse	NODDI	/scratch/executivefunction/SLURM_8364170_109/job-8364170-109-sub-20953-ses-1/ds/inputs/data/qsiprep/qsiprep/sub-20953/ses-1/dwi/sub-20953_ses-1_space-ACPC_desc-preproc_dwi.nii.gz	0.0225988700564971	0.2577666938304901	0.0976111963391304	0.2678449153900146	0.2637265920639038	0.2686958014965057	0.0904237553477287	0.255160927772522	0.256276786327362	sub-20953	ses-1				space-ACPC			DSIStudio	autotrackgqi
CranialNerve_CNVIIIL	od	NODDI	/scratch/executivefunction/SLURM_8364170_109/job-8364170-109-sub-20953-ses-1/ds/inputs/data/qsiprep/qsiprep/sub-20953/ses-1/dwi/sub-20953_ses-1_space-ACPC_desc-preproc_dwi.nii.gz	0.0056497175141242	0.8134515881538391	0.3028793632984161	1.0	0.8180734515190125	1.0	0.2974493205547333	0.843370795249939	0.8441876173019409	sub-20953	ses-1				space-ACPC			DSIStudio	autotrackgqi
CranialNerve_CNVIIIL	rmse	NODDI	/scratch/executivefunction/SLURM_8364170_109/job-8364170-109-sub-20953-ses-1/ds/inputs/data/qsiprep/qsiprep/sub-20953/ses-1/dwi/sub-20953_ses-1_space-ACPC_desc-preproc_dwi.nii.gz	0.0225988700564971	0.0724125280976295	0.027708277106285	0.0718904584646225	0.074086807668209	0.0720269232988357	0.0257188286632299	0.0706931725144386	0.0710023194551467	sub-20953	ses-1				space-ACPC			DSIStudio	autotrackgqi
CranialNerve_CNVIIIL	tf	NODDI	/scratch/executivefunction/SLURM_8364170_109/job-8364170-109-sub-20953-ses-1/ds/inputs/data/qsiprep/qsiprep/sub-20953/ses-1/dwi/sub-20953_ses-1_space-ACPC_desc-preproc_dwi.nii.gz	0.6836158192090396	0.1244047859967765	0.2520119861798612	0.0	0.39320798431124	0.2162238359451294	0.3082880644023854	0.0725124840579968	0.2686080660259798	sub-20953	ses-1				space-ACPC			DSIStudio	autotrackgqi
CranialNerve_CNVIIR	directions	NODDI	/scratch/executivefunction/SLURM_8364170_109/job-8364170-109-sub-20953-ses-1/ds/inputs/data/qsiprep/qsiprep/sub-20953/ses-1/dwi/sub-20953_ses-1_space-ACPC_desc-preproc_dwi.nii.gz	0.0	0.0481346026062965	0.5753402709960938	0.0632549971342086	0.0481346026062965	0.0632549971342086	0.5753402709960938	0.2556728720664978		sub-20953	ses-1				space-ACPC			DSIStudio	autotrackgqi
CranialNerve_CNVIIR	icvf	NODDI	/scratch/executivefunction/SLURM_8364170_109/job-8364170-109-sub-20953-ses-1/ds/inputs/data/qsiprep/qsiprep/sub-20953/ses-1/dwi/sub-20953_ses-1_space-ACPC_desc-preproc_dwi.nii.gz	0.2352941176470588	0.6754775047302246	0.398281991481781	0.8686363697052002	0.883316695690155	0.9900000095367432	0.1544326096773147	0.6823756694793701	0.8891561627388	sub-20953	ses-1				space-ACPC			DSIStudio	autotrackgqi
CranialNerve_CNVIIR	isovf	NODDI	/scratch/executivefunction/SLURM_8364170_109/job-8364170-109-sub-20953-ses-1/ds/inputs/data/qsiprep/qsiprep/sub-20953/ses-1/dwi/sub-20953_ses-1_space-ACPC_desc-preproc_dwi.nii.gz	0.088235294117647	0.6536341905593872	0.280213862657547	0.688843309879303	0.7168890833854675	0.6957700252532959	0.2019201070070266	0.6875290870666504	0.7390937209129333	sub-20953	ses-1				space-ACPC			DSIStudio	autotrackgqi
CranialNerve_CNVIIR	modulated_icvf	NODDI	/scratch/executivefunction/SLURM_8364170_109/job-8364170-109-sub-20953-ses-1/ds/inputs/data/qsiprep/qsiprep/sub-20953/ses-1/dwi/sub-20953_ses-1_space-ACPC_desc-preproc_dwi.nii.gz	0.2352941176470588	0.2485935240983963	0.2184468209743499	0.251790702342987	0.32508385181427	0.2766789197921753	0.1937421411275863	0.2420943677425384	0.3154563009738922	sub-20953	ses-1				space-ACPC			DSIStudio	autotrackgqi
CranialNerve_CNVIIR	modulated_od	NODDI	/scratch/executivefunction/SLURM_8364170_109/job-8364170-109-sub-20953-ses-1/ds/inputs/data/qsiprep/qsiprep/sub-20953/ses-1/dwi/sub-20953_ses-1_space-ACPC_desc-preproc_dwi.nii.gz	0.0588235294117647	0.1797559857368469	0.2626176178455353	0.0692072808742523	0.1909907311201095	0.0798585265874862	0.2667073309421539	0.1494231522083282	0.1586467921733856	sub-20953	ses-1				space-ACPC			DSIStudio	autotrackgqi
CranialNerve_CNVIIR	nrmse	NODDI	/scratch/executivefunction/SLURM_8364170_109/job-8364170-109-sub-20953-ses-1/ds/inputs/data/qsiprep/qsiprep/sub-20953/ses-1/dwi/sub-20953_ses-1_space-ACPC_desc-preproc_dwi.nii.gz	0.0588235294117647	0.1792275309562683	0.0803059339523315	0.1788558363914489	0.1904292553663253	0.1838939189910888	0.0686947777867317	0.1830896288156509	0.1897073239088058	sub-20953	ses-1				space-ACPC			DSIStudio	autotrackgqi
CranialNerve_CNVIIR	od	NODDI	/scratch/executivefunction/SLURM_8364170_109/job-8364170-109-sub-20953-ses-1/ds/inputs/data/qsiprep/qsiprep/sub-20953/ses-1/dwi/sub-20953_ses-1_space-ACPC_desc-preproc_dwi.nii.gz	0.0	0.5185496211051941	0.325251817703247	0.4040718078613281	0.5185496211051941	0.4040718078613281	0.325251817703247	0.5066487789154053	0.5066487789154053	sub-20953	ses-1				space-ACPC			DSIStudio	autotrackgqi
CranialNerve_CNVIIR	rmse	NODDI	/scratch/executivefunction/SLURM_8364170_109/job-8364170-109-sub-20953-ses-1/ds/inputs/data/qsiprep/qsiprep/sub-20953/ses-1/dwi/sub-20953_ses-1_space-ACPC_desc-preproc_dwi.nii.gz	0.0588235294117647	0.0599048621952533	0.0382221564650535	0.0547079890966415	0.0636489167809486	0.0571130290627479	0.0362482592463493	0.0612435974180698	0.0634572207927703	sub-20953	ses-1				space-ACPC			DSIStudio	autotrackgqi
CranialNerve_CNVIIR	tf	NODDI	/scratch/executivefunction/SLURM_8364170_109/job-8364170-109-sub-20953-ses-1/ds/inputs/data/qsiprep/qsiprep/sub-20953/ses-1/dwi/sub-20953_ses-1_space-ACPC_desc-preproc_dwi.nii.gz	0.1764705882352941	0.3463657445767346	0.2802138728259125	0.311156690120697	0.4205869755574635	0.3445417582988739	0.2532370549596521	0.3124708918825417	0.3894564586463151	sub-20953	ses-1				space-ACPC			DSIStudio	autotrackgqi
CranialNerve_CNVR	directions	NODDI	/scratch/executivefunction/SLURM_8364170_109/job-8364170-109-sub-20953-ses-1/ds/inputs/data/qsiprep/qsiprep/sub-20953/ses-1/dwi/sub-20953_ses-1_space-ACPC_desc-preproc_dwi.nii.gz	0.0	0.0209774263203144	0.5769690275192261	-0.0083248270675539	0.0209774263203144	-0.0083248270675539	0.5769690275192261	0.0724096447229385		sub-20953	ses-1				space-ACPC			DSIStudio	autotrackgqi
CranialNerve_CNVR	icvf	NODDI	/scratch/executivefunction/SLURM_8364170_109/job-8364170-109-sub-20953-ses-1/ds/inputs/data/qsiprep/qsiprep/sub-20953/ses-1/dwi/sub-20953_ses-1_space-ACPC_desc-preproc_dwi.nii.gz	0.0277777777777777	0.6586387753486633	0.2070552408695221	0.6262112855911255	0.6774570345878601	0.6313794851303101	0.1770543158054351	0.6406642198562622	0.6502983570098877	sub-20953	ses-1				space-ACPC			DSIStudio	autotrackgqi
CranialNerve_CNVR	isovf	NODDI	/scratch/executivefunction/SLURM_8364170_109/job-8364170-109-sub-20953-ses-1/ds/inputs/data/qsiprep/qsiprep/sub-20953/ses-1/dwi/sub-20953_ses-1_space-ACPC_desc-preproc_dwi.nii.gz	0.25	0.2142261862754821	0.2333885878324508	0.1255180388689041	0.2856349349021911	0.2010620683431625	0.2285391837358474	0.1683398783206939	0.2373460382223129	sub-20953	ses-1				space-ACPC			DSIStudio	autotrackgqi
CranialNerve_CNVR	modulated_icvf	NODDI	/scratch/executivefunction/SLURM_8364170_109/job-8364170-109-sub-20953-ses-1/ds/inputs/data/qsiprep/qsiprep/sub-20953/ses-1/dwi/sub-20953_ses-1_space-ACPC_desc-preproc_dwi.nii.gz	0.0277777777777777	0.4973089396953583	0.1638740450143814	0.5038072466850281	0.5115177631378174	0.5052094459533691	0.1426671594381332	0.5146365761756897	0.5223754644393921	sub-20953	ses-1				space-ACPC			DSIStudio	autotrackgqi
CranialNerve_CNVR	modulated_od	NODDI	/scratch/executivefunction/SLURM_8364170_109/job-8364170-109-sub-20953-ses-1/ds/inputs/data/qsiprep/qsiprep/sub-20953/ses-1/dwi/sub-20953_ses-1_space-ACPC_desc-preproc_dwi.nii.gz	0.0092592592592592	0.2304450422525406	0.1642498224973678	0.2011020481586456	0.2325987368822097	0.2027970552444458	0.1634906232357025	0.223761036992073	0.2241761982440948	sub-20953	ses-1				space-ACPC			DSIStudio	autotrackgqi
CranialNerve_CNVR	nrmse	NODDI	/scratch/executivefunction/SLURM_8364170_109/job-8364170-109-sub-20953-ses-1/ds/inputs/data/qsiprep/qsiprep/sub-20953/ses-1/dwi/sub-20953_ses-1_space-ACPC_desc-preproc_dwi.nii.gz	0.0185185185185185	0.1461016535758972	0.0689689964056015	0.1234217584133148	0.148858293890953	0.1235616654157638	0.066604234278202	0.1343636512756347	0.1361282616853714	sub-20953	ses-1				space-ACPC			DSIStudio	autotrackgqi
CranialNerve_CNVR	od	NODDI	/scratch/executivefunction/SLURM_8364170_109/job-8364170-109-sub-20953-ses-1/ds/inputs/data/qsiprep/qsiprep/sub-20953/ses-1/dwi/sub-20953_ses-1_space-ACPC_desc-preproc_dwi.nii.gz	0.0	0.3018572032451629	0.1791026890277862	0.2528172731399536	0.3018572032451629	0.2528172731399536	0.1791026890277862	0.2718886733055115	0.2718886733055115	sub-20953	ses-1				space-ACPC			DSIStudio	autotrackgqi
CranialNerve_CNVR	rmse	NODDI	/scratch/executivefunction/SLURM_8364170_109/job-8364170-109-sub-20953-ses-1/ds/inputs/data/qsiprep/qsiprep/sub-20953/ses-1/dwi/sub-20953_ses-1_space-ACPC_desc-preproc_dwi.nii.gz	0.0185185185185185	0.0604550503194332	0.0410178340971469	0.0517980046570301	0.0615957081317901	0.0518659278750419	0.0405456237494945	0.0554144792258739	0.0561422407627105	sub-20953	ses-1				space-ACPC			DSIStudio	autotrackgqi
CranialNerve_CNVR	tf	NODDI	/scratch/executivefunction/SLURM_8364170_109/job-8364170-109-sub-20953-ses-1/ds/inputs/data/qsiprep/qsiprep/sub-20953/ses-1/dwi/sub-20953_ses-1_space-ACPC_desc-preproc_dwi.nii.gz	0.0092592592592592	0.7857738093093589	0.2333885959836458	0.8744819760322571	0.793117489770194	0.8806893825531006	0.2217090502335998	0.831660136227268	0.8332030083553542	sub-20953	ses-1				space-ACPC			DSIStudio	autotrackgqi
CranialNerve_CNVIIL	directions	NODDI	/scratch/executivefunction/SLURM_8364170_109/job-8364170-109-sub-20953-ses-1/ds/inputs/data/qsiprep/qsiprep/sub-20953/ses-1/dwi/sub-20953_ses-1_space-ACPC_desc-preproc_dwi.nii.gz	0.0	0.0076343938708305	0.5772997736930847	-0.0344427712261676	0.0076343938708305	-0.0344427712261676	0.5772997736930847	0.0366792827844619		sub-20953	ses-1				space-ACPC			DSIStudio	autotrackgqi
CranialNerve_CNVIIL	icvf	NODDI	/scratch/executivefunction/SLURM_8364170_109/job-8364170-109-sub-20953-ses-1/ds/inputs/data/qsiprep/qsiprep/sub-20953/ses-1/dwi/sub-20953_ses-1_space-ACPC_desc-preproc_dwi.nii.gz	0.6181818181818182	0.3268195986747741	0.4339476227760315	0.0	0.8559561371803284	0.9900000095367432	0.2006905078887939	0.3056378662586212	0.9086377024650574	sub-20953	ses-1				space-ACPC			DSIStudio	autotrackgqi
CranialNerve_CNVIIL	isovf	NODDI	/scratch/executivefunction/SLURM_8364170_109/job-8364170-109-sub-20953-ses-1/ds/inputs/data/qsiprep/qsiprep/sub-20953/ses-1/dwi/sub-20953_ses-1_space-ACPC_desc-preproc_dwi.nii.gz	0.0454545454545454	0.8317604660987854	0.2764209806919098	1.0	0.8713681101799011	1.0	0.2133875340223312	0.8970082402229309	0.9101574420928956	sub-20953	ses-1				space-ACPC			DSIStudio	autotrackgqi
CranialNerve_CNVIIL	modulated_icvf	NODDI	/scratch/executivefunction/SLURM_8364170_109/job-8364170-109-sub-20953-ses-1/ds/inputs/data/qsiprep/qsiprep/sub-20953/ses-1/dwi/sub-20953_ses-1_space-ACPC_desc-preproc_dwi.nii.gz	0.6181818181818182	0.0927100926637649	0.1360523700714111	0.0	0.2428121566772461	0.2121883630752563	0.1096932888031005	0.0719299837946891	0.2138423025608062	sub-20953	ses-1				space-ACPC			DSIStudio	autotrackgqi
CranialNerve_CNVIIL	modulated_od	NODDI	/scratch/executivefunction/SLURM_8364170_109/job-8364170-109-sub-20953-ses-1/ds/inputs/data/qsiprep/qsiprep/sub-20953/ses-1/dwi/sub-20953_ses-1_space-ACPC_desc-preproc_dwi.nii.gz	0.0	0.0877343341708183	0.2134440541267395	1.1102230246251563e-16	0.0877343341708183	1.1102230246251563e-16	0.2134440541267395	0.0462147668004035	0.0462147668004035	sub-20953	ses-1				space-ACPC			DSIStudio	autotrackgqi
CranialNerve_CNVIIL	nrmse	NODDI	/scratch/executivefunction/SLURM_8364170_109/job-8364170-109-sub-20953-ses-1/ds/inputs/data/qsiprep/qsiprep/sub-20953/ses-1/dwi/sub-20953_ses-1_space-ACPC_desc-preproc_dwi.nii.gz	0.0409090909090909	0.2555262148380279	0.1064368113875389	0.2613531351089477	0.2664254307746887	0.2653099298477173	0.0943831801414489	0.2553471326828003	0.2590077221393585	sub-20953	ses-1				space-ACPC			DSIStudio	autotrackgqi
CranialNerve_CNVIIL	od	NODDI	/scratch/executivefunction/SLURM_8364170_109/job-8364170-109-sub-20953-ses-1/ds/inputs/data/qsiprep/qsiprep/sub-20953/ses-1/dwi/sub-20953_ses-1_space-ACPC_desc-preproc_dwi.nii.gz	0.0	0.7751563787460327	0.3234996199607849	1.0	0.7751563787460327	1.0	0.3234996199607849	0.7919366359710693	0.7919366359710693	sub-20953	ses-1				space-ACPC			DSIStudio	autotrackgqi
CranialNerve_CNVIIL	rmse	NODDI	/scratch/executivefunction/SLURM_8364170_109/job-8364170-109-sub-20953-ses-1/ds/inputs/data/qsiprep/qsiprep/sub-20953/ses-1/dwi/sub-20953_ses-1_space-ACPC_desc-preproc_dwi.nii.gz	0.0409090909090909	0.0732100084424018	0.0316429771482944	0.0697481632232666	0.0763327106833458	0.0717411935329437	0.0283834841102361	0.0717878341674804	0.0728169679641723	sub-20953	ses-1				space-ACPC			DSIStudio	autotrackgqi
CranialNerve_CNVIIL	tf	NODDI	/scratch/executivefunction/SLURM_8364170_109/job-8364170-109-sub-20953-ses-1/ds/inputs/data/qsiprep/qsiprep/sub-20953/ses-1/dwi/sub-20953_ses-1_space-ACPC_desc-preproc_dwi.nii.gz	0.5772727272727273	0.168239502473311	0.2764210071331573	0.0	0.3979859198293378	0.2429969906806945	0.2988571970160537	0.1029917590152693	0.2938402563003466	sub-20953	ses-1				space-ACPC			DSIStudio	autotrackgqi
CranialNerve_CNVL	directions	NODDI	/scratch/executivefunction/SLURM_8364170_109/job-8364170-109-sub-20953-ses-1/ds/inputs/data/qsiprep/qsiprep/sub-20953/ses-1/dwi/sub-20953_ses-1_space-ACPC_desc-preproc_dwi.nii.gz	1.0	-0.0087395925074815	0.5756129026412964	-0.0312596298754215	-0.00879040453583	-0.0333271659910678	0.5772833228111267	-0.0185930132865905		sub-20953	ses-1				space-ACPC			DSIStudio	autotrackgqi
CranialNerve_CNVL	icvf	NODDI	/scratch/executivefunction/SLURM_8364170_109/job-8364170-109-sub-20953-ses-1/ds/inputs/data/qsiprep/qsiprep/sub-20953/ses-1/dwi/sub-20953_ses-1_space-ACPC_desc-preproc_dwi.nii.gz	0.6589595375722543	0.3199285864830017	0.4521528780460357	0.0	0.9380956888198853	0.9900000095367432	0.1398793756961822	0.3056657016277313	0.9429010152816772	sub-20953	ses-1				space-ACPC			DSIStudio	autotrackgqi
CranialNerve_CNVL	isovf	NODDI	/scratch/executivefunction/SLURM_8364170_109/job-8364170-109-sub-20953-ses-1/ds/inputs/data/qsiprep/qsiprep/sub-20953/ses-1/dwi/sub-20953_ses-1_space-ACPC_desc-preproc_dwi.nii.gz	0.0289017341040462	0.893792986869812	0.2114478498697281	1.0	0.920394003391266	1.0	0.1468246132135391	0.910779595375061	0.9250105023384094	sub-20953	ses-1				space-ACPC			DSIStudio	autotrackgqi
CranialNerve_CNVL	modulated_icvf	NODDI	/scratch/executivefunction/SLURM_8364170_109/job-8364170-109-sub-20953-ses-1/ds/inputs/data/qsiprep/qsiprep/sub-20953/ses-1/dwi/sub-20953_ses-1_space-ACPC_desc-preproc_dwi.nii.gz	0.6589595375722543	0.0785846188664436	0.1543666720390319	0.0	0.2304260730743408	0.1763700097799301	0.1867711246013641	0.0711594447493553	0.2195087969303131	sub-20953	ses-1				space-ACPC			DSIStudio	autotrackgqi
CranialNerve_CNVL	modulated_od	NODDI	/scratch/executivefunction/SLURM_8364170_109/job-8364170-109-sub-20953-ses-1/ds/inputs/data/qsiprep/qsiprep/sub-20953/ses-1/dwi/sub-20953_ses-1_space-ACPC_desc-preproc_dwi.nii.gz	0.0057803468208092	0.0594093687832355	0.1502665877342224	1.1102230246251563e-16	0.0597547702491283	1.1102230246251563e-16	0.1506342738866806	0.0412809029221534	0.0414402894675731	sub-20953	ses-1				space-ACPC			DSIStudio	autotrackgqi
CranialNerve_CNVL	nrmse	NODDI	/scratch/executivefunction/SLURM_8364170_109/job-8364170-109-sub-20953-ses-1/ds/inputs/data/qsiprep/qsiprep/sub-20953/ses-1/dwi/sub-20953_ses-1_space-ACPC_desc-preproc_dwi.nii.gz	0.0173410404624277	0.2763671875	0.0937661603093147	0.270796537399292	0.2812442481517792	0.2711550593376159	0.0870379284024238	0.259951114654541	0.2622566223144531	sub-20953	ses-1				space-ACPC			DSIStudio	autotrackgqi
CranialNerve_CNVL	od	NODDI	/scratch/executivefunction/SLURM_8364170_109/job-8364170-109-sub-20953-ses-1/ds/inputs/data/qsiprep/qsiprep/sub-20953/ses-1/dwi/sub-20953_ses-1_space-ACPC_desc-preproc_dwi.nii.gz	0.0057803468208092	0.8306039571762085	0.2611593008041382	1.0	0.8354330658912659	1.0	0.2540990710258484	0.8152263760566711	0.8183739185333252	sub-20953	ses-1				space-ACPC			DSIStudio	autotrackgqi
CranialNerve_CNVL	rmse	NODDI	/scratch/executivefunction/SLURM_8364170_109/job-8364170-109-sub-20953-ses-1/ds/inputs/data/qsiprep/qsiprep/sub-20953/ses-1/dwi/sub-20953_ses-1_space-ACPC_desc-preproc_dwi.nii.gz	0.0173410404624277	0.0791029036045074	0.0305227134376764	0.0741559416055679	0.0804988369345665	0.0744345933198928	0.0289085749536752	0.073436826467514	0.0740881562232971	sub-20953	ses-1				space-ACPC			DSIStudio	autotrackgqi
CranialNerve_CNVL	tf	NODDI	/scratch/executivefunction/SLURM_8364170_109/job-8364170-109-sub-20953-ses-1/ds/inputs/data/qsiprep/qsiprep/sub-20953/ses-1/dwi/sub-20953_ses-1_space-ACPC_desc-preproc_dwi.nii.gz	0.6473988439306358	0.1004266328894334	0.2003104045067351	0.0	0.2848165162274095	0.1821134686470031	0.2475434164399272	0.0853742655031062	0.2594009457085992	sub-20953	ses-1				space-ACPC			DSIStudio	autotrackgqi
CranialNerve_CNVIIIR	directions	NODDI	/scratch/executivefunction/SLURM_8364170_109/job-8364170-109-sub-20953-ses-1/ds/inputs/data/qsiprep/qsiprep/sub-20953/ses-1/dwi/sub-20953_ses-1_space-ACPC_desc-preproc_dwi.nii.gz	0.0	0.1019150167703628	0.5682839155197144	0.0902741178870201	0.1019150167703628	0.0902741178870201	0.5682839155197144	0.5597823858261108		sub-20953	ses-1				space-ACPC			DSIStudio	autotrackgqi
CranialNerve_CNVIIIR	icvf	NODDI	/scratch/executivefunction/SLURM_8364170_109/job-8364170-109-sub-20953-ses-1/ds/inputs/data/qsiprep/qsiprep/sub-20953/ses-1/dwi/sub-20953_ses-1_space-ACPC_desc-preproc_dwi.nii.gz	0.2	0.653968870639801	0.3818390667438507	0.8388721346855164	0.8174610733985901	0.9900000095367432	0.2204604297876358	0.6260883808135986	0.8218833804130554	sub-20953	ses-1				space-ACPC			DSIStudio	autotrackgqi
CranialNerve_CNVIIIR	isovf	NODDI	/scratch/executivefunction/SLURM_8364170_109/job-8364170-109-sub-20953-ses-1/ds/inputs/data/qsiprep/qsiprep/sub-20953/ses-1/dwi/sub-20953_ses-1_space-ACPC_desc-preproc_dwi.nii.gz	0.0307692307692307	0.6540575623512268	0.2932859659194946	0.7354989051818848	0.6748212575912476	0.7406710386276245	0.2733780145645141	0.7039335370063782	0.7078552842140198	sub-20953	ses-1				space-ACPC			DSIStudio	autotrackgqi
CranialNerve_CNVIIIR	modulated_icvf	NODDI	/scratch/executivefunction/SLURM_8364170_109/job-8364170-109-sub-20953-ses-1/ds/inputs/data/qsiprep/qsiprep/sub-20953/ses-1/dwi/sub-20953_ses-1_space-ACPC_desc-preproc_dwi.nii.gz	0.2	0.2435742765665054	0.1678512841463089	0.255953311920166	0.3044678568840027	0.2962089776992798	0.1291411519050598	0.2124515026807785	0.2788908779621124	sub-20953	ses-1				space-ACPC			DSIStudio	autotrackgqi
CranialNerve_CNVIIIR	modulated_od	NODDI	/scratch/executivefunction/SLURM_8364170_109/job-8364170-109-sub-20953-ses-1/ds/inputs/data/qsiprep/qsiprep/sub-20953/ses-1/dwi/sub-20953_ses-1_space-ACPC_desc-preproc_dwi.nii.gz	0.0153846153846153	0.1098949313163757	0.1297778487205505	0.0577380955219268	0.1116120368242263	0.0580449923872947	0.1300530582666397	0.1124210059642791	0.1159542500972747	sub-20953	ses-1				space-ACPC			DSIStudio	autotrackgqi
CranialNerve_CNVIIIR	nrmse	NODDI	/scratch/executivefunction/SLURM_8364170_109/job-8364170-109-sub-20953-ses-1/ds/inputs/data/qsiprep/qsiprep/sub-20953/ses-1/dwi/sub-20953_ses-1_space-ACPC_desc-preproc_dwi.nii.gz	0.0	0.2244996279478073	0.093041606247425	0.2036751955747604	0.2244996279478073	0.2036751955747604	0.093041606247425	0.226660206913948	0.226660206913948	sub-20953	ses-1				space-ACPC			DSIStudio	autotrackgqi
CranialNerve_CNVIIIR	od	NODDI	/scratch/executivefunction/SLURM_8364170_109/job-8364170-109-sub-20953-ses-1/ds/inputs/data/qsiprep/qsiprep/sub-20953/ses-1/dwi/sub-20953_ses-1_space-ACPC_desc-preproc_dwi.nii.gz	0.0	0.4748992323875427	0.3216322660446167	0.3624051809310913	0.4748992323875427	0.3624051809310913	0.3216322660446167	0.522585928440094	0.5225860476493835	sub-20953	ses-1				space-ACPC			DSIStudio	autotrackgqi
CranialNerve_CNVIIIR	rmse	NODDI	/scratch/executivefunction/SLURM_8364170_109/job-8364170-109-sub-20953-ses-1/ds/inputs/data/qsiprep/qsiprep/sub-20953/ses-1/dwi/sub-20953_ses-1_space-ACPC_desc-preproc_dwi.nii.gz	0.0	0.0700471624732017	0.0269918832927942	0.0603933595120906	0.0700471624732017	0.0603933595120906	0.0269918832927942	0.0692934915423393	0.0692934989929199	sub-20953	ses-1				space-ACPC			DSIStudio	autotrackgqi
CranialNerve_CNVIIIR	tf	NODDI	/scratch/executivefunction/SLURM_8364170_109/job-8364170-109-sub-20953-ses-1/ds/inputs/data/qsiprep/qsiprep/sub-20953/ses-1/dwi/sub-20953_ses-1_space-ACPC_desc-preproc_dwi.nii.gz	0.2	0.3459424138069152	0.2932859699793471	0.2645010948181152	0.4324280172586441	0.3490265309810638	0.2648056404447603	0.2960663907589475	0.3886544228006849	sub-20953	ses-1				space-ACPC			DSIStudio	autotrackgqi
