bundle	variable_name	qsirecon_suffix	source_file	zero_proportion	mean	stdev	median	masked_mean	masked_median	masked_stdev	weighted_mean	masked_weighted_mean	subject_id	session_id	task_id	dir_id	acq_id	space_id	rec_id	run_id	bundle_source	bundle_params_id
Association_VerticalOccipitalFasciculusR	ad	DSIStudio	/scratch/executivefunction/SLURM_8364170_116/job-8364170-116-sub-20966-ses-3/ds/inputs/data/qsiprep/qsiprep/sub-20966/ses-3/dwi/sub-20966_ses-3_space-ACPC_desc-preproc_dwi.nii.gz	0.0008680555555555	1.0958725640084594	0.2973113753918021	1.0183699131011963	1.096824668755643	1.01868999004364	0.2956798261255046	1.072841418775803	1.0728902790051942	sub-20966	ses-3				space-ACPC			DSIStudio	autotrackgqi
Association_VerticalOccipitalFasciculusR	dti_fa	DSIStudio	/scratch/executivefunction/SLURM_8364170_116/job-8364170-116-sub-20966-ses-3/ds/inputs/data/qsiprep/qsiprep/sub-20966/ses-3/dwi/sub-20966_ses-3_space-ACPC_desc-preproc_dwi.nii.gz	0.0008680555555555	0.282788112406302	0.1684116603927399	0.2527454346418381	0.2830338014700781	0.253045454621315	0.1682783130755133	0.345271893775728	0.3452876183856284	sub-20966	ses-3				space-ACPC			DSIStudio	autotrackgqi
Association_VerticalOccipitalFasciculusR	gfa	DSIStudio	/scratch/executivefunction/SLURM_8364170_116/job-8364170-116-sub-20966-ses-3/ds/inputs/data/qsiprep/qsiprep/sub-20966/ses-3/dwi/sub-20966_ses-3_space-ACPC_desc-preproc_dwi.nii.gz	0.0008680555555555	0.0613495673961652	0.0337500402738003	0.0545001495629549	0.0614028684972914	0.0545120723545551	0.0337161980200262	0.0736079945774925	0.0736113468897913	sub-20966	ses-3				space-ACPC			DSIStudio	autotrackgqi
Association_VerticalOccipitalFasciculusR	ha	DSIStudio	/scratch/executivefunction/SLURM_8364170_116/job-8364170-116-sub-20966-ses-3/ds/inputs/data/qsiprep/qsiprep/sub-20966/ses-3/dwi/sub-20966_ses-3_space-ACPC_desc-preproc_dwi.nii.gz	0.0008680555555555	-8.634082996006732	34.948338032143646	-13.110894203186035	-8.641584371329065	-13.183889865875244	34.96258943171529	-11.917719499854403	-11.918262246752551	sub-20966	ses-3				space-ACPC			DSIStudio	autotrackgqi
Association_VerticalOccipitalFasciculusR	iso	DSIStudio	/scratch/executivefunction/SLURM_8364170_116/job-8364170-116-sub-20966-ses-3/ds/inputs/data/qsiprep/qsiprep/sub-20966/ses-3/dwi/sub-20966_ses-3_space-ACPC_desc-preproc_dwi.nii.gz	0.0008680555555555	0.6307257114563577	0.1464094347207308	0.6338067352771759	0.6312736920918541	0.6338248252868652	0.1452873717176981	0.6515411198860539	0.6515707929924599	sub-20966	ses-3				space-ACPC			DSIStudio	autotrackgqi
Association_VerticalOccipitalFasciculusR	md	DSIStudio	/scratch/executivefunction/SLURM_8364170_116/job-8364170-116-sub-20966-ses-3/ds/inputs/data/qsiprep/qsiprep/sub-20966/ses-3/dwi/sub-20966_ses-3_space-ACPC_desc-preproc_dwi.nii.gz	0.0008680555555555	0.8529483523323305	0.2842750660061251	0.7518927454948425	0.8536894021605949	0.7519396245479584	0.2832841282033809	0.7804104995542801	0.780446041689588	sub-20966	ses-3				space-ACPC			DSIStudio	autotrackgqi
Association_VerticalOccipitalFasciculusR	qa	DSIStudio	/scratch/executivefunction/SLURM_8364170_116/job-8364170-116-sub-20966-ses-3/ds/inputs/data/qsiprep/qsiprep/sub-20966/ses-3/dwi/sub-20966_ses-3_space-ACPC_desc-preproc_dwi.nii.gz	0.0008680555555555	0.1701532673396286	0.1030920007366523	0.1483847573399543	0.1703010981539984	0.1484299078583717	0.1030146520717222	0.2111419263206989	0.2111515423433044	sub-20966	ses-3				space-ACPC			DSIStudio	autotrackgqi
Association_VerticalOccipitalFasciculusR	rd1	DSIStudio	/scratch/executivefunction/SLURM_8364170_116/job-8364170-116-sub-20966-ses-3/ds/inputs/data/qsiprep/qsiprep/sub-20966/ses-3/dwi/sub-20966_ses-3_space-ACPC_desc-preproc_dwi.nii.gz	0.0008680555555555	0.8195143433598181	0.3138930451178276	0.7338511347770691	0.8202263453957519	0.7340113520622253	0.313098137592219	0.72973547075726	0.7297687050405066	sub-20966	ses-3				space-ACPC			DSIStudio	autotrackgqi
Association_VerticalOccipitalFasciculusR	rd2	DSIStudio	/scratch/executivefunction/SLURM_8364170_116/job-8364170-116-sub-20966-ses-3/ds/inputs/data/qsiprep/qsiprep/sub-20966/ses-3/dwi/sub-20966_ses-3_space-ACPC_desc-preproc_dwi.nii.gz	0.0008680555555555	0.6434581480247693	0.316817572413728	0.5609661340713501	0.6440171907250515	0.5613195300102234	0.3163867039636672	0.5386545990070255	0.5386791308998504	sub-20966	ses-3				space-ACPC			DSIStudio	autotrackgqi
Association_VerticalOccipitalFasciculusR	rd	DSIStudio	/scratch/executivefunction/SLURM_8364170_116/job-8364170-116-sub-20966-ses-3/ds/inputs/data/qsiprep/qsiprep/sub-20966/ses-3/dwi/sub-20966_ses-3_space-ACPC_desc-preproc_dwi.nii.gz	0.0008680555555555	0.731486246157955	0.3097153464770363	0.639362633228302	0.7321217685264675	0.6395416557788849	0.3090981323730162	0.6341950334668849	0.6342239165548562	sub-20966	ses-3				space-ACPC			DSIStudio	autotrackgqi
Association_VerticalOccipitalFasciculusR	txx	DSIStudio	/scratch/executivefunction/SLURM_8364170_116/job-8364170-116-sub-20966-ses-3/ds/inputs/data/qsiprep/qsiprep/sub-20966/ses-3/dwi/sub-20966_ses-3_space-ACPC_desc-preproc_dwi.nii.gz	0.0008680555555555	0.0008418135365294	0.0003210106996824	0.000770798389567	0.0008425449123213	0.0007708744669798	0.0003201892898734	0.0007594755524678	0.0007595101409747	sub-20966	ses-3				space-ACPC			DSIStudio	autotrackgqi
Association_VerticalOccipitalFasciculusR	txy	DSIStudio	/scratch/executivefunction/SLURM_8364170_116/job-8364170-116-sub-20966-ses-3/ds/inputs/data/qsiprep/qsiprep/sub-20966/ses-3/dwi/sub-20966_ses-3_space-ACPC_desc-preproc_dwi.nii.gz	0.0008680555555555	3.358863622730338e-05	0.0001036493863483	2.4912251319619827e-05	3.3617818361297565e-05	2.497527839295799e-05	0.0001036896718256	4.795966921590149e-05	4.7961853451289685e-05	sub-20966	ses-3				space-ACPC			DSIStudio	autotrackgqi
Association_VerticalOccipitalFasciculusR	txz	DSIStudio	/scratch/executivefunction/SLURM_8364170_116/job-8364170-116-sub-20966-ses-3/ds/inputs/data/qsiprep/qsiprep/sub-20966/ses-3/dwi/sub-20966_ses-3_space-ACPC_desc-preproc_dwi.nii.gz	0.0008680555555555	3.988076820293476e-05	0.000106484531138	3.529579407768324e-05	3.991541700241602e-05	3.54578769474756e-05	0.0001065242871141	5.703661547198359e-05	5.703921304024891e-05	sub-20966	ses-3				space-ACPC			DSIStudio	autotrackgqi
Association_VerticalOccipitalFasciculusR	tyy	DSIStudio	/scratch/executivefunction/SLURM_8364170_116/job-8364170-116-sub-20966-ses-3/ds/inputs/data/qsiprep/qsiprep/sub-20966/ses-3/dwi/sub-20966_ses-3_space-ACPC_desc-preproc_dwi.nii.gz	0.0008680555555555	0.0008922772885095	0.0003233986392659	0.0008188587962649	0.0008930525077002	0.0008190862426999	0.0003224674159693	0.0008113591067229	0.0008113960581788	sub-20966	ses-3				space-ACPC			DSIStudio	autotrackgqi
Association_VerticalOccipitalFasciculusR	tyz	DSIStudio	/scratch/executivefunction/SLURM_8364170_116/job-8364170-116-sub-20966-ses-3/ds/inputs/data/qsiprep/qsiprep/sub-20966/ses-3/dwi/sub-20966_ses-3_space-ACPC_desc-preproc_dwi.nii.gz	0.0008680555555555	3.349581860676021e-05	0.0001455589530971	1.1373567758710124e-05	3.3524920099902484e-05	1.142085920946556e-05	0.0001456188209966	5.05090735872519e-05	5.051137378156107e-05	sub-20966	ses-3				space-ACPC			DSIStudio	autotrackgqi
Association_VerticalOccipitalFasciculusR	tzz	DSIStudio	/scratch/executivefunction/SLURM_8364170_116/job-8364170-116-sub-20966-ses-3/ds/inputs/data/qsiprep/qsiprep/sub-20966/ses-3/dwi/sub-20966_ses-3_space-ACPC_desc-preproc_dwi.nii.gz	0.0008680555555555	0.0008247542314039	0.0002949437420543	0.0007790803210809	0.0008254707859056	0.0007793981349095	0.0002940678416645	0.0007703968325558	0.0007704319189986	sub-20966	ses-3				space-ACPC			DSIStudio	autotrackgqi
Association_FrontalAslantTractR	ad	DSIStudio	/scratch/executivefunction/SLURM_8364170_116/job-8364170-116-sub-20966-ses-3/ds/inputs/data/qsiprep/qsiprep/sub-20966/ses-3/dwi/sub-20966_ses-3_space-ACPC_desc-preproc_dwi.nii.gz	0.0	1.1260166134812022	0.2194709314020282	1.076904594898224	1.1260166134812022	1.076904594898224	0.2194709314020282	1.155701062265985	1.155701062265985	sub-20966	ses-3				space-ACPC			DSIStudio	autotrackgqi
Association_FrontalAslantTractR	dti_fa	DSIStudio	/scratch/executivefunction/SLURM_8364170_116/job-8364170-116-sub-20966-ses-3/ds/inputs/data/qsiprep/qsiprep/sub-20966/ses-3/dwi/sub-20966_ses-3_space-ACPC_desc-preproc_dwi.nii.gz	0.0	0.3408690973836121	0.1747574258593941	0.3441417068243027	0.3408690973836121	0.3441417068243027	0.1747574258593941	0.4326021117936437	0.4326021117936437	sub-20966	ses-3				space-ACPC			DSIStudio	autotrackgqi
Association_FrontalAslantTractR	gfa	DSIStudio	/scratch/executivefunction/SLURM_8364170_116/job-8364170-116-sub-20966-ses-3/ds/inputs/data/qsiprep/qsiprep/sub-20966/ses-3/dwi/sub-20966_ses-3_space-ACPC_desc-preproc_dwi.nii.gz	0.0	0.0755788566402685	0.0366944926602995	0.0751980543136596	0.0755788566402685	0.0751980543136596	0.0366944926602995	0.0946082915825054	0.0946082915825054	sub-20966	ses-3				space-ACPC			DSIStudio	autotrackgqi
Association_FrontalAslantTractR	ha	DSIStudio	/scratch/executivefunction/SLURM_8364170_116/job-8364170-116-sub-20966-ses-3/ds/inputs/data/qsiprep/qsiprep/sub-20966/ses-3/dwi/sub-20966_ses-3_space-ACPC_desc-preproc_dwi.nii.gz	0.0	1.668920030024616	46.87955943374282	0.5113970786333084	1.668920030024616	0.5113970786333084	46.87955943374282	11.879448255252044	11.879448255252044	sub-20966	ses-3				space-ACPC			DSIStudio	autotrackgqi
Association_FrontalAslantTractR	iso	DSIStudio	/scratch/executivefunction/SLURM_8364170_116/job-8364170-116-sub-20966-ses-3/ds/inputs/data/qsiprep/qsiprep/sub-20966/ses-3/dwi/sub-20966_ses-3_space-ACPC_desc-preproc_dwi.nii.gz	0.0	0.6057172214278107	0.1008039307334187	0.5851818323135376	0.6057172214278107	0.5851818323135376	0.1008039307334187	0.5734708667437006	0.5734708667437006	sub-20966	ses-3				space-ACPC			DSIStudio	autotrackgqi
Association_FrontalAslantTractR	md	DSIStudio	/scratch/executivefunction/SLURM_8364170_116/job-8364170-116-sub-20966-ses-3/ds/inputs/data/qsiprep/qsiprep/sub-20966/ses-3/dwi/sub-20966_ses-3_space-ACPC_desc-preproc_dwi.nii.gz	0.0	0.826581877070399	0.2004671358351328	0.774610698223114	0.826581877070399	0.774610698223114	0.2004671358351328	0.7701042422716478	0.7701042422716478	sub-20966	ses-3				space-ACPC			DSIStudio	autotrackgqi
Association_FrontalAslantTractR	qa	DSIStudio	/scratch/executivefunction/SLURM_8364170_116/job-8364170-116-sub-20966-ses-3/ds/inputs/data/qsiprep/qsiprep/sub-20966/ses-3/dwi/sub-20966_ses-3_space-ACPC_desc-preproc_dwi.nii.gz	0.0	0.2007412257383119	0.0962238328685327	0.1974582821130752	0.2007412257383119	0.1974582821130752	0.0962238328685327	0.2462532924165198	0.2462532924165198	sub-20966	ses-3				space-ACPC			DSIStudio	autotrackgqi
Association_FrontalAslantTractR	rd1	DSIStudio	/scratch/executivefunction/SLURM_8364170_116/job-8364170-116-sub-20966-ses-3/ds/inputs/data/qsiprep/qsiprep/sub-20966/ses-3/dwi/sub-20966_ses-3_space-ACPC_desc-preproc_dwi.nii.gz	0.0	0.7792172000244548	0.2302674222435911	0.7506343424320221	0.7792172000244548	0.7506343424320221	0.2302674222435911	0.6943246078051923	0.6943246078051923	sub-20966	ses-3				space-ACPC			DSIStudio	autotrackgqi
Association_FrontalAslantTractR	rd2	DSIStudio	/scratch/executivefunction/SLURM_8364170_116/job-8364170-116-sub-20966-ses-3/ds/inputs/data/qsiprep/qsiprep/sub-20966/ses-3/dwi/sub-20966_ses-3_space-ACPC_desc-preproc_dwi.nii.gz	0.0	0.5745118204280585	0.2685304912044471	0.5120150148868561	0.5745118204280585	0.5120150148868561	0.2685304912044471	0.4602870569437336	0.4602870569437336	sub-20966	ses-3				space-ACPC			DSIStudio	autotrackgqi
Association_FrontalAslantTractR	rd	DSIStudio	/scratch/executivefunction/SLURM_8364170_116/job-8364170-116-sub-20966-ses-3/ds/inputs/data/qsiprep/qsiprep/sub-20966/ses-3/dwi/sub-20966_ses-3_space-ACPC_desc-preproc_dwi.nii.gz	0.0	0.676864509483808	0.2421867785513999	0.6242583394050598	0.676864509483808	0.6242583394050598	0.2421867785513999	0.5773058321401487	0.5773058321401487	sub-20966	ses-3				space-ACPC			DSIStudio	autotrackgqi
Association_FrontalAslantTractR	txx	DSIStudio	/scratch/executivefunction/SLURM_8364170_116/job-8364170-116-sub-20966-ses-3/ds/inputs/data/qsiprep/qsiprep/sub-20966/ses-3/dwi/sub-20966_ses-3_space-ACPC_desc-preproc_dwi.nii.gz	0.0	0.0008281874246454	0.0002574268046358	0.000819744716864	0.0008281874246454	0.000819744716864	0.0002574268046358	0.0007796157622236	0.0007796157622236	sub-20966	ses-3				space-ACPC			DSIStudio	autotrackgqi
Association_FrontalAslantTractR	txy	DSIStudio	/scratch/executivefunction/SLURM_8364170_116/job-8364170-116-sub-20966-ses-3/ds/inputs/data/qsiprep/qsiprep/sub-20966/ses-3/dwi/sub-20966_ses-3_space-ACPC_desc-preproc_dwi.nii.gz	0.0	3.785200243331498e-05	0.000107365086305	2.597432740003569e-05	3.785200243331498e-05	2.597432740003569e-05	0.000107365086305	4.1850297417604624e-05	4.1850297417604624e-05	sub-20966	ses-3				space-ACPC			DSIStudio	autotrackgqi
Association_FrontalAslantTractR	txz	DSIStudio	/scratch/executivefunction/SLURM_8364170_116/job-8364170-116-sub-20966-ses-3/ds/inputs/data/qsiprep/qsiprep/sub-20966/ses-3/dwi/sub-20966_ses-3_space-ACPC_desc-preproc_dwi.nii.gz	0.0	1.660908119023564e-05	0.0001677628350484	1.3759373359789606e-05	1.660908119023564e-05	1.3759373359789606e-05	0.0001677628350484	8.326681177831336e-05	8.326681177831336e-05	sub-20966	ses-3				space-ACPC			DSIStudio	autotrackgqi
Association_FrontalAslantTractR	tyy	DSIStudio	/scratch/executivefunction/SLURM_8364170_116/job-8364170-116-sub-20966-ses-3/ds/inputs/data/qsiprep/qsiprep/sub-20966/ses-3/dwi/sub-20966_ses-3_space-ACPC_desc-preproc_dwi.nii.gz	0.0	0.0007629040866535	0.000255637267068	0.0007345476478803	0.0007629040866535	0.0007345476478803	0.000255637267068	0.0006675565546025	0.0006675565546025	sub-20966	ses-3				space-ACPC			DSIStudio	autotrackgqi
Association_FrontalAslantTractR	tyz	DSIStudio	/scratch/executivefunction/SLURM_8364170_116/job-8364170-116-sub-20966-ses-3/ds/inputs/data/qsiprep/qsiprep/sub-20966/ses-3/dwi/sub-20966_ses-3_space-ACPC_desc-preproc_dwi.nii.gz	0.0	-4.1818556742331175e-06	0.0001301680084169	-1.3412661701295292e-06	-4.1818556742331175e-06	-1.3412661701295292e-06	0.0001301680084169	-1.5591654375194426e-05	-1.5591654375194426e-05	sub-20966	ses-3				space-ACPC			DSIStudio	autotrackgqi
Association_FrontalAslantTractR	tzz	DSIStudio	/scratch/executivefunction/SLURM_8364170_116/job-8364170-116-sub-20966-ses-3/ds/inputs/data/qsiprep/qsiprep/sub-20966/ses-3/dwi/sub-20966_ses-3_space-ACPC_desc-preproc_dwi.nii.gz	0.0	0.0008886541233961	0.0002693153980154	0.0008714037539903	0.0008886541233961	0.0008714037539903	0.0002693153980154	0.0008631404106676	0.0008631404106676	sub-20966	ses-3				space-ACPC			DSIStudio	autotrackgqi
Association_InferiorFrontoOccipitalFasciculusL	ad	DSIStudio	/scratch/executivefunction/SLURM_8364170_116/job-8364170-116-sub-20966-ses-3/ds/inputs/data/qsiprep/qsiprep/sub-20966/ses-3/dwi/sub-20966_ses-3_space-ACPC_desc-preproc_dwi.nii.gz	0.0004990642545227	1.1483822392733187	0.24837643418507	1.1027580499649048	1.1489556419642557	1.1027777194976809	0.2471089676113073	1.250512718831255	1.2505484966902212	sub-20966	ses-3				space-ACPC			DSIStudio	autotrackgqi
Association_InferiorFrontoOccipitalFasciculusL	dti_fa	DSIStudio	/scratch/executivefunction/SLURM_8364170_116/job-8364170-116-sub-20966-ses-3/ds/inputs/data/qsiprep/qsiprep/sub-20966/ses-3/dwi/sub-20966_ses-3_space-ACPC_desc-preproc_dwi.nii.gz	0.0004990642545227	0.3596653182259386	0.1872060501603737	0.3620617687702179	0.3598449039546745	0.3625029027462005	0.1870801464582353	0.4949809363819279	0.4949950979821787	sub-20966	ses-3				space-ACPC			DSIStudio	autotrackgqi
Association_InferiorFrontoOccipitalFasciculusL	gfa	DSIStudio	/scratch/executivefunction/SLURM_8364170_116/job-8364170-116-sub-20966-ses-3/ds/inputs/data/qsiprep/qsiprep/sub-20966/ses-3/dwi/sub-20966_ses-3_space-ACPC_desc-preproc_dwi.nii.gz	0.0004990642545227	0.07912270543639	0.0403646159004458	0.0783995315432548	0.0791622124669412	0.0784431099891662	0.0403359428468617	0.1094709354840938	0.1094740675022872	sub-20966	ses-3				space-ACPC			DSIStudio	autotrackgqi
Association_InferiorFrontoOccipitalFasciculusL	ha	DSIStudio	/scratch/executivefunction/SLURM_8364170_116/job-8364170-116-sub-20966-ses-3/ds/inputs/data/qsiprep/qsiprep/sub-20966/ses-3/dwi/sub-20966_ses-3_space-ACPC_desc-preproc_dwi.nii.gz	0.0004990642545227	-0.2933726004744617	32.91405496676007	-1.2383393049240112	-0.293519085357984	-1.2480343580245972	32.92227050335127	2.880450328897424	2.880532766943437	sub-20966	ses-3				space-ACPC			DSIStudio	autotrackgqi
Association_InferiorFrontoOccipitalFasciculusL	iso	DSIStudio	/scratch/executivefunction/SLURM_8364170_116/job-8364170-116-sub-20966-ses-3/ds/inputs/data/qsiprep/qsiprep/sub-20966/ses-3/dwi/sub-20966_ses-3_space-ACPC_desc-preproc_dwi.nii.gz	0.0004990642545227	0.6051813352959962	0.1300550941627063	0.5931490063667297	0.605483510472776	0.5931729674339294	0.1293824214566338	0.5770505209889559	0.5770670308028162	sub-20966	ses-3				space-ACPC			DSIStudio	autotrackgqi
Association_InferiorFrontoOccipitalFasciculusL	md	DSIStudio	/scratch/executivefunction/SLURM_8364170_116/job-8364170-116-sub-20966-ses-3/ds/inputs/data/qsiprep/qsiprep/sub-20966/ses-3/dwi/sub-20966_ses-3_space-ACPC_desc-preproc_dwi.nii.gz	0.0004990642545227	0.8225845877817848	0.2003398947762598	0.7737696766853333	0.8229953153253033	0.7738637328147888	0.1995446994430823	0.7792726150745258	0.7792949105691628	sub-20966	ses-3				space-ACPC			DSIStudio	autotrackgqi
Association_InferiorFrontoOccipitalFasciculusL	qa	DSIStudio	/scratch/executivefunction/SLURM_8364170_116/job-8364170-116-sub-20966-ses-3/ds/inputs/data/qsiprep/qsiprep/sub-20966/ses-3/dwi/sub-20966_ses-3_space-ACPC_desc-preproc_dwi.nii.gz	0.0004990642545227	0.2103057433951574	0.1072318421493181	0.2076482027769088	0.210410751880188	0.2076947093009948	0.1071555621325987	0.2921318433032845	0.292140201340416	sub-20966	ses-3				space-ACPC			DSIStudio	autotrackgqi
Association_InferiorFrontoOccipitalFasciculusL	rd1	DSIStudio	/scratch/executivefunction/SLURM_8364170_116/job-8364170-116-sub-20966-ses-3/ds/inputs/data/qsiprep/qsiprep/sub-20966/ses-3/dwi/sub-20966_ses-3_space-ACPC_desc-preproc_dwi.nii.gz	0.0004990642545227	0.7604694419775765	0.2352537799511445	0.732649028301239	0.760849154593718	0.7326720952987671	0.2346978294143848	0.6573636425152218	0.6573824501694012	sub-20966	ses-3				space-ACPC			DSIStudio	autotrackgqi
Association_InferiorFrontoOccipitalFasciculusL	rd2	DSIStudio	/scratch/executivefunction/SLURM_8364170_116/job-8364170-116-sub-20966-ses-3/ds/inputs/data/qsiprep/qsiprep/sub-20966/ses-3/dwi/sub-20966_ses-3_space-ACPC_desc-preproc_dwi.nii.gz	0.0004990642545227	0.5589020822022903	0.2623495577897295	0.5035346746444702	0.5591811495258215	0.5035734176635742	0.2621175455347224	0.4299414808400658	0.4299537818107443	sub-20966	ses-3				space-ACPC			DSIStudio	autotrackgqi
Association_InferiorFrontoOccipitalFasciculusL	rd	DSIStudio	/scratch/executivefunction/SLURM_8364170_116/job-8364170-116-sub-20966-ses-3/ds/inputs/data/qsiprep/qsiprep/sub-20966/ses-3/dwi/sub-20966_ses-3_space-ACPC_desc-preproc_dwi.nii.gz	0.0004990642545227	0.6596857617534255	0.2414257479705015	0.6138463616371155	0.660015151723094	0.6138951182365417	0.2410354591991182	0.5436525616805201	0.5436681159929491	sub-20966	ses-3				space-ACPC			DSIStudio	autotrackgqi
Association_InferiorFrontoOccipitalFasciculusL	txx	DSIStudio	/scratch/executivefunction/SLURM_8364170_116/job-8364170-116-sub-20966-ses-3/ds/inputs/data/qsiprep/qsiprep/sub-20966/ses-3/dwi/sub-20966_ses-3_space-ACPC_desc-preproc_dwi.nii.gz	0.0004990642545227	0.0007645973563818	0.0002640003188898	0.0007414564024657	0.0007649791301211	0.0007416138541884	0.0002635126556065	0.0006354381781662	0.0006354563585035	sub-20966	ses-3				space-ACPC			DSIStudio	autotrackgqi
Association_InferiorFrontoOccipitalFasciculusL	txy	DSIStudio	/scratch/executivefunction/SLURM_8364170_116/job-8364170-116-sub-20966-ses-3/ds/inputs/data/qsiprep/qsiprep/sub-20966/ses-3/dwi/sub-20966_ses-3_space-ACPC_desc-preproc_dwi.nii.gz	0.0004990642545227	-9.811603029925904e-06	0.0001533618583812	-1.0880132322199644e-05	-9.81650209522608e-06	-1.0990293958457189e-05	0.0001533999846693	2.6851347142857477e-05	2.685211525332953e-05	sub-20966	ses-3				space-ACPC			DSIStudio	autotrackgqi
Association_InferiorFrontoOccipitalFasciculusL	txz	DSIStudio	/scratch/executivefunction/SLURM_8364170_116/job-8364170-116-sub-20966-ses-3/ds/inputs/data/qsiprep/qsiprep/sub-20966/ses-3/dwi/sub-20966_ses-3_space-ACPC_desc-preproc_dwi.nii.gz	0.0004990642545227	-3.183598932973321e-05	0.0001256866516954	-2.3916880309116092e-05	-3.185188546720905e-05	-2.4120952730299905e-05	0.0001257160125602	-5.560019492658741e-05	-5.5601785648787074e-05	sub-20966	ses-3				space-ACPC			DSIStudio	autotrackgqi
Association_InferiorFrontoOccipitalFasciculusL	tyy	DSIStudio	/scratch/executivefunction/SLURM_8364170_116/job-8364170-116-sub-20966-ses-3/ds/inputs/data/qsiprep/qsiprep/sub-20966/ses-3/dwi/sub-20966_ses-3_space-ACPC_desc-preproc_dwi.nii.gz	0.0004990642545227	0.0009370504168422	0.0002686839743823	0.0008935517980717	0.000937518298713	0.0008937052334658	0.0002679337161503	0.0010355852333952	0.0010356148620631	sub-20966	ses-3				space-ACPC			DSIStudio	autotrackgqi
Association_InferiorFrontoOccipitalFasciculusL	tyz	DSIStudio	/scratch/executivefunction/SLURM_8364170_116/job-8364170-116-sub-20966-ses-3/ds/inputs/data/qsiprep/qsiprep/sub-20966/ses-3/dwi/sub-20966_ses-3_space-ACPC_desc-preproc_dwi.nii.gz	0.0004990642545227	2.02673820933221e-05	0.0001645369499791	7.300505444618466e-07	2.0277501869676275e-05	7.944437356854905e-07	0.0001645773991831	4.577771531190882e-05	4.577902517716369e-05	sub-20966	ses-3				space-ACPC			DSIStudio	autotrackgqi
Association_InferiorFrontoOccipitalFasciculusL	tzz	DSIStudio	/scratch/executivefunction/SLURM_8364170_116/job-8364170-116-sub-20966-ses-3/ds/inputs/data/qsiprep/qsiprep/sub-20966/ses-3/dwi/sub-20966_ses-3_space-ACPC_desc-preproc_dwi.nii.gz	0.0004990642545227	0.0007661059902373	0.000260828282568	0.0007457977044396	0.0007664885172578	0.0007458995678462	0.0002603308652614	0.0006667944338705	0.0006668135113492	sub-20966	ses-3				space-ACPC			DSIStudio	autotrackgqi
Association_ParietalAslantTractL	ad	DSIStudio	/scratch/executivefunction/SLURM_8364170_116/job-8364170-116-sub-20966-ses-3/ds/inputs/data/qsiprep/qsiprep/sub-20966/ses-3/dwi/sub-20966_ses-3_space-ACPC_desc-preproc_dwi.nii.gz	0.0151898734177215	1.0723780408051833	0.264369680760897	1.0350221395492554	1.0889185761389393	1.0394692420959473	0.2301261551083243	1.1277877258696511	1.1296199250030634	sub-20966	ses-3				space-ACPC			DSIStudio	autotrackgqi
Association_ParietalAslantTractL	dti_fa	DSIStudio	/scratch/executivefunction/SLURM_8364170_116/job-8364170-116-sub-20966-ses-3/ds/inputs/data/qsiprep/qsiprep/sub-20966/ses-3/dwi/sub-20966_ses-3_space-ACPC_desc-preproc_dwi.nii.gz	0.0151898734177215	0.2762798718549492	0.1699900113728538	0.2330715358257293	0.2805412580532261	0.2379335463047027	0.1677701263491351	0.386036242509545	0.3866633953253486	sub-20966	ses-3				space-ACPC			DSIStudio	autotrackgqi
Association_ParietalAslantTractL	gfa	DSIStudio	/scratch/executivefunction/SLURM_8364170_116/job-8364170-116-sub-20966-ses-3/ds/inputs/data/qsiprep/qsiprep/sub-20966/ses-3/dwi/sub-20966_ses-3_space-ACPC_desc-preproc_dwi.nii.gz	0.0151898734177215	0.0615209470757853	0.0363399548166904	0.0516225099563598	0.0624698562851805	0.0525411367416381	0.0358006023314328	0.0847797923779518	0.0849175252710767	sub-20966	ses-3				space-ACPC			DSIStudio	autotrackgqi
Association_ParietalAslantTractL	ha	DSIStudio	/scratch/executivefunction/SLURM_8364170_116/job-8364170-116-sub-20966-ses-3/ds/inputs/data/qsiprep/qsiprep/sub-20966/ses-3/dwi/sub-20966_ses-3_space-ACPC_desc-preproc_dwi.nii.gz	0.0151898734177215	0.9998173776769173	33.63808779703428	0.5470900535583496	1.0152387254045816	1.3720223903656006	33.89628386117116	12.187134528132637	12.206933720994584	sub-20966	ses-3				space-ACPC			DSIStudio	autotrackgqi
Association_ParietalAslantTractL	iso	DSIStudio	/scratch/executivefunction/SLURM_8364170_116/job-8364170-116-sub-20966-ses-3/ds/inputs/data/qsiprep/qsiprep/sub-20966/ses-3/dwi/sub-20966_ses-3_space-ACPC_desc-preproc_dwi.nii.gz	0.0151898734177215	0.5764740045616782	0.1379350967392438	0.5845457911491394	0.5853656344520897	0.586324155330658	0.1188052940606652	0.568367383010467	0.5692907501759783	sub-20966	ses-3				space-ACPC			DSIStudio	autotrackgqi
Association_ParietalAslantTractL	md	DSIStudio	/scratch/executivefunction/SLURM_8364170_116/job-8364170-116-sub-20966-ses-3/ds/inputs/data/qsiprep/qsiprep/sub-20966/ses-3/dwi/sub-20966_ses-3_space-ACPC_desc-preproc_dwi.nii.gz	0.0151898734177215	0.8291231449820399	0.2196150473972117	0.7932009100914001	0.8419116767812487	0.7945708632469177	0.1954683455434671	0.7862478294456486	0.7875251643155761	sub-20966	ses-3				space-ACPC			DSIStudio	autotrackgqi
Association_ParietalAslantTractL	qa	DSIStudio	/scratch/executivefunction/SLURM_8364170_116/job-8364170-116-sub-20966-ses-3/ds/inputs/data/qsiprep/qsiprep/sub-20966/ses-3/dwi/sub-20966_ses-3_space-ACPC_desc-preproc_dwi.nii.gz	0.0151898734177215	0.1538635601168961	0.0920469762289114	0.1318046003580093	0.1562367769824523	0.1334026455879211	0.0907333762295577	0.2143522685518897	0.2147005043464704	sub-20966	ses-3				space-ACPC			DSIStudio	autotrackgqi
Association_ParietalAslantTractL	rd1	DSIStudio	/scratch/executivefunction/SLURM_8364170_116/job-8364170-116-sub-20966-ses-3/ds/inputs/data/qsiprep/qsiprep/sub-20966/ses-3/dwi/sub-20966_ses-3_space-ACPC_desc-preproc_dwi.nii.gz	0.0151898734177215	0.7976334296333755	0.2337812046819752	0.7784743905067444	0.8099362588822193	0.7805950045585632	0.2133825932033444	0.7281667165451146	0.7293496931266914	sub-20966	ses-3				space-ACPC			DSIStudio	autotrackgqi
Association_ParietalAslantTractL	rd2	DSIStudio	/scratch/executivefunction/SLURM_8364170_116/job-8364170-116-sub-20966-ses-3/ds/inputs/data/qsiprep/qsiprep/sub-20966/ses-3/dwi/sub-20966_ses-3_space-ACPC_desc-preproc_dwi.nii.gz	0.0151898734177215	0.6173579652722065	0.2593622385059907	0.6151120066642761	0.6268801960990272	0.618401825428009	0.2496738621130023	0.5027890484548572	0.5036058773537653	sub-20966	ses-3				space-ACPC			DSIStudio	autotrackgqi
Association_ParietalAslantTractL	rd	DSIStudio	/scratch/executivefunction/SLURM_8364170_116/job-8364170-116-sub-20966-ses-3/ds/inputs/data/qsiprep/qsiprep/sub-20966/ses-3/dwi/sub-20966_ses-3_space-ACPC_desc-preproc_dwi.nii.gz	0.0151898734177215	0.7074956972765017	0.238854142484058	0.6898422837257385	0.7184082273116148	0.6926127076148987	0.223811569590648	0.615477882402351	0.6164777851424347	sub-20966	ses-3				space-ACPC			DSIStudio	autotrackgqi
Association_ParietalAslantTractL	txx	DSIStudio	/scratch/executivefunction/SLURM_8364170_116/job-8364170-116-sub-20966-ses-3/ds/inputs/data/qsiprep/qsiprep/sub-20966/ses-3/dwi/sub-20966_ses-3_space-ACPC_desc-preproc_dwi.nii.gz	0.0151898734177215	0.0008589725449119	0.0002516632393773	0.0008536021341569	0.0008722214787666	0.0008564600721001	0.0002296851352735	0.0008344765200501	0.0008358322072369	sub-20966	ses-3				space-ACPC			DSIStudio	autotrackgqi
Association_ParietalAslantTractL	txy	DSIStudio	/scratch/executivefunction/SLURM_8364170_116/job-8364170-116-sub-20966-ses-3/ds/inputs/data/qsiprep/qsiprep/sub-20966/ses-3/dwi/sub-20966_ses-3_space-ACPC_desc-preproc_dwi.nii.gz	0.0151898734177215	3.96039194617682e-05	0.0001084813777565	1.9523298760759644e-05	4.021477683135845e-05	2.1234505766187795e-05	0.0001092023746256	8.319340426757738e-05	8.332855995703258e-05	sub-20966	ses-3				space-ACPC			DSIStudio	autotrackgqi
Association_ParietalAslantTractL	txz	DSIStudio	/scratch/executivefunction/SLURM_8364170_116/job-8364170-116-sub-20966-ses-3/ds/inputs/data/qsiprep/qsiprep/sub-20966/ses-3/dwi/sub-20966_ses-3_space-ACPC_desc-preproc_dwi.nii.gz	0.0151898734177215	-3.4690708862287284e-05	0.0001307358345	-1.8149992683902383e-05	-3.522578406324802e-05	-1.968432115972973e-05	0.0001316686660343	-8.229658843741487e-05	-8.243028734892484e-05	sub-20966	ses-3				space-ACPC			DSIStudio	autotrackgqi
Association_ParietalAslantTractL	tyy	DSIStudio	/scratch/executivefunction/SLURM_8364170_116/job-8364170-116-sub-20966-ses-3/ds/inputs/data/qsiprep/qsiprep/sub-20966/ses-3/dwi/sub-20966_ses-3_space-ACPC_desc-preproc_dwi.nii.gz	0.0151898734177215	0.0008287751272458	0.000263740923813	0.0008099930128082	0.0008415582911622	0.0008131245267577	0.0002446924416748	0.0007414001204521	0.0007426045957664	sub-20966	ses-3				space-ACPC			DSIStudio	autotrackgqi
Association_ParietalAslantTractL	tyz	DSIStudio	/scratch/executivefunction/SLURM_8364170_116/job-8364170-116-sub-20966-ses-3/ds/inputs/data/qsiprep/qsiprep/sub-20966/ses-3/dwi/sub-20966_ses-3_space-ACPC_desc-preproc_dwi.nii.gz	0.0151898734177215	9.63187526067411e-06	0.0001272301047734	-5.329371106199687e-06	9.780438889373454e-06	-6.574528924829792e-06	0.0001282018923403	3.9732187271311073e-05	3.979673602158573e-05	sub-20966	ses-3				space-ACPC			DSIStudio	autotrackgqi
Association_ParietalAslantTractL	tzz	DSIStudio	/scratch/executivefunction/SLURM_8364170_116/job-8364170-116-sub-20966-ses-3/ds/inputs/data/qsiprep/qsiprep/sub-20966/ses-3/dwi/sub-20966_ses-3_space-ACPC_desc-preproc_dwi.nii.gz	0.0151898734177215	0.0007996217635687	0.0002575716916945	0.0007804718334227	0.0008119552612073	0.0007834322168491	0.0002394832272476	0.0007828668480219	0.000784138690131	sub-20966	ses-3				space-ACPC			DSIStudio	autotrackgqi
Association_UncinateFasciculusL	ad	DSIStudio	/scratch/executivefunction/SLURM_8364170_116/job-8364170-116-sub-20966-ses-3/ds/inputs/data/qsiprep/qsiprep/sub-20966/ses-3/dwi/sub-20966_ses-3_space-ACPC_desc-preproc_dwi.nii.gz	0.0014212620807276	1.1529063174608012	0.265256566627826	1.1052018404006958	1.154547231661571	1.1055468320846558	0.261852395461141	1.162540189171345	1.162660770125023	sub-20966	ses-3				space-ACPC			DSIStudio	autotrackgqi
Association_UncinateFasciculusL	dti_fa	DSIStudio	/scratch/executivefunction/SLURM_8364170_116/job-8364170-116-sub-20966-ses-3/ds/inputs/data/qsiprep/qsiprep/sub-20966/ses-3/dwi/sub-20966_ses-3_space-ACPC_desc-preproc_dwi.nii.gz	0.0014212620807276	0.2890563994360692	0.1555711738673107	0.2637417912483215	0.2894678090566728	0.2640476822853088	0.1552988963076942	0.357358954015862	0.3573960199464602	sub-20966	ses-3				space-ACPC			DSIStudio	autotrackgqi
Association_UncinateFasciculusL	gfa	DSIStudio	/scratch/executivefunction/SLURM_8364170_116/job-8364170-116-sub-20966-ses-3/ds/inputs/data/qsiprep/qsiprep/sub-20966/ses-3/dwi/sub-20966_ses-3_space-ACPC_desc-preproc_dwi.nii.gz	0.0014212620807276	0.0658068171625024	0.0331244207074504	0.0605582501739263	0.0659004790144273	0.0606158748269081	0.0330547508433423	0.0809377530665303	0.0809461480753078	sub-20966	ses-3				space-ACPC			DSIStudio	autotrackgqi
Association_UncinateFasciculusL	ha	DSIStudio	/scratch/executivefunction/SLURM_8364170_116/job-8364170-116-sub-20966-ses-3/ds/inputs/data/qsiprep/qsiprep/sub-20966/ses-3/dwi/sub-20966_ses-3_space-ACPC_desc-preproc_dwi.nii.gz	0.0014212620807276	-6.647041135300279	34.22247977088809	-9.378719806671144	-6.656501768854649	-9.400556564331056	34.245905844778164	-5.379400904907415	-5.379958831464578	sub-20966	ses-3				space-ACPC			DSIStudio	autotrackgqi
Association_UncinateFasciculusL	iso	DSIStudio	/scratch/executivefunction/SLURM_8364170_116/job-8364170-116-sub-20966-ses-3/ds/inputs/data/qsiprep/qsiprep/sub-20966/ses-3/dwi/sub-20966_ses-3_space-ACPC_desc-preproc_dwi.nii.gz	0.0014212620807276	0.5852980315473487	0.1744751008433174	0.5722326338291168	0.5861310774220247	0.5722888112068176	0.1731953052288864	0.5750337687491568	0.575093412470899	sub-20966	ses-3				space-ACPC			DSIStudio	autotrackgqi
Association_UncinateFasciculusL	md	DSIStudio	/scratch/executivefunction/SLURM_8364170_116/job-8364170-116-sub-20966-ses-3/ds/inputs/data/qsiprep/qsiprep/sub-20966/ses-3/dwi/sub-20966_ses-3_space-ACPC_desc-preproc_dwi.nii.gz	0.0014212620807276	0.8846804813829724	0.2357082963468695	0.8236716985702515	0.8859396337902923	0.8237940669059753	0.2334993434243325	0.8327270945823826	0.8328134667767214	sub-20966	ses-3				space-ACPC			DSIStudio	autotrackgqi
Association_UncinateFasciculusL	qa	DSIStudio	/scratch/executivefunction/SLURM_8364170_116/job-8364170-116-sub-20966-ses-3/ds/inputs/data/qsiprep/qsiprep/sub-20966/ses-3/dwi/sub-20966_ses-3_space-ACPC_desc-preproc_dwi.nii.gz	0.0014212620807276	0.1639363316442095	0.0860135411174705	0.1483258679509163	0.1641696597564273	0.1484739184379577	0.0858519294448014	0.2044976202499151	0.2045188311125347	sub-20966	ses-3				space-ACPC			DSIStudio	autotrackgqi
Association_UncinateFasciculusL	rd1	DSIStudio	/scratch/executivefunction/SLURM_8364170_116/job-8364170-116-sub-20966-ses-3/ds/inputs/data/qsiprep/qsiprep/sub-20966/ses-3/dwi/sub-20966_ses-3_space-ACPC_desc-preproc_dwi.nii.gz	0.0014212620807276	0.843832385775513	0.25842422569448	0.8034235537052155	0.8450333997034599	0.8040552735328674	0.2566383348135934	0.7730172277351859	0.7730974068310841	sub-20966	ses-3				space-ACPC			DSIStudio	autotrackgqi
Association_UncinateFasciculusL	rd2	DSIStudio	/scratch/executivefunction/SLURM_8364170_116/job-8364170-116-sub-20966-ses-3/ds/inputs/data/qsiprep/qsiprep/sub-20966/ses-3/dwi/sub-20966_ses-3_space-ACPC_desc-preproc_dwi.nii.gz	0.0014212620807276	0.6573027410841483	0.2723849531491617	0.6170944571495056	0.6582382701776356	0.6177394986152649	0.2714467907904493	0.56262386292708	0.5626822194601149	sub-20966	ses-3				space-ACPC			DSIStudio	autotrackgqi
Association_UncinateFasciculusL	rd	DSIStudio	/scratch/executivefunction/SLURM_8364170_116/job-8364170-116-sub-20966-ses-3/ds/inputs/data/qsiprep/qsiprep/sub-20966/ses-3/dwi/sub-20966_ses-3_space-ACPC_desc-preproc_dwi.nii.gz	0.0014212620807276	0.7505675634796	0.258766334440048	0.7067034840583801	0.7516358349903879	0.7070091962814331	0.257395353246262	0.6678205450286666	0.6678898128431018	sub-20966	ses-3				space-ACPC			DSIStudio	autotrackgqi
Association_UncinateFasciculusL	txx	DSIStudio	/scratch/executivefunction/SLURM_8364170_116/job-8364170-116-sub-20966-ses-3/ds/inputs/data/qsiprep/qsiprep/sub-20966/ses-3/dwi/sub-20966_ses-3_space-ACPC_desc-preproc_dwi.nii.gz	0.0014212620807276	0.0008477270959159	0.0002784674561396	0.0008206732745748	0.0008489336531262	0.0008208131766878	0.0002768216113183	0.0007517450104179	0.0007518229829721	sub-20966	ses-3				space-ACPC			DSIStudio	autotrackgqi
Association_UncinateFasciculusL	txy	DSIStudio	/scratch/executivefunction/SLURM_8364170_116/job-8364170-116-sub-20966-ses-3/ds/inputs/data/qsiprep/qsiprep/sub-20966/ses-3/dwi/sub-20966_ses-3_space-ACPC_desc-preproc_dwi.nii.gz	0.0014212620807276	2.7694589149470667e-05	0.0001219762025654	1.308508581132628e-05	2.7734006441172163e-05	1.3263289474707562e-05	0.0001220584970509	5.2907966119546126e-05	5.2913453822636696e-05	sub-20966	ses-3				space-ACPC			DSIStudio	autotrackgqi
Association_UncinateFasciculusL	txz	DSIStudio	/scratch/executivefunction/SLURM_8364170_116/job-8364170-116-sub-20966-ses-3/ds/inputs/data/qsiprep/qsiprep/sub-20966/ses-3/dwi/sub-20966_ses-3_space-ACPC_desc-preproc_dwi.nii.gz	0.0014212620807276	-5.01039679082312e-06	0.0001239512659927	-9.187385330733376e-06	-5.017528013127167e-06	-9.2839418357471e-06	0.0001240392993807	6.733543742882423e-06	6.734242166302212e-06	sub-20966	ses-3				space-ACPC			DSIStudio	autotrackgqi
Association_UncinateFasciculusL	tyy	DSIStudio	/scratch/executivefunction/SLURM_8364170_116/job-8364170-116-sub-20966-ses-3/ds/inputs/data/qsiprep/qsiprep/sub-20966/ses-3/dwi/sub-20966_ses-3_space-ACPC_desc-preproc_dwi.nii.gz	0.0014212620807276	0.0009595028567114	0.0002811013069718	0.0009124737989623	0.0009608685026788	0.0009130271500907	0.00027895914331	0.0009469511297116	0.0009470493495037	sub-20966	ses-3				space-ACPC			DSIStudio	autotrackgqi
Association_UncinateFasciculusL	tyz	DSIStudio	/scratch/executivefunction/SLURM_8364170_116/job-8364170-116-sub-20966-ses-3/ds/inputs/data/qsiprep/qsiprep/sub-20966/ses-3/dwi/sub-20966_ses-3_space-ACPC_desc-preproc_dwi.nii.gz	0.0014212620807276	-2.7452521391902784e-05	0.0001268754291193	-3.001929053425556e-05	-2.7491594152210075e-05	-3.032052882190328e-05	0.0001269614567201	-3.214193100938368e-05	-3.2145264811385966e-05	sub-20966	ses-3				space-ACPC			DSIStudio	autotrackgqi
Association_UncinateFasciculusL	tzz	DSIStudio	/scratch/executivefunction/SLURM_8364170_116/job-8364170-116-sub-20966-ses-3/ds/inputs/data/qsiprep/qsiprep/sub-20966/ses-3/dwi/sub-20966_ses-3_space-ACPC_desc-preproc_dwi.nii.gz	0.0014212620807276	0.0008468114913622	0.0002755385329183	0.0008108309411909	0.0008480167454062	0.0008110884227789	0.0002738749083334	0.0007994851420827	0.0007995680663191	sub-20966	ses-3				space-ACPC			DSIStudio	autotrackgqi
Association_HippocampusAlveusR	ad	DSIStudio	/scratch/executivefunction/SLURM_8364170_116/job-8364170-116-sub-20966-ses-3/ds/inputs/data/qsiprep/qsiprep/sub-20966/ses-3/dwi/sub-20966_ses-3_space-ACPC_desc-preproc_dwi.nii.gz	0.0	1.3697095787427156	0.4991023696276345	1.220134735107422	1.3697095787427156	1.220134735107422	0.4991023696276345	1.4733465329015196	1.4733465329015196	sub-20966	ses-3				space-ACPC			DSIStudio	autotrackgqi
Association_HippocampusAlveusR	dti_fa	DSIStudio	/scratch/executivefunction/SLURM_8364170_116/job-8364170-116-sub-20966-ses-3/ds/inputs/data/qsiprep/qsiprep/sub-20966/ses-3/dwi/sub-20966_ses-3_space-ACPC_desc-preproc_dwi.nii.gz	0.0	0.2491642912728435	0.1473050682361949	0.207590565085411	0.2491642912728435	0.207590565085411	0.1473050682361949	0.2897310849092567	0.2897310849092567	sub-20966	ses-3				space-ACPC			DSIStudio	autotrackgqi
Association_HippocampusAlveusR	gfa	DSIStudio	/scratch/executivefunction/SLURM_8364170_116/job-8364170-116-sub-20966-ses-3/ds/inputs/data/qsiprep/qsiprep/sub-20966/ses-3/dwi/sub-20966_ses-3_space-ACPC_desc-preproc_dwi.nii.gz	0.0	0.062322226429569	0.0353262451440145	0.052783079445362	0.062322226429569	0.052783079445362	0.0353262451440145	0.0752637614968005	0.0752637614968005	sub-20966	ses-3				space-ACPC			DSIStudio	autotrackgqi
Association_HippocampusAlveusR	ha	DSIStudio	/scratch/executivefunction/SLURM_8364170_116/job-8364170-116-sub-20966-ses-3/ds/inputs/data/qsiprep/qsiprep/sub-20966/ses-3/dwi/sub-20966_ses-3_space-ACPC_desc-preproc_dwi.nii.gz	0.0	-18.610375622564845	34.70756020755386	-25.08048248291016	-18.610375622564845	-25.08048248291016	34.70756020755386	-29.63616886756929	-29.63616886756929	sub-20966	ses-3				space-ACPC			DSIStudio	autotrackgqi
Association_HippocampusAlveusR	iso	DSIStudio	/scratch/executivefunction/SLURM_8364170_116/job-8364170-116-sub-20966-ses-3/ds/inputs/data/qsiprep/qsiprep/sub-20966/ses-3/dwi/sub-20966_ses-3_space-ACPC_desc-preproc_dwi.nii.gz	0.0	0.5968734176144955	0.2631191147243804	0.5637171864509583	0.5968734176144955	0.5637171864509583	0.2631191147243804	0.559558679926261	0.559558679926261	sub-20966	ses-3				space-ACPC			DSIStudio	autotrackgqi
Association_HippocampusAlveusR	md	DSIStudio	/scratch/executivefunction/SLURM_8364170_116/job-8364170-116-sub-20966-ses-3/ds/inputs/data/qsiprep/qsiprep/sub-20966/ses-3/dwi/sub-20966_ses-3_space-ACPC_desc-preproc_dwi.nii.gz	0.0	1.0861746698599084	0.4280589209170993	0.9279456734657288	1.0861746698599084	0.9279456734657288	0.4280589209170993	1.1205989424665486	1.1205989424665486	sub-20966	ses-3				space-ACPC			DSIStudio	autotrackgqi
Association_HippocampusAlveusR	qa	DSIStudio	/scratch/executivefunction/SLURM_8364170_116/job-8364170-116-sub-20966-ses-3/ds/inputs/data/qsiprep/qsiprep/sub-20966/ses-3/dwi/sub-20966_ses-3_space-ACPC_desc-preproc_dwi.nii.gz	0.0	0.1534531107060446	0.0877510465163463	0.1300045102834701	0.1534531107060446	0.1300045102834701	0.0877510465163463	0.1806339098533839	0.1806339098533839	sub-20966	ses-3				space-ACPC			DSIStudio	autotrackgqi
Association_HippocampusAlveusR	rd1	DSIStudio	/scratch/executivefunction/SLURM_8364170_116/job-8364170-116-sub-20966-ses-3/ds/inputs/data/qsiprep/qsiprep/sub-20966/ses-3/dwi/sub-20966_ses-3_space-ACPC_desc-preproc_dwi.nii.gz	0.0	1.0348739245603689	0.4367386085382741	0.892780601978302	1.0348739245603689	0.892780601978302	0.4367386085382741	1.0364625535132626	1.0364625535132626	sub-20966	ses-3				space-ACPC			DSIStudio	autotrackgqi
Association_HippocampusAlveusR	rd2	DSIStudio	/scratch/executivefunction/SLURM_8364170_116/job-8364170-116-sub-20966-ses-3/ds/inputs/data/qsiprep/qsiprep/sub-20966/ses-3/dwi/sub-20966_ses-3_space-ACPC_desc-preproc_dwi.nii.gz	0.0	0.8539405122333354	0.4151540889009959	0.7384606003761292	0.8539405122333354	0.7384606003761292	0.4151540889009959	0.851987753436409	0.851987753436409	sub-20966	ses-3				space-ACPC			DSIStudio	autotrackgqi
Association_HippocampusAlveusR	rd	DSIStudio	/scratch/executivefunction/SLURM_8364170_116/job-8364170-116-sub-20966-ses-3/ds/inputs/data/qsiprep/qsiprep/sub-20966/ses-3/dwi/sub-20966_ses-3_space-ACPC_desc-preproc_dwi.nii.gz	0.0	0.9444072174166366	0.4214110301297477	0.8084019422531128	0.9444072174166366	0.8084019422531128	0.4214110301297477	0.94422515340135	0.94422515340135	sub-20966	ses-3				space-ACPC			DSIStudio	autotrackgqi
Association_HippocampusAlveusR	txx	DSIStudio	/scratch/executivefunction/SLURM_8364170_116/job-8364170-116-sub-20966-ses-3/ds/inputs/data/qsiprep/qsiprep/sub-20966/ses-3/dwi/sub-20966_ses-3_space-ACPC_desc-preproc_dwi.nii.gz	0.0	0.0010617510018358	0.000457684852074	0.0009215655154548	0.0010617510018358	0.0009215655154548	0.000457684852074	0.0010948720589434	0.0010948720589434	sub-20966	ses-3				space-ACPC			DSIStudio	autotrackgqi
Association_HippocampusAlveusR	txy	DSIStudio	/scratch/executivefunction/SLURM_8364170_116/job-8364170-116-sub-20966-ses-3/ds/inputs/data/qsiprep/qsiprep/sub-20966/ses-3/dwi/sub-20966_ses-3_space-ACPC_desc-preproc_dwi.nii.gz	0.0	-4.786849367420869e-06	0.0001220861103446	2.85859391624399e-06	-4.786849367420869e-06	2.85859391624399e-06	0.0001220861103446	2.187038393276444e-06	2.187038393276444e-06	sub-20966	ses-3				space-ACPC			DSIStudio	autotrackgqi
Association_HippocampusAlveusR	txz	DSIStudio	/scratch/executivefunction/SLURM_8364170_116/job-8364170-116-sub-20966-ses-3/ds/inputs/data/qsiprep/qsiprep/sub-20966/ses-3/dwi/sub-20966_ses-3_space-ACPC_desc-preproc_dwi.nii.gz	0.0	4.247519195800249e-05	0.0001220902157403	3.0665793019579723e-05	4.247519195800249e-05	3.0665793019579723e-05	0.0001220902157403	6.176527161679647e-05	6.176527161679647e-05	sub-20966	ses-3				space-ACPC			DSIStudio	autotrackgqi
Association_HippocampusAlveusR	tyy	DSIStudio	/scratch/executivefunction/SLURM_8364170_116/job-8364170-116-sub-20966-ses-3/ds/inputs/data/qsiprep/qsiprep/sub-20966/ses-3/dwi/sub-20966_ses-3_space-ACPC_desc-preproc_dwi.nii.gz	0.0	0.0011113850601388	0.0004753598380728	0.0009729249286465	0.0011113850601388	0.0009729249286465	0.0004753598380728	0.0011333980794542	0.0011333980794542	sub-20966	ses-3				space-ACPC			DSIStudio	autotrackgqi
Association_HippocampusAlveusR	tyz	DSIStudio	/scratch/executivefunction/SLURM_8364170_116/job-8364170-116-sub-20966-ses-3/ds/inputs/data/qsiprep/qsiprep/sub-20966/ses-3/dwi/sub-20966_ses-3_space-ACPC_desc-preproc_dwi.nii.gz	0.0	6.75813951644022e-05	0.0001656669427747	5.123182563693263e-05	6.75813951644022e-05	5.123182563693263e-05	0.0001656669427747	0.0001236398782146	0.0001236398782146	sub-20966	ses-3				space-ACPC			DSIStudio	autotrackgqi
Association_HippocampusAlveusR	tzz	DSIStudio	/scratch/executivefunction/SLURM_8364170_116/job-8364170-116-sub-20966-ses-3/ds/inputs/data/qsiprep/qsiprep/sub-20966/ses-3/dwi/sub-20966_ses-3_space-ACPC_desc-preproc_dwi.nii.gz	0.0	0.0010853879533164	0.0004303212409399	0.0009644777164794	0.0010853879533164	0.0009644777164794	0.0004303212409399	0.0011335267033133	0.0011335267033133	sub-20966	ses-3				space-ACPC			DSIStudio	autotrackgqi
Association_FrontalAslantTractL	ad	DSIStudio	/scratch/executivefunction/SLURM_8364170_116/job-8364170-116-sub-20966-ses-3/ds/inputs/data/qsiprep/qsiprep/sub-20966/ses-3/dwi/sub-20966_ses-3_space-ACPC_desc-preproc_dwi.nii.gz	0.0	1.1838066977881343	0.3693547839329593	1.0890626311302185	1.1838066977881343	1.0890626311302185	0.3693547839329593	1.1551268565947832	1.1551268565947832	sub-20966	ses-3				space-ACPC			DSIStudio	autotrackgqi
Association_FrontalAslantTractL	dti_fa	DSIStudio	/scratch/executivefunction/SLURM_8364170_116/job-8364170-116-sub-20966-ses-3/ds/inputs/data/qsiprep/qsiprep/sub-20966/ses-3/dwi/sub-20966_ses-3_space-ACPC_desc-preproc_dwi.nii.gz	0.0	0.3112329657669628	0.1797264689518802	0.2901376336812973	0.3112329657669628	0.2901376336812973	0.1797264689518802	0.4044824299760983	0.4044824299760983	sub-20966	ses-3				space-ACPC			DSIStudio	autotrackgqi
Association_FrontalAslantTractL	gfa	DSIStudio	/scratch/executivefunction/SLURM_8364170_116/job-8364170-116-sub-20966-ses-3/ds/inputs/data/qsiprep/qsiprep/sub-20966/ses-3/dwi/sub-20966_ses-3_space-ACPC_desc-preproc_dwi.nii.gz	0.0	0.0696477511961298	0.0369579234824304	0.0660005770623683	0.0696477511961298	0.0660005770623683	0.0369579234824304	0.0882817292351449	0.0882817292351449	sub-20966	ses-3				space-ACPC			DSIStudio	autotrackgqi
Association_FrontalAslantTractL	ha	DSIStudio	/scratch/executivefunction/SLURM_8364170_116/job-8364170-116-sub-20966-ses-3/ds/inputs/data/qsiprep/qsiprep/sub-20966/ses-3/dwi/sub-20966_ses-3_space-ACPC_desc-preproc_dwi.nii.gz	0.0	-4.46366958176422	44.00599359099204	-5.93459677696228	-4.46366958176422	-5.93459677696228	44.00599359099204	-13.152598543509043	-13.152598543509043	sub-20966	ses-3				space-ACPC			DSIStudio	autotrackgqi
Association_FrontalAslantTractL	iso	DSIStudio	/scratch/executivefunction/SLURM_8364170_116/job-8364170-116-sub-20966-ses-3/ds/inputs/data/qsiprep/qsiprep/sub-20966/ses-3/dwi/sub-20966_ses-3_space-ACPC_desc-preproc_dwi.nii.gz	0.0	0.6053995049499206	0.1290718692424528	0.5885130167007446	0.6053995049499206	0.5885130167007446	0.1290718692424528	0.6004317890700793	0.6004317890700793	sub-20966	ses-3				space-ACPC			DSIStudio	autotrackgqi
Association_FrontalAslantTractL	md	DSIStudio	/scratch/executivefunction/SLURM_8364170_116/job-8364170-116-sub-20966-ses-3/ds/inputs/data/qsiprep/qsiprep/sub-20966/ses-3/dwi/sub-20966_ses-3_space-ACPC_desc-preproc_dwi.nii.gz	0.0	0.9035875071484752	0.3626359502061583	0.7880842685699463	0.9035875071484752	0.7880842685699463	0.3626359502061583	0.7947384310380621	0.7947384310380621	sub-20966	ses-3				space-ACPC			DSIStudio	autotrackgqi
Association_FrontalAslantTractL	qa	DSIStudio	/scratch/executivefunction/SLURM_8364170_116/job-8364170-116-sub-20966-ses-3/ds/inputs/data/qsiprep/qsiprep/sub-20966/ses-3/dwi/sub-20966_ses-3_space-ACPC_desc-preproc_dwi.nii.gz	0.0	0.1845145509837836	0.0995915757816821	0.1765796542167663	0.1845145509837836	0.1765796542167663	0.0995915757816821	0.2360693314310673	0.2360693314310673	sub-20966	ses-3				space-ACPC			DSIStudio	autotrackgqi
Association_FrontalAslantTractL	rd1	DSIStudio	/scratch/executivefunction/SLURM_8364170_116/job-8364170-116-sub-20966-ses-3/ds/inputs/data/qsiprep/qsiprep/sub-20966/ses-3/dwi/sub-20966_ses-3_space-ACPC_desc-preproc_dwi.nii.gz	0.0	0.8621690205971835	0.3821721347563891	0.7704427540302277	0.8621690205971835	0.7704427540302277	0.3821721347563891	0.7231228441804026	0.7231228441804026	sub-20966	ses-3				space-ACPC			DSIStudio	autotrackgqi
Association_FrontalAslantTractL	rd2	DSIStudio	/scratch/executivefunction/SLURM_8364170_116/job-8364170-116-sub-20966-ses-3/ds/inputs/data/qsiprep/qsiprep/sub-20966/ses-3/dwi/sub-20966_ses-3_space-ACPC_desc-preproc_dwi.nii.gz	0.0	0.6647868035052427	0.4055440134728428	0.5759581327438354	0.6647868035052427	0.5759581327438354	0.4055440134728428	0.5059655914674022	0.5059655914674022	sub-20966	ses-3				space-ACPC			DSIStudio	autotrackgqi
Association_FrontalAslantTractL	rd	DSIStudio	/scratch/executivefunction/SLURM_8364170_116/job-8364170-116-sub-20966-ses-3/ds/inputs/data/qsiprep/qsiprep/sub-20966/ses-3/dwi/sub-20966_ses-3_space-ACPC_desc-preproc_dwi.nii.gz	0.0	0.7634779127786285	0.3882322798816047	0.6636990606784821	0.7634779127786285	0.6636990606784821	0.3882322798816047	0.6145442177550571	0.6145442177550571	sub-20966	ses-3				space-ACPC			DSIStudio	autotrackgqi
Association_FrontalAslantTractL	txx	DSIStudio	/scratch/executivefunction/SLURM_8364170_116/job-8364170-116-sub-20966-ses-3/ds/inputs/data/qsiprep/qsiprep/sub-20966/ses-3/dwi/sub-20966_ses-3_space-ACPC_desc-preproc_dwi.nii.gz	0.0	0.000904882230372	0.0003787191597359	0.0008480969408992	0.000904882230372	0.0008480969408992	0.0003787191597359	0.0007931424820492	0.0007931424820492	sub-20966	ses-3				space-ACPC			DSIStudio	autotrackgqi
Association_FrontalAslantTractL	txy	DSIStudio	/scratch/executivefunction/SLURM_8364170_116/job-8364170-116-sub-20966-ses-3/ds/inputs/data/qsiprep/qsiprep/sub-20966/ses-3/dwi/sub-20966_ses-3_space-ACPC_desc-preproc_dwi.nii.gz	0.0	-1.4203544134757898e-05	0.0001011767215109	-1.0046350325865204e-05	-1.4203544134757898e-05	-1.0046350325865204e-05	0.0001011767215109	-1.4198161675425782e-05	-1.4198161675425782e-05	sub-20966	ses-3				space-ACPC			DSIStudio	autotrackgqi
Association_FrontalAslantTractL	txz	DSIStudio	/scratch/executivefunction/SLURM_8364170_116/job-8364170-116-sub-20966-ses-3/ds/inputs/data/qsiprep/qsiprep/sub-20966/ses-3/dwi/sub-20966_ses-3_space-ACPC_desc-preproc_dwi.nii.gz	0.0	-1.836720373474244e-05	0.0001708025262984	-1.727840481180465e-05	-1.836720373474244e-05	-1.727840481180465e-05	0.0001708025262984	-9.197132659125028e-05	-9.197132659125028e-05	sub-20966	ses-3				space-ACPC			DSIStudio	autotrackgqi
Association_FrontalAslantTractL	tyy	DSIStudio	/scratch/executivefunction/SLURM_8364170_116/job-8364170-116-sub-20966-ses-3/ds/inputs/data/qsiprep/qsiprep/sub-20966/ses-3/dwi/sub-20966_ses-3_space-ACPC_desc-preproc_dwi.nii.gz	0.0	0.0008679823627617	0.0004132914201113	0.0007782641623634	0.0008679823627617	0.0007782641623634	0.0004132914201113	0.0007334493798327	0.0007334493798327	sub-20966	ses-3				space-ACPC			DSIStudio	autotrackgqi
Association_FrontalAslantTractL	tyz	DSIStudio	/scratch/executivefunction/SLURM_8364170_116/job-8364170-116-sub-20966-ses-3/ds/inputs/data/qsiprep/qsiprep/sub-20966/ses-3/dwi/sub-20966_ses-3_space-ACPC_desc-preproc_dwi.nii.gz	0.0	-4.723659048156668e-06	0.0001186375879241	-6.633702867020475e-07	-4.723659048156668e-06	-6.633702867020475e-07	0.0001186375879241	-1.4647797777069954e-05	-1.4647797777069954e-05	sub-20966	ses-3				space-ACPC			DSIStudio	autotrackgqi
Association_FrontalAslantTractL	tzz	DSIStudio	/scratch/executivefunction/SLURM_8364170_116/job-8364170-116-sub-20966-ses-3/ds/inputs/data/qsiprep/qsiprep/sub-20966/ses-3/dwi/sub-20966_ses-3_space-ACPC_desc-preproc_dwi.nii.gz	0.0	0.0009378979278138	0.0003992879456456	0.0008813324093353	0.0009378979278138	0.0008813324093353	0.0003992879456456	0.0008576234313187	0.0008576234313187	sub-20966	ses-3				space-ACPC			DSIStudio	autotrackgqi
Association_ArcuateFasciculusR	ad	DSIStudio	/scratch/executivefunction/SLURM_8364170_116/job-8364170-116-sub-20966-ses-3/ds/inputs/data/qsiprep/qsiprep/sub-20966/ses-3/dwi/sub-20966_ses-3_space-ACPC_desc-preproc_dwi.nii.gz	0.0001731002250302	1.1089111185102742	0.227764506385451	1.065316915512085	1.109103104507246	1.0653657913208008	0.2273163423991878	1.120172088628322	1.120175161100175	sub-20966	ses-3				space-ACPC			DSIStudio	autotrackgqi
Association_ArcuateFasciculusR	dti_fa	DSIStudio	/scratch/executivefunction/SLURM_8364170_116/job-8364170-116-sub-20966-ses-3/ds/inputs/data/qsiprep/qsiprep/sub-20966/ses-3/dwi/sub-20966_ses-3_space-ACPC_desc-preproc_dwi.nii.gz	0.0001731002250302	0.3290820670821467	0.1769942682943813	0.3263544738292694	0.3291390411242316	0.3264024555683136	0.176956611269678	0.4285448793756027	0.4285460546603304	sub-20966	ses-3				space-ACPC			DSIStudio	autotrackgqi
Association_ArcuateFasciculusR	gfa	DSIStudio	/scratch/executivefunction/SLURM_8364170_116/job-8364170-116-sub-20966-ses-3/ds/inputs/data/qsiprep/qsiprep/sub-20966/ses-3/dwi/sub-20966_ses-3_space-ACPC_desc-preproc_dwi.nii.gz	0.0001731002250302	0.0728917100162258	0.036826143857427	0.072006456553936	0.072904329772115	0.0720154829323291	0.0368168389415777	0.09326711064535	0.093267366434171	sub-20966	ses-3				space-ACPC			DSIStudio	autotrackgqi
Association_ArcuateFasciculusR	ha	DSIStudio	/scratch/executivefunction/SLURM_8364170_116/job-8364170-116-sub-20966-ses-3/ds/inputs/data/qsiprep/qsiprep/sub-20966/ses-3/dwi/sub-20966_ses-3_space-ACPC_desc-preproc_dwi.nii.gz	0.0001731002250302	-8.007314863463023	35.13718741449741	-10.194371223449709	-8.008701171437998	-10.196482181549072	35.140070961951416	-9.22905112518016	-9.229076419470454	sub-20966	ses-3				space-ACPC			DSIStudio	autotrackgqi
Association_ArcuateFasciculusR	iso	DSIStudio	/scratch/executivefunction/SLURM_8364170_116/job-8364170-116-sub-20966-ses-3/ds/inputs/data/qsiprep/qsiprep/sub-20966/ses-3/dwi/sub-20966_ses-3_space-ACPC_desc-preproc_dwi.nii.gz	0.0001731002250302	0.6130638530915411	0.1053251585335498	0.5979436635971069	0.6131699929553035	0.5979813039302826	0.1050248915314559	0.576457382065608	0.57645896322759	sub-20966	ses-3				space-ACPC			DSIStudio	autotrackgqi
Association_ArcuateFasciculusR	md	DSIStudio	/scratch/executivefunction/SLURM_8364170_116/job-8364170-116-sub-20966-ses-3/ds/inputs/data/qsiprep/qsiprep/sub-20966/ses-3/dwi/sub-20966_ses-3_space-ACPC_desc-preproc_dwi.nii.gz	0.0001731002250302	0.8261513099324564	0.2185584730371765	0.7707476615905762	0.8262943416689407	0.7707682847976685	0.2183068708752546	0.7533138600782651	0.7533159263574671	sub-20966	ses-3				space-ACPC			DSIStudio	autotrackgqi
Association_ArcuateFasciculusR	qa	DSIStudio	/scratch/executivefunction/SLURM_8364170_116/job-8364170-116-sub-20966-ses-3/ds/inputs/data/qsiprep/qsiprep/sub-20966/ses-3/dwi/sub-20966_ses-3_space-ACPC_desc-preproc_dwi.nii.gz	0.0001731002250302	0.1948213039171766	0.0972772835857726	0.1890493631362915	0.1948550333673008	0.1890632212162017	0.0972519195553406	0.2473996411473529	0.2474003196765106	sub-20966	ses-3				space-ACPC			DSIStudio	autotrackgqi
Association_ArcuateFasciculusR	rd1	DSIStudio	/scratch/executivefunction/SLURM_8364170_116/job-8364170-116-sub-20966-ses-3/ds/inputs/data/qsiprep/qsiprep/sub-20966/ses-3/dwi/sub-20966_ses-3_space-ACPC_desc-preproc_dwi.nii.gz	0.0001731002250302	0.788903874428148	0.2420187127190623	0.7553704380989075	0.7890404575089008	0.7554088532924652	0.2418169317778139	0.6911521701215776	0.6911540658094395	sub-20966	ses-3				space-ACPC			DSIStudio	autotrackgqi
Association_ArcuateFasciculusR	rd2	DSIStudio	/scratch/executivefunction/SLURM_8364170_116/job-8364170-116-sub-20966-ses-3/ds/inputs/data/qsiprep/qsiprep/sub-20966/ses-3/dwi/sub-20966_ses-3_space-ACPC_desc-preproc_dwi.nii.gz	0.0001731002250302	0.5806389389353598	0.2868189488566826	0.5281480550765991	0.5807394650674469	0.5282860696315765	0.2867419964104052	0.4486173275476729	0.4486185582255805	sub-20966	ses-3				space-ACPC			DSIStudio	autotrackgqi
Association_ArcuateFasciculusR	rd	DSIStudio	/scratch/executivefunction/SLURM_8364170_116/job-8364170-116-sub-20966-ses-3/ds/inputs/data/qsiprep/qsiprep/sub-20966/ses-3/dwi/sub-20966_ses-3_space-ACPC_desc-preproc_dwi.nii.gz	0.0001731002250302	0.6847714060743065	0.2570711930021321	0.6387096643447876	0.6848899606806214	0.6387254297733307	0.2569354837781757	0.5698847480650672	0.5698863112479499	sub-20966	ses-3				space-ACPC			DSIStudio	autotrackgqi
Association_ArcuateFasciculusR	txx	DSIStudio	/scratch/executivefunction/SLURM_8364170_116/job-8364170-116-sub-20966-ses-3/ds/inputs/data/qsiprep/qsiprep/sub-20966/ses-3/dwi/sub-20966_ses-3_space-ACPC_desc-preproc_dwi.nii.gz	0.0001731002250302	0.000866842025	0.0002626094319478	0.0008421611855737	0.0008669921015279	0.0008421750098932	0.0002623843331542	0.0007906293712836	0.0007906315396594	sub-20966	ses-3				space-ACPC			DSIStudio	autotrackgqi
Association_ArcuateFasciculusR	txy	DSIStudio	/scratch/executivefunction/SLURM_8364170_116/job-8364170-116-sub-20966-ses-3/ds/inputs/data/qsiprep/qsiprep/sub-20966/ses-3/dwi/sub-20966_ses-3_space-ACPC_desc-preproc_dwi.nii.gz	0.0001731002250302	4.131587573382396e-06	0.0001194496835732	6.075338205846492e-06	4.132302875940114e-06	6.076354338802048e-06	0.0001194600109274	-1.941161377569053e-05	-1.941166704088453e-05	sub-20966	ses-3				space-ACPC			DSIStudio	autotrackgqi
Association_ArcuateFasciculusR	txz	DSIStudio	/scratch/executivefunction/SLURM_8364170_116/job-8364170-116-sub-20966-ses-3/ds/inputs/data/qsiprep/qsiprep/sub-20966/ses-3/dwi/sub-20966_ses-3_space-ACPC_desc-preproc_dwi.nii.gz	0.0001731002250302	5.020981272975442e-05	0.0001442640262313	3.308186569483951e-05	5.0218505564368296e-05	3.309101521153934e-05	0.0001442750010495	3.567582645619656e-05	3.56759242626803e-05	sub-20966	ses-3				space-ACPC			DSIStudio	autotrackgqi
Association_ArcuateFasciculusR	tyy	DSIStudio	/scratch/executivefunction/SLURM_8364170_116/job-8364170-116-sub-20966-ses-3/ds/inputs/data/qsiprep/qsiprep/sub-20966/ses-3/dwi/sub-20966_ses-3_space-ACPC_desc-preproc_dwi.nii.gz	0.0001731002250302	0.0008077115638309	0.0002792933643638	0.000770422979258	0.0008078514030906	0.0007704900344833	0.0002791152432577	0.0007923517183653	0.0007923538918006	sub-20966	ses-3				space-ACPC			DSIStudio	autotrackgqi
Association_ArcuateFasciculusR	tyz	DSIStudio	/scratch/executivefunction/SLURM_8364170_116/job-8364170-116-sub-20966-ses-3/ds/inputs/data/qsiprep/qsiprep/sub-20966/ses-3/dwi/sub-20966_ses-3_space-ACPC_desc-preproc_dwi.nii.gz	0.0001731002250302	5.316578596651548e-05	0.0001199565395084	3.8668840716127306e-05	5.3174990569349016e-05	3.872830893669743e-05	0.0001199648831343	4.723901960658541e-05	4.7239148995812e-05	sub-20966	ses-3				space-ACPC			DSIStudio	autotrackgqi
Association_ArcuateFasciculusR	tzz	DSIStudio	/scratch/executivefunction/SLURM_8364170_116/job-8364170-116-sub-20966-ses-3/ds/inputs/data/qsiprep/qsiprep/sub-20966/ses-3/dwi/sub-20966_ses-3_space-ACPC_desc-preproc_dwi.nii.gz	0.0001731002250302	0.0008039003414427	0.0002742317850297	0.0007860578480176	0.0008040395208647	0.0007861057820264	0.0002740514296391	0.0006769604926544	0.000676962349681	sub-20966	ses-3				space-ACPC			DSIStudio	autotrackgqi
Association_InferiorFrontoOccipitalFasciculusR	ad	DSIStudio	/scratch/executivefunction/SLURM_8364170_116/job-8364170-116-sub-20966-ses-3/ds/inputs/data/qsiprep/qsiprep/sub-20966/ses-3/dwi/sub-20966_ses-3_space-ACPC_desc-preproc_dwi.nii.gz	0.0007405213270142	1.1651155880312505	0.2820646806518772	1.1027820110321045	1.16597902036268	1.1030094623565674	0.2803795641333344	1.263725373122777	1.2637417190814573	sub-20966	ses-3				space-ACPC			DSIStudio	autotrackgqi
Association_InferiorFrontoOccipitalFasciculusR	dti_fa	DSIStudio	/scratch/executivefunction/SLURM_8364170_116/job-8364170-116-sub-20966-ses-3/ds/inputs/data/qsiprep/qsiprep/sub-20966/ses-3/dwi/sub-20966_ses-3_space-ACPC_desc-preproc_dwi.nii.gz	0.0007405213270142	0.3479901706563724	0.1948890232709109	0.3414688557386398	0.3482480557687604	0.3416817784309387	0.1947307642057824	0.4998318405554129	0.4998383056183112	sub-20966	ses-3				space-ACPC			DSIStudio	autotrackgqi
Association_InferiorFrontoOccipitalFasciculusR	gfa	DSIStudio	/scratch/executivefunction/SLURM_8364170_116/job-8364170-116-sub-20966-ses-3/ds/inputs/data/qsiprep/qsiprep/sub-20966/ses-3/dwi/sub-20966_ses-3_space-ACPC_desc-preproc_dwi.nii.gz	0.0007405213270142	0.0776665623959648	0.041961595280888	0.0747173577547073	0.0777241187635326	0.0747603178024292	0.0419238216129894	0.1105344320550613	0.110535861767482	sub-20966	ses-3				space-ACPC			DSIStudio	autotrackgqi
Association_InferiorFrontoOccipitalFasciculusR	ha	DSIStudio	/scratch/executivefunction/SLURM_8364170_116/job-8364170-116-sub-20966-ses-3/ds/inputs/data/qsiprep/qsiprep/sub-20966/ses-3/dwi/sub-20966_ses-3_space-ACPC_desc-preproc_dwi.nii.gz	0.0007405213270142	3.4841168309660944	31.620820935915663	4.873627901077271	3.486698805792659	4.943541049957275	31.63239308904568	0.5597636039784213	0.559770835760439	sub-20966	ses-3				space-ACPC			DSIStudio	autotrackgqi
Association_InferiorFrontoOccipitalFasciculusR	iso	DSIStudio	/scratch/executivefunction/SLURM_8364170_116/job-8364170-116-sub-20966-ses-3/ds/inputs/data/qsiprep/qsiprep/sub-20966/ses-3/dwi/sub-20966_ses-3_space-ACPC_desc-preproc_dwi.nii.gz	0.0007405213270142	0.6208611916308181	0.1537642676207256	0.5930913090705872	0.6213212932994344	0.5932266116142273	0.1528891771418811	0.5540765360238458	0.5540837028866743	sub-20966	ses-3				space-ACPC			DSIStudio	autotrackgqi
Association_InferiorFrontoOccipitalFasciculusR	md	DSIStudio	/scratch/executivefunction/SLURM_8364170_116/job-8364170-116-sub-20966-ses-3/ds/inputs/data/qsiprep/qsiprep/sub-20966/ses-3/dwi/sub-20966_ses-3_space-ACPC_desc-preproc_dwi.nii.gz	0.0007405213270142	0.8437189204371159	0.2374430781721338	0.7799385190010071	0.8443441753062705	0.7799552083015442	0.2364171440823911	0.7774289242619081	0.7774389802309207	sub-20966	ses-3				space-ACPC			DSIStudio	autotrackgqi
Association_InferiorFrontoOccipitalFasciculusR	qa	DSIStudio	/scratch/executivefunction/SLURM_8364170_116/job-8364170-116-sub-20966-ses-3/ds/inputs/data/qsiprep/qsiprep/sub-20966/ses-3/dwi/sub-20966_ses-3_space-ACPC_desc-preproc_dwi.nii.gz	0.0007405213270142	0.2066951786391095	0.1068302226897919	0.2013432011008262	0.2068483542568945	0.2015967369079589	0.1067214597149082	0.2814995936729234	0.2815032347383706	sub-20966	ses-3				space-ACPC			DSIStudio	autotrackgqi
Association_InferiorFrontoOccipitalFasciculusR	rd1	DSIStudio	/scratch/executivefunction/SLURM_8364170_116/job-8364170-116-sub-20966-ses-3/ds/inputs/data/qsiprep/qsiprep/sub-20966/ses-3/dwi/sub-20966_ses-3_space-ACPC_desc-preproc_dwi.nii.gz	0.0007405213270142	0.7789911990345266	0.2759223298239211	0.7404614090919495	0.7795684861243699	0.7407646179199219	0.2752081344382576	0.6342524020311977	0.6342606061421618	sub-20966	ses-3				space-ACPC			DSIStudio	autotrackgqi
Association_InferiorFrontoOccipitalFasciculusR	rd2	DSIStudio	/scratch/executivefunction/SLURM_8364170_116/job-8364170-116-sub-20966-ses-3/ds/inputs/data/qsiprep/qsiprep/sub-20966/ses-3/dwi/sub-20966_ses-3_space-ACPC_desc-preproc_dwi.nii.gz	0.0007405213270142	0.5870499768861573	0.291920261199748	0.5229945480823517	0.5874850220743049	0.5232298970222473	0.2915904807489082	0.4343090028721874	0.4343146207096485	sub-20966	ses-3				space-ACPC			DSIStudio	autotrackgqi
Association_InferiorFrontoOccipitalFasciculusR	rd	DSIStudio	/scratch/executivefunction/SLURM_8364170_116/job-8364170-116-sub-20966-ses-3/ds/inputs/data/qsiprep/qsiprep/sub-20966/ses-3/dwi/sub-20966_ses-3_space-ACPC_desc-preproc_dwi.nii.gz	0.0007405213270142	0.6830205880789643	0.2772471745765733	0.6256246268749237	0.6835267542180475	0.6257516741752625	0.2767254610695489	0.5342807023910312	0.534287613365243	sub-20966	ses-3				space-ACPC			DSIStudio	autotrackgqi
Association_InferiorFrontoOccipitalFasciculusR	txx	DSIStudio	/scratch/executivefunction/SLURM_8364170_116/job-8364170-116-sub-20966-ses-3/ds/inputs/data/qsiprep/qsiprep/sub-20966/ses-3/dwi/sub-20966_ses-3_space-ACPC_desc-preproc_dwi.nii.gz	0.0007405213270142	0.0008002942310788	0.0003106194548161	0.0007728651689831	0.0008008873052089	0.0007729970966465	0.0003099692918771	0.0006190436862949	0.0006190516937356	sub-20966	ses-3				space-ACPC			DSIStudio	autotrackgqi
Association_InferiorFrontoOccipitalFasciculusR	txy	DSIStudio	/scratch/executivefunction/SLURM_8364170_116/job-8364170-116-sub-20966-ses-3/ds/inputs/data/qsiprep/qsiprep/sub-20966/ses-3/dwi/sub-20966_ses-3_space-ACPC_desc-preproc_dwi.nii.gz	0.0007405213270142	7.112487547611559e-06	0.0001385105214023	9.83128620646312e-06	7.117758399506928e-06	9.863023478828836e-06	0.0001385616995219	-3.90071380995777e-05	-3.900764267820016e-05	sub-20966	ses-3				space-ACPC			DSIStudio	autotrackgqi
Association_InferiorFrontoOccipitalFasciculusR	txz	DSIStudio	/scratch/executivefunction/SLURM_8364170_116/job-8364170-116-sub-20966-ses-3/ds/inputs/data/qsiprep/qsiprep/sub-20966/ses-3/dwi/sub-20966_ses-3_space-ACPC_desc-preproc_dwi.nii.gz	0.0007405213270142	3.928390240850911e-05	0.0001206909132649	2.801742812152952e-05	3.93130145342009e-05	2.807248347380664e-05	0.0001207308854693	5.091044236933271e-05	5.091110086891813e-05	sub-20966	ses-3				space-ACPC			DSIStudio	autotrackgqi
Association_InferiorFrontoOccipitalFasciculusR	tyy	DSIStudio	/scratch/executivefunction/SLURM_8364170_116/job-8364170-116-sub-20966-ses-3/ds/inputs/data/qsiprep/qsiprep/sub-20966/ses-3/dwi/sub-20966_ses-3_space-ACPC_desc-preproc_dwi.nii.gz	0.0007405213270142	0.0009505379519232	0.0003084555533036	0.0008889033342711	0.0009512423671833	0.0008889737073332	0.0003074821421032	0.0010623339478294	0.0010623476886943	sub-20966	ses-3				space-ACPC			DSIStudio	autotrackgqi
Association_InferiorFrontoOccipitalFasciculusR	tyz	DSIStudio	/scratch/executivefunction/SLURM_8364170_116/job-8364170-116-sub-20966-ses-3/ds/inputs/data/qsiprep/qsiprep/sub-20966/ses-3/dwi/sub-20966_ses-3_space-ACPC_desc-preproc_dwi.nii.gz	0.0007405213270142	2.3909732880888624e-05	0.0001667947298378	1.7384146531185252e-06	2.3927451669150733e-05	1.9039384824282024e-06	0.0001668552512319	5.83287457551472e-05	5.8329500215435e-05	sub-20966	ses-3				space-ACPC			DSIStudio	autotrackgqi
Association_InferiorFrontoOccipitalFasciculusR	tzz	DSIStudio	/scratch/executivefunction/SLURM_8364170_116/job-8364170-116-sub-20966-ses-3/ds/inputs/data/qsiprep/qsiprep/sub-20966/ses-3/dwi/sub-20966_ses-3_space-ACPC_desc-preproc_dwi.nii.gz	0.0007405213270142	0.0007803245798662	0.0002790277917485	0.0007474197191186	0.0007809028550847	0.0007475145976059	0.0002783210896247	0.0006509091426987	0.0006509175623001	sub-20966	ses-3				space-ACPC			DSIStudio	autotrackgqi
Association_HippocampusAlveusL	ad	DSIStudio	/scratch/executivefunction/SLURM_8364170_116/job-8364170-116-sub-20966-ses-3/ds/inputs/data/qsiprep/qsiprep/sub-20966/ses-3/dwi/sub-20966_ses-3_space-ACPC_desc-preproc_dwi.nii.gz	0.0	1.3348112167088857	0.4700557288521446	1.1951873302459717	1.3348112167088857	1.1951873302459717	0.4700557288521446	1.4367299890176837	1.4367299890176837	sub-20966	ses-3				space-ACPC			DSIStudio	autotrackgqi
Association_HippocampusAlveusL	dti_fa	DSIStudio	/scratch/executivefunction/SLURM_8364170_116/job-8364170-116-sub-20966-ses-3/ds/inputs/data/qsiprep/qsiprep/sub-20966/ses-3/dwi/sub-20966_ses-3_space-ACPC_desc-preproc_dwi.nii.gz	0.0	0.2725632149800256	0.1649772829214153	0.2241794019937515	0.2725632149800256	0.2241794019937515	0.1649772829214153	0.344911811984215	0.344911811984215	sub-20966	ses-3				space-ACPC			DSIStudio	autotrackgqi
Association_HippocampusAlveusL	gfa	DSIStudio	/scratch/executivefunction/SLURM_8364170_116/job-8364170-116-sub-20966-ses-3/ds/inputs/data/qsiprep/qsiprep/sub-20966/ses-3/dwi/sub-20966_ses-3_space-ACPC_desc-preproc_dwi.nii.gz	0.0	0.0666677235315758	0.0377562986225094	0.0549679026007652	0.0666677235315758	0.0549679026007652	0.0377562986225094	0.0860146952676739	0.0860146952676739	sub-20966	ses-3				space-ACPC			DSIStudio	autotrackgqi
Association_HippocampusAlveusL	ha	DSIStudio	/scratch/executivefunction/SLURM_8364170_116/job-8364170-116-sub-20966-ses-3/ds/inputs/data/qsiprep/qsiprep/sub-20966/ses-3/dwi/sub-20966_ses-3_space-ACPC_desc-preproc_dwi.nii.gz	0.0	18.326204691341605	34.71159157897719	26.15038681030273	18.326204691341605	26.15038681030273	34.71159157897719	29.16318031130304	29.16318031130304	sub-20966	ses-3				space-ACPC			DSIStudio	autotrackgqi
Association_HippocampusAlveusL	iso	DSIStudio	/scratch/executivefunction/SLURM_8364170_116/job-8364170-116-sub-20966-ses-3/ds/inputs/data/qsiprep/qsiprep/sub-20966/ses-3/dwi/sub-20966_ses-3_space-ACPC_desc-preproc_dwi.nii.gz	0.0	0.6506422073408572	0.2450804676207248	0.6089826822280884	0.6506422073408572	0.6089826822280884	0.2450804676207248	0.6133394481615355	0.6133394481615355	sub-20966	ses-3				space-ACPC			DSIStudio	autotrackgqi
Association_HippocampusAlveusL	md	DSIStudio	/scratch/executivefunction/SLURM_8364170_116/job-8364170-116-sub-20966-ses-3/ds/inputs/data/qsiprep/qsiprep/sub-20966/ses-3/dwi/sub-20966_ses-3_space-ACPC_desc-preproc_dwi.nii.gz	0.0	1.0352696182443253	0.3962494856229592	0.8820619583129883	1.0352696182443253	0.8820619583129883	0.3962494856229592	1.0392869236542246	1.0392869236542246	sub-20966	ses-3				space-ACPC			DSIStudio	autotrackgqi
Association_HippocampusAlveusL	qa	DSIStudio	/scratch/executivefunction/SLURM_8364170_116/job-8364170-116-sub-20966-ses-3/ds/inputs/data/qsiprep/qsiprep/sub-20966/ses-3/dwi/sub-20966_ses-3_space-ACPC_desc-preproc_dwi.nii.gz	0.0	0.1791453763867284	0.0989938753244292	0.1504012048244476	0.1791453763867284	0.1504012048244476	0.0989938753244292	0.2322305620265038	0.2322305620265038	sub-20966	ses-3				space-ACPC			DSIStudio	autotrackgqi
Association_HippocampusAlveusL	rd1	DSIStudio	/scratch/executivefunction/SLURM_8364170_116/job-8364170-116-sub-20966-ses-3/ds/inputs/data/qsiprep/qsiprep/sub-20966/ses-3/dwi/sub-20966_ses-3_space-ACPC_desc-preproc_dwi.nii.gz	0.0	0.9718869129899028	0.4039337210968376	0.849077582359314	0.9718869129899028	0.849077582359314	0.4039337210968376	0.9305025796071292	0.9305025796071292	sub-20966	ses-3				space-ACPC			DSIStudio	autotrackgqi
Association_HippocampusAlveusL	rd2	DSIStudio	/scratch/executivefunction/SLURM_8364170_116/job-8364170-116-sub-20966-ses-3/ds/inputs/data/qsiprep/qsiprep/sub-20966/ses-3/dwi/sub-20966_ses-3_space-ACPC_desc-preproc_dwi.nii.gz	0.0	0.7991107245617717	0.3927538541133863	0.705650806427002	0.7991107245617717	0.705650806427002	0.3927538541133863	0.7506282124468785	0.7506282124468785	sub-20966	ses-3				space-ACPC			DSIStudio	autotrackgqi
Association_HippocampusAlveusL	rd	DSIStudio	/scratch/executivefunction/SLURM_8364170_116/job-8364170-116-sub-20966-ses-3/ds/inputs/data/qsiprep/qsiprep/sub-20966/ses-3/dwi/sub-20966_ses-3_space-ACPC_desc-preproc_dwi.nii.gz	0.0	0.8854988183142286	0.394674292682949	0.7749099731445312	0.8854988183142286	0.7749099731445312	0.394674292682949	0.8405653964753192	0.8405653964753192	sub-20966	ses-3				space-ACPC			DSIStudio	autotrackgqi
Association_HippocampusAlveusL	txx	DSIStudio	/scratch/executivefunction/SLURM_8364170_116/job-8364170-116-sub-20966-ses-3/ds/inputs/data/qsiprep/qsiprep/sub-20966/ses-3/dwi/sub-20966_ses-3_space-ACPC_desc-preproc_dwi.nii.gz	0.0	0.0009984084661741	0.0004257865238251	0.0008806842961348	0.0009984084661741	0.0008806842961348	0.0004257865238251	0.0009273143460942	0.0009273143460942	sub-20966	ses-3				space-ACPC			DSIStudio	autotrackgqi
Association_HippocampusAlveusL	txy	DSIStudio	/scratch/executivefunction/SLURM_8364170_116/job-8364170-116-sub-20966-ses-3/ds/inputs/data/qsiprep/qsiprep/sub-20966/ses-3/dwi/sub-20966_ses-3_space-ACPC_desc-preproc_dwi.nii.gz	0.0	1.0059966891607078e-05	0.0001315396814364	9.221661457559094e-06	1.0059966891607078e-05	9.221661457559094e-06	0.0001315396814364	-2.5425616780257944e-06	-2.5425616780257944e-06	sub-20966	ses-3				space-ACPC			DSIStudio	autotrackgqi
Association_HippocampusAlveusL	txz	DSIStudio	/scratch/executivefunction/SLURM_8364170_116/job-8364170-116-sub-20966-ses-3/ds/inputs/data/qsiprep/qsiprep/sub-20966/ses-3/dwi/sub-20966_ses-3_space-ACPC_desc-preproc_dwi.nii.gz	0.0	-2.786722948078361e-05	0.0001387876098689	-1.8813108908943832e-05	-2.786722948078361e-05	-1.8813108908943832e-05	0.0001387876098689	-3.0205080277268427e-05	-3.0205080277268427e-05	sub-20966	ses-3				space-ACPC			DSIStudio	autotrackgqi
Association_HippocampusAlveusL	tyy	DSIStudio	/scratch/executivefunction/SLURM_8364170_116/job-8364170-116-sub-20966-ses-3/ds/inputs/data/qsiprep/qsiprep/sub-20966/ses-3/dwi/sub-20966_ses-3_space-ACPC_desc-preproc_dwi.nii.gz	0.0	0.0010757164282714	0.0004298925405943	0.0009357000235468	0.0010757164282714	0.0009357000235468	0.0004298925405943	0.0011326409972352	0.0011326409972352	sub-20966	ses-3				space-ACPC			DSIStudio	autotrackgqi
Association_HippocampusAlveusL	tyz	DSIStudio	/scratch/executivefunction/SLURM_8364170_116/job-8364170-116-sub-20966-ses-3/ds/inputs/data/qsiprep/qsiprep/sub-20966/ses-3/dwi/sub-20966_ses-3_space-ACPC_desc-preproc_dwi.nii.gz	0.0	8.664496104814333e-05	0.0001731380026651	6.101312828832306e-05	8.664496104814333e-05	6.101312828832306e-05	0.0001731380026651	0.0001823971484458	0.0001823971484458	sub-20966	ses-3				space-ACPC			DSIStudio	autotrackgqi
Association_HippocampusAlveusL	tzz	DSIStudio	/scratch/executivefunction/SLURM_8364170_116/job-8364170-116-sub-20966-ses-3/ds/inputs/data/qsiprep/qsiprep/sub-20966/ses-3/dwi/sub-20966_ses-3_space-ACPC_desc-preproc_dwi.nii.gz	0.0	0.0010316839594268	0.0004110006072529	0.0009085558122023	0.0010316839594268	0.0009085558122023	0.0004110006072529	0.0010579054363902	0.0010579054363902	sub-20966	ses-3				space-ACPC			DSIStudio	autotrackgqi
Association_ParietalAslantTractR	ad	DSIStudio	/scratch/executivefunction/SLURM_8364170_116/job-8364170-116-sub-20966-ses-3/ds/inputs/data/qsiprep/qsiprep/sub-20966/ses-3/dwi/sub-20966_ses-3_space-ACPC_desc-preproc_dwi.nii.gz	0.0013212221304706	1.103846336621868	0.2577389478675007	1.0507146120071411	1.105306692284672	1.0511550903320312	0.2547608847968607	1.1406408903284806	1.1407532163434313	sub-20966	ses-3				space-ACPC			DSIStudio	autotrackgqi
Association_ParietalAslantTractR	dti_fa	DSIStudio	/scratch/executivefunction/SLURM_8364170_116/job-8364170-116-sub-20966-ses-3/ds/inputs/data/qsiprep/qsiprep/sub-20966/ses-3/dwi/sub-20966_ses-3_space-ACPC_desc-preproc_dwi.nii.gz	0.0013212221304706	0.2978430910008282	0.1869741054902112	0.2611105442047119	0.2982371284951239	0.2612597048282623	0.1867834297839858	0.4137739561750182	0.4138147031001398	sub-20966	ses-3				space-ACPC			DSIStudio	autotrackgqi
Association_ParietalAslantTractR	gfa	DSIStudio	/scratch/executivefunction/SLURM_8364170_116/job-8364170-116-sub-20966-ses-3/ds/inputs/data/qsiprep/qsiprep/sub-20966/ses-3/dwi/sub-20966_ses-3_space-ACPC_desc-preproc_dwi.nii.gz	0.0013212221304706	0.0663995668781932	0.0388988905386572	0.0582162588834762	0.066487411517688	0.0582809075713157	0.0388495165965683	0.0897908422807681	0.0897996845513383	sub-20966	ses-3				space-ACPC			DSIStudio	autotrackgqi
Association_ParietalAslantTractR	ha	DSIStudio	/scratch/executivefunction/SLURM_8364170_116/job-8364170-116-sub-20966-ses-3/ds/inputs/data/qsiprep/qsiprep/sub-20966/ses-3/dwi/sub-20966_ses-3_space-ACPC_desc-preproc_dwi.nii.gz	0.0013212221304706	-5.460256555103694	33.22143415879935	-6.442071914672852	-5.467480311088617	-6.4850616455078125	33.24280833274157	-14.794119237938093	-14.795576109395142	sub-20966	ses-3				space-ACPC			DSIStudio	autotrackgqi
Association_ParietalAslantTractR	iso	DSIStudio	/scratch/executivefunction/SLURM_8364170_116/job-8364170-116-sub-20966-ses-3/ds/inputs/data/qsiprep/qsiprep/sub-20966/ses-3/dwi/sub-20966_ses-3_space-ACPC_desc-preproc_dwi.nii.gz	0.0013212221304706	0.6197267457159908	0.112256333098739	0.6077725887298584	0.6205466256507896	0.6081135272979736	0.1100426371020032	0.5919949369587182	0.5920532344208065	sub-20966	ses-3				space-ACPC			DSIStudio	autotrackgqi
Association_ParietalAslantTractR	md	DSIStudio	/scratch/executivefunction/SLURM_8364170_116/job-8364170-116-sub-20966-ses-3/ds/inputs/data/qsiprep/qsiprep/sub-20966/ses-3/dwi/sub-20966_ses-3_space-ACPC_desc-preproc_dwi.nii.gz	0.0013212221304706	0.8407206512993766	0.2305181380628028	0.7761092185974121	0.8418328995564288	0.776273787021637	0.2286319872497487	0.7711070983793755	0.7711830341310895	sub-20966	ses-3				space-ACPC			DSIStudio	autotrackgqi
Association_ParietalAslantTractR	qa	DSIStudio	/scratch/executivefunction/SLURM_8364170_116/job-8364170-116-sub-20966-ses-3/ds/inputs/data/qsiprep/qsiprep/sub-20966/ses-3/dwi/sub-20966_ses-3_space-ACPC_desc-preproc_dwi.nii.gz	0.0013212221304706	0.1751776307935093	0.101134683092762	0.1534288674592971	0.1754093855555976	0.1536789685487747	0.1010005138512626	0.2362034350237929	0.2362266954632771	sub-20966	ses-3				space-ACPC			DSIStudio	autotrackgqi
Association_ParietalAslantTractR	rd1	DSIStudio	/scratch/executivefunction/SLURM_8364170_116/job-8364170-116-sub-20966-ses-3/ds/inputs/data/qsiprep/qsiprep/sub-20966/ses-3/dwi/sub-20966_ses-3_space-ACPC_desc-preproc_dwi.nii.gz	0.0013212221304706	0.7990245805704131	0.2638132324654749	0.7580766081809998	0.8000816661739459	0.7582480311393738	0.2623809103546298	0.6907565792512613	0.6908246024783502	sub-20966	ses-3				space-ACPC			DSIStudio	autotrackgqi
Association_ParietalAslantTractR	rd2	DSIStudio	/scratch/executivefunction/SLURM_8364170_116/job-8364170-116-sub-20966-ses-3/ds/inputs/data/qsiprep/qsiprep/sub-20966/ses-3/dwi/sub-20966_ses-3_space-ACPC_desc-preproc_dwi.nii.gz	0.0013212221304706	0.6192910380249276	0.2817548446254881	0.5855307579040527	0.6201103415314927	0.5858959555625916	0.2810387142724385	0.4819238283391249	0.4819712863525009	sub-20966	ses-3				space-ACPC			DSIStudio	autotrackgqi
Association_ParietalAslantTractR	rd	DSIStudio	/scratch/executivefunction/SLURM_8364170_116/job-8364170-116-sub-20966-ses-3/ds/inputs/data/qsiprep/qsiprep/sub-20966/ses-3/dwi/sub-20966_ses-3_space-ACPC_desc-preproc_dwi.nii.gz	0.0013212221304706	0.709157808933447	0.2660109777296783	0.6641845703125	0.7100960034880142	0.6647431254386902	0.2649325345548003	0.5863402032503924	0.5863979438705712	sub-20966	ses-3				space-ACPC			DSIStudio	autotrackgqi
Association_ParietalAslantTractR	txx	DSIStudio	/scratch/executivefunction/SLURM_8364170_116/job-8364170-116-sub-20966-ses-3/ds/inputs/data/qsiprep/qsiprep/sub-20966/ses-3/dwi/sub-20966_ses-3_space-ACPC_desc-preproc_dwi.nii.gz	0.0013212221304706	0.0008554063148947	0.0002915827532136	0.0008397446363233	0.0008565379918451	0.0008398504578508	0.0002901097331155	0.0007488226550076	0.0007488963962144	sub-20966	ses-3				space-ACPC			DSIStudio	autotrackgqi
Association_ParietalAslantTractR	txy	DSIStudio	/scratch/executivefunction/SLURM_8364170_116/job-8364170-116-sub-20966-ses-3/ds/inputs/data/qsiprep/qsiprep/sub-20966/ses-3/dwi/sub-20966_ses-3_space-ACPC_desc-preproc_dwi.nii.gz	0.0013212221304706	-2.9885989850943263e-05	0.0001124215961174	-1.5581539628328755e-05	-2.9925528120962705e-05	-1.5672821973566897e-05	0.0001124906777456	-5.029403098829427e-05	-5.0298983783601646e-05	sub-20966	ses-3				space-ACPC			DSIStudio	autotrackgqi
Association_ParietalAslantTractR	txz	DSIStudio	/scratch/executivefunction/SLURM_8364170_116/job-8364170-116-sub-20966-ses-3/ds/inputs/data/qsiprep/qsiprep/sub-20966/ses-3/dwi/sub-20966_ses-3_space-ACPC_desc-preproc_dwi.nii.gz	0.0013212221304706	3.45950460928001e-05	0.0001366661906134	2.4513858079444617e-05	3.464081430327511e-05	2.464107819832861e-05	0.0001367507666431	4.867434534425797e-05	4.8679138495157446e-05	sub-20966	ses-3				space-ACPC			DSIStudio	autotrackgqi
Association_ParietalAslantTractR	tyy	DSIStudio	/scratch/executivefunction/SLURM_8364170_116/job-8364170-116-sub-20966-ses-3/ds/inputs/data/qsiprep/qsiprep/sub-20966/ses-3/dwi/sub-20966_ses-3_space-ACPC_desc-preproc_dwi.nii.gz	0.0013212221304706	0.0008433884747264	0.0002951854998141	0.000805250252597	0.000844504252434	0.0008053615456447	0.0002937813414594	0.0007612385758134	0.0007613135399159	sub-20966	ses-3				space-ACPC			DSIStudio	autotrackgqi
Association_ParietalAslantTractR	tyz	DSIStudio	/scratch/executivefunction/SLURM_8364170_116/job-8364170-116-sub-20966-ses-3/ds/inputs/data/qsiprep/qsiprep/sub-20966/ses-3/dwi/sub-20966_ses-3_space-ACPC_desc-preproc_dwi.nii.gz	0.0013212221304706	3.875922804436415e-05	0.0001235130824488	1.6148824215633795e-05	3.8810505342917966e-05	1.625749791855924e-05	0.0001235867063385	8.346444102696415e-05	8.347266037995613e-05	sub-20966	ses-3				space-ACPC			DSIStudio	autotrackgqi
Association_ParietalAslantTractR	tzz	DSIStudio	/scratch/executivefunction/SLURM_8364170_116/job-8364170-116-sub-20966-ses-3/ds/inputs/data/qsiprep/qsiprep/sub-20966/ses-3/dwi/sub-20966_ses-3_space-ACPC_desc-preproc_dwi.nii.gz	0.0013212221304706	0.0008233671647473	0.0002498207483297	0.0007818600279279	0.000824456454861	0.0007821089820936	0.0002481832007408	0.0008032600676315	0.0008033391695777	sub-20966	ses-3				space-ACPC			DSIStudio	autotrackgqi
Association_ArcuateFasciculusL	ad	DSIStudio	/scratch/executivefunction/SLURM_8364170_116/job-8364170-116-sub-20966-ses-3/ds/inputs/data/qsiprep/qsiprep/sub-20966/ses-3/dwi/sub-20966_ses-3_space-ACPC_desc-preproc_dwi.nii.gz	0.0041105598866052	1.1162915295696192	0.289978896516276	1.0602670907974243	1.1208990522507347	1.0607602000236511	0.2815497594805574	1.1522472395876424	1.1524976980062678	sub-20966	ses-3				space-ACPC			DSIStudio	autotrackgqi
Association_ArcuateFasciculusL	dti_fa	DSIStudio	/scratch/executivefunction/SLURM_8364170_116/job-8364170-116-sub-20966-ses-3/ds/inputs/data/qsiprep/qsiprep/sub-20966/ses-3/dwi/sub-20966_ses-3_space-ACPC_desc-preproc_dwi.nii.gz	0.0041105598866052	0.3109055192590625	0.1804059109106507	0.287138283252716	0.3121887899761865	0.2886206209659576	0.1796663731452384	0.4680628473417869	0.4681645878129151	sub-20966	ses-3				space-ACPC			DSIStudio	autotrackgqi
Association_ArcuateFasciculusL	gfa	DSIStudio	/scratch/executivefunction/SLURM_8364170_116/job-8364170-116-sub-20966-ses-3/ds/inputs/data/qsiprep/qsiprep/sub-20966/ses-3/dwi/sub-20966_ses-3_space-ACPC_desc-preproc_dwi.nii.gz	0.0041105598866052	0.0685243301546368	0.0372047322855909	0.0635298863053321	0.0688071661316486	0.0638048686087131	0.0370195117707159	0.1007358892249098	0.1007577856759792	sub-20966	ses-3				space-ACPC			DSIStudio	autotrackgqi
Association_ArcuateFasciculusL	ha	DSIStudio	/scratch/executivefunction/SLURM_8364170_116/job-8364170-116-sub-20966-ses-3/ds/inputs/data/qsiprep/qsiprep/sub-20966/ses-3/dwi/sub-20966_ses-3_space-ACPC_desc-preproc_dwi.nii.gz	0.0041105598866052	2.103316058173728	33.11788799541616	4.09405517578125	2.1119975505857744	4.261175632476807	33.18588884128608	5.925748090022739	5.927036147427733	sub-20966	ses-3				space-ACPC			DSIStudio	autotrackgqi
Association_ArcuateFasciculusL	iso	DSIStudio	/scratch/executivefunction/SLURM_8364170_116/job-8364170-116-sub-20966-ses-3/ds/inputs/data/qsiprep/qsiprep/sub-20966/ses-3/dwi/sub-20966_ses-3_space-ACPC_desc-preproc_dwi.nii.gz	0.0041105598866052	0.6063093414032484	0.1447265044409895	0.5969033241271973	0.6088118991744831	0.5974082052707672	0.139673291357425	0.571851228784779	0.5719755293982709	sub-20966	ses-3				space-ACPC			DSIStudio	autotrackgqi
Association_ArcuateFasciculusL	md	DSIStudio	/scratch/executivefunction/SLURM_8364170_116/job-8364170-116-sub-20966-ses-3/ds/inputs/data/qsiprep/qsiprep/sub-20966/ses-3/dwi/sub-20966_ses-3_space-ACPC_desc-preproc_dwi.nii.gz	0.0041105598866052	0.8484844579416163	0.2747674512723631	0.7779609560966492	0.8519865998830206	0.7782652974128723	0.2698610582460431	0.7518823853630463	0.7520458184782992	sub-20966	ses-3				space-ACPC			DSIStudio	autotrackgqi
Association_ArcuateFasciculusL	qa	DSIStudio	/scratch/executivefunction/SLURM_8364170_116/job-8364170-116-sub-20966-ses-3/ds/inputs/data/qsiprep/qsiprep/sub-20966/ses-3/dwi/sub-20966_ses-3_space-ACPC_desc-preproc_dwi.nii.gz	0.0041105598866052	0.179694966150251	0.0987097337002185	0.1687658727169037	0.1804366618545432	0.1693075522780418	0.0982344106884594	0.2652643510672888	0.2653220102321001	sub-20966	ses-3				space-ACPC			DSIStudio	autotrackgqi
Association_ArcuateFasciculusL	rd1	DSIStudio	/scratch/executivefunction/SLURM_8364170_116/job-8364170-116-sub-20966-ses-3/ds/inputs/data/qsiprep/qsiprep/sub-20966/ses-3/dwi/sub-20966_ses-3_space-ACPC_desc-preproc_dwi.nii.gz	0.0041105598866052	0.8199499781675832	0.2898481998355783	0.7719243168830872	0.8233343432923854	0.7724024653434753	0.2856086073031457	0.689113296144132	0.6892630854328436	sub-20966	ses-3				space-ACPC			DSIStudio	autotrackgqi
Association_ArcuateFasciculusL	rd2	DSIStudio	/scratch/executivefunction/SLURM_8364170_116/job-8364170-116-sub-20966-ses-3/ds/inputs/data/qsiprep/qsiprep/sub-20966/ses-3/dwi/sub-20966_ses-3_space-ACPC_desc-preproc_dwi.nii.gz	0.0041105598866052	0.6092118666906631	0.3274817248324308	0.5634699463844299	0.6117264047114471	0.5645455121994019	0.3258047335233078	0.4142866209817177	0.4143766726202751	sub-20966	ses-3				space-ACPC			DSIStudio	autotrackgqi
Association_ArcuateFasciculusL	rd	DSIStudio	/scratch/executivefunction/SLURM_8364170_116/job-8364170-116-sub-20966-ses-3/ds/inputs/data/qsiprep/qsiprep/sub-20966/ses-3/dwi/sub-20966_ses-3_space-ACPC_desc-preproc_dwi.nii.gz	0.0041105598866052	0.7145809227528089	0.3011593748268095	0.6613079309463501	0.717530374326938	0.6619795858860016	0.2982532515864488	0.5516999578747795	0.5518198783382646	sub-20966	ses-3				space-ACPC			DSIStudio	autotrackgqi
Association_ArcuateFasciculusL	txx	DSIStudio	/scratch/executivefunction/SLURM_8364170_116/job-8364170-116-sub-20966-ses-3/ds/inputs/data/qsiprep/qsiprep/sub-20966/ses-3/dwi/sub-20966_ses-3_space-ACPC_desc-preproc_dwi.nii.gz	0.0041105598866052	0.0008883146868586	0.0002850626459338	0.0008600641740486	0.0008919812291186	0.0008608265488874	0.0002798671666415	0.0007806720676227	0.0007808417587188	sub-20966	ses-3				space-ACPC			DSIStudio	autotrackgqi
Association_ArcuateFasciculusL	txy	DSIStudio	/scratch/executivefunction/SLURM_8364170_116/job-8364170-116-sub-20966-ses-3/ds/inputs/data/qsiprep/qsiprep/sub-20966/ses-3/dwi/sub-20966_ses-3_space-ACPC_desc-preproc_dwi.nii.gz	0.0041105598866052	-3.919490307671544e-06	0.0001199715823584	-3.8315579331538174e-06	-3.935668107119662e-06	-4.410237124830019e-06	0.0001202186555196	7.04930856263212e-06	7.050840914097638e-06	sub-20966	ses-3				space-ACPC			DSIStudio	autotrackgqi
Association_ArcuateFasciculusL	txz	DSIStudio	/scratch/executivefunction/SLURM_8364170_116/job-8364170-116-sub-20966-ses-3/ds/inputs/data/qsiprep/qsiprep/sub-20966/ses-3/dwi/sub-20966_ses-3_space-ACPC_desc-preproc_dwi.nii.gz	0.0041105598866052	-3.162643948328312e-05	0.000140501604372	-1.7792501239455305e-05	-3.175697844499892e-05	-1.828606582421344e-05	0.0001407765448169	-5.8327600684323285e-05	-5.834027916294435e-05	sub-20966	ses-3				space-ACPC			DSIStudio	autotrackgqi
Association_ArcuateFasciculusL	tyy	DSIStudio	/scratch/executivefunction/SLURM_8364170_116/job-8364170-116-sub-20966-ses-3/ds/inputs/data/qsiprep/qsiprep/sub-20966/ses-3/dwi/sub-20966_ses-3_space-ACPC_desc-preproc_dwi.nii.gz	0.0041105598866052	0.0008633037063512	0.000325942853914	0.00080400245497	0.0008668670151306	0.0008050375327002	0.0003218514135207	0.000818670678325	0.0008188486285864	sub-20966	ses-3				space-ACPC			DSIStudio	autotrackgqi
Association_ArcuateFasciculusL	tyz	DSIStudio	/scratch/executivefunction/SLURM_8364170_116/job-8364170-116-sub-20966-ses-3/ds/inputs/data/qsiprep/qsiprep/sub-20966/ses-3/dwi/sub-20966_ses-3_space-ACPC_desc-preproc_dwi.nii.gz	0.0041105598866052	3.021153628976606e-05	0.0001255172821775	1.6523368685739115e-05	3.033623520129513e-05	1.6983722161967307e-05	0.0001257610142573	3.362644699803231e-05	3.3633756304314993e-05	sub-20966	ses-3				space-ACPC			DSIStudio	autotrackgqi
Association_ArcuateFasciculusL	tzz	DSIStudio	/scratch/executivefunction/SLURM_8364170_116/job-8364170-116-sub-20966-ses-3/ds/inputs/data/qsiprep/qsiprep/sub-20966/ses-3/dwi/sub-20966_ses-3_space-ACPC_desc-preproc_dwi.nii.gz	0.0041105598866052	0.0007938349805062	0.0003304611263442	0.0007649862673133	0.0007971115552906	0.0007657697133254	0.0003271750373771	0.0006563044086003	0.0006564470665882	sub-20966	ses-3				space-ACPC			DSIStudio	autotrackgqi
Association_InferiorLongitudinalFasciculusL	ad	DSIStudio	/scratch/executivefunction/SLURM_8364170_116/job-8364170-116-sub-20966-ses-3/ds/inputs/data/qsiprep/qsiprep/sub-20966/ses-3/dwi/sub-20966_ses-3_space-ACPC_desc-preproc_dwi.nii.gz	0.0004134794293983	1.1205257911104936	0.2455724798300841	1.065028429031372	1.1209892971254307	1.0651134848594666	0.2445632905976648	1.1738168000895994	1.1738315642033983	sub-20966	ses-3				space-ACPC			DSIStudio	autotrackgqi
Association_InferiorLongitudinalFasciculusL	dti_fa	DSIStudio	/scratch/executivefunction/SLURM_8364170_116/job-8364170-116-sub-20966-ses-3/ds/inputs/data/qsiprep/qsiprep/sub-20966/ses-3/dwi/sub-20966_ses-3_space-ACPC_desc-preproc_dwi.nii.gz	0.0004134794293983	0.3127959340244511	0.1843760495561953	0.2759912461042404	0.3129253222081221	0.2761022299528122	0.1843043696255339	0.4294081586362941	0.4294135597247707	sub-20966	ses-3				space-ACPC			DSIStudio	autotrackgqi
Association_InferiorLongitudinalFasciculusL	gfa	DSIStudio	/scratch/executivefunction/SLURM_8364170_116/job-8364170-116-sub-20966-ses-3/ds/inputs/data/qsiprep/qsiprep/sub-20966/ses-3/dwi/sub-20966_ses-3_space-ACPC_desc-preproc_dwi.nii.gz	0.0004134794293983	0.0685877562149148	0.0396968420939141	0.0600346494466066	0.0686161275721909	0.0600588507950305	0.0396805290565434	0.0932044696265738	0.0932056419562081	sub-20966	ses-3				space-ACPC			DSIStudio	autotrackgqi
Association_InferiorLongitudinalFasciculusL	ha	DSIStudio	/scratch/executivefunction/SLURM_8364170_116/job-8364170-116-sub-20966-ses-3/ds/inputs/data/qsiprep/qsiprep/sub-20966/ses-3/dwi/sub-20966_ses-3_space-ACPC_desc-preproc_dwi.nii.gz	0.0004134794293983	4.259245068992798	36.77765464435935	7.42706298828125	4.261006907697655	7.430531740188599	36.78515836378237	13.634833175201337	13.635004680714268	sub-20966	ses-3				space-ACPC			DSIStudio	autotrackgqi
Association_InferiorLongitudinalFasciculusL	iso	DSIStudio	/scratch/executivefunction/SLURM_8364170_116/job-8364170-116-sub-20966-ses-3/ds/inputs/data/qsiprep/qsiprep/sub-20966/ses-3/dwi/sub-20966_ses-3_space-ACPC_desc-preproc_dwi.nii.gz	0.0004134794293983	0.6795100187337889	0.2613920082293313	0.6281188428401947	0.6797910983692527	0.6284134387969971	0.2610803890060451	0.6344969479841438	0.6345049283859351	sub-20966	ses-3				space-ACPC			DSIStudio	autotrackgqi
Association_InferiorLongitudinalFasciculusL	md	DSIStudio	/scratch/executivefunction/SLURM_8364170_116/job-8364170-116-sub-20966-ses-3/ds/inputs/data/qsiprep/qsiprep/sub-20966/ses-3/dwi/sub-20966_ses-3_space-ACPC_desc-preproc_dwi.nii.gz	0.0004134794293983	0.8369354562299025	0.190872053654115	0.7877923250198364	0.8372816549708456	0.7878151834011078	0.1901508484950749	0.7818171498554567	0.7818269833700229	sub-20966	ses-3				space-ACPC			DSIStudio	autotrackgqi
Association_InferiorLongitudinalFasciculusL	qa	DSIStudio	/scratch/executivefunction/SLURM_8364170_116/job-8364170-116-sub-20966-ses-3/ds/inputs/data/qsiprep/qsiprep/sub-20966/ses-3/dwi/sub-20966_ses-3_space-ACPC_desc-preproc_dwi.nii.gz	0.0004134794293983	0.1929711234608616	0.1068415309193293	0.1744963601231575	0.1930509460558816	0.1745145991444587	0.1067915013865489	0.2596929343417104	0.2596962007237792	sub-20966	ses-3				space-ACPC			DSIStudio	autotrackgqi
Association_InferiorLongitudinalFasciculusL	rd1	DSIStudio	/scratch/executivefunction/SLURM_8364170_116/job-8364170-116-sub-20966-ses-3/ds/inputs/data/qsiprep/qsiprep/sub-20966/ses-3/dwi/sub-20966_ses-3_space-ACPC_desc-preproc_dwi.nii.gz	0.0004134794293983	0.7878567344126486	0.2203259253827442	0.7641741931438446	0.7881826317174728	0.7642714083194733	0.2197879133330192	0.6976986257299889	0.6977074011154878	sub-20966	ses-3				space-ACPC			DSIStudio	autotrackgqi
Association_InferiorLongitudinalFasciculusL	rd2	DSIStudio	/scratch/executivefunction/SLURM_8364170_116/job-8364170-116-sub-20966-ses-3/ds/inputs/data/qsiprep/qsiprep/sub-20966/ses-3/dwi/sub-20966_ses-3_space-ACPC_desc-preproc_dwi.nii.gz	0.0004134794293983	0.6024238425538988	0.2500937190311551	0.5766774117946625	0.6026730354567132	0.5767701268196106	0.2498450699871008	0.4739360255441683	0.4739419865885913	sub-20966	ses-3				space-ACPC			DSIStudio	autotrackgqi
Association_InferiorLongitudinalFasciculusL	rd	DSIStudio	/scratch/executivefunction/SLURM_8364170_116/job-8364170-116-sub-20966-ses-3/ds/inputs/data/qsiprep/qsiprep/sub-20966/ses-3/dwi/sub-20966_ses-3_space-ACPC_desc-preproc_dwi.nii.gz	0.0004134794293983	0.6951402882458702	0.2274619042365948	0.6639924645423889	0.6954278333495914	0.664042741060257	0.227069048612805	0.5858173249512967	0.5858246931662491	sub-20966	ses-3				space-ACPC			DSIStudio	autotrackgqi
Association_InferiorLongitudinalFasciculusL	txx	DSIStudio	/scratch/executivefunction/SLURM_8364170_116/job-8364170-116-sub-20966-ses-3/ds/inputs/data/qsiprep/qsiprep/sub-20966/ses-3/dwi/sub-20966_ses-3_space-ACPC_desc-preproc_dwi.nii.gz	0.0004134794293983	0.0007832600880607	0.0002357523438578	0.000771439721575	0.0007835840839607	0.000771650520619	0.0002352621515513	0.0006444449477603	0.0006444530534444	sub-20966	ses-3				space-ACPC			DSIStudio	autotrackgqi
Association_InferiorLongitudinalFasciculusL	txy	DSIStudio	/scratch/executivefunction/SLURM_8364170_116/job-8364170-116-sub-20966-ses-3/ds/inputs/data/qsiprep/qsiprep/sub-20966/ses-3/dwi/sub-20966_ses-3_space-ACPC_desc-preproc_dwi.nii.gz	0.0004134794293983	-2.242414578959336e-05	0.0001299635173484	-1.3802514786220854e-05	-2.243342154793445e-05	-1.3840464362147031e-05	0.0001299895939078	-4.091753139583462e-05	-4.09180461873276e-05	sub-20966	ses-3				space-ACPC			DSIStudio	autotrackgqi
Association_InferiorLongitudinalFasciculusL	txz	DSIStudio	/scratch/executivefunction/SLURM_8364170_116/job-8364170-116-sub-20966-ses-3/ds/inputs/data/qsiprep/qsiprep/sub-20966/ses-3/dwi/sub-20966_ses-3_space-ACPC_desc-preproc_dwi.nii.gz	0.0004134794293983	-1.8346719455820576e-05	0.0001217517828038	-1.336547575192526e-05	-1.8354308584861244e-05	-1.3381077224039473e-05	0.0001217763896203	-4.644147152175383e-05	-4.644205580805212e-05	sub-20966	ses-3				space-ACPC			DSIStudio	autotrackgqi
Association_InferiorLongitudinalFasciculusL	tyy	DSIStudio	/scratch/executivefunction/SLURM_8364170_116/job-8364170-116-sub-20966-ses-3/ds/inputs/data/qsiprep/qsiprep/sub-20966/ses-3/dwi/sub-20966_ses-3_space-ACPC_desc-preproc_dwi.nii.gz	0.0004134794293983	0.0009213263744124	0.0002530081287915	0.0008745898376218	0.0009217074814959	0.0008746388775762	0.0002523654553193	0.0009473968959454	0.0009474088120265	sub-20966	ses-3				space-ACPC			DSIStudio	autotrackgqi
Association_InferiorLongitudinalFasciculusL	tyz	DSIStudio	/scratch/executivefunction/SLURM_8364170_116/job-8364170-116-sub-20966-ses-3/ds/inputs/data/qsiprep/qsiprep/sub-20966/ses-3/dwi/sub-20966_ses-3_space-ACPC_desc-preproc_dwi.nii.gz	0.0004134794293983	3.940303979227653e-05	0.0001553355164086	1.3181869690015446e-05	3.941933887802308e-05	1.328102234765538e-05	0.0001553655727037	0.0001087781488503	0.0001087795171381	sub-20966	ses-3				space-ACPC			DSIStudio	autotrackgqi
Association_InferiorLongitudinalFasciculusL	tzz	DSIStudio	/scratch/executivefunction/SLURM_8364170_116/job-8364170-116-sub-20966-ses-3/ds/inputs/data/qsiprep/qsiprep/sub-20966/ses-3/dwi/sub-20966_ses-3_space-ACPC_desc-preproc_dwi.nii.gz	0.0004134794293983	0.0008062199054909	0.0002494296769267	0.0007916681934148	0.00080655339873	0.0007917484035715	0.0002489415974837	0.0007536096073513	0.0007536190861298	sub-20966	ses-3				space-ACPC			DSIStudio	autotrackgqi
Association_ExtremeCapsuleR	ad	DSIStudio	/scratch/executivefunction/SLURM_8364170_116/job-8364170-116-sub-20966-ses-3/ds/inputs/data/qsiprep/qsiprep/sub-20966/ses-3/dwi/sub-20966_ses-3_space-ACPC_desc-preproc_dwi.nii.gz	0.0	1.158108641322262	0.2518757896809498	1.1126253604888916	1.158108641322262	1.1126253604888916	0.2518757896809498	1.184481732685447	1.184481732685447	sub-20966	ses-3				space-ACPC			DSIStudio	autotrackgqi
Association_ExtremeCapsuleR	dti_fa	DSIStudio	/scratch/executivefunction/SLURM_8364170_116/job-8364170-116-sub-20966-ses-3/ds/inputs/data/qsiprep/qsiprep/sub-20966/ses-3/dwi/sub-20966_ses-3_space-ACPC_desc-preproc_dwi.nii.gz	0.0	0.3909382299999537	0.1834109067583674	0.3855404257774353	0.3909382299999537	0.3855404257774353	0.1834109067583674	0.445311759893694	0.445311759893694	sub-20966	ses-3				space-ACPC			DSIStudio	autotrackgqi
Association_ExtremeCapsuleR	gfa	DSIStudio	/scratch/executivefunction/SLURM_8364170_116/job-8364170-116-sub-20966-ses-3/ds/inputs/data/qsiprep/qsiprep/sub-20966/ses-3/dwi/sub-20966_ses-3_space-ACPC_desc-preproc_dwi.nii.gz	0.0	0.0854028404417369	0.0391117251765822	0.0822175666689872	0.0854028404417369	0.0822175666689872	0.0391117251765822	0.0967277593626395	0.0967277593626395	sub-20966	ses-3				space-ACPC			DSIStudio	autotrackgqi
Association_ExtremeCapsuleR	ha	DSIStudio	/scratch/executivefunction/SLURM_8364170_116/job-8364170-116-sub-20966-ses-3/ds/inputs/data/qsiprep/qsiprep/sub-20966/ses-3/dwi/sub-20966_ses-3_space-ACPC_desc-preproc_dwi.nii.gz	0.0	-27.187823572976768	42.01425789697692	-41.5026969909668	-27.187823572976768	-41.5026969909668	42.01425789697692	-39.433377825918186	-39.433377825918186	sub-20966	ses-3				space-ACPC			DSIStudio	autotrackgqi
Association_ExtremeCapsuleR	iso	DSIStudio	/scratch/executivefunction/SLURM_8364170_116/job-8364170-116-sub-20966-ses-3/ds/inputs/data/qsiprep/qsiprep/sub-20966/ses-3/dwi/sub-20966_ses-3_space-ACPC_desc-preproc_dwi.nii.gz	0.0	0.5645973399428714	0.0759391755952213	0.5570984482765198	0.5645973399428714	0.5570984482765198	0.0759391755952213	0.5569871740748047	0.5569871740748047	sub-20966	ses-3				space-ACPC			DSIStudio	autotrackgqi
Association_ExtremeCapsuleR	md	DSIStudio	/scratch/executivefunction/SLURM_8364170_116/job-8364170-116-sub-20966-ses-3/ds/inputs/data/qsiprep/qsiprep/sub-20966/ses-3/dwi/sub-20966_ses-3_space-ACPC_desc-preproc_dwi.nii.gz	0.0	0.8037224690686465	0.1988512558181113	0.7543532252311707	0.8037224690686465	0.7543532252311707	0.1988512558181113	0.7744125540464639	0.7744125540464639	sub-20966	ses-3				space-ACPC			DSIStudio	autotrackgqi
Association_ExtremeCapsuleR	qa	DSIStudio	/scratch/executivefunction/SLURM_8364170_116/job-8364170-116-sub-20966-ses-3/ds/inputs/data/qsiprep/qsiprep/sub-20966/ses-3/dwi/sub-20966_ses-3_space-ACPC_desc-preproc_dwi.nii.gz	0.0	0.219711707175007	0.1049871420414906	0.2142944037914276	0.219711707175007	0.2142944037914276	0.1049871420414906	0.248650923334727	0.248650923334727	sub-20966	ses-3				space-ACPC			DSIStudio	autotrackgqi
Association_ExtremeCapsuleR	rd1	DSIStudio	/scratch/executivefunction/SLURM_8364170_116/job-8364170-116-sub-20966-ses-3/ds/inputs/data/qsiprep/qsiprep/sub-20966/ses-3/dwi/sub-20966_ses-3_space-ACPC_desc-preproc_dwi.nii.gz	0.0	0.7296563138727997	0.2342509415990522	0.6959871649742126	0.7296563138727997	0.6959871649742126	0.2342509415990522	0.6757861654840215	0.6757861654840215	sub-20966	ses-3				space-ACPC			DSIStudio	autotrackgqi
Association_ExtremeCapsuleR	rd2	DSIStudio	/scratch/executivefunction/SLURM_8364170_116/job-8364170-116-sub-20966-ses-3/ds/inputs/data/qsiprep/qsiprep/sub-20966/ses-3/dwi/sub-20966_ses-3_space-ACPC_desc-preproc_dwi.nii.gz	0.0	0.5234024545080357	0.2520412406686157	0.4722293615341186	0.5234024545080357	0.4722293615341186	0.2520412406686157	0.4629697701048691	0.4629697701048691	sub-20966	ses-3				space-ACPC			DSIStudio	autotrackgqi
Association_ExtremeCapsuleR	rd	DSIStudio	/scratch/executivefunction/SLURM_8364170_116/job-8364170-116-sub-20966-ses-3/ds/inputs/data/qsiprep/qsiprep/sub-20966/ses-3/dwi/sub-20966_ses-3_space-ACPC_desc-preproc_dwi.nii.gz	0.0	0.6265293828982205	0.2367780718857494	0.5798619985580444	0.6265293828982205	0.5798619985580444	0.2367780718857494	0.5693779660609625	0.5693779660609625	sub-20966	ses-3				space-ACPC			DSIStudio	autotrackgqi
Association_ExtremeCapsuleR	txx	DSIStudio	/scratch/executivefunction/SLURM_8364170_116/job-8364170-116-sub-20966-ses-3/ds/inputs/data/qsiprep/qsiprep/sub-20966/ses-3/dwi/sub-20966_ses-3_space-ACPC_desc-preproc_dwi.nii.gz	0.0	0.0006850783927495	0.0002678304612189	0.0006394968950189	0.0006850783927495	0.0006394968950189	0.0002678304612189	0.0006271292477401	0.0006271292477401	sub-20966	ses-3				space-ACPC			DSIStudio	autotrackgqi
Association_ExtremeCapsuleR	txy	DSIStudio	/scratch/executivefunction/SLURM_8364170_116/job-8364170-116-sub-20966-ses-3/ds/inputs/data/qsiprep/qsiprep/sub-20966/ses-3/dwi/sub-20966_ses-3_space-ACPC_desc-preproc_dwi.nii.gz	0.0	2.403367335316438e-05	0.0001139370908794	2.4321676391991787e-05	2.403367335316438e-05	2.4321676391991787e-05	0.0001139370908794	3.2833714848833924e-05	3.2833714848833924e-05	sub-20966	ses-3				space-ACPC			DSIStudio	autotrackgqi
Association_ExtremeCapsuleR	txz	DSIStudio	/scratch/executivefunction/SLURM_8364170_116/job-8364170-116-sub-20966-ses-3/ds/inputs/data/qsiprep/qsiprep/sub-20966/ses-3/dwi/sub-20966_ses-3_space-ACPC_desc-preproc_dwi.nii.gz	0.0	-5.341937959394697e-07	0.0001275003943725	8.785139471001457e-06	-5.341937959394697e-07	8.785139471001457e-06	0.0001275003943725	1.2421004774149112e-05	1.2421004774149112e-05	sub-20966	ses-3				space-ACPC			DSIStudio	autotrackgqi
Association_ExtremeCapsuleR	tyy	DSIStudio	/scratch/executivefunction/SLURM_8364170_116/job-8364170-116-sub-20966-ses-3/ds/inputs/data/qsiprep/qsiprep/sub-20966/ses-3/dwi/sub-20966_ses-3_space-ACPC_desc-preproc_dwi.nii.gz	0.0	0.0007995828449924	0.0002667945325393	0.0007645618752576	0.0007995828449924	0.0007645618752576	0.0002667945325393	0.0007676054869445	0.0007676054869445	sub-20966	ses-3				space-ACPC			DSIStudio	autotrackgqi
Association_ExtremeCapsuleR	tyz	DSIStudio	/scratch/executivefunction/SLURM_8364170_116/job-8364170-116-sub-20966-ses-3/ds/inputs/data/qsiprep/qsiprep/sub-20966/ses-3/dwi/sub-20966_ses-3_space-ACPC_desc-preproc_dwi.nii.gz	0.0	0.0001546325735548	0.0001738714244152	0.0001288103958358	0.0001546325735548	0.0001288103958358	0.0001738714244152	0.0002418628862897	0.0002418628862897	sub-20966	ses-3				space-ACPC			DSIStudio	autotrackgqi
Association_ExtremeCapsuleR	tzz	DSIStudio	/scratch/executivefunction/SLURM_8364170_116/job-8364170-116-sub-20966-ses-3/ds/inputs/data/qsiprep/qsiprep/sub-20966/ses-3/dwi/sub-20966_ses-3_space-ACPC_desc-preproc_dwi.nii.gz	0.0	0.0009265061724698	0.0002269265539915	0.0008908150484785	0.0009265061724698	0.0008908150484785	0.0002269265539915	0.0009285029332211	0.0009285029332211	sub-20966	ses-3				space-ACPC			DSIStudio	autotrackgqi
Association_InferiorLongitudinalFasciculusR	ad	DSIStudio	/scratch/executivefunction/SLURM_8364170_116/job-8364170-116-sub-20966-ses-3/ds/inputs/data/qsiprep/qsiprep/sub-20966/ses-3/dwi/sub-20966_ses-3_space-ACPC_desc-preproc_dwi.nii.gz	0.0014538134645493	1.152753521091078	0.2874592045226262	1.0846399068832395	1.1544318496580153	1.085376501083374	0.2842808222279576	1.213366934891804	1.213509861811787	sub-20966	ses-3				space-ACPC			DSIStudio	autotrackgqi
Association_InferiorLongitudinalFasciculusR	dti_fa	DSIStudio	/scratch/executivefunction/SLURM_8364170_116/job-8364170-116-sub-20966-ses-3/ds/inputs/data/qsiprep/qsiprep/sub-20966/ses-3/dwi/sub-20966_ses-3_space-ACPC_desc-preproc_dwi.nii.gz	0.0014538134645493	0.3121059358615101	0.1874819437220303	0.2667239606380462	0.3125603402927117	0.2672484517097473	0.1872394872976362	0.4332441237808486	0.4332951571892059	sub-20966	ses-3				space-ACPC			DSIStudio	autotrackgqi
Association_InferiorLongitudinalFasciculusR	gfa	DSIStudio	/scratch/executivefunction/SLURM_8364170_116/job-8364170-116-sub-20966-ses-3/ds/inputs/data/qsiprep/qsiprep/sub-20966/ses-3/dwi/sub-20966_ses-3_space-ACPC_desc-preproc_dwi.nii.gz	0.0014538134645493	0.069658425144682	0.0404031675431328	0.0592804308980703	0.0697598429436383	0.0594167746603488	0.0403449840913385	0.0966030361666022	0.0966144153955724	sub-20966	ses-3				space-ACPC			DSIStudio	autotrackgqi
Association_InferiorLongitudinalFasciculusR	ha	DSIStudio	/scratch/executivefunction/SLURM_8364170_116/job-8364170-116-sub-20966-ses-3/ds/inputs/data/qsiprep/qsiprep/sub-20966/ses-3/dwi/sub-20966_ses-3_space-ACPC_desc-preproc_dwi.nii.gz	0.0014538134645493	-5.420781864760339	35.164537508432424	-9.746711730957031	-5.428674144326011	-9.788704872131348	35.18951798807419	-14.113540365616196	-14.115202885111378	sub-20966	ses-3				space-ACPC			DSIStudio	autotrackgqi
Association_InferiorLongitudinalFasciculusR	iso	DSIStudio	/scratch/executivefunction/SLURM_8364170_116/job-8364170-116-sub-20966-ses-3/ds/inputs/data/qsiprep/qsiprep/sub-20966/ses-3/dwi/sub-20966_ses-3_space-ACPC_desc-preproc_dwi.nii.gz	0.0014538134645493	0.6394598392248521	0.1909439963317841	0.6143760085105896	0.6403908480623393	0.6145152449607849	0.1895164447745048	0.5868217723105155	0.5868908960352378	sub-20966	ses-3				space-ACPC			DSIStudio	autotrackgqi
Association_InferiorLongitudinalFasciculusR	md	DSIStudio	/scratch/executivefunction/SLURM_8364170_116/job-8364170-116-sub-20966-ses-3/ds/inputs/data/qsiprep/qsiprep/sub-20966/ses-3/dwi/sub-20966_ses-3_space-ACPC_desc-preproc_dwi.nii.gz	0.0014538134645493	0.8640513825979149	0.2396912933733939	0.8010051250457764	0.8653093810270529	0.8011993765830994	0.2375857829328651	0.8041988870518454	0.8042936164708643	sub-20966	ses-3				space-ACPC			DSIStudio	autotrackgqi
Association_InferiorLongitudinalFasciculusR	qa	DSIStudio	/scratch/executivefunction/SLURM_8364170_116/job-8364170-116-sub-20966-ses-3/ds/inputs/data/qsiprep/qsiprep/sub-20966/ses-3/dwi/sub-20966_ses-3_space-ACPC_desc-preproc_dwi.nii.gz	0.0014538134645493	0.1887378222826685	0.1067117862655147	0.1681212931871414	0.1890126113620363	0.168343037366867	0.1065459806509123	0.2516975830837484	0.251727231446726	sub-20966	ses-3				space-ACPC			DSIStudio	autotrackgqi
Association_InferiorLongitudinalFasciculusR	rd1	DSIStudio	/scratch/executivefunction/SLURM_8364170_116/job-8364170-116-sub-20966-ses-3/ds/inputs/data/qsiprep/qsiprep/sub-20966/ses-3/dwi/sub-20966_ses-3_space-ACPC_desc-preproc_dwi.nii.gz	0.0014538134645493	0.8148250097154345	0.2715125679190157	0.7797467708587646	0.8160113379858231	0.7800094485282898	0.2699228538665515	0.7144736529196558	0.7145578131426739	sub-20966	ses-3				space-ACPC			DSIStudio	autotrackgqi
Association_InferiorLongitudinalFasciculusR	rd2	DSIStudio	/scratch/executivefunction/SLURM_8364170_116/job-8364170-116-sub-20966-ses-3/ds/inputs/data/qsiprep/qsiprep/sub-20966/ses-3/dwi/sub-20966_ses-3_space-ACPC_desc-preproc_dwi.nii.gz	0.0014538134645493	0.6245756183636986	0.2869980222527554	0.5940415263175964	0.6254849568157904	0.5942939519882202	0.2862149701001359	0.4847560698057334	0.4848131709193723	sub-20966	ses-3				space-ACPC			DSIStudio	autotrackgqi
Association_InferiorLongitudinalFasciculusR	rd	DSIStudio	/scratch/executivefunction/SLURM_8364170_116/job-8364170-116-sub-20966-ses-3/ds/inputs/data/qsiprep/qsiprep/sub-20966/ses-3/dwi/sub-20966_ses-3_space-ACPC_desc-preproc_dwi.nii.gz	0.0014538134645493	0.7197003142345381	0.2720967586287605	0.6829779148101807	0.7207481475960622	0.683288037776947	0.2709044375505932	0.5996148618162425	0.5996854924846243	sub-20966	ses-3				space-ACPC			DSIStudio	autotrackgqi
Association_InferiorLongitudinalFasciculusR	txx	DSIStudio	/scratch/executivefunction/SLURM_8364170_116/job-8364170-116-sub-20966-ses-3/ds/inputs/data/qsiprep/qsiprep/sub-20966/ses-3/dwi/sub-20966_ses-3_space-ACPC_desc-preproc_dwi.nii.gz	0.0014538134645493	0.0008022003191807	0.0002966741800637	0.0007753633835818	0.0008033682667839	0.0007756483973935	0.0002953056409763	0.0006450513538992	0.0006451273367573	sub-20966	ses-3				space-ACPC			DSIStudio	autotrackgqi
Association_InferiorLongitudinalFasciculusR	txy	DSIStudio	/scratch/executivefunction/SLURM_8364170_116/job-8364170-116-sub-20966-ses-3/ds/inputs/data/qsiprep/qsiprep/sub-20966/ses-3/dwi/sub-20966_ses-3_space-ACPC_desc-preproc_dwi.nii.gz	0.0014538134645493	2.5477020250000387e-05	0.0001245384980672	1.8056224689644296e-05	2.5514113011031854e-05	1.8206739696324803e-05	0.000124625327889	3.389652156781371e-05	3.390051448615881e-05	sub-20966	ses-3				space-ACPC			DSIStudio	autotrackgqi
Association_InferiorLongitudinalFasciculusR	txz	DSIStudio	/scratch/executivefunction/SLURM_8364170_116/job-8364170-116-sub-20966-ses-3/ds/inputs/data/qsiprep/qsiprep/sub-20966/ses-3/dwi/sub-20966_ses-3_space-ACPC_desc-preproc_dwi.nii.gz	0.0014538134645493	2.509913668264897e-05	0.0001118561023338	2.2324328710965347e-05	2.5135679271614636e-05	2.2416486899601296e-05	0.0001119333971383	7.2009621840002696e-06	7.20181054772384e-06	sub-20966	ses-3				space-ACPC			DSIStudio	autotrackgqi
Association_InferiorLongitudinalFasciculusR	tyy	DSIStudio	/scratch/executivefunction/SLURM_8364170_116/job-8364170-116-sub-20966-ses-3/ds/inputs/data/qsiprep/qsiprep/sub-20966/ses-3/dwi/sub-20966_ses-3_space-ACPC_desc-preproc_dwi.nii.gz	0.0014538134645493	0.0009639343327326	0.0002884331193462	0.0008950593182817	0.0009653377537569	0.0008956111269071	0.0002862865927667	0.0010233334962375	0.0010234540382418	sub-20966	ses-3				space-ACPC			DSIStudio	autotrackgqi
Association_InferiorLongitudinalFasciculusR	tyz	DSIStudio	/scratch/executivefunction/SLURM_8364170_116/job-8364170-116-sub-20966-ses-3/ds/inputs/data/qsiprep/qsiprep/sub-20966/ses-3/dwi/sub-20966_ses-3_space-ACPC_desc-preproc_dwi.nii.gz	0.0014538134645493	6.344005124831347e-05	0.0001569239803319	3.581611599656753e-05	6.353241552944553e-05	3.604765879572369e-05	0.0001570194890893	0.0001543996220484	0.0001544178096745	sub-20966	ses-3				space-ACPC			DSIStudio	autotrackgqi
Association_InferiorLongitudinalFasciculusR	tzz	DSIStudio	/scratch/executivefunction/SLURM_8364170_116/job-8364170-116-sub-20966-ses-3/ds/inputs/data/qsiprep/qsiprep/sub-20966/ses-3/dwi/sub-20966_ses-3_space-ACPC_desc-preproc_dwi.nii.gz	0.0014538134645493	0.0008260194969952	0.0002819252145361	0.0007917394104879	0.0008272221236567	0.0007919917115941	0.0002803617434588	0.0007442118089824	0.0007442994723767	sub-20966	ses-3				space-ACPC			DSIStudio	autotrackgqi
Association_CingulumL	ad	DSIStudio	/scratch/executivefunction/SLURM_8364170_116/job-8364170-116-sub-20966-ses-3/ds/inputs/data/qsiprep/qsiprep/sub-20966/ses-3/dwi/sub-20966_ses-3_space-ACPC_desc-preproc_dwi.nii.gz	0.0	1.161100895279518	0.2875029353417085	1.0933536291122437	1.161100895279518	1.0933536291122437	0.2875029353417085	1.2241679043330236	1.2241679043330236	sub-20966	ses-3				space-ACPC			DSIStudio	autotrackgqi
Association_CingulumL	dti_fa	DSIStudio	/scratch/executivefunction/SLURM_8364170_116/job-8364170-116-sub-20966-ses-3/ds/inputs/data/qsiprep/qsiprep/sub-20966/ses-3/dwi/sub-20966_ses-3_space-ACPC_desc-preproc_dwi.nii.gz	0.0	0.3327011837877972	0.1948608298939181	0.2995577454566955	0.3327011837877972	0.2995577454566955	0.1948608298939181	0.4757333495660319	0.4757333495660319	sub-20966	ses-3				space-ACPC			DSIStudio	autotrackgqi
Association_CingulumL	gfa	DSIStudio	/scratch/executivefunction/SLURM_8364170_116/job-8364170-116-sub-20966-ses-3/ds/inputs/data/qsiprep/qsiprep/sub-20966/ses-3/dwi/sub-20966_ses-3_space-ACPC_desc-preproc_dwi.nii.gz	0.0	0.0743712350036872	0.0420985457715434	0.0681681558489799	0.0743712350036872	0.0681681558489799	0.0420985457715434	0.1043669831698355	0.1043669831698355	sub-20966	ses-3				space-ACPC			DSIStudio	autotrackgqi
Association_CingulumL	ha	DSIStudio	/scratch/executivefunction/SLURM_8364170_116/job-8364170-116-sub-20966-ses-3/ds/inputs/data/qsiprep/qsiprep/sub-20966/ses-3/dwi/sub-20966_ses-3_space-ACPC_desc-preproc_dwi.nii.gz	0.0	5.111857711160408	36.53587948000833	9.793017387390137	5.111857711160408	9.793017387390137	36.53587948000833	8.10023441934459	8.10023441934459	sub-20966	ses-3				space-ACPC			DSIStudio	autotrackgqi
Association_CingulumL	iso	DSIStudio	/scratch/executivefunction/SLURM_8364170_116/job-8364170-116-sub-20966-ses-3/ds/inputs/data/qsiprep/qsiprep/sub-20966/ses-3/dwi/sub-20966_ses-3_space-ACPC_desc-preproc_dwi.nii.gz	0.0	0.5927466733302161	0.1743128184008854	0.5592019259929657	0.5927466733302161	0.5592019259929657	0.1743128184008854	0.5465231366847719	0.5465231366847719	sub-20966	ses-3				space-ACPC			DSIStudio	autotrackgqi
Association_CingulumL	md	DSIStudio	/scratch/executivefunction/SLURM_8364170_116/job-8364170-116-sub-20966-ses-3/ds/inputs/data/qsiprep/qsiprep/sub-20966/ses-3/dwi/sub-20966_ses-3_space-ACPC_desc-preproc_dwi.nii.gz	0.0	0.8522120514180472	0.2341060302208951	0.7933217883110046	0.8522120514180472	0.7933217883110046	0.2341060302208951	0.7772314707040785	0.7772314707040785	sub-20966	ses-3				space-ACPC			DSIStudio	autotrackgqi
Association_CingulumL	qa	DSIStudio	/scratch/executivefunction/SLURM_8364170_116/job-8364170-116-sub-20966-ses-3/ds/inputs/data/qsiprep/qsiprep/sub-20966/ses-3/dwi/sub-20966_ses-3_space-ACPC_desc-preproc_dwi.nii.gz	0.0	0.1881567251190544	0.1043209196157914	0.1704286634922027	0.1881567251190544	0.1704286634922027	0.1043209196157914	0.2567988336588808	0.2567988336588808	sub-20966	ses-3				space-ACPC			DSIStudio	autotrackgqi
Association_CingulumL	rd1	DSIStudio	/scratch/executivefunction/SLURM_8364170_116/job-8364170-116-sub-20966-ses-3/ds/inputs/data/qsiprep/qsiprep/sub-20966/ses-3/dwi/sub-20966_ses-3_space-ACPC_desc-preproc_dwi.nii.gz	0.0	0.7927629364492195	0.2678220210520952	0.7649961709976196	0.7927629364492195	0.7649961709976196	0.2678220210520952	0.6663933111211827	0.6663933111211827	sub-20966	ses-3				space-ACPC			DSIStudio	autotrackgqi
Association_CingulumL	rd2	DSIStudio	/scratch/executivefunction/SLURM_8364170_116/job-8364170-116-sub-20966-ses-3/ds/inputs/data/qsiprep/qsiprep/sub-20966/ses-3/dwi/sub-20966_ses-3_space-ACPC_desc-preproc_dwi.nii.gz	0.0	0.6027723222338615	0.2870989048950751	0.5691636204719543	0.6027723222338615	0.5691636204719543	0.2870989048950751	0.4411331971899629	0.4411331971899629	sub-20966	ses-3				space-ACPC			DSIStudio	autotrackgqi
Association_CingulumL	rd	DSIStudio	/scratch/executivefunction/SLURM_8364170_116/job-8364170-116-sub-20966-ses-3/ds/inputs/data/qsiprep/qsiprep/sub-20966/ses-3/dwi/sub-20966_ses-3_space-ACPC_desc-preproc_dwi.nii.gz	0.0	0.6977676297123919	0.2705888451093673	0.6646444201469421	0.6977676297123919	0.6646444201469421	0.2705888451093673	0.5537632544616493	0.5537632544616493	sub-20966	ses-3				space-ACPC			DSIStudio	autotrackgqi
Association_CingulumL	txx	DSIStudio	/scratch/executivefunction/SLURM_8364170_116/job-8364170-116-sub-20966-ses-3/ds/inputs/data/qsiprep/qsiprep/sub-20966/ses-3/dwi/sub-20966_ses-3_space-ACPC_desc-preproc_dwi.nii.gz	0.0	0.0008197210666923	0.0002966221556973	0.000791243975982	0.0008197210666923	0.000791243975982	0.0002966221556973	0.0007026129385852	0.0007026129385852	sub-20966	ses-3				space-ACPC			DSIStudio	autotrackgqi
Association_CingulumL	txy	DSIStudio	/scratch/executivefunction/SLURM_8364170_116/job-8364170-116-sub-20966-ses-3/ds/inputs/data/qsiprep/qsiprep/sub-20966/ses-3/dwi/sub-20966_ses-3_space-ACPC_desc-preproc_dwi.nii.gz	0.0	-1.2806960362213049e-05	0.0001335347960687	-6.196371259648004e-06	-1.2806960362213049e-05	-6.196371259648004e-06	0.0001335347960687	-4.264231964041526e-06	-4.264231964041526e-06	sub-20966	ses-3				space-ACPC			DSIStudio	autotrackgqi
Association_CingulumL	txz	DSIStudio	/scratch/executivefunction/SLURM_8364170_116/job-8364170-116-sub-20966-ses-3/ds/inputs/data/qsiprep/qsiprep/sub-20966/ses-3/dwi/sub-20966_ses-3_space-ACPC_desc-preproc_dwi.nii.gz	0.0	-2.5514179685829096e-05	0.0001625923905617	-2.8049055799783677e-05	-2.5514179685829096e-05	-2.8049055799783677e-05	0.0001625923905617	-9.572229895851548e-06	-9.572229895851548e-06	sub-20966	ses-3				space-ACPC			DSIStudio	autotrackgqi
Association_CingulumL	tyy	DSIStudio	/scratch/executivefunction/SLURM_8364170_116/job-8364170-116-sub-20966-ses-3/ds/inputs/data/qsiprep/qsiprep/sub-20966/ses-3/dwi/sub-20966_ses-3_space-ACPC_desc-preproc_dwi.nii.gz	0.0	0.0008988401328874	0.0002950286422223	0.0008453076879959	0.0008988401328874	0.0008453076879959	0.0002950286422223	0.0009410039771541	0.0009410039771541	sub-20966	ses-3				space-ACPC			DSIStudio	autotrackgqi
Association_CingulumL	tyz	DSIStudio	/scratch/executivefunction/SLURM_8364170_116/job-8364170-116-sub-20966-ses-3/ds/inputs/data/qsiprep/qsiprep/sub-20966/ses-3/dwi/sub-20966_ses-3_space-ACPC_desc-preproc_dwi.nii.gz	0.0	4.8279087699435736e-05	0.0001550014706631	2.9303447263373528e-05	4.8279087699435736e-05	2.9303447263373528e-05	0.0001550014706631	7.138012993406357e-05	7.138012993406357e-05	sub-20966	ses-3				space-ACPC			DSIStudio	autotrackgqi
Association_CingulumL	tzz	DSIStudio	/scratch/executivefunction/SLURM_8364170_116/job-8364170-116-sub-20966-ses-3/ds/inputs/data/qsiprep/qsiprep/sub-20966/ses-3/dwi/sub-20966_ses-3_space-ACPC_desc-preproc_dwi.nii.gz	0.0	0.0008380749555835	0.0002768473493843	0.0008054816571529	0.0008380749555835	0.0008054816571529	0.0002768473493843	0.0006880774964192	0.0006880774964192	sub-20966	ses-3				space-ACPC			DSIStudio	autotrackgqi
Association_MiddleLongitudinalFasciculusR	ad	DSIStudio	/scratch/executivefunction/SLURM_8364170_116/job-8364170-116-sub-20966-ses-3/ds/inputs/data/qsiprep/qsiprep/sub-20966/ses-3/dwi/sub-20966_ses-3_space-ACPC_desc-preproc_dwi.nii.gz	0.0	1.12041587510686	0.2411942752940643	1.0718679428100586	1.12041587510686	1.0718679428100586	0.2411942752940643	1.1891741546485637	1.1891741546485637	sub-20966	ses-3				space-ACPC			DSIStudio	autotrackgqi
Association_MiddleLongitudinalFasciculusR	dti_fa	DSIStudio	/scratch/executivefunction/SLURM_8364170_116/job-8364170-116-sub-20966-ses-3/ds/inputs/data/qsiprep/qsiprep/sub-20966/ses-3/dwi/sub-20966_ses-3_space-ACPC_desc-preproc_dwi.nii.gz	0.0	0.3349785092819458	0.1937656446346624	0.3115015625953674	0.3349785092819458	0.3115015625953674	0.1937656446346624	0.4613497161420676	0.4613497161420676	sub-20966	ses-3				space-ACPC			DSIStudio	autotrackgqi
Association_MiddleLongitudinalFasciculusR	gfa	DSIStudio	/scratch/executivefunction/SLURM_8364170_116/job-8364170-116-sub-20966-ses-3/ds/inputs/data/qsiprep/qsiprep/sub-20966/ses-3/dwi/sub-20966_ses-3_space-ACPC_desc-preproc_dwi.nii.gz	0.0	0.0743213678469323	0.0416295789955324	0.0693957582116127	0.0743213678469323	0.0693957582116127	0.0416295789955324	0.101104371083432	0.101104371083432	sub-20966	ses-3				space-ACPC			DSIStudio	autotrackgqi
Association_MiddleLongitudinalFasciculusR	ha	DSIStudio	/scratch/executivefunction/SLURM_8364170_116/job-8364170-116-sub-20966-ses-3/ds/inputs/data/qsiprep/qsiprep/sub-20966/ses-3/dwi/sub-20966_ses-3_space-ACPC_desc-preproc_dwi.nii.gz	0.0	-15.717746812310663	35.748039272998874	-22.19319725036621	-15.717746812310663	-22.19319725036621	35.748039272998874	-28.516433822809603	-28.516433822809603	sub-20966	ses-3				space-ACPC			DSIStudio	autotrackgqi
Association_MiddleLongitudinalFasciculusR	iso	DSIStudio	/scratch/executivefunction/SLURM_8364170_116/job-8364170-116-sub-20966-ses-3/ds/inputs/data/qsiprep/qsiprep/sub-20966/ses-3/dwi/sub-20966_ses-3_space-ACPC_desc-preproc_dwi.nii.gz	0.0	0.6212690127161657	0.1341996014920096	0.5839357376098633	0.6212690127161657	0.5839357376098633	0.1341996014920096	0.5693563329596398	0.5693563329596398	sub-20966	ses-3				space-ACPC			DSIStudio	autotrackgqi
Association_MiddleLongitudinalFasciculusR	md	DSIStudio	/scratch/executivefunction/SLURM_8364170_116/job-8364170-116-sub-20966-ses-3/ds/inputs/data/qsiprep/qsiprep/sub-20966/ses-3/dwi/sub-20966_ses-3_space-ACPC_desc-preproc_dwi.nii.gz	0.0	0.82089699572059	0.1902328749094556	0.7778933048248291	0.82089699572059	0.7778933048248291	0.1902328749094556	0.7663789482455399	0.7663789482455399	sub-20966	ses-3				space-ACPC			DSIStudio	autotrackgqi
Association_MiddleLongitudinalFasciculusR	qa	DSIStudio	/scratch/executivefunction/SLURM_8364170_116/job-8364170-116-sub-20966-ses-3/ds/inputs/data/qsiprep/qsiprep/sub-20966/ses-3/dwi/sub-20966_ses-3_space-ACPC_desc-preproc_dwi.nii.gz	0.0	0.1949722241463175	0.1024989508978581	0.1784916967153549	0.1949722241463175	0.1784916967153549	0.1024989508978581	0.2620350656222081	0.2620350656222081	sub-20966	ses-3				space-ACPC			DSIStudio	autotrackgqi
Association_MiddleLongitudinalFasciculusR	rd1	DSIStudio	/scratch/executivefunction/SLURM_8364170_116/job-8364170-116-sub-20966-ses-3/ds/inputs/data/qsiprep/qsiprep/sub-20966/ses-3/dwi/sub-20966_ses-3_space-ACPC_desc-preproc_dwi.nii.gz	0.0	0.770775560239318	0.2242570205214742	0.7544922828674316	0.770775560239318	0.7544922828674316	0.2242570205214742	0.6717458760495134	0.6717458760495134	sub-20966	ses-3				space-ACPC			DSIStudio	autotrackgqi
Association_MiddleLongitudinalFasciculusR	rd2	DSIStudio	/scratch/executivefunction/SLURM_8364170_116/job-8364170-116-sub-20966-ses-3/ds/inputs/data/qsiprep/qsiprep/sub-20966/ses-3/dwi/sub-20966_ses-3_space-ACPC_desc-preproc_dwi.nii.gz	0.0	0.5714995530171759	0.2577619161506122	0.5351760983467102	0.5714995530171759	0.5351760983467102	0.2577619161506122	0.4382168123678375	0.4382168123678375	sub-20966	ses-3				space-ACPC			DSIStudio	autotrackgqi
Association_MiddleLongitudinalFasciculusR	rd	DSIStudio	/scratch/executivefunction/SLURM_8364170_116/job-8364170-116-sub-20966-ses-3/ds/inputs/data/qsiprep/qsiprep/sub-20966/ses-3/dwi/sub-20966_ses-3_space-ACPC_desc-preproc_dwi.nii.gz	0.0	0.6711375561261632	0.2339076017988469	0.644541323184967	0.6711375561261632	0.644541323184967	0.2339076017988469	0.554981343714663	0.554981343714663	sub-20966	ses-3				space-ACPC			DSIStudio	autotrackgqi
Association_MiddleLongitudinalFasciculusR	txx	DSIStudio	/scratch/executivefunction/SLURM_8364170_116/job-8364170-116-sub-20966-ses-3/ds/inputs/data/qsiprep/qsiprep/sub-20966/ses-3/dwi/sub-20966_ses-3_space-ACPC_desc-preproc_dwi.nii.gz	0.0	0.0007847353777771	0.000252644433078	0.0007764694164507	0.0007847353777771	0.0007764694164507	0.000252644433078	0.0007219575229773	0.0007219575229773	sub-20966	ses-3				space-ACPC			DSIStudio	autotrackgqi
Association_MiddleLongitudinalFasciculusR	txy	DSIStudio	/scratch/executivefunction/SLURM_8364170_116/job-8364170-116-sub-20966-ses-3/ds/inputs/data/qsiprep/qsiprep/sub-20966/ses-3/dwi/sub-20966_ses-3_space-ACPC_desc-preproc_dwi.nii.gz	0.0	4.595492643499743e-05	0.0001342419463143	3.237458076910116e-05	4.595492643499743e-05	3.237458076910116e-05	0.0001342419463143	8.412387621503634e-05	8.412387621503634e-05	sub-20966	ses-3				space-ACPC			DSIStudio	autotrackgqi
Association_MiddleLongitudinalFasciculusR	txz	DSIStudio	/scratch/executivefunction/SLURM_8364170_116/job-8364170-116-sub-20966-ses-3/ds/inputs/data/qsiprep/qsiprep/sub-20966/ses-3/dwi/sub-20966_ses-3_space-ACPC_desc-preproc_dwi.nii.gz	0.0	2.0576016779419008e-05	0.0001099986942183	1.7504471543361433e-05	2.0576016779419008e-05	1.7504471543361433e-05	0.0001099986942183	5.174391101957783e-05	5.174391101957783e-05	sub-20966	ses-3				space-ACPC			DSIStudio	autotrackgqi
Association_MiddleLongitudinalFasciculusR	tyy	DSIStudio	/scratch/executivefunction/SLURM_8364170_116/job-8364170-116-sub-20966-ses-3/ds/inputs/data/qsiprep/qsiprep/sub-20966/ses-3/dwi/sub-20966_ses-3_space-ACPC_desc-preproc_dwi.nii.gz	0.0	0.000855825544805	0.0002349745694149	0.0008216851274482	0.000855825544805	0.0008216851274482	0.0002349745694149	0.0007750954242618	0.0007750954242618	sub-20966	ses-3				space-ACPC			DSIStudio	autotrackgqi
Association_MiddleLongitudinalFasciculusR	tyz	DSIStudio	/scratch/executivefunction/SLURM_8364170_116/job-8364170-116-sub-20966-ses-3/ds/inputs/data/qsiprep/qsiprep/sub-20966/ses-3/dwi/sub-20966_ses-3_space-ACPC_desc-preproc_dwi.nii.gz	0.0	0.0001277609983236	0.0001678267892639	8.782040822552517e-05	0.0001277609983236	8.782040822552517e-05	0.0001678267892639	0.00023448613353	0.00023448613353	sub-20966	ses-3				space-ACPC			DSIStudio	autotrackgqi
Association_MiddleLongitudinalFasciculusR	tzz	DSIStudio	/scratch/executivefunction/SLURM_8364170_116/job-8364170-116-sub-20966-ses-3/ds/inputs/data/qsiprep/qsiprep/sub-20966/ses-3/dwi/sub-20966_ses-3_space-ACPC_desc-preproc_dwi.nii.gz	0.0	0.0008221300661113	0.0002312344312045	0.0007992621976882	0.0008221300661113	0.0007992621976882	0.0002312344312045	0.00080208389775	0.00080208389775	sub-20966	ses-3				space-ACPC			DSIStudio	autotrackgqi
Association_MiddleLongitudinalFasciculusL	ad	DSIStudio	/scratch/executivefunction/SLURM_8364170_116/job-8364170-116-sub-20966-ses-3/ds/inputs/data/qsiprep/qsiprep/sub-20966/ses-3/dwi/sub-20966_ses-3_space-ACPC_desc-preproc_dwi.nii.gz	0.0	1.1092515268689276	0.2496047023417201	1.054109275341034	1.1092515268689276	1.054109275341034	0.2496047023417201	1.163027685240793	1.163027685240793	sub-20966	ses-3				space-ACPC			DSIStudio	autotrackgqi
Association_MiddleLongitudinalFasciculusL	dti_fa	DSIStudio	/scratch/executivefunction/SLURM_8364170_116/job-8364170-116-sub-20966-ses-3/ds/inputs/data/qsiprep/qsiprep/sub-20966/ses-3/dwi/sub-20966_ses-3_space-ACPC_desc-preproc_dwi.nii.gz	0.0	0.3050890765003567	0.181461944817881	0.2755967080593109	0.3050890765003567	0.2755967080593109	0.181461944817881	0.4392148002257616	0.4392148002257616	sub-20966	ses-3				space-ACPC			DSIStudio	autotrackgqi
Association_MiddleLongitudinalFasciculusL	gfa	DSIStudio	/scratch/executivefunction/SLURM_8364170_116/job-8364170-116-sub-20966-ses-3/ds/inputs/data/qsiprep/qsiprep/sub-20966/ses-3/dwi/sub-20966_ses-3_space-ACPC_desc-preproc_dwi.nii.gz	0.0	0.0674083671178747	0.0384372446159694	0.0605823583900928	0.0674083671178747	0.0605823583900928	0.0384372446159694	0.0938230828312413	0.0938230828312413	sub-20966	ses-3				space-ACPC			DSIStudio	autotrackgqi
Association_MiddleLongitudinalFasciculusL	ha	DSIStudio	/scratch/executivefunction/SLURM_8364170_116/job-8364170-116-sub-20966-ses-3/ds/inputs/data/qsiprep/qsiprep/sub-20966/ses-3/dwi/sub-20966_ses-3_space-ACPC_desc-preproc_dwi.nii.gz	0.0	9.094997554903662	35.8377325979005	11.954597473144531	9.094997554903662	11.954597473144531	35.8377325979005	23.29686652621024	23.29686652621024	sub-20966	ses-3				space-ACPC			DSIStudio	autotrackgqi
Association_MiddleLongitudinalFasciculusL	iso	DSIStudio	/scratch/executivefunction/SLURM_8364170_116/job-8364170-116-sub-20966-ses-3/ds/inputs/data/qsiprep/qsiprep/sub-20966/ses-3/dwi/sub-20966_ses-3_space-ACPC_desc-preproc_dwi.nii.gz	0.0	0.6757010066227089	0.1826971912006428	0.6203928589820862	0.6757010066227089	0.6203928589820862	0.1826971912006428	0.5990941650189398	0.5990941650189398	sub-20966	ses-3				space-ACPC			DSIStudio	autotrackgqi
Association_MiddleLongitudinalFasciculusL	md	DSIStudio	/scratch/executivefunction/SLURM_8364170_116/job-8364170-116-sub-20966-ses-3/ds/inputs/data/qsiprep/qsiprep/sub-20966/ses-3/dwi/sub-20966_ses-3_space-ACPC_desc-preproc_dwi.nii.gz	0.0	0.8394087577904634	0.2146839807566392	0.7825034558773041	0.8394087577904634	0.7825034558773041	0.2146839807566392	0.7663231408566284	0.7663231408566284	sub-20966	ses-3				space-ACPC			DSIStudio	autotrackgqi
Association_MiddleLongitudinalFasciculusL	qa	DSIStudio	/scratch/executivefunction/SLURM_8364170_116/job-8364170-116-sub-20966-ses-3/ds/inputs/data/qsiprep/qsiprep/sub-20966/ses-3/dwi/sub-20966_ses-3_space-ACPC_desc-preproc_dwi.nii.gz	0.0	0.189320062534772	0.101144852022742	0.173520416021347	0.189320062534772	0.173520416021347	0.101144852022742	0.2493958115734154	0.2493958115734154	sub-20966	ses-3				space-ACPC			DSIStudio	autotrackgqi
Association_MiddleLongitudinalFasciculusL	rd1	DSIStudio	/scratch/executivefunction/SLURM_8364170_116/job-8364170-116-sub-20966-ses-3/ds/inputs/data/qsiprep/qsiprep/sub-20966/ses-3/dwi/sub-20966_ses-3_space-ACPC_desc-preproc_dwi.nii.gz	0.0	0.8007213954880824	0.2371196333987921	0.7685899436473846	0.8007213954880824	0.7685899436473846	0.2371196333987921	0.6780965307776134	0.6780965307776134	sub-20966	ses-3				space-ACPC			DSIStudio	autotrackgqi
Association_MiddleLongitudinalFasciculusL	rd2	DSIStudio	/scratch/executivefunction/SLURM_8364170_116/job-8364170-116-sub-20966-ses-3/ds/inputs/data/qsiprep/qsiprep/sub-20966/ses-3/dwi/sub-20966_ses-3_space-ACPC_desc-preproc_dwi.nii.gz	0.0	0.6082533547013583	0.2737383144987725	0.57120481133461	0.6082533547013583	0.57120481133461	0.2737383144987725	0.4578452080546265	0.4578452080546265	sub-20966	ses-3				space-ACPC			DSIStudio	autotrackgqi
Association_MiddleLongitudinalFasciculusL	rd	DSIStudio	/scratch/executivefunction/SLURM_8364170_116/job-8364170-116-sub-20966-ses-3/ds/inputs/data/qsiprep/qsiprep/sub-20966/ses-3/dwi/sub-20966_ses-3_space-ACPC_desc-preproc_dwi.nii.gz	0.0	0.7044873758474409	0.2478608675736	0.6633977591991425	0.7044873758474409	0.6633977591991425	0.2478608675736	0.5679708704438258	0.5679708704438258	sub-20966	ses-3				space-ACPC			DSIStudio	autotrackgqi
Association_MiddleLongitudinalFasciculusL	txx	DSIStudio	/scratch/executivefunction/SLURM_8364170_116/job-8364170-116-sub-20966-ses-3/ds/inputs/data/qsiprep/qsiprep/sub-20966/ses-3/dwi/sub-20966_ses-3_space-ACPC_desc-preproc_dwi.nii.gz	0.0	0.0008117921147087	0.0002601303675169	0.0007906234532129	0.0008117921147087	0.0007906234532129	0.0002601303675169	0.0006991766828607	0.0006991766828607	sub-20966	ses-3				space-ACPC			DSIStudio	autotrackgqi
Association_MiddleLongitudinalFasciculusL	txy	DSIStudio	/scratch/executivefunction/SLURM_8364170_116/job-8364170-116-sub-20966-ses-3/ds/inputs/data/qsiprep/qsiprep/sub-20966/ses-3/dwi/sub-20966_ses-3_space-ACPC_desc-preproc_dwi.nii.gz	0.0	-2.422879966052141e-05	0.0001105178557524	-1.2858624813816276e-05	-2.422879966052141e-05	-1.2858624813816276e-05	0.0001105178557524	-7.214238331850693e-05	-7.214238331850693e-05	sub-20966	ses-3				space-ACPC			DSIStudio	autotrackgqi
Association_MiddleLongitudinalFasciculusL	txz	DSIStudio	/scratch/executivefunction/SLURM_8364170_116/job-8364170-116-sub-20966-ses-3/ds/inputs/data/qsiprep/qsiprep/sub-20966/ses-3/dwi/sub-20966_ses-3_space-ACPC_desc-preproc_dwi.nii.gz	0.0	1.9015853397182748e-06	0.000122069739063	3.035761665159953e-06	1.9015853397182748e-06	3.035761665159953e-06	0.000122069739063	-5.045248839610452e-05	-5.045248839610452e-05	sub-20966	ses-3				space-ACPC			DSIStudio	autotrackgqi
Association_MiddleLongitudinalFasciculusL	tyy	DSIStudio	/scratch/executivefunction/SLURM_8364170_116/job-8364170-116-sub-20966-ses-3/ds/inputs/data/qsiprep/qsiprep/sub-20966/ses-3/dwi/sub-20966_ses-3_space-ACPC_desc-preproc_dwi.nii.gz	0.0	0.0008776827717678	0.0002588451626466	0.000836121791508	0.0008776827717678	0.000836121791508	0.0002588451626466	0.0008283293025912	0.0008283293025912	sub-20966	ses-3				space-ACPC			DSIStudio	autotrackgqi
Association_MiddleLongitudinalFasciculusL	tyz	DSIStudio	/scratch/executivefunction/SLURM_8364170_116/job-8364170-116-sub-20966-ses-3/ds/inputs/data/qsiprep/qsiprep/sub-20966/ses-3/dwi/sub-20966_ses-3_space-ACPC_desc-preproc_dwi.nii.gz	0.0	9.84237334942308e-05	0.000153412945378	6.2037132011028e-05	9.84237334942308e-05	6.2037132011028e-05	0.000153412945378	0.0001935104373195	0.0001935104373195	sub-20966	ses-3				space-ACPC			DSIStudio	autotrackgqi
Association_MiddleLongitudinalFasciculusL	tzz	DSIStudio	/scratch/executivefunction/SLURM_8364170_116/job-8364170-116-sub-20966-ses-3/ds/inputs/data/qsiprep/qsiprep/sub-20966/ses-3/dwi/sub-20966_ses-3_space-ACPC_desc-preproc_dwi.nii.gz	0.0	0.0008287513892966	0.0002496767831821	0.0007969283615238	0.0008287513892966	0.0007969283615238	0.0002496767831821	0.0007714634396687	0.0007714634396687	sub-20966	ses-3				space-ACPC			DSIStudio	autotrackgqi
Association_CingulumR	ad	DSIStudio	/scratch/executivefunction/SLURM_8364170_116/job-8364170-116-sub-20966-ses-3/ds/inputs/data/qsiprep/qsiprep/sub-20966/ses-3/dwi/sub-20966_ses-3_space-ACPC_desc-preproc_dwi.nii.gz	0.0007844895214613	1.153476938753936	0.3533449022330985	1.062609314918518	1.154382539760136	1.0628064274787905	0.3520017505840522	1.1839778834185772	1.1840617970058287	sub-20966	ses-3				space-ACPC			DSIStudio	autotrackgqi
Association_CingulumR	dti_fa	DSIStudio	/scratch/executivefunction/SLURM_8364170_116/job-8364170-116-sub-20966-ses-3/ds/inputs/data/qsiprep/qsiprep/sub-20966/ses-3/dwi/sub-20966_ses-3_space-ACPC_desc-preproc_dwi.nii.gz	0.0007844895214613	0.2826876743046072	0.1846588735576249	0.2270167917013168	0.2829096139322577	0.2270975857973098	0.1845613230348195	0.4393902588862321	0.4394214002590413	sub-20966	ses-3				space-ACPC			DSIStudio	autotrackgqi
Association_CingulumR	gfa	DSIStudio	/scratch/executivefunction/SLURM_8364170_116/job-8364170-116-sub-20966-ses-3/ds/inputs/data/qsiprep/qsiprep/sub-20966/ses-3/dwi/sub-20966_ses-3_space-ACPC_desc-preproc_dwi.nii.gz	0.0007844895214613	0.063353717019008	0.039653506923547	0.050133142620325	0.0634034563661517	0.0501859206706285	0.0396293005876351	0.0949645947715379	0.0949713252902783	sub-20966	ses-3				space-ACPC			DSIStudio	autotrackgqi
Association_CingulumR	ha	DSIStudio	/scratch/executivefunction/SLURM_8364170_116/job-8364170-116-sub-20966-ses-3/ds/inputs/data/qsiprep/qsiprep/sub-20966/ses-3/dwi/sub-20966_ses-3_space-ACPC_desc-preproc_dwi.nii.gz	0.0007844895214613	-3.884551400361349	35.591248669205854	-4.527944564819336	-3.88760118275284	-4.551416397094727	35.60505087170165	-5.519772455078729	-5.520163669283376	sub-20966	ses-3				space-ACPC			DSIStudio	autotrackgqi
Association_CingulumR	iso	DSIStudio	/scratch/executivefunction/SLURM_8364170_116/job-8364170-116-sub-20966-ses-3/ds/inputs/data/qsiprep/qsiprep/sub-20966/ses-3/dwi/sub-20966_ses-3_space-ACPC_desc-preproc_dwi.nii.gz	0.0007844895214613	0.5836782775202247	0.1881597370507073	0.5577611923217773	0.5841365265043702	0.5578515529632568	0.1875212057814636	0.5285859832904174	0.5286234465932073	sub-20966	ses-3				space-ACPC			DSIStudio	autotrackgqi
Association_CingulumR	md	DSIStudio	/scratch/executivefunction/SLURM_8364170_116/job-8364170-116-sub-20966-ses-3/ds/inputs/data/qsiprep/qsiprep/sub-20966/ses-3/dwi/sub-20966_ses-3_space-ACPC_desc-preproc_dwi.nii.gz	0.0007844895214613	0.8896228799060577	0.3127544839284343	0.7990128397941589	0.8903213276583393	0.7991901636123657	0.3118819001850179	0.7759705017771639	0.7760254983360331	sub-20966	ses-3				space-ACPC			DSIStudio	autotrackgqi
Association_CingulumR	qa	DSIStudio	/scratch/executivefunction/SLURM_8364170_116/job-8364170-116-sub-20966-ses-3/ds/inputs/data/qsiprep/qsiprep/sub-20966/ses-3/dwi/sub-20966_ses-3_space-ACPC_desc-preproc_dwi.nii.gz	0.0007844895214613	0.1567327075826897	0.0954383108156244	0.1330928653478622	0.1568557592822274	0.1331657245755195	0.0953746345405276	0.2247919489620616	0.2248078808785736	sub-20966	ses-3				space-ACPC			DSIStudio	autotrackgqi
Association_CingulumR	rd1	DSIStudio	/scratch/executivefunction/SLURM_8364170_116/job-8364170-116-sub-20966-ses-3/ds/inputs/data/qsiprep/qsiprep/sub-20966/ses-3/dwi/sub-20966_ses-3_space-ACPC_desc-preproc_dwi.nii.gz	0.0007844895214613	0.8406428590168082	0.3351963194181596	0.7760772705078125	0.8413028522888044	0.7761874496936798	0.33449892389108	0.6716684229820171	0.6717160273718594	sub-20966	ses-3				space-ACPC			DSIStudio	autotrackgqi
Association_CingulumR	rd2	DSIStudio	/scratch/executivefunction/SLURM_8364170_116/job-8364170-116-sub-20966-ses-3/ds/inputs/data/qsiprep/qsiprep/sub-20966/ses-3/dwi/sub-20966_ses-3_space-ACPC_desc-preproc_dwi.nii.gz	0.0007844895214613	0.6747488439754532	0.3446723501670859	0.62750244140625	0.6752785929556941	0.6278246939182281	0.3442884990618237	0.4722651990688747	0.4722986707683982	sub-20966	ses-3				space-ACPC			DSIStudio	autotrackgqi
Association_CingulumR	rd	DSIStudio	/scratch/executivefunction/SLURM_8364170_116/job-8364170-116-sub-20966-ses-3/ds/inputs/data/qsiprep/qsiprep/sub-20966/ses-3/dwi/sub-20966_ses-3_space-ACPC_desc-preproc_dwi.nii.gz	0.0007844895214613	0.7576958509171462	0.3351399262587071	0.6959893107414246	0.7582907220428102	0.6963194310665131	0.3345980678268602	0.5719668109141848	0.57200734895886	sub-20966	ses-3				space-ACPC			DSIStudio	autotrackgqi
Association_CingulumR	txx	DSIStudio	/scratch/executivefunction/SLURM_8364170_116/job-8364170-116-sub-20966-ses-3/ds/inputs/data/qsiprep/qsiprep/sub-20966/ses-3/dwi/sub-20966_ses-3_space-ACPC_desc-preproc_dwi.nii.gz	0.0007844895214613	0.0008782604405443	0.0003535666893078	0.000818257627543	0.0008789499675838	0.0008184287871699	0.0003528476860922	0.0006839704282738	0.0006840189044688	sub-20966	ses-3				space-ACPC			DSIStudio	autotrackgqi
Association_CingulumR	txy	DSIStudio	/scratch/executivefunction/SLURM_8364170_116/job-8364170-116-sub-20966-ses-3/ds/inputs/data/qsiprep/qsiprep/sub-20966/ses-3/dwi/sub-20966_ses-3_space-ACPC_desc-preproc_dwi.nii.gz	0.0007844895214613	2.5292197126206195e-05	0.0001267960855683	1.657786560826935e-05	2.531205416746724e-05	1.6737531950639095e-05	0.0001268438687012	1.3528887021713493e-05	1.3529846125173846e-05	sub-20966	ses-3				space-ACPC			DSIStudio	autotrackgqi
Association_CingulumR	txz	DSIStudio	/scratch/executivefunction/SLURM_8364170_116/job-8364170-116-sub-20966-ses-3/ds/inputs/data/qsiprep/qsiprep/sub-20966/ses-3/dwi/sub-20966_ses-3_space-ACPC_desc-preproc_dwi.nii.gz	0.0007844895214613	2.7529684954056375e-05	0.0001224243755568	2.601150299597066e-05	2.755129865915714e-05	2.615097218949813e-05	0.0001224699930237	2.450330209477016e-05	2.450503874418649e-05	sub-20966	ses-3				space-ACPC			DSIStudio	autotrackgqi
Association_CingulumR	tyy	DSIStudio	/scratch/executivefunction/SLURM_8364170_116/job-8364170-116-sub-20966-ses-3/ds/inputs/data/qsiprep/qsiprep/sub-20966/ses-3/dwi/sub-20966_ses-3_space-ACPC_desc-preproc_dwi.nii.gz	0.0007844895214613	0.0009272348895969	0.0003584963142043	0.000841146451421	0.0009279628667422	0.000841229368234	0.0003576939655359	0.0009890624772607	0.000989132576318	sub-20966	ses-3				space-ACPC			DSIStudio	autotrackgqi
Association_CingulumR	tyz	DSIStudio	/scratch/executivefunction/SLURM_8364170_116/job-8364170-116-sub-20966-ses-3/ds/inputs/data/qsiprep/qsiprep/sub-20966/ses-3/dwi/sub-20966_ses-3_space-ACPC_desc-preproc_dwi.nii.gz	0.0007844895214613	3.803725423463124e-05	0.0001322804754513	1.71868632605765e-05	3.806711748941393e-05	1.722001161397202e-05	0.0001323280969782	6.308562187643068e-05	6.309009310068887e-05	sub-20966	ses-3				space-ACPC			DSIStudio	autotrackgqi
Association_CingulumR	tzz	DSIStudio	/scratch/executivefunction/SLURM_8364170_116/job-8364170-116-sub-20966-ses-3/ds/inputs/data/qsiprep/qsiprep/sub-20966/ses-3/dwi/sub-20966_ses-3_space-ACPC_desc-preproc_dwi.nii.gz	0.0007844895214613	0.000863373311164	0.0003400297634685	0.0008078193641267	0.0008640511502373	0.0008080179104581	0.0003393012326702	0.0006548786000745	0.0006549250144988	sub-20966	ses-3				space-ACPC			DSIStudio	autotrackgqi
Association_SuperiorLongitudinalFasciculusL	ad	DSIStudio	/scratch/executivefunction/SLURM_8364170_116/job-8364170-116-sub-20966-ses-3/ds/inputs/data/qsiprep/qsiprep/sub-20966/ses-3/dwi/sub-20966_ses-3_space-ACPC_desc-preproc_dwi.nii.gz	0.0026976551151691	1.1231211550405449	0.3108265796047528	1.0538169145584106	1.1261591440158936	1.054433524608612	0.3057012226112001	1.131339298982509	1.131681894552886	sub-20966	ses-3				space-ACPC			DSIStudio	autotrackgqi
Association_SuperiorLongitudinalFasciculusL	dti_fa	DSIStudio	/scratch/executivefunction/SLURM_8364170_116/job-8364170-116-sub-20966-ses-3/ds/inputs/data/qsiprep/qsiprep/sub-20966/ses-3/dwi/sub-20966_ses-3_space-ACPC_desc-preproc_dwi.nii.gz	0.0026976551151691	0.2867605311602422	0.1773427569753259	0.2518239468336105	0.2875362046735762	0.2524510025978088	0.1769533588406469	0.4153103051035659	0.4154360705624422	sub-20966	ses-3				space-ACPC			DSIStudio	autotrackgqi
Association_SuperiorLongitudinalFasciculusL	gfa	DSIStudio	/scratch/executivefunction/SLURM_8364170_116/job-8364170-116-sub-20966-ses-3/ds/inputs/data/qsiprep/qsiprep/sub-20966/ses-3/dwi/sub-20966_ses-3_space-ACPC_desc-preproc_dwi.nii.gz	0.0026976551151691	0.063645755651765	0.0367220144994448	0.0566360615193843	0.0638179143749179	0.0568152572959661	0.0366219494754563	0.0889813185848054	0.0890082641717299	sub-20966	ses-3				space-ACPC			DSIStudio	autotrackgqi
Association_SuperiorLongitudinalFasciculusL	ha	DSIStudio	/scratch/executivefunction/SLURM_8364170_116/job-8364170-116-sub-20966-ses-3/ds/inputs/data/qsiprep/qsiprep/sub-20966/ses-3/dwi/sub-20966_ses-3_space-ACPC_desc-preproc_dwi.nii.gz	0.0026976551151691	0.0024090896395942	37.98405577856919	1.9060835242271423	0.0024156061117779	2.023192048072815	38.035393611753605	4.548942308536759	4.550319820883183	sub-20966	ses-3				space-ACPC			DSIStudio	autotrackgqi
Association_SuperiorLongitudinalFasciculusL	iso	DSIStudio	/scratch/executivefunction/SLURM_8364170_116/job-8364170-116-sub-20966-ses-3/ds/inputs/data/qsiprep/qsiprep/sub-20966/ses-3/dwi/sub-20966_ses-3_space-ACPC_desc-preproc_dwi.nii.gz	0.0026976551151691	0.6192894882840824	0.1236862470306695	0.6162752211093903	0.6209646367126493	0.6165622472763062	0.1195803533414243	0.5945446722749861	0.5947247141466793	sub-20966	ses-3				space-ACPC			DSIStudio	autotrackgqi
Association_SuperiorLongitudinalFasciculusL	md	DSIStudio	/scratch/executivefunction/SLURM_8364170_116/job-8364170-116-sub-20966-ses-3/ds/inputs/data/qsiprep/qsiprep/sub-20966/ses-3/dwi/sub-20966_ses-3_space-ACPC_desc-preproc_dwi.nii.gz	0.0026976551151691	0.8701387887662514	0.2926112966865115	0.7899316847324371	0.8724924725477665	0.7902535796165466	0.2894812623940955	0.770997815239231	0.7712312911904544	sub-20966	ses-3				space-ACPC			DSIStudio	autotrackgqi
Association_SuperiorLongitudinalFasciculusL	qa	DSIStudio	/scratch/executivefunction/SLURM_8364170_116/job-8364170-116-sub-20966-ses-3/ds/inputs/data/qsiprep/qsiprep/sub-20966/ses-3/dwi/sub-20966_ses-3_space-ACPC_desc-preproc_dwi.nii.gz	0.0026976551151691	0.1710311457223712	0.098836765846393	0.1555220857262611	0.1714937767865391	0.1558951586484909	0.0985687162213132	0.2362722115094362	0.2363437601563122	sub-20966	ses-3				space-ACPC			DSIStudio	autotrackgqi
Association_SuperiorLongitudinalFasciculusL	rd1	DSIStudio	/scratch/executivefunction/SLURM_8364170_116/job-8364170-116-sub-20966-ses-3/ds/inputs/data/qsiprep/qsiprep/sub-20966/ses-3/dwi/sub-20966_ses-3_space-ACPC_desc-preproc_dwi.nii.gz	0.0026976551151691	0.8355919560330566	0.3089441917489814	0.7728323936462402	0.8378521922853307	0.7731451690196991	0.3062857292920148	0.7090778410695505	0.7092925662865828	sub-20966	ses-3				space-ACPC			DSIStudio	autotrackgqi
Association_SuperiorLongitudinalFasciculusL	rd2	DSIStudio	/scratch/executivefunction/SLURM_8364170_116/job-8364170-116-sub-20966-ses-3/ds/inputs/data/qsiprep/qsiprep/sub-20966/ses-3/dwi/sub-20966_ses-3_space-ACPC_desc-preproc_dwi.nii.gz	0.0026976551151691	0.6517032574793441	0.3384869946251405	0.592505007982254	0.6534660836023636	0.5936096608638763	0.3372408844353163	0.4725763103074165	0.4727194173750826	sub-20966	ses-3				space-ACPC			DSIStudio	autotrackgqi
Association_SuperiorLongitudinalFasciculusL	rd	DSIStudio	/scratch/executivefunction/SLURM_8364170_116/job-8364170-116-sub-20966-ses-3/ds/inputs/data/qsiprep/qsiprep/sub-20966/ses-3/dwi/sub-20966_ses-3_space-ACPC_desc-preproc_dwi.nii.gz	0.0026976551151691	0.743647606785576	0.3177945657210784	0.6742407381534576	0.7456591379733022	0.6746582984924316	0.3158585944157805	0.5908270758541837	0.5910059919965831	sub-20966	ses-3				space-ACPC			DSIStudio	autotrackgqi
Association_SuperiorLongitudinalFasciculusL	txx	DSIStudio	/scratch/executivefunction/SLURM_8364170_116/job-8364170-116-sub-20966-ses-3/ds/inputs/data/qsiprep/qsiprep/sub-20966/ses-3/dwi/sub-20966_ses-3_space-ACPC_desc-preproc_dwi.nii.gz	0.0026976551151691	0.0008983122154512	0.0003005389305146	0.0008640115847811	0.0009007421070036	0.0008644332992844	0.00029728650199	0.0007957761887288	0.0007960171681332	sub-20966	ses-3				space-ACPC			DSIStudio	autotrackgqi
Association_SuperiorLongitudinalFasciculusL	txy	DSIStudio	/scratch/executivefunction/SLURM_8364170_116/job-8364170-116-sub-20966-ses-3/ds/inputs/data/qsiprep/qsiprep/sub-20966/ses-3/dwi/sub-20966_ses-3_space-ACPC_desc-preproc_dwi.nii.gz	0.0026976551151691	-1.4348077310819952e-05	0.0001162954104935	-8.865810741554014e-06	-1.4386888173292e-05	-9.117487934418024e-06	0.0001164501936063	-1.7067057528512598e-05	-1.7072225861422893e-05	sub-20966	ses-3				space-ACPC			DSIStudio	autotrackgqi
Association_SuperiorLongitudinalFasciculusL	txz	DSIStudio	/scratch/executivefunction/SLURM_8364170_116/job-8364170-116-sub-20966-ses-3/ds/inputs/data/qsiprep/qsiprep/sub-20966/ses-3/dwi/sub-20966_ses-3_space-ACPC_desc-preproc_dwi.nii.gz	0.0026976551151691	3.475818434668025e-05	0.0001360495870898	1.8563679077487905e-05	3.485220357192096e-05	1.8798433302436024e-05	0.0001362214397779	5.505688886562104e-05	5.507356140007669e-05	sub-20966	ses-3				space-ACPC			DSIStudio	autotrackgqi
Association_SuperiorLongitudinalFasciculusL	tyy	DSIStudio	/scratch/executivefunction/SLURM_8364170_116/job-8364170-116-sub-20966-ses-3/ds/inputs/data/qsiprep/qsiprep/sub-20966/ses-3/dwi/sub-20966_ses-3_space-ACPC_desc-preproc_dwi.nii.gz	0.0026976551151691	0.0008569500992121	0.000334926412406	0.000789381301729	0.0008592681082196	0.0007898333133198	0.0003323963604152	0.0008354578091141	0.0008357108050198	sub-20966	ses-3				space-ACPC			DSIStudio	autotrackgqi
Association_SuperiorLongitudinalFasciculusL	tyz	DSIStudio	/scratch/executivefunction/SLURM_8364170_116/job-8364170-116-sub-20966-ses-3/ds/inputs/data/qsiprep/qsiprep/sub-20966/ses-3/dwi/sub-20966_ses-3_space-ACPC_desc-preproc_dwi.nii.gz	0.0026976551151691	3.213900345595163e-05	0.0001238145649931	1.742334643495269e-05	3.222593792222865e-05	1.7716539332468528e-05	0.0001239706094276	6.083724492123184e-05	6.085566766555732e-05	sub-20966	ses-3				space-ACPC			DSIStudio	autotrackgqi
Association_SuperiorLongitudinalFasciculusL	tzz	DSIStudio	/scratch/executivefunction/SLURM_8364170_116/job-8364170-116-sub-20966-ses-3/ds/inputs/data/qsiprep/qsiprep/sub-20966/ses-3/dwi/sub-20966_ses-3_space-ACPC_desc-preproc_dwi.nii.gz	0.0026976551151691	0.000855154052683	0.0003409208728874	0.0008129238849505	0.0008574672034706	0.0008135944663081	0.0003384641476116	0.0006817594507932	0.0006819659033375	sub-20966	ses-3				space-ACPC			DSIStudio	autotrackgqi
Association_SuperiorLongitudinalFasciculusR	ad	DSIStudio	/scratch/executivefunction/SLURM_8364170_116/job-8364170-116-sub-20966-ses-3/ds/inputs/data/qsiprep/qsiprep/sub-20966/ses-3/dwi/sub-20966_ses-3_space-ACPC_desc-preproc_dwi.nii.gz	0.0	1.1027276602673666	0.2159487871585918	1.060479760169983	1.1027276602673666	1.060479760169983	0.2159487871585918	1.1386143578302417	1.1386143578302417	sub-20966	ses-3				space-ACPC			DSIStudio	autotrackgqi
Association_SuperiorLongitudinalFasciculusR	dti_fa	DSIStudio	/scratch/executivefunction/SLURM_8364170_116/job-8364170-116-sub-20966-ses-3/ds/inputs/data/qsiprep/qsiprep/sub-20966/ses-3/dwi/sub-20966_ses-3_space-ACPC_desc-preproc_dwi.nii.gz	0.0	0.3171974949711534	0.1780584511008039	0.3058580160140991	0.3171974949711534	0.3058580160140991	0.1780584511008039	0.4488610924740218	0.4488610924740218	sub-20966	ses-3				space-ACPC			DSIStudio	autotrackgqi
Association_SuperiorLongitudinalFasciculusR	gfa	DSIStudio	/scratch/executivefunction/SLURM_8364170_116/job-8364170-116-sub-20966-ses-3/ds/inputs/data/qsiprep/qsiprep/sub-20966/ses-3/dwi/sub-20966_ses-3_space-ACPC_desc-preproc_dwi.nii.gz	0.0	0.0703070310174853	0.0370907379580867	0.0676740370690822	0.0703070310174853	0.0676740370690822	0.0370907379580867	0.0969320420347693	0.0969320420347693	sub-20966	ses-3				space-ACPC			DSIStudio	autotrackgqi
Association_SuperiorLongitudinalFasciculusR	ha	DSIStudio	/scratch/executivefunction/SLURM_8364170_116/job-8364170-116-sub-20966-ses-3/ds/inputs/data/qsiprep/qsiprep/sub-20966/ses-3/dwi/sub-20966_ses-3_space-ACPC_desc-preproc_dwi.nii.gz	0.0	-2.226356932488041	38.43666259226859	-3.520334005355835	-2.226356932488041	-3.520334005355835	38.43666259226859	-6.841077984375613	-6.841077984375613	sub-20966	ses-3				space-ACPC			DSIStudio	autotrackgqi
Association_SuperiorLongitudinalFasciculusR	iso	DSIStudio	/scratch/executivefunction/SLURM_8364170_116/job-8364170-116-sub-20966-ses-3/ds/inputs/data/qsiprep/qsiprep/sub-20966/ses-3/dwi/sub-20966_ses-3_space-ACPC_desc-preproc_dwi.nii.gz	0.0	0.6198431017951492	0.0957635609929499	0.6044309139251709	0.6198431017951492	0.6044309139251709	0.0957635609929499	0.5857029099532917	0.5857029099532917	sub-20966	ses-3				space-ACPC			DSIStudio	autotrackgqi
Association_SuperiorLongitudinalFasciculusR	md	DSIStudio	/scratch/executivefunction/SLURM_8364170_116/job-8364170-116-sub-20966-ses-3/ds/inputs/data/qsiprep/qsiprep/sub-20966/ses-3/dwi/sub-20966_ses-3_space-ACPC_desc-preproc_dwi.nii.gz	0.0	0.829063917530044	0.2069983134829853	0.7755328118801117	0.829063917530044	0.7755328118801117	0.2069983134829853	0.7489555970491941	0.7489555970491941	sub-20966	ses-3				space-ACPC			DSIStudio	autotrackgqi
Association_SuperiorLongitudinalFasciculusR	qa	DSIStudio	/scratch/executivefunction/SLURM_8364170_116/job-8364170-116-sub-20966-ses-3/ds/inputs/data/qsiprep/qsiprep/sub-20966/ses-3/dwi/sub-20966_ses-3_space-ACPC_desc-preproc_dwi.nii.gz	0.0	0.1896433111094828	0.098461552512942	0.1807650923728943	0.1896433111094828	0.1807650923728943	0.098461552512942	0.2626070367656793	0.2626070367656793	sub-20966	ses-3				space-ACPC			DSIStudio	autotrackgqi
Association_SuperiorLongitudinalFasciculusR	rd1	DSIStudio	/scratch/executivefunction/SLURM_8364170_116/job-8364170-116-sub-20966-ses-3/ds/inputs/data/qsiprep/qsiprep/sub-20966/ses-3/dwi/sub-20966_ses-3_space-ACPC_desc-preproc_dwi.nii.gz	0.0	0.7901117049905592	0.2331669694833852	0.7585472166538239	0.7901117049905592	0.7585472166538239	0.2331669694833852	0.6714220765348373	0.6714220765348373	sub-20966	ses-3				space-ACPC			DSIStudio	autotrackgqi
Association_SuperiorLongitudinalFasciculusR	rd2	DSIStudio	/scratch/executivefunction/SLURM_8364170_116/job-8364170-116-sub-20966-ses-3/ds/inputs/data/qsiprep/qsiprep/sub-20966/ses-3/dwi/sub-20966_ses-3_space-ACPC_desc-preproc_dwi.nii.gz	0.0	0.5943523898950638	0.277458155175886	0.5473363697528839	0.5943523898950638	0.5473363697528839	0.277458155175886	0.4368303586379831	0.4368303586379831	sub-20966	ses-3				space-ACPC			DSIStudio	autotrackgqi
Association_SuperiorLongitudinalFasciculusR	rd	DSIStudio	/scratch/executivefunction/SLURM_8364170_116/job-8364170-116-sub-20966-ses-3/ds/inputs/data/qsiprep/qsiprep/sub-20966/ses-3/dwi/sub-20966_ses-3_space-ACPC_desc-preproc_dwi.nii.gz	0.0	0.692232047048588	0.2480992308874623	0.6453084349632263	0.692232047048588	0.6453084349632263	0.2480992308874623	0.5541262173317679	0.5541262173317679	sub-20966	ses-3				space-ACPC			DSIStudio	autotrackgqi
Association_SuperiorLongitudinalFasciculusR	txx	DSIStudio	/scratch/executivefunction/SLURM_8364170_116/job-8364170-116-sub-20966-ses-3/ds/inputs/data/qsiprep/qsiprep/sub-20966/ses-3/dwi/sub-20966_ses-3_space-ACPC_desc-preproc_dwi.nii.gz	0.0	0.0008517373049524	0.000256915254857	0.0008347088878508	0.0008517373049524	0.0008347088878508	0.000256915254857	0.0007471587791421	0.0007471587791421	sub-20966	ses-3				space-ACPC			DSIStudio	autotrackgqi
Association_SuperiorLongitudinalFasciculusR	txy	DSIStudio	/scratch/executivefunction/SLURM_8364170_116/job-8364170-116-sub-20966-ses-3/ds/inputs/data/qsiprep/qsiprep/sub-20966/ses-3/dwi/sub-20966_ses-3_space-ACPC_desc-preproc_dwi.nii.gz	0.0	2.9235746940686207e-05	0.0001173492641734	2.3143754333432295e-05	2.9235746940686207e-05	2.3143754333432295e-05	0.0001173492641734	2.21378225133798e-05	2.21378225133798e-05	sub-20966	ses-3				space-ACPC			DSIStudio	autotrackgqi
Association_SuperiorLongitudinalFasciculusR	txz	DSIStudio	/scratch/executivefunction/SLURM_8364170_116/job-8364170-116-sub-20966-ses-3/ds/inputs/data/qsiprep/qsiprep/sub-20966/ses-3/dwi/sub-20966_ses-3_space-ACPC_desc-preproc_dwi.nii.gz	0.0	-1.6547587421950555e-05	0.0001444163238488	-1.1353906302247196e-05	-1.6547587421950555e-05	-1.1353906302247196e-05	0.0001444163238488	-4.874783060608586e-05	-4.874783060608586e-05	sub-20966	ses-3				space-ACPC			DSIStudio	autotrackgqi
Association_SuperiorLongitudinalFasciculusR	tyy	DSIStudio	/scratch/executivefunction/SLURM_8364170_116/job-8364170-116-sub-20966-ses-3/ds/inputs/data/qsiprep/qsiprep/sub-20966/ses-3/dwi/sub-20966_ses-3_space-ACPC_desc-preproc_dwi.nii.gz	0.0	0.0008162781258125	0.0002559872303953	0.0007771724485792	0.0008162781258125	0.0007771724485792	0.0002559872303953	0.0008367529547257	0.0008367529547257	sub-20966	ses-3				space-ACPC			DSIStudio	autotrackgqi
Association_SuperiorLongitudinalFasciculusR	tyz	DSIStudio	/scratch/executivefunction/SLURM_8364170_116/job-8364170-116-sub-20966-ses-3/ds/inputs/data/qsiprep/qsiprep/sub-20966/ses-3/dwi/sub-20966_ses-3_space-ACPC_desc-preproc_dwi.nii.gz	0.0	4.351452673612523e-05	0.0001215061513896	2.194359512941446e-05	4.351452673612523e-05	2.194359512941446e-05	0.0001215061513896	8.975031866001323e-05	8.975031866001323e-05	sub-20966	ses-3				space-ACPC			DSIStudio	autotrackgqi
Association_SuperiorLongitudinalFasciculusR	tzz	DSIStudio	/scratch/executivefunction/SLURM_8364170_116/job-8364170-116-sub-20966-ses-3/ds/inputs/data/qsiprep/qsiprep/sub-20966/ses-3/dwi/sub-20966_ses-3_space-ACPC_desc-preproc_dwi.nii.gz	0.0	0.0008191763242979	0.0002689733430037	0.0008124639862217	0.0008191763242979	0.0008124639862217	0.0002689733430037	0.0006629550595966	0.0006629550595966	sub-20966	ses-3				space-ACPC			DSIStudio	autotrackgqi
Association_UncinateFasciculusR	ad	DSIStudio	/scratch/executivefunction/SLURM_8364170_116/job-8364170-116-sub-20966-ses-3/ds/inputs/data/qsiprep/qsiprep/sub-20966/ses-3/dwi/sub-20966_ses-3_space-ACPC_desc-preproc_dwi.nii.gz	0.0036800785083415	1.218461969766813	0.4042515011464586	1.1378013491630554	1.2229625680299263	1.1390491724014282	0.3981442327777213	1.2401304845550123	1.2404285924081773	sub-20966	ses-3				space-ACPC			DSIStudio	autotrackgqi
Association_UncinateFasciculusR	dti_fa	DSIStudio	/scratch/executivefunction/SLURM_8364170_116/job-8364170-116-sub-20966-ses-3/ds/inputs/data/qsiprep/qsiprep/sub-20966/ses-3/dwi/sub-20966_ses-3_space-ACPC_desc-preproc_dwi.nii.gz	0.0036800785083415	0.3004915930168069	0.1648990945420885	0.2717249542474746	0.3016015102527714	0.2729915976524353	0.1641870759706726	0.3918213861039003	0.391915573541871	sub-20966	ses-3				space-ACPC			DSIStudio	autotrackgqi
Association_UncinateFasciculusR	gfa	DSIStudio	/scratch/executivefunction/SLURM_8364170_116/job-8364170-116-sub-20966-ses-3/ds/inputs/data/qsiprep/qsiprep/sub-20966/ses-3/dwi/sub-20966_ses-3_space-ACPC_desc-preproc_dwi.nii.gz	0.0036800785083415	0.0686558833132361	0.0349148174500612	0.0628759525716304	0.0689094755933884	0.0631201192736625	0.0347285518901504	0.0894653371131837	0.0894868431194797	sub-20966	ses-3				space-ACPC			DSIStudio	autotrackgqi
Association_UncinateFasciculusR	ha	DSIStudio	/scratch/executivefunction/SLURM_8364170_116/job-8364170-116-sub-20966-ses-3/ds/inputs/data/qsiprep/qsiprep/sub-20966/ses-3/dwi/sub-20966_ses-3_space-ACPC_desc-preproc_dwi.nii.gz	0.0036800785083415	7.16261254244497	30.296989811376957	8.17817497253418	7.189068880326446	8.299138069152832	30.349758554474032	7.430338145906305	7.432124306131959	sub-20966	ses-3				space-ACPC			DSIStudio	autotrackgqi
Association_UncinateFasciculusR	iso	DSIStudio	/scratch/executivefunction/SLURM_8364170_116/job-8364170-116-sub-20966-ses-3/ds/inputs/data/qsiprep/qsiprep/sub-20966/ses-3/dwi/sub-20966_ses-3_space-ACPC_desc-preproc_dwi.nii.gz	0.0036800785083415	0.5805276437544641	0.1920588834794903	0.5581536889076233	0.5826719221726658	0.558799147605896	0.1891387081844075	0.5428129956109602	0.5429434794745721	sub-20966	ses-3				space-ACPC			DSIStudio	autotrackgqi
Association_UncinateFasciculusR	md	DSIStudio	/scratch/executivefunction/SLURM_8364170_116/job-8364170-116-sub-20966-ses-3/ds/inputs/data/qsiprep/qsiprep/sub-20966/ses-3/dwi/sub-20966_ses-3_space-ACPC_desc-preproc_dwi.nii.gz	0.0036800785083415	0.926069722815222	0.3683937954548719	0.830748587846756	0.929490320166177	0.8311906456947327	0.3647408111188233	0.8515047627243092	0.8517094513349048	sub-20966	ses-3				space-ACPC			DSIStudio	autotrackgqi
Association_UncinateFasciculusR	qa	DSIStudio	/scratch/executivefunction/SLURM_8364170_116/job-8364170-116-sub-20966-ses-3/ds/inputs/data/qsiprep/qsiprep/sub-20966/ses-3/dwi/sub-20966_ses-3_space-ACPC_desc-preproc_dwi.nii.gz	0.0036800785083415	0.1686758301949715	0.0864675429208578	0.1593835949897766	0.1692988633033006	0.1596500128507614	0.0860161230179057	0.2152548422083057	0.2153065859496628	sub-20966	ses-3				space-ACPC			DSIStudio	autotrackgqi
Association_UncinateFasciculusR	rd1	DSIStudio	/scratch/executivefunction/SLURM_8364170_116/job-8364170-116-sub-20966-ses-3/ds/inputs/data/qsiprep/qsiprep/sub-20966/ses-3/dwi/sub-20966_ses-3_space-ACPC_desc-preproc_dwi.nii.gz	0.0036800785083415	0.8690005648621633	0.3931315817154879	0.794825941324234	0.8722103674903171	0.7952360510826111	0.3902866681794282	0.7445746848838994	0.7447536693146364	sub-20966	ses-3				space-ACPC			DSIStudio	autotrackgqi
Association_UncinateFasciculusR	rd2	DSIStudio	/scratch/executivefunction/SLURM_8364170_116/job-8364170-116-sub-20966-ses-3/ds/inputs/data/qsiprep/qsiprep/sub-20966/ses-3/dwi/sub-20966_ses-3_space-ACPC_desc-preproc_dwi.nii.gz	0.0036800785083415	0.6907466373591884	0.3769207046723808	0.6171779334545135	0.6932980285338715	0.6181351542472839	0.3752667053720067	0.569809119708631	0.569946093256751	sub-20966	ses-3				space-ACPC			DSIStudio	autotrackgqi
Association_UncinateFasciculusR	rd	DSIStudio	/scratch/executivefunction/SLURM_8364170_116/job-8364170-116-sub-20966-ses-3/ds/inputs/data/qsiprep/qsiprep/sub-20966/ses-3/dwi/sub-20966_ses-3_space-ACPC_desc-preproc_dwi.nii.gz	0.0036800785083415	0.7798736012441136	0.3809497161549182	0.7020981907844543	0.7827541981460249	0.7024938464164734	0.3786871036250293	0.6571919015515439	0.6573498805407934	sub-20966	ses-3				space-ACPC			DSIStudio	autotrackgqi
Association_UncinateFasciculusR	txx	DSIStudio	/scratch/executivefunction/SLURM_8364170_116/job-8364170-116-sub-20966-ses-3/ds/inputs/data/qsiprep/qsiprep/sub-20966/ses-3/dwi/sub-20966_ses-3_space-ACPC_desc-preproc_dwi.nii.gz	0.0036800785083415	0.000914738541355	0.0004054298215105	0.0008600418514106	0.0009181172850438	0.0008608700591139	0.0004023411466792	0.0007890186958883	0.0007892083639597	sub-20966	ses-3				space-ACPC			DSIStudio	autotrackgqi
Association_UncinateFasciculusR	txy	DSIStudio	/scratch/executivefunction/SLURM_8364170_116/job-8364170-116-sub-20966-ses-3/ds/inputs/data/qsiprep/qsiprep/sub-20966/ses-3/dwi/sub-20966_ses-3_space-ACPC_desc-preproc_dwi.nii.gz	0.0036800785083415	-2.0717855098344974e-05	0.0001449907133279	-8.61713124322705e-06	-2.079438004945928e-05	-8.845062438922469e-06	0.0001452527629984	-5.843992951402661e-05	-5.845397753859702e-05	sub-20966	ses-3				space-ACPC			DSIStudio	autotrackgqi
Association_UncinateFasciculusR	txz	DSIStudio	/scratch/executivefunction/SLURM_8364170_116/job-8364170-116-sub-20966-ses-3/ds/inputs/data/qsiprep/qsiprep/sub-20966/ses-3/dwi/sub-20966_ses-3_space-ACPC_desc-preproc_dwi.nii.gz	0.0036800785083415	2.0466648543496495e-05	0.0001303746791824	1.474127475376008e-05	2.054224562011616e-05	1.4965038644731976e-05	0.0001306092930466	1.7570408233666967e-05	1.7574631872222007e-05	sub-20966	ses-3				space-ACPC			DSIStudio	autotrackgqi
Association_UncinateFasciculusR	tyy	DSIStudio	/scratch/executivefunction/SLURM_8364170_116/job-8364170-116-sub-20966-ses-3/ds/inputs/data/qsiprep/qsiprep/sub-20966/ses-3/dwi/sub-20966_ses-3_space-ACPC_desc-preproc_dwi.nii.gz	0.0036800785083415	0.0010069060791895	0.0003981804516743	0.0009318627126049	0.0010106252594869	0.0009323250851593	0.0003941758459897	0.0010068079286103	0.0010070499493597	sub-20966	ses-3				space-ACPC			DSIStudio	autotrackgqi
Association_UncinateFasciculusR	tyz	DSIStudio	/scratch/executivefunction/SLURM_8364170_116/job-8364170-116-sub-20966-ses-3/ds/inputs/data/qsiprep/qsiprep/sub-20966/ses-3/dwi/sub-20966_ses-3_space-ACPC_desc-preproc_dwi.nii.gz	0.0036800785083415	-2.7043686161004597e-05	0.0001197923194735	-2.6005341169366147e-05	-2.7143576654088823e-05	-2.6440464353072457e-05	0.0001200020555814	-4.218175981045718e-05	-4.219189948095456e-05	sub-20966	ses-3				space-ACPC			DSIStudio	autotrackgqi
Association_UncinateFasciculusR	tzz	DSIStudio	/scratch/executivefunction/SLURM_8364170_116/job-8364170-116-sub-20966-ses-3/ds/inputs/data/qsiprep/qsiprep/sub-20966/ses-3/dwi/sub-20966_ses-3_space-ACPC_desc-preproc_dwi.nii.gz	0.0036800785083415	0.0008565645519561	0.0004023108697504	0.0007824946660548	0.0008597284200377	0.000783456955105	0.0003996646147128	0.0007586876686306	0.0007588700456428	sub-20966	ses-3				space-ACPC			DSIStudio	autotrackgqi
Association_ExtremeCapsuleL	ad	DSIStudio	/scratch/executivefunction/SLURM_8364170_116/job-8364170-116-sub-20966-ses-3/ds/inputs/data/qsiprep/qsiprep/sub-20966/ses-3/dwi/sub-20966_ses-3_space-ACPC_desc-preproc_dwi.nii.gz	0.0	1.163278398291125	0.2992447231870337	1.1047208905220032	1.163278398291125	1.1047208905220032	0.2992447231870337	1.126363806751938	1.126363806751938	sub-20966	ses-3				space-ACPC			DSIStudio	autotrackgqi
Association_ExtremeCapsuleL	dti_fa	DSIStudio	/scratch/executivefunction/SLURM_8364170_116/job-8364170-116-sub-20966-ses-3/ds/inputs/data/qsiprep/qsiprep/sub-20966/ses-3/dwi/sub-20966_ses-3_space-ACPC_desc-preproc_dwi.nii.gz	0.0	0.3289645298802058	0.1898237966018946	0.3127320259809494	0.3289645298802058	0.3127320259809494	0.1898237966018946	0.3818475868019428	0.3818475868019428	sub-20966	ses-3				space-ACPC			DSIStudio	autotrackgqi
Association_ExtremeCapsuleL	gfa	DSIStudio	/scratch/executivefunction/SLURM_8364170_116/job-8364170-116-sub-20966-ses-3/ds/inputs/data/qsiprep/qsiprep/sub-20966/ses-3/dwi/sub-20966_ses-3_space-ACPC_desc-preproc_dwi.nii.gz	0.0	0.0729172603659976	0.039511585284956	0.0684287995100021	0.0729172603659976	0.0684287995100021	0.039511585284956	0.0825570903089129	0.0825570903089129	sub-20966	ses-3				space-ACPC			DSIStudio	autotrackgqi
Association_ExtremeCapsuleL	ha	DSIStudio	/scratch/executivefunction/SLURM_8364170_116/job-8364170-116-sub-20966-ses-3/ds/inputs/data/qsiprep/qsiprep/sub-20966/ses-3/dwi/sub-20966_ses-3_space-ACPC_desc-preproc_dwi.nii.gz	0.0	8.738486603253303	42.60661193726343	17.69649887084961	8.738486603253303	17.69649887084961	42.60661193726343	14.15391443507136	14.15391443507136	sub-20966	ses-3				space-ACPC			DSIStudio	autotrackgqi
Association_ExtremeCapsuleL	iso	DSIStudio	/scratch/executivefunction/SLURM_8364170_116/job-8364170-116-sub-20966-ses-3/ds/inputs/data/qsiprep/qsiprep/sub-20966/ses-3/dwi/sub-20966_ses-3_space-ACPC_desc-preproc_dwi.nii.gz	0.0	0.6195086049734867	0.1077079279197656	0.6009657084941864	0.6195086049734867	0.6009657084941864	0.1077079279197656	0.6071762319624358	0.6071762319624358	sub-20966	ses-3				space-ACPC			DSIStudio	autotrackgqi
Association_ExtremeCapsuleL	md	DSIStudio	/scratch/executivefunction/SLURM_8364170_116/job-8364170-116-sub-20966-ses-3/ds/inputs/data/qsiprep/qsiprep/sub-20966/ses-3/dwi/sub-20966_ses-3_space-ACPC_desc-preproc_dwi.nii.gz	0.0	0.8626010702655635	0.2831513870774788	0.7830556631088257	0.8626010702655635	0.7830556631088257	0.2831513870774788	0.7914703060785335	0.7914703060785335	sub-20966	ses-3				space-ACPC			DSIStudio	autotrackgqi
Association_ExtremeCapsuleL	qa	DSIStudio	/scratch/executivefunction/SLURM_8364170_116/job-8364170-116-sub-20966-ses-3/ds/inputs/data/qsiprep/qsiprep/sub-20966/ses-3/dwi/sub-20966_ses-3_space-ACPC_desc-preproc_dwi.nii.gz	0.0	0.1971374726012043	0.1038518939679402	0.1864509209990501	0.1971374726012043	0.1864509209990501	0.1038518939679402	0.2215391358915393	0.2215391358915393	sub-20966	ses-3				space-ACPC			DSIStudio	autotrackgqi
Association_ExtremeCapsuleL	rd1	DSIStudio	/scratch/executivefunction/SLURM_8364170_116/job-8364170-116-sub-20966-ses-3/ds/inputs/data/qsiprep/qsiprep/sub-20966/ses-3/dwi/sub-20966_ses-3_space-ACPC_desc-preproc_dwi.nii.gz	0.0	0.8039537341285132	0.3133398951071102	0.7406092882156372	0.8039537341285132	0.7406092882156372	0.3133398951071102	0.7336675214400992	0.7336675214400992	sub-20966	ses-3				space-ACPC			DSIStudio	autotrackgqi
Association_ExtremeCapsuleL	rd2	DSIStudio	/scratch/executivefunction/SLURM_8364170_116/job-8364170-116-sub-20966-ses-3/ds/inputs/data/qsiprep/qsiprep/sub-20966/ses-3/dwi/sub-20966_ses-3_space-ACPC_desc-preproc_dwi.nii.gz	0.0	0.6205710770549563	0.3362681465057786	0.5483760833740234	0.6205710770549563	0.5483760833740234	0.3362681465057786	0.5143795888297752	0.5143795888297752	sub-20966	ses-3				space-ACPC			DSIStudio	autotrackgqi
Association_ExtremeCapsuleL	rd	DSIStudio	/scratch/executivefunction/SLURM_8364170_116/job-8364170-116-sub-20966-ses-3/ds/inputs/data/qsiprep/qsiprep/sub-20966/ses-3/dwi/sub-20966_ses-3_space-ACPC_desc-preproc_dwi.nii.gz	0.0	0.7122624063376414	0.3198388684164555	0.6379967927932739	0.7122624063376414	0.6379967927932739	0.3198388684164555	0.624023555462157	0.624023555462157	sub-20966	ses-3				space-ACPC			DSIStudio	autotrackgqi
Association_ExtremeCapsuleL	txx	DSIStudio	/scratch/executivefunction/SLURM_8364170_116/job-8364170-116-sub-20966-ses-3/ds/inputs/data/qsiprep/qsiprep/sub-20966/ses-3/dwi/sub-20966_ses-3_space-ACPC_desc-preproc_dwi.nii.gz	0.0	0.0007862363925758	0.0003444686654062	0.0007318855205085	0.0007862363925758	0.0007318855205085	0.0003444686654062	0.000666617734885	0.000666617734885	sub-20966	ses-3				space-ACPC			DSIStudio	autotrackgqi
Association_ExtremeCapsuleL	txy	DSIStudio	/scratch/executivefunction/SLURM_8364170_116/job-8364170-116-sub-20966-ses-3/ds/inputs/data/qsiprep/qsiprep/sub-20966/ses-3/dwi/sub-20966_ses-3_space-ACPC_desc-preproc_dwi.nii.gz	0.0	-1.1413820036694794e-05	0.0001064162887875	-1.3629555269289996e-05	-1.1413820036694794e-05	-1.3629555269289996e-05	0.0001064162887875	-4.55012972704783e-05	-4.55012972704783e-05	sub-20966	ses-3				space-ACPC			DSIStudio	autotrackgqi
Association_ExtremeCapsuleL	txz	DSIStudio	/scratch/executivefunction/SLURM_8364170_116/job-8364170-116-sub-20966-ses-3/ds/inputs/data/qsiprep/qsiprep/sub-20966/ses-3/dwi/sub-20966_ses-3_space-ACPC_desc-preproc_dwi.nii.gz	0.0	-3.1082095336679498e-06	0.0001282414506014	-9.97781114620011e-07	-3.1082095336679498e-06	-9.97781114620011e-07	0.0001282414506014	-6.3550395001074434e-06	-6.3550395001074434e-06	sub-20966	ses-3				space-ACPC			DSIStudio	autotrackgqi
Association_ExtremeCapsuleL	tyy	DSIStudio	/scratch/executivefunction/SLURM_8364170_116/job-8364170-116-sub-20966-ses-3/ds/inputs/data/qsiprep/qsiprep/sub-20966/ses-3/dwi/sub-20966_ses-3_space-ACPC_desc-preproc_dwi.nii.gz	0.0	0.0008936691707371	0.0003229110178584	0.0008300770423375	0.0008936691707371	0.0008300770423375	0.0003229110178584	0.0008488266410149	0.0008488266410149	sub-20966	ses-3				space-ACPC			DSIStudio	autotrackgqi
Association_ExtremeCapsuleL	tyz	DSIStudio	/scratch/executivefunction/SLURM_8364170_116/job-8364170-116-sub-20966-ses-3/ds/inputs/data/qsiprep/qsiprep/sub-20966/ses-3/dwi/sub-20966_ses-3_space-ACPC_desc-preproc_dwi.nii.gz	0.0	0.0001046301430296	0.0001608134446488	6.81387900840491e-05	0.0001046301430296	6.81387900840491e-05	0.0001608134446488	0.0001258428860993	0.0001258428860993	sub-20966	ses-3				space-ACPC			DSIStudio	autotrackgqi
Association_ExtremeCapsuleL	tzz	DSIStudio	/scratch/executivefunction/SLURM_8364170_116/job-8364170-116-sub-20966-ses-3/ds/inputs/data/qsiprep/qsiprep/sub-20966/ses-3/dwi/sub-20966_ses-3_space-ACPC_desc-preproc_dwi.nii.gz	0.0	0.0009078976460151	0.000303338689713	0.0008591122168581	0.0009078976460151	0.0008591122168581	0.000303338689713	0.0008589665399494	0.0008589665399494	sub-20966	ses-3				space-ACPC			DSIStudio	autotrackgqi
Association_VerticalOccipitalFasciculusL	ad	DSIStudio	/scratch/executivefunction/SLURM_8364170_116/job-8364170-116-sub-20966-ses-3/ds/inputs/data/qsiprep/qsiprep/sub-20966/ses-3/dwi/sub-20966_ses-3_space-ACPC_desc-preproc_dwi.nii.gz	0.0064486411791801	1.058641230357182	0.270586773402993	1.001929521560669	1.065512337091072	1.0030087232589722	0.2576260252903134	1.0111505803741552	1.011947122928516	sub-20966	ses-3				space-ACPC			DSIStudio	autotrackgqi
Association_VerticalOccipitalFasciculusL	dti_fa	DSIStudio	/scratch/executivefunction/SLURM_8364170_116/job-8364170-116-sub-20966-ses-3/ds/inputs/data/qsiprep/qsiprep/sub-20966/ses-3/dwi/sub-20966_ses-3_space-ACPC_desc-preproc_dwi.nii.gz	0.0064486411791801	0.237205268094039	0.1479624762797937	0.2034114599227905	0.2387448479518584	0.204818919301033	0.147198584818364	0.2946250896087156	0.2948571832056332	sub-20966	ses-3				space-ACPC			DSIStudio	autotrackgqi
Association_VerticalOccipitalFasciculusL	gfa	DSIStudio	/scratch/executivefunction/SLURM_8364170_116/job-8364170-116-sub-20966-ses-3/ds/inputs/data/qsiprep/qsiprep/sub-20966/ses-3/dwi/sub-20966_ses-3_space-ACPC_desc-preproc_dwi.nii.gz	0.0064486411791801	0.0508534791401039	0.0288422855485617	0.0431098416447639	0.0511835434460666	0.0432904735207557	0.0286423265838963	0.0613414532467751	0.0613897755318085	sub-20966	ses-3				space-ACPC			DSIStudio	autotrackgqi
Association_VerticalOccipitalFasciculusL	ha	DSIStudio	/scratch/executivefunction/SLURM_8364170_116/job-8364170-116-sub-20966-ses-3/ds/inputs/data/qsiprep/qsiprep/sub-20966/ses-3/dwi/sub-20966_ses-3_space-ACPC_desc-preproc_dwi.nii.gz	0.0064486411791801	-1.4518900845827856	36.5754228091704	-1.1902663707733154	-1.461313571455367	-1.3217556476593018	36.69373950816073	5.669587844090959	5.674054078188345	sub-20966	ses-3				space-ACPC			DSIStudio	autotrackgqi
Association_VerticalOccipitalFasciculusL	iso	DSIStudio	/scratch/executivefunction/SLURM_8364170_116/job-8364170-116-sub-20966-ses-3/ds/inputs/data/qsiprep/qsiprep/sub-20966/ses-3/dwi/sub-20966_ses-3_space-ACPC_desc-preproc_dwi.nii.gz	0.0064486411791801	0.6533370182185829	0.1526434379397606	0.6680588722229004	0.6575774995607527	0.6687713861465454	0.1437456180570444	0.6793021933298251	0.679837319390921	sub-20966	ses-3				space-ACPC			DSIStudio	autotrackgqi
Association_VerticalOccipitalFasciculusL	md	DSIStudio	/scratch/executivefunction/SLURM_8364170_116/job-8364170-116-sub-20966-ses-3/ds/inputs/data/qsiprep/qsiprep/sub-20966/ses-3/dwi/sub-20966_ses-3_space-ACPC_desc-preproc_dwi.nii.gz	0.0064486411791801	0.8597398247931861	0.2733680546026277	0.7775864005088806	0.8653199627380654	0.7793490886688232	0.2653045870214442	0.7717978816089638	0.772405871894287	sub-20966	ses-3				space-ACPC			DSIStudio	autotrackgqi
Association_VerticalOccipitalFasciculusL	qa	DSIStudio	/scratch/executivefunction/SLURM_8364170_116/job-8364170-116-sub-20966-ses-3/ds/inputs/data/qsiprep/qsiprep/sub-20966/ses-3/dwi/sub-20966_ses-3_space-ACPC_desc-preproc_dwi.nii.gz	0.0064486411791801	0.1441327579652368	0.0861028651465038	0.1207810118794441	0.1450682510628322	0.1216465309262275	0.0855927079341593	0.1784528764703206	0.1785934543245959	sub-20966	ses-3				space-ACPC			DSIStudio	autotrackgqi
Association_VerticalOccipitalFasciculusL	rd1	DSIStudio	/scratch/executivefunction/SLURM_8364170_116/job-8364170-116-sub-20966-ses-3/ds/inputs/data/qsiprep/qsiprep/sub-20966/ses-3/dwi/sub-20966_ses-3_space-ACPC_desc-preproc_dwi.nii.gz	0.0064486411791801	0.840048874566655	0.2856211528538344	0.7752730846405029	0.8455012084766842	0.7764449715614319	0.2783863845460919	0.7380504734804768	0.7386318789550654	sub-20966	ses-3				space-ACPC			DSIStudio	autotrackgqi
Association_VerticalOccipitalFasciculusL	rd2	DSIStudio	/scratch/executivefunction/SLURM_8364170_116/job-8364170-116-sub-20966-ses-3/ds/inputs/data/qsiprep/qsiprep/sub-20966/ses-3/dwi/sub-20966_ses-3_space-ACPC_desc-preproc_dwi.nii.gz	0.0064486411791801	0.6805293703960527	0.3143363332347445	0.6230196356773376	0.6849463435928745	0.6248308420181274	0.3105209322076264	0.5661925907212797	0.5666386135481014	sub-20966	ses-3				space-ACPC			DSIStudio	autotrackgqi
Association_VerticalOccipitalFasciculusL	rd	DSIStudio	/scratch/executivefunction/SLURM_8364170_116/job-8364170-116-sub-20966-ses-3/ds/inputs/data/qsiprep/qsiprep/sub-20966/ses-3/dwi/sub-20966_ses-3_space-ACPC_desc-preproc_dwi.nii.gz	0.0064486411791801	0.7602891211326306	0.2954908982525512	0.6876317858695984	0.7652237746773023	0.6888492703437805	0.2900094370253228	0.6521215289808228	0.6526352431290701	sub-20966	ses-3				space-ACPC			DSIStudio	autotrackgqi
Association_VerticalOccipitalFasciculusL	txx	DSIStudio	/scratch/executivefunction/SLURM_8364170_116/job-8364170-116-sub-20966-ses-3/ds/inputs/data/qsiprep/qsiprep/sub-20966/ses-3/dwi/sub-20966_ses-3_space-ACPC_desc-preproc_dwi.nii.gz	0.0064486411791801	0.0008712800584478	0.0002829389654179	0.0008305193623527	0.0008769350982337	0.0008310306002385	0.0002749817238049	0.0007795157811373	0.0007801298510273	sub-20966	ses-3				space-ACPC			DSIStudio	autotrackgqi
Association_VerticalOccipitalFasciculusL	txy	DSIStudio	/scratch/executivefunction/SLURM_8364170_116/job-8364170-116-sub-20966-ses-3/ds/inputs/data/qsiprep/qsiprep/sub-20966/ses-3/dwi/sub-20966_ses-3_space-ACPC_desc-preproc_dwi.nii.gz	0.0064486411791801	-4.806287224637432e-06	9.2949225611234e-05	-8.988763511297293e-06	-4.837482412929005e-06	-9.670930012362078e-06	9.324957188224988e-05	1.4697242141993044e-05	1.470881996937563e-05	sub-20966	ses-3				space-ACPC			DSIStudio	autotrackgqi
Association_VerticalOccipitalFasciculusL	txz	DSIStudio	/scratch/executivefunction/SLURM_8364170_116/job-8364170-116-sub-20966-ses-3/ds/inputs/data/qsiprep/qsiprep/sub-20966/ses-3/dwi/sub-20966_ses-3_space-ACPC_desc-preproc_dwi.nii.gz	0.0064486411791801	-3.87064264438424e-06	0.0001087801933195	-2.3144204988057027e-06	-3.895765035214735e-06	-2.859264895960223e-06	0.0001091321926578	-1.6160556883603282e-05	-1.6173287526670288e-05	sub-20966	ses-3				space-ACPC			DSIStudio	autotrackgqi
Association_VerticalOccipitalFasciculusL	tyy	DSIStudio	/scratch/executivefunction/SLURM_8364170_116/job-8364170-116-sub-20966-ses-3/ds/inputs/data/qsiprep/qsiprep/sub-20966/ses-3/dwi/sub-20966_ses-3_space-ACPC_desc-preproc_dwi.nii.gz	0.0064486411791801	0.0008785072569308	0.0002858621297689	0.0008278288296423	0.00088420920482	0.0008290186524391	0.0002778593660721	0.0007984633119441	0.0007990923085323	sub-20966	ses-3				space-ACPC			DSIStudio	autotrackgqi
Association_VerticalOccipitalFasciculusL	tyz	DSIStudio	/scratch/executivefunction/SLURM_8364170_116/job-8364170-116-sub-20966-ses-3/ds/inputs/data/qsiprep/qsiprep/sub-20966/ses-3/dwi/sub-20966_ses-3_space-ACPC_desc-preproc_dwi.nii.gz	0.0064486411791801	-3.227795119164339e-06	0.0001026557557798	-7.492321401514346e-06	-3.2487451106656373e-06	-8.162306585290935e-06	0.0001029880299177	2.479624326084228e-05	2.4815776844556285e-05	sub-20966	ses-3				space-ACPC			DSIStudio	autotrackgqi
Association_VerticalOccipitalFasciculusL	tzz	DSIStudio	/scratch/executivefunction/SLURM_8364170_116/job-8364170-116-sub-20966-ses-3/ds/inputs/data/qsiprep/qsiprep/sub-20966/ses-3/dwi/sub-20966_ses-3_space-ACPC_desc-preproc_dwi.nii.gz	0.0064486411791801	0.0008294321574368	0.000316820942564	0.000783224182669	0.0008348155835862	0.0007857193122617	0.000310697326114	0.000737414551329	0.0007379954557064	sub-20966	ses-3				space-ACPC			DSIStudio	autotrackgqi
ProjectionBasalGanglia_CorticostriatalTractR	ad	DSIStudio	/scratch/executivefunction/SLURM_8364170_116/job-8364170-116-sub-20966-ses-3/ds/inputs/data/qsiprep/qsiprep/sub-20966/ses-3/dwi/sub-20966_ses-3_space-ACPC_desc-preproc_dwi.nii.gz	0.0003027092477675	1.1633326839043872	0.2719058760249195	1.1084644198417664	1.163684942097848	1.1085258722305298	0.2711923206546582	1.215960362980684	1.2159694217901242	sub-20966	ses-3				space-ACPC			DSIStudio	autotrackgqi
ProjectionBasalGanglia_CorticostriatalTractR	dti_fa	DSIStudio	/scratch/executivefunction/SLURM_8364170_116/job-8364170-116-sub-20966-ses-3/ds/inputs/data/qsiprep/qsiprep/sub-20966/ses-3/dwi/sub-20966_ses-3_space-ACPC_desc-preproc_dwi.nii.gz	0.0003027092477675	0.3654619064855127	0.1913209593222703	0.3626465499401092	0.3655725686827831	0.3626679629087448	0.1912441843527845	0.4801670031899508	0.4801705804100452	sub-20966	ses-3				space-ACPC			DSIStudio	autotrackgqi
ProjectionBasalGanglia_CorticostriatalTractR	gfa	DSIStudio	/scratch/executivefunction/SLURM_8364170_116/job-8364170-116-sub-20966-ses-3/ds/inputs/data/qsiprep/qsiprep/sub-20966/ses-3/dwi/sub-20966_ses-3_space-ACPC_desc-preproc_dwi.nii.gz	0.0003027092477675	0.0802212837690297	0.040202231939003	0.0782512798905372	0.0802455748466282	0.0782640315592289	0.0401840713978856	0.1034360996464055	0.1034368702407733	sub-20966	ses-3				space-ACPC			DSIStudio	autotrackgqi
ProjectionBasalGanglia_CorticostriatalTractR	ha	DSIStudio	/scratch/executivefunction/SLURM_8364170_116/job-8364170-116-sub-20966-ses-3/ds/inputs/data/qsiprep/qsiprep/sub-20966/ses-3/dwi/sub-20966_ses-3_space-ACPC_desc-preproc_dwi.nii.gz	0.0003027092477675	-5.207040578492822	43.57262141602867	-6.886308670043945	-5.208617275110079	-6.893022060394287	43.57912360737024	-20.50058089492263	-20.500733623507013	sub-20966	ses-3				space-ACPC			DSIStudio	autotrackgqi
ProjectionBasalGanglia_CorticostriatalTractR	iso	DSIStudio	/scratch/executivefunction/SLURM_8364170_116/job-8364170-116-sub-20966-ses-3/ds/inputs/data/qsiprep/qsiprep/sub-20966/ses-3/dwi/sub-20966_ses-3_space-ACPC_desc-preproc_dwi.nii.gz	0.0003027092477675	0.5875981161857186	0.1379892433977226	0.5680772364139557	0.5877760414290754	0.5681016743183136	0.1376307260020013	0.5533072392541373	0.5533113613757894	sub-20966	ses-3				space-ACPC			DSIStudio	autotrackgqi
ProjectionBasalGanglia_CorticostriatalTractR	md	DSIStudio	/scratch/executivefunction/SLURM_8364170_116/job-8364170-116-sub-20966-ses-3/ds/inputs/data/qsiprep/qsiprep/sub-20966/ses-3/dwi/sub-20966_ses-3_space-ACPC_desc-preproc_dwi.nii.gz	0.0003027092477675	0.830888703837596	0.2390086759177967	0.768231600522995	0.8311402976918997	0.7682468295097351	0.2386070722327168	0.7652824957775459	0.7652881970416765	sub-20966	ses-3				space-ACPC			DSIStudio	autotrackgqi
ProjectionBasalGanglia_CorticostriatalTractR	qa	DSIStudio	/scratch/executivefunction/SLURM_8364170_116/job-8364170-116-sub-20966-ses-3/ds/inputs/data/qsiprep/qsiprep/sub-20966/ses-3/dwi/sub-20966_ses-3_space-ACPC_desc-preproc_dwi.nii.gz	0.0003027092477675	0.2071746390744106	0.1054753114052183	0.1997964233160019	0.2072373717433204	0.1998367086052894	0.1054296421089296	0.2629459780958451	0.2629479370595271	sub-20966	ses-3				space-ACPC			DSIStudio	autotrackgqi
ProjectionBasalGanglia_CorticostriatalTractR	rd1	DSIStudio	/scratch/executivefunction/SLURM_8364170_116/job-8364170-116-sub-20966-ses-3/ds/inputs/data/qsiprep/qsiprep/sub-20966/ses-3/dwi/sub-20966_ses-3_space-ACPC_desc-preproc_dwi.nii.gz	0.0003027092477675	0.7635115692968518	0.278107508089113	0.7227632403373718	0.7637427612936109	0.722869873046875	0.2778320258901396	0.6413111624092255	0.6413159400496135	sub-20966	ses-3				space-ACPC			DSIStudio	autotrackgqi
ProjectionBasalGanglia_CorticostriatalTractR	rd2	DSIStudio	/scratch/executivefunction/SLURM_8364170_116/job-8364170-116-sub-20966-ses-3/ds/inputs/data/qsiprep/qsiprep/sub-20966/ses-3/dwi/sub-20966_ses-3_space-ACPC_desc-preproc_dwi.nii.gz	0.0003027092477675	0.5658218604888171	0.294826314107496	0.4994436800479889	0.5659931918621672	0.4995502531528473	0.294706469776465	0.4385759613182165	0.4385792286607755	sub-20966	ses-3				space-ACPC			DSIStudio	autotrackgqi
ProjectionBasalGanglia_CorticostriatalTractR	rd	DSIStudio	/scratch/executivefunction/SLURM_8364170_116/job-8364170-116-sub-20966-ses-3/ds/inputs/data/qsiprep/qsiprep/sub-20966/ses-3/dwi/sub-20966_ses-3_space-ACPC_desc-preproc_dwi.nii.gz	0.0003027092477675	0.6646667147897927	0.2805681218074548	0.608296126127243	0.6648679764748161	0.6083278059959412	0.2803720644961237	0.539943562155516	0.5399475846469917	sub-20966	ses-3				space-ACPC			DSIStudio	autotrackgqi
ProjectionBasalGanglia_CorticostriatalTractR	txx	DSIStudio	/scratch/executivefunction/SLURM_8364170_116/job-8364170-116-sub-20966-ses-3/ds/inputs/data/qsiprep/qsiprep/sub-20966/ses-3/dwi/sub-20966_ses-3_space-ACPC_desc-preproc_dwi.nii.gz	0.0003027092477675	0.0007776213843451	0.0003079363312023	0.000737041758839	0.0007778568488067	0.0007372257532551	0.0003076854553939	0.000642450680263	0.0006424554665056	sub-20966	ses-3				space-ACPC			DSIStudio	autotrackgqi
ProjectionBasalGanglia_CorticostriatalTractR	txy	DSIStudio	/scratch/executivefunction/SLURM_8364170_116/job-8364170-116-sub-20966-ses-3/ds/inputs/data/qsiprep/qsiprep/sub-20966/ses-3/dwi/sub-20966_ses-3_space-ACPC_desc-preproc_dwi.nii.gz	0.0003027092477675	2.6986739243015057e-05	0.0001270761683108	2.423019122943515e-05	2.6994910852172667e-05	2.427961226203479e-05	0.0001270945384213	7.20228796072715e-06	7.202341617134787e-06	sub-20966	ses-3				space-ACPC			DSIStudio	autotrackgqi
ProjectionBasalGanglia_CorticostriatalTractR	txz	DSIStudio	/scratch/executivefunction/SLURM_8364170_116/job-8364170-116-sub-20966-ses-3/ds/inputs/data/qsiprep/qsiprep/sub-20966/ses-3/dwi/sub-20966_ses-3_space-ACPC_desc-preproc_dwi.nii.gz	0.0003027092477675	1.2376557913456709e-05	0.0001439425176786	1.5516719031438697e-05	1.2380305546435802e-05	1.5529774827882648e-05	0.0001439641478515	-1.5688765209083058e-05	-1.5688882159542737e-05	sub-20966	ses-3				space-ACPC			DSIStudio	autotrackgqi
ProjectionBasalGanglia_CorticostriatalTractR	tyy	DSIStudio	/scratch/executivefunction/SLURM_8364170_116/job-8364170-116-sub-20966-ses-3/ds/inputs/data/qsiprep/qsiprep/sub-20966/ses-3/dwi/sub-20966_ses-3_space-ACPC_desc-preproc_dwi.nii.gz	0.0003027092477675	0.0008460501688204	0.0003171673291785	0.0007998527726158	0.0008463063535801	0.0007999030058272	0.0003168734198391	0.0008404996920683	0.0008405059534538	sub-20966	ses-3				space-ACPC			DSIStudio	autotrackgqi
ProjectionBasalGanglia_CorticostriatalTractR	tyz	DSIStudio	/scratch/executivefunction/SLURM_8364170_116/job-8364170-116-sub-20966-ses-3/ds/inputs/data/qsiprep/qsiprep/sub-20966/ses-3/dwi/sub-20966_ses-3_space-ACPC_desc-preproc_dwi.nii.gz	0.0003027092477675	4.231382820273321e-05	0.0001726057628593	1.9780777620326265e-05	4.2326640868351e-05	1.9881099433405325e-05	0.0001726303227324	0.0001377173948988	0.0001377184209373	sub-20966	ses-3				space-ACPC			DSIStudio	autotrackgqi
ProjectionBasalGanglia_CorticostriatalTractR	tzz	DSIStudio	/scratch/executivefunction/SLURM_8364170_116/job-8364170-116-sub-20966-ses-3/ds/inputs/data/qsiprep/qsiprep/sub-20966/ses-3/dwi/sub-20966_ses-3_space-ACPC_desc-preproc_dwi.nii.gz	0.0003027092477675	0.0008689945600964	0.0002914001992391	0.0008352421573363	0.0008692576924386	0.0008353280718438	0.0002910516420901	0.0008128971142785	0.0008129031704428	sub-20966	ses-3				space-ACPC			DSIStudio	autotrackgqi
ProjectionBasalGanglia_FasciculusSubthalamicusL	ad	DSIStudio	/scratch/executivefunction/SLURM_8364170_116/job-8364170-116-sub-20966-ses-3/ds/inputs/data/qsiprep/qsiprep/sub-20966/ses-3/dwi/sub-20966_ses-3_space-ACPC_desc-preproc_dwi.nii.gz	0.0	1.254950647653802	0.5403163901323179	1.096719741821289	1.254950647653802	1.096719741821289	0.5403163901323179	1.271170120404982	1.271170230496382	sub-20966	ses-3				space-ACPC			DSIStudio	autotrackgqi
ProjectionBasalGanglia_FasciculusSubthalamicusL	dti_fa	DSIStudio	/scratch/executivefunction/SLURM_8364170_116/job-8364170-116-sub-20966-ses-3/ds/inputs/data/qsiprep/qsiprep/sub-20966/ses-3/dwi/sub-20966_ses-3_space-ACPC_desc-preproc_dwi.nii.gz	0.0	0.4005486521914656	0.1653065125529934	0.382712572813034	0.4005486521914656	0.382712572813034	0.1653065125529934	0.4437812562919614	0.4437812946320161	sub-20966	ses-3				space-ACPC			DSIStudio	autotrackgqi
ProjectionBasalGanglia_FasciculusSubthalamicusL	gfa	DSIStudio	/scratch/executivefunction/SLURM_8364170_116/job-8364170-116-sub-20966-ses-3/ds/inputs/data/qsiprep/qsiprep/sub-20966/ses-3/dwi/sub-20966_ses-3_space-ACPC_desc-preproc_dwi.nii.gz	0.0	0.0847250311988338	0.0337838246944609	0.0790401026606559	0.0847250311988338	0.0790401026606559	0.0337838246944609	0.0922264878148346	0.0922264957875336	sub-20966	ses-3				space-ACPC			DSIStudio	autotrackgqi
ProjectionBasalGanglia_FasciculusSubthalamicusL	ha	DSIStudio	/scratch/executivefunction/SLURM_8364170_116/job-8364170-116-sub-20966-ses-3/ds/inputs/data/qsiprep/qsiprep/sub-20966/ses-3/dwi/sub-20966_ses-3_space-ACPC_desc-preproc_dwi.nii.gz	0.0	-11.6319767123918	41.28787233189695	-12.429996490478516	-11.6319767123918	-12.429996490478516	41.28787233189695	-20.72296075138405	-20.72296254993582	sub-20966	ses-3				space-ACPC			DSIStudio	autotrackgqi
ProjectionBasalGanglia_FasciculusSubthalamicusL	iso	DSIStudio	/scratch/executivefunction/SLURM_8364170_116/job-8364170-116-sub-20966-ses-3/ds/inputs/data/qsiprep/qsiprep/sub-20966/ses-3/dwi/sub-20966_ses-3_space-ACPC_desc-preproc_dwi.nii.gz	0.0	0.4971524720353912	0.112886664545198	0.5150566101074219	0.4971524720353912	0.5150566101074219	0.112886664545198	0.509166572200973	0.5091666162090676	sub-20966	ses-3				space-ACPC			DSIStudio	autotrackgqi
ProjectionBasalGanglia_FasciculusSubthalamicusL	md	DSIStudio	/scratch/executivefunction/SLURM_8364170_116/job-8364170-116-sub-20966-ses-3/ds/inputs/data/qsiprep/qsiprep/sub-20966/ses-3/dwi/sub-20966_ses-3_space-ACPC_desc-preproc_dwi.nii.gz	0.0	0.8746144247418631	0.4684496527322719	0.7370693683624268	0.8746144247418631	0.7370693683624268	0.4684496527322719	0.8498514335311764	0.849851507239989	sub-20966	ses-3				space-ACPC			DSIStudio	autotrackgqi
ProjectionBasalGanglia_FasciculusSubthalamicusL	qa	DSIStudio	/scratch/executivefunction/SLURM_8364170_116/job-8364170-116-sub-20966-ses-3/ds/inputs/data/qsiprep/qsiprep/sub-20966/ses-3/dwi/sub-20966_ses-3_space-ACPC_desc-preproc_dwi.nii.gz	0.0	0.1935893261905023	0.0947796793203645	0.1733342707157135	0.1935893261905023	0.1733342707157135	0.0947796793203645	0.2181634795606772	0.218163498385821	sub-20966	ses-3				space-ACPC			DSIStudio	autotrackgqi
ProjectionBasalGanglia_FasciculusSubthalamicusL	rd1	DSIStudio	/scratch/executivefunction/SLURM_8364170_116/job-8364170-116-sub-20966-ses-3/ds/inputs/data/qsiprep/qsiprep/sub-20966/ses-3/dwi/sub-20966_ses-3_space-ACPC_desc-preproc_dwi.nii.gz	0.0	0.7890487148421309	0.473570373361316	0.6786212623119354	0.7890487148421309	0.6786212623119354	0.473570373361316	0.7461638657209004	0.7461639304973748	sub-20966	ses-3				space-ACPC			DSIStudio	autotrackgqi
ProjectionBasalGanglia_FasciculusSubthalamicusL	rd2	DSIStudio	/scratch/executivefunction/SLURM_8364170_116/job-8364170-116-sub-20966-ses-3/ds/inputs/data/qsiprep/qsiprep/sub-20966/ses-3/dwi/sub-20966_ses-3_space-ACPC_desc-preproc_dwi.nii.gz	0.0	0.5798439100908043	0.4569234490656443	0.4789753556251526	0.5798439100908043	0.4789753556251526	0.4569234490656443	0.5322203119021716	0.5322203581607349	sub-20966	ses-3				space-ACPC			DSIStudio	autotrackgqi
ProjectionBasalGanglia_FasciculusSubthalamicusL	rd	DSIStudio	/scratch/executivefunction/SLURM_8364170_116/job-8364170-116-sub-20966-ses-3/ds/inputs/data/qsiprep/qsiprep/sub-20966/ses-3/dwi/sub-20966_ses-3_space-ACPC_desc-preproc_dwi.nii.gz	0.0	0.6844463148558867	0.4619871580867921	0.576406866312027	0.6844463148558867	0.576406866312027	0.4619871580867921	0.6391920897971844	0.6391921453147034	sub-20966	ses-3				space-ACPC			DSIStudio	autotrackgqi
ProjectionBasalGanglia_FasciculusSubthalamicusL	txx	DSIStudio	/scratch/executivefunction/SLURM_8364170_116/job-8364170-116-sub-20966-ses-3/ds/inputs/data/qsiprep/qsiprep/sub-20966/ses-3/dwi/sub-20966_ses-3_space-ACPC_desc-preproc_dwi.nii.gz	0.0	0.0008366124107824	0.0004762838324889	0.0006949821545276	0.0008366124107824	0.0006949821545276	0.0004762838324889	0.0008036906108786	0.0008036906805276	sub-20966	ses-3				space-ACPC			DSIStudio	autotrackgqi
ProjectionBasalGanglia_FasciculusSubthalamicusL	txy	DSIStudio	/scratch/executivefunction/SLURM_8364170_116/job-8364170-116-sub-20966-ses-3/ds/inputs/data/qsiprep/qsiprep/sub-20966/ses-3/dwi/sub-20966_ses-3_space-ACPC_desc-preproc_dwi.nii.gz	0.0	-3.336916663482021e-05	0.000184929782173	-5.351742038328666e-05	-3.336916663482021e-05	-5.351742038328666e-05	0.000184929782173	-3.884021998544178e-05	-3.884022351168295e-05	sub-20966	ses-3				space-ACPC			DSIStudio	autotrackgqi
ProjectionBasalGanglia_FasciculusSubthalamicusL	txz	DSIStudio	/scratch/executivefunction/SLURM_8364170_116/job-8364170-116-sub-20966-ses-3/ds/inputs/data/qsiprep/qsiprep/sub-20966/ses-3/dwi/sub-20966_ses-3_space-ACPC_desc-preproc_dwi.nii.gz	0.0	7.95095297342581e-05	0.0001558318306402	8.404346226598136e-05	7.95095297342581e-05	8.404346226598136e-05	0.0001558318306402	0.0001182153532874	0.0001182153635284	sub-20966	ses-3				space-ACPC			DSIStudio	autotrackgqi
ProjectionBasalGanglia_FasciculusSubthalamicusL	tyy	DSIStudio	/scratch/executivefunction/SLURM_8364170_116/job-8364170-116-sub-20966-ses-3/ds/inputs/data/qsiprep/qsiprep/sub-20966/ses-3/dwi/sub-20966_ses-3_space-ACPC_desc-preproc_dwi.nii.gz	0.0	0.0008772713445808	0.0005364894384757	0.0007587838044855	0.0008772713445808	0.0007587838044855	0.0005364894384757	0.0007865991763468	0.0007865992446601	sub-20966	ses-3				space-ACPC			DSIStudio	autotrackgqi
ProjectionBasalGanglia_FasciculusSubthalamicusL	tyz	DSIStudio	/scratch/executivefunction/SLURM_8364170_116/job-8364170-116-sub-20966-ses-3/ds/inputs/data/qsiprep/qsiprep/sub-20966/ses-3/dwi/sub-20966_ses-3_space-ACPC_desc-preproc_dwi.nii.gz	0.0	-4.110406636635487e-05	0.000156360644666	-4.639437065634411e-05	-4.110406636635487e-05	-4.639437065634411e-05	0.000156360644666	-7.177339472223598e-05	-7.177340099452672e-05	sub-20966	ses-3				space-ACPC			DSIStudio	autotrackgqi
ProjectionBasalGanglia_FasciculusSubthalamicusL	tzz	DSIStudio	/scratch/executivefunction/SLURM_8364170_116/job-8364170-116-sub-20966-ses-3/ds/inputs/data/qsiprep/qsiprep/sub-20966/ses-3/dwi/sub-20966_ses-3_space-ACPC_desc-preproc_dwi.nii.gz	0.0	0.0009099595209454	0.0005122272490899	0.0007705218740738	0.0009099595209454	0.0007705218740738	0.0005122272490899	0.0009592645142291	0.0009592645973932	sub-20966	ses-3				space-ACPC			DSIStudio	autotrackgqi
ProjectionBasalGanglia_CorticostriatalTractL	ad	DSIStudio	/scratch/executivefunction/SLURM_8364170_116/job-8364170-116-sub-20966-ses-3/ds/inputs/data/qsiprep/qsiprep/sub-20966/ses-3/dwi/sub-20966_ses-3_space-ACPC_desc-preproc_dwi.nii.gz	0.0001029654036243	1.157933534216596	0.2728419037577622	1.1070836782455444	1.1580527735878468	1.107086181640625	0.2726027967097656	1.134330088500557	1.1343335370426122	sub-20966	ses-3				space-ACPC			DSIStudio	autotrackgqi
ProjectionBasalGanglia_CorticostriatalTractL	dti_fa	DSIStudio	/scratch/executivefunction/SLURM_8364170_116/job-8364170-116-sub-20966-ses-3/ds/inputs/data/qsiprep/qsiprep/sub-20966/ses-3/dwi/sub-20966_ses-3_space-ACPC_desc-preproc_dwi.nii.gz	0.0001029654036243	0.3515246981900466	0.1795905288075081	0.3566377311944961	0.3515608967996841	0.3566577136516571	0.1795643430136327	0.4197749982445778	0.419776274310943	sub-20966	ses-3				space-ACPC			DSIStudio	autotrackgqi
ProjectionBasalGanglia_CorticostriatalTractL	gfa	DSIStudio	/scratch/executivefunction/SLURM_8364170_116/job-8364170-116-sub-20966-ses-3/ds/inputs/data/qsiprep/qsiprep/sub-20966/ses-3/dwi/sub-20966_ses-3_space-ACPC_desc-preproc_dwi.nii.gz	0.0001029654036243	0.0769438982750956	0.0374422126194199	0.076857853680849	0.0769518216504715	0.0768626108765602	0.0374359978058375	0.0895229482899324	0.0895232204306622	sub-20966	ses-3				space-ACPC			DSIStudio	autotrackgqi
ProjectionBasalGanglia_CorticostriatalTractL	ha	DSIStudio	/scratch/executivefunction/SLURM_8364170_116/job-8364170-116-sub-20966-ses-3/ds/inputs/data/qsiprep/qsiprep/sub-20966/ses-3/dwi/sub-20966_ses-3_space-ACPC_desc-preproc_dwi.nii.gz	0.0001029654036243	1.657051804776276	44.76387320220072	-0.2006141617894172	1.6572224413538452	-0.2081042677164077	44.76617478687763	9.214532150039853	9.214560167277176	sub-20966	ses-3				space-ACPC			DSIStudio	autotrackgqi
ProjectionBasalGanglia_CorticostriatalTractL	iso	DSIStudio	/scratch/executivefunction/SLURM_8364170_116/job-8364170-116-sub-20966-ses-3/ds/inputs/data/qsiprep/qsiprep/sub-20966/ses-3/dwi/sub-20966_ses-3_space-ACPC_desc-preproc_dwi.nii.gz	0.0001029654036243	0.5897466439103226	0.1219479801269258	0.5837390422821045	0.5898073736646126	0.5837414860725403	0.1218073166450104	0.5873812756670327	0.5873830615241269	sub-20966	ses-3				space-ACPC			DSIStudio	autotrackgqi
ProjectionBasalGanglia_CorticostriatalTractL	md	DSIStudio	/scratch/executivefunction/SLURM_8364170_116/job-8364170-116-sub-20966-ses-3/ds/inputs/data/qsiprep/qsiprep/sub-20966/ses-3/dwi/sub-20966_ses-3_space-ACPC_desc-preproc_dwi.nii.gz	0.0001029654036243	0.841344198764377	0.2540593959563437	0.7704699039459229	0.8414308370301338	0.7705017924308777	0.2539289728895508	0.7625552375389801	0.7625575559393247	sub-20966	ses-3				space-ACPC			DSIStudio	autotrackgqi
ProjectionBasalGanglia_CorticostriatalTractL	qa	DSIStudio	/scratch/executivefunction/SLURM_8364170_116/job-8364170-116-sub-20966-ses-3/ds/inputs/data/qsiprep/qsiprep/sub-20966/ses-3/dwi/sub-20966_ses-3_space-ACPC_desc-preproc_dwi.nii.gz	0.0001029654036243	0.2005159600577056	0.1003864988560607	0.1977055296301841	0.20053660839053	0.197706252336502	0.1003710423449647	0.2391626692721372	0.2391633963113622	sub-20966	ses-3				space-ACPC			DSIStudio	autotrackgqi
ProjectionBasalGanglia_CorticostriatalTractL	rd1	DSIStudio	/scratch/executivefunction/SLURM_8364170_116/job-8364170-116-sub-20966-ses-3/ds/inputs/data/qsiprep/qsiprep/sub-20966/ses-3/dwi/sub-20966_ses-3_space-ACPC_desc-preproc_dwi.nii.gz	0.0001029654036243	0.7817657635419873	0.2888086745011617	0.7263369858264923	0.7818462666584061	0.726362943649292	0.2887145626413547	0.6792840867644553	0.6792861520385828	sub-20966	ses-3				space-ACPC			DSIStudio	autotrackgqi
ProjectionBasalGanglia_CorticostriatalTractL	rd2	DSIStudio	/scratch/executivefunction/SLURM_8364170_116/job-8364170-116-sub-20966-ses-3/ds/inputs/data/qsiprep/qsiprep/sub-20966/ses-3/dwi/sub-20966_ses-3_space-ACPC_desc-preproc_dwi.nii.gz	0.0001029654036243	0.5843332986864438	0.3028723039557343	0.5125264227390289	0.5843934709960603	0.5125589966773987	0.3028298438988028	0.4740515364441978	0.4740529778290465	sub-20966	ses-3				space-ACPC			DSIStudio	autotrackgqi
ProjectionBasalGanglia_CorticostriatalTractL	rd	DSIStudio	/scratch/executivefunction/SLURM_8364170_116/job-8364170-116-sub-20966-ses-3/ds/inputs/data/qsiprep/qsiprep/sub-20966/ses-3/dwi/sub-20966_ses-3_space-ACPC_desc-preproc_dwi.nii.gz	0.0001029654036243	0.6830495311456688	0.2896154864877751	0.6141303181648254	0.6831198688586897	0.6141320466995239	0.2895474369704369	0.5766678112499347	0.5766695645794216	sub-20966	ses-3				space-ACPC			DSIStudio	autotrackgqi
ProjectionBasalGanglia_CorticostriatalTractL	txx	DSIStudio	/scratch/executivefunction/SLURM_8364170_116/job-8364170-116-sub-20966-ses-3/ds/inputs/data/qsiprep/qsiprep/sub-20966/ses-3/dwi/sub-20966_ses-3_space-ACPC_desc-preproc_dwi.nii.gz	0.0001029654036243	0.0007592138315651	0.000313574702859	0.0006994992145337	0.0007592920123737	0.0006995151634328	0.0003134961845815	0.0006258937906675	0.0006258956936796	sub-20966	ses-3				space-ACPC			DSIStudio	autotrackgqi
ProjectionBasalGanglia_CorticostriatalTractL	txy	DSIStudio	/scratch/executivefunction/SLURM_8364170_116/job-8364170-116-sub-20966-ses-3/ds/inputs/data/qsiprep/qsiprep/sub-20966/ses-3/dwi/sub-20966_ses-3_space-ACPC_desc-preproc_dwi.nii.gz	0.0001029654036243	-8.187555279573256e-07	0.0001223346016129	-7.263180123118218e-06	-8.188398401319685e-07	-7.2814063969417475e-06	0.0001223408999329	3.2410705066586326e-06	3.2410803724181286e-06	sub-20966	ses-3				space-ACPC			DSIStudio	autotrackgqi
ProjectionBasalGanglia_CorticostriatalTractL	txz	DSIStudio	/scratch/executivefunction/SLURM_8364170_116/job-8364170-116-sub-20966-ses-3/ds/inputs/data/qsiprep/qsiprep/sub-20966/ses-3/dwi/sub-20966_ses-3_space-ACPC_desc-preproc_dwi.nii.gz	0.0001029654036243	-2.9111291683728907e-05	0.0001326350096471	-1.8903853742813222e-05	-2.9114289448293187e-05	-1.8907838239101693e-05	0.0001326415095847	-4.570146215582396e-05	-4.5701601083661165e-05	sub-20966	ses-3				space-ACPC			DSIStudio	autotrackgqi
ProjectionBasalGanglia_CorticostriatalTractL	tyy	DSIStudio	/scratch/executivefunction/SLURM_8364170_116/job-8364170-116-sub-20966-ses-3/ds/inputs/data/qsiprep/qsiprep/sub-20966/ses-3/dwi/sub-20966_ses-3_space-ACPC_desc-preproc_dwi.nii.gz	0.0001029654036243	0.0008789971196036	0.000317167618272	0.0008307051321025	0.0008790876352168	0.000830765988212	0.0003170584895978	0.0008076703506928	0.0008076728062323	sub-20966	ses-3				space-ACPC			DSIStudio	autotrackgqi
ProjectionBasalGanglia_CorticostriatalTractL	tyz	DSIStudio	/scratch/executivefunction/SLURM_8364170_116/job-8364170-116-sub-20966-ses-3/ds/inputs/data/qsiprep/qsiprep/sub-20966/ses-3/dwi/sub-20966_ses-3_space-ACPC_desc-preproc_dwi.nii.gz	0.0001029654036243	2.438356867944941e-05	0.0001613213041728	8.003987659321865e-06	2.4386079601978444e-05	8.007598808035254e-06	0.0001613294202991	3.880256829490773e-05	3.88026862026912e-05	sub-20966	ses-3				space-ACPC			DSIStudio	autotrackgqi
ProjectionBasalGanglia_CorticostriatalTractL	tzz	DSIStudio	/scratch/executivefunction/SLURM_8364170_116/job-8364170-116-sub-20966-ses-3/ds/inputs/data/qsiprep/qsiprep/sub-20966/ses-3/dwi/sub-20966_ses-3_space-ACPC_desc-preproc_dwi.nii.gz	0.0001029654036243	0.0008858216442289	0.0003005027315317	0.0008489346946589	0.0008859128626044	0.0008489710162393	0.0003003837196888	0.0008541015690481	0.0008541041656976	sub-20966	ses-3				space-ACPC			DSIStudio	autotrackgqi
ProjectionBasalGanglia_ThalamicRadiationR	ad	DSIStudio	/scratch/executivefunction/SLURM_8364170_116/job-8364170-116-sub-20966-ses-3/ds/inputs/data/qsiprep/qsiprep/sub-20966/ses-3/dwi/sub-20966_ses-3_space-ACPC_desc-preproc_dwi.nii.gz	0.0	1.155093548240176	0.2763173565756239	1.0996135473251345	1.155093548240176	1.0996135473251345	0.2763173565756239	1.161434573013138	1.161434573013138	sub-20966	ses-3				space-ACPC			DSIStudio	autotrackgqi
ProjectionBasalGanglia_ThalamicRadiationR	dti_fa	DSIStudio	/scratch/executivefunction/SLURM_8364170_116/job-8364170-116-sub-20966-ses-3/ds/inputs/data/qsiprep/qsiprep/sub-20966/ses-3/dwi/sub-20966_ses-3_space-ACPC_desc-preproc_dwi.nii.gz	0.0	0.3606549809017036	0.1733280325911057	0.3525573462247848	0.3606549809017036	0.3525573462247848	0.1733280325911057	0.4272276628982238	0.4272276628982238	sub-20966	ses-3				space-ACPC			DSIStudio	autotrackgqi
ProjectionBasalGanglia_ThalamicRadiationR	gfa	DSIStudio	/scratch/executivefunction/SLURM_8364170_116/job-8364170-116-sub-20966-ses-3/ds/inputs/data/qsiprep/qsiprep/sub-20966/ses-3/dwi/sub-20966_ses-3_space-ACPC_desc-preproc_dwi.nii.gz	0.0	0.0790818497076125	0.0359045910185413	0.0765193738043308	0.0790818497076125	0.0765193738043308	0.0359045910185413	0.0918891022289242	0.0918891022289242	sub-20966	ses-3				space-ACPC			DSIStudio	autotrackgqi
ProjectionBasalGanglia_ThalamicRadiationR	ha	DSIStudio	/scratch/executivefunction/SLURM_8364170_116/job-8364170-116-sub-20966-ses-3/ds/inputs/data/qsiprep/qsiprep/sub-20966/ses-3/dwi/sub-20966_ses-3_space-ACPC_desc-preproc_dwi.nii.gz	0.0	-4.57403912938588	39.50361016859514	-3.8898509740829463	-4.57403912938588	-3.8898509740829463	39.50361016859514	-6.490752772468396	-6.490752772468396	sub-20966	ses-3				space-ACPC			DSIStudio	autotrackgqi
ProjectionBasalGanglia_ThalamicRadiationR	iso	DSIStudio	/scratch/executivefunction/SLURM_8364170_116/job-8364170-116-sub-20966-ses-3/ds/inputs/data/qsiprep/qsiprep/sub-20966/ses-3/dwi/sub-20966_ses-3_space-ACPC_desc-preproc_dwi.nii.gz	0.0	0.5744947260206648	0.1374176772544889	0.5496020019054413	0.5744947260206648	0.5496020019054413	0.1374176772544889	0.5327869426554699	0.5327869426554699	sub-20966	ses-3				space-ACPC			DSIStudio	autotrackgqi
ProjectionBasalGanglia_ThalamicRadiationR	md	DSIStudio	/scratch/executivefunction/SLURM_8364170_116/job-8364170-116-sub-20966-ses-3/ds/inputs/data/qsiprep/qsiprep/sub-20966/ses-3/dwi/sub-20966_ses-3_space-ACPC_desc-preproc_dwi.nii.gz	0.0	0.8321677498263366	0.2457841817996227	0.7683711051940918	0.8321677498263366	0.7683711051940918	0.2457841817996227	0.7748960418834385	0.7748960418834385	sub-20966	ses-3				space-ACPC			DSIStudio	autotrackgqi
ProjectionBasalGanglia_ThalamicRadiationR	qa	DSIStudio	/scratch/executivefunction/SLURM_8364170_116/job-8364170-116-sub-20966-ses-3/ds/inputs/data/qsiprep/qsiprep/sub-20966/ses-3/dwi/sub-20966_ses-3_space-ACPC_desc-preproc_dwi.nii.gz	0.0	0.1984745886472302	0.0921567539188456	0.1863748505711555	0.1984745886472302	0.1863748505711555	0.0921567539188456	0.2231206464021231	0.2231206464021231	sub-20966	ses-3				space-ACPC			DSIStudio	autotrackgqi
ProjectionBasalGanglia_ThalamicRadiationR	rd1	DSIStudio	/scratch/executivefunction/SLURM_8364170_116/job-8364170-116-sub-20966-ses-3/ds/inputs/data/qsiprep/qsiprep/sub-20966/ses-3/dwi/sub-20966_ses-3_space-ACPC_desc-preproc_dwi.nii.gz	0.0	0.7757076523052052	0.2744579420440611	0.7328442931175232	0.7757076523052052	0.7328442931175232	0.2744579420440611	0.6893017666334227	0.6893017666334227	sub-20966	ses-3				space-ACPC			DSIStudio	autotrackgqi
ProjectionBasalGanglia_ThalamicRadiationR	rd2	DSIStudio	/scratch/executivefunction/SLURM_8364170_116/job-8364170-116-sub-20966-ses-3/ds/inputs/data/qsiprep/qsiprep/sub-20966/ses-3/dwi/sub-20966_ses-3_space-ACPC_desc-preproc_dwi.nii.gz	0.0	0.5657020507568017	0.2893145616239714	0.5047124922275543	0.5657020507568017	0.5047124922275543	0.2893145616239714	0.4739517866062342	0.4739517866062342	sub-20966	ses-3				space-ACPC			DSIStudio	autotrackgqi
ProjectionBasalGanglia_ThalamicRadiationR	rd	DSIStudio	/scratch/executivefunction/SLURM_8364170_116/job-8364170-116-sub-20966-ses-3/ds/inputs/data/qsiprep/qsiprep/sub-20966/ses-3/dwi/sub-20966_ses-3_space-ACPC_desc-preproc_dwi.nii.gz	0.0	0.6707048514906289	0.2756380630246684	0.6126489043235779	0.6707048514906289	0.6126489043235779	0.2756380630246684	0.5816267766942625	0.5816267766942625	sub-20966	ses-3				space-ACPC			DSIStudio	autotrackgqi
ProjectionBasalGanglia_ThalamicRadiationR	txx	DSIStudio	/scratch/executivefunction/SLURM_8364170_116/job-8364170-116-sub-20966-ses-3/ds/inputs/data/qsiprep/qsiprep/sub-20966/ses-3/dwi/sub-20966_ses-3_space-ACPC_desc-preproc_dwi.nii.gz	0.0	0.000781900842836	0.0002955143476137	0.0007369702507276	0.000781900842836	0.0007369702507276	0.0002955143476137	0.0006856071413263	0.0006856071413263	sub-20966	ses-3				space-ACPC			DSIStudio	autotrackgqi
ProjectionBasalGanglia_ThalamicRadiationR	txy	DSIStudio	/scratch/executivefunction/SLURM_8364170_116/job-8364170-116-sub-20966-ses-3/ds/inputs/data/qsiprep/qsiprep/sub-20966/ses-3/dwi/sub-20966_ses-3_space-ACPC_desc-preproc_dwi.nii.gz	0.0	4.881928499219579e-05	0.0001324516054902	3.974471292167436e-05	4.881928499219579e-05	3.974471292167436e-05	0.0001324516054902	8.209224480397264e-05	8.209224480397264e-05	sub-20966	ses-3				space-ACPC			DSIStudio	autotrackgqi
ProjectionBasalGanglia_ThalamicRadiationR	txz	DSIStudio	/scratch/executivefunction/SLURM_8364170_116/job-8364170-116-sub-20966-ses-3/ds/inputs/data/qsiprep/qsiprep/sub-20966/ses-3/dwi/sub-20966_ses-3_space-ACPC_desc-preproc_dwi.nii.gz	0.0	2.5076844239069504e-05	0.0001382911897202	1.773993244569283e-05	2.5076844239069504e-05	1.773993244569283e-05	0.0001382911897202	2.02730501264358e-05	2.02730501264358e-05	sub-20966	ses-3				space-ACPC			DSIStudio	autotrackgqi
ProjectionBasalGanglia_ThalamicRadiationR	tyy	DSIStudio	/scratch/executivefunction/SLURM_8364170_116/job-8364170-116-sub-20966-ses-3/ds/inputs/data/qsiprep/qsiprep/sub-20966/ses-3/dwi/sub-20966_ses-3_space-ACPC_desc-preproc_dwi.nii.gz	0.0	0.0008751066090488	0.0003158063645534	0.0008409496804233	0.0008751066090488	0.0008409496804233	0.0003158063645534	0.0008839101284509	0.0008839101284509	sub-20966	ses-3				space-ACPC			DSIStudio	autotrackgqi
ProjectionBasalGanglia_ThalamicRadiationR	tyz	DSIStudio	/scratch/executivefunction/SLURM_8364170_116/job-8364170-116-sub-20966-ses-3/ds/inputs/data/qsiprep/qsiprep/sub-20966/ses-3/dwi/sub-20966_ses-3_space-ACPC_desc-preproc_dwi.nii.gz	0.0	1.7393365019316244e-05	0.0001621201408399	3.41471627507417e-06	1.7393365019316244e-05	3.41471627507417e-06	0.0001621201408399	7.004245386341249e-06	7.004245386341249e-06	sub-20966	ses-3				space-ACPC			DSIStudio	autotrackgqi
ProjectionBasalGanglia_ThalamicRadiationR	tzz	DSIStudio	/scratch/executivefunction/SLURM_8364170_116/job-8364170-116-sub-20966-ses-3/ds/inputs/data/qsiprep/qsiprep/sub-20966/ses-3/dwi/sub-20966_ses-3_space-ACPC_desc-preproc_dwi.nii.gz	0.0	0.0008394957979706	0.0002997273790167	0.0007942916708998	0.0008394957979706	0.0007942916708998	0.0002997273790167	0.0007551708537702	0.0007551708537702	sub-20966	ses-3				space-ACPC			DSIStudio	autotrackgqi
ProjectionBasalGanglia_OpticRadiationR	ad	DSIStudio	/scratch/executivefunction/SLURM_8364170_116/job-8364170-116-sub-20966-ses-3/ds/inputs/data/qsiprep/qsiprep/sub-20966/ses-3/dwi/sub-20966_ses-3_space-ACPC_desc-preproc_dwi.nii.gz	0.0	1.3220428626989031	0.4040771549369683	1.2511457204818726	1.3220428626989031	1.2511457204818726	0.4040771549369683	1.3334139774233005	1.3334139774233005	sub-20966	ses-3				space-ACPC			DSIStudio	autotrackgqi
ProjectionBasalGanglia_OpticRadiationR	dti_fa	DSIStudio	/scratch/executivefunction/SLURM_8364170_116/job-8364170-116-sub-20966-ses-3/ds/inputs/data/qsiprep/qsiprep/sub-20966/ses-3/dwi/sub-20966_ses-3_space-ACPC_desc-preproc_dwi.nii.gz	0.0	0.4261063314960285	0.2118401186083778	0.4403630793094635	0.4261063314960285	0.4403630793094635	0.2118401186083778	0.4979592569072503	0.4979592569072503	sub-20966	ses-3				space-ACPC			DSIStudio	autotrackgqi
ProjectionBasalGanglia_OpticRadiationR	gfa	DSIStudio	/scratch/executivefunction/SLURM_8364170_116/job-8364170-116-sub-20966-ses-3/ds/inputs/data/qsiprep/qsiprep/sub-20966/ses-3/dwi/sub-20966_ses-3_space-ACPC_desc-preproc_dwi.nii.gz	0.0	0.0946631884906987	0.0444346058505594	0.0950055308640003	0.0946631884906987	0.0950055308640003	0.0444346058505594	0.1099213109020815	0.1099213109020815	sub-20966	ses-3				space-ACPC			DSIStudio	autotrackgqi
ProjectionBasalGanglia_OpticRadiationR	ha	DSIStudio	/scratch/executivefunction/SLURM_8364170_116/job-8364170-116-sub-20966-ses-3/ds/inputs/data/qsiprep/qsiprep/sub-20966/ses-3/dwi/sub-20966_ses-3_space-ACPC_desc-preproc_dwi.nii.gz	0.0	-9.784052464464818	32.11339943074683	-9.416552543640137	-9.784052464464818	-9.416552543640137	32.11339943074683	-12.138037910791036	-12.138037910791036	sub-20966	ses-3				space-ACPC			DSIStudio	autotrackgqi
ProjectionBasalGanglia_OpticRadiationR	iso	DSIStudio	/scratch/executivefunction/SLURM_8364170_116/job-8364170-116-sub-20966-ses-3/ds/inputs/data/qsiprep/qsiprep/sub-20966/ses-3/dwi/sub-20966_ses-3_space-ACPC_desc-preproc_dwi.nii.gz	0.0	0.5494815943391066	0.1632111142039095	0.5333092510700226	0.5494815943391066	0.5333092510700226	0.1632111142039095	0.5382936001882668	0.5382936001882668	sub-20966	ses-3				space-ACPC			DSIStudio	autotrackgqi
ProjectionBasalGanglia_OpticRadiationR	md	DSIStudio	/scratch/executivefunction/SLURM_8364170_116/job-8364170-116-sub-20966-ses-3/ds/inputs/data/qsiprep/qsiprep/sub-20966/ses-3/dwi/sub-20966_ses-3_space-ACPC_desc-preproc_dwi.nii.gz	0.0	0.9012309504647176	0.3711960694792102	0.769930362701416	0.9012309504647176	0.769930362701416	0.3711960694792102	0.8391570596758412	0.8391570596758412	sub-20966	ses-3				space-ACPC			DSIStudio	autotrackgqi
ProjectionBasalGanglia_OpticRadiationR	qa	DSIStudio	/scratch/executivefunction/SLURM_8364170_116/job-8364170-116-sub-20966-ses-3/ds/inputs/data/qsiprep/qsiprep/sub-20966/ses-3/dwi/sub-20966_ses-3_space-ACPC_desc-preproc_dwi.nii.gz	0.0	0.2374552350954025	0.1186514025292219	0.2482486218214035	0.2374552350954025	0.2482486218214035	0.1186514025292219	0.2727536767370295	0.2727536767370295	sub-20966	ses-3				space-ACPC			DSIStudio	autotrackgqi
ProjectionBasalGanglia_OpticRadiationR	rd1	DSIStudio	/scratch/executivefunction/SLURM_8364170_116/job-8364170-116-sub-20966-ses-3/ds/inputs/data/qsiprep/qsiprep/sub-20966/ses-3/dwi/sub-20966_ses-3_space-ACPC_desc-preproc_dwi.nii.gz	0.0	0.7942140197645466	0.4136478015187997	0.6896471083164215	0.7942140197645466	0.6896471083164215	0.4136478015187997	0.6957257160988839	0.6957257160988839	sub-20966	ses-3				space-ACPC			DSIStudio	autotrackgqi
ProjectionBasalGanglia_OpticRadiationR	rd2	DSIStudio	/scratch/executivefunction/SLURM_8364170_116/job-8364170-116-sub-20966-ses-3/ds/inputs/data/qsiprep/qsiprep/sub-20966/ses-3/dwi/sub-20966_ses-3_space-ACPC_desc-preproc_dwi.nii.gz	0.0	0.587435965556704	0.4078131979509846	0.4485413432121277	0.587435965556704	0.4485413432121277	0.4078131979509846	0.4883314742207998	0.4883314742207998	sub-20966	ses-3				space-ACPC			DSIStudio	autotrackgqi
ProjectionBasalGanglia_OpticRadiationR	rd	DSIStudio	/scratch/executivefunction/SLURM_8364170_116/job-8364170-116-sub-20966-ses-3/ds/inputs/data/qsiprep/qsiprep/sub-20966/ses-3/dwi/sub-20966_ses-3_space-ACPC_desc-preproc_dwi.nii.gz	0.0	0.69082499404848	0.4063543430009507	0.5596486628055573	0.69082499404848	0.5596486628055573	0.4063543430009507	0.5920285969754078	0.5920285969754078	sub-20966	ses-3				space-ACPC			DSIStudio	autotrackgqi
ProjectionBasalGanglia_OpticRadiationR	txx	DSIStudio	/scratch/executivefunction/SLURM_8364170_116/job-8364170-116-sub-20966-ses-3/ds/inputs/data/qsiprep/qsiprep/sub-20966/ses-3/dwi/sub-20966_ses-3_space-ACPC_desc-preproc_dwi.nii.gz	0.0	0.0008076870989939	0.0004213741164248	0.0007152852194849	0.0008076870989939	0.0007152852194849	0.0004213741164248	0.0007187706795389	0.0007187706795389	sub-20966	ses-3				space-ACPC			DSIStudio	autotrackgqi
ProjectionBasalGanglia_OpticRadiationR	txy	DSIStudio	/scratch/executivefunction/SLURM_8364170_116/job-8364170-116-sub-20966-ses-3/ds/inputs/data/qsiprep/qsiprep/sub-20966/ses-3/dwi/sub-20966_ses-3_space-ACPC_desc-preproc_dwi.nii.gz	0.0	9.521053544339794e-05	0.0001628381913255	7.399746755254455e-05	9.521053544339794e-05	7.399746755254455e-05	0.0001628381913255	0.0001381368725123	0.0001381368725123	sub-20966	ses-3				space-ACPC			DSIStudio	autotrackgqi
ProjectionBasalGanglia_OpticRadiationR	txz	DSIStudio	/scratch/executivefunction/SLURM_8364170_116/job-8364170-116-sub-20966-ses-3/ds/inputs/data/qsiprep/qsiprep/sub-20966/ses-3/dwi/sub-20966_ses-3_space-ACPC_desc-preproc_dwi.nii.gz	0.0	5.948053358257735e-05	0.0001393343096013	4.875431659456808e-05	5.948053358257735e-05	4.875431659456808e-05	0.0001393343096013	7.789507556020611e-05	7.789507556020611e-05	sub-20966	ses-3				space-ACPC			DSIStudio	autotrackgqi
ProjectionBasalGanglia_OpticRadiationR	tyy	DSIStudio	/scratch/executivefunction/SLURM_8364170_116/job-8364170-116-sub-20966-ses-3/ds/inputs/data/qsiprep/qsiprep/sub-20966/ses-3/dwi/sub-20966_ses-3_space-ACPC_desc-preproc_dwi.nii.gz	0.0	0.0010622314910636	0.0004257343406834	0.0010031056008301	0.0010622314910636	0.0010031056008301	0.0004257343406834	0.0010644412672471	0.0010644412672471	sub-20966	ses-3				space-ACPC			DSIStudio	autotrackgqi
ProjectionBasalGanglia_OpticRadiationR	tyz	DSIStudio	/scratch/executivefunction/SLURM_8364170_116/job-8364170-116-sub-20966-ses-3/ds/inputs/data/qsiprep/qsiprep/sub-20966/ses-3/dwi/sub-20966_ses-3_space-ACPC_desc-preproc_dwi.nii.gz	0.0	7.691798137180585e-05	0.0001710134540165	5.438578409666661e-05	7.691798137180585e-05	5.438578409666661e-05	0.0001710134540165	0.0001008513979282	0.0001008513979282	sub-20966	ses-3				space-ACPC			DSIStudio	autotrackgqi
ProjectionBasalGanglia_OpticRadiationR	tzz	DSIStudio	/scratch/executivefunction/SLURM_8364170_116/job-8364170-116-sub-20966-ses-3/ds/inputs/data/qsiprep/qsiprep/sub-20966/ses-3/dwi/sub-20966_ses-3_space-ACPC_desc-preproc_dwi.nii.gz	0.0	0.0008337742593166	0.000449753894366	0.0007523199601564	0.0008337742593166	0.0007523199601564	0.000449753894366	0.0007342592207245	0.0007342592207245	sub-20966	ses-3				space-ACPC			DSIStudio	autotrackgqi
ProjectionBrainstem_MedialLemniscusR	ad	DSIStudio	/scratch/executivefunction/SLURM_8364170_116/job-8364170-116-sub-20966-ses-3/ds/inputs/data/qsiprep/qsiprep/sub-20966/ses-3/dwi/sub-20966_ses-3_space-ACPC_desc-preproc_dwi.nii.gz	0.0	1.214953270429663	0.2822891859010715	1.1768336296081543	1.214953270429663	1.1768336296081543	0.2822891859010715	1.2680598855990763	1.2680598855990763	sub-20966	ses-3				space-ACPC			DSIStudio	autotrackgqi
ProjectionBrainstem_MedialLemniscusR	dti_fa	DSIStudio	/scratch/executivefunction/SLURM_8364170_116/job-8364170-116-sub-20966-ses-3/ds/inputs/data/qsiprep/qsiprep/sub-20966/ses-3/dwi/sub-20966_ses-3_space-ACPC_desc-preproc_dwi.nii.gz	0.0	0.4568236581200685	0.1640686390983527	0.4689999520778656	0.4568236581200685	0.4689999520778656	0.1640686390983527	0.5164240775605734	0.5164240775605734	sub-20966	ses-3				space-ACPC			DSIStudio	autotrackgqi
ProjectionBrainstem_MedialLemniscusR	gfa	DSIStudio	/scratch/executivefunction/SLURM_8364170_116/job-8364170-116-sub-20966-ses-3/ds/inputs/data/qsiprep/qsiprep/sub-20966/ses-3/dwi/sub-20966_ses-3_space-ACPC_desc-preproc_dwi.nii.gz	0.0	0.0979383850479677	0.0333413989900897	0.09860585257411	0.0979383850479677	0.09860585257411	0.0333413989900897	0.1096199868361205	0.1096199868361205	sub-20966	ses-3				space-ACPC			DSIStudio	autotrackgqi
ProjectionBrainstem_MedialLemniscusR	ha	DSIStudio	/scratch/executivefunction/SLURM_8364170_116/job-8364170-116-sub-20966-ses-3/ds/inputs/data/qsiprep/qsiprep/sub-20966/ses-3/dwi/sub-20966_ses-3_space-ACPC_desc-preproc_dwi.nii.gz	0.0	-14.08089162964513	56.0044335775522	-37.845436096191406	-14.08089162964513	-37.845436096191406	56.0044335775522	-8.414874605892107	-8.414874605892107	sub-20966	ses-3				space-ACPC			DSIStudio	autotrackgqi
ProjectionBrainstem_MedialLemniscusR	iso	DSIStudio	/scratch/executivefunction/SLURM_8364170_116/job-8364170-116-sub-20966-ses-3/ds/inputs/data/qsiprep/qsiprep/sub-20966/ses-3/dwi/sub-20966_ses-3_space-ACPC_desc-preproc_dwi.nii.gz	0.0	0.5535957902534901	0.0639196578258228	0.5615948140621185	0.5535957902534901	0.5615948140621185	0.0639196578258228	0.5577985449029377	0.5577985449029377	sub-20966	ses-3				space-ACPC			DSIStudio	autotrackgqi
ProjectionBrainstem_MedialLemniscusR	md	DSIStudio	/scratch/executivefunction/SLURM_8364170_116/job-8364170-116-sub-20966-ses-3/ds/inputs/data/qsiprep/qsiprep/sub-20966/ses-3/dwi/sub-20966_ses-3_space-ACPC_desc-preproc_dwi.nii.gz	0.0	0.7945886764797727	0.2310182699845719	0.7424863278865814	0.7945886764797727	0.7424863278865814	0.2310182699845719	0.7804261508027829	0.7804261508027829	sub-20966	ses-3				space-ACPC			DSIStudio	autotrackgqi
ProjectionBrainstem_MedialLemniscusR	qa	DSIStudio	/scratch/executivefunction/SLURM_8364170_116/job-8364170-116-sub-20966-ses-3/ds/inputs/data/qsiprep/qsiprep/sub-20966/ses-3/dwi/sub-20966_ses-3_space-ACPC_desc-preproc_dwi.nii.gz	0.0	0.252991921074334	0.1021399091231895	0.2497853860259056	0.252991921074334	0.2497853860259056	0.1021399091231895	0.2880667904736967	0.2880667904736967	sub-20966	ses-3				space-ACPC			DSIStudio	autotrackgqi
ProjectionBrainstem_MedialLemniscusR	rd1	DSIStudio	/scratch/executivefunction/SLURM_8364170_116/job-8364170-116-sub-20966-ses-3/ds/inputs/data/qsiprep/qsiprep/sub-20966/ses-3/dwi/sub-20966_ses-3_space-ACPC_desc-preproc_dwi.nii.gz	0.0	0.694097433260316	0.2611126481309375	0.6479049921035767	0.694097433260316	0.6479049921035767	0.2611126481309375	0.6446947959971482	0.6446947959971482	sub-20966	ses-3				space-ACPC			DSIStudio	autotrackgqi
ProjectionBrainstem_MedialLemniscusR	rd2	DSIStudio	/scratch/executivefunction/SLURM_8364170_116/job-8364170-116-sub-20966-ses-3/ds/inputs/data/qsiprep/qsiprep/sub-20966/ses-3/dwi/sub-20966_ses-3_space-ACPC_desc-preproc_dwi.nii.gz	0.0	0.4747153211971439	0.2598935318944616	0.4192614406347275	0.4747153211971439	0.4192614406347275	0.2598935318944616	0.4285237670226716	0.4285237670226716	sub-20966	ses-3				space-ACPC			DSIStudio	autotrackgqi
ProjectionBrainstem_MedialLemniscusR	rd	DSIStudio	/scratch/executivefunction/SLURM_8364170_116/job-8364170-116-sub-20966-ses-3/ds/inputs/data/qsiprep/qsiprep/sub-20966/ses-3/dwi/sub-20966_ses-3_space-ACPC_desc-preproc_dwi.nii.gz	0.0	0.5844063775472571	0.2537283012265452	0.5323629975318909	0.5844063775472571	0.5323629975318909	0.2537283012265452	0.5366092825358711	0.5366092825358711	sub-20966	ses-3				space-ACPC			DSIStudio	autotrackgqi
ProjectionBrainstem_MedialLemniscusR	txx	DSIStudio	/scratch/executivefunction/SLURM_8364170_116/job-8364170-116-sub-20966-ses-3/ds/inputs/data/qsiprep/qsiprep/sub-20966/ses-3/dwi/sub-20966_ses-3_space-ACPC_desc-preproc_dwi.nii.gz	0.0	0.0006834695027088	0.0002648282676674	0.0006494546832982	0.0006834695027088	0.0006494546832982	0.0002648282676674	0.0006398890849898	0.0006398890849898	sub-20966	ses-3				space-ACPC			DSIStudio	autotrackgqi
ProjectionBrainstem_MedialLemniscusR	txy	DSIStudio	/scratch/executivefunction/SLURM_8364170_116/job-8364170-116-sub-20966-ses-3/ds/inputs/data/qsiprep/qsiprep/sub-20966/ses-3/dwi/sub-20966_ses-3_space-ACPC_desc-preproc_dwi.nii.gz	0.0	5.62931634277216e-05	0.0001047320190998	4.798685768037103e-05	5.62931634277216e-05	4.798685768037103e-05	0.0001047320190998	6.17043830046738e-05	6.17043830046738e-05	sub-20966	ses-3				space-ACPC			DSIStudio	autotrackgqi
ProjectionBrainstem_MedialLemniscusR	txz	DSIStudio	/scratch/executivefunction/SLURM_8364170_116/job-8364170-116-sub-20966-ses-3/ds/inputs/data/qsiprep/qsiprep/sub-20966/ses-3/dwi/sub-20966_ses-3_space-ACPC_desc-preproc_dwi.nii.gz	0.0	-4.123178432813089e-06	0.0001758582042125	-6.097021241657785e-06	-4.123178432813089e-06	-6.097021241657785e-06	0.0001758582042125	-3.139774479894054e-05	-3.139774479894054e-05	sub-20966	ses-3				space-ACPC			DSIStudio	autotrackgqi
ProjectionBrainstem_MedialLemniscusR	tyy	DSIStudio	/scratch/executivefunction/SLURM_8364170_116/job-8364170-116-sub-20966-ses-3/ds/inputs/data/qsiprep/qsiprep/sub-20966/ses-3/dwi/sub-20966_ses-3_space-ACPC_desc-preproc_dwi.nii.gz	0.0	0.000698722794707	0.0003231108578642	0.0006448279018513	0.000698722794707	0.0006448279018513	0.0003231108578642	0.0006805355669371	0.0006805355669371	sub-20966	ses-3				space-ACPC			DSIStudio	autotrackgqi
ProjectionBrainstem_MedialLemniscusR	tyz	DSIStudio	/scratch/executivefunction/SLURM_8364170_116/job-8364170-116-sub-20966-ses-3/ds/inputs/data/qsiprep/qsiprep/sub-20966/ses-3/dwi/sub-20966_ses-3_space-ACPC_desc-preproc_dwi.nii.gz	0.0	4.495567487227004e-05	0.0002061785277903	4.085422733624e-05	4.495567487227004e-05	4.085422733624e-05	0.0002061785277903	3.615157821638101e-05	3.615157821638101e-05	sub-20966	ses-3				space-ACPC			DSIStudio	autotrackgqi
ProjectionBrainstem_MedialLemniscusR	tzz	DSIStudio	/scratch/executivefunction/SLURM_8364170_116/job-8364170-116-sub-20966-ses-3/ds/inputs/data/qsiprep/qsiprep/sub-20966/ses-3/dwi/sub-20966_ses-3_space-ACPC_desc-preproc_dwi.nii.gz	0.0	0.0010015737280971	0.0002939344481134	0.0009627645777072	0.0010015737280971	0.0009627645777072	0.0002939344481134	0.0010208537977076	0.0010208537977076	sub-20966	ses-3				space-ACPC			DSIStudio	autotrackgqi
ProjectionBasalGanglia_FornixR	ad	DSIStudio	/scratch/executivefunction/SLURM_8364170_116/job-8364170-116-sub-20966-ses-3/ds/inputs/data/qsiprep/qsiprep/sub-20966/ses-3/dwi/sub-20966_ses-3_space-ACPC_desc-preproc_dwi.nii.gz	0.0	1.6854658152615327	0.6840238962455358	1.5206321477890017	1.6854658152615327	1.5206321477890017	0.6840238962455358	1.8525712885920949	1.8525712885920949	sub-20966	ses-3				space-ACPC			DSIStudio	autotrackgqi
ProjectionBasalGanglia_FornixR	dti_fa	DSIStudio	/scratch/executivefunction/SLURM_8364170_116/job-8364170-116-sub-20966-ses-3/ds/inputs/data/qsiprep/qsiprep/sub-20966/ses-3/dwi/sub-20966_ses-3_space-ACPC_desc-preproc_dwi.nii.gz	0.0	0.3088709041744836	0.1734560699316641	0.2810930907726288	0.3088709041744836	0.2810930907726288	0.1734560699316641	0.3681718347943347	0.3681718347943347	sub-20966	ses-3				space-ACPC			DSIStudio	autotrackgqi
ProjectionBasalGanglia_FornixR	gfa	DSIStudio	/scratch/executivefunction/SLURM_8364170_116/job-8364170-116-sub-20966-ses-3/ds/inputs/data/qsiprep/qsiprep/sub-20966/ses-3/dwi/sub-20966_ses-3_space-ACPC_desc-preproc_dwi.nii.gz	0.0	0.0831246914895333	0.0452009881944829	0.0748785659670829	0.0831246914895333	0.0748785659670829	0.0452009881944829	0.1039810956824485	0.1039810956824485	sub-20966	ses-3				space-ACPC			DSIStudio	autotrackgqi
ProjectionBasalGanglia_FornixR	ha	DSIStudio	/scratch/executivefunction/SLURM_8364170_116/job-8364170-116-sub-20966-ses-3/ds/inputs/data/qsiprep/qsiprep/sub-20966/ses-3/dwi/sub-20966_ses-3_space-ACPC_desc-preproc_dwi.nii.gz	0.0	-6.813725725917526	40.93131264791807	-11.896507263183594	-6.813725725917526	-11.896507263183594	40.93131264791807	-2.291473881995749	-2.291473881995749	sub-20966	ses-3				space-ACPC			DSIStudio	autotrackgqi
ProjectionBasalGanglia_FornixR	iso	DSIStudio	/scratch/executivefunction/SLURM_8364170_116/job-8364170-116-sub-20966-ses-3/ds/inputs/data/qsiprep/qsiprep/sub-20966/ses-3/dwi/sub-20966_ses-3_space-ACPC_desc-preproc_dwi.nii.gz	0.0	0.4759915652426353	0.1283954260081205	0.4688809514045715	0.4759915652426353	0.4688809514045715	0.1283954260081205	0.4570921110207203	0.4570921110207203	sub-20966	ses-3				space-ACPC			DSIStudio	autotrackgqi
ProjectionBasalGanglia_FornixR	md	DSIStudio	/scratch/executivefunction/SLURM_8364170_116/job-8364170-116-sub-20966-ses-3/ds/inputs/data/qsiprep/qsiprep/sub-20966/ses-3/dwi/sub-20966_ses-3_space-ACPC_desc-preproc_dwi.nii.gz	0.0	1.2677639922867083	0.5807196142001776	1.0496827363967896	1.2677639922867083	1.0496827363967896	0.5807196142001776	1.3094928776543584	1.3094928776543584	sub-20966	ses-3				space-ACPC			DSIStudio	autotrackgqi
ProjectionBasalGanglia_FornixR	qa	DSIStudio	/scratch/executivefunction/SLURM_8364170_116/job-8364170-116-sub-20966-ses-3/ds/inputs/data/qsiprep/qsiprep/sub-20966/ses-3/dwi/sub-20966_ses-3_space-ACPC_desc-preproc_dwi.nii.gz	0.0	0.1749648699193129	0.1062763824713759	0.1517739444971084	0.1749648699193129	0.1517739444971084	0.1062763824713759	0.2211347155594769	0.2211347155594769	sub-20966	ses-3				space-ACPC			DSIStudio	autotrackgqi
ProjectionBasalGanglia_FornixR	rd1	DSIStudio	/scratch/executivefunction/SLURM_8364170_116/job-8364170-116-sub-20966-ses-3/ds/inputs/data/qsiprep/qsiprep/sub-20966/ses-3/dwi/sub-20966_ses-3_space-ACPC_desc-preproc_dwi.nii.gz	0.0	1.1593711682485863	0.591968351526144	0.9297149181365968	1.1593711682485863	0.9297149181365968	0.591968351526144	1.1382245866415297	1.1382245866415297	sub-20966	ses-3				space-ACPC			DSIStudio	autotrackgqi
ProjectionBasalGanglia_FornixR	rd2	DSIStudio	/scratch/executivefunction/SLURM_8364170_116/job-8364170-116-sub-20966-ses-3/ds/inputs/data/qsiprep/qsiprep/sub-20966/ses-3/dwi/sub-20966_ses-3_space-ACPC_desc-preproc_dwi.nii.gz	0.0	0.9584550054712998	0.5539345075733407	0.7692036032676697	0.9584550054712998	0.7692036032676697	0.5539345075733407	0.937682767913612	0.937682767913612	sub-20966	ses-3				space-ACPC			DSIStudio	autotrackgqi
ProjectionBasalGanglia_FornixR	rd	DSIStudio	/scratch/executivefunction/SLURM_8364170_116/job-8364170-116-sub-20966-ses-3/ds/inputs/data/qsiprep/qsiprep/sub-20966/ses-3/dwi/sub-20966_ses-3_space-ACPC_desc-preproc_dwi.nii.gz	0.0	1.0589130859131768	0.5695201056466838	0.8445540070533752	1.0589130859131768	0.8445540070533752	0.5695201056466838	1.037953677082864	1.037953677082864	sub-20966	ses-3				space-ACPC			DSIStudio	autotrackgqi
ProjectionBasalGanglia_FornixR	txx	DSIStudio	/scratch/executivefunction/SLURM_8364170_116/job-8364170-116-sub-20966-ses-3/ds/inputs/data/qsiprep/qsiprep/sub-20966/ses-3/dwi/sub-20966_ses-3_space-ACPC_desc-preproc_dwi.nii.gz	0.0	0.0011918362018162	0.0006083443156469	0.0009760019020177	0.0011918362018162	0.0009760019020177	0.0006083443156469	0.0011444278099628	0.0011444278099628	sub-20966	ses-3				space-ACPC			DSIStudio	autotrackgqi
ProjectionBasalGanglia_FornixR	txy	DSIStudio	/scratch/executivefunction/SLURM_8364170_116/job-8364170-116-sub-20966-ses-3/ds/inputs/data/qsiprep/qsiprep/sub-20966/ses-3/dwi/sub-20966_ses-3_space-ACPC_desc-preproc_dwi.nii.gz	0.0	-5.458625410273824e-05	0.000171629099895	-2.442467848595697e-05	-5.458625410273824e-05	-2.442467848595697e-05	0.000171629099895	-8.588519725660548e-05	-8.588519725660548e-05	sub-20966	ses-3				space-ACPC			DSIStudio	autotrackgqi
ProjectionBasalGanglia_FornixR	txz	DSIStudio	/scratch/executivefunction/SLURM_8364170_116/job-8364170-116-sub-20966-ses-3/ds/inputs/data/qsiprep/qsiprep/sub-20966/ses-3/dwi/sub-20966_ses-3_space-ACPC_desc-preproc_dwi.nii.gz	0.0	3.2004281196733007e-05	0.0001207059409092	1.8532544345362112e-05	3.2004281196733007e-05	1.8532544345362112e-05	0.0001207059409092	4.266697728142459e-05	4.266697728142459e-05	sub-20966	ses-3				space-ACPC			DSIStudio	autotrackgqi
ProjectionBasalGanglia_FornixR	tyy	DSIStudio	/scratch/executivefunction/SLURM_8364170_116/job-8364170-116-sub-20966-ses-3/ds/inputs/data/qsiprep/qsiprep/sub-20966/ses-3/dwi/sub-20966_ses-3_space-ACPC_desc-preproc_dwi.nii.gz	0.0	0.0013378736042934	0.000674676855116	0.001116948435083	0.0013378736042934	0.001116948435083	0.000674676855116	0.0014593873705424	0.0014593873705424	sub-20966	ses-3				space-ACPC			DSIStudio	autotrackgqi
ProjectionBasalGanglia_FornixR	tyz	DSIStudio	/scratch/executivefunction/SLURM_8364170_116/job-8364170-116-sub-20966-ses-3/ds/inputs/data/qsiprep/qsiprep/sub-20966/ses-3/dwi/sub-20966_ses-3_space-ACPC_desc-preproc_dwi.nii.gz	0.0	5.639691151637681e-05	0.0002179399073484	4.083527164766565e-05	5.639691151637681e-05	4.083527164766565e-05	0.0002179399073484	6.699665823145297e-05	6.699665823145297e-05	sub-20966	ses-3				space-ACPC			DSIStudio	autotrackgqi
ProjectionBasalGanglia_FornixR	tzz	DSIStudio	/scratch/executivefunction/SLURM_8364170_116/job-8364170-116-sub-20966-ses-3/ds/inputs/data/qsiprep/qsiprep/sub-20966/ses-3/dwi/sub-20966_ses-3_space-ACPC_desc-preproc_dwi.nii.gz	0.0	0.0012735821841548	0.0006112699746065	0.0010859059402719	0.0012735821841548	0.0010859059402719	0.0006112699746065	0.0013246634651695	0.0013246634651695	sub-20966	ses-3				space-ACPC			DSIStudio	autotrackgqi
ProjectionBasalGanglia_ThalamicRadiationL	ad	DSIStudio	/scratch/executivefunction/SLURM_8364170_116/job-8364170-116-sub-20966-ses-3/ds/inputs/data/qsiprep/qsiprep/sub-20966/ses-3/dwi/sub-20966_ses-3_space-ACPC_desc-preproc_dwi.nii.gz	0.0002239390885679	1.1564842244970372	0.2564924160533259	1.1116451025009155	1.1567432645294031	1.1116658449172974	0.2559364228971597	1.1637220423920391	1.1637287032621038	sub-20966	ses-3				space-ACPC			DSIStudio	autotrackgqi
ProjectionBasalGanglia_ThalamicRadiationL	dti_fa	DSIStudio	/scratch/executivefunction/SLURM_8364170_116/job-8364170-116-sub-20966-ses-3/ds/inputs/data/qsiprep/qsiprep/sub-20966/ses-3/dwi/sub-20966_ses-3_space-ACPC_desc-preproc_dwi.nii.gz	0.0002239390885679	0.3778046656882989	0.1829066553634432	0.3779195249080658	0.3778892898714523	0.3779532015323639	0.1828397099353952	0.4588751669493088	0.4588777934162407	sub-20966	ses-3				space-ACPC			DSIStudio	autotrackgqi
ProjectionBasalGanglia_ThalamicRadiationL	gfa	DSIStudio	/scratch/executivefunction/SLURM_8364170_116/job-8364170-116-sub-20966-ses-3/ds/inputs/data/qsiprep/qsiprep/sub-20966/ses-3/dwi/sub-20966_ses-3_space-ACPC_desc-preproc_dwi.nii.gz	0.0002239390885679	0.0809729202010105	0.0373100154287079	0.0799360647797584	0.0809910572645565	0.0799375846982002	0.0372945051276455	0.0959923123268127	0.0959928617582966	sub-20966	ses-3				space-ACPC			DSIStudio	autotrackgqi
ProjectionBasalGanglia_ThalamicRadiationL	ha	DSIStudio	/scratch/executivefunction/SLURM_8364170_116/job-8364170-116-sub-20966-ses-3/ds/inputs/data/qsiprep/qsiprep/sub-20966/ses-3/dwi/sub-20966_ses-3_space-ACPC_desc-preproc_dwi.nii.gz	0.0002239390885679	4.824972334335304	40.8705685743	3.33926773071289	4.826053076262582	3.3430511951446533	40.87508180133066	1.9994311260278557	1.9994425831981135	sub-20966	ses-3				space-ACPC			DSIStudio	autotrackgqi
ProjectionBasalGanglia_ThalamicRadiationL	iso	DSIStudio	/scratch/executivefunction/SLURM_8364170_116/job-8364170-116-sub-20966-ses-3/ds/inputs/data/qsiprep/qsiprep/sub-20966/ses-3/dwi/sub-20966_ses-3_space-ACPC_desc-preproc_dwi.nii.gz	0.0002239390885679	0.5730456478927961	0.1141734040842457	0.5584298372268677	0.5731740039568329	0.5584583282470703	0.1138635835888957	0.5511166293676045	0.5511197839286094	sub-20966	ses-3				space-ACPC			DSIStudio	autotrackgqi
ProjectionBasalGanglia_ThalamicRadiationL	md	DSIStudio	/scratch/executivefunction/SLURM_8364170_116/job-8364170-116-sub-20966-ses-3/ds/inputs/data/qsiprep/qsiprep/sub-20966/ses-3/dwi/sub-20966_ses-3_space-ACPC_desc-preproc_dwi.nii.gz	0.0002239390885679	0.8200286050557476	0.2359939134501737	0.7601075768470764	0.8202122826467557	0.7601139545440674	0.2357009699408173	0.7531465956180895	0.7531509065276124	sub-20966	ses-3				space-ACPC			DSIStudio	autotrackgqi
ProjectionBasalGanglia_ThalamicRadiationL	qa	DSIStudio	/scratch/executivefunction/SLURM_8364170_116/job-8364170-116-sub-20966-ses-3/ds/inputs/data/qsiprep/qsiprep/sub-20966/ses-3/dwi/sub-20966_ses-3_space-ACPC_desc-preproc_dwi.nii.gz	0.0002239390885679	0.2053411994012626	0.0985076775840818	0.1958936899900436	0.2053871936222058	0.1959267854690551	0.0984707543259765	0.2403569940525573	0.240358369786962	sub-20966	ses-3				space-ACPC			DSIStudio	autotrackgqi
ProjectionBasalGanglia_ThalamicRadiationL	rd1	DSIStudio	/scratch/executivefunction/SLURM_8364170_116/job-8364170-116-sub-20966-ses-3/ds/inputs/data/qsiprep/qsiprep/sub-20966/ses-3/dwi/sub-20966_ses-3_space-ACPC_desc-preproc_dwi.nii.gz	0.0002239390885679	0.7546333690471017	0.2745520800369578	0.7117149829864502	0.7548023988083397	0.7117751836776733	0.2743504048368352	0.652672611491428	0.6526763474115607	sub-20966	ses-3				space-ACPC			DSIStudio	autotrackgqi
ProjectionBasalGanglia_ThalamicRadiationL	rd2	DSIStudio	/scratch/executivefunction/SLURM_8364170_116/job-8364170-116-sub-20966-ses-3/ds/inputs/data/qsiprep/qsiprep/sub-20966/ses-3/dwi/sub-20966_ses-3_space-ACPC_desc-preproc_dwi.nii.gz	0.0002239390885679	0.5489682203421312	0.289673859148959	0.4806593358516693	0.5490911833212649	0.4807263314723968	0.2895897476361579	0.4430451294725113	0.4430476654108629	sub-20966	ses-3				space-ACPC			DSIStudio	autotrackgqi
ProjectionBasalGanglia_ThalamicRadiationL	rd	DSIStudio	/scratch/executivefunction/SLURM_8364170_116/job-8364170-116-sub-20966-ses-3/ds/inputs/data/qsiprep/qsiprep/sub-20966/ses-3/dwi/sub-20966_ses-3_space-ACPC_desc-preproc_dwi.nii.gz	0.0002239390885679	0.6518007948512446	0.2758498750895631	0.5935875773429871	0.6519467912214656	0.5935988426208496	0.2757082076582436	0.5478588705935521	0.5478620065227947	sub-20966	ses-3				space-ACPC			DSIStudio	autotrackgqi
ProjectionBasalGanglia_ThalamicRadiationL	txx	DSIStudio	/scratch/executivefunction/SLURM_8364170_116/job-8364170-116-sub-20966-ses-3/ds/inputs/data/qsiprep/qsiprep/sub-20966/ses-3/dwi/sub-20966_ses-3_space-ACPC_desc-preproc_dwi.nii.gz	0.0002239390885679	0.0007438518835132	0.0002867002099779	0.0006875930703245	0.0007440184983376	0.0006876758998259	0.0002865160678505	0.000645577639004	0.0006455813343556	sub-20966	ses-3				space-ACPC			DSIStudio	autotrackgqi
ProjectionBasalGanglia_ThalamicRadiationL	txy	DSIStudio	/scratch/executivefunction/SLURM_8364170_116/job-8364170-116-sub-20966-ses-3/ds/inputs/data/qsiprep/qsiprep/sub-20966/ses-3/dwi/sub-20966_ses-3_space-ACPC_desc-preproc_dwi.nii.gz	0.0002239390885679	-3.829094729372922e-05	0.0001382974980344	-2.971807771245949e-05	-3.829952405423851e-05	-2.973839036712889e-05	0.0001383117982655	-5.9556891334744007e-05	-5.955723223418337e-05	sub-20966	ses-3				space-ACPC			DSIStudio	autotrackgqi
ProjectionBasalGanglia_ThalamicRadiationL	txz	DSIStudio	/scratch/executivefunction/SLURM_8364170_116/job-8364170-116-sub-20966-ses-3/ds/inputs/data/qsiprep/qsiprep/sub-20966/ses-3/dwi/sub-20966_ses-3_space-ACPC_desc-preproc_dwi.nii.gz	0.0002239390885679	-1.7453785814796453e-05	0.0001440352576738	-1.0495416972844396e-05	-1.745769527516487e-05	-1.0539121831243392e-05	0.0001440511510497	-2.853834966535499e-06	-2.8538512780365503e-06	sub-20966	ses-3				space-ACPC			DSIStudio	autotrackgqi
ProjectionBasalGanglia_ThalamicRadiationL	tyy	DSIStudio	/scratch/executivefunction/SLURM_8364170_116/job-8364170-116-sub-20966-ses-3/ds/inputs/data/qsiprep/qsiprep/sub-20966/ses-3/dwi/sub-20966_ses-3_space-ACPC_desc-preproc_dwi.nii.gz	0.0002239390885679	0.0008791762485446	0.0003129626350878	0.0008509546751156	0.0008793731745718	0.0008509744075126	0.0003127209271206	0.0008845205407143	0.0008845256032759	sub-20966	ses-3				space-ACPC			DSIStudio	autotrackgqi
ProjectionBasalGanglia_ThalamicRadiationL	tyz	DSIStudio	/scratch/executivefunction/SLURM_8364170_116/job-8364170-116-sub-20966-ses-3/ds/inputs/data/qsiprep/qsiprep/sub-20966/ses-3/dwi/sub-20966_ses-3_space-ACPC_desc-preproc_dwi.nii.gz	0.0002239390885679	2.3059096994323683e-05	0.0001664801650941	1.285778034798568e-05	2.30642619841309e-05	1.2908615644846576e-05	0.000166498451193	6.504067204098729e-07	6.504105979831943e-07	sub-20966	ses-3				space-ACPC			DSIStudio	autotrackgqi
ProjectionBasalGanglia_ThalamicRadiationL	tzz	DSIStudio	/scratch/executivefunction/SLURM_8364170_116/job-8364170-116-sub-20966-ses-3/ds/inputs/data/qsiprep/qsiprep/sub-20966/ses-3/dwi/sub-20966_ses-3_space-ACPC_desc-preproc_dwi.nii.gz	0.0002239390885679	0.0008370576819811	0.0002941355995191	0.0007973021129146	0.0008372451739023	0.0007973434985615	0.0002939016039364	0.0007293416049169	0.0007293457797323	sub-20966	ses-3				space-ACPC			DSIStudio	autotrackgqi
ProjectionBrainstem_MedialForebrainBundleL	ad	DSIStudio	/scratch/executivefunction/SLURM_8364170_116/job-8364170-116-sub-20966-ses-3/ds/inputs/data/qsiprep/qsiprep/sub-20966/ses-3/dwi/sub-20966_ses-3_space-ACPC_desc-preproc_dwi.nii.gz	0.010351966873706	1.3922319187634231	0.6110906751438365	1.21724534034729	1.406795014147978	1.2208157181739807	0.5973698299925607	1.2916410493132484	1.2950557631704651	sub-20966	ses-3				space-ACPC			DSIStudio	autotrackgqi
ProjectionBrainstem_MedialForebrainBundleL	dti_fa	DSIStudio	/scratch/executivefunction/SLURM_8364170_116/job-8364170-116-sub-20966-ses-3/ds/inputs/data/qsiprep/qsiprep/sub-20966/ses-3/dwi/sub-20966_ses-3_space-ACPC_desc-preproc_dwi.nii.gz	0.010351966873706	0.4003775100319487	0.1782834009330546	0.3976983726024627	0.4045655593000654	0.4004191160202026	0.1744222157019565	0.4744955839421139	0.4757500084946008	sub-20966	ses-3				space-ACPC			DSIStudio	autotrackgqi
ProjectionBrainstem_MedialForebrainBundleL	gfa	DSIStudio	/scratch/executivefunction/SLURM_8364170_116/job-8364170-116-sub-20966-ses-3/ds/inputs/data/qsiprep/qsiprep/sub-20966/ses-3/dwi/sub-20966_ses-3_space-ACPC_desc-preproc_dwi.nii.gz	0.0096618357487922	0.0889611933406074	0.0351059165540992	0.0879749581217765	0.0898291074219792	0.088258258998394	0.0341538444698459	0.0997587298320677	0.1000128456571471	sub-20966	ses-3				space-ACPC			DSIStudio	autotrackgqi
ProjectionBrainstem_MedialForebrainBundleL	ha	DSIStudio	/scratch/executivefunction/SLURM_8364170_116/job-8364170-116-sub-20966-ses-3/ds/inputs/data/qsiprep/qsiprep/sub-20966/ses-3/dwi/sub-20966_ses-3_space-ACPC_desc-preproc_dwi.nii.gz	0.010351966873706	-17.46924322542752	49.17380466178492	-28.168466567993164	-17.651975895149562	-28.818896293640137	49.39768232354962	-19.4268818505368	-19.47824079873925	sub-20966	ses-3				space-ACPC			DSIStudio	autotrackgqi
ProjectionBrainstem_MedialForebrainBundleL	iso	DSIStudio	/scratch/executivefunction/SLURM_8364170_116/job-8364170-116-sub-20966-ses-3/ds/inputs/data/qsiprep/qsiprep/sub-20966/ses-3/dwi/sub-20966_ses-3_space-ACPC_desc-preproc_dwi.nii.gz	0.0096618357487922	0.5223196523455169	0.1426129630564865	0.5591950416564941	0.5274154538318145	0.5597274303436279	0.1336011854408895	0.5630136101037908	0.5644477769730747	sub-20966	ses-3				space-ACPC			DSIStudio	autotrackgqi
ProjectionBrainstem_MedialForebrainBundleL	md	DSIStudio	/scratch/executivefunction/SLURM_8364170_116/job-8364170-116-sub-20966-ses-3/ds/inputs/data/qsiprep/qsiprep/sub-20966/ses-3/dwi/sub-20966_ses-3_space-ACPC_desc-preproc_dwi.nii.gz	0.010351966873706	0.9819062747693704	0.5680033447284466	0.7709696888923645	0.9921772609071252	0.7728652954101562	0.5619714659199433	0.8306157450797353	0.8328116455377171	sub-20966	ses-3				space-ACPC			DSIStudio	autotrackgqi
ProjectionBrainstem_MedialForebrainBundleL	qa	DSIStudio	/scratch/executivefunction/SLURM_8364170_116/job-8364170-116-sub-20966-ses-3/ds/inputs/data/qsiprep/qsiprep/sub-20966/ses-3/dwi/sub-20966_ses-3_space-ACPC_desc-preproc_dwi.nii.gz	0.0096618357487922	0.2193022203845749	0.1130573604148134	0.2065538763999939	0.2214417542419854	0.2080360203981399	0.1115028552454833	0.26393466814202	0.2646069900087205	sub-20966	ses-3				space-ACPC			DSIStudio	autotrackgqi
ProjectionBrainstem_MedialForebrainBundleL	rd1	DSIStudio	/scratch/executivefunction/SLURM_8364170_116/job-8364170-116-sub-20966-ses-3/ds/inputs/data/qsiprep/qsiprep/sub-20966/ses-3/dwi/sub-20966_ses-3_space-ACPC_desc-preproc_dwi.nii.gz	0.010351966873706	0.8737577591541309	0.5791517033200183	0.6840973496437073	0.8828974846682954	0.6860106587409973	0.5752006585801062	0.6906563530155192	0.6924822425447363	sub-20966	ses-3				space-ACPC			DSIStudio	autotrackgqi
ProjectionBrainstem_MedialForebrainBundleL	rd2	DSIStudio	/scratch/executivefunction/SLURM_8364170_116/job-8364170-116-sub-20966-ses-3/ds/inputs/data/qsiprep/qsiprep/sub-20966/ses-3/dwi/sub-20966_ses-3_space-ACPC_desc-preproc_dwi.nii.gz	0.010351966873706	0.6797291416600295	0.5645983077791724	0.4884020984172821	0.6868392791250926	0.490277037024498	0.5632247817243614	0.5095498231616494	0.5108969211233882	sub-20966	ses-3				space-ACPC			DSIStudio	autotrackgqi
ProjectionBrainstem_MedialForebrainBundleL	rd	DSIStudio	/scratch/executivefunction/SLURM_8364170_116/job-8364170-116-sub-20966-ses-3/ds/inputs/data/qsiprep/qsiprep/sub-20966/ses-3/dwi/sub-20966_ses-3_space-ACPC_desc-preproc_dwi.nii.gz	0.010351966873706	0.7767434501808376	0.5688624093087286	0.5810002088546753	0.7848683816680848	0.5833606421947479	0.5662264764090061	0.6001030870965962	0.6016895808394518	sub-20966	ses-3				space-ACPC			DSIStudio	autotrackgqi
ProjectionBrainstem_MedialForebrainBundleL	txx	DSIStudio	/scratch/executivefunction/SLURM_8364170_116/job-8364170-116-sub-20966-ses-3/ds/inputs/data/qsiprep/qsiprep/sub-20966/ses-3/dwi/sub-20966_ses-3_space-ACPC_desc-preproc_dwi.nii.gz	0.010351966873706	0.0008474570442183	0.0005779388847262	0.0006674046162515	0.0008563216576515	0.0006703276303596	0.0005743833715817	0.0006607345753421	0.0006624813605151	sub-20966	ses-3				space-ACPC			DSIStudio	autotrackgqi
ProjectionBrainstem_MedialForebrainBundleL	txy	DSIStudio	/scratch/executivefunction/SLURM_8364170_116/job-8364170-116-sub-20966-ses-3/ds/inputs/data/qsiprep/qsiprep/sub-20966/ses-3/dwi/sub-20966_ses-3_space-ACPC_desc-preproc_dwi.nii.gz	0.010351966873706	-1.3026285236390968e-05	0.000124623655192	-1.246923056896776e-05	-1.316254345016075e-05	-1.3447459878079826e-05	0.0001252665983716	-1.5241948820023848e-05	-1.528224380991763e-05	sub-20966	ses-3				space-ACPC			DSIStudio	autotrackgqi
ProjectionBrainstem_MedialForebrainBundleL	txz	DSIStudio	/scratch/executivefunction/SLURM_8364170_116/job-8364170-116-sub-20966-ses-3/ds/inputs/data/qsiprep/qsiprep/sub-20966/ses-3/dwi/sub-20966_ses-3_space-ACPC_desc-preproc_dwi.nii.gz	0.010351966873706	5.7363141308511536e-05	0.0001137960121938	5.26398180227261e-05	5.796317416738718e-05	5.3989511798135936e-05	0.0001142375067211	5.076382680380198e-05	5.089803102221358e-05	sub-20966	ses-3				space-ACPC			DSIStudio	autotrackgqi
ProjectionBrainstem_MedialForebrainBundleL	tyy	DSIStudio	/scratch/executivefunction/SLURM_8364170_116/job-8364170-116-sub-20966-ses-3/ds/inputs/data/qsiprep/qsiprep/sub-20966/ses-3/dwi/sub-20966_ses-3_space-ACPC_desc-preproc_dwi.nii.gz	0.010351966873706	0.0009810686796223	0.0005841374886708	0.0008474512142129	0.0009913309043046	0.000851461169077	0.0005784570481484	0.000812151345542	0.000814298431379	sub-20966	ses-3				space-ACPC			DSIStudio	autotrackgqi
ProjectionBrainstem_MedialForebrainBundleL	tyz	DSIStudio	/scratch/executivefunction/SLURM_8364170_116/job-8364170-116-sub-20966-ses-3/ds/inputs/data/qsiprep/qsiprep/sub-20966/ses-3/dwi/sub-20966_ses-3_space-ACPC_desc-preproc_dwi.nii.gz	0.010351966873706	-0.0001252159233602	0.0001876266118959	-0.0001096295382012	-0.0001265257133535	-0.0001125089474953	0.0001881655212676	-0.0001673674264231	-0.0001678098962638	sub-20966	ses-3				space-ACPC			DSIStudio	autotrackgqi
ProjectionBrainstem_MedialForebrainBundleL	tzz	DSIStudio	/scratch/executivefunction/SLURM_8364170_116/job-8364170-116-sub-20966-ses-3/ds/inputs/data/qsiprep/qsiprep/sub-20966/ses-3/dwi/sub-20966_ses-3_space-ACPC_desc-preproc_dwi.nii.gz	0.010351966873706	0.0011171930974882	0.0006494128821027	0.0009511846001259	0.0011288792177548	0.0009527994843665	0.0006426167979346	0.0010189613089286	0.0010216551392782	sub-20966	ses-3				space-ACPC			DSIStudio	autotrackgqi
ProjectionBrainstem_CorticobulbarTractR	ad	DSIStudio	/scratch/executivefunction/SLURM_8364170_116/job-8364170-116-sub-20966-ses-3/ds/inputs/data/qsiprep/qsiprep/sub-20966/ses-3/dwi/sub-20966_ses-3_space-ACPC_desc-preproc_dwi.nii.gz	0.0	1.188475255315954	0.2578521926359354	1.1169958114624023	1.188475255315954	1.1169958114624023	0.2578521926359354	1.251624151505606	1.251624151505606	sub-20966	ses-3				space-ACPC			DSIStudio	autotrackgqi
ProjectionBrainstem_CorticobulbarTractR	dti_fa	DSIStudio	/scratch/executivefunction/SLURM_8364170_116/job-8364170-116-sub-20966-ses-3/ds/inputs/data/qsiprep/qsiprep/sub-20966/ses-3/dwi/sub-20966_ses-3_space-ACPC_desc-preproc_dwi.nii.gz	0.0	0.4598014347119765	0.1949392460708947	0.4514946937561035	0.4598014347119765	0.4514946937561035	0.1949392460708947	0.5195132108770438	0.5195132108770438	sub-20966	ses-3				space-ACPC			DSIStudio	autotrackgqi
ProjectionBrainstem_CorticobulbarTractR	gfa	DSIStudio	/scratch/executivefunction/SLURM_8364170_116/job-8364170-116-sub-20966-ses-3/ds/inputs/data/qsiprep/qsiprep/sub-20966/ses-3/dwi/sub-20966_ses-3_space-ACPC_desc-preproc_dwi.nii.gz	0.0	0.0992488456178795	0.0412647720782751	0.0961453840136528	0.0992488456178795	0.0961453840136528	0.0412647720782751	0.1120755893364102	0.1120755893364102	sub-20966	ses-3				space-ACPC			DSIStudio	autotrackgqi
ProjectionBrainstem_CorticobulbarTractR	ha	DSIStudio	/scratch/executivefunction/SLURM_8364170_116/job-8364170-116-sub-20966-ses-3/ds/inputs/data/qsiprep/qsiprep/sub-20966/ses-3/dwi/sub-20966_ses-3_space-ACPC_desc-preproc_dwi.nii.gz	0.0	24.685830056667328	30.999354889176782	34.31678009033203	24.685830056667328	34.31678009033203	30.999354889176782	33.769237755124294	33.769237755124294	sub-20966	ses-3				space-ACPC			DSIStudio	autotrackgqi
ProjectionBrainstem_CorticobulbarTractR	iso	DSIStudio	/scratch/executivefunction/SLURM_8364170_116/job-8364170-116-sub-20966-ses-3/ds/inputs/data/qsiprep/qsiprep/sub-20966/ses-3/dwi/sub-20966_ses-3_space-ACPC_desc-preproc_dwi.nii.gz	0.0	0.5543582224845887	0.086152695246833	0.5536481142044067	0.5543582224845887	0.5536481142044067	0.086152695246833	0.5351269920688426	0.5351269920688426	sub-20966	ses-3				space-ACPC			DSIStudio	autotrackgqi
ProjectionBrainstem_CorticobulbarTractR	md	DSIStudio	/scratch/executivefunction/SLURM_8364170_116/job-8364170-116-sub-20966-ses-3/ds/inputs/data/qsiprep/qsiprep/sub-20966/ses-3/dwi/sub-20966_ses-3_space-ACPC_desc-preproc_dwi.nii.gz	0.0	0.7609642141515558	0.1177776885974436	0.7448884844779968	0.7609642141515558	0.7448884844779968	0.1177776885974436	0.7541400827132303	0.7541400827132303	sub-20966	ses-3				space-ACPC			DSIStudio	autotrackgqi
ProjectionBrainstem_CorticobulbarTractR	qa	DSIStudio	/scratch/executivefunction/SLURM_8364170_116/job-8364170-116-sub-20966-ses-3/ds/inputs/data/qsiprep/qsiprep/sub-20966/ses-3/dwi/sub-20966_ses-3_space-ACPC_desc-preproc_dwi.nii.gz	0.0	0.2523243921588767	0.1071327047074499	0.2325544953346252	0.2523243921588767	0.2325544953346252	0.1071327047074499	0.2802386376954134	0.2802386376954134	sub-20966	ses-3				space-ACPC			DSIStudio	autotrackgqi
ProjectionBrainstem_CorticobulbarTractR	rd1	DSIStudio	/scratch/executivefunction/SLURM_8364170_116/job-8364170-116-sub-20966-ses-3/ds/inputs/data/qsiprep/qsiprep/sub-20966/ses-3/dwi/sub-20966_ses-3_space-ACPC_desc-preproc_dwi.nii.gz	0.0	0.6496502470970154	0.174183786972988	0.6590470671653748	0.6496502470970154	0.6590470671653748	0.174183786972988	0.6112859205092546	0.6112859205092546	sub-20966	ses-3				space-ACPC			DSIStudio	autotrackgqi
ProjectionBrainstem_CorticobulbarTractR	rd2	DSIStudio	/scratch/executivefunction/SLURM_8364170_116/job-8364170-116-sub-20966-ses-3/ds/inputs/data/qsiprep/qsiprep/sub-20966/ses-3/dwi/sub-20966_ses-3_space-ACPC_desc-preproc_dwi.nii.gz	0.0	0.4447671378742565	0.1786146495760445	0.4247806072235107	0.4447671378742565	0.4247806072235107	0.1786146495760445	0.3995101675951821	0.3995101675951821	sub-20966	ses-3				space-ACPC			DSIStudio	autotrackgqi
ProjectionBrainstem_CorticobulbarTractR	rd	DSIStudio	/scratch/executivefunction/SLURM_8364170_116/job-8364170-116-sub-20966-ses-3/ds/inputs/data/qsiprep/qsiprep/sub-20966/ses-3/dwi/sub-20966_ses-3_space-ACPC_desc-preproc_dwi.nii.gz	0.0	0.5472086908600547	0.1660249660198289	0.5467309355735779	0.5472086908600547	0.5467309355735779	0.1660249660198289	0.5053980439081711	0.5053980439081711	sub-20966	ses-3				space-ACPC			DSIStudio	autotrackgqi
ProjectionBrainstem_CorticobulbarTractR	txx	DSIStudio	/scratch/executivefunction/SLURM_8364170_116/job-8364170-116-sub-20966-ses-3/ds/inputs/data/qsiprep/qsiprep/sub-20966/ses-3/dwi/sub-20966_ses-3_space-ACPC_desc-preproc_dwi.nii.gz	0.0	0.0007555841544473	0.0002147970963277	0.0007779516163282	0.0007555841544473	0.0007779516163282	0.0002147970963277	0.0006949977181399	0.0006949977181399	sub-20966	ses-3				space-ACPC			DSIStudio	autotrackgqi
ProjectionBrainstem_CorticobulbarTractR	txy	DSIStudio	/scratch/executivefunction/SLURM_8364170_116/job-8364170-116-sub-20966-ses-3/ds/inputs/data/qsiprep/qsiprep/sub-20966/ses-3/dwi/sub-20966_ses-3_space-ACPC_desc-preproc_dwi.nii.gz	0.0	0.0001129951379913	0.000115207506877	9.973152191378176e-05	0.0001129951379913	9.973152191378176e-05	0.000115207506877	0.0001339956492107	0.0001339956492107	sub-20966	ses-3				space-ACPC			DSIStudio	autotrackgqi
ProjectionBrainstem_CorticobulbarTractR	txz	DSIStudio	/scratch/executivefunction/SLURM_8364170_116/job-8364170-116-sub-20966-ses-3/ds/inputs/data/qsiprep/qsiprep/sub-20966/ses-3/dwi/sub-20966_ses-3_space-ACPC_desc-preproc_dwi.nii.gz	0.0	-2.94689229320449e-05	0.0001987019924377	-3.504844062263146e-05	-2.94689229320449e-05	-3.504844062263146e-05	0.0001987019924377	-8.104110831186402e-05	-8.104110831186402e-05	sub-20966	ses-3				space-ACPC			DSIStudio	autotrackgqi
ProjectionBrainstem_CorticobulbarTractR	tyy	DSIStudio	/scratch/executivefunction/SLURM_8364170_116/job-8364170-116-sub-20966-ses-3/ds/inputs/data/qsiprep/qsiprep/sub-20966/ses-3/dwi/sub-20966_ses-3_space-ACPC_desc-preproc_dwi.nii.gz	0.0	0.0006989865115081	0.0002051272184341	0.0006729150190949	0.0006989865115081	0.0006729150190949	0.0002051272184341	0.0007004749467526	0.0007004749467526	sub-20966	ses-3				space-ACPC			DSIStudio	autotrackgqi
ProjectionBrainstem_CorticobulbarTractR	tyz	DSIStudio	/scratch/executivefunction/SLURM_8364170_116/job-8364170-116-sub-20966-ses-3/ds/inputs/data/qsiprep/qsiprep/sub-20966/ses-3/dwi/sub-20966_ses-3_space-ACPC_desc-preproc_dwi.nii.gz	0.0	-0.000172370798945	0.0002056339300911	-0.0001371084363199	-0.000172370798945	-0.0001371084363199	0.0002056339300911	-0.0002483808013302	-0.0002483808013302	sub-20966	ses-3				space-ACPC			DSIStudio	autotrackgqi
ProjectionBrainstem_CorticobulbarTractR	tzz	DSIStudio	/scratch/executivefunction/SLURM_8364170_116/job-8364170-116-sub-20966-ses-3/ds/inputs/data/qsiprep/qsiprep/sub-20966/ses-3/dwi/sub-20966_ses-3_space-ACPC_desc-preproc_dwi.nii.gz	0.0	0.0008283219784921	0.000224652304466	0.000792232400272	0.0008283219784921	0.000792232400272	0.000224652304466	0.0008669475854816	0.0008669475854816	sub-20966	ses-3				space-ACPC			DSIStudio	autotrackgqi
ProjectionBasalGanglia_AnsaSubthalamicaL	ad	DSIStudio	/scratch/executivefunction/SLURM_8364170_116/job-8364170-116-sub-20966-ses-3/ds/inputs/data/qsiprep/qsiprep/sub-20966/ses-3/dwi/sub-20966_ses-3_space-ACPC_desc-preproc_dwi.nii.gz	0.0	1.2737433498679347	0.5652787903808516	1.093132734298706	1.2737433498679347	1.093132734298706	0.5652787903808516	1.292114280894246	1.292114280894246	sub-20966	ses-3				space-ACPC			DSIStudio	autotrackgqi
ProjectionBasalGanglia_AnsaSubthalamicaL	dti_fa	DSIStudio	/scratch/executivefunction/SLURM_8364170_116/job-8364170-116-sub-20966-ses-3/ds/inputs/data/qsiprep/qsiprep/sub-20966/ses-3/dwi/sub-20966_ses-3_space-ACPC_desc-preproc_dwi.nii.gz	0.0	0.3812709821059423	0.1590270141588387	0.3600052297115326	0.3812709821059423	0.3600052297115326	0.1590270141588387	0.4090965038535045	0.4090965038535045	sub-20966	ses-3				space-ACPC			DSIStudio	autotrackgqi
ProjectionBasalGanglia_AnsaSubthalamicaL	gfa	DSIStudio	/scratch/executivefunction/SLURM_8364170_116/job-8364170-116-sub-20966-ses-3/ds/inputs/data/qsiprep/qsiprep/sub-20966/ses-3/dwi/sub-20966_ses-3_space-ACPC_desc-preproc_dwi.nii.gz	0.0	0.0800913978770969	0.0326690388065924	0.0741851702332496	0.0800913978770969	0.0741851702332496	0.0326690388065924	0.0861310854644733	0.0861310854644733	sub-20966	ses-3				space-ACPC			DSIStudio	autotrackgqi
ProjectionBasalGanglia_AnsaSubthalamicaL	ha	DSIStudio	/scratch/executivefunction/SLURM_8364170_116/job-8364170-116-sub-20966-ses-3/ds/inputs/data/qsiprep/qsiprep/sub-20966/ses-3/dwi/sub-20966_ses-3_space-ACPC_desc-preproc_dwi.nii.gz	0.0	1.6066896263403956	33.83768188197596	5.595635414123535	1.6066896263403956	5.595635414123535	33.83768188197596	1.1036280746401732	1.1036280746401732	sub-20966	ses-3				space-ACPC			DSIStudio	autotrackgqi
ProjectionBasalGanglia_AnsaSubthalamicaL	iso	DSIStudio	/scratch/executivefunction/SLURM_8364170_116/job-8364170-116-sub-20966-ses-3/ds/inputs/data/qsiprep/qsiprep/sub-20966/ses-3/dwi/sub-20966_ses-3_space-ACPC_desc-preproc_dwi.nii.gz	0.0	0.4745913354619857	0.1209792473759179	0.4768455624580383	0.4745913354619857	0.4768455624580383	0.1209792473759179	0.4727638452101755	0.4727638452101755	sub-20966	ses-3				space-ACPC			DSIStudio	autotrackgqi
ProjectionBasalGanglia_AnsaSubthalamicaL	md	DSIStudio	/scratch/executivefunction/SLURM_8364170_116/job-8364170-116-sub-20966-ses-3/ds/inputs/data/qsiprep/qsiprep/sub-20966/ses-3/dwi/sub-20966_ses-3_space-ACPC_desc-preproc_dwi.nii.gz	0.0	0.900280388358422	0.4782909001683436	0.7649686336517334	0.900280388358422	0.7649686336517334	0.4782909001683436	0.8888179733422711	0.8888179733422711	sub-20966	ses-3				space-ACPC			DSIStudio	autotrackgqi
ProjectionBasalGanglia_AnsaSubthalamicaL	qa	DSIStudio	/scratch/executivefunction/SLURM_8364170_116/job-8364170-116-sub-20966-ses-3/ds/inputs/data/qsiprep/qsiprep/sub-20966/ses-3/dwi/sub-20966_ses-3_space-ACPC_desc-preproc_dwi.nii.gz	0.0	0.1704054923668023	0.0780706391411453	0.1579018831253051	0.1704054923668023	0.1579018831253051	0.0780706391411453	0.1847216956410099	0.1847216956410099	sub-20966	ses-3				space-ACPC			DSIStudio	autotrackgqi
ProjectionBasalGanglia_AnsaSubthalamicaL	rd1	DSIStudio	/scratch/executivefunction/SLURM_8364170_116/job-8364170-116-sub-20966-ses-3/ds/inputs/data/qsiprep/qsiprep/sub-20966/ses-3/dwi/sub-20966_ses-3_space-ACPC_desc-preproc_dwi.nii.gz	0.0	0.8138563787349035	0.4750841928412769	0.6990116238594055	0.8138563787349035	0.6990116238594055	0.4750841928412769	0.7972978743399539	0.7972978743399539	sub-20966	ses-3				space-ACPC			DSIStudio	autotrackgqi
ProjectionBasalGanglia_AnsaSubthalamicaL	rd2	DSIStudio	/scratch/executivefunction/SLURM_8364170_116/job-8364170-116-sub-20966-ses-3/ds/inputs/data/qsiprep/qsiprep/sub-20966/ses-3/dwi/sub-20966_ses-3_space-ACPC_desc-preproc_dwi.nii.gz	0.0	0.6132414421699305	0.4634120201105568	0.511397123336792	0.6132414421699305	0.511397123336792	0.4634120201105568	0.5770417834636794	0.5770417834636794	sub-20966	ses-3				space-ACPC			DSIStudio	autotrackgqi
ProjectionBasalGanglia_AnsaSubthalamicaL	rd	DSIStudio	/scratch/executivefunction/SLURM_8364170_116/job-8364170-116-sub-20966-ses-3/ds/inputs/data/qsiprep/qsiprep/sub-20966/ses-3/dwi/sub-20966_ses-3_space-ACPC_desc-preproc_dwi.nii.gz	0.0	0.713548912551869	0.4660676278104815	0.5973634719848633	0.713548912551869	0.5973634719848633	0.4660676278104815	0.6871698325254127	0.6871698325254127	sub-20966	ses-3				space-ACPC			DSIStudio	autotrackgqi
ProjectionBasalGanglia_AnsaSubthalamicaL	txx	DSIStudio	/scratch/executivefunction/SLURM_8364170_116/job-8364170-116-sub-20966-ses-3/ds/inputs/data/qsiprep/qsiprep/sub-20966/ses-3/dwi/sub-20966_ses-3_space-ACPC_desc-preproc_dwi.nii.gz	0.0	0.0009192837016419	0.0004956264018233	0.0007746331975795	0.0009192837016419	0.0007746331975795	0.0004956264018233	0.0009152941769385	0.0009152941769385	sub-20966	ses-3				space-ACPC			DSIStudio	autotrackgqi
ProjectionBasalGanglia_AnsaSubthalamicaL	txy	DSIStudio	/scratch/executivefunction/SLURM_8364170_116/job-8364170-116-sub-20966-ses-3/ds/inputs/data/qsiprep/qsiprep/sub-20966/ses-3/dwi/sub-20966_ses-3_space-ACPC_desc-preproc_dwi.nii.gz	0.0	5.607779857126303e-06	0.0002124649794493	-1.9782381059485488e-05	5.607779857126303e-06	-1.9782381059485488e-05	0.0002124649794493	-5.805011661266973e-06	-5.805011661266973e-06	sub-20966	ses-3				space-ACPC			DSIStudio	autotrackgqi
ProjectionBasalGanglia_AnsaSubthalamicaL	txz	DSIStudio	/scratch/executivefunction/SLURM_8364170_116/job-8364170-116-sub-20966-ses-3/ds/inputs/data/qsiprep/qsiprep/sub-20966/ses-3/dwi/sub-20966_ses-3_space-ACPC_desc-preproc_dwi.nii.gz	0.0	5.656155203364575e-05	0.0001651523923889	4.937503763358109e-05	5.656155203364575e-05	4.937503763358109e-05	0.0001651523923889	6.467611554567001e-05	6.467611554567001e-05	sub-20966	ses-3				space-ACPC			DSIStudio	autotrackgqi
ProjectionBasalGanglia_AnsaSubthalamicaL	tyy	DSIStudio	/scratch/executivefunction/SLURM_8364170_116/job-8364170-116-sub-20966-ses-3/ds/inputs/data/qsiprep/qsiprep/sub-20966/ses-3/dwi/sub-20966_ses-3_space-ACPC_desc-preproc_dwi.nii.gz	0.0	0.0009345405102633	0.0005474541814271	0.0008087254245765	0.0009345405102633	0.0008087254245765	0.0005474541814271	0.0009264254567058	0.0009264254567058	sub-20966	ses-3				space-ACPC			DSIStudio	autotrackgqi
ProjectionBasalGanglia_AnsaSubthalamicaL	tyz	DSIStudio	/scratch/executivefunction/SLURM_8364170_116/job-8364170-116-sub-20966-ses-3/ds/inputs/data/qsiprep/qsiprep/sub-20966/ses-3/dwi/sub-20966_ses-3_space-ACPC_desc-preproc_dwi.nii.gz	0.0	-8.011282091856146e-06	0.0001557203366316	-7.360906238318421e-06	-8.011282091856146e-06	-7.360906238318421e-06	0.0001557203366316	-1.3622199943140204e-05	-1.3622199943140204e-05	sub-20966	ses-3				space-ACPC			DSIStudio	autotrackgqi
ProjectionBasalGanglia_AnsaSubthalamicaL	tzz	DSIStudio	/scratch/executivefunction/SLURM_8364170_116/job-8364170-116-sub-20966-ses-3/ds/inputs/data/qsiprep/qsiprep/sub-20966/ses-3/dwi/sub-20966_ses-3_space-ACPC_desc-preproc_dwi.nii.gz	0.0	0.0008470169618678	0.0004895780868938	0.0007185821305029	0.0008470169618678	0.0007185821305029	0.0004895780868938	0.0008247343047298	0.0008247343047298	sub-20966	ses-3				space-ACPC			DSIStudio	autotrackgqi
ProjectionBasalGanglia_AcousticRadiationR	ad	DSIStudio	/scratch/executivefunction/SLURM_8364170_116/job-8364170-116-sub-20966-ses-3/ds/inputs/data/qsiprep/qsiprep/sub-20966/ses-3/dwi/sub-20966_ses-3_space-ACPC_desc-preproc_dwi.nii.gz	0.0	1.307920538107455	0.4418499414272579	1.209980607032776	1.307920538107455	1.209980607032776	0.4418499414272579	1.2751755577454238	1.2751755577454238	sub-20966	ses-3				space-ACPC			DSIStudio	autotrackgqi
ProjectionBasalGanglia_AcousticRadiationR	dti_fa	DSIStudio	/scratch/executivefunction/SLURM_8364170_116/job-8364170-116-sub-20966-ses-3/ds/inputs/data/qsiprep/qsiprep/sub-20966/ses-3/dwi/sub-20966_ses-3_space-ACPC_desc-preproc_dwi.nii.gz	0.0	0.4294062954811141	0.1808667975036449	0.418706864118576	0.4294062954811141	0.418706864118576	0.1808667975036449	0.4553724142706016	0.4553724142706016	sub-20966	ses-3				space-ACPC			DSIStudio	autotrackgqi
ProjectionBasalGanglia_AcousticRadiationR	gfa	DSIStudio	/scratch/executivefunction/SLURM_8364170_116/job-8364170-116-sub-20966-ses-3/ds/inputs/data/qsiprep/qsiprep/sub-20966/ses-3/dwi/sub-20966_ses-3_space-ACPC_desc-preproc_dwi.nii.gz	0.0	0.0963013180841227	0.0372314682151623	0.0942872911691665	0.0963013180841227	0.0942872911691665	0.0372314682151623	0.1005586130953486	0.1005586130953486	sub-20966	ses-3				space-ACPC			DSIStudio	autotrackgqi
ProjectionBasalGanglia_AcousticRadiationR	ha	DSIStudio	/scratch/executivefunction/SLURM_8364170_116/job-8364170-116-sub-20966-ses-3/ds/inputs/data/qsiprep/qsiprep/sub-20966/ses-3/dwi/sub-20966_ses-3_space-ACPC_desc-preproc_dwi.nii.gz	0.0	-12.34061381350029	39.257617174862006	-17.093103408813477	-12.34061381350029	-17.093103408813477	39.257617174862006	-21.44262323887652	-21.44262323887652	sub-20966	ses-3				space-ACPC			DSIStudio	autotrackgqi
ProjectionBasalGanglia_AcousticRadiationR	iso	DSIStudio	/scratch/executivefunction/SLURM_8364170_116/job-8364170-116-sub-20966-ses-3/ds/inputs/data/qsiprep/qsiprep/sub-20966/ses-3/dwi/sub-20966_ses-3_space-ACPC_desc-preproc_dwi.nii.gz	0.0	0.5185303470527687	0.079407527761226	0.5290538668632507	0.5185303470527687	0.5290538668632507	0.079407527761226	0.5239199155225887	0.5239199155225887	sub-20966	ses-3				space-ACPC			DSIStudio	autotrackgqi
ProjectionBasalGanglia_AcousticRadiationR	md	DSIStudio	/scratch/executivefunction/SLURM_8364170_116/job-8364170-116-sub-20966-ses-3/ds/inputs/data/qsiprep/qsiprep/sub-20966/ses-3/dwi/sub-20966_ses-3_space-ACPC_desc-preproc_dwi.nii.gz	0.0	0.8904438777521708	0.3896608856483898	0.7565155029296875	0.8904438777521708	0.7565155029296875	0.3896608856483898	0.8435783106809915	0.8435783106809915	sub-20966	ses-3				space-ACPC			DSIStudio	autotrackgqi
ProjectionBasalGanglia_AcousticRadiationR	qa	DSIStudio	/scratch/executivefunction/SLURM_8364170_116/job-8364170-116-sub-20966-ses-3/ds/inputs/data/qsiprep/qsiprep/sub-20966/ses-3/dwi/sub-20966_ses-3_space-ACPC_desc-preproc_dwi.nii.gz	0.0	0.2323657499239341	0.108758514414807	0.2176815122365951	0.2323657499239341	0.2176815122365951	0.108758514414807	0.2448249196056944	0.2448249196056944	sub-20966	ses-3				space-ACPC			DSIStudio	autotrackgqi
ProjectionBasalGanglia_AcousticRadiationR	rd1	DSIStudio	/scratch/executivefunction/SLURM_8364170_116/job-8364170-116-sub-20966-ses-3/ds/inputs/data/qsiprep/qsiprep/sub-20966/ses-3/dwi/sub-20966_ses-3_space-ACPC_desc-preproc_dwi.nii.gz	0.0	0.7971820496185378	0.4095422990140066	0.6954038739204407	0.7971820496185378	0.6954038739204407	0.4095422990140066	0.7453715385018571	0.7453715385018571	sub-20966	ses-3				space-ACPC			DSIStudio	autotrackgqi
ProjectionBasalGanglia_AcousticRadiationR	rd2	DSIStudio	/scratch/executivefunction/SLURM_8364170_116/job-8364170-116-sub-20966-ses-3/ds/inputs/data/qsiprep/qsiprep/sub-20966/ses-3/dwi/sub-20966_ses-3_space-ACPC_desc-preproc_dwi.nii.gz	0.0	0.5662290414217778	0.4030648355309539	0.4555177092552185	0.5662290414217778	0.4555177092552185	0.4030648355309539	0.5101878350128088	0.5101878350128088	sub-20966	ses-3				space-ACPC			DSIStudio	autotrackgqi
ProjectionBasalGanglia_AcousticRadiationR	rd	DSIStudio	/scratch/executivefunction/SLURM_8364170_116/job-8364170-116-sub-20966-ses-3/ds/inputs/data/qsiprep/qsiprep/sub-20966/ses-3/dwi/sub-20966_ses-3_space-ACPC_desc-preproc_dwi.nii.gz	0.0	0.6817055459012854	0.4019861121173461	0.5800946950912476	0.6817055459012854	0.5800946950912476	0.4019861121173461	0.6277796861460625	0.6277796861460625	sub-20966	ses-3				space-ACPC			DSIStudio	autotrackgqi
ProjectionBasalGanglia_AcousticRadiationR	txx	DSIStudio	/scratch/executivefunction/SLURM_8364170_116/job-8364170-116-sub-20966-ses-3/ds/inputs/data/qsiprep/qsiprep/sub-20966/ses-3/dwi/sub-20966_ses-3_space-ACPC_desc-preproc_dwi.nii.gz	0.0	0.0008622483908883	0.0004139882252976	0.00078604061855	0.0008622483908883	0.00078604061855	0.0004139882252976	0.0008240298722347	0.0008240298722347	sub-20966	ses-3				space-ACPC			DSIStudio	autotrackgqi
ProjectionBasalGanglia_AcousticRadiationR	txy	DSIStudio	/scratch/executivefunction/SLURM_8364170_116/job-8364170-116-sub-20966-ses-3/ds/inputs/data/qsiprep/qsiprep/sub-20966/ses-3/dwi/sub-20966_ses-3_space-ACPC_desc-preproc_dwi.nii.gz	0.0	7.316634036252127e-06	0.0001391422785105	1.2763060112774838e-05	7.316634036252127e-06	1.2763060112774838e-05	0.0001391422785105	2.9656673144595053e-07	2.9656673144595053e-07	sub-20966	ses-3				space-ACPC			DSIStudio	autotrackgqi
ProjectionBasalGanglia_AcousticRadiationR	txz	DSIStudio	/scratch/executivefunction/SLURM_8364170_116/job-8364170-116-sub-20966-ses-3/ds/inputs/data/qsiprep/qsiprep/sub-20966/ses-3/dwi/sub-20966_ses-3_space-ACPC_desc-preproc_dwi.nii.gz	0.0	-1.08667732932346e-05	0.0001820626167917	-1.3855677934770938e-05	-1.08667732932346e-05	-1.3855677934770938e-05	0.0001820626167917	4.745820512373197e-06	4.745820512373197e-06	sub-20966	ses-3				space-ACPC			DSIStudio	autotrackgqi
ProjectionBasalGanglia_AcousticRadiationR	tyy	DSIStudio	/scratch/executivefunction/SLURM_8364170_116/job-8364170-116-sub-20966-ses-3/ds/inputs/data/qsiprep/qsiprep/sub-20966/ses-3/dwi/sub-20966_ses-3_space-ACPC_desc-preproc_dwi.nii.gz	0.0	0.0008707386498992	0.0004597477388551	0.0007552723400294	0.0008707386498992	0.0007552723400294	0.0004597477388551	0.0007854416272689	0.0007854416272689	sub-20966	ses-3				space-ACPC			DSIStudio	autotrackgqi
ProjectionBasalGanglia_AcousticRadiationR	tyz	DSIStudio	/scratch/executivefunction/SLURM_8364170_116/job-8364170-116-sub-20966-ses-3/ds/inputs/data/qsiprep/qsiprep/sub-20966/ses-3/dwi/sub-20966_ses-3_space-ACPC_desc-preproc_dwi.nii.gz	0.0	0.000102248958965	0.0001985415362483	9.783364657778292e-05	0.000102248958965	9.783364657778292e-05	0.0001985415362483	0.000138504090601	0.000138504090601	sub-20966	ses-3				space-ACPC			DSIStudio	autotrackgqi
ProjectionBasalGanglia_AcousticRadiationR	tzz	DSIStudio	/scratch/executivefunction/SLURM_8364170_116/job-8364170-116-sub-20966-ses-3/ds/inputs/data/qsiprep/qsiprep/sub-20966/ses-3/dwi/sub-20966_ses-3_space-ACPC_desc-preproc_dwi.nii.gz	0.0	0.0009383445920675	0.0004713599139758	0.0007970482693053	0.0009383445920675	0.0007970482693053	0.0004713599139758	0.000921263429631	0.000921263429631	sub-20966	ses-3				space-ACPC			DSIStudio	autotrackgqi
ProjectionBrainstem_MedialForebrainBundleR	ad	DSIStudio	/scratch/executivefunction/SLURM_8364170_116/job-8364170-116-sub-20966-ses-3/ds/inputs/data/qsiprep/qsiprep/sub-20966/ses-3/dwi/sub-20966_ses-3_space-ACPC_desc-preproc_dwi.nii.gz	0.0110593713620488	1.3440798685492403	0.5779108323398252	1.180258810520172	1.359110779380574	1.1830416917800903	0.5632825066149036	1.358853043444526	1.362916150458859	sub-20966	ses-3				space-ACPC			DSIStudio	autotrackgqi
ProjectionBrainstem_MedialForebrainBundleR	dti_fa	DSIStudio	/scratch/executivefunction/SLURM_8364170_116/job-8364170-116-sub-20966-ses-3/ds/inputs/data/qsiprep/qsiprep/sub-20966/ses-3/dwi/sub-20966_ses-3_space-ACPC_desc-preproc_dwi.nii.gz	0.0110593713620488	0.3792010157610852	0.1646745103243234	0.3697434663772583	0.3834416392451704	0.3714915812015533	0.1606079737468835	0.4142630087138674	0.4155016964102753	sub-20966	ses-3				space-ACPC			DSIStudio	autotrackgqi
ProjectionBrainstem_MedialForebrainBundleR	gfa	DSIStudio	/scratch/executivefunction/SLURM_8364170_116/job-8364170-116-sub-20966-ses-3/ds/inputs/data/qsiprep/qsiprep/sub-20966/ses-3/dwi/sub-20966_ses-3_space-ACPC_desc-preproc_dwi.nii.gz	0.0104772991850989	0.0853412346030792	0.0342839802868426	0.0830693989992141	0.0862448476753471	0.0832779854536056	0.0333152315349315	0.0930888697761064	0.0933652777098827	sub-20966	ses-3				space-ACPC			DSIStudio	autotrackgqi
ProjectionBrainstem_MedialForebrainBundleR	ha	DSIStudio	/scratch/executivefunction/SLURM_8364170_116/job-8364170-116-sub-20966-ses-3/ds/inputs/data/qsiprep/qsiprep/sub-20966/ses-3/dwi/sub-20966_ses-3_space-ACPC_desc-preproc_dwi.nii.gz	0.0110593713620488	8.840280019358948	49.317614472498754	15.292292594909668	8.93914130268315	15.829338073730469	49.58369769113091	5.949798619781522	5.967589111826885	sub-20966	ses-3				space-ACPC			DSIStudio	autotrackgqi
ProjectionBrainstem_MedialForebrainBundleR	iso	DSIStudio	/scratch/executivefunction/SLURM_8364170_116/job-8364170-116-sub-20966-ses-3/ds/inputs/data/qsiprep/qsiprep/sub-20966/ses-3/dwi/sub-20966_ses-3_space-ACPC_desc-preproc_dwi.nii.gz	0.0104772991850989	0.5188547133089356	0.1343709241815241	0.5514347851276398	0.5243484690969126	0.5535668134689331	0.1239599902791723	0.5483299643729693	0.5499581155422685	sub-20966	ses-3				space-ACPC			DSIStudio	autotrackgqi
ProjectionBrainstem_MedialForebrainBundleR	md	DSIStudio	/scratch/executivefunction/SLURM_8364170_116/job-8364170-116-sub-20966-ses-3/ds/inputs/data/qsiprep/qsiprep/sub-20966/ses-3/dwi/sub-20966_ses-3_space-ACPC_desc-preproc_dwi.nii.gz	0.0110593713620488	0.96240897591164	0.5217372134148645	0.7718900740146637	0.9731716425051192	0.7739755511283875	0.5145677142327083	0.9390100404270916	0.9418177749864878	sub-20966	ses-3				space-ACPC			DSIStudio	autotrackgqi
ProjectionBrainstem_MedialForebrainBundleR	qa	DSIStudio	/scratch/executivefunction/SLURM_8364170_116/job-8364170-116-sub-20966-ses-3/ds/inputs/data/qsiprep/qsiprep/sub-20966/ses-3/dwi/sub-20966_ses-3_space-ACPC_desc-preproc_dwi.nii.gz	0.0104772991850989	0.2066175695742921	0.1030511397406317	0.1920628920197487	0.2088052850168434	0.1929845139384269	0.1013665280852162	0.2370517649280513	0.237755640611375	sub-20966	ses-3				space-ACPC			DSIStudio	autotrackgqi
ProjectionBrainstem_MedialForebrainBundleR	rd1	DSIStudio	/scratch/executivefunction/SLURM_8364170_116/job-8364170-116-sub-20966-ses-3/ds/inputs/data/qsiprep/qsiprep/sub-20966/ses-3/dwi/sub-20966_ses-3_space-ACPC_desc-preproc_dwi.nii.gz	0.0110593713620488	0.8738660723387293	0.5308787604086999	0.707462728023529	0.8836385593160312	0.7093408703804016	0.5256887442695617	0.8319182811368065	0.8344058007156816	sub-20966	ses-3				space-ACPC			DSIStudio	autotrackgqi
ProjectionBrainstem_MedialForebrainBundleR	rd2	DSIStudio	/scratch/executivefunction/SLURM_8364170_116/job-8364170-116-sub-20966-ses-3/ds/inputs/data/qsiprep/qsiprep/sub-20966/ses-3/dwi/sub-20966_ses-3_space-ACPC_desc-preproc_dwi.nii.gz	0.0110593713620488	0.6692809848520337	0.5067663743935069	0.5106874406337738	0.6767655868015267	0.5132145285606384	0.5045976417868006	0.6262587988880866	0.6281313759796098	sub-20966	ses-3				space-ACPC			DSIStudio	autotrackgqi
ProjectionBrainstem_MedialForebrainBundleR	rd	DSIStudio	/scratch/executivefunction/SLURM_8364170_116/job-8364170-116-sub-20966-ses-3/ds/inputs/data/qsiprep/qsiprep/sub-20966/ses-3/dwi/sub-20966_ses-3_space-ACPC_desc-preproc_dwi.nii.gz	0.0110593713620488	0.7715735287601789	0.515084817526386	0.6034608483314514	0.7802020732254193	0.6051956415176392	0.5114170139444744	0.7290885400019063	0.7312685883370739	sub-20966	ses-3				space-ACPC			DSIStudio	autotrackgqi
ProjectionBrainstem_MedialForebrainBundleR	txx	DSIStudio	/scratch/executivefunction/SLURM_8364170_116/job-8364170-116-sub-20966-ses-3/ds/inputs/data/qsiprep/qsiprep/sub-20966/ses-3/dwi/sub-20966_ses-3_space-ACPC_desc-preproc_dwi.nii.gz	0.0110593713620488	0.0008330929066262	0.0005192974403723	0.0006727717991452	0.0008424094252995	0.0006750389002263	0.0005146233956364	0.0007716825383356	0.0007739899468275	sub-20966	ses-3				space-ACPC			DSIStudio	autotrackgqi
ProjectionBrainstem_MedialForebrainBundleR	txy	DSIStudio	/scratch/executivefunction/SLURM_8364170_116/job-8364170-116-sub-20966-ses-3/ds/inputs/data/qsiprep/qsiprep/sub-20966/ses-3/dwi/sub-20966_ses-3_space-ACPC_desc-preproc_dwi.nii.gz	0.0110593713620488	7.322943191929883e-07	0.0001026588518062	4.76591412734706e-06	7.404836023387604e-07	6.310795015451731e-06	0.0001032312460018	-4.798125494286843e-06	-4.812472401250097e-06	sub-20966	ses-3				space-ACPC			DSIStudio	autotrackgqi
ProjectionBrainstem_MedialForebrainBundleR	txz	DSIStudio	/scratch/executivefunction/SLURM_8364170_116/job-8364170-116-sub-20966-ses-3/ds/inputs/data/qsiprep/qsiprep/sub-20966/ses-3/dwi/sub-20966_ses-3_space-ACPC_desc-preproc_dwi.nii.gz	0.0110593713620488	-1.6380983109323254e-05	0.0001124216468407	-1.1974071185250068e-05	-1.656417244368296e-05	-1.2727535249723587e-05	0.0001130350860495	2.8260191984344696e-06	2.834469290175965e-06	sub-20966	ses-3				space-ACPC			DSIStudio	autotrackgqi
ProjectionBrainstem_MedialForebrainBundleR	tyy	DSIStudio	/scratch/executivefunction/SLURM_8364170_116/job-8364170-116-sub-20966-ses-3/ds/inputs/data/qsiprep/qsiprep/sub-20966/ses-3/dwi/sub-20966_ses-3_space-ACPC_desc-preproc_dwi.nii.gz	0.0110593713620488	0.000983936499	0.0005621615909419	0.0008470319153275	0.0009949399089359	0.0008536329842172	0.0005555286248086	0.000961846530979	0.0009647225493473	sub-20966	ses-3				space-ACPC			DSIStudio	autotrackgqi
ProjectionBrainstem_MedialForebrainBundleR	tyz	DSIStudio	/scratch/executivefunction/SLURM_8364170_116/job-8364170-116-sub-20966-ses-3/ds/inputs/data/qsiprep/qsiprep/sub-20966/ses-3/dwi/sub-20966_ses-3_space-ACPC_desc-preproc_dwi.nii.gz	0.0110593713620488	-0.0001198165847235	0.0001876515270362	-0.000107363830466	-0.0001211564994438	-0.0001093797764042	0.0001882672196381	-0.0001413020309793	-0.0001417245380843	sub-20966	ses-3				space-ACPC			DSIStudio	autotrackgqi
ProjectionBrainstem_MedialForebrainBundleR	tzz	DSIStudio	/scratch/executivefunction/SLURM_8364170_116/job-8364170-116-sub-20966-ses-3/ds/inputs/data/qsiprep/qsiprep/sub-20966/ses-3/dwi/sub-20966_ses-3_space-ACPC_desc-preproc_dwi.nii.gz	0.0110593713620488	0.0010701975192802	0.0005929005332199	0.0009264218097086	0.0010821655904199	0.0009319143136963	0.0005852442193995	0.0010835010517099	0.0010867408285272	sub-20966	ses-3				space-ACPC			DSIStudio	autotrackgqi
ProjectionBrainstem_NonDecussatingDentatorubrothalamicTractL	ad	DSIStudio	/scratch/executivefunction/SLURM_8364170_116/job-8364170-116-sub-20966-ses-3/ds/inputs/data/qsiprep/qsiprep/sub-20966/ses-3/dwi/sub-20966_ses-3_space-ACPC_desc-preproc_dwi.nii.gz	0.0	1.1616300698846955	0.3068199466494809	1.1010375022888184	1.1616300698846955	1.1010375022888184	0.3068199466494809	1.2268516125678397	1.2268516125678397	sub-20966	ses-3				space-ACPC			DSIStudio	autotrackgqi
ProjectionBrainstem_NonDecussatingDentatorubrothalamicTractL	dti_fa	DSIStudio	/scratch/executivefunction/SLURM_8364170_116/job-8364170-116-sub-20966-ses-3/ds/inputs/data/qsiprep/qsiprep/sub-20966/ses-3/dwi/sub-20966_ses-3_space-ACPC_desc-preproc_dwi.nii.gz	0.0	0.4462828369922527	0.1779669992717455	0.4530428647994995	0.4462828369922527	0.4530428647994995	0.1779669992717455	0.5055939942479927	0.5055939942479927	sub-20966	ses-3				space-ACPC			DSIStudio	autotrackgqi
ProjectionBrainstem_NonDecussatingDentatorubrothalamicTractL	gfa	DSIStudio	/scratch/executivefunction/SLURM_8364170_116/job-8364170-116-sub-20966-ses-3/ds/inputs/data/qsiprep/qsiprep/sub-20966/ses-3/dwi/sub-20966_ses-3_space-ACPC_desc-preproc_dwi.nii.gz	0.0	0.0923524541165278	0.0370889401088112	0.0918127372860908	0.0923524541165278	0.0918127372860908	0.0370889401088112	0.1052171370710224	0.1052171370710224	sub-20966	ses-3				space-ACPC			DSIStudio	autotrackgqi
ProjectionBrainstem_NonDecussatingDentatorubrothalamicTractL	ha	DSIStudio	/scratch/executivefunction/SLURM_8364170_116/job-8364170-116-sub-20966-ses-3/ds/inputs/data/qsiprep/qsiprep/sub-20966/ses-3/dwi/sub-20966_ses-3_space-ACPC_desc-preproc_dwi.nii.gz	0.0	7.116530496858881	55.36043134836376	18.58138084411621	7.116530496858881	18.58138084411621	55.36043134836376	-9.02703060633115	-9.02703060633115	sub-20966	ses-3				space-ACPC			DSIStudio	autotrackgqi
ProjectionBrainstem_NonDecussatingDentatorubrothalamicTractL	iso	DSIStudio	/scratch/executivefunction/SLURM_8364170_116/job-8364170-116-sub-20966-ses-3/ds/inputs/data/qsiprep/qsiprep/sub-20966/ses-3/dwi/sub-20966_ses-3_space-ACPC_desc-preproc_dwi.nii.gz	0.0	0.593825692499542	0.0802500232758616	0.5960409641265869	0.593825692499542	0.5960409641265869	0.0802500232758616	0.599615921984161	0.599615921984161	sub-20966	ses-3				space-ACPC			DSIStudio	autotrackgqi
ProjectionBrainstem_NonDecussatingDentatorubrothalamicTractL	md	DSIStudio	/scratch/executivefunction/SLURM_8364170_116/job-8364170-116-sub-20966-ses-3/ds/inputs/data/qsiprep/qsiprep/sub-20966/ses-3/dwi/sub-20966_ses-3_space-ACPC_desc-preproc_dwi.nii.gz	0.0	0.7646572418623021	0.2316778975500965	0.7147417068481445	0.7646572418623021	0.7147417068481445	0.2316778975500965	0.7556349196849258	0.7556349196849258	sub-20966	ses-3				space-ACPC			DSIStudio	autotrackgqi
ProjectionBrainstem_NonDecussatingDentatorubrothalamicTractL	qa	DSIStudio	/scratch/executivefunction/SLURM_8364170_116/job-8364170-116-sub-20966-ses-3/ds/inputs/data/qsiprep/qsiprep/sub-20966/ses-3/dwi/sub-20966_ses-3_space-ACPC_desc-preproc_dwi.nii.gz	0.0	0.2525811533308419	0.1192308881177212	0.2453314363956451	0.2525811533308419	0.2453314363956451	0.1192308881177212	0.2967792926314097	0.2967792926314097	sub-20966	ses-3				space-ACPC			DSIStudio	autotrackgqi
ProjectionBrainstem_NonDecussatingDentatorubrothalamicTractL	rd1	DSIStudio	/scratch/executivefunction/SLURM_8364170_116/job-8364170-116-sub-20966-ses-3/ds/inputs/data/qsiprep/qsiprep/sub-20966/ses-3/dwi/sub-20966_ses-3_space-ACPC_desc-preproc_dwi.nii.gz	0.0	0.6728017093350898	0.2561712239272299	0.6389605402946472	0.6728017093350898	0.6389605402946472	0.2561712239272299	0.6268868500736607	0.6268868500736607	sub-20966	ses-3				space-ACPC			DSIStudio	autotrackgqi
ProjectionBrainstem_NonDecussatingDentatorubrothalamicTractL	rd2	DSIStudio	/scratch/executivefunction/SLURM_8364170_116/job-8364170-116-sub-20966-ses-3/ds/inputs/data/qsiprep/qsiprep/sub-20966/ses-3/dwi/sub-20966_ses-3_space-ACPC_desc-preproc_dwi.nii.gz	0.0	0.4595399447097532	0.2628324623699732	0.4089291393756866	0.4595399447097532	0.4089291393756866	0.2628324623699732	0.4131662950624034	0.4131662950624034	sub-20966	ses-3				space-ACPC			DSIStudio	autotrackgqi
ProjectionBrainstem_NonDecussatingDentatorubrothalamicTractL	rd	DSIStudio	/scratch/executivefunction/SLURM_8364170_116/job-8364170-116-sub-20966-ses-3/ds/inputs/data/qsiprep/qsiprep/sub-20966/ses-3/dwi/sub-20966_ses-3_space-ACPC_desc-preproc_dwi.nii.gz	0.0	0.566170827632951	0.2528679737447699	0.523191511631012	0.566170827632951	0.523191511631012	0.2528679737447699	0.5200265724596065	0.5200265724596065	sub-20966	ses-3				space-ACPC			DSIStudio	autotrackgqi
ProjectionBrainstem_NonDecussatingDentatorubrothalamicTractL	txx	DSIStudio	/scratch/executivefunction/SLURM_8364170_116/job-8364170-116-sub-20966-ses-3/ds/inputs/data/qsiprep/qsiprep/sub-20966/ses-3/dwi/sub-20966_ses-3_space-ACPC_desc-preproc_dwi.nii.gz	0.0	0.0006724498139294	0.0002654212586568	0.0006414139643311	0.0006724498139294	0.0006414139643311	0.0002654212586568	0.0006126829384791	0.0006126829384791	sub-20966	ses-3				space-ACPC			DSIStudio	autotrackgqi
ProjectionBrainstem_NonDecussatingDentatorubrothalamicTractL	txy	DSIStudio	/scratch/executivefunction/SLURM_8364170_116/job-8364170-116-sub-20966-ses-3/ds/inputs/data/qsiprep/qsiprep/sub-20966/ses-3/dwi/sub-20966_ses-3_space-ACPC_desc-preproc_dwi.nii.gz	0.0	-1.9698568605832578e-05	0.0001119902591551	-2.0689352822955694e-05	-1.9698568605832578e-05	-2.0689352822955694e-05	0.0001119902591551	7.050026176589591e-07	7.050026176589591e-07	sub-20966	ses-3				space-ACPC			DSIStudio	autotrackgqi
ProjectionBrainstem_NonDecussatingDentatorubrothalamicTractL	txz	DSIStudio	/scratch/executivefunction/SLURM_8364170_116/job-8364170-116-sub-20966-ses-3/ds/inputs/data/qsiprep/qsiprep/sub-20966/ses-3/dwi/sub-20966_ses-3_space-ACPC_desc-preproc_dwi.nii.gz	0.0	-1.7273726725026906e-05	0.0001837914320623	-3.546863081282936e-05	-1.7273726725026906e-05	-3.546863081282936e-05	0.0001837914320623	1.738320762221447e-05	1.738320762221447e-05	sub-20966	ses-3				space-ACPC			DSIStudio	autotrackgqi
ProjectionBrainstem_NonDecussatingDentatorubrothalamicTractL	tyy	DSIStudio	/scratch/executivefunction/SLURM_8364170_116/job-8364170-116-sub-20966-ses-3/ds/inputs/data/qsiprep/qsiprep/sub-20966/ses-3/dwi/sub-20966_ses-3_space-ACPC_desc-preproc_dwi.nii.gz	0.0	0.0006753717524089	0.0003276591503626	0.0006252091261558	0.0006753717524089	0.0006252091261558	0.0003276591503626	0.0006969654551582	0.0006969654551582	sub-20966	ses-3				space-ACPC			DSIStudio	autotrackgqi
ProjectionBrainstem_NonDecussatingDentatorubrothalamicTractL	tyz	DSIStudio	/scratch/executivefunction/SLURM_8364170_116/job-8364170-116-sub-20966-ses-3/ds/inputs/data/qsiprep/qsiprep/sub-20966/ses-3/dwi/sub-20966_ses-3_space-ACPC_desc-preproc_dwi.nii.gz	0.0	-1.9126337290220367e-05	0.0001830517125799	-2.0984691218473017e-05	-1.9126337290220367e-05	-2.0984691218473017e-05	0.0001830517125799	-9.359375071230296e-05	-9.359375071230296e-05	sub-20966	ses-3				space-ACPC			DSIStudio	autotrackgqi
ProjectionBrainstem_NonDecussatingDentatorubrothalamicTractL	tzz	DSIStudio	/scratch/executivefunction/SLURM_8364170_116/job-8364170-116-sub-20966-ses-3/ds/inputs/data/qsiprep/qsiprep/sub-20966/ses-3/dwi/sub-20966_ses-3_space-ACPC_desc-preproc_dwi.nii.gz	0.0	0.0009461501578344	0.0003146096288663	0.0009315460920333	0.0009461501578344	0.0009315460920333	0.0003146096288663	0.0009572563656214	0.0009572563656214	sub-20966	ses-3				space-ACPC			DSIStudio	autotrackgqi
ProjectionBasalGanglia_FasciculusLenticularisL	ad	DSIStudio	/scratch/executivefunction/SLURM_8364170_116/job-8364170-116-sub-20966-ses-3/ds/inputs/data/qsiprep/qsiprep/sub-20966/ses-3/dwi/sub-20966_ses-3_space-ACPC_desc-preproc_dwi.nii.gz	0.0	1.2096423467355115	0.4288238033443651	1.079886972904205	1.2096423467355115	1.079886972904205	0.4288238033443651	1.2001936658718146	1.2001936658718146	sub-20966	ses-3				space-ACPC			DSIStudio	autotrackgqi
ProjectionBasalGanglia_FasciculusLenticularisL	dti_fa	DSIStudio	/scratch/executivefunction/SLURM_8364170_116/job-8364170-116-sub-20966-ses-3/ds/inputs/data/qsiprep/qsiprep/sub-20966/ses-3/dwi/sub-20966_ses-3_space-ACPC_desc-preproc_dwi.nii.gz	0.0	0.3647400418429502	0.1511360675586431	0.3431129157543182	0.3647400418429502	0.3431129157543182	0.1511360675586431	0.4028199633462525	0.4028199633462525	sub-20966	ses-3				space-ACPC			DSIStudio	autotrackgqi
ProjectionBasalGanglia_FasciculusLenticularisL	gfa	DSIStudio	/scratch/executivefunction/SLURM_8364170_116/job-8364170-116-sub-20966-ses-3/ds/inputs/data/qsiprep/qsiprep/sub-20966/ses-3/dwi/sub-20966_ses-3_space-ACPC_desc-preproc_dwi.nii.gz	0.0	0.0774373794972364	0.0291031612685926	0.071961436420679	0.0774373794972364	0.071961436420679	0.0291031612685926	0.085406075093511	0.085406075093511	sub-20966	ses-3				space-ACPC			DSIStudio	autotrackgqi
ProjectionBasalGanglia_FasciculusLenticularisL	ha	DSIStudio	/scratch/executivefunction/SLURM_8364170_116/job-8364170-116-sub-20966-ses-3/ds/inputs/data/qsiprep/qsiprep/sub-20966/ses-3/dwi/sub-20966_ses-3_space-ACPC_desc-preproc_dwi.nii.gz	0.0	-4.593058646057865	37.26999044849845	-4.382167816162109	-4.593058646057865	-4.382167816162109	37.26999044849845	6.471360969103126	6.471360969103126	sub-20966	ses-3				space-ACPC			DSIStudio	autotrackgqi
ProjectionBasalGanglia_FasciculusLenticularisL	iso	DSIStudio	/scratch/executivefunction/SLURM_8364170_116/job-8364170-116-sub-20966-ses-3/ds/inputs/data/qsiprep/qsiprep/sub-20966/ses-3/dwi/sub-20966_ses-3_space-ACPC_desc-preproc_dwi.nii.gz	0.0	0.4881207450159958	0.0855253174685135	0.5001262724399567	0.4881207450159958	0.5001262724399567	0.0855253174685135	0.4945774611637634	0.4945774611637634	sub-20966	ses-3				space-ACPC			DSIStudio	autotrackgqi
ProjectionBasalGanglia_FasciculusLenticularisL	md	DSIStudio	/scratch/executivefunction/SLURM_8364170_116/job-8364170-116-sub-20966-ses-3/ds/inputs/data/qsiprep/qsiprep/sub-20966/ses-3/dwi/sub-20966_ses-3_space-ACPC_desc-preproc_dwi.nii.gz	0.0	0.8723146098532847	0.3757029926434844	0.7565314769744873	0.8723146098532847	0.7565314769744873	0.3757029926434844	0.8306661876831898	0.8306661876831898	sub-20966	ses-3				space-ACPC			DSIStudio	autotrackgqi
ProjectionBasalGanglia_FasciculusLenticularisL	qa	DSIStudio	/scratch/executivefunction/SLURM_8364170_116/job-8364170-116-sub-20966-ses-3/ds/inputs/data/qsiprep/qsiprep/sub-20966/ses-3/dwi/sub-20966_ses-3_space-ACPC_desc-preproc_dwi.nii.gz	0.0	0.1708674638432317	0.0691546215546882	0.1617812141776085	0.1708674638432317	0.1617812141776085	0.0691546215546882	0.1933363655729792	0.1933363655729792	sub-20966	ses-3				space-ACPC			DSIStudio	autotrackgqi
ProjectionBasalGanglia_FasciculusLenticularisL	rd1	DSIStudio	/scratch/executivefunction/SLURM_8364170_116/job-8364170-116-sub-20966-ses-3/ds/inputs/data/qsiprep/qsiprep/sub-20966/ses-3/dwi/sub-20966_ses-3_space-ACPC_desc-preproc_dwi.nii.gz	0.0	0.811005052046052	0.3801140497813654	0.718660831451416	0.811005052046052	0.718660831451416	0.3801140497813654	0.7683351147392812	0.7683351147392812	sub-20966	ses-3				space-ACPC			DSIStudio	autotrackgqi
ProjectionBasalGanglia_FasciculusLenticularisL	rd2	DSIStudio	/scratch/executivefunction/SLURM_8364170_116/job-8364170-116-sub-20966-ses-3/ds/inputs/data/qsiprep/qsiprep/sub-20966/ses-3/dwi/sub-20966_ses-3_space-ACPC_desc-preproc_dwi.nii.gz	0.0	0.5962964300132756	0.3747140775052697	0.5085860192775726	0.5962964300132756	0.5085860192775726	0.3747140775052697	0.5234697817850257	0.5234697817850257	sub-20966	ses-3				space-ACPC			DSIStudio	autotrackgqi
ProjectionBasalGanglia_FasciculusLenticularisL	rd	DSIStudio	/scratch/executivefunction/SLURM_8364170_116/job-8364170-116-sub-20966-ses-3/ds/inputs/data/qsiprep/qsiprep/sub-20966/ses-3/dwi/sub-20966_ses-3_space-ACPC_desc-preproc_dwi.nii.gz	0.0	0.7036507422636662	0.3741192723263193	0.6115025579929352	0.7036507422636662	0.6115025579929352	0.3741192723263193	0.6459024488445018	0.6459024488445018	sub-20966	ses-3				space-ACPC			DSIStudio	autotrackgqi
ProjectionBasalGanglia_FasciculusLenticularisL	txx	DSIStudio	/scratch/executivefunction/SLURM_8364170_116/job-8364170-116-sub-20966-ses-3/ds/inputs/data/qsiprep/qsiprep/sub-20966/ses-3/dwi/sub-20966_ses-3_space-ACPC_desc-preproc_dwi.nii.gz	0.0	0.0008241276884551	0.0004076324453778	0.0006902701279614	0.0008241276884551	0.0006902701279614	0.0004076324453778	0.0007234168235288	0.0007234168235288	sub-20966	ses-3				space-ACPC			DSIStudio	autotrackgqi
ProjectionBasalGanglia_FasciculusLenticularisL	txy	DSIStudio	/scratch/executivefunction/SLURM_8364170_116/job-8364170-116-sub-20966-ses-3/ds/inputs/data/qsiprep/qsiprep/sub-20966/ses-3/dwi/sub-20966_ses-3_space-ACPC_desc-preproc_dwi.nii.gz	0.0	-7.39733558928281e-05	0.0001457654425298	-7.019417898845859e-05	-7.39733558928281e-05	-7.019417898845859e-05	0.0001457654425298	-0.0001059894235666	-0.0001059894235666	sub-20966	ses-3				space-ACPC			DSIStudio	autotrackgqi
ProjectionBasalGanglia_FasciculusLenticularisL	txz	DSIStudio	/scratch/executivefunction/SLURM_8364170_116/job-8364170-116-sub-20966-ses-3/ds/inputs/data/qsiprep/qsiprep/sub-20966/ses-3/dwi/sub-20966_ses-3_space-ACPC_desc-preproc_dwi.nii.gz	0.0	1.0738410610144913e-05	0.0001226424077427	2.6557162527751643e-05	1.0738410610144913e-05	2.6557162527751643e-05	0.0001226424077427	1.2548988609522585e-05	1.2548988609522585e-05	sub-20966	ses-3				space-ACPC			DSIStudio	autotrackgqi
ProjectionBasalGanglia_FasciculusLenticularisL	tyy	DSIStudio	/scratch/executivefunction/SLURM_8364170_116/job-8364170-116-sub-20966-ses-3/ds/inputs/data/qsiprep/qsiprep/sub-20966/ses-3/dwi/sub-20966_ses-3_space-ACPC_desc-preproc_dwi.nii.gz	0.0	0.0009458525353173	0.0003990266247188	0.0008467249863315	0.0009458525353173	0.0008467249863315	0.0003990266247188	0.0009179192070036	0.0009179192070036	sub-20966	ses-3				space-ACPC			DSIStudio	autotrackgqi
ProjectionBasalGanglia_FasciculusLenticularisL	tyz	DSIStudio	/scratch/executivefunction/SLURM_8364170_116/job-8364170-116-sub-20966-ses-3/ds/inputs/data/qsiprep/qsiprep/sub-20966/ses-3/dwi/sub-20966_ses-3_space-ACPC_desc-preproc_dwi.nii.gz	0.0	1.9488592457582245e-05	0.0001456771106878	7.986582659214037e-06	1.9488592457582245e-05	7.986582659214037e-06	0.0001456771106878	0.0001058900909964	0.0001058900909964	sub-20966	ses-3				space-ACPC			DSIStudio	autotrackgqi
ProjectionBasalGanglia_FasciculusLenticularisL	tzz	DSIStudio	/scratch/executivefunction/SLURM_8364170_116/job-8364170-116-sub-20966-ses-3/ds/inputs/data/qsiprep/qsiprep/sub-20966/ses-3/dwi/sub-20966_ses-3_space-ACPC_desc-preproc_dwi.nii.gz	0.0	0.0008469636086114	0.0004492301298265	0.0007449311087839	0.0008469636086114	0.0007449311087839	0.0004492301298265	0.0008506625245699	0.0008506625245699	sub-20966	ses-3				space-ACPC			DSIStudio	autotrackgqi
ProjectionBrainstem_CorticospinalTractL	ad	DSIStudio	/scratch/executivefunction/SLURM_8364170_116/job-8364170-116-sub-20966-ses-3/ds/inputs/data/qsiprep/qsiprep/sub-20966/ses-3/dwi/sub-20966_ses-3_space-ACPC_desc-preproc_dwi.nii.gz	0.0	1.2127253778659517	0.2966137585457647	1.1436355710029602	1.2127253778659517	1.1436355710029602	0.2966137585457647	1.281822819195902	1.281822819195902	sub-20966	ses-3				space-ACPC			DSIStudio	autotrackgqi
ProjectionBrainstem_CorticospinalTractL	dti_fa	DSIStudio	/scratch/executivefunction/SLURM_8364170_116/job-8364170-116-sub-20966-ses-3/ds/inputs/data/qsiprep/qsiprep/sub-20966/ses-3/dwi/sub-20966_ses-3_space-ACPC_desc-preproc_dwi.nii.gz	0.0	0.4733222037499403	0.2050770336960677	0.4799602478742599	0.4733222037499403	0.4799602478742599	0.2050770336960677	0.5760993866092708	0.5760993866092708	sub-20966	ses-3				space-ACPC			DSIStudio	autotrackgqi
ProjectionBrainstem_CorticospinalTractL	gfa	DSIStudio	/scratch/executivefunction/SLURM_8364170_116/job-8364170-116-sub-20966-ses-3/ds/inputs/data/qsiprep/qsiprep/sub-20966/ses-3/dwi/sub-20966_ses-3_space-ACPC_desc-preproc_dwi.nii.gz	0.0	0.1012193918462679	0.0429018942605673	0.1012797988951206	0.1012193918462679	0.1012797988951206	0.0429018942605673	0.1216191374878377	0.1216191374878377	sub-20966	ses-3				space-ACPC			DSIStudio	autotrackgqi
ProjectionBrainstem_CorticospinalTractL	ha	DSIStudio	/scratch/executivefunction/SLURM_8364170_116/job-8364170-116-sub-20966-ses-3/ds/inputs/data/qsiprep/qsiprep/sub-20966/ses-3/dwi/sub-20966_ses-3_space-ACPC_desc-preproc_dwi.nii.gz	0.0	12.548157823011284	54.16761228813825	27.09787940979004	12.548157823011284	27.09787940979004	54.16761228813825	18.690441184034533	18.690441184034533	sub-20966	ses-3				space-ACPC			DSIStudio	autotrackgqi
ProjectionBrainstem_CorticospinalTractL	iso	DSIStudio	/scratch/executivefunction/SLURM_8364170_116/job-8364170-116-sub-20966-ses-3/ds/inputs/data/qsiprep/qsiprep/sub-20966/ses-3/dwi/sub-20966_ses-3_space-ACPC_desc-preproc_dwi.nii.gz	0.0	0.5873166362952141	0.0690908183443781	0.5838249623775482	0.5873166362952141	0.5838249623775482	0.0690908183443781	0.612886221120938	0.612886221120938	sub-20966	ses-3				space-ACPC			DSIStudio	autotrackgqi
ProjectionBrainstem_CorticospinalTractL	md	DSIStudio	/scratch/executivefunction/SLURM_8364170_116/job-8364170-116-sub-20966-ses-3/ds/inputs/data/qsiprep/qsiprep/sub-20966/ses-3/dwi/sub-20966_ses-3_space-ACPC_desc-preproc_dwi.nii.gz	0.0	0.7709035575389862	0.1833730211274271	0.726074606180191	0.7709035575389862	0.726074606180191	0.1833730211274271	0.7318709002788952	0.7318709002788952	sub-20966	ses-3				space-ACPC			DSIStudio	autotrackgqi
ProjectionBrainstem_CorticospinalTractL	qa	DSIStudio	/scratch/executivefunction/SLURM_8364170_116/job-8364170-116-sub-20966-ses-3/ds/inputs/data/qsiprep/qsiprep/sub-20966/ses-3/dwi/sub-20966_ses-3_space-ACPC_desc-preproc_dwi.nii.gz	0.0	0.2896541930041718	0.1508641285763851	0.2717733085155487	0.2896541930041718	0.2717733085155487	0.1508641285763851	0.3664980041718865	0.3664980041718865	sub-20966	ses-3				space-ACPC			DSIStudio	autotrackgqi
ProjectionBrainstem_CorticospinalTractL	rd1	DSIStudio	/scratch/executivefunction/SLURM_8364170_116/job-8364170-116-sub-20966-ses-3/ds/inputs/data/qsiprep/qsiprep/sub-20966/ses-3/dwi/sub-20966_ses-3_space-ACPC_desc-preproc_dwi.nii.gz	0.0	0.6541092778916342	0.2235797703647716	0.6315818428993225	0.6541092778916342	0.6315818428993225	0.2235797703647716	0.5730987743873421	0.5730987743873421	sub-20966	ses-3				space-ACPC			DSIStudio	autotrackgqi
ProjectionBrainstem_CorticospinalTractL	rd2	DSIStudio	/scratch/executivefunction/SLURM_8364170_116/job-8364170-116-sub-20966-ses-3/ds/inputs/data/qsiprep/qsiprep/sub-20966/ses-3/dwi/sub-20966_ses-3_space-ACPC_desc-preproc_dwi.nii.gz	0.0	0.4458760148686285	0.2459966613969143	0.401042491197586	0.4458760148686285	0.401042491197586	0.2459966613969143	0.3406911070056331	0.3406911070056331	sub-20966	ses-3				space-ACPC			DSIStudio	autotrackgqi
ProjectionBrainstem_CorticospinalTractL	rd	DSIStudio	/scratch/executivefunction/SLURM_8364170_116/job-8364170-116-sub-20966-ses-3/ds/inputs/data/qsiprep/qsiprep/sub-20966/ses-3/dwi/sub-20966_ses-3_space-ACPC_desc-preproc_dwi.nii.gz	0.0	0.5499926480553011	0.2270118982216354	0.5179978311061859	0.5499926480553011	0.5179978311061859	0.2270118982216354	0.4568949428557575	0.4568949428557575	sub-20966	ses-3				space-ACPC			DSIStudio	autotrackgqi
ProjectionBrainstem_CorticospinalTractL	txx	DSIStudio	/scratch/executivefunction/SLURM_8364170_116/job-8364170-116-sub-20966-ses-3/ds/inputs/data/qsiprep/qsiprep/sub-20966/ses-3/dwi/sub-20966_ses-3_space-ACPC_desc-preproc_dwi.nii.gz	0.0	0.0007114858018365	0.0002555892654705	0.0006660241924691	0.0007114858018365	0.0006660241924691	0.0002555892654705	0.0006300311692615	0.0006300311692615	sub-20966	ses-3				space-ACPC			DSIStudio	autotrackgqi
ProjectionBrainstem_CorticospinalTractL	txy	DSIStudio	/scratch/executivefunction/SLURM_8364170_116/job-8364170-116-sub-20966-ses-3/ds/inputs/data/qsiprep/qsiprep/sub-20966/ses-3/dwi/sub-20966_ses-3_space-ACPC_desc-preproc_dwi.nii.gz	0.0	-1.7836170744670823e-05	9.72912811725414e-05	-1.826085372158559e-05	-1.7836170744670823e-05	-1.826085372158559e-05	9.72912811725414e-05	-3.5140712458122926e-05	-3.5140712458122926e-05	sub-20966	ses-3				space-ACPC			DSIStudio	autotrackgqi
ProjectionBrainstem_CorticospinalTractL	txz	DSIStudio	/scratch/executivefunction/SLURM_8364170_116/job-8364170-116-sub-20966-ses-3/ds/inputs/data/qsiprep/qsiprep/sub-20966/ses-3/dwi/sub-20966_ses-3_space-ACPC_desc-preproc_dwi.nii.gz	0.0	4.532279669817389e-05	0.0002248320753527	-1.399349366693059e-05	4.532279669817389e-05	-1.399349366693059e-05	0.0002248320753527	0.0001360549747898	0.0001360549747898	sub-20966	ses-3				space-ACPC			DSIStudio	autotrackgqi
ProjectionBrainstem_CorticospinalTractL	tyy	DSIStudio	/scratch/executivefunction/SLURM_8364170_116/job-8364170-116-sub-20966-ses-3/ds/inputs/data/qsiprep/qsiprep/sub-20966/ses-3/dwi/sub-20966_ses-3_space-ACPC_desc-preproc_dwi.nii.gz	0.0	0.0006064163679144	0.0002710253701249	0.0005754482699558	0.0006064163679144	0.0005754482699558	0.0002710253701249	0.0005053262090684	0.0005053262090684	sub-20966	ses-3				space-ACPC			DSIStudio	autotrackgqi
ProjectionBrainstem_CorticospinalTractL	tyz	DSIStudio	/scratch/executivefunction/SLURM_8364170_116/job-8364170-116-sub-20966-ses-3/ds/inputs/data/qsiprep/qsiprep/sub-20966/ses-3/dwi/sub-20966_ses-3_space-ACPC_desc-preproc_dwi.nii.gz	0.0	6.5623499436712646e-06	0.0002020271985176	1.955445350176888e-05	6.5623499436712646e-06	1.955445350176888e-05	0.0002020271985176	4.081730799161613e-05	4.081730799161613e-05	sub-20966	ses-3				space-ACPC			DSIStudio	autotrackgqi
ProjectionBrainstem_CorticospinalTractL	tzz	DSIStudio	/scratch/executivefunction/SLURM_8364170_116/job-8364170-116-sub-20966-ses-3/ds/inputs/data/qsiprep/qsiprep/sub-20966/ses-3/dwi/sub-20966_ses-3_space-ACPC_desc-preproc_dwi.nii.gz	0.0	0.0009948085038837	0.0002949253794768	0.0009647149709053	0.0009948085038837	0.0009647149709053	0.0002949253794768	0.0010602553201352	0.0010602553201352	sub-20966	ses-3				space-ACPC			DSIStudio	autotrackgqi
ProjectionBrainstem_CorticobulbarTractL	ad	DSIStudio	/scratch/executivefunction/SLURM_8364170_116/job-8364170-116-sub-20966-ses-3/ds/inputs/data/qsiprep/qsiprep/sub-20966/ses-3/dwi/sub-20966_ses-3_space-ACPC_desc-preproc_dwi.nii.gz	0.0	1.1971531400555058	0.3601223434060978	1.0854390859603882	1.1971531400555058	1.0854390859603882	0.3601223434060978	1.2474587517503228	1.247458607929436	sub-20966	ses-3				space-ACPC			DSIStudio	autotrackgqi
ProjectionBrainstem_CorticobulbarTractL	dti_fa	DSIStudio	/scratch/executivefunction/SLURM_8364170_116/job-8364170-116-sub-20966-ses-3/ds/inputs/data/qsiprep/qsiprep/sub-20966/ses-3/dwi/sub-20966_ses-3_space-ACPC_desc-preproc_dwi.nii.gz	0.0	0.4638254249043632	0.1677316835930846	0.4614363610744476	0.4638254249043632	0.4614363610744476	0.1677316835930846	0.4679792513466155	0.467979197175706	sub-20966	ses-3				space-ACPC			DSIStudio	autotrackgqi
ProjectionBrainstem_CorticobulbarTractL	gfa	DSIStudio	/scratch/executivefunction/SLURM_8364170_116/job-8364170-116-sub-20966-ses-3/ds/inputs/data/qsiprep/qsiprep/sub-20966/ses-3/dwi/sub-20966_ses-3_space-ACPC_desc-preproc_dwi.nii.gz	0.0	0.0981572953690039	0.036688262286218	0.0949735902249813	0.0981572953690039	0.0949735902249813	0.036688262286218	0.1015041936434023	0.1015041818929352	sub-20966	ses-3				space-ACPC			DSIStudio	autotrackgqi
ProjectionBrainstem_CorticobulbarTractL	ha	DSIStudio	/scratch/executivefunction/SLURM_8364170_116/job-8364170-116-sub-20966-ses-3/ds/inputs/data/qsiprep/qsiprep/sub-20966/ses-3/dwi/sub-20966_ses-3_space-ACPC_desc-preproc_dwi.nii.gz	0.0	-30.17936327478342	40.21175383821969	-48.96993446350098	-30.17936327478342	-48.96993446350098	40.21175383821969	-25.73964675413876	-25.739643840620907	sub-20966	ses-3				space-ACPC			DSIStudio	autotrackgqi
ProjectionBrainstem_CorticobulbarTractL	iso	DSIStudio	/scratch/executivefunction/SLURM_8364170_116/job-8364170-116-sub-20966-ses-3/ds/inputs/data/qsiprep/qsiprep/sub-20966/ses-3/dwi/sub-20966_ses-3_space-ACPC_desc-preproc_dwi.nii.gz	0.0	0.5397727222819078	0.1046924633738391	0.5613608062267303	0.5397727222819078	0.5613608062267303	0.1046924633738391	0.5351778418921186	0.5351777805439896	sub-20966	ses-3				space-ACPC			DSIStudio	autotrackgqi
ProjectionBrainstem_CorticobulbarTractL	md	DSIStudio	/scratch/executivefunction/SLURM_8364170_116/job-8364170-116-sub-20966-ses-3/ds/inputs/data/qsiprep/qsiprep/sub-20966/ses-3/dwi/sub-20966_ses-3_space-ACPC_desc-preproc_dwi.nii.gz	0.0	0.7699801391154005	0.2146075492502608	0.714819073677063	0.7699801391154005	0.714819073677063	0.2146075492502608	0.7940464728240227	0.7940463813711401	sub-20966	ses-3				space-ACPC			DSIStudio	autotrackgqi
ProjectionBrainstem_CorticobulbarTractL	qa	DSIStudio	/scratch/executivefunction/SLURM_8364170_116/job-8364170-116-sub-20966-ses-3/ds/inputs/data/qsiprep/qsiprep/sub-20966/ses-3/dwi/sub-20966_ses-3_space-ACPC_desc-preproc_dwi.nii.gz	0.0	0.2523303624373256	0.1229494562884371	0.2487362027168274	0.2523303624373256	0.2487362027168274	0.1229494562884371	0.2613386802317643	0.2613386500779007	sub-20966	ses-3				space-ACPC			DSIStudio	autotrackgqi
ProjectionBrainstem_CorticobulbarTractL	rd1	DSIStudio	/scratch/executivefunction/SLURM_8364170_116/job-8364170-116-sub-20966-ses-3/ds/inputs/data/qsiprep/qsiprep/sub-20966/ses-3/dwi/sub-20966_ses-3_space-ACPC_desc-preproc_dwi.nii.gz	0.0	0.6638005579772749	0.2029261419128895	0.6559690535068512	0.6638005579772749	0.6559690535068512	0.2029261419128895	0.6682348648513631	0.6682347879968649	sub-20966	ses-3				space-ACPC			DSIStudio	autotrackgqi
ProjectionBrainstem_CorticobulbarTractL	rd2	DSIStudio	/scratch/executivefunction/SLURM_8364170_116/job-8364170-116-sub-20966-ses-3/ds/inputs/data/qsiprep/qsiprep/sub-20966/ses-3/dwi/sub-20966_ses-3_space-ACPC_desc-preproc_dwi.nii.gz	0.0	0.4489867151306386	0.2232092390432441	0.3899700045585632	0.4489867151306386	0.3899700045585632	0.2232092390432441	0.4664458150436038	0.4664457613603389	sub-20966	ses-3				space-ACPC			DSIStudio	autotrackgqi
ProjectionBrainstem_CorticobulbarTractL	rd	DSIStudio	/scratch/executivefunction/SLURM_8364170_116/job-8364170-116-sub-20966-ses-3/ds/inputs/data/qsiprep/qsiprep/sub-20966/ses-3/dwi/sub-20966_ses-3_space-ACPC_desc-preproc_dwi.nii.gz	0.0	0.5563936340704299	0.2026829379501853	0.5084512829780579	0.5563936340704299	0.5084512829780579	0.2026829379501853	0.5673403365937932	0.5673402713249119	sub-20966	ses-3				space-ACPC			DSIStudio	autotrackgqi
ProjectionBrainstem_CorticobulbarTractL	txx	DSIStudio	/scratch/executivefunction/SLURM_8364170_116/job-8364170-116-sub-20966-ses-3/ds/inputs/data/qsiprep/qsiprep/sub-20966/ses-3/dwi/sub-20966_ses-3_space-ACPC_desc-preproc_dwi.nii.gz	0.0	0.000740279366973	0.0002383323074225	0.0007034228183329	0.000740279366973	0.0007034228183329	0.0002383323074225	0.0007501551565185	0.0007501550705667	sub-20966	ses-3				space-ACPC			DSIStudio	autotrackgqi
ProjectionBrainstem_CorticobulbarTractL	txy	DSIStudio	/scratch/executivefunction/SLURM_8364170_116/job-8364170-116-sub-20966-ses-3/ds/inputs/data/qsiprep/qsiprep/sub-20966/ses-3/dwi/sub-20966_ses-3_space-ACPC_desc-preproc_dwi.nii.gz	0.0	-6.360305216128581e-05	0.0001292064972491	-6.107399531174451e-05	-6.360305216128581e-05	-6.107399531174451e-05	0.0001292064972491	-6.750202872838586e-05	-6.750202093385371e-05	sub-20966	ses-3				space-ACPC			DSIStudio	autotrackgqi
ProjectionBrainstem_CorticobulbarTractL	txz	DSIStudio	/scratch/executivefunction/SLURM_8364170_116/job-8364170-116-sub-20966-ses-3/ds/inputs/data/qsiprep/qsiprep/sub-20966/ses-3/dwi/sub-20966_ses-3_space-ACPC_desc-preproc_dwi.nii.gz	0.0	0.000181251788505	0.0001536387878981	0.000156834925292	0.000181251788505	0.000156834925292	0.0001536387878981	0.0002128190203713	0.0002128189959488	sub-20966	ses-3				space-ACPC			DSIStudio	autotrackgqi
ProjectionBrainstem_CorticobulbarTractL	tyy	DSIStudio	/scratch/executivefunction/SLURM_8364170_116/job-8364170-116-sub-20966-ses-3/ds/inputs/data/qsiprep/qsiprep/sub-20966/ses-3/dwi/sub-20966_ses-3_space-ACPC_desc-preproc_dwi.nii.gz	0.0	0.0006264103788437	0.0002598450671212	0.0006112668197602	0.0006264103788437	0.0006112668197602	0.0002598450671212	0.0006546668816445	0.0006546668060549	sub-20966	ses-3				space-ACPC			DSIStudio	autotrackgqi
ProjectionBrainstem_CorticobulbarTractL	tyz	DSIStudio	/scratch/executivefunction/SLURM_8364170_116/job-8364170-116-sub-20966-ses-3/ds/inputs/data/qsiprep/qsiprep/sub-20966/ses-3/dwi/sub-20966_ses-3_space-ACPC_desc-preproc_dwi.nii.gz	0.0	-0.0001871375969663	0.000147390977499	-0.0001728603310766	-0.0001871375969663	-0.0001728603310766	0.000147390977499	-0.0001952022524572	-0.0001952022295395	sub-20966	ses-3				space-ACPC			DSIStudio	autotrackgqi
ProjectionBrainstem_CorticobulbarTractL	tzz	DSIStudio	/scratch/executivefunction/SLURM_8364170_116/job-8364170-116-sub-20966-ses-3/ds/inputs/data/qsiprep/qsiprep/sub-20966/ses-3/dwi/sub-20966_ses-3_space-ACPC_desc-preproc_dwi.nii.gz	0.0	0.0009432506687293	0.0002715798855288	0.000879072380485	0.0009432506687293	0.000879072380485	0.0002715798855288	0.0009773173995326	0.0009773172867153	sub-20966	ses-3				space-ACPC			DSIStudio	autotrackgqi
ProjectionBasalGanglia_FasciculusSubthalamicusR	ad	DSIStudio	/scratch/executivefunction/SLURM_8364170_116/job-8364170-116-sub-20966-ses-3/ds/inputs/data/qsiprep/qsiprep/sub-20966/ses-3/dwi/sub-20966_ses-3_space-ACPC_desc-preproc_dwi.nii.gz	0.0	1.3205149474819582	0.5963487991691429	1.1114530563354492	1.3205149474819582	1.1114530563354492	0.5963487991691429	1.253627217026555	1.253627217026555	sub-20966	ses-3				space-ACPC			DSIStudio	autotrackgqi
ProjectionBasalGanglia_FasciculusSubthalamicusR	dti_fa	DSIStudio	/scratch/executivefunction/SLURM_8364170_116/job-8364170-116-sub-20966-ses-3/ds/inputs/data/qsiprep/qsiprep/sub-20966/ses-3/dwi/sub-20966_ses-3_space-ACPC_desc-preproc_dwi.nii.gz	0.0	0.3797608287106182	0.1764090217071652	0.3392848372459411	0.3797608287106182	0.3392848372459411	0.1764090217071652	0.3921609223653695	0.3921609223653695	sub-20966	ses-3				space-ACPC			DSIStudio	autotrackgqi
ProjectionBasalGanglia_FasciculusSubthalamicusR	gfa	DSIStudio	/scratch/executivefunction/SLURM_8364170_116/job-8364170-116-sub-20966-ses-3/ds/inputs/data/qsiprep/qsiprep/sub-20966/ses-3/dwi/sub-20966_ses-3_space-ACPC_desc-preproc_dwi.nii.gz	0.0	0.0840235341615684	0.0356002601544503	0.0760271213948726	0.0840235341615684	0.0760271213948726	0.0356002601544503	0.0854739840759435	0.0854739840759435	sub-20966	ses-3				space-ACPC			DSIStudio	autotrackgqi
ProjectionBasalGanglia_FasciculusSubthalamicusR	ha	DSIStudio	/scratch/executivefunction/SLURM_8364170_116/job-8364170-116-sub-20966-ses-3/ds/inputs/data/qsiprep/qsiprep/sub-20966/ses-3/dwi/sub-20966_ses-3_space-ACPC_desc-preproc_dwi.nii.gz	0.0	17.501892119202402	42.36346895878306	30.08912754058838	17.501892119202402	30.08912754058838	42.36346895878306	25.926475266285266	25.926475266285266	sub-20966	ses-3				space-ACPC			DSIStudio	autotrackgqi
ProjectionBasalGanglia_FasciculusSubthalamicusR	iso	DSIStudio	/scratch/executivefunction/SLURM_8364170_116/job-8364170-116-sub-20966-ses-3/ds/inputs/data/qsiprep/qsiprep/sub-20966/ses-3/dwi/sub-20966_ses-3_space-ACPC_desc-preproc_dwi.nii.gz	0.0	0.4781438015263673	0.0926493288288289	0.4918767064809799	0.4781438015263673	0.4918767064809799	0.0926493288288289	0.4939694831890635	0.4939694831890635	sub-20966	ses-3				space-ACPC			DSIStudio	autotrackgqi
ProjectionBasalGanglia_FasciculusSubthalamicusR	md	DSIStudio	/scratch/executivefunction/SLURM_8364170_116/job-8364170-116-sub-20966-ses-3/ds/inputs/data/qsiprep/qsiprep/sub-20966/ses-3/dwi/sub-20966_ses-3_space-ACPC_desc-preproc_dwi.nii.gz	0.0	0.9454811374509604	0.5319242788772396	0.7461169362068176	0.9454811374509604	0.7461169362068176	0.5319242788772396	0.8818151691445218	0.8818151691445218	sub-20966	ses-3				space-ACPC			DSIStudio	autotrackgqi
ProjectionBasalGanglia_FasciculusSubthalamicusR	qa	DSIStudio	/scratch/executivefunction/SLURM_8364170_116/job-8364170-116-sub-20966-ses-3/ds/inputs/data/qsiprep/qsiprep/sub-20966/ses-3/dwi/sub-20966_ses-3_space-ACPC_desc-preproc_dwi.nii.gz	0.0	0.1829186681011649	0.0902115293643866	0.1600105091929435	0.1829186681011649	0.1600105091929435	0.0902115293643866	0.1918746061458244	0.1918746061458244	sub-20966	ses-3				space-ACPC			DSIStudio	autotrackgqi
ProjectionBasalGanglia_FasciculusSubthalamicusR	rd1	DSIStudio	/scratch/executivefunction/SLURM_8364170_116/job-8364170-116-sub-20966-ses-3/ds/inputs/data/qsiprep/qsiprep/sub-20966/ses-3/dwi/sub-20966_ses-3_space-ACPC_desc-preproc_dwi.nii.gz	0.0	0.8629295655834112	0.5447861930600685	0.7086005210876465	0.8629295655834112	0.7086005210876465	0.5447861930600685	0.8013249667364999	0.8013249667364999	sub-20966	ses-3				space-ACPC			DSIStudio	autotrackgqi
ProjectionBasalGanglia_FasciculusSubthalamicusR	rd2	DSIStudio	/scratch/executivefunction/SLURM_8364170_116/job-8364170-116-sub-20966-ses-3/ds/inputs/data/qsiprep/qsiprep/sub-20966/ses-3/dwi/sub-20966_ses-3_space-ACPC_desc-preproc_dwi.nii.gz	0.0	0.652998896686693	0.5134307988445108	0.5115420520305634	0.652998896686693	0.5115420520305634	0.5134307988445108	0.5904933217889938	0.5904933217889938	sub-20966	ses-3				space-ACPC			DSIStudio	autotrackgqi
ProjectionBasalGanglia_FasciculusSubthalamicusR	rd	DSIStudio	/scratch/executivefunction/SLURM_8364170_116/job-8364170-116-sub-20966-ses-3/ds/inputs/data/qsiprep/qsiprep/sub-20966/ses-3/dwi/sub-20966_ses-3_space-ACPC_desc-preproc_dwi.nii.gz	0.0	0.7579642319305966	0.5257044724994058	0.602780669927597	0.7579642319305966	0.602780669927597	0.5257044724994058	0.6959091464565919	0.6959091464565919	sub-20966	ses-3				space-ACPC			DSIStudio	autotrackgqi
ProjectionBasalGanglia_FasciculusSubthalamicusR	txx	DSIStudio	/scratch/executivefunction/SLURM_8364170_116/job-8364170-116-sub-20966-ses-3/ds/inputs/data/qsiprep/qsiprep/sub-20966/ses-3/dwi/sub-20966_ses-3_space-ACPC_desc-preproc_dwi.nii.gz	0.0	0.0008494175295369	0.0005640958859005	0.00069695172715	0.0008494175295369	0.00069695172715	0.0005640958859005	0.0007759209208842	0.0007759209208842	sub-20966	ses-3				space-ACPC			DSIStudio	autotrackgqi
ProjectionBasalGanglia_FasciculusSubthalamicusR	txy	DSIStudio	/scratch/executivefunction/SLURM_8364170_116/job-8364170-116-sub-20966-ses-3/ds/inputs/data/qsiprep/qsiprep/sub-20966/ses-3/dwi/sub-20966_ses-3_space-ACPC_desc-preproc_dwi.nii.gz	0.0	7.269219026180702e-05	0.0001235717301556	7.246595123433508e-05	7.269219026180702e-05	7.246595123433508e-05	0.0001235717301556	7.75593614279956e-05	7.75593614279956e-05	sub-20966	ses-3				space-ACPC			DSIStudio	autotrackgqi
ProjectionBasalGanglia_FasciculusSubthalamicusR	txz	DSIStudio	/scratch/executivefunction/SLURM_8364170_116/job-8364170-116-sub-20966-ses-3/ds/inputs/data/qsiprep/qsiprep/sub-20966/ses-3/dwi/sub-20966_ses-3_space-ACPC_desc-preproc_dwi.nii.gz	0.0	-0.0001035698523361	0.0001536408429854	-0.0001066540353349	-0.0001035698523361	-0.0001066540353349	0.0001536408429854	-0.0001106154282552	-0.0001106154282552	sub-20966	ses-3				space-ACPC			DSIStudio	autotrackgqi
ProjectionBasalGanglia_FasciculusSubthalamicusR	tyy	DSIStudio	/scratch/executivefunction/SLURM_8364170_116/job-8364170-116-sub-20966-ses-3/ds/inputs/data/qsiprep/qsiprep/sub-20966/ses-3/dwi/sub-20966_ses-3_space-ACPC_desc-preproc_dwi.nii.gz	0.0	0.0009397813033535	0.0005500322327708	0.0007937325863167	0.0009397813033535	0.0007937325863167	0.0005500322327708	0.0008613899555931	0.0008613899555931	sub-20966	ses-3				space-ACPC			DSIStudio	autotrackgqi
ProjectionBasalGanglia_FasciculusSubthalamicusR	tyz	DSIStudio	/scratch/executivefunction/SLURM_8364170_116/job-8364170-116-sub-20966-ses-3/ds/inputs/data/qsiprep/qsiprep/sub-20966/ses-3/dwi/sub-20966_ses-3_space-ACPC_desc-preproc_dwi.nii.gz	0.0	-9.230446775372412e-05	0.0001757775929331	-9.095303903450258e-05	-9.230446775372412e-05	-9.095303903450258e-05	0.0001757775929331	-0.0001213612194417	-0.0001213612194417	sub-20966	ses-3				space-ACPC			DSIStudio	autotrackgqi
ProjectionBasalGanglia_FasciculusSubthalamicusR	tzz	DSIStudio	/scratch/executivefunction/SLURM_8364170_116/job-8364170-116-sub-20966-ses-3/ds/inputs/data/qsiprep/qsiprep/sub-20966/ses-3/dwi/sub-20966_ses-3_space-ACPC_desc-preproc_dwi.nii.gz	0.0	0.0010472445739662	0.000565757418349	0.0008679413294885	0.0010472445739662	0.0008679413294885	0.000565757418349	0.001008134627161	0.001008134627161	sub-20966	ses-3				space-ACPC			DSIStudio	autotrackgqi
ProjectionBrainstem_CorticopontineTractR	ad	DSIStudio	/scratch/executivefunction/SLURM_8364170_116/job-8364170-116-sub-20966-ses-3/ds/inputs/data/qsiprep/qsiprep/sub-20966/ses-3/dwi/sub-20966_ses-3_space-ACPC_desc-preproc_dwi.nii.gz	0.0	1.2030283664026005	0.3049037350733313	1.1430047750473022	1.2030283664026005	1.1430047750473022	0.3049037350733313	1.3008483279909293	1.3008483279909293	sub-20966	ses-3				space-ACPC			DSIStudio	autotrackgqi
ProjectionBrainstem_CorticopontineTractR	dti_fa	DSIStudio	/scratch/executivefunction/SLURM_8364170_116/job-8364170-116-sub-20966-ses-3/ds/inputs/data/qsiprep/qsiprep/sub-20966/ses-3/dwi/sub-20966_ses-3_space-ACPC_desc-preproc_dwi.nii.gz	0.0	0.4347040797611249	0.1856433517748068	0.4375752210617065	0.4347040797611249	0.4375752210617065	0.1856433517748068	0.5314899778721023	0.5314899778721023	sub-20966	ses-3				space-ACPC			DSIStudio	autotrackgqi
ProjectionBrainstem_CorticopontineTractR	gfa	DSIStudio	/scratch/executivefunction/SLURM_8364170_116/job-8364170-116-sub-20966-ses-3/ds/inputs/data/qsiprep/qsiprep/sub-20966/ses-3/dwi/sub-20966_ses-3_space-ACPC_desc-preproc_dwi.nii.gz	0.0	0.0940794994837268	0.0381309923887144	0.0924287587404251	0.0940794994837268	0.0924287587404251	0.0381309923887144	0.1148660473055941	0.1148660473055941	sub-20966	ses-3				space-ACPC			DSIStudio	autotrackgqi
ProjectionBrainstem_CorticopontineTractR	ha	DSIStudio	/scratch/executivefunction/SLURM_8364170_116/job-8364170-116-sub-20966-ses-3/ds/inputs/data/qsiprep/qsiprep/sub-20966/ses-3/dwi/sub-20966_ses-3_space-ACPC_desc-preproc_dwi.nii.gz	0.0	0.6678108988104565	50.62321864598358	4.419601917266846	0.6678108988104565	4.419601917266846	50.62321864598358	4.421582498226243	4.421582498226243	sub-20966	ses-3				space-ACPC			DSIStudio	autotrackgqi
ProjectionBrainstem_CorticopontineTractR	iso	DSIStudio	/scratch/executivefunction/SLURM_8364170_116/job-8364170-116-sub-20966-ses-3/ds/inputs/data/qsiprep/qsiprep/sub-20966/ses-3/dwi/sub-20966_ses-3_space-ACPC_desc-preproc_dwi.nii.gz	0.0	0.5665134593684	0.0972154325766695	0.5612919926643372	0.5665134593684	0.5612919926643372	0.0972154325766695	0.5522366512638547	0.5522366512638547	sub-20966	ses-3				space-ACPC			DSIStudio	autotrackgqi
ProjectionBrainstem_CorticopontineTractR	md	DSIStudio	/scratch/executivefunction/SLURM_8364170_116/job-8364170-116-sub-20966-ses-3/ds/inputs/data/qsiprep/qsiprep/sub-20966/ses-3/dwi/sub-20966_ses-3_space-ACPC_desc-preproc_dwi.nii.gz	0.0	0.8040451622454984	0.2494074889482535	0.7481148838996887	0.8040451622454984	0.7481148838996887	0.2494074889482535	0.7858938637672735	0.7858938637672735	sub-20966	ses-3				space-ACPC			DSIStudio	autotrackgqi
ProjectionBrainstem_CorticopontineTractR	qa	DSIStudio	/scratch/executivefunction/SLURM_8364170_116/job-8364170-116-sub-20966-ses-3/ds/inputs/data/qsiprep/qsiprep/sub-20966/ses-3/dwi/sub-20966_ses-3_space-ACPC_desc-preproc_dwi.nii.gz	0.0	0.2425434251287539	0.1067516317022123	0.2354881465435028	0.2425434251287539	0.2354881465435028	0.1067516317022123	0.297489227602015	0.297489227602015	sub-20966	ses-3				space-ACPC			DSIStudio	autotrackgqi
ProjectionBrainstem_CorticopontineTractR	rd1	DSIStudio	/scratch/executivefunction/SLURM_8364170_116/job-8364170-116-sub-20966-ses-3/ds/inputs/data/qsiprep/qsiprep/sub-20966/ses-3/dwi/sub-20966_ses-3_space-ACPC_desc-preproc_dwi.nii.gz	0.0	0.7140058942578128	0.2830532089527081	0.6766654253005981	0.7140058942578128	0.6766654253005981	0.2830532089527081	0.6389859944390925	0.6389859944390925	sub-20966	ses-3				space-ACPC			DSIStudio	autotrackgqi
ProjectionBrainstem_CorticopontineTractR	rd2	DSIStudio	/scratch/executivefunction/SLURM_8364170_116/job-8364170-116-sub-20966-ses-3/ds/inputs/data/qsiprep/qsiprep/sub-20966/ses-3/dwi/sub-20966_ses-3_space-ACPC_desc-preproc_dwi.nii.gz	0.0	0.4951012269702118	0.2899647404546128	0.4322791695594787	0.4951012269702118	0.4322791695594787	0.2899647404546128	0.4178472701295838	0.4178472701295838	sub-20966	ses-3				space-ACPC			DSIStudio	autotrackgqi
ProjectionBrainstem_CorticopontineTractR	rd	DSIStudio	/scratch/executivefunction/SLURM_8364170_116/job-8364170-116-sub-20966-ses-3/ds/inputs/data/qsiprep/qsiprep/sub-20966/ses-3/dwi/sub-20966_ses-3_space-ACPC_desc-preproc_dwi.nii.gz	0.0	0.6045535605878158	0.2802479987370522	0.5509174466133118	0.6045535605878158	0.5509174466133118	0.2802479987370522	0.528416632993969	0.528416632993969	sub-20966	ses-3				space-ACPC			DSIStudio	autotrackgqi
ProjectionBrainstem_CorticopontineTractR	txx	DSIStudio	/scratch/executivefunction/SLURM_8364170_116/job-8364170-116-sub-20966-ses-3/ds/inputs/data/qsiprep/qsiprep/sub-20966/ses-3/dwi/sub-20966_ses-3_space-ACPC_desc-preproc_dwi.nii.gz	0.0	0.0007413910947334	0.0003113785409663	0.0006992448470555	0.0007413910947334	0.0006992448470555	0.0003113785409663	0.0006711395486041	0.0006711395486041	sub-20966	ses-3				space-ACPC			DSIStudio	autotrackgqi
ProjectionBrainstem_CorticopontineTractR	txy	DSIStudio	/scratch/executivefunction/SLURM_8364170_116/job-8364170-116-sub-20966-ses-3/ds/inputs/data/qsiprep/qsiprep/sub-20966/ses-3/dwi/sub-20966_ses-3_space-ACPC_desc-preproc_dwi.nii.gz	0.0	4.419457528535829e-05	0.0001276942245742	3.6667574022430927e-05	4.419457528535829e-05	3.6667574022430927e-05	0.0001276942245742	9.386817550372092e-05	9.386817550372092e-05	sub-20966	ses-3				space-ACPC			DSIStudio	autotrackgqi
ProjectionBrainstem_CorticopontineTractR	txz	DSIStudio	/scratch/executivefunction/SLURM_8364170_116/job-8364170-116-sub-20966-ses-3/ds/inputs/data/qsiprep/qsiprep/sub-20966/ses-3/dwi/sub-20966_ses-3_space-ACPC_desc-preproc_dwi.nii.gz	0.0	-1.611335924441192e-05	0.0001752704178615	-4.241891474521253e-06	-1.611335924441192e-05	-4.241891474521253e-06	0.0001752704178615	-7.810714975698053e-05	-7.810714975698053e-05	sub-20966	ses-3				space-ACPC			DSIStudio	autotrackgqi
ProjectionBrainstem_CorticopontineTractR	tyy	DSIStudio	/scratch/executivefunction/SLURM_8364170_116/job-8364170-116-sub-20966-ses-3/ds/inputs/data/qsiprep/qsiprep/sub-20966/ses-3/dwi/sub-20966_ses-3_space-ACPC_desc-preproc_dwi.nii.gz	0.0	0.0007475418959157	0.0003386404941984	0.0007019480108283	0.0007475418959157	0.0007019480108283	0.0003386404941984	0.0007433040802593	0.0007433040802593	sub-20966	ses-3				space-ACPC			DSIStudio	autotrackgqi
ProjectionBrainstem_CorticopontineTractR	tyz	DSIStudio	/scratch/executivefunction/SLURM_8364170_116/job-8364170-116-sub-20966-ses-3/ds/inputs/data/qsiprep/qsiprep/sub-20966/ses-3/dwi/sub-20966_ses-3_space-ACPC_desc-preproc_dwi.nii.gz	0.0	-2.633278970292491e-05	0.0001976746002631	-2.5009219825733453e-05	-2.633278970292491e-05	-2.5009219825733453e-05	0.0001976746002631	-9.86996892310833e-05	-9.86996892310833e-05	sub-20966	ses-3				space-ACPC			DSIStudio	autotrackgqi
ProjectionBrainstem_CorticopontineTractR	tzz	DSIStudio	/scratch/executivefunction/SLURM_8364170_116/job-8364170-116-sub-20966-ses-3/ds/inputs/data/qsiprep/qsiprep/sub-20966/ses-3/dwi/sub-20966_ses-3_space-ACPC_desc-preproc_dwi.nii.gz	0.0	0.0009232024974752	0.0003300626919689	0.0008917004452086	0.0009232024974752	0.0008917004452086	0.0003300626919689	0.0009432379651852	0.0009432379651852	sub-20966	ses-3				space-ACPC			DSIStudio	autotrackgqi
ProjectionBrainstem_DentatorubrothalamicTract-lr	ad	DSIStudio	/scratch/executivefunction/SLURM_8364170_116/job-8364170-116-sub-20966-ses-3/ds/inputs/data/qsiprep/qsiprep/sub-20966/ses-3/dwi/sub-20966_ses-3_space-ACPC_desc-preproc_dwi.nii.gz	0.0	1.2434412694916936	0.396062411420384	1.1448965072631836	1.2434412694916936	1.1448965072631836	0.396062411420384	1.3506305982044289	1.3506305982044289	sub-20966	ses-3				space-ACPC			DSIStudio	autotrackgqi
ProjectionBrainstem_DentatorubrothalamicTract-lr	dti_fa	DSIStudio	/scratch/executivefunction/SLURM_8364170_116/job-8364170-116-sub-20966-ses-3/ds/inputs/data/qsiprep/qsiprep/sub-20966/ses-3/dwi/sub-20966_ses-3_space-ACPC_desc-preproc_dwi.nii.gz	0.0	0.4572012553119968	0.1836725887936847	0.457318514585495	0.4572012553119968	0.457318514585495	0.1836725887936847	0.487200712475439	0.487200712475439	sub-20966	ses-3				space-ACPC			DSIStudio	autotrackgqi
ProjectionBrainstem_DentatorubrothalamicTract-lr	gfa	DSIStudio	/scratch/executivefunction/SLURM_8364170_116/job-8364170-116-sub-20966-ses-3/ds/inputs/data/qsiprep/qsiprep/sub-20966/ses-3/dwi/sub-20966_ses-3_space-ACPC_desc-preproc_dwi.nii.gz	0.0	0.0981814100274017	0.0381863861393789	0.0924871042370796	0.0981814100274017	0.0924871042370796	0.0381863861393789	0.1066687281535899	0.1066687281535899	sub-20966	ses-3				space-ACPC			DSIStudio	autotrackgqi
ProjectionBrainstem_DentatorubrothalamicTract-lr	ha	DSIStudio	/scratch/executivefunction/SLURM_8364170_116/job-8364170-116-sub-20966-ses-3/ds/inputs/data/qsiprep/qsiprep/sub-20966/ses-3/dwi/sub-20966_ses-3_space-ACPC_desc-preproc_dwi.nii.gz	0.0	-35.51184712069228	39.75564176065	-49.49554061889648	-35.51184712069228	-49.49554061889648	39.75564176065	-32.20470000874642	-32.20470000874642	sub-20966	ses-3				space-ACPC			DSIStudio	autotrackgqi
ProjectionBrainstem_DentatorubrothalamicTract-lr	iso	DSIStudio	/scratch/executivefunction/SLURM_8364170_116/job-8364170-116-sub-20966-ses-3/ds/inputs/data/qsiprep/qsiprep/sub-20966/ses-3/dwi/sub-20966_ses-3_space-ACPC_desc-preproc_dwi.nii.gz	0.0	0.5734693276030677	0.0919332059467035	0.5723762512207031	0.5734693276030677	0.5723762512207031	0.0919332059467035	0.5641328391733664	0.5641328391733664	sub-20966	ses-3				space-ACPC			DSIStudio	autotrackgqi
ProjectionBrainstem_DentatorubrothalamicTract-lr	md	DSIStudio	/scratch/executivefunction/SLURM_8364170_116/job-8364170-116-sub-20966-ses-3/ds/inputs/data/qsiprep/qsiprep/sub-20966/ses-3/dwi/sub-20966_ses-3_space-ACPC_desc-preproc_dwi.nii.gz	0.0	0.8195491973402464	0.3432108673806709	0.7312375903129578	0.8195491973402464	0.7312375903129578	0.3432108673806709	0.8744733546189881	0.8744733546189881	sub-20966	ses-3				space-ACPC			DSIStudio	autotrackgqi
ProjectionBrainstem_DentatorubrothalamicTract-lr	qa	DSIStudio	/scratch/executivefunction/SLURM_8364170_116/job-8364170-116-sub-20966-ses-3/ds/inputs/data/qsiprep/qsiprep/sub-20966/ses-3/dwi/sub-20966_ses-3_space-ACPC_desc-preproc_dwi.nii.gz	0.0	0.2569708631442758	0.1118292169197001	0.2411292046308517	0.2569708631442758	0.2411292046308517	0.1118292169197001	0.2786402560042581	0.2786402560042581	sub-20966	ses-3				space-ACPC			DSIStudio	autotrackgqi
ProjectionBrainstem_DentatorubrothalamicTract-lr	rd1	DSIStudio	/scratch/executivefunction/SLURM_8364170_116/job-8364170-116-sub-20966-ses-3/ds/inputs/data/qsiprep/qsiprep/sub-20966/ses-3/dwi/sub-20966_ses-3_space-ACPC_desc-preproc_dwi.nii.gz	0.0	0.7184791618086435	0.3709401591553502	0.6577219367027283	0.7184791618086435	0.6577219367027283	0.3709401591553502	0.7492686647458011	0.7492686647458011	sub-20966	ses-3				space-ACPC			DSIStudio	autotrackgqi
ProjectionBrainstem_DentatorubrothalamicTract-lr	rd2	DSIStudio	/scratch/executivefunction/SLURM_8364170_116/job-8364170-116-sub-20966-ses-3/ds/inputs/data/qsiprep/qsiprep/sub-20966/ses-3/dwi/sub-20966_ses-3_space-ACPC_desc-preproc_dwi.nii.gz	0.0	0.4967271647356414	0.3631663427691929	0.4039255380630493	0.4967271647356414	0.4039255380630493	0.3631663427691929	0.5235208061438124	0.5235208061438124	sub-20966	ses-3				space-ACPC			DSIStudio	autotrackgqi
ProjectionBrainstem_DentatorubrothalamicTract-lr	rd	DSIStudio	/scratch/executivefunction/SLURM_8364170_116/job-8364170-116-sub-20966-ses-3/ds/inputs/data/qsiprep/qsiprep/sub-20966/ses-3/dwi/sub-20966_ses-3_space-ACPC_desc-preproc_dwi.nii.gz	0.0	0.6076031644943313	0.3621601348729543	0.5290855169296265	0.6076031644943313	0.5290855169296265	0.3621601348729543	0.6363947324872647	0.6363947324872647	sub-20966	ses-3				space-ACPC			DSIStudio	autotrackgqi
ProjectionBrainstem_DentatorubrothalamicTract-lr	txx	DSIStudio	/scratch/executivefunction/SLURM_8364170_116/job-8364170-116-sub-20966-ses-3/ds/inputs/data/qsiprep/qsiprep/sub-20966/ses-3/dwi/sub-20966_ses-3_space-ACPC_desc-preproc_dwi.nii.gz	0.0	0.0007338900429029	0.0003591874368593	0.0006736731156706	0.0007338900429029	0.0006736731156706	0.0003591874368593	0.0007659419198419	0.0007659419198419	sub-20966	ses-3				space-ACPC			DSIStudio	autotrackgqi
ProjectionBrainstem_DentatorubrothalamicTract-lr	txy	DSIStudio	/scratch/executivefunction/SLURM_8364170_116/job-8364170-116-sub-20966-ses-3/ds/inputs/data/qsiprep/qsiprep/sub-20966/ses-3/dwi/sub-20966_ses-3_space-ACPC_desc-preproc_dwi.nii.gz	0.0	-4.298875451706275e-05	0.000125471380497	-2.940338708867785e-05	-4.298875451706275e-05	-2.940338708867785e-05	0.000125471380497	-6.430469461945546e-05	-6.430469461945546e-05	sub-20966	ses-3				space-ACPC			DSIStudio	autotrackgqi
ProjectionBrainstem_DentatorubrothalamicTract-lr	txz	DSIStudio	/scratch/executivefunction/SLURM_8364170_116/job-8364170-116-sub-20966-ses-3/ds/inputs/data/qsiprep/qsiprep/sub-20966/ses-3/dwi/sub-20966_ses-3_space-ACPC_desc-preproc_dwi.nii.gz	0.0	-7.033953492193542e-06	0.0002040243249537	-4.409603207022883e-06	-7.033953492193542e-06	-4.409603207022883e-06	0.0002040243249537	3.370017822644412e-05	3.370017822644412e-05	sub-20966	ses-3				space-ACPC			DSIStudio	autotrackgqi
ProjectionBrainstem_DentatorubrothalamicTract-lr	tyy	DSIStudio	/scratch/executivefunction/SLURM_8364170_116/job-8364170-116-sub-20966-ses-3/ds/inputs/data/qsiprep/qsiprep/sub-20966/ses-3/dwi/sub-20966_ses-3_space-ACPC_desc-preproc_dwi.nii.gz	0.0	0.0007406669718028	0.0004304379594261	0.0006585930823348	0.0007406669718028	0.0006585930823348	0.0004304379594261	0.0008316371509321	0.0008316371509321	sub-20966	ses-3				space-ACPC			DSIStudio	autotrackgqi
ProjectionBrainstem_DentatorubrothalamicTract-lr	tyz	DSIStudio	/scratch/executivefunction/SLURM_8364170_116/job-8364170-116-sub-20966-ses-3/ds/inputs/data/qsiprep/qsiprep/sub-20966/ses-3/dwi/sub-20966_ses-3_space-ACPC_desc-preproc_dwi.nii.gz	0.0	-0.000132776257873	0.0001636182860158	-0.0001163324122899	-0.000132776257873	-0.0001163324122899	0.0001636182860158	-0.0001912662371084	-0.0001912662371084	sub-20966	ses-3				space-ACPC			DSIStudio	autotrackgqi
ProjectionBrainstem_DentatorubrothalamicTract-lr	tzz	DSIStudio	/scratch/executivefunction/SLURM_8364170_116/job-8364170-116-sub-20966-ses-3/ds/inputs/data/qsiprep/qsiprep/sub-20966/ses-3/dwi/sub-20966_ses-3_space-ACPC_desc-preproc_dwi.nii.gz	0.0	0.0009840905818035	0.0003977503682589	0.0009586787200532	0.0009840905818035	0.0009586787200532	0.0003977503682589	0.0010258409979506	0.0010258409979506	sub-20966	ses-3				space-ACPC			DSIStudio	autotrackgqi
ProjectionBasalGanglia_AcousticRadiationL	ad	DSIStudio	/scratch/executivefunction/SLURM_8364170_116/job-8364170-116-sub-20966-ses-3/ds/inputs/data/qsiprep/qsiprep/sub-20966/ses-3/dwi/sub-20966_ses-3_space-ACPC_desc-preproc_dwi.nii.gz	0.0	1.4208089686781278	0.5403491284240018	1.2900570631027222	1.4208089686781278	1.2900570631027222	0.5403491284240018	1.33734747174913	1.33734747174913	sub-20966	ses-3				space-ACPC			DSIStudio	autotrackgqi
ProjectionBasalGanglia_AcousticRadiationL	dti_fa	DSIStudio	/scratch/executivefunction/SLURM_8364170_116/job-8364170-116-sub-20966-ses-3/ds/inputs/data/qsiprep/qsiprep/sub-20966/ses-3/dwi/sub-20966_ses-3_space-ACPC_desc-preproc_dwi.nii.gz	0.0	0.450974476756011	0.1965207581039282	0.4740239679813385	0.450974476756011	0.4740239679813385	0.1965207581039282	0.5094715061343508	0.5094715061343508	sub-20966	ses-3				space-ACPC			DSIStudio	autotrackgqi
ProjectionBasalGanglia_AcousticRadiationL	gfa	DSIStudio	/scratch/executivefunction/SLURM_8364170_116/job-8364170-116-sub-20966-ses-3/ds/inputs/data/qsiprep/qsiprep/sub-20966/ses-3/dwi/sub-20966_ses-3_space-ACPC_desc-preproc_dwi.nii.gz	0.0	0.1013769528998832	0.0392009452242326	0.1016600579023361	0.1013769528998832	0.1016600579023361	0.0392009452242326	0.1108426429251818	0.1108426429251818	sub-20966	ses-3				space-ACPC			DSIStudio	autotrackgqi
ProjectionBasalGanglia_AcousticRadiationL	ha	DSIStudio	/scratch/executivefunction/SLURM_8364170_116/job-8364170-116-sub-20966-ses-3/ds/inputs/data/qsiprep/qsiprep/sub-20966/ses-3/dwi/sub-20966_ses-3_space-ACPC_desc-preproc_dwi.nii.gz	0.0	15.455726793926516	26.538329461176545	17.324296951293945	15.455726793926516	17.324296951293945	26.538329461176545	16.515760497375403	16.515760497375403	sub-20966	ses-3				space-ACPC			DSIStudio	autotrackgqi
ProjectionBasalGanglia_AcousticRadiationL	iso	DSIStudio	/scratch/executivefunction/SLURM_8364170_116/job-8364170-116-sub-20966-ses-3/ds/inputs/data/qsiprep/qsiprep/sub-20966/ses-3/dwi/sub-20966_ses-3_space-ACPC_desc-preproc_dwi.nii.gz	0.0	0.4910437189191469	0.0918441526129735	0.5063726902008057	0.4910437189191469	0.5063726902008057	0.0918441526129735	0.4892647286470142	0.4892647286470142	sub-20966	ses-3				space-ACPC			DSIStudio	autotrackgqi
ProjectionBasalGanglia_AcousticRadiationL	md	DSIStudio	/scratch/executivefunction/SLURM_8364170_116/job-8364170-116-sub-20966-ses-3/ds/inputs/data/qsiprep/qsiprep/sub-20966/ses-3/dwi/sub-20966_ses-3_space-ACPC_desc-preproc_dwi.nii.gz	0.0	0.9622005588650084	0.5171329157539613	0.7657990455627441	0.9622005588650084	0.7657990455627441	0.5171329157539613	0.8435398528840962	0.8435398528840962	sub-20966	ses-3				space-ACPC			DSIStudio	autotrackgqi
ProjectionBasalGanglia_AcousticRadiationL	qa	DSIStudio	/scratch/executivefunction/SLURM_8364170_116/job-8364170-116-sub-20966-ses-3/ds/inputs/data/qsiprep/qsiprep/sub-20966/ses-3/dwi/sub-20966_ses-3_space-ACPC_desc-preproc_dwi.nii.gz	0.0	0.235233516109036	0.1064134698049785	0.2397109717130661	0.235233516109036	0.2397109717130661	0.1064134698049785	0.2578365487198341	0.2578365487198341	sub-20966	ses-3				space-ACPC			DSIStudio	autotrackgqi
ProjectionBasalGanglia_AcousticRadiationL	rd1	DSIStudio	/scratch/executivefunction/SLURM_8364170_116/job-8364170-116-sub-20966-ses-3/ds/inputs/data/qsiprep/qsiprep/sub-20966/ses-3/dwi/sub-20966_ses-3_space-ACPC_desc-preproc_dwi.nii.gz	0.0	0.8478835581365468	0.5401709895382693	0.6789159774780273	0.8478835581365468	0.6789159774780273	0.5401709895382693	0.7214223935463905	0.7214223935463905	sub-20966	ses-3				space-ACPC			DSIStudio	autotrackgqi
ProjectionBasalGanglia_AcousticRadiationL	rd2	DSIStudio	/scratch/executivefunction/SLURM_8364170_116/job-8364170-116-sub-20966-ses-3/ds/inputs/data/qsiprep/qsiprep/sub-20966/ses-3/dwi/sub-20966_ses-3_space-ACPC_desc-preproc_dwi.nii.gz	0.0	0.6179091495542417	0.5417439643716698	0.4377141892910003	0.6179091495542417	0.4377141892910003	0.5417439643716698	0.4718496866602014	0.4718496866602014	sub-20966	ses-3				space-ACPC			DSIStudio	autotrackgqi
ProjectionBasalGanglia_AcousticRadiationL	rd	DSIStudio	/scratch/executivefunction/SLURM_8364170_116/job-8364170-116-sub-20966-ses-3/ds/inputs/data/qsiprep/qsiprep/sub-20966/ses-3/dwi/sub-20966_ses-3_space-ACPC_desc-preproc_dwi.nii.gz	0.0	0.7328963541349246	0.5375361514352471	0.5551571846008301	0.7328963541349246	0.5551571846008301	0.5375361514352471	0.5966360413113001	0.5966360413113001	sub-20966	ses-3				space-ACPC			DSIStudio	autotrackgqi
ProjectionBasalGanglia_AcousticRadiationL	txx	DSIStudio	/scratch/executivefunction/SLURM_8364170_116/job-8364170-116-sub-20966-ses-3/ds/inputs/data/qsiprep/qsiprep/sub-20966/ses-3/dwi/sub-20966_ses-3_space-ACPC_desc-preproc_dwi.nii.gz	0.0	0.0009145436208057	0.0005461234545638	0.0007792683318257	0.0009145436208057	0.0007792683318257	0.0005461234545638	0.0008136293872556	0.0008136293872556	sub-20966	ses-3				space-ACPC			DSIStudio	autotrackgqi
ProjectionBasalGanglia_AcousticRadiationL	txy	DSIStudio	/scratch/executivefunction/SLURM_8364170_116/job-8364170-116-sub-20966-ses-3/ds/inputs/data/qsiprep/qsiprep/sub-20966/ses-3/dwi/sub-20966_ses-3_space-ACPC_desc-preproc_dwi.nii.gz	0.0	-3.710630538914728e-05	0.0001831776818191	-5.35769468115177e-05	-3.710630538914728e-05	-5.35769468115177e-05	0.0001831776818191	-8.691567222683498e-05	-8.691567222683498e-05	sub-20966	ses-3				space-ACPC			DSIStudio	autotrackgqi
ProjectionBasalGanglia_AcousticRadiationL	txz	DSIStudio	/scratch/executivefunction/SLURM_8364170_116/job-8364170-116-sub-20966-ses-3/ds/inputs/data/qsiprep/qsiprep/sub-20966/ses-3/dwi/sub-20966_ses-3_space-ACPC_desc-preproc_dwi.nii.gz	0.0	-7.400795353247332e-05	0.000167378523533	-6.244044925551862e-05	-7.400795353247332e-05	-6.244044925551862e-05	0.000167378523533	-0.00011242938328	-0.00011242938328	sub-20966	ses-3				space-ACPC			DSIStudio	autotrackgqi
ProjectionBasalGanglia_AcousticRadiationL	tyy	DSIStudio	/scratch/executivefunction/SLURM_8364170_116/job-8364170-116-sub-20966-ses-3/ds/inputs/data/qsiprep/qsiprep/sub-20966/ses-3/dwi/sub-20966_ses-3_space-ACPC_desc-preproc_dwi.nii.gz	0.0	0.0010865370866608	0.000558125602917	0.0009635619353502	0.0010865370866608	0.0009635619353502	0.000558125602917	0.0010211380384672	0.0010211380384672	sub-20966	ses-3				space-ACPC			DSIStudio	autotrackgqi
ProjectionBasalGanglia_AcousticRadiationL	tyz	DSIStudio	/scratch/executivefunction/SLURM_8364170_116/job-8364170-116-sub-20966-ses-3/ds/inputs/data/qsiprep/qsiprep/sub-20966/ses-3/dwi/sub-20966_ses-3_space-ACPC_desc-preproc_dwi.nii.gz	0.0	0.0001324005969474	0.0001920038634386	0.0001184384163934	0.0001324005969474	0.0001184384163934	0.0001920038634386	0.0001634092320366	0.0001634092320366	sub-20966	ses-3				space-ACPC			DSIStudio	autotrackgqi
ProjectionBasalGanglia_AcousticRadiationL	tzz	DSIStudio	/scratch/executivefunction/SLURM_8364170_116/job-8364170-116-sub-20966-ses-3/ds/inputs/data/qsiprep/qsiprep/sub-20966/ses-3/dwi/sub-20966_ses-3_space-ACPC_desc-preproc_dwi.nii.gz	0.0	0.0008855209670071	0.0005832420706696	0.000717660121154	0.0008855209670071	0.000717660121154	0.0005832420706696	0.0006958521295365	0.0006958521295365	sub-20966	ses-3				space-ACPC			DSIStudio	autotrackgqi
ProjectionBrainstem_MedialLemniscusL	ad	DSIStudio	/scratch/executivefunction/SLURM_8364170_116/job-8364170-116-sub-20966-ses-3/ds/inputs/data/qsiprep/qsiprep/sub-20966/ses-3/dwi/sub-20966_ses-3_space-ACPC_desc-preproc_dwi.nii.gz	0.0	1.3069122012319236	0.4323385918221357	1.208985149860382	1.3069122012319236	1.208985149860382	0.4323385918221357	1.3498216524700997	1.3498216524700997	sub-20966	ses-3				space-ACPC			DSIStudio	autotrackgqi
ProjectionBrainstem_MedialLemniscusL	dti_fa	DSIStudio	/scratch/executivefunction/SLURM_8364170_116/job-8364170-116-sub-20966-ses-3/ds/inputs/data/qsiprep/qsiprep/sub-20966/ses-3/dwi/sub-20966_ses-3_space-ACPC_desc-preproc_dwi.nii.gz	0.0	0.4742839956118909	0.1787381185992753	0.4877070188522339	0.4742839956118909	0.4877070188522339	0.1787381185992753	0.5082945607498	0.5082945607498	sub-20966	ses-3				space-ACPC			DSIStudio	autotrackgqi
ProjectionBrainstem_MedialLemniscusL	gfa	DSIStudio	/scratch/executivefunction/SLURM_8364170_116/job-8364170-116-sub-20966-ses-3/ds/inputs/data/qsiprep/qsiprep/sub-20966/ses-3/dwi/sub-20966_ses-3_space-ACPC_desc-preproc_dwi.nii.gz	0.0	0.1017744439839441	0.033675896557182	0.1016662754118442	0.1017744439839441	0.1016662754118442	0.033675896557182	0.1100235816567308	0.1100235816567308	sub-20966	ses-3				space-ACPC			DSIStudio	autotrackgqi
ProjectionBrainstem_MedialLemniscusL	ha	DSIStudio	/scratch/executivefunction/SLURM_8364170_116/job-8364170-116-sub-20966-ses-3/ds/inputs/data/qsiprep/qsiprep/sub-20966/ses-3/dwi/sub-20966_ses-3_space-ACPC_desc-preproc_dwi.nii.gz	0.0	11.174870594787093	57.20238755591685	38.04450035095215	11.174870594787093	38.04450035095215	57.20238755591685	7.930334384139307	7.930334384139307	sub-20966	ses-3				space-ACPC			DSIStudio	autotrackgqi
ProjectionBrainstem_MedialLemniscusL	iso	DSIStudio	/scratch/executivefunction/SLURM_8364170_116/job-8364170-116-sub-20966-ses-3/ds/inputs/data/qsiprep/qsiprep/sub-20966/ses-3/dwi/sub-20966_ses-3_space-ACPC_desc-preproc_dwi.nii.gz	0.0	0.5670972392021395	0.0901148094524518	0.5784719884395599	0.5670972392021395	0.5784719884395599	0.0901148094524518	0.5708849275348785	0.5708849275348785	sub-20966	ses-3				space-ACPC			DSIStudio	autotrackgqi
ProjectionBrainstem_MedialLemniscusL	md	DSIStudio	/scratch/executivefunction/SLURM_8364170_116/job-8364170-116-sub-20966-ses-3/ds/inputs/data/qsiprep/qsiprep/sub-20966/ses-3/dwi/sub-20966_ses-3_space-ACPC_desc-preproc_dwi.nii.gz	0.0	0.8539168201503708	0.4067112333864141	0.7385604977607727	0.8539168201503708	0.7385604977607727	0.4067112333864141	0.8528727663555873	0.8528727663555873	sub-20966	ses-3				space-ACPC			DSIStudio	autotrackgqi
ProjectionBrainstem_MedialLemniscusL	qa	DSIStudio	/scratch/executivefunction/SLURM_8364170_116/job-8364170-116-sub-20966-ses-3/ds/inputs/data/qsiprep/qsiprep/sub-20966/ses-3/dwi/sub-20966_ses-3_space-ACPC_desc-preproc_dwi.nii.gz	0.0	0.275134713870698	0.1184396267819367	0.2676670551300049	0.275134713870698	0.2676670551300049	0.1184396267819367	0.2975377264042332	0.2975377264042332	sub-20966	ses-3				space-ACPC			DSIStudio	autotrackgqi
ProjectionBrainstem_MedialLemniscusL	rd1	DSIStudio	/scratch/executivefunction/SLURM_8364170_116/job-8364170-116-sub-20966-ses-3/ds/inputs/data/qsiprep/qsiprep/sub-20966/ses-3/dwi/sub-20966_ses-3_space-ACPC_desc-preproc_dwi.nii.gz	0.0	0.7378688332242278	0.4294027042563958	0.6388179957866669	0.7378688332242278	0.6388179957866669	0.4294027042563958	0.7137040972287956	0.7137040972287956	sub-20966	ses-3				space-ACPC			DSIStudio	autotrackgqi
ProjectionBrainstem_MedialLemniscusL	rd2	DSIStudio	/scratch/executivefunction/SLURM_8364170_116/job-8364170-116-sub-20966-ses-3/ds/inputs/data/qsiprep/qsiprep/sub-20966/ses-3/dwi/sub-20966_ses-3_space-ACPC_desc-preproc_dwi.nii.gz	0.0	0.5169694207281715	0.4289357846570564	0.409224197268486	0.5169694207281715	0.409224197268486	0.4289357846570564	0.4950925506588307	0.4950925506588307	sub-20966	ses-3				space-ACPC			DSIStudio	autotrackgqi
ProjectionBrainstem_MedialLemniscusL	rd	DSIStudio	/scratch/executivefunction/SLURM_8364170_116/job-8364170-116-sub-20966-ses-3/ds/inputs/data/qsiprep/qsiprep/sub-20966/ses-3/dwi/sub-20966_ses-3_space-ACPC_desc-preproc_dwi.nii.gz	0.0	0.62741912762433	0.4251556674903103	0.5229080617427826	0.62741912762433	0.5229080617427826	0.4251556674903103	0.604398323607412	0.604398323607412	sub-20966	ses-3				space-ACPC			DSIStudio	autotrackgqi
ProjectionBrainstem_MedialLemniscusL	txx	DSIStudio	/scratch/executivefunction/SLURM_8364170_116/job-8364170-116-sub-20966-ses-3/ds/inputs/data/qsiprep/qsiprep/sub-20966/ses-3/dwi/sub-20966_ses-3_space-ACPC_desc-preproc_dwi.nii.gz	0.0	0.0007208904479679	0.0004228301412168	0.000623335596174	0.0007208904479679	0.000623335596174	0.0004228301412168	0.0006953036381307	0.0006953036381307	sub-20966	ses-3				space-ACPC			DSIStudio	autotrackgqi
ProjectionBrainstem_MedialLemniscusL	txy	DSIStudio	/scratch/executivefunction/SLURM_8364170_116/job-8364170-116-sub-20966-ses-3/ds/inputs/data/qsiprep/qsiprep/sub-20966/ses-3/dwi/sub-20966_ses-3_space-ACPC_desc-preproc_dwi.nii.gz	0.0	-3.204956508380876e-05	9.794148589059712e-05	-3.51752223650692e-05	-3.204956508380876e-05	-3.51752223650692e-05	9.794148589059712e-05	-4.145539916012589e-05	-4.145539916012589e-05	sub-20966	ses-3				space-ACPC			DSIStudio	autotrackgqi
ProjectionBrainstem_MedialLemniscusL	txz	DSIStudio	/scratch/executivefunction/SLURM_8364170_116/job-8364170-116-sub-20966-ses-3/ds/inputs/data/qsiprep/qsiprep/sub-20966/ses-3/dwi/sub-20966_ses-3_space-ACPC_desc-preproc_dwi.nii.gz	0.0	4.62209624845097e-05	0.0001729365826948	3.7280868127709255e-05	4.62209624845097e-05	3.7280868127709255e-05	0.0001729365826948	6.895330272919489e-05	6.895330272919489e-05	sub-20966	ses-3				space-ACPC			DSIStudio	autotrackgqi
ProjectionBrainstem_MedialLemniscusL	tyy	DSIStudio	/scratch/executivefunction/SLURM_8364170_116/job-8364170-116-sub-20966-ses-3/ds/inputs/data/qsiprep/qsiprep/sub-20966/ses-3/dwi/sub-20966_ses-3_space-ACPC_desc-preproc_dwi.nii.gz	0.0	0.000750827180569	0.0004714573252409	0.0006761567201465	0.000750827180569	0.0006761567201465	0.0004714573252409	0.0007376317611695	0.0007376317611695	sub-20966	ses-3				space-ACPC			DSIStudio	autotrackgqi
ProjectionBrainstem_MedialLemniscusL	tyz	DSIStudio	/scratch/executivefunction/SLURM_8364170_116/job-8364170-116-sub-20966-ses-3/ds/inputs/data/qsiprep/qsiprep/sub-20966/ses-3/dwi/sub-20966_ses-3_space-ACPC_desc-preproc_dwi.nii.gz	0.0	6.471432701526355e-05	0.0002245300368279	7.490874122595415e-05	6.471432701526355e-05	7.490874122595415e-05	0.0002245300368279	7.052475011526894e-05	7.052475011526894e-05	sub-20966	ses-3				space-ACPC			DSIStudio	autotrackgqi
ProjectionBrainstem_MedialLemniscusL	tzz	DSIStudio	/scratch/executivefunction/SLURM_8364170_116/job-8364170-116-sub-20966-ses-3/ds/inputs/data/qsiprep/qsiprep/sub-20966/ses-3/dwi/sub-20966_ses-3_space-ACPC_desc-preproc_dwi.nii.gz	0.0	0.0010900328267543	0.0004558875955072	0.001009763800539	0.0010900328267543	0.001009763800539	0.0004558875955072	0.0011256828958468	0.0011256828958468	sub-20966	ses-3				space-ACPC			DSIStudio	autotrackgqi
ProjectionBrainstem_NonDecussatingDentatorubrothalamicTractR	ad	DSIStudio	/scratch/executivefunction/SLURM_8364170_116/job-8364170-116-sub-20966-ses-3/ds/inputs/data/qsiprep/qsiprep/sub-20966/ses-3/dwi/sub-20966_ses-3_space-ACPC_desc-preproc_dwi.nii.gz	0.0	1.1788844015419369	0.3881676248951991	1.1023380756378174	1.1788844015419369	1.1023380756378174	0.3881676248951991	1.2962730435959229	1.2962730435959229	sub-20966	ses-3				space-ACPC			DSIStudio	autotrackgqi
ProjectionBrainstem_NonDecussatingDentatorubrothalamicTractR	dti_fa	DSIStudio	/scratch/executivefunction/SLURM_8364170_116/job-8364170-116-sub-20966-ses-3/ds/inputs/data/qsiprep/qsiprep/sub-20966/ses-3/dwi/sub-20966_ses-3_space-ACPC_desc-preproc_dwi.nii.gz	0.0	0.4144705454637076	0.1720050806089758	0.413841187953949	0.4144705454637076	0.413841187953949	0.1720050806089758	0.4527152578070295	0.4527152578070295	sub-20966	ses-3				space-ACPC			DSIStudio	autotrackgqi
ProjectionBrainstem_NonDecussatingDentatorubrothalamicTractR	gfa	DSIStudio	/scratch/executivefunction/SLURM_8364170_116/job-8364170-116-sub-20966-ses-3/ds/inputs/data/qsiprep/qsiprep/sub-20966/ses-3/dwi/sub-20966_ses-3_space-ACPC_desc-preproc_dwi.nii.gz	0.0	0.0879545292443856	0.0357504036801615	0.0868791416287422	0.0879545292443856	0.0868791416287422	0.0357504036801615	0.1000274074470104	0.1000274074470104	sub-20966	ses-3				space-ACPC			DSIStudio	autotrackgqi
ProjectionBrainstem_NonDecussatingDentatorubrothalamicTractR	ha	DSIStudio	/scratch/executivefunction/SLURM_8364170_116/job-8364170-116-sub-20966-ses-3/ds/inputs/data/qsiprep/qsiprep/sub-20966/ses-3/dwi/sub-20966_ses-3_space-ACPC_desc-preproc_dwi.nii.gz	0.0	-7.923926266183139	49.81797995084156	-11.67618179321289	-7.923926266183139	-11.67618179321289	49.81797995084156	-3.7891114676219697	-3.7891114676219697	sub-20966	ses-3				space-ACPC			DSIStudio	autotrackgqi
ProjectionBrainstem_NonDecussatingDentatorubrothalamicTractR	iso	DSIStudio	/scratch/executivefunction/SLURM_8364170_116/job-8364170-116-sub-20966-ses-3/ds/inputs/data/qsiprep/qsiprep/sub-20966/ses-3/dwi/sub-20966_ses-3_space-ACPC_desc-preproc_dwi.nii.gz	0.0	0.5601078670557533	0.0759660273467009	0.5642324090003967	0.5601078670557533	0.5642324090003967	0.0759660273467009	0.5548902178884527	0.5548902178884527	sub-20966	ses-3				space-ACPC			DSIStudio	autotrackgqi
ProjectionBrainstem_NonDecussatingDentatorubrothalamicTractR	md	DSIStudio	/scratch/executivefunction/SLURM_8364170_116/job-8364170-116-sub-20966-ses-3/ds/inputs/data/qsiprep/qsiprep/sub-20966/ses-3/dwi/sub-20966_ses-3_space-ACPC_desc-preproc_dwi.nii.gz	0.0	0.8075473023167412	0.3318882183017072	0.7347829937934875	0.8075473023167412	0.7347829937934875	0.3318882183017072	0.8518685992433871	0.8518685992433871	sub-20966	ses-3				space-ACPC			DSIStudio	autotrackgqi
ProjectionBrainstem_NonDecussatingDentatorubrothalamicTractR	qa	DSIStudio	/scratch/executivefunction/SLURM_8364170_116/job-8364170-116-sub-20966-ses-3/ds/inputs/data/qsiprep/qsiprep/sub-20966/ses-3/dwi/sub-20966_ses-3_space-ACPC_desc-preproc_dwi.nii.gz	0.0	0.2276152752874235	0.1089547436310271	0.2170385867357254	0.2276152752874235	0.2170385867357254	0.1089547436310271	0.2618412986286828	0.2618412986286828	sub-20966	ses-3				space-ACPC			DSIStudio	autotrackgqi
ProjectionBrainstem_NonDecussatingDentatorubrothalamicTractR	rd1	DSIStudio	/scratch/executivefunction/SLURM_8364170_116/job-8364170-116-sub-20966-ses-3/ds/inputs/data/qsiprep/qsiprep/sub-20966/ses-3/dwi/sub-20966_ses-3_space-ACPC_desc-preproc_dwi.nii.gz	0.0	0.7308891813111615	0.3493667029724642	0.6761703491210938	0.7308891813111615	0.6761703491210938	0.3493667029724642	0.7379352979205682	0.7379352979205682	sub-20966	ses-3				space-ACPC			DSIStudio	autotrackgqi
ProjectionBrainstem_NonDecussatingDentatorubrothalamicTractR	rd2	DSIStudio	/scratch/executivefunction/SLURM_8364170_116/job-8364170-116-sub-20966-ses-3/ds/inputs/data/qsiprep/qsiprep/sub-20966/ses-3/dwi/sub-20966_ses-3_space-ACPC_desc-preproc_dwi.nii.gz	0.0	0.5128683208247296	0.3434257316514275	0.4415790140628814	0.5128683208247296	0.4415790140628814	0.3434257316514275	0.5213974607114163	0.5213974607114163	sub-20966	ses-3				space-ACPC			DSIStudio	autotrackgqi
ProjectionBrainstem_NonDecussatingDentatorubrothalamicTractR	rd	DSIStudio	/scratch/executivefunction/SLURM_8364170_116/job-8364170-116-sub-20966-ses-3/ds/inputs/data/qsiprep/qsiprep/sub-20966/ses-3/dwi/sub-20966_ses-3_space-ACPC_desc-preproc_dwi.nii.gz	0.0	0.6218787517715313	0.3411139107298934	0.5550180077552795	0.6218787517715313	0.5550180077552795	0.3411139107298934	0.6296663791345976	0.6296663791345976	sub-20966	ses-3				space-ACPC			DSIStudio	autotrackgqi
ProjectionBrainstem_NonDecussatingDentatorubrothalamicTractR	txx	DSIStudio	/scratch/executivefunction/SLURM_8364170_116/job-8364170-116-sub-20966-ses-3/ds/inputs/data/qsiprep/qsiprep/sub-20966/ses-3/dwi/sub-20966_ses-3_space-ACPC_desc-preproc_dwi.nii.gz	0.0	0.0007136624148718	0.0003576499211808	0.0006657409248873	0.0007136624148718	0.0006657409248873	0.0003576499211808	0.0006913797524665	0.0006913797524665	sub-20966	ses-3				space-ACPC			DSIStudio	autotrackgqi
ProjectionBrainstem_NonDecussatingDentatorubrothalamicTractR	txy	DSIStudio	/scratch/executivefunction/SLURM_8364170_116/job-8364170-116-sub-20966-ses-3/ds/inputs/data/qsiprep/qsiprep/sub-20966/ses-3/dwi/sub-20966_ses-3_space-ACPC_desc-preproc_dwi.nii.gz	0.0	1.777776684786829e-05	0.0001270499597879	2.509790829208214e-05	1.777776684786829e-05	2.509790829208214e-05	0.0001270499597879	-7.111757124574433e-06	-7.111757124574433e-06	sub-20966	ses-3				space-ACPC			DSIStudio	autotrackgqi
ProjectionBrainstem_NonDecussatingDentatorubrothalamicTractR	txz	DSIStudio	/scratch/executivefunction/SLURM_8364170_116/job-8364170-116-sub-20966-ses-3/ds/inputs/data/qsiprep/qsiprep/sub-20966/ses-3/dwi/sub-20966_ses-3_space-ACPC_desc-preproc_dwi.nii.gz	0.0	8.453434155242795e-06	0.0001634013879793	1.1365726095391436e-05	8.453434155242795e-06	1.1365726095391436e-05	0.0001634013879793	1.179473991679442e-05	1.179473991679442e-05	sub-20966	ses-3				space-ACPC			DSIStudio	autotrackgqi
ProjectionBrainstem_NonDecussatingDentatorubrothalamicTractR	tyy	DSIStudio	/scratch/executivefunction/SLURM_8364170_116/job-8364170-116-sub-20966-ses-3/ds/inputs/data/qsiprep/qsiprep/sub-20966/ses-3/dwi/sub-20966_ses-3_space-ACPC_desc-preproc_dwi.nii.gz	0.0	0.0007916537974198	0.0004107061232362	0.0007312395027838	0.0007916537974198	0.0007312395027838	0.0004107061232362	0.0008774140599247	0.0008774140599247	sub-20966	ses-3				space-ACPC			DSIStudio	autotrackgqi
ProjectionBrainstem_NonDecussatingDentatorubrothalamicTractR	tyz	DSIStudio	/scratch/executivefunction/SLURM_8364170_116/job-8364170-116-sub-20966-ses-3/ds/inputs/data/qsiprep/qsiprep/sub-20966/ses-3/dwi/sub-20966_ses-3_space-ACPC_desc-preproc_dwi.nii.gz	0.0	-3.171907996457176e-05	0.000192639623351	-2.346625660720747e-05	-3.171907996457176e-05	-2.346625660720747e-05	0.000192639623351	-8.399104950625134e-05	-8.399104950625134e-05	sub-20966	ses-3				space-ACPC			DSIStudio	autotrackgqi
ProjectionBrainstem_NonDecussatingDentatorubrothalamicTractR	tzz	DSIStudio	/scratch/executivefunction/SLURM_8364170_116/job-8364170-116-sub-20966-ses-3/ds/inputs/data/qsiprep/qsiprep/sub-20966/ses-3/dwi/sub-20966_ses-3_space-ACPC_desc-preproc_dwi.nii.gz	0.0	0.0009173256921544	0.0003753317250892	0.0008742360514588	0.0009173256921544	0.0008742360514588	0.0003753317250892	0.0009868119941633	0.0009868119941633	sub-20966	ses-3				space-ACPC			DSIStudio	autotrackgqi
ProjectionBasalGanglia_FornixL	ad	DSIStudio	/scratch/executivefunction/SLURM_8364170_116/job-8364170-116-sub-20966-ses-3/ds/inputs/data/qsiprep/qsiprep/sub-20966/ses-3/dwi/sub-20966_ses-3_space-ACPC_desc-preproc_dwi.nii.gz	0.0	1.6810182053430949	0.746245105892503	1.4252415895462036	1.6810182053430949	1.4252415895462036	0.746245105892503	1.6805013594803364	1.6805013594803364	sub-20966	ses-3				space-ACPC			DSIStudio	autotrackgqi
ProjectionBasalGanglia_FornixL	dti_fa	DSIStudio	/scratch/executivefunction/SLURM_8364170_116/job-8364170-116-sub-20966-ses-3/ds/inputs/data/qsiprep/qsiprep/sub-20966/ses-3/dwi/sub-20966_ses-3_space-ACPC_desc-preproc_dwi.nii.gz	0.0	0.3113524993028932	0.1523228502805392	0.3038760721683502	0.3113524993028932	0.3038760721683502	0.1523228502805392	0.3614094967232559	0.3614094967232559	sub-20966	ses-3				space-ACPC			DSIStudio	autotrackgqi
ProjectionBasalGanglia_FornixL	gfa	DSIStudio	/scratch/executivefunction/SLURM_8364170_116/job-8364170-116-sub-20966-ses-3/ds/inputs/data/qsiprep/qsiprep/sub-20966/ses-3/dwi/sub-20966_ses-3_space-ACPC_desc-preproc_dwi.nii.gz	0.0	0.0822747759790739	0.0397589124021992	0.0755514279007911	0.0822747759790739	0.0755514279007911	0.0397589124021992	0.0979657427076083	0.0979657427076083	sub-20966	ses-3				space-ACPC			DSIStudio	autotrackgqi
ProjectionBasalGanglia_FornixL	ha	DSIStudio	/scratch/executivefunction/SLURM_8364170_116/job-8364170-116-sub-20966-ses-3/ds/inputs/data/qsiprep/qsiprep/sub-20966/ses-3/dwi/sub-20966_ses-3_space-ACPC_desc-preproc_dwi.nii.gz	0.0	8.491358395060487	36.595686162764615	10.5855131149292	8.491358395060487	10.5855131149292	36.595686162764615	8.269601936583367	8.269601936583367	sub-20966	ses-3				space-ACPC			DSIStudio	autotrackgqi
ProjectionBasalGanglia_FornixL	iso	DSIStudio	/scratch/executivefunction/SLURM_8364170_116/job-8364170-116-sub-20966-ses-3/ds/inputs/data/qsiprep/qsiprep/sub-20966/ses-3/dwi/sub-20966_ses-3_space-ACPC_desc-preproc_dwi.nii.gz	0.0	0.4773921989869515	0.1346846151198494	0.4836219549179077	0.4773921989869515	0.4836219549179077	0.1346846151198494	0.4814335721104382	0.4814335721104382	sub-20966	ses-3				space-ACPC			DSIStudio	autotrackgqi
ProjectionBasalGanglia_FornixL	md	DSIStudio	/scratch/executivefunction/SLURM_8364170_116/job-8364170-116-sub-20966-ses-3/ds/inputs/data/qsiprep/qsiprep/sub-20966/ses-3/dwi/sub-20966_ses-3_space-ACPC_desc-preproc_dwi.nii.gz	0.0	1.273016067492991	0.6533629739457738	1.008665919303894	1.273016067492991	1.008665919303894	0.6533629739457738	1.1917270118856478	1.1917270118856478	sub-20966	ses-3				space-ACPC			DSIStudio	autotrackgqi
ProjectionBasalGanglia_FornixL	qa	DSIStudio	/scratch/executivefunction/SLURM_8364170_116/job-8364170-116-sub-20966-ses-3/ds/inputs/data/qsiprep/qsiprep/sub-20966/ses-3/dwi/sub-20966_ses-3_space-ACPC_desc-preproc_dwi.nii.gz	0.0	0.1751380558032018	0.09228716691882	0.1624680161476135	0.1751380558032018	0.1624680161476135	0.09228716691882	0.211896968147729	0.211896968147729	sub-20966	ses-3				space-ACPC			DSIStudio	autotrackgqi
ProjectionBasalGanglia_FornixL	rd1	DSIStudio	/scratch/executivefunction/SLURM_8364170_116/job-8364170-116-sub-20966-ses-3/ds/inputs/data/qsiprep/qsiprep/sub-20966/ses-3/dwi/sub-20966_ses-3_space-ACPC_desc-preproc_dwi.nii.gz	0.0	1.1702813086783992	0.6465514764025104	0.9129238128662108	1.1702813086783992	0.9129238128662108	0.6465514764025104	1.0442116857772397	1.0442116857772397	sub-20966	ses-3				space-ACPC			DSIStudio	autotrackgqi
ProjectionBasalGanglia_FornixL	rd2	DSIStudio	/scratch/executivefunction/SLURM_8364170_116/job-8364170-116-sub-20966-ses-3/ds/inputs/data/qsiprep/qsiprep/sub-20966/ses-3/dwi/sub-20966_ses-3_space-ACPC_desc-preproc_dwi.nii.gz	0.0	0.9677486917781716	0.6282285750915754	0.7427497506141663	0.9677486917781716	0.7427497506141663	0.6282285750915754	0.8504679928337	0.8504679928337	sub-20966	ses-3				space-ACPC			DSIStudio	autotrackgqi
ProjectionBasalGanglia_FornixL	rd	DSIStudio	/scratch/executivefunction/SLURM_8364170_116/job-8364170-116-sub-20966-ses-3/ds/inputs/data/qsiprep/qsiprep/sub-20966/ses-3/dwi/sub-20966_ses-3_space-ACPC_desc-preproc_dwi.nii.gz	0.0	1.069015000366148	0.6350428115472468	0.8221158385276794	1.069015000366148	0.8221158385276794	0.6350428115472468	0.9473398388607106	0.9473398388607106	sub-20966	ses-3				space-ACPC			DSIStudio	autotrackgqi
ProjectionBasalGanglia_FornixL	txx	DSIStudio	/scratch/executivefunction/SLURM_8364170_116/job-8364170-116-sub-20966-ses-3/ds/inputs/data/qsiprep/qsiprep/sub-20966/ses-3/dwi/sub-20966_ses-3_space-ACPC_desc-preproc_dwi.nii.gz	0.0	0.0012075093913906	0.0006980123682162	0.000944823375903	0.0012075093913906	0.000944823375903	0.0006980123682162	0.0010654879877581	0.0010654879877581	sub-20966	ses-3				space-ACPC			DSIStudio	autotrackgqi
ProjectionBasalGanglia_FornixL	txy	DSIStudio	/scratch/executivefunction/SLURM_8364170_116/job-8364170-116-sub-20966-ses-3/ds/inputs/data/qsiprep/qsiprep/sub-20966/ses-3/dwi/sub-20966_ses-3_space-ACPC_desc-preproc_dwi.nii.gz	0.0	6.254802746978137e-05	0.0001871409706415	2.7289173885947093e-05	6.254802746978137e-05	2.7289173885947093e-05	0.0001871409706415	9.454177270951356e-05	9.454177270951356e-05	sub-20966	ses-3				space-ACPC			DSIStudio	autotrackgqi
ProjectionBasalGanglia_FornixL	txz	DSIStudio	/scratch/executivefunction/SLURM_8364170_116/job-8364170-116-sub-20966-ses-3/ds/inputs/data/qsiprep/qsiprep/sub-20966/ses-3/dwi/sub-20966_ses-3_space-ACPC_desc-preproc_dwi.nii.gz	0.0	-3.701903587316837e-05	0.0001394364984633	-1.676546708040405e-05	-3.701903587316837e-05	-1.676546708040405e-05	0.0001394364984633	-4.021643563352642e-05	-4.021643563352642e-05	sub-20966	ses-3				space-ACPC			DSIStudio	autotrackgqi
ProjectionBasalGanglia_FornixL	tyy	DSIStudio	/scratch/executivefunction/SLURM_8364170_116/job-8364170-116-sub-20966-ses-3/ds/inputs/data/qsiprep/qsiprep/sub-20966/ses-3/dwi/sub-20966_ses-3_space-ACPC_desc-preproc_dwi.nii.gz	0.0	0.0013661414035455	0.0007159234846728	0.0011039623059332	0.0013661414035455	0.0011039623059332	0.0007159234846728	0.0013639339703467	0.0013639339703467	sub-20966	ses-3				space-ACPC			DSIStudio	autotrackgqi
ProjectionBasalGanglia_FornixL	tyz	DSIStudio	/scratch/executivefunction/SLURM_8364170_116/job-8364170-116-sub-20966-ses-3/ds/inputs/data/qsiprep/qsiprep/sub-20966/ses-3/dwi/sub-20966_ses-3_space-ACPC_desc-preproc_dwi.nii.gz	0.0	3.651307310616216e-05	0.0001967242890948	2.6770381737151183e-05	3.651307310616216e-05	2.6770381737151183e-05	0.0001967242890948	1.8610379766101185e-05	1.8610379766101185e-05	sub-20966	ses-3				space-ACPC			DSIStudio	autotrackgqi
ProjectionBasalGanglia_FornixL	tzz	DSIStudio	/scratch/executivefunction/SLURM_8364170_116/job-8364170-116-sub-20966-ses-3/ds/inputs/data/qsiprep/qsiprep/sub-20966/ses-3/dwi/sub-20966_ses-3_space-ACPC_desc-preproc_dwi.nii.gz	0.0	0.0012453974158177	0.0006532495145784	0.0010498201008886	0.0012453974158177	0.0010498201008886	0.0006532495145784	0.0011457590896781	0.0011457590896781	sub-20966	ses-3				space-ACPC			DSIStudio	autotrackgqi
ProjectionBrainstem_CorticopontineTractL	ad	DSIStudio	/scratch/executivefunction/SLURM_8364170_116/job-8364170-116-sub-20966-ses-3/ds/inputs/data/qsiprep/qsiprep/sub-20966/ses-3/dwi/sub-20966_ses-3_space-ACPC_desc-preproc_dwi.nii.gz	0.0	1.236483199508992	0.3525611214170146	1.1563079357147217	1.236483199508992	1.1563079357147217	0.3525611214170146	1.3100191998262791	1.3100191998262791	sub-20966	ses-3				space-ACPC			DSIStudio	autotrackgqi
ProjectionBrainstem_CorticopontineTractL	dti_fa	DSIStudio	/scratch/executivefunction/SLURM_8364170_116/job-8364170-116-sub-20966-ses-3/ds/inputs/data/qsiprep/qsiprep/sub-20966/ses-3/dwi/sub-20966_ses-3_space-ACPC_desc-preproc_dwi.nii.gz	0.0	0.427422005276016	0.1975754666179021	0.4421398937702179	0.427422005276016	0.4421398937702179	0.1975754666179021	0.488912297708274	0.488912297708274	sub-20966	ses-3				space-ACPC			DSIStudio	autotrackgqi
ProjectionBrainstem_CorticopontineTractL	gfa	DSIStudio	/scratch/executivefunction/SLURM_8364170_116/job-8364170-116-sub-20966-ses-3/ds/inputs/data/qsiprep/qsiprep/sub-20966/ses-3/dwi/sub-20966_ses-3_space-ACPC_desc-preproc_dwi.nii.gz	0.0	0.0924718809720418	0.0404154042035308	0.0923874005675315	0.0924718809720418	0.0923874005675315	0.0404154042035308	0.1064798914664861	0.1064798914664861	sub-20966	ses-3				space-ACPC			DSIStudio	autotrackgqi
ProjectionBrainstem_CorticopontineTractL	ha	DSIStudio	/scratch/executivefunction/SLURM_8364170_116/job-8364170-116-sub-20966-ses-3/ds/inputs/data/qsiprep/qsiprep/sub-20966/ses-3/dwi/sub-20966_ses-3_space-ACPC_desc-preproc_dwi.nii.gz	0.0	2.3298112078582385	48.84465033271672	2.496948480606079	2.3298112078582385	2.496948480606079	48.84465033271672	-3.7680798205144654	-3.7680798205144654	sub-20966	ses-3				space-ACPC			DSIStudio	autotrackgqi
ProjectionBrainstem_CorticopontineTractL	iso	DSIStudio	/scratch/executivefunction/SLURM_8364170_116/job-8364170-116-sub-20966-ses-3/ds/inputs/data/qsiprep/qsiprep/sub-20966/ses-3/dwi/sub-20966_ses-3_space-ACPC_desc-preproc_dwi.nii.gz	0.0	0.5773038047960638	0.1032411581175663	0.5774531364440918	0.5773038047960638	0.5774531364440918	0.1032411581175663	0.5491766263033802	0.5491766263033802	sub-20966	ses-3				space-ACPC			DSIStudio	autotrackgqi
ProjectionBrainstem_CorticopontineTractL	md	DSIStudio	/scratch/executivefunction/SLURM_8364170_116/job-8364170-116-sub-20966-ses-3/ds/inputs/data/qsiprep/qsiprep/sub-20966/ses-3/dwi/sub-20966_ses-3_space-ACPC_desc-preproc_dwi.nii.gz	0.0	0.835602169938332	0.308839260394855	0.7493571639060974	0.835602169938332	0.7493571639060974	0.308839260394855	0.8332914199411382	0.8332914199411382	sub-20966	ses-3				space-ACPC			DSIStudio	autotrackgqi
ProjectionBrainstem_CorticopontineTractL	qa	DSIStudio	/scratch/executivefunction/SLURM_8364170_116/job-8364170-116-sub-20966-ses-3/ds/inputs/data/qsiprep/qsiprep/sub-20966/ses-3/dwi/sub-20966_ses-3_space-ACPC_desc-preproc_dwi.nii.gz	0.0	0.2444238743505535	0.1192280464722483	0.2413379251956939	0.2444238743505535	0.2413379251956939	0.1192280464722483	0.272927679155814	0.272927679155814	sub-20966	ses-3				space-ACPC			DSIStudio	autotrackgqi
ProjectionBrainstem_CorticopontineTractL	rd1	DSIStudio	/scratch/executivefunction/SLURM_8364170_116/job-8364170-116-sub-20966-ses-3/ds/inputs/data/qsiprep/qsiprep/sub-20966/ses-3/dwi/sub-20966_ses-3_space-ACPC_desc-preproc_dwi.nii.gz	0.0	0.7386555592126415	0.3424350719177276	0.6730022430419922	0.7386555592126415	0.6730022430419922	0.3424350719177276	0.6993848632741373	0.6993848632741373	sub-20966	ses-3				space-ACPC			DSIStudio	autotrackgqi
ProjectionBrainstem_CorticopontineTractL	rd2	DSIStudio	/scratch/executivefunction/SLURM_8364170_116/job-8364170-116-sub-20966-ses-3/ds/inputs/data/qsiprep/qsiprep/sub-20966/ses-3/dwi/sub-20966_ses-3_space-ACPC_desc-preproc_dwi.nii.gz	0.0	0.5316677480933029	0.348345222529217	0.4364931881427765	0.5316677480933029	0.4364931881427765	0.348345222529217	0.490470189171326	0.490470189171326	sub-20966	ses-3				space-ACPC			DSIStudio	autotrackgqi
ProjectionBrainstem_CorticopontineTractL	rd	DSIStudio	/scratch/executivefunction/SLURM_8364170_116/job-8364170-116-sub-20966-ses-3/ds/inputs/data/qsiprep/qsiprep/sub-20966/ses-3/dwi/sub-20966_ses-3_space-ACPC_desc-preproc_dwi.nii.gz	0.0	0.6351616533703823	0.3403401476554112	0.5507135391235352	0.6351616533703823	0.5507135391235352	0.3403401476554112	0.5949275265011431	0.5949275265011431	sub-20966	ses-3				space-ACPC			DSIStudio	autotrackgqi
ProjectionBrainstem_CorticopontineTractL	txx	DSIStudio	/scratch/executivefunction/SLURM_8364170_116/job-8364170-116-sub-20966-ses-3/ds/inputs/data/qsiprep/qsiprep/sub-20966/ses-3/dwi/sub-20966_ses-3_space-ACPC_desc-preproc_dwi.nii.gz	0.0	0.0007444504001855	0.0003544423857874	0.0006728720036335	0.0007444504001855	0.0006728720036335	0.0003544423857874	0.000702028277165	0.000702028277165	sub-20966	ses-3				space-ACPC			DSIStudio	autotrackgqi
ProjectionBrainstem_CorticopontineTractL	txy	DSIStudio	/scratch/executivefunction/SLURM_8364170_116/job-8364170-116-sub-20966-ses-3/ds/inputs/data/qsiprep/qsiprep/sub-20966/ses-3/dwi/sub-20966_ses-3_space-ACPC_desc-preproc_dwi.nii.gz	0.0	-2.1993882315481823e-05	0.00013777518201	-2.040622166532557e-05	-2.1993882315481823e-05	-2.040622166532557e-05	0.00013777518201	-2.6876375672029138e-05	-2.6876375672029138e-05	sub-20966	ses-3				space-ACPC			DSIStudio	autotrackgqi
ProjectionBrainstem_CorticopontineTractL	txz	DSIStudio	/scratch/executivefunction/SLURM_8364170_116/job-8364170-116-sub-20966-ses-3/ds/inputs/data/qsiprep/qsiprep/sub-20966/ses-3/dwi/sub-20966_ses-3_space-ACPC_desc-preproc_dwi.nii.gz	0.0	8.369402490125917e-06	0.000175123478175	-5.186702765058726e-06	8.369402490125917e-06	-5.186702765058726e-06	0.000175123478175	4.63056770386849e-05	4.63056770386849e-05	sub-20966	ses-3				space-ACPC			DSIStudio	autotrackgqi
ProjectionBrainstem_CorticopontineTractL	tyy	DSIStudio	/scratch/executivefunction/SLURM_8364170_116/job-8364170-116-sub-20966-ses-3/ds/inputs/data/qsiprep/qsiprep/sub-20966/ses-3/dwi/sub-20966_ses-3_space-ACPC_desc-preproc_dwi.nii.gz	0.0	0.0008225989815111	0.0003996769224095	0.0007711259531788	0.0008225989815111	0.0007711259531788	0.0003996769224095	0.0008695305861387	0.0008695305861387	sub-20966	ses-3				space-ACPC			DSIStudio	autotrackgqi
ProjectionBrainstem_CorticopontineTractL	tyz	DSIStudio	/scratch/executivefunction/SLURM_8364170_116/job-8364170-116-sub-20966-ses-3/ds/inputs/data/qsiprep/qsiprep/sub-20966/ses-3/dwi/sub-20966_ses-3_space-ACPC_desc-preproc_dwi.nii.gz	0.0	5.020539607409812e-06	0.0002075508847939	-9.927439350576606e-07	5.020539607409812e-06	-9.927439350576606e-07	0.0002075508847939	-2.4114077012042488e-05	-2.4114077012042488e-05	sub-20966	ses-3				space-ACPC			DSIStudio	autotrackgqi
ProjectionBrainstem_CorticopontineTractL	tzz	DSIStudio	/scratch/executivefunction/SLURM_8364170_116/job-8364170-116-sub-20966-ses-3/ds/inputs/data/qsiprep/qsiprep/sub-20966/ses-3/dwi/sub-20966_ses-3_space-ACPC_desc-preproc_dwi.nii.gz	0.0	0.0009397571258004	0.0003661634755034	0.0008966838358901	0.0009397571258004	0.0008966838358901	0.0003661634755034	0.000928315389824	0.000928315389824	sub-20966	ses-3				space-ACPC			DSIStudio	autotrackgqi
ProjectionBasalGanglia_AnsaLenticularisL	ad	DSIStudio	/scratch/executivefunction/SLURM_8364170_116/job-8364170-116-sub-20966-ses-3/ds/inputs/data/qsiprep/qsiprep/sub-20966/ses-3/dwi/sub-20966_ses-3_space-ACPC_desc-preproc_dwi.nii.gz	0.0	1.2722131440733198	0.5078558011070031	1.1089842319488523	1.2722131440733198	1.1089842319488523	0.5078558011070031	1.155638799242442	1.155638799242442	sub-20966	ses-3				space-ACPC			DSIStudio	autotrackgqi
ProjectionBasalGanglia_AnsaLenticularisL	dti_fa	DSIStudio	/scratch/executivefunction/SLURM_8364170_116/job-8364170-116-sub-20966-ses-3/ds/inputs/data/qsiprep/qsiprep/sub-20966/ses-3/dwi/sub-20966_ses-3_space-ACPC_desc-preproc_dwi.nii.gz	0.0	0.3374222477971206	0.1385266261256338	0.3185920715332031	0.3374222477971206	0.3185920715332031	0.1385266261256338	0.3488907204086997	0.3488907204086997	sub-20966	ses-3				space-ACPC			DSIStudio	autotrackgqi
ProjectionBasalGanglia_AnsaLenticularisL	gfa	DSIStudio	/scratch/executivefunction/SLURM_8364170_116/job-8364170-116-sub-20966-ses-3/ds/inputs/data/qsiprep/qsiprep/sub-20966/ses-3/dwi/sub-20966_ses-3_space-ACPC_desc-preproc_dwi.nii.gz	0.0	0.0741887918708702	0.0274085747685871	0.0704098902642726	0.0741887918708702	0.0704098902642726	0.0274085747685871	0.0741480763767398	0.0741480763767398	sub-20966	ses-3				space-ACPC			DSIStudio	autotrackgqi
ProjectionBasalGanglia_AnsaLenticularisL	ha	DSIStudio	/scratch/executivefunction/SLURM_8364170_116/job-8364170-116-sub-20966-ses-3/ds/inputs/data/qsiprep/qsiprep/sub-20966/ses-3/dwi/sub-20966_ses-3_space-ACPC_desc-preproc_dwi.nii.gz	0.0	0.1260914438481414	35.0817191024925	-0.4269043654203415	0.1260914438481414	-0.4269043654203415	35.0817191024925	1.613221285191138	1.613221285191138	sub-20966	ses-3				space-ACPC			DSIStudio	autotrackgqi
ProjectionBasalGanglia_AnsaLenticularisL	iso	DSIStudio	/scratch/executivefunction/SLURM_8364170_116/job-8364170-116-sub-20966-ses-3/ds/inputs/data/qsiprep/qsiprep/sub-20966/ses-3/dwi/sub-20966_ses-3_space-ACPC_desc-preproc_dwi.nii.gz	0.0	0.484095253701033	0.0967792647215897	0.5008754432201385	0.484095253701033	0.5008754432201385	0.0967792647215897	0.5085411867210797	0.5085411867210797	sub-20966	ses-3				space-ACPC			DSIStudio	autotrackgqi
ProjectionBasalGanglia_AnsaLenticularisL	md	DSIStudio	/scratch/executivefunction/SLURM_8364170_116/job-8364170-116-sub-20966-ses-3/ds/inputs/data/qsiprep/qsiprep/sub-20966/ses-3/dwi/sub-20966_ses-3_space-ACPC_desc-preproc_dwi.nii.gz	0.0	0.944740250186108	0.4529627383759441	0.792675256729126	0.944740250186108	0.792675256729126	0.4529627383759441	0.8449346403981709	0.8449346403981709	sub-20966	ses-3				space-ACPC			DSIStudio	autotrackgqi
ProjectionBasalGanglia_AnsaLenticularisL	qa	DSIStudio	/scratch/executivefunction/SLURM_8364170_116/job-8364170-116-sub-20966-ses-3/ds/inputs/data/qsiprep/qsiprep/sub-20966/ses-3/dwi/sub-20966_ses-3_space-ACPC_desc-preproc_dwi.nii.gz	0.0	0.1597601924758551	0.0635915233542065	0.1541689783334732	0.1597601924758551	0.1541689783334732	0.0635915233542065	0.1664243597514899	0.1664243597514899	sub-20966	ses-3				space-ACPC			DSIStudio	autotrackgqi
ProjectionBasalGanglia_AnsaLenticularisL	rd1	DSIStudio	/scratch/executivefunction/SLURM_8364170_116/job-8364170-116-sub-20966-ses-3/ds/inputs/data/qsiprep/qsiprep/sub-20966/ses-3/dwi/sub-20966_ses-3_space-ACPC_desc-preproc_dwi.nii.gz	0.0	0.8874454852274932	0.4552737257138856	0.7561206817626953	0.8874454852274932	0.7561206817626953	0.4552737257138856	0.8013901035005466	0.8013901035005466	sub-20966	ses-3				space-ACPC			DSIStudio	autotrackgqi
ProjectionBasalGanglia_AnsaLenticularisL	rd2	DSIStudio	/scratch/executivefunction/SLURM_8364170_116/job-8364170-116-sub-20966-ses-3/ds/inputs/data/qsiprep/qsiprep/sub-20966/ses-3/dwi/sub-20966_ses-3_space-ACPC_desc-preproc_dwi.nii.gz	0.0	0.6745621198910292	0.4437469524939414	0.5438970327377319	0.6745621198910292	0.5438970327377319	0.4437469524939414	0.577775011255981	0.577775011255981	sub-20966	ses-3				space-ACPC			DSIStudio	autotrackgqi
ProjectionBasalGanglia_AnsaLenticularisL	rd	DSIStudio	/scratch/executivefunction/SLURM_8364170_116/job-8364170-116-sub-20966-ses-3/ds/inputs/data/qsiprep/qsiprep/sub-20966/ses-3/dwi/sub-20966_ses-3_space-ACPC_desc-preproc_dwi.nii.gz	0.0	0.7810038039908138	0.4462957704372396	0.6419160664081573	0.7810038039908138	0.6419160664081573	0.4462957704372396	0.6895825599320408	0.6895825599320408	sub-20966	ses-3				space-ACPC			DSIStudio	autotrackgqi
ProjectionBasalGanglia_AnsaLenticularisL	txx	DSIStudio	/scratch/executivefunction/SLURM_8364170_116/job-8364170-116-sub-20966-ses-3/ds/inputs/data/qsiprep/qsiprep/sub-20966/ses-3/dwi/sub-20966_ses-3_space-ACPC_desc-preproc_dwi.nii.gz	0.0	0.0008915148884845	0.0004627635896029	0.0007537803030572	0.0008915148884845	0.0007537803030572	0.0004627635896029	0.0007428622660379	0.0007428622660379	sub-20966	ses-3				space-ACPC			DSIStudio	autotrackgqi
ProjectionBasalGanglia_AnsaLenticularisL	txy	DSIStudio	/scratch/executivefunction/SLURM_8364170_116/job-8364170-116-sub-20966-ses-3/ds/inputs/data/qsiprep/qsiprep/sub-20966/ses-3/dwi/sub-20966_ses-3_space-ACPC_desc-preproc_dwi.nii.gz	0.0	-1.665095188405604e-05	0.0001565043853682	-2.9245007681311108e-05	-1.665095188405604e-05	-2.9245007681311108e-05	0.0001565043853682	-6.054158915176877e-05	-6.054158915176877e-05	sub-20966	ses-3				space-ACPC			DSIStudio	autotrackgqi
ProjectionBasalGanglia_AnsaLenticularisL	txz	DSIStudio	/scratch/executivefunction/SLURM_8364170_116/job-8364170-116-sub-20966-ses-3/ds/inputs/data/qsiprep/qsiprep/sub-20966/ses-3/dwi/sub-20966_ses-3_space-ACPC_desc-preproc_dwi.nii.gz	0.0	4.376646872472117e-05	0.0001244206479854	4.881056884187274e-05	4.376646872472117e-05	4.881056884187274e-05	0.0001244206479854	3.808226217729499e-05	3.808226217729499e-05	sub-20966	ses-3				space-ACPC			DSIStudio	autotrackgqi
ProjectionBasalGanglia_AnsaLenticularisL	tyy	DSIStudio	/scratch/executivefunction/SLURM_8364170_116/job-8364170-116-sub-20966-ses-3/ds/inputs/data/qsiprep/qsiprep/sub-20966/ses-3/dwi/sub-20966_ses-3_space-ACPC_desc-preproc_dwi.nii.gz	0.0	0.0010343816444971	0.0004978913297309	0.0009072192187886	0.0010343816444971	0.0009072192187886	0.0004978913297309	0.0009701233769181	0.0009701233769181	sub-20966	ses-3				space-ACPC			DSIStudio	autotrackgqi
ProjectionBasalGanglia_AnsaLenticularisL	tyz	DSIStudio	/scratch/executivefunction/SLURM_8364170_116/job-8364170-116-sub-20966-ses-3/ds/inputs/data/qsiprep/qsiprep/sub-20966/ses-3/dwi/sub-20966_ses-3_space-ACPC_desc-preproc_dwi.nii.gz	0.0	3.643426640949688e-06	0.0001403961409524	3.5715854664886137e-06	3.643426640949688e-06	3.5715854664886137e-06	0.0001403961409524	2.316789667134125e-05	2.316789667134125e-05	sub-20966	ses-3				space-ACPC			DSIStudio	autotrackgqi
ProjectionBasalGanglia_AnsaLenticularisL	tzz	DSIStudio	/scratch/executivefunction/SLURM_8364170_116/job-8364170-116-sub-20966-ses-3/ds/inputs/data/qsiprep/qsiprep/sub-20966/ses-3/dwi/sub-20966_ses-3_space-ACPC_desc-preproc_dwi.nii.gz	0.0	0.0009083242191493	0.0004975916320383	0.0007588879379909	0.0009083242191493	0.0007588879379909	0.0004975916320383	0.0008218182726483	0.0008218182726483	sub-20966	ses-3				space-ACPC			DSIStudio	autotrackgqi
ProjectionBrainstem_CorticospinalTractR	ad	DSIStudio	/scratch/executivefunction/SLURM_8364170_116/job-8364170-116-sub-20966-ses-3/ds/inputs/data/qsiprep/qsiprep/sub-20966/ses-3/dwi/sub-20966_ses-3_space-ACPC_desc-preproc_dwi.nii.gz	0.0	1.2271465335210916	0.2936535943624508	1.1776678562164309	1.2271465335210916	1.1776678562164309	0.2936535943624508	1.2671395639248917	1.2671395639248917	sub-20966	ses-3				space-ACPC			DSIStudio	autotrackgqi
ProjectionBrainstem_CorticospinalTractR	dti_fa	DSIStudio	/scratch/executivefunction/SLURM_8364170_116/job-8364170-116-sub-20966-ses-3/ds/inputs/data/qsiprep/qsiprep/sub-20966/ses-3/dwi/sub-20966_ses-3_space-ACPC_desc-preproc_dwi.nii.gz	0.0	0.5039645981622969	0.1695795336345905	0.5058042407035828	0.5039645981622969	0.5058042407035828	0.1695795336345905	0.5633371070712097	0.5633371070712097	sub-20966	ses-3				space-ACPC			DSIStudio	autotrackgqi
ProjectionBrainstem_CorticospinalTractR	gfa	DSIStudio	/scratch/executivefunction/SLURM_8364170_116/job-8364170-116-sub-20966-ses-3/ds/inputs/data/qsiprep/qsiprep/sub-20966/ses-3/dwi/sub-20966_ses-3_space-ACPC_desc-preproc_dwi.nii.gz	0.0	0.1069882362992858	0.0354652670656181	0.1059711873531341	0.1069882362992858	0.1059711873531341	0.0354652670656181	0.1187693472508372	0.1187693472508372	sub-20966	ses-3				space-ACPC			DSIStudio	autotrackgqi
ProjectionBrainstem_CorticospinalTractR	ha	DSIStudio	/scratch/executivefunction/SLURM_8364170_116/job-8364170-116-sub-20966-ses-3/ds/inputs/data/qsiprep/qsiprep/sub-20966/ses-3/dwi/sub-20966_ses-3_space-ACPC_desc-preproc_dwi.nii.gz	0.0	-11.254838068688112	58.91233286669942	-35.577919006347656	-11.254838068688112	-35.577919006347656	58.91233286669942	1.341466531244503	1.341466531244503	sub-20966	ses-3				space-ACPC			DSIStudio	autotrackgqi
ProjectionBrainstem_CorticospinalTractR	iso	DSIStudio	/scratch/executivefunction/SLURM_8364170_116/job-8364170-116-sub-20966-ses-3/ds/inputs/data/qsiprep/qsiprep/sub-20966/ses-3/dwi/sub-20966_ses-3_space-ACPC_desc-preproc_dwi.nii.gz	0.0	0.5730900007158536	0.062181520249618	0.5776265859603882	0.5730900007158536	0.5776265859603882	0.062181520249618	0.5820979370278285	0.5820979370278285	sub-20966	ses-3				space-ACPC			DSIStudio	autotrackgqi
ProjectionBrainstem_CorticospinalTractR	md	DSIStudio	/scratch/executivefunction/SLURM_8364170_116/job-8364170-116-sub-20966-ses-3/ds/inputs/data/qsiprep/qsiprep/sub-20966/ses-3/dwi/sub-20966_ses-3_space-ACPC_desc-preproc_dwi.nii.gz	0.0	0.7642178509025302	0.2136695393466609	0.7276027798652649	0.7642178509025302	0.7276027798652649	0.2136695393466609	0.7378099760087211	0.7378099760087211	sub-20966	ses-3				space-ACPC			DSIStudio	autotrackgqi
ProjectionBrainstem_CorticospinalTractR	qa	DSIStudio	/scratch/executivefunction/SLURM_8364170_116/job-8364170-116-sub-20966-ses-3/ds/inputs/data/qsiprep/qsiprep/sub-20966/ses-3/dwi/sub-20966_ses-3_space-ACPC_desc-preproc_dwi.nii.gz	0.0	0.2921704093169471	0.1173553793546981	0.2808768451213836	0.2921704093169471	0.2808768451213836	0.1173553793546981	0.3322630800723843	0.3322630800723843	sub-20966	ses-3				space-ACPC			DSIStudio	autotrackgqi
ProjectionBrainstem_CorticospinalTractR	rd1	DSIStudio	/scratch/executivefunction/SLURM_8364170_116/job-8364170-116-sub-20966-ses-3/ds/inputs/data/qsiprep/qsiprep/sub-20966/ses-3/dwi/sub-20966_ses-3_space-ACPC_desc-preproc_dwi.nii.gz	0.0	0.652203793024467	0.2471696290999795	0.6350932121276855	0.652203793024467	0.6350932121276855	0.2471696290999795	0.5909395477101976	0.5909395477101976	sub-20966	ses-3				space-ACPC			DSIStudio	autotrackgqi
ProjectionBrainstem_CorticospinalTractR	rd2	DSIStudio	/scratch/executivefunction/SLURM_8364170_116/job-8364170-116-sub-20966-ses-3/ds/inputs/data/qsiprep/qsiprep/sub-20966/ses-3/dwi/sub-20966_ses-3_space-ACPC_desc-preproc_dwi.nii.gz	0.0	0.4133032267050743	0.249527429871264	0.3750011920928955	0.4133032267050743	0.3750011920928955	0.249527429871264	0.3553508105864061	0.3553508105864061	sub-20966	ses-3				space-ACPC			DSIStudio	autotrackgqi
ProjectionBrainstem_CorticospinalTractR	rd	DSIStudio	/scratch/executivefunction/SLURM_8364170_116/job-8364170-116-sub-20966-ses-3/ds/inputs/data/qsiprep/qsiprep/sub-20966/ses-3/dwi/sub-20966_ses-3_space-ACPC_desc-preproc_dwi.nii.gz	0.0	0.5327535110824846	0.2409443802215009	0.5079842805862427	0.5327535110824846	0.5079842805862427	0.2409443802215009	0.473145178521099	0.473145178521099	sub-20966	ses-3				space-ACPC			DSIStudio	autotrackgqi
ProjectionBrainstem_CorticospinalTractR	txx	DSIStudio	/scratch/executivefunction/SLURM_8364170_116/job-8364170-116-sub-20966-ses-3/ds/inputs/data/qsiprep/qsiprep/sub-20966/ses-3/dwi/sub-20966_ses-3_space-ACPC_desc-preproc_dwi.nii.gz	0.0	0.0006626410613018	0.0002600008761759	0.0006222167867235	0.0006626410613018	0.0006222167867235	0.0002600008761759	0.0006264485275366	0.0006264485275366	sub-20966	ses-3				space-ACPC			DSIStudio	autotrackgqi
ProjectionBrainstem_CorticospinalTractR	txy	DSIStudio	/scratch/executivefunction/SLURM_8364170_116/job-8364170-116-sub-20966-ses-3/ds/inputs/data/qsiprep/qsiprep/sub-20966/ses-3/dwi/sub-20966_ses-3_space-ACPC_desc-preproc_dwi.nii.gz	0.0	5.278258518926962e-05	9.962940243630672e-05	4.613655255525373e-05	5.278258518926962e-05	4.613655255525373e-05	9.962940243630672e-05	8.33501868732967e-05	8.33501868732967e-05	sub-20966	ses-3				space-ACPC			DSIStudio	autotrackgqi
ProjectionBrainstem_CorticospinalTractR	txz	DSIStudio	/scratch/executivefunction/SLURM_8364170_116/job-8364170-116-sub-20966-ses-3/ds/inputs/data/qsiprep/qsiprep/sub-20966/ses-3/dwi/sub-20966_ses-3_space-ACPC_desc-preproc_dwi.nii.gz	0.0	-4.462389193243109e-05	0.0002077281236923	-1.976554085558746e-05	-4.462389193243109e-05	-1.976554085558746e-05	0.0002077281236923	-0.0001200303494162	-0.0001200303494162	sub-20966	ses-3				space-ACPC			DSIStudio	autotrackgqi
ProjectionBrainstem_CorticospinalTractR	tyy	DSIStudio	/scratch/executivefunction/SLURM_8364170_116/job-8364170-116-sub-20966-ses-3/ds/inputs/data/qsiprep/qsiprep/sub-20966/ses-3/dwi/sub-20966_ses-3_space-ACPC_desc-preproc_dwi.nii.gz	0.0	0.0006009479678026	0.0002983590538299	0.0005457787192426	0.0006009479678026	0.0005457787192426	0.0002983590538299	0.0005410288595487	0.0005410288595487	sub-20966	ses-3				space-ACPC			DSIStudio	autotrackgqi
ProjectionBrainstem_CorticospinalTractR	tyz	DSIStudio	/scratch/executivefunction/SLURM_8364170_116/job-8364170-116-sub-20966-ses-3/ds/inputs/data/qsiprep/qsiprep/sub-20966/ses-3/dwi/sub-20966_ses-3_space-ACPC_desc-preproc_dwi.nii.gz	0.0	-1.4336575919738213e-05	0.0002125003597809	1.1862874998769256e-05	-1.4336575919738213e-05	1.1862874998769256e-05	0.0002125003597809	-8.082934040252227e-05	-8.082934040252227e-05	sub-20966	ses-3				space-ACPC			DSIStudio	autotrackgqi
ProjectionBrainstem_CorticospinalTractR	tzz	DSIStudio	/scratch/executivefunction/SLURM_8364170_116/job-8364170-116-sub-20966-ses-3/ds/inputs/data/qsiprep/qsiprep/sub-20966/ses-3/dwi/sub-20966_ses-3_space-ACPC_desc-preproc_dwi.nii.gz	0.0	0.0010290645241195	0.0002990162150084	0.0009979688329622	0.0010290645241195	0.0009979688329622	0.0002990162150084	0.0010459525380364	0.0010459525380364	sub-20966	ses-3				space-ACPC			DSIStudio	autotrackgqi
ProjectionBasalGanglia_AnsaSubthalamicaR	ad	DSIStudio	/scratch/executivefunction/SLURM_8364170_116/job-8364170-116-sub-20966-ses-3/ds/inputs/data/qsiprep/qsiprep/sub-20966/ses-3/dwi/sub-20966_ses-3_space-ACPC_desc-preproc_dwi.nii.gz	0.0	1.5135460690858495	0.7610923493877081	1.2459905743598938	1.5135460690858495	1.2459905743598938	0.7610923493877081	1.5331935241849557	1.5331935241849557	sub-20966	ses-3				space-ACPC			DSIStudio	autotrackgqi
ProjectionBasalGanglia_AnsaSubthalamicaR	dti_fa	DSIStudio	/scratch/executivefunction/SLURM_8364170_116/job-8364170-116-sub-20966-ses-3/ds/inputs/data/qsiprep/qsiprep/sub-20966/ses-3/dwi/sub-20966_ses-3_space-ACPC_desc-preproc_dwi.nii.gz	0.0	0.3448471393090386	0.1835480866998279	0.3019692450761795	0.3448471393090386	0.3019692450761795	0.1835480866998279	0.3880032360185977	0.3880032360185977	sub-20966	ses-3				space-ACPC			DSIStudio	autotrackgqi
ProjectionBasalGanglia_AnsaSubthalamicaR	gfa	DSIStudio	/scratch/executivefunction/SLURM_8364170_116/job-8364170-116-sub-20966-ses-3/ds/inputs/data/qsiprep/qsiprep/sub-20966/ses-3/dwi/sub-20966_ses-3_space-ACPC_desc-preproc_dwi.nii.gz	0.0	0.0795425261186145	0.0350883221394115	0.072140846401453	0.0795425261186145	0.072140846401453	0.0350883221394115	0.0852289633316979	0.0852289633316979	sub-20966	ses-3				space-ACPC			DSIStudio	autotrackgqi
ProjectionBasalGanglia_AnsaSubthalamicaR	ha	DSIStudio	/scratch/executivefunction/SLURM_8364170_116/job-8364170-116-sub-20966-ses-3/ds/inputs/data/qsiprep/qsiprep/sub-20966/ses-3/dwi/sub-20966_ses-3_space-ACPC_desc-preproc_dwi.nii.gz	0.0	-4.81076820900483	34.27199916737411	-8.547888278961182	-4.81076820900483	-8.547888278961182	34.27199916737411	-14.357628712624225	-14.357628712624225	sub-20966	ses-3				space-ACPC			DSIStudio	autotrackgqi
ProjectionBasalGanglia_AnsaSubthalamicaR	iso	DSIStudio	/scratch/executivefunction/SLURM_8364170_116/job-8364170-116-sub-20966-ses-3/ds/inputs/data/qsiprep/qsiprep/sub-20966/ses-3/dwi/sub-20966_ses-3_space-ACPC_desc-preproc_dwi.nii.gz	0.0	0.4452411813292071	0.1284530989078564	0.4431228786706924	0.4452411813292071	0.4431228786706924	0.1284530989078564	0.428023837552317	0.428023837552317	sub-20966	ses-3				space-ACPC			DSIStudio	autotrackgqi
ProjectionBasalGanglia_AnsaSubthalamicaR	md	DSIStudio	/scratch/executivefunction/SLURM_8364170_116/job-8364170-116-sub-20966-ses-3/ds/inputs/data/qsiprep/qsiprep/sub-20966/ses-3/dwi/sub-20966_ses-3_space-ACPC_desc-preproc_dwi.nii.gz	0.0	1.1361767169292467	0.7230406186615999	0.838053822517395	1.1361767169292467	0.838053822517395	0.7230406186615999	1.112133034260431	1.112133034260431	sub-20966	ses-3				space-ACPC			DSIStudio	autotrackgqi
ProjectionBasalGanglia_AnsaSubthalamicaR	qa	DSIStudio	/scratch/executivefunction/SLURM_8364170_116/job-8364170-116-sub-20966-ses-3/ds/inputs/data/qsiprep/qsiprep/sub-20966/ses-3/dwi/sub-20966_ses-3_space-ACPC_desc-preproc_dwi.nii.gz	0.0	0.1590013263338414	0.0780542316676888	0.1511844098567962	0.1590013263338414	0.1511844098567962	0.0780542316676888	0.1655544083334918	0.1655544083334918	sub-20966	ses-3				space-ACPC			DSIStudio	autotrackgqi
ProjectionBasalGanglia_AnsaSubthalamicaR	rd1	DSIStudio	/scratch/executivefunction/SLURM_8364170_116/job-8364170-116-sub-20966-ses-3/ds/inputs/data/qsiprep/qsiprep/sub-20966/ses-3/dwi/sub-20966_ses-3_space-ACPC_desc-preproc_dwi.nii.gz	0.0	1.0564336859727208	0.7461024497748011	0.7871743738651276	1.0564336859727208	0.7871743738651276	0.7461024497748011	1.012287249840915	1.012287249840915	sub-20966	ses-3				space-ACPC			DSIStudio	autotrackgqi
ProjectionBasalGanglia_AnsaSubthalamicaR	rd2	DSIStudio	/scratch/executivefunction/SLURM_8364170_116/job-8364170-116-sub-20966-ses-3/ds/inputs/data/qsiprep/qsiprep/sub-20966/ses-3/dwi/sub-20966_ses-3_space-ACPC_desc-preproc_dwi.nii.gz	0.0	0.838550373173087	0.7122112380091593	0.5916008651256561	0.838550373173087	0.5916008651256561	0.7122112380091593	0.7909183180598252	0.7909183180598252	sub-20966	ses-3				space-ACPC			DSIStudio	autotrackgqi
ProjectionBasalGanglia_AnsaSubthalamicaR	rd	DSIStudio	/scratch/executivefunction/SLURM_8364170_116/job-8364170-116-sub-20966-ses-3/ds/inputs/data/qsiprep/qsiprep/sub-20966/ses-3/dwi/sub-20966_ses-3_space-ACPC_desc-preproc_dwi.nii.gz	0.0	0.9474920295021704	0.7266690826802569	0.6931771337985992	0.9474920295021704	0.6931771337985992	0.7266690826802569	0.9016027844052922	0.9016027844052922	sub-20966	ses-3				space-ACPC			DSIStudio	autotrackgqi
ProjectionBasalGanglia_AnsaSubthalamicaR	txx	DSIStudio	/scratch/executivefunction/SLURM_8364170_116/job-8364170-116-sub-20966-ses-3/ds/inputs/data/qsiprep/qsiprep/sub-20966/ses-3/dwi/sub-20966_ses-3_space-ACPC_desc-preproc_dwi.nii.gz	0.0	0.0011399634946152	0.0007507236655356	0.000906367029529	0.0011399634946152	0.000906367029529	0.0007507236655356	0.0011939195745247	0.0011939195745247	sub-20966	ses-3				space-ACPC			DSIStudio	autotrackgqi
ProjectionBasalGanglia_AnsaSubthalamicaR	txy	DSIStudio	/scratch/executivefunction/SLURM_8364170_116/job-8364170-116-sub-20966-ses-3/ds/inputs/data/qsiprep/qsiprep/sub-20966/ses-3/dwi/sub-20966_ses-3_space-ACPC_desc-preproc_dwi.nii.gz	0.0	-3.700030375456498e-05	0.0001942181099662	-1.7524884242448024e-05	-3.700030375456498e-05	-1.7524884242448024e-05	0.0001942181099662	-5.942337348859911e-05	-5.942337348859911e-05	sub-20966	ses-3				space-ACPC			DSIStudio	autotrackgqi
ProjectionBasalGanglia_AnsaSubthalamicaR	txz	DSIStudio	/scratch/executivefunction/SLURM_8364170_116/job-8364170-116-sub-20966-ses-3/ds/inputs/data/qsiprep/qsiprep/sub-20966/ses-3/dwi/sub-20966_ses-3_space-ACPC_desc-preproc_dwi.nii.gz	0.0	-7.11487150084622e-05	0.000172551114665	-4.990880006516818e-05	-7.11487150084622e-05	-4.990880006516818e-05	0.000172551114665	-0.0001479985455743	-0.0001479985455743	sub-20966	ses-3				space-ACPC			DSIStudio	autotrackgqi
ProjectionBasalGanglia_AnsaSubthalamicaR	tyy	DSIStudio	/scratch/executivefunction/SLURM_8364170_116/job-8364170-116-sub-20966-ses-3/ds/inputs/data/qsiprep/qsiprep/sub-20966/ses-3/dwi/sub-20966_ses-3_space-ACPC_desc-preproc_dwi.nii.gz	0.0	0.0011750083657513	0.0007574390496152	0.0009047346247825	0.0011750083657513	0.0009047346247825	0.0007574390496152	0.0011069809953377	0.0011069809953377	sub-20966	ses-3				space-ACPC			DSIStudio	autotrackgqi
ProjectionBasalGanglia_AnsaSubthalamicaR	tyz	DSIStudio	/scratch/executivefunction/SLURM_8364170_116/job-8364170-116-sub-20966-ses-3/ds/inputs/data/qsiprep/qsiprep/sub-20966/ses-3/dwi/sub-20966_ses-3_space-ACPC_desc-preproc_dwi.nii.gz	0.0	-7.551630407086042e-06	0.000143627542687	9.141603641182884e-06	-7.551630407086042e-06	9.141603641182884e-06	0.000143627542687	-1.477745497073496e-05	-1.477745497073496e-05	sub-20966	ses-3				space-ACPC			DSIStudio	autotrackgqi
ProjectionBasalGanglia_AnsaSubthalamicaR	tzz	DSIStudio	/scratch/executivefunction/SLURM_8364170_116/job-8364170-116-sub-20966-ses-3/ds/inputs/data/qsiprep/qsiprep/sub-20966/ses-3/dwi/sub-20966_ses-3_space-ACPC_desc-preproc_dwi.nii.gz	0.0	0.0010935582664111	0.0007420657163462	0.0008405765693169	0.0010935582664111	0.0008405765693169	0.0007420657163462	0.0010354985168717	0.0010354985168717	sub-20966	ses-3				space-ACPC			DSIStudio	autotrackgqi
ProjectionBrainstem_DentatorubrothalamicTract-rl	ad	DSIStudio	/scratch/executivefunction/SLURM_8364170_116/job-8364170-116-sub-20966-ses-3/ds/inputs/data/qsiprep/qsiprep/sub-20966/ses-3/dwi/sub-20966_ses-3_space-ACPC_desc-preproc_dwi.nii.gz	0.0	1.2074244727217962	0.2083119921506568	1.1500089764595032	1.2074244727217962	1.1500089764595032	0.2083119921506568	1.2089533355287152	1.2089533355287152	sub-20966	ses-3				space-ACPC			DSIStudio	autotrackgqi
ProjectionBrainstem_DentatorubrothalamicTract-rl	dti_fa	DSIStudio	/scratch/executivefunction/SLURM_8364170_116/job-8364170-116-sub-20966-ses-3/ds/inputs/data/qsiprep/qsiprep/sub-20966/ses-3/dwi/sub-20966_ses-3_space-ACPC_desc-preproc_dwi.nii.gz	0.0	0.5067230422818472	0.1525011332796855	0.4885454922914505	0.5067230422818472	0.4885454922914505	0.1525011332796855	0.5133683701190085	0.5133683701190085	sub-20966	ses-3				space-ACPC			DSIStudio	autotrackgqi
ProjectionBrainstem_DentatorubrothalamicTract-rl	gfa	DSIStudio	/scratch/executivefunction/SLURM_8364170_116/job-8364170-116-sub-20966-ses-3/ds/inputs/data/qsiprep/qsiprep/sub-20966/ses-3/dwi/sub-20966_ses-3_space-ACPC_desc-preproc_dwi.nii.gz	0.0	0.1079904089371363	0.0327028921505194	0.1024445332586765	0.1079904089371363	0.1024445332586765	0.0327028921505194	0.1086990981061108	0.1086990981061108	sub-20966	ses-3				space-ACPC			DSIStudio	autotrackgqi
ProjectionBrainstem_DentatorubrothalamicTract-rl	ha	DSIStudio	/scratch/executivefunction/SLURM_8364170_116/job-8364170-116-sub-20966-ses-3/ds/inputs/data/qsiprep/qsiprep/sub-20966/ses-3/dwi/sub-20966_ses-3_space-ACPC_desc-preproc_dwi.nii.gz	0.0	22.275253508550424	26.840622648408573	24.10995578765869	22.275253508550424	24.10995578765869	26.840622648408573	22.78263376500272	22.78263376500272	sub-20966	ses-3				space-ACPC			DSIStudio	autotrackgqi
ProjectionBrainstem_DentatorubrothalamicTract-rl	iso	DSIStudio	/scratch/executivefunction/SLURM_8364170_116/job-8364170-116-sub-20966-ses-3/ds/inputs/data/qsiprep/qsiprep/sub-20966/ses-3/dwi/sub-20966_ses-3_space-ACPC_desc-preproc_dwi.nii.gz	0.0	0.556815041199563	0.080040336999059	0.5568950772285461	0.556815041199563	0.5568950772285461	0.080040336999059	0.5531615625480588	0.5531615625480588	sub-20966	ses-3				space-ACPC			DSIStudio	autotrackgqi
ProjectionBrainstem_DentatorubrothalamicTract-rl	md	DSIStudio	/scratch/executivefunction/SLURM_8364170_116/job-8364170-116-sub-20966-ses-3/ds/inputs/data/qsiprep/qsiprep/sub-20966/ses-3/dwi/sub-20966_ses-3_space-ACPC_desc-preproc_dwi.nii.gz	0.0	0.7415300347502269	0.0553625828979217	0.7484977841377258	0.7415300347502269	0.7484977841377258	0.0553625828979217	0.7365701151095272	0.7365701151095272	sub-20966	ses-3				space-ACPC			DSIStudio	autotrackgqi
ProjectionBrainstem_DentatorubrothalamicTract-rl	qa	DSIStudio	/scratch/executivefunction/SLURM_8364170_116/job-8364170-116-sub-20966-ses-3/ds/inputs/data/qsiprep/qsiprep/sub-20966/ses-3/dwi/sub-20966_ses-3_space-ACPC_desc-preproc_dwi.nii.gz	0.0	0.2862948076947341	0.1070079907185784	0.266337439417839	0.2862948076947341	0.266337439417839	0.1070079907185784	0.2870813901325728	0.2870813901325728	sub-20966	ses-3				space-ACPC			DSIStudio	autotrackgqi
ProjectionBrainstem_DentatorubrothalamicTract-rl	rd1	DSIStudio	/scratch/executivefunction/SLURM_8364170_116/job-8364170-116-sub-20966-ses-3/ds/inputs/data/qsiprep/qsiprep/sub-20966/ses-3/dwi/sub-20966_ses-3_space-ACPC_desc-preproc_dwi.nii.gz	0.0	0.6233891376427242	0.1357248015222636	0.6238785982131958	0.6233891376427242	0.6238785982131958	0.1357248015222636	0.6121909040978668	0.6121909040978668	sub-20966	ses-3				space-ACPC			DSIStudio	autotrackgqi
ProjectionBrainstem_DentatorubrothalamicTract-rl	rd2	DSIStudio	/scratch/executivefunction/SLURM_8364170_116/job-8364170-116-sub-20966-ses-3/ds/inputs/data/qsiprep/qsiprep/sub-20966/ses-3/dwi/sub-20966_ses-3_space-ACPC_desc-preproc_dwi.nii.gz	0.0	0.3937764940044236	0.1105439919772542	0.3956424444913864	0.3937764940044236	0.3956424444913864	0.1105439919772542	0.3885661127800511	0.3885661127800511	sub-20966	ses-3				space-ACPC			DSIStudio	autotrackgqi
ProjectionBrainstem_DentatorubrothalamicTract-rl	rd	DSIStudio	/scratch/executivefunction/SLURM_8364170_116/job-8364170-116-sub-20966-ses-3/ds/inputs/data/qsiprep/qsiprep/sub-20966/ses-3/dwi/sub-20966_ses-3_space-ACPC_desc-preproc_dwi.nii.gz	0.0	0.508582816237495	0.1114056841774381	0.504143476486206	0.508582816237495	0.504143476486206	0.1114056841774381	0.5003785100325555	0.5003785100325555	sub-20966	ses-3				space-ACPC			DSIStudio	autotrackgqi
ProjectionBrainstem_DentatorubrothalamicTract-rl	txx	DSIStudio	/scratch/executivefunction/SLURM_8364170_116/job-8364170-116-sub-20966-ses-3/ds/inputs/data/qsiprep/qsiprep/sub-20966/ses-3/dwi/sub-20966_ses-3_space-ACPC_desc-preproc_dwi.nii.gz	0.0	0.0006454949925971	0.0002185441213844	0.0005901487893424	0.0006454949925971	0.0005901487893424	0.0002185441213844	0.0006423218996056	0.0006423218996056	sub-20966	ses-3				space-ACPC			DSIStudio	autotrackgqi
ProjectionBrainstem_DentatorubrothalamicTract-rl	txy	DSIStudio	/scratch/executivefunction/SLURM_8364170_116/job-8364170-116-sub-20966-ses-3/ds/inputs/data/qsiprep/qsiprep/sub-20966/ses-3/dwi/sub-20966_ses-3_space-ACPC_desc-preproc_dwi.nii.gz	0.0	0.0001011432772148	0.0001773313409368	3.823641054623295e-05	0.0001011432772148	3.823641054623295e-05	0.0001773313409368	0.0001098132712312	0.0001098132712312	sub-20966	ses-3				space-ACPC			DSIStudio	autotrackgqi
ProjectionBrainstem_DentatorubrothalamicTract-rl	txz	DSIStudio	/scratch/executivefunction/SLURM_8364170_116/job-8364170-116-sub-20966-ses-3/ds/inputs/data/qsiprep/qsiprep/sub-20966/ses-3/dwi/sub-20966_ses-3_space-ACPC_desc-preproc_dwi.nii.gz	0.0	-4.254865191730084e-05	0.0001148571873463	-3.989597280451562e-05	-4.254865191730084e-05	-3.989597280451562e-05	0.0001148571873463	-4.483794617828662e-05	-4.483794617828662e-05	sub-20966	ses-3				space-ACPC			DSIStudio	autotrackgqi
ProjectionBrainstem_DentatorubrothalamicTract-rl	tyy	DSIStudio	/scratch/executivefunction/SLURM_8364170_116/job-8364170-116-sub-20966-ses-3/ds/inputs/data/qsiprep/qsiprep/sub-20966/ses-3/dwi/sub-20966_ses-3_space-ACPC_desc-preproc_dwi.nii.gz	0.0	0.0008616634306871	0.000210641556339	0.0008646665955893	0.0008616634306871	0.0008646665955893	0.000210641556339	0.0008693617990749	0.0008693617990749	sub-20966	ses-3				space-ACPC			DSIStudio	autotrackgqi
ProjectionBrainstem_DentatorubrothalamicTract-rl	tyz	DSIStudio	/scratch/executivefunction/SLURM_8364170_116/job-8364170-116-sub-20966-ses-3/ds/inputs/data/qsiprep/qsiprep/sub-20966/ses-3/dwi/sub-20966_ses-3_space-ACPC_desc-preproc_dwi.nii.gz	0.0	-0.000143156953841	0.0002460931228132	-0.0001777689540176	-0.000143156953841	-0.0001777689540176	0.0002460931228132	-0.0001368239270473	-0.0001368239270473	sub-20966	ses-3				space-ACPC			DSIStudio	autotrackgqi
ProjectionBrainstem_DentatorubrothalamicTract-rl	tzz	DSIStudio	/scratch/executivefunction/SLURM_8364170_116/job-8364170-116-sub-20966-ses-3/ds/inputs/data/qsiprep/qsiprep/sub-20966/ses-3/dwi/sub-20966_ses-3_space-ACPC_desc-preproc_dwi.nii.gz	0.0	0.000717431681262	0.0001847871216641	0.0006860400899313	0.000717431681262	0.0006860400899313	0.0001847871216641	0.000698026654462	0.000698026654462	sub-20966	ses-3				space-ACPC			DSIStudio	autotrackgqi
ProjectionBrainstem_ReticularTractR	ad	DSIStudio	/scratch/executivefunction/SLURM_8364170_116/job-8364170-116-sub-20966-ses-3/ds/inputs/data/qsiprep/qsiprep/sub-20966/ses-3/dwi/sub-20966_ses-3_space-ACPC_desc-preproc_dwi.nii.gz	0.0009165902841429	1.29499928725629	0.5095804941963937	1.1629749536514282	1.2961873599968918	1.1632790565490725	0.5083016295920335	1.3927242133419315	1.392796186881183	sub-20966	ses-3				space-ACPC			DSIStudio	autotrackgqi
ProjectionBrainstem_ReticularTractR	dti_fa	DSIStudio	/scratch/executivefunction/SLURM_8364170_116/job-8364170-116-sub-20966-ses-3/ds/inputs/data/qsiprep/qsiprep/sub-20966/ses-3/dwi/sub-20966_ses-3_space-ACPC_desc-preproc_dwi.nii.gz	0.0009165902841429	0.4022303166074505	0.1710426048692103	0.3948843330144882	0.40259933524654	0.3952100127935409	0.1706863966360238	0.4453032748355551	0.445326287475793	sub-20966	ses-3				space-ACPC			DSIStudio	autotrackgqi
ProjectionBrainstem_ReticularTractR	gfa	DSIStudio	/scratch/executivefunction/SLURM_8364170_116/job-8364170-116-sub-20966-ses-3/ds/inputs/data/qsiprep/qsiprep/sub-20966/ses-3/dwi/sub-20966_ses-3_space-ACPC_desc-preproc_dwi.nii.gz	0.0004582951420714	0.0895616164807431	0.0360108637175582	0.0870223753154277	0.089602680954141	0.0870232284069061	0.0359680052310519	0.0990108821656226	0.0990134376147178	sub-20966	ses-3				space-ACPC			DSIStudio	autotrackgqi
ProjectionBrainstem_ReticularTractR	ha	DSIStudio	/scratch/executivefunction/SLURM_8364170_116/job-8364170-116-sub-20966-ses-3/ds/inputs/data/qsiprep/qsiprep/sub-20966/ses-3/dwi/sub-20966_ses-3_space-ACPC_desc-preproc_dwi.nii.gz	0.0009165902841429	6.16143344477712	36.861967045566615	6.70893144607544	6.16708613601086	6.824940919876099	36.87839968833714	0.8121144032297318	0.8121563679123716	sub-20966	ses-3				space-ACPC			DSIStudio	autotrackgqi
ProjectionBrainstem_ReticularTractR	iso	DSIStudio	/scratch/executivefunction/SLURM_8364170_116/job-8364170-116-sub-20966-ses-3/ds/inputs/data/qsiprep/qsiprep/sub-20966/ses-3/dwi/sub-20966_ses-3_space-ACPC_desc-preproc_dwi.nii.gz	0.0004582951420714	0.54761665244759	0.1403391564224217	0.5445386469364166	0.5478677375702161	0.5445908904075623	0.1398804764246107	0.5092673891406487	0.50928053333429	sub-20966	ses-3				space-ACPC			DSIStudio	autotrackgqi
ProjectionBrainstem_ReticularTractR	md	DSIStudio	/scratch/executivefunction/SLURM_8364170_116/job-8364170-116-sub-20966-ses-3/ds/inputs/data/qsiprep/qsiprep/sub-20966/ses-3/dwi/sub-20966_ses-3_space-ACPC_desc-preproc_dwi.nii.gz	0.0009165902841429	0.903300756139563	0.4632306385879016	0.7707812190055847	0.9041294724295992	0.7708444893360138	0.4626340049084097	0.943029867173841	0.9430786013135376	sub-20966	ses-3				space-ACPC			DSIStudio	autotrackgqi
ProjectionBrainstem_ReticularTractR	qa	DSIStudio	/scratch/executivefunction/SLURM_8364170_116/job-8364170-116-sub-20966-ses-3/ds/inputs/data/qsiprep/qsiprep/sub-20966/ses-3/dwi/sub-20966_ses-3_space-ACPC_desc-preproc_dwi.nii.gz	0.0004582951420714	0.2192561152805165	0.0947646710898665	0.2087773904204368	0.2193566453654686	0.2088367938995361	0.0946699977772388	0.2318702107887763	0.2318761952346442	sub-20966	ses-3				space-ACPC			DSIStudio	autotrackgqi
ProjectionBrainstem_ReticularTractR	rd1	DSIStudio	/scratch/executivefunction/SLURM_8364170_116/job-8364170-116-sub-20966-ses-3/ds/inputs/data/qsiprep/qsiprep/sub-20966/ses-3/dwi/sub-20966_ses-3_space-ACPC_desc-preproc_dwi.nii.gz	0.0009165902841429	0.8092985538019706	0.4762487566532654	0.7021654546260834	0.8100410295394036	0.7022743225097656	0.4758356098616342	0.8208749058568492	0.8209173273209727	sub-20966	ses-3				space-ACPC			DSIStudio	autotrackgqi
ProjectionBrainstem_ReticularTractR	rd2	DSIStudio	/scratch/executivefunction/SLURM_8364170_116/job-8364170-116-sub-20966-ses-3/ds/inputs/data/qsiprep/qsiprep/sub-20966/ses-3/dwi/sub-20966_ses-3_space-ACPC_desc-preproc_dwi.nii.gz	0.0009165902841429	0.6056044248507233	0.466181448667116	0.4899629056453705	0.6061600252404946	0.4901511073112488	0.4660340558374418	0.6154904838124442	0.615522291228236	sub-20966	ses-3				space-ACPC			DSIStudio	autotrackgqi
ProjectionBrainstem_ReticularTractR	rd	DSIStudio	/scratch/executivefunction/SLURM_8364170_116/job-8364170-116-sub-20966-ses-3/ds/inputs/data/qsiprep/qsiprep/sub-20966/ses-3/dwi/sub-20966_ses-3_space-ACPC_desc-preproc_dwi.nii.gz	0.0009165902841429	0.7074514895090261	0.4676654203191373	0.5878775119781494	0.7081005275727958	0.5879279375076294	0.4673885037207876	0.7181826916942012	0.7182198061339965	sub-20966	ses-3				space-ACPC			DSIStudio	autotrackgqi
ProjectionBrainstem_ReticularTractR	txx	DSIStudio	/scratch/executivefunction/SLURM_8364170_116/job-8364170-116-sub-20966-ses-3/ds/inputs/data/qsiprep/qsiprep/sub-20966/ses-3/dwi/sub-20966_ses-3_space-ACPC_desc-preproc_dwi.nii.gz	0.0009165902841429	0.0008356048511721	0.0004755048664315	0.000719811709132	0.0008363714611273	0.0007200294930953	0.0004750485690743	0.0007999825442062	0.0008000238860809	sub-20966	ses-3				space-ACPC			DSIStudio	autotrackgqi
ProjectionBrainstem_ReticularTractR	txy	DSIStudio	/scratch/executivefunction/SLURM_8364170_116/job-8364170-116-sub-20966-ses-3/ds/inputs/data/qsiprep/qsiprep/sub-20966/ses-3/dwi/sub-20966_ses-3_space-ACPC_desc-preproc_dwi.nii.gz	0.0009165902841429	5.855562871057068e-05	0.000154118485153	3.70465040759882e-05	5.86093494708556e-05	3.724114139913581e-05	0.0001541789551732	6.966991808222026e-05	6.967351851375398e-05	sub-20966	ses-3				space-ACPC			DSIStudio	autotrackgqi
ProjectionBrainstem_ReticularTractR	txz	DSIStudio	/scratch/executivefunction/SLURM_8364170_116/job-8364170-116-sub-20966-ses-3/ds/inputs/data/qsiprep/qsiprep/sub-20966/ses-3/dwi/sub-20966_ses-3_space-ACPC_desc-preproc_dwi.nii.gz	0.0009165902841429	2.954603148554135e-06	0.0001111225313172	7.11511415829591e-06	2.9573137936445514e-06	7.175392283897963e-06	0.0001111734572168	2.624190662889119e-06	2.624326349047157e-06	sub-20966	ses-3				space-ACPC			DSIStudio	autotrackgqi
ProjectionBrainstem_ReticularTractR	tyy	DSIStudio	/scratch/executivefunction/SLURM_8364170_116/job-8364170-116-sub-20966-ses-3/ds/inputs/data/qsiprep/qsiprep/sub-20966/ses-3/dwi/sub-20966_ses-3_space-ACPC_desc-preproc_dwi.nii.gz	0.0009165902841429	0.001008411166173	0.0004879439457406	0.0009186418901663	0.0010093363140319	0.0009186966344714	0.0004872103646272	0.001152622779848	0.0011526823453184	sub-20966	ses-3				space-ACPC			DSIStudio	autotrackgqi
ProjectionBrainstem_ReticularTractR	tyz	DSIStudio	/scratch/executivefunction/SLURM_8364170_116/job-8364170-116-sub-20966-ses-3/ds/inputs/data/qsiprep/qsiprep/sub-20966/ses-3/dwi/sub-20966_ses-3_space-ACPC_desc-preproc_dwi.nii.gz	0.0009165902841429	-9.642421240932634e-05	0.0001774165875163	-7.430281038978137e-05	-9.651267498951838e-05	-7.446832751156762e-05	0.0001774739006787	-0.0001396952810445	-0.0001397025002221	sub-20966	ses-3				space-ACPC			DSIStudio	autotrackgqi
ProjectionBrainstem_ReticularTractR	tzz	DSIStudio	/scratch/executivefunction/SLURM_8364170_116/job-8364170-116-sub-20966-ses-3/ds/inputs/data/qsiprep/qsiprep/sub-20966/ses-3/dwi/sub-20966_ses-3_space-ACPC_desc-preproc_dwi.nii.gz	0.0009165902841429	0.0008658862486452	0.0005593278378577	0.0006980142788961	0.000866680639699	0.000698118674336	0.0005589688390513	0.0008764842750222	0.000876529570096	sub-20966	ses-3				space-ACPC			DSIStudio	autotrackgqi
ProjectionBasalGanglia_OpticRadiationL	ad	DSIStudio	/scratch/executivefunction/SLURM_8364170_116/job-8364170-116-sub-20966-ses-3/ds/inputs/data/qsiprep/qsiprep/sub-20966/ses-3/dwi/sub-20966_ses-3_space-ACPC_desc-preproc_dwi.nii.gz	0.0	1.2595297147651012	0.3794667756229071	1.1856144070625303	1.2595297147651012	1.1856144070625303	0.3794667756229071	1.2996263452140275	1.2996264594573697	sub-20966	ses-3				space-ACPC			DSIStudio	autotrackgqi
ProjectionBasalGanglia_OpticRadiationL	dti_fa	DSIStudio	/scratch/executivefunction/SLURM_8364170_116/job-8364170-116-sub-20966-ses-3/ds/inputs/data/qsiprep/qsiprep/sub-20966/ses-3/dwi/sub-20966_ses-3_space-ACPC_desc-preproc_dwi.nii.gz	0.0	0.4276131413200092	0.2082307310543211	0.4566358774900436	0.4276131413200092	0.4566358774900436	0.2082307310543211	0.5437715039993388	0.543771551920541	sub-20966	ses-3				space-ACPC			DSIStudio	autotrackgqi
ProjectionBasalGanglia_OpticRadiationL	gfa	DSIStudio	/scratch/executivefunction/SLURM_8364170_116/job-8364170-116-sub-20966-ses-3/ds/inputs/data/qsiprep/qsiprep/sub-20966/ses-3/dwi/sub-20966_ses-3_space-ACPC_desc-preproc_dwi.nii.gz	0.0	0.0933048060381276	0.0439053797412354	0.0955464914441108	0.0933048060381276	0.0955464914441108	0.0439053797412354	0.1182307204031753	0.1182307308300258	sub-20966	ses-3				space-ACPC			DSIStudio	autotrackgqi
ProjectionBasalGanglia_OpticRadiationL	ha	DSIStudio	/scratch/executivefunction/SLURM_8364170_116/job-8364170-116-sub-20966-ses-3/ds/inputs/data/qsiprep/qsiprep/sub-20966/ses-3/dwi/sub-20966_ses-3_space-ACPC_desc-preproc_dwi.nii.gz	0.0	1.375705040658451	30.323863586331857	4.676097393035889	1.375705040658451	4.676097393035889	30.323863586331857	0.2935481048758133	0.293548132662861	sub-20966	ses-3				space-ACPC			DSIStudio	autotrackgqi
ProjectionBasalGanglia_OpticRadiationL	iso	DSIStudio	/scratch/executivefunction/SLURM_8364170_116/job-8364170-116-sub-20966-ses-3/ds/inputs/data/qsiprep/qsiprep/sub-20966/ses-3/dwi/sub-20966_ses-3_space-ACPC_desc-preproc_dwi.nii.gz	0.0	0.5615965825260116	0.1389073889728816	0.5459928512573242	0.5615965825260116	0.5459928512573242	0.1389073889728816	0.5333412822003472	0.5333413290037219	sub-20966	ses-3				space-ACPC			DSIStudio	autotrackgqi
ProjectionBasalGanglia_OpticRadiationL	md	DSIStudio	/scratch/executivefunction/SLURM_8364170_116/job-8364170-116-sub-20966-ses-3/ds/inputs/data/qsiprep/qsiprep/sub-20966/ses-3/dwi/sub-20966_ses-3_space-ACPC_desc-preproc_dwi.nii.gz	0.0	0.8515710390288334	0.3390752304626204	0.7580700814723969	0.8515710390288334	0.7580700814723969	0.3390752304626204	0.7747955262867972	0.774795594255199	sub-20966	ses-3				space-ACPC			DSIStudio	autotrackgqi
ProjectionBasalGanglia_OpticRadiationL	qa	DSIStudio	/scratch/executivefunction/SLURM_8364170_116/job-8364170-116-sub-20966-ses-3/ds/inputs/data/qsiprep/qsiprep/sub-20966/ses-3/dwi/sub-20966_ses-3_space-ACPC_desc-preproc_dwi.nii.gz	0.0	0.2385120360263669	0.1138188665558159	0.2549481689929962	0.2385120360263669	0.2549481689929962	0.1138188665558159	0.296082412189353	0.2960824382815537	sub-20966	ses-3				space-ACPC			DSIStudio	autotrackgqi
ProjectionBasalGanglia_OpticRadiationL	rd1	DSIStudio	/scratch/executivefunction/SLURM_8364170_116/job-8364170-116-sub-20966-ses-3/ds/inputs/data/qsiprep/qsiprep/sub-20966/ses-3/dwi/sub-20966_ses-3_space-ACPC_desc-preproc_dwi.nii.gz	0.0	0.7523191612478342	0.3724068132465439	0.6713261902332306	0.7523191612478342	0.6713261902332306	0.3724068132465439	0.6293953872379974	0.6293954423443807	sub-20966	ses-3				space-ACPC			DSIStudio	autotrackgqi
ProjectionBasalGanglia_OpticRadiationL	rd2	DSIStudio	/scratch/executivefunction/SLURM_8364170_116/job-8364170-116-sub-20966-ses-3/ds/inputs/data/qsiprep/qsiprep/sub-20966/ses-3/dwi/sub-20966_ses-3_space-ACPC_desc-preproc_dwi.nii.gz	0.0	0.5428642392086782	0.3822929755998683	0.4303553104400635	0.5428642392086782	0.4303553104400635	0.3822929755998683	0.3953648414897978	0.3953648760452773	sub-20966	ses-3				space-ACPC			DSIStudio	autotrackgqi
ProjectionBasalGanglia_OpticRadiationL	rd	DSIStudio	/scratch/executivefunction/SLURM_8364170_116/job-8364170-116-sub-20966-ses-3/ds/inputs/data/qsiprep/qsiprep/sub-20966/ses-3/dwi/sub-20966_ses-3_space-ACPC_desc-preproc_dwi.nii.gz	0.0	0.6475917003179141	0.3723584018588551	0.5495020747184753	0.6475917003179141	0.5495020747184753	0.3723584018588551	0.512380114076709	0.5123801589076404	sub-20966	ses-3				space-ACPC			DSIStudio	autotrackgqi
ProjectionBasalGanglia_OpticRadiationL	txx	DSIStudio	/scratch/executivefunction/SLURM_8364170_116/job-8364170-116-sub-20966-ses-3/ds/inputs/data/qsiprep/qsiprep/sub-20966/ses-3/dwi/sub-20966_ses-3_space-ACPC_desc-preproc_dwi.nii.gz	0.0	0.0007972309077229	0.0003708021577494	0.0007361557218246	0.0007972309077229	0.0007361557218246	0.0003708021577494	0.0007356358990693	0.0007356359635194	sub-20966	ses-3				space-ACPC			DSIStudio	autotrackgqi
ProjectionBasalGanglia_OpticRadiationL	txy	DSIStudio	/scratch/executivefunction/SLURM_8364170_116/job-8364170-116-sub-20966-ses-3/ds/inputs/data/qsiprep/qsiprep/sub-20966/ses-3/dwi/sub-20966_ses-3_space-ACPC_desc-preproc_dwi.nii.gz	0.0	-0.0001090076382953	0.0001803123141073	-0.000102286288893	-0.0001090076382953	-0.000102286288893	0.0001803123141073	-0.0001634302072629	-0.0001634302217288	sub-20966	ses-3				space-ACPC			DSIStudio	autotrackgqi
ProjectionBasalGanglia_OpticRadiationL	txz	DSIStudio	/scratch/executivefunction/SLURM_8364170_116/job-8364170-116-sub-20966-ses-3/ds/inputs/data/qsiprep/qsiprep/sub-20966/ses-3/dwi/sub-20966_ses-3_space-ACPC_desc-preproc_dwi.nii.gz	0.0	-2.010347093923168e-05	0.0001348425636973	-1.5753669686091598e-05	-2.010347093923168e-05	-1.5753669686091598e-05	0.0001348425636973	-2.3364197313144487e-05	-2.3364199294269095e-05	sub-20966	ses-3				space-ACPC			DSIStudio	autotrackgqi
ProjectionBasalGanglia_OpticRadiationL	tyy	DSIStudio	/scratch/executivefunction/SLURM_8364170_116/job-8364170-116-sub-20966-ses-3/ds/inputs/data/qsiprep/qsiprep/sub-20966/ses-3/dwi/sub-20966_ses-3_space-ACPC_desc-preproc_dwi.nii.gz	0.0	0.0010209676928545	0.000397079712414	0.0009492938115727	0.0010209676928545	0.0009492938115727	0.000397079712414	0.0010325679453859	0.0010325680361158	sub-20966	ses-3				space-ACPC			DSIStudio	autotrackgqi
ProjectionBasalGanglia_OpticRadiationL	tyz	DSIStudio	/scratch/executivefunction/SLURM_8364170_116/job-8364170-116-sub-20966-ses-3/ds/inputs/data/qsiprep/qsiprep/sub-20966/ses-3/dwi/sub-20966_ses-3_space-ACPC_desc-preproc_dwi.nii.gz	0.0	3.6962439025220633e-05	0.0001624881917683	2.9944662855996285e-05	3.6962439025220633e-05	2.9944662855996285e-05	0.0001624881917683	2.1895157103735653e-05	2.1895159075409274e-05	sub-20966	ses-3				space-ACPC			DSIStudio	autotrackgqi
ProjectionBasalGanglia_OpticRadiationL	tzz	DSIStudio	/scratch/executivefunction/SLURM_8364170_116/job-8364170-116-sub-20966-ses-3/ds/inputs/data/qsiprep/qsiprep/sub-20966/ses-3/dwi/sub-20966_ses-3_space-ACPC_desc-preproc_dwi.nii.gz	0.0	0.0007365145162805	0.0004229152189538	0.0006625565874855	0.0007365145162805	0.0006625565874855	0.0004229152189538	0.0005561827311797	0.0005561827799049	sub-20966	ses-3				space-ACPC			DSIStudio	autotrackgqi
ProjectionBasalGanglia_FasciculusLenticularisR	ad	DSIStudio	/scratch/executivefunction/SLURM_8364170_116/job-8364170-116-sub-20966-ses-3/ds/inputs/data/qsiprep/qsiprep/sub-20966/ses-3/dwi/sub-20966_ses-3_space-ACPC_desc-preproc_dwi.nii.gz	0.0	1.2590455066405564	0.4666849238733448	1.085290789604187	1.2590455066405564	1.085290789604187	0.4666849238733448	1.325198589935222	1.325198589935222	sub-20966	ses-3				space-ACPC			DSIStudio	autotrackgqi
ProjectionBasalGanglia_FasciculusLenticularisR	dti_fa	DSIStudio	/scratch/executivefunction/SLURM_8364170_116/job-8364170-116-sub-20966-ses-3/ds/inputs/data/qsiprep/qsiprep/sub-20966/ses-3/dwi/sub-20966_ses-3_space-ACPC_desc-preproc_dwi.nii.gz	0.0	0.3174150214596414	0.1165323940124276	0.3051353096961975	0.3174150214596414	0.3051353096961975	0.1165323940124276	0.3456640495819388	0.3456640495819388	sub-20966	ses-3				space-ACPC			DSIStudio	autotrackgqi
ProjectionBasalGanglia_FasciculusLenticularisR	gfa	DSIStudio	/scratch/executivefunction/SLURM_8364170_116/job-8364170-116-sub-20966-ses-3/ds/inputs/data/qsiprep/qsiprep/sub-20966/ses-3/dwi/sub-20966_ses-3_space-ACPC_desc-preproc_dwi.nii.gz	0.0	0.0729103203378546	0.025422340778663	0.0697431787848472	0.0729103203378546	0.0697431787848472	0.025422340778663	0.0809865813567818	0.0809865813567818	sub-20966	ses-3				space-ACPC			DSIStudio	autotrackgqi
ProjectionBasalGanglia_FasciculusLenticularisR	ha	DSIStudio	/scratch/executivefunction/SLURM_8364170_116/job-8364170-116-sub-20966-ses-3/ds/inputs/data/qsiprep/qsiprep/sub-20966/ses-3/dwi/sub-20966_ses-3_space-ACPC_desc-preproc_dwi.nii.gz	0.0	3.928238119524022	39.19353674721363	3.1974740028381348	3.928238119524022	3.1974740028381348	39.19353674721363	-7.580074692245736	-7.580074692245736	sub-20966	ses-3				space-ACPC			DSIStudio	autotrackgqi
ProjectionBasalGanglia_FasciculusLenticularisR	iso	DSIStudio	/scratch/executivefunction/SLURM_8364170_116/job-8364170-116-sub-20966-ses-3/ds/inputs/data/qsiprep/qsiprep/sub-20966/ses-3/dwi/sub-20966_ses-3_space-ACPC_desc-preproc_dwi.nii.gz	0.0	0.4720845300255496	0.0862875015820035	0.481860876083374	0.4720845300255496	0.481860876083374	0.0862875015820035	0.4792028141033324	0.4792028141033324	sub-20966	ses-3				space-ACPC			DSIStudio	autotrackgqi
ProjectionBasalGanglia_FasciculusLenticularisR	md	DSIStudio	/scratch/executivefunction/SLURM_8364170_116/job-8364170-116-sub-20966-ses-3/ds/inputs/data/qsiprep/qsiprep/sub-20966/ses-3/dwi/sub-20966_ses-3_space-ACPC_desc-preproc_dwi.nii.gz	0.0	0.9418032197833746	0.385199455166806	0.7890351414680481	0.9418032197833746	0.7890351414680481	0.385199455166806	0.964532690117358	0.964532690117358	sub-20966	ses-3				space-ACPC			DSIStudio	autotrackgqi
ProjectionBasalGanglia_FasciculusLenticularisR	qa	DSIStudio	/scratch/executivefunction/SLURM_8364170_116/job-8364170-116-sub-20966-ses-3/ds/inputs/data/qsiprep/qsiprep/sub-20966/ses-3/dwi/sub-20966_ses-3_space-ACPC_desc-preproc_dwi.nii.gz	0.0	0.1515527438678659	0.0529222048260602	0.1465869843959808	0.1515527438678659	0.1465869843959808	0.0529222048260602	0.173293647113608	0.173293647113608	sub-20966	ses-3				space-ACPC			DSIStudio	autotrackgqi
ProjectionBasalGanglia_FasciculusLenticularisR	rd1	DSIStudio	/scratch/executivefunction/SLURM_8364170_116/job-8364170-116-sub-20966-ses-3/ds/inputs/data/qsiprep/qsiprep/sub-20966/ses-3/dwi/sub-20966_ses-3_space-ACPC_desc-preproc_dwi.nii.gz	0.0	0.8871380683340945	0.387188818197355	0.7503967881202698	0.8871380683340945	0.7503967881202698	0.387188818197355	0.8994631228167161	0.8994631228167161	sub-20966	ses-3				space-ACPC			DSIStudio	autotrackgqi
ProjectionBasalGanglia_FasciculusLenticularisR	rd2	DSIStudio	/scratch/executivefunction/SLURM_8364170_116/job-8364170-116-sub-20966-ses-3/ds/inputs/data/qsiprep/qsiprep/sub-20966/ses-3/dwi/sub-20966_ses-3_space-ACPC_desc-preproc_dwi.nii.gz	0.0	0.6792260848028482	0.3479568397408947	0.5688107013702393	0.6792260848028482	0.5688107013702393	0.3479568397408947	0.6689363355348903	0.6689363355348903	sub-20966	ses-3				space-ACPC			DSIStudio	autotrackgqi
ProjectionBasalGanglia_FasciculusLenticularisR	rd	DSIStudio	/scratch/executivefunction/SLURM_8364170_116/job-8364170-116-sub-20966-ses-3/ds/inputs/data/qsiprep/qsiprep/sub-20966/ses-3/dwi/sub-20966_ses-3_space-ACPC_desc-preproc_dwi.nii.gz	0.0	0.7831820767536674	0.3633549349422916	0.6578493714332581	0.7831820767536674	0.6578493714332581	0.3633549349422916	0.7841997282526483	0.7841997282526483	sub-20966	ses-3				space-ACPC			DSIStudio	autotrackgqi
ProjectionBasalGanglia_FasciculusLenticularisR	txx	DSIStudio	/scratch/executivefunction/SLURM_8364170_116/job-8364170-116-sub-20966-ses-3/ds/inputs/data/qsiprep/qsiprep/sub-20966/ses-3/dwi/sub-20966_ses-3_space-ACPC_desc-preproc_dwi.nii.gz	0.0	0.000832026796865	0.0003899116543033	0.0007007034728303	0.000832026796865	0.0007007034728303	0.0003899116543033	0.0008127005615983	0.0008127005615983	sub-20966	ses-3				space-ACPC			DSIStudio	autotrackgqi
ProjectionBasalGanglia_FasciculusLenticularisR	txy	DSIStudio	/scratch/executivefunction/SLURM_8364170_116/job-8364170-116-sub-20966-ses-3/ds/inputs/data/qsiprep/qsiprep/sub-20966/ses-3/dwi/sub-20966_ses-3_space-ACPC_desc-preproc_dwi.nii.gz	0.0	4.115474220352268e-05	0.0001184802068299	4.90569364046678e-05	4.115474220352268e-05	4.90569364046678e-05	0.0001184802068299	5.669491257015598e-05	5.669491257015598e-05	sub-20966	ses-3				space-ACPC			DSIStudio	autotrackgqi
ProjectionBasalGanglia_FasciculusLenticularisR	txz	DSIStudio	/scratch/executivefunction/SLURM_8364170_116/job-8364170-116-sub-20966-ses-3/ds/inputs/data/qsiprep/qsiprep/sub-20966/ses-3/dwi/sub-20966_ses-3_space-ACPC_desc-preproc_dwi.nii.gz	0.0	-3.625418869868198e-05	0.0001133729935351	-3.823420775006525e-05	-3.625418869868198e-05	-3.823420775006525e-05	0.0001133729935351	-5.444899888507936e-05	-5.444899888507936e-05	sub-20966	ses-3				space-ACPC			DSIStudio	autotrackgqi
ProjectionBasalGanglia_FasciculusLenticularisR	tyy	DSIStudio	/scratch/executivefunction/SLURM_8364170_116/job-8364170-116-sub-20966-ses-3/ds/inputs/data/qsiprep/qsiprep/sub-20966/ses-3/dwi/sub-20966_ses-3_space-ACPC_desc-preproc_dwi.nii.gz	0.0	0.0010389952138413	0.0004108132123907	0.0009230433497577	0.0010389952138413	0.0009230433497577	0.0004108132123907	0.001016420319278	0.001016420319278	sub-20966	ses-3				space-ACPC			DSIStudio	autotrackgqi
ProjectionBasalGanglia_FasciculusLenticularisR	tyz	DSIStudio	/scratch/executivefunction/SLURM_8364170_116/job-8364170-116-sub-20966-ses-3/ds/inputs/data/qsiprep/qsiprep/sub-20966/ses-3/dwi/sub-20966_ses-3_space-ACPC_desc-preproc_dwi.nii.gz	0.0	2.594534496255833e-05	0.0001459143034836	3.21715106110787e-06	2.594534496255833e-05	3.21715106110787e-06	0.0001459143034836	6.971517571497461e-05	6.971517571497461e-05	sub-20966	ses-3				space-ACPC			DSIStudio	autotrackgqi
ProjectionBasalGanglia_FasciculusLenticularisR	tzz	DSIStudio	/scratch/executivefunction/SLURM_8364170_116/job-8364170-116-sub-20966-ses-3/ds/inputs/data/qsiprep/qsiprep/sub-20966/ses-3/dwi/sub-20966_ses-3_space-ACPC_desc-preproc_dwi.nii.gz	0.0	0.0009543876506229	0.0004638761848374	0.000780792441219	0.0009543876506229	0.000780792441219	0.0004638761848374	0.0010644771737003	0.0010644771737003	sub-20966	ses-3				space-ACPC			DSIStudio	autotrackgqi
ProjectionBasalGanglia_AnsaLenticularisR	ad	DSIStudio	/scratch/executivefunction/SLURM_8364170_116/job-8364170-116-sub-20966-ses-3/ds/inputs/data/qsiprep/qsiprep/sub-20966/ses-3/dwi/sub-20966_ses-3_space-ACPC_desc-preproc_dwi.nii.gz	0.0	1.4530916278665649	0.6208929881265983	1.183504939079285	1.4530916278665649	1.183504939079285	0.6208929881265983	1.3807533199177224	1.3807533199177224	sub-20966	ses-3				space-ACPC			DSIStudio	autotrackgqi
ProjectionBasalGanglia_AnsaLenticularisR	dti_fa	DSIStudio	/scratch/executivefunction/SLURM_8364170_116/job-8364170-116-sub-20966-ses-3/ds/inputs/data/qsiprep/qsiprep/sub-20966/ses-3/dwi/sub-20966_ses-3_space-ACPC_desc-preproc_dwi.nii.gz	0.0	0.3075276750730966	0.132060970917397	0.2917872965335846	0.3075276750730966	0.2917872965335846	0.132060970917397	0.306054633587764	0.306054633587764	sub-20966	ses-3				space-ACPC			DSIStudio	autotrackgqi
ProjectionBasalGanglia_AnsaLenticularisR	gfa	DSIStudio	/scratch/executivefunction/SLURM_8364170_116/job-8364170-116-sub-20966-ses-3/ds/inputs/data/qsiprep/qsiprep/sub-20966/ses-3/dwi/sub-20966_ses-3_space-ACPC_desc-preproc_dwi.nii.gz	0.0	0.0749155661043224	0.0299530692836859	0.0703298225998878	0.0749155661043224	0.0703298225998878	0.0299530692836859	0.0743998887536918	0.0743998887536918	sub-20966	ses-3				space-ACPC			DSIStudio	autotrackgqi
ProjectionBasalGanglia_AnsaLenticularisR	ha	DSIStudio	/scratch/executivefunction/SLURM_8364170_116/job-8364170-116-sub-20966-ses-3/ds/inputs/data/qsiprep/qsiprep/sub-20966/ses-3/dwi/sub-20966_ses-3_space-ACPC_desc-preproc_dwi.nii.gz	0.0	2.765009333064764	35.442353564201284	2.2408552169799805	2.765009333064764	2.2408552169799805	35.442353564201284	3.877154328660169	3.877154328660169	sub-20966	ses-3				space-ACPC			DSIStudio	autotrackgqi
ProjectionBasalGanglia_AnsaLenticularisR	iso	DSIStudio	/scratch/executivefunction/SLURM_8364170_116/job-8364170-116-sub-20966-ses-3/ds/inputs/data/qsiprep/qsiprep/sub-20966/ses-3/dwi/sub-20966_ses-3_space-ACPC_desc-preproc_dwi.nii.gz	0.0	0.460052601394013	0.1058942151270655	0.4800225496292114	0.460052601394013	0.4800225496292114	0.1058942151270655	0.4828555901445257	0.4828555901445257	sub-20966	ses-3				space-ACPC			DSIStudio	autotrackgqi
ProjectionBasalGanglia_AnsaLenticularisR	md	DSIStudio	/scratch/executivefunction/SLURM_8364170_116/job-8364170-116-sub-20966-ses-3/ds/inputs/data/qsiprep/qsiprep/sub-20966/ses-3/dwi/sub-20966_ses-3_space-ACPC_desc-preproc_dwi.nii.gz	0.0	1.1099021451534656	0.5457460336559276	0.8475558757781982	1.1099021451534656	0.8475558757781982	0.5457460336559276	1.0551390854970963	1.0551390854970963	sub-20966	ses-3				space-ACPC			DSIStudio	autotrackgqi
ProjectionBasalGanglia_AnsaLenticularisR	qa	DSIStudio	/scratch/executivefunction/SLURM_8364170_116/job-8364170-116-sub-20966-ses-3/ds/inputs/data/qsiprep/qsiprep/sub-20966/ses-3/dwi/sub-20966_ses-3_space-ACPC_desc-preproc_dwi.nii.gz	0.0	0.1539591085398388	0.0731031797075494	0.1478452533483505	0.1539591085398388	0.1478452533483505	0.0731031797075494	0.1587747962302837	0.1587747962302837	sub-20966	ses-3				space-ACPC			DSIStudio	autotrackgqi
ProjectionBasalGanglia_AnsaLenticularisR	rd1	DSIStudio	/scratch/executivefunction/SLURM_8364170_116/job-8364170-116-sub-20966-ses-3/ds/inputs/data/qsiprep/qsiprep/sub-20966/ses-3/dwi/sub-20966_ses-3_space-ACPC_desc-preproc_dwi.nii.gz	0.0	1.047829219680294	0.5467775752739167	0.8227868676185608	1.047829219680294	0.8227868676185608	0.5467775752739167	1.004848365126412	1.004848365126412	sub-20966	ses-3				space-ACPC			DSIStudio	autotrackgqi
ProjectionBasalGanglia_AnsaLenticularisR	rd2	DSIStudio	/scratch/executivefunction/SLURM_8364170_116/job-8364170-116-sub-20966-ses-3/ds/inputs/data/qsiprep/qsiprep/sub-20966/ses-3/dwi/sub-20966_ses-3_space-ACPC_desc-preproc_dwi.nii.gz	0.0	0.8287855888063278	0.5178573300966626	0.6154642701148987	0.8287855888063278	0.6154642701148987	0.5178573300966626	0.7798155717710358	0.7798155717710358	sub-20966	ses-3				space-ACPC			DSIStudio	autotrackgqi
ProjectionBasalGanglia_AnsaLenticularisR	rd	DSIStudio	/scratch/executivefunction/SLURM_8364170_116/job-8364170-116-sub-20966-ses-3/ds/inputs/data/qsiprep/qsiprep/sub-20966/ses-3/dwi/sub-20966_ses-3_space-ACPC_desc-preproc_dwi.nii.gz	0.0	0.938307402726731	0.5287930863075748	0.7108933925628662	0.938307402726731	0.7108933925628662	0.5287930863075748	0.8923319669767914	0.8923319669767914	sub-20966	ses-3				space-ACPC			DSIStudio	autotrackgqi
ProjectionBasalGanglia_AnsaLenticularisR	txx	DSIStudio	/scratch/executivefunction/SLURM_8364170_116/job-8364170-116-sub-20966-ses-3/ds/inputs/data/qsiprep/qsiprep/sub-20966/ses-3/dwi/sub-20966_ses-3_space-ACPC_desc-preproc_dwi.nii.gz	0.0	0.0009733659547511	0.0005314696329923	0.0007828788366168	0.0009733659547511	0.0007828788366168	0.0005314696329923	0.000878328681467	0.000878328681467	sub-20966	ses-3				space-ACPC			DSIStudio	autotrackgqi
ProjectionBasalGanglia_AnsaLenticularisR	txy	DSIStudio	/scratch/executivefunction/SLURM_8364170_116/job-8364170-116-sub-20966-ses-3/ds/inputs/data/qsiprep/qsiprep/sub-20966/ses-3/dwi/sub-20966_ses-3_space-ACPC_desc-preproc_dwi.nii.gz	0.0	4.189913043768883e-06	0.0001209975879067	1.1180371984664816e-05	4.189913043768883e-06	1.1180371984664816e-05	0.0001209975879067	1.5990605236706948e-05	1.5990605236706948e-05	sub-20966	ses-3				space-ACPC			DSIStudio	autotrackgqi
ProjectionBasalGanglia_AnsaLenticularisR	txz	DSIStudio	/scratch/executivefunction/SLURM_8364170_116/job-8364170-116-sub-20966-ses-3/ds/inputs/data/qsiprep/qsiprep/sub-20966/ses-3/dwi/sub-20966_ses-3_space-ACPC_desc-preproc_dwi.nii.gz	0.0	-7.243330164659598e-06	0.0001025777699805	-6.815105280111311e-06	-7.243330164659598e-06	-6.815105280111311e-06	0.0001025777699805	3.14031224280082e-06	3.14031224280082e-06	sub-20966	ses-3				space-ACPC			DSIStudio	autotrackgqi
ProjectionBasalGanglia_AnsaLenticularisR	tyy	DSIStudio	/scratch/executivefunction/SLURM_8364170_116/job-8364170-116-sub-20966-ses-3/ds/inputs/data/qsiprep/qsiprep/sub-20966/ses-3/dwi/sub-20966_ses-3_space-ACPC_desc-preproc_dwi.nii.gz	0.0	0.0012612306925435	0.0005915243157323	0.0010373304830864	0.0012612306925435	0.0010373304830864	0.0005915243157323	0.0012099640915075	0.0012099640915075	sub-20966	ses-3				space-ACPC			DSIStudio	autotrackgqi
ProjectionBasalGanglia_AnsaLenticularisR	tyz	DSIStudio	/scratch/executivefunction/SLURM_8364170_116/job-8364170-116-sub-20966-ses-3/ds/inputs/data/qsiprep/qsiprep/sub-20966/ses-3/dwi/sub-20966_ses-3_space-ACPC_desc-preproc_dwi.nii.gz	0.0	9.85571201735216e-06	0.0001632635036142	-4.8167335080506746e-06	9.85571201735216e-06	-4.8167335080506746e-06	0.0001632635036142	4.247276816796788e-06	4.247276816796788e-06	sub-20966	ses-3				space-ACPC			DSIStudio	autotrackgqi
ProjectionBasalGanglia_AnsaLenticularisR	tzz	DSIStudio	/scratch/executivefunction/SLURM_8364170_116/job-8364170-116-sub-20966-ses-3/ds/inputs/data/qsiprep/qsiprep/sub-20966/ses-3/dwi/sub-20966_ses-3_space-ACPC_desc-preproc_dwi.nii.gz	0.0	0.0010951097866778	0.0006125494838777	0.0008770513813942	0.0010951097866778	0.0008770513813942	0.0006125494838777	0.0010771244871125	0.0010771244871125	sub-20966	ses-3				space-ACPC			DSIStudio	autotrackgqi
ProjectionBrainstem_ReticularTractL	ad	DSIStudio	/scratch/executivefunction/SLURM_8364170_116/job-8364170-116-sub-20966-ses-3/ds/inputs/data/qsiprep/qsiprep/sub-20966/ses-3/dwi/sub-20966_ses-3_space-ACPC_desc-preproc_dwi.nii.gz	0.0	1.3267719359927228	0.5033707805013027	1.2120193243026731	1.3267719359927228	1.2120193243026731	0.5033707805013027	1.258946201823444	1.258946201823444	sub-20966	ses-3				space-ACPC			DSIStudio	autotrackgqi
ProjectionBrainstem_ReticularTractL	dti_fa	DSIStudio	/scratch/executivefunction/SLURM_8364170_116/job-8364170-116-sub-20966-ses-3/ds/inputs/data/qsiprep/qsiprep/sub-20966/ses-3/dwi/sub-20966_ses-3_space-ACPC_desc-preproc_dwi.nii.gz	0.0	0.4271812669946291	0.1844741082697488	0.4213932007551193	0.4271812669946291	0.4213932007551193	0.1844741082697488	0.4893710403370597	0.4893710403370597	sub-20966	ses-3				space-ACPC			DSIStudio	autotrackgqi
ProjectionBrainstem_ReticularTractL	gfa	DSIStudio	/scratch/executivefunction/SLURM_8364170_116/job-8364170-116-sub-20966-ses-3/ds/inputs/data/qsiprep/qsiprep/sub-20966/ses-3/dwi/sub-20966_ses-3_space-ACPC_desc-preproc_dwi.nii.gz	0.0	0.0934877787701557	0.0365709494462284	0.0933664329349994	0.0934877787701557	0.0933664329349994	0.0365709494462284	0.1029607542994895	0.1029607542994895	sub-20966	ses-3				space-ACPC			DSIStudio	autotrackgqi
ProjectionBrainstem_ReticularTractL	ha	DSIStudio	/scratch/executivefunction/SLURM_8364170_116/job-8364170-116-sub-20966-ses-3/ds/inputs/data/qsiprep/qsiprep/sub-20966/ses-3/dwi/sub-20966_ses-3_space-ACPC_desc-preproc_dwi.nii.gz	0.0	-11.793879285757344	42.55456353146467	-12.476675510406494	-11.793879285757344	-12.476675510406494	42.55456353146467	-13.272843026342803	-13.272843026342803	sub-20966	ses-3				space-ACPC			DSIStudio	autotrackgqi
ProjectionBrainstem_ReticularTractL	iso	DSIStudio	/scratch/executivefunction/SLURM_8364170_116/job-8364170-116-sub-20966-ses-3/ds/inputs/data/qsiprep/qsiprep/sub-20966/ses-3/dwi/sub-20966_ses-3_space-ACPC_desc-preproc_dwi.nii.gz	0.0	0.5371992251960164	0.1147443480119041	0.545741856098175	0.5371992251960164	0.545741856098175	0.1147443480119041	0.5313283938726148	0.5313283938726148	sub-20966	ses-3				space-ACPC			DSIStudio	autotrackgqi
ProjectionBrainstem_ReticularTractL	md	DSIStudio	/scratch/executivefunction/SLURM_8364170_116/job-8364170-116-sub-20966-ses-3/ds/inputs/data/qsiprep/qsiprep/sub-20966/ses-3/dwi/sub-20966_ses-3_space-ACPC_desc-preproc_dwi.nii.gz	0.0	0.902409448439679	0.4484726363069978	0.7476946413516998	0.902409448439679	0.7476946413516998	0.4484726363069978	0.7892204994316795	0.7892204994316795	sub-20966	ses-3				space-ACPC			DSIStudio	autotrackgqi
ProjectionBrainstem_ReticularTractL	qa	DSIStudio	/scratch/executivefunction/SLURM_8364170_116/job-8364170-116-sub-20966-ses-3/ds/inputs/data/qsiprep/qsiprep/sub-20966/ses-3/dwi/sub-20966_ses-3_space-ACPC_desc-preproc_dwi.nii.gz	0.0	0.2323665651291044	0.1148755118112628	0.223331369459629	0.2323665651291044	0.223331369459629	0.1148755118112628	0.2551091724952045	0.2551091724952045	sub-20966	ses-3				space-ACPC			DSIStudio	autotrackgqi
ProjectionBrainstem_ReticularTractL	rd1	DSIStudio	/scratch/executivefunction/SLURM_8364170_116/job-8364170-116-sub-20966-ses-3/ds/inputs/data/qsiprep/qsiprep/sub-20966/ses-3/dwi/sub-20966_ses-3_space-ACPC_desc-preproc_dwi.nii.gz	0.0	0.7843493058578203	0.465106814452891	0.6565473675727844	0.7843493058578203	0.6565473675727844	0.465106814452891	0.644367267947814	0.644367267947814	sub-20966	ses-3				space-ACPC			DSIStudio	autotrackgqi
ProjectionBrainstem_ReticularTractL	rd2	DSIStudio	/scratch/executivefunction/SLURM_8364170_116/job-8364170-116-sub-20966-ses-3/ds/inputs/data/qsiprep/qsiprep/sub-20966/ses-3/dwi/sub-20966_ses-3_space-ACPC_desc-preproc_dwi.nii.gz	0.0	0.5961071021437968	0.4476839316133706	0.4633454978466034	0.5961071021437968	0.4633454978466034	0.4476839316133706	0.4643480270815427	0.4643480270815427	sub-20966	ses-3				space-ACPC			DSIStudio	autotrackgqi
ProjectionBrainstem_ReticularTractL	rd	DSIStudio	/scratch/executivefunction/SLURM_8364170_116/job-8364170-116-sub-20966-ses-3/ds/inputs/data/qsiprep/qsiprep/sub-20966/ses-3/dwi/sub-20966_ses-3_space-ACPC_desc-preproc_dwi.nii.gz	0.0	0.6902282039369272	0.4532116244088923	0.5606602430343628	0.6902282039369272	0.5606602430343628	0.4532116244088923	0.554357644959707	0.554357644959707	sub-20966	ses-3				space-ACPC			DSIStudio	autotrackgqi
ProjectionBrainstem_ReticularTractL	txx	DSIStudio	/scratch/executivefunction/SLURM_8364170_116/job-8364170-116-sub-20966-ses-3/ds/inputs/data/qsiprep/qsiprep/sub-20966/ses-3/dwi/sub-20966_ses-3_space-ACPC_desc-preproc_dwi.nii.gz	0.0	0.0007638137411226	0.0004656103014481	0.000640123791527	0.0007638137411226	0.000640123791527	0.0004656103014481	0.0006299679690208	0.0006299679690208	sub-20966	ses-3				space-ACPC			DSIStudio	autotrackgqi
ProjectionBrainstem_ReticularTractL	txy	DSIStudio	/scratch/executivefunction/SLURM_8364170_116/job-8364170-116-sub-20966-ses-3/ds/inputs/data/qsiprep/qsiprep/sub-20966/ses-3/dwi/sub-20966_ses-3_space-ACPC_desc-preproc_dwi.nii.gz	0.0	-2.210248685853461e-05	0.0001411157219484	-9.807763944991166e-06	-2.210248685853461e-05	-9.807763944991166e-06	0.0001411157219484	-5.14012539878955e-05	-5.14012539878955e-05	sub-20966	ses-3				space-ACPC			DSIStudio	autotrackgqi
ProjectionBrainstem_ReticularTractL	txz	DSIStudio	/scratch/executivefunction/SLURM_8364170_116/job-8364170-116-sub-20966-ses-3/ds/inputs/data/qsiprep/qsiprep/sub-20966/ses-3/dwi/sub-20966_ses-3_space-ACPC_desc-preproc_dwi.nii.gz	0.0	1.2680633263165904e-05	0.0001034938093319	6.322774197542458e-06	1.2680633263165904e-05	6.322774197542458e-06	0.0001034938093319	1.9058684265639484e-05	1.9058684265639484e-05	sub-20966	ses-3				space-ACPC			DSIStudio	autotrackgqi
ProjectionBrainstem_ReticularTractL	tyy	DSIStudio	/scratch/executivefunction/SLURM_8364170_116/job-8364170-116-sub-20966-ses-3/ds/inputs/data/qsiprep/qsiprep/sub-20966/ses-3/dwi/sub-20966_ses-3_space-ACPC_desc-preproc_dwi.nii.gz	0.0	0.0009984514495816	0.0004639766252729	0.0009092775580938	0.0009984514495816	0.0009092775580938	0.0004639766252729	0.0009769141408763	0.0009769141408763	sub-20966	ses-3				space-ACPC			DSIStudio	autotrackgqi
ProjectionBrainstem_ReticularTractL	tyz	DSIStudio	/scratch/executivefunction/SLURM_8364170_116/job-8364170-116-sub-20966-ses-3/ds/inputs/data/qsiprep/qsiprep/sub-20966/ses-3/dwi/sub-20966_ses-3_space-ACPC_desc-preproc_dwi.nii.gz	0.0	-0.0001453836514332	0.0001872685324103	-0.0001196623270516	-0.0001453836514332	-0.0001196623270516	0.0001872685324103	-0.0001770446927746	-0.0001770446927746	sub-20966	ses-3				space-ACPC			DSIStudio	autotrackgqi
ProjectionBrainstem_ReticularTractL	tzz	DSIStudio	/scratch/executivefunction/SLURM_8364170_116/job-8364170-116-sub-20966-ses-3/ds/inputs/data/qsiprep/qsiprep/sub-20966/ses-3/dwi/sub-20966_ses-3_space-ACPC_desc-preproc_dwi.nii.gz	0.0	0.0009449631555987	0.000566303491533	0.0007622382254339	0.0009449631555987	0.0007622382254339	0.000566303491533	0.000760779386106	0.000760779386106	sub-20966	ses-3				space-ACPC			DSIStudio	autotrackgqi
Commissure_CorpusCallosum	ad	DSIStudio	/scratch/executivefunction/SLURM_8364170_116/job-8364170-116-sub-20966-ses-3/ds/inputs/data/qsiprep/qsiprep/sub-20966/ses-3/dwi/sub-20966_ses-3_space-ACPC_desc-preproc_dwi.nii.gz	0.0003350925693222	1.2725345427134247	0.4178977081735227	1.1536540985107422	1.2729611025199157	1.1537138223648071	0.4173176729221473	1.4187242031788698	1.418735703280645	sub-20966	ses-3				space-ACPC			DSIStudio	autotrackgqi
Commissure_CorpusCallosum	dti_fa	DSIStudio	/scratch/executivefunction/SLURM_8364170_116/job-8364170-116-sub-20966-ses-3/ds/inputs/data/qsiprep/qsiprep/sub-20966/ses-3/dwi/sub-20966_ses-3_space-ACPC_desc-preproc_dwi.nii.gz	0.0003350925693222	0.3708381959872006	0.2186076847909646	0.354119598865509	0.3709625027653744	0.3542807698249817	0.2185388430234264	0.5113172833669772	0.5113214280844702	sub-20966	ses-3				space-ACPC			DSIStudio	autotrackgqi
Commissure_CorpusCallosum	gfa	DSIStudio	/scratch/executivefunction/SLURM_8364170_116/job-8364170-116-sub-20966-ses-3/ds/inputs/data/qsiprep/qsiprep/sub-20966/ses-3/dwi/sub-20966_ses-3_space-ACPC_desc-preproc_dwi.nii.gz	0.0003350925693222	0.0847062417366991	0.048426658498785	0.080119639635086	0.0847346356834809	0.0801404193043708	0.0484099308556313	0.11827427010089	0.118275228832792	sub-20966	ses-3				space-ACPC			DSIStudio	autotrackgqi
Commissure_CorpusCallosum	ha	DSIStudio	/scratch/executivefunction/SLURM_8364170_116/job-8364170-116-sub-20966-ses-3/ds/inputs/data/qsiprep/qsiprep/sub-20966/ses-3/dwi/sub-20966_ses-3_space-ACPC_desc-preproc_dwi.nii.gz	0.0003350925693222	0.0206501956972396	41.55641184564876	-0.5573874711990356	0.0206571177438992	-0.5840685963630676	41.56337621666826	1.0624379236648582	1.0624465289591576	sub-20966	ses-3				space-ACPC			DSIStudio	autotrackgqi
Commissure_CorpusCallosum	iso	DSIStudio	/scratch/executivefunction/SLURM_8364170_116/job-8364170-116-sub-20966-ses-3/ds/inputs/data/qsiprep/qsiprep/sub-20966/ses-3/dwi/sub-20966_ses-3_space-ACPC_desc-preproc_dwi.nii.gz	0.0003350925693222	0.5673892125593435	0.1441904742379229	0.5526424646377563	0.5675794042001913	0.5526822209358215	0.1438398874158286	0.5427132335752621	0.542717632663889	sub-20966	ses-3				space-ACPC			DSIStudio	autotrackgqi
Commissure_CorpusCallosum	md	DSIStudio	/scratch/executivefunction/SLURM_8364170_116/job-8364170-116-sub-20966-ses-3/ds/inputs/data/qsiprep/qsiprep/sub-20966/ses-3/dwi/sub-20966_ses-3_space-ACPC_desc-preproc_dwi.nii.gz	0.0003350925693222	0.9043352362787423	0.3564151568181712	0.7901518940925598	0.904638373875752	0.7901771068572998	0.3560900388608065	0.8715212990800716	0.8715283634933302	sub-20966	ses-3				space-ACPC			DSIStudio	autotrackgqi
Commissure_CorpusCallosum	qa	DSIStudio	/scratch/executivefunction/SLURM_8364170_116/job-8364170-116-sub-20966-ses-3/ds/inputs/data/qsiprep/qsiprep/sub-20966/ses-3/dwi/sub-20966_ses-3_space-ACPC_desc-preproc_dwi.nii.gz	0.0003350925693222	0.2126149955654727	0.1238443861033406	0.1976225674152374	0.2126862651525222	0.1976819038391113	0.1238039381008623	0.297628035679527	0.2976304482391165	sub-20966	ses-3				space-ACPC			DSIStudio	autotrackgqi
Commissure_CorpusCallosum	rd1	DSIStudio	/scratch/executivefunction/SLURM_8364170_116/job-8364170-116-sub-20966-ses-3/ds/inputs/data/qsiprep/qsiprep/sub-20966/ses-3/dwi/sub-20966_ses-3_space-ACPC_desc-preproc_dwi.nii.gz	0.0003350925693222	0.8165377035444411	0.39418292368019	0.7484591603279114	0.8168114109787977	0.7485036849975586	0.3939653463964533	0.6988708673611167	0.6988765322085784	sub-20966	ses-3				space-ACPC			DSIStudio	autotrackgqi
Commissure_CorpusCallosum	rd2	DSIStudio	/scratch/executivefunction/SLURM_8364170_116/job-8364170-116-sub-20966-ses-3/ds/inputs/data/qsiprep/qsiprep/sub-20966/ses-3/dwi/sub-20966_ses-3_space-ACPC_desc-preproc_dwi.nii.gz	0.0003350925693222	0.623933463467164	0.4011512225238497	0.525070309638977	0.6241426090176433	0.525161623954773	0.4010557425426895	0.4969688268438491	0.4969728551343891	sub-20966	ses-3				space-ACPC			DSIStudio	autotrackgqi
Commissure_CorpusCallosum	rd	DSIStudio	/scratch/executivefunction/SLURM_8364170_116/job-8364170-116-sub-20966-ses-3/ds/inputs/data/qsiprep/qsiprep/sub-20966/ses-3/dwi/sub-20966_ses-3_space-ACPC_desc-preproc_dwi.nii.gz	0.0003350925693222	0.720235583458782	0.3929088019634864	0.629611074924469	0.7204770099511842	0.6297851204872131	0.3927532717348527	0.5979198472753393	0.5979246938443415	sub-20966	ses-3				space-ACPC			DSIStudio	autotrackgqi
Commissure_CorpusCallosum	txx	DSIStudio	/scratch/executivefunction/SLURM_8364170_116/job-8364170-116-sub-20966-ses-3/ds/inputs/data/qsiprep/qsiprep/sub-20966/ses-3/dwi/sub-20966_ses-3_space-ACPC_desc-preproc_dwi.nii.gz	0.0003350925693222	0.0009306647889068	0.0004490603770471	0.0008285108488053	0.0009309767522987	0.000828597752843	0.0004488121961195	0.0009879368351549	0.0009879448433335	sub-20966	ses-3				space-ACPC			DSIStudio	autotrackgqi
Commissure_CorpusCallosum	txy	DSIStudio	/scratch/executivefunction/SLURM_8364170_116/job-8364170-116-sub-20966-ses-3/ds/inputs/data/qsiprep/qsiprep/sub-20966/ses-3/dwi/sub-20966_ses-3_space-ACPC_desc-preproc_dwi.nii.gz	0.0003350925693222	1.7461989158093986e-05	0.0001711807769772	1.0908680451393591e-05	1.7467842502318606e-05	1.0951858712360265e-05	0.0001712091662931	3.8831011418414975e-05	3.883132623842607e-05	sub-20966	ses-3				space-ACPC			DSIStudio	autotrackgqi
Commissure_CorpusCallosum	txz	DSIStudio	/scratch/executivefunction/SLURM_8364170_116/job-8364170-116-sub-20966-ses-3/ds/inputs/data/qsiprep/qsiprep/sub-20966/ses-3/dwi/sub-20966_ses-3_space-ACPC_desc-preproc_dwi.nii.gz	0.0003350925693222	5.876545511913519e-07	0.0001910336607248	2.142750872735633e-06	5.878515358728875e-07	2.172555241486407e-06	0.0001910656754481	-5.10565737488461e-06	-5.105698730712295e-06	sub-20966	ses-3				space-ACPC			DSIStudio	autotrackgqi
Commissure_CorpusCallosum	tyy	DSIStudio	/scratch/executivefunction/SLURM_8364170_116/job-8364170-116-sub-20966-ses-3/ds/inputs/data/qsiprep/qsiprep/sub-20966/ses-3/dwi/sub-20966_ses-3_space-ACPC_desc-preproc_dwi.nii.gz	0.0003350925693222	0.0008760508806358	0.0004333240556315	0.0008003012626431	0.0008763445371784	0.0008004637784324	0.0004330996816172	0.0007790677095162	0.0007790740244601	sub-20966	ses-3				space-ACPC			DSIStudio	autotrackgqi
Commissure_CorpusCallosum	tyz	DSIStudio	/scratch/executivefunction/SLURM_8364170_116/job-8364170-116-sub-20966-ses-3/ds/inputs/data/qsiprep/qsiprep/sub-20966/ses-3/dwi/sub-20966_ses-3_space-ACPC_desc-preproc_dwi.nii.gz	0.0003350925693222	2.2456582331899583e-05	0.0001389283970188	1.4608649507863449e-05	2.246410988819956e-05	1.4648470823885871e-05	0.0001389510713214	1.946754504600596e-05	1.9467702900520885e-05	sub-20966	ses-3				space-ACPC			DSIStudio	autotrackgqi
Commissure_CorpusCallosum	tzz	DSIStudio	/scratch/executivefunction/SLURM_8364170_116/job-8364170-116-sub-20966-ses-3/ds/inputs/data/qsiprep/qsiprep/sub-20966/ses-3/dwi/sub-20966_ses-3_space-ACPC_desc-preproc_dwi.nii.gz	0.0003350925693222	0.000906290039862	0.0003874383430639	0.0008521128329448	0.0009065938327187	0.0008522634161636	0.0003871477367096	0.000847559352002	0.0008475662221193	sub-20966	ses-3				space-ACPC			DSIStudio	autotrackgqi
Commissure_AnteriorCommissure	ad	DSIStudio	/scratch/executivefunction/SLURM_8364170_116/job-8364170-116-sub-20966-ses-3/ds/inputs/data/qsiprep/qsiprep/sub-20966/ses-3/dwi/sub-20966_ses-3_space-ACPC_desc-preproc_dwi.nii.gz	0.0	1.1750794738939363	0.2885026730220604	1.142764925956726	1.1750794738939363	1.142764925956726	0.2885026730220604	1.1720756382811897	1.172075499699799	sub-20966	ses-3				space-ACPC			DSIStudio	autotrackgqi
Commissure_AnteriorCommissure	dti_fa	DSIStudio	/scratch/executivefunction/SLURM_8364170_116/job-8364170-116-sub-20966-ses-3/ds/inputs/data/qsiprep/qsiprep/sub-20966/ses-3/dwi/sub-20966_ses-3_space-ACPC_desc-preproc_dwi.nii.gz	0.0	0.3310833480464269	0.1303923480320002	0.3288073241710663	0.3310833480464269	0.3288073241710663	0.1303923480320002	0.3308981565373083	0.3308981168965559	sub-20966	ses-3				space-ACPC			DSIStudio	autotrackgqi
Commissure_AnteriorCommissure	gfa	DSIStudio	/scratch/executivefunction/SLURM_8364170_116/job-8364170-116-sub-20966-ses-3/ds/inputs/data/qsiprep/qsiprep/sub-20966/ses-3/dwi/sub-20966_ses-3_space-ACPC_desc-preproc_dwi.nii.gz	0.0	0.0722780514712611	0.023710044326562	0.0701318234205246	0.0722780514712611	0.0701318234205246	0.023710044326562	0.0718830409231777	0.0718830323417759	sub-20966	ses-3				space-ACPC			DSIStudio	autotrackgqi
Commissure_AnteriorCommissure	ha	DSIStudio	/scratch/executivefunction/SLURM_8364170_116/job-8364170-116-sub-20966-ses-3/ds/inputs/data/qsiprep/qsiprep/sub-20966/ses-3/dwi/sub-20966_ses-3_space-ACPC_desc-preproc_dwi.nii.gz	0.0	-4.154516207028742	36.25315451260784	-0.5913695096969604	-4.154516207028742	-0.5913695096969604	36.25315451260784	1.0574198274048046	1.0574195084457951	sub-20966	ses-3				space-ACPC			DSIStudio	autotrackgqi
Commissure_AnteriorCommissure	iso	DSIStudio	/scratch/executivefunction/SLURM_8364170_116/job-8364170-116-sub-20966-ses-3/ds/inputs/data/qsiprep/qsiprep/sub-20966/ses-3/dwi/sub-20966_ses-3_space-ACPC_desc-preproc_dwi.nii.gz	0.0	0.4836470231617967	0.1092824144575541	0.4929004311561584	0.4836470231617967	0.4929004311561584	0.1092824144575541	0.4740491293671504	0.4740490728996839	sub-20966	ses-3				space-ACPC			DSIStudio	autotrackgqi
Commissure_AnteriorCommissure	md	DSIStudio	/scratch/executivefunction/SLURM_8364170_116/job-8364170-116-sub-20966-ses-3/ds/inputs/data/qsiprep/qsiprep/sub-20966/ses-3/dwi/sub-20966_ses-3_space-ACPC_desc-preproc_dwi.nii.gz	0.0	0.8653564379639822	0.2469646451070485	0.8168184757232666	0.8653564379639822	0.8168184757232666	0.2469646451070485	0.8630339983681037	0.8630338964765776	sub-20966	ses-3				space-ACPC			DSIStudio	autotrackgqi
Commissure_AnteriorCommissure	qa	DSIStudio	/scratch/executivefunction/SLURM_8364170_116/job-8364170-116-sub-20966-ses-3/ds/inputs/data/qsiprep/qsiprep/sub-20966/ses-3/dwi/sub-20966_ses-3_space-ACPC_desc-preproc_dwi.nii.gz	0.0	0.1574751601031381	0.067283061651443	0.1501492410898208	0.1574751601031381	0.1501492410898208	0.067283061651443	0.1541979144067562	0.154197896156493	sub-20966	ses-3				space-ACPC			DSIStudio	autotrackgqi
Commissure_AnteriorCommissure	rd1	DSIStudio	/scratch/executivefunction/SLURM_8364170_116/job-8364170-116-sub-20966-ses-3/ds/inputs/data/qsiprep/qsiprep/sub-20966/ses-3/dwi/sub-20966_ses-3_space-ACPC_desc-preproc_dwi.nii.gz	0.0	0.7977033759633155	0.2595327575808649	0.768025815486908	0.7977033759633155	0.768025815486908	0.2595327575808649	0.7943410874435708	0.7943409936692105	sub-20966	ses-3				space-ACPC			DSIStudio	autotrackgqi
Commissure_AnteriorCommissure	rd2	DSIStudio	/scratch/executivefunction/SLURM_8364170_116/job-8364170-116-sub-20966-ses-3/ds/inputs/data/qsiprep/qsiprep/sub-20966/ses-3/dwi/sub-20966_ses-3_space-ACPC_desc-preproc_dwi.nii.gz	0.0	0.623286461789314	0.2554292250493402	0.5654158592224121	0.623286461789314	0.5654158592224121	0.2554292250493402	0.6226852885441001	0.6226852152252698	sub-20966	ses-3				space-ACPC			DSIStudio	autotrackgqi
Commissure_AnteriorCommissure	rd	DSIStudio	/scratch/executivefunction/SLURM_8364170_116/job-8364170-116-sub-20966-ses-3/ds/inputs/data/qsiprep/qsiprep/sub-20966/ses-3/dwi/sub-20966_ses-3_space-ACPC_desc-preproc_dwi.nii.gz	0.0	0.7104949248980169	0.2532001681252483	0.6735040545463562	0.7104949248980169	0.6735040545463562	0.2532001681252483	0.7085131915742535	0.7085131080276581	sub-20966	ses-3				space-ACPC			DSIStudio	autotrackgqi
Commissure_AnteriorCommissure	txx	DSIStudio	/scratch/executivefunction/SLURM_8364170_116/job-8364170-116-sub-20966-ses-3/ds/inputs/data/qsiprep/qsiprep/sub-20966/ses-3/dwi/sub-20966_ses-3_space-ACPC_desc-preproc_dwi.nii.gz	0.0	0.0009414810856344	0.0002378244415886	0.0008837397326715	0.0009414810856344	0.0008837397326715	0.0002378244415886	0.0009519607247103	0.0009519606106507	sub-20966	ses-3				space-ACPC			DSIStudio	autotrackgqi
Commissure_AnteriorCommissure	txy	DSIStudio	/scratch/executivefunction/SLURM_8364170_116/job-8364170-116-sub-20966-ses-3/ds/inputs/data/qsiprep/qsiprep/sub-20966/ses-3/dwi/sub-20966_ses-3_space-ACPC_desc-preproc_dwi.nii.gz	0.0	-1.398339422973537e-05	0.0001304184822127	1.3561982541432371e-06	-1.398339422973537e-05	1.3561982541432371e-06	0.0001304184822127	-2.293784625997677e-05	-2.2937842800751515e-05	sub-20966	ses-3				space-ACPC			DSIStudio	autotrackgqi
Commissure_AnteriorCommissure	txz	DSIStudio	/scratch/executivefunction/SLURM_8364170_116/job-8364170-116-sub-20966-ses-3/ds/inputs/data/qsiprep/qsiprep/sub-20966/ses-3/dwi/sub-20966_ses-3_space-ACPC_desc-preproc_dwi.nii.gz	0.0	4.61040202038656e-05	0.000170969887387	3.358126195962541e-05	4.61040202038656e-05	3.358126195962541e-05	0.000170969887387	5.5293761680366336e-05	5.529375529461941e-05	sub-20966	ses-3				space-ACPC			DSIStudio	autotrackgqi
Commissure_AnteriorCommissure	tyy	DSIStudio	/scratch/executivefunction/SLURM_8364170_116/job-8364170-116-sub-20966-ses-3/ds/inputs/data/qsiprep/qsiprep/sub-20966/ses-3/dwi/sub-20966_ses-3_space-ACPC_desc-preproc_dwi.nii.gz	0.0	0.0008339717966657	0.0002797600682048	0.0007753983372822	0.0008339717966657	0.0007753983372822	0.0002797600682048	0.0008243555244892	0.0008243554275719	sub-20966	ses-3				space-ACPC			DSIStudio	autotrackgqi
Commissure_AnteriorCommissure	tyz	DSIStudio	/scratch/executivefunction/SLURM_8364170_116/job-8364170-116-sub-20966-ses-3/ds/inputs/data/qsiprep/qsiprep/sub-20966/ses-3/dwi/sub-20966_ses-3_space-ACPC_desc-preproc_dwi.nii.gz	0.0	4.598236907950133e-07	8.809196460257926e-05	-6.159880740597146e-06	4.598236907950133e-07	-6.159880740597146e-06	8.809196460257926e-05	-7.976378167952673e-06	-7.976377146072777e-06	sub-20966	ses-3				space-ACPC			DSIStudio	autotrackgqi
Commissure_AnteriorCommissure	tzz	DSIStudio	/scratch/executivefunction/SLURM_8364170_116/job-8364170-116-sub-20966-ses-3/ds/inputs/data/qsiprep/qsiprep/sub-20966/ses-3/dwi/sub-20966_ses-3_space-ACPC_desc-preproc_dwi.nii.gz	0.0	0.0008206164463557	0.0003445114221339	0.0007565149571746	0.0008206164463557	0.0007565149571746	0.0003445114221339	0.000812785776494	0.0008127856817964	sub-20966	ses-3				space-ACPC			DSIStudio	autotrackgqi
Cerebellum_SuperiorCerebellarPeduncle	ad	DSIStudio	/scratch/executivefunction/SLURM_8364170_116/job-8364170-116-sub-20966-ses-3/ds/inputs/data/qsiprep/qsiprep/sub-20966/ses-3/dwi/sub-20966_ses-3_space-ACPC_desc-preproc_dwi.nii.gz	0.0	1.3033900367354123	0.6354186882259064	1.0583325624465942	1.3033900367354123	1.0583325624465942	0.6354186882259064	1.5040483819991457	1.5040483819991457	sub-20966	ses-3				space-ACPC			DSIStudio	autotrackgqi
Cerebellum_SuperiorCerebellarPeduncle	dti_fa	DSIStudio	/scratch/executivefunction/SLURM_8364170_116/job-8364170-116-sub-20966-ses-3/ds/inputs/data/qsiprep/qsiprep/sub-20966/ses-3/dwi/sub-20966_ses-3_space-ACPC_desc-preproc_dwi.nii.gz	0.0	0.3427709545412798	0.1595800680302465	0.3184764981269836	0.3427709545412798	0.3184764981269836	0.1595800680302465	0.4187735147851744	0.4187735147851744	sub-20966	ses-3				space-ACPC			DSIStudio	autotrackgqi
Cerebellum_SuperiorCerebellarPeduncle	gfa	DSIStudio	/scratch/executivefunction/SLURM_8364170_116/job-8364170-116-sub-20966-ses-3/ds/inputs/data/qsiprep/qsiprep/sub-20966/ses-3/dwi/sub-20966_ses-3_space-ACPC_desc-preproc_dwi.nii.gz	0.0	0.0764145646947437	0.0347396185648493	0.069462276995182	0.0764145646947437	0.069462276995182	0.0347396185648493	0.1014722110869358	0.1014722110869358	sub-20966	ses-3				space-ACPC			DSIStudio	autotrackgqi
Cerebellum_SuperiorCerebellarPeduncle	ha	DSIStudio	/scratch/executivefunction/SLURM_8364170_116/job-8364170-116-sub-20966-ses-3/ds/inputs/data/qsiprep/qsiprep/sub-20966/ses-3/dwi/sub-20966_ses-3_space-ACPC_desc-preproc_dwi.nii.gz	0.0	0.1498271912426352	39.52721831059033	-0.581632137298584	0.1498271912426352	-0.581632137298584	39.52721831059033	-0.9574180094854738	-0.9574180094854738	sub-20966	ses-3				space-ACPC			DSIStudio	autotrackgqi
Cerebellum_SuperiorCerebellarPeduncle	iso	DSIStudio	/scratch/executivefunction/SLURM_8364170_116/job-8364170-116-sub-20966-ses-3/ds/inputs/data/qsiprep/qsiprep/sub-20966/ses-3/dwi/sub-20966_ses-3_space-ACPC_desc-preproc_dwi.nii.gz	0.0	0.5532736064280461	0.1309255814160466	0.5596283078193665	0.5532736064280461	0.5596283078193665	0.1309255814160466	0.5459823256659875	0.5459823256659875	sub-20966	ses-3				space-ACPC			DSIStudio	autotrackgqi
Cerebellum_SuperiorCerebellarPeduncle	md	DSIStudio	/scratch/executivefunction/SLURM_8364170_116/job-8364170-116-sub-20966-ses-3/ds/inputs/data/qsiprep/qsiprep/sub-20966/ses-3/dwi/sub-20966_ses-3_space-ACPC_desc-preproc_dwi.nii.gz	0.0	0.9666618760935356	0.5620990358132741	0.7454469799995422	0.9666618760935356	0.7454469799995422	0.5620990358132741	1.0313968840441627	1.0313968840441627	sub-20966	ses-3				space-ACPC			DSIStudio	autotrackgqi
Cerebellum_SuperiorCerebellarPeduncle	qa	DSIStudio	/scratch/executivefunction/SLURM_8364170_116/job-8364170-116-sub-20966-ses-3/ds/inputs/data/qsiprep/qsiprep/sub-20966/ses-3/dwi/sub-20966_ses-3_space-ACPC_desc-preproc_dwi.nii.gz	0.0	0.1903080990121033	0.1068023807086019	0.1605495512485504	0.1903080990121033	0.1605495512485504	0.1068023807086019	0.2633385884703907	0.2633385884703907	sub-20966	ses-3				space-ACPC			DSIStudio	autotrackgqi
Cerebellum_SuperiorCerebellarPeduncle	rd1	DSIStudio	/scratch/executivefunction/SLURM_8364170_116/job-8364170-116-sub-20966-ses-3/ds/inputs/data/qsiprep/qsiprep/sub-20966/ses-3/dwi/sub-20966_ses-3_space-ACPC_desc-preproc_dwi.nii.gz	0.0	0.89876829956828	0.5624925188023349	0.7126014232635498	0.89876829956828	0.7126014232635498	0.5624925188023349	0.8963276800101243	0.8963276800101243	sub-20966	ses-3				space-ACPC			DSIStudio	autotrackgqi
Cerebellum_SuperiorCerebellarPeduncle	rd2	DSIStudio	/scratch/executivefunction/SLURM_8364170_116/job-8364170-116-sub-20966-ses-3/ds/inputs/data/qsiprep/qsiprep/sub-20966/ses-3/dwi/sub-20966_ses-3_space-ACPC_desc-preproc_dwi.nii.gz	0.0	0.6978272876680099	0.5387482047360589	0.5226127505302429	0.6978272876680099	0.5226127505302429	0.5387482047360589	0.6938145943667278	0.6938145943667278	sub-20966	ses-3				space-ACPC			DSIStudio	autotrackgqi
Cerebellum_SuperiorCerebellarPeduncle	rd	DSIStudio	/scratch/executivefunction/SLURM_8364170_116/job-8364170-116-sub-20966-ses-3/ds/inputs/data/qsiprep/qsiprep/sub-20966/ses-3/dwi/sub-20966_ses-3_space-ACPC_desc-preproc_dwi.nii.gz	0.0	0.7982977948500642	0.5477296648334646	0.6076220870018005	0.7982977948500642	0.6076220870018005	0.5477296648334646	0.7950711350910417	0.7950711350910417	sub-20966	ses-3				space-ACPC			DSIStudio	autotrackgqi
Cerebellum_SuperiorCerebellarPeduncle	txx	DSIStudio	/scratch/executivefunction/SLURM_8364170_116/job-8364170-116-sub-20966-ses-3/ds/inputs/data/qsiprep/qsiprep/sub-20966/ses-3/dwi/sub-20966_ses-3_space-ACPC_desc-preproc_dwi.nii.gz	0.0	0.0008687596584739	0.0005642632404473	0.0007019053446128	0.0008687596584739	0.0007019053446128	0.0005642632404473	0.0008461158054657	0.0008461158054657	sub-20966	ses-3				space-ACPC			DSIStudio	autotrackgqi
Cerebellum_SuperiorCerebellarPeduncle	txy	DSIStudio	/scratch/executivefunction/SLURM_8364170_116/job-8364170-116-sub-20966-ses-3/ds/inputs/data/qsiprep/qsiprep/sub-20966/ses-3/dwi/sub-20966_ses-3_space-ACPC_desc-preproc_dwi.nii.gz	0.0	-6.502070439653716e-06	0.0001259361600434	-6.301991106738569e-06	-6.502070439653716e-06	-6.301991106738569e-06	0.0001259361600434	-7.820836807883325e-06	-7.820836807883325e-06	sub-20966	ses-3				space-ACPC			DSIStudio	autotrackgqi
Cerebellum_SuperiorCerebellarPeduncle	txz	DSIStudio	/scratch/executivefunction/SLURM_8364170_116/job-8364170-116-sub-20966-ses-3/ds/inputs/data/qsiprep/qsiprep/sub-20966/ses-3/dwi/sub-20966_ses-3_space-ACPC_desc-preproc_dwi.nii.gz	0.0	2.0317848824238146e-07	0.0001203879020138	2.58531395047612e-06	2.0317848824238146e-07	2.58531395047612e-06	0.0001203879020138	7.667872470751305e-06	7.667872470751305e-06	sub-20966	ses-3				space-ACPC			DSIStudio	autotrackgqi
Cerebellum_SuperiorCerebellarPeduncle	tyy	DSIStudio	/scratch/executivefunction/SLURM_8364170_116/job-8364170-116-sub-20966-ses-3/ds/inputs/data/qsiprep/qsiprep/sub-20966/ses-3/dwi/sub-20966_ses-3_space-ACPC_desc-preproc_dwi.nii.gz	0.0	0.0010522490178936	0.0005826763535522	0.0008666712092235	0.0010522490178936	0.0008666712092235	0.0005826763535522	0.0012218542204061	0.0012218542204061	sub-20966	ses-3				space-ACPC			DSIStudio	autotrackgqi
Cerebellum_SuperiorCerebellarPeduncle	tyz	DSIStudio	/scratch/executivefunction/SLURM_8364170_116/job-8364170-116-sub-20966-ses-3/ds/inputs/data/qsiprep/qsiprep/sub-20966/ses-3/dwi/sub-20966_ses-3_space-ACPC_desc-preproc_dwi.nii.gz	0.0	-0.0001021536558656	0.000176728802964	-8.356401667697355e-05	-0.0001021536558656	-8.356401667697355e-05	0.000176728802964	-0.0002213758663426	-0.0002213758663426	sub-20966	ses-3				space-ACPC			DSIStudio	autotrackgqi
Cerebellum_SuperiorCerebellarPeduncle	tzz	DSIStudio	/scratch/executivefunction/SLURM_8364170_116/job-8364170-116-sub-20966-ses-3/ds/inputs/data/qsiprep/qsiprep/sub-20966/ses-3/dwi/sub-20966_ses-3_space-ACPC_desc-preproc_dwi.nii.gz	0.0	0.000978976950193	0.0006177196454933	0.000772233994212	0.000978976950193	0.000772233994212	0.0006177196454933	0.001026220635017	0.001026220635017	sub-20966	ses-3				space-ACPC			DSIStudio	autotrackgqi
Cerebellum_CerebellumL	ad	DSIStudio	/scratch/executivefunction/SLURM_8364170_116/job-8364170-116-sub-20966-ses-3/ds/inputs/data/qsiprep/qsiprep/sub-20966/ses-3/dwi/sub-20966_ses-3_space-ACPC_desc-preproc_dwi.nii.gz	0.0156852319553369	0.9800150037350592	0.2872533990362923	0.9262537360191344	0.9956317181767522	0.9289538860321044	0.2613061472511926	0.9853994432939298	0.9907795352016306	sub-20966	ses-3				space-ACPC			DSIStudio	autotrackgqi
Cerebellum_CerebellumL	dti_fa	DSIStudio	/scratch/executivefunction/SLURM_8364170_116/job-8364170-116-sub-20966-ses-3/ds/inputs/data/qsiprep/qsiprep/sub-20966/ses-3/dwi/sub-20966_ses-3_space-ACPC_desc-preproc_dwi.nii.gz	0.0156852319553369	0.2168434171290073	0.1071721866688505	0.1962021291255951	0.2202988557814344	0.1972613185644149	0.1044398292258132	0.219731296341942	0.2209309870625012	sub-20966	ses-3				space-ACPC			DSIStudio	autotrackgqi
Cerebellum_CerebellumL	gfa	DSIStudio	/scratch/executivefunction/SLURM_8364170_116/job-8364170-116-sub-20966-ses-3/ds/inputs/data/qsiprep/qsiprep/sub-20966/ses-3/dwi/sub-20966_ses-3_space-ACPC_desc-preproc_dwi.nii.gz	0.0156852319553369	0.0425759303711838	0.0212128827573638	0.0381526164710521	0.043254385439894	0.0383126996457576	0.0206835889427314	0.0431290571723245	0.0433645335500083	sub-20966	ses-3				space-ACPC			DSIStudio	autotrackgqi
Cerebellum_CerebellumL	ha	DSIStudio	/scratch/executivefunction/SLURM_8364170_116/job-8364170-116-sub-20966-ses-3/ds/inputs/data/qsiprep/qsiprep/sub-20966/ses-3/dwi/sub-20966_ses-3_space-ACPC_desc-preproc_dwi.nii.gz	0.0156852319553369	10.199376422526038	25.12544205762293	10.632850646972656	10.361905310825575	11.05195426940918	25.29156804760045	10.586580205619692	10.644380912504516	sub-20966	ses-3				space-ACPC			DSIStudio	autotrackgqi
Cerebellum_CerebellumL	iso	DSIStudio	/scratch/executivefunction/SLURM_8364170_116/job-8364170-116-sub-20966-ses-3/ds/inputs/data/qsiprep/qsiprep/sub-20966/ses-3/dwi/sub-20966_ses-3_space-ACPC_desc-preproc_dwi.nii.gz	0.0156852319553369	0.8095275813642611	0.2485104042512083	0.821034848690033	0.8224275482246234	0.8236849904060364	0.2283248748130033	0.874061100008502	0.8788333059131828	sub-20966	ses-3				space-ACPC			DSIStudio	autotrackgqi
Cerebellum_CerebellumL	md	DSIStudio	/scratch/executivefunction/SLURM_8364170_116/job-8364170-116-sub-20966-ses-3/ds/inputs/data/qsiprep/qsiprep/sub-20966/ses-3/dwi/sub-20966_ses-3_space-ACPC_desc-preproc_dwi.nii.gz	0.0156852319553369	0.7946924301406321	0.2443566141954084	0.7410336136817932	0.8073559962117455	0.7433364987373352	0.2245832605128466	0.7987500666665633	0.8031110888030903	sub-20966	ses-3				space-ACPC			DSIStudio	autotrackgqi
Cerebellum_CerebellumL	qa	DSIStudio	/scratch/executivefunction/SLURM_8364170_116/job-8364170-116-sub-20966-ses-3/ds/inputs/data/qsiprep/qsiprep/sub-20966/ses-3/dwi/sub-20966_ses-3_space-ACPC_desc-preproc_dwi.nii.gz	0.0156852319553369	0.1421056746246589	0.0643569188306239	0.1331224292516708	0.1443701539772193	0.1337019205093383	0.062296792051025	0.154147716196633	0.1549893331499581	sub-20966	ses-3				space-ACPC			DSIStudio	autotrackgqi
Cerebellum_CerebellumL	rd1	DSIStudio	/scratch/executivefunction/SLURM_8364170_116/job-8364170-116-sub-20966-ses-3/ds/inputs/data/qsiprep/qsiprep/sub-20966/ses-3/dwi/sub-20966_ses-3_space-ACPC_desc-preproc_dwi.nii.gz	0.0156852319553369	0.758857230742878	0.2451832575900278	0.7123770117759705	0.770949756499483	0.7150206565856934	0.2274863525233499	0.7608904537712788	0.7650447696969425	sub-20966	ses-3				space-ACPC			DSIStudio	autotrackgqi
Cerebellum_CerebellumL	rd2	DSIStudio	/scratch/executivefunction/SLURM_8364170_116/job-8364170-116-sub-20966-ses-3/ds/inputs/data/qsiprep/qsiprep/sub-20966/ses-3/dwi/sub-20966_ses-3_space-ACPC_desc-preproc_dwi.nii.gz	0.0156852319553369	0.6452050549109993	0.2388737955072434	0.609983503818512	0.655486512909581	0.6125012040138245	0.2263417889762908	0.6499603007061492	0.6535089592701995	sub-20966	ses-3				space-ACPC			DSIStudio	autotrackgqi
Cerebellum_CerebellumL	rd	DSIStudio	/scratch/executivefunction/SLURM_8364170_116/job-8364170-116-sub-20966-ses-3/ds/inputs/data/qsiprep/qsiprep/sub-20966/ses-3/dwi/sub-20966_ses-3_space-ACPC_desc-preproc_dwi.nii.gz	0.0156852319553369	0.7020311430859214	0.2381976623202891	0.657494068145752	0.7132181349676416	0.6598057150840759	0.2228530750170378	0.705425377570874	0.7092768648175444	sub-20966	ses-3				space-ACPC			DSIStudio	autotrackgqi
Cerebellum_CerebellumL	txx	DSIStudio	/scratch/executivefunction/SLURM_8364170_116/job-8364170-116-sub-20966-ses-3/ds/inputs/data/qsiprep/qsiprep/sub-20966/ses-3/dwi/sub-20966_ses-3_space-ACPC_desc-preproc_dwi.nii.gz	0.0156852319553369	0.0008100252294835	0.0002547254033116	0.0007774273399263	0.0008229331264557	0.0007804785273037	0.0002351523966739	0.0008250144102167	0.0008295188305438	sub-20966	ses-3				space-ACPC			DSIStudio	autotrackgqi
Cerebellum_CerebellumL	txy	DSIStudio	/scratch/executivefunction/SLURM_8364170_116/job-8364170-116-sub-20966-ses-3/ds/inputs/data/qsiprep/qsiprep/sub-20966/ses-3/dwi/sub-20966_ses-3_space-ACPC_desc-preproc_dwi.nii.gz	0.0156852319553369	-4.113899677603611e-05	9.335583280712155e-05	-6.097859659348615e-05	-4.1794554050792665e-05	-6.254160689422861e-05	9.395101299971834e-05	-4.240857742387439e-05	-4.264012012168274e-05	sub-20966	ses-3				space-ACPC			DSIStudio	autotrackgqi
Cerebellum_CerebellumL	txz	DSIStudio	/scratch/executivefunction/SLURM_8364170_116/job-8364170-116-sub-20966-ses-3/ds/inputs/data/qsiprep/qsiprep/sub-20966/ses-3/dwi/sub-20966_ses-3_space-ACPC_desc-preproc_dwi.nii.gz	0.0156852319553369	-1.1971464765424416e-05	7.670503839382504e-05	-1.0719161764427554e-05	-1.2162232198553394e-05	-1.1618854841799475e-05	7.729877087323828e-05	-1.4157501002274514e-05	-1.4234798255772858e-05	sub-20966	ses-3				space-ACPC			DSIStudio	autotrackgqi
Cerebellum_CerebellumL	tyy	DSIStudio	/scratch/executivefunction/SLURM_8364170_116/job-8364170-116-sub-20966-ses-3/ds/inputs/data/qsiprep/qsiprep/sub-20966/ses-3/dwi/sub-20966_ses-3_space-ACPC_desc-preproc_dwi.nii.gz	0.0156852319553369	0.0008266462376832	0.0002735837662926	0.0007765224436298	0.0008398189933951	0.0007797183352522	0.0002549079524834	0.0008278659901103	0.0008323859797007	sub-20966	ses-3				space-ACPC			DSIStudio	autotrackgqi
Cerebellum_CerebellumL	tyz	DSIStudio	/scratch/executivefunction/SLURM_8364170_116/job-8364170-116-sub-20966-ses-3/ds/inputs/data/qsiprep/qsiprep/sub-20966/ses-3/dwi/sub-20966_ses-3_space-ACPC_desc-preproc_dwi.nii.gz	0.0156852319553369	2.9081905376932583e-05	7.733533922804232e-05	2.984294951602351e-05	2.954533074283104e-05	3.1093662983039394e-05	7.786120365113023e-05	2.77746896686278e-05	2.7926334157994816e-05	sub-20966	ses-3				space-ACPC			DSIStudio	autotrackgqi
Cerebellum_CerebellumL	tzz	DSIStudio	/scratch/executivefunction/SLURM_8364170_116/job-8364170-116-sub-20966-ses-3/ds/inputs/data/qsiprep/qsiprep/sub-20966/ses-3/dwi/sub-20966_ses-3_space-ACPC_desc-preproc_dwi.nii.gz	0.0156852319553369	0.0007474058228345	0.0002606097061145	0.0007074670284055	0.0007593158683571	0.0007107356213964	0.0002448595691129	0.0007433697983229	0.0007474284548077	sub-20966	ses-3				space-ACPC			DSIStudio	autotrackgqi
Cerebellum_Vermis	ad	DSIStudio	/scratch/executivefunction/SLURM_8364170_116/job-8364170-116-sub-20966-ses-3/ds/inputs/data/qsiprep/qsiprep/sub-20966/ses-3/dwi/sub-20966_ses-3_space-ACPC_desc-preproc_dwi.nii.gz	0.0038013177901672	0.9674085874244518	0.3237397982011477	0.8806325197219849	0.9711000473103248	0.8811576962471008	0.3187830089082322	1.0145770646375212	1.016001398878225	sub-20966	ses-3				space-ACPC			DSIStudio	autotrackgqi
Cerebellum_Vermis	dti_fa	DSIStudio	/scratch/executivefunction/SLURM_8364170_116/job-8364170-116-sub-20966-ses-3/ds/inputs/data/qsiprep/qsiprep/sub-20966/ses-3/dwi/sub-20966_ses-3_space-ACPC_desc-preproc_dwi.nii.gz	0.0038013177901672	0.2444999305077286	0.1079238552730915	0.2206966355443	0.2454328989528102	0.2210074216127395	0.1070655052200641	0.2379992606816646	0.2383333807480125	sub-20966	ses-3				space-ACPC			DSIStudio	autotrackgqi
Cerebellum_Vermis	gfa	DSIStudio	/scratch/executivefunction/SLURM_8364170_116/job-8364170-116-sub-20966-ses-3/ds/inputs/data/qsiprep/qsiprep/sub-20966/ses-3/dwi/sub-20966_ses-3_space-ACPC_desc-preproc_dwi.nii.gz	0.0038013177901672	0.0450793202500082	0.0202533931408533	0.0393625702708959	0.0452513349545999	0.0393904633820056	0.0200992857838983	0.0460392607290707	0.046103893861844	sub-20966	ses-3				space-ACPC			DSIStudio	autotrackgqi
Cerebellum_Vermis	ha	DSIStudio	/scratch/executivefunction/SLURM_8364170_116/job-8364170-116-sub-20966-ses-3/ds/inputs/data/qsiprep/qsiprep/sub-20966/ses-3/dwi/sub-20966_ses-3_space-ACPC_desc-preproc_dwi.nii.gz	0.0038013177901672	-3.1068574655185053	39.930532372274826	-3.251176595687866	-3.1187126835248087	-3.5566394329071045	40.00618166669513	-5.093327731409766	-5.100478090775308	sub-20966	ses-3				space-ACPC			DSIStudio	autotrackgqi
Cerebellum_Vermis	iso	DSIStudio	/scratch/executivefunction/SLURM_8364170_116/job-8364170-116-sub-20966-ses-3/ds/inputs/data/qsiprep/qsiprep/sub-20966/ses-3/dwi/sub-20966_ses-3_space-ACPC_desc-preproc_dwi.nii.gz	0.0038013177901672	0.7089790563341063	0.1992565268893794	0.695096880197525	0.7116843948853684	0.6958369612693787	0.1947545032099084	0.707213250308119	0.7082060860449888	sub-20966	ses-3				space-ACPC			DSIStudio	autotrackgqi
Cerebellum_Vermis	md	DSIStudio	/scratch/executivefunction/SLURM_8364170_116/job-8364170-116-sub-20966-ses-3/ds/inputs/data/qsiprep/qsiprep/sub-20966/ses-3/dwi/sub-20966_ses-3_space-ACPC_desc-preproc_dwi.nii.gz	0.0038013177901672	0.7686353145338107	0.2699817630532017	0.6938248872756958	0.7715682908039728	0.6939981579780579	0.2662804852210507	0.8090014277525086	0.8101371605487182	sub-20966	ses-3				space-ACPC			DSIStudio	autotrackgqi
Cerebellum_Vermis	qa	DSIStudio	/scratch/executivefunction/SLURM_8364170_116/job-8364170-116-sub-20966-ses-3/ds/inputs/data/qsiprep/qsiprep/sub-20966/ses-3/dwi/sub-20966_ses-3_space-ACPC_desc-preproc_dwi.nii.gz	0.0038013177901672	0.1313798793690531	0.0515861341433946	0.122366901487112	0.131881201727368	0.1225228235125541	0.05104085264563	0.1326224806881391	0.1328086654392517	sub-20966	ses-3				space-ACPC			DSIStudio	autotrackgqi
Cerebellum_Vermis	rd1	DSIStudio	/scratch/executivefunction/SLURM_8364170_116/job-8364170-116-sub-20966-ses-3/ds/inputs/data/qsiprep/qsiprep/sub-20966/ses-3/dwi/sub-20966_ses-3_space-ACPC_desc-preproc_dwi.nii.gz	0.0038013177901672	0.7357912887694023	0.2673898119236695	0.6722239553928375	0.7385989380524195	0.6725059747695923	0.2640007686041453	0.7700175192631071	0.7710985237845551	sub-20966	ses-3				space-ACPC			DSIStudio	autotrackgqi
Cerebellum_Vermis	rd2	DSIStudio	/scratch/executivefunction/SLURM_8364170_116/job-8364170-116-sub-20966-ses-3/ds/inputs/data/qsiprep/qsiprep/sub-20966/ses-3/dwi/sub-20966_ses-3_space-ACPC_desc-preproc_dwi.nii.gz	0.0038013177901672	0.6027060649454503	0.2553800224517722	0.5535919368267059	0.6050058845776513	0.5544196963310242	0.2531331970422294	0.642409692788896	0.6433115524061523	sub-20966	ses-3				space-ACPC			DSIStudio	autotrackgqi
Cerebellum_Vermis	rd	DSIStudio	/scratch/executivefunction/SLURM_8364170_116/job-8364170-116-sub-20966-ses-3/ds/inputs/data/qsiprep/qsiprep/sub-20966/ses-3/dwi/sub-20966_ses-3_space-ACPC_desc-preproc_dwi.nii.gz	0.0038013177901672	0.6692486771217652	0.2577731943610902	0.6076575815677643	0.6718024115803829	0.6080902218818665	0.254921487571872	0.706213607907134	0.707205039979127	sub-20966	ses-3				space-ACPC			DSIStudio	autotrackgqi
Cerebellum_Vermis	txx	DSIStudio	/scratch/executivefunction/SLURM_8364170_116/job-8364170-116-sub-20966-ses-3/ds/inputs/data/qsiprep/qsiprep/sub-20966/ses-3/dwi/sub-20966_ses-3_space-ACPC_desc-preproc_dwi.nii.gz	0.0038013177901672	0.000754551630665	0.0003054473453757	0.0006961152539588	0.0007574308660911	0.0006965305074118	0.0003024454793382	0.0007884826646866	0.0007895895918957	sub-20966	ses-3				space-ACPC			DSIStudio	autotrackgqi
Cerebellum_Vermis	txy	DSIStudio	/scratch/executivefunction/SLURM_8364170_116/job-8364170-116-sub-20966-ses-3/ds/inputs/data/qsiprep/qsiprep/sub-20966/ses-3/dwi/sub-20966_ses-3_space-ACPC_desc-preproc_dwi.nii.gz	0.0038013177901672	1.3422549824525349e-05	9.443247859166572e-05	2.015332029259298e-05	1.347376789813712e-05	2.0439565560081974e-05	9.460882880042111e-05	3.341264868506739e-05	3.345955556752126e-05	sub-20966	ses-3				space-ACPC			DSIStudio	autotrackgqi
Cerebellum_Vermis	txz	DSIStudio	/scratch/executivefunction/SLURM_8364170_116/job-8364170-116-sub-20966-ses-3/ds/inputs/data/qsiprep/qsiprep/sub-20966/ses-3/dwi/sub-20966_ses-3_space-ACPC_desc-preproc_dwi.nii.gz	0.0038013177901672	8.619749829039954e-06	9.114338387246908e-05	1.4648035630671076e-05	8.652641268224792e-06	1.5007635738584211e-05	9.13155535019276e-05	6.26852463573221e-06	6.277324796044936e-06	sub-20966	ses-3				space-ACPC			DSIStudio	autotrackgqi
Cerebellum_Vermis	tyy	DSIStudio	/scratch/executivefunction/SLURM_8364170_116/job-8364170-116-sub-20966-ses-3/ds/inputs/data/qsiprep/qsiprep/sub-20966/ses-3/dwi/sub-20966_ses-3_space-ACPC_desc-preproc_dwi.nii.gz	0.0038013177901672	0.0007720671609366	0.0002816382173024	0.0007122715178411	0.000775013232525	0.0007131526363082	0.0002780998244919	0.0008200671479716	0.0008212184155131	sub-20966	ses-3				space-ACPC			DSIStudio	autotrackgqi
Cerebellum_Vermis	tyz	DSIStudio	/scratch/executivefunction/SLURM_8364170_116/job-8364170-116-sub-20966-ses-3/ds/inputs/data/qsiprep/qsiprep/sub-20966/ses-3/dwi/sub-20966_ses-3_space-ACPC_desc-preproc_dwi.nii.gz	0.0038013177901672	3.439604779179482e-06	8.360986975012203e-05	-2.0184371578579885e-06	3.452729702020412e-06	-2.349403530388372e-06	8.376896760784597e-05	1.5778080827037863e-05	1.5800231190498567e-05	sub-20966	ses-3				space-ACPC			DSIStudio	autotrackgqi
Cerebellum_Vermis	tzz	DSIStudio	/scratch/executivefunction/SLURM_8364170_116/job-8364170-116-sub-20966-ses-3/ds/inputs/data/qsiprep/qsiprep/sub-20966/ses-3/dwi/sub-20966_ses-3_space-ACPC_desc-preproc_dwi.nii.gz	0.0038013177901672	0.0007792871498159	0.0002962110701086	0.0007110066944733	0.0007822607716036	0.0007118470966815	0.0002928304193463	0.0008184544684145	0.0008196034720495	sub-20966	ses-3				space-ACPC			DSIStudio	autotrackgqi
Cerebellum_CerebellumR	ad	DSIStudio	/scratch/executivefunction/SLURM_8364170_116/job-8364170-116-sub-20966-ses-3/ds/inputs/data/qsiprep/qsiprep/sub-20966/ses-3/dwi/sub-20966_ses-3_space-ACPC_desc-preproc_dwi.nii.gz	0.0120153598414467	1.00918279040573	0.3205843699568309	0.9328221678733826	1.0214559512218475	0.934945434331894	0.3024693928675309	1.0491395136358237	1.0520957765698593	sub-20966	ses-3				space-ACPC			DSIStudio	autotrackgqi
Cerebellum_CerebellumR	dti_fa	DSIStudio	/scratch/executivefunction/SLURM_8364170_116/job-8364170-116-sub-20966-ses-3/ds/inputs/data/qsiprep/qsiprep/sub-20966/ses-3/dwi/sub-20966_ses-3_space-ACPC_desc-preproc_dwi.nii.gz	0.0120153598414467	0.2266308502738846	0.1212943654887698	0.1974681764841079	0.2293870178361422	0.1982563659548759	0.1194111290048189	0.2335834473653742	0.2342416382520285	sub-20966	ses-3				space-ACPC			DSIStudio	autotrackgqi
Cerebellum_CerebellumR	gfa	DSIStudio	/scratch/executivefunction/SLURM_8364170_116/job-8364170-116-sub-20966-ses-3/ds/inputs/data/qsiprep/qsiprep/sub-20966/ses-3/dwi/sub-20966_ses-3_space-ACPC_desc-preproc_dwi.nii.gz	0.0120153598414467	0.045316816212084	0.0243259870512413	0.0386272743344306	0.045867935967923	0.0387396086007356	0.023951440940201	0.0482251526799139	0.0483610413965707	sub-20966	ses-3				space-ACPC			DSIStudio	autotrackgqi
Cerebellum_CerebellumR	ha	DSIStudio	/scratch/executivefunction/SLURM_8364170_116/job-8364170-116-sub-20966-ses-3/ds/inputs/data/qsiprep/qsiprep/sub-20966/ses-3/dwi/sub-20966_ses-3_space-ACPC_desc-preproc_dwi.nii.gz	0.0120153598414467	-14.40744706768938	28.27712904036546	-16.822843551635742	-14.582663011215692	-17.210875511169434	28.40361220611421	-13.343717393550095	-13.38131728069506	sub-20966	ses-3				space-ACPC			DSIStudio	autotrackgqi
Cerebellum_CerebellumR	iso	DSIStudio	/scratch/executivefunction/SLURM_8364170_116/job-8364170-116-sub-20966-ses-3/ds/inputs/data/qsiprep/qsiprep/sub-20966/ses-3/dwi/sub-20966_ses-3_space-ACPC_desc-preproc_dwi.nii.gz	0.0120153598414467	0.8083960193756284	0.2732210875065839	0.8007540702819824	0.8182273149974233	0.8036579489707947	0.2598333696173934	0.8652862986122358	0.8677245007039549	sub-20966	ses-3				space-ACPC			DSIStudio	autotrackgqi
Cerebellum_CerebellumR	md	DSIStudio	/scratch/executivefunction/SLURM_8364170_116/job-8364170-116-sub-20966-ses-3/ds/inputs/data/qsiprep/qsiprep/sub-20966/ses-3/dwi/sub-20966_ses-3_space-ACPC_desc-preproc_dwi.nii.gz	0.0120153598414467	0.8138458943493996	0.2766887065033252	0.7360008358955383	0.8237434685409607	0.7379952669143677	0.26331467980854	0.8411182412301846	0.8434883423288703	sub-20966	ses-3				space-ACPC			DSIStudio	autotrackgqi
Cerebellum_CerebellumR	qa	DSIStudio	/scratch/executivefunction/SLURM_8364170_116/job-8364170-116-sub-20966-ses-3/ds/inputs/data/qsiprep/qsiprep/sub-20966/ses-3/dwi/sub-20966_ses-3_space-ACPC_desc-preproc_dwi.nii.gz	0.0120153598414467	0.1493504912009081	0.0719740709269102	0.1354608088731765	0.1511668148777497	0.1361355632543563	0.0704889974107487	0.1670274250341181	0.167498074527606	sub-20966	ses-3				space-ACPC			DSIStudio	autotrackgqi
Cerebellum_CerebellumR	rd1	DSIStudio	/scratch/executivefunction/SLURM_8364170_116/job-8364170-116-sub-20966-ses-3/ds/inputs/data/qsiprep/qsiprep/sub-20966/ses-3/dwi/sub-20966_ses-3_space-ACPC_desc-preproc_dwi.nii.gz	0.0120153598414467	0.7783122404507216	0.2818026382480101	0.7114924192428589	0.7877776726628228	0.713064432144165	0.2700404551333402	0.7989782622701375	0.8012296214507224	sub-20966	ses-3				space-ACPC			DSIStudio	autotrackgqi
Cerebellum_CerebellumR	rd2	DSIStudio	/scratch/executivefunction/SLURM_8364170_116/job-8364170-116-sub-20966-ses-3/ds/inputs/data/qsiprep/qsiprep/sub-20966/ses-3/dwi/sub-20966_ses-3_space-ACPC_desc-preproc_dwi.nii.gz	0.0120153598414467	0.6540426521243754	0.2714412509127578	0.6043646931648254	0.6619967816700204	0.6066668033599854	0.263269457022122	0.6752369533677387	0.6771396345649068	sub-20966	ses-3				space-ACPC			DSIStudio	autotrackgqi
Cerebellum_CerebellumR	rd	DSIStudio	/scratch/executivefunction/SLURM_8364170_116/job-8364170-116-sub-20966-ses-3/ds/inputs/data/qsiprep/qsiprep/sub-20966/ses-3/dwi/sub-20966_ses-3_space-ACPC_desc-preproc_dwi.nii.gz	0.0120153598414467	0.7161774461071213	0.2725790189004788	0.6517181992530823	0.7248872269838003	0.6542483270168304	0.2624677174078308	0.7371076071587996	0.739184627345816	sub-20966	ses-3				space-ACPC			DSIStudio	autotrackgqi
Cerebellum_CerebellumR	txx	DSIStudio	/scratch/executivefunction/SLURM_8364170_116/job-8364170-116-sub-20966-ses-3/ds/inputs/data/qsiprep/qsiprep/sub-20966/ses-3/dwi/sub-20966_ses-3_space-ACPC_desc-preproc_dwi.nii.gz	0.0120153598414467	0.0008153550694477	0.00029120553535	0.0007530558505095	0.0008252709974488	0.0007559881778433	0.0002786550519568	0.0008504577738447	0.0008528541919677	sub-20966	ses-3				space-ACPC			DSIStudio	autotrackgqi
Cerebellum_CerebellumR	txy	DSIStudio	/scratch/executivefunction/SLURM_8364170_116/job-8364170-116-sub-20966-ses-3/ds/inputs/data/qsiprep/qsiprep/sub-20966/ses-3/dwi/sub-20966_ses-3_space-ACPC_desc-preproc_dwi.nii.gz	0.0120153598414467	2.215531960093791e-05	9.63035936530978e-05	4.01480974687729e-05	2.242476117582394e-05	4.1170180338667706e-05	9.685623491480124e-05	1.8015092691097344e-05	1.8065855548505705e-05	sub-20966	ses-3				space-ACPC			DSIStudio	autotrackgqi
Cerebellum_CerebellumR	txz	DSIStudio	/scratch/executivefunction/SLURM_8364170_116/job-8364170-116-sub-20966-ses-3/ds/inputs/data/qsiprep/qsiprep/sub-20966/ses-3/dwi/sub-20966_ses-3_space-ACPC_desc-preproc_dwi.nii.gz	0.0120153598414467	2.986920541110017e-05	7.780876656044596e-05	3.08810303977225e-05	3.0232459288341484e-05	3.200054015906062e-05	7.821029475264189e-05	3.131855412992345e-05	3.140680349940566e-05	sub-20966	ses-3				space-ACPC			DSIStudio	autotrackgqi
Cerebellum_CerebellumR	tyy	DSIStudio	/scratch/executivefunction/SLURM_8364170_116/job-8364170-116-sub-20966-ses-3/ds/inputs/data/qsiprep/qsiprep/sub-20966/ses-3/dwi/sub-20966_ses-3_space-ACPC_desc-preproc_dwi.nii.gz	0.0120153598414467	0.000846334820384	0.0003094082969033	0.0007751495577394	0.0008566275081444	0.0007779741135891	0.0002967840226925	0.000884112712258	0.0008866039630077	sub-20966	ses-3				space-ACPC			DSIStudio	autotrackgqi
Cerebellum_CerebellumR	tyz	DSIStudio	/scratch/executivefunction/SLURM_8364170_116/job-8364170-116-sub-20966-ses-3/ds/inputs/data/qsiprep/qsiprep/sub-20966/ses-3/dwi/sub-20966_ses-3_space-ACPC_desc-preproc_dwi.nii.gz	0.0120153598414467	3.1751196709476576e-05	9.605850583853062e-05	3.482331521809101e-05	3.213733839463446e-05	3.551327608874999e-05	9.65766217658462e-05	2.803974457584396e-05	2.8118754863242207e-05	sub-20966	ses-3				space-ACPC			DSIStudio	autotrackgqi
Cerebellum_CerebellumR	tzz	DSIStudio	/scratch/executivefunction/SLURM_8364170_116/job-8364170-116-sub-20966-ses-3/ds/inputs/data/qsiprep/qsiprep/sub-20966/ses-3/dwi/sub-20966_ses-3_space-ACPC_desc-preproc_dwi.nii.gz	0.0120153598414467	0.0007798477931611	0.0002901410404489	0.0007252640207298	0.0007893318999736	0.0007275644748006	0.0002787821573179	0.0007887842428771	0.0007910068773154	sub-20966	ses-3				space-ACPC			DSIStudio	autotrackgqi
Cerebellum_MiddleCerebellarPeduncle	ad	DSIStudio	/scratch/executivefunction/SLURM_8364170_116/job-8364170-116-sub-20966-ses-3/ds/inputs/data/qsiprep/qsiprep/sub-20966/ses-3/dwi/sub-20966_ses-3_space-ACPC_desc-preproc_dwi.nii.gz	0.0019683278160508	1.1095999280647226	0.4324923826907033	0.9750900864601136	1.1117882918851998	0.9756731390953064	0.4300994826558389	1.2766765365465476	1.2768340002088905	sub-20966	ses-3				space-ACPC			DSIStudio	autotrackgqi
Cerebellum_MiddleCerebellarPeduncle	dti_fa	DSIStudio	/scratch/executivefunction/SLURM_8364170_116/job-8364170-116-sub-20966-ses-3/ds/inputs/data/qsiprep/qsiprep/sub-20966/ses-3/dwi/sub-20966_ses-3_space-ACPC_desc-preproc_dwi.nii.gz	0.0019683278160508	0.3251346747772637	0.1750314902689652	0.2660183608531952	0.3257759085598813	0.2663073241710663	0.1746068289922931	0.4243088343218587	0.424361167839297	sub-20966	ses-3				space-ACPC			DSIStudio	autotrackgqi
Cerebellum_MiddleCerebellarPeduncle	gfa	DSIStudio	/scratch/executivefunction/SLURM_8364170_116/job-8364170-116-sub-20966-ses-3/ds/inputs/data/qsiprep/qsiprep/sub-20966/ses-3/dwi/sub-20966_ses-3_space-ACPC_desc-preproc_dwi.nii.gz	0.0019683278160508	0.0664422296687035	0.0368839808757165	0.0523732490837574	0.0665732676832899	0.0524739772081375	0.0368020035582655	0.0898870356996247	0.0898981222233361	sub-20966	ses-3				space-ACPC			DSIStudio	autotrackgqi
Cerebellum_MiddleCerebellarPeduncle	ha	DSIStudio	/scratch/executivefunction/SLURM_8364170_116/job-8364170-116-sub-20966-ses-3/ds/inputs/data/qsiprep/qsiprep/sub-20966/ses-3/dwi/sub-20966_ses-3_space-ACPC_desc-preproc_dwi.nii.gz	0.0019683278160508	-3.0996583496902206	34.4326474562537	-2.531883716583252	-3.1057715261754906	-2.658485174179077	34.46630950426038	-3.856035408255254	-3.856511000201318	sub-20966	ses-3				space-ACPC			DSIStudio	autotrackgqi
Cerebellum_MiddleCerebellarPeduncle	iso	DSIStudio	/scratch/executivefunction/SLURM_8364170_116/job-8364170-116-sub-20966-ses-3/ds/inputs/data/qsiprep/qsiprep/sub-20966/ses-3/dwi/sub-20966_ses-3_space-ACPC_desc-preproc_dwi.nii.gz	0.0019683278160508	0.7117547844722834	0.2381221647264207	0.6904746294021606	0.7131585142130624	0.6910325884819031	0.2362475652408663	0.6080188141930574	0.6080938061110323	sub-20966	ses-3				space-ACPC			DSIStudio	autotrackgqi
Cerebellum_MiddleCerebellarPeduncle	md	DSIStudio	/scratch/executivefunction/SLURM_8364170_116/job-8364170-116-sub-20966-ses-3/ds/inputs/data/qsiprep/qsiprep/sub-20966/ses-3/dwi/sub-20966_ses-3_space-ACPC_desc-preproc_dwi.nii.gz	0.0019683278160508	0.8179986377761542	0.3555672844020998	0.7080309391021729	0.8196119026825707	0.7084150314331055	0.3540553421987202	0.8658910318025868	0.8659978297939641	sub-20966	ses-3				space-ACPC			DSIStudio	autotrackgqi
Cerebellum_MiddleCerebellarPeduncle	qa	DSIStudio	/scratch/executivefunction/SLURM_8364170_116/job-8364170-116-sub-20966-ses-3/ds/inputs/data/qsiprep/qsiprep/sub-20966/ses-3/dwi/sub-20966_ses-3_space-ACPC_desc-preproc_dwi.nii.gz	0.0019683278160508	0.1923756339399623	0.099745647489364	0.1653586775064468	0.1927550390449985	0.1655121594667434	0.099477051852387	0.239290925886098	0.2393204395844988	sub-20966	ses-3				space-ACPC			DSIStudio	autotrackgqi
Cerebellum_MiddleCerebellarPeduncle	rd1	DSIStudio	/scratch/executivefunction/SLURM_8364170_116/job-8364170-116-sub-20966-ses-3/ds/inputs/data/qsiprep/qsiprep/sub-20966/ses-3/dwi/sub-20966_ses-3_space-ACPC_desc-preproc_dwi.nii.gz	0.0019683278160508	0.7525936312366227	0.3626090126754219	0.6730777621269226	0.7540779037500432	0.6733731627464294	0.3614212992528833	0.7569389648643652	0.7570323248852684	sub-20966	ses-3				space-ACPC			DSIStudio	autotrackgqi
Cerebellum_MiddleCerebellarPeduncle	rd2	DSIStudio	/scratch/executivefunction/SLURM_8364170_116/job-8364170-116-sub-20966-ses-3/ds/inputs/data/qsiprep/qsiprep/sub-20966/ses-3/dwi/sub-20966_ses-3_space-ACPC_desc-preproc_dwi.nii.gz	0.0019683278160508	0.5918023548260679	0.3483693227958983	0.5273831486701965	0.5929695132129952	0.5278475880622864	0.3477189172877841	0.5640575959862472	0.5641271662773786	sub-20966	ses-3				space-ACPC			DSIStudio	autotrackgqi
Cerebellum_MiddleCerebellarPeduncle	rd	DSIStudio	/scratch/executivefunction/SLURM_8364170_116/job-8364170-116-sub-20966-ses-3/ds/inputs/data/qsiprep/qsiprep/sub-20966/ses-3/dwi/sub-20966_ses-3_space-ACPC_desc-preproc_dwi.nii.gz	0.0019683278160508	0.6721979929485048	0.3512593865142548	0.5952354073524475	0.6735237083985153	0.59544438123703	0.3503335457750225	0.6604982799508026	0.6605797451067613	sub-20966	ses-3				space-ACPC			DSIStudio	autotrackgqi
Cerebellum_MiddleCerebellarPeduncle	txx	DSIStudio	/scratch/executivefunction/SLURM_8364170_116/job-8364170-116-sub-20966-ses-3/ds/inputs/data/qsiprep/qsiprep/sub-20966/ses-3/dwi/sub-20966_ses-3_space-ACPC_desc-preproc_dwi.nii.gz	0.0019683278160508	0.0008174660542023	0.0003875937595611	0.0007209664327092	0.0008190782687422	0.0007216408848762	0.0003862702104814	0.0008383503775483	0.0008384537788071	sub-20966	ses-3				space-ACPC			DSIStudio	autotrackgqi
Cerebellum_MiddleCerebellarPeduncle	txy	DSIStudio	/scratch/executivefunction/SLURM_8364170_116/job-8364170-116-sub-20966-ses-3/ds/inputs/data/qsiprep/qsiprep/sub-20966/ses-3/dwi/sub-20966_ses-3_space-ACPC_desc-preproc_dwi.nii.gz	0.0019683278160508	-3.773426547162628e-06	0.0001520087945194	-6.31198463452165e-06	-3.780868535870614e-06	-6.594258593395352e-06	0.0001521585248402	7.62491180240605e-06	7.625852117003385e-06	sub-20966	ses-3				space-ACPC			DSIStudio	autotrackgqi
Cerebellum_MiddleCerebellarPeduncle	txz	DSIStudio	/scratch/executivefunction/SLURM_8364170_116/job-8364170-116-sub-20966-ses-3/ds/inputs/data/qsiprep/qsiprep/sub-20966/ses-3/dwi/sub-20966_ses-3_space-ACPC_desc-preproc_dwi.nii.gz	0.0019683278160508	5.250066380993727e-06	0.0001069595663012	3.193224074493628e-06	5.2604206132108364e-06	3.390390702406876e-06	0.0001070647333321	9.948831303636175e-06	9.950058379063236e-06	sub-20966	ses-3				space-ACPC			DSIStudio	autotrackgqi
Cerebellum_MiddleCerebellarPeduncle	tyy	DSIStudio	/scratch/executivefunction/SLURM_8364170_116/job-8364170-116-sub-20966-ses-3/ds/inputs/data/qsiprep/qsiprep/sub-20966/ses-3/dwi/sub-20966_ses-3_space-ACPC_desc-preproc_dwi.nii.gz	0.0019683278160508	0.0008645984442598	0.000408430842677	0.0007595476345159	0.00086630361376	0.0007600691751576	0.0004070227934752	0.0009905150358348	0.0009906372046974	sub-20966	ses-3				space-ACPC			DSIStudio	autotrackgqi
Cerebellum_MiddleCerebellarPeduncle	tyz	DSIStudio	/scratch/executivefunction/SLURM_8364170_116/job-8364170-116-sub-20966-ses-3/ds/inputs/data/qsiprep/qsiprep/sub-20966/ses-3/dwi/sub-20966_ses-3_space-ACPC_desc-preproc_dwi.nii.gz	0.0019683278160508	1.0106357938079222e-05	0.0001363629637174	1.7329295587842353e-05	1.0126289795958e-05	1.7494408893981017e-05	0.0001364966263262	4.119334566937504e-05	4.119842643626055e-05	sub-20966	ses-3				space-ACPC			DSIStudio	autotrackgqi
Cerebellum_MiddleCerebellarPeduncle	tzz	DSIStudio	/scratch/executivefunction/SLURM_8364170_116/job-8364170-116-sub-20966-ses-3/ds/inputs/data/qsiprep/qsiprep/sub-20966/ses-3/dwi/sub-20966_ses-3_space-ACPC_desc-preproc_dwi.nii.gz	0.0019683278160508	0.0007719314153338	0.0003904608766883	0.0006910254014655	0.0007734538260139	0.0006915807607583	0.0003893364410911	0.0007688076830666	0.0007689025069195	sub-20966	ses-3				space-ACPC			DSIStudio	autotrackgqi
Cerebellum_InferiorCerebellarPeduncleR	ad	DSIStudio	/scratch/executivefunction/SLURM_8364170_116/job-8364170-116-sub-20966-ses-3/ds/inputs/data/qsiprep/qsiprep/sub-20966/ses-3/dwi/sub-20966_ses-3_space-ACPC_desc-preproc_dwi.nii.gz	0.0049923195084485	1.1461654831462191	0.4259185366092375	1.0226784348487854	1.1519162169481878	1.0248123407363892	0.4191567963618271	1.2204104684069892	1.223046501854411	sub-20966	ses-3				space-ACPC			DSIStudio	autotrackgqi
Cerebellum_InferiorCerebellarPeduncleR	dti_fa	DSIStudio	/scratch/executivefunction/SLURM_8364170_116/job-8364170-116-sub-20966-ses-3/ds/inputs/data/qsiprep/qsiprep/sub-20966/ses-3/dwi/sub-20966_ses-3_space-ACPC_desc-preproc_dwi.nii.gz	0.0049923195084485	0.3182495488383208	0.1721052887584077	0.2727355062961578	0.3198463238807361	0.2741617560386657	0.1710500610403575	0.385819982731175	0.3866533374563123	sub-20966	ses-3				space-ACPC			DSIStudio	autotrackgqi
Cerebellum_InferiorCerebellarPeduncleR	gfa	DSIStudio	/scratch/executivefunction/SLURM_8364170_116/job-8364170-116-sub-20966-ses-3/ds/inputs/data/qsiprep/qsiprep/sub-20966/ses-3/dwi/sub-20966_ses-3_space-ACPC_desc-preproc_dwi.nii.gz	0.0049923195084485	0.0664475052821351	0.0352219114214072	0.0566801540553569	0.0667808968563025	0.0568807460367679	0.0349934753530392	0.0803954332358954	0.0805690839092051	sub-20966	ses-3				space-ACPC			DSIStudio	autotrackgqi
Cerebellum_InferiorCerebellarPeduncleR	ha	DSIStudio	/scratch/executivefunction/SLURM_8364170_116/job-8364170-116-sub-20966-ses-3/ds/inputs/data/qsiprep/qsiprep/sub-20966/ses-3/dwi/sub-20966_ses-3_space-ACPC_desc-preproc_dwi.nii.gz	0.0049923195084485	-9.984722986680024	44.82189301508698	-17.551875114440918	-10.034820014401689	-17.761415481567383	44.928602039644126	-7.828207292782011	-7.845115833263748	sub-20966	ses-3				space-ACPC			DSIStudio	autotrackgqi
Cerebellum_InferiorCerebellarPeduncleR	iso	DSIStudio	/scratch/executivefunction/SLURM_8364170_116/job-8364170-116-sub-20966-ses-3/ds/inputs/data/qsiprep/qsiprep/sub-20966/ses-3/dwi/sub-20966_ses-3_space-ACPC_desc-preproc_dwi.nii.gz	0.0049923195084485	0.6520461510829685	0.2062273464143816	0.6372712850570679	0.6553177064531261	0.6384192705154419	0.201492425385164	0.6208549845708337	0.6221960045668382	sub-20966	ses-3				space-ACPC			DSIStudio	autotrackgqi
Cerebellum_InferiorCerebellarPeduncleR	md	DSIStudio	/scratch/executivefunction/SLURM_8364170_116/job-8364170-116-sub-20966-ses-3/ds/inputs/data/qsiprep/qsiprep/sub-20966/ses-3/dwi/sub-20966_ses-3_space-ACPC_desc-preproc_dwi.nii.gz	0.0049923195084485	0.8542904918712955	0.3683081060458491	0.7368514537811279	0.858576781487014	0.7373695969581604	0.3642133475036238	0.8547625486141164	0.8566087982895095	sub-20966	ses-3				space-ACPC			DSIStudio	autotrackgqi
Cerebellum_InferiorCerebellarPeduncleR	qa	DSIStudio	/scratch/executivefunction/SLURM_8364170_116/job-8364170-116-sub-20966-ses-3/ds/inputs/data/qsiprep/qsiprep/sub-20966/ses-3/dwi/sub-20966_ses-3_space-ACPC_desc-preproc_dwi.nii.gz	0.0049923195084485	0.1822870592972958	0.0977486432321048	0.1586749702692031	0.1832016605210955	0.1592806875705719	0.0971348584339849	0.2181236395983402	0.2185947772960324	sub-20966	ses-3				space-ACPC			DSIStudio	autotrackgqi
Cerebellum_InferiorCerebellarPeduncleR	rd1	DSIStudio	/scratch/executivefunction/SLURM_8364170_116/job-8364170-116-sub-20966-ses-3/ds/inputs/data/qsiprep/qsiprep/sub-20966/ses-3/dwi/sub-20966_ses-3_space-ACPC_desc-preproc_dwi.nii.gz	0.0049923195084485	0.7877063432882916	0.3777077491081129	0.6939913630485535	0.7916585557401433	0.6945781111717224	0.374499845660847	0.7596669620374192	0.7613078093624382	sub-20966	ses-3				space-ACPC			DSIStudio	autotrackgqi
Cerebellum_InferiorCerebellarPeduncleR	rd2	DSIStudio	/scratch/executivefunction/SLURM_8364170_116/job-8364170-116-sub-20966-ses-3/ds/inputs/data/qsiprep/qsiprep/sub-20966/ses-3/dwi/sub-20966_ses-3_space-ACPC_desc-preproc_dwi.nii.gz	0.0049923195084485	0.628999646881827	0.3711265555163445	0.5459058582782745	0.6321555694636347	0.5470407009124756	0.3693656087506528	0.5842102161817906	0.5854720844372223	sub-20966	ses-3				space-ACPC			DSIStudio	autotrackgqi
Cerebellum_InferiorCerebellarPeduncleR	rd	DSIStudio	/scratch/executivefunction/SLURM_8364170_116/job-8364170-116-sub-20966-ses-3/ds/inputs/data/qsiprep/qsiprep/sub-20966/ses-3/dwi/sub-20966_ses-3_space-ACPC_desc-preproc_dwi.nii.gz	0.0049923195084485	0.7083529950378494	0.3710722931650596	0.6115488409996033	0.7119070625544422	0.6121323704719543	0.3685856015600486	0.6719385881280654	0.6733899459161705	sub-20966	ses-3				space-ACPC			DSIStudio	autotrackgqi
Cerebellum_InferiorCerebellarPeduncleR	txx	DSIStudio	/scratch/executivefunction/SLURM_8364170_116/job-8364170-116-sub-20966-ses-3/ds/inputs/data/qsiprep/qsiprep/sub-20966/ses-3/dwi/sub-20966_ses-3_space-ACPC_desc-preproc_dwi.nii.gz	0.0049923195084485	0.0007868690441464	0.0004093665278615	0.0006920037558302	0.0007908170555605	0.0006943617481738	0.0004065705531107	0.0007434652394367	0.0007450710918828	sub-20966	ses-3				space-ACPC			DSIStudio	autotrackgqi
Cerebellum_InferiorCerebellarPeduncleR	txy	DSIStudio	/scratch/executivefunction/SLURM_8364170_116/job-8364170-116-sub-20966-ses-3/ds/inputs/data/qsiprep/qsiprep/sub-20966/ses-3/dwi/sub-20966_ses-3_space-ACPC_desc-preproc_dwi.nii.gz	0.0049923195084485	9.324101470876766e-06	0.0001080209273832	1.6780850273789838e-05	9.370883917469357e-06	1.7213033061125316e-05	0.0001082895545299	8.506933088148796e-06	8.525307613656021e-06	sub-20966	ses-3				space-ACPC			DSIStudio	autotrackgqi
Cerebellum_InferiorCerebellarPeduncleR	txz	DSIStudio	/scratch/executivefunction/SLURM_8364170_116/job-8364170-116-sub-20966-ses-3/ds/inputs/data/qsiprep/qsiprep/sub-20966/ses-3/dwi/sub-20966_ses-3_space-ACPC_desc-preproc_dwi.nii.gz	0.0049923195084485	3.214636393626831e-05	0.0001040614034521	3.704651680891402e-05	3.230765406794392e-05	3.73141847376246e-05	0.0001042971559211	2.941682108009979e-05	2.948035999678549e-05	sub-20966	ses-3				space-ACPC			DSIStudio	autotrackgqi
Cerebellum_InferiorCerebellarPeduncleR	tyy	DSIStudio	/scratch/executivefunction/SLURM_8364170_116/job-8364170-116-sub-20966-ses-3/ds/inputs/data/qsiprep/qsiprep/sub-20966/ses-3/dwi/sub-20966_ses-3_space-ACPC_desc-preproc_dwi.nii.gz	0.0049923195084485	0.0008689672324317	0.0003804385787754	0.0007849438115954	0.0008733271606531	0.0007861771155148	0.0003763669084177	0.0008547005077512	0.0008565466232624	sub-20966	ses-3				space-ACPC			DSIStudio	autotrackgqi
Cerebellum_InferiorCerebellarPeduncleR	tyz	DSIStudio	/scratch/executivefunction/SLURM_8364170_116/job-8364170-116-sub-20966-ses-3/ds/inputs/data/qsiprep/qsiprep/sub-20966/ses-3/dwi/sub-20966_ses-3_space-ACPC_desc-preproc_dwi.nii.gz	0.0049923195084485	2.58895604842954e-05	0.0001532610996214	2.1373254639911465e-05	2.601945793172722e-05	2.236461295979097e-05	0.0001536341028912	5.739273566343906e-05	5.751670150162567e-05	sub-20966	ses-3				space-ACPC			DSIStudio	autotrackgqi
Cerebellum_InferiorCerebellarPeduncleR	tzz	DSIStudio	/scratch/executivefunction/SLURM_8364170_116/job-8364170-116-sub-20966-ses-3/ds/inputs/data/qsiprep/qsiprep/sub-20966/ses-3/dwi/sub-20966_ses-3_space-ACPC_desc-preproc_dwi.nii.gz	0.0049923195084485	0.0009070351957101	0.0004321733924252	0.0008131532522384	0.0009115861249051	0.0008140974678099	0.0004284418166674	0.0009661219010886	0.0009682086821628	sub-20966	ses-3				space-ACPC			DSIStudio	autotrackgqi
Cerebellum_InferiorCerebellarPeduncleL	ad	DSIStudio	/scratch/executivefunction/SLURM_8364170_116/job-8364170-116-sub-20966-ses-3/ds/inputs/data/qsiprep/qsiprep/sub-20966/ses-3/dwi/sub-20966_ses-3_space-ACPC_desc-preproc_dwi.nii.gz	0.0089525514771709	1.1562113047393177	0.5257456003007668	0.99800905585289	1.166655851304262	1.0000391602516174	0.5164495709952798	1.213637637078453	1.217742359497158	sub-20966	ses-3				space-ACPC			DSIStudio	autotrackgqi
Cerebellum_InferiorCerebellarPeduncleL	dti_fa	DSIStudio	/scratch/executivefunction/SLURM_8364170_116/job-8364170-116-sub-20966-ses-3/ds/inputs/data/qsiprep/qsiprep/sub-20966/ses-3/dwi/sub-20966_ses-3_space-ACPC_desc-preproc_dwi.nii.gz	0.0089525514771709	0.3155251571970292	0.1698921222429533	0.271958127617836	0.3183754296197666	0.2732655555009842	0.1679780081151934	0.3699546380878444	0.371205885437061	sub-20966	ses-3				space-ACPC			DSIStudio	autotrackgqi
Cerebellum_InferiorCerebellarPeduncleL	gfa	DSIStudio	/scratch/executivefunction/SLURM_8364170_116/job-8364170-116-sub-20966-ses-3/ds/inputs/data/qsiprep/qsiprep/sub-20966/ses-3/dwi/sub-20966_ses-3_space-ACPC_desc-preproc_dwi.nii.gz	0.0089525514771709	0.0646753507735492	0.0340975331203744	0.0546206254512071	0.0652595906179354	0.0550694279372692	0.0336900155456124	0.0766881262641066	0.0769474981135978	sub-20966	ses-3				space-ACPC			DSIStudio	autotrackgqi
Cerebellum_InferiorCerebellarPeduncleL	ha	DSIStudio	/scratch/executivefunction/SLURM_8364170_116/job-8364170-116-sub-20966-ses-3/ds/inputs/data/qsiprep/qsiprep/sub-20966/ses-3/dwi/sub-20966_ses-3_space-ACPC_desc-preproc_dwi.nii.gz	0.0089525514771709	11.430177203583844	39.51010135587772	18.97244358062744	11.53343083685922	19.4549560546875	39.673150233490674	7.320947288922842	7.345707913032956	sub-20966	ses-3				space-ACPC			DSIStudio	autotrackgqi
Cerebellum_InferiorCerebellarPeduncleL	iso	DSIStudio	/scratch/executivefunction/SLURM_8364170_116/job-8364170-116-sub-20966-ses-3/ds/inputs/data/qsiprep/qsiprep/sub-20966/ses-3/dwi/sub-20966_ses-3_space-ACPC_desc-preproc_dwi.nii.gz	0.0089525514771709	0.6845681905949066	0.216102166852404	0.6801556944847107	0.6907521850898922	0.6811527013778687	0.207003384071726	0.6597356901708158	0.6619670247143675	sub-20966	ses-3				space-ACPC			DSIStudio	autotrackgqi
Cerebellum_InferiorCerebellarPeduncleL	md	DSIStudio	/scratch/executivefunction/SLURM_8364170_116/job-8364170-116-sub-20966-ses-3/ds/inputs/data/qsiprep/qsiprep/sub-20966/ses-3/dwi/sub-20966_ses-3_space-ACPC_desc-preproc_dwi.nii.gz	0.0089525514771709	0.8676040968728471	0.465751092256538	0.7177275717258453	0.8754415322556189	0.7182198464870453	0.4604589347764784	0.8709067064394324	0.8738522564508393	sub-20966	ses-3				space-ACPC			DSIStudio	autotrackgqi
Cerebellum_InferiorCerebellarPeduncleL	qa	DSIStudio	/scratch/executivefunction/SLURM_8364170_116/job-8364170-116-sub-20966-ses-3/ds/inputs/data/qsiprep/qsiprep/sub-20966/ses-3/dwi/sub-20966_ses-3_space-ACPC_desc-preproc_dwi.nii.gz	0.0089525514771709	0.1863907187191799	0.1011785344960031	0.1588701009750366	0.1880744650490732	0.1599545553326606	0.1000644900869386	0.221073594628991	0.2218213018109434	sub-20966	ses-3				space-ACPC			DSIStudio	autotrackgqi
Cerebellum_InferiorCerebellarPeduncleL	rd1	DSIStudio	/scratch/executivefunction/SLURM_8364170_116/job-8364170-116-sub-20966-ses-3/ds/inputs/data/qsiprep/qsiprep/sub-20966/ses-3/dwi/sub-20966_ses-3_space-ACPC_desc-preproc_dwi.nii.gz	0.0089525514771709	0.8040635331584709	0.4707712231189311	0.6743077337741852	0.8113269797091346	0.6752126514911652	0.4666203508247821	0.7918170218107686	0.7944950774032244	sub-20966	ses-3				space-ACPC			DSIStudio	autotrackgqi
Cerebellum_InferiorCerebellarPeduncleL	rd2	DSIStudio	/scratch/executivefunction/SLURM_8364170_116/job-8364170-116-sub-20966-ses-3/ds/inputs/data/qsiprep/qsiprep/sub-20966/ses-3/dwi/sub-20966_ses-3_space-ACPC_desc-preproc_dwi.nii.gz	0.0089525514771709	0.6425374548935607	0.4526299253822224	0.5313259363174438	0.6483417679458964	0.5343472361564636	0.450512356151362	0.6072654607915622	0.6093193328158479	sub-20966	ses-3				space-ACPC			DSIStudio	autotrackgqi
Cerebellum_InferiorCerebellarPeduncleL	rd	DSIStudio	/scratch/executivefunction/SLURM_8364170_116/job-8364170-116-sub-20966-ses-3/ds/inputs/data/qsiprep/qsiprep/sub-20966/ses-3/dwi/sub-20966_ses-3_space-ACPC_desc-preproc_dwi.nii.gz	0.0089525514771709	0.7233004939468075	0.4587522657822913	0.5948886275291443	0.7298343737475917	0.5969310402870178	0.4556161851741329	0.6995412422183325	0.7019072060298053	sub-20966	ses-3				space-ACPC			DSIStudio	autotrackgqi
Cerebellum_InferiorCerebellarPeduncleL	txx	DSIStudio	/scratch/executivefunction/SLURM_8364170_116/job-8364170-116-sub-20966-ses-3/ds/inputs/data/qsiprep/qsiprep/sub-20966/ses-3/dwi/sub-20966_ses-3_space-ACPC_desc-preproc_dwi.nii.gz	0.0089525514771709	0.0008182541956816	0.0004763402372317	0.0006979615136515	0.000825645832499	0.0007001440681051	0.0004720665540977	0.0007887504675448	0.000791418151633	sub-20966	ses-3				space-ACPC			DSIStudio	autotrackgqi
Cerebellum_InferiorCerebellarPeduncleL	txy	DSIStudio	/scratch/executivefunction/SLURM_8364170_116/job-8364170-116-sub-20966-ses-3/ds/inputs/data/qsiprep/qsiprep/sub-20966/ses-3/dwi/sub-20966_ses-3_space-ACPC_desc-preproc_dwi.nii.gz	0.0089525514771709	-5.787105759666925e-06	0.0001299834716822	-2.7682075597113e-05	-5.839383137803031e-06	-2.8744588234985716e-05	0.0001305680806532	3.370324965314464e-06	3.381723846763365e-06	sub-20966	ses-3				space-ACPC			DSIStudio	autotrackgqi
Cerebellum_InferiorCerebellarPeduncleL	txz	DSIStudio	/scratch/executivefunction/SLURM_8364170_116/job-8364170-116-sub-20966-ses-3/ds/inputs/data/qsiprep/qsiprep/sub-20966/ses-3/dwi/sub-20966_ses-3_space-ACPC_desc-preproc_dwi.nii.gz	0.0089525514771709	-3.62393478071848e-05	0.0001143091989967	-5.029862040828448e-05	-3.656671318936353e-05	-5.113403130962979e-05	0.0001147722020764	-3.0717288040161226e-05	-3.0821178761865006e-05	sub-20966	ses-3				space-ACPC			DSIStudio	autotrackgqi
Cerebellum_InferiorCerebellarPeduncleL	tyy	DSIStudio	/scratch/executivefunction/SLURM_8364170_116/job-8364170-116-sub-20966-ses-3/ds/inputs/data/qsiprep/qsiprep/sub-20966/ses-3/dwi/sub-20966_ses-3_space-ACPC_desc-preproc_dwi.nii.gz	0.0089525514771709	0.0009021506562033	0.0004798776245993	0.000785298703704	0.0009103001652928	0.0007871733396314	0.0004742829058885	0.0009080710292386	0.00091114227468	sub-20966	ses-3				space-ACPC			DSIStudio	autotrackgqi
Cerebellum_InferiorCerebellarPeduncleL	tyz	DSIStudio	/scratch/executivefunction/SLURM_8364170_116/job-8364170-116-sub-20966-ses-3/ds/inputs/data/qsiprep/qsiprep/sub-20966/ses-3/dwi/sub-20966_ses-3_space-ACPC_desc-preproc_dwi.nii.gz	0.0089525514771709	2.643299370258847e-05	0.0001394517020539	1.944411724252859e-05	2.667177413350616e-05	2.1161359654797707e-05	0.0001400574149607	6.062441109378308e-05	6.082945276527296e-05	sub-20966	ses-3				space-ACPC			DSIStudio	autotrackgqi
Cerebellum_InferiorCerebellarPeduncleL	tzz	DSIStudio	/scratch/executivefunction/SLURM_8364170_116/job-8364170-116-sub-20966-ses-3/ds/inputs/data/qsiprep/qsiprep/sub-20966/ses-3/dwi/sub-20966_ses-3_space-ACPC_desc-preproc_dwi.nii.gz	0.0089525514771709	0.0008824074413289	0.0005262648237049	0.000751281826524	0.0008903786015939	0.0007541069062426	0.0005218804105942	0.0009158986261129	0.0009189963466297	sub-20966	ses-3				space-ACPC			DSIStudio	autotrackgqi
CranialNerve_CNIIIR	ad	DSIStudio	/scratch/executivefunction/SLURM_8364170_116/job-8364170-116-sub-20966-ses-3/ds/inputs/data/qsiprep/qsiprep/sub-20966/ses-3/dwi/sub-20966_ses-3_space-ACPC_desc-preproc_dwi.nii.gz	0.0	1.7123360749388086	0.8386714079580814	1.3590571880340576	1.7123360749388086	1.3590571880340576	0.8386714079580814	1.7729395837350057	1.7729395837350057	sub-20966	ses-3				space-ACPC			DSIStudio	autotrackgqi
CranialNerve_CNIIIR	dti_fa	DSIStudio	/scratch/executivefunction/SLURM_8364170_116/job-8364170-116-sub-20966-ses-3/ds/inputs/data/qsiprep/qsiprep/sub-20966/ses-3/dwi/sub-20966_ses-3_space-ACPC_desc-preproc_dwi.nii.gz	0.0	0.2951555978304342	0.1527797917418018	0.2629802227020263	0.2951555978304342	0.2629802227020263	0.1527797917418018	0.2779439040316958	0.2779439040316958	sub-20966	ses-3				space-ACPC			DSIStudio	autotrackgqi
CranialNerve_CNIIIR	gfa	DSIStudio	/scratch/executivefunction/SLURM_8364170_116/job-8364170-116-sub-20966-ses-3/ds/inputs/data/qsiprep/qsiprep/sub-20966/ses-3/dwi/sub-20966_ses-3_space-ACPC_desc-preproc_dwi.nii.gz	0.0	0.0754995081823427	0.0295980780408328	0.0757359564304351	0.0754995081823427	0.0757359564304351	0.0295980780408328	0.0776192635546628	0.0776192635546628	sub-20966	ses-3				space-ACPC			DSIStudio	autotrackgqi
CranialNerve_CNIIIR	ha	DSIStudio	/scratch/executivefunction/SLURM_8364170_116/job-8364170-116-sub-20966-ses-3/ds/inputs/data/qsiprep/qsiprep/sub-20966/ses-3/dwi/sub-20966_ses-3_space-ACPC_desc-preproc_dwi.nii.gz	0.0	-1.7511659839285023	36.9094452193208	-3.620498418807984	-1.7511659839285023	-3.620498418807984	36.9094452193208	-0.1229733969809592	-0.1229733969809592	sub-20966	ses-3				space-ACPC			DSIStudio	autotrackgqi
CranialNerve_CNIIIR	iso	DSIStudio	/scratch/executivefunction/SLURM_8364170_116/job-8364170-116-sub-20966-ses-3/ds/inputs/data/qsiprep/qsiprep/sub-20966/ses-3/dwi/sub-20966_ses-3_space-ACPC_desc-preproc_dwi.nii.gz	0.0	0.4715090626310827	0.1474183125791012	0.4977587908506393	0.4715090626310827	0.4977587908506393	0.1474183125791012	0.4563667363316437	0.4563667363316437	sub-20966	ses-3				space-ACPC			DSIStudio	autotrackgqi
CranialNerve_CNIIIR	md	DSIStudio	/scratch/executivefunction/SLURM_8364170_116/job-8364170-116-sub-20966-ses-3/ds/inputs/data/qsiprep/qsiprep/sub-20966/ses-3/dwi/sub-20966_ses-3_space-ACPC_desc-preproc_dwi.nii.gz	0.0	1.3425018117911574	0.7733438643989803	0.9366570711135864	1.3425018117911574	0.9366570711135864	0.7733438643989803	1.3983135385910237	1.3983135385910237	sub-20966	ses-3				space-ACPC			DSIStudio	autotrackgqi
CranialNerve_CNIIIR	qa	DSIStudio	/scratch/executivefunction/SLURM_8364170_116/job-8364170-116-sub-20966-ses-3/ds/inputs/data/qsiprep/qsiprep/sub-20966/ses-3/dwi/sub-20966_ses-3_space-ACPC_desc-preproc_dwi.nii.gz	0.0	0.1611503019281055	0.078802691212821	0.1562169194221496	0.1611503019281055	0.1562169194221496	0.078802691212821	0.1571584149532576	0.1571584149532576	sub-20966	ses-3				space-ACPC			DSIStudio	autotrackgqi
CranialNerve_CNIIIR	rd1	DSIStudio	/scratch/executivefunction/SLURM_8364170_116/job-8364170-116-sub-20966-ses-3/ds/inputs/data/qsiprep/qsiprep/sub-20966/ses-3/dwi/sub-20966_ses-3_space-ACPC_desc-preproc_dwi.nii.gz	0.0	1.263444072202496	0.7784722268724202	0.8857473731040955	1.263444072202496	0.8857473731040955	0.7784722268724202	1.3277798953000577	1.3277798953000577	sub-20966	ses-3				space-ACPC			DSIStudio	autotrackgqi
CranialNerve_CNIIIR	rd2	DSIStudio	/scratch/executivefunction/SLURM_8364170_116/job-8364170-116-sub-20966-ses-3/ds/inputs/data/qsiprep/qsiprep/sub-20966/ses-3/dwi/sub-20966_ses-3_space-ACPC_desc-preproc_dwi.nii.gz	0.0	1.051725285127759	0.7391807115867497	0.7208459377288818	1.051725285127759	0.7208459377288818	0.7391807115867497	1.0942211290853838	1.0942211290853838	sub-20966	ses-3				space-ACPC			DSIStudio	autotrackgqi
CranialNerve_CNIIIR	rd	DSIStudio	/scratch/executivefunction/SLURM_8364170_116/job-8364170-116-sub-20966-ses-3/ds/inputs/data/qsiprep/qsiprep/sub-20966/ses-3/dwi/sub-20966_ses-3_space-ACPC_desc-preproc_dwi.nii.gz	0.0	1.1575846787326145	0.7559737056840774	0.799186497926712	1.1575846787326145	0.799186497926712	0.7559737056840774	1.2110005097939789	1.2110005097939789	sub-20966	ses-3				space-ACPC			DSIStudio	autotrackgqi
CranialNerve_CNIIIR	txx	DSIStudio	/scratch/executivefunction/SLURM_8364170_116/job-8364170-116-sub-20966-ses-3/ds/inputs/data/qsiprep/qsiprep/sub-20966/ses-3/dwi/sub-20966_ses-3_space-ACPC_desc-preproc_dwi.nii.gz	0.0	0.0012558914618305	0.0007858552754623	0.000944808620261	0.0012558914618305	0.000944808620261	0.0007858552754623	0.0012016138749038	0.0012016138749038	sub-20966	ses-3				space-ACPC			DSIStudio	autotrackgqi
CranialNerve_CNIIIR	txy	DSIStudio	/scratch/executivefunction/SLURM_8364170_116/job-8364170-116-sub-20966-ses-3/ds/inputs/data/qsiprep/qsiprep/sub-20966/ses-3/dwi/sub-20966_ses-3_space-ACPC_desc-preproc_dwi.nii.gz	0.0	1.1804718640997878e-05	0.00014201657557	1.3971693078929093e-05	1.1804718640997878e-05	1.3971693078929093e-05	0.00014201657557	1.25497521929687e-05	1.25497521929687e-05	sub-20966	ses-3				space-ACPC			DSIStudio	autotrackgqi
CranialNerve_CNIIIR	txz	DSIStudio	/scratch/executivefunction/SLURM_8364170_116/job-8364170-116-sub-20966-ses-3/ds/inputs/data/qsiprep/qsiprep/sub-20966/ses-3/dwi/sub-20966_ses-3_space-ACPC_desc-preproc_dwi.nii.gz	0.0	1.3019462474506945e-05	0.0001260296632173	1.0690534054447198e-05	1.3019462474506945e-05	1.0690534054447198e-05	0.0001260296632173	1.113216822895071e-05	1.113216822895071e-05	sub-20966	ses-3				space-ACPC			DSIStudio	autotrackgqi
CranialNerve_CNIIIR	tyy	DSIStudio	/scratch/executivefunction/SLURM_8364170_116/job-8364170-116-sub-20966-ses-3/ds/inputs/data/qsiprep/qsiprep/sub-20966/ses-3/dwi/sub-20966_ses-3_space-ACPC_desc-preproc_dwi.nii.gz	0.0	0.0014427453861571	0.0007896842943213	0.0011369788553565	0.0014427453861571	0.0011369788553565	0.0007896842943213	0.0015845465320842	0.0015845465320842	sub-20966	ses-3				space-ACPC			DSIStudio	autotrackgqi
CranialNerve_CNIIIR	tyz	DSIStudio	/scratch/executivefunction/SLURM_8364170_116/job-8364170-116-sub-20966-ses-3/ds/inputs/data/qsiprep/qsiprep/sub-20966/ses-3/dwi/sub-20966_ses-3_space-ACPC_desc-preproc_dwi.nii.gz	0.0	-4.914904965090933e-05	0.0001903115609441	-3.825393832812552e-05	-4.914904965090933e-05	-3.825393832812552e-05	0.0001903115609441	-4.8448673424920606e-05	-4.8448673424920606e-05	sub-20966	ses-3				space-ACPC			DSIStudio	autotrackgqi
CranialNerve_CNIIIR	tzz	DSIStudio	/scratch/executivefunction/SLURM_8364170_116/job-8364170-116-sub-20966-ses-3/ds/inputs/data/qsiprep/qsiprep/sub-20966/ses-3/dwi/sub-20966_ses-3_space-ACPC_desc-preproc_dwi.nii.gz	0.0	0.0013288685792455	0.0008212546816405	0.0009695490007288	0.0013288685792455	0.0009695490007288	0.0008212546816405	0.0014087801966089	0.0014087801966089	sub-20966	ses-3				space-ACPC			DSIStudio	autotrackgqi
CranialNerve_CNVL	ad	DSIStudio	/scratch/executivefunction/SLURM_8364170_116/job-8364170-116-sub-20966-ses-3/ds/inputs/data/qsiprep/qsiprep/sub-20966/ses-3/dwi/sub-20966_ses-3_space-ACPC_desc-preproc_dwi.nii.gz	0.0	1.406425561746919	0.6939188127101816	1.1752208471298218	1.406425561746919	1.1752208471298218	0.6939188127101816	1.431375564876762	1.431375564876762	sub-20966	ses-3				space-ACPC			DSIStudio	autotrackgqi
CranialNerve_CNVL	dti_fa	DSIStudio	/scratch/executivefunction/SLURM_8364170_116/job-8364170-116-sub-20966-ses-3/ds/inputs/data/qsiprep/qsiprep/sub-20966/ses-3/dwi/sub-20966_ses-3_space-ACPC_desc-preproc_dwi.nii.gz	0.0	0.3664215312126171	0.1948111121454669	0.3170876055955887	0.3664215312126171	0.3170876055955887	0.1948111121454669	0.4214608789595374	0.4214608789595374	sub-20966	ses-3				space-ACPC			DSIStudio	autotrackgqi
CranialNerve_CNVL	gfa	DSIStudio	/scratch/executivefunction/SLURM_8364170_116/job-8364170-116-sub-20966-ses-3/ds/inputs/data/qsiprep/qsiprep/sub-20966/ses-3/dwi/sub-20966_ses-3_space-ACPC_desc-preproc_dwi.nii.gz	0.0	0.0809154992900699	0.0420740857578037	0.0765350237488746	0.0809154992900699	0.0765350237488746	0.0420740857578037	0.0947476916061208	0.0947476916061208	sub-20966	ses-3				space-ACPC			DSIStudio	autotrackgqi
CranialNerve_CNVL	ha	DSIStudio	/scratch/executivefunction/SLURM_8364170_116/job-8364170-116-sub-20966-ses-3/ds/inputs/data/qsiprep/qsiprep/sub-20966/ses-3/dwi/sub-20966_ses-3_space-ACPC_desc-preproc_dwi.nii.gz	0.0	3.779390574851444	43.00856032388734	5.661375522613525	3.779390574851444	5.661375522613525	43.00856032388734	2.1668078064518004	2.1668078064518004	sub-20966	ses-3				space-ACPC			DSIStudio	autotrackgqi
CranialNerve_CNVL	iso	DSIStudio	/scratch/executivefunction/SLURM_8364170_116/job-8364170-116-sub-20966-ses-3/ds/inputs/data/qsiprep/qsiprep/sub-20966/ses-3/dwi/sub-20966_ses-3_space-ACPC_desc-preproc_dwi.nii.gz	0.0	0.5856486448322434	0.1933077128927287	0.6219142973423004	0.5856486448322434	0.6219142973423004	0.1933077128927287	0.5766669744524413	0.5766669744524413	sub-20966	ses-3				space-ACPC			DSIStudio	autotrackgqi
CranialNerve_CNVL	md	DSIStudio	/scratch/executivefunction/SLURM_8364170_116/job-8364170-116-sub-20966-ses-3/ds/inputs/data/qsiprep/qsiprep/sub-20966/ses-3/dwi/sub-20966_ses-3_space-ACPC_desc-preproc_dwi.nii.gz	0.0	1.0178170832165752	0.602085493535095	0.7653252482414246	1.0178170832165752	0.7653252482414246	0.602085493535095	0.9844235984272424	0.9844235984272424	sub-20966	ses-3				space-ACPC			DSIStudio	autotrackgqi
CranialNerve_CNVL	qa	DSIStudio	/scratch/executivefunction/SLURM_8364170_116/job-8364170-116-sub-20966-ses-3/ds/inputs/data/qsiprep/qsiprep/sub-20966/ses-3/dwi/sub-20966_ses-3_space-ACPC_desc-preproc_dwi.nii.gz	0.0	0.2107731496511274	0.1284395285351802	0.1742476820945739	0.2107731496511274	0.1742476820945739	0.1284395285351802	0.2531689136392987	0.2531689136392987	sub-20966	ses-3				space-ACPC			DSIStudio	autotrackgqi
CranialNerve_CNVL	rd1	DSIStudio	/scratch/executivefunction/SLURM_8364170_116/job-8364170-116-sub-20966-ses-3/ds/inputs/data/qsiprep/qsiprep/sub-20966/ses-3/dwi/sub-20966_ses-3_space-ACPC_desc-preproc_dwi.nii.gz	0.0	0.9276511748153043	0.6112899028227533	0.6999921202659607	0.9276511748153043	0.6999921202659607	0.6112899028227533	0.8798935612622327	0.8798935612622327	sub-20966	ses-3				space-ACPC			DSIStudio	autotrackgqi
CranialNerve_CNVL	rd2	DSIStudio	/scratch/executivefunction/SLURM_8364170_116/job-8364170-116-sub-20966-ses-3/ds/inputs/data/qsiprep/qsiprep/sub-20966/ses-3/dwi/sub-20966_ses-3_space-ACPC_desc-preproc_dwi.nii.gz	0.0	0.7193745115255735	0.5710079211046841	0.522983968257904	0.7193745115255735	0.522983968257904	0.5710079211046841	0.6420016662370531	0.6420016662370531	sub-20966	ses-3				space-ACPC			DSIStudio	autotrackgqi
CranialNerve_CNVL	rd	DSIStudio	/scratch/executivefunction/SLURM_8364170_116/job-8364170-116-sub-20966-ses-3/ds/inputs/data/qsiprep/qsiprep/sub-20966/ses-3/dwi/sub-20966_ses-3_space-ACPC_desc-preproc_dwi.nii.gz	0.0	0.8235128427126321	0.5872634733915147	0.6057919561862946	0.8235128427126321	0.6057919561862946	0.5872634733915147	0.760947614279162	0.760947614279162	sub-20966	ses-3				space-ACPC			DSIStudio	autotrackgqi
CranialNerve_CNVL	txx	DSIStudio	/scratch/executivefunction/SLURM_8364170_116/job-8364170-116-sub-20966-ses-3/ds/inputs/data/qsiprep/qsiprep/sub-20966/ses-3/dwi/sub-20966_ses-3_space-ACPC_desc-preproc_dwi.nii.gz	0.0	0.0009129984348139	0.0006058403529355	0.000682541023707	0.0009129984348139	0.000682541023707	0.0006058403529355	0.000872450938406	0.000872450938406	sub-20966	ses-3				space-ACPC			DSIStudio	autotrackgqi
CranialNerve_CNVL	txy	DSIStudio	/scratch/executivefunction/SLURM_8364170_116/job-8364170-116-sub-20966-ses-3/ds/inputs/data/qsiprep/qsiprep/sub-20966/ses-3/dwi/sub-20966_ses-3_space-ACPC_desc-preproc_dwi.nii.gz	0.0	-1.4652763730349917e-06	0.0001757725831188	-2.2483826796815265e-05	-1.4652763730349917e-06	-2.2483826796815265e-05	0.0001757725831188	2.3474937696997302e-05	2.3474937696997302e-05	sub-20966	ses-3				space-ACPC			DSIStudio	autotrackgqi
CranialNerve_CNVL	txz	DSIStudio	/scratch/executivefunction/SLURM_8364170_116/job-8364170-116-sub-20966-ses-3/ds/inputs/data/qsiprep/qsiprep/sub-20966/ses-3/dwi/sub-20966_ses-3_space-ACPC_desc-preproc_dwi.nii.gz	0.0	-1.097542497839446e-05	0.0001361873031615	-1.9693623471539468e-05	-1.097542497839446e-05	-1.9693623471539468e-05	0.0001361873031615	-1.541783938605153e-05	-1.541783938605153e-05	sub-20966	ses-3				space-ACPC			DSIStudio	autotrackgqi
CranialNerve_CNVL	tyy	DSIStudio	/scratch/executivefunction/SLURM_8364170_116/job-8364170-116-sub-20966-ses-3/ds/inputs/data/qsiprep/qsiprep/sub-20966/ses-3/dwi/sub-20966_ses-3_space-ACPC_desc-preproc_dwi.nii.gz	0.0	0.001108857659421	0.0006760635649899	0.0008764523081481	0.001108857659421	0.0008764523081481	0.0006760635649899	0.0011265922487842	0.0011265922487842	sub-20966	ses-3				space-ACPC			DSIStudio	autotrackgqi
CranialNerve_CNVL	tyz	DSIStudio	/scratch/executivefunction/SLURM_8364170_116/job-8364170-116-sub-20966-ses-3/ds/inputs/data/qsiprep/qsiprep/sub-20966/ses-3/dwi/sub-20966_ses-3_space-ACPC_desc-preproc_dwi.nii.gz	0.0	-1.0026902543539832e-05	0.0002080477112983	8.261676612164592e-06	-1.0026902543539832e-05	8.261676612164592e-06	0.0002080477112983	-2.3178387138957977e-06	-2.3178387138957977e-06	sub-20966	ses-3				space-ACPC			DSIStudio	autotrackgqi
CranialNerve_CNVL	tzz	DSIStudio	/scratch/executivefunction/SLURM_8364170_116/job-8364170-116-sub-20966-ses-3/ds/inputs/data/qsiprep/qsiprep/sub-20966/ses-3/dwi/sub-20966_ses-3_space-ACPC_desc-preproc_dwi.nii.gz	0.0	0.0010315951590737	0.0006324504132094	0.0008134392555803	0.0010315951590737	0.0008134392555803	0.0006324504132094	0.0009542276051234	0.0009542276051234	sub-20966	ses-3				space-ACPC			DSIStudio	autotrackgqi
CranialNerve_CNVIIIR	ad	DSIStudio	/scratch/executivefunction/SLURM_8364170_116/job-8364170-116-sub-20966-ses-3/ds/inputs/data/qsiprep/qsiprep/sub-20966/ses-3/dwi/sub-20966_ses-3_space-ACPC_desc-preproc_dwi.nii.gz	0.0	1.229547666848361	0.5382260549152253	1.032268226146698	1.229547666848361	1.032268226146698	0.5382260549152253	1.4860615606366685	1.4860615606366685	sub-20966	ses-3				space-ACPC			DSIStudio	autotrackgqi
CranialNerve_CNVIIIR	dti_fa	DSIStudio	/scratch/executivefunction/SLURM_8364170_116/job-8364170-116-sub-20966-ses-3/ds/inputs/data/qsiprep/qsiprep/sub-20966/ses-3/dwi/sub-20966_ses-3_space-ACPC_desc-preproc_dwi.nii.gz	0.0	0.3158255949718775	0.1761809636707052	0.2617404460906982	0.3158255949718775	0.2617404460906982	0.1761809636707052	0.3658899944766451	0.3658899944766451	sub-20966	ses-3				space-ACPC			DSIStudio	autotrackgqi
CranialNerve_CNVIIIR	gfa	DSIStudio	/scratch/executivefunction/SLURM_8364170_116/job-8364170-116-sub-20966-ses-3/ds/inputs/data/qsiprep/qsiprep/sub-20966/ses-3/dwi/sub-20966_ses-3_space-ACPC_desc-preproc_dwi.nii.gz	0.0	0.0687881902197969	0.0384469526433581	0.0551694072782993	0.0687881902197969	0.0551694072782993	0.0384469526433581	0.0880092632353905	0.0880092632353905	sub-20966	ses-3				space-ACPC			DSIStudio	autotrackgqi
CranialNerve_CNVIIIR	ha	DSIStudio	/scratch/executivefunction/SLURM_8364170_116/job-8364170-116-sub-20966-ses-3/ds/inputs/data/qsiprep/qsiprep/sub-20966/ses-3/dwi/sub-20966_ses-3_space-ACPC_desc-preproc_dwi.nii.gz	0.0	-16.611408511365017	42.0433363752489	-23.82725429534912	-16.611408511365017	-23.82725429534912	42.0433363752489	-10.851263287641048	-10.851263287641048	sub-20966	ses-3				space-ACPC			DSIStudio	autotrackgqi
CranialNerve_CNVIIIR	iso	DSIStudio	/scratch/executivefunction/SLURM_8364170_116/job-8364170-116-sub-20966-ses-3/ds/inputs/data/qsiprep/qsiprep/sub-20966/ses-3/dwi/sub-20966_ses-3_space-ACPC_desc-preproc_dwi.nii.gz	0.0	0.6274695575646647	0.1412918640115806	0.6536254286766052	0.6274695575646647	0.6536254286766052	0.1412918640115806	0.5496174311058183	0.5496174311058183	sub-20966	ses-3				space-ACPC			DSIStudio	autotrackgqi
CranialNerve_CNVIIIR	md	DSIStudio	/scratch/executivefunction/SLURM_8364170_116/job-8364170-116-sub-20966-ses-3/ds/inputs/data/qsiprep/qsiprep/sub-20966/ses-3/dwi/sub-20966_ses-3_space-ACPC_desc-preproc_dwi.nii.gz	0.0	0.9214880743360782	0.4642632150217192	0.7455536723136902	0.9214880743360782	0.7455536723136902	0.4642632150217192	1.0661902006163242	1.0661902006163242	sub-20966	ses-3				space-ACPC			DSIStudio	autotrackgqi
CranialNerve_CNVIIIR	qa	DSIStudio	/scratch/executivefunction/SLURM_8364170_116/job-8364170-116-sub-20966-ses-3/ds/inputs/data/qsiprep/qsiprep/sub-20966/ses-3/dwi/sub-20966_ses-3_space-ACPC_desc-preproc_dwi.nii.gz	0.0	0.1858457013099853	0.1128746681684927	0.1493652388453483	0.1858457013099853	0.1493652388453483	0.1128746681684927	0.2198576512571897	0.2198576512571897	sub-20966	ses-3				space-ACPC			DSIStudio	autotrackgqi
CranialNerve_CNVIIIR	rd1	DSIStudio	/scratch/executivefunction/SLURM_8364170_116/job-8364170-116-sub-20966-ses-3/ds/inputs/data/qsiprep/qsiprep/sub-20966/ses-3/dwi/sub-20966_ses-3_space-ACPC_desc-preproc_dwi.nii.gz	0.0	0.8515625973324199	0.4748125149782563	0.708646297454834	0.8515625973324199	0.708646297454834	0.4748125149782563	0.9543026333945576	0.9543026333945576	sub-20966	ses-3				space-ACPC			DSIStudio	autotrackgqi
CranialNerve_CNVIIIR	rd2	DSIStudio	/scratch/executivefunction/SLURM_8364170_116/job-8364170-116-sub-20966-ses-3/ds/inputs/data/qsiprep/qsiprep/sub-20966/ses-3/dwi/sub-20966_ses-3_space-ACPC_desc-preproc_dwi.nii.gz	0.0	0.683353958315738	0.4480492624433582	0.5631411671638489	0.683353958315738	0.5631411671638489	0.4480492624433582	0.7582064182584787	0.7582064182584787	sub-20966	ses-3				space-ACPC			DSIStudio	autotrackgqi
CranialNerve_CNVIIIR	rd	DSIStudio	/scratch/executivefunction/SLURM_8364170_116/job-8364170-116-sub-20966-ses-3/ds/inputs/data/qsiprep/qsiprep/sub-20966/ses-3/dwi/sub-20966_ses-3_space-ACPC_desc-preproc_dwi.nii.gz	0.0	0.7674582771301924	0.4580097024385731	0.6260302066802979	0.7674582771301924	0.6260302066802979	0.4580097024385731	0.8562545240219103	0.8562545240219103	sub-20966	ses-3				space-ACPC			DSIStudio	autotrackgqi
CranialNerve_CNVIIIR	txx	DSIStudio	/scratch/executivefunction/SLURM_8364170_116/job-8364170-116-sub-20966-ses-3/ds/inputs/data/qsiprep/qsiprep/sub-20966/ses-3/dwi/sub-20966_ses-3_space-ACPC_desc-preproc_dwi.nii.gz	0.0	0.0008402852657677	0.0005011634722046	0.0006895283877383	0.0008402852657677	0.0006895283877383	0.0005011634722046	0.0009570077751175	0.0009570077751175	sub-20966	ses-3				space-ACPC			DSIStudio	autotrackgqi
CranialNerve_CNVIIIR	txy	DSIStudio	/scratch/executivefunction/SLURM_8364170_116/job-8364170-116-sub-20966-ses-3/ds/inputs/data/qsiprep/qsiprep/sub-20966/ses-3/dwi/sub-20966_ses-3_space-ACPC_desc-preproc_dwi.nii.gz	0.0	1.1702935024830336e-05	0.0001399205142964	3.9299664422287606e-05	1.1702935024830336e-05	3.9299664422287606e-05	0.0001399205142964	4.502213924324561e-05	4.502213924324561e-05	sub-20966	ses-3				space-ACPC			DSIStudio	autotrackgqi
CranialNerve_CNVIIIR	txz	DSIStudio	/scratch/executivefunction/SLURM_8364170_116/job-8364170-116-sub-20966-ses-3/ds/inputs/data/qsiprep/qsiprep/sub-20966/ses-3/dwi/sub-20966_ses-3_space-ACPC_desc-preproc_dwi.nii.gz	0.0	4.352080183163669e-05	0.0001098528862891	4.807787991012447e-05	4.352080183163669e-05	4.807787991012447e-05	0.0001098528862891	3.877355907263892e-05	3.877355907263892e-05	sub-20966	ses-3				space-ACPC			DSIStudio	autotrackgqi
CranialNerve_CNVIIIR	tyy	DSIStudio	/scratch/executivefunction/SLURM_8364170_116/job-8364170-116-sub-20966-ses-3/ds/inputs/data/qsiprep/qsiprep/sub-20966/ses-3/dwi/sub-20966_ses-3_space-ACPC_desc-preproc_dwi.nii.gz	0.0	0.0009727392217498	0.0005089458556737	0.0008113809744827	0.0009727392217498	0.0008113809744827	0.0005089458556737	0.0011744427058452	0.0011744427058452	sub-20966	ses-3				space-ACPC			DSIStudio	autotrackgqi
CranialNerve_CNVIIIR	tyz	DSIStudio	/scratch/executivefunction/SLURM_8364170_116/job-8364170-116-sub-20966-ses-3/ds/inputs/data/qsiprep/qsiprep/sub-20966/ses-3/dwi/sub-20966_ses-3_space-ACPC_desc-preproc_dwi.nii.gz	0.0	3.625018769958476e-05	0.0001542957922321	4.639146209228784e-05	3.625018769958476e-05	4.639146209228784e-05	0.0001542957922321	5.579614035964412e-05	5.579614035964412e-05	sub-20966	ses-3				space-ACPC			DSIStudio	autotrackgqi
CranialNerve_CNVIIIR	tzz	DSIStudio	/scratch/executivefunction/SLURM_8364170_116/job-8364170-116-sub-20966-ses-3/ds/inputs/data/qsiprep/qsiprep/sub-20966/ses-3/dwi/sub-20966_ses-3_space-ACPC_desc-preproc_dwi.nii.gz	0.0	0.0009514397359013	0.0004842279651075	0.0008407906861975	0.0009514397359013	0.0008407906861975	0.0004842279651075	0.0010671201309662	0.0010671201309662	sub-20966	ses-3				space-ACPC			DSIStudio	autotrackgqi
CranialNerve_CNIIR	ad	DSIStudio	/scratch/executivefunction/SLURM_8364170_116/job-8364170-116-sub-20966-ses-3/ds/inputs/data/qsiprep/qsiprep/sub-20966/ses-3/dwi/sub-20966_ses-3_space-ACPC_desc-preproc_dwi.nii.gz	0.0	1.5776978902049832	0.7055999816939239	1.376129388809204	1.5776978902049832	1.376129388809204	0.7055999816939239	1.5672689793498544	1.5672689793498544	sub-20966	ses-3				space-ACPC			DSIStudio	autotrackgqi
CranialNerve_CNIIR	dti_fa	DSIStudio	/scratch/executivefunction/SLURM_8364170_116/job-8364170-116-sub-20966-ses-3/ds/inputs/data/qsiprep/qsiprep/sub-20966/ses-3/dwi/sub-20966_ses-3_space-ACPC_desc-preproc_dwi.nii.gz	0.0	0.3423519109884699	0.1923518750586175	0.3095964789390564	0.3423519109884699	0.3095964789390564	0.1923518750586175	0.3933450939615993	0.3933450939615993	sub-20966	ses-3				space-ACPC			DSIStudio	autotrackgqi
CranialNerve_CNIIR	gfa	DSIStudio	/scratch/executivefunction/SLURM_8364170_116/job-8364170-116-sub-20966-ses-3/ds/inputs/data/qsiprep/qsiprep/sub-20966/ses-3/dwi/sub-20966_ses-3_space-ACPC_desc-preproc_dwi.nii.gz	0.0	0.0823657721258722	0.0386380883618628	0.0761609524488449	0.0823657721258722	0.0761609524488449	0.0386380883618628	0.0931050244881709	0.0931050244881709	sub-20966	ses-3				space-ACPC			DSIStudio	autotrackgqi
CranialNerve_CNIIR	ha	DSIStudio	/scratch/executivefunction/SLURM_8364170_116/job-8364170-116-sub-20966-ses-3/ds/inputs/data/qsiprep/qsiprep/sub-20966/ses-3/dwi/sub-20966_ses-3_space-ACPC_desc-preproc_dwi.nii.gz	0.0	-7.817165117870856	32.891815471007746	-11.524144172668455	-7.817165117870856	-11.524144172668455	32.891815471007746	-13.829615382293037	-13.829615382293037	sub-20966	ses-3				space-ACPC			DSIStudio	autotrackgqi
CranialNerve_CNIIR	iso	DSIStudio	/scratch/executivefunction/SLURM_8364170_116/job-8364170-116-sub-20966-ses-3/ds/inputs/data/qsiprep/qsiprep/sub-20966/ses-3/dwi/sub-20966_ses-3_space-ACPC_desc-preproc_dwi.nii.gz	0.0	0.4473506349485951	0.1295696176333751	0.4743489921092987	0.4473506349485951	0.4743489921092987	0.1295696176333751	0.4451904237015343	0.4451904237015343	sub-20966	ses-3				space-ACPC			DSIStudio	autotrackgqi
CranialNerve_CNIIR	md	DSIStudio	/scratch/executivefunction/SLURM_8364170_116/job-8364170-116-sub-20966-ses-3/ds/inputs/data/qsiprep/qsiprep/sub-20966/ses-3/dwi/sub-20966_ses-3_space-ACPC_desc-preproc_dwi.nii.gz	0.0	1.1870981099662723	0.6767150928433491	0.9029272198677064	1.1870981099662723	0.9029272198677064	0.6767150928433491	1.1115245202671782	1.1115245202671782	sub-20966	ses-3				space-ACPC			DSIStudio	autotrackgqi
CranialNerve_CNIIR	qa	DSIStudio	/scratch/executivefunction/SLURM_8364170_116/job-8364170-116-sub-20966-ses-3/ds/inputs/data/qsiprep/qsiprep/sub-20966/ses-3/dwi/sub-20966_ses-3_space-ACPC_desc-preproc_dwi.nii.gz	0.0	0.1731455034886177	0.1022706701414792	0.1514884680509567	0.1731455034886177	0.1514884680509567	0.1022706701414792	0.1954910177804676	0.1954910177804676	sub-20966	ses-3				space-ACPC			DSIStudio	autotrackgqi
CranialNerve_CNIIR	rd1	DSIStudio	/scratch/executivefunction/SLURM_8364170_116/job-8364170-116-sub-20966-ses-3/ds/inputs/data/qsiprep/qsiprep/sub-20966/ses-3/dwi/sub-20966_ses-3_space-ACPC_desc-preproc_dwi.nii.gz	0.0	1.0998878880189016	0.7029571038958242	0.824842095375061	1.0998878880189016	0.824842095375061	0.7029571038958242	0.9865144238820904	0.9865144238820904	sub-20966	ses-3				space-ACPC			DSIStudio	autotrackgqi
CranialNerve_CNIIR	rd2	DSIStudio	/scratch/executivefunction/SLURM_8364170_116/job-8364170-116-sub-20966-ses-3/ds/inputs/data/qsiprep/qsiprep/sub-20966/ses-3/dwi/sub-20966_ses-3_space-ACPC_desc-preproc_dwi.nii.gz	0.0	0.8837085503958757	0.6801718422169862	0.6337299942970276	0.8837085503958757	0.6337299942970276	0.6801718422169862	0.7807901655479619	0.7807901655479619	sub-20966	ses-3				space-ACPC			DSIStudio	autotrackgqi
CranialNerve_CNIIR	rd	DSIStudio	/scratch/executivefunction/SLURM_8364170_116/job-8364170-116-sub-20966-ses-3/ds/inputs/data/qsiprep/qsiprep/sub-20966/ses-3/dwi/sub-20966_ses-3_space-ACPC_desc-preproc_dwi.nii.gz	0.0	0.9917982196087366	0.6887763955449185	0.7246883511543274	0.9917982196087366	0.7246883511543274	0.6887763955449185	0.883652295707438	0.883652295707438	sub-20966	ses-3				space-ACPC			DSIStudio	autotrackgqi
CranialNerve_CNIIR	txx	DSIStudio	/scratch/executivefunction/SLURM_8364170_116/job-8364170-116-sub-20966-ses-3/ds/inputs/data/qsiprep/qsiprep/sub-20966/ses-3/dwi/sub-20966_ses-3_space-ACPC_desc-preproc_dwi.nii.gz	0.0	0.0012035589349945	0.0006801823969255	0.0009586350643076	0.0012035589349945	0.0009586350643076	0.0006801823969255	0.0011180437294253	0.0011180437294253	sub-20966	ses-3				space-ACPC			DSIStudio	autotrackgqi
CranialNerve_CNIIR	txy	DSIStudio	/scratch/executivefunction/SLURM_8364170_116/job-8364170-116-sub-20966-ses-3/ds/inputs/data/qsiprep/qsiprep/sub-20966/ses-3/dwi/sub-20966_ses-3_space-ACPC_desc-preproc_dwi.nii.gz	0.0	1.0946026172100196e-05	0.000206278159062	3.722666224348359e-05	1.0946026172100196e-05	3.722666224348359e-05	0.000206278159062	-8.157249125781654e-05	-8.157249125781654e-05	sub-20966	ses-3				space-ACPC			DSIStudio	autotrackgqi
CranialNerve_CNIIR	txz	DSIStudio	/scratch/executivefunction/SLURM_8364170_116/job-8364170-116-sub-20966-ses-3/ds/inputs/data/qsiprep/qsiprep/sub-20966/ses-3/dwi/sub-20966_ses-3_space-ACPC_desc-preproc_dwi.nii.gz	0.0	-3.929406257062264e-06	0.0001818524215538	9.38870471145492e-06	-3.929406257062264e-06	9.38870471145492e-06	0.0001818524215538	-4.423941591601484e-05	-4.423941591601484e-05	sub-20966	ses-3				space-ACPC			DSIStudio	autotrackgqi
CranialNerve_CNIIR	tyy	DSIStudio	/scratch/executivefunction/SLURM_8364170_116/job-8364170-116-sub-20966-ses-3/ds/inputs/data/qsiprep/qsiprep/sub-20966/ses-3/dwi/sub-20966_ses-3_space-ACPC_desc-preproc_dwi.nii.gz	0.0	0.0012055584220806	0.0007116969173417	0.0009620448690839	0.0012055584220806	0.0009620448690839	0.0007116969173417	0.0011866225935286	0.0011866225935286	sub-20966	ses-3				space-ACPC			DSIStudio	autotrackgqi
CranialNerve_CNIIR	tyz	DSIStudio	/scratch/executivefunction/SLURM_8364170_116/job-8364170-116-sub-20966-ses-3/ds/inputs/data/qsiprep/qsiprep/sub-20966/ses-3/dwi/sub-20966_ses-3_space-ACPC_desc-preproc_dwi.nii.gz	0.0	5.094254225775223e-05	0.0001918962357495	3.297338116681203e-05	5.094254225775223e-05	3.297338116681203e-05	0.0001918962357495	8.301013674449513e-05	8.301013674449513e-05	sub-20966	ses-3				space-ACPC			DSIStudio	autotrackgqi
CranialNerve_CNIIR	tzz	DSIStudio	/scratch/executivefunction/SLURM_8364170_116/job-8364170-116-sub-20966-ses-3/ds/inputs/data/qsiprep/qsiprep/sub-20966/ses-3/dwi/sub-20966_ses-3_space-ACPC_desc-preproc_dwi.nii.gz	0.0	0.0011521769729052	0.000711006247272	0.0008904768037609	0.0011521769729052	0.0008904768037609	0.000711006247272	0.0010299072402241	0.0010299072402241	sub-20966	ses-3				space-ACPC			DSIStudio	autotrackgqi
CranialNerve_CNIIL	ad	DSIStudio	/scratch/executivefunction/SLURM_8364170_116/job-8364170-116-sub-20966-ses-3/ds/inputs/data/qsiprep/qsiprep/sub-20966/ses-3/dwi/sub-20966_ses-3_space-ACPC_desc-preproc_dwi.nii.gz	0.0	1.457358807402107	0.6228982612393635	1.268729329109192	1.457358807402107	1.268729329109192	0.6228982612393635	1.4583010537308576	1.4583010537308576	sub-20966	ses-3				space-ACPC			DSIStudio	autotrackgqi
CranialNerve_CNIIL	dti_fa	DSIStudio	/scratch/executivefunction/SLURM_8364170_116/job-8364170-116-sub-20966-ses-3/ds/inputs/data/qsiprep/qsiprep/sub-20966/ses-3/dwi/sub-20966_ses-3_space-ACPC_desc-preproc_dwi.nii.gz	0.0	0.3523099994918435	0.1913308380399364	0.3174978792667389	0.3523099994918435	0.3174978792667389	0.1913308380399364	0.4041082153351923	0.4041082153351923	sub-20966	ses-3				space-ACPC			DSIStudio	autotrackgqi
CranialNerve_CNIIL	gfa	DSIStudio	/scratch/executivefunction/SLURM_8364170_116/job-8364170-116-sub-20966-ses-3/ds/inputs/data/qsiprep/qsiprep/sub-20966/ses-3/dwi/sub-20966_ses-3_space-ACPC_desc-preproc_dwi.nii.gz	0.0	0.0817638640176073	0.0401769962119038	0.0725505575537681	0.0817638640176073	0.0725505575537681	0.0401769962119038	0.094295052005687	0.094295052005687	sub-20966	ses-3				space-ACPC			DSIStudio	autotrackgqi
CranialNerve_CNIIL	ha	DSIStudio	/scratch/executivefunction/SLURM_8364170_116/job-8364170-116-sub-20966-ses-3/ds/inputs/data/qsiprep/qsiprep/sub-20966/ses-3/dwi/sub-20966_ses-3_space-ACPC_desc-preproc_dwi.nii.gz	0.0	10.67936332786032	25.837383273094588	12.887507438659668	10.67936332786032	12.887507438659668	25.837383273094588	11.921224427716824	11.921224427716824	sub-20966	ses-3				space-ACPC			DSIStudio	autotrackgqi
CranialNerve_CNIIL	iso	DSIStudio	/scratch/executivefunction/SLURM_8364170_116/job-8364170-116-sub-20966-ses-3/ds/inputs/data/qsiprep/qsiprep/sub-20966/ses-3/dwi/sub-20966_ses-3_space-ACPC_desc-preproc_dwi.nii.gz	0.0	0.504940098696768	0.1303490892358238	0.5194157958030701	0.504940098696768	0.5194157958030701	0.1303490892358238	0.5160594722743523	0.5160594722743523	sub-20966	ses-3				space-ACPC			DSIStudio	autotrackgqi
CranialNerve_CNIIL	md	DSIStudio	/scratch/executivefunction/SLURM_8364170_116/job-8364170-116-sub-20966-ses-3/ds/inputs/data/qsiprep/qsiprep/sub-20966/ses-3/dwi/sub-20966_ses-3_space-ACPC_desc-preproc_dwi.nii.gz	0.0	1.0714072615803567	0.5748241607768314	0.8447604179382324	1.0714072615803567	0.8447604179382324	0.5748241607768314	1.0206422383736533	1.0206422383736533	sub-20966	ses-3				space-ACPC			DSIStudio	autotrackgqi
CranialNerve_CNIIL	qa	DSIStudio	/scratch/executivefunction/SLURM_8364170_116/job-8364170-116-sub-20966-ses-3/ds/inputs/data/qsiprep/qsiprep/sub-20966/ses-3/dwi/sub-20966_ses-3_space-ACPC_desc-preproc_dwi.nii.gz	0.0	0.1912760779325542	0.1127473420745251	0.1639121621847152	0.1912760779325542	0.1639121621847152	0.1127473420745251	0.2270707407468322	0.2270707407468322	sub-20966	ses-3				space-ACPC			DSIStudio	autotrackgqi
CranialNerve_CNIIL	rd1	DSIStudio	/scratch/executivefunction/SLURM_8364170_116/job-8364170-116-sub-20966-ses-3/ds/inputs/data/qsiprep/qsiprep/sub-20966/ses-3/dwi/sub-20966_ses-3_space-ACPC_desc-preproc_dwi.nii.gz	0.0	0.977345725523044	0.5919128470926464	0.7848480939865112	0.977345725523044	0.7848480939865112	0.5919128470926464	0.9080567846949722	0.9080567846949722	sub-20966	ses-3				space-ACPC			DSIStudio	autotrackgqi
CranialNerve_CNIIL	rd2	DSIStudio	/scratch/executivefunction/SLURM_8364170_116/job-8364170-116-sub-20966-ses-3/ds/inputs/data/qsiprep/qsiprep/sub-20966/ses-3/dwi/sub-20966_ses-3_space-ACPC_desc-preproc_dwi.nii.gz	0.0	0.779517252410686	0.5814348805164479	0.5851978659629822	0.779517252410686	0.5851978659629822	0.5814348805164479	0.6955688818582509	0.6955688818582509	sub-20966	ses-3				space-ACPC			DSIStudio	autotrackgqi
CranialNerve_CNIIL	rd	DSIStudio	/scratch/executivefunction/SLURM_8364170_116/job-8364170-116-sub-20966-ses-3/ds/inputs/data/qsiprep/qsiprep/sub-20966/ses-3/dwi/sub-20966_ses-3_space-ACPC_desc-preproc_dwi.nii.gz	0.0	0.8784314915729695	0.5836910466675183	0.6754313707351685	0.8784314915729695	0.6754313707351685	0.5836910466675183	0.8018128383645214	0.8018128383645214	sub-20966	ses-3				space-ACPC			DSIStudio	autotrackgqi
CranialNerve_CNIIL	txx	DSIStudio	/scratch/executivefunction/SLURM_8364170_116/job-8364170-116-sub-20966-ses-3/ds/inputs/data/qsiprep/qsiprep/sub-20966/ses-3/dwi/sub-20966_ses-3_space-ACPC_desc-preproc_dwi.nii.gz	0.0	0.0010873319025804	0.0005792228835328	0.0009174454608	0.0010873319025804	0.0009174454608	0.0005792228835328	0.0010400558596841	0.0010400558596841	sub-20966	ses-3				space-ACPC			DSIStudio	autotrackgqi
CranialNerve_CNIIL	txy	DSIStudio	/scratch/executivefunction/SLURM_8364170_116/job-8364170-116-sub-20966-ses-3/ds/inputs/data/qsiprep/qsiprep/sub-20966/ses-3/dwi/sub-20966_ses-3_space-ACPC_desc-preproc_dwi.nii.gz	0.0	2.4585183399604564e-05	0.000210070426719	4.120267021789914e-06	2.4585183399604564e-05	4.120267021789914e-06	0.000210070426719	5.693278708180468e-05	5.693278708180468e-05	sub-20966	ses-3				space-ACPC			DSIStudio	autotrackgqi
CranialNerve_CNIIL	txz	DSIStudio	/scratch/executivefunction/SLURM_8364170_116/job-8364170-116-sub-20966-ses-3/ds/inputs/data/qsiprep/qsiprep/sub-20966/ses-3/dwi/sub-20966_ses-3_space-ACPC_desc-preproc_dwi.nii.gz	0.0	-3.670961804038125e-05	0.0001567960891413	-3.332211417728104e-05	-3.670961804038125e-05	-3.332211417728104e-05	0.0001567960891413	-5.04770407177678e-05	-5.04770407177678e-05	sub-20966	ses-3				space-ACPC			DSIStudio	autotrackgqi
CranialNerve_CNIIL	tyy	DSIStudio	/scratch/executivefunction/SLURM_8364170_116/job-8364170-116-sub-20966-ses-3/ds/inputs/data/qsiprep/qsiprep/sub-20966/ses-3/dwi/sub-20966_ses-3_space-ACPC_desc-preproc_dwi.nii.gz	0.0	0.0011471815698064	0.0006281786685784	0.0009453590027987	0.0011471815698064	0.0009453590027987	0.0006281786685784	0.0011126233654721	0.0011126233654721	sub-20966	ses-3				space-ACPC			DSIStudio	autotrackgqi
CranialNerve_CNIIL	tyz	DSIStudio	/scratch/executivefunction/SLURM_8364170_116/job-8364170-116-sub-20966-ses-3/ds/inputs/data/qsiprep/qsiprep/sub-20966/ses-3/dwi/sub-20966_ses-3_space-ACPC_desc-preproc_dwi.nii.gz	0.0	0.0001057732517489	0.0001599895492402	7.943757373141125e-05	0.0001057732517489	7.943757373141125e-05	0.0001599895492402	0.0001284691794113	0.0001284691794113	sub-20966	ses-3				space-ACPC			DSIStudio	autotrackgqi
CranialNerve_CNIIL	tzz	DSIStudio	/scratch/executivefunction/SLURM_8364170_116/job-8364170-116-sub-20966-ses-3/ds/inputs/data/qsiprep/qsiprep/sub-20966/ses-3/dwi/sub-20966_ses-3_space-ACPC_desc-preproc_dwi.nii.gz	0.0	0.0009797083162837	0.0006000178183773	0.0007899062475189	0.0009797083162837	0.0007899062475189	0.0006000178183773	0.000909247496684	0.000909247496684	sub-20966	ses-3				space-ACPC			DSIStudio	autotrackgqi
CranialNerve_CNVIIL	ad	DSIStudio	/scratch/executivefunction/SLURM_8364170_116/job-8364170-116-sub-20966-ses-3/ds/inputs/data/qsiprep/qsiprep/sub-20966/ses-3/dwi/sub-20966_ses-3_space-ACPC_desc-preproc_dwi.nii.gz	0.0	1.5634903361312056	0.7376763058331605	1.325292468070984	1.5634903361312056	1.325292468070984	0.7376763058331605	1.4813509934532934	1.4813509934532934	sub-20966	ses-3				space-ACPC			DSIStudio	autotrackgqi
CranialNerve_CNVIIL	dti_fa	DSIStudio	/scratch/executivefunction/SLURM_8364170_116/job-8364170-116-sub-20966-ses-3/ds/inputs/data/qsiprep/qsiprep/sub-20966/ses-3/dwi/sub-20966_ses-3_space-ACPC_desc-preproc_dwi.nii.gz	0.0	0.3079643950789376	0.1815116698884482	0.2523310482501983	0.3079643950789376	0.2523310482501983	0.1815116698884482	0.3199078421075104	0.3199078421075104	sub-20966	ses-3				space-ACPC			DSIStudio	autotrackgqi
CranialNerve_CNVIIL	gfa	DSIStudio	/scratch/executivefunction/SLURM_8364170_116/job-8364170-116-sub-20966-ses-3/ds/inputs/data/qsiprep/qsiprep/sub-20966/ses-3/dwi/sub-20966_ses-3_space-ACPC_desc-preproc_dwi.nii.gz	0.0	0.0739737755627231	0.0378908824079779	0.066382311284542	0.0739737755627231	0.066382311284542	0.0378908824079779	0.075979103014079	0.075979103014079	sub-20966	ses-3				space-ACPC			DSIStudio	autotrackgqi
CranialNerve_CNVIIL	ha	DSIStudio	/scratch/executivefunction/SLURM_8364170_116/job-8364170-116-sub-20966-ses-3/ds/inputs/data/qsiprep/qsiprep/sub-20966/ses-3/dwi/sub-20966_ses-3_space-ACPC_desc-preproc_dwi.nii.gz	0.0	-1.8832493108062616	39.32212263359624	-3.824307918548584	-1.8832493108062616	-3.824307918548584	39.32212263359624	1.4652134147733369	1.4652134147733369	sub-20966	ses-3				space-ACPC			DSIStudio	autotrackgqi
CranialNerve_CNVIIL	iso	DSIStudio	/scratch/executivefunction/SLURM_8364170_116/job-8364170-116-sub-20966-ses-3/ds/inputs/data/qsiprep/qsiprep/sub-20966/ses-3/dwi/sub-20966_ses-3_space-ACPC_desc-preproc_dwi.nii.gz	0.0	0.5339397282067654	0.1912099385333505	0.5747782588005066	0.5339397282067654	0.5747782588005066	0.1912099385333505	0.5512936244115015	0.5512936244115015	sub-20966	ses-3				space-ACPC			DSIStudio	autotrackgqi
CranialNerve_CNVIIL	md	DSIStudio	/scratch/executivefunction/SLURM_8364170_116/job-8364170-116-sub-20966-ses-3/ds/inputs/data/qsiprep/qsiprep/sub-20966/ses-3/dwi/sub-20966_ses-3_space-ACPC_desc-preproc_dwi.nii.gz	0.0	1.2051971419722634	0.6802939674378687	0.8988457322120667	1.2051971419722634	0.8988457322120667	0.6802939674378687	1.1242956988830093	1.1242956988830093	sub-20966	ses-3				space-ACPC			DSIStudio	autotrackgqi
CranialNerve_CNVIIL	qa	DSIStudio	/scratch/executivefunction/SLURM_8364170_116/job-8364170-116-sub-20966-ses-3/ds/inputs/data/qsiprep/qsiprep/sub-20966/ses-3/dwi/sub-20966_ses-3_space-ACPC_desc-preproc_dwi.nii.gz	0.0	0.1792140318624741	0.1186431849988166	0.1464710384607315	0.1792140318624741	0.1464710384607315	0.1186431849988166	0.1904516484452285	0.1904516484452285	sub-20966	ses-3				space-ACPC			DSIStudio	autotrackgqi
CranialNerve_CNVIIL	rd1	DSIStudio	/scratch/executivefunction/SLURM_8364170_116/job-8364170-116-sub-20966-ses-3/ds/inputs/data/qsiprep/qsiprep/sub-20966/ses-3/dwi/sub-20966_ses-3_space-ACPC_desc-preproc_dwi.nii.gz	0.0	1.1278649233083808	0.6926962857508165	0.8348880410194397	1.1278649233083808	0.8348880410194397	0.6926962857508165	1.0474507063512384	1.0474507063512384	sub-20966	ses-3				space-ACPC			DSIStudio	autotrackgqi
CranialNerve_CNVIIL	rd2	DSIStudio	/scratch/executivefunction/SLURM_8364170_116/job-8364170-116-sub-20966-ses-3/ds/inputs/data/qsiprep/qsiprep/sub-20966/ses-3/dwi/sub-20966_ses-3_space-ACPC_desc-preproc_dwi.nii.gz	0.0	0.9242361548463855	0.6635907746265468	0.6784425973892212	0.9242361548463855	0.6784425973892212	0.6635907746265468	0.8440853741953696	0.8440853741953696	sub-20966	ses-3				space-ACPC			DSIStudio	autotrackgqi
CranialNerve_CNVIIL	rd	DSIStudio	/scratch/executivefunction/SLURM_8364170_116/job-8364170-116-sub-20966-ses-3/ds/inputs/data/qsiprep/qsiprep/sub-20966/ses-3/dwi/sub-20966_ses-3_space-ACPC_desc-preproc_dwi.nii.gz	0.0	1.0260505384576004	0.6750933787823828	0.7420132160186768	1.0260505384576004	0.7420132160186768	0.6750933787823828	0.9457680366567888	0.9457680366567888	sub-20966	ses-3				space-ACPC			DSIStudio	autotrackgqi
CranialNerve_CNVIIL	txx	DSIStudio	/scratch/executivefunction/SLURM_8364170_116/job-8364170-116-sub-20966-ses-3/ds/inputs/data/qsiprep/qsiprep/sub-20966/ses-3/dwi/sub-20966_ses-3_space-ACPC_desc-preproc_dwi.nii.gz	0.0	0.0011504381488126	0.0006975693477173	0.0008911883924156	0.0011504381488126	0.0008911883924156	0.0006975693477173	0.0010724130078139	0.0010724130078139	sub-20966	ses-3				space-ACPC			DSIStudio	autotrackgqi
CranialNerve_CNVIIL	txy	DSIStudio	/scratch/executivefunction/SLURM_8364170_116/job-8364170-116-sub-20966-ses-3/ds/inputs/data/qsiprep/qsiprep/sub-20966/ses-3/dwi/sub-20966_ses-3_space-ACPC_desc-preproc_dwi.nii.gz	0.0	2.3909829871000367e-05	0.000167186259606	5.470787073136307e-06	2.3909829871000367e-05	5.470787073136307e-06	0.000167186259606	-3.316721174575617e-06	-3.316721174575617e-06	sub-20966	ses-3				space-ACPC			DSIStudio	autotrackgqi
CranialNerve_CNVIIL	txz	DSIStudio	/scratch/executivefunction/SLURM_8364170_116/job-8364170-116-sub-20966-ses-3/ds/inputs/data/qsiprep/qsiprep/sub-20966/ses-3/dwi/sub-20966_ses-3_space-ACPC_desc-preproc_dwi.nii.gz	0.0	1.927995102018578e-05	0.0001163751809728	2.2370179067365825e-05	1.927995102018578e-05	2.2370179067365825e-05	0.0001163751809728	5.41318671220519e-06	5.41318671220519e-06	sub-20966	ses-3				space-ACPC			DSIStudio	autotrackgqi
CranialNerve_CNVIIL	tyy	DSIStudio	/scratch/executivefunction/SLURM_8364170_116/job-8364170-116-sub-20966-ses-3/ds/inputs/data/qsiprep/qsiprep/sub-20966/ses-3/dwi/sub-20966_ses-3_space-ACPC_desc-preproc_dwi.nii.gz	0.0	0.0012841017585066	0.0007056858563133	0.0010436197044327	0.0012841017585066	0.0010436197044327	0.0007056858563133	0.0012373351045066	0.0012373351045066	sub-20966	ses-3				space-ACPC			DSIStudio	autotrackgqi
CranialNerve_CNVIIL	tyz	DSIStudio	/scratch/executivefunction/SLURM_8364170_116/job-8364170-116-sub-20966-ses-3/ds/inputs/data/qsiprep/qsiprep/sub-20966/ses-3/dwi/sub-20966_ses-3_space-ACPC_desc-preproc_dwi.nii.gz	0.0	3.224485589154648e-05	0.0001557265635667	9.268691428587772e-06	3.224485589154648e-05	9.268691428587772e-06	0.0001557265635667	3.8602382880490666e-05	3.8602382880490666e-05	sub-20966	ses-3				space-ACPC			DSIStudio	autotrackgqi
CranialNerve_CNVIIL	tzz	DSIStudio	/scratch/executivefunction/SLURM_8364170_116/job-8364170-116-sub-20966-ses-3/ds/inputs/data/qsiprep/qsiprep/sub-20966/ses-3/dwi/sub-20966_ses-3_space-ACPC_desc-preproc_dwi.nii.gz	0.0	0.0011810515140826	0.0007401222304325	0.0009538389858789	0.0011810515140826	0.0009538389858789	0.0007401222304325	0.0010631389665626	0.0010631389665626	sub-20966	ses-3				space-ACPC			DSIStudio	autotrackgqi
CranialNerve_CNVIIR	ad	DSIStudio	/scratch/executivefunction/SLURM_8364170_116/job-8364170-116-sub-20966-ses-3/ds/inputs/data/qsiprep/qsiprep/sub-20966/ses-3/dwi/sub-20966_ses-3_space-ACPC_desc-preproc_dwi.nii.gz	0.0	1.5498514490333004	0.6917027308495088	1.3546624183654783	1.5498514490333004	1.3546624183654783	0.6917027308495088	1.6955574872975	1.6955574872975	sub-20966	ses-3				space-ACPC			DSIStudio	autotrackgqi
CranialNerve_CNVIIR	dti_fa	DSIStudio	/scratch/executivefunction/SLURM_8364170_116/job-8364170-116-sub-20966-ses-3/ds/inputs/data/qsiprep/qsiprep/sub-20966/ses-3/dwi/sub-20966_ses-3_space-ACPC_desc-preproc_dwi.nii.gz	0.0	0.2873020670260566	0.1528257804346761	0.2469395995140075	0.2873020670260566	0.2469395995140075	0.1528257804346761	0.2656843409102691	0.2656843409102691	sub-20966	ses-3				space-ACPC			DSIStudio	autotrackgqi
CranialNerve_CNVIIR	gfa	DSIStudio	/scratch/executivefunction/SLURM_8364170_116/job-8364170-116-sub-20966-ses-3/ds/inputs/data/qsiprep/qsiprep/sub-20966/ses-3/dwi/sub-20966_ses-3_space-ACPC_desc-preproc_dwi.nii.gz	0.0	0.0727695006910973	0.0353069203483865	0.0645542442798614	0.0727695006910973	0.0645542442798614	0.0353069203483865	0.0746355153061046	0.0746355153061046	sub-20966	ses-3				space-ACPC			DSIStudio	autotrackgqi
CranialNerve_CNVIIR	ha	DSIStudio	/scratch/executivefunction/SLURM_8364170_116/job-8364170-116-sub-20966-ses-3/ds/inputs/data/qsiprep/qsiprep/sub-20966/ses-3/dwi/sub-20966_ses-3_space-ACPC_desc-preproc_dwi.nii.gz	0.0	-1.7897777851742782	38.89153677435856	1.9713956117630005	-1.7897777851742782	1.9713956117630005	38.89153677435856	2.442518723328093	2.442518723328093	sub-20966	ses-3				space-ACPC			DSIStudio	autotrackgqi
CranialNerve_CNVIIR	iso	DSIStudio	/scratch/executivefunction/SLURM_8364170_116/job-8364170-116-sub-20966-ses-3/ds/inputs/data/qsiprep/qsiprep/sub-20966/ses-3/dwi/sub-20966_ses-3_space-ACPC_desc-preproc_dwi.nii.gz	0.0	0.5475076364011181	0.2140104153157414	0.5320192575454712	0.5475076364011181	0.5320192575454712	0.2140104153157414	0.4885053563164402	0.4885053563164402	sub-20966	ses-3				space-ACPC			DSIStudio	autotrackgqi
CranialNerve_CNVIIR	md	DSIStudio	/scratch/executivefunction/SLURM_8364170_116/job-8364170-116-sub-20966-ses-3/ds/inputs/data/qsiprep/qsiprep/sub-20966/ses-3/dwi/sub-20966_ses-3_space-ACPC_desc-preproc_dwi.nii.gz	0.0	1.200582184691548	0.6045053604896881	0.9713810086250304	1.200582184691548	0.9713810086250304	0.6045053604896881	1.3339631556493967	1.3339631556493967	sub-20966	ses-3				space-ACPC			DSIStudio	autotrackgqi
CranialNerve_CNVIIR	qa	DSIStudio	/scratch/executivefunction/SLURM_8364170_116/job-8364170-116-sub-20966-ses-3/ds/inputs/data/qsiprep/qsiprep/sub-20966/ses-3/dwi/sub-20966_ses-3_space-ACPC_desc-preproc_dwi.nii.gz	0.0	0.1686106407993775	0.098618611278501	0.143061026930809	0.1686106407993775	0.143061026930809	0.098618611278501	0.1588286718724347	0.1588286718724347	sub-20966	ses-3				space-ACPC			DSIStudio	autotrackgqi
CranialNerve_CNVIIR	rd1	DSIStudio	/scratch/executivefunction/SLURM_8364170_116/job-8364170-116-sub-20966-ses-3/ds/inputs/data/qsiprep/qsiprep/sub-20966/ses-3/dwi/sub-20966_ses-3_space-ACPC_desc-preproc_dwi.nii.gz	0.0	1.1248858527126226	0.6080045194696699	0.8954662680625916	1.1248858527126226	0.8954662680625916	0.6080045194696699	1.250436199667074	1.250436199667074	sub-20966	ses-3				space-ACPC			DSIStudio	autotrackgqi
CranialNerve_CNVIIR	rd2	DSIStudio	/scratch/executivefunction/SLURM_8364170_116/job-8364170-116-sub-20966-ses-3/ds/inputs/data/qsiprep/qsiprep/sub-20966/ses-3/dwi/sub-20966_ses-3_space-ACPC_desc-preproc_dwi.nii.gz	0.0	0.9270092608943548	0.56192856955594	0.7392719984054565	0.9270092608943548	0.7392719984054565	0.56192856955594	1.0558957877516142	1.0558957877516142	sub-20966	ses-3				space-ACPC			DSIStudio	autotrackgqi
CranialNerve_CNVIIR	rd	DSIStudio	/scratch/executivefunction/SLURM_8364170_116/job-8364170-116-sub-20966-ses-3/ds/inputs/data/qsiprep/qsiprep/sub-20966/ses-3/dwi/sub-20966_ses-3_space-ACPC_desc-preproc_dwi.nii.gz	0.0	1.0259475566767782	0.5807855976929278	0.8128213882446289	1.0259475566767782	0.8128213882446289	0.5807855976929278	1.1531659965743204	1.1531659965743204	sub-20966	ses-3				space-ACPC			DSIStudio	autotrackgqi
CranialNerve_CNVIIR	txx	DSIStudio	/scratch/executivefunction/SLURM_8364170_116/job-8364170-116-sub-20966-ses-3/ds/inputs/data/qsiprep/qsiprep/sub-20966/ses-3/dwi/sub-20966_ses-3_space-ACPC_desc-preproc_dwi.nii.gz	0.0	0.0011904820828337	0.0006779589330951	0.0009825916495174	0.0011904820828337	0.0009825916495174	0.0006779589330951	0.0013784929604252	0.0013784929604252	sub-20966	ses-3				space-ACPC			DSIStudio	autotrackgqi
CranialNerve_CNVIIR	txy	DSIStudio	/scratch/executivefunction/SLURM_8364170_116/job-8364170-116-sub-20966-ses-3/ds/inputs/data/qsiprep/qsiprep/sub-20966/ses-3/dwi/sub-20966_ses-3_space-ACPC_desc-preproc_dwi.nii.gz	0.0	2.3930934214833784e-05	0.0001744248084426	2.7041754947276783e-05	2.3930934214833784e-05	2.7041754947276783e-05	0.0001744248084426	9.10952054240844e-05	9.10952054240844e-05	sub-20966	ses-3				space-ACPC			DSIStudio	autotrackgqi
CranialNerve_CNVIIR	txz	DSIStudio	/scratch/executivefunction/SLURM_8364170_116/job-8364170-116-sub-20966-ses-3/ds/inputs/data/qsiprep/qsiprep/sub-20966/ses-3/dwi/sub-20966_ses-3_space-ACPC_desc-preproc_dwi.nii.gz	0.0	-2.5808595263345093e-05	0.0001146695280694	-3.565805309335701e-05	-2.5808595263345093e-05	-3.565805309335701e-05	0.0001146695280694	-3.899753863891782e-05	-3.899753863891782e-05	sub-20966	ses-3				space-ACPC			DSIStudio	autotrackgqi
CranialNerve_CNVIIR	tyy	DSIStudio	/scratch/executivefunction/SLURM_8364170_116/job-8364170-116-sub-20966-ses-3/ds/inputs/data/qsiprep/qsiprep/sub-20966/ses-3/dwi/sub-20966_ses-3_space-ACPC_desc-preproc_dwi.nii.gz	0.0	0.0012289313976959	0.0006121692619723	0.0010507135884836	0.0012289313976959	0.0010507135884836	0.0006121692619723	0.0013420223636523	0.0013420223636523	sub-20966	ses-3				space-ACPC			DSIStudio	autotrackgqi
CranialNerve_CNVIIR	tyz	DSIStudio	/scratch/executivefunction/SLURM_8364170_116/job-8364170-116-sub-20966-ses-3/ds/inputs/data/qsiprep/qsiprep/sub-20966/ses-3/dwi/sub-20966_ses-3_space-ACPC_desc-preproc_dwi.nii.gz	0.0	3.5791308834371586e-05	0.0001363652710956	2.6966736186295748e-05	3.5791308834371586e-05	2.6966736186295748e-05	0.0001363652710956	3.0459304164778855e-05	3.0459304164778855e-05	sub-20966	ses-3				space-ACPC			DSIStudio	autotrackgqi
CranialNerve_CNVIIR	tzz	DSIStudio	/scratch/executivefunction/SLURM_8364170_116/job-8364170-116-sub-20966-ses-3/ds/inputs/data/qsiprep/qsiprep/sub-20966/ses-3/dwi/sub-20966_ses-3_space-ACPC_desc-preproc_dwi.nii.gz	0.0	0.001182333081762	0.0006336023583017	0.0010117621859535	0.001182333081762	0.0010117621859535	0.0006336023583017	0.0012813741460406	0.0012813741460406	sub-20966	ses-3				space-ACPC			DSIStudio	autotrackgqi
CranialNerve_CNVIIIL	ad	DSIStudio	/scratch/executivefunction/SLURM_8364170_116/job-8364170-116-sub-20966-ses-3/ds/inputs/data/qsiprep/qsiprep/sub-20966/ses-3/dwi/sub-20966_ses-3_space-ACPC_desc-preproc_dwi.nii.gz	0.0	1.2071597818148825	0.5097313789242576	1.0329357385635376	1.2071597818148825	1.0329357385635376	0.5097313789242576	1.24268412778668	1.24268412778668	sub-20966	ses-3				space-ACPC			DSIStudio	autotrackgqi
CranialNerve_CNVIIIL	dti_fa	DSIStudio	/scratch/executivefunction/SLURM_8364170_116/job-8364170-116-sub-20966-ses-3/ds/inputs/data/qsiprep/qsiprep/sub-20966/ses-3/dwi/sub-20966_ses-3_space-ACPC_desc-preproc_dwi.nii.gz	0.0	0.3220265653132907	0.1751101073479225	0.2758770585060119	0.3220265653132907	0.2758770585060119	0.1751101073479225	0.370428095103148	0.370428095103148	sub-20966	ses-3				space-ACPC			DSIStudio	autotrackgqi
CranialNerve_CNVIIIL	gfa	DSIStudio	/scratch/executivefunction/SLURM_8364170_116/job-8364170-116-sub-20966-ses-3/ds/inputs/data/qsiprep/qsiprep/sub-20966/ses-3/dwi/sub-20966_ses-3_space-ACPC_desc-preproc_dwi.nii.gz	0.0	0.06827391298947	0.0368739236601914	0.0574034117162227	0.06827391298947	0.0574034117162227	0.0368739236601914	0.0795337380276319	0.0795337380276319	sub-20966	ses-3				space-ACPC			DSIStudio	autotrackgqi
CranialNerve_CNVIIIL	ha	DSIStudio	/scratch/executivefunction/SLURM_8364170_116/job-8364170-116-sub-20966-ses-3/ds/inputs/data/qsiprep/qsiprep/sub-20966/ses-3/dwi/sub-20966_ses-3_space-ACPC_desc-preproc_dwi.nii.gz	0.0	18.125554229721637	36.967201613624034	24.08726119995117	18.125554229721637	24.08726119995117	36.967201613624034	9.436510151893383	9.436510151893383	sub-20966	ses-3				space-ACPC			DSIStudio	autotrackgqi
CranialNerve_CNVIIIL	iso	DSIStudio	/scratch/executivefunction/SLURM_8364170_116/job-8364170-116-sub-20966-ses-3/ds/inputs/data/qsiprep/qsiprep/sub-20966/ses-3/dwi/sub-20966_ses-3_space-ACPC_desc-preproc_dwi.nii.gz	0.0	0.6355344594870765	0.1446749450202235	0.662039577960968	0.6355344594870765	0.662039577960968	0.1446749450202235	0.6137574234758443	0.6137574234758443	sub-20966	ses-3				space-ACPC			DSIStudio	autotrackgqi
CranialNerve_CNVIIIL	md	DSIStudio	/scratch/executivefunction/SLURM_8364170_116/job-8364170-116-sub-20966-ses-3/ds/inputs/data/qsiprep/qsiprep/sub-20966/ses-3/dwi/sub-20966_ses-3_space-ACPC_desc-preproc_dwi.nii.gz	0.0	0.8993194140584805	0.4293812899344899	0.7339089512825012	0.8993194140584805	0.7339089512825012	0.4293812899344899	0.8848641921988556	0.8848641921988556	sub-20966	ses-3				space-ACPC			DSIStudio	autotrackgqi
CranialNerve_CNVIIIL	qa	DSIStudio	/scratch/executivefunction/SLURM_8364170_116/job-8364170-116-sub-20966-ses-3/ds/inputs/data/qsiprep/qsiprep/sub-20966/ses-3/dwi/sub-20966_ses-3_space-ACPC_desc-preproc_dwi.nii.gz	0.0	0.1889045838163552	0.1145218729685979	0.1525744646787643	0.1889045838163552	0.1525744646787643	0.1145218729685979	0.2203291969292	0.2203291969292	sub-20966	ses-3				space-ACPC			DSIStudio	autotrackgqi
CranialNerve_CNVIIIL	rd1	DSIStudio	/scratch/executivefunction/SLURM_8364170_116/job-8364170-116-sub-20966-ses-3/ds/inputs/data/qsiprep/qsiprep/sub-20966/ses-3/dwi/sub-20966_ses-3_space-ACPC_desc-preproc_dwi.nii.gz	0.0	0.8315349316165348	0.4352954816431508	0.6953213810920715	0.8315349316165348	0.6953213810920715	0.4352954816431508	0.7957080338443726	0.7957080338443726	sub-20966	ses-3				space-ACPC			DSIStudio	autotrackgqi
CranialNerve_CNVIIIL	rd2	DSIStudio	/scratch/executivefunction/SLURM_8364170_116/job-8364170-116-sub-20966-ses-3/ds/inputs/data/qsiprep/qsiprep/sub-20966/ses-3/dwi/sub-20966_ses-3_space-ACPC_desc-preproc_dwi.nii.gz	0.0	0.6592635296503395	0.4132355033787838	0.5457327365875244	0.6592635296503395	0.5457327365875244	0.4132355033787838	0.6162004099055024	0.6162004099055024	sub-20966	ses-3				space-ACPC			DSIStudio	autotrackgqi
CranialNerve_CNVIIIL	rd	DSIStudio	/scratch/executivefunction/SLURM_8364170_116/job-8364170-116-sub-20966-ses-3/ds/inputs/data/qsiprep/qsiprep/sub-20966/ses-3/dwi/sub-20966_ses-3_space-ACPC_desc-preproc_dwi.nii.gz	0.0	0.7453992292103097	0.4204706809443718	0.6133358478546143	0.7453992292103097	0.6133358478546143	0.4204706809443718	0.7059542197565116	0.7059542197565116	sub-20966	ses-3				space-ACPC			DSIStudio	autotrackgqi
CranialNerve_CNVIIIL	txx	DSIStudio	/scratch/executivefunction/SLURM_8364170_116/job-8364170-116-sub-20966-ses-3/ds/inputs/data/qsiprep/qsiprep/sub-20966/ses-3/dwi/sub-20966_ses-3_space-ACPC_desc-preproc_dwi.nii.gz	0.0	0.0008491317072492	0.0004696004335961	0.0006989576504565	0.0008491317072492	0.0006989576504565	0.0004696004335961	0.0008126774846333	0.0008126774846333	sub-20966	ses-3				space-ACPC			DSIStudio	autotrackgqi
CranialNerve_CNVIIIL	txy	DSIStudio	/scratch/executivefunction/SLURM_8364170_116/job-8364170-116-sub-20966-ses-3/ds/inputs/data/qsiprep/qsiprep/sub-20966/ses-3/dwi/sub-20966_ses-3_space-ACPC_desc-preproc_dwi.nii.gz	0.0	-4.392207277568333e-06	0.0001468421505705	-3.5765027860179543e-05	-4.392207277568333e-06	-3.5765027860179543e-05	0.0001468421505705	-2.526377434502784e-05	-2.526377434502784e-05	sub-20966	ses-3				space-ACPC			DSIStudio	autotrackgqi
CranialNerve_CNVIIIL	txz	DSIStudio	/scratch/executivefunction/SLURM_8364170_116/job-8364170-116-sub-20966-ses-3/ds/inputs/data/qsiprep/qsiprep/sub-20966/ses-3/dwi/sub-20966_ses-3_space-ACPC_desc-preproc_dwi.nii.gz	0.0	-4.7388601869508247e-05	0.0001166039486653	-5.613541725324467e-05	-4.7388601869508247e-05	-5.613541725324467e-05	0.0001166039486653	-2.05318760981967e-05	-2.05318760981967e-05	sub-20966	ses-3				space-ACPC			DSIStudio	autotrackgqi
CranialNerve_CNVIIIL	tyy	DSIStudio	/scratch/executivefunction/SLURM_8364170_116/job-8364170-116-sub-20966-ses-3/ds/inputs/data/qsiprep/qsiprep/sub-20966/ses-3/dwi/sub-20966_ses-3_space-ACPC_desc-preproc_dwi.nii.gz	0.0	0.0009668381869112	0.0004768002993652	0.0008300952613353	0.0009668381869112	0.0008300952613353	0.0004768002993652	0.0009670225330037	0.0009670225330037	sub-20966	ses-3				space-ACPC			DSIStudio	autotrackgqi
CranialNerve_CNVIIIL	tyz	DSIStudio	/scratch/executivefunction/SLURM_8364170_116/job-8364170-116-sub-20966-ses-3/ds/inputs/data/qsiprep/qsiprep/sub-20966/ses-3/dwi/sub-20966_ses-3_space-ACPC_desc-preproc_dwi.nii.gz	0.0	4.191030618745532e-05	0.0001464492328508	4.497717600315809e-05	4.191030618745532e-05	4.497717600315809e-05	0.0001464492328508	8.809762115607159e-05	8.809762115607159e-05	sub-20966	ses-3				space-ACPC			DSIStudio	autotrackgqi
CranialNerve_CNVIIIL	tzz	DSIStudio	/scratch/executivefunction/SLURM_8364170_116/job-8364170-116-sub-20966-ses-3/ds/inputs/data/qsiprep/qsiprep/sub-20966/ses-3/dwi/sub-20966_ses-3_space-ACPC_desc-preproc_dwi.nii.gz	0.0	0.0008819883500452	0.0004478416912637	0.0007915088790468	0.0008819883500452	0.0007915088790468	0.0004478416912637	0.0008748925592257	0.0008748925592257	sub-20966	ses-3				space-ACPC			DSIStudio	autotrackgqi
CranialNerve_CNIIIL	ad	DSIStudio	/scratch/executivefunction/SLURM_8364170_116/job-8364170-116-sub-20966-ses-3/ds/inputs/data/qsiprep/qsiprep/sub-20966/ses-3/dwi/sub-20966_ses-3_space-ACPC_desc-preproc_dwi.nii.gz	0.0	1.6141131286935289	0.7918245285972348	1.279672622680664	1.6141131286935289	1.279672622680664	0.7918245285972348	1.4218908423294598	1.4218908423294598	sub-20966	ses-3				space-ACPC			DSIStudio	autotrackgqi
CranialNerve_CNIIIL	dti_fa	DSIStudio	/scratch/executivefunction/SLURM_8364170_116/job-8364170-116-sub-20966-ses-3/ds/inputs/data/qsiprep/qsiprep/sub-20966/ses-3/dwi/sub-20966_ses-3_space-ACPC_desc-preproc_dwi.nii.gz	0.0	0.334937576551077	0.1633487871525587	0.3097543269395828	0.334937576551077	0.3097543269395828	0.1633487871525587	0.3189159268747865	0.3189159268747865	sub-20966	ses-3				space-ACPC			DSIStudio	autotrackgqi
CranialNerve_CNIIIL	gfa	DSIStudio	/scratch/executivefunction/SLURM_8364170_116/job-8364170-116-sub-20966-ses-3/ds/inputs/data/qsiprep/qsiprep/sub-20966/ses-3/dwi/sub-20966_ses-3_space-ACPC_desc-preproc_dwi.nii.gz	0.0	0.0824890943864981	0.036097613562459	0.0804387368261814	0.0824890943864981	0.0804387368261814	0.036097613562459	0.0758820850828344	0.0758820850828344	sub-20966	ses-3				space-ACPC			DSIStudio	autotrackgqi
CranialNerve_CNIIIL	ha	DSIStudio	/scratch/executivefunction/SLURM_8364170_116/job-8364170-116-sub-20966-ses-3/ds/inputs/data/qsiprep/qsiprep/sub-20966/ses-3/dwi/sub-20966_ses-3_space-ACPC_desc-preproc_dwi.nii.gz	0.0	1.872697041868124	39.98905263329622	3.9670498371124263	1.872697041868124	3.9670498371124263	39.98905263329622	11.4041815974783	11.4041815974783	sub-20966	ses-3				space-ACPC			DSIStudio	autotrackgqi
CranialNerve_CNIIIL	iso	DSIStudio	/scratch/executivefunction/SLURM_8364170_116/job-8364170-116-sub-20966-ses-3/ds/inputs/data/qsiprep/qsiprep/sub-20966/ses-3/dwi/sub-20966_ses-3_space-ACPC_desc-preproc_dwi.nii.gz	0.0	0.4953941867448563	0.1402428249213091	0.528200626373291	0.4953941867448563	0.528200626373291	0.1402428249213091	0.5384946312747765	0.5384946312747765	sub-20966	ses-3				space-ACPC			DSIStudio	autotrackgqi
CranialNerve_CNIIIL	md	DSIStudio	/scratch/executivefunction/SLURM_8364170_116/job-8364170-116-sub-20966-ses-3/ds/inputs/data/qsiprep/qsiprep/sub-20966/ses-3/dwi/sub-20966_ses-3_space-ACPC_desc-preproc_dwi.nii.gz	0.0	1.2128749201579612	0.6986892097281169	0.8799454569816589	1.2128749201579612	0.8799454569816589	0.6986892097281169	1.0714576950540209	1.0714576950540209	sub-20966	ses-3				space-ACPC			DSIStudio	autotrackgqi
CranialNerve_CNIIIL	qa	DSIStudio	/scratch/executivefunction/SLURM_8364170_116/job-8364170-116-sub-20966-ses-3/ds/inputs/data/qsiprep/qsiprep/sub-20966/ses-3/dwi/sub-20966_ses-3_space-ACPC_desc-preproc_dwi.nii.gz	0.0	0.1886652293434554	0.1106108359117605	0.1713165342807769	0.1886652293434554	0.1713165342807769	0.1106108359117605	0.1818389290113501	0.1818389290113501	sub-20966	ses-3				space-ACPC			DSIStudio	autotrackgqi
CranialNerve_CNIIIL	rd1	DSIStudio	/scratch/executivefunction/SLURM_8364170_116/job-8364170-116-sub-20966-ses-3/ds/inputs/data/qsiprep/qsiprep/sub-20966/ses-3/dwi/sub-20966_ses-3_space-ACPC_desc-preproc_dwi.nii.gz	0.0	1.1206528049453284	0.7022991266062312	0.8163756728172302	1.1206528049453284	0.8163756728172302	0.7022991266062312	0.998931197428854	0.998931197428854	sub-20966	ses-3				space-ACPC			DSIStudio	autotrackgqi
CranialNerve_CNIIIL	rd2	DSIStudio	/scratch/executivefunction/SLURM_8364170_116/job-8364170-116-sub-20966-ses-3/ds/inputs/data/qsiprep/qsiprep/sub-20966/ses-3/dwi/sub-20966_ses-3_space-ACPC_desc-preproc_dwi.nii.gz	0.0	0.9038588319753492	0.6542289586278883	0.6490882933139801	0.9038588319753492	0.6490882933139801	0.6542289586278883	0.7935510555932055	0.7935510555932055	sub-20966	ses-3				space-ACPC			DSIStudio	autotrackgqi
CranialNerve_CNIIIL	rd	DSIStudio	/scratch/executivefunction/SLURM_8364170_116/job-8364170-116-sub-20966-ses-3/ds/inputs/data/qsiprep/qsiprep/sub-20966/ses-3/dwi/sub-20966_ses-3_space-ACPC_desc-preproc_dwi.nii.gz	0.0	1.012255819673224	0.6746642651913136	0.7295956909656525	1.012255819673224	0.7295956909656525	0.6746642651913136	0.8962411257148145	0.8962411257148145	sub-20966	ses-3				space-ACPC			DSIStudio	autotrackgqi
CranialNerve_CNIIIL	txx	DSIStudio	/scratch/executivefunction/SLURM_8364170_116/job-8364170-116-sub-20966-ses-3/ds/inputs/data/qsiprep/qsiprep/sub-20966/ses-3/dwi/sub-20966_ses-3_space-ACPC_desc-preproc_dwi.nii.gz	0.0	0.0010911770895495	0.0006936263237115	0.0008289646066259	0.0010911770895495	0.0008289646066259	0.0006936263237115	0.0009108314927196	0.0009108314927196	sub-20966	ses-3				space-ACPC			DSIStudio	autotrackgqi
CranialNerve_CNIIIL	txy	DSIStudio	/scratch/executivefunction/SLURM_8364170_116/job-8364170-116-sub-20966-ses-3/ds/inputs/data/qsiprep/qsiprep/sub-20966/ses-3/dwi/sub-20966_ses-3_space-ACPC_desc-preproc_dwi.nii.gz	0.0	-2.097632495208017e-05	0.0001564062001247	-3.82148539301852e-06	-2.097632495208017e-05	-3.82148539301852e-06	0.0001564062001247	-3.113156698887552e-06	-3.113156698887552e-06	sub-20966	ses-3				space-ACPC			DSIStudio	autotrackgqi
CranialNerve_CNIIIL	txz	DSIStudio	/scratch/executivefunction/SLURM_8364170_116/job-8364170-116-sub-20966-ses-3/ds/inputs/data/qsiprep/qsiprep/sub-20966/ses-3/dwi/sub-20966_ses-3_space-ACPC_desc-preproc_dwi.nii.gz	0.0	3.307598781185297e-05	0.0001302518232	2.6581314159557223e-05	3.307598781185297e-05	2.6581314159557223e-05	0.0001302518232	3.159909178739135e-05	3.159909178739135e-05	sub-20966	ses-3				space-ACPC			DSIStudio	autotrackgqi
CranialNerve_CNIIIL	tyy	DSIStudio	/scratch/executivefunction/SLURM_8364170_116/job-8364170-116-sub-20966-ses-3/ds/inputs/data/qsiprep/qsiprep/sub-20966/ses-3/dwi/sub-20966_ses-3_space-ACPC_desc-preproc_dwi.nii.gz	0.0	0.0013078471897043	0.0007261612141026	0.0010624756105244	0.0013078471897043	0.0010624756105244	0.0007261612141026	0.0012133486353366	0.0012133486353366	sub-20966	ses-3				space-ACPC			DSIStudio	autotrackgqi
CranialNerve_CNIIIL	tyz	DSIStudio	/scratch/executivefunction/SLURM_8364170_116/job-8364170-116-sub-20966-ses-3/ds/inputs/data/qsiprep/qsiprep/sub-20966/ses-3/dwi/sub-20966_ses-3_space-ACPC_desc-preproc_dwi.nii.gz	0.0	-0.0001101329029438	0.0002246634529722	-9.3051276053302e-05	-0.0001101329029438	-9.3051276053302e-05	0.0002246634529722	-7.034536833266606e-05	-7.034536833266606e-05	sub-20966	ses-3				space-ACPC			DSIStudio	autotrackgqi
CranialNerve_CNIIIL	tzz	DSIStudio	/scratch/executivefunction/SLURM_8364170_116/job-8364170-116-sub-20966-ses-3/ds/inputs/data/qsiprep/qsiprep/sub-20966/ses-3/dwi/sub-20966_ses-3_space-ACPC_desc-preproc_dwi.nii.gz	0.0	0.0012396004862267	0.0007543944128758	0.0009644117380958	0.0012396004862267	0.0009644117380958	0.0007543944128758	0.001090192964621	0.001090192964621	sub-20966	ses-3				space-ACPC			DSIStudio	autotrackgqi
CranialNerve_CNVR	ad	DSIStudio	/scratch/executivefunction/SLURM_8364170_116/job-8364170-116-sub-20966-ses-3/ds/inputs/data/qsiprep/qsiprep/sub-20966/ses-3/dwi/sub-20966_ses-3_space-ACPC_desc-preproc_dwi.nii.gz	0.0010764262648008	1.3067941002876562	0.5859899926909391	1.130664348602295	1.30820228358538	1.1310175061225891	0.5847325107113578	1.4718705129857936	1.4719449078383688	sub-20966	ses-3				space-ACPC			DSIStudio	autotrackgqi
CranialNerve_CNVR	dti_fa	DSIStudio	/scratch/executivefunction/SLURM_8364170_116/job-8364170-116-sub-20966-ses-3/ds/inputs/data/qsiprep/qsiprep/sub-20966/ses-3/dwi/sub-20966_ses-3_space-ACPC_desc-preproc_dwi.nii.gz	0.0010764262648008	0.3964822060830562	0.1915477615855106	0.3677546083927154	0.3969094498396112	0.36823670566082	0.1912080152850278	0.4658816454087828	0.4659051926709483	sub-20966	ses-3				space-ACPC			DSIStudio	autotrackgqi
CranialNerve_CNVR	gfa	DSIStudio	/scratch/executivefunction/SLURM_8364170_116/job-8364170-116-sub-20966-ses-3/ds/inputs/data/qsiprep/qsiprep/sub-20966/ses-3/dwi/sub-20966_ses-3_space-ACPC_desc-preproc_dwi.nii.gz	0.0010764262648008	0.0869499706122843	0.0432779354381576	0.0813986733555793	0.0870436667013062	0.0814379341900348	0.0432069709853778	0.1088677693389475	0.1088732719800927	sub-20966	ses-3				space-ACPC			DSIStudio	autotrackgqi
CranialNerve_CNVR	ha	DSIStudio	/scratch/executivefunction/SLURM_8364170_116/job-8364170-116-sub-20966-ses-3/ds/inputs/data/qsiprep/qsiprep/sub-20966/ses-3/dwi/sub-20966_ses-3_space-ACPC_desc-preproc_dwi.nii.gz	0.0010764262648008	3.092971589965636	39.97195360679439	4.028041362762451	3.0963045334893056	4.175615072250366	39.99335540213808	6.2996615240523175	6.299979970032494	sub-20966	ses-3				space-ACPC			DSIStudio	autotrackgqi
CranialNerve_CNVR	iso	DSIStudio	/scratch/executivefunction/SLURM_8364170_116/job-8364170-116-sub-20966-ses-3/ds/inputs/data/qsiprep/qsiprep/sub-20966/ses-3/dwi/sub-20966_ses-3_space-ACPC_desc-preproc_dwi.nii.gz	0.0010764262648008	0.5740143532340442	0.1403743525477551	0.5938730239868164	0.5746329031836498	0.5939282476902008	0.1391788543269527	0.5538280838295662	0.5538560755215229	sub-20966	ses-3				space-ACPC			DSIStudio	autotrackgqi
CranialNerve_CNVR	md	DSIStudio	/scratch/executivefunction/SLURM_8364170_116/job-8364170-116-sub-20966-ses-3/ds/inputs/data/qsiprep/qsiprep/sub-20966/ses-3/dwi/sub-20966_ses-3_space-ACPC_desc-preproc_dwi.nii.gz	0.0010764262648008	0.9057187241681554	0.478376265529897	0.7217388153076172	0.9066947141726468	0.7217772305011749	0.4777086197903472	0.9576352307516428	0.9576836337914978	sub-20966	ses-3				space-ACPC			DSIStudio	autotrackgqi
CranialNerve_CNVR	qa	DSIStudio	/scratch/executivefunction/SLURM_8364170_116/job-8364170-116-sub-20966-ses-3/ds/inputs/data/qsiprep/qsiprep/sub-20966/ses-3/dwi/sub-20966_ses-3_space-ACPC_desc-preproc_dwi.nii.gz	0.0010764262648008	0.2215402683291275	0.1216580571594322	0.1937319934368133	0.2217789970665512	0.193916730582714	0.121505912874914	0.2817599415225596	0.2817741828227831	sub-20966	ses-3				space-ACPC			DSIStudio	autotrackgqi
CranialNerve_CNVR	rd1	DSIStudio	/scratch/executivefunction/SLURM_8364170_116/job-8364170-116-sub-20966-ses-3/ds/inputs/data/qsiprep/qsiprep/sub-20966/ses-3/dwi/sub-20966_ses-3_space-ACPC_desc-preproc_dwi.nii.gz	0.0010764262648008	0.8003794507587687	0.4839231424010893	0.6555492281913757	0.8012419286151898	0.6560413539409637	0.4834696528229046	0.8191127162703447	0.8191541177266339	sub-20966	ses-3				space-ACPC			DSIStudio	autotrackgqi
CranialNerve_CNVR	rd2	DSIStudio	/scratch/executivefunction/SLURM_8364170_116/job-8364170-116-sub-20966-ses-3/ds/inputs/data/qsiprep/qsiprep/sub-20966/ses-3/dwi/sub-20966_ses-3_space-ACPC_desc-preproc_dwi.nii.gz	0.0010764262648008	0.6099826218750813	0.4493186130505094	0.4828211665153503	0.6106399307348604	0.4830508083105087	0.4491140032067282	0.5819224643968574	0.5819518772076291	sub-20966	ses-3				space-ACPC			DSIStudio	autotrackgqi
CranialNerve_CNVR	rd	DSIStudio	/scratch/executivefunction/SLURM_8364170_116/job-8364170-116-sub-20966-ses-3/ds/inputs/data/qsiprep/qsiprep/sub-20966/ses-3/dwi/sub-20966_ses-3_space-ACPC_desc-preproc_dwi.nii.gz	0.0010764262648008	0.7051810347931249	0.4628667434022375	0.5700433850288391	0.705940928149583	0.5700835585594177	0.4625365395876897	0.7005175871535532	0.7005529942869229	sub-20966	ses-3				space-ACPC			DSIStudio	autotrackgqi
CranialNerve_CNVR	txx	DSIStudio	/scratch/executivefunction/SLURM_8364170_116/job-8364170-116-sub-20966-ses-3/ds/inputs/data/qsiprep/qsiprep/sub-20966/ses-3/dwi/sub-20966_ses-3_space-ACPC_desc-preproc_dwi.nii.gz	0.0010764262648008	0.0008001673117935	0.000469087897812	0.000642848550342	0.0008010295610519	0.0006430948560591	0.0004686041874777	0.0007876777640957	0.0007877175764508	sub-20966	ses-3				space-ACPC			DSIStudio	autotrackgqi
CranialNerve_CNVR	txy	DSIStudio	/scratch/executivefunction/SLURM_8364170_116/job-8364170-116-sub-20966-ses-3/ds/inputs/data/qsiprep/qsiprep/sub-20966/ses-3/dwi/sub-20966_ses-3_space-ACPC_desc-preproc_dwi.nii.gz	0.0010764262648008	-2.8072890064426684e-05	0.0001850344363688	1.457479356758995e-05	-2.8103141023547832e-05	1.5116591839614555e-05	0.0001851318087595	-5.001768133774587e-05	-5.0020209837118505e-05	sub-20966	ses-3				space-ACPC			DSIStudio	autotrackgqi
CranialNerve_CNVR	txz	DSIStudio	/scratch/executivefunction/SLURM_8364170_116/job-8364170-116-sub-20966-ses-3/ds/inputs/data/qsiprep/qsiprep/sub-20966/ses-3/dwi/sub-20966_ses-3_space-ACPC_desc-preproc_dwi.nii.gz	0.0010764262648008	1.332170928268688e-05	0.0001250726761665	2.003466579481028e-05	1.3336064572862191e-05	2.005143596761627e-05	0.0001251392813998	3.782572772998974e-05	3.782763981539514e-05	sub-20966	ses-3				space-ACPC			DSIStudio	autotrackgqi
CranialNerve_CNVR	tyy	DSIStudio	/scratch/executivefunction/SLURM_8364170_116/job-8364170-116-sub-20966-ses-3/ds/inputs/data/qsiprep/qsiprep/sub-20966/ses-3/dwi/sub-20966_ses-3_space-ACPC_desc-preproc_dwi.nii.gz	0.0010764262648008	0.0010475482076848	0.0006027001168994	0.0008424793486483	0.0010486770311844	0.0008435303752776	0.0006020424321055	0.0012493883839363	0.0012494515340226	sub-20966	ses-3				space-ACPC			DSIStudio	autotrackgqi
CranialNerve_CNVR	tyz	DSIStudio	/scratch/executivefunction/SLURM_8364170_116/job-8364170-116-sub-20966-ses-3/ds/inputs/data/qsiprep/qsiprep/sub-20966/ses-3/dwi/sub-20966_ses-3_space-ACPC_desc-preproc_dwi.nii.gz	0.0010764262648008	-1.2932190353780048e-05	0.0001655556395419	-4.304897174733924e-06	-1.294612590373024e-05	-4.46489684691187e-06	0.0001656442711875	-4.771502198346544e-05	-4.771743401090684e-05	sub-20966	ses-3				space-ACPC			DSIStudio	autotrackgqi
CranialNerve_CNVR	tzz	DSIStudio	/scratch/executivefunction/SLURM_8364170_116/job-8364170-116-sub-20966-ses-3/ds/inputs/data/qsiprep/qsiprep/sub-20966/ses-3/dwi/sub-20966_ses-3_space-ACPC_desc-preproc_dwi.nii.gz	0.0010764262648008	0.0008694406502582	0.000515909192836	0.0007340155425481	0.0008703775475106	0.0007340183656197	0.0005153965984928	0.0008358395406494	0.0008358817873274	sub-20966	ses-3				space-ACPC			DSIStudio	autotrackgqi
