bundle	variable_name	qsirecon_suffix	source_file	zero_proportion	mean	stdev	median	masked_mean	masked_median	masked_stdev	weighted_mean	masked_weighted_mean	subject_id	session_id	task_id	dir_id	acq_id	space_id	rec_id	run_id	bundle_source	bundle_params_id
Association_HippocampusAlveusL	ad	TORTOISE_model-tensor	/scratch/executivefunction/SLURM_8364170_79/job-8364170-79-sub-20812-ses-2/ds/inputs/data/qsiprep/qsiprep/sub-20812/ses-2/dwi/sub-20812_ses-2_space-ACPC_desc-preproc_dwi.nii.gz	0.0	890.6672578285819	186.7619517378323	839.2382877556378	890.6672578285819	839.2382877556378	186.7619517378323	904.8373252264472	904.8373252264472	sub-20812	ses-2				space-ACPC			DSIStudio	autotrackgqi
Association_HippocampusAlveusL	am	TORTOISE_model-tensor	/scratch/executivefunction/SLURM_8364170_79/job-8364170-79-sub-20812-ses-2/ds/inputs/data/qsiprep/qsiprep/sub-20812/ses-2/dwi/sub-20812_ses-2_space-ACPC_desc-preproc_dwi.nii.gz	0.0	471.6384582519531	102.8259048461914	466.1699523925781	471.6384582519531	466.1699523925781	102.8259048461914	428.8577880859375	428.8577880859375	sub-20812	ses-2				space-ACPC			DSIStudio	autotrackgqi
Association_HippocampusAlveusL	fa	TORTOISE_model-tensor	/scratch/executivefunction/SLURM_8364170_79/job-8364170-79-sub-20812-ses-2/ds/inputs/data/qsiprep/qsiprep/sub-20812/ses-2/dwi/sub-20812_ses-2_space-ACPC_desc-preproc_dwi.nii.gz	0.0	0.2722501057299951	0.1551916953577355	0.2306591691253839	0.2722501057299951	0.2306591691253839	0.1551916953577355	0.3559606949163814	0.3559606949163814	sub-20812	ses-2				space-ACPC			DSIStudio	autotrackgqi
Association_HippocampusAlveusL	li	TORTOISE_model-tensor	/scratch/executivefunction/SLURM_8364170_79/job-8364170-79-sub-20812-ses-2/ds/inputs/data/qsiprep/qsiprep/sub-20812/ses-2/dwi/sub-20812_ses-2_space-ACPC_desc-preproc_dwi.nii.gz	0.0	0.1516528576612472	0.1123587265610694	0.1144060492515564	0.1516528576612472	0.1144060492515564	0.1123587265610694	0.2141238152980804	0.2141238152980804	sub-20812	ses-2				space-ACPC			DSIStudio	autotrackgqi
Association_HippocampusAlveusL	rd	TORTOISE_model-tensor	/scratch/executivefunction/SLURM_8364170_79/job-8364170-79-sub-20812-ses-2/ds/inputs/data/qsiprep/qsiprep/sub-20812/ses-2/dwi/sub-20812_ses-2_space-ACPC_desc-preproc_dwi.nii.gz	0.0	585.2637722300657	148.5994128914653	589.0326156153033	585.2637722300657	589.0326156153033	148.5994128914653	514.6231523196109	514.6231523196109	sub-20812	ses-2				space-ACPC			DSIStudio	autotrackgqi
Association_MiddleLongitudinalFasciculusR	ad	TORTOISE_model-tensor	/scratch/executivefunction/SLURM_8364170_79/job-8364170-79-sub-20812-ses-2/ds/inputs/data/qsiprep/qsiprep/sub-20812/ses-2/dwi/sub-20812_ses-2_space-ACPC_desc-preproc_dwi.nii.gz	0.0	820.1637032057963	116.12949025067184	799.55915482662	820.1637032057963	799.55915482662	116.12949025067184	832.0363008960812	832.0363008960812	sub-20812	ses-2				space-ACPC			DSIStudio	autotrackgqi
Association_MiddleLongitudinalFasciculusR	am	TORTOISE_model-tensor	/scratch/executivefunction/SLURM_8364170_79/job-8364170-79-sub-20812-ses-2/ds/inputs/data/qsiprep/qsiprep/sub-20812/ses-2/dwi/sub-20812_ses-2_space-ACPC_desc-preproc_dwi.nii.gz	0.0	436.5862731933594	68.97078704833984	421.69146728515625	436.5862731933594	421.69146728515625	68.97078704833984	400.8571166992188	400.8571166992188	sub-20812	ses-2				space-ACPC			DSIStudio	autotrackgqi
Association_MiddleLongitudinalFasciculusR	fa	TORTOISE_model-tensor	/scratch/executivefunction/SLURM_8364170_79/job-8364170-79-sub-20812-ses-2/ds/inputs/data/qsiprep/qsiprep/sub-20812/ses-2/dwi/sub-20812_ses-2_space-ACPC_desc-preproc_dwi.nii.gz	0.0	0.3489707583178236	0.1826459529235264	0.3445956636807047	0.3489707583178236	0.3445956636807047	0.1826459529235264	0.4381680369050814	0.4381680369050814	sub-20812	ses-2				space-ACPC			DSIStudio	autotrackgqi
Association_MiddleLongitudinalFasciculusR	li	TORTOISE_model-tensor	/scratch/executivefunction/SLURM_8364170_79/job-8364170-79-sub-20812-ses-2/ds/inputs/data/qsiprep/qsiprep/sub-20812/ses-2/dwi/sub-20812_ses-2_space-ACPC_desc-preproc_dwi.nii.gz	0.0	0.21210977435112	0.1421561986207962	0.1911588758230209	0.21210977435112	0.1911588758230209	0.1421561986207962	0.2798640131950378	0.2798640131950378	sub-20812	ses-2				space-ACPC			DSIStudio	autotrackgqi
Association_MiddleLongitudinalFasciculusR	rd	TORTOISE_model-tensor	/scratch/executivefunction/SLURM_8364170_79/job-8364170-79-sub-20812-ses-2/ds/inputs/data/qsiprep/qsiprep/sub-20812/ses-2/dwi/sub-20812_ses-2_space-ACPC_desc-preproc_dwi.nii.gz	0.0	478.10057852614887	136.03986322163846	457.8912644210492	478.10057852614887	457.8912644210492	136.03986322163846	407.65056453117495	407.65056453117495	sub-20812	ses-2				space-ACPC			DSIStudio	autotrackgqi
Association_FrontalAslantTractR	ad	TORTOISE_model-tensor	/scratch/executivefunction/SLURM_8364170_79/job-8364170-79-sub-20812-ses-2/ds/inputs/data/qsiprep/qsiprep/sub-20812/ses-2/dwi/sub-20812_ses-2_space-ACPC_desc-preproc_dwi.nii.gz	0.0	809.5577401458216	122.99807776548089	804.4488138779618	809.5577401458216	804.4488138779618	122.99807776548089	803.1763240394457	803.1763240394457	sub-20812	ses-2				space-ACPC			DSIStudio	autotrackgqi
Association_FrontalAslantTractR	am	TORTOISE_model-tensor	/scratch/executivefunction/SLURM_8364170_79/job-8364170-79-sub-20812-ses-2/ds/inputs/data/qsiprep/qsiprep/sub-20812/ses-2/dwi/sub-20812_ses-2_space-ACPC_desc-preproc_dwi.nii.gz	0.0	441.9214477539063	93.99430847167967	430.4361877441406	441.9214477539063	430.4361877441406	93.99430847167967	389.9638366699219	389.9638366699219	sub-20812	ses-2				space-ACPC			DSIStudio	autotrackgqi
Association_FrontalAslantTractR	fa	TORTOISE_model-tensor	/scratch/executivefunction/SLURM_8364170_79/job-8364170-79-sub-20812-ses-2/ds/inputs/data/qsiprep/qsiprep/sub-20812/ses-2/dwi/sub-20812_ses-2_space-ACPC_desc-preproc_dwi.nii.gz	0.0	0.3679176191419476	0.1784388571115207	0.3612479737368426	0.3679176191419476	0.3612479737368426	0.1784388571115207	0.4618111808385359	0.4618111808385359	sub-20812	ses-2				space-ACPC			DSIStudio	autotrackgqi
Association_FrontalAslantTractR	li	TORTOISE_model-tensor	/scratch/executivefunction/SLURM_8364170_79/job-8364170-79-sub-20812-ses-2/ds/inputs/data/qsiprep/qsiprep/sub-20812/ses-2/dwi/sub-20812_ses-2_space-ACPC_desc-preproc_dwi.nii.gz	0.0002176278563656	0.232959359884262	0.1441474258899688	0.2119717597961425	0.2330100685358047	0.2120371907949447	0.1441221237182617	0.3134247064590454	0.3134289085865021	sub-20812	ses-2				space-ACPC			DSIStudio	autotrackgqi
Association_FrontalAslantTractR	rd	TORTOISE_model-tensor	/scratch/executivefunction/SLURM_8364170_79/job-8364170-79-sub-20812-ses-2/ds/inputs/data/qsiprep/qsiprep/sub-20812/ses-2/dwi/sub-20812_ses-2_space-ACPC_desc-preproc_dwi.nii.gz	0.0	463.012548206461	154.10780789227024	426.212060817183	463.012548206461	426.212060817183	154.10780789227024	381.15525667026645	381.15525667026645	sub-20812	ses-2				space-ACPC			DSIStudio	autotrackgqi
Association_ParietalAslantTractL	ad	TORTOISE_model-tensor	/scratch/executivefunction/SLURM_8364170_79/job-8364170-79-sub-20812-ses-2/ds/inputs/data/qsiprep/qsiprep/sub-20812/ses-2/dwi/sub-20812_ses-2_space-ACPC_desc-preproc_dwi.nii.gz	0.0097122961334066	760.2006031778337	105.37154880612108	756.2778356272574	767.6563085753958	756.9610802596535	74.08534837113919	781.3125494416502	782.2337613587644	sub-20812	ses-2				space-ACPC			DSIStudio	autotrackgqi
Association_ParietalAslantTractL	am	TORTOISE_model-tensor	/scratch/executivefunction/SLURM_8364170_79/job-8364170-79-sub-20812-ses-2/ds/inputs/data/qsiprep/qsiprep/sub-20812/ses-2/dwi/sub-20812_ses-2_space-ACPC_desc-preproc_dwi.nii.gz	0.0097122961334066	420.4277648925781	83.90291595458984	427.8557739257813	424.5511169433594	428.6542663574219	73.199462890625	399.03466796875	399.5051879882813	sub-20812	ses-2				space-ACPC			DSIStudio	autotrackgqi
Association_ParietalAslantTractL	fa	TORTOISE_model-tensor	/scratch/executivefunction/SLURM_8364170_79/job-8364170-79-sub-20812-ses-2/ds/inputs/data/qsiprep/qsiprep/sub-20812/ses-2/dwi/sub-20812_ses-2_space-ACPC_desc-preproc_dwi.nii.gz	0.0097122961334066	0.2901278423702526	0.1587443785266415	0.2676378374259829	0.2929732856799534	0.2702534467896193	0.1568862228404234	0.4030686389392373	0.4035438798085454	sub-20812	ses-2				space-ACPC			DSIStudio	autotrackgqi
Association_ParietalAslantTractL	li	TORTOISE_model-tensor	/scratch/executivefunction/SLURM_8364170_79/job-8364170-79-sub-20812-ses-2/ds/inputs/data/qsiprep/qsiprep/sub-20812/ses-2/dwi/sub-20812_ses-2_space-ACPC_desc-preproc_dwi.nii.gz	0.0097122961334066	0.1667897850275039	0.1134191080927848	0.1407460570335388	0.1684255897998809	0.1419973075389862	0.1127588003873825	0.2496819496154785	0.2499763518571853	sub-20812	ses-2				space-ACPC			DSIStudio	autotrackgqi
Association_ParietalAslantTractL	rd	TORTOISE_model-tensor	/scratch/executivefunction/SLURM_8364170_79/job-8364170-79-sub-20812-ses-2/ds/inputs/data/qsiprep/qsiprep/sub-20812/ses-2/dwi/sub-20812_ses-2_space-ACPC_desc-preproc_dwi.nii.gz	0.0097122961334066	491.3800092800117	117.06585023809168	503.4263267222008	496.1992432718401	505.3264162257617	106.99308272101788	414.9532134579683	415.44246682489074	sub-20812	ses-2				space-ACPC			DSIStudio	autotrackgqi
Association_InferiorFrontoOccipitalFasciculusL	ad	TORTOISE_model-tensor	/scratch/executivefunction/SLURM_8364170_79/job-8364170-79-sub-20812-ses-2/ds/inputs/data/qsiprep/qsiprep/sub-20812/ses-2/dwi/sub-20812_ses-2_space-ACPC_desc-preproc_dwi.nii.gz	0.0009064539521392	840.6175811878261	147.62360272575938	817.4542272746036	841.3802536439936	817.5660056118334	145.5018988331247	881.2616145227105	881.2711738666555	sub-20812	ses-2				space-ACPC			DSIStudio	autotrackgqi
Association_InferiorFrontoOccipitalFasciculusL	am	TORTOISE_model-tensor	/scratch/executivefunction/SLURM_8364170_79/job-8364170-79-sub-20812-ses-2/ds/inputs/data/qsiprep/qsiprep/sub-20812/ses-2/dwi/sub-20812_ses-2_space-ACPC_desc-preproc_dwi.nii.gz	0.0009064539521392	500.9602966308594	197.18582153320312	460.4868774414063	501.414794921875	460.5330505371094	196.69677734375	412.8560791015625	412.8605651855469	sub-20812	ses-2				space-ACPC			DSIStudio	autotrackgqi
Association_InferiorFrontoOccipitalFasciculusL	fa	TORTOISE_model-tensor	/scratch/executivefunction/SLURM_8364170_79/job-8364170-79-sub-20812-ses-2/ds/inputs/data/qsiprep/qsiprep/sub-20812/ses-2/dwi/sub-20812_ses-2_space-ACPC_desc-preproc_dwi.nii.gz	0.0009064539521392	0.311424055400416	0.1742301703381707	0.2736058458163627	0.3117066030826882	0.2738838721482633	0.1740563750542638	0.4879192008566096	0.4879244936073233	sub-20812	ses-2				space-ACPC			DSIStudio	autotrackgqi
Association_InferiorFrontoOccipitalFasciculusL	li	TORTOISE_model-tensor	/scratch/executivefunction/SLURM_8364170_79/job-8364170-79-sub-20812-ses-2/ds/inputs/data/qsiprep/qsiprep/sub-20812/ses-2/dwi/sub-20812_ses-2_space-ACPC_desc-preproc_dwi.nii.gz	0.0009064539521392	0.1810982376337051	0.1279072314500808	0.1396490484476089	0.1812625378370285	0.1400256752967834	0.127848818898201	0.3114582896232605	0.3114616572856903	sub-20812	ses-2				space-ACPC			DSIStudio	autotrackgqi
Association_InferiorFrontoOccipitalFasciculusL	rd	TORTOISE_model-tensor	/scratch/executivefunction/SLURM_8364170_79/job-8364170-79-sub-20812-ses-2/ds/inputs/data/qsiprep/qsiprep/sub-20812/ses-2/dwi/sub-20812_ses-2_space-ACPC_desc-preproc_dwi.nii.gz	0.0009064539521392	527.4919627167446	174.38672208607133	505.2355601453993	527.9705437026971	505.476445794537	173.74015975537233	388.3996325360894	388.4038455636787	sub-20812	ses-2				space-ACPC			DSIStudio	autotrackgqi
Association_ExtremeCapsuleR	ad	TORTOISE_model-tensor	/scratch/executivefunction/SLURM_8364170_79/job-8364170-79-sub-20812-ses-2/ds/inputs/data/qsiprep/qsiprep/sub-20812/ses-2/dwi/sub-20812_ses-2_space-ACPC_desc-preproc_dwi.nii.gz	0.0	850.5989656257237	145.41807878602438	829.979447191982	850.5989656257237	829.979447191982	145.41807878602438	881.6335321460103	881.6335321460103	sub-20812	ses-2				space-ACPC			DSIStudio	autotrackgqi
Association_ExtremeCapsuleR	am	TORTOISE_model-tensor	/scratch/executivefunction/SLURM_8364170_79/job-8364170-79-sub-20812-ses-2/ds/inputs/data/qsiprep/qsiprep/sub-20812/ses-2/dwi/sub-20812_ses-2_space-ACPC_desc-preproc_dwi.nii.gz	0.0	459.1999816894531	92.38504028320312	439.1197814941406	459.1999816894531	439.1197814941406	92.38504028320312	428.856689453125	428.856689453125	sub-20812	ses-2				space-ACPC			DSIStudio	autotrackgqi
Association_ExtremeCapsuleR	fa	TORTOISE_model-tensor	/scratch/executivefunction/SLURM_8364170_79/job-8364170-79-sub-20812-ses-2/ds/inputs/data/qsiprep/qsiprep/sub-20812/ses-2/dwi/sub-20812_ses-2_space-ACPC_desc-preproc_dwi.nii.gz	0.0	0.3617480744501211	0.1937868492132296	0.3479407291475291	0.3617480744501211	0.3479407291475291	0.1937868492132296	0.4527892661624683	0.4527892661624683	sub-20812	ses-2				space-ACPC			DSIStudio	autotrackgqi
Association_ExtremeCapsuleR	li	TORTOISE_model-tensor	/scratch/executivefunction/SLURM_8364170_79/job-8364170-79-sub-20812-ses-2/ds/inputs/data/qsiprep/qsiprep/sub-20812/ses-2/dwi/sub-20812_ses-2_space-ACPC_desc-preproc_dwi.nii.gz	0.0	0.2258282154798507	0.1556281000375747	0.1992802172899246	0.2258282154798507	0.1992802172899246	0.1556281000375747	0.292851060628891	0.292851060628891	sub-20812	ses-2				space-ACPC			DSIStudio	autotrackgqi
Association_ExtremeCapsuleR	rd	TORTOISE_model-tensor	/scratch/executivefunction/SLURM_8364170_79/job-8364170-79-sub-20812-ses-2/ds/inputs/data/qsiprep/qsiprep/sub-20812/ses-2/dwi/sub-20812_ses-2_space-ACPC_desc-preproc_dwi.nii.gz	0.0	485.96468815111535	177.73451710710853	448.8750438558274	485.96468815111535	448.8750438558274	177.73451710710853	415.18983728924366	415.18983728924366	sub-20812	ses-2				space-ACPC			DSIStudio	autotrackgqi
Association_InferiorLongitudinalFasciculusL	ad	TORTOISE_model-tensor	/scratch/executivefunction/SLURM_8364170_79/job-8364170-79-sub-20812-ses-2/ds/inputs/data/qsiprep/qsiprep/sub-20812/ses-2/dwi/sub-20812_ses-2_space-ACPC_desc-preproc_dwi.nii.gz	0.0025644486435416	782.2515154720762	130.30581947368907	769.0909504978508	784.2627169326946	769.4437927341378	124.2817426161866	807.7238680299475	807.8236836913551	sub-20812	ses-2				space-ACPC			DSIStudio	autotrackgqi
Association_InferiorLongitudinalFasciculusL	am	TORTOISE_model-tensor	/scratch/executivefunction/SLURM_8364170_79/job-8364170-79-sub-20812-ses-2/ds/inputs/data/qsiprep/qsiprep/sub-20812/ses-2/dwi/sub-20812_ses-2_space-ACPC_desc-preproc_dwi.nii.gz	0.0025644486435416	537.2305297851562	294.0101013183594	476.8879699707031	538.6117553710938	477.748046875	293.1215515136719	479.70843505859375	479.7677001953125	sub-20812	ses-2				space-ACPC			DSIStudio	autotrackgqi
Association_InferiorLongitudinalFasciculusL	fa	TORTOISE_model-tensor	/scratch/executivefunction/SLURM_8364170_79/job-8364170-79-sub-20812-ses-2/ds/inputs/data/qsiprep/qsiprep/sub-20812/ses-2/dwi/sub-20812_ses-2_space-ACPC_desc-preproc_dwi.nii.gz	0.0025644486435416	0.2882912001314126	0.1642621220311146	0.2493243122468619	0.2890324089003567	0.2499745291155469	0.1638205827942533	0.3915792030709718	0.3916275929276279	sub-20812	ses-2				space-ACPC			DSIStudio	autotrackgqi
Association_InferiorLongitudinalFasciculusL	li	TORTOISE_model-tensor	/scratch/executivefunction/SLURM_8364170_79/job-8364170-79-sub-20812-ses-2/ds/inputs/data/qsiprep/qsiprep/sub-20812/ses-2/dwi/sub-20812_ses-2_space-ACPC_desc-preproc_dwi.nii.gz	0.0025644486435416	0.162297323346138	0.1188256740570068	0.1235964298248291	0.1627145856618881	0.1241583526134491	0.1186926439404487	0.2407856881618499	0.2408154308795929	sub-20812	ses-2				space-ACPC			DSIStudio	autotrackgqi
Association_InferiorLongitudinalFasciculusL	rd	TORTOISE_model-tensor	/scratch/executivefunction/SLURM_8364170_79/job-8364170-79-sub-20812-ses-2/ds/inputs/data/qsiprep/qsiprep/sub-20812/ses-2/dwi/sub-20812_ses-2_space-ACPC_desc-preproc_dwi.nii.gz	0.0025644486435416	504.6513348146474	121.39353326237872	510.34869376774895	505.9488145658623	510.8503081473857	118.81843060957948	431.7504640480547	431.8038183574504	sub-20812	ses-2				space-ACPC			DSIStudio	autotrackgqi
Association_SuperiorLongitudinalFasciculusR	ad	TORTOISE_model-tensor	/scratch/executivefunction/SLURM_8364170_79/job-8364170-79-sub-20812-ses-2/ds/inputs/data/qsiprep/qsiprep/sub-20812/ses-2/dwi/sub-20812_ses-2_space-ACPC_desc-preproc_dwi.nii.gz	0.0	785.4231586682865	106.85607463146988	774.4693453482952	785.4231586682865	774.4693453482952	106.85607463146988	786.4358445714006	786.4358445714006	sub-20812	ses-2				space-ACPC			DSIStudio	autotrackgqi
Association_SuperiorLongitudinalFasciculusR	am	TORTOISE_model-tensor	/scratch/executivefunction/SLURM_8364170_79/job-8364170-79-sub-20812-ses-2/ds/inputs/data/qsiprep/qsiprep/sub-20812/ses-2/dwi/sub-20812_ses-2_space-ACPC_desc-preproc_dwi.nii.gz	0.0	448.73876953125	82.97293090820312	443.7125854492188	448.73876953125	443.7125854492188	82.97293090820312	396.3818664550781	396.3818664550781	sub-20812	ses-2				space-ACPC			DSIStudio	autotrackgqi
Association_SuperiorLongitudinalFasciculusR	fa	TORTOISE_model-tensor	/scratch/executivefunction/SLURM_8364170_79/job-8364170-79-sub-20812-ses-2/ds/inputs/data/qsiprep/qsiprep/sub-20812/ses-2/dwi/sub-20812_ses-2_space-ACPC_desc-preproc_dwi.nii.gz	0.0	0.3088996954733687	0.1703827805228352	0.2867547183220805	0.3088996954733687	0.2867547183220805	0.1703827805228352	0.4509773963195116	0.4509773963195116	sub-20812	ses-2				space-ACPC			DSIStudio	autotrackgqi
Association_SuperiorLongitudinalFasciculusR	li	TORTOISE_model-tensor	/scratch/executivefunction/SLURM_8364170_79/job-8364170-79-sub-20812-ses-2/ds/inputs/data/qsiprep/qsiprep/sub-20812/ses-2/dwi/sub-20812_ses-2_space-ACPC_desc-preproc_dwi.nii.gz	0.0	0.1828910112380981	0.1323297172784805	0.1501082330942154	0.1828910112380981	0.1501082330942154	0.1323297172784805	0.3032115399837494	0.3032115399837494	sub-20812	ses-2				space-ACPC			DSIStudio	autotrackgqi
Association_SuperiorLongitudinalFasciculusR	rd	TORTOISE_model-tensor	/scratch/executivefunction/SLURM_8364170_79/job-8364170-79-sub-20812-ses-2/ds/inputs/data/qsiprep/qsiprep/sub-20812/ses-2/dwi/sub-20812_ses-2_space-ACPC_desc-preproc_dwi.nii.gz	0.0	499.1496578173238	144.80049556153836	494.544097946218	499.1496578173238	494.544097946218	144.80049556153836	385.9247850656813	385.9247850656813	sub-20812	ses-2				space-ACPC			DSIStudio	autotrackgqi
Association_ArcuateFasciculusR	ad	TORTOISE_model-tensor	/scratch/executivefunction/SLURM_8364170_79/job-8364170-79-sub-20812-ses-2/ds/inputs/data/qsiprep/qsiprep/sub-20812/ses-2/dwi/sub-20812_ses-2_space-ACPC_desc-preproc_dwi.nii.gz	0.00021510002151	793.3619405192007	117.50689769609588	783.1607574066092	793.5326294048546	783.2155058598263	116.9418424614063	807.9558131018504	807.9595221569164	sub-20812	ses-2				space-ACPC			DSIStudio	autotrackgqi
Association_ArcuateFasciculusR	am	TORTOISE_model-tensor	/scratch/executivefunction/SLURM_8364170_79/job-8364170-79-sub-20812-ses-2/ds/inputs/data/qsiprep/qsiprep/sub-20812/ses-2/dwi/sub-20812_ses-2_space-ACPC_desc-preproc_dwi.nii.gz	0.00021510002151	417.5091552734375	87.75006866455078	402.2499694824219	417.5989685058594	402.2607421875	87.54552459716797	377.2491455078125	377.2508544921875	sub-20812	ses-2				space-ACPC			DSIStudio	autotrackgqi
Association_ArcuateFasciculusR	fa	TORTOISE_model-tensor	/scratch/executivefunction/SLURM_8364170_79/job-8364170-79-sub-20812-ses-2/ds/inputs/data/qsiprep/qsiprep/sub-20812/ses-2/dwi/sub-20812_ses-2_space-ACPC_desc-preproc_dwi.nii.gz	0.00021510002151	0.3518201110354308	0.1698345429439845	0.3499796226252776	0.3518958038304041	0.3501188580156796	0.1697743844956148	0.4917298021412121	0.4917320593769872	sub-20812	ses-2				space-ACPC			DSIStudio	autotrackgqi
Association_ArcuateFasciculusR	li	TORTOISE_model-tensor	/scratch/executivefunction/SLURM_8364170_79/job-8364170-79-sub-20812-ses-2/ds/inputs/data/qsiprep/qsiprep/sub-20812/ses-2/dwi/sub-20812_ses-2_space-ACPC_desc-preproc_dwi.nii.gz	0.00021510002151	0.214578628540039	0.1338044852018356	0.1989893466234207	0.2146247923374176	0.1990513503551483	0.1337818503379821	0.3313304483890533	0.3313319683074951	sub-20812	ses-2				space-ACPC			DSIStudio	autotrackgqi
Association_ArcuateFasciculusR	rd	TORTOISE_model-tensor	/scratch/executivefunction/SLURM_8364170_79/job-8364170-79-sub-20812-ses-2/ds/inputs/data/qsiprep/qsiprep/sub-20812/ses-2/dwi/sub-20812_ses-2_space-ACPC_desc-preproc_dwi.nii.gz	0.00021510002151	466.2139298656353	138.47848389803616	442.9110697479271	466.3142340674136	442.9796026935422	138.32441192216265	357.63490989418096	357.6365517672947	sub-20812	ses-2				space-ACPC			DSIStudio	autotrackgqi
Association_ParietalAslantTractR	ad	TORTOISE_model-tensor	/scratch/executivefunction/SLURM_8364170_79/job-8364170-79-sub-20812-ses-2/ds/inputs/data/qsiprep/qsiprep/sub-20812/ses-2/dwi/sub-20812_ses-2_space-ACPC_desc-preproc_dwi.nii.gz	0.0001963479285293	783.8787643634375	101.0416023245326	767.8082762760994	784.0327075614665	767.8123350990609	100.4525454492072	826.4591216241522	826.4639494068588	sub-20812	ses-2				space-ACPC			DSIStudio	autotrackgqi
Association_ParietalAslantTractR	am	TORTOISE_model-tensor	/scratch/executivefunction/SLURM_8364170_79/job-8364170-79-sub-20812-ses-2/ds/inputs/data/qsiprep/qsiprep/sub-20812/ses-2/dwi/sub-20812_ses-2_space-ACPC_desc-preproc_dwi.nii.gz	0.0001963479285293	425.6141662597656	74.80345916748047	413.5299377441406	425.69775390625	413.5574645996094	74.57261657714844	393.4063720703125	393.4087219238281	sub-20812	ses-2				space-ACPC			DSIStudio	autotrackgqi
Association_ParietalAslantTractR	fa	TORTOISE_model-tensor	/scratch/executivefunction/SLURM_8364170_79/job-8364170-79-sub-20812-ses-2/ds/inputs/data/qsiprep/qsiprep/sub-20812/ses-2/dwi/sub-20812_ses-2_space-ACPC_desc-preproc_dwi.nii.gz	0.0001963479285293	0.3069441269123839	0.172840280300086	0.278519284857849	0.3070044065916675	0.278583751093705	0.1728037128373175	0.4379186920325933	0.4379212502540344	sub-20812	ses-2				space-ACPC			DSIStudio	autotrackgqi
Association_ParietalAslantTractR	li	TORTOISE_model-tensor	/scratch/executivefunction/SLURM_8364170_79/job-8364170-79-sub-20812-ses-2/ds/inputs/data/qsiprep/qsiprep/sub-20812/ses-2/dwi/sub-20812_ses-2_space-ACPC_desc-preproc_dwi.nii.gz	0.0001963479285293	0.1783184111118316	0.1276154816150665	0.1450375318527221	0.1783534288406372	0.1450958251953125	0.1276035457849502	0.2753592431545257	0.2753608822822571	sub-20812	ses-2				space-ACPC			DSIStudio	autotrackgqi
Association_ParietalAslantTractR	rd	TORTOISE_model-tensor	/scratch/executivefunction/SLURM_8364170_79/job-8364170-79-sub-20812-ses-2/ds/inputs/data/qsiprep/qsiprep/sub-20812/ses-2/dwi/sub-20812_ses-2_space-ACPC_desc-preproc_dwi.nii.gz	0.0001963479285293	490.8009826884346	119.26348744574278	498.9379098682449	490.8973693700309	498.9766730029092	119.0766846506126	401.4360385753326	401.43838343216936	sub-20812	ses-2				space-ACPC			DSIStudio	autotrackgqi
Association_FrontalAslantTractL	ad	TORTOISE_model-tensor	/scratch/executivefunction/SLURM_8364170_79/job-8364170-79-sub-20812-ses-2/ds/inputs/data/qsiprep/qsiprep/sub-20812/ses-2/dwi/sub-20812_ses-2_space-ACPC_desc-preproc_dwi.nii.gz	0.0021299254526091	842.8568722828375	153.68319736070043	822.816563372747	844.6559264392577	823.0144811170894	148.82659866355928	823.9789967278903	824.0640691942704	sub-20812	ses-2				space-ACPC			DSIStudio	autotrackgqi
Association_FrontalAslantTractL	am	TORTOISE_model-tensor	/scratch/executivefunction/SLURM_8364170_79/job-8364170-79-sub-20812-ses-2/ds/inputs/data/qsiprep/qsiprep/sub-20812/ses-2/dwi/sub-20812_ses-2_space-ACPC_desc-preproc_dwi.nii.gz	0.0021299254526091	473.37017822265625	132.52635192871094	451.8448791503906	474.3805847167969	452.4775695800781	130.8488006591797	406.99603271484375	407.0380859375	sub-20812	ses-2				space-ACPC			DSIStudio	autotrackgqi
Association_FrontalAslantTractL	fa	TORTOISE_model-tensor	/scratch/executivefunction/SLURM_8364170_79/job-8364170-79-sub-20812-ses-2/ds/inputs/data/qsiprep/qsiprep/sub-20812/ses-2/dwi/sub-20812_ses-2_space-ACPC_desc-preproc_dwi.nii.gz	0.0021299254526091	0.3166110061370847	0.1867990488667148	0.2819460869874007	0.3172868033753709	0.2826841137752875	0.1864240947999611	0.4363986081559416	0.4364436644195108	sub-20812	ses-2				space-ACPC			DSIStudio	autotrackgqi
Association_FrontalAslantTractL	li	TORTOISE_model-tensor	/scratch/executivefunction/SLURM_8364170_79/job-8364170-79-sub-20812-ses-2/ds/inputs/data/qsiprep/qsiprep/sub-20812/ses-2/dwi/sub-20812_ses-2_space-ACPC_desc-preproc_dwi.nii.gz	0.0021299254526091	0.1918489038944244	0.1450830698013305	0.1500687301158905	0.1922584027051925	0.150702565908432	0.1449665278196334	0.2865070700645447	0.2865366637706756	sub-20812	ses-2				space-ACPC			DSIStudio	autotrackgqi
Association_FrontalAslantTractL	rd	TORTOISE_model-tensor	/scratch/executivefunction/SLURM_8364170_79/job-8364170-79-sub-20812-ses-2/ds/inputs/data/qsiprep/qsiprep/sub-20812/ses-2/dwi/sub-20812_ses-2_space-ACPC_desc-preproc_dwi.nii.gz	0.0021299254526091	528.2427935304293	198.94360502660751	506.23792181928513	529.3703128335892	507.0237572479367	197.65161787195836	407.28473757453753	407.3267881588578	sub-20812	ses-2				space-ACPC			DSIStudio	autotrackgqi
Association_VerticalOccipitalFasciculusR	ad	TORTOISE_model-tensor	/scratch/executivefunction/SLURM_8364170_79/job-8364170-79-sub-20812-ses-2/ds/inputs/data/qsiprep/qsiprep/sub-20812/ses-2/dwi/sub-20812_ses-2_space-ACPC_desc-preproc_dwi.nii.gz	0.0	732.3015999966035	104.77483448758636	715.0880377174344	732.3015999966035	715.0880377174344	104.77483448758636	725.6182096408356	725.6182096408356	sub-20812	ses-2				space-ACPC			DSIStudio	autotrackgqi
Association_VerticalOccipitalFasciculusR	am	TORTOISE_model-tensor	/scratch/executivefunction/SLURM_8364170_79/job-8364170-79-sub-20812-ses-2/ds/inputs/data/qsiprep/qsiprep/sub-20812/ses-2/dwi/sub-20812_ses-2_space-ACPC_desc-preproc_dwi.nii.gz	0.0	479.2041015625	114.37591552734376	467.38372802734375	479.2041015625	467.38372802734375	114.37591552734376	476.3681335449219	476.3681335449219	sub-20812	ses-2				space-ACPC			DSIStudio	autotrackgqi
Association_VerticalOccipitalFasciculusR	fa	TORTOISE_model-tensor	/scratch/executivefunction/SLURM_8364170_79/job-8364170-79-sub-20812-ses-2/ds/inputs/data/qsiprep/qsiprep/sub-20812/ses-2/dwi/sub-20812_ses-2_space-ACPC_desc-preproc_dwi.nii.gz	0.0	0.2654288765560594	0.1536064791658855	0.2234989998561899	0.2654288765560594	0.2234989998561899	0.1536064791658855	0.3371991049434016	0.3371991049434016	sub-20812	ses-2				space-ACPC			DSIStudio	autotrackgqi
Association_VerticalOccipitalFasciculusR	li	TORTOISE_model-tensor	/scratch/executivefunction/SLURM_8364170_79/job-8364170-79-sub-20812-ses-2/ds/inputs/data/qsiprep/qsiprep/sub-20812/ses-2/dwi/sub-20812_ses-2_space-ACPC_desc-preproc_dwi.nii.gz	0.0	0.1423132121562957	0.1073621436953544	0.1089039519429206	0.1423132121562957	0.1089039519429206	0.1073621436953544	0.1920558512210846	0.1920558512210846	sub-20812	ses-2				space-ACPC			DSIStudio	autotrackgqi
Association_VerticalOccipitalFasciculusR	rd	TORTOISE_model-tensor	/scratch/executivefunction/SLURM_8364170_79/job-8364170-79-sub-20812-ses-2/ds/inputs/data/qsiprep/qsiprep/sub-20812/ses-2/dwi/sub-20812_ses-2_space-ACPC_desc-preproc_dwi.nii.gz	0.0	493.6481622530318	116.51907007863582	500.1846958375708	493.6481622530318	500.1846958375708	116.51907007863582	431.4426176266467	431.4426176266467	sub-20812	ses-2				space-ACPC			DSIStudio	autotrackgqi
Association_CingulumR	ad	TORTOISE_model-tensor	/scratch/executivefunction/SLURM_8364170_79/job-8364170-79-sub-20812-ses-2/ds/inputs/data/qsiprep/qsiprep/sub-20812/ses-2/dwi/sub-20812_ses-2_space-ACPC_desc-preproc_dwi.nii.gz	0.0007946598855689	810.6870626086516	124.17210831360806	788.3824377383905	811.3317954403747	788.545885423226	122.09784033233926	843.8463413178224	843.8792880921228	sub-20812	ses-2				space-ACPC			DSIStudio	autotrackgqi
Association_CingulumR	am	TORTOISE_model-tensor	/scratch/executivefunction/SLURM_8364170_79/job-8364170-79-sub-20812-ses-2/ds/inputs/data/qsiprep/qsiprep/sub-20812/ses-2/dwi/sub-20812_ses-2_space-ACPC_desc-preproc_dwi.nii.gz	0.0007946598855689	471.1071166992188	76.56640625	473.0617980957031	471.4817810058594	473.121337890625	75.43492126464844	414.1318359375	414.1479797363281	sub-20812	ses-2				space-ACPC			DSIStudio	autotrackgqi
Association_CingulumR	fa	TORTOISE_model-tensor	/scratch/executivefunction/SLURM_8364170_79/job-8364170-79-sub-20812-ses-2/ds/inputs/data/qsiprep/qsiprep/sub-20812/ses-2/dwi/sub-20812_ses-2_space-ACPC_desc-preproc_dwi.nii.gz	0.0007946598855689	0.2554602628358353	0.1574821474792216	0.2065780060490454	0.2556634283065175	0.2067909112649051	0.1573798225021762	0.4080851860791186	0.4081011193276497	sub-20812	ses-2				space-ACPC			DSIStudio	autotrackgqi
Association_CingulumR	li	TORTOISE_model-tensor	/scratch/executivefunction/SLURM_8364170_79/job-8364170-79-sub-20812-ses-2/ds/inputs/data/qsiprep/qsiprep/sub-20812/ses-2/dwi/sub-20812_ses-2_space-ACPC_desc-preproc_dwi.nii.gz	0.0007946598855689	0.1360214650630951	0.1109883785247802	0.0973780676722526	0.1361296325922012	0.09743432700634	0.1109661683440208	0.2416265606880188	0.2416359782218933	sub-20812	ses-2				space-ACPC			DSIStudio	autotrackgqi
Association_CingulumR	rd	TORTOISE_model-tensor	/scratch/executivefunction/SLURM_8364170_79/job-8364170-79-sub-20812-ses-2/ds/inputs/data/qsiprep/qsiprep/sub-20812/ses-2/dwi/sub-20812_ses-2_space-ACPC_desc-preproc_dwi.nii.gz	0.0007946598855689	552.520365401486	139.29444443744848	565.2593827692749	552.959780357269	565.4835336092239	138.47524853189276	433.4256804597403	433.442602770062	sub-20812	ses-2				space-ACPC			DSIStudio	autotrackgqi
Association_UncinateFasciculusL	ad	TORTOISE_model-tensor	/scratch/executivefunction/SLURM_8364170_79/job-8364170-79-sub-20812-ses-2/ds/inputs/data/qsiprep/qsiprep/sub-20812/ses-2/dwi/sub-20812_ses-2_space-ACPC_desc-preproc_dwi.nii.gz	0.0003136762860727	865.1592960827134	161.47291133207196	834.3093560224667	865.4307611897365	834.325754123422	160.76923849134155	874.5538486731571	874.569279582952	sub-20812	ses-2				space-ACPC			DSIStudio	autotrackgqi
Association_UncinateFasciculusL	am	TORTOISE_model-tensor	/scratch/executivefunction/SLURM_8364170_79/job-8364170-79-sub-20812-ses-2/ds/inputs/data/qsiprep/qsiprep/sub-20812/ses-2/dwi/sub-20812_ses-2_space-ACPC_desc-preproc_dwi.nii.gz	0.0003136762860727	493.00689697265625	215.58746337890625	455.92578125	493.1615905761719	455.9712219238281	215.4442901611328	424.6025390625	424.6100158691406	sub-20812	ses-2				space-ACPC			DSIStudio	autotrackgqi
Association_UncinateFasciculusL	fa	TORTOISE_model-tensor	/scratch/executivefunction/SLURM_8364170_79/job-8364170-79-sub-20812-ses-2/ds/inputs/data/qsiprep/qsiprep/sub-20812/ses-2/dwi/sub-20812_ses-2_space-ACPC_desc-preproc_dwi.nii.gz	0.0003136762860727	0.258729940524543	0.140253002433921	0.2184237921302779	0.2588111234365369	0.2187801695447534	0.1402000923091094	0.3705068094219178	0.3705133468518892	sub-20812	ses-2				space-ACPC			DSIStudio	autotrackgqi
Association_UncinateFasciculusL	li	TORTOISE_model-tensor	/scratch/executivefunction/SLURM_8364170_79/job-8364170-79-sub-20812-ses-2/ds/inputs/data/qsiprep/qsiprep/sub-20812/ses-2/dwi/sub-20812_ses-2_space-ACPC_desc-preproc_dwi.nii.gz	0.0003136762860727	0.1408329159021377	0.1022096648812294	0.1061707139015197	0.1408771127462387	0.1061832159757614	0.1021952480077743	0.2236882448196411	0.2236922085285186	sub-20812	ses-2				space-ACPC			DSIStudio	autotrackgqi
Association_UncinateFasciculusL	rd	TORTOISE_model-tensor	/scratch/executivefunction/SLURM_8364170_79/job-8364170-79-sub-20812-ses-2/ds/inputs/data/qsiprep/qsiprep/sub-20812/ses-2/dwi/sub-20812_ses-2_space-ACPC_desc-preproc_dwi.nii.gz	0.0003136762860727	591.194337870435	176.9670665810095	582.5196371696651	591.3798397022111	582.5636010610499	176.6846546841264	486.10733780481513	486.1159146792445	sub-20812	ses-2				space-ACPC			DSIStudio	autotrackgqi
Association_MiddleLongitudinalFasciculusL	ad	TORTOISE_model-tensor	/scratch/executivefunction/SLURM_8364170_79/job-8364170-79-sub-20812-ses-2/ds/inputs/data/qsiprep/qsiprep/sub-20812/ses-2/dwi/sub-20812_ses-2_space-ACPC_desc-preproc_dwi.nii.gz	0.004564315352697	794.7942287588462	122.42171060182146	779.1492178467334	798.4385541095537	779.627556128341	110.20900488385276	789.1903713665798	789.3613484021985	sub-20812	ses-2				space-ACPC			DSIStudio	autotrackgqi
Association_MiddleLongitudinalFasciculusL	am	TORTOISE_model-tensor	/scratch/executivefunction/SLURM_8364170_79/job-8364170-79-sub-20812-ses-2/ds/inputs/data/qsiprep/qsiprep/sub-20812/ses-2/dwi/sub-20812_ses-2_space-ACPC_desc-preproc_dwi.nii.gz	0.004564315352697	434.2951354980469	71.83052825927734	421.1184692382813	436.2864685058594	421.2731628417969	65.68473052978516	408.14947509765625	408.2379150390625	sub-20812	ses-2				space-ACPC			DSIStudio	autotrackgqi
Association_MiddleLongitudinalFasciculusL	fa	TORTOISE_model-tensor	/scratch/executivefunction/SLURM_8364170_79/job-8364170-79-sub-20812-ses-2/ds/inputs/data/qsiprep/qsiprep/sub-20812/ses-2/dwi/sub-20812_ses-2_space-ACPC_desc-preproc_dwi.nii.gz	0.004564315352697	0.3297513877165668	0.1634931253098849	0.3151343589475387	0.3312633782396524	0.3163860170504592	0.1623320624906926	0.4038118222528648	0.403899307250774	sub-20812	ses-2				space-ACPC			DSIStudio	autotrackgqi
Association_MiddleLongitudinalFasciculusL	li	TORTOISE_model-tensor	/scratch/executivefunction/SLURM_8364170_79/job-8364170-79-sub-20812-ses-2/ds/inputs/data/qsiprep/qsiprep/sub-20812/ses-2/dwi/sub-20812_ses-2_space-ACPC_desc-preproc_dwi.nii.gz	0.004564315352697	0.1970773488283157	0.1232872605323791	0.1768994331359863	0.1979809999465942	0.1771202832460403	0.1228435486555099	0.2544066905975342	0.2544617652893066	sub-20812	ses-2				space-ACPC			DSIStudio	autotrackgqi
Association_MiddleLongitudinalFasciculusL	rd	TORTOISE_model-tensor	/scratch/executivefunction/SLURM_8364170_79/job-8364170-79-sub-20812-ses-2/ds/inputs/data/qsiprep/qsiprep/sub-20812/ses-2/dwi/sub-20812_ses-2_space-ACPC_desc-preproc_dwi.nii.gz	0.004564315352697	481.5050433241506	131.98117144227007	468.7364968215913	483.7128613635694	469.2640899512657	128.18326775558842	416.2654949593936	416.3556786007146	sub-20812	ses-2				space-ACPC			DSIStudio	autotrackgqi
Association_HippocampusAlveusR	ad	TORTOISE_model-tensor	/scratch/executivefunction/SLURM_8364170_79/job-8364170-79-sub-20812-ses-2/ds/inputs/data/qsiprep/qsiprep/sub-20812/ses-2/dwi/sub-20812_ses-2_space-ACPC_desc-preproc_dwi.nii.gz	0.0063979526551503	903.7377762883594	220.03536123172128	841.4386415590855	909.5570794196432	842.2706367435895	208.4090374431915	960.2660337772112	960.6446291603436	sub-20812	ses-2				space-ACPC			DSIStudio	autotrackgqi
Association_HippocampusAlveusR	am	TORTOISE_model-tensor	/scratch/executivefunction/SLURM_8364170_79/job-8364170-79-sub-20812-ses-2/ds/inputs/data/qsiprep/qsiprep/sub-20812/ses-2/dwi/sub-20812_ses-2_space-ACPC_desc-preproc_dwi.nii.gz	0.0063979526551503	513.2179565429688	124.1292724609375	504.7156372070313	516.5226440429688	505.2919616699219	117.4748764038086	507.993896484375	508.1942138671875	sub-20812	ses-2				space-ACPC			DSIStudio	autotrackgqi
Association_HippocampusAlveusR	fa	TORTOISE_model-tensor	/scratch/executivefunction/SLURM_8364170_79/job-8364170-79-sub-20812-ses-2/ds/inputs/data/qsiprep/qsiprep/sub-20812/ses-2/dwi/sub-20812_ses-2_space-ACPC_desc-preproc_dwi.nii.gz	0.0063979526551503	0.2301405405980514	0.1319686097855237	0.1923621527474987	0.2316224500674529	0.1931530740930189	0.1310900944457868	0.264777294327877	0.2648816855291486	sub-20812	ses-2				space-ACPC			DSIStudio	autotrackgqi
Association_HippocampusAlveusR	li	TORTOISE_model-tensor	/scratch/executivefunction/SLURM_8364170_79/job-8364170-79-sub-20812-ses-2/ds/inputs/data/qsiprep/qsiprep/sub-20812/ses-2/dwi/sub-20812_ses-2_space-ACPC_desc-preproc_dwi.nii.gz	0.0063979526551503	0.1214597448706626	0.090047039091587	0.0920329913496971	0.1222418472170829	0.0924801155924797	0.0898057594895362	0.1432991772890091	0.1433556675910949	sub-20812	ses-2				space-ACPC			DSIStudio	autotrackgqi
Association_HippocampusAlveusR	rd	TORTOISE_model-tensor	/scratch/executivefunction/SLURM_8364170_79/job-8364170-79-sub-20812-ses-2/ds/inputs/data/qsiprep/qsiprep/sub-20812/ses-2/dwi/sub-20812_ses-2_space-ACPC_desc-preproc_dwi.nii.gz	0.0063979526551503	639.209419121714	172.69633500564763	621.910986540542	643.3253844734313	623.328854738106	165.43325088358353	644.5273047277306	644.7814167290408	sub-20812	ses-2				space-ACPC			DSIStudio	autotrackgqi
Association_SuperiorLongitudinalFasciculusL	ad	TORTOISE_model-tensor	/scratch/executivefunction/SLURM_8364170_79/job-8364170-79-sub-20812-ses-2/ds/inputs/data/qsiprep/qsiprep/sub-20812/ses-2/dwi/sub-20812_ses-2_space-ACPC_desc-preproc_dwi.nii.gz	0.004009504009504	782.3550980413597	129.33590378413007	765.648530638249	785.5045818116172	766.0532488177611	119.67114172219657	772.6967244990383	773.3435732266541	sub-20812	ses-2				space-ACPC			DSIStudio	autotrackgqi
Association_SuperiorLongitudinalFasciculusL	am	TORTOISE_model-tensor	/scratch/executivefunction/SLURM_8364170_79/job-8364170-79-sub-20812-ses-2/ds/inputs/data/qsiprep/qsiprep/sub-20812/ses-2/dwi/sub-20812_ses-2_space-ACPC_desc-preproc_dwi.nii.gz	0.004009504009504	455.1806640625	89.20244598388672	453.4006958007813	457.0130310058594	453.6786804199219	84.5676040649414	423.4066162109375	423.7610473632813	sub-20812	ses-2				space-ACPC			DSIStudio	autotrackgqi
Association_SuperiorLongitudinalFasciculusL	fa	TORTOISE_model-tensor	/scratch/executivefunction/SLURM_8364170_79/job-8364170-79-sub-20812-ses-2/ds/inputs/data/qsiprep/qsiprep/sub-20812/ses-2/dwi/sub-20812_ses-2_space-ACPC_desc-preproc_dwi.nii.gz	0.004009504009504	0.2949172268734986	0.1634363169985916	0.2725786365581769	0.2961044588886447	0.2737747126599207	0.1626880934490074	0.3749512097974022	0.3752650932300871	sub-20812	ses-2				space-ACPC			DSIStudio	autotrackgqi
Association_SuperiorLongitudinalFasciculusL	li	TORTOISE_model-tensor	/scratch/executivefunction/SLURM_8364170_79/job-8364170-79-sub-20812-ses-2/ds/inputs/data/qsiprep/qsiprep/sub-20812/ses-2/dwi/sub-20812_ses-2_space-ACPC_desc-preproc_dwi.nii.gz	0.0043065043065043	0.1747074872255325	0.1234946697950363	0.1450588107109069	0.1754631251096725	0.1455796360969543	0.1232246309518814	0.2333379387855529	0.2335659265518188	sub-20812	ses-2				space-ACPC			DSIStudio	autotrackgqi
Association_SuperiorLongitudinalFasciculusL	rd	TORTOISE_model-tensor	/scratch/executivefunction/SLURM_8364170_79/job-8364170-79-sub-20812-ses-2/ds/inputs/data/qsiprep/qsiprep/sub-20812/ses-2/dwi/sub-20812_ses-2_space-ACPC_desc-preproc_dwi.nii.gz	0.004009504009504	506.0174535054269	155.02976550527654	496.27524600996304	508.0545000604659	497.38051006856506	151.97384903468122	435.093064624078	435.4572947019782	sub-20812	ses-2				space-ACPC			DSIStudio	autotrackgqi
Association_VerticalOccipitalFasciculusL	ad	TORTOISE_model-tensor	/scratch/executivefunction/SLURM_8364170_79/job-8364170-79-sub-20812-ses-2/ds/inputs/data/qsiprep/qsiprep/sub-20812/ses-2/dwi/sub-20812_ses-2_space-ACPC_desc-preproc_dwi.nii.gz	0.0100250626566416	721.4997491921531	124.3204452494629	719.3726354492744	728.8060757662508	720.2787751982426	101.42578587824308	709.4814913207446	710.1679444615803	sub-20812	ses-2				space-ACPC			DSIStudio	autotrackgqi
Association_VerticalOccipitalFasciculusL	am	TORTOISE_model-tensor	/scratch/executivefunction/SLURM_8364170_79/job-8364170-79-sub-20812-ses-2/ds/inputs/data/qsiprep/qsiprep/sub-20812/ses-2/dwi/sub-20812_ses-2_space-ACPC_desc-preproc_dwi.nii.gz	0.0100250626566416	563.9651489257812	232.25950622558597	542.1466064453125	569.6761474609375	543.3687133789062	226.35659790039065	601.3499755859375	601.9318237304688	sub-20812	ses-2				space-ACPC			DSIStudio	autotrackgqi
Association_VerticalOccipitalFasciculusL	fa	TORTOISE_model-tensor	/scratch/executivefunction/SLURM_8364170_79/job-8364170-79-sub-20812-ses-2/ds/inputs/data/qsiprep/qsiprep/sub-20812/ses-2/dwi/sub-20812_ses-2_space-ACPC_desc-preproc_dwi.nii.gz	0.0100250626566416	0.2191517223621514	0.1282621969456905	0.1896067830122745	0.2213709803101225	0.1910876406241887	0.1269901815052899	0.2502021263075044	0.2504442072300145	sub-20812	ses-2				space-ACPC			DSIStudio	autotrackgqi
Association_VerticalOccipitalFasciculusL	li	TORTOISE_model-tensor	/scratch/executivefunction/SLURM_8364170_79/job-8364170-79-sub-20812-ses-2/ds/inputs/data/qsiprep/qsiprep/sub-20812/ses-2/dwi/sub-20812_ses-2_space-ACPC_desc-preproc_dwi.nii.gz	0.0100250626566416	0.110170304775238	0.081779271364212	0.0861175656318664	0.1112859547138214	0.0871237739920616	0.0814335197210311	0.1273634135723114	0.1274866461753845	sub-20812	ses-2				space-ACPC			DSIStudio	autotrackgqi
Association_VerticalOccipitalFasciculusL	rd	TORTOISE_model-tensor	/scratch/executivefunction/SLURM_8364170_79/job-8364170-79-sub-20812-ses-2/ds/inputs/data/qsiprep/qsiprep/sub-20812/ses-2/dwi/sub-20812_ses-2_space-ACPC_desc-preproc_dwi.nii.gz	0.0100250626566416	521.518149683241	117.04087393155308	530.534495716183	526.7993461357295	532.137432554593	105.1434971365364	489.818769835218	490.2926901564192	sub-20812	ses-2				space-ACPC			DSIStudio	autotrackgqi
Association_InferiorFrontoOccipitalFasciculusR	ad	TORTOISE_model-tensor	/scratch/executivefunction/SLURM_8364170_79/job-8364170-79-sub-20812-ses-2/ds/inputs/data/qsiprep/qsiprep/sub-20812/ses-2/dwi/sub-20812_ses-2_space-ACPC_desc-preproc_dwi.nii.gz	0.0	827.4139317361193	149.12539108645723	804.547067019597	827.4139317361193	804.547067019597	149.12539108645723	889.0199358035767	889.0199358035767	sub-20812	ses-2				space-ACPC			DSIStudio	autotrackgqi
Association_InferiorFrontoOccipitalFasciculusR	am	TORTOISE_model-tensor	/scratch/executivefunction/SLURM_8364170_79/job-8364170-79-sub-20812-ses-2/ds/inputs/data/qsiprep/qsiprep/sub-20812/ses-2/dwi/sub-20812_ses-2_space-ACPC_desc-preproc_dwi.nii.gz	0.0	441.7261047363281	119.17097473144533	421.9637145996094	441.7261047363281	421.9637145996094	119.17097473144533	407.7742919921875	407.7742919921875	sub-20812	ses-2				space-ACPC			DSIStudio	autotrackgqi
Association_InferiorFrontoOccipitalFasciculusR	fa	TORTOISE_model-tensor	/scratch/executivefunction/SLURM_8364170_79/job-8364170-79-sub-20812-ses-2/ds/inputs/data/qsiprep/qsiprep/sub-20812/ses-2/dwi/sub-20812_ses-2_space-ACPC_desc-preproc_dwi.nii.gz	0.0	0.3650934107747692	0.1815039803143448	0.3589624917780865	0.3650934107747692	0.3589624917780865	0.1815039803143448	0.4928955749781954	0.4928955749781954	sub-20812	ses-2				space-ACPC			DSIStudio	autotrackgqi
Association_InferiorFrontoOccipitalFasciculusR	li	TORTOISE_model-tensor	/scratch/executivefunction/SLURM_8364170_79/job-8364170-79-sub-20812-ses-2/ds/inputs/data/qsiprep/qsiprep/sub-20812/ses-2/dwi/sub-20812_ses-2_space-ACPC_desc-preproc_dwi.nii.gz	0.0	0.2243247628211975	0.1414593160152435	0.2062408328056335	0.2243247628211975	0.2062408328056335	0.1414593160152435	0.3312506675720215	0.3312506675720215	sub-20812	ses-2				space-ACPC			DSIStudio	autotrackgqi
Association_InferiorFrontoOccipitalFasciculusR	rd	TORTOISE_model-tensor	/scratch/executivefunction/SLURM_8364170_79/job-8364170-79-sub-20812-ses-2/ds/inputs/data/qsiprep/qsiprep/sub-20812/ses-2/dwi/sub-20812_ses-2_space-ACPC_desc-preproc_dwi.nii.gz	0.0	465.3508105311042	140.75926998942137	443.99573046966873	465.3508105311042	443.99573046966873	140.75926998942137	382.9537230237314	382.9537230237314	sub-20812	ses-2				space-ACPC			DSIStudio	autotrackgqi
Association_UncinateFasciculusR	ad	TORTOISE_model-tensor	/scratch/executivefunction/SLURM_8364170_79/job-8364170-79-sub-20812-ses-2/ds/inputs/data/qsiprep/qsiprep/sub-20812/ses-2/dwi/sub-20812_ses-2_space-ACPC_desc-preproc_dwi.nii.gz	0.0030592734225621	862.4634122246664	123.70327968902272	846.6009080776582	865.1100203174157	846.9102783038876	114.27971131716184	901.4419300050764	901.5754677767328	sub-20812	ses-2				space-ACPC			DSIStudio	autotrackgqi
Association_UncinateFasciculusR	am	TORTOISE_model-tensor	/scratch/executivefunction/SLURM_8364170_79/job-8364170-79-sub-20812-ses-2/ds/inputs/data/qsiprep/qsiprep/sub-20812/ses-2/dwi/sub-20812_ses-2_space-ACPC_desc-preproc_dwi.nii.gz	0.0030592734225621	444.6825866699219	112.94245147705078	431.9831848144531	446.0471801757813	432.5340270996094	110.39237213134766	408.17877197265625	408.2392578125	sub-20812	ses-2				space-ACPC			DSIStudio	autotrackgqi
Association_UncinateFasciculusR	fa	TORTOISE_model-tensor	/scratch/executivefunction/SLURM_8364170_79/job-8364170-79-sub-20812-ses-2/ds/inputs/data/qsiprep/qsiprep/sub-20812/ses-2/dwi/sub-20812_ses-2_space-ACPC_desc-preproc_dwi.nii.gz	0.0030592734225621	0.2984361109976468	0.1464801364965049	0.2804926961861254	0.299351910340946	0.2808745014374577	0.1457673715981121	0.3977949871520533	0.3978539156745008	sub-20812	ses-2				space-ACPC			DSIStudio	autotrackgqi
Association_UncinateFasciculusR	li	TORTOISE_model-tensor	/scratch/executivefunction/SLURM_8364170_79/job-8364170-79-sub-20812-ses-2/ds/inputs/data/qsiprep/qsiprep/sub-20812/ses-2/dwi/sub-20812_ses-2_space-ACPC_desc-preproc_dwi.nii.gz	0.0030592734225621	0.1685158908367157	0.1096350997686386	0.1407806724309921	0.169033020734787	0.1411273628473281	0.1094044372439384	0.2516293227672577	0.2516666054725647	sub-20812	ses-2				space-ACPC			DSIStudio	autotrackgqi
Association_UncinateFasciculusR	rd	TORTOISE_model-tensor	/scratch/executivefunction/SLURM_8364170_79/job-8364170-79-sub-20812-ses-2/ds/inputs/data/qsiprep/qsiprep/sub-20812/ses-2/dwi/sub-20812_ses-2_space-ACPC_desc-preproc_dwi.nii.gz	0.0030592734225621	546.4888705514408	135.1914896703569	541.0177339748565	548.1658597974752	541.1876462096135	131.96043251138565	470.17507039100894	470.2447211323032	sub-20812	ses-2				space-ACPC			DSIStudio	autotrackgqi
Association_CingulumL	ad	TORTOISE_model-tensor	/scratch/executivefunction/SLURM_8364170_79/job-8364170-79-sub-20812-ses-2/ds/inputs/data/qsiprep/qsiprep/sub-20812/ses-2/dwi/sub-20812_ses-2_space-ACPC_desc-preproc_dwi.nii.gz	0.0	812.9901446190403	120.02094148403496	788.4954702753262	812.9901446190403	788.4954702753262	120.02094148403496	827.2607275046704	827.2607275046704	sub-20812	ses-2				space-ACPC			DSIStudio	autotrackgqi
Association_CingulumL	am	TORTOISE_model-tensor	/scratch/executivefunction/SLURM_8364170_79/job-8364170-79-sub-20812-ses-2/ds/inputs/data/qsiprep/qsiprep/sub-20812/ses-2/dwi/sub-20812_ses-2_space-ACPC_desc-preproc_dwi.nii.gz	0.0	444.8709411621094	80.19184875488281	436.2739562988281	444.8709411621094	436.2739562988281	80.19184875488281	387.5989685058594	387.5989685058594	sub-20812	ses-2				space-ACPC			DSIStudio	autotrackgqi
Association_CingulumL	fa	TORTOISE_model-tensor	/scratch/executivefunction/SLURM_8364170_79/job-8364170-79-sub-20812-ses-2/ds/inputs/data/qsiprep/qsiprep/sub-20812/ses-2/dwi/sub-20812_ses-2_space-ACPC_desc-preproc_dwi.nii.gz	0.0	0.322401810568613	0.1833591918013039	0.284299712274219	0.322401810568613	0.284299712274219	0.1833591918013039	0.4739927464969836	0.4739927464969836	sub-20812	ses-2				space-ACPC			DSIStudio	autotrackgqi
Association_CingulumL	li	TORTOISE_model-tensor	/scratch/executivefunction/SLURM_8364170_79/job-8364170-79-sub-20812-ses-2/ds/inputs/data/qsiprep/qsiprep/sub-20812/ses-2/dwi/sub-20812_ses-2_space-ACPC_desc-preproc_dwi.nii.gz	0.0	0.1875590533018112	0.1410626620054245	0.143503338098526	0.1875590533018112	0.143503338098526	0.1410626620054245	0.2931649684906006	0.2931649684906006	sub-20812	ses-2				space-ACPC			DSIStudio	autotrackgqi
Association_CingulumL	rd	TORTOISE_model-tensor	/scratch/executivefunction/SLURM_8364170_79/job-8364170-79-sub-20812-ses-2/ds/inputs/data/qsiprep/qsiprep/sub-20812/ses-2/dwi/sub-20812_ses-2_space-ACPC_desc-preproc_dwi.nii.gz	0.0	496.00887917724674	141.1268944044043	507.0253303010896	496.00887917724674	507.0253303010896	141.1268944044043	375.3876473561261	375.3876473561261	sub-20812	ses-2				space-ACPC			DSIStudio	autotrackgqi
Association_ExtremeCapsuleL	ad	TORTOISE_model-tensor	/scratch/executivefunction/SLURM_8364170_79/job-8364170-79-sub-20812-ses-2/ds/inputs/data/qsiprep/qsiprep/sub-20812/ses-2/dwi/sub-20812_ses-2_space-ACPC_desc-preproc_dwi.nii.gz	0.0	830.3372138389198	144.4110940376115	813.1166727610033	830.3372138389198	813.1166727610033	144.4110940376115	821.0599640058928	821.0599640058928	sub-20812	ses-2				space-ACPC			DSIStudio	autotrackgqi
Association_ExtremeCapsuleL	am	TORTOISE_model-tensor	/scratch/executivefunction/SLURM_8364170_79/job-8364170-79-sub-20812-ses-2/ds/inputs/data/qsiprep/qsiprep/sub-20812/ses-2/dwi/sub-20812_ses-2_space-ACPC_desc-preproc_dwi.nii.gz	0.0	457.0242614746094	91.4820556640625	434.9801025390625	457.0242614746094	434.9801025390625	91.4820556640625	446.3096923828125	446.3096923828125	sub-20812	ses-2				space-ACPC			DSIStudio	autotrackgqi
Association_ExtremeCapsuleL	fa	TORTOISE_model-tensor	/scratch/executivefunction/SLURM_8364170_79/job-8364170-79-sub-20812-ses-2/ds/inputs/data/qsiprep/qsiprep/sub-20812/ses-2/dwi/sub-20812_ses-2_space-ACPC_desc-preproc_dwi.nii.gz	0.0	0.3480853451015268	0.175982511688489	0.3337221697296722	0.3480853451015268	0.3337221697296722	0.175982511688489	0.3930441218693076	0.3930441218693076	sub-20812	ses-2				space-ACPC			DSIStudio	autotrackgqi
Association_ExtremeCapsuleL	li	TORTOISE_model-tensor	/scratch/executivefunction/SLURM_8364170_79/job-8364170-79-sub-20812-ses-2/ds/inputs/data/qsiprep/qsiprep/sub-20812/ses-2/dwi/sub-20812_ses-2_space-ACPC_desc-preproc_dwi.nii.gz	0.0	0.2108417004346847	0.1348711997270584	0.1900365650653839	0.2108417004346847	0.1900365650653839	0.1348711997270584	0.2408797144889831	0.2408797144889831	sub-20812	ses-2				space-ACPC			DSIStudio	autotrackgqi
Association_ExtremeCapsuleL	rd	TORTOISE_model-tensor	/scratch/executivefunction/SLURM_8364170_79/job-8364170-79-sub-20812-ses-2/ds/inputs/data/qsiprep/qsiprep/sub-20812/ses-2/dwi/sub-20812_ses-2_space-ACPC_desc-preproc_dwi.nii.gz	0.0	487.7264309245262	168.46990388980367	453.99784789370153	487.7264309245262	453.99784789370153	168.46990388980367	444.286343104914	444.286343104914	sub-20812	ses-2				space-ACPC			DSIStudio	autotrackgqi
Association_ArcuateFasciculusL	ad	TORTOISE_model-tensor	/scratch/executivefunction/SLURM_8364170_79/job-8364170-79-sub-20812-ses-2/ds/inputs/data/qsiprep/qsiprep/sub-20812/ses-2/dwi/sub-20812_ses-2_space-ACPC_desc-preproc_dwi.nii.gz	0.0062426843542723	792.7917920721932	141.0157097188502	776.2300160589305	797.7720310486969	776.9147111313978	126.63827744696393	807.4676009308428	807.5934769289366	sub-20812	ses-2				space-ACPC			DSIStudio	autotrackgqi
Association_ArcuateFasciculusL	am	TORTOISE_model-tensor	/scratch/executivefunction/SLURM_8364170_79/job-8364170-79-sub-20812-ses-2/ds/inputs/data/qsiprep/qsiprep/sub-20812/ses-2/dwi/sub-20812_ses-2_space-ACPC_desc-preproc_dwi.nii.gz	0.0062426843542723	428.8611145019531	131.832275390625	412.3088684082031	431.55517578125	413.10455322265625	127.77437591552734	383.6033630371094	383.6631164550781	sub-20812	ses-2				space-ACPC			DSIStudio	autotrackgqi
Association_ArcuateFasciculusL	fa	TORTOISE_model-tensor	/scratch/executivefunction/SLURM_8364170_79/job-8364170-79-sub-20812-ses-2/ds/inputs/data/qsiprep/qsiprep/sub-20812/ses-2/dwi/sub-20812_ses-2_space-ACPC_desc-preproc_dwi.nii.gz	0.0062426843542723	0.3299298716572512	0.1740960517428547	0.3173121697822764	0.3320024582086905	0.3184501637671846	0.1726607432279827	0.4833614819333663	0.4834368331813857	sub-20812	ses-2				space-ACPC			DSIStudio	autotrackgqi
Association_ArcuateFasciculusL	li	TORTOISE_model-tensor	/scratch/executivefunction/SLURM_8364170_79/job-8364170-79-sub-20812-ses-2/ds/inputs/data/qsiprep/qsiprep/sub-20812/ses-2/dwi/sub-20812_ses-2_space-ACPC_desc-preproc_dwi.nii.gz	0.0062426843542723	0.1999654173851013	0.1336623281240463	0.1745103299617767	0.2012215703725814	0.176085740327835	0.1331355720758438	0.326913982629776	0.3269649147987366	sub-20812	ses-2				space-ACPC			DSIStudio	autotrackgqi
Association_ArcuateFasciculusL	rd	TORTOISE_model-tensor	/scratch/executivefunction/SLURM_8364170_79/job-8364170-79-sub-20812-ses-2/ds/inputs/data/qsiprep/qsiprep/sub-20812/ses-2/dwi/sub-20812_ses-2_space-ACPC_desc-preproc_dwi.nii.gz	0.0062426843542723	486.4964823464132	170.17981581889305	463.5143167328615	489.5526047325705	464.9652232950762	166.27377489430435	367.8071653638612	367.8645027159295	sub-20812	ses-2				space-ACPC			DSIStudio	autotrackgqi
Association_InferiorLongitudinalFasciculusR	ad	TORTOISE_model-tensor	/scratch/executivefunction/SLURM_8364170_79/job-8364170-79-sub-20812-ses-2/ds/inputs/data/qsiprep/qsiprep/sub-20812/ses-2/dwi/sub-20812_ses-2_space-ACPC_desc-preproc_dwi.nii.gz	0.001093374152635	792.4005709126659	128.79744329902127	773.1951438324049	793.2679095410729	773.3552152042383	126.17015137344876	825.975607492035	826.0214936724301	sub-20812	ses-2				space-ACPC			DSIStudio	autotrackgqi
Association_InferiorLongitudinalFasciculusR	am	TORTOISE_model-tensor	/scratch/executivefunction/SLURM_8364170_79/job-8364170-79-sub-20812-ses-2/ds/inputs/data/qsiprep/qsiprep/sub-20812/ses-2/dwi/sub-20812_ses-2_space-ACPC_desc-preproc_dwi.nii.gz	0.001093374152635	455.1207580566406	123.37967681884766	439.26116943359375	455.6189270019531	439.3621215820313	122.52442169189452	413.8772277832031	413.9002380371094	sub-20812	ses-2				space-ACPC			DSIStudio	autotrackgqi
Association_InferiorLongitudinalFasciculusR	fa	TORTOISE_model-tensor	/scratch/executivefunction/SLURM_8364170_79/job-8364170-79-sub-20812-ses-2/ds/inputs/data/qsiprep/qsiprep/sub-20812/ses-2/dwi/sub-20812_ses-2_space-ACPC_desc-preproc_dwi.nii.gz	0.001093374152635	0.3053326556033366	0.1681840366905445	0.2717726827797811	0.3056668638515889	0.2720076411485944	0.1679722438428645	0.4443025648543025	0.4443272475991021	sub-20812	ses-2				space-ACPC			DSIStudio	autotrackgqi
Association_InferiorLongitudinalFasciculusR	li	TORTOISE_model-tensor	/scratch/executivefunction/SLURM_8364170_79/job-8364170-79-sub-20812-ses-2/ds/inputs/data/qsiprep/qsiprep/sub-20812/ses-2/dwi/sub-20812_ses-2_space-ACPC_desc-preproc_dwi.nii.gz	0.001093374152635	0.1722118407487869	0.1245533600449562	0.1349133849143982	0.1724003404378891	0.1351264417171478	0.1244910582900047	0.2756235897541046	0.2756389081478119	sub-20812	ses-2				space-ACPC			DSIStudio	autotrackgqi
Association_InferiorLongitudinalFasciculusR	rd	TORTOISE_model-tensor	/scratch/executivefunction/SLURM_8364170_79/job-8364170-79-sub-20812-ses-2/ds/inputs/data/qsiprep/qsiprep/sub-20812/ses-2/dwi/sub-20812_ses-2_space-ACPC_desc-preproc_dwi.nii.gz	0.001093374152635	498.5519255698969	127.87202418237378	502.28801788488187	499.097626013822	502.5420010634633	126.87314286447754	398.8549706314924	398.8771285690767	sub-20812	ses-2				space-ACPC			DSIStudio	autotrackgqi
ProjectionBrainstem_NonDecussatingDentatorubrothalamicTractR	ad	TORTOISE_model-tensor	/scratch/executivefunction/SLURM_8364170_79/job-8364170-79-sub-20812-ses-2/ds/inputs/data/qsiprep/qsiprep/sub-20812/ses-2/dwi/sub-20812_ses-2_space-ACPC_desc-preproc_dwi.nii.gz	0.0	828.3738364879612	206.5176589620052	787.1033369872353	828.3738364879612	787.1033369872353	206.5176589620052	855.8179357475368	855.8179357475368	sub-20812	ses-2				space-ACPC			DSIStudio	autotrackgqi
ProjectionBrainstem_NonDecussatingDentatorubrothalamicTractR	am	TORTOISE_model-tensor	/scratch/executivefunction/SLURM_8364170_79/job-8364170-79-sub-20812-ses-2/ds/inputs/data/qsiprep/qsiprep/sub-20812/ses-2/dwi/sub-20812_ses-2_space-ACPC_desc-preproc_dwi.nii.gz	0.0	447.2511291503906	143.31922912597656	411.4098815917969	447.2511291503906	411.4098815917969	143.31922912597656	451.623291015625	451.623291015625	sub-20812	ses-2				space-ACPC			DSIStudio	autotrackgqi
ProjectionBrainstem_NonDecussatingDentatorubrothalamicTractR	fa	TORTOISE_model-tensor	/scratch/executivefunction/SLURM_8364170_79/job-8364170-79-sub-20812-ses-2/ds/inputs/data/qsiprep/qsiprep/sub-20812/ses-2/dwi/sub-20812_ses-2_space-ACPC_desc-preproc_dwi.nii.gz	0.0	0.4474070999716655	0.1798717475258438	0.4406041509995684	0.4474070999716655	0.4406041509995684	0.1798717475258438	0.4514839613718596	0.4514839613718596	sub-20812	ses-2				space-ACPC			DSIStudio	autotrackgqi
ProjectionBrainstem_NonDecussatingDentatorubrothalamicTractR	li	TORTOISE_model-tensor	/scratch/executivefunction/SLURM_8364170_79/job-8364170-79-sub-20812-ses-2/ds/inputs/data/qsiprep/qsiprep/sub-20812/ses-2/dwi/sub-20812_ses-2_space-ACPC_desc-preproc_dwi.nii.gz	0.0	0.3039053082466125	0.1555659174919128	0.2829615771770477	0.3039053082466125	0.2829615771770477	0.1555659174919128	0.3036242425441742	0.3036242425441742	sub-20812	ses-2				space-ACPC			DSIStudio	autotrackgqi
ProjectionBrainstem_NonDecussatingDentatorubrothalamicTractR	rd	TORTOISE_model-tensor	/scratch/executivefunction/SLURM_8364170_79/job-8364170-79-sub-20812-ses-2/ds/inputs/data/qsiprep/qsiprep/sub-20812/ses-2/dwi/sub-20812_ses-2_space-ACPC_desc-preproc_dwi.nii.gz	0.0	398.3284963735279	162.01983993537095	362.3661222224519	398.3284963735279	362.3661222224519	162.01983993537095	407.9903083027572	407.9903083027572	sub-20812	ses-2				space-ACPC			DSIStudio	autotrackgqi
ProjectionBrainstem_CorticopontineTractR	ad	TORTOISE_model-tensor	/scratch/executivefunction/SLURM_8364170_79/job-8364170-79-sub-20812-ses-2/ds/inputs/data/qsiprep/qsiprep/sub-20812/ses-2/dwi/sub-20812_ses-2_space-ACPC_desc-preproc_dwi.nii.gz	0.0	832.5903074490975	151.18621649157308	813.5411836853045	832.5903074490975	813.5411836853045	151.18621649157308	872.656556439227	872.656556439227	sub-20812	ses-2				space-ACPC			DSIStudio	autotrackgqi
ProjectionBrainstem_CorticopontineTractR	am	TORTOISE_model-tensor	/scratch/executivefunction/SLURM_8364170_79/job-8364170-79-sub-20812-ses-2/ds/inputs/data/qsiprep/qsiprep/sub-20812/ses-2/dwi/sub-20812_ses-2_space-ACPC_desc-preproc_dwi.nii.gz	0.0	434.9876708984375	92.3273696899414	418.228759765625	434.9876708984375	418.228759765625	92.3273696899414	404.8171081542969	404.8171081542969	sub-20812	ses-2				space-ACPC			DSIStudio	autotrackgqi
ProjectionBrainstem_CorticopontineTractR	fa	TORTOISE_model-tensor	/scratch/executivefunction/SLURM_8364170_79/job-8364170-79-sub-20812-ses-2/ds/inputs/data/qsiprep/qsiprep/sub-20812/ses-2/dwi/sub-20812_ses-2_space-ACPC_desc-preproc_dwi.nii.gz	0.0	0.4225795134561384	0.1900019814007233	0.4203932125963852	0.4225795134561384	0.4203932125963852	0.1900019814007233	0.5468009743818574	0.5468009743818574	sub-20812	ses-2				space-ACPC			DSIStudio	autotrackgqi
ProjectionBrainstem_CorticopontineTractR	li	TORTOISE_model-tensor	/scratch/executivefunction/SLURM_8364170_79/job-8364170-79-sub-20812-ses-2/ds/inputs/data/qsiprep/qsiprep/sub-20812/ses-2/dwi/sub-20812_ses-2_space-ACPC_desc-preproc_dwi.nii.gz	0.0	0.277688056230545	0.1609979569911956	0.2584933936595917	0.277688056230545	0.2584933936595917	0.1609979569911956	0.3863528072834015	0.3863528072834015	sub-20812	ses-2				space-ACPC			DSIStudio	autotrackgqi
ProjectionBrainstem_CorticopontineTractR	rd	TORTOISE_model-tensor	/scratch/executivefunction/SLURM_8364170_79/job-8364170-79-sub-20812-ses-2/ds/inputs/data/qsiprep/qsiprep/sub-20812/ses-2/dwi/sub-20812_ses-2_space-ACPC_desc-preproc_dwi.nii.gz	0.0	423.8491727111648	154.04254284983725	388.1395771441317	423.8491727111648	388.1395771441317	154.04254284983725	331.7278182660751	331.7278182660751	sub-20812	ses-2				space-ACPC			DSIStudio	autotrackgqi
ProjectionBasalGanglia_OpticRadiationL	ad	TORTOISE_model-tensor	/scratch/executivefunction/SLURM_8364170_79/job-8364170-79-sub-20812-ses-2/ds/inputs/data/qsiprep/qsiprep/sub-20812/ses-2/dwi/sub-20812_ses-2_space-ACPC_desc-preproc_dwi.nii.gz	0.0	816.0257383768756	169.64859559160374	775.7965347465555	816.0257383768756	775.7965347465555	169.64859559160374	826.6906252892078	826.6906252892078	sub-20812	ses-2				space-ACPC			DSIStudio	autotrackgqi
ProjectionBasalGanglia_OpticRadiationL	am	TORTOISE_model-tensor	/scratch/executivefunction/SLURM_8364170_79/job-8364170-79-sub-20812-ses-2/ds/inputs/data/qsiprep/qsiprep/sub-20812/ses-2/dwi/sub-20812_ses-2_space-ACPC_desc-preproc_dwi.nii.gz	0.0	467.2092590332031	118.89151000976562	461.2228393554688	467.2092590332031	461.2228393554688	118.89151000976562	440.6607971191406	440.6607971191406	sub-20812	ses-2				space-ACPC			DSIStudio	autotrackgqi
ProjectionBasalGanglia_OpticRadiationL	fa	TORTOISE_model-tensor	/scratch/executivefunction/SLURM_8364170_79/job-8364170-79-sub-20812-ses-2/ds/inputs/data/qsiprep/qsiprep/sub-20812/ses-2/dwi/sub-20812_ses-2_space-ACPC_desc-preproc_dwi.nii.gz	0.0	0.3435837771781498	0.1929293393770989	0.3239041102341986	0.3435837771781498	0.3239041102341986	0.1929293393770989	0.4213947091089137	0.4213947091089137	sub-20812	ses-2				space-ACPC			DSIStudio	autotrackgqi
ProjectionBasalGanglia_OpticRadiationL	li	TORTOISE_model-tensor	/scratch/executivefunction/SLURM_8364170_79/job-8364170-79-sub-20812-ses-2/ds/inputs/data/qsiprep/qsiprep/sub-20812/ses-2/dwi/sub-20812_ses-2_space-ACPC_desc-preproc_dwi.nii.gz	0.0	0.2062025815248489	0.1475404947996139	0.1790901869535446	0.2062025815248489	0.1790901869535446	0.1475404947996139	0.255486786365509	0.255486786365509	sub-20812	ses-2				space-ACPC			DSIStudio	autotrackgqi
ProjectionBasalGanglia_OpticRadiationL	rd	TORTOISE_model-tensor	/scratch/executivefunction/SLURM_8364170_79/job-8364170-79-sub-20812-ses-2/ds/inputs/data/qsiprep/qsiprep/sub-20812/ses-2/dwi/sub-20812_ses-2_space-ACPC_desc-preproc_dwi.nii.gz	0.0	476.9272053796831	161.23365625683638	443.59578419051206	476.9272053796831	443.59578419051206	161.23365625683638	413.9560825368603	413.9560825368603	sub-20812	ses-2				space-ACPC			DSIStudio	autotrackgqi
ProjectionBasalGanglia_AnsaLenticularisL	ad	TORTOISE_model-tensor	/scratch/executivefunction/SLURM_8364170_79/job-8364170-79-sub-20812-ses-2/ds/inputs/data/qsiprep/qsiprep/sub-20812/ses-2/dwi/sub-20812_ses-2_space-ACPC_desc-preproc_dwi.nii.gz	0.0	846.1065173007487	185.47863634240943	801.4273496231608	846.1065173007487	801.4273496231608	185.47863634240943	813.8998756003516	813.8998756003516	sub-20812	ses-2				space-ACPC			DSIStudio	autotrackgqi
ProjectionBasalGanglia_AnsaLenticularisL	am	TORTOISE_model-tensor	/scratch/executivefunction/SLURM_8364170_79/job-8364170-79-sub-20812-ses-2/ds/inputs/data/qsiprep/qsiprep/sub-20812/ses-2/dwi/sub-20812_ses-2_space-ACPC_desc-preproc_dwi.nii.gz	0.0	422.3253173828125	112.12884521484376	396.18695068359375	422.3253173828125	396.18695068359375	112.12884521484376	397.0020751953125	397.0020751953125	sub-20812	ses-2				space-ACPC			DSIStudio	autotrackgqi
ProjectionBasalGanglia_AnsaLenticularisL	fa	TORTOISE_model-tensor	/scratch/executivefunction/SLURM_8364170_79/job-8364170-79-sub-20812-ses-2/ds/inputs/data/qsiprep/qsiprep/sub-20812/ses-2/dwi/sub-20812_ses-2_space-ACPC_desc-preproc_dwi.nii.gz	0.0	0.3155298324423634	0.1350573642963946	0.2947355016358435	0.3155298324423634	0.2947355016358435	0.1350573642963946	0.3367863259711063	0.3367863259711063	sub-20812	ses-2				space-ACPC			DSIStudio	autotrackgqi
ProjectionBasalGanglia_AnsaLenticularisL	li	TORTOISE_model-tensor	/scratch/executivefunction/SLURM_8364170_79/job-8364170-79-sub-20812-ses-2/ds/inputs/data/qsiprep/qsiprep/sub-20812/ses-2/dwi/sub-20812_ses-2_space-ACPC_desc-preproc_dwi.nii.gz	0.0	0.1910679787397384	0.0996890068054199	0.1725159287452697	0.1910679787397384	0.1725159287452697	0.0996890068054199	0.2005180418491363	0.2005180418491363	sub-20812	ses-2				space-ACPC			DSIStudio	autotrackgqi
ProjectionBasalGanglia_AnsaLenticularisL	rd	TORTOISE_model-tensor	/scratch/executivefunction/SLURM_8364170_79/job-8364170-79-sub-20812-ses-2/ds/inputs/data/qsiprep/qsiprep/sub-20812/ses-2/dwi/sub-20812_ses-2_space-ACPC_desc-preproc_dwi.nii.gz	0.0	525.2898479373536	161.5329615827698	503.708259066213	525.2898479373536	503.708259066213	161.5329615827698	484.12750491203536	484.12750491203536	sub-20812	ses-2				space-ACPC			DSIStudio	autotrackgqi
ProjectionBrainstem_MedialForebrainBundleR	ad	TORTOISE_model-tensor	/scratch/executivefunction/SLURM_8364170_79/job-8364170-79-sub-20812-ses-2/ds/inputs/data/qsiprep/qsiprep/sub-20812/ses-2/dwi/sub-20812_ses-2_space-ACPC_desc-preproc_dwi.nii.gz	0.0	855.20196485601	232.13648871252408	800.9872496023139	855.20196485601	800.9872496023139	232.13648871252408	879.1566729834149	879.1566729834149	sub-20812	ses-2				space-ACPC			DSIStudio	autotrackgqi
ProjectionBrainstem_MedialForebrainBundleR	am	TORTOISE_model-tensor	/scratch/executivefunction/SLURM_8364170_79/job-8364170-79-sub-20812-ses-2/ds/inputs/data/qsiprep/qsiprep/sub-20812/ses-2/dwi/sub-20812_ses-2_space-ACPC_desc-preproc_dwi.nii.gz	0.0	482.95458984375	180.4594268798828	427.4322509765625	482.95458984375	427.4322509765625	180.4594268798828	475.5493774414063	475.5493774414063	sub-20812	ses-2				space-ACPC			DSIStudio	autotrackgqi
ProjectionBrainstem_MedialForebrainBundleR	fa	TORTOISE_model-tensor	/scratch/executivefunction/SLURM_8364170_79/job-8364170-79-sub-20812-ses-2/ds/inputs/data/qsiprep/qsiprep/sub-20812/ses-2/dwi/sub-20812_ses-2_space-ACPC_desc-preproc_dwi.nii.gz	0.0	0.3290646398133025	0.1387165212312774	0.3207364109446345	0.3290646398133025	0.3207364109446345	0.1387165212312774	0.3749987226377849	0.3749987226377849	sub-20812	ses-2				space-ACPC			DSIStudio	autotrackgqi
ProjectionBrainstem_MedialForebrainBundleR	li	TORTOISE_model-tensor	/scratch/executivefunction/SLURM_8364170_79/job-8364170-79-sub-20812-ses-2/ds/inputs/data/qsiprep/qsiprep/sub-20812/ses-2/dwi/sub-20812_ses-2_space-ACPC_desc-preproc_dwi.nii.gz	0.0	0.198537528514862	0.1017138734459877	0.190274491906166	0.198537528514862	0.190274491906166	0.1017138734459877	0.2328617125749588	0.2328617125749588	sub-20812	ses-2				space-ACPC			DSIStudio	autotrackgqi
ProjectionBrainstem_MedialForebrainBundleR	rd	TORTOISE_model-tensor	/scratch/executivefunction/SLURM_8364170_79/job-8364170-79-sub-20812-ses-2/ds/inputs/data/qsiprep/qsiprep/sub-20812/ses-2/dwi/sub-20812_ses-2_space-ACPC_desc-preproc_dwi.nii.gz	0.0	516.3887928453545	192.1882303197935	462.3617382781847	516.3887928453545	462.3617382781847	192.1882303197935	485.07359867801233	485.07359867801233	sub-20812	ses-2				space-ACPC			DSIStudio	autotrackgqi
ProjectionBrainstem_ReticularTractL	ad	TORTOISE_model-tensor	/scratch/executivefunction/SLURM_8364170_79/job-8364170-79-sub-20812-ses-2/ds/inputs/data/qsiprep/qsiprep/sub-20812/ses-2/dwi/sub-20812_ses-2_space-ACPC_desc-preproc_dwi.nii.gz	0.0	809.1985824715994	130.38903656366443	789.6066764009781	809.1985824715994	789.6066764009781	130.38903656366443	791.0882488788486	791.0883179673062	sub-20812	ses-2				space-ACPC			DSIStudio	autotrackgqi
ProjectionBrainstem_ReticularTractL	am	TORTOISE_model-tensor	/scratch/executivefunction/SLURM_8364170_79/job-8364170-79-sub-20812-ses-2/ds/inputs/data/qsiprep/qsiprep/sub-20812/ses-2/dwi/sub-20812_ses-2_space-ACPC_desc-preproc_dwi.nii.gz	0.0	404.6867980957031	122.58624267578124	382.2019653320313	404.6867980957031	382.2019653320313	122.58624267578124	371.3583984375	371.35845947265625	sub-20812	ses-2				space-ACPC			DSIStudio	autotrackgqi
ProjectionBrainstem_ReticularTractL	fa	TORTOISE_model-tensor	/scratch/executivefunction/SLURM_8364170_79/job-8364170-79-sub-20812-ses-2/ds/inputs/data/qsiprep/qsiprep/sub-20812/ses-2/dwi/sub-20812_ses-2_space-ACPC_desc-preproc_dwi.nii.gz	0.0	0.4171976197481433	0.1683771244604854	0.4073775011133878	0.4171976197481433	0.4073775011133878	0.1683771244604854	0.4365754330628594	0.4365754712742403	sub-20812	ses-2				space-ACPC			DSIStudio	autotrackgqi
ProjectionBrainstem_ReticularTractL	li	TORTOISE_model-tensor	/scratch/executivefunction/SLURM_8364170_79/job-8364170-79-sub-20812-ses-2/ds/inputs/data/qsiprep/qsiprep/sub-20812/ses-2/dwi/sub-20812_ses-2_space-ACPC_desc-preproc_dwi.nii.gz	0.0	0.2662419080734253	0.1332663595676422	0.2515714168548584	0.2662419080734253	0.2515714168548584	0.1332663595676422	0.2793684899806976	0.27936851978302	sub-20812	ses-2				space-ACPC			DSIStudio	autotrackgqi
ProjectionBrainstem_ReticularTractL	rd	TORTOISE_model-tensor	/scratch/executivefunction/SLURM_8364170_79/job-8364170-79-sub-20812-ses-2/ds/inputs/data/qsiprep/qsiprep/sub-20812/ses-2/dwi/sub-20812_ses-2_space-ACPC_desc-preproc_dwi.nii.gz	0.0	412.58404192269336	124.3587823163	392.99221923962045	412.58404192269336	392.99221923962045	124.3587823163	388.014493847994	388.0145277247807	sub-20812	ses-2				space-ACPC			DSIStudio	autotrackgqi
ProjectionBrainstem_CorticopontineTractL	ad	TORTOISE_model-tensor	/scratch/executivefunction/SLURM_8364170_79/job-8364170-79-sub-20812-ses-2/ds/inputs/data/qsiprep/qsiprep/sub-20812/ses-2/dwi/sub-20812_ses-2_space-ACPC_desc-preproc_dwi.nii.gz	0.0004317323259579	827.8784728628918	155.30401227764597	801.0568412943765	828.2360491388288	801.0763130644782	154.38133391777262	871.157730503842	871.1682710716074	sub-20812	ses-2				space-ACPC			DSIStudio	autotrackgqi
ProjectionBrainstem_CorticopontineTractL	am	TORTOISE_model-tensor	/scratch/executivefunction/SLURM_8364170_79/job-8364170-79-sub-20812-ses-2/ds/inputs/data/qsiprep/qsiprep/sub-20812/ses-2/dwi/sub-20812_ses-2_space-ACPC_desc-preproc_dwi.nii.gz	0.0004317323259579	442.1866149902344	98.8126220703125	427.3778381347656	442.3775939941406	427.39166259765625	98.40560150146484	407.8342590332031	407.8392028808594	sub-20812	ses-2				space-ACPC			DSIStudio	autotrackgqi
ProjectionBrainstem_CorticopontineTractL	fa	TORTOISE_model-tensor	/scratch/executivefunction/SLURM_8364170_79/job-8364170-79-sub-20812-ses-2/ds/inputs/data/qsiprep/qsiprep/sub-20812/ses-2/dwi/sub-20812_ses-2_space-ACPC_desc-preproc_dwi.nii.gz	0.0004317323259579	0.4042931194228696	0.2002056584974186	0.4023656641828064	0.4044677412215621	0.4024604794656908	0.2000724596521148	0.5080476156172079	0.5080537627974611	sub-20812	ses-2				space-ACPC			DSIStudio	autotrackgqi
ProjectionBrainstem_CorticopontineTractL	li	TORTOISE_model-tensor	/scratch/executivefunction/SLURM_8364170_79/job-8364170-79-sub-20812-ses-2/ds/inputs/data/qsiprep/qsiprep/sub-20812/ses-2/dwi/sub-20812_ses-2_space-ACPC_desc-preproc_dwi.nii.gz	0.0004317323259579	0.2609630525112152	0.1654658764600753	0.2401422709226608	0.2610757648944855	0.2403966933488845	0.1654126793146133	0.3468159437179565	0.3468201458454132	sub-20812	ses-2				space-ACPC			DSIStudio	autotrackgqi
ProjectionBrainstem_CorticopontineTractL	rd	TORTOISE_model-tensor	/scratch/executivefunction/SLURM_8364170_79/job-8364170-79-sub-20812-ses-2/ds/inputs/data/qsiprep/qsiprep/sub-20812/ses-2/dwi/sub-20812_ses-2_space-ACPC_desc-preproc_dwi.nii.gz	0.0004317323259579	435.2465668574992	165.27418032945005	394.6043245438185	435.4345580320408	394.642071661896	165.0620941680776	365.3711016891816	365.37552245028775	sub-20812	ses-2				space-ACPC			DSIStudio	autotrackgqi
ProjectionBrainstem_MedialLemniscusL	ad	TORTOISE_model-tensor	/scratch/executivefunction/SLURM_8364170_79/job-8364170-79-sub-20812-ses-2/ds/inputs/data/qsiprep/qsiprep/sub-20812/ses-2/dwi/sub-20812_ses-2_space-ACPC_desc-preproc_dwi.nii.gz	0.0	864.9357830440847	154.2303300627316	837.8933162168598	864.9357830440847	837.8933162168598	154.2303300627316	895.0324910973909	895.0325678572891	sub-20812	ses-2				space-ACPC			DSIStudio	autotrackgqi
ProjectionBrainstem_MedialLemniscusL	am	TORTOISE_model-tensor	/scratch/executivefunction/SLURM_8364170_79/job-8364170-79-sub-20812-ses-2/ds/inputs/data/qsiprep/qsiprep/sub-20812/ses-2/dwi/sub-20812_ses-2_space-ACPC_desc-preproc_dwi.nii.gz	0.0	432.5107421875	63.63589859008789	426.781494140625	432.5107421875	426.781494140625	63.63589859008789	429.4780578613281	429.4780883789063	sub-20812	ses-2				space-ACPC			DSIStudio	autotrackgqi
ProjectionBrainstem_MedialLemniscusL	fa	TORTOISE_model-tensor	/scratch/executivefunction/SLURM_8364170_79/job-8364170-79-sub-20812-ses-2/ds/inputs/data/qsiprep/qsiprep/sub-20812/ses-2/dwi/sub-20812_ses-2_space-ACPC_desc-preproc_dwi.nii.gz	0.0	0.483396263194668	0.180975363726223	0.4959263199992909	0.483396263194668	0.4959263199992909	0.180975363726223	0.552491890813555	0.5524919381476957	sub-20812	ses-2				space-ACPC			DSIStudio	autotrackgqi
ProjectionBrainstem_MedialLemniscusL	li	TORTOISE_model-tensor	/scratch/executivefunction/SLURM_8364170_79/job-8364170-79-sub-20812-ses-2/ds/inputs/data/qsiprep/qsiprep/sub-20812/ses-2/dwi/sub-20812_ses-2_space-ACPC_desc-preproc_dwi.nii.gz	0.0	0.331946313381195	0.1589395552873611	0.3229389190673828	0.331946313381195	0.3229389190673828	0.1589395552873611	0.3945797979831695	0.3945798277854919	sub-20812	ses-2				space-ACPC			DSIStudio	autotrackgqi
ProjectionBrainstem_MedialLemniscusL	rd	TORTOISE_model-tensor	/scratch/executivefunction/SLURM_8364170_79/job-8364170-79-sub-20812-ses-2/ds/inputs/data/qsiprep/qsiprep/sub-20812/ses-2/dwi/sub-20812_ses-2_space-ACPC_desc-preproc_dwi.nii.gz	0.0	382.5954455221395	138.6636698244678	356.0095434055241	382.5954455221395	356.0095434055241	138.6636698244678	336.1014941933484	336.10152317238425	sub-20812	ses-2				space-ACPC			DSIStudio	autotrackgqi
ProjectionBrainstem_ReticularTractR	ad	TORTOISE_model-tensor	/scratch/executivefunction/SLURM_8364170_79/job-8364170-79-sub-20812-ses-2/ds/inputs/data/qsiprep/qsiprep/sub-20812/ses-2/dwi/sub-20812_ses-2_space-ACPC_desc-preproc_dwi.nii.gz	0.0	817.1017752342988	155.72270840392602	797.1061477863187	817.1017752342988	797.1061477863187	155.72270840392602	840.5355795541949	840.5355795541949	sub-20812	ses-2				space-ACPC			DSIStudio	autotrackgqi
ProjectionBrainstem_ReticularTractR	am	TORTOISE_model-tensor	/scratch/executivefunction/SLURM_8364170_79/job-8364170-79-sub-20812-ses-2/ds/inputs/data/qsiprep/qsiprep/sub-20812/ses-2/dwi/sub-20812_ses-2_space-ACPC_desc-preproc_dwi.nii.gz	0.0	406.52197265625	105.96453094482422	378.1271057128906	406.52197265625	378.1271057128906	105.96453094482422	412.6521606445313	412.6521606445313	sub-20812	ses-2				space-ACPC			DSIStudio	autotrackgqi
ProjectionBrainstem_ReticularTractR	fa	TORTOISE_model-tensor	/scratch/executivefunction/SLURM_8364170_79/job-8364170-79-sub-20812-ses-2/ds/inputs/data/qsiprep/qsiprep/sub-20812/ses-2/dwi/sub-20812_ses-2_space-ACPC_desc-preproc_dwi.nii.gz	0.0	0.4249633175567334	0.1636393575160934	0.4164482096901845	0.4249633175567334	0.4164482096901845	0.1636393575160934	0.4370842493996918	0.4370842493996918	sub-20812	ses-2				space-ACPC			DSIStudio	autotrackgqi
ProjectionBrainstem_ReticularTractR	li	TORTOISE_model-tensor	/scratch/executivefunction/SLURM_8364170_79/job-8364170-79-sub-20812-ses-2/ds/inputs/data/qsiprep/qsiprep/sub-20812/ses-2/dwi/sub-20812_ses-2_space-ACPC_desc-preproc_dwi.nii.gz	0.0	0.2786248028278351	0.1377741247415542	0.2599724233150482	0.2786248028278351	0.2599724233150482	0.1377741247415542	0.2899935245513916	0.2899935245513916	sub-20812	ses-2				space-ACPC			DSIStudio	autotrackgqi
ProjectionBrainstem_ReticularTractR	rd	TORTOISE_model-tensor	/scratch/executivefunction/SLURM_8364170_79/job-8364170-79-sub-20812-ses-2/ds/inputs/data/qsiprep/qsiprep/sub-20812/ses-2/dwi/sub-20812_ses-2_space-ACPC_desc-preproc_dwi.nii.gz	0.0	413.2278091430941	135.76127535453332	389.3002682480766	413.2278091430941	389.3002682480766	135.76127535453332	412.8356769241989	412.8356769241989	sub-20812	ses-2				space-ACPC			DSIStudio	autotrackgqi
ProjectionBasalGanglia_ThalamicRadiationR	ad	TORTOISE_model-tensor	/scratch/executivefunction/SLURM_8364170_79/job-8364170-79-sub-20812-ses-2/ds/inputs/data/qsiprep/qsiprep/sub-20812/ses-2/dwi/sub-20812_ses-2_space-ACPC_desc-preproc_dwi.nii.gz	0.0	822.4833845984465	147.3263512976461	799.3425144530602	822.4833845984465	799.3425144530602	147.3263512976461	821.6170402214932	821.6170402214932	sub-20812	ses-2				space-ACPC			DSIStudio	autotrackgqi
ProjectionBasalGanglia_ThalamicRadiationR	am	TORTOISE_model-tensor	/scratch/executivefunction/SLURM_8364170_79/job-8364170-79-sub-20812-ses-2/ds/inputs/data/qsiprep/qsiprep/sub-20812/ses-2/dwi/sub-20812_ses-2_space-ACPC_desc-preproc_dwi.nii.gz	0.0	431.6059875488281	93.81027221679688	413.4822082519531	431.6059875488281	413.4822082519531	93.81027221679688	394.4019470214844	394.4019470214844	sub-20812	ses-2				space-ACPC			DSIStudio	autotrackgqi
ProjectionBasalGanglia_ThalamicRadiationR	fa	TORTOISE_model-tensor	/scratch/executivefunction/SLURM_8364170_79/job-8364170-79-sub-20812-ses-2/ds/inputs/data/qsiprep/qsiprep/sub-20812/ses-2/dwi/sub-20812_ses-2_space-ACPC_desc-preproc_dwi.nii.gz	0.0	0.3809562602911801	0.1789925178255823	0.3663808414907152	0.3809562602911801	0.3663808414907152	0.1789925178255823	0.4390334896156179	0.4390334896156179	sub-20812	ses-2				space-ACPC			DSIStudio	autotrackgqi
ProjectionBasalGanglia_ThalamicRadiationR	li	TORTOISE_model-tensor	/scratch/executivefunction/SLURM_8364170_79/job-8364170-79-sub-20812-ses-2/ds/inputs/data/qsiprep/qsiprep/sub-20812/ses-2/dwi/sub-20812_ses-2_space-ACPC_desc-preproc_dwi.nii.gz	0.0001027960526315	0.2425891906023025	0.1468171924352646	0.2153286337852478	0.242614135146141	0.215341567993164	0.1468041241168975	0.2888266444206238	0.2888273000717163	sub-20812	ses-2				space-ACPC			DSIStudio	autotrackgqi
ProjectionBasalGanglia_ThalamicRadiationR	rd	TORTOISE_model-tensor	/scratch/executivefunction/SLURM_8364170_79/job-8364170-79-sub-20812-ses-2/ds/inputs/data/qsiprep/qsiprep/sub-20812/ses-2/dwi/sub-20812_ses-2_space-ACPC_desc-preproc_dwi.nii.gz	0.0	455.02651693426463	153.26244554751457	426.4349105892889	455.02651693426463	426.4349105892889	153.26244554751457	399.26380011559627	399.26380011559627	sub-20812	ses-2				space-ACPC			DSIStudio	autotrackgqi
ProjectionBrainstem_DentatorubrothalamicTract-rl	ad	TORTOISE_model-tensor	/scratch/executivefunction/SLURM_8364170_79/job-8364170-79-sub-20812-ses-2/ds/inputs/data/qsiprep/qsiprep/sub-20812/ses-2/dwi/sub-20812_ses-2_space-ACPC_desc-preproc_dwi.nii.gz	0.0	848.0836881589356	200.01194677836529	813.8705720696025	848.0836881589356	813.8705720696025	200.01194677836529	883.3980146204823	883.3980146204823	sub-20812	ses-2				space-ACPC			DSIStudio	autotrackgqi
ProjectionBrainstem_DentatorubrothalamicTract-rl	am	TORTOISE_model-tensor	/scratch/executivefunction/SLURM_8364170_79/job-8364170-79-sub-20812-ses-2/ds/inputs/data/qsiprep/qsiprep/sub-20812/ses-2/dwi/sub-20812_ses-2_space-ACPC_desc-preproc_dwi.nii.gz	0.0	418.78656005859375	129.01710510253906	377.6476745605469	418.78656005859375	377.6476745605469	129.01710510253906	411.7921447753906	411.7921447753906	sub-20812	ses-2				space-ACPC			DSIStudio	autotrackgqi
ProjectionBrainstem_DentatorubrothalamicTract-rl	fa	TORTOISE_model-tensor	/scratch/executivefunction/SLURM_8364170_79/job-8364170-79-sub-20812-ses-2/ds/inputs/data/qsiprep/qsiprep/sub-20812/ses-2/dwi/sub-20812_ses-2_space-ACPC_desc-preproc_dwi.nii.gz	0.0	0.4753761262892778	0.1907698732960979	0.4725066376828432	0.4753761262892778	0.4725066376828432	0.1907698732960979	0.5090895687541325	0.5090895687541325	sub-20812	ses-2				space-ACPC			DSIStudio	autotrackgqi
ProjectionBrainstem_DentatorubrothalamicTract-rl	li	TORTOISE_model-tensor	/scratch/executivefunction/SLURM_8364170_79/job-8364170-79-sub-20812-ses-2/ds/inputs/data/qsiprep/qsiprep/sub-20812/ses-2/dwi/sub-20812_ses-2_space-ACPC_desc-preproc_dwi.nii.gz	0.0	0.3211495578289032	0.1675800830125808	0.2989644706249237	0.3211495578289032	0.2989644706249237	0.1675800830125808	0.3441445827484131	0.3441445827484131	sub-20812	ses-2				space-ACPC			DSIStudio	autotrackgqi
ProjectionBrainstem_DentatorubrothalamicTract-rl	rd	TORTOISE_model-tensor	/scratch/executivefunction/SLURM_8364170_79/job-8364170-79-sub-20812-ses-2/ds/inputs/data/qsiprep/qsiprep/sub-20812/ses-2/dwi/sub-20812_ses-2_space-ACPC_desc-preproc_dwi.nii.gz	0.0	384.4124001786389	160.49545385032172	352.8163633693712	384.4124001786389	352.8163633693712	160.49545385032172	373.1903020575682	373.1903020575682	sub-20812	ses-2				space-ACPC			DSIStudio	autotrackgqi
ProjectionBasalGanglia_AcousticRadiationL	ad	TORTOISE_model-tensor	/scratch/executivefunction/SLURM_8364170_79/job-8364170-79-sub-20812-ses-2/ds/inputs/data/qsiprep/qsiprep/sub-20812/ses-2/dwi/sub-20812_ses-2_space-ACPC_desc-preproc_dwi.nii.gz	0.0	873.6778468113349	203.72120793455	825.4727623188072	873.6778468113349	825.4727623188072	203.72120793455	843.5590089611969	843.5590089611969	sub-20812	ses-2				space-ACPC			DSIStudio	autotrackgqi
ProjectionBasalGanglia_AcousticRadiationL	am	TORTOISE_model-tensor	/scratch/executivefunction/SLURM_8364170_79/job-8364170-79-sub-20812-ses-2/ds/inputs/data/qsiprep/qsiprep/sub-20812/ses-2/dwi/sub-20812_ses-2_space-ACPC_desc-preproc_dwi.nii.gz	0.0	443.9842834472656	107.25066375732422	420.4466552734375	443.9842834472656	420.4466552734375	107.25066375732422	405.1549682617188	405.1549682617188	sub-20812	ses-2				space-ACPC			DSIStudio	autotrackgqi
ProjectionBasalGanglia_AcousticRadiationL	fa	TORTOISE_model-tensor	/scratch/executivefunction/SLURM_8364170_79/job-8364170-79-sub-20812-ses-2/ds/inputs/data/qsiprep/qsiprep/sub-20812/ses-2/dwi/sub-20812_ses-2_space-ACPC_desc-preproc_dwi.nii.gz	0.0	0.3788978261758046	0.1569229680992606	0.3744594799607309	0.3788978261758046	0.3744594799607309	0.1569229680992606	0.4179900385272588	0.4179900385272588	sub-20812	ses-2				space-ACPC			DSIStudio	autotrackgqi
ProjectionBasalGanglia_AcousticRadiationL	li	TORTOISE_model-tensor	/scratch/executivefunction/SLURM_8364170_79/job-8364170-79-sub-20812-ses-2/ds/inputs/data/qsiprep/qsiprep/sub-20812/ses-2/dwi/sub-20812_ses-2_space-ACPC_desc-preproc_dwi.nii.gz	0.0	0.2266140878200531	0.1158138588070869	0.2162164598703384	0.2266140878200531	0.2162164598703384	0.1158138588070869	0.2502544522285461	0.2502544522285461	sub-20812	ses-2				space-ACPC			DSIStudio	autotrackgqi
ProjectionBasalGanglia_AcousticRadiationL	rd	TORTOISE_model-tensor	/scratch/executivefunction/SLURM_8364170_79/job-8364170-79-sub-20812-ses-2/ds/inputs/data/qsiprep/qsiprep/sub-20812/ses-2/dwi/sub-20812_ses-2_space-ACPC_desc-preproc_dwi.nii.gz	0.0	483.4102079236837	172.6021734596586	438.1850877777278	483.4102079236837	438.1850877777278	172.6021734596586	434.5443128746099	434.5443128746099	sub-20812	ses-2				space-ACPC			DSIStudio	autotrackgqi
ProjectionBrainstem_MedialForebrainBundleL	ad	TORTOISE_model-tensor	/scratch/executivefunction/SLURM_8364170_79/job-8364170-79-sub-20812-ses-2/ds/inputs/data/qsiprep/qsiprep/sub-20812/ses-2/dwi/sub-20812_ses-2_space-ACPC_desc-preproc_dwi.nii.gz	0.0	826.3074441127756	209.72435662569336	789.9753009847941	826.3074441127756	789.9753009847941	209.72435662569336	848.8415208799961	848.8415208799961	sub-20812	ses-2				space-ACPC			DSIStudio	autotrackgqi
ProjectionBrainstem_MedialForebrainBundleL	am	TORTOISE_model-tensor	/scratch/executivefunction/SLURM_8364170_79/job-8364170-79-sub-20812-ses-2/ds/inputs/data/qsiprep/qsiprep/sub-20812/ses-2/dwi/sub-20812_ses-2_space-ACPC_desc-preproc_dwi.nii.gz	0.0	466.8482666015625	194.640380859375	420.8452758789063	466.8482666015625	420.8452758789063	194.640380859375	452.4676208496094	452.4676208496094	sub-20812	ses-2				space-ACPC			DSIStudio	autotrackgqi
ProjectionBrainstem_MedialForebrainBundleL	fa	TORTOISE_model-tensor	/scratch/executivefunction/SLURM_8364170_79/job-8364170-79-sub-20812-ses-2/ds/inputs/data/qsiprep/qsiprep/sub-20812/ses-2/dwi/sub-20812_ses-2_space-ACPC_desc-preproc_dwi.nii.gz	0.0	0.3582468712823456	0.1703416792814836	0.3423231893728008	0.3582468712823456	0.3423231893728008	0.1703416792814836	0.4197058725403534	0.4197058725403534	sub-20812	ses-2				space-ACPC			DSIStudio	autotrackgqi
ProjectionBrainstem_MedialForebrainBundleL	li	TORTOISE_model-tensor	/scratch/executivefunction/SLURM_8364170_79/job-8364170-79-sub-20812-ses-2/ds/inputs/data/qsiprep/qsiprep/sub-20812/ses-2/dwi/sub-20812_ses-2_space-ACPC_desc-preproc_dwi.nii.gz	0.0	0.2222138941287994	0.125871330499649	0.2055336236953735	0.2222138941287994	0.2055336236953735	0.125871330499649	0.2670453786849975	0.2670453786849975	sub-20812	ses-2				space-ACPC			DSIStudio	autotrackgqi
ProjectionBrainstem_MedialForebrainBundleL	rd	TORTOISE_model-tensor	/scratch/executivefunction/SLURM_8364170_79/job-8364170-79-sub-20812-ses-2/ds/inputs/data/qsiprep/qsiprep/sub-20812/ses-2/dwi/sub-20812_ses-2_space-ACPC_desc-preproc_dwi.nii.gz	0.0	471.26687767373073	174.1154811622853	426.0933197259172	471.26687767373073	426.0933197259172	174.1154811622853	426.0528714519858	426.0528714519858	sub-20812	ses-2				space-ACPC			DSIStudio	autotrackgqi
ProjectionBasalGanglia_AcousticRadiationR	ad	TORTOISE_model-tensor	/scratch/executivefunction/SLURM_8364170_79/job-8364170-79-sub-20812-ses-2/ds/inputs/data/qsiprep/qsiprep/sub-20812/ses-2/dwi/sub-20812_ses-2_space-ACPC_desc-preproc_dwi.nii.gz	0.0	895.28962282643	217.15433290049975	844.9886416584154	895.28962282643	844.9886416584154	217.15433290049975	846.1904872798007	846.1904872798007	sub-20812	ses-2				space-ACPC			DSIStudio	autotrackgqi
ProjectionBasalGanglia_AcousticRadiationR	am	TORTOISE_model-tensor	/scratch/executivefunction/SLURM_8364170_79/job-8364170-79-sub-20812-ses-2/ds/inputs/data/qsiprep/qsiprep/sub-20812/ses-2/dwi/sub-20812_ses-2_space-ACPC_desc-preproc_dwi.nii.gz	0.0	434.4859008789063	100.59765625	407.3430786132813	434.4859008789063	407.3430786132813	100.59765625	415.7982177734375	415.7982177734375	sub-20812	ses-2				space-ACPC			DSIStudio	autotrackgqi
ProjectionBasalGanglia_AcousticRadiationR	fa	TORTOISE_model-tensor	/scratch/executivefunction/SLURM_8364170_79/job-8364170-79-sub-20812-ses-2/ds/inputs/data/qsiprep/qsiprep/sub-20812/ses-2/dwi/sub-20812_ses-2_space-ACPC_desc-preproc_dwi.nii.gz	0.0	0.4148730346264077	0.16620196251362	0.4002244944928065	0.4148730346264077	0.4002244944928065	0.16620196251362	0.4284809202726524	0.4284809202726524	sub-20812	ses-2				space-ACPC			DSIStudio	autotrackgqi
ProjectionBasalGanglia_AcousticRadiationR	li	TORTOISE_model-tensor	/scratch/executivefunction/SLURM_8364170_79/job-8364170-79-sub-20812-ses-2/ds/inputs/data/qsiprep/qsiprep/sub-20812/ses-2/dwi/sub-20812_ses-2_space-ACPC_desc-preproc_dwi.nii.gz	0.0	0.2613019347190857	0.1345581710338592	0.2418193817138672	0.2613019347190857	0.2418193817138672	0.1345581710338592	0.2656362056732178	0.2656362056732178	sub-20812	ses-2				space-ACPC			DSIStudio	autotrackgqi
ProjectionBasalGanglia_AcousticRadiationR	rd	TORTOISE_model-tensor	/scratch/executivefunction/SLURM_8364170_79/job-8364170-79-sub-20812-ses-2/ds/inputs/data/qsiprep/qsiprep/sub-20812/ses-2/dwi/sub-20812_ses-2_space-ACPC_desc-preproc_dwi.nii.gz	0.0	458.532860729861	160.18445103758586	429.82583312402505	458.532860729861	429.82583312402505	160.18445103758586	424.8254894962136	424.8254894962136	sub-20812	ses-2				space-ACPC			DSIStudio	autotrackgqi
ProjectionBasalGanglia_CorticostriatalTractR	ad	TORTOISE_model-tensor	/scratch/executivefunction/SLURM_8364170_79/job-8364170-79-sub-20812-ses-2/ds/inputs/data/qsiprep/qsiprep/sub-20812/ses-2/dwi/sub-20812_ses-2_space-ACPC_desc-preproc_dwi.nii.gz	8.504124500382685e-05	817.913605453467	138.0556565739382	799.2950262340541	817.9831677604454	799.3039345206032	137.85530271179823	837.0042027105849	837.0064482524269	sub-20812	ses-2				space-ACPC			DSIStudio	autotrackgqi
ProjectionBasalGanglia_CorticostriatalTractR	am	TORTOISE_model-tensor	/scratch/executivefunction/SLURM_8364170_79/job-8364170-79-sub-20812-ses-2/ds/inputs/data/qsiprep/qsiprep/sub-20812/ses-2/dwi/sub-20812_ses-2_space-ACPC_desc-preproc_dwi.nii.gz	8.504124500382685e-05	439.3171691894531	89.47372436523438	428.1584777832031	439.3545227050781	428.16357421875	89.38575744628906	413.6348876953125	413.635986328125	sub-20812	ses-2				space-ACPC			DSIStudio	autotrackgqi
ProjectionBasalGanglia_CorticostriatalTractR	fa	TORTOISE_model-tensor	/scratch/executivefunction/SLURM_8364170_79/job-8364170-79-sub-20812-ses-2/ds/inputs/data/qsiprep/qsiprep/sub-20812/ses-2/dwi/sub-20812_ses-2_space-ACPC_desc-preproc_dwi.nii.gz	8.504124500382685e-05	0.37762167405541	0.1916839716495611	0.3732427882067881	0.3776537902039093	0.373246329261711	0.1916604839727465	0.4761078225083265	0.4761090998708964	sub-20812	ses-2				space-ACPC			DSIStudio	autotrackgqi
ProjectionBasalGanglia_CorticostriatalTractR	li	TORTOISE_model-tensor	/scratch/executivefunction/SLURM_8364170_79/job-8364170-79-sub-20812-ses-2/ds/inputs/data/qsiprep/qsiprep/sub-20812/ses-2/dwi/sub-20812_ses-2_space-ACPC_desc-preproc_dwi.nii.gz	8.504124500382685e-05	0.2403814047574997	0.1548035740852356	0.218156635761261	0.2404018491506576	0.218165174126625	0.1547942757606506	0.3236527740955353	0.3236536383628845	sub-20812	ses-2				space-ACPC			DSIStudio	autotrackgqi
ProjectionBasalGanglia_CorticostriatalTractR	rd	TORTOISE_model-tensor	/scratch/executivefunction/SLURM_8364170_79/job-8364170-79-sub-20812-ses-2/ds/inputs/data/qsiprep/qsiprep/sub-20812/ses-2/dwi/sub-20812_ses-2_space-ACPC_desc-preproc_dwi.nii.gz	8.504124500382685e-05	452.9955849781556	155.10639002590824	421.2208548881467	453.0341115630321	421.2281525034044	155.05671370608837	373.99751777014046	373.99852109271023	sub-20812	ses-2				space-ACPC			DSIStudio	autotrackgqi
ProjectionBrainstem_MedialLemniscusR	ad	TORTOISE_model-tensor	/scratch/executivefunction/SLURM_8364170_79/job-8364170-79-sub-20812-ses-2/ds/inputs/data/qsiprep/qsiprep/sub-20812/ses-2/dwi/sub-20812_ses-2_space-ACPC_desc-preproc_dwi.nii.gz	0.0	838.4039664435512	153.50023513880612	809.3554897482779	838.4039664435512	809.3554897482779	153.50023513880612	852.3948947923216	852.3948947923216	sub-20812	ses-2				space-ACPC			DSIStudio	autotrackgqi
ProjectionBrainstem_MedialLemniscusR	am	TORTOISE_model-tensor	/scratch/executivefunction/SLURM_8364170_79/job-8364170-79-sub-20812-ses-2/ds/inputs/data/qsiprep/qsiprep/sub-20812/ses-2/dwi/sub-20812_ses-2_space-ACPC_desc-preproc_dwi.nii.gz	0.0	420.3532104492188	50.81999969482422	420.0350341796875	420.3532104492188	420.0350341796875	50.81999969482422	414.0728759765625	414.0728759765625	sub-20812	ses-2				space-ACPC			DSIStudio	autotrackgqi
ProjectionBrainstem_MedialLemniscusR	fa	TORTOISE_model-tensor	/scratch/executivefunction/SLURM_8364170_79/job-8364170-79-sub-20812-ses-2/ds/inputs/data/qsiprep/qsiprep/sub-20812/ses-2/dwi/sub-20812_ses-2_space-ACPC_desc-preproc_dwi.nii.gz	0.0	0.4555549161766297	0.1633563084438214	0.4577221756605771	0.4555549161766297	0.4577221756605771	0.1633563084438214	0.506237850176481	0.506237850176481	sub-20812	ses-2				space-ACPC			DSIStudio	autotrackgqi
ProjectionBrainstem_MedialLemniscusR	li	TORTOISE_model-tensor	/scratch/executivefunction/SLURM_8364170_79/job-8364170-79-sub-20812-ses-2/ds/inputs/data/qsiprep/qsiprep/sub-20812/ses-2/dwi/sub-20812_ses-2_space-ACPC_desc-preproc_dwi.nii.gz	0.0	0.3022103309631347	0.1426063328981399	0.2888234257698059	0.3022103309631347	0.2888234257698059	0.1426063328981399	0.3455583453178406	0.3455583453178406	sub-20812	ses-2				space-ACPC			DSIStudio	autotrackgqi
ProjectionBrainstem_MedialLemniscusR	rd	TORTOISE_model-tensor	/scratch/executivefunction/SLURM_8364170_79/job-8364170-79-sub-20812-ses-2/ds/inputs/data/qsiprep/qsiprep/sub-20812/ses-2/dwi/sub-20812_ses-2_space-ACPC_desc-preproc_dwi.nii.gz	0.0	392.1624950712108	100.39087360438852	382.4476877013984	392.1624950712108	382.4476877013984	100.39087360438852	357.3353878365343	357.3353878365343	sub-20812	ses-2				space-ACPC			DSIStudio	autotrackgqi
ProjectionBasalGanglia_FornixR	ad	TORTOISE_model-tensor	/scratch/executivefunction/SLURM_8364170_79/job-8364170-79-sub-20812-ses-2/ds/inputs/data/qsiprep/qsiprep/sub-20812/ses-2/dwi/sub-20812_ses-2_space-ACPC_desc-preproc_dwi.nii.gz	0.0	1057.4765191524104	285.33937488633063	995.9080042322302	1057.4765191524104	995.9080042322302	285.33937488633063	1088.7053080169546	1088.7053080169546	sub-20812	ses-2				space-ACPC			DSIStudio	autotrackgqi
ProjectionBasalGanglia_FornixR	am	TORTOISE_model-tensor	/scratch/executivefunction/SLURM_8364170_79/job-8364170-79-sub-20812-ses-2/ds/inputs/data/qsiprep/qsiprep/sub-20812/ses-2/dwi/sub-20812_ses-2_space-ACPC_desc-preproc_dwi.nii.gz	0.0	534.2318725585938	151.4248504638672	517.9317626953125	534.2318725585938	517.9317626953125	151.4248504638672	531.2297973632812	531.2297973632812	sub-20812	ses-2				space-ACPC			DSIStudio	autotrackgqi
ProjectionBasalGanglia_FornixR	fa	TORTOISE_model-tensor	/scratch/executivefunction/SLURM_8364170_79/job-8364170-79-sub-20812-ses-2/ds/inputs/data/qsiprep/qsiprep/sub-20812/ses-2/dwi/sub-20812_ses-2_space-ACPC_desc-preproc_dwi.nii.gz	0.0	0.3237740140662097	0.1526384135382735	0.3092411810461798	0.3237740140662097	0.3092411810461798	0.1526384135382735	0.3694845847439452	0.3694845847439452	sub-20812	ses-2				space-ACPC			DSIStudio	autotrackgqi
ProjectionBasalGanglia_FornixR	li	TORTOISE_model-tensor	/scratch/executivefunction/SLURM_8364170_79/job-8364170-79-sub-20812-ses-2/ds/inputs/data/qsiprep/qsiprep/sub-20812/ses-2/dwi/sub-20812_ses-2_space-ACPC_desc-preproc_dwi.nii.gz	0.0	0.2013532668352127	0.1189632043242454	0.1831676959991455	0.2013532668352127	0.1831676959991455	0.1189632043242454	0.2367483079433441	0.2367483079433441	sub-20812	ses-2				space-ACPC			DSIStudio	autotrackgqi
ProjectionBasalGanglia_FornixR	rd	TORTOISE_model-tensor	/scratch/executivefunction/SLURM_8364170_79/job-8364170-79-sub-20812-ses-2/ds/inputs/data/qsiprep/qsiprep/sub-20812/ses-2/dwi/sub-20812_ses-2_space-ACPC_desc-preproc_dwi.nii.gz	0.0	635.5520424355611	201.71312319367985	610.3950293600897	635.5520424355611	610.3950293600897	201.71312319367985	595.5562663076404	595.5562663076404	sub-20812	ses-2				space-ACPC			DSIStudio	autotrackgqi
ProjectionBasalGanglia_AnsaSubthalamicaR	ad	TORTOISE_model-tensor	/scratch/executivefunction/SLURM_8364170_79/job-8364170-79-sub-20812-ses-2/ds/inputs/data/qsiprep/qsiprep/sub-20812/ses-2/dwi/sub-20812_ses-2_space-ACPC_desc-preproc_dwi.nii.gz	0.0	871.9333026847289	201.73687762259763	824.9765199428091	871.9333026847289	824.9765199428091	201.73687762259763	882.138510174218	882.138510174218	sub-20812	ses-2				space-ACPC			DSIStudio	autotrackgqi
ProjectionBasalGanglia_AnsaSubthalamicaR	am	TORTOISE_model-tensor	/scratch/executivefunction/SLURM_8364170_79/job-8364170-79-sub-20812-ses-2/ds/inputs/data/qsiprep/qsiprep/sub-20812/ses-2/dwi/sub-20812_ses-2_space-ACPC_desc-preproc_dwi.nii.gz	0.0	447.9920654296875	127.98567962646484	420.245361328125	447.9920654296875	420.245361328125	127.98567962646484	432.0511474609375	432.0511474609375	sub-20812	ses-2				space-ACPC			DSIStudio	autotrackgqi
ProjectionBasalGanglia_AnsaSubthalamicaR	fa	TORTOISE_model-tensor	/scratch/executivefunction/SLURM_8364170_79/job-8364170-79-sub-20812-ses-2/ds/inputs/data/qsiprep/qsiprep/sub-20812/ses-2/dwi/sub-20812_ses-2_space-ACPC_desc-preproc_dwi.nii.gz	0.0	0.3296273026412025	0.1165257195611457	0.3211763932377364	0.3296273026412025	0.3211763932377364	0.1165257195611457	0.3615547228654844	0.3615547228654844	sub-20812	ses-2				space-ACPC			DSIStudio	autotrackgqi
ProjectionBasalGanglia_AnsaSubthalamicaR	li	TORTOISE_model-tensor	/scratch/executivefunction/SLURM_8364170_79/job-8364170-79-sub-20812-ses-2/ds/inputs/data/qsiprep/qsiprep/sub-20812/ses-2/dwi/sub-20812_ses-2_space-ACPC_desc-preproc_dwi.nii.gz	0.0	0.1930556744337082	0.0837973207235336	0.1829694658517837	0.1930556744337082	0.1829694658517837	0.0837973207235336	0.2135372757911682	0.2135372757911682	sub-20812	ses-2				space-ACPC			DSIStudio	autotrackgqi
ProjectionBasalGanglia_AnsaSubthalamicaR	rd	TORTOISE_model-tensor	/scratch/executivefunction/SLURM_8364170_79/job-8364170-79-sub-20812-ses-2/ds/inputs/data/qsiprep/qsiprep/sub-20812/ses-2/dwi/sub-20812_ses-2_space-ACPC_desc-preproc_dwi.nii.gz	0.0	528.0167211728198	166.6092060412663	493.3431799417741	528.0167211728198	493.3431799417741	166.6092060412663	497.96775264095015	497.96775264095015	sub-20812	ses-2				space-ACPC			DSIStudio	autotrackgqi
ProjectionBrainstem_NonDecussatingDentatorubrothalamicTractL	ad	TORTOISE_model-tensor	/scratch/executivefunction/SLURM_8364170_79/job-8364170-79-sub-20812-ses-2/ds/inputs/data/qsiprep/qsiprep/sub-20812/ses-2/dwi/sub-20812_ses-2_space-ACPC_desc-preproc_dwi.nii.gz	0.0	863.8284868623354	169.0911722556235	840.026553230177	863.8284868623354	840.026553230177	169.0911722556235	902.8325666663012	902.8325666663012	sub-20812	ses-2				space-ACPC			DSIStudio	autotrackgqi
ProjectionBrainstem_NonDecussatingDentatorubrothalamicTractL	am	TORTOISE_model-tensor	/scratch/executivefunction/SLURM_8364170_79/job-8364170-79-sub-20812-ses-2/ds/inputs/data/qsiprep/qsiprep/sub-20812/ses-2/dwi/sub-20812_ses-2_space-ACPC_desc-preproc_dwi.nii.gz	0.0	466.4244995117188	125.70675659179688	429.8208312988281	466.4244995117188	429.8208312988281	125.70675659179688	445.4407348632813	445.4407348632813	sub-20812	ses-2				space-ACPC			DSIStudio	autotrackgqi
ProjectionBrainstem_NonDecussatingDentatorubrothalamicTractL	fa	TORTOISE_model-tensor	/scratch/executivefunction/SLURM_8364170_79/job-8364170-79-sub-20812-ses-2/ds/inputs/data/qsiprep/qsiprep/sub-20812/ses-2/dwi/sub-20812_ses-2_space-ACPC_desc-preproc_dwi.nii.gz	0.0	0.5156149050205734	0.2073767676531565	0.5449366698330522	0.5156149050205734	0.5449366698330522	0.2073767676531565	0.5825111018120104	0.5825111018120104	sub-20812	ses-2				space-ACPC			DSIStudio	autotrackgqi
ProjectionBrainstem_NonDecussatingDentatorubrothalamicTractL	li	TORTOISE_model-tensor	/scratch/executivefunction/SLURM_8364170_79/job-8364170-79-sub-20812-ses-2/ds/inputs/data/qsiprep/qsiprep/sub-20812/ses-2/dwi/sub-20812_ses-2_space-ACPC_desc-preproc_dwi.nii.gz	0.0	0.3684941232204437	0.1841244995594024	0.3718738555908203	0.3684941232204437	0.3718738555908203	0.1841244995594024	0.4276971817016601	0.4276971817016601	sub-20812	ses-2				space-ACPC			DSIStudio	autotrackgqi
ProjectionBrainstem_NonDecussatingDentatorubrothalamicTractL	rd	TORTOISE_model-tensor	/scratch/executivefunction/SLURM_8364170_79/job-8364170-79-sub-20812-ses-2/ds/inputs/data/qsiprep/qsiprep/sub-20812/ses-2/dwi/sub-20812_ses-2_space-ACPC_desc-preproc_dwi.nii.gz	0.0	348.2414705953641	132.64969128757429	318.43923172575376	348.2414705953641	318.43923172575376	132.64969128757429	309.88062176833364	309.88062176833364	sub-20812	ses-2				space-ACPC			DSIStudio	autotrackgqi
ProjectionBrainstem_CorticospinalTractR	ad	TORTOISE_model-tensor	/scratch/executivefunction/SLURM_8364170_79/job-8364170-79-sub-20812-ses-2/ds/inputs/data/qsiprep/qsiprep/sub-20812/ses-2/dwi/sub-20812_ses-2_space-ACPC_desc-preproc_dwi.nii.gz	0.0	834.9270776961799	176.02645980428858	795.3938974645764	834.9270776961799	795.3938974645764	176.02645980428858	871.8613173592685	871.8613173592685	sub-20812	ses-2				space-ACPC			DSIStudio	autotrackgqi
ProjectionBrainstem_CorticospinalTractR	am	TORTOISE_model-tensor	/scratch/executivefunction/SLURM_8364170_79/job-8364170-79-sub-20812-ses-2/ds/inputs/data/qsiprep/qsiprep/sub-20812/ses-2/dwi/sub-20812_ses-2_space-ACPC_desc-preproc_dwi.nii.gz	0.0	432.51507568359375	59.13502883911133	435.9100036621094	432.51507568359375	435.9100036621094	59.13502883911133	420.1228637695313	420.1228637695313	sub-20812	ses-2				space-ACPC			DSIStudio	autotrackgqi
ProjectionBrainstem_CorticospinalTractR	fa	TORTOISE_model-tensor	/scratch/executivefunction/SLURM_8364170_79/job-8364170-79-sub-20812-ses-2/ds/inputs/data/qsiprep/qsiprep/sub-20812/ses-2/dwi/sub-20812_ses-2_space-ACPC_desc-preproc_dwi.nii.gz	0.0	0.463889985643347	0.1985455462827619	0.4707837818205101	0.463889985643347	0.4707837818205101	0.1985455462827619	0.5591096509020576	0.5591096509020576	sub-20812	ses-2				space-ACPC			DSIStudio	autotrackgqi
ProjectionBrainstem_CorticospinalTractR	li	TORTOISE_model-tensor	/scratch/executivefunction/SLURM_8364170_79/job-8364170-79-sub-20812-ses-2/ds/inputs/data/qsiprep/qsiprep/sub-20812/ses-2/dwi/sub-20812_ses-2_space-ACPC_desc-preproc_dwi.nii.gz	0.0	0.3184405565261841	0.1753269284963607	0.3055284023284912	0.3184405565261841	0.3055284023284912	0.1753269284963607	0.4026951193809509	0.4026951193809509	sub-20812	ses-2				space-ACPC			DSIStudio	autotrackgqi
ProjectionBrainstem_CorticospinalTractR	rd	TORTOISE_model-tensor	/scratch/executivefunction/SLURM_8364170_79/job-8364170-79-sub-20812-ses-2/ds/inputs/data/qsiprep/qsiprep/sub-20812/ses-2/dwi/sub-20812_ses-2_space-ACPC_desc-preproc_dwi.nii.gz	0.0	384.5832500246216	145.85894010017856	351.08084595549866	384.5832500246216	351.08084595549866	145.85894010017856	318.03235422809485	318.03235422809485	sub-20812	ses-2				space-ACPC			DSIStudio	autotrackgqi
ProjectionBrainstem_DentatorubrothalamicTract-lr	ad	TORTOISE_model-tensor	/scratch/executivefunction/SLURM_8364170_79/job-8364170-79-sub-20812-ses-2/ds/inputs/data/qsiprep/qsiprep/sub-20812/ses-2/dwi/sub-20812_ses-2_space-ACPC_desc-preproc_dwi.nii.gz	0.0	850.6671744037617	161.77617612215874	838.3696281572481	850.6671744037617	838.3696281572481	161.77617612215874	840.1945964878389	840.1945964878389	sub-20812	ses-2				space-ACPC			DSIStudio	autotrackgqi
ProjectionBrainstem_DentatorubrothalamicTract-lr	am	TORTOISE_model-tensor	/scratch/executivefunction/SLURM_8364170_79/job-8364170-79-sub-20812-ses-2/ds/inputs/data/qsiprep/qsiprep/sub-20812/ses-2/dwi/sub-20812_ses-2_space-ACPC_desc-preproc_dwi.nii.gz	0.0	408.770751953125	76.97111511230469	385.7575073242188	408.770751953125	385.7575073242188	76.97111511230469	377.169921875	377.169921875	sub-20812	ses-2				space-ACPC			DSIStudio	autotrackgqi
ProjectionBrainstem_DentatorubrothalamicTract-lr	fa	TORTOISE_model-tensor	/scratch/executivefunction/SLURM_8364170_79/job-8364170-79-sub-20812-ses-2/ds/inputs/data/qsiprep/qsiprep/sub-20812/ses-2/dwi/sub-20812_ses-2_space-ACPC_desc-preproc_dwi.nii.gz	0.0	0.4803386568140346	0.1969468750034609	0.4721627431587254	0.4803386568140346	0.4721627431587254	0.1969468750034609	0.5395459053146587	0.5395459053146587	sub-20812	ses-2				space-ACPC			DSIStudio	autotrackgqi
ProjectionBrainstem_DentatorubrothalamicTract-lr	li	TORTOISE_model-tensor	/scratch/executivefunction/SLURM_8364170_79/job-8364170-79-sub-20812-ses-2/ds/inputs/data/qsiprep/qsiprep/sub-20812/ses-2/dwi/sub-20812_ses-2_space-ACPC_desc-preproc_dwi.nii.gz	0.0	0.3276466131210327	0.1751147508621215	0.3082939088344574	0.3276466131210327	0.3082939088344574	0.1751147508621215	0.383313238620758	0.383313238620758	sub-20812	ses-2				space-ACPC			DSIStudio	autotrackgqi
ProjectionBrainstem_DentatorubrothalamicTract-lr	rd	TORTOISE_model-tensor	/scratch/executivefunction/SLURM_8364170_79/job-8364170-79-sub-20812-ses-2/ds/inputs/data/qsiprep/qsiprep/sub-20812/ses-2/dwi/sub-20812_ses-2_space-ACPC_desc-preproc_dwi.nii.gz	0.0	376.43781212235865	136.5961697855341	347.624715383579	376.43781212235865	347.624715383579	136.5961697855341	318.2860951923324	318.2860951923324	sub-20812	ses-2				space-ACPC			DSIStudio	autotrackgqi
ProjectionBasalGanglia_CorticostriatalTractL	ad	TORTOISE_model-tensor	/scratch/executivefunction/SLURM_8364170_79/job-8364170-79-sub-20812-ses-2/ds/inputs/data/qsiprep/qsiprep/sub-20812/ses-2/dwi/sub-20812_ses-2_space-ACPC_desc-preproc_dwi.nii.gz	0.0028567242894813	817.007660583884	146.15577899657114	797.9820463324941	819.3483128106357	798.327460014431	139.6599479403238	809.5276011750116	809.6707888656532	sub-20812	ses-2				space-ACPC			DSIStudio	autotrackgqi
ProjectionBasalGanglia_CorticostriatalTractL	am	TORTOISE_model-tensor	/scratch/executivefunction/SLURM_8364170_79/job-8364170-79-sub-20812-ses-2/ds/inputs/data/qsiprep/qsiprep/sub-20812/ses-2/dwi/sub-20812_ses-2_space-ACPC_desc-preproc_dwi.nii.gz	0.0027834749487254	462.9678039550781	126.8360366821289	438.8955078125	464.2600708007813	439.110595703125	124.6288070678711	420.38330078125	420.4565124511719	sub-20812	ses-2				space-ACPC			DSIStudio	autotrackgqi
ProjectionBasalGanglia_CorticostriatalTractL	fa	TORTOISE_model-tensor	/scratch/executivefunction/SLURM_8364170_79/job-8364170-79-sub-20812-ses-2/ds/inputs/data/qsiprep/qsiprep/sub-20812/ses-2/dwi/sub-20812_ses-2_space-ACPC_desc-preproc_dwi.nii.gz	0.0028567242894813	0.3348462988062822	0.1822989661587724	0.3181869785012994	0.3358056028284261	0.3191193047435591	0.1816754872118341	0.4177745006545951	0.4178483958049573	sub-20812	ses-2				space-ACPC			DSIStudio	autotrackgqi
ProjectionBasalGanglia_CorticostriatalTractL	li	TORTOISE_model-tensor	/scratch/executivefunction/SLURM_8364170_79/job-8364170-79-sub-20812-ses-2/ds/inputs/data/qsiprep/qsiprep/sub-20812/ses-2/dwi/sub-20812_ses-2_space-ACPC_desc-preproc_dwi.nii.gz	0.0030032229709932	0.2041522860527038	0.1390708684921264	0.1784448772668838	0.2047672420740127	0.1790759712457656	0.138827383518219	0.2646892666816711	0.2647413909435272	sub-20812	ses-2				space-ACPC			DSIStudio	autotrackgqi
ProjectionBasalGanglia_CorticostriatalTractL	rd	TORTOISE_model-tensor	/scratch/executivefunction/SLURM_8364170_79/job-8364170-79-sub-20812-ses-2/ds/inputs/data/qsiprep/qsiprep/sub-20812/ses-2/dwi/sub-20812_ses-2_space-ACPC_desc-preproc_dwi.nii.gz	0.0028567242894813	489.6670775624545	169.5913749172907	461.26961020011566	491.069928956338	461.9623958727312	167.79372639728723	409.8130859983854	409.8855729867208	sub-20812	ses-2				space-ACPC			DSIStudio	autotrackgqi
ProjectionBasalGanglia_FasciculusSubthalamicusL	ad	TORTOISE_model-tensor	/scratch/executivefunction/SLURM_8364170_79/job-8364170-79-sub-20812-ses-2/ds/inputs/data/qsiprep/qsiprep/sub-20812/ses-2/dwi/sub-20812_ses-2_space-ACPC_desc-preproc_dwi.nii.gz	0.0	812.376489285713	193.6867973769039	760.8945956539415	812.376489285713	760.8945956539415	193.6867973769039	864.1732934136186	864.1732934136186	sub-20812	ses-2				space-ACPC			DSIStudio	autotrackgqi
ProjectionBasalGanglia_FasciculusSubthalamicusL	am	TORTOISE_model-tensor	/scratch/executivefunction/SLURM_8364170_79/job-8364170-79-sub-20812-ses-2/ds/inputs/data/qsiprep/qsiprep/sub-20812/ses-2/dwi/sub-20812_ses-2_space-ACPC_desc-preproc_dwi.nii.gz	0.0	383.18017578125	113.67736053466795	374.0362548828125	383.18017578125	374.0362548828125	113.67736053466795	387.8069763183594	387.8069763183594	sub-20812	ses-2				space-ACPC			DSIStudio	autotrackgqi
ProjectionBasalGanglia_FasciculusSubthalamicusL	fa	TORTOISE_model-tensor	/scratch/executivefunction/SLURM_8364170_79/job-8364170-79-sub-20812-ses-2/ds/inputs/data/qsiprep/qsiprep/sub-20812/ses-2/dwi/sub-20812_ses-2_space-ACPC_desc-preproc_dwi.nii.gz	0.0	0.3895044870311783	0.1796854551386602	0.343422179265196	0.3895044870311783	0.343422179265196	0.1796854551386602	0.4251937419614922	0.4251937419614922	sub-20812	ses-2				space-ACPC			DSIStudio	autotrackgqi
ProjectionBasalGanglia_FasciculusSubthalamicusL	li	TORTOISE_model-tensor	/scratch/executivefunction/SLURM_8364170_79/job-8364170-79-sub-20812-ses-2/ds/inputs/data/qsiprep/qsiprep/sub-20812/ses-2/dwi/sub-20812_ses-2_space-ACPC_desc-preproc_dwi.nii.gz	0.0	0.2511820495128631	0.1418749839067459	0.2071271240711212	0.2511820495128631	0.2071271240711212	0.1418749839067459	0.2724772989749908	0.2724772989749908	sub-20812	ses-2				space-ACPC			DSIStudio	autotrackgqi
ProjectionBasalGanglia_FasciculusSubthalamicusL	rd	TORTOISE_model-tensor	/scratch/executivefunction/SLURM_8364170_79/job-8364170-79-sub-20812-ses-2/ds/inputs/data/qsiprep/qsiprep/sub-20812/ses-2/dwi/sub-20812_ses-2_space-ACPC_desc-preproc_dwi.nii.gz	0.0	443.2759611747142	172.14544340186131	429.9728098319711	443.2759611747142	429.9728098319711	172.14544340186131	436.6302312713875	436.6302312713875	sub-20812	ses-2				space-ACPC			DSIStudio	autotrackgqi
ProjectionBasalGanglia_AnsaLenticularisR	ad	TORTOISE_model-tensor	/scratch/executivefunction/SLURM_8364170_79/job-8364170-79-sub-20812-ses-2/ds/inputs/data/qsiprep/qsiprep/sub-20812/ses-2/dwi/sub-20812_ses-2_space-ACPC_desc-preproc_dwi.nii.gz	0.0	916.6058691950084	232.75800958695115	843.1157917698072	916.6058691950084	843.1157917698072	232.75800958695115	917.3761887911209	917.3761887911209	sub-20812	ses-2				space-ACPC			DSIStudio	autotrackgqi
ProjectionBasalGanglia_AnsaLenticularisR	am	TORTOISE_model-tensor	/scratch/executivefunction/SLURM_8364170_79/job-8364170-79-sub-20812-ses-2/ds/inputs/data/qsiprep/qsiprep/sub-20812/ses-2/dwi/sub-20812_ses-2_space-ACPC_desc-preproc_dwi.nii.gz	0.0	470.9715270996094	138.8047332763672	430.1488952636719	470.9715270996094	430.1488952636719	138.8047332763672	474.3891296386719	474.3891296386719	sub-20812	ses-2				space-ACPC			DSIStudio	autotrackgqi
ProjectionBasalGanglia_AnsaLenticularisR	fa	TORTOISE_model-tensor	/scratch/executivefunction/SLURM_8364170_79/job-8364170-79-sub-20812-ses-2/ds/inputs/data/qsiprep/qsiprep/sub-20812/ses-2/dwi/sub-20812_ses-2_space-ACPC_desc-preproc_dwi.nii.gz	0.0	0.3038855025235434	0.115904462148017	0.2910926937639024	0.3038855025235434	0.2910926937639024	0.115904462148017	0.3195854940579775	0.3195854940579775	sub-20812	ses-2				space-ACPC			DSIStudio	autotrackgqi
ProjectionBasalGanglia_AnsaLenticularisR	li	TORTOISE_model-tensor	/scratch/executivefunction/SLURM_8364170_79/job-8364170-79-sub-20812-ses-2/ds/inputs/data/qsiprep/qsiprep/sub-20812/ses-2/dwi/sub-20812_ses-2_space-ACPC_desc-preproc_dwi.nii.gz	0.0	0.1825023144483566	0.0827514305710792	0.1733716875314712	0.1825023144483566	0.1733716875314712	0.0827514305710792	0.1872165203094482	0.1872165203094482	sub-20812	ses-2				space-ACPC			DSIStudio	autotrackgqi
ProjectionBasalGanglia_AnsaLenticularisR	rd	TORTOISE_model-tensor	/scratch/executivefunction/SLURM_8364170_79/job-8364170-79-sub-20812-ses-2/ds/inputs/data/qsiprep/qsiprep/sub-20812/ses-2/dwi/sub-20812_ses-2_space-ACPC_desc-preproc_dwi.nii.gz	0.0	580.8398875578164	182.99868662747005	527.3541100951716	580.8398875578164	527.3541100951716	182.99868662747005	563.4129003751534	563.4129003751534	sub-20812	ses-2				space-ACPC			DSIStudio	autotrackgqi
ProjectionBasalGanglia_FasciculusSubthalamicusR	ad	TORTOISE_model-tensor	/scratch/executivefunction/SLURM_8364170_79/job-8364170-79-sub-20812-ses-2/ds/inputs/data/qsiprep/qsiprep/sub-20812/ses-2/dwi/sub-20812_ses-2_space-ACPC_desc-preproc_dwi.nii.gz	0.0	849.8299451590683	191.80574424557133	803.4219335337048	849.8299451590683	803.4219335337048	191.80574424557133	875.192683661973	875.192683661973	sub-20812	ses-2				space-ACPC			DSIStudio	autotrackgqi
ProjectionBasalGanglia_FasciculusSubthalamicusR	am	TORTOISE_model-tensor	/scratch/executivefunction/SLURM_8364170_79/job-8364170-79-sub-20812-ses-2/ds/inputs/data/qsiprep/qsiprep/sub-20812/ses-2/dwi/sub-20812_ses-2_space-ACPC_desc-preproc_dwi.nii.gz	0.0	411.35540771484375	107.52674102783205	390.6018676757813	411.35540771484375	390.6018676757813	107.52674102783205	422.4396667480469	422.4396667480469	sub-20812	ses-2				space-ACPC			DSIStudio	autotrackgqi
ProjectionBasalGanglia_FasciculusSubthalamicusR	fa	TORTOISE_model-tensor	/scratch/executivefunction/SLURM_8364170_79/job-8364170-79-sub-20812-ses-2/ds/inputs/data/qsiprep/qsiprep/sub-20812/ses-2/dwi/sub-20812_ses-2_space-ACPC_desc-preproc_dwi.nii.gz	0.0	0.379030805478571	0.1659885965722975	0.3291867149665182	0.379030805478571	0.3291867149665182	0.1659885965722975	0.3946392548619315	0.3946392548619315	sub-20812	ses-2				space-ACPC			DSIStudio	autotrackgqi
ProjectionBasalGanglia_FasciculusSubthalamicusR	li	TORTOISE_model-tensor	/scratch/executivefunction/SLURM_8364170_79/job-8364170-79-sub-20812-ses-2/ds/inputs/data/qsiprep/qsiprep/sub-20812/ses-2/dwi/sub-20812_ses-2_space-ACPC_desc-preproc_dwi.nii.gz	0.0	0.237695425748825	0.1332076489925384	0.188811719417572	0.237695425748825	0.188811719417572	0.1332076489925384	0.2487609982490539	0.2487609982490539	sub-20812	ses-2				space-ACPC			DSIStudio	autotrackgqi
ProjectionBasalGanglia_FasciculusSubthalamicusR	rd	TORTOISE_model-tensor	/scratch/executivefunction/SLURM_8364170_79/job-8364170-79-sub-20812-ses-2/ds/inputs/data/qsiprep/qsiprep/sub-20812/ses-2/dwi/sub-20812_ses-2_space-ACPC_desc-preproc_dwi.nii.gz	0.0	471.04998692679663	165.58610222049182	469.1199160215043	471.04998692679663	469.1199160215043	165.58610222049182	469.6954857387297	469.6954857387297	sub-20812	ses-2				space-ACPC			DSIStudio	autotrackgqi
ProjectionBasalGanglia_FornixL	ad	TORTOISE_model-tensor	/scratch/executivefunction/SLURM_8364170_79/job-8364170-79-sub-20812-ses-2/ds/inputs/data/qsiprep/qsiprep/sub-20812/ses-2/dwi/sub-20812_ses-2_space-ACPC_desc-preproc_dwi.nii.gz	0.0	1013.1025892193528	291.95967706399244	925.7164644681484	1013.1025892193528	925.7164644681484	291.95967706399244	1105.2726212418609	1105.2726212418609	sub-20812	ses-2				space-ACPC			DSIStudio	autotrackgqi
ProjectionBasalGanglia_FornixL	am	TORTOISE_model-tensor	/scratch/executivefunction/SLURM_8364170_79/job-8364170-79-sub-20812-ses-2/ds/inputs/data/qsiprep/qsiprep/sub-20812/ses-2/dwi/sub-20812_ses-2_space-ACPC_desc-preproc_dwi.nii.gz	0.0	508.1913757324219	159.14593505859375	467.4653930664063	508.1913757324219	467.4653930664063	159.14593505859375	551.5671997070312	551.5671997070312	sub-20812	ses-2				space-ACPC			DSIStudio	autotrackgqi
ProjectionBasalGanglia_FornixL	fa	TORTOISE_model-tensor	/scratch/executivefunction/SLURM_8364170_79/job-8364170-79-sub-20812-ses-2/ds/inputs/data/qsiprep/qsiprep/sub-20812/ses-2/dwi/sub-20812_ses-2_space-ACPC_desc-preproc_dwi.nii.gz	0.0	0.3332175087335394	0.1341960392658904	0.3197037619080599	0.3332175087335394	0.3197037619080599	0.1341960392658904	0.3505412647328694	0.3505412647328694	sub-20812	ses-2				space-ACPC			DSIStudio	autotrackgqi
ProjectionBasalGanglia_FornixL	li	TORTOISE_model-tensor	/scratch/executivefunction/SLURM_8364170_79/job-8364170-79-sub-20812-ses-2/ds/inputs/data/qsiprep/qsiprep/sub-20812/ses-2/dwi/sub-20812_ses-2_space-ACPC_desc-preproc_dwi.nii.gz	0.0	0.1981688886880874	0.0967091470956802	0.1860926300287246	0.1981688886880874	0.1860926300287246	0.0967091470956802	0.2141792774200439	0.2141792774200439	sub-20812	ses-2				space-ACPC			DSIStudio	autotrackgqi
ProjectionBasalGanglia_FornixL	rd	TORTOISE_model-tensor	/scratch/executivefunction/SLURM_8364170_79/job-8364170-79-sub-20812-ses-2/ds/inputs/data/qsiprep/qsiprep/sub-20812/ses-2/dwi/sub-20812_ses-2_space-ACPC_desc-preproc_dwi.nii.gz	0.0	604.8452695865042	219.59763073466036	549.9419160840604	604.8452695865042	549.9419160840604	219.59763073466036	615.9426766001824	615.9426766001824	sub-20812	ses-2				space-ACPC			DSIStudio	autotrackgqi
ProjectionBrainstem_CorticobulbarTractR	ad	TORTOISE_model-tensor	/scratch/executivefunction/SLURM_8364170_79/job-8364170-79-sub-20812-ses-2/ds/inputs/data/qsiprep/qsiprep/sub-20812/ses-2/dwi/sub-20812_ses-2_space-ACPC_desc-preproc_dwi.nii.gz	0.0	803.5855824425842	164.14233338407828	780.0029503006203	803.5855824425842	780.0029503006203	164.14233338407828	798.0307442296441	798.0308372114055	sub-20812	ses-2				space-ACPC			DSIStudio	autotrackgqi
ProjectionBrainstem_CorticobulbarTractR	am	TORTOISE_model-tensor	/scratch/executivefunction/SLURM_8364170_79/job-8364170-79-sub-20812-ses-2/ds/inputs/data/qsiprep/qsiprep/sub-20812/ses-2/dwi/sub-20812_ses-2_space-ACPC_desc-preproc_dwi.nii.gz	0.0	391.5170593261719	44.45638275146485	398.2311401367188	391.5170593261719	398.2311401367188	44.45638275146485	395.4434509277344	395.4434814453125	sub-20812	ses-2				space-ACPC			DSIStudio	autotrackgqi
ProjectionBrainstem_CorticobulbarTractR	fa	TORTOISE_model-tensor	/scratch/executivefunction/SLURM_8364170_79/job-8364170-79-sub-20812-ses-2/ds/inputs/data/qsiprep/qsiprep/sub-20812/ses-2/dwi/sub-20812_ses-2_space-ACPC_desc-preproc_dwi.nii.gz	0.0	0.5119158669963232	0.1714301138402393	0.501301161967157	0.5119158669963232	0.501301161967157	0.1714301138402393	0.5089021881155573	0.508902247389484	sub-20812	ses-2				space-ACPC			DSIStudio	autotrackgqi
ProjectionBrainstem_CorticobulbarTractR	li	TORTOISE_model-tensor	/scratch/executivefunction/SLURM_8364170_79/job-8364170-79-sub-20812-ses-2/ds/inputs/data/qsiprep/qsiprep/sub-20812/ses-2/dwi/sub-20812_ses-2_space-ACPC_desc-preproc_dwi.nii.gz	0.0	0.3619420528411865	0.1573782116174698	0.3444778621196747	0.3619420528411865	0.3444778621196747	0.1573782116174698	0.3559356331825256	0.3559356927871704	sub-20812	ses-2				space-ACPC			DSIStudio	autotrackgqi
ProjectionBrainstem_CorticobulbarTractR	rd	TORTOISE_model-tensor	/scratch/executivefunction/SLURM_8364170_79/job-8364170-79-sub-20812-ses-2/ds/inputs/data/qsiprep/qsiprep/sub-20812/ses-2/dwi/sub-20812_ses-2_space-ACPC_desc-preproc_dwi.nii.gz	0.0	329.7922699031009	87.99585490859918	323.03359559775305	329.7922699031009	323.03359559775305	87.99585490859918	329.7838690995088	329.7839076825785	sub-20812	ses-2				space-ACPC			DSIStudio	autotrackgqi
ProjectionBasalGanglia_ThalamicRadiationL	ad	TORTOISE_model-tensor	/scratch/executivefunction/SLURM_8364170_79/job-8364170-79-sub-20812-ses-2/ds/inputs/data/qsiprep/qsiprep/sub-20812/ses-2/dwi/sub-20812_ses-2_space-ACPC_desc-preproc_dwi.nii.gz	0.000678163146677	820.7729073501088	140.16413636575422	799.1386481928213	821.3299030216018	799.1839140191323	138.57070450431047	818.7443353911475	818.7629766002817	sub-20812	ses-2				space-ACPC			DSIStudio	autotrackgqi
ProjectionBasalGanglia_ThalamicRadiationL	am	TORTOISE_model-tensor	/scratch/executivefunction/SLURM_8364170_79/job-8364170-79-sub-20812-ses-2/ds/inputs/data/qsiprep/qsiprep/sub-20812/ses-2/dwi/sub-20812_ses-2_space-ACPC_desc-preproc_dwi.nii.gz	0.000678163146677	446.534912109375	110.55855560302734	423.8331298828125	446.83795166015625	423.8751831054688	109.9822006225586	404.16741943359375	404.1766052246094	sub-20812	ses-2				space-ACPC			DSIStudio	autotrackgqi
ProjectionBasalGanglia_ThalamicRadiationL	fa	TORTOISE_model-tensor	/scratch/executivefunction/SLURM_8364170_79/job-8364170-79-sub-20812-ses-2/ds/inputs/data/qsiprep/qsiprep/sub-20812/ses-2/dwi/sub-20812_ses-2_space-ACPC_desc-preproc_dwi.nii.gz	0.000678163146677	0.3752115125939026	0.1896062151247325	0.3593670502651441	0.375466139892803	0.3595639741722584	0.1894183458526546	0.4632473259911357	0.4632578730957711	sub-20812	ses-2				space-ACPC			DSIStudio	autotrackgqi
ProjectionBasalGanglia_ThalamicRadiationL	li	TORTOISE_model-tensor	/scratch/executivefunction/SLURM_8364170_79/job-8364170-79-sub-20812-ses-2/ds/inputs/data/qsiprep/qsiprep/sub-20812/ses-2/dwi/sub-20812_ses-2_space-ACPC_desc-preproc_dwi.nii.gz	0.000678163146677	0.2398574501276016	0.1546109169721603	0.2124073654413223	0.240020215511322	0.2127215564250946	0.1545370221138	0.3128034472465515	0.3128105700016022	sub-20812	ses-2				space-ACPC			DSIStudio	autotrackgqi
ProjectionBasalGanglia_ThalamicRadiationL	rd	TORTOISE_model-tensor	/scratch/executivefunction/SLURM_8364170_79/job-8364170-79-sub-20812-ses-2/ds/inputs/data/qsiprep/qsiprep/sub-20812/ses-2/dwi/sub-20812_ses-2_space-ACPC_desc-preproc_dwi.nii.gz	0.000678163146677	456.4704535484274	158.98220788954956	426.2127731143847	456.7802250631961	426.3993757334579	158.59065975367398	377.5335087289913	377.5421045579986	sub-20812	ses-2				space-ACPC			DSIStudio	autotrackgqi
ProjectionBasalGanglia_AnsaSubthalamicaL	ad	TORTOISE_model-tensor	/scratch/executivefunction/SLURM_8364170_79/job-8364170-79-sub-20812-ses-2/ds/inputs/data/qsiprep/qsiprep/sub-20812/ses-2/dwi/sub-20812_ses-2_space-ACPC_desc-preproc_dwi.nii.gz	0.0	833.509100168393	192.9170723249185	781.4562135730024	833.509100168393	781.4562135730024	192.9170723249185	862.4108064631496	862.4108064631496	sub-20812	ses-2				space-ACPC			DSIStudio	autotrackgqi
ProjectionBasalGanglia_AnsaSubthalamicaL	am	TORTOISE_model-tensor	/scratch/executivefunction/SLURM_8364170_79/job-8364170-79-sub-20812-ses-2/ds/inputs/data/qsiprep/qsiprep/sub-20812/ses-2/dwi/sub-20812_ses-2_space-ACPC_desc-preproc_dwi.nii.gz	0.0	410.0614929199219	141.56846618652344	387.0154418945313	410.0614929199219	387.0154418945313	141.56846618652344	402.5610656738281	402.5610656738281	sub-20812	ses-2				space-ACPC			DSIStudio	autotrackgqi
ProjectionBasalGanglia_AnsaSubthalamicaL	fa	TORTOISE_model-tensor	/scratch/executivefunction/SLURM_8364170_79/job-8364170-79-sub-20812-ses-2/ds/inputs/data/qsiprep/qsiprep/sub-20812/ses-2/dwi/sub-20812_ses-2_space-ACPC_desc-preproc_dwi.nii.gz	0.0	0.3393167488396734	0.1286999324095245	0.3238130788434239	0.3393167488396734	0.3238130788434239	0.1286999324095245	0.371246721502027	0.371246721502027	sub-20812	ses-2				space-ACPC			DSIStudio	autotrackgqi
ProjectionBasalGanglia_AnsaSubthalamicaL	li	TORTOISE_model-tensor	/scratch/executivefunction/SLURM_8364170_79/job-8364170-79-sub-20812-ses-2/ds/inputs/data/qsiprep/qsiprep/sub-20812/ses-2/dwi/sub-20812_ses-2_space-ACPC_desc-preproc_dwi.nii.gz	0.0	0.2039839476346969	0.0904944166541099	0.1905969530344009	0.2039839476346969	0.1905969530344009	0.0904944166541099	0.2257042527198791	0.2257042527198791	sub-20812	ses-2				space-ACPC			DSIStudio	autotrackgqi
ProjectionBasalGanglia_AnsaSubthalamicaL	rd	TORTOISE_model-tensor	/scratch/executivefunction/SLURM_8364170_79/job-8364170-79-sub-20812-ses-2/ds/inputs/data/qsiprep/qsiprep/sub-20812/ses-2/dwi/sub-20812_ses-2_space-ACPC_desc-preproc_dwi.nii.gz	0.0	501.06789272440886	164.62655175156337	466.9517748118888	501.06789272440886	466.9517748118888	164.62655175156337	485.597221646473	485.597221646473	sub-20812	ses-2				space-ACPC			DSIStudio	autotrackgqi
ProjectionBasalGanglia_FasciculusLenticularisL	ad	TORTOISE_model-tensor	/scratch/executivefunction/SLURM_8364170_79/job-8364170-79-sub-20812-ses-2/ds/inputs/data/qsiprep/qsiprep/sub-20812/ses-2/dwi/sub-20812_ses-2_space-ACPC_desc-preproc_dwi.nii.gz	0.0	843.6512257765919	184.40066431797408	801.6780971142445	843.6512257765919	801.6780971142445	184.40066431797408	932.727900656945	932.727900656945	sub-20812	ses-2				space-ACPC			DSIStudio	autotrackgqi
ProjectionBasalGanglia_FasciculusLenticularisL	am	TORTOISE_model-tensor	/scratch/executivefunction/SLURM_8364170_79/job-8364170-79-sub-20812-ses-2/ds/inputs/data/qsiprep/qsiprep/sub-20812/ses-2/dwi/sub-20812_ses-2_space-ACPC_desc-preproc_dwi.nii.gz	0.0	399.869873046875	92.08940887451172	380.0117492675781	399.869873046875	380.0117492675781	92.08940887451172	433.876220703125	433.876220703125	sub-20812	ses-2				space-ACPC			DSIStudio	autotrackgqi
ProjectionBasalGanglia_FasciculusLenticularisL	fa	TORTOISE_model-tensor	/scratch/executivefunction/SLURM_8364170_79/job-8364170-79-sub-20812-ses-2/ds/inputs/data/qsiprep/qsiprep/sub-20812/ses-2/dwi/sub-20812_ses-2_space-ACPC_desc-preproc_dwi.nii.gz	0.0	0.357319827481364	0.1500840433285118	0.3279823972704618	0.357319827481364	0.3279823972704618	0.1500840433285118	0.3905067664917183	0.3905067664917183	sub-20812	ses-2				space-ACPC			DSIStudio	autotrackgqi
ProjectionBasalGanglia_FasciculusLenticularisL	li	TORTOISE_model-tensor	/scratch/executivefunction/SLURM_8364170_79/job-8364170-79-sub-20812-ses-2/ds/inputs/data/qsiprep/qsiprep/sub-20812/ses-2/dwi/sub-20812_ses-2_space-ACPC_desc-preproc_dwi.nii.gz	0.0	0.2209091633558273	0.1123687997460365	0.1939934641122818	0.2209091633558273	0.1939934641122818	0.1123687997460365	0.2322005033493042	0.2322005033493042	sub-20812	ses-2				space-ACPC			DSIStudio	autotrackgqi
ProjectionBasalGanglia_FasciculusLenticularisL	rd	TORTOISE_model-tensor	/scratch/executivefunction/SLURM_8364170_79/job-8364170-79-sub-20812-ses-2/ds/inputs/data/qsiprep/qsiprep/sub-20812/ses-2/dwi/sub-20812_ses-2_space-ACPC_desc-preproc_dwi.nii.gz	0.0	481.50740429194167	137.68048107761007	480.3934202387693	481.50740429194167	480.3934202387693	137.68048107761007	494.4063343161103	494.4063343161103	sub-20812	ses-2				space-ACPC			DSIStudio	autotrackgqi
ProjectionBrainstem_CorticospinalTractL	ad	TORTOISE_model-tensor	/scratch/executivefunction/SLURM_8364170_79/job-8364170-79-sub-20812-ses-2/ds/inputs/data/qsiprep/qsiprep/sub-20812/ses-2/dwi/sub-20812_ses-2_space-ACPC_desc-preproc_dwi.nii.gz	0.0	841.5719039470446	172.75034069566397	809.0521447295937	841.5719039470446	809.0521447295937	172.75034069566397	892.735372023476	892.7354490004416	sub-20812	ses-2				space-ACPC			DSIStudio	autotrackgqi
ProjectionBrainstem_CorticospinalTractL	am	TORTOISE_model-tensor	/scratch/executivefunction/SLURM_8364170_79/job-8364170-79-sub-20812-ses-2/ds/inputs/data/qsiprep/qsiprep/sub-20812/ses-2/dwi/sub-20812_ses-2_space-ACPC_desc-preproc_dwi.nii.gz	0.0	428.31292724609375	65.18331909179688	433.3043823242188	428.31292724609375	433.3043823242188	65.18331909179688	413.5081176757813	413.5081787109375	sub-20812	ses-2				space-ACPC			DSIStudio	autotrackgqi
ProjectionBrainstem_CorticospinalTractL	fa	TORTOISE_model-tensor	/scratch/executivefunction/SLURM_8364170_79/job-8364170-79-sub-20812-ses-2/ds/inputs/data/qsiprep/qsiprep/sub-20812/ses-2/dwi/sub-20812_ses-2_space-ACPC_desc-preproc_dwi.nii.gz	0.0	0.4678675274101488	0.2170374529952696	0.4858462603367027	0.4678675274101488	0.4858462603367027	0.2170374529952696	0.5917399737245198	0.5917400247684562	sub-20812	ses-2				space-ACPC			DSIStudio	autotrackgqi
ProjectionBrainstem_CorticospinalTractL	li	TORTOISE_model-tensor	/scratch/executivefunction/SLURM_8364170_79/job-8364170-79-sub-20812-ses-2/ds/inputs/data/qsiprep/qsiprep/sub-20812/ses-2/dwi/sub-20812_ses-2_space-ACPC_desc-preproc_dwi.nii.gz	0.0	0.3219791948795318	0.1893800944089889	0.3122762441635132	0.3219791948795318	0.3122762441635132	0.1893800944089889	0.4361355900764465	0.4361356198787689	sub-20812	ses-2				space-ACPC			DSIStudio	autotrackgqi
ProjectionBrainstem_CorticospinalTractL	rd	TORTOISE_model-tensor	/scratch/executivefunction/SLURM_8364170_79/job-8364170-79-sub-20812-ses-2/ds/inputs/data/qsiprep/qsiprep/sub-20812/ses-2/dwi/sub-20812_ses-2_space-ACPC_desc-preproc_dwi.nii.gz	0.0	384.99635708018496	164.13342689072562	337.437861066894	384.99635708018496	337.437861066894	164.13342689072562	296.8792858237458	296.8793114252759	sub-20812	ses-2				space-ACPC			DSIStudio	autotrackgqi
ProjectionBasalGanglia_OpticRadiationR	ad	TORTOISE_model-tensor	/scratch/executivefunction/SLURM_8364170_79/job-8364170-79-sub-20812-ses-2/ds/inputs/data/qsiprep/qsiprep/sub-20812/ses-2/dwi/sub-20812_ses-2_space-ACPC_desc-preproc_dwi.nii.gz	0.0	827.177094227254	205.98130295834736	777.662939180794	827.177094227254	777.662939180794	205.98130295834736	854.6866285487486	854.6866285487486	sub-20812	ses-2				space-ACPC			DSIStudio	autotrackgqi
ProjectionBasalGanglia_OpticRadiationR	am	TORTOISE_model-tensor	/scratch/executivefunction/SLURM_8364170_79/job-8364170-79-sub-20812-ses-2/ds/inputs/data/qsiprep/qsiprep/sub-20812/ses-2/dwi/sub-20812_ses-2_space-ACPC_desc-preproc_dwi.nii.gz	0.0	437.2063598632813	141.37330627441406	432.2951965332031	437.2063598632813	432.2951965332031	141.37330627441406	430.2347717285156	430.2347717285156	sub-20812	ses-2				space-ACPC			DSIStudio	autotrackgqi
ProjectionBasalGanglia_OpticRadiationR	fa	TORTOISE_model-tensor	/scratch/executivefunction/SLURM_8364170_79/job-8364170-79-sub-20812-ses-2/ds/inputs/data/qsiprep/qsiprep/sub-20812/ses-2/dwi/sub-20812_ses-2_space-ACPC_desc-preproc_dwi.nii.gz	0.0	0.3490230657522814	0.1830492708639551	0.3205979872698185	0.3490230657522814	0.3205979872698185	0.1830492708639551	0.4149613593839741	0.4149613593839741	sub-20812	ses-2				space-ACPC			DSIStudio	autotrackgqi
ProjectionBasalGanglia_OpticRadiationR	li	TORTOISE_model-tensor	/scratch/executivefunction/SLURM_8364170_79/job-8364170-79-sub-20812-ses-2/ds/inputs/data/qsiprep/qsiprep/sub-20812/ses-2/dwi/sub-20812_ses-2_space-ACPC_desc-preproc_dwi.nii.gz	0.0	0.2121919393539428	0.1477627605199813	0.1745296269655227	0.2121919393539428	0.1745296269655227	0.1477627605199813	0.2647275328636169	0.2647275328636169	sub-20812	ses-2				space-ACPC			DSIStudio	autotrackgqi
ProjectionBasalGanglia_OpticRadiationR	rd	TORTOISE_model-tensor	/scratch/executivefunction/SLURM_8364170_79/job-8364170-79-sub-20812-ses-2/ds/inputs/data/qsiprep/qsiprep/sub-20812/ses-2/dwi/sub-20812_ses-2_space-ACPC_desc-preproc_dwi.nii.gz	0.0	479.16717365015865	164.39235702330237	467.00091431359766	479.16717365015865	467.00091431359766	164.39235702330237	444.4065937264816	444.4065937264816	sub-20812	ses-2				space-ACPC			DSIStudio	autotrackgqi
ProjectionBasalGanglia_FasciculusLenticularisR	ad	TORTOISE_model-tensor	/scratch/executivefunction/SLURM_8364170_79/job-8364170-79-sub-20812-ses-2/ds/inputs/data/qsiprep/qsiprep/sub-20812/ses-2/dwi/sub-20812_ses-2_space-ACPC_desc-preproc_dwi.nii.gz	0.0	860.8388335701164	205.58494313471869	795.0185865617314	860.8388335701164	795.0185865617314	205.58494313471869	939.508866021459	939.5089748014572	sub-20812	ses-2				space-ACPC			DSIStudio	autotrackgqi
ProjectionBasalGanglia_FasciculusLenticularisR	am	TORTOISE_model-tensor	/scratch/executivefunction/SLURM_8364170_79/job-8364170-79-sub-20812-ses-2/ds/inputs/data/qsiprep/qsiprep/sub-20812/ses-2/dwi/sub-20812_ses-2_space-ACPC_desc-preproc_dwi.nii.gz	0.0	423.25494384765625	110.39374542236328	389.4450073242188	423.25494384765625	389.4450073242188	110.39374542236328	460.3844604492188	460.384521484375	sub-20812	ses-2				space-ACPC			DSIStudio	autotrackgqi
ProjectionBasalGanglia_FasciculusLenticularisR	fa	TORTOISE_model-tensor	/scratch/executivefunction/SLURM_8364170_79/job-8364170-79-sub-20812-ses-2/ds/inputs/data/qsiprep/qsiprep/sub-20812/ses-2/dwi/sub-20812_ses-2_space-ACPC_desc-preproc_dwi.nii.gz	0.0	0.3207374717513662	0.11138903165572	0.2979740005846888	0.3207374717513662	0.2979740005846888	0.11138903165572	0.319799996719418	0.3198000336175527	sub-20812	ses-2				space-ACPC			DSIStudio	autotrackgqi
ProjectionBasalGanglia_FasciculusLenticularisR	li	TORTOISE_model-tensor	/scratch/executivefunction/SLURM_8364170_79/job-8364170-79-sub-20812-ses-2/ds/inputs/data/qsiprep/qsiprep/sub-20812/ses-2/dwi/sub-20812_ses-2_space-ACPC_desc-preproc_dwi.nii.gz	0.0	0.1930244415998459	0.0786245092749595	0.176963597536087	0.1930244415998459	0.176963597536087	0.0786245092749595	0.1908101141452789	0.1908101290464401	sub-20812	ses-2				space-ACPC			DSIStudio	autotrackgqi
ProjectionBasalGanglia_FasciculusLenticularisR	rd	TORTOISE_model-tensor	/scratch/executivefunction/SLURM_8364170_79/job-8364170-79-sub-20812-ses-2/ds/inputs/data/qsiprep/qsiprep/sub-20812/ses-2/dwi/sub-20812_ses-2_space-ACPC_desc-preproc_dwi.nii.gz	0.0	525.4114953800643	136.4036896025637	502.6019592811312	525.4114953800643	502.6019592811312	136.4036896025637	568.7041723487431	568.7042385148374	sub-20812	ses-2				space-ACPC			DSIStudio	autotrackgqi
Commissure_CorpusCallosum	ad	TORTOISE_model-tensor	/scratch/executivefunction/SLURM_8364170_79/job-8364170-79-sub-20812-ses-2/ds/inputs/data/qsiprep/qsiprep/sub-20812/ses-2/dwi/sub-20812_ses-2_space-ACPC_desc-preproc_dwi.nii.gz	0.0008043665613329	863.4929552135931	184.59238112828805	819.4806467359936	864.1880792072099	819.6118578240937	183.03294684635244	956.1813035391352	956.219091598448	sub-20812	ses-2				space-ACPC			DSIStudio	autotrackgqi
Commissure_CorpusCallosum	am	TORTOISE_model-tensor	/scratch/executivefunction/SLURM_8364170_79/job-8364170-79-sub-20812-ses-2/ds/inputs/data/qsiprep/qsiprep/sub-20812/ses-2/dwi/sub-20812_ses-2_space-ACPC_desc-preproc_dwi.nii.gz	0.0008043665613329	461.3562622070313	126.62938690185548	442.1546020507813	461.7276611328125	442.2265625	126.0016860961914	425.41357421875	425.4303283691406	sub-20812	ses-2				space-ACPC			DSIStudio	autotrackgqi
Commissure_CorpusCallosum	fa	TORTOISE_model-tensor	/scratch/executivefunction/SLURM_8364170_79/job-8364170-79-sub-20812-ses-2/ds/inputs/data/qsiprep/qsiprep/sub-20812/ses-2/dwi/sub-20812_ses-2_space-ACPC_desc-preproc_dwi.nii.gz	0.0008043665613329	0.3665685630743917	0.2185069623788405	0.3272725934966106	0.3668636559317916	0.3275006179507221	0.2183471304979665	0.5370987780516753	0.5371200040355696	sub-20812	ses-2				space-ACPC			DSIStudio	autotrackgqi
Commissure_CorpusCallosum	li	TORTOISE_model-tensor	/scratch/executivefunction/SLURM_8364170_79/job-8364170-79-sub-20812-ses-2/ds/inputs/data/qsiprep/qsiprep/sub-20812/ses-2/dwi/sub-20812_ses-2_space-ACPC_desc-preproc_dwi.nii.gz	0.0008618213157138	0.2380890548229217	0.1900297850370407	0.1769474595785141	0.2382944226264953	0.1771464347839355	0.1899829655885696	0.3928810060024261	0.3928968012332916	sub-20812	ses-2				space-ACPC			DSIStudio	autotrackgqi
Commissure_CorpusCallosum	rd	TORTOISE_model-tensor	/scratch/executivefunction/SLURM_8364170_79/job-8364170-79-sub-20812-ses-2/ds/inputs/data/qsiprep/qsiprep/sub-20812/ses-2/dwi/sub-20812_ses-2_space-ACPC_desc-preproc_dwi.nii.gz	0.0008043665613329	484.4201962875579	182.9864403047572	473.4199440312887	484.8101613699584	473.6763192560688	182.5429632241377	371.6857847463471	371.7004736835382	sub-20812	ses-2				space-ACPC			DSIStudio	autotrackgqi
Commissure_AnteriorCommissure	ad	TORTOISE_model-tensor	/scratch/executivefunction/SLURM_8364170_79/job-8364170-79-sub-20812-ses-2/ds/inputs/data/qsiprep/qsiprep/sub-20812/ses-2/dwi/sub-20812_ses-2_space-ACPC_desc-preproc_dwi.nii.gz	0.0036284470246734	837.8043741432808	149.03092529527163	824.0658389429127	840.8553733207873	824.3206001314757	140.44803207219766	851.3389821011001	851.5469298005925	sub-20812	ses-2				space-ACPC			DSIStudio	autotrackgqi
Commissure_AnteriorCommissure	am	TORTOISE_model-tensor	/scratch/executivefunction/SLURM_8364170_79/job-8364170-79-sub-20812-ses-2/ds/inputs/data/qsiprep/qsiprep/sub-20812/ses-2/dwi/sub-20812_ses-2_space-ACPC_desc-preproc_dwi.nii.gz	0.0036284470246734	436.4510192871094	125.64632415771484	422.82818603515625	438.0404357910156	423.1025390625	123.07828521728516	404.6880493164063	404.7868957519531	sub-20812	ses-2				space-ACPC			DSIStudio	autotrackgqi
Commissure_AnteriorCommissure	fa	TORTOISE_model-tensor	/scratch/executivefunction/SLURM_8364170_79/job-8364170-79-sub-20812-ses-2/ds/inputs/data/qsiprep/qsiprep/sub-20812/ses-2/dwi/sub-20812_ses-2_space-ACPC_desc-preproc_dwi.nii.gz	0.0036284470246734	0.3042722991824733	0.1603614028342368	0.2802663303725912	0.3053803556252354	0.2809799303657918	0.1595965193524664	0.3933750985003571	0.3934711839685033	sub-20812	ses-2				space-ACPC			DSIStudio	autotrackgqi
Commissure_AnteriorCommissure	li	TORTOISE_model-tensor	/scratch/executivefunction/SLURM_8364170_79/job-8364170-79-sub-20812-ses-2/ds/inputs/data/qsiprep/qsiprep/sub-20812/ses-2/dwi/sub-20812_ses-2_space-ACPC_desc-preproc_dwi.nii.gz	0.0036284470246734	0.1776116788387298	0.117978036403656	0.1497851461172104	0.17825847864151	0.1500421613454818	0.1177038997411727	0.2415865957736969	0.2416455894708633	sub-20812	ses-2				space-ACPC			DSIStudio	autotrackgqi
Commissure_AnteriorCommissure	rd	TORTOISE_model-tensor	/scratch/executivefunction/SLURM_8364170_79/job-8364170-79-sub-20812-ses-2/ds/inputs/data/qsiprep/qsiprep/sub-20812/ses-2/dwi/sub-20812_ses-2_space-ACPC_desc-preproc_dwi.nii.gz	0.0036284470246734	524.5889690925649	142.73405036644138	517.842496820764	526.499344071052	518.2959896876138	139.43238341761565	453.3403825747919	453.45111539584025	sub-20812	ses-2				space-ACPC			DSIStudio	autotrackgqi
Cerebellum_InferiorCerebellarPeduncleR	ad	TORTOISE_model-tensor	/scratch/executivefunction/SLURM_8364170_79/job-8364170-79-sub-20812-ses-2/ds/inputs/data/qsiprep/qsiprep/sub-20812/ses-2/dwi/sub-20812_ses-2_space-ACPC_desc-preproc_dwi.nii.gz	0.0006406149903907	773.6957104222731	200.7958636889272	728.7946742384139	774.1916692110053	728.839936250318	199.9021190766929	770.1077087197405	770.2407550231308	sub-20812	ses-2				space-ACPC			DSIStudio	autotrackgqi
Cerebellum_InferiorCerebellarPeduncleR	am	TORTOISE_model-tensor	/scratch/executivefunction/SLURM_8364170_79/job-8364170-79-sub-20812-ses-2/ds/inputs/data/qsiprep/qsiprep/sub-20812/ses-2/dwi/sub-20812_ses-2_space-ACPC_desc-preproc_dwi.nii.gz	0.0006406149903907	819.1298828125	599.919189453125	637.463623046875	819.6549682617188	637.8596801757812	599.752685546875	907.2114868164062	907.3682250976562	sub-20812	ses-2				space-ACPC			DSIStudio	autotrackgqi
Cerebellum_InferiorCerebellarPeduncleR	fa	TORTOISE_model-tensor	/scratch/executivefunction/SLURM_8364170_79/job-8364170-79-sub-20812-ses-2/ds/inputs/data/qsiprep/qsiprep/sub-20812/ses-2/dwi/sub-20812_ses-2_space-ACPC_desc-preproc_dwi.nii.gz	0.0006406149903907	0.2228339846929682	0.1295042835001156	0.1854420989539759	0.2229768269908484	0.185617943841841	0.1294227947232478	0.2514933329481503	0.251536781703199	sub-20812	ses-2				space-ACPC			DSIStudio	autotrackgqi
Cerebellum_InferiorCerebellarPeduncleR	li	TORTOISE_model-tensor	/scratch/executivefunction/SLURM_8364170_79/job-8364170-79-sub-20812-ses-2/ds/inputs/data/qsiprep/qsiprep/sub-20812/ses-2/dwi/sub-20812_ses-2_space-ACPC_desc-preproc_dwi.nii.gz	0.0006406149903907	0.1187050193548202	0.0883872285485267	0.0919500738382339	0.1187811121344566	0.0919965058565139	0.0883644297719001	0.1378923207521438	0.1379161477088928	sub-20812	ses-2				space-ACPC			DSIStudio	autotrackgqi
Cerebellum_InferiorCerebellarPeduncleR	rd	TORTOISE_model-tensor	/scratch/executivefunction/SLURM_8364170_79/job-8364170-79-sub-20812-ses-2/ds/inputs/data/qsiprep/qsiprep/sub-20812/ses-2/dwi/sub-20812_ses-2_space-ACPC_desc-preproc_dwi.nii.gz	0.0006406149903907	554.9565766650467	172.62019737944198	541.1188482129239	555.3123180603448	541.146322116845	172.1025452312347	524.3346271089356	524.4252129089527	sub-20812	ses-2				space-ACPC			DSIStudio	autotrackgqi
Cerebellum_MiddleCerebellarPeduncle	ad	TORTOISE_model-tensor	/scratch/executivefunction/SLURM_8364170_79/job-8364170-79-sub-20812-ses-2/ds/inputs/data/qsiprep/qsiprep/sub-20812/ses-2/dwi/sub-20812_ses-2_space-ACPC_desc-preproc_dwi.nii.gz	0.0	742.7393429082507	212.415111169232	689.5636104524843	742.7393429082507	689.5636104524843	212.415111169232	782.3395446849933	782.3395446849933	sub-20812	ses-2				space-ACPC			DSIStudio	autotrackgqi
Cerebellum_MiddleCerebellarPeduncle	am	TORTOISE_model-tensor	/scratch/executivefunction/SLURM_8364170_79/job-8364170-79-sub-20812-ses-2/ds/inputs/data/qsiprep/qsiprep/sub-20812/ses-2/dwi/sub-20812_ses-2_space-ACPC_desc-preproc_dwi.nii.gz	0.0	713.2885131835938	543.072021484375	527.0066528320312	713.2885131835938	527.0066528320312	543.072021484375	656.4993896484375	656.4993896484375	sub-20812	ses-2				space-ACPC			DSIStudio	autotrackgqi
Cerebellum_MiddleCerebellarPeduncle	fa	TORTOISE_model-tensor	/scratch/executivefunction/SLURM_8364170_79/job-8364170-79-sub-20812-ses-2/ds/inputs/data/qsiprep/qsiprep/sub-20812/ses-2/dwi/sub-20812_ses-2_space-ACPC_desc-preproc_dwi.nii.gz	0.0	0.2811311128374855	0.1753017656246758	0.2233859836134765	0.2811311128374855	0.2233859836134765	0.1753017656246758	0.3931607056490729	0.3931607056490729	sub-20812	ses-2				space-ACPC			DSIStudio	autotrackgqi
Cerebellum_MiddleCerebellarPeduncle	li	TORTOISE_model-tensor	/scratch/executivefunction/SLURM_8364170_79/job-8364170-79-sub-20812-ses-2/ds/inputs/data/qsiprep/qsiprep/sub-20812/ses-2/dwi/sub-20812_ses-2_space-ACPC_desc-preproc_dwi.nii.gz	0.0	0.1627536565065384	0.1324011534452438	0.1151405870914459	0.1627536565065384	0.1151405870914459	0.1324011534452438	0.2520930767059326	0.2520930767059326	sub-20812	ses-2				space-ACPC			DSIStudio	autotrackgqi
Cerebellum_MiddleCerebellarPeduncle	rd	TORTOISE_model-tensor	/scratch/executivefunction/SLURM_8364170_79/job-8364170-79-sub-20812-ses-2/ds/inputs/data/qsiprep/qsiprep/sub-20812/ses-2/dwi/sub-20812_ses-2_space-ACPC_desc-preproc_dwi.nii.gz	0.0	484.5205059885592	174.56041540875992	471.40845549126914	484.5205059885592	471.40845549126914	174.56041540875992	415.3653824842769	415.3653824842769	sub-20812	ses-2				space-ACPC			DSIStudio	autotrackgqi
Cerebellum_InferiorCerebellarPeduncleL	ad	TORTOISE_model-tensor	/scratch/executivefunction/SLURM_8364170_79/job-8364170-79-sub-20812-ses-2/ds/inputs/data/qsiprep/qsiprep/sub-20812/ses-2/dwi/sub-20812_ses-2_space-ACPC_desc-preproc_dwi.nii.gz	0.0	757.3774145914922	186.61480395328823	724.7425701947467	757.3774145914922	724.7425701947467	186.61480395328823	760.6167780788427	760.6167780788427	sub-20812	ses-2				space-ACPC			DSIStudio	autotrackgqi
Cerebellum_InferiorCerebellarPeduncleL	am	TORTOISE_model-tensor	/scratch/executivefunction/SLURM_8364170_79/job-8364170-79-sub-20812-ses-2/ds/inputs/data/qsiprep/qsiprep/sub-20812/ses-2/dwi/sub-20812_ses-2_space-ACPC_desc-preproc_dwi.nii.gz	0.0	977.2305908203124	722.7990112304688	743.7619018554688	977.2305908203124	743.7619018554688	722.7990112304688	1184.332275390625	1184.332275390625	sub-20812	ses-2				space-ACPC			DSIStudio	autotrackgqi
Cerebellum_InferiorCerebellarPeduncleL	fa	TORTOISE_model-tensor	/scratch/executivefunction/SLURM_8364170_79/job-8364170-79-sub-20812-ses-2/ds/inputs/data/qsiprep/qsiprep/sub-20812/ses-2/dwi/sub-20812_ses-2_space-ACPC_desc-preproc_dwi.nii.gz	0.0	0.205819201606365	0.1200672064223324	0.173385117065298	0.205819201606365	0.173385117065298	0.1200672064223324	0.1950333957573362	0.1950333957573362	sub-20812	ses-2				space-ACPC			DSIStudio	autotrackgqi
Cerebellum_InferiorCerebellarPeduncleL	li	TORTOISE_model-tensor	/scratch/executivefunction/SLURM_8364170_79/job-8364170-79-sub-20812-ses-2/ds/inputs/data/qsiprep/qsiprep/sub-20812/ses-2/dwi/sub-20812_ses-2_space-ACPC_desc-preproc_dwi.nii.gz	0.0	0.1088883057236671	0.0790570601820945	0.0871645584702491	0.1088883057236671	0.0871645584702491	0.0790570601820945	0.101996824145317	0.101996824145317	sub-20812	ses-2				space-ACPC			DSIStudio	autotrackgqi
Cerebellum_InferiorCerebellarPeduncleL	rd	TORTOISE_model-tensor	/scratch/executivefunction/SLURM_8364170_79/job-8364170-79-sub-20812-ses-2/ds/inputs/data/qsiprep/qsiprep/sub-20812/ses-2/dwi/sub-20812_ses-2_space-ACPC_desc-preproc_dwi.nii.gz	0.0	556.6693056434351	155.03478487715878	545.7003500260479	556.6693056434351	545.7003500260479	155.03478487715878	564.7189586485456	564.7189586485456	sub-20812	ses-2				space-ACPC			DSIStudio	autotrackgqi
Cerebellum_SuperiorCerebellarPeduncle	ad	TORTOISE_model-tensor	/scratch/executivefunction/SLURM_8364170_79/job-8364170-79-sub-20812-ses-2/ds/inputs/data/qsiprep/qsiprep/sub-20812/ses-2/dwi/sub-20812_ses-2_space-ACPC_desc-preproc_dwi.nii.gz	0.0	843.3011380305276	221.8505341017314	785.8845341213114	843.3011380305276	785.8845341213114	221.8505341017314	944.7291334235252	944.7291334235252	sub-20812	ses-2				space-ACPC			DSIStudio	autotrackgqi
Cerebellum_SuperiorCerebellarPeduncle	am	TORTOISE_model-tensor	/scratch/executivefunction/SLURM_8364170_79/job-8364170-79-sub-20812-ses-2/ds/inputs/data/qsiprep/qsiprep/sub-20812/ses-2/dwi/sub-20812_ses-2_space-ACPC_desc-preproc_dwi.nii.gz	0.0	587.4658203125	372.2867126464844	459.8560791015625	587.4658203125	459.8560791015625	372.2867126464844	603.0994262695312	603.0994262695312	sub-20812	ses-2				space-ACPC			DSIStudio	autotrackgqi
Cerebellum_SuperiorCerebellarPeduncle	fa	TORTOISE_model-tensor	/scratch/executivefunction/SLURM_8364170_79/job-8364170-79-sub-20812-ses-2/ds/inputs/data/qsiprep/qsiprep/sub-20812/ses-2/dwi/sub-20812_ses-2_space-ACPC_desc-preproc_dwi.nii.gz	0.0	0.3157678094981059	0.1562936560527612	0.2982956343867922	0.3157678094981059	0.2982956343867922	0.1562936560527612	0.3728491380650574	0.3728491380650574	sub-20812	ses-2				space-ACPC			DSIStudio	autotrackgqi
Cerebellum_SuperiorCerebellarPeduncle	li	TORTOISE_model-tensor	/scratch/executivefunction/SLURM_8364170_79/job-8364170-79-sub-20812-ses-2/ds/inputs/data/qsiprep/qsiprep/sub-20812/ses-2/dwi/sub-20812_ses-2_space-ACPC_desc-preproc_dwi.nii.gz	0.0	0.187976062297821	0.1142393574118614	0.1726855784654617	0.187976062297821	0.1726855784654617	0.1142393574118614	0.2249345183372497	0.2249345183372497	sub-20812	ses-2				space-ACPC			DSIStudio	autotrackgqi
Cerebellum_SuperiorCerebellarPeduncle	rd	TORTOISE_model-tensor	/scratch/executivefunction/SLURM_8364170_79/job-8364170-79-sub-20812-ses-2/ds/inputs/data/qsiprep/qsiprep/sub-20812/ses-2/dwi/sub-20812_ses-2_space-ACPC_desc-preproc_dwi.nii.gz	0.0	521.7096430217937	193.0252470871245	473.2705390910838	521.7096430217937	473.2705390910838	193.0252470871245	516.7806418464194	516.7806418464194	sub-20812	ses-2				space-ACPC			DSIStudio	autotrackgqi
Cerebellum_CerebellumR	ad	TORTOISE_model-tensor	/scratch/executivefunction/SLURM_8364170_79/job-8364170-79-sub-20812-ses-2/ds/inputs/data/qsiprep/qsiprep/sub-20812/ses-2/dwi/sub-20812_ses-2_space-ACPC_desc-preproc_dwi.nii.gz	0.0	710.2878714010196	148.90873578289822	688.2848705247686	710.2878714010196	688.2848705247686	148.90873578289822	704.1221947862346	704.1221947862346	sub-20812	ses-2				space-ACPC			DSIStudio	autotrackgqi
Cerebellum_CerebellumR	am	TORTOISE_model-tensor	/scratch/executivefunction/SLURM_8364170_79/job-8364170-79-sub-20812-ses-2/ds/inputs/data/qsiprep/qsiprep/sub-20812/ses-2/dwi/sub-20812_ses-2_space-ACPC_desc-preproc_dwi.nii.gz	0.0	714.0519409179688	446.8492431640625	599.02685546875	714.0519409179688	599.02685546875	446.8492431640625	823.8602294921875	823.8602294921875	sub-20812	ses-2				space-ACPC			DSIStudio	autotrackgqi
Cerebellum_CerebellumR	fa	TORTOISE_model-tensor	/scratch/executivefunction/SLURM_8364170_79/job-8364170-79-sub-20812-ses-2/ds/inputs/data/qsiprep/qsiprep/sub-20812/ses-2/dwi/sub-20812_ses-2_space-ACPC_desc-preproc_dwi.nii.gz	0.0	0.1947338852922933	0.1118949531765219	0.1698620358101276	0.1947338852922933	0.1698620358101276	0.1118949531765219	0.2117241741684597	0.2117241741684597	sub-20812	ses-2				space-ACPC			DSIStudio	autotrackgqi
Cerebellum_CerebellumR	li	TORTOISE_model-tensor	/scratch/executivefunction/SLURM_8364170_79/job-8364170-79-sub-20812-ses-2/ds/inputs/data/qsiprep/qsiprep/sub-20812/ses-2/dwi/sub-20812_ses-2_space-ACPC_desc-preproc_dwi.nii.gz	0.0	0.1031917408108711	0.0818683728575706	0.0862735509872436	0.1031917408108711	0.0862735509872436	0.0818683728575706	0.1203523576259613	0.1203523576259613	sub-20812	ses-2				space-ACPC			DSIStudio	autotrackgqi
Cerebellum_CerebellumR	rd	TORTOISE_model-tensor	/scratch/executivefunction/SLURM_8364170_79/job-8364170-79-sub-20812-ses-2/ds/inputs/data/qsiprep/qsiprep/sub-20812/ses-2/dwi/sub-20812_ses-2_space-ACPC_desc-preproc_dwi.nii.gz	0.0	530.4001264787743	127.67286527229987	513.0891252411793	530.4001264787743	513.0891252411793	127.67286527229987	511.39822190169457	511.39822190169457	sub-20812	ses-2				space-ACPC			DSIStudio	autotrackgqi
Cerebellum_CerebellumL	ad	TORTOISE_model-tensor	/scratch/executivefunction/SLURM_8364170_79/job-8364170-79-sub-20812-ses-2/ds/inputs/data/qsiprep/qsiprep/sub-20812/ses-2/dwi/sub-20812_ses-2_space-ACPC_desc-preproc_dwi.nii.gz	0.0042232831435916	680.5431715104008	156.54578939870592	690.9261353803331	683.4294877458312	691.5119338041145	150.45905673074105	684.0035194627097	684.9589463403779	sub-20812	ses-2				space-ACPC			DSIStudio	autotrackgqi
Cerebellum_CerebellumL	am	TORTOISE_model-tensor	/scratch/executivefunction/SLURM_8364170_79/job-8364170-79-sub-20812-ses-2/ds/inputs/data/qsiprep/qsiprep/sub-20812/ses-2/dwi/sub-20812_ses-2_space-ACPC_desc-preproc_dwi.nii.gz	0.0042232831435916	794.1411743164062	594.9788208007812	630.4221801757812	797.5093383789062	631.4827270507812	593.982421875	957.5994873046876	958.9370727539062	sub-20812	ses-2				space-ACPC			DSIStudio	autotrackgqi
Cerebellum_CerebellumL	fa	TORTOISE_model-tensor	/scratch/executivefunction/SLURM_8364170_79/job-8364170-79-sub-20812-ses-2/ds/inputs/data/qsiprep/qsiprep/sub-20812/ses-2/dwi/sub-20812_ses-2_space-ACPC_desc-preproc_dwi.nii.gz	0.0042232831435916	0.1849931322672441	0.1144043512727878	0.1556671808186887	0.1857777241983056	0.1563408691533492	0.114009237142817	0.1736583736931626	0.1739009425401046	sub-20812	ses-2				space-ACPC			DSIStudio	autotrackgqi
Cerebellum_CerebellumL	li	TORTOISE_model-tensor	/scratch/executivefunction/SLURM_8364170_79/job-8364170-79-sub-20812-ses-2/ds/inputs/data/qsiprep/qsiprep/sub-20812/ses-2/dwi/sub-20812_ses-2_space-ACPC_desc-preproc_dwi.nii.gz	0.0042232831435916	0.0935722291469574	0.072210855782032	0.0741927623748779	0.0939690843224525	0.0744175910949707	0.0721056908369064	0.0854658558964729	0.0855852365493774	sub-20812	ses-2				space-ACPC			DSIStudio	autotrackgqi
Cerebellum_CerebellumL	rd	TORTOISE_model-tensor	/scratch/executivefunction/SLURM_8364170_79/job-8364170-79-sub-20812-ses-2/ds/inputs/data/qsiprep/qsiprep/sub-20812/ses-2/dwi/sub-20812_ses-2_space-ACPC_desc-preproc_dwi.nii.gz	0.0042232831435916	523.2363985783456	139.88481341002517	529.4828061531922	525.4555461290191	530.1893383344034	135.95840659201065	533.636760681258	534.3821528790661	sub-20812	ses-2				space-ACPC			DSIStudio	autotrackgqi
Cerebellum_Vermis	ad	TORTOISE_model-tensor	/scratch/executivefunction/SLURM_8364170_79/job-8364170-79-sub-20812-ses-2/ds/inputs/data/qsiprep/qsiprep/sub-20812/ses-2/dwi/sub-20812_ses-2_space-ACPC_desc-preproc_dwi.nii.gz	0.0033030553261767	681.311305731394	157.9608400333526	670.7384816099385	683.5691725275212	670.9916907483091	153.2674413556458	695.9416360170649	696.2589489581634	sub-20812	ses-2				space-ACPC			DSIStudio	autotrackgqi
Cerebellum_Vermis	am	TORTOISE_model-tensor	/scratch/executivefunction/SLURM_8364170_79/job-8364170-79-sub-20812-ses-2/ds/inputs/data/qsiprep/qsiprep/sub-20812/ses-2/dwi/sub-20812_ses-2_space-ACPC_desc-preproc_dwi.nii.gz	0.0033030553261767	895.7178344726562	666.4008178710938	693.0087890625	898.686279296875	694.6217651367188	665.5028686523438	1046.939453125	1047.416748046875	sub-20812	ses-2				space-ACPC			DSIStudio	autotrackgqi
Cerebellum_Vermis	fa	TORTOISE_model-tensor	/scratch/executivefunction/SLURM_8364170_79/job-8364170-79-sub-20812-ses-2/ds/inputs/data/qsiprep/qsiprep/sub-20812/ses-2/dwi/sub-20812_ses-2_space-ACPC_desc-preproc_dwi.nii.gz	0.0033030553261767	0.1900492669501838	0.093316151941446	0.1727604701830415	0.1906790905357684	0.1729347448391335	0.0928260094674611	0.1808602516683359	0.180942714446568	sub-20812	ses-2				space-ACPC			DSIStudio	autotrackgqi
Cerebellum_Vermis	li	TORTOISE_model-tensor	/scratch/executivefunction/SLURM_8364170_79/job-8364170-79-sub-20812-ses-2/ds/inputs/data/qsiprep/qsiprep/sub-20812/ses-2/dwi/sub-20812_ses-2_space-ACPC_desc-preproc_dwi.nii.gz	0.0035783099366914	0.0955652818083763	0.0593223720788955	0.0841002166271209	0.0959084704518318	0.084281712770462	0.059151217341423	0.0872082114219665	0.0872488692402839	sub-20812	ses-2				space-ACPC			DSIStudio	autotrackgqi
Cerebellum_Vermis	rd	TORTOISE_model-tensor	/scratch/executivefunction/SLURM_8364170_79/job-8364170-79-sub-20812-ses-2/ds/inputs/data/qsiprep/qsiprep/sub-20812/ses-2/dwi/sub-20812_ses-2_space-ACPC_desc-preproc_dwi.nii.gz	0.0033030553261767	517.9636824549466	132.88104737583032	521.01391445113	519.6802149568686	521.6071620752125	129.70675130723083	533.3439423279333	533.587119299497	sub-20812	ses-2				space-ACPC			DSIStudio	autotrackgqi
CranialNerve_CNVIIR	ad	TORTOISE_model-tensor	/scratch/executivefunction/SLURM_8364170_79/job-8364170-79-sub-20812-ses-2/ds/inputs/data/qsiprep/qsiprep/sub-20812/ses-2/dwi/sub-20812_ses-2_space-ACPC_desc-preproc_dwi.nii.gz	0.0	928.8267026524524	239.12856517795896	869.5778321634965	928.8267026524524	869.5778321634965	239.12856517795896	1002.4833115231236	1002.4833115231236	sub-20812	ses-2				space-ACPC			DSIStudio	autotrackgqi
CranialNerve_CNVIIR	am	TORTOISE_model-tensor	/scratch/executivefunction/SLURM_8364170_79/job-8364170-79-sub-20812-ses-2/ds/inputs/data/qsiprep/qsiprep/sub-20812/ses-2/dwi/sub-20812_ses-2_space-ACPC_desc-preproc_dwi.nii.gz	0.0	431.6544189453125	118.03898620605467	404.1819763183594	431.6544189453125	404.1819763183594	118.03898620605467	419.4958190917969	419.4958190917969	sub-20812	ses-2				space-ACPC			DSIStudio	autotrackgqi
CranialNerve_CNVIIR	fa	TORTOISE_model-tensor	/scratch/executivefunction/SLURM_8364170_79/job-8364170-79-sub-20812-ses-2/ds/inputs/data/qsiprep/qsiprep/sub-20812/ses-2/dwi/sub-20812_ses-2_space-ACPC_desc-preproc_dwi.nii.gz	0.0	0.4442517749862892	0.1868452655283395	0.4670694478160995	0.4442517749862892	0.4670694478160995	0.1868452655283395	0.5154474050095752	0.5154474050095752	sub-20812	ses-2				space-ACPC			DSIStudio	autotrackgqi
CranialNerve_CNVIIR	li	TORTOISE_model-tensor	/scratch/executivefunction/SLURM_8364170_79/job-8364170-79-sub-20812-ses-2/ds/inputs/data/qsiprep/qsiprep/sub-20812/ses-2/dwi/sub-20812_ses-2_space-ACPC_desc-preproc_dwi.nii.gz	0.0	0.2911048531532287	0.1526694148778915	0.2689208686351776	0.2911048531532287	0.2689208686351776	0.1526694148778915	0.3389738500118255	0.3389738500118255	sub-20812	ses-2				space-ACPC			DSIStudio	autotrackgqi
CranialNerve_CNVIIR	rd	TORTOISE_model-tensor	/scratch/executivefunction/SLURM_8364170_79/job-8364170-79-sub-20812-ses-2/ds/inputs/data/qsiprep/qsiprep/sub-20812/ses-2/dwi/sub-20812_ses-2_space-ACPC_desc-preproc_dwi.nii.gz	0.0	450.4690971170181	189.87384469643143	407.5252388096768	450.4690971170181	407.5252388096768	189.87384469643143	416.5819643968837	416.5819643968837	sub-20812	ses-2				space-ACPC			DSIStudio	autotrackgqi
CranialNerve_CNVL	ad	TORTOISE_model-tensor	/scratch/executivefunction/SLURM_8364170_79/job-8364170-79-sub-20812-ses-2/ds/inputs/data/qsiprep/qsiprep/sub-20812/ses-2/dwi/sub-20812_ses-2_space-ACPC_desc-preproc_dwi.nii.gz	0.0	921.0059517620828	271.0855635918373	858.1288852726304	921.0059517620828	858.1288852726304	271.0855635918373	982.1365393690788	982.1365393690788	sub-20812	ses-2				space-ACPC			DSIStudio	autotrackgqi
CranialNerve_CNVL	am	TORTOISE_model-tensor	/scratch/executivefunction/SLURM_8364170_79/job-8364170-79-sub-20812-ses-2/ds/inputs/data/qsiprep/qsiprep/sub-20812/ses-2/dwi/sub-20812_ses-2_space-ACPC_desc-preproc_dwi.nii.gz	0.0	561.2890014648438	221.74913024902344	496.3157958984375	561.2890014648438	496.3157958984375	221.74913024902344	585.0269775390625	585.0269775390625	sub-20812	ses-2				space-ACPC			DSIStudio	autotrackgqi
CranialNerve_CNVL	fa	TORTOISE_model-tensor	/scratch/executivefunction/SLURM_8364170_79/job-8364170-79-sub-20812-ses-2/ds/inputs/data/qsiprep/qsiprep/sub-20812/ses-2/dwi/sub-20812_ses-2_space-ACPC_desc-preproc_dwi.nii.gz	0.0	0.290750031508698	0.1875270326223949	0.2300906872356668	0.290750031508698	0.2300906872356668	0.1875270326223949	0.3312473862148235	0.3312473862148235	sub-20812	ses-2				space-ACPC			DSIStudio	autotrackgqi
CranialNerve_CNVL	li	TORTOISE_model-tensor	/scratch/executivefunction/SLURM_8364170_79/job-8364170-79-sub-20812-ses-2/ds/inputs/data/qsiprep/qsiprep/sub-20812/ses-2/dwi/sub-20812_ses-2_space-ACPC_desc-preproc_dwi.nii.gz	0.0	0.1683430224657058	0.1445258408784866	0.1114612445235252	0.1683430224657058	0.1114612445235252	0.1445258408784866	0.1990037858486175	0.1990037858486175	sub-20812	ses-2				space-ACPC			DSIStudio	autotrackgqi
CranialNerve_CNVL	rd	TORTOISE_model-tensor	/scratch/executivefunction/SLURM_8364170_79/job-8364170-79-sub-20812-ses-2/ds/inputs/data/qsiprep/qsiprep/sub-20812/ses-2/dwi/sub-20812_ses-2_space-ACPC_desc-preproc_dwi.nii.gz	0.0	601.160242265835	248.79512407725244	575.5311882855648	601.160242265835	575.5311882855648	248.79512407725244	593.6802026268431	593.6802026268431	sub-20812	ses-2				space-ACPC			DSIStudio	autotrackgqi
CranialNerve_CNVR	ad	TORTOISE_model-tensor	/scratch/executivefunction/SLURM_8364170_79/job-8364170-79-sub-20812-ses-2/ds/inputs/data/qsiprep/qsiprep/sub-20812/ses-2/dwi/sub-20812_ses-2_space-ACPC_desc-preproc_dwi.nii.gz	0.0	861.6056107503981	261.8550592076152	770.9138361378389	861.6056107503981	770.9138361378389	261.8550592076152	821.1541146036195	821.1541146036195	sub-20812	ses-2				space-ACPC			DSIStudio	autotrackgqi
CranialNerve_CNVR	am	TORTOISE_model-tensor	/scratch/executivefunction/SLURM_8364170_79/job-8364170-79-sub-20812-ses-2/ds/inputs/data/qsiprep/qsiprep/sub-20812/ses-2/dwi/sub-20812_ses-2_space-ACPC_desc-preproc_dwi.nii.gz	0.0	503.10162353515625	151.23141479492188	473.7629089355469	503.10162353515625	473.7629089355469	151.23141479492188	466.7462158203125	466.7462158203125	sub-20812	ses-2				space-ACPC			DSIStudio	autotrackgqi
CranialNerve_CNVR	fa	TORTOISE_model-tensor	/scratch/executivefunction/SLURM_8364170_79/job-8364170-79-sub-20812-ses-2/ds/inputs/data/qsiprep/qsiprep/sub-20812/ses-2/dwi/sub-20812_ses-2_space-ACPC_desc-preproc_dwi.nii.gz	0.0	0.3366170195312209	0.1802734723445744	0.2918765845155707	0.3366170195312209	0.2918765845155707	0.1802734723445744	0.3686317773026262	0.3686317773026262	sub-20812	ses-2				space-ACPC			DSIStudio	autotrackgqi
CranialNerve_CNVR	li	TORTOISE_model-tensor	/scratch/executivefunction/SLURM_8364170_79/job-8364170-79-sub-20812-ses-2/ds/inputs/data/qsiprep/qsiprep/sub-20812/ses-2/dwi/sub-20812_ses-2_space-ACPC_desc-preproc_dwi.nii.gz	0.0	0.1942536532878875	0.1317112147808075	0.1494954973459243	0.1942536532878875	0.1494954973459243	0.1317112147808075	0.2134363353252411	0.2134363353252411	sub-20812	ses-2				space-ACPC			DSIStudio	autotrackgqi
CranialNerve_CNVR	rd	TORTOISE_model-tensor	/scratch/executivefunction/SLURM_8364170_79/job-8364170-79-sub-20812-ses-2/ds/inputs/data/qsiprep/qsiprep/sub-20812/ses-2/dwi/sub-20812_ses-2_space-ACPC_desc-preproc_dwi.nii.gz	0.0	504.457347974788	192.04347535347293	476.50310378862025	504.457347974788	476.50310378862025	192.04347535347293	454.9083989585672	454.9083989585672	sub-20812	ses-2				space-ACPC			DSIStudio	autotrackgqi
CranialNerve_CNVIIIR	ad	TORTOISE_model-tensor	/scratch/executivefunction/SLURM_8364170_79/job-8364170-79-sub-20812-ses-2/ds/inputs/data/qsiprep/qsiprep/sub-20812/ses-2/dwi/sub-20812_ses-2_space-ACPC_desc-preproc_dwi.nii.gz	0.0	820.7834659195111	226.46587571978085	739.7179905751619	820.7834659195111	739.7179905751619	226.46587571978085	872.2544885438859	872.2544885438859	sub-20812	ses-2				space-ACPC			DSIStudio	autotrackgqi
CranialNerve_CNVIIIR	am	TORTOISE_model-tensor	/scratch/executivefunction/SLURM_8364170_79/job-8364170-79-sub-20812-ses-2/ds/inputs/data/qsiprep/qsiprep/sub-20812/ses-2/dwi/sub-20812_ses-2_space-ACPC_desc-preproc_dwi.nii.gz	0.0	711.0595092773438	367.9864501953125	638.560791015625	711.0595092773438	638.560791015625	367.9864501953125	616.4012451171875	616.4012451171875	sub-20812	ses-2				space-ACPC			DSIStudio	autotrackgqi
CranialNerve_CNVIIIR	fa	TORTOISE_model-tensor	/scratch/executivefunction/SLURM_8364170_79/job-8364170-79-sub-20812-ses-2/ds/inputs/data/qsiprep/qsiprep/sub-20812/ses-2/dwi/sub-20812_ses-2_space-ACPC_desc-preproc_dwi.nii.gz	0.0	0.2759354484132671	0.1670042369835348	0.2214658176328792	0.2759354484132671	0.2214658176328792	0.1670042369835348	0.3557445856350799	0.3557445856350799	sub-20812	ses-2				space-ACPC			DSIStudio	autotrackgqi
CranialNerve_CNVIIIR	li	TORTOISE_model-tensor	/scratch/executivefunction/SLURM_8364170_79/job-8364170-79-sub-20812-ses-2/ds/inputs/data/qsiprep/qsiprep/sub-20812/ses-2/dwi/sub-20812_ses-2_space-ACPC_desc-preproc_dwi.nii.gz	0.0	0.1569605469703674	0.1163554042577743	0.1167980581521987	0.1569605469703674	0.1167980581521987	0.1163554042577743	0.2104629576206207	0.2104629576206207	sub-20812	ses-2				space-ACPC			DSIStudio	autotrackgqi
CranialNerve_CNVIIIR	rd	TORTOISE_model-tensor	/scratch/executivefunction/SLURM_8364170_79/job-8364170-79-sub-20812-ses-2/ds/inputs/data/qsiprep/qsiprep/sub-20812/ses-2/dwi/sub-20812_ses-2_space-ACPC_desc-preproc_dwi.nii.gz	0.0	544.6747176483816	206.7084979872873	508.7664535328757	544.6747176483816	508.7664535328757	206.7084979872873	504.3074226746724	504.3074226746724	sub-20812	ses-2				space-ACPC			DSIStudio	autotrackgqi
CranialNerve_CNIIIL	ad	TORTOISE_model-tensor	/scratch/executivefunction/SLURM_8364170_79/job-8364170-79-sub-20812-ses-2/ds/inputs/data/qsiprep/qsiprep/sub-20812/ses-2/dwi/sub-20812_ses-2_space-ACPC_desc-preproc_dwi.nii.gz	0.0	821.3306689258617	214.593913316316	778.479000612929	821.3306689258617	778.479000612929	214.593913316316	771.7068592457583	771.7068592457583	sub-20812	ses-2				space-ACPC			DSIStudio	autotrackgqi
CranialNerve_CNIIIL	am	TORTOISE_model-tensor	/scratch/executivefunction/SLURM_8364170_79/job-8364170-79-sub-20812-ses-2/ds/inputs/data/qsiprep/qsiprep/sub-20812/ses-2/dwi/sub-20812_ses-2_space-ACPC_desc-preproc_dwi.nii.gz	0.0	429.4090881347656	114.74494171142578	400.91156005859375	429.4090881347656	400.91156005859375	114.74494171142578	400.36517333984375	400.36517333984375	sub-20812	ses-2				space-ACPC			DSIStudio	autotrackgqi
CranialNerve_CNIIIL	fa	TORTOISE_model-tensor	/scratch/executivefunction/SLURM_8364170_79/job-8364170-79-sub-20812-ses-2/ds/inputs/data/qsiprep/qsiprep/sub-20812/ses-2/dwi/sub-20812_ses-2_space-ACPC_desc-preproc_dwi.nii.gz	0.0	0.3507294511596807	0.13369294421025	0.3402047820860666	0.3507294511596807	0.3402047820860666	0.13369294421025	0.3673894870329267	0.3673894870329267	sub-20812	ses-2				space-ACPC			DSIStudio	autotrackgqi
CranialNerve_CNIIIL	li	TORTOISE_model-tensor	/scratch/executivefunction/SLURM_8364170_79/job-8364170-79-sub-20812-ses-2/ds/inputs/data/qsiprep/qsiprep/sub-20812/ses-2/dwi/sub-20812_ses-2_space-ACPC_desc-preproc_dwi.nii.gz	0.0	0.2088376730680465	0.0968418717384338	0.1991261541843414	0.2088376730680465	0.1991261541843414	0.0968418717384338	0.221686840057373	0.221686840057373	sub-20812	ses-2				space-ACPC			DSIStudio	autotrackgqi
CranialNerve_CNIIIL	rd	TORTOISE_model-tensor	/scratch/executivefunction/SLURM_8364170_79/job-8364170-79-sub-20812-ses-2/ds/inputs/data/qsiprep/qsiprep/sub-20812/ses-2/dwi/sub-20812_ses-2_space-ACPC_desc-preproc_dwi.nii.gz	0.0	480.682810704102	175.142584609589	430.11467503765255	480.682810704102	430.11467503765255	175.142584609589	435.7192274636882	435.7192274636882	sub-20812	ses-2				space-ACPC			DSIStudio	autotrackgqi
CranialNerve_CNVIIL	ad	TORTOISE_model-tensor	/scratch/executivefunction/SLURM_8364170_79/job-8364170-79-sub-20812-ses-2/ds/inputs/data/qsiprep/qsiprep/sub-20812/ses-2/dwi/sub-20812_ses-2_space-ACPC_desc-preproc_dwi.nii.gz	0.0	861.9805456555047	190.2062368117756	829.2327063432986	861.9805456555047	829.2327063432986	190.2062368117756	898.9374249029231	898.9374249029231	sub-20812	ses-2				space-ACPC			DSIStudio	autotrackgqi
CranialNerve_CNVIIL	am	TORTOISE_model-tensor	/scratch/executivefunction/SLURM_8364170_79/job-8364170-79-sub-20812-ses-2/ds/inputs/data/qsiprep/qsiprep/sub-20812/ses-2/dwi/sub-20812_ses-2_space-ACPC_desc-preproc_dwi.nii.gz	0.0	498.3648681640625	178.38278198242188	460.6727600097656	498.3648681640625	460.6727600097656	178.38278198242188	499.0024719238281	499.0024719238281	sub-20812	ses-2				space-ACPC			DSIStudio	autotrackgqi
CranialNerve_CNVIIL	fa	TORTOISE_model-tensor	/scratch/executivefunction/SLURM_8364170_79/job-8364170-79-sub-20812-ses-2/ds/inputs/data/qsiprep/qsiprep/sub-20812/ses-2/dwi/sub-20812_ses-2_space-ACPC_desc-preproc_dwi.nii.gz	0.0	0.2720389113838988	0.2062325508992804	0.193516240291549	0.2720389113838988	0.193516240291549	0.2062325508992804	0.2765621401998005	0.2765621401998005	sub-20812	ses-2				space-ACPC			DSIStudio	autotrackgqi
CranialNerve_CNVIIL	li	TORTOISE_model-tensor	/scratch/executivefunction/SLURM_8364170_79/job-8364170-79-sub-20812-ses-2/ds/inputs/data/qsiprep/qsiprep/sub-20812/ses-2/dwi/sub-20812_ses-2_space-ACPC_desc-preproc_dwi.nii.gz	0.0	0.1606661081314087	0.1655151695013046	0.0925738662481308	0.1606661081314087	0.0925738662481308	0.1655151695013046	0.1620297580957412	0.1620297580957412	sub-20812	ses-2				space-ACPC			DSIStudio	autotrackgqi
CranialNerve_CNVIIL	rd	TORTOISE_model-tensor	/scratch/executivefunction/SLURM_8364170_79/job-8364170-79-sub-20812-ses-2/ds/inputs/data/qsiprep/qsiprep/sub-20812/ses-2/dwi/sub-20812_ses-2_space-ACPC_desc-preproc_dwi.nii.gz	0.0	582.9930163728303	219.03108579392728	602.7130117043337	582.9930163728303	602.7130117043337	219.03108579392728	600.1353932857396	600.1353932857396	sub-20812	ses-2				space-ACPC			DSIStudio	autotrackgqi
CranialNerve_CNVIIIL	ad	TORTOISE_model-tensor	/scratch/executivefunction/SLURM_8364170_79/job-8364170-79-sub-20812-ses-2/ds/inputs/data/qsiprep/qsiprep/sub-20812/ses-2/dwi/sub-20812_ses-2_space-ACPC_desc-preproc_dwi.nii.gz	0.0	765.1026087145812	168.03292362452316	730.0475289816442	765.1026087145812	730.0475289816442	168.03292362452316	793.5845789115581	793.5845789115581	sub-20812	ses-2				space-ACPC			DSIStudio	autotrackgqi
CranialNerve_CNVIIIL	am	TORTOISE_model-tensor	/scratch/executivefunction/SLURM_8364170_79/job-8364170-79-sub-20812-ses-2/ds/inputs/data/qsiprep/qsiprep/sub-20812/ses-2/dwi/sub-20812_ses-2_space-ACPC_desc-preproc_dwi.nii.gz	0.0	1044.78515625	820.2294311523438	723.5684204101562	1044.78515625	723.5684204101562	820.2294311523438	991.8082885742188	991.8082885742188	sub-20812	ses-2				space-ACPC			DSIStudio	autotrackgqi
CranialNerve_CNVIIIL	fa	TORTOISE_model-tensor	/scratch/executivefunction/SLURM_8364170_79/job-8364170-79-sub-20812-ses-2/ds/inputs/data/qsiprep/qsiprep/sub-20812/ses-2/dwi/sub-20812_ses-2_space-ACPC_desc-preproc_dwi.nii.gz	0.0	0.2316221209334554	0.1525763506793096	0.1801031654623089	0.2316221209334554	0.1801031654623089	0.1525763506793096	0.2365887213391059	0.2365887213391059	sub-20812	ses-2				space-ACPC			DSIStudio	autotrackgqi
CranialNerve_CNVIIIL	li	TORTOISE_model-tensor	/scratch/executivefunction/SLURM_8364170_79/job-8364170-79-sub-20812-ses-2/ds/inputs/data/qsiprep/qsiprep/sub-20812/ses-2/dwi/sub-20812_ses-2_space-ACPC_desc-preproc_dwi.nii.gz	0.0	0.1272927671670913	0.1073304861783981	0.0888283103704452	0.1272927671670913	0.0888283103704452	0.1073304861783981	0.1296077221632003	0.1296077221632003	sub-20812	ses-2				space-ACPC			DSIStudio	autotrackgqi
CranialNerve_CNVIIIL	rd	TORTOISE_model-tensor	/scratch/executivefunction/SLURM_8364170_79/job-8364170-79-sub-20812-ses-2/ds/inputs/data/qsiprep/qsiprep/sub-20812/ses-2/dwi/sub-20812_ses-2_space-ACPC_desc-preproc_dwi.nii.gz	0.0	543.2229388301487	175.0721538080155	545.5331924944535	543.2229388301487	545.5331924944535	175.0721538080155	560.791709925702	560.791709925702	sub-20812	ses-2				space-ACPC			DSIStudio	autotrackgqi
CranialNerve_CNIIL	ad	TORTOISE_model-tensor	/scratch/executivefunction/SLURM_8364170_79/job-8364170-79-sub-20812-ses-2/ds/inputs/data/qsiprep/qsiprep/sub-20812/ses-2/dwi/sub-20812_ses-2_space-ACPC_desc-preproc_dwi.nii.gz	0.0	921.5169080623282	226.8155410847446	862.1535627422529	921.5169080623282	862.1535627422529	226.8155410847446	1009.9585398408956	1009.9585398408956	sub-20812	ses-2				space-ACPC			DSIStudio	autotrackgqi
CranialNerve_CNIIL	am	TORTOISE_model-tensor	/scratch/executivefunction/SLURM_8364170_79/job-8364170-79-sub-20812-ses-2/ds/inputs/data/qsiprep/qsiprep/sub-20812/ses-2/dwi/sub-20812_ses-2_space-ACPC_desc-preproc_dwi.nii.gz	0.0	481.6728210449219	171.78717041015625	443.1185302734375	481.6728210449219	443.1185302734375	171.78717041015625	511.6901245117188	511.6901245117188	sub-20812	ses-2				space-ACPC			DSIStudio	autotrackgqi
CranialNerve_CNIIL	fa	TORTOISE_model-tensor	/scratch/executivefunction/SLURM_8364170_79/job-8364170-79-sub-20812-ses-2/ds/inputs/data/qsiprep/qsiprep/sub-20812/ses-2/dwi/sub-20812_ses-2_space-ACPC_desc-preproc_dwi.nii.gz	0.0	0.2788260897922898	0.1353029223660188	0.2695646470405112	0.2788260897922898	0.2695646470405112	0.1353029223660188	0.30238317026536	0.30238317026536	sub-20812	ses-2				space-ACPC			DSIStudio	autotrackgqi
CranialNerve_CNIIL	li	TORTOISE_model-tensor	/scratch/executivefunction/SLURM_8364170_79/job-8364170-79-sub-20812-ses-2/ds/inputs/data/qsiprep/qsiprep/sub-20812/ses-2/dwi/sub-20812_ses-2_space-ACPC_desc-preproc_dwi.nii.gz	0.0	0.1603245884180069	0.0944049954414367	0.150312602519989	0.1603245884180069	0.150312602519989	0.0944049954414367	0.1696950644254684	0.1696950644254684	sub-20812	ses-2				space-ACPC			DSIStudio	autotrackgqi
CranialNerve_CNIIL	rd	TORTOISE_model-tensor	/scratch/executivefunction/SLURM_8364170_79/job-8364170-79-sub-20812-ses-2/ds/inputs/data/qsiprep/qsiprep/sub-20812/ses-2/dwi/sub-20812_ses-2_space-ACPC_desc-preproc_dwi.nii.gz	0.0	614.7847213101397	224.3269313337346	565.3657387437493	614.7847213101397	565.3657387437493	224.3269313337346	644.776818054865	644.776818054865	sub-20812	ses-2				space-ACPC			DSIStudio	autotrackgqi
CranialNerve_CNIIR	ad	TORTOISE_model-tensor	/scratch/executivefunction/SLURM_8364170_79/job-8364170-79-sub-20812-ses-2/ds/inputs/data/qsiprep/qsiprep/sub-20812/ses-2/dwi/sub-20812_ses-2_space-ACPC_desc-preproc_dwi.nii.gz	0.0010626992561105	929.8526298485784	214.17723399678053	893.7103803589041	930.8418347739494	893.910289048692	212.13178478294503	1011.041429278039	1011.0592653299614	sub-20812	ses-2				space-ACPC			DSIStudio	autotrackgqi
CranialNerve_CNIIR	am	TORTOISE_model-tensor	/scratch/executivefunction/SLURM_8364170_79/job-8364170-79-sub-20812-ses-2/ds/inputs/data/qsiprep/qsiprep/sub-20812/ses-2/dwi/sub-20812_ses-2_space-ACPC_desc-preproc_dwi.nii.gz	0.0010626992561105	457.3185119628906	137.653564453125	425.9603576660156	457.8050231933594	426.1411437988281	136.91580200195312	456.813720703125	456.82177734375	sub-20812	ses-2				space-ACPC			DSIStudio	autotrackgqi
CranialNerve_CNIIR	fa	TORTOISE_model-tensor	/scratch/executivefunction/SLURM_8364170_79/job-8364170-79-sub-20812-ses-2/ds/inputs/data/qsiprep/qsiprep/sub-20812/ses-2/dwi/sub-20812_ses-2_space-ACPC_desc-preproc_dwi.nii.gz	0.0010626992561105	0.3269990893862928	0.1704058257019783	0.2978093190548131	0.3273469607579803	0.2978194813593753	0.1701621651278398	0.3640064130093796	0.3640128352640088	sub-20812	ses-2				space-ACPC			DSIStudio	autotrackgqi
CranialNerve_CNIIR	li	TORTOISE_model-tensor	/scratch/executivefunction/SLURM_8364170_79/job-8364170-79-sub-20812-ses-2/ds/inputs/data/qsiprep/qsiprep/sub-20812/ses-2/dwi/sub-20812_ses-2_space-ACPC_desc-preproc_dwi.nii.gz	0.0010626992561105	0.1960758566856384	0.1227123215794563	0.1734246760606765	0.1962844580411911	0.1734558492898941	0.1226107329130172	0.2175269871950149	0.2175308167934417	sub-20812	ses-2				space-ACPC			DSIStudio	autotrackgqi
CranialNerve_CNIIR	rd	TORTOISE_model-tensor	/scratch/executivefunction/SLURM_8364170_79/job-8364170-79-sub-20812-ses-2/ds/inputs/data/qsiprep/qsiprep/sub-20812/ses-2/dwi/sub-20812_ses-2_space-ACPC_desc-preproc_dwi.nii.gz	0.0010626992561105	566.7852672311714	209.03890601158145	526.1937986148009	567.3882302814173	526.2086906065088	208.3305943442284	568.8801555852101	568.8901906840309	sub-20812	ses-2				space-ACPC			DSIStudio	autotrackgqi
CranialNerve_CNIIIR	ad	TORTOISE_model-tensor	/scratch/executivefunction/SLURM_8364170_79/job-8364170-79-sub-20812-ses-2/ds/inputs/data/qsiprep/qsiprep/sub-20812/ses-2/dwi/sub-20812_ses-2_space-ACPC_desc-preproc_dwi.nii.gz	0.0	934.9015110906372	255.14754322493036	881.2945032825755	934.9015110906372	881.2945032825755	255.14754322493036	885.7152258138241	885.7152258138241	sub-20812	ses-2				space-ACPC			DSIStudio	autotrackgqi
CranialNerve_CNIIIR	am	TORTOISE_model-tensor	/scratch/executivefunction/SLURM_8364170_79/job-8364170-79-sub-20812-ses-2/ds/inputs/data/qsiprep/qsiprep/sub-20812/ses-2/dwi/sub-20812_ses-2_space-ACPC_desc-preproc_dwi.nii.gz	0.0	521.7840576171875	168.5543670654297	479.4617919921875	521.7840576171875	479.4617919921875	168.5543670654297	503.2127380371094	503.2127380371094	sub-20812	ses-2				space-ACPC			DSIStudio	autotrackgqi
CranialNerve_CNIIIR	fa	TORTOISE_model-tensor	/scratch/executivefunction/SLURM_8364170_79/job-8364170-79-sub-20812-ses-2/ds/inputs/data/qsiprep/qsiprep/sub-20812/ses-2/dwi/sub-20812_ses-2_space-ACPC_desc-preproc_dwi.nii.gz	0.0	0.3108305782013609	0.1289775385209925	0.3009486238457121	0.3108305782013609	0.3009486238457121	0.1289775385209925	0.2850054530349959	0.2850054530349959	sub-20812	ses-2				space-ACPC			DSIStudio	autotrackgqi
CranialNerve_CNIIIR	li	TORTOISE_model-tensor	/scratch/executivefunction/SLURM_8364170_79/job-8364170-79-sub-20812-ses-2/ds/inputs/data/qsiprep/qsiprep/sub-20812/ses-2/dwi/sub-20812_ses-2_space-ACPC_desc-preproc_dwi.nii.gz	0.0	0.1776208281517028	0.0847442373633384	0.1733981817960739	0.1776208281517028	0.1733981817960739	0.0847442373633384	0.1583567708730697	0.1583567708730697	sub-20812	ses-2				space-ACPC			DSIStudio	autotrackgqi
CranialNerve_CNIIIR	rd	TORTOISE_model-tensor	/scratch/executivefunction/SLURM_8364170_79/job-8364170-79-sub-20812-ses-2/ds/inputs/data/qsiprep/qsiprep/sub-20812/ses-2/dwi/sub-20812_ses-2_space-ACPC_desc-preproc_dwi.nii.gz	0.0	590.1436681101997	225.91847881763547	524.7299711759222	590.1436681101997	524.7299711759222	225.91847881763547	584.978137862028	584.978137862028	sub-20812	ses-2				space-ACPC			DSIStudio	autotrackgqi
