bundle	variable_name	qsirecon_suffix	source_file	zero_proportion	mean	stdev	median	masked_mean	masked_median	masked_stdev	weighted_mean	masked_weighted_mean	subject_id	session_id	task_id	dir_id	acq_id	space_id	rec_id	run_id	bundle_source	bundle_params_id
Association_HippocampusAlveusL	ad	TORTOISE_model-MAPMRI	/scratch/executivefunction/SLURM_8364170_16/job-8364170-16-sub-20214-ses-1/ds/inputs/data/qsiprep/qsiprep/sub-20214/ses-1/dwi/sub-20214_ses-1_space-ACPC_desc-preproc_dwi.nii.gz	0.0	1403.242648120921	532.8563009419747	1240.3895437420638	1403.242648120921	1240.3895437420638	532.8563009419747	1499.4938445487835	1499.4938445487835	sub-20214	ses-1				space-ACPC			DSIStudio	autotrackgqi
Association_HippocampusAlveusL	am	TORTOISE_model-MAPMRI	/scratch/executivefunction/SLURM_8364170_16/job-8364170-16-sub-20214-ses-1/ds/inputs/data/qsiprep/qsiprep/sub-20214/ses-1/dwi/sub-20214_ses-1_space-ACPC_desc-preproc_dwi.nii.gz	0.0	704.6256713867188	177.4477081298828	682.7608032226562	704.6256713867188	682.7608032226562	177.4477081298828	699.6890869140625	699.6890869140625	sub-20214	ses-1				space-ACPC			DSIStudio	autotrackgqi
Association_HippocampusAlveusL	fa	TORTOISE_model-MAPMRI	/scratch/executivefunction/SLURM_8364170_16/job-8364170-16-sub-20214-ses-1/ds/inputs/data/qsiprep/qsiprep/sub-20214/ses-1/dwi/sub-20214_ses-1_space-ACPC_desc-preproc_dwi.nii.gz	0.0	0.2870503148015152	0.1618798993649295	0.2442637664041085	0.2870503148015152	0.2442637664041085	0.1618798993649295	0.32983355202531	0.32983355202531	sub-20214	ses-1				space-ACPC			DSIStudio	autotrackgqi
Association_HippocampusAlveusL	li	TORTOISE_model-MAPMRI	/scratch/executivefunction/SLURM_8364170_16/job-8364170-16-sub-20214-ses-1/ds/inputs/data/qsiprep/qsiprep/sub-20214/ses-1/dwi/sub-20214_ses-1_space-ACPC_desc-preproc_dwi.nii.gz	0.0	0.1691318899393081	0.1155837625265121	0.1356474310159683	0.1691318899393081	0.1356474310159683	0.1155837625265121	0.2042886018753051	0.2042886018753051	sub-20214	ses-1				space-ACPC			DSIStudio	autotrackgqi
Association_HippocampusAlveusL	ng	TORTOISE_model-MAPMRI	/scratch/executivefunction/SLURM_8364170_16/job-8364170-16-sub-20214-ses-1/ds/inputs/data/qsiprep/qsiprep/sub-20214/ses-1/dwi/sub-20214_ses-1_space-ACPC_desc-preproc_dwi.nii.gz	0.0	0.2555547654628753	0.0926727727055549	0.2477682083845138	0.2555547654628753	0.2477682083845138	0.0926727727055549	0.2811890840530395	0.2811890840530395	sub-20214	ses-1				space-ACPC			DSIStudio	autotrackgqi
Association_HippocampusAlveusL	ngpar	TORTOISE_model-MAPMRI	/scratch/executivefunction/SLURM_8364170_16/job-8364170-16-sub-20214-ses-1/ds/inputs/data/qsiprep/qsiprep/sub-20214/ses-1/dwi/sub-20214_ses-1_space-ACPC_desc-preproc_dwi.nii.gz	0.0	0.1225388348102569	0.0347501896321773	0.1188220232725143	0.1225388348102569	0.1188220232725143	0.0347501896321773	0.1246997714042663	0.1246997714042663	sub-20214	ses-1				space-ACPC			DSIStudio	autotrackgqi
Association_HippocampusAlveusL	ngperp	TORTOISE_model-MAPMRI	/scratch/executivefunction/SLURM_8364170_16/job-8364170-16-sub-20214-ses-1/ds/inputs/data/qsiprep/qsiprep/sub-20214/ses-1/dwi/sub-20214_ses-1_space-ACPC_desc-preproc_dwi.nii.gz	0.0	0.224472776055336	0.082320936024189	0.2175648510456085	0.224472776055336	0.2175648510456085	0.082320936024189	0.251001238822937	0.251001238822937	sub-20214	ses-1				space-ACPC			DSIStudio	autotrackgqi
Association_HippocampusAlveusL	pa	TORTOISE_model-MAPMRI	/scratch/executivefunction/SLURM_8364170_16/job-8364170-16-sub-20214-ses-1/ds/inputs/data/qsiprep/qsiprep/sub-20214/ses-1/dwi/sub-20214_ses-1_space-ACPC_desc-preproc_dwi.nii.gz	0.0	0.5668570399284363	0.2426052391529083	0.5661321878433228	0.5668570399284363	0.5661321878433228	0.2426052391529083	0.6437076330184937	0.6437076330184937	sub-20214	ses-1				space-ACPC			DSIStudio	autotrackgqi
Association_HippocampusAlveusL	path	TORTOISE_model-MAPMRI	/scratch/executivefunction/SLURM_8364170_16/job-8364170-16-sub-20214-ses-1/ds/inputs/data/qsiprep/qsiprep/sub-20214/ses-1/dwi/sub-20214_ses-1_space-ACPC_desc-preproc_dwi.nii.gz	0.0	0.2189054042100906	0.1018419787287712	0.197018876671791	0.2189054042100906	0.197018876671791	0.1018419787287712	0.2492185533046722	0.2492185533046722	sub-20214	ses-1				space-ACPC			DSIStudio	autotrackgqi
Association_HippocampusAlveusL	rd	TORTOISE_model-MAPMRI	/scratch/executivefunction/SLURM_8364170_16/job-8364170-16-sub-20214-ses-1/ds/inputs/data/qsiprep/qsiprep/sub-20214/ses-1/dwi/sub-20214_ses-1_space-ACPC_desc-preproc_dwi.nii.gz	0.0	899.703502400692	422.93471385070114	766.1901979413345	899.703502400692	766.1901979413345	422.93471385070114	886.1603720734774	886.1603720734774	sub-20214	ses-1				space-ACPC			DSIStudio	autotrackgqi
Association_HippocampusAlveusL	rtap	TORTOISE_model-MAPMRI	/scratch/executivefunction/SLURM_8364170_16/job-8364170-16-sub-20214-ses-1/ds/inputs/data/qsiprep/qsiprep/sub-20214/ses-1/dwi/sub-20214_ses-1_space-ACPC_desc-preproc_dwi.nii.gz	0.0	0.0085718939080834	0.0037238933145999	0.00789466034621	0.0085718939080834	0.00789466034621	0.0037238933145999	0.0088825020939111	0.0088825020939111	sub-20214	ses-1				space-ACPC			DSIStudio	autotrackgqi
Association_HippocampusAlveusL	rtop	TORTOISE_model-MAPMRI	/scratch/executivefunction/SLURM_8364170_16/job-8364170-16-sub-20214-ses-1/ds/inputs/data/qsiprep/qsiprep/sub-20214/ses-1/dwi/sub-20214_ses-1_space-ACPC_desc-preproc_dwi.nii.gz	0.0	0.0001580020325491	6.538585876114666e-05	0.0001585335412528	0.0001580020325491	0.0001585335412528	6.538585876114666e-05	0.0001559451629873	0.0001559451629873	sub-20214	ses-1				space-ACPC			DSIStudio	autotrackgqi
Association_HippocampusAlveusL	rtpp	TORTOISE_model-MAPMRI	/scratch/executivefunction/SLURM_8364170_16/job-8364170-16-sub-20214-ses-1/ds/inputs/data/qsiprep/qsiprep/sub-20214/ses-1/dwi/sub-20214_ses-1_space-ACPC_desc-preproc_dwi.nii.gz	0.0	0.0408360287547111	0.0068950001150369	0.0422359071671962	0.0408360287547111	0.0422359071671962	0.0068950001150369	0.0388733185827732	0.0388733185827732	sub-20214	ses-1				space-ACPC			DSIStudio	autotrackgqi
Association_VerticalOccipitalFasciculusL	ad	TORTOISE_model-MAPMRI	/scratch/executivefunction/SLURM_8364170_16/job-8364170-16-sub-20214-ses-1/ds/inputs/data/qsiprep/qsiprep/sub-20214/ses-1/dwi/sub-20214_ses-1_space-ACPC_desc-preproc_dwi.nii.gz	0.0246913580246913	1042.2839818688178	292.5814265998453	995.8197419834162	1068.6709181186611	1001.281616908964	244.07401934967683	1077.2179001126544	1081.6321828629164	sub-20214	ses-1				space-ACPC			DSIStudio	autotrackgqi
Association_VerticalOccipitalFasciculusL	am	TORTOISE_model-MAPMRI	/scratch/executivefunction/SLURM_8364170_16/job-8364170-16-sub-20214-ses-1/ds/inputs/data/qsiprep/qsiprep/sub-20214/ses-1/dwi/sub-20214_ses-1_space-ACPC_desc-preproc_dwi.nii.gz	0.0246913580246913	772.7545776367188	270.2396545410156	754.6551513671875	792.3179931640625	761.296142578125	243.67575073242188	702.60888671875	705.488037109375	sub-20214	ses-1				space-ACPC			DSIStudio	autotrackgqi
Association_VerticalOccipitalFasciculusL	fa	TORTOISE_model-MAPMRI	/scratch/executivefunction/SLURM_8364170_16/job-8364170-16-sub-20214-ses-1/ds/inputs/data/qsiprep/qsiprep/sub-20214/ses-1/dwi/sub-20214_ses-1_space-ACPC_desc-preproc_dwi.nii.gz	0.0246913580246913	0.2295085165697434	0.1563169062715888	0.1804874408990112	0.2353188587613824	0.1857397804002687	0.1539035381643754	0.3317318906015053	0.3330912797544402	sub-20214	ses-1				space-ACPC			DSIStudio	autotrackgqi
Association_VerticalOccipitalFasciculusL	li	TORTOISE_model-MAPMRI	/scratch/executivefunction/SLURM_8364170_16/job-8364170-16-sub-20214-ses-1/ds/inputs/data/qsiprep/qsiprep/sub-20214/ses-1/dwi/sub-20214_ses-1_space-ACPC_desc-preproc_dwi.nii.gz	0.0246913580246913	0.1165902093052864	0.1008412316441536	0.0799997448921203	0.1195418611168861	0.0827325507998466	0.1003670841455459	0.1844581961631775	0.1852140873670578	sub-20214	ses-1				space-ACPC			DSIStudio	autotrackgqi
Association_VerticalOccipitalFasciculusL	ng	TORTOISE_model-MAPMRI	/scratch/executivefunction/SLURM_8364170_16/job-8364170-16-sub-20214-ses-1/ds/inputs/data/qsiprep/qsiprep/sub-20214/ses-1/dwi/sub-20214_ses-1_space-ACPC_desc-preproc_dwi.nii.gz	0.0246913580246913	0.2350302934646606	0.0850656554102897	0.2267213612794876	0.2409804314374923	0.2297528982162475	0.0773659795522689	0.2823554873466491	0.283512532711029	sub-20214	ses-1				space-ACPC			DSIStudio	autotrackgqi
Association_VerticalOccipitalFasciculusL	ngpar	TORTOISE_model-MAPMRI	/scratch/executivefunction/SLURM_8364170_16/job-8364170-16-sub-20214-ses-1/ds/inputs/data/qsiprep/qsiprep/sub-20214/ses-1/dwi/sub-20214_ses-1_space-ACPC_desc-preproc_dwi.nii.gz	0.0246913580246913	0.1281756311655044	0.0462266281247139	0.1240565031766891	0.1314205825328827	0.1251576691865921	0.0420065000653266	0.1319771111011505	0.13251793384552	sub-20214	ses-1				space-ACPC			DSIStudio	autotrackgqi
Association_VerticalOccipitalFasciculusL	ngperp	TORTOISE_model-MAPMRI	/scratch/executivefunction/SLURM_8364170_16/job-8364170-16-sub-20214-ses-1/ds/inputs/data/qsiprep/qsiprep/sub-20214/ses-1/dwi/sub-20214_ses-1_space-ACPC_desc-preproc_dwi.nii.gz	0.0246913580246913	0.2008803188800811	0.0757546126842498	0.1925444602966308	0.205965906381607	0.1946759521961212	0.0695455968379974	0.2466992139816284	0.2477101385593414	sub-20214	ses-1				space-ACPC			DSIStudio	autotrackgqi
Association_VerticalOccipitalFasciculusL	pa	TORTOISE_model-MAPMRI	/scratch/executivefunction/SLURM_8364170_16/job-8364170-16-sub-20214-ses-1/ds/inputs/data/qsiprep/qsiprep/sub-20214/ses-1/dwi/sub-20214_ses-1_space-ACPC_desc-preproc_dwi.nii.gz	0.0246913580246913	0.4679191708564758	0.253345251083374	0.3898722529411316	0.479765236377716	0.4008725881576538	0.245204821228981	0.6349141001701355	0.6375157833099365	sub-20214	ses-1				space-ACPC			DSIStudio	autotrackgqi
Association_VerticalOccipitalFasciculusL	path	TORTOISE_model-MAPMRI	/scratch/executivefunction/SLURM_8364170_16/job-8364170-16-sub-20214-ses-1/ds/inputs/data/qsiprep/qsiprep/sub-20214/ses-1/dwi/sub-20214_ses-1_space-ACPC_desc-preproc_dwi.nii.gz	0.0246913580246913	0.1828134059906005	0.1008619293570518	0.1456673741340637	0.1874415874481201	0.1486888229846954	0.0977914184331893	0.248741865158081	0.2497611939907074	sub-20214	ses-1				space-ACPC			DSIStudio	autotrackgqi
Association_VerticalOccipitalFasciculusL	rd	TORTOISE_model-MAPMRI	/scratch/executivefunction/SLURM_8364170_16/job-8364170-16-sub-20214-ses-1/ds/inputs/data/qsiprep/qsiprep/sub-20214/ses-1/dwi/sub-20214_ses-1_space-ACPC_desc-preproc_dwi.nii.gz	0.0246913580246913	735.1398134852145	252.3312764485665	704.818126156403	753.7509480038276	708.3591078225078	226.3953150750768	636.0824643195265	638.6890380883149	sub-20214	ses-1				space-ACPC			DSIStudio	autotrackgqi
Association_VerticalOccipitalFasciculusL	rtap	TORTOISE_model-MAPMRI	/scratch/executivefunction/SLURM_8364170_16/job-8364170-16-sub-20214-ses-1/ds/inputs/data/qsiprep/qsiprep/sub-20214/ses-1/dwi/sub-20214_ses-1_space-ACPC_desc-preproc_dwi.nii.gz	0.0246913580246913	0.0092122359201312	0.003726638155058	0.008384121581912	0.0094454567879438	0.0084467437118291	0.0034693721681833	0.011800143867731	0.0118484999984502	sub-20214	ses-1				space-ACPC			DSIStudio	autotrackgqi
Association_VerticalOccipitalFasciculusL	rtop	TORTOISE_model-MAPMRI	/scratch/executivefunction/SLURM_8364170_16/job-8364170-16-sub-20214-ses-1/ds/inputs/data/qsiprep/qsiprep/sub-20214/ses-1/dwi/sub-20214_ses-1_space-ACPC_desc-preproc_dwi.nii.gz	0.0249382716049382	0.0001903915399452	7.092908344930038e-05	0.0001838113530538	0.0001952610182343	0.0001853428984759	6.487517384812236e-05	0.0002398715878371	0.0002408591826679	sub-20214	ses-1				space-ACPC			DSIStudio	autotrackgqi
Association_VerticalOccipitalFasciculusL	rtpp	TORTOISE_model-MAPMRI	/scratch/executivefunction/SLURM_8364170_16/job-8364170-16-sub-20214-ses-1/ds/inputs/data/qsiprep/qsiprep/sub-20214/ses-1/dwi/sub-20214_ses-1_space-ACPC_desc-preproc_dwi.nii.gz	0.0246913580246913	0.0452785976231098	0.00853390712291	0.0473290346562862	0.0464248917996883	0.0474495254456996	0.0046319267712533	0.0459490641951561	0.0461373552680015	sub-20214	ses-1				space-ACPC			DSIStudio	autotrackgqi
Association_VerticalOccipitalFasciculusR	ad	TORTOISE_model-MAPMRI	/scratch/executivefunction/SLURM_8364170_16/job-8364170-16-sub-20214-ses-1/ds/inputs/data/qsiprep/qsiprep/sub-20214/ses-1/dwi/sub-20214_ses-1_space-ACPC_desc-preproc_dwi.nii.gz	0.0133074577210978	1066.7127779678085	299.0890017088708	1000.5016889148868	1081.0994633688915	1003.4440275175452	274.05703135077147	1101.7738653465108	1103.358017435451	sub-20214	ses-1				space-ACPC			DSIStudio	autotrackgqi
Association_VerticalOccipitalFasciculusR	am	TORTOISE_model-MAPMRI	/scratch/executivefunction/SLURM_8364170_16/job-8364170-16-sub-20214-ses-1/ds/inputs/data/qsiprep/qsiprep/sub-20214/ses-1/dwi/sub-20214_ses-1_space-ACPC_desc-preproc_dwi.nii.gz	0.0133074577210978	765.4718017578125	248.99606323242188	729.9946899414062	775.795654296875	732.8073120117188	234.1495361328125	695.7315673828125	696.73193359375	sub-20214	ses-1				space-ACPC			DSIStudio	autotrackgqi
Association_VerticalOccipitalFasciculusR	fa	TORTOISE_model-MAPMRI	/scratch/executivefunction/SLURM_8364170_16/job-8364170-16-sub-20214-ses-1/ds/inputs/data/qsiprep/qsiprep/sub-20214/ses-1/dwi/sub-20214_ses-1_space-ACPC_desc-preproc_dwi.nii.gz	0.0133074577210978	0.2664856162654034	0.1717521897892375	0.2224620254662276	0.2700796903257405	0.225193214609262	0.1700763854001347	0.3740877655239924	0.3746256362270165	sub-20214	ses-1				space-ACPC			DSIStudio	autotrackgqi
Association_VerticalOccipitalFasciculusR	li	TORTOISE_model-MAPMRI	/scratch/executivefunction/SLURM_8364170_16/job-8364170-16-sub-20214-ses-1/ds/inputs/data/qsiprep/qsiprep/sub-20214/ses-1/dwi/sub-20214_ses-1_space-ACPC_desc-preproc_dwi.nii.gz	0.0133074577210978	0.1434156447649002	0.1191531717777252	0.1001083627343177	0.1453498750925064	0.1021618545055389	0.118776336312294	0.2191956639289856	0.2195108383893966	sub-20214	ses-1				space-ACPC			DSIStudio	autotrackgqi
Association_VerticalOccipitalFasciculusR	ng	TORTOISE_model-MAPMRI	/scratch/executivefunction/SLURM_8364170_16/job-8364170-16-sub-20214-ses-1/ds/inputs/data/qsiprep/qsiprep/sub-20214/ses-1/dwi/sub-20214_ses-1_space-ACPC_desc-preproc_dwi.nii.gz	0.0133074577210978	0.2456941902637481	0.0828070193529129	0.2376375943422317	0.2490078508853912	0.238964095711708	0.0782582610845565	0.2945259809494018	0.2949494421482086	sub-20214	ses-1				space-ACPC			DSIStudio	autotrackgqi
Association_VerticalOccipitalFasciculusR	ngpar	TORTOISE_model-MAPMRI	/scratch/executivefunction/SLURM_8364170_16/job-8364170-16-sub-20214-ses-1/ds/inputs/data/qsiprep/qsiprep/sub-20214/ses-1/dwi/sub-20214_ses-1_space-ACPC_desc-preproc_dwi.nii.gz	0.0133074577210978	0.1352995783090591	0.044060256332159	0.1311364024877548	0.1371243596076965	0.131482720375061	0.0414399206638336	0.1360567212104797	0.1362523436546325	sub-20214	ses-1				space-ACPC			DSIStudio	autotrackgqi
Association_VerticalOccipitalFasciculusR	ngperp	TORTOISE_model-MAPMRI	/scratch/executivefunction/SLURM_8364170_16/job-8364170-16-sub-20214-ses-1/ds/inputs/data/qsiprep/qsiprep/sub-20214/ses-1/dwi/sub-20214_ses-1_space-ACPC_desc-preproc_dwi.nii.gz	0.0133074577210978	0.2066867053508758	0.0763300508260726	0.1964226812124252	0.2094742655754089	0.1974633932113647	0.0729447156190872	0.2563191056251526	0.2566876411437988	sub-20214	ses-1				space-ACPC			DSIStudio	autotrackgqi
Association_VerticalOccipitalFasciculusR	pa	TORTOISE_model-MAPMRI	/scratch/executivefunction/SLURM_8364170_16/job-8364170-16-sub-20214-ses-1/ds/inputs/data/qsiprep/qsiprep/sub-20214/ses-1/dwi/sub-20214_ses-1_space-ACPC_desc-preproc_dwi.nii.gz	0.0133074577210978	0.5114930868148804	0.2638538777828216	0.4448612332344055	0.5183915495872498	0.4545851051807403	0.2588082253932953	0.6792236566543579	0.6802002787590027	sub-20214	ses-1				space-ACPC			DSIStudio	autotrackgqi
Association_VerticalOccipitalFasciculusR	path	TORTOISE_model-MAPMRI	/scratch/executivefunction/SLURM_8364170_16/job-8364170-16-sub-20214-ses-1/ds/inputs/data/qsiprep/qsiprep/sub-20214/ses-1/dwi/sub-20214_ses-1_space-ACPC_desc-preproc_dwi.nii.gz	0.0133074577210978	0.2025420218706131	0.1115418002009391	0.1609206944704055	0.2052737027406692	0.1636671274900436	0.1097662597894668	0.2739924192428589	0.2743864059448242	sub-20214	ses-1				space-ACPC			DSIStudio	autotrackgqi
Association_VerticalOccipitalFasciculusR	rd	TORTOISE_model-MAPMRI	/scratch/executivefunction/SLURM_8364170_16/job-8364170-16-sub-20214-ses-1/ds/inputs/data/qsiprep/qsiprep/sub-20214/ses-1/dwi/sub-20214_ses-1_space-ACPC_desc-preproc_dwi.nii.gz	0.0133074577210978	710.3767653193161	254.0667141522337	672.1811974875145	719.9575702463538	675.2853053387214	241.9146593635872	602.2704043152885	603.1363607230687	sub-20214	ses-1				space-ACPC			DSIStudio	autotrackgqi
Association_VerticalOccipitalFasciculusR	rtap	TORTOISE_model-MAPMRI	/scratch/executivefunction/SLURM_8364170_16/job-8364170-16-sub-20214-ses-1/ds/inputs/data/qsiprep/qsiprep/sub-20214/ses-1/dwi/sub-20214_ses-1_space-ACPC_desc-preproc_dwi.nii.gz	0.0133074577210978	0.0101045733317732	0.0042933518998324	0.0089689726009964	0.0102408537641167	0.0090315425768494	0.0041576260700821	0.0131055228412151	0.0131243662908673	sub-20214	ses-1				space-ACPC			DSIStudio	autotrackgqi
Association_VerticalOccipitalFasciculusR	rtop	TORTOISE_model-MAPMRI	/scratch/executivefunction/SLURM_8364170_16/job-8364170-16-sub-20214-ses-1/ds/inputs/data/qsiprep/qsiprep/sub-20214/ses-1/dwi/sub-20214_ses-1_space-ACPC_desc-preproc_dwi.nii.gz	0.0133074577210978	0.0002086075255647	7.852794806240126e-05	0.0001976739877136	0.0002114210074068	0.0001989151642192	7.519960490753874e-05	0.0002641508472152	0.0002645306522026	sub-20214	ses-1				space-ACPC			DSIStudio	autotrackgqi
Association_VerticalOccipitalFasciculusR	rtpp	TORTOISE_model-MAPMRI	/scratch/executivefunction/SLURM_8364170_16/job-8364170-16-sub-20214-ses-1/ds/inputs/data/qsiprep/qsiprep/sub-20214/ses-1/dwi/sub-20214_ses-1_space-ACPC_desc-preproc_dwi.nii.gz	0.0133074577210978	0.0457731895148754	0.0072382758371531	0.0475059784948825	0.0463905297219753	0.0475703887641429	0.0049457577988505	0.0457839556038379	0.045849785208702	sub-20214	ses-1				space-ACPC			DSIStudio	autotrackgqi
Association_ExtremeCapsuleL	ad	TORTOISE_model-MAPMRI	/scratch/executivefunction/SLURM_8364170_16/job-8364170-16-sub-20214-ses-1/ds/inputs/data/qsiprep/qsiprep/sub-20214/ses-1/dwi/sub-20214_ses-1_space-ACPC_desc-preproc_dwi.nii.gz	0.0	1159.4453107526683	328.5987728585317	1083.2871550931786	1159.4453107526683	1083.2871550931786	328.5987728585317	1112.322605062711	1112.322605062711	sub-20214	ses-1				space-ACPC			DSIStudio	autotrackgqi
Association_ExtremeCapsuleL	am	TORTOISE_model-MAPMRI	/scratch/executivefunction/SLURM_8364170_16/job-8364170-16-sub-20214-ses-1/ds/inputs/data/qsiprep/qsiprep/sub-20214/ses-1/dwi/sub-20214_ses-1_space-ACPC_desc-preproc_dwi.nii.gz	0.0	697.8847045898438	218.9693756103516	627.115234375	697.8847045898438	627.115234375	218.9693756103516	619.5462646484375	619.5462646484375	sub-20214	ses-1				space-ACPC			DSIStudio	autotrackgqi
Association_ExtremeCapsuleL	fa	TORTOISE_model-MAPMRI	/scratch/executivefunction/SLURM_8364170_16/job-8364170-16-sub-20214-ses-1/ds/inputs/data/qsiprep/qsiprep/sub-20214/ses-1/dwi/sub-20214_ses-1_space-ACPC_desc-preproc_dwi.nii.gz	0.0	0.3034471283620769	0.1751826867622263	0.2807002261552987	0.3034471283620769	0.2807002261552987	0.1751826867622263	0.3576073988813683	0.3576073988813683	sub-20214	ses-1				space-ACPC			DSIStudio	autotrackgqi
Association_ExtremeCapsuleL	li	TORTOISE_model-MAPMRI	/scratch/executivefunction/SLURM_8364170_16/job-8364170-16-sub-20214-ses-1/ds/inputs/data/qsiprep/qsiprep/sub-20214/ses-1/dwi/sub-20214_ses-1_space-ACPC_desc-preproc_dwi.nii.gz	0.0	0.1711800992488861	0.1259354352951049	0.1414138823747635	0.1711800992488861	0.1414138823747635	0.1259354352951049	0.2035713791847229	0.2035713791847229	sub-20214	ses-1				space-ACPC			DSIStudio	autotrackgqi
Association_ExtremeCapsuleL	ng	TORTOISE_model-MAPMRI	/scratch/executivefunction/SLURM_8364170_16/job-8364170-16-sub-20214-ses-1/ds/inputs/data/qsiprep/qsiprep/sub-20214/ses-1/dwi/sub-20214_ses-1_space-ACPC_desc-preproc_dwi.nii.gz	0.0	0.262834370136261	0.0871691703796386	0.2648411095142364	0.262834370136261	0.2648411095142364	0.0871691703796386	0.2945576906204223	0.2945576906204223	sub-20214	ses-1				space-ACPC			DSIStudio	autotrackgqi
Association_ExtremeCapsuleL	ngpar	TORTOISE_model-MAPMRI	/scratch/executivefunction/SLURM_8364170_16/job-8364170-16-sub-20214-ses-1/ds/inputs/data/qsiprep/qsiprep/sub-20214/ses-1/dwi/sub-20214_ses-1_space-ACPC_desc-preproc_dwi.nii.gz	0.0	0.1239391416311264	0.0399301536381244	0.1183876693248748	0.1239391416311264	0.1183876693248748	0.0399301536381244	0.132528007030487	0.132528007030487	sub-20214	ses-1				space-ACPC			DSIStudio	autotrackgqi
Association_ExtremeCapsuleL	ngperp	TORTOISE_model-MAPMRI	/scratch/executivefunction/SLURM_8364170_16/job-8364170-16-sub-20214-ses-1/ds/inputs/data/qsiprep/qsiprep/sub-20214/ses-1/dwi/sub-20214_ses-1_space-ACPC_desc-preproc_dwi.nii.gz	0.0	0.2284556329250335	0.0734241530299186	0.2305536568164825	0.2284556329250335	0.2305536568164825	0.0734241530299186	0.2545963525772095	0.2545963525772095	sub-20214	ses-1				space-ACPC			DSIStudio	autotrackgqi
Association_ExtremeCapsuleL	pa	TORTOISE_model-MAPMRI	/scratch/executivefunction/SLURM_8364170_16/job-8364170-16-sub-20214-ses-1/ds/inputs/data/qsiprep/qsiprep/sub-20214/ses-1/dwi/sub-20214_ses-1_space-ACPC_desc-preproc_dwi.nii.gz	0.0	0.5944427847862244	0.2563832998275757	0.6264025568962097	0.5944427847862244	0.6264025568962097	0.2563832998275757	0.6958762407302856	0.6958762407302856	sub-20214	ses-1				space-ACPC			DSIStudio	autotrackgqi
Association_ExtremeCapsuleL	path	TORTOISE_model-MAPMRI	/scratch/executivefunction/SLURM_8364170_16/job-8364170-16-sub-20214-ses-1/ds/inputs/data/qsiprep/qsiprep/sub-20214/ses-1/dwi/sub-20214_ses-1_space-ACPC_desc-preproc_dwi.nii.gz	0.0	0.2335029989480972	0.1100674718618393	0.2172315567731857	0.2335029989480972	0.2172315567731857	0.1100674718618393	0.2706850171089172	0.2706850171089172	sub-20214	ses-1				space-ACPC			DSIStudio	autotrackgqi
Association_ExtremeCapsuleL	rd	TORTOISE_model-MAPMRI	/scratch/executivefunction/SLURM_8364170_16/job-8364170-16-sub-20214-ses-1/ds/inputs/data/qsiprep/qsiprep/sub-20214/ses-1/dwi/sub-20214_ses-1_space-ACPC_desc-preproc_dwi.nii.gz	0.0	743.8191623786155	340.6218597548333	656.1935133761758	743.8191623786155	656.1935133761758	340.6218597548333	640.6307429091801	640.6307429091801	sub-20214	ses-1				space-ACPC			DSIStudio	autotrackgqi
Association_ExtremeCapsuleL	rtap	TORTOISE_model-MAPMRI	/scratch/executivefunction/SLURM_8364170_16/job-8364170-16-sub-20214-ses-1/ds/inputs/data/qsiprep/qsiprep/sub-20214/ses-1/dwi/sub-20214_ses-1_space-ACPC_desc-preproc_dwi.nii.gz	0.0	0.0107167586684226	0.004181997384876	0.0101654939353466	0.0107167586684226	0.0101654939353466	0.004181997384876	0.0121127348393201	0.0121127348393201	sub-20214	ses-1				space-ACPC			DSIStudio	autotrackgqi
Association_ExtremeCapsuleL	rtop	TORTOISE_model-MAPMRI	/scratch/executivefunction/SLURM_8364170_16/job-8364170-16-sub-20214-ses-1/ds/inputs/data/qsiprep/qsiprep/sub-20214/ses-1/dwi/sub-20214_ses-1_space-ACPC_desc-preproc_dwi.nii.gz	0.0	0.0002124340971931	7.675283995922655e-05	0.0002102935395669	0.0002124340971931	0.0002102935395669	7.675283995922655e-05	0.0002449794556014	0.0002449794556014	sub-20214	ses-1				space-ACPC			DSIStudio	autotrackgqi
Association_ExtremeCapsuleL	rtpp	TORTOISE_model-MAPMRI	/scratch/executivefunction/SLURM_8364170_16/job-8364170-16-sub-20214-ses-1/ds/inputs/data/qsiprep/qsiprep/sub-20214/ses-1/dwi/sub-20214_ses-1_space-ACPC_desc-preproc_dwi.nii.gz	0.0	0.0448601804673671	0.005397823639214	0.0457218065857887	0.0448601804673671	0.0457218065857887	0.005397823639214	0.0458918809890747	0.0458918809890747	sub-20214	ses-1				space-ACPC			DSIStudio	autotrackgqi
Association_InferiorLongitudinalFasciculusR	ad	TORTOISE_model-MAPMRI	/scratch/executivefunction/SLURM_8364170_16/job-8364170-16-sub-20214-ses-1/ds/inputs/data/qsiprep/qsiprep/sub-20214/ses-1/dwi/sub-20214_ses-1_space-ACPC_desc-preproc_dwi.nii.gz	0.0028216206683713	1175.419132822993	337.2313442199211	1089.850445441465	1178.7451043722317	1090.9768191459118	331.85283422701195	1269.149124075265	1269.4590493064882	sub-20214	ses-1				space-ACPC			DSIStudio	autotrackgqi
Association_InferiorLongitudinalFasciculusR	am	TORTOISE_model-MAPMRI	/scratch/executivefunction/SLURM_8364170_16/job-8364170-16-sub-20214-ses-1/ds/inputs/data/qsiprep/qsiprep/sub-20214/ses-1/dwi/sub-20214_ses-1_space-ACPC_desc-preproc_dwi.nii.gz	0.0028216206683713	830.0175170898438	399.6146545410156	747.5713500976562	832.3661499023438	748.184326171875	397.7295837402344	662.22998046875	662.3917236328125	sub-20214	ses-1				space-ACPC			DSIStudio	autotrackgqi
Association_InferiorLongitudinalFasciculusR	fa	TORTOISE_model-MAPMRI	/scratch/executivefunction/SLURM_8364170_16/job-8364170-16-sub-20214-ses-1/ds/inputs/data/qsiprep/qsiprep/sub-20214/ses-1/dwi/sub-20214_ses-1_space-ACPC_desc-preproc_dwi.nii.gz	0.0028216206683713	0.2906998462194581	0.183633970384209	0.2372337098065536	0.2915224118821181	0.2384494349799509	0.1832404351819869	0.4577217539146913	0.4578335290849267	sub-20214	ses-1				space-ACPC			DSIStudio	autotrackgqi
Association_InferiorLongitudinalFasciculusR	li	TORTOISE_model-MAPMRI	/scratch/executivefunction/SLURM_8364170_16/job-8364170-16-sub-20214-ses-1/ds/inputs/data/qsiprep/qsiprep/sub-20214/ses-1/dwi/sub-20214_ses-1_space-ACPC_desc-preproc_dwi.nii.gz	0.0028216206683713	0.1626480668783188	0.1358011215925216	0.1105382367968559	0.1631082892417907	0.1108913868665695	0.1357168406248092	0.2887934744358063	0.2888640165328979	sub-20214	ses-1				space-ACPC			DSIStudio	autotrackgqi
Association_InferiorLongitudinalFasciculusR	ng	TORTOISE_model-MAPMRI	/scratch/executivefunction/SLURM_8364170_16/job-8364170-16-sub-20214-ses-1/ds/inputs/data/qsiprep/qsiprep/sub-20214/ses-1/dwi/sub-20214_ses-1_space-ACPC_desc-preproc_dwi.nii.gz	0.0028216206683713	0.2514551281929016	0.0861693173646926	0.2460597306489944	0.2521666586399078	0.246478646993637	0.0852451771497726	0.3089385330677032	0.3090140223503113	sub-20214	ses-1				space-ACPC			DSIStudio	autotrackgqi
Association_InferiorLongitudinalFasciculusR	ngpar	TORTOISE_model-MAPMRI	/scratch/executivefunction/SLURM_8364170_16/job-8364170-16-sub-20214-ses-1/ds/inputs/data/qsiprep/qsiprep/sub-20214/ses-1/dwi/sub-20214_ses-1_space-ACPC_desc-preproc_dwi.nii.gz	0.0028216206683713	0.1309082210063934	0.044528529047966	0.1249141693115234	0.1312786340713501	0.1250482052564621	0.0440428480505943	0.1241685599088668	0.1241988688707351	sub-20214	ses-1				space-ACPC			DSIStudio	autotrackgqi
Association_InferiorLongitudinalFasciculusR	ngperp	TORTOISE_model-MAPMRI	/scratch/executivefunction/SLURM_8364170_16/job-8364170-16-sub-20214-ses-1/ds/inputs/data/qsiprep/qsiprep/sub-20214/ses-1/dwi/sub-20214_ses-1_space-ACPC_desc-preproc_dwi.nii.gz	0.0028216206683713	0.2155768424272537	0.0759777203202247	0.2083544731140136	0.216186836361885	0.2086427956819534	0.0752135291695594	0.2709411680698395	0.2710073292255401	sub-20214	ses-1				space-ACPC			DSIStudio	autotrackgqi
Association_InferiorLongitudinalFasciculusR	pa	TORTOISE_model-MAPMRI	/scratch/executivefunction/SLURM_8364170_16/job-8364170-16-sub-20214-ses-1/ds/inputs/data/qsiprep/qsiprep/sub-20214/ses-1/dwi/sub-20214_ses-1_space-ACPC_desc-preproc_dwi.nii.gz	0.0028216206683713	0.5474568605422974	0.265868991613388	0.4968858361244201	0.549005925655365	0.498941957950592	0.2646429240703583	0.7705403566360474	0.7707284688949585	sub-20214	ses-1				space-ACPC			DSIStudio	autotrackgqi
Association_InferiorLongitudinalFasciculusR	path	TORTOISE_model-MAPMRI	/scratch/executivefunction/SLURM_8364170_16/job-8364170-16-sub-20214-ses-1/ds/inputs/data/qsiprep/qsiprep/sub-20214/ses-1/dwi/sub-20214_ses-1_space-ACPC_desc-preproc_dwi.nii.gz	0.0028216206683713	0.2194349616765976	0.1190619990229606	0.1758605986833572	0.2200558632612228	0.1764651387929916	0.1186559572815895	0.3284653127193451	0.3285455107688904	sub-20214	ses-1				space-ACPC			DSIStudio	autotrackgqi
Association_InferiorLongitudinalFasciculusR	rd	TORTOISE_model-MAPMRI	/scratch/executivefunction/SLURM_8364170_16/job-8364170-16-sub-20214-ses-1/ds/inputs/data/qsiprep/qsiprep/sub-20214/ses-1/dwi/sub-20214_ses-1_space-ACPC_desc-preproc_dwi.nii.gz	0.0028216206683713	756.4534144299334	298.9138387850461	697.335737789552	758.5938785966819	698.4233649530668	296.61180644672066	589.3713339155429	589.5152581751521	sub-20214	ses-1				space-ACPC			DSIStudio	autotrackgqi
Association_InferiorLongitudinalFasciculusR	rtap	TORTOISE_model-MAPMRI	/scratch/executivefunction/SLURM_8364170_16/job-8364170-16-sub-20214-ses-1/ds/inputs/data/qsiprep/qsiprep/sub-20214/ses-1/dwi/sub-20214_ses-1_space-ACPC_desc-preproc_dwi.nii.gz	0.0031743232519178	0.0100799771025776	0.0045669404789805	0.0088092368096113	0.0101120760664343	0.0088321650400757	0.0045385872945189	0.0143511518836021	0.0143550904467701	sub-20214	ses-1				space-ACPC			DSIStudio	autotrackgqi
Association_InferiorLongitudinalFasciculusR	rtop	TORTOISE_model-MAPMRI	/scratch/executivefunction/SLURM_8364170_16/job-8364170-16-sub-20214-ses-1/ds/inputs/data/qsiprep/qsiprep/sub-20214/ses-1/dwi/sub-20214_ses-1_space-ACPC_desc-preproc_dwi.nii.gz	0.0031743232519178	0.0001979389926418	7.72336934460327e-05	0.0001858139730757	0.0001985693088499	0.0001861150667537	7.654329237993807e-05	0.000262088549789	0.000262160465354	sub-20214	ses-1				space-ACPC			DSIStudio	autotrackgqi
Association_InferiorLongitudinalFasciculusR	rtpp	TORTOISE_model-MAPMRI	/scratch/executivefunction/SLURM_8364170_16/job-8364170-16-sub-20214-ses-1/ds/inputs/data/qsiprep/qsiprep/sub-20214/ses-1/dwi/sub-20214_ses-1_space-ACPC_desc-preproc_dwi.nii.gz	0.0028216206683713	0.0442096702754497	0.0059826304204761	0.0453568063676357	0.0443347655236721	0.0453689284622669	0.0055088149383664	0.042667057365179	0.0426774770021438	sub-20214	ses-1				space-ACPC			DSIStudio	autotrackgqi
Association_ParietalAslantTractL	ad	TORTOISE_model-MAPMRI	/scratch/executivefunction/SLURM_8364170_16/job-8364170-16-sub-20214-ses-1/ds/inputs/data/qsiprep/qsiprep/sub-20214/ses-1/dwi/sub-20214_ses-1_space-ACPC_desc-preproc_dwi.nii.gz	0.0290206960342236	1075.7277919029214	341.12008005368705	1016.1707656809016	1107.8792179290745	1023.421753125926	290.2083301706058	1139.3122659710405	1143.2190723855244	sub-20214	ses-1				space-ACPC			DSIStudio	autotrackgqi
Association_ParietalAslantTractL	am	TORTOISE_model-MAPMRI	/scratch/executivefunction/SLURM_8364170_16/job-8364170-16-sub-20214-ses-1/ds/inputs/data/qsiprep/qsiprep/sub-20214/ses-1/dwi/sub-20214_ses-1_space-ACPC_desc-preproc_dwi.nii.gz	0.0290206960342236	772.9043579101562	287.3256225585937	761.8858642578125	796.0050048828125	772.0511474609375	258.1380310058594	668.0953979492188	670.3863525390625	sub-20214	ses-1				space-ACPC			DSIStudio	autotrackgqi
Association_ParietalAslantTractL	fa	TORTOISE_model-MAPMRI	/scratch/executivefunction/SLURM_8364170_16/job-8364170-16-sub-20214-ses-1/ds/inputs/data/qsiprep/qsiprep/sub-20214/ses-1/dwi/sub-20214_ses-1_space-ACPC_desc-preproc_dwi.nii.gz	0.0290206960342236	0.223678658202735	0.1632491135018595	0.1668948859856318	0.2303639812807163	0.1722929045829114	0.1609557100814556	0.3597902153085677	0.3610239688436236	sub-20214	ses-1				space-ACPC			DSIStudio	autotrackgqi
Association_ParietalAslantTractL	li	TORTOISE_model-MAPMRI	/scratch/executivefunction/SLURM_8364170_16/job-8364170-16-sub-20214-ses-1/ds/inputs/data/qsiprep/qsiprep/sub-20214/ses-1/dwi/sub-20214_ses-1_space-ACPC_desc-preproc_dwi.nii.gz	0.0294831772459243	0.119885466992855	0.1134686321020126	0.0726120695471763	0.1235274523496627	0.0755710899829864	0.1132094413042068	0.2161338478326797	0.2168858647346496	sub-20214	ses-1				space-ACPC			DSIStudio	autotrackgqi
Association_ParietalAslantTractL	ng	TORTOISE_model-MAPMRI	/scratch/executivefunction/SLURM_8364170_16/job-8364170-16-sub-20214-ses-1/ds/inputs/data/qsiprep/qsiprep/sub-20214/ses-1/dwi/sub-20214_ses-1_space-ACPC_desc-preproc_dwi.nii.gz	0.0290206960342236	0.2196308225393295	0.0939672514796257	0.2015931755304336	0.2261951714754104	0.2051538527011871	0.0872291773557663	0.2764612436294555	0.2774092257022857	sub-20214	ses-1				space-ACPC			DSIStudio	autotrackgqi
Association_ParietalAslantTractL	ngpar	TORTOISE_model-MAPMRI	/scratch/executivefunction/SLURM_8364170_16/job-8364170-16-sub-20214-ses-1/ds/inputs/data/qsiprep/qsiprep/sub-20214/ses-1/dwi/sub-20214_ses-1_space-ACPC_desc-preproc_dwi.nii.gz	0.0290206960342236	0.1137667819857597	0.0436728149652481	0.1083232387900352	0.1171670481562614	0.1094962060451507	0.0395717248320579	0.1164943054318428	0.1168937757611274	sub-20214	ses-1				space-ACPC			DSIStudio	autotrackgqi
Association_ParietalAslantTractL	ngperp	TORTOISE_model-MAPMRI	/scratch/executivefunction/SLURM_8364170_16/job-8364170-16-sub-20214-ses-1/ds/inputs/data/qsiprep/qsiprep/sub-20214/ses-1/dwi/sub-20214_ses-1_space-ACPC_desc-preproc_dwi.nii.gz	0.0290206960342236	0.1927589178085327	0.079552836716175	0.1785915195941925	0.1985201090574264	0.1813814342021942	0.0733082070946693	0.2462288737297058	0.2470732182264328	sub-20214	ses-1				space-ACPC			DSIStudio	autotrackgqi
Association_ParietalAslantTractL	pa	TORTOISE_model-MAPMRI	/scratch/executivefunction/SLURM_8364170_16/job-8364170-16-sub-20214-ses-1/ds/inputs/data/qsiprep/qsiprep/sub-20214/ses-1/dwi/sub-20214_ses-1_space-ACPC_desc-preproc_dwi.nii.gz	0.0290206960342236	0.4499556124210357	0.2648611664772033	0.3561253845691681	0.4634039103984833	0.3648199439048767	0.2569360435009002	0.6569433808326721	0.6591961979866028	sub-20214	ses-1				space-ACPC			DSIStudio	autotrackgqi
Association_ParietalAslantTractL	path	TORTOISE_model-MAPMRI	/scratch/executivefunction/SLURM_8364170_16/job-8364170-16-sub-20214-ses-1/ds/inputs/data/qsiprep/qsiprep/sub-20214/ses-1/dwi/sub-20214_ses-1_space-ACPC_desc-preproc_dwi.nii.gz	0.0290206960342236	0.1791878789663314	0.1077442243695259	0.1364516317844391	0.1845434606075287	0.1388206332921981	0.1047255843877792	0.2653944790363312	0.2663045227527618	sub-20214	ses-1				space-ACPC			DSIStudio	autotrackgqi
Association_ParietalAslantTractL	rd	TORTOISE_model-MAPMRI	/scratch/executivefunction/SLURM_8364170_16/job-8364170-16-sub-20214-ses-1/ds/inputs/data/qsiprep/qsiprep/sub-20214/ses-1/dwi/sub-20214_ses-1_space-ACPC_desc-preproc_dwi.nii.gz	0.0290206960342236	768.3935360349404	317.5629099107992	720.1748454204965	791.3593347423434	724.3729647579457	292.721882951799	638.188305337626	640.3767119283249	sub-20214	ses-1				space-ACPC			DSIStudio	autotrackgqi
Association_ParietalAslantTractL	rtap	TORTOISE_model-MAPMRI	/scratch/executivefunction/SLURM_8364170_16/job-8364170-16-sub-20214-ses-1/ds/inputs/data/qsiprep/qsiprep/sub-20214/ses-1/dwi/sub-20214_ses-1_space-ACPC_desc-preproc_dwi.nii.gz	0.0292519366400739	0.008924039080739	0.0039146118797361	0.0081155551597476	0.0091929510235786	0.0081840837374329	0.0036488173063844	0.0122214518487453	0.0122634507715702	sub-20214	ses-1				space-ACPC			DSIStudio	autotrackgqi
Association_ParietalAslantTractL	rtop	TORTOISE_model-MAPMRI	/scratch/executivefunction/SLURM_8364170_16/job-8364170-16-sub-20214-ses-1/ds/inputs/data/qsiprep/qsiprep/sub-20214/ses-1/dwi/sub-20214_ses-1_space-ACPC_desc-preproc_dwi.nii.gz	0.0292519366400739	0.0001783542393241	7.182767876656726e-05	0.0001716037804726	0.0001837286690715	0.0001731007359921	6.578180909855291e-05	0.0002359568607062	0.0002367676934227	sub-20214	ses-1				space-ACPC			DSIStudio	autotrackgqi
Association_ParietalAslantTractL	rtpp	TORTOISE_model-MAPMRI	/scratch/executivefunction/SLURM_8364170_16/job-8364170-16-sub-20214-ses-1/ds/inputs/data/qsiprep/qsiprep/sub-20214/ses-1/dwi/sub-20214_ses-1_space-ACPC_desc-preproc_dwi.nii.gz	0.0290206960342236	0.0441090129315853	0.0090721296146512	0.0464398600161075	0.0454273447394371	0.046585775911808	0.0049874889664351	0.0445754043757915	0.0447282567620277	sub-20214	ses-1				space-ACPC			DSIStudio	autotrackgqi
Association_FrontalAslantTractR	ad	TORTOISE_model-MAPMRI	/scratch/executivefunction/SLURM_8364170_16/job-8364170-16-sub-20214-ses-1/ds/inputs/data/qsiprep/qsiprep/sub-20214/ses-1/dwi/sub-20214_ses-1_space-ACPC_desc-preproc_dwi.nii.gz	0.0	1137.073402274439	261.3608732758755	1079.513351635454	1137.073402274439	1079.513351635454	261.3608732758755	1145.3403534263928	1145.3403534263928	sub-20214	ses-1				space-ACPC			DSIStudio	autotrackgqi
Association_FrontalAslantTractR	am	TORTOISE_model-MAPMRI	/scratch/executivefunction/SLURM_8364170_16/job-8364170-16-sub-20214-ses-1/ds/inputs/data/qsiprep/qsiprep/sub-20214/ses-1/dwi/sub-20214_ses-1_space-ACPC_desc-preproc_dwi.nii.gz	0.0	701.869140625	254.4765472412109	629.2350463867188	701.869140625	629.2350463867188	254.4765472412109	592.589599609375	592.589599609375	sub-20214	ses-1				space-ACPC			DSIStudio	autotrackgqi
Association_FrontalAslantTractR	fa	TORTOISE_model-MAPMRI	/scratch/executivefunction/SLURM_8364170_16/job-8364170-16-sub-20214-ses-1/ds/inputs/data/qsiprep/qsiprep/sub-20214/ses-1/dwi/sub-20214_ses-1_space-ACPC_desc-preproc_dwi.nii.gz	0.0	0.3147156616013866	0.1785571089656443	0.307414004051364	0.3147156616013866	0.307414004051364	0.1785571089656443	0.4164812369380571	0.4164812369380571	sub-20214	ses-1				space-ACPC			DSIStudio	autotrackgqi
Association_FrontalAslantTractR	li	TORTOISE_model-MAPMRI	/scratch/executivefunction/SLURM_8364170_16/job-8364170-16-sub-20214-ses-1/ds/inputs/data/qsiprep/qsiprep/sub-20214/ses-1/dwi/sub-20214_ses-1_space-ACPC_desc-preproc_dwi.nii.gz	0.0	0.185927614569664	0.1344445496797561	0.159485325217247	0.185927614569664	0.159485325217247	0.1344445496797561	0.2660346925258636	0.2660346925258636	sub-20214	ses-1				space-ACPC			DSIStudio	autotrackgqi
Association_FrontalAslantTractR	ng	TORTOISE_model-MAPMRI	/scratch/executivefunction/SLURM_8364170_16/job-8364170-16-sub-20214-ses-1/ds/inputs/data/qsiprep/qsiprep/sub-20214/ses-1/dwi/sub-20214_ses-1_space-ACPC_desc-preproc_dwi.nii.gz	0.0	0.2743283808231354	0.0871858820319175	0.2768702507019043	0.2743283808231354	0.2768702507019043	0.0871858820319175	0.3250713646411896	0.3250713646411896	sub-20214	ses-1				space-ACPC			DSIStudio	autotrackgqi
Association_FrontalAslantTractR	ngpar	TORTOISE_model-MAPMRI	/scratch/executivefunction/SLURM_8364170_16/job-8364170-16-sub-20214-ses-1/ds/inputs/data/qsiprep/qsiprep/sub-20214/ses-1/dwi/sub-20214_ses-1_space-ACPC_desc-preproc_dwi.nii.gz	0.0	0.1285291761159896	0.0362098515033721	0.1249212920665741	0.1285291761159896	0.1249212920665741	0.0362098515033721	0.1383193284273147	0.1383193284273147	sub-20214	ses-1				space-ACPC			DSIStudio	autotrackgqi
Association_FrontalAslantTractR	ngperp	TORTOISE_model-MAPMRI	/scratch/executivefunction/SLURM_8364170_16/job-8364170-16-sub-20214-ses-1/ds/inputs/data/qsiprep/qsiprep/sub-20214/ses-1/dwi/sub-20214_ses-1_space-ACPC_desc-preproc_dwi.nii.gz	0.0	0.2385170459747314	0.0745016261935234	0.2383635938167572	0.2385170459747314	0.2383635938167572	0.0745016261935234	0.2818792462348938	0.2818792462348938	sub-20214	ses-1				space-ACPC			DSIStudio	autotrackgqi
Association_FrontalAslantTractR	pa	TORTOISE_model-MAPMRI	/scratch/executivefunction/SLURM_8364170_16/job-8364170-16-sub-20214-ses-1/ds/inputs/data/qsiprep/qsiprep/sub-20214/ses-1/dwi/sub-20214_ses-1_space-ACPC_desc-preproc_dwi.nii.gz	0.0	0.6108740568161011	0.2703204154968261	0.6802694201469421	0.6108740568161011	0.6802694201469421	0.2703204154968261	0.774226188659668	0.774226188659668	sub-20214	ses-1				space-ACPC			DSIStudio	autotrackgqi
Association_FrontalAslantTractR	path	TORTOISE_model-MAPMRI	/scratch/executivefunction/SLURM_8364170_16/job-8364170-16-sub-20214-ses-1/ds/inputs/data/qsiprep/qsiprep/sub-20214/ses-1/dwi/sub-20214_ses-1_space-ACPC_desc-preproc_dwi.nii.gz	0.0	0.2443389594554901	0.1172761470079422	0.237397015094757	0.2443389594554901	0.237397015094757	0.1172761470079422	0.3137016892433166	0.3137016892433166	sub-20214	ses-1				space-ACPC			DSIStudio	autotrackgqi
Association_FrontalAslantTractR	rd	TORTOISE_model-MAPMRI	/scratch/executivefunction/SLURM_8364170_16/job-8364170-16-sub-20214-ses-1/ds/inputs/data/qsiprep/qsiprep/sub-20214/ses-1/dwi/sub-20214_ses-1_space-ACPC_desc-preproc_dwi.nii.gz	0.0	720.1178604420315	294.7847176505841	642.124789386055	720.1178604420315	642.124789386055	294.7847176505841	595.9439330210002	595.9439330210002	sub-20214	ses-1				space-ACPC			DSIStudio	autotrackgqi
Association_FrontalAslantTractR	rtap	TORTOISE_model-MAPMRI	/scratch/executivefunction/SLURM_8364170_16/job-8364170-16-sub-20214-ses-1/ds/inputs/data/qsiprep/qsiprep/sub-20214/ses-1/dwi/sub-20214_ses-1_space-ACPC_desc-preproc_dwi.nii.gz	0.0	0.0112862130627036	0.0044962833635509	0.0108854481950402	0.0112862130627036	0.0108854481950402	0.0044962833635509	0.0138312522321939	0.0138312522321939	sub-20214	ses-1				space-ACPC			DSIStudio	autotrackgqi
Association_FrontalAslantTractR	rtop	TORTOISE_model-MAPMRI	/scratch/executivefunction/SLURM_8364170_16/job-8364170-16-sub-20214-ses-1/ds/inputs/data/qsiprep/qsiprep/sub-20214/ses-1/dwi/sub-20214_ses-1_space-ACPC_desc-preproc_dwi.nii.gz	0.0	0.0002261603513034	8.413215982727706e-05	0.0002221615432063	0.0002261603513034	0.0002221615432063	8.413215982727706e-05	0.0002760729403235	0.0002760729403235	sub-20214	ses-1				space-ACPC			DSIStudio	autotrackgqi
Association_FrontalAslantTractR	rtpp	TORTOISE_model-MAPMRI	/scratch/executivefunction/SLURM_8364170_16/job-8364170-16-sub-20214-ses-1/ds/inputs/data/qsiprep/qsiprep/sub-20214/ses-1/dwi/sub-20214_ses-1_space-ACPC_desc-preproc_dwi.nii.gz	0.0	0.0452170930802822	0.0046077617444098	0.0459514148533344	0.0452170930802822	0.0459514148533344	0.0046077617444098	0.0451825782656669	0.0451825782656669	sub-20214	ses-1				space-ACPC			DSIStudio	autotrackgqi
Association_FrontalAslantTractL	ad	TORTOISE_model-MAPMRI	/scratch/executivefunction/SLURM_8364170_16/job-8364170-16-sub-20214-ses-1/ds/inputs/data/qsiprep/qsiprep/sub-20214/ses-1/dwi/sub-20214_ses-1_space-ACPC_desc-preproc_dwi.nii.gz	0.0012748133309051	1176.709781770527	386.567663181764	1070.6460338617596	1178.2117818566671	1071.1811095888252	384.5199973347271	1140.5209278321993	1140.569127713842	sub-20214	ses-1				space-ACPC			DSIStudio	autotrackgqi
Association_FrontalAslantTractL	am	TORTOISE_model-MAPMRI	/scratch/executivefunction/SLURM_8364170_16/job-8364170-16-sub-20214-ses-1/ds/inputs/data/qsiprep/qsiprep/sub-20214/ses-1/dwi/sub-20214_ses-1_space-ACPC_desc-preproc_dwi.nii.gz	0.0012748133309051	769.36083984375	303.49346923828125	701.3949584960938	770.3428955078125	701.8543701171875	302.4389953613281	614.3923950195312	614.4183349609375	sub-20214	ses-1				space-ACPC			DSIStudio	autotrackgqi
Association_FrontalAslantTractL	fa	TORTOISE_model-MAPMRI	/scratch/executivefunction/SLURM_8364170_16/job-8364170-16-sub-20214-ses-1/ds/inputs/data/qsiprep/qsiprep/sub-20214/ses-1/dwi/sub-20214_ses-1_space-ACPC_desc-preproc_dwi.nii.gz	0.0012748133309051	0.2756033662778996	0.1737914468429491	0.2358960204955006	0.2759551575915293	0.236174132877947	0.1736229860891946	0.3914751244353279	0.3914916686124661	sub-20214	ses-1				space-ACPC			DSIStudio	autotrackgqi
Association_FrontalAslantTractL	li	TORTOISE_model-MAPMRI	/scratch/executivefunction/SLURM_8364170_16/job-8364170-16-sub-20214-ses-1/ds/inputs/data/qsiprep/qsiprep/sub-20214/ses-1/dwi/sub-20214_ses-1_space-ACPC_desc-preproc_dwi.nii.gz	0.0014569295210344	0.1575102806091308	0.1272169649600982	0.11054477840662	0.1577400863170623	0.1106085926294326	0.1271672844886779	0.2483305037021637	0.2483439147472381	sub-20214	ses-1				space-ACPC			DSIStudio	autotrackgqi
Association_FrontalAslantTractL	ng	TORTOISE_model-MAPMRI	/scratch/executivefunction/SLURM_8364170_16/job-8364170-16-sub-20214-ses-1/ds/inputs/data/qsiprep/qsiprep/sub-20214/ses-1/dwi/sub-20214_ses-1_space-ACPC_desc-preproc_dwi.nii.gz	0.0012748133309051	0.2587946057319641	0.0890802070498466	0.2540691196918487	0.2591249644756317	0.254203200340271	0.0886555835604667	0.3112057447433471	0.3112189173698425	sub-20214	ses-1				space-ACPC			DSIStudio	autotrackgqi
Association_FrontalAslantTractL	ngpar	TORTOISE_model-MAPMRI	/scratch/executivefunction/SLURM_8364170_16/job-8364170-16-sub-20214-ses-1/ds/inputs/data/qsiprep/qsiprep/sub-20214/ses-1/dwi/sub-20214_ses-1_space-ACPC_desc-preproc_dwi.nii.gz	0.0012748133309051	0.1286718845367431	0.0400305688381195	0.1239952370524406	0.1288361400365829	0.1240498051047325	0.0397910997271537	0.1404314935207367	0.1404374092817306	sub-20214	ses-1				space-ACPC			DSIStudio	autotrackgqi
Association_FrontalAslantTractL	ngperp	TORTOISE_model-MAPMRI	/scratch/executivefunction/SLURM_8364170_16/job-8364170-16-sub-20214-ses-1/ds/inputs/data/qsiprep/qsiprep/sub-20214/ses-1/dwi/sub-20214_ses-1_space-ACPC_desc-preproc_dwi.nii.gz	0.0012748133309051	0.2253683656454086	0.0758332684636116	0.219089925289154	0.2256560325622558	0.2191643714904785	0.0754527002573013	0.2731515169143677	0.2731630802154541	sub-20214	ses-1				space-ACPC			DSIStudio	autotrackgqi
Association_FrontalAslantTractL	pa	TORTOISE_model-MAPMRI	/scratch/executivefunction/SLURM_8364170_16/job-8364170-16-sub-20214-ses-1/ds/inputs/data/qsiprep/qsiprep/sub-20214/ses-1/dwi/sub-20214_ses-1_space-ACPC_desc-preproc_dwi.nii.gz	0.0012748133309051	0.556469202041626	0.2719021439552307	0.5271834135055542	0.5571795105934143	0.5277329683303833	0.2713473439216614	0.7311611771583557	0.7311921119689941	sub-20214	ses-1				space-ACPC			DSIStudio	autotrackgqi
Association_FrontalAslantTractL	path	TORTOISE_model-MAPMRI	/scratch/executivefunction/SLURM_8364170_16/job-8364170-16-sub-20214-ses-1/ds/inputs/data/qsiprep/qsiprep/sub-20214/ses-1/dwi/sub-20214_ses-1_space-ACPC_desc-preproc_dwi.nii.gz	0.0012748133309051	0.2204794138669967	0.112946018576622	0.184902086853981	0.2207608371973037	0.1850689351558685	0.1127428859472274	0.2936800718307495	0.2936924695968628	sub-20214	ses-1				space-ACPC			DSIStudio	autotrackgqi
Association_FrontalAslantTractL	rd	TORTOISE_model-MAPMRI	/scratch/executivefunction/SLURM_8364170_16/job-8364170-16-sub-20214-ses-1/ds/inputs/data/qsiprep/qsiprep/sub-20214/ses-1/dwi/sub-20214_ses-1_space-ACPC_desc-preproc_dwi.nii.gz	0.0012748133309051	805.0983662334522	402.0217458199665	680.2704205640825	806.1260264383453	680.3614387006974	401.24725630390014	621.4003437924907	621.4266051113306	sub-20214	ses-1				space-ACPC			DSIStudio	autotrackgqi
Association_FrontalAslantTractL	rtap	TORTOISE_model-MAPMRI	/scratch/executivefunction/SLURM_8364170_16/job-8364170-16-sub-20214-ses-1/ds/inputs/data/qsiprep/qsiprep/sub-20214/ses-1/dwi/sub-20214_ses-1_space-ACPC_desc-preproc_dwi.nii.gz	0.0012748133309051	0.0101380357518792	0.0044055241160094	0.0092043206095695	0.0101509764790534	0.0092090815305709	0.0043934104032814	0.0130671802908182	0.0130677316337823	sub-20214	ses-1				space-ACPC			DSIStudio	autotrackgqi
Association_FrontalAslantTractL	rtop	TORTOISE_model-MAPMRI	/scratch/executivefunction/SLURM_8364170_16/job-8364170-16-sub-20214-ses-1/ds/inputs/data/qsiprep/qsiprep/sub-20214/ses-1/dwi/sub-20214_ses-1_space-ACPC_desc-preproc_dwi.nii.gz	0.0012748133309051	0.0002046543668257	8.760247874306515e-05	0.0001912614825414	0.0002049155882559	0.0001915035536512	8.735250594327226e-05	0.0002633881522342	0.0002633992990013	sub-20214	ses-1				space-ACPC			DSIStudio	autotrackgqi
Association_FrontalAslantTractL	rtpp	TORTOISE_model-MAPMRI	/scratch/executivefunction/SLURM_8364170_16/job-8364170-16-sub-20214-ses-1/ds/inputs/data/qsiprep/qsiprep/sub-20214/ses-1/dwi/sub-20214_ses-1_space-ACPC_desc-preproc_dwi.nii.gz	0.0012748133309051	0.0445415936410427	0.0059051304124295	0.0459739416837692	0.0445984452962875	0.0459791049361228	0.0056902938522398	0.0449272766709327	0.0449291765689849	sub-20214	ses-1				space-ACPC			DSIStudio	autotrackgqi
Association_SuperiorLongitudinalFasciculusL	ad	TORTOISE_model-MAPMRI	/scratch/executivefunction/SLURM_8364170_16/job-8364170-16-sub-20214-ses-1/ds/inputs/data/qsiprep/qsiprep/sub-20214/ses-1/dwi/sub-20214_ses-1_space-ACPC_desc-preproc_dwi.nii.gz	0.0015796124684077	1116.255101612881	298.5839729965055	1049.1133845528684	1118.02114174833	1049.5665505912334	295.4978303638043	1095.0730752288466	1095.1243789458238	sub-20214	ses-1				space-ACPC			DSIStudio	autotrackgqi
Association_SuperiorLongitudinalFasciculusL	am	TORTOISE_model-MAPMRI	/scratch/executivefunction/SLURM_8364170_16/job-8364170-16-sub-20214-ses-1/ds/inputs/data/qsiprep/qsiprep/sub-20214/ses-1/dwi/sub-20214_ses-1_space-ACPC_desc-preproc_dwi.nii.gz	0.0015796124684077	728.8671264648438	244.78189086914065	676.8482666015625	730.0203247070312	677.1873168945312	243.25119018554688	614.391357421875	614.4201049804688	sub-20214	ses-1				space-ACPC			DSIStudio	autotrackgqi
Association_SuperiorLongitudinalFasciculusL	fa	TORTOISE_model-MAPMRI	/scratch/executivefunction/SLURM_8364170_16/job-8364170-16-sub-20214-ses-1/ds/inputs/data/qsiprep/qsiprep/sub-20214/ses-1/dwi/sub-20214_ses-1_space-ACPC_desc-preproc_dwi.nii.gz	0.0015796124684077	0.2718763255596595	0.1729305723645459	0.2312661451331817	0.2723064642458102	0.2314292379277998	0.1727285915347986	0.3669150444334438	0.3669322343496475	sub-20214	ses-1				space-ACPC			DSIStudio	autotrackgqi
Association_SuperiorLongitudinalFasciculusL	li	TORTOISE_model-MAPMRI	/scratch/executivefunction/SLURM_8364170_16/job-8364170-16-sub-20214-ses-1/ds/inputs/data/qsiprep/qsiprep/sub-20214/ses-1/dwi/sub-20214_ses-1_space-ACPC_desc-preproc_dwi.nii.gz	0.0017902274641954	0.1532051265239715	0.125169575214386	0.1105699986219406	0.1534798890352249	0.1108586937189102	0.1251133531332016	0.218477189540863	0.2184900194406509	sub-20214	ses-1				space-ACPC			DSIStudio	autotrackgqi
Association_SuperiorLongitudinalFasciculusL	ng	TORTOISE_model-MAPMRI	/scratch/executivefunction/SLURM_8364170_16/job-8364170-16-sub-20214-ses-1/ds/inputs/data/qsiprep/qsiprep/sub-20214/ses-1/dwi/sub-20214_ses-1_space-ACPC_desc-preproc_dwi.nii.gz	0.0015796124684077	0.2581464946269989	0.0857879817485809	0.2515789270401001	0.2585549056529999	0.251663863658905	0.0852386280894279	0.3079141974449157	0.3079286515712738	sub-20214	ses-1				space-ACPC			DSIStudio	autotrackgqi
Association_SuperiorLongitudinalFasciculusL	ngpar	TORTOISE_model-MAPMRI	/scratch/executivefunction/SLURM_8364170_16/job-8364170-16-sub-20214-ses-1/ds/inputs/data/qsiprep/qsiprep/sub-20214/ses-1/dwi/sub-20214_ses-1_space-ACPC_desc-preproc_dwi.nii.gz	0.0015796124684077	0.1261406540870666	0.0382417403161525	0.1201947033405304	0.1263402253389358	0.1202262490987777	0.0379411503672599	0.1400119066238403	0.1400184631347656	sub-20214	ses-1				space-ACPC			DSIStudio	autotrackgqi
Association_SuperiorLongitudinalFasciculusL	ngperp	TORTOISE_model-MAPMRI	/scratch/executivefunction/SLURM_8364170_16/job-8364170-16-sub-20214-ses-1/ds/inputs/data/qsiprep/qsiprep/sub-20214/ses-1/dwi/sub-20214_ses-1_space-ACPC_desc-preproc_dwi.nii.gz	0.0015796124684077	0.2248125821352005	0.0723087340593338	0.2180685997009277	0.2251682579517364	0.2182826250791549	0.0718104317784309	0.2673339545726776	0.2673465013504028	sub-20214	ses-1				space-ACPC			DSIStudio	autotrackgqi
Association_SuperiorLongitudinalFasciculusL	pa	TORTOISE_model-MAPMRI	/scratch/executivefunction/SLURM_8364170_16/job-8364170-16-sub-20214-ses-1/ds/inputs/data/qsiprep/qsiprep/sub-20214/ses-1/dwi/sub-20214_ses-1_space-ACPC_desc-preproc_dwi.nii.gz	0.0015796124684077	0.5505838990211487	0.2699471116065979	0.5289474725723267	0.5514549612998962	0.5301313400268555	0.2692700922489166	0.7080832719802856	0.7081165313720703	sub-20214	ses-1				space-ACPC			DSIStudio	autotrackgqi
Association_SuperiorLongitudinalFasciculusL	path	TORTOISE_model-MAPMRI	/scratch/executivefunction/SLURM_8364170_16/job-8364170-16-sub-20214-ses-1/ds/inputs/data/qsiprep/qsiprep/sub-20214/ses-1/dwi/sub-20214_ses-1_space-ACPC_desc-preproc_dwi.nii.gz	0.0015796124684077	0.2177468091249466	0.111993983387947	0.1854379922151565	0.2180913090705871	0.1857982873916626	0.1117468699812889	0.280811458826065	0.280824601650238	sub-20214	ses-1				space-ACPC			DSIStudio	autotrackgqi
Association_SuperiorLongitudinalFasciculusL	rd	TORTOISE_model-MAPMRI	/scratch/executivefunction/SLURM_8364170_16/job-8364170-16-sub-20214-ses-1/ds/inputs/data/qsiprep/qsiprep/sub-20214/ses-1/dwi/sub-20214_ses-1_space-ACPC_desc-preproc_dwi.nii.gz	0.0015796124684077	755.3457638644854	314.17367562622326	676.5060984724512	756.5408051531647	676.7200490849066	312.98109118312755	623.5385270536881	623.5677394489904	sub-20214	ses-1				space-ACPC			DSIStudio	autotrackgqi
Association_SuperiorLongitudinalFasciculusL	rtap	TORTOISE_model-MAPMRI	/scratch/executivefunction/SLURM_8364170_16/job-8364170-16-sub-20214-ses-1/ds/inputs/data/qsiprep/qsiprep/sub-20214/ses-1/dwi/sub-20214_ses-1_space-ACPC_desc-preproc_dwi.nii.gz	0.0015796124684077	0.0103607205674052	0.0041078431531786	0.0095301195979118	0.0103771118447184	0.0095405438914895	0.0040903510525822	0.01278518140316	0.0127857802435755	sub-20214	ses-1				space-ACPC			DSIStudio	autotrackgqi
Association_SuperiorLongitudinalFasciculusL	rtop	TORTOISE_model-MAPMRI	/scratch/executivefunction/SLURM_8364170_16/job-8364170-16-sub-20214-ses-1/ds/inputs/data/qsiprep/qsiprep/sub-20214/ses-1/dwi/sub-20214_ses-1_space-ACPC_desc-preproc_dwi.nii.gz	0.0015796124684077	0.0002101169666275	7.929294952191412e-05	0.0001994280610233	0.000210449390579	0.0001995334896491	7.891361747169867e-05	0.0002628645161166	0.0002628768270369	sub-20214	ses-1				space-ACPC			DSIStudio	autotrackgqi
Association_SuperiorLongitudinalFasciculusL	rtpp	TORTOISE_model-MAPMRI	/scratch/executivefunction/SLURM_8364170_16/job-8364170-16-sub-20214-ses-1/ds/inputs/data/qsiprep/qsiprep/sub-20214/ses-1/dwi/sub-20214_ses-1_space-ACPC_desc-preproc_dwi.nii.gz	0.0015796124684077	0.0455511473119258	0.0052945325151085	0.0465763434767723	0.0456232167780399	0.0465845242142677	0.0049788048490881	0.0461544394493103	0.0461566038429737	sub-20214	ses-1				space-ACPC			DSIStudio	autotrackgqi
Association_UncinateFasciculusR	ad	TORTOISE_model-MAPMRI	/scratch/executivefunction/SLURM_8364170_16/job-8364170-16-sub-20214-ses-1/ds/inputs/data/qsiprep/qsiprep/sub-20214/ses-1/dwi/sub-20214_ses-1_space-ACPC_desc-preproc_dwi.nii.gz	0.0006656312402928	1193.6269131698216	326.1100894989374	1116.063008419119	1194.4219577389845	1116.3214719811426	324.75992262632053	1232.1846184681156	1232.2299328538563	sub-20214	ses-1				space-ACPC			DSIStudio	autotrackgqi
Association_UncinateFasciculusR	am	TORTOISE_model-MAPMRI	/scratch/executivefunction/SLURM_8364170_16/job-8364170-16-sub-20214-ses-1/ds/inputs/data/qsiprep/qsiprep/sub-20214/ses-1/dwi/sub-20214_ses-1_space-ACPC_desc-preproc_dwi.nii.gz	0.0006656312402928	694.0687255859375	223.42922973632807	667.3828125	694.531005859375	667.5433349609375	222.7841796875	618.0128173828125	618.0355224609375	sub-20214	ses-1				space-ACPC			DSIStudio	autotrackgqi
Association_UncinateFasciculusR	fa	TORTOISE_model-MAPMRI	/scratch/executivefunction/SLURM_8364170_16/job-8364170-16-sub-20214-ses-1/ds/inputs/data/qsiprep/qsiprep/sub-20214/ses-1/dwi/sub-20214_ses-1_space-ACPC_desc-preproc_dwi.nii.gz	0.0006656312402928	0.2785939652160093	0.1522965065815457	0.2449425397402831	0.278779529580052	0.245088791717907	0.1521773421228874	0.3880672440675692	0.3880815155425301	sub-20214	ses-1				space-ACPC			DSIStudio	autotrackgqi
Association_UncinateFasciculusR	li	TORTOISE_model-MAPMRI	/scratch/executivefunction/SLURM_8364170_16/job-8364170-16-sub-20214-ses-1/ds/inputs/data/qsiprep/qsiprep/sub-20214/ses-1/dwi/sub-20214_ses-1_space-ACPC_desc-preproc_dwi.nii.gz	0.0006656312402928	0.1541708707809448	0.1127028092741966	0.1185285225510597	0.1542735695838928	0.1185652837157249	0.1126700565218925	0.2413985282182693	0.2414073944091797	sub-20214	ses-1				space-ACPC			DSIStudio	autotrackgqi
Association_UncinateFasciculusR	ng	TORTOISE_model-MAPMRI	/scratch/executivefunction/SLURM_8364170_16/job-8364170-16-sub-20214-ses-1/ds/inputs/data/qsiprep/qsiprep/sub-20214/ses-1/dwi/sub-20214_ses-1_space-ACPC_desc-preproc_dwi.nii.gz	0.0006656312402928	0.2355133444070816	0.0866486057639122	0.2251659482717514	0.2356702089309692	0.2252641916275024	0.0864639282226562	0.2575519382953644	0.2575614154338836	sub-20214	ses-1				space-ACPC			DSIStudio	autotrackgqi
Association_UncinateFasciculusR	ngpar	TORTOISE_model-MAPMRI	/scratch/executivefunction/SLURM_8364170_16/job-8364170-16-sub-20214-ses-1/ds/inputs/data/qsiprep/qsiprep/sub-20214/ses-1/dwi/sub-20214_ses-1_space-ACPC_desc-preproc_dwi.nii.gz	0.0006656312402928	0.1236529871821403	0.0433716140687465	0.1164984256029129	0.1237353533506393	0.1165181994438171	0.0432684496045112	0.109989508986473	0.1099935546517372	sub-20214	ses-1				space-ACPC			DSIStudio	autotrackgqi
Association_UncinateFasciculusR	ngperp	TORTOISE_model-MAPMRI	/scratch/executivefunction/SLURM_8364170_16/job-8364170-16-sub-20214-ses-1/ds/inputs/data/qsiprep/qsiprep/sub-20214/ses-1/dwi/sub-20214_ses-1_space-ACPC_desc-preproc_dwi.nii.gz	0.0006656312402928	0.2027221173048019	0.0719904378056526	0.1942654997110366	0.2028571516275406	0.194372147321701	0.0718239769339561	0.2260327935218811	0.2260411083698272	sub-20214	ses-1				space-ACPC			DSIStudio	autotrackgqi
Association_UncinateFasciculusR	pa	TORTOISE_model-MAPMRI	/scratch/executivefunction/SLURM_8364170_16/job-8364170-16-sub-20214-ses-1/ds/inputs/data/qsiprep/qsiprep/sub-20214/ses-1/dwi/sub-20214_ses-1_space-ACPC_desc-preproc_dwi.nii.gz	0.0006656312402928	0.5310534238815308	0.2370023727416992	0.4966605305671692	0.5314071178436279	0.4969350099563598	0.2366845309734344	0.680910587310791	0.6809356212615967	sub-20214	ses-1				space-ACPC			DSIStudio	autotrackgqi
Association_UncinateFasciculusR	path	TORTOISE_model-MAPMRI	/scratch/executivefunction/SLURM_8364170_16/job-8364170-16-sub-20214-ses-1/ds/inputs/data/qsiprep/qsiprep/sub-20214/ses-1/dwi/sub-20214_ses-1_space-ACPC_desc-preproc_dwi.nii.gz	0.0006656312402928	0.2037724256515503	0.0950747355818748	0.1757944226264953	0.203908160328865	0.175875037908554	0.0949607864022255	0.2663484215736389	0.2663581967353821	sub-20214	ses-1				space-ACPC			DSIStudio	autotrackgqi
Association_UncinateFasciculusR	rd	TORTOISE_model-MAPMRI	/scratch/executivefunction/SLURM_8364170_16/job-8364170-16-sub-20214-ses-1/ds/inputs/data/qsiprep/qsiprep/sub-20214/ses-1/dwi/sub-20214_ses-1_space-ACPC_desc-preproc_dwi.nii.gz	0.0006656312402928	786.3378052180857	300.43865471616914	721.244719987372	786.8615648574406	721.3114398582068	299.8522654016226	653.0990169621632	653.1230350012302	sub-20214	ses-1				space-ACPC			DSIStudio	autotrackgqi
Association_UncinateFasciculusR	rtap	TORTOISE_model-MAPMRI	/scratch/executivefunction/SLURM_8364170_16/job-8364170-16-sub-20214-ses-1/ds/inputs/data/qsiprep/qsiprep/sub-20214/ses-1/dwi/sub-20214_ses-1_space-ACPC_desc-preproc_dwi.nii.gz	0.0006656312402928	0.009137931279838	0.003284775884822	0.0083365682512521	0.0091440174728631	0.008337877690792	0.0032773897983133	0.0114524103701114	0.0114528313279151	sub-20214	ses-1				space-ACPC			DSIStudio	autotrackgqi
Association_UncinateFasciculusR	rtop	TORTOISE_model-MAPMRI	/scratch/executivefunction/SLURM_8364170_16/job-8364170-16-sub-20214-ses-1/ds/inputs/data/qsiprep/qsiprep/sub-20214/ses-1/dwi/sub-20214_ses-1_space-ACPC_desc-preproc_dwi.nii.gz	0.0006656312402928	0.0001770485105225	5.599649375653826e-05	0.0001704239111859	0.0001771664392435	0.0001704790338408	5.5828339100116864e-05	0.000210272235563	0.000210279948078	sub-20214	ses-1				space-ACPC			DSIStudio	autotrackgqi
Association_UncinateFasciculusR	rtpp	TORTOISE_model-MAPMRI	/scratch/executivefunction/SLURM_8364170_16/job-8364170-16-sub-20214-ses-1/ds/inputs/data/qsiprep/qsiprep/sub-20214/ses-1/dwi/sub-20214_ses-1_space-ACPC_desc-preproc_dwi.nii.gz	0.0006656312402928	0.0436995849013328	0.0049955528229475	0.044550459831953	0.0437286905944347	0.0445554852485656	0.0048681981861591	0.042908813804388	0.0429103896021842	sub-20214	ses-1				space-ACPC			DSIStudio	autotrackgqi
Association_ArcuateFasciculusL	ad	TORTOISE_model-MAPMRI	/scratch/executivefunction/SLURM_8364170_16/job-8364170-16-sub-20214-ses-1/ds/inputs/data/qsiprep/qsiprep/sub-20214/ses-1/dwi/sub-20214_ses-1_space-ACPC_desc-preproc_dwi.nii.gz	0.0145660286505356	1133.5670701152485	356.1409328057769	1064.229529514358	1150.3227035728523	1068.8337060485069	330.8123170299782	1191.0584087236282	1192.154976391937	sub-20214	ses-1				space-ACPC			DSIStudio	autotrackgqi
Association_ArcuateFasciculusL	am	TORTOISE_model-MAPMRI	/scratch/executivefunction/SLURM_8364170_16/job-8364170-16-sub-20214-ses-1/ds/inputs/data/qsiprep/qsiprep/sub-20214/ses-1/dwi/sub-20214_ses-1_space-ACPC_desc-preproc_dwi.nii.gz	0.0145660286505356	763.9467163085938	353.0157775878906	703.3907470703125	775.2388916015625	709.6839599609375	343.08612060546875	590.3577270507812	590.9013061523438	sub-20214	ses-1				space-ACPC			DSIStudio	autotrackgqi
Association_ArcuateFasciculusL	fa	TORTOISE_model-MAPMRI	/scratch/executivefunction/SLURM_8364170_16/job-8364170-16-sub-20214-ses-1/ds/inputs/data/qsiprep/qsiprep/sub-20214/ses-1/dwi/sub-20214_ses-1_space-ACPC_desc-preproc_dwi.nii.gz	0.0145660286505356	0.2761204161890206	0.1774795849251408	0.2300495051794898	0.2802018442807469	0.2339836910679937	0.1755590404140326	0.4447390127098335	0.4451484691036639	sub-20214	ses-1				space-ACPC			DSIStudio	autotrackgqi
Association_ArcuateFasciculusL	li	TORTOISE_model-MAPMRI	/scratch/executivefunction/SLURM_8364170_16/job-8364170-16-sub-20214-ses-1/ds/inputs/data/qsiprep/qsiprep/sub-20214/ses-1/dwi/sub-20214_ses-1_space-ACPC_desc-preproc_dwi.nii.gz	0.0149271698567473	0.1573050916194915	0.1311346441507339	0.1048506721854209	0.159688800573349	0.1080746576189994	0.1306760311126709	0.2938842177391052	0.294167697429657	sub-20214	ses-1				space-ACPC			DSIStudio	autotrackgqi
Association_ArcuateFasciculusL	ng	TORTOISE_model-MAPMRI	/scratch/executivefunction/SLURM_8364170_16/job-8364170-16-sub-20214-ses-1/ds/inputs/data/qsiprep/qsiprep/sub-20214/ses-1/dwi/sub-20214_ses-1_space-ACPC_desc-preproc_dwi.nii.gz	0.0145660286505356	0.2539538443088531	0.096405416727066	0.2482102662324905	0.2577075958251953	0.2502226233482361	0.0920000299811363	0.3202210366725921	0.320515900850296	sub-20214	ses-1				space-ACPC			DSIStudio	autotrackgqi
Association_ArcuateFasciculusL	ngpar	TORTOISE_model-MAPMRI	/scratch/executivefunction/SLURM_8364170_16/job-8364170-16-sub-20214-ses-1/ds/inputs/data/qsiprep/qsiprep/sub-20214/ses-1/dwi/sub-20214_ses-1_space-ACPC_desc-preproc_dwi.nii.gz	0.0145660286505356	0.1264329403638839	0.044994056224823	0.1209275498986244	0.1283017843961715	0.1215503811836242	0.0425982736051082	0.1290890276432037	0.1292078793048858	sub-20214	ses-1				space-ACPC			DSIStudio	autotrackgqi
Association_ArcuateFasciculusL	ngperp	TORTOISE_model-MAPMRI	/scratch/executivefunction/SLURM_8364170_16/job-8364170-16-sub-20214-ses-1/ds/inputs/data/qsiprep/qsiprep/sub-20214/ses-1/dwi/sub-20214_ses-1_space-ACPC_desc-preproc_dwi.nii.gz	0.0145660286505356	0.2196187376976013	0.0803861618041992	0.2133601605892181	0.2228649854660034	0.2153481096029281	0.0763804540038108	0.2795702517032623	0.2798276245594024	sub-20214	ses-1				space-ACPC			DSIStudio	autotrackgqi
Association_ArcuateFasciculusL	pa	TORTOISE_model-MAPMRI	/scratch/executivefunction/SLURM_8364170_16/job-8364170-16-sub-20214-ses-1/ds/inputs/data/qsiprep/qsiprep/sub-20214/ses-1/dwi/sub-20214_ses-1_space-ACPC_desc-preproc_dwi.nii.gz	0.0145660286505356	0.5476835370063782	0.2809793055057525	0.5157648921012878	0.555778980255127	0.5286275148391724	0.274985522031784	0.778511106967926	0.7792279124259949	sub-20214	ses-1				space-ACPC			DSIStudio	autotrackgqi
Association_ArcuateFasciculusL	path	TORTOISE_model-MAPMRI	/scratch/executivefunction/SLURM_8364170_16/job-8364170-16-sub-20214-ses-1/ds/inputs/data/qsiprep/qsiprep/sub-20214/ses-1/dwi/sub-20214_ses-1_space-ACPC_desc-preproc_dwi.nii.gz	0.0145660286505356	0.2188532054424286	0.1190925687551498	0.1814595460891723	0.2220881432294845	0.1853407025337219	0.116936907172203	0.3311410546302795	0.331445962190628	sub-20214	ses-1				space-ACPC			DSIStudio	autotrackgqi
Association_ArcuateFasciculusL	rd	TORTOISE_model-MAPMRI	/scratch/executivefunction/SLURM_8364170_16/job-8364170-16-sub-20214-ses-1/ds/inputs/data/qsiprep/qsiprep/sub-20214/ses-1/dwi/sub-20214_ses-1_space-ACPC_desc-preproc_dwi.nii.gz	0.0145660286505356	762.75973588372	343.9284482165505	684.5172076831664	774.034342290015	687.188744534479	333.6289575298881	588.0290765137843	588.5704551310156	sub-20214	ses-1				space-ACPC			DSIStudio	autotrackgqi
Association_ArcuateFasciculusL	rtap	TORTOISE_model-MAPMRI	/scratch/executivefunction/SLURM_8364170_16/job-8364170-16-sub-20214-ses-1/ds/inputs/data/qsiprep/qsiprep/sub-20214/ses-1/dwi/sub-20214_ses-1_space-ACPC_desc-preproc_dwi.nii.gz	0.0149271698567473	0.0100853191688656	0.0044481302611529	0.0090094190090894	0.0102381454780697	0.0091008376330137	0.004303605761379	0.0145616168156266	0.0145752215757966	sub-20214	ses-1				space-ACPC			DSIStudio	autotrackgqi
Association_ArcuateFasciculusL	rtop	TORTOISE_model-MAPMRI	/scratch/executivefunction/SLURM_8364170_16/job-8364170-16-sub-20214-ses-1/ds/inputs/data/qsiprep/qsiprep/sub-20214/ses-1/dwi/sub-20214_ses-1_space-ACPC_desc-preproc_dwi.nii.gz	0.0149271698567473	0.0002028536837315	8.599054854130372e-05	0.0001890910643851	0.0002059276012005	0.0001904981036204	8.290608820971102e-05	0.0002803614188451	0.000280623382423	sub-20214	ses-1				space-ACPC			DSIStudio	autotrackgqi
Association_ArcuateFasciculusL	rtpp	TORTOISE_model-MAPMRI	/scratch/executivefunction/SLURM_8364170_16/job-8364170-16-sub-20214-ses-1/ds/inputs/data/qsiprep/qsiprep/sub-20214/ses-1/dwi/sub-20214_ses-1_space-ACPC_desc-preproc_dwi.nii.gz	0.0145660286505356	0.044338472187519	0.0075286240316927	0.0459931343793869	0.0449938550591468	0.0460842475295066	0.0052943215705454	0.0440654307603836	0.0441060066223144	sub-20214	ses-1				space-ACPC			DSIStudio	autotrackgqi
Association_ArcuateFasciculusR	ad	TORTOISE_model-MAPMRI	/scratch/executivefunction/SLURM_8364170_16/job-8364170-16-sub-20214-ses-1/ds/inputs/data/qsiprep/qsiprep/sub-20214/ses-1/dwi/sub-20214_ses-1_space-ACPC_desc-preproc_dwi.nii.gz	0.0046873072653262	1132.5373271727804	295.0467039666145	1069.5237538117374	1137.8708776043784	1070.5375224346762	285.29568787913945	1157.1507875096718	1157.5732555403	sub-20214	ses-1				space-ACPC			DSIStudio	autotrackgqi
Association_ArcuateFasciculusR	am	TORTOISE_model-MAPMRI	/scratch/executivefunction/SLURM_8364170_16/job-8364170-16-sub-20214-ses-1/ds/inputs/data/qsiprep/qsiprep/sub-20214/ses-1/dwi/sub-20214_ses-1_space-ACPC_desc-preproc_dwi.nii.gz	0.0046873072653262	764.9028930664062	276.0552673339844	713.5182495117188	768.505126953125	715.147216796875	271.6561889648437	578.724365234375	578.9356689453125	sub-20214	ses-1				space-ACPC			DSIStudio	autotrackgqi
Association_ArcuateFasciculusR	fa	TORTOISE_model-MAPMRI	/scratch/executivefunction/SLURM_8364170_16/job-8364170-16-sub-20214-ses-1/ds/inputs/data/qsiprep/qsiprep/sub-20214/ses-1/dwi/sub-20214_ses-1_space-ACPC_desc-preproc_dwi.nii.gz	0.0046873072653262	0.2911935639123246	0.1733485119749701	0.2565643271898559	0.2925649055195458	0.2585637309403062	0.1725978438772194	0.4438947144456081	0.4440567774698022	sub-20214	ses-1				space-ACPC			DSIStudio	autotrackgqi
Association_ArcuateFasciculusR	li	TORTOISE_model-MAPMRI	/scratch/executivefunction/SLURM_8364170_16/job-8364170-16-sub-20214-ses-1/ds/inputs/data/qsiprep/qsiprep/sub-20214/ses-1/dwi/sub-20214_ses-1_space-ACPC_desc-preproc_dwi.nii.gz	0.0046873072653262	0.1675124764442443	0.131388634443283	0.1235637813806533	0.1683013588190078	0.124573715031147	0.1311926245689392	0.2909084260463714	0.2910146415233612	sub-20214	ses-1				space-ACPC			DSIStudio	autotrackgqi
Association_ArcuateFasciculusR	ng	TORTOISE_model-MAPMRI	/scratch/executivefunction/SLURM_8364170_16/job-8364170-16-sub-20214-ses-1/ds/inputs/data/qsiprep/qsiprep/sub-20214/ses-1/dwi/sub-20214_ses-1_space-ACPC_desc-preproc_dwi.nii.gz	0.0046873072653262	0.2570485770702362	0.0901243314146995	0.2538588941097259	0.258259117603302	0.254598468542099	0.0885890126228332	0.326016366481781	0.3261354267597198	sub-20214	ses-1				space-ACPC			DSIStudio	autotrackgqi
Association_ArcuateFasciculusR	ngpar	TORTOISE_model-MAPMRI	/scratch/executivefunction/SLURM_8364170_16/job-8364170-16-sub-20214-ses-1/ds/inputs/data/qsiprep/qsiprep/sub-20214/ses-1/dwi/sub-20214_ses-1_space-ACPC_desc-preproc_dwi.nii.gz	0.0046873072653262	0.1240486800670623	0.0378272272646427	0.1190008223056793	0.1246328726410865	0.1192981302738189	0.0369435809552669	0.1328005045652389	0.1328490078449249	sub-20214	ses-1				space-ACPC			DSIStudio	autotrackgqi
Association_ArcuateFasciculusR	ngperp	TORTOISE_model-MAPMRI	/scratch/executivefunction/SLURM_8364170_16/job-8364170-16-sub-20214-ses-1/ds/inputs/data/qsiprep/qsiprep/sub-20214/ses-1/dwi/sub-20214_ses-1_space-ACPC_desc-preproc_dwi.nii.gz	0.0046873072653262	0.223217099905014	0.0757200643420219	0.2202434688806533	0.224268302321434	0.2207356542348861	0.0743288248777389	0.2799224257469177	0.2800246477127075	sub-20214	ses-1				space-ACPC			DSIStudio	autotrackgqi
Association_ArcuateFasciculusR	pa	TORTOISE_model-MAPMRI	/scratch/executivefunction/SLURM_8364170_16/job-8364170-16-sub-20214-ses-1/ds/inputs/data/qsiprep/qsiprep/sub-20214/ses-1/dwi/sub-20214_ses-1_space-ACPC_desc-preproc_dwi.nii.gz	0.0046873072653262	0.5698392987251282	0.2712181508541107	0.5556582808494568	0.5725228786468506	0.5583122968673706	0.269015371799469	0.796197235584259	0.7964878678321838	sub-20214	ses-1				space-ACPC			DSIStudio	autotrackgqi
Association_ArcuateFasciculusR	path	TORTOISE_model-MAPMRI	/scratch/executivefunction/SLURM_8364170_16/job-8364170-16-sub-20214-ses-1/ds/inputs/data/qsiprep/qsiprep/sub-20214/ses-1/dwi/sub-20214_ses-1_space-ACPC_desc-preproc_dwi.nii.gz	0.0046873072653262	0.2265552282333374	0.1155943274497985	0.1936983615159988	0.2276221662759781	0.1945351511240005	0.1148134022951126	0.3325453400611877	0.3326667547225952	sub-20214	ses-1				space-ACPC			DSIStudio	autotrackgqi
Association_ArcuateFasciculusR	rd	TORTOISE_model-MAPMRI	/scratch/executivefunction/SLURM_8364170_16/job-8364170-16-sub-20214-ses-1/ds/inputs/data/qsiprep/qsiprep/sub-20214/ses-1/dwi/sub-20214_ses-1_space-ACPC_desc-preproc_dwi.nii.gz	0.0046873072653262	742.2913417117053	302.92247522887186	674.9932131721694	745.7870748862059	675.7176828514931	299.3110351713206	577.7870398485989	577.9979860319964	sub-20214	ses-1				space-ACPC			DSIStudio	autotrackgqi
Association_ArcuateFasciculusR	rtap	TORTOISE_model-MAPMRI	/scratch/executivefunction/SLURM_8364170_16/job-8364170-16-sub-20214-ses-1/ds/inputs/data/qsiprep/qsiprep/sub-20214/ses-1/dwi/sub-20214_ses-1_space-ACPC_desc-preproc_dwi.nii.gz	0.0046873072653262	0.0105337873101234	0.0043823355808854	0.0094552943482995	0.0105833951383829	0.0094833327457308	0.0043324693106114	0.0147148137912154	0.0147201865911483	sub-20214	ses-1				space-ACPC			DSIStudio	autotrackgqi
Association_ArcuateFasciculusR	rtop	TORTOISE_model-MAPMRI	/scratch/executivefunction/SLURM_8364170_16/job-8364170-16-sub-20214-ses-1/ds/inputs/data/qsiprep/qsiprep/sub-20214/ses-1/dwi/sub-20214_ses-1_space-ACPC_desc-preproc_dwi.nii.gz	0.0046873072653262	0.0002104353770846	8.288708340842277e-05	0.0001952233142219	0.0002114264061674	0.0001954700128408	8.181134035112336e-05	0.0002885607245843	0.0002886660804506	sub-20214	ses-1				space-ACPC			DSIStudio	autotrackgqi
Association_ArcuateFasciculusR	rtpp	TORTOISE_model-MAPMRI	/scratch/executivefunction/SLURM_8364170_16/job-8364170-16-sub-20214-ses-1/ds/inputs/data/qsiprep/qsiprep/sub-20214/ses-1/dwi/sub-20214_ses-1_space-ACPC_desc-preproc_dwi.nii.gz	0.0046873072653262	0.0448982194066047	0.0057136523537337	0.0458873212337493	0.0451096631586551	0.0459110140800476	0.0048230122774839	0.0450844541192054	0.045100912451744	sub-20214	ses-1				space-ACPC			DSIStudio	autotrackgqi
Association_HippocampusAlveusR	ad	TORTOISE_model-MAPMRI	/scratch/executivefunction/SLURM_8364170_16/job-8364170-16-sub-20214-ses-1/ds/inputs/data/qsiprep/qsiprep/sub-20214/ses-1/dwi/sub-20214_ses-1_space-ACPC_desc-preproc_dwi.nii.gz	0.0	1355.7614669127	537.8833437575543	1165.579109677799	1355.7614669127	1165.579109677799	537.8833437575543	1443.9405420803485	1443.9405420803485	sub-20214	ses-1				space-ACPC			DSIStudio	autotrackgqi
Association_HippocampusAlveusR	am	TORTOISE_model-MAPMRI	/scratch/executivefunction/SLURM_8364170_16/job-8364170-16-sub-20214-ses-1/ds/inputs/data/qsiprep/qsiprep/sub-20214/ses-1/dwi/sub-20214_ses-1_space-ACPC_desc-preproc_dwi.nii.gz	0.0	768.446533203125	210.11380004882807	753.7314453125	768.446533203125	753.7314453125	210.11380004882807	772.740478515625	772.740478515625	sub-20214	ses-1				space-ACPC			DSIStudio	autotrackgqi
Association_HippocampusAlveusR	fa	TORTOISE_model-MAPMRI	/scratch/executivefunction/SLURM_8364170_16/job-8364170-16-sub-20214-ses-1/ds/inputs/data/qsiprep/qsiprep/sub-20214/ses-1/dwi/sub-20214_ses-1_space-ACPC_desc-preproc_dwi.nii.gz	0.0	0.260306884057809	0.1443920917976905	0.2226283029066024	0.260306884057809	0.2226283029066024	0.1443920917976905	0.288765471950319	0.288765471950319	sub-20214	ses-1				space-ACPC			DSIStudio	autotrackgqi
Association_HippocampusAlveusR	li	TORTOISE_model-MAPMRI	/scratch/executivefunction/SLURM_8364170_16/job-8364170-16-sub-20214-ses-1/ds/inputs/data/qsiprep/qsiprep/sub-20214/ses-1/dwi/sub-20214_ses-1_space-ACPC_desc-preproc_dwi.nii.gz	0.0013986013986013	0.1476072072982788	0.1019178628921508	0.1173802241683006	0.1478139460086822	0.117433950304985	0.1018392816185951	0.1730191707611084	0.1730511486530304	sub-20214	ses-1				space-ACPC			DSIStudio	autotrackgqi
Association_HippocampusAlveusR	ng	TORTOISE_model-MAPMRI	/scratch/executivefunction/SLURM_8364170_16/job-8364170-16-sub-20214-ses-1/ds/inputs/data/qsiprep/qsiprep/sub-20214/ses-1/dwi/sub-20214_ses-1_space-ACPC_desc-preproc_dwi.nii.gz	0.0	0.2391863316297531	0.0890210568904876	0.2297794371843338	0.2391863316297531	0.2297794371843338	0.0890210568904876	0.2625103592872619	0.2625103592872619	sub-20214	ses-1				space-ACPC			DSIStudio	autotrackgqi
Association_HippocampusAlveusR	ngpar	TORTOISE_model-MAPMRI	/scratch/executivefunction/SLURM_8364170_16/job-8364170-16-sub-20214-ses-1/ds/inputs/data/qsiprep/qsiprep/sub-20214/ses-1/dwi/sub-20214_ses-1_space-ACPC_desc-preproc_dwi.nii.gz	0.0	0.1243395954370498	0.0399717725813388	0.1179441586136818	0.1243395954370498	0.1179441586136818	0.0399717725813388	0.1279912590980529	0.1279912590980529	sub-20214	ses-1				space-ACPC			DSIStudio	autotrackgqi
Association_HippocampusAlveusR	ngperp	TORTOISE_model-MAPMRI	/scratch/executivefunction/SLURM_8364170_16/job-8364170-16-sub-20214-ses-1/ds/inputs/data/qsiprep/qsiprep/sub-20214/ses-1/dwi/sub-20214_ses-1_space-ACPC_desc-preproc_dwi.nii.gz	0.0	0.2084178775548935	0.0777682512998581	0.2012345343828201	0.2084178775548935	0.2012345343828201	0.0777682512998581	0.2309734970331192	0.2309734970331192	sub-20214	ses-1				space-ACPC			DSIStudio	autotrackgqi
Association_HippocampusAlveusR	pa	TORTOISE_model-MAPMRI	/scratch/executivefunction/SLURM_8364170_16/job-8364170-16-sub-20214-ses-1/ds/inputs/data/qsiprep/qsiprep/sub-20214/ses-1/dwi/sub-20214_ses-1_space-ACPC_desc-preproc_dwi.nii.gz	0.0	0.5201738476753235	0.2296260744333267	0.4998711049556732	0.5201738476753235	0.4998711049556732	0.2296260744333267	0.5822322964668274	0.5822322964668274	sub-20214	ses-1				space-ACPC			DSIStudio	autotrackgqi
Association_HippocampusAlveusR	path	TORTOISE_model-MAPMRI	/scratch/executivefunction/SLURM_8364170_16/job-8364170-16-sub-20214-ses-1/ds/inputs/data/qsiprep/qsiprep/sub-20214/ses-1/dwi/sub-20214_ses-1_space-ACPC_desc-preproc_dwi.nii.gz	0.0	0.1984648555517196	0.093120202422142	0.1767387241125106	0.1984648555517196	0.1767387241125106	0.093120202422142	0.2190652787685394	0.2190652787685394	sub-20214	ses-1				space-ACPC			DSIStudio	autotrackgqi
Association_HippocampusAlveusR	rd	TORTOISE_model-MAPMRI	/scratch/executivefunction/SLURM_8364170_16/job-8364170-16-sub-20214-ses-1/ds/inputs/data/qsiprep/qsiprep/sub-20214/ses-1/dwi/sub-20214_ses-1_space-ACPC_desc-preproc_dwi.nii.gz	0.0	913.2285616967678	432.82510185953214	775.2343531453273	913.2285616967678	775.2343531453273	432.82510185953214	914.9728867946978	914.9728867946978	sub-20214	ses-1				space-ACPC			DSIStudio	autotrackgqi
Association_HippocampusAlveusR	rtap	TORTOISE_model-MAPMRI	/scratch/executivefunction/SLURM_8364170_16/job-8364170-16-sub-20214-ses-1/ds/inputs/data/qsiprep/qsiprep/sub-20214/ses-1/dwi/sub-20214_ses-1_space-ACPC_desc-preproc_dwi.nii.gz	0.0018648018648018	0.0080089438706636	0.0030680769123136	0.0077668069861829	0.0080239064991474	0.0077690775506198	0.0030513310339301	0.00809221342206	0.0080932416021823	sub-20214	ses-1				space-ACPC			DSIStudio	autotrackgqi
Association_HippocampusAlveusR	rtop	TORTOISE_model-MAPMRI	/scratch/executivefunction/SLURM_8364170_16/job-8364170-16-sub-20214-ses-1/ds/inputs/data/qsiprep/qsiprep/sub-20214/ses-1/dwi/sub-20214_ses-1_space-ACPC_desc-preproc_dwi.nii.gz	0.0018648018648018	0.0001515604089945	5.820271326228976e-05	0.0001563301630085	0.0001518435747129	0.0001563575497129	5.788686758023687e-05	0.0001473105658078	0.0001473292795708	sub-20214	ses-1				space-ACPC			DSIStudio	autotrackgqi
Association_HippocampusAlveusR	rtpp	TORTOISE_model-MAPMRI	/scratch/executivefunction/SLURM_8364170_16/job-8364170-16-sub-20214-ses-1/ds/inputs/data/qsiprep/qsiprep/sub-20214/ses-1/dwi/sub-20214_ses-1_space-ACPC_desc-preproc_dwi.nii.gz	0.0	0.0416397005319595	0.0075747086666524	0.0435316748917102	0.0416397005319595	0.0435316748917102	0.0075747086666524	0.0398614518344402	0.0398614518344402	sub-20214	ses-1				space-ACPC			DSIStudio	autotrackgqi
Association_UncinateFasciculusL	ad	TORTOISE_model-MAPMRI	/scratch/executivefunction/SLURM_8364170_16/job-8364170-16-sub-20214-ses-1/ds/inputs/data/qsiprep/qsiprep/sub-20214/ses-1/dwi/sub-20214_ses-1_space-ACPC_desc-preproc_dwi.nii.gz	0.00458807101536	1214.7810933032072	414.99500821201065	1115.0440896374462	1220.3802847152258	1117.2602452000774	407.65367357584	1227.817020073201	1228.4745575019924	sub-20214	ses-1				space-ACPC			DSIStudio	autotrackgqi
Association_UncinateFasciculusL	am	TORTOISE_model-MAPMRI	/scratch/executivefunction/SLURM_8364170_16/job-8364170-16-sub-20214-ses-1/ds/inputs/data/qsiprep/qsiprep/sub-20214/ses-1/dwi/sub-20214_ses-1_space-ACPC_desc-preproc_dwi.nii.gz	0.00458807101536	725.1288452148438	255.38536071777344	683.3753051757812	728.4710693359375	684.74609375	251.17233276367188	653.387451171875	653.7373657226562	sub-20214	ses-1				space-ACPC			DSIStudio	autotrackgqi
Association_UncinateFasciculusL	fa	TORTOISE_model-MAPMRI	/scratch/executivefunction/SLURM_8364170_16/job-8364170-16-sub-20214-ses-1/ds/inputs/data/qsiprep/qsiprep/sub-20214/ses-1/dwi/sub-20214_ses-1_space-ACPC_desc-preproc_dwi.nii.gz	0.00458807101536	0.2699250413281245	0.1544354143374552	0.2359993499823456	0.271169184805188	0.2366004799199227	0.1536972838364813	0.3833544884584621	0.3835597877102437	sub-20214	ses-1				space-ACPC			DSIStudio	autotrackgqi
Association_UncinateFasciculusL	li	TORTOISE_model-MAPMRI	/scratch/executivefunction/SLURM_8364170_16/job-8364170-16-sub-20214-ses-1/ds/inputs/data/qsiprep/qsiprep/sub-20214/ses-1/dwi/sub-20214_ses-1_space-ACPC_desc-preproc_dwi.nii.gz	0.0047875523638539	0.1456878334283828	0.1094160228967666	0.1101893410086631	0.1463886797428131	0.1108098104596138	0.1092101633548736	0.2288893312215805	0.2290126979351043	sub-20214	ses-1				space-ACPC			DSIStudio	autotrackgqi
Association_UncinateFasciculusL	ng	TORTOISE_model-MAPMRI	/scratch/executivefunction/SLURM_8364170_16/job-8364170-16-sub-20214-ses-1/ds/inputs/data/qsiprep/qsiprep/sub-20214/ses-1/dwi/sub-20214_ses-1_space-ACPC_desc-preproc_dwi.nii.gz	0.00458807101536	0.2366089820861816	0.0912640988826751	0.2259120196104049	0.2376995682716369	0.2267167270183563	0.09004607796669	0.2495846450328827	0.2497183084487915	sub-20214	ses-1				space-ACPC			DSIStudio	autotrackgqi
Association_UncinateFasciculusL	ngpar	TORTOISE_model-MAPMRI	/scratch/executivefunction/SLURM_8364170_16/job-8364170-16-sub-20214-ses-1/ds/inputs/data/qsiprep/qsiprep/sub-20214/ses-1/dwi/sub-20214_ses-1_space-ACPC_desc-preproc_dwi.nii.gz	0.00458807101536	0.1237450614571571	0.0470727160573005	0.1161312162876129	0.1243154257535934	0.1164544522762298	0.0464235767722129	0.1114289462566375	0.1114886179566383	sub-20214	ses-1				space-ACPC			DSIStudio	autotrackgqi
Association_UncinateFasciculusL	ngperp	TORTOISE_model-MAPMRI	/scratch/executivefunction/SLURM_8364170_16/job-8364170-16-sub-20214-ses-1/ds/inputs/data/qsiprep/qsiprep/sub-20214/ses-1/dwi/sub-20214_ses-1_space-ACPC_desc-preproc_dwi.nii.gz	0.00458807101536	0.2034982293844223	0.0737107694149017	0.1968803256750106	0.2044361978769302	0.1974073946475982	0.0725711062550544	0.2206381261348724	0.2207562774419784	sub-20214	ses-1				space-ACPC			DSIStudio	autotrackgqi
Association_UncinateFasciculusL	pa	TORTOISE_model-MAPMRI	/scratch/executivefunction/SLURM_8364170_16/job-8364170-16-sub-20214-ses-1/ds/inputs/data/qsiprep/qsiprep/sub-20214/ses-1/dwi/sub-20214_ses-1_space-ACPC_desc-preproc_dwi.nii.gz	0.00458807101536	0.5298040509223938	0.2394574284553527	0.4986285865306854	0.5322460532188416	0.5001897215843201	0.2372855246067047	0.6749718189239502	0.6753332614898682	sub-20214	ses-1				space-ACPC			DSIStudio	autotrackgqi
Association_UncinateFasciculusL	path	TORTOISE_model-MAPMRI	/scratch/executivefunction/SLURM_8364170_16/job-8364170-16-sub-20214-ses-1/ds/inputs/data/qsiprep/qsiprep/sub-20214/ses-1/dwi/sub-20214_ses-1_space-ACPC_desc-preproc_dwi.nii.gz	0.00458807101536	0.2030780911445617	0.0955412089824676	0.1763729155063629	0.2040141224861145	0.1768325865268707	0.0947588086128234	0.2605586647987366	0.2606981992721557	sub-20214	ses-1				space-ACPC			DSIStudio	autotrackgqi
Association_UncinateFasciculusL	rd	TORTOISE_model-MAPMRI	/scratch/executivefunction/SLURM_8364170_16/job-8364170-16-sub-20214-ses-1/ds/inputs/data/qsiprep/qsiprep/sub-20214/ses-1/dwi/sub-20214_ses-1_space-ACPC_desc-preproc_dwi.nii.gz	0.00458807101536	821.6338685249434	389.8938339197656	722.5820940004503	825.4209585001084	723.1060669874264	386.7711710822777	662.7781203194133	663.1330604191137	sub-20214	ses-1				space-ACPC			DSIStudio	autotrackgqi
Association_UncinateFasciculusL	rtap	TORTOISE_model-MAPMRI	/scratch/executivefunction/SLURM_8364170_16/job-8364170-16-sub-20214-ses-1/ds/inputs/data/qsiprep/qsiprep/sub-20214/ses-1/dwi/sub-20214_ses-1_space-ACPC_desc-preproc_dwi.nii.gz	0.0047875523638539	0.0089677954092621	0.0034561168868094	0.0083242682740092	0.0090109361335635	0.0083394525572657	0.003407854354009	0.0110975485295057	0.0111036635935306	sub-20214	ses-1				space-ACPC			DSIStudio	autotrackgqi
Association_UncinateFasciculusL	rtop	TORTOISE_model-MAPMRI	/scratch/executivefunction/SLURM_8364170_16/job-8364170-16-sub-20214-ses-1/ds/inputs/data/qsiprep/qsiprep/sub-20214/ses-1/dwi/sub-20214_ses-1_space-ACPC_desc-preproc_dwi.nii.gz	0.0047875523638539	0.0001744752808008	6.238453352125362e-05	0.0001701682340353	0.0001753146061673	0.0001703716116026	6.134660361567512e-05	0.0002056228258879	0.0002057361707556	sub-20214	ses-1				space-ACPC			DSIStudio	autotrackgqi
Association_UncinateFasciculusL	rtpp	TORTOISE_model-MAPMRI	/scratch/executivefunction/SLURM_8364170_16/job-8364170-16-sub-20214-ses-1/ds/inputs/data/qsiprep/qsiprep/sub-20214/ses-1/dwi/sub-20214_ses-1_space-ACPC_desc-preproc_dwi.nii.gz	0.00458807101536	0.043350875377655	0.006277774926275	0.0446125268936157	0.0435506887733936	0.0446378737688064	0.0055578844621777	0.0428574569523334	0.0428804084658622	sub-20214	ses-1				space-ACPC			DSIStudio	autotrackgqi
Association_InferiorFrontoOccipitalFasciculusR	ad	TORTOISE_model-MAPMRI	/scratch/executivefunction/SLURM_8364170_16/job-8364170-16-sub-20214-ses-1/ds/inputs/data/qsiprep/qsiprep/sub-20214/ses-1/dwi/sub-20214_ses-1_space-ACPC_desc-preproc_dwi.nii.gz	0.0009594298245614	1190.9076273927087	338.04151276225423	1110.585220042692	1192.051316978626	1111.1513858446574	336.1821961217305	1293.9668636719396	1293.9858384552667	sub-20214	ses-1				space-ACPC			DSIStudio	autotrackgqi
Association_InferiorFrontoOccipitalFasciculusR	am	TORTOISE_model-MAPMRI	/scratch/executivefunction/SLURM_8364170_16/job-8364170-16-sub-20214-ses-1/ds/inputs/data/qsiprep/qsiprep/sub-20214/ses-1/dwi/sub-20214_ses-1_space-ACPC_desc-preproc_dwi.nii.gz	0.0009594298245614	729.3568115234375	259.7157287597656	662.3906860351562	730.0572509765625	662.4871826171875	258.85455322265625	594.2591552734375	594.267822265625	sub-20214	ses-1				space-ACPC			DSIStudio	autotrackgqi
Association_InferiorFrontoOccipitalFasciculusR	fa	TORTOISE_model-MAPMRI	/scratch/executivefunction/SLURM_8364170_16/job-8364170-16-sub-20214-ses-1/ds/inputs/data/qsiprep/qsiprep/sub-20214/ses-1/dwi/sub-20214_ses-1_space-ACPC_desc-preproc_dwi.nii.gz	0.0009594298245614	0.3250981273862376	0.1941513208929254	0.2890278087665906	0.3254103357675936	0.2895000786393882	0.1939828336610594	0.4916622526759316	0.4916694623800279	sub-20214	ses-1				space-ACPC			DSIStudio	autotrackgqi
Association_InferiorFrontoOccipitalFasciculusR	li	TORTOISE_model-MAPMRI	/scratch/executivefunction/SLURM_8364170_16/job-8364170-16-sub-20214-ses-1/ds/inputs/data/qsiprep/qsiprep/sub-20214/ses-1/dwi/sub-20214_ses-1_space-ACPC_desc-preproc_dwi.nii.gz	0.0009594298245614	0.1909281462430954	0.1473346948623657	0.1432153284549713	0.1911115050315857	0.1434695273637771	0.147286519408226	0.3235299289226532	0.3235346674919128	sub-20214	ses-1				space-ACPC			DSIStudio	autotrackgqi
Association_InferiorFrontoOccipitalFasciculusR	ng	TORTOISE_model-MAPMRI	/scratch/executivefunction/SLURM_8364170_16/job-8364170-16-sub-20214-ses-1/ds/inputs/data/qsiprep/qsiprep/sub-20214/ses-1/dwi/sub-20214_ses-1_space-ACPC_desc-preproc_dwi.nii.gz	0.0009594298245614	0.271940529346466	0.0788064002990722	0.2708826661109924	0.2722016870975494	0.2709394693374634	0.0783921182155609	0.314976692199707	0.3149813115596771	sub-20214	ses-1				space-ACPC			DSIStudio	autotrackgqi
Association_InferiorFrontoOccipitalFasciculusR	ngpar	TORTOISE_model-MAPMRI	/scratch/executivefunction/SLURM_8364170_16/job-8364170-16-sub-20214-ses-1/ds/inputs/data/qsiprep/qsiprep/sub-20214/ses-1/dwi/sub-20214_ses-1_space-ACPC_desc-preproc_dwi.nii.gz	0.0009594298245614	0.1327805817127227	0.0401304885745048	0.1294589638710022	0.1329081058502197	0.1294958442449569	0.039938136935234	0.113865926861763	0.1138675957918167	sub-20214	ses-1				space-ACPC			DSIStudio	autotrackgqi
Association_InferiorFrontoOccipitalFasciculusR	ngperp	TORTOISE_model-MAPMRI	/scratch/executivefunction/SLURM_8364170_16/job-8364170-16-sub-20214-ses-1/ds/inputs/data/qsiprep/qsiprep/sub-20214/ses-1/dwi/sub-20214_ses-1_space-ACPC_desc-preproc_dwi.nii.gz	0.0009594298245614	0.2322696596384048	0.0717358142137527	0.2282252609729766	0.2324927151203155	0.2283554524183273	0.0714080482721328	0.2750681340694427	0.2750721573829651	sub-20214	ses-1				space-ACPC			DSIStudio	autotrackgqi
Association_InferiorFrontoOccipitalFasciculusR	pa	TORTOISE_model-MAPMRI	/scratch/executivefunction/SLURM_8364170_16/job-8364170-16-sub-20214-ses-1/ds/inputs/data/qsiprep/qsiprep/sub-20214/ses-1/dwi/sub-20214_ses-1_space-ACPC_desc-preproc_dwi.nii.gz	0.0009594298245614	0.6042471528053284	0.264176607131958	0.606766402721405	0.6048274636268616	0.6077167391777039	0.2636386156082153	0.8058295249938965	0.805841326713562	sub-20214	ses-1				space-ACPC			DSIStudio	autotrackgqi
Association_InferiorFrontoOccipitalFasciculusR	path	TORTOISE_model-MAPMRI	/scratch/executivefunction/SLURM_8364170_16/job-8364170-16-sub-20214-ses-1/ds/inputs/data/qsiprep/qsiprep/sub-20214/ses-1/dwi/sub-20214_ses-1_space-ACPC_desc-preproc_dwi.nii.gz	0.0009594298245614	0.2443956881761551	0.1233834698796272	0.2104158401489257	0.2446303963661193	0.2107400894165039	0.123209923505783	0.3488814234733581	0.3488865494728088	sub-20214	ses-1				space-ACPC			DSIStudio	autotrackgqi
Association_InferiorFrontoOccipitalFasciculusR	rd	TORTOISE_model-MAPMRI	/scratch/executivefunction/SLURM_8364170_16/job-8364170-16-sub-20214-ses-1/ds/inputs/data/qsiprep/qsiprep/sub-20214/ses-1/dwi/sub-20214_ses-1_space-ACPC_desc-preproc_dwi.nii.gz	0.0009594298245614	720.7051180368691	295.53096048537805	655.2333169646416	721.3972480720258	655.3996318844581	294.82727754387986	555.8594310487305	555.8675822442822	sub-20214	ses-1				space-ACPC			DSIStudio	autotrackgqi
Association_InferiorFrontoOccipitalFasciculusR	rtap	TORTOISE_model-MAPMRI	/scratch/executivefunction/SLURM_8364170_16/job-8364170-16-sub-20214-ses-1/ds/inputs/data/qsiprep/qsiprep/sub-20214/ses-1/dwi/sub-20214_ses-1_space-ACPC_desc-preproc_dwi.nii.gz	0.0009594298245614	0.0111548192799091	0.0049466211348772	0.0100279320031404	0.0111655313521623	0.0100343516096472	0.0049368967302143	0.015432933345437	0.0154331605881452	sub-20214	ses-1				space-ACPC			DSIStudio	autotrackgqi
Association_InferiorFrontoOccipitalFasciculusR	rtop	TORTOISE_model-MAPMRI	/scratch/executivefunction/SLURM_8364170_16/job-8364170-16-sub-20214-ses-1/ds/inputs/data/qsiprep/qsiprep/sub-20214/ses-1/dwi/sub-20214_ses-1_space-ACPC_desc-preproc_dwi.nii.gz	0.0009594298245614	0.0002173529501305	8.042302215471864e-05	0.0002137805859092	0.0002175616828026	0.0002138629934052	8.017893560463563e-05	0.0002751441788859	0.0002751481952145	sub-20214	ses-1				space-ACPC			DSIStudio	autotrackgqi
Association_InferiorFrontoOccipitalFasciculusR	rtpp	TORTOISE_model-MAPMRI	/scratch/executivefunction/SLURM_8364170_16/job-8364170-16-sub-20214-ses-1/ds/inputs/data/qsiprep/qsiprep/sub-20214/ses-1/dwi/sub-20214_ses-1_space-ACPC_desc-preproc_dwi.nii.gz	0.0009594298245614	0.0443367958068847	0.0057748993858695	0.0452405251562595	0.0443793758749961	0.0452469922602176	0.0056117614731192	0.0423764921724796	0.0423771142959594	sub-20214	ses-1				space-ACPC			DSIStudio	autotrackgqi
Association_MiddleLongitudinalFasciculusL	ad	TORTOISE_model-MAPMRI	/scratch/executivefunction/SLURM_8364170_16/job-8364170-16-sub-20214-ses-1/ds/inputs/data/qsiprep/qsiprep/sub-20214/ses-1/dwi/sub-20214_ses-1_space-ACPC_desc-preproc_dwi.nii.gz	0.0025017057084375	1120.2227075199708	297.7883754540753	1051.7185001917055	1123.032203594462	1052.0168961588463	292.82275257150536	1133.9541676423278	1134.1429095092024	sub-20214	ses-1				space-ACPC			DSIStudio	autotrackgqi
Association_MiddleLongitudinalFasciculusL	am	TORTOISE_model-MAPMRI	/scratch/executivefunction/SLURM_8364170_16/job-8364170-16-sub-20214-ses-1/ds/inputs/data/qsiprep/qsiprep/sub-20214/ses-1/dwi/sub-20214_ses-1_space-ACPC_desc-preproc_dwi.nii.gz	0.0025017057084375	765.759521484375	289.84765625	695.83935546875	767.6799926757812	697.3326416015625	287.6595764160156	615.7504272460938	615.8529052734375	sub-20214	ses-1				space-ACPC			DSIStudio	autotrackgqi
Association_MiddleLongitudinalFasciculusL	fa	TORTOISE_model-MAPMRI	/scratch/executivefunction/SLURM_8364170_16/job-8364170-16-sub-20214-ses-1/ds/inputs/data/qsiprep/qsiprep/sub-20214/ses-1/dwi/sub-20214_ses-1_space-ACPC_desc-preproc_dwi.nii.gz	0.0025017057084375	0.2778123587033698	0.1721847064279403	0.2432974661021999	0.2785091065250152	0.2444048312911382	0.1718367773003099	0.3706226465511971	0.3706843351017673	sub-20214	ses-1				space-ACPC			DSIStudio	autotrackgqi
Association_MiddleLongitudinalFasciculusL	li	TORTOISE_model-MAPMRI	/scratch/executivefunction/SLURM_8364170_16/job-8364170-16-sub-20214-ses-1/ds/inputs/data/qsiprep/qsiprep/sub-20214/ses-1/dwi/sub-20214_ses-1_space-ACPC_desc-preproc_dwi.nii.gz	0.0025017057084375	0.1564578264951706	0.1222693398594856	0.1175329685211181	0.1568502187728881	0.11804910749197	0.1221709474921226	0.2220385372638702	0.2220754921436309	sub-20214	ses-1				space-ACPC			DSIStudio	autotrackgqi
Association_MiddleLongitudinalFasciculusL	ng	TORTOISE_model-MAPMRI	/scratch/executivefunction/SLURM_8364170_16/job-8364170-16-sub-20214-ses-1/ds/inputs/data/qsiprep/qsiprep/sub-20214/ses-1/dwi/sub-20214_ses-1_space-ACPC_desc-preproc_dwi.nii.gz	0.0025017057084375	0.2526403367519378	0.0877563580870628	0.2509714066982269	0.2532739341259002	0.2512137293815613	0.086948350071907	0.3059954643249511	0.3060464262962341	sub-20214	ses-1				space-ACPC			DSIStudio	autotrackgqi
Association_MiddleLongitudinalFasciculusL	ngpar	TORTOISE_model-MAPMRI	/scratch/executivefunction/SLURM_8364170_16/job-8364170-16-sub-20214-ses-1/ds/inputs/data/qsiprep/qsiprep/sub-20214/ses-1/dwi/sub-20214_ses-1_space-ACPC_desc-preproc_dwi.nii.gz	0.0025017057084375	0.1237768828868866	0.0354841649532318	0.1197913065552711	0.1240873113274574	0.1198769211769104	0.034982331097126	0.1365895867347717	0.1366123259067535	sub-20214	ses-1				space-ACPC			DSIStudio	autotrackgqi
Association_MiddleLongitudinalFasciculusL	ngperp	TORTOISE_model-MAPMRI	/scratch/executivefunction/SLURM_8364170_16/job-8364170-16-sub-20214-ses-1/ds/inputs/data/qsiprep/qsiprep/sub-20214/ses-1/dwi/sub-20214_ses-1_space-ACPC_desc-preproc_dwi.nii.gz	0.0025017057084375	0.2211842834949493	0.0749505087733268	0.2177889496088028	0.2217390090227127	0.2184108197689056	0.0742203667759895	0.2663908302783966	0.2664351463317871	sub-20214	ses-1				space-ACPC			DSIStudio	autotrackgqi
Association_MiddleLongitudinalFasciculusL	pa	TORTOISE_model-MAPMRI	/scratch/executivefunction/SLURM_8364170_16/job-8364170-16-sub-20214-ses-1/ds/inputs/data/qsiprep/qsiprep/sub-20214/ses-1/dwi/sub-20214_ses-1_space-ACPC_desc-preproc_dwi.nii.gz	0.0025017057084375	0.5519756078720093	0.2748227715492248	0.5524628162384033	0.5533599257469177	0.5543986558914185	0.2737717032432556	0.713298499584198	0.7134172916412354	sub-20214	ses-1				space-ACPC			DSIStudio	autotrackgqi
Association_MiddleLongitudinalFasciculusL	path	TORTOISE_model-MAPMRI	/scratch/executivefunction/SLURM_8364170_16/job-8364170-16-sub-20214-ses-1/ds/inputs/data/qsiprep/qsiprep/sub-20214/ses-1/dwi/sub-20214_ses-1_space-ACPC_desc-preproc_dwi.nii.gz	0.0025017057084375	0.218362882733345	0.1130139231681823	0.1926949322223663	0.2189105302095413	0.1933023035526275	0.1126245781779289	0.2827325165271759	0.2827795743942261	sub-20214	ses-1				space-ACPC			DSIStudio	autotrackgqi
Association_MiddleLongitudinalFasciculusL	rd	TORTOISE_model-MAPMRI	/scratch/executivefunction/SLURM_8364170_16/job-8364170-16-sub-20214-ses-1/ds/inputs/data/qsiprep/qsiprep/sub-20214/ses-1/dwi/sub-20214_ses-1_space-ACPC_desc-preproc_dwi.nii.gz	0.0025017057084375	746.86812150473	287.6299957230729	681.033561855188	748.7412517684216	681.4844012163428	285.54511423872395	637.6224190722605	637.7285486913784	sub-20214	ses-1				space-ACPC			DSIStudio	autotrackgqi
Association_MiddleLongitudinalFasciculusL	rtap	TORTOISE_model-MAPMRI	/scratch/executivefunction/SLURM_8364170_16/job-8364170-16-sub-20214-ses-1/ds/inputs/data/qsiprep/qsiprep/sub-20214/ses-1/dwi/sub-20214_ses-1_space-ACPC_desc-preproc_dwi.nii.gz	0.0025017057084375	0.0101827317848801	0.003831768175587	0.0094438036903738	0.0102082695811986	0.009450014680624	0.0038024429231882	0.0122998412698507	0.0123018883168697	sub-20214	ses-1				space-ACPC			DSIStudio	autotrackgqi
Association_MiddleLongitudinalFasciculusL	rtop	TORTOISE_model-MAPMRI	/scratch/executivefunction/SLURM_8364170_16/job-8364170-16-sub-20214-ses-1/ds/inputs/data/qsiprep/qsiprep/sub-20214/ses-1/dwi/sub-20214_ses-1_space-ACPC_desc-preproc_dwi.nii.gz	0.0025017057084375	0.0002043480926658	7.343424658756703e-05	0.0001975167979253	0.0002048605965683	0.0001978003128897	7.280880527105182e-05	0.0002467146841809	0.0002467557205818	sub-20214	ses-1				space-ACPC			DSIStudio	autotrackgqi
Association_MiddleLongitudinalFasciculusL	rtpp	TORTOISE_model-MAPMRI	/scratch/executivefunction/SLURM_8364170_16/job-8364170-16-sub-20214-ses-1/ds/inputs/data/qsiprep/qsiprep/sub-20214/ses-1/dwi/sub-20214_ses-1_space-ACPC_desc-preproc_dwi.nii.gz	0.0025017057084375	0.0452458932995796	0.0054854969494044	0.0463011860847473	0.045359369367361	0.0463137440383434	0.0050018946640193	0.04535673558712	0.0453642830252647	sub-20214	ses-1				space-ACPC			DSIStudio	autotrackgqi
Association_ParietalAslantTractR	ad	TORTOISE_model-MAPMRI	/scratch/executivefunction/SLURM_8364170_16/job-8364170-16-sub-20214-ses-1/ds/inputs/data/qsiprep/qsiprep/sub-20214/ses-1/dwi/sub-20214_ses-1_space-ACPC_desc-preproc_dwi.nii.gz	0.007822842700686	1084.2443872316849	269.6037973860369	1020.6500849860544	1092.7931360393095	1022.1070549709945	252.8186890925775	1128.5416097170375	1129.1364893610828	sub-20214	ses-1				space-ACPC			DSIStudio	autotrackgqi
Association_ParietalAslantTractR	am	TORTOISE_model-MAPMRI	/scratch/executivefunction/SLURM_8364170_16/job-8364170-16-sub-20214-ses-1/ds/inputs/data/qsiprep/qsiprep/sub-20214/ses-1/dwi/sub-20214_ses-1_space-ACPC_desc-preproc_dwi.nii.gz	0.007822842700686	791.675537109375	253.677978515625	765.350830078125	797.9175415039062	768.0640869140625	244.70249938964844	666.966796875	667.3184204101562	sub-20214	ses-1				space-ACPC			DSIStudio	autotrackgqi
Association_ParietalAslantTractR	fa	TORTOISE_model-MAPMRI	/scratch/executivefunction/SLURM_8364170_16/job-8364170-16-sub-20214-ses-1/ds/inputs/data/qsiprep/qsiprep/sub-20214/ses-1/dwi/sub-20214_ses-1_space-ACPC_desc-preproc_dwi.nii.gz	0.007822842700686	0.2517487204571551	0.1698628245792036	0.1897716050028969	0.2537336388013709	0.1911773032089958	0.1690480219491128	0.3666057561841131	0.3667990022214878	sub-20214	ses-1				space-ACPC			DSIStudio	autotrackgqi
Association_ParietalAslantTractR	li	TORTOISE_model-MAPMRI	/scratch/executivefunction/SLURM_8364170_16/job-8364170-16-sub-20214-ses-1/ds/inputs/data/qsiprep/qsiprep/sub-20214/ses-1/dwi/sub-20214_ses-1_space-ACPC_desc-preproc_dwi.nii.gz	0.007822842700686	0.1368986666202545	0.1197116300463676	0.0853658020496368	0.137978047132492	0.0859512835741043	0.1195614263415336	0.2184801250696182	0.2185952812433242	sub-20214	ses-1				space-ACPC			DSIStudio	autotrackgqi
Association_ParietalAslantTractR	ng	TORTOISE_model-MAPMRI	/scratch/executivefunction/SLURM_8364170_16/job-8364170-16-sub-20214-ses-1/ds/inputs/data/qsiprep/qsiprep/sub-20214/ses-1/dwi/sub-20214_ses-1_space-ACPC_desc-preproc_dwi.nii.gz	0.007822842700686	0.2315575629472732	0.0896754264831543	0.2129204124212265	0.2333832830190658	0.2142071723937988	0.0876298695802688	0.2827676832675934	0.2829167544841766	sub-20214	ses-1				space-ACPC			DSIStudio	autotrackgqi
Association_ParietalAslantTractR	ngpar	TORTOISE_model-MAPMRI	/scratch/executivefunction/SLURM_8364170_16/job-8364170-16-sub-20214-ses-1/ds/inputs/data/qsiprep/qsiprep/sub-20214/ses-1/dwi/sub-20214_ses-1_space-ACPC_desc-preproc_dwi.nii.gz	0.007822842700686	0.1165423542261123	0.0368218421936035	0.1104950085282325	0.1174612343311309	0.1107890531420707	0.0354768261313438	0.1229147464036941	0.1229795441031456	sub-20214	ses-1				space-ACPC			DSIStudio	autotrackgqi
Association_ParietalAslantTractR	ngperp	TORTOISE_model-MAPMRI	/scratch/executivefunction/SLURM_8364170_16/job-8364170-16-sub-20214-ses-1/ds/inputs/data/qsiprep/qsiprep/sub-20214/ses-1/dwi/sub-20214_ses-1_space-ACPC_desc-preproc_dwi.nii.gz	0.007822842700686	0.2030222713947296	0.0783982053399086	0.1865619271993637	0.2046230137348175	0.1873706877231598	0.0765976011753082	0.2491475492715835	0.2492789030075073	sub-20214	ses-1				space-ACPC			DSIStudio	autotrackgqi
Association_ParietalAslantTractR	pa	TORTOISE_model-MAPMRI	/scratch/executivefunction/SLURM_8364170_16/job-8364170-16-sub-20214-ses-1/ds/inputs/data/qsiprep/qsiprep/sub-20214/ses-1/dwi/sub-20214_ses-1_space-ACPC_desc-preproc_dwi.nii.gz	0.007822842700686	0.4914332628250122	0.2737817466259002	0.3989535570144653	0.495307981967926	0.4016863703727722	0.2713452577590942	0.6752217411994934	0.6755776405334473	sub-20214	ses-1				space-ACPC			DSIStudio	autotrackgqi
Association_ParietalAslantTractR	path	TORTOISE_model-MAPMRI	/scratch/executivefunction/SLURM_8364170_16/job-8364170-16-sub-20214-ses-1/ds/inputs/data/qsiprep/qsiprep/sub-20214/ses-1/dwi/sub-20214_ses-1_space-ACPC_desc-preproc_dwi.nii.gz	0.007822842700686	0.1968721002340316	0.1137722954154014	0.1481608748435974	0.1984243392944336	0.1489127874374389	0.1128636002540588	0.2721397280693054	0.2722831666469574	sub-20214	ses-1				space-ACPC			DSIStudio	autotrackgqi
Association_ParietalAslantTractR	rd	TORTOISE_model-MAPMRI	/scratch/executivefunction/SLURM_8364170_16/job-8364170-16-sub-20214-ses-1/ds/inputs/data/qsiprep/qsiprep/sub-20214/ses-1/dwi/sub-20214_ses-1_space-ACPC_desc-preproc_dwi.nii.gz	0.007822842700686	742.3813252080124	256.9455140779689	703.0238765926947	748.2346471559164	704.071299168445	249.32284879728968	630.9759751980004	631.3085769782496	sub-20214	ses-1				space-ACPC			DSIStudio	autotrackgqi
Association_ParietalAslantTractR	rtap	TORTOISE_model-MAPMRI	/scratch/executivefunction/SLURM_8364170_16/job-8364170-16-sub-20214-ses-1/ds/inputs/data/qsiprep/qsiprep/sub-20214/ses-1/dwi/sub-20214_ses-1_space-ACPC_desc-preproc_dwi.nii.gz	0.007822842700686	0.0097373640164732	0.0039731878787279	0.0084610814228653	0.0098141385242342	0.0084875077009201	0.0038932268507778	0.0123662780970335	0.0123727954924106	sub-20214	ses-1				space-ACPC			DSIStudio	autotrackgqi
Association_ParietalAslantTractR	rtop	TORTOISE_model-MAPMRI	/scratch/executivefunction/SLURM_8364170_16/job-8364170-16-sub-20214-ses-1/ds/inputs/data/qsiprep/qsiprep/sub-20214/ses-1/dwi/sub-20214_ses-1_space-ACPC_desc-preproc_dwi.nii.gz	0.007822842700686	0.0001946239790413	6.998758180998266e-05	0.0001793603296391	0.000196158493054	0.0001798427547328	6.808725447626784e-05	0.0002424589911242	0.0002425868005957	sub-20214	ses-1				space-ACPC			DSIStudio	autotrackgqi
Association_ParietalAslantTractR	rtpp	TORTOISE_model-MAPMRI	/scratch/executivefunction/SLURM_8364170_16/job-8364170-16-sub-20214-ses-1/ds/inputs/data/qsiprep/qsiprep/sub-20214/ses-1/dwi/sub-20214_ses-1_space-ACPC_desc-preproc_dwi.nii.gz	0.007822842700686	0.0453383363783359	0.0060624307952821	0.046695027500391	0.0456958077847957	0.0467262230813503	0.0045505962334573	0.0451201722025871	0.0451439581811428	sub-20214	ses-1				space-ACPC			DSIStudio	autotrackgqi
Association_ExtremeCapsuleR	ad	TORTOISE_model-MAPMRI	/scratch/executivefunction/SLURM_8364170_16/job-8364170-16-sub-20214-ses-1/ds/inputs/data/qsiprep/qsiprep/sub-20214/ses-1/dwi/sub-20214_ses-1_space-ACPC_desc-preproc_dwi.nii.gz	0.0	1172.0631707123423	290.93735079616374	1120.354917965297	1172.0631707123423	1120.354917965297	290.93735079616374	1225.4569627296137	1225.4569627296137	sub-20214	ses-1				space-ACPC			DSIStudio	autotrackgqi
Association_ExtremeCapsuleR	am	TORTOISE_model-MAPMRI	/scratch/executivefunction/SLURM_8364170_16/job-8364170-16-sub-20214-ses-1/ds/inputs/data/qsiprep/qsiprep/sub-20214/ses-1/dwi/sub-20214_ses-1_space-ACPC_desc-preproc_dwi.nii.gz	0.0	701.4828491210938	217.7472076416016	625.9158935546875	701.4828491210938	625.9158935546875	217.7472076416016	611.6343994140625	611.6343994140625	sub-20214	ses-1				space-ACPC			DSIStudio	autotrackgqi
Association_ExtremeCapsuleR	fa	TORTOISE_model-MAPMRI	/scratch/executivefunction/SLURM_8364170_16/job-8364170-16-sub-20214-ses-1/ds/inputs/data/qsiprep/qsiprep/sub-20214/ses-1/dwi/sub-20214_ses-1_space-ACPC_desc-preproc_dwi.nii.gz	0.0	0.3314708368887579	0.1918398002917229	0.3116879678587714	0.3314708368887579	0.3116879678587714	0.1918398002917229	0.4338866487401908	0.4338866487401908	sub-20214	ses-1				space-ACPC			DSIStudio	autotrackgqi
Association_ExtremeCapsuleR	li	TORTOISE_model-MAPMRI	/scratch/executivefunction/SLURM_8364170_16/job-8364170-16-sub-20214-ses-1/ds/inputs/data/qsiprep/qsiprep/sub-20214/ses-1/dwi/sub-20214_ses-1_space-ACPC_desc-preproc_dwi.nii.gz	0.0	0.1963380873203277	0.1459909230470657	0.1623496860265731	0.1963380873203277	0.1623496860265731	0.1459909230470657	0.2733298540115356	0.2733298540115356	sub-20214	ses-1				space-ACPC			DSIStudio	autotrackgqi
Association_ExtremeCapsuleR	ng	TORTOISE_model-MAPMRI	/scratch/executivefunction/SLURM_8364170_16/job-8364170-16-sub-20214-ses-1/ds/inputs/data/qsiprep/qsiprep/sub-20214/ses-1/dwi/sub-20214_ses-1_space-ACPC_desc-preproc_dwi.nii.gz	0.0	0.2670508325099945	0.0902544930577278	0.2764892578125	0.2670508325099945	0.2764892578125	0.0902544930577278	0.2951518297195434	0.2951518297195434	sub-20214	ses-1				space-ACPC			DSIStudio	autotrackgqi
Association_ExtremeCapsuleR	ngpar	TORTOISE_model-MAPMRI	/scratch/executivefunction/SLURM_8364170_16/job-8364170-16-sub-20214-ses-1/ds/inputs/data/qsiprep/qsiprep/sub-20214/ses-1/dwi/sub-20214_ses-1_space-ACPC_desc-preproc_dwi.nii.gz	0.0	0.1218910589814186	0.0367945358157157	0.1170316934585571	0.1218910589814186	0.1170316934585571	0.0367945358157157	0.1182132735848426	0.1182132735848426	sub-20214	ses-1				space-ACPC			DSIStudio	autotrackgqi
Association_ExtremeCapsuleR	ngperp	TORTOISE_model-MAPMRI	/scratch/executivefunction/SLURM_8364170_16/job-8364170-16-sub-20214-ses-1/ds/inputs/data/qsiprep/qsiprep/sub-20214/ses-1/dwi/sub-20214_ses-1_space-ACPC_desc-preproc_dwi.nii.gz	0.0	0.2342276126146316	0.0789549946784973	0.2414683401584625	0.2342276126146316	0.2414683401584625	0.0789549946784973	0.259994626045227	0.259994626045227	sub-20214	ses-1				space-ACPC			DSIStudio	autotrackgqi
Association_ExtremeCapsuleR	pa	TORTOISE_model-MAPMRI	/scratch/executivefunction/SLURM_8364170_16/job-8364170-16-sub-20214-ses-1/ds/inputs/data/qsiprep/qsiprep/sub-20214/ses-1/dwi/sub-20214_ses-1_space-ACPC_desc-preproc_dwi.nii.gz	0.0	0.6166812181472778	0.2740242779254913	0.6718193292617798	0.6166812181472778	0.6718193292617798	0.2740242779254913	0.7567867636680603	0.7567867636680603	sub-20214	ses-1				space-ACPC			DSIStudio	autotrackgqi
Association_ExtremeCapsuleR	path	TORTOISE_model-MAPMRI	/scratch/executivefunction/SLURM_8364170_16/job-8364170-16-sub-20214-ses-1/ds/inputs/data/qsiprep/qsiprep/sub-20214/ses-1/dwi/sub-20214_ses-1_space-ACPC_desc-preproc_dwi.nii.gz	0.0	0.2501598298549652	0.1238136440515518	0.2340697646141052	0.2501598298549652	0.2340697646141052	0.1238136440515518	0.3107940554618835	0.3107940554618835	sub-20214	ses-1				space-ACPC			DSIStudio	autotrackgqi
Association_ExtremeCapsuleR	rd	TORTOISE_model-MAPMRI	/scratch/executivefunction/SLURM_8364170_16/job-8364170-16-sub-20214-ses-1/ds/inputs/data/qsiprep/qsiprep/sub-20214/ses-1/dwi/sub-20214_ses-1_space-ACPC_desc-preproc_dwi.nii.gz	0.0	711.2428526201951	311.907220490656	640.9731928828426	711.2428526201951	640.9731928828426	311.907220490656	604.0442616662478	604.0442616662478	sub-20214	ses-1				space-ACPC			DSIStudio	autotrackgqi
Association_ExtremeCapsuleR	rtap	TORTOISE_model-MAPMRI	/scratch/executivefunction/SLURM_8364170_16/job-8364170-16-sub-20214-ses-1/ds/inputs/data/qsiprep/qsiprep/sub-20214/ses-1/dwi/sub-20214_ses-1_space-ACPC_desc-preproc_dwi.nii.gz	0.0	0.0114384209737181	0.0047369222156703	0.0105753745883703	0.0114384209737181	0.0105753745883703	0.0047369222156703	0.0134380590170621	0.0134380590170621	sub-20214	ses-1				space-ACPC			DSIStudio	autotrackgqi
Association_ExtremeCapsuleR	rtop	TORTOISE_model-MAPMRI	/scratch/executivefunction/SLURM_8364170_16/job-8364170-16-sub-20214-ses-1/ds/inputs/data/qsiprep/qsiprep/sub-20214/ses-1/dwi/sub-20214_ses-1_space-ACPC_desc-preproc_dwi.nii.gz	0.0	0.0002223382762167	8.155187242664397e-05	0.0002153548994101	0.0002223382762167	0.0002153548994101	8.155187242664397e-05	0.0002514176885597	0.0002514176885597	sub-20214	ses-1				space-ACPC			DSIStudio	autotrackgqi
Association_ExtremeCapsuleR	rtpp	TORTOISE_model-MAPMRI	/scratch/executivefunction/SLURM_8364170_16/job-8364170-16-sub-20214-ses-1/ds/inputs/data/qsiprep/qsiprep/sub-20214/ses-1/dwi/sub-20214_ses-1_space-ACPC_desc-preproc_dwi.nii.gz	0.0	0.0443653166294097	0.0051229391247034	0.0448151305317878	0.0443653166294097	0.0448151305317878	0.0051229391247034	0.0432556755840778	0.0432556755840778	sub-20214	ses-1				space-ACPC			DSIStudio	autotrackgqi
Association_CingulumR	ad	TORTOISE_model-MAPMRI	/scratch/executivefunction/SLURM_8364170_16/job-8364170-16-sub-20214-ses-1/ds/inputs/data/qsiprep/qsiprep/sub-20214/ses-1/dwi/sub-20214_ses-1_space-ACPC_desc-preproc_dwi.nii.gz	0.0018394286950876	1167.500279946097	387.4119217032583	1055.9637665233422	1169.6517709768918	1056.7193716801494	384.51019064553486	1181.9317692286736	1182.0378017381852	sub-20214	ses-1				space-ACPC			DSIStudio	autotrackgqi
Association_CingulumR	am	TORTOISE_model-MAPMRI	/scratch/executivefunction/SLURM_8364170_16/job-8364170-16-sub-20214-ses-1/ds/inputs/data/qsiprep/qsiprep/sub-20214/ses-1/dwi/sub-20214_ses-1_space-ACPC_desc-preproc_dwi.nii.gz	0.0017312270071413	694.8710327148438	227.51727294921875	670.0379638671875	696.0761108398438	670.337158203125	225.8651580810547	545.8530883789062	545.9015502929688	sub-20214	ses-1				space-ACPC			DSIStudio	autotrackgqi
Association_CingulumR	fa	TORTOISE_model-MAPMRI	/scratch/executivefunction/SLURM_8364170_16/job-8364170-16-sub-20214-ses-1/ds/inputs/data/qsiprep/qsiprep/sub-20214/ses-1/dwi/sub-20214_ses-1_space-ACPC_desc-preproc_dwi.nii.gz	0.0018394286950876	0.2460378316850835	0.1608007693665247	0.1985895242544941	0.2464912347353433	0.1990915794472875	0.1606012985620738	0.3938671090444119	0.3939024431537419	sub-20214	ses-1				space-ACPC			DSIStudio	autotrackgqi
Association_CingulumR	li	TORTOISE_model-MAPMRI	/scratch/executivefunction/SLURM_8364170_16/job-8364170-16-sub-20214-ses-1/ds/inputs/data/qsiprep/qsiprep/sub-20214/ses-1/dwi/sub-20214_ses-1_space-ACPC_desc-preproc_dwi.nii.gz	0.0022722354468729	0.1292762607336044	0.1123641282320022	0.0892048329114914	0.1295706778764724	0.089401476085186	0.1123223230242729	0.2333613485097885	0.2334005087614059	sub-20214	ses-1				space-ACPC			DSIStudio	autotrackgqi
Association_CingulumR	ng	TORTOISE_model-MAPMRI	/scratch/executivefunction/SLURM_8364170_16/job-8364170-16-sub-20214-ses-1/ds/inputs/data/qsiprep/qsiprep/sub-20214/ses-1/dwi/sub-20214_ses-1_space-ACPC_desc-preproc_dwi.nii.gz	0.0017312270071413	0.2291025668382644	0.0906265750527381	0.2155025005340576	0.2294998914003372	0.2156943380832672	0.0902010798454284	0.2766671776771545	0.2766917049884796	sub-20214	ses-1				space-ACPC			DSIStudio	autotrackgqi
Association_CingulumR	ngpar	TORTOISE_model-MAPMRI	/scratch/executivefunction/SLURM_8364170_16/job-8364170-16-sub-20214-ses-1/ds/inputs/data/qsiprep/qsiprep/sub-20214/ses-1/dwi/sub-20214_ses-1_space-ACPC_desc-preproc_dwi.nii.gz	0.0017312270071413	0.1200410574674606	0.0440740436315536	0.1126440614461898	0.1202492341399192	0.112740010023117	0.0438275784254074	0.1150398775935173	0.115050084888935	sub-20214	ses-1				space-ACPC			DSIStudio	autotrackgqi
Association_CingulumR	ngperp	TORTOISE_model-MAPMRI	/scratch/executivefunction/SLURM_8364170_16/job-8364170-16-sub-20214-ses-1/ds/inputs/data/qsiprep/qsiprep/sub-20214/ses-1/dwi/sub-20214_ses-1_space-ACPC_desc-preproc_dwi.nii.gz	0.0017312270071413	0.1980790048837661	0.0740965902805328	0.1900966018438339	0.1984225213527679	0.1903092414140701	0.0736998319625854	0.2372393310070037	0.2372603714466095	sub-20214	ses-1				space-ACPC			DSIStudio	autotrackgqi
Association_CingulumR	pa	TORTOISE_model-MAPMRI	/scratch/executivefunction/SLURM_8364170_16/job-8364170-16-sub-20214-ses-1/ds/inputs/data/qsiprep/qsiprep/sub-20214/ses-1/dwi/sub-20214_ses-1_space-ACPC_desc-preproc_dwi.nii.gz	0.0017312270071413	0.4833317697048187	0.2529316246509552	0.4028658270835876	0.4841699600219726	0.4035698175430298	0.2523480057716369	0.6847648024559021	0.684825599193573	sub-20214	ses-1				space-ACPC			DSIStudio	autotrackgqi
Association_CingulumR	path	TORTOISE_model-MAPMRI	/scratch/executivefunction/SLURM_8364170_16/job-8364170-16-sub-20214-ses-1/ds/inputs/data/qsiprep/qsiprep/sub-20214/ses-1/dwi/sub-20214_ses-1_space-ACPC_desc-preproc_dwi.nii.gz	0.0017312270071413	0.1902732700109481	0.1043022200465202	0.14923757314682	0.1906032562255859	0.1494314670562744	0.1040909439325332	0.2796989679336548	0.2797237634658813	sub-20214	ses-1				space-ACPC			DSIStudio	autotrackgqi
Association_CingulumR	rd	TORTOISE_model-MAPMRI	/scratch/executivefunction/SLURM_8364170_16/job-8364170-16-sub-20214-ses-1/ds/inputs/data/qsiprep/qsiprep/sub-20214/ses-1/dwi/sub-20214_ses-1_space-ACPC_desc-preproc_dwi.nii.gz	0.0018394286950876	818.3464333552934	370.4115309788544	721.8860562271375	819.8544972433193	722.2782992551993	369.08149868988215	619.0066865153573	619.062218662874	sub-20214	ses-1				space-ACPC			DSIStudio	autotrackgqi
Association_CingulumR	rtap	TORTOISE_model-MAPMRI	/scratch/executivefunction/SLURM_8364170_16/job-8364170-16-sub-20214-ses-1/ds/inputs/data/qsiprep/qsiprep/sub-20214/ses-1/dwi/sub-20214_ses-1_space-ACPC_desc-preproc_dwi.nii.gz	0.0032460506383899	0.0091072460636496	0.0043797842226922	0.0082021597772836	0.0091369049623608	0.0082141896709799	0.0043559144251048	0.0129183279350399	0.0129212280735373	sub-20214	ses-1				space-ACPC			DSIStudio	autotrackgqi
Association_CingulumR	rtop	TORTOISE_model-MAPMRI	/scratch/executivefunction/SLURM_8364170_16/job-8364170-16-sub-20214-ses-1/ds/inputs/data/qsiprep/qsiprep/sub-20214/ses-1/dwi/sub-20214_ses-1_space-ACPC_desc-preproc_dwi.nii.gz	0.0032460506383899	0.0001816689036786	0.0001212977949762	0.0001711094228085	0.000182260540896	0.0001712721859803	0.0001210505724884	0.0002420543023617	0.0002421086246613	sub-20214	ses-1				space-ACPC			DSIStudio	autotrackgqi
Association_CingulumR	rtpp	TORTOISE_model-MAPMRI	/scratch/executivefunction/SLURM_8364170_16/job-8364170-16-sub-20214-ses-1/ds/inputs/data/qsiprep/qsiprep/sub-20214/ses-1/dwi/sub-20214_ses-1_space-ACPC_desc-preproc_dwi.nii.gz	0.0018394286950876	0.0445840470492839	0.0067666196264326	0.0459144711494445	0.0446662083268165	0.0459262430667877	0.0064962860196828	0.0444516576826572	0.0444556400179863	sub-20214	ses-1				space-ACPC			DSIStudio	autotrackgqi
Association_SuperiorLongitudinalFasciculusR	ad	TORTOISE_model-MAPMRI	/scratch/executivefunction/SLURM_8364170_16/job-8364170-16-sub-20214-ses-1/ds/inputs/data/qsiprep/qsiprep/sub-20214/ses-1/dwi/sub-20214_ses-1_space-ACPC_desc-preproc_dwi.nii.gz	0.0	1124.4478790859312	294.9766451423631	1053.7517944421734	1124.4478790859312	1053.7517944421734	294.9766451423631	1135.6669864638604	1135.6670840266709	sub-20214	ses-1				space-ACPC			DSIStudio	autotrackgqi
Association_SuperiorLongitudinalFasciculusR	am	TORTOISE_model-MAPMRI	/scratch/executivefunction/SLURM_8364170_16/job-8364170-16-sub-20214-ses-1/ds/inputs/data/qsiprep/qsiprep/sub-20214/ses-1/dwi/sub-20214_ses-1_space-ACPC_desc-preproc_dwi.nii.gz	0.0	742.6871337890625	247.8673553466797	686.389404296875	742.6871337890625	686.389404296875	247.8673553466797	616.281005859375	616.281005859375	sub-20214	ses-1				space-ACPC			DSIStudio	autotrackgqi
Association_SuperiorLongitudinalFasciculusR	fa	TORTOISE_model-MAPMRI	/scratch/executivefunction/SLURM_8364170_16/job-8364170-16-sub-20214-ses-1/ds/inputs/data/qsiprep/qsiprep/sub-20214/ses-1/dwi/sub-20214_ses-1_space-ACPC_desc-preproc_dwi.nii.gz	0.0	0.2839504061486845	0.1723723355438698	0.246865350511675	0.2839504061486845	0.246865350511675	0.1723723355438698	0.4005623717185721	0.4005624061382227	sub-20214	ses-1				space-ACPC			DSIStudio	autotrackgqi
Association_SuperiorLongitudinalFasciculusR	li	TORTOISE_model-MAPMRI	/scratch/executivefunction/SLURM_8364170_16/job-8364170-16-sub-20214-ses-1/ds/inputs/data/qsiprep/qsiprep/sub-20214/ses-1/dwi/sub-20214_ses-1_space-ACPC_desc-preproc_dwi.nii.gz	0.0	0.1615704596042633	0.128162533044815	0.1180920898914337	0.1615704596042633	0.1180920898914337	0.128162533044815	0.2532487511634826	0.253248780965805	sub-20214	ses-1				space-ACPC			DSIStudio	autotrackgqi
Association_SuperiorLongitudinalFasciculusR	ng	TORTOISE_model-MAPMRI	/scratch/executivefunction/SLURM_8364170_16/job-8364170-16-sub-20214-ses-1/ds/inputs/data/qsiprep/qsiprep/sub-20214/ses-1/dwi/sub-20214_ses-1_space-ACPC_desc-preproc_dwi.nii.gz	0.0	0.2604782283306122	0.0849467888474464	0.2548480033874511	0.2604782283306122	0.2548480033874511	0.0849467888474464	0.3128075897693634	0.3128076195716858	sub-20214	ses-1				space-ACPC			DSIStudio	autotrackgqi
Association_SuperiorLongitudinalFasciculusR	ngpar	TORTOISE_model-MAPMRI	/scratch/executivefunction/SLURM_8364170_16/job-8364170-16-sub-20214-ses-1/ds/inputs/data/qsiprep/qsiprep/sub-20214/ses-1/dwi/sub-20214_ses-1_space-ACPC_desc-preproc_dwi.nii.gz	0.0	0.12613445520401	0.0361039601266384	0.1213748082518577	0.12613445520401	0.1213748082518577	0.0361039601266384	0.1329572349786758	0.132957249879837	sub-20214	ses-1				space-ACPC			DSIStudio	autotrackgqi
Association_SuperiorLongitudinalFasciculusR	ngperp	TORTOISE_model-MAPMRI	/scratch/executivefunction/SLURM_8364170_16/job-8364170-16-sub-20214-ses-1/ds/inputs/data/qsiprep/qsiprep/sub-20214/ses-1/dwi/sub-20214_ses-1_space-ACPC_desc-preproc_dwi.nii.gz	0.0	0.2262616604566574	0.0717722997069358	0.2219073921442031	0.2262616604566574	0.2219073921442031	0.0717722997069358	0.2693023979663849	0.2693023979663849	sub-20214	ses-1				space-ACPC			DSIStudio	autotrackgqi
Association_SuperiorLongitudinalFasciculusR	pa	TORTOISE_model-MAPMRI	/scratch/executivefunction/SLURM_8364170_16/job-8364170-16-sub-20214-ses-1/ds/inputs/data/qsiprep/qsiprep/sub-20214/ses-1/dwi/sub-20214_ses-1_space-ACPC_desc-preproc_dwi.nii.gz	0.0	0.5656076669692993	0.2679544389247894	0.5458951592445374	0.5656076669692993	0.5458951592445374	0.2679544389247894	0.7422782778739929	0.7422784566879272	sub-20214	ses-1				space-ACPC			DSIStudio	autotrackgqi
Association_SuperiorLongitudinalFasciculusR	path	TORTOISE_model-MAPMRI	/scratch/executivefunction/SLURM_8364170_16/job-8364170-16-sub-20214-ses-1/ds/inputs/data/qsiprep/qsiprep/sub-20214/ses-1/dwi/sub-20214_ses-1_space-ACPC_desc-preproc_dwi.nii.gz	0.0	0.2243713140487671	0.1137573271989822	0.1906460523605346	0.2243713140487671	0.1906460523605346	0.1137573271989822	0.3024662137031555	0.3024662435054779	sub-20214	ses-1				space-ACPC			DSIStudio	autotrackgqi
Association_SuperiorLongitudinalFasciculusR	rd	TORTOISE_model-MAPMRI	/scratch/executivefunction/SLURM_8364170_16/job-8364170-16-sub-20214-ses-1/ds/inputs/data/qsiprep/qsiprep/sub-20214/ses-1/dwi/sub-20214_ses-1_space-ACPC_desc-preproc_dwi.nii.gz	0.0	747.01955526621	307.4922574582215	676.2833074204459	747.01955526621	676.2833074204459	307.4922574582215	612.5670934086974	612.5671460134154	sub-20214	ses-1				space-ACPC			DSIStudio	autotrackgqi
Association_SuperiorLongitudinalFasciculusR	rtap	TORTOISE_model-MAPMRI	/scratch/executivefunction/SLURM_8364170_16/job-8364170-16-sub-20214-ses-1/ds/inputs/data/qsiprep/qsiprep/sub-20214/ses-1/dwi/sub-20214_ses-1_space-ACPC_desc-preproc_dwi.nii.gz	0.000109277674571	0.0105677712708711	0.0042471522465348	0.0095691783353686	0.0105689261108636	0.0095697967335581	0.0042459466494619	0.0135791646316647	0.0135791916400194	sub-20214	ses-1				space-ACPC			DSIStudio	autotrackgqi
Association_SuperiorLongitudinalFasciculusR	rtop	TORTOISE_model-MAPMRI	/scratch/executivefunction/SLURM_8364170_16/job-8364170-16-sub-20214-ses-1/ds/inputs/data/qsiprep/qsiprep/sub-20214/ses-1/dwi/sub-20214_ses-1_space-ACPC_desc-preproc_dwi.nii.gz	0.000109277674571	0.0002128756459569	8.006921416381374e-05	0.0001984667323995	0.0002128988999174	0.0001984680420719	8.004265691852197e-05	0.0002690299297682	0.000269030482741	sub-20214	ses-1				space-ACPC			DSIStudio	autotrackgqi
Association_SuperiorLongitudinalFasciculusR	rtpp	TORTOISE_model-MAPMRI	/scratch/executivefunction/SLURM_8364170_16/job-8364170-16-sub-20214-ses-1/ds/inputs/data/qsiprep/qsiprep/sub-20214/ses-1/dwi/sub-20214_ses-1_space-ACPC_desc-preproc_dwi.nii.gz	0.0	0.0454962626099586	0.0049353563226759	0.0464463420212268	0.0454962626099586	0.0464463420212268	0.0049353563226759	0.0454425700008869	0.0454425700008869	sub-20214	ses-1				space-ACPC			DSIStudio	autotrackgqi
Association_MiddleLongitudinalFasciculusR	ad	TORTOISE_model-MAPMRI	/scratch/executivefunction/SLURM_8364170_16/job-8364170-16-sub-20214-ses-1/ds/inputs/data/qsiprep/qsiprep/sub-20214/ses-1/dwi/sub-20214_ses-1_space-ACPC_desc-preproc_dwi.nii.gz	0.0003359086328518	1137.4263055027416	289.41930631274056	1071.427132314171	1137.808505202171	1071.5548318746416	288.7157964970615	1174.397061064454	1174.4033616155812	sub-20214	ses-1				space-ACPC			DSIStudio	autotrackgqi
Association_MiddleLongitudinalFasciculusR	am	TORTOISE_model-MAPMRI	/scratch/executivefunction/SLURM_8364170_16/job-8364170-16-sub-20214-ses-1/ds/inputs/data/qsiprep/qsiprep/sub-20214/ses-1/dwi/sub-20214_ses-1_space-ACPC_desc-preproc_dwi.nii.gz	0.0003359086328518	834.0238647460938	325.5220031738281	763.6310424804688	834.3040771484375	763.814453125	325.2174072265625	632.9072265625	632.9105834960938	sub-20214	ses-1				space-ACPC			DSIStudio	autotrackgqi
Association_MiddleLongitudinalFasciculusR	fa	TORTOISE_model-MAPMRI	/scratch/executivefunction/SLURM_8364170_16/job-8364170-16-sub-20214-ses-1/ds/inputs/data/qsiprep/qsiprep/sub-20214/ses-1/dwi/sub-20214_ses-1_space-ACPC_desc-preproc_dwi.nii.gz	0.0003359086328518	0.2880499705781221	0.181283919090755	0.2449641838762442	0.2881467615628594	0.2451150554696014	0.1812374472221024	0.4080826692543221	0.4080848586305004	sub-20214	ses-1				space-ACPC			DSIStudio	autotrackgqi
Association_MiddleLongitudinalFasciculusR	li	TORTOISE_model-MAPMRI	/scratch/executivefunction/SLURM_8364170_16/job-8364170-16-sub-20214-ses-1/ds/inputs/data/qsiprep/qsiprep/sub-20214/ses-1/dwi/sub-20214_ses-1_space-ACPC_desc-preproc_dwi.nii.gz	0.0003359086328518	0.1632508188486099	0.1311267018318176	0.115612156689167	0.1633056700229644	0.1156474724411964	0.131114587187767	0.2539963722229004	0.2539977431297302	sub-20214	ses-1				space-ACPC			DSIStudio	autotrackgqi
Association_MiddleLongitudinalFasciculusR	ng	TORTOISE_model-MAPMRI	/scratch/executivefunction/SLURM_8364170_16/job-8364170-16-sub-20214-ses-1/ds/inputs/data/qsiprep/qsiprep/sub-20214/ses-1/dwi/sub-20214_ses-1_space-ACPC_desc-preproc_dwi.nii.gz	0.0003359086328518	0.2510765492916107	0.0865951180458068	0.247691810131073	0.2511609196662903	0.2477158457040786	0.0864872559905052	0.3042376637458801	0.3042393028736114	sub-20214	ses-1				space-ACPC			DSIStudio	autotrackgqi
Association_MiddleLongitudinalFasciculusR	ngpar	TORTOISE_model-MAPMRI	/scratch/executivefunction/SLURM_8364170_16/job-8364170-16-sub-20214-ses-1/ds/inputs/data/qsiprep/qsiprep/sub-20214/ses-1/dwi/sub-20214_ses-1_space-ACPC_desc-preproc_dwi.nii.gz	0.0003359086328518	0.121207557618618	0.0342624597251415	0.1162595599889755	0.1212482899427414	0.1162667274475097	0.0341960899531841	0.1270720511674881	0.1270727217197418	sub-20214	ses-1				space-ACPC			DSIStudio	autotrackgqi
Association_MiddleLongitudinalFasciculusR	ngperp	TORTOISE_model-MAPMRI	/scratch/executivefunction/SLURM_8364170_16/job-8364170-16-sub-20214-ses-1/ds/inputs/data/qsiprep/qsiprep/sub-20214/ses-1/dwi/sub-20214_ses-1_space-ACPC_desc-preproc_dwi.nii.gz	0.0003359086328518	0.2203710228204727	0.0765418633818626	0.2149776518344879	0.2204450815916061	0.2151173204183578	0.0764480382204055	0.2668147981166839	0.2668161988258362	sub-20214	ses-1				space-ACPC			DSIStudio	autotrackgqi
Association_MiddleLongitudinalFasciculusR	pa	TORTOISE_model-MAPMRI	/scratch/executivefunction/SLURM_8364170_16/job-8364170-16-sub-20214-ses-1/ds/inputs/data/qsiprep/qsiprep/sub-20214/ses-1/dwi/sub-20214_ses-1_space-ACPC_desc-preproc_dwi.nii.gz	0.0003359086328518	0.5572328567504883	0.2817042171955108	0.5273833274841309	0.5574200749397278	0.5277547240257263	0.2815662324428558	0.7473303079605103	0.7473343014717102	sub-20214	ses-1				space-ACPC			DSIStudio	autotrackgqi
Association_MiddleLongitudinalFasciculusR	path	TORTOISE_model-MAPMRI	/scratch/executivefunction/SLURM_8364170_16/job-8364170-16-sub-20214-ses-1/ds/inputs/data/qsiprep/qsiprep/sub-20214/ses-1/dwi/sub-20214_ses-1_space-ACPC_desc-preproc_dwi.nii.gz	0.0003359086328518	0.2242092937231063	0.1200974509119987	0.1849627792835235	0.2242846339941024	0.1850755214691162	0.1200472712516784	0.3033404648303985	0.3033420443534851	sub-20214	ses-1				space-ACPC			DSIStudio	autotrackgqi
Association_MiddleLongitudinalFasciculusR	rd	TORTOISE_model-MAPMRI	/scratch/executivefunction/SLURM_8364170_16/job-8364170-16-sub-20214-ses-1/ds/inputs/data/qsiprep/qsiprep/sub-20214/ses-1/dwi/sub-20214_ses-1_space-ACPC_desc-preproc_dwi.nii.gz	0.0003359086328518	747.1943634718433	302.752526020465	674.8120491554805	747.4454368466658	674.9476506941794	302.4933516451671	612.578195305764	612.5814818111744	sub-20214	ses-1				space-ACPC			DSIStudio	autotrackgqi
Association_MiddleLongitudinalFasciculusR	rtap	TORTOISE_model-MAPMRI	/scratch/executivefunction/SLURM_8364170_16/job-8364170-16-sub-20214-ses-1/ds/inputs/data/qsiprep/qsiprep/sub-20214/ses-1/dwi/sub-20214_ses-1_space-ACPC_desc-preproc_dwi.nii.gz	0.0003359086328518	0.0103996274992823	0.0041664345189929	0.0094819795340299	0.0104031227529048	0.0094825634732842	0.004162770230323	0.0130051039159297	0.0130051737651228	sub-20214	ses-1				space-ACPC			DSIStudio	autotrackgqi
Association_MiddleLongitudinalFasciculusR	rtop	TORTOISE_model-MAPMRI	/scratch/executivefunction/SLURM_8364170_16/job-8364170-16-sub-20214-ses-1/ds/inputs/data/qsiprep/qsiprep/sub-20214/ses-1/dwi/sub-20214_ses-1_space-ACPC_desc-preproc_dwi.nii.gz	0.0003359086328518	0.0002056072698906	7.31365944375284e-05	0.0001989458978641	0.0002056763623841	0.0001989825541386	7.30516912881285e-05	0.0002513080544304	0.0002513093932066	sub-20214	ses-1				space-ACPC			DSIStudio	autotrackgqi
Association_MiddleLongitudinalFasciculusR	rtpp	TORTOISE_model-MAPMRI	/scratch/executivefunction/SLURM_8364170_16/job-8364170-16-sub-20214-ses-1/ds/inputs/data/qsiprep/qsiprep/sub-20214/ses-1/dwi/sub-20214_ses-1_space-ACPC_desc-preproc_dwi.nii.gz	0.0003359086328518	0.0449510291218757	0.0050021125935018	0.0458163321018219	0.044966135174036	0.0458167754113674	0.0049346070736646	0.0442952327430248	0.0442954711616039	sub-20214	ses-1				space-ACPC			DSIStudio	autotrackgqi
Association_InferiorLongitudinalFasciculusL	ad	TORTOISE_model-MAPMRI	/scratch/executivefunction/SLURM_8364170_16/job-8364170-16-sub-20214-ses-1/ds/inputs/data/qsiprep/qsiprep/sub-20214/ses-1/dwi/sub-20214_ses-1_space-ACPC_desc-preproc_dwi.nii.gz	0.0040367262941269	1153.371210885086	325.2004434163919	1070.059049803761	1158.0459253216384	1071.0614846095343	317.4435855272717	1211.5677521760235	1211.7371923335177	sub-20214	ses-1				space-ACPC			DSIStudio	autotrackgqi
Association_InferiorLongitudinalFasciculusL	am	TORTOISE_model-MAPMRI	/scratch/executivefunction/SLURM_8364170_16/job-8364170-16-sub-20214-ses-1/ds/inputs/data/qsiprep/qsiprep/sub-20214/ses-1/dwi/sub-20214_ses-1_space-ACPC_desc-preproc_dwi.nii.gz	0.0040367262941269	764.7820434570312	311.0712280273437	709.952880859375	767.8817749023438	711.1903076171875	307.85919189453125	625.4927978515625	625.5802612304688	sub-20214	ses-1				space-ACPC			DSIStudio	autotrackgqi
Association_InferiorLongitudinalFasciculusL	fa	TORTOISE_model-MAPMRI	/scratch/executivefunction/SLURM_8364170_16/job-8364170-16-sub-20214-ses-1/ds/inputs/data/qsiprep/qsiprep/sub-20214/ses-1/dwi/sub-20214_ses-1_space-ACPC_desc-preproc_dwi.nii.gz	0.0040367262941269	0.2880529808900845	0.1825456538307504	0.2354571585812741	0.2892204848259817	0.2367150779646828	0.1819898633751494	0.4131227262574871	0.4131805023624449	sub-20214	ses-1				space-ACPC			DSIStudio	autotrackgqi
Association_InferiorLongitudinalFasciculusL	li	TORTOISE_model-MAPMRI	/scratch/executivefunction/SLURM_8364170_16/job-8364170-16-sub-20214-ses-1/ds/inputs/data/qsiprep/qsiprep/sub-20214/ses-1/dwi/sub-20214_ses-1_space-ACPC_desc-preproc_dwi.nii.gz	0.0040367262941269	0.1615600734949112	0.1359194219112396	0.1081217229366302	0.1622148901224136	0.1088321208953857	0.135804072022438	0.2563993036746979	0.2564351558685303	sub-20214	ses-1				space-ACPC			DSIStudio	autotrackgqi
Association_InferiorLongitudinalFasciculusL	ng	TORTOISE_model-MAPMRI	/scratch/executivefunction/SLURM_8364170_16/job-8364170-16-sub-20214-ses-1/ds/inputs/data/qsiprep/qsiprep/sub-20214/ses-1/dwi/sub-20214_ses-1_space-ACPC_desc-preproc_dwi.nii.gz	0.0040367262941269	0.2512368261814117	0.0884381607174873	0.2451312839984893	0.2522551119327545	0.2456762790679931	0.0871558338403701	0.3032947778701782	0.3033372163772583	sub-20214	ses-1				space-ACPC			DSIStudio	autotrackgqi
Association_InferiorLongitudinalFasciculusL	ngpar	TORTOISE_model-MAPMRI	/scratch/executivefunction/SLURM_8364170_16/job-8364170-16-sub-20214-ses-1/ds/inputs/data/qsiprep/qsiprep/sub-20214/ses-1/dwi/sub-20214_ses-1_space-ACPC_desc-preproc_dwi.nii.gz	0.0040367262941269	0.1276821792125702	0.0440099872648716	0.1224239915609359	0.1281996965408325	0.1226163133978843	0.0433403439819812	0.1262770593166351	0.126294732093811	sub-20214	ses-1				space-ACPC			DSIStudio	autotrackgqi
Association_InferiorLongitudinalFasciculusL	ngperp	TORTOISE_model-MAPMRI	/scratch/executivefunction/SLURM_8364170_16/job-8364170-16-sub-20214-ses-1/ds/inputs/data/qsiprep/qsiprep/sub-20214/ses-1/dwi/sub-20214_ses-1_space-ACPC_desc-preproc_dwi.nii.gz	0.0040367262941269	0.2162824422121048	0.0781020745635032	0.2091145664453506	0.2171590626239776	0.2097109258174896	0.0770343616604805	0.2681410312652588	0.2681784927845001	sub-20214	ses-1				space-ACPC			DSIStudio	autotrackgqi
Association_InferiorLongitudinalFasciculusL	pa	TORTOISE_model-MAPMRI	/scratch/executivefunction/SLURM_8364170_16/job-8364170-16-sub-20214-ses-1/ds/inputs/data/qsiprep/qsiprep/sub-20214/ses-1/dwi/sub-20214_ses-1_space-ACPC_desc-preproc_dwi.nii.gz	0.0040367262941269	0.5459425449371338	0.2683491706848144	0.5019822120666504	0.5481553077697754	0.5044941902160645	0.2666274607181549	0.7450195550918579	0.7451238036155701	sub-20214	ses-1				space-ACPC			DSIStudio	autotrackgqi
Association_InferiorLongitudinalFasciculusL	path	TORTOISE_model-MAPMRI	/scratch/executivefunction/SLURM_8364170_16/job-8364170-16-sub-20214-ses-1/ds/inputs/data/qsiprep/qsiprep/sub-20214/ses-1/dwi/sub-20214_ses-1_space-ACPC_desc-preproc_dwi.nii.gz	0.0040367262941269	0.218310922384262	0.1181044727563858	0.1773612946271896	0.2191957533359527	0.178103819489479	0.1175212785601615	0.3021230399608612	0.3021652996540069	sub-20214	ses-1				space-ACPC			DSIStudio	autotrackgqi
Association_InferiorLongitudinalFasciculusL	rd	TORTOISE_model-MAPMRI	/scratch/executivefunction/SLURM_8364170_16/job-8364170-16-sub-20214-ses-1/ds/inputs/data/qsiprep/qsiprep/sub-20214/ses-1/dwi/sub-20214_ses-1_space-ACPC_desc-preproc_dwi.nii.gz	0.0040367262941269	741.1850275654589	278.3100691637234	692.5871554014525	744.1891153351353	693.1173218993047	274.8359931453368	617.1441332655286	617.2304419104123	sub-20214	ses-1				space-ACPC			DSIStudio	autotrackgqi
Association_InferiorLongitudinalFasciculusL	rtap	TORTOISE_model-MAPMRI	/scratch/executivefunction/SLURM_8364170_16/job-8364170-16-sub-20214-ses-1/ds/inputs/data/qsiprep/qsiprep/sub-20214/ses-1/dwi/sub-20214_ses-1_space-ACPC_desc-preproc_dwi.nii.gz	0.0041950292860535	0.0101154008880257	0.0043144207447767	0.0089196860790252	0.0101580135524272	0.0089445505291223	0.0042731459252536	0.0128261037170887	0.0128280408680439	sub-20214	ses-1				space-ACPC			DSIStudio	autotrackgqi
Association_InferiorLongitudinalFasciculusL	rtop	TORTOISE_model-MAPMRI	/scratch/executivefunction/SLURM_8364170_16/job-8364170-16-sub-20214-ses-1/ds/inputs/data/qsiprep/qsiprep/sub-20214/ses-1/dwi/sub-20214_ses-1_space-ACPC_desc-preproc_dwi.nii.gz	0.0042741807820167	0.0001990458986256	7.1584596298635e-05	0.0001878703187685	0.0001999003143282	0.000188266072655	7.053760782582685e-05	0.0002438972296658	0.0002439352101646	sub-20214	ses-1				space-ACPC			DSIStudio	autotrackgqi
Association_InferiorLongitudinalFasciculusL	rtpp	TORTOISE_model-MAPMRI	/scratch/executivefunction/SLURM_8364170_16/job-8364170-16-sub-20214-ses-1/ds/inputs/data/qsiprep/qsiprep/sub-20214/ses-1/dwi/sub-20214_ses-1_space-ACPC_desc-preproc_dwi.nii.gz	0.0040367262941269	0.0445801652967929	0.005989097058773	0.045793991535902	0.0447608530521392	0.0458309762179851	0.0052845953032374	0.0434992387890815	0.0435053184628486	sub-20214	ses-1				space-ACPC			DSIStudio	autotrackgqi
Association_CingulumL	ad	TORTOISE_model-MAPMRI	/scratch/executivefunction/SLURM_8364170_16/job-8364170-16-sub-20214-ses-1/ds/inputs/data/qsiprep/qsiprep/sub-20214/ses-1/dwi/sub-20214_ses-1_space-ACPC_desc-preproc_dwi.nii.gz	0.000423056583818	1147.4982279845433	279.65926089955013	1077.2067089519717	1147.9838901273788	1077.557829086725	278.7200582208928	1256.6782488092208	1256.6968199596297	sub-20214	ses-1				space-ACPC			DSIStudio	autotrackgqi
Association_CingulumL	am	TORTOISE_model-MAPMRI	/scratch/executivefunction/SLURM_8364170_16/job-8364170-16-sub-20214-ses-1/ds/inputs/data/qsiprep/qsiprep/sub-20214/ses-1/dwi/sub-20214_ses-1_space-ACPC_desc-preproc_dwi.nii.gz	0.000423056583818	658.1566772460938	221.0838165283203	616.3666381835938	658.4352416992188	616.4537963867188	220.71548461914065	524.2142333984375	524.221923828125	sub-20214	ses-1				space-ACPC			DSIStudio	autotrackgqi
Association_CingulumL	fa	TORTOISE_model-MAPMRI	/scratch/executivefunction/SLURM_8364170_16/job-8364170-16-sub-20214-ses-1/ds/inputs/data/qsiprep/qsiprep/sub-20214/ses-1/dwi/sub-20214_ses-1_space-ACPC_desc-preproc_dwi.nii.gz	0.000423056583818	0.3048534699817397	0.1846501645035032	0.2618347810792605	0.3049824948341286	0.2619145431552018	0.1845826737210031	0.4599920583995913	0.4599988565086549	sub-20214	ses-1				space-ACPC			DSIStudio	autotrackgqi
Association_CingulumL	li	TORTOISE_model-MAPMRI	/scratch/executivefunction/SLURM_8364170_16/job-8364170-16-sub-20214-ses-1/ds/inputs/data/qsiprep/qsiprep/sub-20214/ses-1/dwi/sub-20214_ses-1_space-ACPC_desc-preproc_dwi.nii.gz	0.000423056583818	0.1735167354345321	0.1389070749282837	0.1270956546068191	0.1735901683568954	0.1271790266036987	0.1388905942440033	0.2923944592475891	0.2923987507820129	sub-20214	ses-1				space-ACPC			DSIStudio	autotrackgqi
Association_CingulumL	ng	TORTOISE_model-MAPMRI	/scratch/executivefunction/SLURM_8364170_16/job-8364170-16-sub-20214-ses-1/ds/inputs/data/qsiprep/qsiprep/sub-20214/ses-1/dwi/sub-20214_ses-1_space-ACPC_desc-preproc_dwi.nii.gz	0.000423056583818	0.2446085661649704	0.0897333696484565	0.2354848235845565	0.244712084531784	0.2355856448411941	0.0896111130714416	0.3038201630115509	0.303824633359909	sub-20214	ses-1				space-ACPC			DSIStudio	autotrackgqi
Association_CingulumL	ngpar	TORTOISE_model-MAPMRI	/scratch/executivefunction/SLURM_8364170_16/job-8364170-16-sub-20214-ses-1/ds/inputs/data/qsiprep/qsiprep/sub-20214/ses-1/dwi/sub-20214_ses-1_space-ACPC_desc-preproc_dwi.nii.gz	0.000423056583818	0.115946814417839	0.0361042544245719	0.1117579117417335	0.1159958839416503	0.1117972731590271	0.0360329933464527	0.1200073584914207	0.1200091242790222	sub-20214	ses-1				space-ACPC			DSIStudio	autotrackgqi
Association_CingulumL	ngperp	TORTOISE_model-MAPMRI	/scratch/executivefunction/SLURM_8364170_16/job-8364170-16-sub-20214-ses-1/ds/inputs/data/qsiprep/qsiprep/sub-20214/ses-1/dwi/sub-20214_ses-1_space-ACPC_desc-preproc_dwi.nii.gz	0.000423056583818	0.2143107652664184	0.0774974226951599	0.2056644409894943	0.2144014686346054	0.2057814002037048	0.0773882791399955	0.2639612257480621	0.2639651000499725	sub-20214	ses-1				space-ACPC			DSIStudio	autotrackgqi
Association_CingulumL	pa	TORTOISE_model-MAPMRI	/scratch/executivefunction/SLURM_8364170_16/job-8364170-16-sub-20214-ses-1/ds/inputs/data/qsiprep/qsiprep/sub-20214/ses-1/dwi/sub-20214_ses-1_space-ACPC_desc-preproc_dwi.nii.gz	0.000423056583818	0.5624369382858276	0.2712599337100982	0.5409157872200012	0.5626749992370605	0.5410035848617554	0.2710703909397125	0.7688708305358887	0.768882155418396	sub-20214	ses-1				space-ACPC			DSIStudio	autotrackgqi
Association_CingulumL	path	TORTOISE_model-MAPMRI	/scratch/executivefunction/SLURM_8364170_16/job-8364170-16-sub-20214-ses-1/ds/inputs/data/qsiprep/qsiprep/sub-20214/ses-1/dwi/sub-20214_ses-1_space-ACPC_desc-preproc_dwi.nii.gz	0.000423056583818	0.2259567379951477	0.1205851212143898	0.189104363322258	0.2260523587465286	0.1891314685344696	0.1205209717154502	0.3260032832622528	0.3260080814361572	sub-20214	ses-1				space-ACPC			DSIStudio	autotrackgqi
Association_CingulumL	rd	TORTOISE_model-MAPMRI	/scratch/executivefunction/SLURM_8364170_16/job-8364170-16-sub-20214-ses-1/ds/inputs/data/qsiprep/qsiprep/sub-20214/ses-1/dwi/sub-20214_ses-1_space-ACPC_desc-preproc_dwi.nii.gz	0.000423056583818	716.4428155535015	248.52957841888556	687.9612103878096	716.7460396845156	688.0592699973926	248.144632480723	575.5453347645008	575.55383965631	sub-20214	ses-1				space-ACPC			DSIStudio	autotrackgqi
Association_CingulumL	rtap	TORTOISE_model-MAPMRI	/scratch/executivefunction/SLURM_8364170_16/job-8364170-16-sub-20214-ses-1/ds/inputs/data/qsiprep/qsiprep/sub-20214/ses-1/dwi/sub-20214_ses-1_space-ACPC_desc-preproc_dwi.nii.gz	0.000423056583818	0.0106520820409059	0.0047822310589253	0.0091539155691862	0.0106565905734896	0.0091546811163425	0.0047782184556126	0.0149037968367338	0.0149040184915065	sub-20214	ses-1				space-ACPC			DSIStudio	autotrackgqi
Association_CingulumL	rtop	TORTOISE_model-MAPMRI	/scratch/executivefunction/SLURM_8364170_16/job-8364170-16-sub-20214-ses-1/ds/inputs/data/qsiprep/qsiprep/sub-20214/ses-1/dwi/sub-20214_ses-1_space-ACPC_desc-preproc_dwi.nii.gz	0.000423056583818	0.0002054892975138	7.559679943369702e-05	0.0001870100240921	0.0002055762743111	0.0001870724663604	7.549447036581114e-05	0.0002702004858292	0.0002702045021578	sub-20214	ses-1				space-ACPC			DSIStudio	autotrackgqi
Association_CingulumL	rtpp	TORTOISE_model-MAPMRI	/scratch/executivefunction/SLURM_8364170_16/job-8364170-16-sub-20214-ses-1/ds/inputs/data/qsiprep/qsiprep/sub-20214/ses-1/dwi/sub-20214_ses-1_space-ACPC_desc-preproc_dwi.nii.gz	0.000423056583818	0.0446758307516574	0.0046755480580031	0.0455330945551395	0.0446947365999221	0.0455400943756103	0.0045852907933294	0.0430408120155334	0.0430414527654647	sub-20214	ses-1				space-ACPC			DSIStudio	autotrackgqi
Association_InferiorFrontoOccipitalFasciculusL	ad	TORTOISE_model-MAPMRI	/scratch/executivefunction/SLURM_8364170_16/job-8364170-16-sub-20214-ses-1/ds/inputs/data/qsiprep/qsiprep/sub-20214/ses-1/dwi/sub-20214_ses-1_space-ACPC_desc-preproc_dwi.nii.gz	0.005672385168788	1161.761841204356	291.331564654956	1104.6250161991584	1168.389395884943	1106.7316088847158	278.5941508974111	1308.3223368920667	1308.6377719239822	sub-20214	ses-1				space-ACPC			DSIStudio	autotrackgqi
Association_InferiorFrontoOccipitalFasciculusL	am	TORTOISE_model-MAPMRI	/scratch/executivefunction/SLURM_8364170_16/job-8364170-16-sub-20214-ses-1/ds/inputs/data/qsiprep/qsiprep/sub-20214/ses-1/dwi/sub-20214_ses-1_space-ACPC_desc-preproc_dwi.nii.gz	0.005672385168788	716.2905883789062	264.15838623046875	666.8128662109375	720.3768310546875	667.9290161132812	259.2953491210937	567.2071533203125	567.3439331054688	sub-20214	ses-1				space-ACPC			DSIStudio	autotrackgqi
Association_InferiorFrontoOccipitalFasciculusL	fa	TORTOISE_model-MAPMRI	/scratch/executivefunction/SLURM_8364170_16/job-8364170-16-sub-20214-ses-1/ds/inputs/data/qsiprep/qsiprep/sub-20214/ses-1/dwi/sub-20214_ses-1_space-ACPC_desc-preproc_dwi.nii.gz	0.005672385168788	0.3266771240796822	0.1929652271640182	0.3028502943078178	0.3285407336646643	0.3043061398921232	0.1919263575037909	0.505352962256834	0.5054748022744033	sub-20214	ses-1				space-ACPC			DSIStudio	autotrackgqi
Association_InferiorFrontoOccipitalFasciculusL	li	TORTOISE_model-MAPMRI	/scratch/executivefunction/SLURM_8364170_16/job-8364170-16-sub-20214-ses-1/ds/inputs/data/qsiprep/qsiprep/sub-20214/ses-1/dwi/sub-20214_ses-1_space-ACPC_desc-preproc_dwi.nii.gz	0.005672385168788	0.191155731678009	0.1483391672372818	0.1497350931167602	0.192246213555336	0.1515073329210281	0.1480553746223449	0.3388107419013977	0.3388924300670624	sub-20214	ses-1				space-ACPC			DSIStudio	autotrackgqi
Association_InferiorFrontoOccipitalFasciculusL	ng	TORTOISE_model-MAPMRI	/scratch/executivefunction/SLURM_8364170_16/job-8364170-16-sub-20214-ses-1/ds/inputs/data/qsiprep/qsiprep/sub-20214/ses-1/dwi/sub-20214_ses-1_space-ACPC_desc-preproc_dwi.nii.gz	0.005672385168788	0.2766177952289581	0.0811486318707466	0.2811732292175293	0.2781958281993866	0.2819764018058777	0.0786362737417221	0.3179852962493896	0.3180619776248932	sub-20214	ses-1				space-ACPC			DSIStudio	autotrackgqi
Association_InferiorFrontoOccipitalFasciculusL	ngpar	TORTOISE_model-MAPMRI	/scratch/executivefunction/SLURM_8364170_16/job-8364170-16-sub-20214-ses-1/ds/inputs/data/qsiprep/qsiprep/sub-20214/ses-1/dwi/sub-20214_ses-1_space-ACPC_desc-preproc_dwi.nii.gz	0.005672385168788	0.1309853494167328	0.04237050563097	0.1277599185705185	0.1317325830459594	0.1280667781829834	0.0413166508078575	0.1128195077180862	0.112846702337265	sub-20214	ses-1				space-ACPC			DSIStudio	autotrackgqi
Association_InferiorFrontoOccipitalFasciculusL	ngperp	TORTOISE_model-MAPMRI	/scratch/executivefunction/SLURM_8364170_16/job-8364170-16-sub-20214-ses-1/ds/inputs/data/qsiprep/qsiprep/sub-20214/ses-1/dwi/sub-20214_ses-1_space-ACPC_desc-preproc_dwi.nii.gz	0.005672385168788	0.2377053201198578	0.0742107182741165	0.2383586466312408	0.2390613704919815	0.2391534000635147	0.0722112879157066	0.2785862982273102	0.2786534428596496	sub-20214	ses-1				space-ACPC			DSIStudio	autotrackgqi
Association_InferiorFrontoOccipitalFasciculusL	pa	TORTOISE_model-MAPMRI	/scratch/executivefunction/SLURM_8364170_16/job-8364170-16-sub-20214-ses-1/ds/inputs/data/qsiprep/qsiprep/sub-20214/ses-1/dwi/sub-20214_ses-1_space-ACPC_desc-preproc_dwi.nii.gz	0.005672385168788	0.6144623160362244	0.2654390931129455	0.6455807685852051	0.6179676651954651	0.6487911343574524	0.2620947360992431	0.8274863958358765	0.8276859521865845	sub-20214	ses-1				space-ACPC			DSIStudio	autotrackgqi
Association_InferiorFrontoOccipitalFasciculusL	path	TORTOISE_model-MAPMRI	/scratch/executivefunction/SLURM_8364170_16/job-8364170-16-sub-20214-ses-1/ds/inputs/data/qsiprep/qsiprep/sub-20214/ses-1/dwi/sub-20214_ses-1_space-ACPC_desc-preproc_dwi.nii.gz	0.005672385168788	0.2482794672250747	0.1237941309809684	0.2241430133581161	0.2496958374977111	0.2253268808126449	0.122714102268219	0.3562474846839905	0.3563333749771118	sub-20214	ses-1				space-ACPC			DSIStudio	autotrackgqi
Association_InferiorFrontoOccipitalFasciculusL	rd	TORTOISE_model-MAPMRI	/scratch/executivefunction/SLURM_8364170_16/job-8364170-16-sub-20214-ses-1/ds/inputs/data/qsiprep/qsiprep/sub-20214/ses-1/dwi/sub-20214_ses-1_space-ACPC_desc-preproc_dwi.nii.gz	0.005672385168788	697.1911791288788	252.86721207112845	656.3637547901118	701.1684767974866	657.3990817081956	248.0279076827672	544.4569947175621	544.5882627343389	sub-20214	ses-1				space-ACPC			DSIStudio	autotrackgqi
Association_InferiorFrontoOccipitalFasciculusL	rtap	TORTOISE_model-MAPMRI	/scratch/executivefunction/SLURM_8364170_16/job-8364170-16-sub-20214-ses-1/ds/inputs/data/qsiprep/qsiprep/sub-20214/ses-1/dwi/sub-20214_ses-1_space-ACPC_desc-preproc_dwi.nii.gz	0.0059490868843386	0.011247357353568	0.0047835591249167	0.010323105379939	0.0113146696239709	0.0103659341111779	0.0047178142704069	0.0155276749283075	0.0155315361917018	sub-20214	ses-1				space-ACPC			DSIStudio	autotrackgqi
Association_InferiorFrontoOccipitalFasciculusL	rtop	TORTOISE_model-MAPMRI	/scratch/executivefunction/SLURM_8364170_16/job-8364170-16-sub-20214-ses-1/ds/inputs/data/qsiprep/qsiprep/sub-20214/ses-1/dwi/sub-20214_ses-1_space-ACPC_desc-preproc_dwi.nii.gz	0.006087437742114	0.0002189912920584	7.52905907575041e-05	0.0002173102548113	0.000220332556637	0.0002179891453124	7.353820546995848e-05	0.0002750153362285	0.0002750880667008	sub-20214	ses-1				space-ACPC			DSIStudio	autotrackgqi
Association_InferiorFrontoOccipitalFasciculusL	rtpp	TORTOISE_model-MAPMRI	/scratch/executivefunction/SLURM_8364170_16/job-8364170-16-sub-20214-ses-1/ds/inputs/data/qsiprep/qsiprep/sub-20214/ses-1/dwi/sub-20214_ses-1_space-ACPC_desc-preproc_dwi.nii.gz	0.005672385168788	0.0444393008947372	0.0059963692910969	0.0453263223171234	0.0446928180754184	0.045358769595623	0.0049830991774797	0.0420283749699592	0.042038507759571	sub-20214	ses-1				space-ACPC			DSIStudio	autotrackgqi
ProjectionBrainstem_MedialLemniscusL	ad	TORTOISE_model-MAPMRI	/scratch/executivefunction/SLURM_8364170_16/job-8364170-16-sub-20214-ses-1/ds/inputs/data/qsiprep/qsiprep/sub-20214/ses-1/dwi/sub-20214_ses-1_space-ACPC_desc-preproc_dwi.nii.gz	0.0	1263.255568991888	454.45001175740873	1176.0023043721308	1263.255568991888	1176.0023043721308	454.45001175740873	1327.193346749702	1327.193346749702	sub-20214	ses-1				space-ACPC			DSIStudio	autotrackgqi
ProjectionBrainstem_MedialLemniscusL	am	TORTOISE_model-MAPMRI	/scratch/executivefunction/SLURM_8364170_16/job-8364170-16-sub-20214-ses-1/ds/inputs/data/qsiprep/qsiprep/sub-20214/ses-1/dwi/sub-20214_ses-1_space-ACPC_desc-preproc_dwi.nii.gz	0.0	626.9957885742188	194.14894104003903	559.7783203125	626.9957885742188	559.7783203125	194.14894104003903	580.900146484375	580.900146484375	sub-20214	ses-1				space-ACPC			DSIStudio	autotrackgqi
ProjectionBrainstem_MedialLemniscusL	fa	TORTOISE_model-MAPMRI	/scratch/executivefunction/SLURM_8364170_16/job-8364170-16-sub-20214-ses-1/ds/inputs/data/qsiprep/qsiprep/sub-20214/ses-1/dwi/sub-20214_ses-1_space-ACPC_desc-preproc_dwi.nii.gz	0.0	0.3927317756220503	0.1804350988575154	0.4038653161274878	0.3927317756220503	0.4038653161274878	0.1804350988575154	0.4577729695836347	0.4577729695836347	sub-20214	ses-1				space-ACPC			DSIStudio	autotrackgqi
ProjectionBrainstem_MedialLemniscusL	li	TORTOISE_model-MAPMRI	/scratch/executivefunction/SLURM_8364170_16/job-8364170-16-sub-20214-ses-1/ds/inputs/data/qsiprep/qsiprep/sub-20214/ses-1/dwi/sub-20214_ses-1_space-ACPC_desc-preproc_dwi.nii.gz	0.0	0.246211439371109	0.1445032954216003	0.2417753487825393	0.246211439371109	0.2417753487825393	0.1445032954216003	0.2909638881683349	0.2909638881683349	sub-20214	ses-1				space-ACPC			DSIStudio	autotrackgqi
ProjectionBrainstem_MedialLemniscusL	ng	TORTOISE_model-MAPMRI	/scratch/executivefunction/SLURM_8364170_16/job-8364170-16-sub-20214-ses-1/ds/inputs/data/qsiprep/qsiprep/sub-20214/ses-1/dwi/sub-20214_ses-1_space-ACPC_desc-preproc_dwi.nii.gz	0.0	0.317443311214447	0.0772845074534416	0.3415350019931793	0.317443311214447	0.3415350019931793	0.0772845074534416	0.3435642719268799	0.3435642719268799	sub-20214	ses-1				space-ACPC			DSIStudio	autotrackgqi
ProjectionBrainstem_MedialLemniscusL	ngpar	TORTOISE_model-MAPMRI	/scratch/executivefunction/SLURM_8364170_16/job-8364170-16-sub-20214-ses-1/ds/inputs/data/qsiprep/qsiprep/sub-20214/ses-1/dwi/sub-20214_ses-1_space-ACPC_desc-preproc_dwi.nii.gz	0.0	0.1374182701110839	0.0351087376475334	0.1357954442501068	0.1374182701110839	0.1357954442501068	0.0351087376475334	0.145244687795639	0.145244687795639	sub-20214	ses-1				space-ACPC			DSIStudio	autotrackgqi
ProjectionBrainstem_MedialLemniscusL	ngperp	TORTOISE_model-MAPMRI	/scratch/executivefunction/SLURM_8364170_16/job-8364170-16-sub-20214-ses-1/ds/inputs/data/qsiprep/qsiprep/sub-20214/ses-1/dwi/sub-20214_ses-1_space-ACPC_desc-preproc_dwi.nii.gz	0.0	0.2738068103790283	0.067317895591259	0.2876700162887573	0.2738068103790283	0.2876700162887573	0.067317895591259	0.2997976541519165	0.2997976541519165	sub-20214	ses-1				space-ACPC			DSIStudio	autotrackgqi
ProjectionBrainstem_MedialLemniscusL	pa	TORTOISE_model-MAPMRI	/scratch/executivefunction/SLURM_8364170_16/job-8364170-16-sub-20214-ses-1/ds/inputs/data/qsiprep/qsiprep/sub-20214/ses-1/dwi/sub-20214_ses-1_space-ACPC_desc-preproc_dwi.nii.gz	0.0	0.7356976270675659	0.2176314443349838	0.814521849155426	0.7356976270675659	0.814521849155426	0.2176314443349838	0.8243017196655273	0.8243017196655273	sub-20214	ses-1				space-ACPC			DSIStudio	autotrackgqi
ProjectionBrainstem_MedialLemniscusL	path	TORTOISE_model-MAPMRI	/scratch/executivefunction/SLURM_8364170_16/job-8364170-16-sub-20214-ses-1/ds/inputs/data/qsiprep/qsiprep/sub-20214/ses-1/dwi/sub-20214_ses-1_space-ACPC_desc-preproc_dwi.nii.gz	0.0	0.2960557043552398	0.106250450015068	0.3037337064743042	0.2960557043552398	0.3037337064743042	0.106250450015068	0.331526517868042	0.331526517868042	sub-20214	ses-1				space-ACPC			DSIStudio	autotrackgqi
ProjectionBrainstem_MedialLemniscusL	rd	TORTOISE_model-MAPMRI	/scratch/executivefunction/SLURM_8364170_16/job-8364170-16-sub-20214-ses-1/ds/inputs/data/qsiprep/qsiprep/sub-20214/ses-1/dwi/sub-20214_ses-1_space-ACPC_desc-preproc_dwi.nii.gz	0.0	696.6267770841667	417.021513682328	602.0128487353074	696.6267770841667	602.0128487353074	417.021513682328	635.7081312536286	635.7081312536286	sub-20214	ses-1				space-ACPC			DSIStudio	autotrackgqi
ProjectionBrainstem_MedialLemniscusL	rtap	TORTOISE_model-MAPMRI	/scratch/executivefunction/SLURM_8364170_16/job-8364170-16-sub-20214-ses-1/ds/inputs/data/qsiprep/qsiprep/sub-20214/ses-1/dwi/sub-20214_ses-1_space-ACPC_desc-preproc_dwi.nii.gz	0.0	0.0128040974959731	0.0049679819494485	0.0124431140720844	0.0128040974959731	0.0124431140720844	0.0049679819494485	0.0136054204776883	0.0136054204776883	sub-20214	ses-1				space-ACPC			DSIStudio	autotrackgqi
ProjectionBrainstem_MedialLemniscusL	rtop	TORTOISE_model-MAPMRI	/scratch/executivefunction/SLURM_8364170_16/job-8364170-16-sub-20214-ses-1/ds/inputs/data/qsiprep/qsiprep/sub-20214/ses-1/dwi/sub-20214_ses-1_space-ACPC_desc-preproc_dwi.nii.gz	0.0	0.000249598379014	9.019924618769436e-05	0.0002518897526897	0.000249598379014	0.0002518897526897	9.019924618769436e-05	0.00025976478355	0.00025976478355	sub-20214	ses-1				space-ACPC			DSIStudio	autotrackgqi
ProjectionBrainstem_MedialLemniscusL	rtpp	TORTOISE_model-MAPMRI	/scratch/executivefunction/SLURM_8364170_16/job-8364170-16-sub-20214-ses-1/ds/inputs/data/qsiprep/qsiprep/sub-20214/ses-1/dwi/sub-20214_ses-1_space-ACPC_desc-preproc_dwi.nii.gz	0.0	0.0435544028878212	0.0061035514809191	0.0443310998380184	0.0435544028878212	0.0443310998380184	0.0061035514809191	0.0419437959790229	0.0419437959790229	sub-20214	ses-1				space-ACPC			DSIStudio	autotrackgqi
ProjectionBrainstem_CorticospinalTractR	ad	TORTOISE_model-MAPMRI	/scratch/executivefunction/SLURM_8364170_16/job-8364170-16-sub-20214-ses-1/ds/inputs/data/qsiprep/qsiprep/sub-20214/ses-1/dwi/sub-20214_ses-1_space-ACPC_desc-preproc_dwi.nii.gz	0.0	1233.074363039274	246.2992920841734	1202.4416214888756	1233.074363039274	1202.4416214888756	246.2992920841734	1300.7492948644258	1300.7492948644258	sub-20214	ses-1				space-ACPC			DSIStudio	autotrackgqi
ProjectionBrainstem_CorticospinalTractR	am	TORTOISE_model-MAPMRI	/scratch/executivefunction/SLURM_8364170_16/job-8364170-16-sub-20214-ses-1/ds/inputs/data/qsiprep/qsiprep/sub-20214/ses-1/dwi/sub-20214_ses-1_space-ACPC_desc-preproc_dwi.nii.gz	0.0	630.8512573242188	180.6201934814453	562.7138061523438	630.8512573242188	562.7138061523438	180.6201934814453	590.9391479492188	590.9391479492188	sub-20214	ses-1				space-ACPC			DSIStudio	autotrackgqi
ProjectionBrainstem_CorticospinalTractR	fa	TORTOISE_model-MAPMRI	/scratch/executivefunction/SLURM_8364170_16/job-8364170-16-sub-20214-ses-1/ds/inputs/data/qsiprep/qsiprep/sub-20214/ses-1/dwi/sub-20214_ses-1_space-ACPC_desc-preproc_dwi.nii.gz	0.0	0.4469641745418475	0.1967264186326312	0.4632903224826512	0.4469641745418475	0.4632903224826512	0.1967264186326312	0.5368101185762373	0.5368101185762373	sub-20214	ses-1				space-ACPC			DSIStudio	autotrackgqi
ProjectionBrainstem_CorticospinalTractR	li	TORTOISE_model-MAPMRI	/scratch/executivefunction/SLURM_8364170_16/job-8364170-16-sub-20214-ses-1/ds/inputs/data/qsiprep/qsiprep/sub-20214/ses-1/dwi/sub-20214_ses-1_space-ACPC_desc-preproc_dwi.nii.gz	0.0	0.2990952730178833	0.1683600842952728	0.2945324778556824	0.2990952730178833	0.2945324778556824	0.1683600842952728	0.3810583353042602	0.3810583353042602	sub-20214	ses-1				space-ACPC			DSIStudio	autotrackgqi
ProjectionBrainstem_CorticospinalTractR	ng	TORTOISE_model-MAPMRI	/scratch/executivefunction/SLURM_8364170_16/job-8364170-16-sub-20214-ses-1/ds/inputs/data/qsiprep/qsiprep/sub-20214/ses-1/dwi/sub-20214_ses-1_space-ACPC_desc-preproc_dwi.nii.gz	0.0	0.3327078819274902	0.0648788288235664	0.3547268509864807	0.3327078819274902	0.3547268509864807	0.0648788288235664	0.3550674617290497	0.3550674617290497	sub-20214	ses-1				space-ACPC			DSIStudio	autotrackgqi
ProjectionBrainstem_CorticospinalTractR	ngpar	TORTOISE_model-MAPMRI	/scratch/executivefunction/SLURM_8364170_16/job-8364170-16-sub-20214-ses-1/ds/inputs/data/qsiprep/qsiprep/sub-20214/ses-1/dwi/sub-20214_ses-1_space-ACPC_desc-preproc_dwi.nii.gz	0.0	0.1402537822723388	0.0371086932718753	0.1363850086927414	0.1402537822723388	0.1363850086927414	0.0371086932718753	0.1435974538326263	0.1435974538326263	sub-20214	ses-1				space-ACPC			DSIStudio	autotrackgqi
ProjectionBrainstem_CorticospinalTractR	ngperp	TORTOISE_model-MAPMRI	/scratch/executivefunction/SLURM_8364170_16/job-8364170-16-sub-20214-ses-1/ds/inputs/data/qsiprep/qsiprep/sub-20214/ses-1/dwi/sub-20214_ses-1_space-ACPC_desc-preproc_dwi.nii.gz	0.0	0.2858441770076751	0.0554858073592186	0.3009127378463745	0.2858441770076751	0.3009127378463745	0.0554858073592186	0.3064083456993103	0.3064083456993103	sub-20214	ses-1				space-ACPC			DSIStudio	autotrackgqi
ProjectionBrainstem_CorticospinalTractR	pa	TORTOISE_model-MAPMRI	/scratch/executivefunction/SLURM_8364170_16/job-8364170-16-sub-20214-ses-1/ds/inputs/data/qsiprep/qsiprep/sub-20214/ses-1/dwi/sub-20214_ses-1_space-ACPC_desc-preproc_dwi.nii.gz	0.0	0.7830864191055298	0.2048922926187515	0.8644975423812866	0.7830864191055298	0.8644975423812866	0.2048922926187515	0.8676310181617737	0.8676310181617737	sub-20214	ses-1				space-ACPC			DSIStudio	autotrackgqi
ProjectionBrainstem_CorticospinalTractR	path	TORTOISE_model-MAPMRI	/scratch/executivefunction/SLURM_8364170_16/job-8364170-16-sub-20214-ses-1/ds/inputs/data/qsiprep/qsiprep/sub-20214/ses-1/dwi/sub-20214_ses-1_space-ACPC_desc-preproc_dwi.nii.gz	0.0	0.3298994302749634	0.114473856985569	0.3402373790740967	0.3298994302749634	0.3402373790740967	0.114473856985569	0.380391001701355	0.380391001701355	sub-20214	ses-1				space-ACPC			DSIStudio	autotrackgqi
ProjectionBrainstem_CorticospinalTractR	rd	TORTOISE_model-MAPMRI	/scratch/executivefunction/SLURM_8364170_16/job-8364170-16-sub-20214-ses-1/ds/inputs/data/qsiprep/qsiprep/sub-20214/ses-1/dwi/sub-20214_ses-1_space-ACPC_desc-preproc_dwi.nii.gz	0.0	603.7459634959434	250.30400453429357	549.564026490273	603.7459634959434	549.564026490273	250.30400453429357	521.8902924728484	521.8902924728484	sub-20214	ses-1				space-ACPC			DSIStudio	autotrackgqi
ProjectionBrainstem_CorticospinalTractR	rtap	TORTOISE_model-MAPMRI	/scratch/executivefunction/SLURM_8364170_16/job-8364170-16-sub-20214-ses-1/ds/inputs/data/qsiprep/qsiprep/sub-20214/ses-1/dwi/sub-20214_ses-1_space-ACPC_desc-preproc_dwi.nii.gz	0.0	0.0150556322187185	0.0060554640367627	0.0147002236917614	0.0150556322187185	0.0147002236917614	0.0060554640367627	0.0176825206726789	0.0176825206726789	sub-20214	ses-1				space-ACPC			DSIStudio	autotrackgqi
ProjectionBrainstem_CorticospinalTractR	rtop	TORTOISE_model-MAPMRI	/scratch/executivefunction/SLURM_8364170_16/job-8364170-16-sub-20214-ses-1/ds/inputs/data/qsiprep/qsiprep/sub-20214/ses-1/dwi/sub-20214_ses-1_space-ACPC_desc-preproc_dwi.nii.gz	0.0	0.0002886904694605	0.0001006084494292	0.0003009552601724	0.0002886904694605	0.0003009552601724	0.0001006084494292	0.0003298110968898	0.0003298110968898	sub-20214	ses-1				space-ACPC			DSIStudio	autotrackgqi
ProjectionBrainstem_CorticospinalTractR	rtpp	TORTOISE_model-MAPMRI	/scratch/executivefunction/SLURM_8364170_16/job-8364170-16-sub-20214-ses-1/ds/inputs/data/qsiprep/qsiprep/sub-20214/ses-1/dwi/sub-20214_ses-1_space-ACPC_desc-preproc_dwi.nii.gz	0.0	0.0438239090144634	0.0046238144859671	0.0440096780657768	0.0438239090144634	0.0440096780657768	0.0046238144859671	0.0425392128527164	0.0425392128527164	sub-20214	ses-1				space-ACPC			DSIStudio	autotrackgqi
ProjectionBrainstem_DentatorubrothalamicTract-rl	ad	TORTOISE_model-MAPMRI	/scratch/executivefunction/SLURM_8364170_16/job-8364170-16-sub-20214-ses-1/ds/inputs/data/qsiprep/qsiprep/sub-20214/ses-1/dwi/sub-20214_ses-1_space-ACPC_desc-preproc_dwi.nii.gz	0.0	1258.892426927424	388.8586131067924	1161.5335848257007	1258.892426927424	1161.5335848257007	388.8586131067924	1456.1396093972055	1456.1396093972055	sub-20214	ses-1				space-ACPC			DSIStudio	autotrackgqi
ProjectionBrainstem_DentatorubrothalamicTract-rl	am	TORTOISE_model-MAPMRI	/scratch/executivefunction/SLURM_8364170_16/job-8364170-16-sub-20214-ses-1/ds/inputs/data/qsiprep/qsiprep/sub-20214/ses-1/dwi/sub-20214_ses-1_space-ACPC_desc-preproc_dwi.nii.gz	0.0	595.8189086914062	186.46157836914065	532.94482421875	595.8189086914062	532.94482421875	186.46157836914065	549.5836791992188	549.5836791992188	sub-20214	ses-1				space-ACPC			DSIStudio	autotrackgqi
ProjectionBrainstem_DentatorubrothalamicTract-rl	fa	TORTOISE_model-MAPMRI	/scratch/executivefunction/SLURM_8364170_16/job-8364170-16-sub-20214-ses-1/ds/inputs/data/qsiprep/qsiprep/sub-20214/ses-1/dwi/sub-20214_ses-1_space-ACPC_desc-preproc_dwi.nii.gz	0.0	0.4335228190063881	0.2043478280999311	0.4261257094720307	0.4335228190063881	0.4261257094720307	0.2043478280999311	0.5062394356052328	0.5062394356052328	sub-20214	ses-1				space-ACPC			DSIStudio	autotrackgqi
ProjectionBrainstem_DentatorubrothalamicTract-rl	li	TORTOISE_model-MAPMRI	/scratch/executivefunction/SLURM_8364170_16/job-8364170-16-sub-20214-ses-1/ds/inputs/data/qsiprep/qsiprep/sub-20214/ses-1/dwi/sub-20214_ses-1_space-ACPC_desc-preproc_dwi.nii.gz	0.0	0.2876102924346924	0.1735095381736755	0.2665388584136963	0.2876102924346924	0.2665388584136963	0.1735095381736755	0.3514107167720794	0.3514107167720794	sub-20214	ses-1				space-ACPC			DSIStudio	autotrackgqi
ProjectionBrainstem_DentatorubrothalamicTract-rl	ng	TORTOISE_model-MAPMRI	/scratch/executivefunction/SLURM_8364170_16/job-8364170-16-sub-20214-ses-1/ds/inputs/data/qsiprep/qsiprep/sub-20214/ses-1/dwi/sub-20214_ses-1_space-ACPC_desc-preproc_dwi.nii.gz	0.0	0.3233161568641662	0.0849641561508178	0.3581906259059906	0.3233161568641662	0.3581906259059906	0.0849641561508178	0.3719168305397033	0.3719168305397033	sub-20214	ses-1				space-ACPC			DSIStudio	autotrackgqi
ProjectionBrainstem_DentatorubrothalamicTract-rl	ngpar	TORTOISE_model-MAPMRI	/scratch/executivefunction/SLURM_8364170_16/job-8364170-16-sub-20214-ses-1/ds/inputs/data/qsiprep/qsiprep/sub-20214/ses-1/dwi/sub-20214_ses-1_space-ACPC_desc-preproc_dwi.nii.gz	0.0	0.1370982974767685	0.0379015281796455	0.1346156597137451	0.1370982974767685	0.1346156597137451	0.0379015281796455	0.1545681208372116	0.1545681208372116	sub-20214	ses-1				space-ACPC			DSIStudio	autotrackgqi
ProjectionBrainstem_DentatorubrothalamicTract-rl	ngperp	TORTOISE_model-MAPMRI	/scratch/executivefunction/SLURM_8364170_16/job-8364170-16-sub-20214-ses-1/ds/inputs/data/qsiprep/qsiprep/sub-20214/ses-1/dwi/sub-20214_ses-1_space-ACPC_desc-preproc_dwi.nii.gz	0.0	0.2793753743171692	0.0729599446058273	0.3032267987728119	0.2793753743171692	0.3032267987728119	0.0729599446058273	0.3190150856971741	0.3190150856971741	sub-20214	ses-1				space-ACPC			DSIStudio	autotrackgqi
ProjectionBrainstem_DentatorubrothalamicTract-rl	pa	TORTOISE_model-MAPMRI	/scratch/executivefunction/SLURM_8364170_16/job-8364170-16-sub-20214-ses-1/ds/inputs/data/qsiprep/qsiprep/sub-20214/ses-1/dwi/sub-20214_ses-1_space-ACPC_desc-preproc_dwi.nii.gz	0.0	0.7551528811454773	0.2389349192380905	0.8510676622390747	0.7551528811454773	0.8510676622390747	0.2389349192380905	0.8528181314468384	0.8528181314468384	sub-20214	ses-1				space-ACPC			DSIStudio	autotrackgqi
ProjectionBrainstem_DentatorubrothalamicTract-rl	path	TORTOISE_model-MAPMRI	/scratch/executivefunction/SLURM_8364170_16/job-8364170-16-sub-20214-ses-1/ds/inputs/data/qsiprep/qsiprep/sub-20214/ses-1/dwi/sub-20214_ses-1_space-ACPC_desc-preproc_dwi.nii.gz	0.0	0.3218057155609131	0.1276503056287765	0.329343318939209	0.3218057155609131	0.329343318939209	0.1276503056287765	0.37421715259552	0.37421715259552	sub-20214	ses-1				space-ACPC			DSIStudio	autotrackgqi
ProjectionBrainstem_DentatorubrothalamicTract-rl	rd	TORTOISE_model-MAPMRI	/scratch/executivefunction/SLURM_8364170_16/job-8364170-16-sub-20214-ses-1/ds/inputs/data/qsiprep/qsiprep/sub-20214/ses-1/dwi/sub-20214_ses-1_space-ACPC_desc-preproc_dwi.nii.gz	0.0	635.993630672699	344.482198787676	572.5062429929949	635.993630672699	572.5062429929949	344.482198787676	647.3228335486177	647.3228335486177	sub-20214	ses-1				space-ACPC			DSIStudio	autotrackgqi
ProjectionBrainstem_DentatorubrothalamicTract-rl	rtap	TORTOISE_model-MAPMRI	/scratch/executivefunction/SLURM_8364170_16/job-8364170-16-sub-20214-ses-1/ds/inputs/data/qsiprep/qsiprep/sub-20214/ses-1/dwi/sub-20214_ses-1_space-ACPC_desc-preproc_dwi.nii.gz	0.0	0.0149192456156015	0.0071877110749483	0.0139797190204262	0.0149192456156015	0.0139797190204262	0.0071877110749483	0.0166274942457675	0.0166274942457675	sub-20214	ses-1				space-ACPC			DSIStudio	autotrackgqi
ProjectionBrainstem_DentatorubrothalamicTract-rl	rtop	TORTOISE_model-MAPMRI	/scratch/executivefunction/SLURM_8364170_16/job-8364170-16-sub-20214-ses-1/ds/inputs/data/qsiprep/qsiprep/sub-20214/ses-1/dwi/sub-20214_ses-1_space-ACPC_desc-preproc_dwi.nii.gz	0.0	0.000286608497845	0.0001203542997245	0.000292659853585	0.000286608497845	0.000292659853585	0.0001203542997245	0.000311606330797	0.000311606330797	sub-20214	ses-1				space-ACPC			DSIStudio	autotrackgqi
ProjectionBrainstem_DentatorubrothalamicTract-rl	rtpp	TORTOISE_model-MAPMRI	/scratch/executivefunction/SLURM_8364170_16/job-8364170-16-sub-20214-ses-1/ds/inputs/data/qsiprep/qsiprep/sub-20214/ses-1/dwi/sub-20214_ses-1_space-ACPC_desc-preproc_dwi.nii.gz	0.0	0.0437115207314491	0.0056579364463686	0.0446148067712783	0.0437115207314491	0.0446148067712783	0.0056579364463686	0.0412388183176517	0.0412388183176517	sub-20214	ses-1				space-ACPC			DSIStudio	autotrackgqi
ProjectionBasalGanglia_FasciculusLenticularisR	ad	TORTOISE_model-MAPMRI	/scratch/executivefunction/SLURM_8364170_16/job-8364170-16-sub-20214-ses-1/ds/inputs/data/qsiprep/qsiprep/sub-20214/ses-1/dwi/sub-20214_ses-1_space-ACPC_desc-preproc_dwi.nii.gz	0.0	1383.5624674867772	570.9691240334708	1131.3006626353	1383.5624674867772	1131.3006626353	570.9691240334708	1433.242198523746	1433.242198523746	sub-20214	ses-1				space-ACPC			DSIStudio	autotrackgqi
ProjectionBasalGanglia_FasciculusLenticularisR	am	TORTOISE_model-MAPMRI	/scratch/executivefunction/SLURM_8364170_16/job-8364170-16-sub-20214-ses-1/ds/inputs/data/qsiprep/qsiprep/sub-20214/ses-1/dwi/sub-20214_ses-1_space-ACPC_desc-preproc_dwi.nii.gz	0.0	572.3829956054688	178.46102905273438	514.8558959960938	572.3829956054688	514.8558959960938	178.46102905273438	585.1598510742188	585.1598510742188	sub-20214	ses-1				space-ACPC			DSIStudio	autotrackgqi
ProjectionBasalGanglia_FasciculusLenticularisR	fa	TORTOISE_model-MAPMRI	/scratch/executivefunction/SLURM_8364170_16/job-8364170-16-sub-20214-ses-1/ds/inputs/data/qsiprep/qsiprep/sub-20214/ses-1/dwi/sub-20214_ses-1_space-ACPC_desc-preproc_dwi.nii.gz	0.0	0.3158242782956577	0.1357551204214203	0.2868096640056077	0.3158242782956577	0.2868096640056077	0.1357551204214203	0.331598506142344	0.331598506142344	sub-20214	ses-1				space-ACPC			DSIStudio	autotrackgqi
ProjectionBasalGanglia_FasciculusLenticularisR	li	TORTOISE_model-MAPMRI	/scratch/executivefunction/SLURM_8364170_16/job-8364170-16-sub-20214-ses-1/ds/inputs/data/qsiprep/qsiprep/sub-20214/ses-1/dwi/sub-20214_ses-1_space-ACPC_desc-preproc_dwi.nii.gz	0.0	0.1880897432565689	0.0968855395913124	0.1634982824325561	0.1880897432565689	0.1634982824325561	0.0968855395913124	0.191796138882637	0.191796138882637	sub-20214	ses-1				space-ACPC			DSIStudio	autotrackgqi
ProjectionBasalGanglia_FasciculusLenticularisR	ng	TORTOISE_model-MAPMRI	/scratch/executivefunction/SLURM_8364170_16/job-8364170-16-sub-20214-ses-1/ds/inputs/data/qsiprep/qsiprep/sub-20214/ses-1/dwi/sub-20214_ses-1_space-ACPC_desc-preproc_dwi.nii.gz	0.0	0.2800051569938659	0.0852222219109535	0.2651166617870331	0.2800051569938659	0.2651166617870331	0.0852222219109535	0.2841838896274566	0.2841838896274566	sub-20214	ses-1				space-ACPC			DSIStudio	autotrackgqi
ProjectionBasalGanglia_FasciculusLenticularisR	ngpar	TORTOISE_model-MAPMRI	/scratch/executivefunction/SLURM_8364170_16/job-8364170-16-sub-20214-ses-1/ds/inputs/data/qsiprep/qsiprep/sub-20214/ses-1/dwi/sub-20214_ses-1_space-ACPC_desc-preproc_dwi.nii.gz	0.0	0.138709157705307	0.0383571721613407	0.1344047635793686	0.138709157705307	0.1344047635793686	0.0383571721613407	0.1393358558416366	0.1393358558416366	sub-20214	ses-1				space-ACPC			DSIStudio	autotrackgqi
ProjectionBasalGanglia_FasciculusLenticularisR	ngperp	TORTOISE_model-MAPMRI	/scratch/executivefunction/SLURM_8364170_16/job-8364170-16-sub-20214-ses-1/ds/inputs/data/qsiprep/qsiprep/sub-20214/ses-1/dwi/sub-20214_ses-1_space-ACPC_desc-preproc_dwi.nii.gz	0.0	0.2387721240520477	0.0749467611312866	0.2260280400514602	0.2387721240520477	0.2260280400514602	0.0749467611312866	0.2448939979076385	0.2448939979076385	sub-20214	ses-1				space-ACPC			DSIStudio	autotrackgqi
ProjectionBasalGanglia_FasciculusLenticularisR	pa	TORTOISE_model-MAPMRI	/scratch/executivefunction/SLURM_8364170_16/job-8364170-16-sub-20214-ses-1/ds/inputs/data/qsiprep/qsiprep/sub-20214/ses-1/dwi/sub-20214_ses-1_space-ACPC_desc-preproc_dwi.nii.gz	0.0	0.6367586255073547	0.1603710651397705	0.6298828125	0.6367586255073547	0.6298828125	0.1603710651397705	0.6600100994110107	0.6600100994110107	sub-20214	ses-1				space-ACPC			DSIStudio	autotrackgqi
ProjectionBasalGanglia_FasciculusLenticularisR	path	TORTOISE_model-MAPMRI	/scratch/executivefunction/SLURM_8364170_16/job-8364170-16-sub-20214-ses-1/ds/inputs/data/qsiprep/qsiprep/sub-20214/ses-1/dwi/sub-20214_ses-1_space-ACPC_desc-preproc_dwi.nii.gz	0.0	0.2356118410825729	0.0778939351439476	0.2184661477804184	0.2356118410825729	0.2184661477804184	0.0778939351439476	0.2433594763278961	0.2433594763278961	sub-20214	ses-1				space-ACPC			DSIStudio	autotrackgqi
ProjectionBasalGanglia_FasciculusLenticularisR	rd	TORTOISE_model-MAPMRI	/scratch/executivefunction/SLURM_8364170_16/job-8364170-16-sub-20214-ses-1/ds/inputs/data/qsiprep/qsiprep/sub-20214/ses-1/dwi/sub-20214_ses-1_space-ACPC_desc-preproc_dwi.nii.gz	0.0	864.9584360263199	461.36723507697417	705.308675324805	864.9584360263199	705.308675324805	461.36723507697417	861.7082405699151	861.7082405699151	sub-20214	ses-1				space-ACPC			DSIStudio	autotrackgqi
ProjectionBasalGanglia_FasciculusLenticularisR	rtap	TORTOISE_model-MAPMRI	/scratch/executivefunction/SLURM_8364170_16/job-8364170-16-sub-20214-ses-1/ds/inputs/data/qsiprep/qsiprep/sub-20214/ses-1/dwi/sub-20214_ses-1_space-ACPC_desc-preproc_dwi.nii.gz	0.0	0.0092120748013257	0.0037662314716726	0.0093526234850287	0.0092120748013257	0.0093526234850287	0.0037662314716726	0.0090511087328195	0.0090511087328195	sub-20214	ses-1				space-ACPC			DSIStudio	autotrackgqi
ProjectionBasalGanglia_FasciculusLenticularisR	rtop	TORTOISE_model-MAPMRI	/scratch/executivefunction/SLURM_8364170_16/job-8364170-16-sub-20214-ses-1/ds/inputs/data/qsiprep/qsiprep/sub-20214/ses-1/dwi/sub-20214_ses-1_space-ACPC_desc-preproc_dwi.nii.gz	0.0	0.000177561174496	7.13767294655554e-05	0.0001910976279759	0.000177561174496	0.0001910976279759	7.13767294655554e-05	0.0001698039413895	0.0001698039413895	sub-20214	ses-1				space-ACPC			DSIStudio	autotrackgqi
ProjectionBasalGanglia_FasciculusLenticularisR	rtpp	TORTOISE_model-MAPMRI	/scratch/executivefunction/SLURM_8364170_16/job-8364170-16-sub-20214-ses-1/ds/inputs/data/qsiprep/qsiprep/sub-20214/ses-1/dwi/sub-20214_ses-1_space-ACPC_desc-preproc_dwi.nii.gz	0.0	0.0416126810014247	0.0078582856804132	0.0444287844002246	0.0416126810014247	0.0444287844002246	0.0078582856804132	0.0404231734573841	0.0404231734573841	sub-20214	ses-1				space-ACPC			DSIStudio	autotrackgqi
ProjectionBrainstem_CorticobulbarTractR	ad	TORTOISE_model-MAPMRI	/scratch/executivefunction/SLURM_8364170_16/job-8364170-16-sub-20214-ses-1/ds/inputs/data/qsiprep/qsiprep/sub-20214/ses-1/dwi/sub-20214_ses-1_space-ACPC_desc-preproc_dwi.nii.gz	0.0	1215.109019806681	229.55135869105152	1191.978800198488	1215.109019806681	1191.978800198488	229.55135869105152	1236.288024917013	1236.288024917013	sub-20214	ses-1				space-ACPC			DSIStudio	autotrackgqi
ProjectionBrainstem_CorticobulbarTractR	am	TORTOISE_model-MAPMRI	/scratch/executivefunction/SLURM_8364170_16/job-8364170-16-sub-20214-ses-1/ds/inputs/data/qsiprep/qsiprep/sub-20214/ses-1/dwi/sub-20214_ses-1_space-ACPC_desc-preproc_dwi.nii.gz	0.0	617.0684204101562	200.4681854248047	534.5462646484375	617.0684204101562	534.5462646484375	200.4681854248047	550.505859375	550.505859375	sub-20214	ses-1				space-ACPC			DSIStudio	autotrackgqi
ProjectionBrainstem_CorticobulbarTractR	fa	TORTOISE_model-MAPMRI	/scratch/executivefunction/SLURM_8364170_16/job-8364170-16-sub-20214-ses-1/ds/inputs/data/qsiprep/qsiprep/sub-20214/ses-1/dwi/sub-20214_ses-1_space-ACPC_desc-preproc_dwi.nii.gz	0.0	0.4482500693789095	0.175421867427726	0.4707009941798291	0.4482500693789095	0.4707009941798291	0.175421867427726	0.5100028591291617	0.5100028591291617	sub-20214	ses-1				space-ACPC			DSIStudio	autotrackgqi
ProjectionBrainstem_CorticobulbarTractR	li	TORTOISE_model-MAPMRI	/scratch/executivefunction/SLURM_8364170_16/job-8364170-16-sub-20214-ses-1/ds/inputs/data/qsiprep/qsiprep/sub-20214/ses-1/dwi/sub-20214_ses-1_space-ACPC_desc-preproc_dwi.nii.gz	0.0	0.3057225942611694	0.150210902094841	0.3119620680809021	0.3057225942611694	0.3119620680809021	0.150210902094841	0.3567836582660675	0.3567836582660675	sub-20214	ses-1				space-ACPC			DSIStudio	autotrackgqi
ProjectionBrainstem_CorticobulbarTractR	ng	TORTOISE_model-MAPMRI	/scratch/executivefunction/SLURM_8364170_16/job-8364170-16-sub-20214-ses-1/ds/inputs/data/qsiprep/qsiprep/sub-20214/ses-1/dwi/sub-20214_ses-1_space-ACPC_desc-preproc_dwi.nii.gz	0.0	0.3282836675643921	0.0748387277126312	0.3592807352542877	0.3282836675643921	0.3592807352542877	0.0748387277126312	0.3533452749252319	0.3533452749252319	sub-20214	ses-1				space-ACPC			DSIStudio	autotrackgqi
ProjectionBrainstem_CorticobulbarTractR	ngpar	TORTOISE_model-MAPMRI	/scratch/executivefunction/SLURM_8364170_16/job-8364170-16-sub-20214-ses-1/ds/inputs/data/qsiprep/qsiprep/sub-20214/ses-1/dwi/sub-20214_ses-1_space-ACPC_desc-preproc_dwi.nii.gz	0.0	0.1458315700292587	0.037919670343399	0.1466293185949325	0.1458315700292587	0.1466293185949325	0.037919670343399	0.1510570645332336	0.1510570645332336	sub-20214	ses-1				space-ACPC			DSIStudio	autotrackgqi
ProjectionBrainstem_CorticobulbarTractR	ngperp	TORTOISE_model-MAPMRI	/scratch/executivefunction/SLURM_8364170_16/job-8364170-16-sub-20214-ses-1/ds/inputs/data/qsiprep/qsiprep/sub-20214/ses-1/dwi/sub-20214_ses-1_space-ACPC_desc-preproc_dwi.nii.gz	0.0	0.2820133566856384	0.0622312650084495	0.3067456781864166	0.2820133566856384	0.3067456781864166	0.0622312650084495	0.3038817048072815	0.3038817048072815	sub-20214	ses-1				space-ACPC			DSIStudio	autotrackgqi
ProjectionBrainstem_CorticobulbarTractR	pa	TORTOISE_model-MAPMRI	/scratch/executivefunction/SLURM_8364170_16/job-8364170-16-sub-20214-ses-1/ds/inputs/data/qsiprep/qsiprep/sub-20214/ses-1/dwi/sub-20214_ses-1_space-ACPC_desc-preproc_dwi.nii.gz	0.0	0.7814294099807739	0.2077143937349319	0.8583338260650635	0.7814294099807739	0.8583338260650635	0.2077143937349319	0.8561059832572937	0.8561059832572937	sub-20214	ses-1				space-ACPC			DSIStudio	autotrackgqi
ProjectionBrainstem_CorticobulbarTractR	path	TORTOISE_model-MAPMRI	/scratch/executivefunction/SLURM_8364170_16/job-8364170-16-sub-20214-ses-1/ds/inputs/data/qsiprep/qsiprep/sub-20214/ses-1/dwi/sub-20214_ses-1_space-ACPC_desc-preproc_dwi.nii.gz	0.0	0.3249044418334961	0.1085798293352127	0.3351184427738189	0.3249044418334961	0.3351184427738189	0.1085798293352127	0.3633713126182556	0.3633713126182556	sub-20214	ses-1				space-ACPC			DSIStudio	autotrackgqi
ProjectionBrainstem_CorticobulbarTractR	rd	TORTOISE_model-MAPMRI	/scratch/executivefunction/SLURM_8364170_16/job-8364170-16-sub-20214-ses-1/ds/inputs/data/qsiprep/qsiprep/sub-20214/ses-1/dwi/sub-20214_ses-1_space-ACPC_desc-preproc_dwi.nii.gz	0.0	594.6175028311179	220.8862163595632	552.6520758306033	594.6175028311179	552.6520758306033	220.8862163595632	530.7787862024596	530.7787862024596	sub-20214	ses-1				space-ACPC			DSIStudio	autotrackgqi
ProjectionBrainstem_CorticobulbarTractR	rtap	TORTOISE_model-MAPMRI	/scratch/executivefunction/SLURM_8364170_16/job-8364170-16-sub-20214-ses-1/ds/inputs/data/qsiprep/qsiprep/sub-20214/ses-1/dwi/sub-20214_ses-1_space-ACPC_desc-preproc_dwi.nii.gz	0.0	0.0147471306845545	0.0055551896803081	0.0147491348907351	0.0147471306845545	0.0147491348907351	0.0055551896803081	0.0165070798248052	0.0165070798248052	sub-20214	ses-1				space-ACPC			DSIStudio	autotrackgqi
ProjectionBrainstem_CorticobulbarTractR	rtop	TORTOISE_model-MAPMRI	/scratch/executivefunction/SLURM_8364170_16/job-8364170-16-sub-20214-ses-1/ds/inputs/data/qsiprep/qsiprep/sub-20214/ses-1/dwi/sub-20214_ses-1_space-ACPC_desc-preproc_dwi.nii.gz	0.0	0.0002904489228967	0.0001019336923491	0.0003056190325878	0.0002904489228967	0.0003056190325878	0.0001019336923491	0.000323348067468	0.000323348067468	sub-20214	ses-1				space-ACPC			DSIStudio	autotrackgqi
ProjectionBrainstem_CorticobulbarTractR	rtpp	TORTOISE_model-MAPMRI	/scratch/executivefunction/SLURM_8364170_16/job-8364170-16-sub-20214-ses-1/ds/inputs/data/qsiprep/qsiprep/sub-20214/ses-1/dwi/sub-20214_ses-1_space-ACPC_desc-preproc_dwi.nii.gz	0.0	0.0439436249434948	0.0042749103158712	0.0439464040100574	0.0439436249434948	0.0439464040100574	0.0042749103158712	0.0435823462903499	0.0435823462903499	sub-20214	ses-1				space-ACPC			DSIStudio	autotrackgqi
ProjectionBasalGanglia_OpticRadiationL	ad	TORTOISE_model-MAPMRI	/scratch/executivefunction/SLURM_8364170_16/job-8364170-16-sub-20214-ses-1/ds/inputs/data/qsiprep/qsiprep/sub-20214/ses-1/dwi/sub-20214_ses-1_space-ACPC_desc-preproc_dwi.nii.gz	0.0	1252.5547382235054	384.0494911933338	1159.9707901773409	1252.5547382235054	1159.9707901773409	384.0494911933338	1309.5286671200347	1309.5287799363202	sub-20214	ses-1				space-ACPC			DSIStudio	autotrackgqi
ProjectionBasalGanglia_OpticRadiationL	am	TORTOISE_model-MAPMRI	/scratch/executivefunction/SLURM_8364170_16/job-8364170-16-sub-20214-ses-1/ds/inputs/data/qsiprep/qsiprep/sub-20214/ses-1/dwi/sub-20214_ses-1_space-ACPC_desc-preproc_dwi.nii.gz	0.0	690.9591064453125	277.15557861328125	629.4434814453125	690.9591064453125	629.4434814453125	277.15557861328125	554.4277954101562	554.4278564453125	sub-20214	ses-1				space-ACPC			DSIStudio	autotrackgqi
ProjectionBasalGanglia_OpticRadiationL	fa	TORTOISE_model-MAPMRI	/scratch/executivefunction/SLURM_8364170_16/job-8364170-16-sub-20214-ses-1/ds/inputs/data/qsiprep/qsiprep/sub-20214/ses-1/dwi/sub-20214_ses-1_space-ACPC_desc-preproc_dwi.nii.gz	0.0	0.3792190917186428	0.2096813687412993	0.3684375062572038	0.3792190917186428	0.3684375062572038	0.2096813687412993	0.5119647843699398	0.5119648285948443	sub-20214	ses-1				space-ACPC			DSIStudio	autotrackgqi
ProjectionBasalGanglia_OpticRadiationL	li	TORTOISE_model-MAPMRI	/scratch/executivefunction/SLURM_8364170_16/job-8364170-16-sub-20214-ses-1/ds/inputs/data/qsiprep/qsiprep/sub-20214/ses-1/dwi/sub-20214_ses-1_space-ACPC_desc-preproc_dwi.nii.gz	0.0	0.237556979060173	0.1696899682283401	0.208150029182434	0.237556979060173	0.208150029182434	0.1696899682283401	0.3526040911674499	0.3526041209697723	sub-20214	ses-1				space-ACPC			DSIStudio	autotrackgqi
ProjectionBasalGanglia_OpticRadiationL	ng	TORTOISE_model-MAPMRI	/scratch/executivefunction/SLURM_8364170_16/job-8364170-16-sub-20214-ses-1/ds/inputs/data/qsiprep/qsiprep/sub-20214/ses-1/dwi/sub-20214_ses-1_space-ACPC_desc-preproc_dwi.nii.gz	0.0	0.310802698135376	0.0699436515569686	0.3198699951171875	0.310802698135376	0.3198699951171875	0.0699436515569686	0.328520268201828	0.328520268201828	sub-20214	ses-1				space-ACPC			DSIStudio	autotrackgqi
ProjectionBasalGanglia_OpticRadiationL	ngpar	TORTOISE_model-MAPMRI	/scratch/executivefunction/SLURM_8364170_16/job-8364170-16-sub-20214-ses-1/ds/inputs/data/qsiprep/qsiprep/sub-20214/ses-1/dwi/sub-20214_ses-1_space-ACPC_desc-preproc_dwi.nii.gz	0.0	0.1367410272359848	0.0437852144241333	0.1346426904201507	0.1367410272359848	0.1346426904201507	0.0437852144241333	0.1183196231722831	0.1183196231722831	sub-20214	ses-1				space-ACPC			DSIStudio	autotrackgqi
ProjectionBasalGanglia_OpticRadiationL	ngperp	TORTOISE_model-MAPMRI	/scratch/executivefunction/SLURM_8364170_16/job-8364170-16-sub-20214-ses-1/ds/inputs/data/qsiprep/qsiprep/sub-20214/ses-1/dwi/sub-20214_ses-1_space-ACPC_desc-preproc_dwi.nii.gz	0.0	0.266279935836792	0.068500742316246	0.2708902359008789	0.266279935836792	0.2708902359008789	0.068500742316246	0.2851226329803467	0.285122662782669	sub-20214	ses-1				space-ACPC			DSIStudio	autotrackgqi
ProjectionBasalGanglia_OpticRadiationL	pa	TORTOISE_model-MAPMRI	/scratch/executivefunction/SLURM_8364170_16/job-8364170-16-sub-20214-ses-1/ds/inputs/data/qsiprep/qsiprep/sub-20214/ses-1/dwi/sub-20214_ses-1_space-ACPC_desc-preproc_dwi.nii.gz	0.0	0.6965650320053101	0.2404006272554397	0.7741492390632629	0.6965650320053101	0.7741492390632629	0.2404006272554397	0.8293742537498474	0.8293743133544922	sub-20214	ses-1				space-ACPC			DSIStudio	autotrackgqi
ProjectionBasalGanglia_OpticRadiationL	path	TORTOISE_model-MAPMRI	/scratch/executivefunction/SLURM_8364170_16/job-8364170-16-sub-20214-ses-1/ds/inputs/data/qsiprep/qsiprep/sub-20214/ses-1/dwi/sub-20214_ses-1_space-ACPC_desc-preproc_dwi.nii.gz	0.0	0.288824588060379	0.1276527643203735	0.2802968621253967	0.288824588060379	0.2802968621253967	0.1276527643203735	0.3654459714889526	0.3654459714889526	sub-20214	ses-1				space-ACPC			DSIStudio	autotrackgqi
ProjectionBasalGanglia_OpticRadiationL	rd	TORTOISE_model-MAPMRI	/scratch/executivefunction/SLURM_8364170_16/job-8364170-16-sub-20214-ses-1/ds/inputs/data/qsiprep/qsiprep/sub-20214/ses-1/dwi/sub-20214_ses-1_space-ACPC_desc-preproc_dwi.nii.gz	0.0	684.734567542382	320.80542159151594	617.723440354311	684.734567542382	617.723440354311	320.80542159151594	538.2284592942976	538.2285057784436	sub-20214	ses-1				space-ACPC			DSIStudio	autotrackgqi
ProjectionBasalGanglia_OpticRadiationL	rtap	TORTOISE_model-MAPMRI	/scratch/executivefunction/SLURM_8364170_16/job-8364170-16-sub-20214-ses-1/ds/inputs/data/qsiprep/qsiprep/sub-20214/ses-1/dwi/sub-20214_ses-1_space-ACPC_desc-preproc_dwi.nii.gz	0.0003533568904593	0.012708755210042	0.0058010150678455	0.0117239849641919	0.0127132479101419	0.0117269856855273	0.0057971165515482	0.0163377150893211	0.0163648556917905	sub-20214	ses-1				space-ACPC			DSIStudio	autotrackgqi
ProjectionBasalGanglia_OpticRadiationL	rtop	TORTOISE_model-MAPMRI	/scratch/executivefunction/SLURM_8364170_16/job-8364170-16-sub-20214-ses-1/ds/inputs/data/qsiprep/qsiprep/sub-20214/ses-1/dwi/sub-20214_ses-1_space-ACPC_desc-preproc_dwi.nii.gz	0.0007067137809187	0.0002410499000689	8.813435852061957e-05	0.0002414689806755	0.0002412203757558	0.0002414917980786	8.79319995874539e-05	0.0002911750634666	0.0002916867379099	sub-20214	ses-1				space-ACPC			DSIStudio	autotrackgqi
ProjectionBasalGanglia_OpticRadiationL	rtpp	TORTOISE_model-MAPMRI	/scratch/executivefunction/SLURM_8364170_16/job-8364170-16-sub-20214-ses-1/ds/inputs/data/qsiprep/qsiprep/sub-20214/ses-1/dwi/sub-20214_ses-1_space-ACPC_desc-preproc_dwi.nii.gz	0.0	0.0436235107481479	0.006088406778872	0.0442584082484245	0.0436235107481479	0.0442584082484245	0.006088406778872	0.0423883683979511	0.0423883721232414	sub-20214	ses-1				space-ACPC			DSIStudio	autotrackgqi
ProjectionBrainstem_MedialLemniscusR	ad	TORTOISE_model-MAPMRI	/scratch/executivefunction/SLURM_8364170_16/job-8364170-16-sub-20214-ses-1/ds/inputs/data/qsiprep/qsiprep/sub-20214/ses-1/dwi/sub-20214_ses-1_space-ACPC_desc-preproc_dwi.nii.gz	0.0	1251.5521763744955	358.28906803520323	1170.7290899160816	1251.5521763744955	1170.7290899160816	358.28906803520323	1231.6319012329625	1231.6319012329625	sub-20214	ses-1				space-ACPC			DSIStudio	autotrackgqi
ProjectionBrainstem_MedialLemniscusR	am	TORTOISE_model-MAPMRI	/scratch/executivefunction/SLURM_8364170_16/job-8364170-16-sub-20214-ses-1/ds/inputs/data/qsiprep/qsiprep/sub-20214/ses-1/dwi/sub-20214_ses-1_space-ACPC_desc-preproc_dwi.nii.gz	0.0	614.4727172851562	144.36026000976562	566.8680419921875	614.4727172851562	566.8680419921875	144.36026000976562	571.5831298828125	571.5831298828125	sub-20214	ses-1				space-ACPC			DSIStudio	autotrackgqi
ProjectionBrainstem_MedialLemniscusR	fa	TORTOISE_model-MAPMRI	/scratch/executivefunction/SLURM_8364170_16/job-8364170-16-sub-20214-ses-1/ds/inputs/data/qsiprep/qsiprep/sub-20214/ses-1/dwi/sub-20214_ses-1_space-ACPC_desc-preproc_dwi.nii.gz	0.0	0.4030199154166647	0.1801424204607554	0.411184097812044	0.4030199154166647	0.411184097812044	0.1801424204607554	0.4689938003414214	0.4689938003414214	sub-20214	ses-1				space-ACPC			DSIStudio	autotrackgqi
ProjectionBrainstem_MedialLemniscusR	li	TORTOISE_model-MAPMRI	/scratch/executivefunction/SLURM_8364170_16/job-8364170-16-sub-20214-ses-1/ds/inputs/data/qsiprep/qsiprep/sub-20214/ses-1/dwi/sub-20214_ses-1_space-ACPC_desc-preproc_dwi.nii.gz	0.0	0.2539301216602325	0.1432745903730392	0.2417063415050506	0.2539301216602325	0.2417063415050506	0.1432745903730392	0.3046866059303283	0.3046866059303283	sub-20214	ses-1				space-ACPC			DSIStudio	autotrackgqi
ProjectionBrainstem_MedialLemniscusR	ng	TORTOISE_model-MAPMRI	/scratch/executivefunction/SLURM_8364170_16/job-8364170-16-sub-20214-ses-1/ds/inputs/data/qsiprep/qsiprep/sub-20214/ses-1/dwi/sub-20214_ses-1_space-ACPC_desc-preproc_dwi.nii.gz	0.0	0.320109099149704	0.0690883994102478	0.3323979079723358	0.320109099149704	0.3323979079723358	0.0690883994102478	0.3206673860549927	0.3206673860549927	sub-20214	ses-1				space-ACPC			DSIStudio	autotrackgqi
ProjectionBrainstem_MedialLemniscusR	ngpar	TORTOISE_model-MAPMRI	/scratch/executivefunction/SLURM_8364170_16/job-8364170-16-sub-20214-ses-1/ds/inputs/data/qsiprep/qsiprep/sub-20214/ses-1/dwi/sub-20214_ses-1_space-ACPC_desc-preproc_dwi.nii.gz	0.0	0.1361313909292221	0.0366189368069171	0.1323890388011932	0.1361313909292221	0.1323890388011932	0.0366189368069171	0.1351754814386367	0.1351754814386367	sub-20214	ses-1				space-ACPC			DSIStudio	autotrackgqi
ProjectionBrainstem_MedialLemniscusR	ngperp	TORTOISE_model-MAPMRI	/scratch/executivefunction/SLURM_8364170_16/job-8364170-16-sub-20214-ses-1/ds/inputs/data/qsiprep/qsiprep/sub-20214/ses-1/dwi/sub-20214_ses-1_space-ACPC_desc-preproc_dwi.nii.gz	0.0	0.2776916623115539	0.060593519359827	0.2851954698562622	0.2776916623115539	0.2851954698562622	0.060593519359827	0.281217098236084	0.281217098236084	sub-20214	ses-1				space-ACPC			DSIStudio	autotrackgqi
ProjectionBrainstem_MedialLemniscusR	pa	TORTOISE_model-MAPMRI	/scratch/executivefunction/SLURM_8364170_16/job-8364170-16-sub-20214-ses-1/ds/inputs/data/qsiprep/qsiprep/sub-20214/ses-1/dwi/sub-20214_ses-1_space-ACPC_desc-preproc_dwi.nii.gz	0.0	0.7492668628692627	0.1984458267688751	0.8101724982261658	0.7492668628692627	0.8101724982261658	0.1984458267688751	0.80906081199646	0.80906081199646	sub-20214	ses-1				space-ACPC			DSIStudio	autotrackgqi
ProjectionBrainstem_MedialLemniscusR	path	TORTOISE_model-MAPMRI	/scratch/executivefunction/SLURM_8364170_16/job-8364170-16-sub-20214-ses-1/ds/inputs/data/qsiprep/qsiprep/sub-20214/ses-1/dwi/sub-20214_ses-1_space-ACPC_desc-preproc_dwi.nii.gz	0.0	0.3024369478225708	0.1054708063602447	0.3009998798370361	0.3024369478225708	0.3009998798370361	0.1054708063602447	0.3293279707431793	0.3293279707431793	sub-20214	ses-1				space-ACPC			DSIStudio	autotrackgqi
ProjectionBrainstem_MedialLemniscusR	rd	TORTOISE_model-MAPMRI	/scratch/executivefunction/SLURM_8364170_16/job-8364170-16-sub-20214-ses-1/ds/inputs/data/qsiprep/qsiprep/sub-20214/ses-1/dwi/sub-20214_ses-1_space-ACPC_desc-preproc_dwi.nii.gz	0.0	666.8305598784823	319.2826795640859	590.4296618100584	666.8305598784823	590.4296618100584	319.2826795640859	564.4090955024536	564.4090955024536	sub-20214	ses-1				space-ACPC			DSIStudio	autotrackgqi
ProjectionBrainstem_MedialLemniscusR	rtap	TORTOISE_model-MAPMRI	/scratch/executivefunction/SLURM_8364170_16/job-8364170-16-sub-20214-ses-1/ds/inputs/data/qsiprep/qsiprep/sub-20214/ses-1/dwi/sub-20214_ses-1_space-ACPC_desc-preproc_dwi.nii.gz	0.0	0.0130899744108319	0.0049551590345799	0.0127314403653144	0.0130899744108319	0.0127314403653144	0.0049551590345799	0.0144933331757783	0.0144933331757783	sub-20214	ses-1				space-ACPC			DSIStudio	autotrackgqi
ProjectionBrainstem_MedialLemniscusR	rtop	TORTOISE_model-MAPMRI	/scratch/executivefunction/SLURM_8364170_16/job-8364170-16-sub-20214-ses-1/ds/inputs/data/qsiprep/qsiprep/sub-20214/ses-1/dwi/sub-20214_ses-1_space-ACPC_desc-preproc_dwi.nii.gz	0.0	0.0002520879206713	8.40624124975875e-05	0.0002568798372521	0.0002520879206713	0.0002568798372521	8.40624124975875e-05	0.000277588434983	0.000277588434983	sub-20214	ses-1				space-ACPC			DSIStudio	autotrackgqi
ProjectionBrainstem_MedialLemniscusR	rtpp	TORTOISE_model-MAPMRI	/scratch/executivefunction/SLURM_8364170_16/job-8364170-16-sub-20214-ses-1/ds/inputs/data/qsiprep/qsiprep/sub-20214/ses-1/dwi/sub-20214_ses-1_space-ACPC_desc-preproc_dwi.nii.gz	0.0	0.0434681996703147	0.0056528411805629	0.0441805571317672	0.0434681996703147	0.0441805571317672	0.0056528411805629	0.0434620976448059	0.0434620976448059	sub-20214	ses-1				space-ACPC			DSIStudio	autotrackgqi
ProjectionBasalGanglia_OpticRadiationR	ad	TORTOISE_model-MAPMRI	/scratch/executivefunction/SLURM_8364170_16/job-8364170-16-sub-20214-ses-1/ds/inputs/data/qsiprep/qsiprep/sub-20214/ses-1/dwi/sub-20214_ses-1_space-ACPC_desc-preproc_dwi.nii.gz	0.0	1307.8761900604816	463.1502114747305	1201.3348274204016	1307.8761900604816	1201.3348274204016	463.1502114747305	1367.2513548669745	1367.2513548669745	sub-20214	ses-1				space-ACPC			DSIStudio	autotrackgqi
ProjectionBasalGanglia_OpticRadiationR	am	TORTOISE_model-MAPMRI	/scratch/executivefunction/SLURM_8364170_16/job-8364170-16-sub-20214-ses-1/ds/inputs/data/qsiprep/qsiprep/sub-20214/ses-1/dwi/sub-20214_ses-1_space-ACPC_desc-preproc_dwi.nii.gz	0.0	701.2229614257812	261.0355224609375	651.3858032226562	701.2229614257812	651.3858032226562	261.0355224609375	583.1405029296875	583.1405029296875	sub-20214	ses-1				space-ACPC			DSIStudio	autotrackgqi
ProjectionBasalGanglia_OpticRadiationR	fa	TORTOISE_model-MAPMRI	/scratch/executivefunction/SLURM_8364170_16/job-8364170-16-sub-20214-ses-1/ds/inputs/data/qsiprep/qsiprep/sub-20214/ses-1/dwi/sub-20214_ses-1_space-ACPC_desc-preproc_dwi.nii.gz	0.0	0.3479407709237376	0.2103734684675413	0.3044114551492854	0.3479407709237376	0.3044114551492854	0.2103734684675413	0.4806224026990072	0.4806224026990072	sub-20214	ses-1				space-ACPC			DSIStudio	autotrackgqi
ProjectionBasalGanglia_OpticRadiationR	li	TORTOISE_model-MAPMRI	/scratch/executivefunction/SLURM_8364170_16/job-8364170-16-sub-20214-ses-1/ds/inputs/data/qsiprep/qsiprep/sub-20214/ses-1/dwi/sub-20214_ses-1_space-ACPC_desc-preproc_dwi.nii.gz	0.0	0.2107923775911331	0.165864422917366	0.1557983607053756	0.2107923775911331	0.1557983607053756	0.165864422917366	0.328153133392334	0.328153133392334	sub-20214	ses-1				space-ACPC			DSIStudio	autotrackgqi
ProjectionBasalGanglia_OpticRadiationR	ng	TORTOISE_model-MAPMRI	/scratch/executivefunction/SLURM_8364170_16/job-8364170-16-sub-20214-ses-1/ds/inputs/data/qsiprep/qsiprep/sub-20214/ses-1/dwi/sub-20214_ses-1_space-ACPC_desc-preproc_dwi.nii.gz	0.0	0.2938740849494934	0.0759247839450836	0.2951857447624206	0.2938740849494934	0.2951857447624206	0.0759247839450836	0.3247271478176117	0.3247271478176117	sub-20214	ses-1				space-ACPC			DSIStudio	autotrackgqi
ProjectionBasalGanglia_OpticRadiationR	ngpar	TORTOISE_model-MAPMRI	/scratch/executivefunction/SLURM_8364170_16/job-8364170-16-sub-20214-ses-1/ds/inputs/data/qsiprep/qsiprep/sub-20214/ses-1/dwi/sub-20214_ses-1_space-ACPC_desc-preproc_dwi.nii.gz	0.0	0.1434321999549865	0.0501519776880741	0.1354313641786575	0.1434321999549865	0.1354313641786575	0.0501519776880741	0.131662517786026	0.131662517786026	sub-20214	ses-1				space-ACPC			DSIStudio	autotrackgqi
ProjectionBasalGanglia_OpticRadiationR	ngperp	TORTOISE_model-MAPMRI	/scratch/executivefunction/SLURM_8364170_16/job-8364170-16-sub-20214-ses-1/ds/inputs/data/qsiprep/qsiprep/sub-20214/ses-1/dwi/sub-20214_ses-1_space-ACPC_desc-preproc_dwi.nii.gz	0.0	0.247972622513771	0.0742923840880394	0.2448352128267288	0.247972622513771	0.2448352128267288	0.0742923840880394	0.2847038507461548	0.2847038507461548	sub-20214	ses-1				space-ACPC			DSIStudio	autotrackgqi
ProjectionBasalGanglia_OpticRadiationR	pa	TORTOISE_model-MAPMRI	/scratch/executivefunction/SLURM_8364170_16/job-8364170-16-sub-20214-ses-1/ds/inputs/data/qsiprep/qsiprep/sub-20214/ses-1/dwi/sub-20214_ses-1_space-ACPC_desc-preproc_dwi.nii.gz	0.0	0.6415399312973022	0.2472139447927475	0.6514155268669128	0.6415399312973022	0.6514155268669128	0.2472139447927475	0.8034759759902954	0.8034759759902954	sub-20214	ses-1				space-ACPC			DSIStudio	autotrackgqi
ProjectionBasalGanglia_OpticRadiationR	path	TORTOISE_model-MAPMRI	/scratch/executivefunction/SLURM_8364170_16/job-8364170-16-sub-20214-ses-1/ds/inputs/data/qsiprep/qsiprep/sub-20214/ses-1/dwi/sub-20214_ses-1_space-ACPC_desc-preproc_dwi.nii.gz	0.0	0.2625033259391784	0.1277899593114853	0.2263007313013076	0.2625033259391784	0.2263007313013076	0.1277899593114853	0.343076229095459	0.343076229095459	sub-20214	ses-1				space-ACPC			DSIStudio	autotrackgqi
ProjectionBasalGanglia_OpticRadiationR	rd	TORTOISE_model-MAPMRI	/scratch/executivefunction/SLURM_8364170_16/job-8364170-16-sub-20214-ses-1/ds/inputs/data/qsiprep/qsiprep/sub-20214/ses-1/dwi/sub-20214_ses-1_space-ACPC_desc-preproc_dwi.nii.gz	0.0	762.2002638922346	408.3163248813602	652.1845809079117	762.2002638922346	652.1845809079117	408.3163248813602	619.2186270173548	619.2186270173548	sub-20214	ses-1				space-ACPC			DSIStudio	autotrackgqi
ProjectionBasalGanglia_OpticRadiationR	rtap	TORTOISE_model-MAPMRI	/scratch/executivefunction/SLURM_8364170_16/job-8364170-16-sub-20214-ses-1/ds/inputs/data/qsiprep/qsiprep/sub-20214/ses-1/dwi/sub-20214_ses-1_space-ACPC_desc-preproc_dwi.nii.gz	0.000390167772142	0.0114296153187751	0.005906471516937	0.0099487509578466	0.0114340763539075	0.0099490657448768	0.0059033050201833	0.0145974587649106	0.0145975723862648	sub-20214	ses-1				space-ACPC			DSIStudio	autotrackgqi
ProjectionBasalGanglia_OpticRadiationR	rtop	TORTOISE_model-MAPMRI	/scratch/executivefunction/SLURM_8364170_16/job-8364170-16-sub-20214-ses-1/ds/inputs/data/qsiprep/qsiprep/sub-20214/ses-1/dwi/sub-20214_ses-1_space-ACPC_desc-preproc_dwi.nii.gz	0.000390167772142	0.0002175531844841	9.517460421193392e-05	0.0002141994918929	0.0002176380949094	0.0002142196462955	9.50960529735312e-05	0.0002644340565893	0.0002644361229613	sub-20214	ses-1				space-ACPC			DSIStudio	autotrackgqi
ProjectionBasalGanglia_OpticRadiationR	rtpp	TORTOISE_model-MAPMRI	/scratch/executivefunction/SLURM_8364170_16/job-8364170-16-sub-20214-ses-1/ds/inputs/data/qsiprep/qsiprep/sub-20214/ses-1/dwi/sub-20214_ses-1_space-ACPC_desc-preproc_dwi.nii.gz	0.0	0.0427493043243885	0.0070656561292707	0.0436024107038974	0.0427493043243885	0.0436024107038974	0.0070656561292707	0.041173480451107	0.041173480451107	sub-20214	ses-1				space-ACPC			DSIStudio	autotrackgqi
ProjectionBasalGanglia_AcousticRadiationR	ad	TORTOISE_model-MAPMRI	/scratch/executivefunction/SLURM_8364170_16/job-8364170-16-sub-20214-ses-1/ds/inputs/data/qsiprep/qsiprep/sub-20214/ses-1/dwi/sub-20214_ses-1_space-ACPC_desc-preproc_dwi.nii.gz	0.0	1388.408344707057	526.3245212220063	1233.6122883955586	1388.408344707057	1233.6122883955586	526.3245212220063	1303.7946384137383	1303.7946384137383	sub-20214	ses-1				space-ACPC			DSIStudio	autotrackgqi
ProjectionBasalGanglia_AcousticRadiationR	am	TORTOISE_model-MAPMRI	/scratch/executivefunction/SLURM_8364170_16/job-8364170-16-sub-20214-ses-1/ds/inputs/data/qsiprep/qsiprep/sub-20214/ses-1/dwi/sub-20214_ses-1_space-ACPC_desc-preproc_dwi.nii.gz	0.0	596.919677734375	169.9943084716797	541.0581665039062	596.919677734375	541.0581665039062	169.9943084716797	563.44287109375	563.44287109375	sub-20214	ses-1				space-ACPC			DSIStudio	autotrackgqi
ProjectionBasalGanglia_AcousticRadiationR	fa	TORTOISE_model-MAPMRI	/scratch/executivefunction/SLURM_8364170_16/job-8364170-16-sub-20214-ses-1/ds/inputs/data/qsiprep/qsiprep/sub-20214/ses-1/dwi/sub-20214_ses-1_space-ACPC_desc-preproc_dwi.nii.gz	0.0	0.3907855211674536	0.1837298164063997	0.3983913501943529	0.3907855211674536	0.3983913501943529	0.1837298164063997	0.4189690546246016	0.4189690546246016	sub-20214	ses-1				space-ACPC			DSIStudio	autotrackgqi
ProjectionBasalGanglia_AcousticRadiationR	li	TORTOISE_model-MAPMRI	/scratch/executivefunction/SLURM_8364170_16/job-8364170-16-sub-20214-ses-1/ds/inputs/data/qsiprep/qsiprep/sub-20214/ses-1/dwi/sub-20214_ses-1_space-ACPC_desc-preproc_dwi.nii.gz	0.0	0.2440826892852783	0.1394841223955154	0.2367597073316574	0.2440826892852783	0.2367597073316574	0.1394841223955154	0.2608707249164581	0.2608707249164581	sub-20214	ses-1				space-ACPC			DSIStudio	autotrackgqi
ProjectionBasalGanglia_AcousticRadiationR	ng	TORTOISE_model-MAPMRI	/scratch/executivefunction/SLURM_8364170_16/job-8364170-16-sub-20214-ses-1/ds/inputs/data/qsiprep/qsiprep/sub-20214/ses-1/dwi/sub-20214_ses-1_space-ACPC_desc-preproc_dwi.nii.gz	0.0	0.3120984733104706	0.0894037932157516	0.3350102603435516	0.3120984733104706	0.3350102603435516	0.0894037932157516	0.3178302645683288	0.3178302645683288	sub-20214	ses-1				space-ACPC			DSIStudio	autotrackgqi
ProjectionBasalGanglia_AcousticRadiationR	ngpar	TORTOISE_model-MAPMRI	/scratch/executivefunction/SLURM_8364170_16/job-8364170-16-sub-20214-ses-1/ds/inputs/data/qsiprep/qsiprep/sub-20214/ses-1/dwi/sub-20214_ses-1_space-ACPC_desc-preproc_dwi.nii.gz	0.0	0.134320393204689	0.0361508876085281	0.1329501867294311	0.134320393204689	0.1329501867294311	0.0361508876085281	0.1348363012075424	0.1348363012075424	sub-20214	ses-1				space-ACPC			DSIStudio	autotrackgqi
ProjectionBasalGanglia_AcousticRadiationR	ngperp	TORTOISE_model-MAPMRI	/scratch/executivefunction/SLURM_8364170_16/job-8364170-16-sub-20214-ses-1/ds/inputs/data/qsiprep/qsiprep/sub-20214/ses-1/dwi/sub-20214_ses-1_space-ACPC_desc-preproc_dwi.nii.gz	0.0	0.2726533114910126	0.080182284116745	0.2896473407745361	0.2726533114910126	0.2896473407745361	0.080182284116745	0.2775010764598846	0.2775010764598846	sub-20214	ses-1				space-ACPC			DSIStudio	autotrackgqi
ProjectionBasalGanglia_AcousticRadiationR	pa	TORTOISE_model-MAPMRI	/scratch/executivefunction/SLURM_8364170_16/job-8364170-16-sub-20214-ses-1/ds/inputs/data/qsiprep/qsiprep/sub-20214/ses-1/dwi/sub-20214_ses-1_space-ACPC_desc-preproc_dwi.nii.gz	0.0	0.7264245748519897	0.2283024936914444	0.8185049891471863	0.7264245748519897	0.8185049891471863	0.2283024936914444	0.7582271695137024	0.7582271695137024	sub-20214	ses-1				space-ACPC			DSIStudio	autotrackgqi
ProjectionBasalGanglia_AcousticRadiationR	path	TORTOISE_model-MAPMRI	/scratch/executivefunction/SLURM_8364170_16/job-8364170-16-sub-20214-ses-1/ds/inputs/data/qsiprep/qsiprep/sub-20214/ses-1/dwi/sub-20214_ses-1_space-ACPC_desc-preproc_dwi.nii.gz	0.0	0.2959122359752655	0.1142672002315521	0.3062887489795685	0.2959122359752655	0.3062887489795685	0.1142672002315521	0.3109848201274872	0.3109848201274872	sub-20214	ses-1				space-ACPC			DSIStudio	autotrackgqi
ProjectionBasalGanglia_AcousticRadiationR	rd	TORTOISE_model-MAPMRI	/scratch/executivefunction/SLURM_8364170_16/job-8364170-16-sub-20214-ses-1/ds/inputs/data/qsiprep/qsiprep/sub-20214/ses-1/dwi/sub-20214_ses-1_space-ACPC_desc-preproc_dwi.nii.gz	0.0	765.3530631032003	441.9461022076062	634.6233873389225	765.3530631032003	634.6233873389225	441.9461022076062	669.3233505467284	669.3233505467284	sub-20214	ses-1				space-ACPC			DSIStudio	autotrackgqi
ProjectionBasalGanglia_AcousticRadiationR	rtap	TORTOISE_model-MAPMRI	/scratch/executivefunction/SLURM_8364170_16/job-8364170-16-sub-20214-ses-1/ds/inputs/data/qsiprep/qsiprep/sub-20214/ses-1/dwi/sub-20214_ses-1_space-ACPC_desc-preproc_dwi.nii.gz	0.0	0.011869478970766	0.0054140393622219	0.011451294645667	0.011869478970766	0.011451294645667	0.0054140393622219	0.0129374917596578	0.0129374917596578	sub-20214	ses-1				space-ACPC			DSIStudio	autotrackgqi
ProjectionBasalGanglia_AcousticRadiationR	rtop	TORTOISE_model-MAPMRI	/scratch/executivefunction/SLURM_8364170_16/job-8364170-16-sub-20214-ses-1/ds/inputs/data/qsiprep/qsiprep/sub-20214/ses-1/dwi/sub-20214_ses-1_space-ACPC_desc-preproc_dwi.nii.gz	0.0	0.0002244075585622	9.892600792227312e-05	0.0002258732420159	0.0002244075585622	0.0002258732420159	9.892600792227312e-05	0.0002456492511555	0.0002456492511555	sub-20214	ses-1				space-ACPC			DSIStudio	autotrackgqi
ProjectionBasalGanglia_AcousticRadiationR	rtpp	TORTOISE_model-MAPMRI	/scratch/executivefunction/SLURM_8364170_16/job-8364170-16-sub-20214-ses-1/ds/inputs/data/qsiprep/qsiprep/sub-20214/ses-1/dwi/sub-20214_ses-1_space-ACPC_desc-preproc_dwi.nii.gz	0.0	0.0415494255721569	0.0070738825015723	0.0430433861911296	0.0415494255721569	0.0430433861911296	0.0070738825015723	0.042532131075859	0.042532131075859	sub-20214	ses-1				space-ACPC			DSIStudio	autotrackgqi
ProjectionBasalGanglia_ThalamicRadiationL	ad	TORTOISE_model-MAPMRI	/scratch/executivefunction/SLURM_8364170_16/job-8364170-16-sub-20214-ses-1/ds/inputs/data/qsiprep/qsiprep/sub-20214/ses-1/dwi/sub-20214_ses-1_space-ACPC_desc-preproc_dwi.nii.gz	0.003380721220527	1187.2225506444254	327.2200147716709	1120.0356934418871	1191.249834237983	1121.7741715246198	320.3726717827069	1188.0421852817456	1188.1751869500197	sub-20214	ses-1				space-ACPC			DSIStudio	autotrackgqi
ProjectionBasalGanglia_ThalamicRadiationL	am	TORTOISE_model-MAPMRI	/scratch/executivefunction/SLURM_8364170_16/job-8364170-16-sub-20214-ses-1/ds/inputs/data/qsiprep/qsiprep/sub-20214/ses-1/dwi/sub-20214_ses-1_space-ACPC_desc-preproc_dwi.nii.gz	0.003380721220527	660.3677978515625	280.8685607910156	553.4364013671875	662.60791015625	554.086181640625	278.6941833496094	540.7454223632812	540.8059692382812	sub-20214	ses-1				space-ACPC			DSIStudio	autotrackgqi
ProjectionBasalGanglia_ThalamicRadiationL	fa	TORTOISE_model-MAPMRI	/scratch/executivefunction/SLURM_8364170_16/job-8364170-16-sub-20214-ses-1/ds/inputs/data/qsiprep/qsiprep/sub-20214/ses-1/dwi/sub-20214_ses-1_space-ACPC_desc-preproc_dwi.nii.gz	0.003380721220527	0.3500254853691561	0.184275047750049	0.3470670303836596	0.3512128380637196	0.3480796242024156	0.1834542702671241	0.4364207590764011	0.4364696165166821	sub-20214	ses-1				space-ACPC			DSIStudio	autotrackgqi
ProjectionBasalGanglia_ThalamicRadiationL	li	TORTOISE_model-MAPMRI	/scratch/executivefunction/SLURM_8364170_16/job-8364170-16-sub-20214-ses-1/ds/inputs/data/qsiprep/qsiprep/sub-20214/ses-1/dwi/sub-20214_ses-1_space-ACPC_desc-preproc_dwi.nii.gz	0.0036407766990291	0.2120138853788375	0.1403130739927292	0.19758340716362	0.2127886116504669	0.1984351426362991	0.1399816125631332	0.2813314497470855	0.2813665270805359	sub-20214	ses-1				space-ACPC			DSIStudio	autotrackgqi
ProjectionBasalGanglia_ThalamicRadiationL	ng	TORTOISE_model-MAPMRI	/scratch/executivefunction/SLURM_8364170_16/job-8364170-16-sub-20214-ses-1/ds/inputs/data/qsiprep/qsiprep/sub-20214/ses-1/dwi/sub-20214_ses-1_space-ACPC_desc-preproc_dwi.nii.gz	0.003380721220527	0.2878799736499786	0.0841428935527801	0.3065153956413269	0.2888565063476562	0.3071635663509369	0.0825951695442199	0.3118737339973449	0.3119086027145386	sub-20214	ses-1				space-ACPC			DSIStudio	autotrackgqi
ProjectionBasalGanglia_ThalamicRadiationL	ngpar	TORTOISE_model-MAPMRI	/scratch/executivefunction/SLURM_8364170_16/job-8364170-16-sub-20214-ses-1/ds/inputs/data/qsiprep/qsiprep/sub-20214/ses-1/dwi/sub-20214_ses-1_space-ACPC_desc-preproc_dwi.nii.gz	0.003380721220527	0.13336281478405	0.039985254406929	0.1308383643627166	0.133815199136734	0.1310531049966812	0.0392900370061397	0.1310465931892395	0.1310612708330154	sub-20214	ses-1				space-ACPC			DSIStudio	autotrackgqi
ProjectionBasalGanglia_ThalamicRadiationL	ngperp	TORTOISE_model-MAPMRI	/scratch/executivefunction/SLURM_8364170_16/job-8364170-16-sub-20214-ses-1/ds/inputs/data/qsiprep/qsiprep/sub-20214/ses-1/dwi/sub-20214_ses-1_space-ACPC_desc-preproc_dwi.nii.gz	0.003380721220527	0.2479205578565597	0.0733964964747428	0.2606573104858398	0.2487615495920181	0.261267751455307	0.0720840618014335	0.271033376455307	0.2710637152194977	sub-20214	ses-1				space-ACPC			DSIStudio	autotrackgqi
ProjectionBasalGanglia_ThalamicRadiationL	pa	TORTOISE_model-MAPMRI	/scratch/executivefunction/SLURM_8364170_16/job-8364170-16-sub-20214-ses-1/ds/inputs/data/qsiprep/qsiprep/sub-20214/ses-1/dwi/sub-20214_ses-1_space-ACPC_desc-preproc_dwi.nii.gz	0.003380721220527	0.6579384803771973	0.2527408897876739	0.735924243927002	0.6601703763008118	0.7380508184432983	0.2502423822879791	0.7623136639595032	0.7623990774154663	sub-20214	ses-1				space-ACPC			DSIStudio	autotrackgqi
ProjectionBasalGanglia_ThalamicRadiationL	path	TORTOISE_model-MAPMRI	/scratch/executivefunction/SLURM_8364170_16/job-8364170-16-sub-20214-ses-1/ds/inputs/data/qsiprep/qsiprep/sub-20214/ses-1/dwi/sub-20214_ses-1_space-ACPC_desc-preproc_dwi.nii.gz	0.003380721220527	0.2633937895298004	0.1164805516600608	0.2612894773483276	0.2642872631549835	0.2622826993465423	0.1156615987420082	0.3123309016227722	0.312365859746933	sub-20214	ses-1				space-ACPC			DSIStudio	autotrackgqi
ProjectionBasalGanglia_ThalamicRadiationL	rd	TORTOISE_model-MAPMRI	/scratch/executivefunction/SLURM_8364170_16/job-8364170-16-sub-20214-ses-1/ds/inputs/data/qsiprep/qsiprep/sub-20214/ses-1/dwi/sub-20214_ses-1_space-ACPC_desc-preproc_dwi.nii.gz	0.003380721220527	701.616815097636	324.9710483575555	623.6703678912038	703.9968321271923	624.3586378803682	322.9379104090982	578.6967589194293	578.7615441454559	sub-20214	ses-1				space-ACPC			DSIStudio	autotrackgqi
ProjectionBasalGanglia_ThalamicRadiationL	rtap	TORTOISE_model-MAPMRI	/scratch/executivefunction/SLURM_8364170_16/job-8364170-16-sub-20214-ses-1/ds/inputs/data/qsiprep/qsiprep/sub-20214/ses-1/dwi/sub-20214_ses-1_space-ACPC_desc-preproc_dwi.nii.gz	0.003380721220527	0.0118972044438123	0.0050658099353313	0.0114384368062019	0.0119375623762607	0.0114622628316283	0.0050266995094716	0.0143555030226707	0.0143571095541119	sub-20214	ses-1				space-ACPC			DSIStudio	autotrackgqi
ProjectionBasalGanglia_ThalamicRadiationL	rtop	TORTOISE_model-MAPMRI	/scratch/executivefunction/SLURM_8364170_16/job-8364170-16-sub-20214-ses-1/ds/inputs/data/qsiprep/qsiprep/sub-20214/ses-1/dwi/sub-20214_ses-1_space-ACPC_desc-preproc_dwi.nii.gz	0.003380721220527	0.0002346074761589	9.076848800759764e-05	0.0002372353628743	0.0002354033058509	0.0002376732591073	8.98861835594289e-05	0.0002759017224889	0.000275932601653	sub-20214	ses-1				space-ACPC			DSIStudio	autotrackgqi
ProjectionBasalGanglia_ThalamicRadiationL	rtpp	TORTOISE_model-MAPMRI	/scratch/executivefunction/SLURM_8364170_16/job-8364170-16-sub-20214-ses-1/ds/inputs/data/qsiprep/qsiprep/sub-20214/ses-1/dwi/sub-20214_ses-1_space-ACPC_desc-preproc_dwi.nii.gz	0.003380721220527	0.0442717857658863	0.0057865609414875	0.04518324136734	0.0444219633936882	0.0452083721756935	0.005189090501517	0.0442514941096305	0.0442564487457275	sub-20214	ses-1				space-ACPC			DSIStudio	autotrackgqi
ProjectionBasalGanglia_CorticostriatalTractR	ad	TORTOISE_model-MAPMRI	/scratch/executivefunction/SLURM_8364170_16/job-8364170-16-sub-20214-ses-1/ds/inputs/data/qsiprep/qsiprep/sub-20214/ses-1/dwi/sub-20214_ses-1_space-ACPC_desc-preproc_dwi.nii.gz	0.0003773015393902	1207.6038299647878	346.9941601083456	1134.19978624399	1208.0596327238898	1134.3693111309517	346.2654420445984	1238.334509886242	1238.3528147897082	sub-20214	ses-1				space-ACPC			DSIStudio	autotrackgqi
ProjectionBasalGanglia_CorticostriatalTractR	am	TORTOISE_model-MAPMRI	/scratch/executivefunction/SLURM_8364170_16/job-8364170-16-sub-20214-ses-1/ds/inputs/data/qsiprep/qsiprep/sub-20214/ses-1/dwi/sub-20214_ses-1_space-ACPC_desc-preproc_dwi.nii.gz	0.0003773015393902	716.7642822265625	288.636962890625	618.9029541015625	717.0347900390625	619.0218505859375	288.3552551269531	579.2689208984375	579.2774658203125	sub-20214	ses-1				space-ACPC			DSIStudio	autotrackgqi
ProjectionBasalGanglia_CorticostriatalTractR	fa	TORTOISE_model-MAPMRI	/scratch/executivefunction/SLURM_8364170_16/job-8364170-16-sub-20214-ses-1/ds/inputs/data/qsiprep/qsiprep/sub-20214/ses-1/dwi/sub-20214_ses-1_space-ACPC_desc-preproc_dwi.nii.gz	0.0003773015393902	0.3449895338779857	0.193407002731311	0.3353771500460312	0.3451197480902142	0.3354190538956673	0.1933273078982541	0.466325531187898	0.4663324242667794	sub-20214	ses-1				space-ACPC			DSIStudio	autotrackgqi
ProjectionBasalGanglia_CorticostriatalTractR	li	TORTOISE_model-MAPMRI	/scratch/executivefunction/SLURM_8364170_16/job-8364170-16-sub-20214-ses-1/ds/inputs/data/qsiprep/qsiprep/sub-20214/ses-1/dwi/sub-20214_ses-1_space-ACPC_desc-preproc_dwi.nii.gz	0.0003773015393902	0.2104029655456543	0.1490871459245681	0.180977776646614	0.2104823738336563	0.1810699254274368	0.1490592211484909	0.3062246441841125	0.3062291741371155	sub-20214	ses-1				space-ACPC			DSIStudio	autotrackgqi
ProjectionBasalGanglia_CorticostriatalTractR	ng	TORTOISE_model-MAPMRI	/scratch/executivefunction/SLURM_8364170_16/job-8364170-16-sub-20214-ses-1/ds/inputs/data/qsiprep/qsiprep/sub-20214/ses-1/dwi/sub-20214_ses-1_space-ACPC_desc-preproc_dwi.nii.gz	0.0003773015393902	0.2796764671802521	0.0845832526683807	0.2912880778312683	0.2797820270061493	0.2913766205310821	0.0844244733452797	0.3231708705425262	0.3231756389141083	sub-20214	ses-1				space-ACPC			DSIStudio	autotrackgqi
ProjectionBasalGanglia_CorticostriatalTractR	ngpar	TORTOISE_model-MAPMRI	/scratch/executivefunction/SLURM_8364170_16/job-8364170-16-sub-20214-ses-1/ds/inputs/data/qsiprep/qsiprep/sub-20214/ses-1/dwi/sub-20214_ses-1_space-ACPC_desc-preproc_dwi.nii.gz	0.0003773015393902	0.1304631382226944	0.0382281988859176	0.1270164549350738	0.13051238656044	0.1270415335893631	0.0381512753665447	0.1306087374687194	0.1306106597185135	sub-20214	ses-1				space-ACPC			DSIStudio	autotrackgqi
ProjectionBasalGanglia_CorticostriatalTractR	ngperp	TORTOISE_model-MAPMRI	/scratch/executivefunction/SLURM_8364170_16/job-8364170-16-sub-20214-ses-1/ds/inputs/data/qsiprep/qsiprep/sub-20214/ses-1/dwi/sub-20214_ses-1_space-ACPC_desc-preproc_dwi.nii.gz	0.0003773015393902	0.2403010427951812	0.0760185196995735	0.2463089525699615	0.2403917461633682	0.2463741302490234	0.0758893489837646	0.2823531031608581	0.2823573052883148	sub-20214	ses-1				space-ACPC			DSIStudio	autotrackgqi
ProjectionBasalGanglia_CorticostriatalTractR	pa	TORTOISE_model-MAPMRI	/scratch/executivefunction/SLURM_8364170_16/job-8364170-16-sub-20214-ses-1/ds/inputs/data/qsiprep/qsiprep/sub-20214/ses-1/dwi/sub-20214_ses-1_space-ACPC_desc-preproc_dwi.nii.gz	0.0003773015393902	0.6359308362007141	0.2677462995052337	0.711392879486084	0.6361708641052246	0.7117370367050171	0.2675115764141083	0.7929677963256836	0.7929794788360596	sub-20214	ses-1				space-ACPC			DSIStudio	autotrackgqi
ProjectionBasalGanglia_CorticostriatalTractR	path	TORTOISE_model-MAPMRI	/scratch/executivefunction/SLURM_8364170_16/job-8364170-16-sub-20214-ses-1/ds/inputs/data/qsiprep/qsiprep/sub-20214/ses-1/dwi/sub-20214_ses-1_space-ACPC_desc-preproc_dwi.nii.gz	0.0003773015393902	0.2582349479198456	0.1236664876341819	0.2502930760383606	0.2583324313163757	0.2504418492317199	0.1235880032181739	0.3346629440784454	0.3346679210662842	sub-20214	ses-1				space-ACPC			DSIStudio	autotrackgqi
ProjectionBasalGanglia_CorticostriatalTractR	rd	TORTOISE_model-MAPMRI	/scratch/executivefunction/SLURM_8364170_16/job-8364170-16-sub-20214-ses-1/ds/inputs/data/qsiprep/qsiprep/sub-20214/ses-1/dwi/sub-20214_ses-1_space-ACPC_desc-preproc_dwi.nii.gz	0.0003773015393902	712.9774258030764	322.8542667517537	634.5351727867558	713.2465348186282	634.6104553738301	322.61785336656624	569.0619467667555	569.0703586643608	sub-20214	ses-1				space-ACPC			DSIStudio	autotrackgqi
ProjectionBasalGanglia_CorticostriatalTractR	rtap	TORTOISE_model-MAPMRI	/scratch/executivefunction/SLURM_8364170_16/job-8364170-16-sub-20214-ses-1/ds/inputs/data/qsiprep/qsiprep/sub-20214/ses-1/dwi/sub-20214_ses-1_space-ACPC_desc-preproc_dwi.nii.gz	0.0003773015393902	0.0116820773109793	0.0051098498515784	0.0109796673059463	0.0116864861920475	0.0109845036640763	0.0051057701930403	0.0148615213111042	0.0148617401719093	sub-20214	ses-1				space-ACPC			DSIStudio	autotrackgqi
ProjectionBasalGanglia_CorticostriatalTractR	rtop	TORTOISE_model-MAPMRI	/scratch/executivefunction/SLURM_8364170_16/job-8364170-16-sub-20214-ses-1/ds/inputs/data/qsiprep/qsiprep/sub-20214/ses-1/dwi/sub-20214_ses-1_space-ACPC_desc-preproc_dwi.nii.gz	0.0003773015393902	0.000227182827075	8.807893755147234e-05	0.0002259566099382	0.0002272685669595	0.0002260343462694	8.798488124739379e-05	0.0002807915152516	0.0002807956479955	sub-20214	ses-1				space-ACPC			DSIStudio	autotrackgqi
ProjectionBasalGanglia_CorticostriatalTractR	rtpp	TORTOISE_model-MAPMRI	/scratch/executivefunction/SLURM_8364170_16/job-8364170-16-sub-20214-ses-1/ds/inputs/data/qsiprep/qsiprep/sub-20214/ses-1/dwi/sub-20214_ses-1_space-ACPC_desc-preproc_dwi.nii.gz	0.0003773015393902	0.0441016927361488	0.0055779344402253	0.0448219254612922	0.0441183373332023	0.0448263548314571	0.0055127767845988	0.0433252863585948	0.0433259271085262	sub-20214	ses-1				space-ACPC			DSIStudio	autotrackgqi
ProjectionBrainstem_CorticospinalTractL	ad	TORTOISE_model-MAPMRI	/scratch/executivefunction/SLURM_8364170_16/job-8364170-16-sub-20214-ses-1/ds/inputs/data/qsiprep/qsiprep/sub-20214/ses-1/dwi/sub-20214_ses-1_space-ACPC_desc-preproc_dwi.nii.gz	0.0	1226.9554652294537	309.7180075915917	1161.5841399741678	1226.9554652294537	1161.5841399741678	309.7180075915917	1297.533250241152	1297.5333635301758	sub-20214	ses-1				space-ACPC			DSIStudio	autotrackgqi
ProjectionBrainstem_CorticospinalTractL	am	TORTOISE_model-MAPMRI	/scratch/executivefunction/SLURM_8364170_16/job-8364170-16-sub-20214-ses-1/ds/inputs/data/qsiprep/qsiprep/sub-20214/ses-1/dwi/sub-20214_ses-1_space-ACPC_desc-preproc_dwi.nii.gz	0.0	644.0880737304688	223.13449096679688	557.496826171875	644.0880737304688	557.496826171875	223.13449096679688	581.8074951171875	581.8075561523438	sub-20214	ses-1				space-ACPC			DSIStudio	autotrackgqi
ProjectionBrainstem_CorticospinalTractL	fa	TORTOISE_model-MAPMRI	/scratch/executivefunction/SLURM_8364170_16/job-8364170-16-sub-20214-ses-1/ds/inputs/data/qsiprep/qsiprep/sub-20214/ses-1/dwi/sub-20214_ses-1_space-ACPC_desc-preproc_dwi.nii.gz	0.0	0.4287695101050913	0.2060556225033564	0.4423199886317169	0.4287695101050913	0.4423199886317169	0.2060556225033564	0.5477604074973493	0.5477604552905366	sub-20214	ses-1				space-ACPC			DSIStudio	autotrackgqi
ProjectionBrainstem_CorticospinalTractL	li	TORTOISE_model-MAPMRI	/scratch/executivefunction/SLURM_8364170_16/job-8364170-16-sub-20214-ses-1/ds/inputs/data/qsiprep/qsiprep/sub-20214/ses-1/dwi/sub-20214_ses-1_space-ACPC_desc-preproc_dwi.nii.gz	0.0	0.2847975492477417	0.1716304868459701	0.2824441790580749	0.2847975492477417	0.2824441790580749	0.1716304868459701	0.3905537128448486	0.3905537724494934	sub-20214	ses-1				space-ACPC			DSIStudio	autotrackgqi
ProjectionBrainstem_CorticospinalTractL	ng	TORTOISE_model-MAPMRI	/scratch/executivefunction/SLURM_8364170_16/job-8364170-16-sub-20214-ses-1/ds/inputs/data/qsiprep/qsiprep/sub-20214/ses-1/dwi/sub-20214_ses-1_space-ACPC_desc-preproc_dwi.nii.gz	0.0	0.324749618768692	0.0787851363420486	0.3541470468044281	0.324749618768692	0.3541470468044281	0.0787851363420486	0.3557642996311188	0.3557643294334411	sub-20214	ses-1				space-ACPC			DSIStudio	autotrackgqi
ProjectionBrainstem_CorticospinalTractL	ngpar	TORTOISE_model-MAPMRI	/scratch/executivefunction/SLURM_8364170_16/job-8364170-16-sub-20214-ses-1/ds/inputs/data/qsiprep/qsiprep/sub-20214/ses-1/dwi/sub-20214_ses-1_space-ACPC_desc-preproc_dwi.nii.gz	0.0	0.1411376595497131	0.0407276898622512	0.1384613513946533	0.1411376595497131	0.1384613513946533	0.0407276898622512	0.1531771719455719	0.1531772017478943	sub-20214	ses-1				space-ACPC			DSIStudio	autotrackgqi
ProjectionBrainstem_CorticospinalTractL	ngperp	TORTOISE_model-MAPMRI	/scratch/executivefunction/SLURM_8364170_16/job-8364170-16-sub-20214-ses-1/ds/inputs/data/qsiprep/qsiprep/sub-20214/ses-1/dwi/sub-20214_ses-1_space-ACPC_desc-preproc_dwi.nii.gz	0.0	0.2783918976783752	0.0674236863851547	0.2956423163414001	0.2783918976783752	0.2956423163414001	0.0674236863851547	0.3056864738464355	0.3056864738464355	sub-20214	ses-1				space-ACPC			DSIStudio	autotrackgqi
ProjectionBrainstem_CorticospinalTractL	pa	TORTOISE_model-MAPMRI	/scratch/executivefunction/SLURM_8364170_16/job-8364170-16-sub-20214-ses-1/ds/inputs/data/qsiprep/qsiprep/sub-20214/ses-1/dwi/sub-20214_ses-1_space-ACPC_desc-preproc_dwi.nii.gz	0.0	0.7561529278755188	0.229688361287117	0.8551582098007202	0.7561529278755188	0.8551582098007202	0.229688361287117	0.8676187992095947	0.8676187992095947	sub-20214	ses-1				space-ACPC			DSIStudio	autotrackgqi
ProjectionBrainstem_CorticospinalTractL	path	TORTOISE_model-MAPMRI	/scratch/executivefunction/SLURM_8364170_16/job-8364170-16-sub-20214-ses-1/ds/inputs/data/qsiprep/qsiprep/sub-20214/ses-1/dwi/sub-20214_ses-1_space-ACPC_desc-preproc_dwi.nii.gz	0.0	0.3180097043514251	0.1223274990916252	0.3325614631175995	0.3180097043514251	0.3325614631175995	0.1223274990916252	0.3879866600036621	0.3879866600036621	sub-20214	ses-1				space-ACPC			DSIStudio	autotrackgqi
ProjectionBrainstem_CorticospinalTractL	rd	TORTOISE_model-MAPMRI	/scratch/executivefunction/SLURM_8364170_16/job-8364170-16-sub-20214-ses-1/ds/inputs/data/qsiprep/qsiprep/sub-20214/ses-1/dwi/sub-20214_ses-1_space-ACPC_desc-preproc_dwi.nii.gz	0.0	627.1176212286024	320.8291308957989	557.069189352454	627.1176212286024	557.069189352454	320.8291308957989	501.3376452438764	501.3376891390532	sub-20214	ses-1				space-ACPC			DSIStudio	autotrackgqi
ProjectionBrainstem_CorticospinalTractL	rtap	TORTOISE_model-MAPMRI	/scratch/executivefunction/SLURM_8364170_16/job-8364170-16-sub-20214-ses-1/ds/inputs/data/qsiprep/qsiprep/sub-20214/ses-1/dwi/sub-20214_ses-1_space-ACPC_desc-preproc_dwi.nii.gz	0.0004327131112072	0.014788526110351	0.0065677380189299	0.0143521046265959	0.0147949280217289	0.0143571607768535	0.0065619461238384	0.0187876857817173	0.0188134647905826	sub-20214	ses-1				space-ACPC			DSIStudio	autotrackgqi
ProjectionBrainstem_CorticospinalTractL	rtop	TORTOISE_model-MAPMRI	/scratch/executivefunction/SLURM_8364170_16/job-8364170-16-sub-20214-ses-1/ds/inputs/data/qsiprep/qsiprep/sub-20214/ses-1/dwi/sub-20214_ses-1_space-ACPC_desc-preproc_dwi.nii.gz	0.0004327131112072	0.0002878445375245	0.0001136082646553	0.0002967834006994	0.0002879691310226	0.0002967855543829	0.0001134748454205	0.0003563215141184	0.0003568104002624	sub-20214	ses-1				space-ACPC			DSIStudio	autotrackgqi
ProjectionBrainstem_CorticospinalTractL	rtpp	TORTOISE_model-MAPMRI	/scratch/executivefunction/SLURM_8364170_16/job-8364170-16-sub-20214-ses-1/ds/inputs/data/qsiprep/qsiprep/sub-20214/ses-1/dwi/sub-20214_ses-1_space-ACPC_desc-preproc_dwi.nii.gz	0.0	0.0442421957850456	0.0054994877427816	0.0450077429413795	0.0442421957850456	0.0450077429413795	0.0054994877427816	0.0430859364569187	0.043085940182209	sub-20214	ses-1				space-ACPC			DSIStudio	autotrackgqi
ProjectionBasalGanglia_AnsaSubthalamicaL	ad	TORTOISE_model-MAPMRI	/scratch/executivefunction/SLURM_8364170_16/job-8364170-16-sub-20214-ses-1/ds/inputs/data/qsiprep/qsiprep/sub-20214/ses-1/dwi/sub-20214_ses-1_space-ACPC_desc-preproc_dwi.nii.gz	0.0	1264.822055188557	428.97260172613255	1134.262239123992	1264.822055188557	1134.262239123992	428.97260172613255	1268.1165993648833	1268.1165993648833	sub-20214	ses-1				space-ACPC			DSIStudio	autotrackgqi
ProjectionBasalGanglia_AnsaSubthalamicaL	am	TORTOISE_model-MAPMRI	/scratch/executivefunction/SLURM_8364170_16/job-8364170-16-sub-20214-ses-1/ds/inputs/data/qsiprep/qsiprep/sub-20214/ses-1/dwi/sub-20214_ses-1_space-ACPC_desc-preproc_dwi.nii.gz	0.0	480.6765441894531	128.33714294433594	460.6253967285156	480.6765441894531	460.6253967285156	128.33714294433594	449.2341918945313	449.2341918945313	sub-20214	ses-1				space-ACPC			DSIStudio	autotrackgqi
ProjectionBasalGanglia_AnsaSubthalamicaL	fa	TORTOISE_model-MAPMRI	/scratch/executivefunction/SLURM_8364170_16/job-8364170-16-sub-20214-ses-1/ds/inputs/data/qsiprep/qsiprep/sub-20214/ses-1/dwi/sub-20214_ses-1_space-ACPC_desc-preproc_dwi.nii.gz	0.0	0.3770544695557763	0.1467974829183157	0.3599924055492954	0.3770544695557763	0.3599924055492954	0.1467974829183157	0.4203579078247172	0.4203579078247172	sub-20214	ses-1				space-ACPC			DSIStudio	autotrackgqi
ProjectionBasalGanglia_AnsaSubthalamicaL	li	TORTOISE_model-MAPMRI	/scratch/executivefunction/SLURM_8364170_16/job-8364170-16-sub-20214-ses-1/ds/inputs/data/qsiprep/qsiprep/sub-20214/ses-1/dwi/sub-20214_ses-1_space-ACPC_desc-preproc_dwi.nii.gz	0.0	0.2311848700046539	0.1102713793516159	0.2142960578203201	0.2311848700046539	0.2142960578203201	0.1102713793516159	0.2634009718894958	0.2634009718894958	sub-20214	ses-1				space-ACPC			DSIStudio	autotrackgqi
ProjectionBasalGanglia_AnsaSubthalamicaL	ng	TORTOISE_model-MAPMRI	/scratch/executivefunction/SLURM_8364170_16/job-8364170-16-sub-20214-ses-1/ds/inputs/data/qsiprep/qsiprep/sub-20214/ses-1/dwi/sub-20214_ses-1_space-ACPC_desc-preproc_dwi.nii.gz	0.0	0.2952096164226532	0.0907497331500053	0.2949585318565368	0.2952096164226532	0.2949585318565368	0.0907497331500053	0.2987768054008484	0.2987768054008484	sub-20214	ses-1				space-ACPC			DSIStudio	autotrackgqi
ProjectionBasalGanglia_AnsaSubthalamicaL	ngpar	TORTOISE_model-MAPMRI	/scratch/executivefunction/SLURM_8364170_16/job-8364170-16-sub-20214-ses-1/ds/inputs/data/qsiprep/qsiprep/sub-20214/ses-1/dwi/sub-20214_ses-1_space-ACPC_desc-preproc_dwi.nii.gz	0.0	0.1582414209842682	0.04164819419384	0.1601014286279678	0.1582414209842682	0.1601014286279678	0.04164819419384	0.1643313914537429	0.1643313914537429	sub-20214	ses-1				space-ACPC			DSIStudio	autotrackgqi
ProjectionBasalGanglia_AnsaSubthalamicaL	ngperp	TORTOISE_model-MAPMRI	/scratch/executivefunction/SLURM_8364170_16/job-8364170-16-sub-20214-ses-1/ds/inputs/data/qsiprep/qsiprep/sub-20214/ses-1/dwi/sub-20214_ses-1_space-ACPC_desc-preproc_dwi.nii.gz	0.0	0.2447556108236313	0.0737952589988708	0.2422865927219391	0.2447556108236313	0.2422865927219391	0.0737952589988708	0.2450461089611053	0.2450461089611053	sub-20214	ses-1				space-ACPC			DSIStudio	autotrackgqi
ProjectionBasalGanglia_AnsaSubthalamicaL	pa	TORTOISE_model-MAPMRI	/scratch/executivefunction/SLURM_8364170_16/job-8364170-16-sub-20214-ses-1/ds/inputs/data/qsiprep/qsiprep/sub-20214/ses-1/dwi/sub-20214_ses-1_space-ACPC_desc-preproc_dwi.nii.gz	0.0	0.6857919096946716	0.173597827553749	0.6859087944030762	0.6857919096946716	0.6859087944030762	0.173597827553749	0.7213507890701294	0.7213507890701294	sub-20214	ses-1				space-ACPC			DSIStudio	autotrackgqi
ProjectionBasalGanglia_AnsaSubthalamicaL	path	TORTOISE_model-MAPMRI	/scratch/executivefunction/SLURM_8364170_16/job-8364170-16-sub-20214-ses-1/ds/inputs/data/qsiprep/qsiprep/sub-20214/ses-1/dwi/sub-20214_ses-1_space-ACPC_desc-preproc_dwi.nii.gz	0.0	0.2591904997825622	0.0843886882066726	0.2396565228700637	0.2591904997825622	0.2396565228700637	0.0843886882066726	0.2747954130172729	0.2747954130172729	sub-20214	ses-1				space-ACPC			DSIStudio	autotrackgqi
ProjectionBasalGanglia_AnsaSubthalamicaL	rd	TORTOISE_model-MAPMRI	/scratch/executivefunction/SLURM_8364170_16/job-8364170-16-sub-20214-ses-1/ds/inputs/data/qsiprep/qsiprep/sub-20214/ses-1/dwi/sub-20214_ses-1_space-ACPC_desc-preproc_dwi.nii.gz	0.0	699.5160189350842	307.7174471344995	631.703339075473	699.5160189350842	631.703339075473	307.7174471344995	642.3734150660549	642.3734150660549	sub-20214	ses-1				space-ACPC			DSIStudio	autotrackgqi
ProjectionBasalGanglia_AnsaSubthalamicaL	rtap	TORTOISE_model-MAPMRI	/scratch/executivefunction/SLURM_8364170_16/job-8364170-16-sub-20214-ses-1/ds/inputs/data/qsiprep/qsiprep/sub-20214/ses-1/dwi/sub-20214_ses-1_space-ACPC_desc-preproc_dwi.nii.gz	0.0	0.0110300779342651	0.0037884768098592	0.0104919355362653	0.0110300779342651	0.0104919355362653	0.0037884768098592	0.0117505472153425	0.0117505472153425	sub-20214	ses-1				space-ACPC			DSIStudio	autotrackgqi
ProjectionBasalGanglia_AnsaSubthalamicaL	rtop	TORTOISE_model-MAPMRI	/scratch/executivefunction/SLURM_8364170_16/job-8364170-16-sub-20214-ses-1/ds/inputs/data/qsiprep/qsiprep/sub-20214/ses-1/dwi/sub-20214_ses-1_space-ACPC_desc-preproc_dwi.nii.gz	0.0	0.0002226394135504	7.680855924263597e-05	0.0002213679545093	0.0002226394135504	0.0002213679545093	7.680855924263597e-05	0.0002351815637666	0.0002351815637666	sub-20214	ses-1				space-ACPC			DSIStudio	autotrackgqi
ProjectionBasalGanglia_AnsaSubthalamicaL	rtpp	TORTOISE_model-MAPMRI	/scratch/executivefunction/SLURM_8364170_16/job-8364170-16-sub-20214-ses-1/ds/inputs/data/qsiprep/qsiprep/sub-20214/ses-1/dwi/sub-20214_ses-1_space-ACPC_desc-preproc_dwi.nii.gz	0.0	0.0436193495988845	0.006606881506741	0.0446631833910942	0.0436193495988845	0.0446631833910942	0.006606881506741	0.0433981642127037	0.0433981642127037	sub-20214	ses-1				space-ACPC			DSIStudio	autotrackgqi
ProjectionBasalGanglia_AnsaLenticularisL	ad	TORTOISE_model-MAPMRI	/scratch/executivefunction/SLURM_8364170_16/job-8364170-16-sub-20214-ses-1/ds/inputs/data/qsiprep/qsiprep/sub-20214/ses-1/dwi/sub-20214_ses-1_space-ACPC_desc-preproc_dwi.nii.gz	0.0	1395.8949640160176	616.531315704193	1155.8677177567213	1395.8949640160176	1155.8677177567213	616.531315704193	1262.486437242811	1262.486437242811	sub-20214	ses-1				space-ACPC			DSIStudio	autotrackgqi
ProjectionBasalGanglia_AnsaLenticularisL	am	TORTOISE_model-MAPMRI	/scratch/executivefunction/SLURM_8364170_16/job-8364170-16-sub-20214-ses-1/ds/inputs/data/qsiprep/qsiprep/sub-20214/ses-1/dwi/sub-20214_ses-1_space-ACPC_desc-preproc_dwi.nii.gz	0.0	566.4668579101562	182.46646118164065	515.679931640625	566.4668579101562	515.679931640625	182.46646118164065	538.5177001953125	538.5177001953125	sub-20214	ses-1				space-ACPC			DSIStudio	autotrackgqi
ProjectionBasalGanglia_AnsaLenticularisL	fa	TORTOISE_model-MAPMRI	/scratch/executivefunction/SLURM_8364170_16/job-8364170-16-sub-20214-ses-1/ds/inputs/data/qsiprep/qsiprep/sub-20214/ses-1/dwi/sub-20214_ses-1_space-ACPC_desc-preproc_dwi.nii.gz	0.0	0.3195377892095677	0.1253928910602295	0.3079907857579343	0.3195377892095677	0.3079907857579343	0.1253928910602295	0.332657208922931	0.332657208922931	sub-20214	ses-1				space-ACPC			DSIStudio	autotrackgqi
ProjectionBasalGanglia_AnsaLenticularisL	li	TORTOISE_model-MAPMRI	/scratch/executivefunction/SLURM_8364170_16/job-8364170-16-sub-20214-ses-1/ds/inputs/data/qsiprep/qsiprep/sub-20214/ses-1/dwi/sub-20214_ses-1_space-ACPC_desc-preproc_dwi.nii.gz	0.0	0.1888532787561416	0.0873228684067726	0.1781549751758575	0.1888532787561416	0.1781549751758575	0.0873228684067726	0.1924201846122741	0.1924201846122741	sub-20214	ses-1				space-ACPC			DSIStudio	autotrackgqi
ProjectionBasalGanglia_AnsaLenticularisL	ng	TORTOISE_model-MAPMRI	/scratch/executivefunction/SLURM_8364170_16/job-8364170-16-sub-20214-ses-1/ds/inputs/data/qsiprep/qsiprep/sub-20214/ses-1/dwi/sub-20214_ses-1_space-ACPC_desc-preproc_dwi.nii.gz	0.0	0.2829797267913818	0.0900414288043975	0.2703904509544372	0.2829797267913818	0.2703904509544372	0.0900414288043975	0.2635073661804199	0.2635073661804199	sub-20214	ses-1				space-ACPC			DSIStudio	autotrackgqi
ProjectionBasalGanglia_AnsaLenticularisL	ngpar	TORTOISE_model-MAPMRI	/scratch/executivefunction/SLURM_8364170_16/job-8364170-16-sub-20214-ses-1/ds/inputs/data/qsiprep/qsiprep/sub-20214/ses-1/dwi/sub-20214_ses-1_space-ACPC_desc-preproc_dwi.nii.gz	0.0	0.1454212516546249	0.0407368801534175	0.1417582631111145	0.1454212516546249	0.1417582631111145	0.0407368801534175	0.1395009458065033	0.1395009458065033	sub-20214	ses-1				space-ACPC			DSIStudio	autotrackgqi
ProjectionBasalGanglia_AnsaLenticularisL	ngperp	TORTOISE_model-MAPMRI	/scratch/executivefunction/SLURM_8364170_16/job-8364170-16-sub-20214-ses-1/ds/inputs/data/qsiprep/qsiprep/sub-20214/ses-1/dwi/sub-20214_ses-1_space-ACPC_desc-preproc_dwi.nii.gz	0.0	0.2391933351755142	0.0753016024827957	0.2319689691066742	0.2391933351755142	0.2319689691066742	0.0753016024827957	0.223210796713829	0.223210796713829	sub-20214	ses-1				space-ACPC			DSIStudio	autotrackgqi
ProjectionBasalGanglia_AnsaLenticularisL	pa	TORTOISE_model-MAPMRI	/scratch/executivefunction/SLURM_8364170_16/job-8364170-16-sub-20214-ses-1/ds/inputs/data/qsiprep/qsiprep/sub-20214/ses-1/dwi/sub-20214_ses-1_space-ACPC_desc-preproc_dwi.nii.gz	0.0	0.6438565254211426	0.1561156064271927	0.6426672339439392	0.6438565254211426	0.6426672339439392	0.1561156064271927	0.635429859161377	0.635429859161377	sub-20214	ses-1				space-ACPC			DSIStudio	autotrackgqi
ProjectionBasalGanglia_AnsaLenticularisL	path	TORTOISE_model-MAPMRI	/scratch/executivefunction/SLURM_8364170_16/job-8364170-16-sub-20214-ses-1/ds/inputs/data/qsiprep/qsiprep/sub-20214/ses-1/dwi/sub-20214_ses-1_space-ACPC_desc-preproc_dwi.nii.gz	0.0	0.2358929514884948	0.0694315657019615	0.2230755090713501	0.2358929514884948	0.2230755090713501	0.0694315657019615	0.2300969362258911	0.2300969362258911	sub-20214	ses-1				space-ACPC			DSIStudio	autotrackgqi
ProjectionBasalGanglia_AnsaLenticularisL	rd	TORTOISE_model-MAPMRI	/scratch/executivefunction/SLURM_8364170_16/job-8364170-16-sub-20214-ses-1/ds/inputs/data/qsiprep/qsiprep/sub-20214/ses-1/dwi/sub-20214_ses-1_space-ACPC_desc-preproc_dwi.nii.gz	0.0	878.5266325982296	511.36069992217887	679.5479120018767	878.5266325982296	679.5479120018767	511.36069992217887	763.9821788703543	763.9821788703543	sub-20214	ses-1				space-ACPC			DSIStudio	autotrackgqi
ProjectionBasalGanglia_AnsaLenticularisL	rtap	TORTOISE_model-MAPMRI	/scratch/executivefunction/SLURM_8364170_16/job-8364170-16-sub-20214-ses-1/ds/inputs/data/qsiprep/qsiprep/sub-20214/ses-1/dwi/sub-20214_ses-1_space-ACPC_desc-preproc_dwi.nii.gz	0.0	0.0091801518574357	0.003573055146262	0.0094147082418203	0.0091801518574357	0.0094147082418203	0.003573055146262	0.0096520166844129	0.0096520166844129	sub-20214	ses-1				space-ACPC			DSIStudio	autotrackgqi
ProjectionBasalGanglia_AnsaLenticularisL	rtop	TORTOISE_model-MAPMRI	/scratch/executivefunction/SLURM_8364170_16/job-8364170-16-sub-20214-ses-1/ds/inputs/data/qsiprep/qsiprep/sub-20214/ses-1/dwi/sub-20214_ses-1_space-ACPC_desc-preproc_dwi.nii.gz	0.0	0.0001804792118491	7.552963506896049e-05	0.0001917827903525	0.0001804792118491	0.0001917827903525	7.552963506896049e-05	0.000192662642803	0.000192662642803	sub-20214	ses-1				space-ACPC			DSIStudio	autotrackgqi
ProjectionBasalGanglia_AnsaLenticularisL	rtpp	TORTOISE_model-MAPMRI	/scratch/executivefunction/SLURM_8364170_16/job-8364170-16-sub-20214-ses-1/ds/inputs/data/qsiprep/qsiprep/sub-20214/ses-1/dwi/sub-20214_ses-1_space-ACPC_desc-preproc_dwi.nii.gz	0.0	0.041591890156269	0.0079458737745881	0.044047862291336	0.041591890156269	0.044047862291336	0.0079458737745881	0.043359063565731	0.043359063565731	sub-20214	ses-1				space-ACPC			DSIStudio	autotrackgqi
ProjectionBrainstem_ReticularTractL	ad	TORTOISE_model-MAPMRI	/scratch/executivefunction/SLURM_8364170_16/job-8364170-16-sub-20214-ses-1/ds/inputs/data/qsiprep/qsiprep/sub-20214/ses-1/dwi/sub-20214_ses-1_space-ACPC_desc-preproc_dwi.nii.gz	0.0024708789269325	1234.8350052890537	352.9941807500733	1167.007889039519	1237.8936907232444	1167.2163304281896	348.03334678007445	1260.564763606758	1260.7034002676378	sub-20214	ses-1				space-ACPC			DSIStudio	autotrackgqi
ProjectionBrainstem_ReticularTractL	am	TORTOISE_model-MAPMRI	/scratch/executivefunction/SLURM_8364170_16/job-8364170-16-sub-20214-ses-1/ds/inputs/data/qsiprep/qsiprep/sub-20214/ses-1/dwi/sub-20214_ses-1_space-ACPC_desc-preproc_dwi.nii.gz	0.0024708789269325	609.021728515625	237.53065490722656	543.947265625	610.5302734375	544.4537353515625	235.88037109375	540.398193359375	540.4576416015625	sub-20214	ses-1				space-ACPC			DSIStudio	autotrackgqi
ProjectionBrainstem_ReticularTractL	fa	TORTOISE_model-MAPMRI	/scratch/executivefunction/SLURM_8364170_16/job-8364170-16-sub-20214-ses-1/ds/inputs/data/qsiprep/qsiprep/sub-20214/ses-1/dwi/sub-20214_ses-1_space-ACPC_desc-preproc_dwi.nii.gz	0.0024708789269325	0.3959103919986655	0.1739132339560122	0.4040282342019781	0.3968910617594549	0.4046605092070223	0.1730072621010547	0.4561791934170375	0.4562293641892466	sub-20214	ses-1				space-ACPC			DSIStudio	autotrackgqi
ProjectionBrainstem_ReticularTractL	li	TORTOISE_model-MAPMRI	/scratch/executivefunction/SLURM_8364170_16/job-8364170-16-sub-20214-ses-1/ds/inputs/data/qsiprep/qsiprep/sub-20214/ses-1/dwi/sub-20214_ses-1_space-ACPC_desc-preproc_dwi.nii.gz	0.0024708789269325	0.2476786375045776	0.136136993765831	0.2451871782541275	0.2482921332120895	0.2456171512603759	0.135745570063591	0.2920235991477966	0.2920557558536529	sub-20214	ses-1				space-ACPC			DSIStudio	autotrackgqi
ProjectionBrainstem_ReticularTractL	ng	TORTOISE_model-MAPMRI	/scratch/executivefunction/SLURM_8364170_16/job-8364170-16-sub-20214-ses-1/ds/inputs/data/qsiprep/qsiprep/sub-20214/ses-1/dwi/sub-20214_ses-1_space-ACPC_desc-preproc_dwi.nii.gz	0.0024708789269325	0.316100537776947	0.0834399312734603	0.3423161506652832	0.3168835043907165	0.3424700498580932	0.0820448324084281	0.3309362232685089	0.3309726417064667	sub-20214	ses-1				space-ACPC			DSIStudio	autotrackgqi
ProjectionBrainstem_ReticularTractL	ngpar	TORTOISE_model-MAPMRI	/scratch/executivefunction/SLURM_8364170_16/job-8364170-16-sub-20214-ses-1/ds/inputs/data/qsiprep/qsiprep/sub-20214/ses-1/dwi/sub-20214_ses-1_space-ACPC_desc-preproc_dwi.nii.gz	0.0024708789269325	0.14177106320858	0.0394625887274742	0.1413387805223465	0.1421222239732742	0.1414144933223724	0.038874726742506	0.1455848664045334	0.1456008702516555	sub-20214	ses-1				space-ACPC			DSIStudio	autotrackgqi
ProjectionBrainstem_ReticularTractL	ngperp	TORTOISE_model-MAPMRI	/scratch/executivefunction/SLURM_8364170_16/job-8364170-16-sub-20214-ses-1/ds/inputs/data/qsiprep/qsiprep/sub-20214/ses-1/dwi/sub-20214_ses-1_space-ACPC_desc-preproc_dwi.nii.gz	0.0024708789269325	0.2705740332603454	0.0723053589463234	0.2898955643177032	0.2712442576885223	0.2900959849357605	0.0711282193660736	0.2844122052192688	0.2844434976577759	sub-20214	ses-1				space-ACPC			DSIStudio	autotrackgqi
ProjectionBrainstem_ReticularTractL	pa	TORTOISE_model-MAPMRI	/scratch/executivefunction/SLURM_8364170_16/job-8364170-16-sub-20214-ses-1/ds/inputs/data/qsiprep/qsiprep/sub-20214/ses-1/dwi/sub-20214_ses-1_space-ACPC_desc-preproc_dwi.nii.gz	0.0024708789269325	0.7300118207931519	0.221979558467865	0.817050576210022	0.7318200469017029	0.8172381520271301	0.2192570865154266	0.794526219367981	0.7946135997772217	sub-20214	ses-1				space-ACPC			DSIStudio	autotrackgqi
ProjectionBrainstem_ReticularTractL	path	TORTOISE_model-MAPMRI	/scratch/executivefunction/SLURM_8364170_16/job-8364170-16-sub-20214-ses-1/ds/inputs/data/qsiprep/qsiprep/sub-20214/ses-1/dwi/sub-20214_ses-1_space-ACPC_desc-preproc_dwi.nii.gz	0.0024708789269325	0.2928313910961151	0.1072248890995979	0.3053499758243561	0.2935567498207092	0.3054706454277038	0.106361299753189	0.3228485286235809	0.322884052991867	sub-20214	ses-1				space-ACPC			DSIStudio	autotrackgqi
ProjectionBrainstem_ReticularTractL	rd	TORTOISE_model-MAPMRI	/scratch/executivefunction/SLURM_8364170_16/job-8364170-16-sub-20214-ses-1/ds/inputs/data/qsiprep/qsiprep/sub-20214/ses-1/dwi/sub-20214_ses-1_space-ACPC_desc-preproc_dwi.nii.gz	0.0024708789269325	667.9032565399608	310.7805262332411	601.7148660520468	669.5576524337258	601.9320852145253	309.3801252198162	595.7812131254691	595.8467367087597	sub-20214	ses-1				space-ACPC			DSIStudio	autotrackgqi
ProjectionBrainstem_ReticularTractL	rtap	TORTOISE_model-MAPMRI	/scratch/executivefunction/SLURM_8364170_16/job-8364170-16-sub-20214-ses-1/ds/inputs/data/qsiprep/qsiprep/sub-20214/ses-1/dwi/sub-20214_ses-1_space-ACPC_desc-preproc_dwi.nii.gz	0.0024708789269325	0.0128556955605745	0.005175691563636	0.0125461919233202	0.0128875393420457	0.012580026872456	0.0051423488184809	0.0142309507355093	0.0142325162887573	sub-20214	ses-1				space-ACPC			DSIStudio	autotrackgqi
ProjectionBrainstem_ReticularTractL	rtop	TORTOISE_model-MAPMRI	/scratch/executivefunction/SLURM_8364170_16/job-8364170-16-sub-20214-ses-1/ds/inputs/data/qsiprep/qsiprep/sub-20214/ses-1/dwi/sub-20214_ses-1_space-ACPC_desc-preproc_dwi.nii.gz	0.0024708789269325	0.0002520474954508	9.270705049857496e-05	0.000258926738752	0.0002526718017179	0.0002590952208265	9.196813334710896e-05	0.0002752585860434	0.0002752888831309	sub-20214	ses-1				space-ACPC			DSIStudio	autotrackgqi
ProjectionBrainstem_ReticularTractL	rtpp	TORTOISE_model-MAPMRI	/scratch/executivefunction/SLURM_8364170_16/job-8364170-16-sub-20214-ses-1/ds/inputs/data/qsiprep/qsiprep/sub-20214/ses-1/dwi/sub-20214_ses-1_space-ACPC_desc-preproc_dwi.nii.gz	0.0024708789269325	0.0436875522136688	0.0058587044477462	0.0442717559635639	0.0437957681715488	0.0442820712924003	0.0054470291361212	0.0432341136038303	0.0432388707995414	sub-20214	ses-1				space-ACPC			DSIStudio	autotrackgqi
ProjectionBrainstem_ReticularTractR	ad	TORTOISE_model-MAPMRI	/scratch/executivefunction/SLURM_8364170_16/job-8364170-16-sub-20214-ses-1/ds/inputs/data/qsiprep/qsiprep/sub-20214/ses-1/dwi/sub-20214_ses-1_space-ACPC_desc-preproc_dwi.nii.gz	0.0003468609087755	1291.9695817107531	473.7789525024076	1166.4879470463952	1292.417870947988	1166.5412613932042	473.249410439095	1370.258791040297	1370.26361288901	sub-20214	ses-1				space-ACPC			DSIStudio	autotrackgqi
ProjectionBrainstem_ReticularTractR	am	TORTOISE_model-MAPMRI	/scratch/executivefunction/SLURM_8364170_16/job-8364170-16-sub-20214-ses-1/ds/inputs/data/qsiprep/qsiprep/sub-20214/ses-1/dwi/sub-20214_ses-1_space-ACPC_desc-preproc_dwi.nii.gz	0.0003468609087755	607.8513793945312	213.5658721923828	537.6572265625	608.062255859375	537.6578369140625	213.3025054931641	575.2877807617188	575.289794921875	sub-20214	ses-1				space-ACPC			DSIStudio	autotrackgqi
ProjectionBrainstem_ReticularTractR	fa	TORTOISE_model-MAPMRI	/scratch/executivefunction/SLURM_8364170_16/job-8364170-16-sub-20214-ses-1/ds/inputs/data/qsiprep/qsiprep/sub-20214/ses-1/dwi/sub-20214_ses-1_space-ACPC_desc-preproc_dwi.nii.gz	0.0003468609087755	0.388426763140415	0.1691300436062034	0.3793307044778604	0.388561539949277	0.3793980966044837	0.1690045205165442	0.4461709163267169	0.4461724865351429	sub-20214	ses-1				space-ACPC			DSIStudio	autotrackgqi
ProjectionBrainstem_ReticularTractR	li	TORTOISE_model-MAPMRI	/scratch/executivefunction/SLURM_8364170_16/job-8364170-16-sub-20214-ses-1/ds/inputs/data/qsiprep/qsiprep/sub-20214/ses-1/dwi/sub-20214_ses-1_space-ACPC_desc-preproc_dwi.nii.gz	0.0003468609087755	0.2470041960477829	0.1366980969905853	0.2315230965614318	0.2470899075269699	0.2315430343151092	0.1366443485021591	0.2884180843830108	0.288419097661972	sub-20214	ses-1				space-ACPC			DSIStudio	autotrackgqi
ProjectionBrainstem_ReticularTractR	ng	TORTOISE_model-MAPMRI	/scratch/executivefunction/SLURM_8364170_16/job-8364170-16-sub-20214-ses-1/ds/inputs/data/qsiprep/qsiprep/sub-20214/ses-1/dwi/sub-20214_ses-1_space-ACPC_desc-preproc_dwi.nii.gz	0.0003468609087755	0.3291305601596832	0.0725957602262497	0.3454787135124206	0.3292447626590729	0.3454910516738891	0.0723489746451377	0.3407533168792724	0.3407545089721679	sub-20214	ses-1				space-ACPC			DSIStudio	autotrackgqi
ProjectionBrainstem_ReticularTractR	ngpar	TORTOISE_model-MAPMRI	/scratch/executivefunction/SLURM_8364170_16/job-8364170-16-sub-20214-ses-1/ds/inputs/data/qsiprep/qsiprep/sub-20214/ses-1/dwi/sub-20214_ses-1_space-ACPC_desc-preproc_dwi.nii.gz	0.0003468609087755	0.1433652937412262	0.0406960770487785	0.1431358903646469	0.1434150338172912	0.1431409418582916	0.0406154058873653	0.1413696408271789	0.1413701474666595	sub-20214	ses-1				space-ACPC			DSIStudio	autotrackgqi
ProjectionBrainstem_ReticularTractR	ngperp	TORTOISE_model-MAPMRI	/scratch/executivefunction/SLURM_8364170_16/job-8364170-16-sub-20214-ses-1/ds/inputs/data/qsiprep/qsiprep/sub-20214/ses-1/dwi/sub-20214_ses-1_space-ACPC_desc-preproc_dwi.nii.gz	0.0003468609087755	0.2801916897296905	0.0624739751219749	0.2921215295791626	0.2802889049053192	0.2921985387802124	0.0622663833200931	0.2924774289131164	0.2924784421920776	sub-20214	ses-1				space-ACPC			DSIStudio	autotrackgqi
ProjectionBrainstem_ReticularTractR	pa	TORTOISE_model-MAPMRI	/scratch/executivefunction/SLURM_8364170_16/job-8364170-16-sub-20214-ses-1/ds/inputs/data/qsiprep/qsiprep/sub-20214/ses-1/dwi/sub-20214_ses-1_space-ACPC_desc-preproc_dwi.nii.gz	0.0003468609087755	0.7491828203201294	0.1839004307985305	0.8022953867912292	0.7494427561759949	0.8023715019226074	0.1834019720554351	0.809893786907196	0.8098965883255005	sub-20214	ses-1				space-ACPC			DSIStudio	autotrackgqi
ProjectionBrainstem_ReticularTractR	path	TORTOISE_model-MAPMRI	/scratch/executivefunction/SLURM_8364170_16/job-8364170-16-sub-20214-ses-1/ds/inputs/data/qsiprep/qsiprep/sub-20214/ses-1/dwi/sub-20214_ses-1_space-ACPC_desc-preproc_dwi.nii.gz	0.0003468609087755	0.2965395152568817	0.0968104675412178	0.2961895167827606	0.2966424226760864	0.2962352037429809	0.0966695174574852	0.3272461593151092	0.3272473216056824	sub-20214	ses-1				space-ACPC			DSIStudio	autotrackgqi
ProjectionBrainstem_ReticularTractR	rd	TORTOISE_model-MAPMRI	/scratch/executivefunction/SLURM_8364170_16/job-8364170-16-sub-20214-ses-1/ds/inputs/data/qsiprep/qsiprep/sub-20214/ses-1/dwi/sub-20214_ses-1_space-ACPC_desc-preproc_dwi.nii.gz	0.0003468609087755	721.6267467934915	430.3123794687016	608.7393554763346	721.8771377535171	608.8424336501422	430.1769897369109	690.9408884294495	690.9433194510359	sub-20214	ses-1				space-ACPC			DSIStudio	autotrackgqi
ProjectionBrainstem_ReticularTractR	rtap	TORTOISE_model-MAPMRI	/scratch/executivefunction/SLURM_8364170_16/job-8364170-16-sub-20214-ses-1/ds/inputs/data/qsiprep/qsiprep/sub-20214/ses-1/dwi/sub-20214_ses-1_space-ACPC_desc-preproc_dwi.nii.gz	0.0003468609087755	0.0126381358131766	0.0052181826904416	0.012388302013278	0.0126425204798579	0.0123893618583679	0.0052137742750346	0.0137989716604352	0.0137990210205316	sub-20214	ses-1				space-ACPC			DSIStudio	autotrackgqi
ProjectionBrainstem_ReticularTractR	rtop	TORTOISE_model-MAPMRI	/scratch/executivefunction/SLURM_8364170_16/job-8364170-16-sub-20214-ses-1/ds/inputs/data/qsiprep/qsiprep/sub-20214/ses-1/dwi/sub-20214_ses-1_space-ACPC_desc-preproc_dwi.nii.gz	0.0003468609087755	0.0002467817394062	9.292214235756546e-05	0.0002572410157881	0.0002468673919793	0.0002572766097728	9.282446262659504e-05	0.0002626835776027	0.0002626845089253	sub-20214	ses-1				space-ACPC			DSIStudio	autotrackgqi
ProjectionBrainstem_ReticularTractR	rtpp	TORTOISE_model-MAPMRI	/scratch/executivefunction/SLURM_8364170_16/job-8364170-16-sub-20214-ses-1/ds/inputs/data/qsiprep/qsiprep/sub-20214/ses-1/dwi/sub-20214_ses-1_space-ACPC_desc-preproc_dwi.nii.gz	0.0003468609087755	0.0432877913117408	0.006638953462243	0.0444213822484016	0.0433028116822242	0.0444238409399986	0.0065909475088119	0.0420094579458236	0.0420096069574356	sub-20214	ses-1				space-ACPC			DSIStudio	autotrackgqi
ProjectionBrainstem_CorticopontineTractL	ad	TORTOISE_model-MAPMRI	/scratch/executivefunction/SLURM_8364170_16/job-8364170-16-sub-20214-ses-1/ds/inputs/data/qsiprep/qsiprep/sub-20214/ses-1/dwi/sub-20214_ses-1_space-ACPC_desc-preproc_dwi.nii.gz	0.0002129245182582	1229.5703842689852	375.1811289169808	1144.422766672394	1229.832245707441	1144.4582529579718	374.7916910498018	1336.247265597361	1336.259133005295	sub-20214	ses-1				space-ACPC			DSIStudio	autotrackgqi
ProjectionBrainstem_CorticopontineTractL	am	TORTOISE_model-MAPMRI	/scratch/executivefunction/SLURM_8364170_16/job-8364170-16-sub-20214-ses-1/ds/inputs/data/qsiprep/qsiprep/sub-20214/ses-1/dwi/sub-20214_ses-1_space-ACPC_desc-preproc_dwi.nii.gz	0.0002129245182582	655.6967163085938	256.934326171875	565.2947387695312	655.8363037109375	565.3359985351562	256.78338623046875	554.7305297851562	554.7354125976562	sub-20214	ses-1				space-ACPC			DSIStudio	autotrackgqi
ProjectionBrainstem_CorticopontineTractL	fa	TORTOISE_model-MAPMRI	/scratch/executivefunction/SLURM_8364170_16/job-8364170-16-sub-20214-ses-1/ds/inputs/data/qsiprep/qsiprep/sub-20214/ses-1/dwi/sub-20214_ses-1_space-ACPC_desc-preproc_dwi.nii.gz	0.0002129245182582	0.3765661042956569	0.1941818083908616	0.3871578964619754	0.3766463015279635	0.3872135177703295	0.1941246998275101	0.4737409572969726	0.4737451648099239	sub-20214	ses-1				space-ACPC			DSIStudio	autotrackgqi
ProjectionBrainstem_CorticopontineTractL	li	TORTOISE_model-MAPMRI	/scratch/executivefunction/SLURM_8364170_16/job-8364170-16-sub-20214-ses-1/ds/inputs/data/qsiprep/qsiprep/sub-20214/ses-1/dwi/sub-20214_ses-1_space-ACPC_desc-preproc_dwi.nii.gz	0.0002129245182582	0.2345168143510818	0.1538633406162262	0.2250854223966598	0.2345667630434036	0.2251561433076858	0.1538416594266891	0.3115286827087402	0.3115314841270447	sub-20214	ses-1				space-ACPC			DSIStudio	autotrackgqi
ProjectionBrainstem_CorticopontineTractL	ng	TORTOISE_model-MAPMRI	/scratch/executivefunction/SLURM_8364170_16/job-8364170-16-sub-20214-ses-1/ds/inputs/data/qsiprep/qsiprep/sub-20214/ses-1/dwi/sub-20214_ses-1_space-ACPC_desc-preproc_dwi.nii.gz	0.0002129245182582	0.3053814172744751	0.0892125144600868	0.3397950232028961	0.3054464757442474	0.3398182094097137	0.0891106203198432	0.3516108691692352	0.3516140282154083	sub-20214	ses-1				space-ACPC			DSIStudio	autotrackgqi
ProjectionBrainstem_CorticopontineTractL	ngpar	TORTOISE_model-MAPMRI	/scratch/executivefunction/SLURM_8364170_16/job-8364170-16-sub-20214-ses-1/ds/inputs/data/qsiprep/qsiprep/sub-20214/ses-1/dwi/sub-20214_ses-1_space-ACPC_desc-preproc_dwi.nii.gz	0.0002129245182582	0.136228397488594	0.039211768656969	0.1333364099264145	0.1362574100494384	0.1333418041467666	0.039165511727333	0.1472643613815307	0.1472656726837158	sub-20214	ses-1				space-ACPC			DSIStudio	autotrackgqi
ProjectionBrainstem_CorticopontineTractL	ngperp	TORTOISE_model-MAPMRI	/scratch/executivefunction/SLURM_8364170_16/job-8364170-16-sub-20214-ses-1/ds/inputs/data/qsiprep/qsiprep/sub-20214/ses-1/dwi/sub-20214_ses-1_space-ACPC_desc-preproc_dwi.nii.gz	0.0002129245182582	0.2637484073638916	0.0760353580117225	0.2855578064918518	0.2638045847415924	0.2855784595012665	0.07594595849514	0.3028986155986786	0.3029013276100158	sub-20214	ses-1				space-ACPC			DSIStudio	autotrackgqi
ProjectionBrainstem_CorticopontineTractL	pa	TORTOISE_model-MAPMRI	/scratch/executivefunction/SLURM_8364170_16/job-8364170-16-sub-20214-ses-1/ds/inputs/data/qsiprep/qsiprep/sub-20214/ses-1/dwi/sub-20214_ses-1_space-ACPC_desc-preproc_dwi.nii.gz	0.0002129245182582	0.696595311164856	0.2532491385936737	0.807237446308136	0.6967436671257019	0.8073464035987854	0.2530719935894012	0.8224037289619446	0.822411060333252	sub-20214	ses-1				space-ACPC			DSIStudio	autotrackgqi
ProjectionBrainstem_CorticopontineTractL	path	TORTOISE_model-MAPMRI	/scratch/executivefunction/SLURM_8364170_16/job-8364170-16-sub-20214-ses-1/ds/inputs/data/qsiprep/qsiprep/sub-20214/ses-1/dwi/sub-20214_ses-1_space-ACPC_desc-preproc_dwi.nii.gz	0.0002129245182582	0.2840684950351715	0.1199937239289283	0.2991868555545807	0.2841289937496185	0.2992537021636963	0.1199348717927932	0.3471515476703644	0.3471546471118927	sub-20214	ses-1				space-ACPC			DSIStudio	autotrackgqi
ProjectionBrainstem_CorticopontineTractL	rd	TORTOISE_model-MAPMRI	/scratch/executivefunction/SLURM_8364170_16/job-8364170-16-sub-20214-ses-1/ds/inputs/data/qsiprep/qsiprep/sub-20214/ses-1/dwi/sub-20214_ses-1_space-ACPC_desc-preproc_dwi.nii.gz	0.0002129245182582	695.4231768745653	363.5514643078405	606.1051984535236	695.5712810544982	606.1531276740117	363.4484810015846	622.6955943659156	622.7011244729433	sub-20214	ses-1				space-ACPC			DSIStudio	autotrackgqi
ProjectionBrainstem_CorticopontineTractL	rtap	TORTOISE_model-MAPMRI	/scratch/executivefunction/SLURM_8364170_16/job-8364170-16-sub-20214-ses-1/ds/inputs/data/qsiprep/qsiprep/sub-20214/ses-1/dwi/sub-20214_ses-1_space-ACPC_desc-preproc_dwi.nii.gz	0.0003193867773874	0.0127897216007113	0.0057025030255317	0.0124302748590707	0.0127938082441687	0.012430609203875	0.0056988294236361	0.01519326120615	0.0151986852288246	sub-20214	ses-1				space-ACPC			DSIStudio	autotrackgqi
ProjectionBrainstem_CorticopontineTractL	rtop	TORTOISE_model-MAPMRI	/scratch/executivefunction/SLURM_8364170_16/job-8364170-16-sub-20214-ses-1/ds/inputs/data/qsiprep/qsiprep/sub-20214/ses-1/dwi/sub-20214_ses-1_space-ACPC_desc-preproc_dwi.nii.gz	0.0003193867773874	0.0002505040320102	0.0001019220508169	0.0002558988053351	0.0002505840675439	0.000255913415458	0.0001018399052554	0.0002883761189877	0.0002884791465476	sub-20214	ses-1				space-ACPC			DSIStudio	autotrackgqi
ProjectionBrainstem_CorticopontineTractL	rtpp	TORTOISE_model-MAPMRI	/scratch/executivefunction/SLURM_8364170_16/job-8364170-16-sub-20214-ses-1/ds/inputs/data/qsiprep/qsiprep/sub-20214/ses-1/dwi/sub-20214_ses-1_space-ACPC_desc-preproc_dwi.nii.gz	0.0002129245182582	0.0439812541007995	0.0057620434090495	0.0448865666985511	0.0439906194806098	0.0448870994150638	0.0057267937809228	0.0422927066683769	0.0422930866479873	sub-20214	ses-1				space-ACPC			DSIStudio	autotrackgqi
ProjectionBasalGanglia_AnsaLenticularisR	ad	TORTOISE_model-MAPMRI	/scratch/executivefunction/SLURM_8364170_16/job-8364170-16-sub-20214-ses-1/ds/inputs/data/qsiprep/qsiprep/sub-20214/ses-1/dwi/sub-20214_ses-1_space-ACPC_desc-preproc_dwi.nii.gz	0.0	1562.2156848848165	736.7859258064137	1243.7161985696982	1562.2156848848165	1243.7161985696982	736.7859258064137	1540.1342517233045	1540.1342517233045	sub-20214	ses-1				space-ACPC			DSIStudio	autotrackgqi
ProjectionBasalGanglia_AnsaLenticularisR	am	TORTOISE_model-MAPMRI	/scratch/executivefunction/SLURM_8364170_16/job-8364170-16-sub-20214-ses-1/ds/inputs/data/qsiprep/qsiprep/sub-20214/ses-1/dwi/sub-20214_ses-1_space-ACPC_desc-preproc_dwi.nii.gz	0.0	606.9736328125	219.72610473632807	538.096435546875	606.9736328125	538.096435546875	219.72610473632807	609.9492797851562	609.9492797851562	sub-20214	ses-1				space-ACPC			DSIStudio	autotrackgqi
ProjectionBasalGanglia_AnsaLenticularisR	fa	TORTOISE_model-MAPMRI	/scratch/executivefunction/SLURM_8364170_16/job-8364170-16-sub-20214-ses-1/ds/inputs/data/qsiprep/qsiprep/sub-20214/ses-1/dwi/sub-20214_ses-1_space-ACPC_desc-preproc_dwi.nii.gz	0.0	0.3177979854358724	0.1464106749254549	0.2946773613298806	0.3177979854358724	0.2946773613298806	0.1464106749254549	0.3400401857516745	0.3400401857516745	sub-20214	ses-1				space-ACPC			DSIStudio	autotrackgqi
ProjectionBasalGanglia_AnsaLenticularisR	li	TORTOISE_model-MAPMRI	/scratch/executivefunction/SLURM_8364170_16/job-8364170-16-sub-20214-ses-1/ds/inputs/data/qsiprep/qsiprep/sub-20214/ses-1/dwi/sub-20214_ses-1_space-ACPC_desc-preproc_dwi.nii.gz	0.0	0.1897386908531189	0.1045439019799232	0.1722647994756698	0.1897386908531189	0.1722647994756698	0.1045439019799232	0.2020717561244964	0.2020717561244964	sub-20214	ses-1				space-ACPC			DSIStudio	autotrackgqi
ProjectionBasalGanglia_AnsaLenticularisR	ng	TORTOISE_model-MAPMRI	/scratch/executivefunction/SLURM_8364170_16/job-8364170-16-sub-20214-ses-1/ds/inputs/data/qsiprep/qsiprep/sub-20214/ses-1/dwi/sub-20214_ses-1_space-ACPC_desc-preproc_dwi.nii.gz	0.0	0.2976319193840027	0.102577343583107	0.2864160537719726	0.2976319193840027	0.2864160537719726	0.102577343583107	0.2925260066986084	0.2925260066986084	sub-20214	ses-1				space-ACPC			DSIStudio	autotrackgqi
ProjectionBasalGanglia_AnsaLenticularisR	ngpar	TORTOISE_model-MAPMRI	/scratch/executivefunction/SLURM_8364170_16/job-8364170-16-sub-20214-ses-1/ds/inputs/data/qsiprep/qsiprep/sub-20214/ses-1/dwi/sub-20214_ses-1_space-ACPC_desc-preproc_dwi.nii.gz	0.0	0.1435179412364959	0.0454928874969482	0.1369185745716095	0.1435179412364959	0.1369185745716095	0.0454928874969482	0.139160081744194	0.139160081744194	sub-20214	ses-1				space-ACPC			DSIStudio	autotrackgqi
ProjectionBasalGanglia_AnsaLenticularisR	ngperp	TORTOISE_model-MAPMRI	/scratch/executivefunction/SLURM_8364170_16/job-8364170-16-sub-20214-ses-1/ds/inputs/data/qsiprep/qsiprep/sub-20214/ses-1/dwi/sub-20214_ses-1_space-ACPC_desc-preproc_dwi.nii.gz	0.0	0.2510542273521423	0.0856289640069007	0.2399709522724151	0.2510542273521423	0.2399709522724151	0.0856289640069007	0.2505847513675689	0.2505847513675689	sub-20214	ses-1				space-ACPC			DSIStudio	autotrackgqi
ProjectionBasalGanglia_AnsaLenticularisR	pa	TORTOISE_model-MAPMRI	/scratch/executivefunction/SLURM_8364170_16/job-8364170-16-sub-20214-ses-1/ds/inputs/data/qsiprep/qsiprep/sub-20214/ses-1/dwi/sub-20214_ses-1_space-ACPC_desc-preproc_dwi.nii.gz	0.0	0.6603422164916992	0.1677865386009216	0.6657454371452332	0.6603422164916992	0.6657454371452332	0.1677865386009216	0.6731630563735962	0.6731630563735962	sub-20214	ses-1				space-ACPC			DSIStudio	autotrackgqi
ProjectionBasalGanglia_AnsaLenticularisR	path	TORTOISE_model-MAPMRI	/scratch/executivefunction/SLURM_8364170_16/job-8364170-16-sub-20214-ses-1/ds/inputs/data/qsiprep/qsiprep/sub-20214/ses-1/dwi/sub-20214_ses-1_space-ACPC_desc-preproc_dwi.nii.gz	0.0	0.2466356009244918	0.0813984051346778	0.2317189127206802	0.2466356009244918	0.2317189127206802	0.0813984051346778	0.2545646727085113	0.2545646727085113	sub-20214	ses-1				space-ACPC			DSIStudio	autotrackgqi
ProjectionBasalGanglia_AnsaLenticularisR	rd	TORTOISE_model-MAPMRI	/scratch/executivefunction/SLURM_8364170_16/job-8364170-16-sub-20214-ses-1/ds/inputs/data/qsiprep/qsiprep/sub-20214/ses-1/dwi/sub-20214_ses-1_space-ACPC_desc-preproc_dwi.nii.gz	0.0	1001.7980342939244	644.7090262744852	707.4817126925657	1001.7980342939244	707.4817126925657	644.7090262744852	937.4617788739904	937.4617788739904	sub-20214	ses-1				space-ACPC			DSIStudio	autotrackgqi
ProjectionBasalGanglia_AnsaLenticularisR	rtap	TORTOISE_model-MAPMRI	/scratch/executivefunction/SLURM_8364170_16/job-8364170-16-sub-20214-ses-1/ds/inputs/data/qsiprep/qsiprep/sub-20214/ses-1/dwi/sub-20214_ses-1_space-ACPC_desc-preproc_dwi.nii.gz	0.0	0.0087991571053862	0.0043556168675422	0.0090507846325635	0.0087991571053862	0.0090507846325635	0.0043556168675422	0.0090913726016879	0.0090913726016879	sub-20214	ses-1				space-ACPC			DSIStudio	autotrackgqi
ProjectionBasalGanglia_AnsaLenticularisR	rtop	TORTOISE_model-MAPMRI	/scratch/executivefunction/SLURM_8364170_16/job-8364170-16-sub-20214-ses-1/ds/inputs/data/qsiprep/qsiprep/sub-20214/ses-1/dwi/sub-20214_ses-1_space-ACPC_desc-preproc_dwi.nii.gz	0.0	0.0001662333088461	8.446215360891074e-05	0.0001810854446375	0.0001662333088461	0.0001810854446375	8.446215360891074e-05	0.0001670842757448	0.0001670842757448	sub-20214	ses-1				space-ACPC			DSIStudio	autotrackgqi
ProjectionBasalGanglia_AnsaLenticularisR	rtpp	TORTOISE_model-MAPMRI	/scratch/executivefunction/SLURM_8364170_16/job-8364170-16-sub-20214-ses-1/ds/inputs/data/qsiprep/qsiprep/sub-20214/ses-1/dwi/sub-20214_ses-1_space-ACPC_desc-preproc_dwi.nii.gz	0.0	0.0394370816648006	0.0089030209928751	0.0425838381052017	0.0394370816648006	0.0425838381052017	0.0089030209928751	0.0391718335449695	0.0391718335449695	sub-20214	ses-1				space-ACPC			DSIStudio	autotrackgqi
ProjectionBrainstem_DentatorubrothalamicTract-lr	ad	TORTOISE_model-MAPMRI	/scratch/executivefunction/SLURM_8364170_16/job-8364170-16-sub-20214-ses-1/ds/inputs/data/qsiprep/qsiprep/sub-20214/ses-1/dwi/sub-20214_ses-1_space-ACPC_desc-preproc_dwi.nii.gz	0.0	1346.3181324738125	575.9527282042621	1167.5757689534894	1346.3181324738125	1167.5757689534894	575.9527282042621	1454.2088927483946	1454.2088927483946	sub-20214	ses-1				space-ACPC			DSIStudio	autotrackgqi
ProjectionBrainstem_DentatorubrothalamicTract-lr	am	TORTOISE_model-MAPMRI	/scratch/executivefunction/SLURM_8364170_16/job-8364170-16-sub-20214-ses-1/ds/inputs/data/qsiprep/qsiprep/sub-20214/ses-1/dwi/sub-20214_ses-1_space-ACPC_desc-preproc_dwi.nii.gz	0.0	576.757568359375	225.8580474853516	505.03759765625	576.757568359375	505.03759765625	225.8580474853516	614.690673828125	614.690673828125	sub-20214	ses-1				space-ACPC			DSIStudio	autotrackgqi
ProjectionBrainstem_DentatorubrothalamicTract-lr	fa	TORTOISE_model-MAPMRI	/scratch/executivefunction/SLURM_8364170_16/job-8364170-16-sub-20214-ses-1/ds/inputs/data/qsiprep/qsiprep/sub-20214/ses-1/dwi/sub-20214_ses-1_space-ACPC_desc-preproc_dwi.nii.gz	0.0	0.4576614464343145	0.185744419780452	0.4335360406199958	0.4576614464343145	0.4335360406199958	0.185744419780452	0.4694112318274279	0.4694112318274279	sub-20214	ses-1				space-ACPC			DSIStudio	autotrackgqi
ProjectionBrainstem_DentatorubrothalamicTract-lr	li	TORTOISE_model-MAPMRI	/scratch/executivefunction/SLURM_8364170_16/job-8364170-16-sub-20214-ses-1/ds/inputs/data/qsiprep/qsiprep/sub-20214/ses-1/dwi/sub-20214_ses-1_space-ACPC_desc-preproc_dwi.nii.gz	0.0	0.3027740716934204	0.1618581116199493	0.2776645123958587	0.3027740716934204	0.2776645123958587	0.1618581116199493	0.3071128129959106	0.3071128129959106	sub-20214	ses-1				space-ACPC			DSIStudio	autotrackgqi
ProjectionBrainstem_DentatorubrothalamicTract-lr	ng	TORTOISE_model-MAPMRI	/scratch/executivefunction/SLURM_8364170_16/job-8364170-16-sub-20214-ses-1/ds/inputs/data/qsiprep/qsiprep/sub-20214/ses-1/dwi/sub-20214_ses-1_space-ACPC_desc-preproc_dwi.nii.gz	0.0	0.3521680831909179	0.0554250627756118	0.3633390367031097	0.3521680831909179	0.3633390367031097	0.0554250627756118	0.3490198254585266	0.3490198254585266	sub-20214	ses-1				space-ACPC			DSIStudio	autotrackgqi
ProjectionBrainstem_DentatorubrothalamicTract-lr	ngpar	TORTOISE_model-MAPMRI	/scratch/executivefunction/SLURM_8364170_16/job-8364170-16-sub-20214-ses-1/ds/inputs/data/qsiprep/qsiprep/sub-20214/ses-1/dwi/sub-20214_ses-1_space-ACPC_desc-preproc_dwi.nii.gz	0.0	0.1558351814746856	0.0398855581879615	0.1574326753616333	0.1558351814746856	0.1574326753616333	0.0398855581879615	0.1534406542778015	0.1534406542778015	sub-20214	ses-1				space-ACPC			DSIStudio	autotrackgqi
ProjectionBrainstem_DentatorubrothalamicTract-lr	ngperp	TORTOISE_model-MAPMRI	/scratch/executivefunction/SLURM_8364170_16/job-8364170-16-sub-20214-ses-1/ds/inputs/data/qsiprep/qsiprep/sub-20214/ses-1/dwi/sub-20214_ses-1_space-ACPC_desc-preproc_dwi.nii.gz	0.0	0.3037252426147461	0.0536222904920578	0.3142333924770355	0.3037252426147461	0.3142333924770355	0.0536222904920578	0.3027962446212768	0.3027962446212768	sub-20214	ses-1				space-ACPC			DSIStudio	autotrackgqi
ProjectionBrainstem_DentatorubrothalamicTract-lr	pa	TORTOISE_model-MAPMRI	/scratch/executivefunction/SLURM_8364170_16/job-8364170-16-sub-20214-ses-1/ds/inputs/data/qsiprep/qsiprep/sub-20214/ses-1/dwi/sub-20214_ses-1_space-ACPC_desc-preproc_dwi.nii.gz	0.0	0.8212200999259949	0.1444641053676605	0.8521245718002319	0.8212200999259949	0.8521245718002319	0.1444641053676605	0.8285974264144897	0.8285974264144897	sub-20214	ses-1				space-ACPC			DSIStudio	autotrackgqi
ProjectionBrainstem_DentatorubrothalamicTract-lr	path	TORTOISE_model-MAPMRI	/scratch/executivefunction/SLURM_8364170_16/job-8364170-16-sub-20214-ses-1/ds/inputs/data/qsiprep/qsiprep/sub-20214/ses-1/dwi/sub-20214_ses-1_space-ACPC_desc-preproc_dwi.nii.gz	0.0	0.3415231108665466	0.0978939533233642	0.3301668763160705	0.3415231108665466	0.3301668763160705	0.0978939533233642	0.3470703065395355	0.3470703065395355	sub-20214	ses-1				space-ACPC			DSIStudio	autotrackgqi
ProjectionBrainstem_DentatorubrothalamicTract-lr	rd	TORTOISE_model-MAPMRI	/scratch/executivefunction/SLURM_8364170_16/job-8364170-16-sub-20214-ses-1/ds/inputs/data/qsiprep/qsiprep/sub-20214/ses-1/dwi/sub-20214_ses-1_space-ACPC_desc-preproc_dwi.nii.gz	0.0	686.0784214177653	539.1989425154707	543.3387326458715	686.0784214177653	543.3387326458715	539.1989425154707	738.7982577662672	738.7982577662672	sub-20214	ses-1				space-ACPC			DSIStudio	autotrackgqi
ProjectionBrainstem_DentatorubrothalamicTract-lr	rtap	TORTOISE_model-MAPMRI	/scratch/executivefunction/SLURM_8364170_16/job-8364170-16-sub-20214-ses-1/ds/inputs/data/qsiprep/qsiprep/sub-20214/ses-1/dwi/sub-20214_ses-1_space-ACPC_desc-preproc_dwi.nii.gz	0.0	0.0152594055980443	0.0066661746241152	0.0145364832133054	0.0152594055980443	0.0145364832133054	0.0066661746241152	0.0151123721152544	0.0151123721152544	sub-20214	ses-1				space-ACPC			DSIStudio	autotrackgqi
ProjectionBrainstem_DentatorubrothalamicTract-lr	rtop	TORTOISE_model-MAPMRI	/scratch/executivefunction/SLURM_8364170_16/job-8364170-16-sub-20214-ses-1/ds/inputs/data/qsiprep/qsiprep/sub-20214/ses-1/dwi/sub-20214_ses-1_space-ACPC_desc-preproc_dwi.nii.gz	0.0	0.0003024191246367	0.0001177569283754	0.0003148751566186	0.0003024191246367	0.0003148751566186	0.0001177569283754	0.0002965560997836	0.0002965560997836	sub-20214	ses-1				space-ACPC			DSIStudio	autotrackgqi
ProjectionBrainstem_DentatorubrothalamicTract-lr	rtpp	TORTOISE_model-MAPMRI	/scratch/executivefunction/SLURM_8364170_16/job-8364170-16-sub-20214-ses-1/ds/inputs/data/qsiprep/qsiprep/sub-20214/ses-1/dwi/sub-20214_ses-1_space-ACPC_desc-preproc_dwi.nii.gz	0.0	0.0428516343235969	0.0071699880063533	0.0443089269101619	0.0428516343235969	0.0443089269101619	0.0071699880063533	0.0415574461221694	0.0415574461221694	sub-20214	ses-1				space-ACPC			DSIStudio	autotrackgqi
ProjectionBasalGanglia_AnsaSubthalamicaR	ad	TORTOISE_model-MAPMRI	/scratch/executivefunction/SLURM_8364170_16/job-8364170-16-sub-20214-ses-1/ds/inputs/data/qsiprep/qsiprep/sub-20214/ses-1/dwi/sub-20214_ses-1_space-ACPC_desc-preproc_dwi.nii.gz	0.0	1493.4622606327978	653.4222468539348	1283.8528187036995	1493.4622606327978	1283.8528187036995	653.4222468539348	1470.7234047819047	1470.7234047819047	sub-20214	ses-1				space-ACPC			DSIStudio	autotrackgqi
ProjectionBasalGanglia_AnsaSubthalamicaR	am	TORTOISE_model-MAPMRI	/scratch/executivefunction/SLURM_8364170_16/job-8364170-16-sub-20214-ses-1/ds/inputs/data/qsiprep/qsiprep/sub-20214/ses-1/dwi/sub-20214_ses-1_space-ACPC_desc-preproc_dwi.nii.gz	0.0	558.1060791015625	194.5620880126953	506.6244812011719	558.1060791015625	506.6244812011719	194.5620880126953	525.6995849609375	525.6995849609375	sub-20214	ses-1				space-ACPC			DSIStudio	autotrackgqi
ProjectionBasalGanglia_AnsaSubthalamicaR	fa	TORTOISE_model-MAPMRI	/scratch/executivefunction/SLURM_8364170_16/job-8364170-16-sub-20214-ses-1/ds/inputs/data/qsiprep/qsiprep/sub-20214/ses-1/dwi/sub-20214_ses-1_space-ACPC_desc-preproc_dwi.nii.gz	0.0	0.3494593707011209	0.1664106377196886	0.3342385851839296	0.3494593707011209	0.3342385851839296	0.1664106377196886	0.3689472985495399	0.3689472985495399	sub-20214	ses-1				space-ACPC			DSIStudio	autotrackgqi
ProjectionBasalGanglia_AnsaSubthalamicaR	li	TORTOISE_model-MAPMRI	/scratch/executivefunction/SLURM_8364170_16/job-8364170-16-sub-20214-ses-1/ds/inputs/data/qsiprep/qsiprep/sub-20214/ses-1/dwi/sub-20214_ses-1_space-ACPC_desc-preproc_dwi.nii.gz	0.0	0.2088717967271804	0.120328240096569	0.192317858338356	0.2088717967271804	0.192317858338356	0.120328240096569	0.2244209796190261	0.2244209796190261	sub-20214	ses-1				space-ACPC			DSIStudio	autotrackgqi
ProjectionBasalGanglia_AnsaSubthalamicaR	ng	TORTOISE_model-MAPMRI	/scratch/executivefunction/SLURM_8364170_16/job-8364170-16-sub-20214-ses-1/ds/inputs/data/qsiprep/qsiprep/sub-20214/ses-1/dwi/sub-20214_ses-1_space-ACPC_desc-preproc_dwi.nii.gz	0.0	0.3102394044399261	0.0916700437664985	0.315466433763504	0.3102394044399261	0.315466433763504	0.0916700437664985	0.3088854551315307	0.3088854551315307	sub-20214	ses-1				space-ACPC			DSIStudio	autotrackgqi
ProjectionBasalGanglia_AnsaSubthalamicaR	ngpar	TORTOISE_model-MAPMRI	/scratch/executivefunction/SLURM_8364170_16/job-8364170-16-sub-20214-ses-1/ds/inputs/data/qsiprep/qsiprep/sub-20214/ses-1/dwi/sub-20214_ses-1_space-ACPC_desc-preproc_dwi.nii.gz	0.0	0.1522108018398285	0.0409421101212501	0.1505821645259857	0.1522108018398285	0.1505821645259857	0.0409421101212501	0.1539480090141296	0.1539480090141296	sub-20214	ses-1				space-ACPC			DSIStudio	autotrackgqi
ProjectionBasalGanglia_AnsaSubthalamicaR	ngperp	TORTOISE_model-MAPMRI	/scratch/executivefunction/SLURM_8364170_16/job-8364170-16-sub-20214-ses-1/ds/inputs/data/qsiprep/qsiprep/sub-20214/ses-1/dwi/sub-20214_ses-1_space-ACPC_desc-preproc_dwi.nii.gz	0.0	0.2596094310283661	0.0748311653733253	0.2599823772907257	0.2596094310283661	0.2599823772907257	0.0748311653733253	0.2593405842781067	0.2593405842781067	sub-20214	ses-1				space-ACPC			DSIStudio	autotrackgqi
ProjectionBasalGanglia_AnsaSubthalamicaR	pa	TORTOISE_model-MAPMRI	/scratch/executivefunction/SLURM_8364170_16/job-8364170-16-sub-20214-ses-1/ds/inputs/data/qsiprep/qsiprep/sub-20214/ses-1/dwi/sub-20214_ses-1_space-ACPC_desc-preproc_dwi.nii.gz	0.0	0.6865242719650269	0.1903735101222992	0.7308419346809387	0.6865242719650269	0.7308419346809387	0.1903735101222992	0.7074240446090698	0.7074240446090698	sub-20214	ses-1				space-ACPC			DSIStudio	autotrackgqi
ProjectionBasalGanglia_AnsaSubthalamicaR	path	TORTOISE_model-MAPMRI	/scratch/executivefunction/SLURM_8364170_16/job-8364170-16-sub-20214-ses-1/ds/inputs/data/qsiprep/qsiprep/sub-20214/ses-1/dwi/sub-20214_ses-1_space-ACPC_desc-preproc_dwi.nii.gz	0.0	0.2619839608669281	0.0891627818346023	0.2589430212974548	0.2619839608669281	0.2589430212974548	0.0891627818346023	0.2671315968036651	0.2671315968036651	sub-20214	ses-1				space-ACPC			DSIStudio	autotrackgqi
ProjectionBasalGanglia_AnsaSubthalamicaR	rd	TORTOISE_model-MAPMRI	/scratch/executivefunction/SLURM_8364170_16/job-8364170-16-sub-20214-ses-1/ds/inputs/data/qsiprep/qsiprep/sub-20214/ses-1/dwi/sub-20214_ses-1_space-ACPC_desc-preproc_dwi.nii.gz	0.0	902.3787760586712	600.8229757911921	698.6404519601157	902.3787760586712	698.6404519601157	600.8229757911921	862.7489683065991	862.7489683065991	sub-20214	ses-1				space-ACPC			DSIStudio	autotrackgqi
ProjectionBasalGanglia_AnsaSubthalamicaR	rtap	TORTOISE_model-MAPMRI	/scratch/executivefunction/SLURM_8364170_16/job-8364170-16-sub-20214-ses-1/ds/inputs/data/qsiprep/qsiprep/sub-20214/ses-1/dwi/sub-20214_ses-1_space-ACPC_desc-preproc_dwi.nii.gz	0.0	0.0098353335633873	0.0044728112407028	0.0097824614495038	0.0098353335633873	0.0097824614495038	0.0044728112407028	0.0099935382604599	0.0099935382604599	sub-20214	ses-1				space-ACPC			DSIStudio	autotrackgqi
ProjectionBasalGanglia_AnsaSubthalamicaR	rtop	TORTOISE_model-MAPMRI	/scratch/executivefunction/SLURM_8364170_16/job-8364170-16-sub-20214-ses-1/ds/inputs/data/qsiprep/qsiprep/sub-20214/ses-1/dwi/sub-20214_ses-1_space-ACPC_desc-preproc_dwi.nii.gz	0.0	0.0001873182482086	8.537552639609203e-05	0.0001907017576741	0.0001873182482086	0.0001907017576741	8.537552639609203e-05	0.000190087914234	0.000190087914234	sub-20214	ses-1				space-ACPC			DSIStudio	autotrackgqi
ProjectionBasalGanglia_AnsaSubthalamicaR	rtpp	TORTOISE_model-MAPMRI	/scratch/executivefunction/SLURM_8364170_16/job-8364170-16-sub-20214-ses-1/ds/inputs/data/qsiprep/qsiprep/sub-20214/ses-1/dwi/sub-20214_ses-1_space-ACPC_desc-preproc_dwi.nii.gz	0.0	0.0401588976383209	0.0077005201019346	0.0420498587191104	0.0401588976383209	0.0420498587191104	0.0077005201019346	0.0400126837193965	0.0400126837193965	sub-20214	ses-1				space-ACPC			DSIStudio	autotrackgqi
ProjectionBasalGanglia_FornixR	ad	TORTOISE_model-MAPMRI	/scratch/executivefunction/SLURM_8364170_16/job-8364170-16-sub-20214-ses-1/ds/inputs/data/qsiprep/qsiprep/sub-20214/ses-1/dwi/sub-20214_ses-1_space-ACPC_desc-preproc_dwi.nii.gz	0.0	1653.736783956129	693.8693078818487	1458.1334939303924	1653.736783956129	1458.1334939303924	693.8693078818487	1918.552911483436	1918.552911483436	sub-20214	ses-1				space-ACPC			DSIStudio	autotrackgqi
ProjectionBasalGanglia_FornixR	am	TORTOISE_model-MAPMRI	/scratch/executivefunction/SLURM_8364170_16/job-8364170-16-sub-20214-ses-1/ds/inputs/data/qsiprep/qsiprep/sub-20214/ses-1/dwi/sub-20214_ses-1_space-ACPC_desc-preproc_dwi.nii.gz	0.0	706.9324340820312	233.772705078125	659.765380859375	706.9324340820312	659.765380859375	233.772705078125	712.6736450195312	712.6736450195312	sub-20214	ses-1				space-ACPC			DSIStudio	autotrackgqi
ProjectionBasalGanglia_FornixR	fa	TORTOISE_model-MAPMRI	/scratch/executivefunction/SLURM_8364170_16/job-8364170-16-sub-20214-ses-1/ds/inputs/data/qsiprep/qsiprep/sub-20214/ses-1/dwi/sub-20214_ses-1_space-ACPC_desc-preproc_dwi.nii.gz	0.0	0.2973339127209705	0.1560259564501435	0.2763259769073545	0.2973339127209705	0.2763259769073545	0.1560259564501435	0.3516786088403854	0.3516786088403854	sub-20214	ses-1				space-ACPC			DSIStudio	autotrackgqi
ProjectionBasalGanglia_FornixR	li	TORTOISE_model-MAPMRI	/scratch/executivefunction/SLURM_8364170_16/job-8364170-16-sub-20214-ses-1/ds/inputs/data/qsiprep/qsiprep/sub-20214/ses-1/dwi/sub-20214_ses-1_space-ACPC_desc-preproc_dwi.nii.gz	0.0	0.1783847361803054	0.1135704144835472	0.1562914848327636	0.1783847361803054	0.1562914848327636	0.1135704144835472	0.2218352109193802	0.2218352109193802	sub-20214	ses-1				space-ACPC			DSIStudio	autotrackgqi
ProjectionBasalGanglia_FornixR	ng	TORTOISE_model-MAPMRI	/scratch/executivefunction/SLURM_8364170_16/job-8364170-16-sub-20214-ses-1/ds/inputs/data/qsiprep/qsiprep/sub-20214/ses-1/dwi/sub-20214_ses-1_space-ACPC_desc-preproc_dwi.nii.gz	0.0	0.2959648072719574	0.1034494489431381	0.2924348711967468	0.2959648072719574	0.2924348711967468	0.1034494489431381	0.3345834612846374	0.3345834612846374	sub-20214	ses-1				space-ACPC			DSIStudio	autotrackgqi
ProjectionBasalGanglia_FornixR	ngpar	TORTOISE_model-MAPMRI	/scratch/executivefunction/SLURM_8364170_16/job-8364170-16-sub-20214-ses-1/ds/inputs/data/qsiprep/qsiprep/sub-20214/ses-1/dwi/sub-20214_ses-1_space-ACPC_desc-preproc_dwi.nii.gz	0.0	0.1377647519111633	0.0446861013770103	0.1336593031883239	0.1377647519111633	0.1336593031883239	0.0446861013770103	0.130992904305458	0.130992904305458	sub-20214	ses-1				space-ACPC			DSIStudio	autotrackgqi
ProjectionBasalGanglia_FornixR	ngperp	TORTOISE_model-MAPMRI	/scratch/executivefunction/SLURM_8364170_16/job-8364170-16-sub-20214-ses-1/ds/inputs/data/qsiprep/qsiprep/sub-20214/ses-1/dwi/sub-20214_ses-1_space-ACPC_desc-preproc_dwi.nii.gz	0.0	0.2552024126052856	0.0898010730743408	0.2522560954093933	0.2552024126052856	0.2522560954093933	0.0898010730743408	0.2946732640266418	0.2946732640266418	sub-20214	ses-1				space-ACPC			DSIStudio	autotrackgqi
ProjectionBasalGanglia_FornixR	pa	TORTOISE_model-MAPMRI	/scratch/executivefunction/SLURM_8364170_16/job-8364170-16-sub-20214-ses-1/ds/inputs/data/qsiprep/qsiprep/sub-20214/ses-1/dwi/sub-20214_ses-1_space-ACPC_desc-preproc_dwi.nii.gz	0.0	0.631331205368042	0.2127152532339096	0.6616096496582031	0.631331205368042	0.6616096496582031	0.2127152532339096	0.7156665325164795	0.7156665325164795	sub-20214	ses-1				space-ACPC			DSIStudio	autotrackgqi
ProjectionBasalGanglia_FornixR	path	TORTOISE_model-MAPMRI	/scratch/executivefunction/SLURM_8364170_16/job-8364170-16-sub-20214-ses-1/ds/inputs/data/qsiprep/qsiprep/sub-20214/ses-1/dwi/sub-20214_ses-1_space-ACPC_desc-preproc_dwi.nii.gz	0.0	0.239867702126503	0.0940742567181587	0.2301371991634369	0.239867702126503	0.2301371991634369	0.0940742567181587	0.2867219746112823	0.2867219746112823	sub-20214	ses-1				space-ACPC			DSIStudio	autotrackgqi
ProjectionBasalGanglia_FornixR	rd	TORTOISE_model-MAPMRI	/scratch/executivefunction/SLURM_8364170_16/job-8364170-16-sub-20214-ses-1/ds/inputs/data/qsiprep/qsiprep/sub-20214/ses-1/dwi/sub-20214_ses-1_space-ACPC_desc-preproc_dwi.nii.gz	0.0	1061.9114797395016	575.6776214892583	851.4611280658482	1061.9114797395016	851.4611280658482	575.6776214892583	1100.9559245461785	1100.9559245461785	sub-20214	ses-1				space-ACPC			DSIStudio	autotrackgqi
ProjectionBasalGanglia_FornixR	rtap	TORTOISE_model-MAPMRI	/scratch/executivefunction/SLURM_8364170_16/job-8364170-16-sub-20214-ses-1/ds/inputs/data/qsiprep/qsiprep/sub-20214/ses-1/dwi/sub-20214_ses-1_space-ACPC_desc-preproc_dwi.nii.gz	0.0	0.0079290494322776	0.004065501037985	0.0075758770108222	0.0079290494322776	0.0075758770108222	0.004065501037985	0.0081571787595748	0.0081571787595748	sub-20214	ses-1				space-ACPC			DSIStudio	autotrackgqi
ProjectionBasalGanglia_FornixR	rtop	TORTOISE_model-MAPMRI	/scratch/executivefunction/SLURM_8364170_16/job-8364170-16-sub-20214-ses-1/ds/inputs/data/qsiprep/qsiprep/sub-20214/ses-1/dwi/sub-20214_ses-1_space-ACPC_desc-preproc_dwi.nii.gz	0.0	0.0001427044771844	7.544578693341464e-05	0.000142045377288	0.0001427044771844	0.000142045377288	7.544578693341464e-05	0.000132932094857	0.000132932094857	sub-20214	ses-1				space-ACPC			DSIStudio	autotrackgqi
ProjectionBasalGanglia_FornixR	rtpp	TORTOISE_model-MAPMRI	/scratch/executivefunction/SLURM_8364170_16/job-8364170-16-sub-20214-ses-1/ds/inputs/data/qsiprep/qsiprep/sub-20214/ses-1/dwi/sub-20214_ses-1_space-ACPC_desc-preproc_dwi.nii.gz	0.0	0.0377848036587238	0.0082933055236935	0.0386303141713142	0.0377848036587238	0.0386303141713142	0.0082933055236935	0.0346776917576789	0.0346776917576789	sub-20214	ses-1				space-ACPC			DSIStudio	autotrackgqi
ProjectionBasalGanglia_FasciculusSubthalamicusR	ad	TORTOISE_model-MAPMRI	/scratch/executivefunction/SLURM_8364170_16/job-8364170-16-sub-20214-ses-1/ds/inputs/data/qsiprep/qsiprep/sub-20214/ses-1/dwi/sub-20214_ses-1_space-ACPC_desc-preproc_dwi.nii.gz	0.0	1381.5125874244438	630.3534202108839	1187.927611278028	1381.5125874244438	1187.927611278028	630.3534202108839	1605.5504999593268	1605.550319652386	sub-20214	ses-1				space-ACPC			DSIStudio	autotrackgqi
ProjectionBasalGanglia_FasciculusSubthalamicusR	am	TORTOISE_model-MAPMRI	/scratch/executivefunction/SLURM_8364170_16/job-8364170-16-sub-20214-ses-1/ds/inputs/data/qsiprep/qsiprep/sub-20214/ses-1/dwi/sub-20214_ses-1_space-ACPC_desc-preproc_dwi.nii.gz	0.0	517.1339721679688	159.67526245117188	494.4100341796875	517.1339721679688	494.4100341796875	159.67526245117188	495.469482421875	495.469482421875	sub-20214	ses-1				space-ACPC			DSIStudio	autotrackgqi
ProjectionBasalGanglia_FasciculusSubthalamicusR	fa	TORTOISE_model-MAPMRI	/scratch/executivefunction/SLURM_8364170_16/job-8364170-16-sub-20214-ses-1/ds/inputs/data/qsiprep/qsiprep/sub-20214/ses-1/dwi/sub-20214_ses-1_space-ACPC_desc-preproc_dwi.nii.gz	0.0	0.3902322761213933	0.1769724258734373	0.3461516775941023	0.3902322761213933	0.3461516775941023	0.1769724258734373	0.4550793825312392	0.4550793309879326	sub-20214	ses-1				space-ACPC			DSIStudio	autotrackgqi
ProjectionBasalGanglia_FasciculusSubthalamicusR	li	TORTOISE_model-MAPMRI	/scratch/executivefunction/SLURM_8364170_16/job-8364170-16-sub-20214-ses-1/ds/inputs/data/qsiprep/qsiprep/sub-20214/ses-1/dwi/sub-20214_ses-1_space-ACPC_desc-preproc_dwi.nii.gz	0.0	0.2411833107471466	0.1384983509778976	0.1965997368097305	0.2411833107471466	0.1965997368097305	0.1384983509778976	0.2854911684989929	0.2854911386966705	sub-20214	ses-1				space-ACPC			DSIStudio	autotrackgqi
ProjectionBasalGanglia_FasciculusSubthalamicusR	ng	TORTOISE_model-MAPMRI	/scratch/executivefunction/SLURM_8364170_16/job-8364170-16-sub-20214-ses-1/ds/inputs/data/qsiprep/qsiprep/sub-20214/ses-1/dwi/sub-20214_ses-1_space-ACPC_desc-preproc_dwi.nii.gz	0.0	0.3246268332004547	0.0881435796618461	0.3348839879035949	0.3246268332004547	0.3348839879035949	0.0881435796618461	0.3775058686733246	0.3775058090686798	sub-20214	ses-1				space-ACPC			DSIStudio	autotrackgqi
ProjectionBasalGanglia_FasciculusSubthalamicusR	ngpar	TORTOISE_model-MAPMRI	/scratch/executivefunction/SLURM_8364170_16/job-8364170-16-sub-20214-ses-1/ds/inputs/data/qsiprep/qsiprep/sub-20214/ses-1/dwi/sub-20214_ses-1_space-ACPC_desc-preproc_dwi.nii.gz	0.0	0.1461744755506515	0.0389892607927322	0.1438899934291839	0.1461744755506515	0.1438899934291839	0.0389892607927322	0.1578190326690673	0.157819002866745	sub-20214	ses-1				space-ACPC			DSIStudio	autotrackgqi
ProjectionBasalGanglia_FasciculusSubthalamicusR	ngperp	TORTOISE_model-MAPMRI	/scratch/executivefunction/SLURM_8364170_16/job-8364170-16-sub-20214-ses-1/ds/inputs/data/qsiprep/qsiprep/sub-20214/ses-1/dwi/sub-20214_ses-1_space-ACPC_desc-preproc_dwi.nii.gz	0.0	0.273489773273468	0.0749207213521003	0.2782140374183655	0.273489773273468	0.2782140374183655	0.0749207213521003	0.3184045553207397	0.3184045255184173	sub-20214	ses-1				space-ACPC			DSIStudio	autotrackgqi
ProjectionBasalGanglia_FasciculusSubthalamicusR	pa	TORTOISE_model-MAPMRI	/scratch/executivefunction/SLURM_8364170_16/job-8364170-16-sub-20214-ses-1/ds/inputs/data/qsiprep/qsiprep/sub-20214/ses-1/dwi/sub-20214_ses-1_space-ACPC_desc-preproc_dwi.nii.gz	0.0	0.7323971390724182	0.1850753873586654	0.7682467699050903	0.7323971390724182	0.7682467699050903	0.1850753873586654	0.8274772763252258	0.827477216720581	sub-20214	ses-1				space-ACPC			DSIStudio	autotrackgqi
ProjectionBasalGanglia_FasciculusSubthalamicusR	path	TORTOISE_model-MAPMRI	/scratch/executivefunction/SLURM_8364170_16/job-8364170-16-sub-20214-ses-1/ds/inputs/data/qsiprep/qsiprep/sub-20214/ses-1/dwi/sub-20214_ses-1_space-ACPC_desc-preproc_dwi.nii.gz	0.0	0.2913111746311188	0.1028956100344657	0.2771876454353332	0.2913111746311188	0.2771876454353332	0.1028956100344657	0.3454681038856506	0.3454680442810058	sub-20214	ses-1				space-ACPC			DSIStudio	autotrackgqi
ProjectionBasalGanglia_FasciculusSubthalamicusR	rd	TORTOISE_model-MAPMRI	/scratch/executivefunction/SLURM_8364170_16/job-8364170-16-sub-20214-ses-1/ds/inputs/data/qsiprep/qsiprep/sub-20214/ses-1/dwi/sub-20214_ses-1_space-ACPC_desc-preproc_dwi.nii.gz	0.0	770.5449667233235	533.5942777859867	636.7344539859153	770.5449667233235	636.7344539859153	533.5942777859867	809.3819625833277	809.3818719819899	sub-20214	ses-1				space-ACPC			DSIStudio	autotrackgqi
ProjectionBasalGanglia_FasciculusSubthalamicusR	rtap	TORTOISE_model-MAPMRI	/scratch/executivefunction/SLURM_8364170_16/job-8364170-16-sub-20214-ses-1/ds/inputs/data/qsiprep/qsiprep/sub-20214/ses-1/dwi/sub-20214_ses-1_space-ACPC_desc-preproc_dwi.nii.gz	0.0	0.0122841354459524	0.0057653519324958	0.0106867961585521	0.0122841354459524	0.0106867961585521	0.0057653519324958	0.0131265260279178	0.0131265241652727	sub-20214	ses-1				space-ACPC			DSIStudio	autotrackgqi
ProjectionBasalGanglia_FasciculusSubthalamicusR	rtop	TORTOISE_model-MAPMRI	/scratch/executivefunction/SLURM_8364170_16/job-8364170-16-sub-20214-ses-1/ds/inputs/data/qsiprep/qsiprep/sub-20214/ses-1/dwi/sub-20214_ses-1_space-ACPC_desc-preproc_dwi.nii.gz	0.0	0.0002384490071563	0.0001053046289598	0.0002260029868921	0.0002384490071563	0.0002260029868921	0.0001053046289598	0.0002436740905977	0.0002436740760458	sub-20214	ses-1				space-ACPC			DSIStudio	autotrackgqi
ProjectionBasalGanglia_FasciculusSubthalamicusR	rtpp	TORTOISE_model-MAPMRI	/scratch/executivefunction/SLURM_8364170_16/job-8364170-16-sub-20214-ses-1/ds/inputs/data/qsiprep/qsiprep/sub-20214/ses-1/dwi/sub-20214_ses-1_space-ACPC_desc-preproc_dwi.nii.gz	0.0	0.0424606464803218	0.0078723346814513	0.044034905731678	0.0424606464803218	0.044034905731678	0.0078723346814513	0.0391778126358985	0.0391778089106082	sub-20214	ses-1				space-ACPC			DSIStudio	autotrackgqi
ProjectionBrainstem_CorticobulbarTractL	ad	TORTOISE_model-MAPMRI	/scratch/executivefunction/SLURM_8364170_16/job-8364170-16-sub-20214-ses-1/ds/inputs/data/qsiprep/qsiprep/sub-20214/ses-1/dwi/sub-20214_ses-1_space-ACPC_desc-preproc_dwi.nii.gz	0.0	1268.7300461419425	281.0132107850272	1278.078806645707	1268.7300461419425	1278.078806645707	281.0132107850272	1302.0964452079625	1302.0965580744232	sub-20214	ses-1				space-ACPC			DSIStudio	autotrackgqi
ProjectionBrainstem_CorticobulbarTractL	am	TORTOISE_model-MAPMRI	/scratch/executivefunction/SLURM_8364170_16/job-8364170-16-sub-20214-ses-1/ds/inputs/data/qsiprep/qsiprep/sub-20214/ses-1/dwi/sub-20214_ses-1_space-ACPC_desc-preproc_dwi.nii.gz	0.0	627.2233276367188	262.8174133300781	508.6430358886719	627.2233276367188	508.6430358886719	262.8174133300781	566.2332153320312	566.2332763671875	sub-20214	ses-1				space-ACPC			DSIStudio	autotrackgqi
ProjectionBrainstem_CorticobulbarTractL	fa	TORTOISE_model-MAPMRI	/scratch/executivefunction/SLURM_8364170_16/job-8364170-16-sub-20214-ses-1/ds/inputs/data/qsiprep/qsiprep/sub-20214/ses-1/dwi/sub-20214_ses-1_space-ACPC_desc-preproc_dwi.nii.gz	0.0	0.4903356694457035	0.2425122883144164	0.5547366393546543	0.4903356694457035	0.5547366393546543	0.2425122883144164	0.5353284670326126	0.5353285136112623	sub-20214	ses-1				space-ACPC			DSIStudio	autotrackgqi
ProjectionBrainstem_CorticobulbarTractL	li	TORTOISE_model-MAPMRI	/scratch/executivefunction/SLURM_8364170_16/job-8364170-16-sub-20214-ses-1/ds/inputs/data/qsiprep/qsiprep/sub-20214/ses-1/dwi/sub-20214_ses-1_space-ACPC_desc-preproc_dwi.nii.gz	0.0	0.3390745222568512	0.2088164091110229	0.3797666728496551	0.3390745222568512	0.3797666728496551	0.2088164091110229	0.3735504150390625	0.3735504448413849	sub-20214	ses-1				space-ACPC			DSIStudio	autotrackgqi
ProjectionBrainstem_CorticobulbarTractL	ng	TORTOISE_model-MAPMRI	/scratch/executivefunction/SLURM_8364170_16/job-8364170-16-sub-20214-ses-1/ds/inputs/data/qsiprep/qsiprep/sub-20214/ses-1/dwi/sub-20214_ses-1_space-ACPC_desc-preproc_dwi.nii.gz	0.0	0.3170730173587799	0.0878667011857032	0.3548543751239776	0.3170730173587799	0.3548543751239776	0.0878667011857032	0.3374803364276886	0.3374803364276886	sub-20214	ses-1				space-ACPC			DSIStudio	autotrackgqi
ProjectionBrainstem_CorticobulbarTractL	ngpar	TORTOISE_model-MAPMRI	/scratch/executivefunction/SLURM_8364170_16/job-8364170-16-sub-20214-ses-1/ds/inputs/data/qsiprep/qsiprep/sub-20214/ses-1/dwi/sub-20214_ses-1_space-ACPC_desc-preproc_dwi.nii.gz	0.0	0.1378638446331024	0.0383710041642189	0.127278059720993	0.1378638446331024	0.127278059720993	0.0383710041642189	0.144259825348854	0.1442598551511764	sub-20214	ses-1				space-ACPC			DSIStudio	autotrackgqi
ProjectionBrainstem_CorticobulbarTractL	ngperp	TORTOISE_model-MAPMRI	/scratch/executivefunction/SLURM_8364170_16/job-8364170-16-sub-20214-ses-1/ds/inputs/data/qsiprep/qsiprep/sub-20214/ses-1/dwi/sub-20214_ses-1_space-ACPC_desc-preproc_dwi.nii.gz	0.0	0.2756329476833343	0.0765209272503852	0.3010410964488983	0.2756329476833343	0.3010410964488983	0.0765209272503852	0.2931462228298187	0.2931462526321411	sub-20214	ses-1				space-ACPC			DSIStudio	autotrackgqi
ProjectionBrainstem_CorticobulbarTractL	pa	TORTOISE_model-MAPMRI	/scratch/executivefunction/SLURM_8364170_16/job-8364170-16-sub-20214-ses-1/ds/inputs/data/qsiprep/qsiprep/sub-20214/ses-1/dwi/sub-20214_ses-1_space-ACPC_desc-preproc_dwi.nii.gz	0.0	0.7607861161231995	0.2684866189956665	0.9123276472091676	0.7607861161231995	0.9123276472091676	0.2684866189956665	0.824363648891449	0.824363648891449	sub-20214	ses-1				space-ACPC			DSIStudio	autotrackgqi
ProjectionBrainstem_CorticobulbarTractL	path	TORTOISE_model-MAPMRI	/scratch/executivefunction/SLURM_8364170_16/job-8364170-16-sub-20214-ses-1/ds/inputs/data/qsiprep/qsiprep/sub-20214/ses-1/dwi/sub-20214_ses-1_space-ACPC_desc-preproc_dwi.nii.gz	0.0	0.3425959944725036	0.1463261842727661	0.3895614743232727	0.3425959944725036	0.3895614743232727	0.1463261842727661	0.372092992067337	0.3720930218696594	sub-20214	ses-1				space-ACPC			DSIStudio	autotrackgqi
ProjectionBrainstem_CorticobulbarTractL	rd	TORTOISE_model-MAPMRI	/scratch/executivefunction/SLURM_8364170_16/job-8364170-16-sub-20214-ses-1/ds/inputs/data/qsiprep/qsiprep/sub-20214/ses-1/dwi/sub-20214_ses-1_space-ACPC_desc-preproc_dwi.nii.gz	0.0	546.7415426164204	233.13394060406543	486.7875532629438	546.7415426164204	486.7875532629438	233.13394060406543	508.17891656757257	508.1789603858129	sub-20214	ses-1				space-ACPC			DSIStudio	autotrackgqi
ProjectionBrainstem_CorticobulbarTractL	rtap	TORTOISE_model-MAPMRI	/scratch/executivefunction/SLURM_8364170_16/job-8364170-16-sub-20214-ses-1/ds/inputs/data/qsiprep/qsiprep/sub-20214/ses-1/dwi/sub-20214_ses-1_space-ACPC_desc-preproc_dwi.nii.gz	0.0	0.0171537417918443	0.0080678490921854	0.0173636879771947	0.0171537417918443	0.0173636879771947	0.0080678490921854	0.0182879455387592	0.0182879474014043	sub-20214	ses-1				space-ACPC			DSIStudio	autotrackgqi
ProjectionBrainstem_CorticobulbarTractL	rtop	TORTOISE_model-MAPMRI	/scratch/executivefunction/SLURM_8364170_16/job-8364170-16-sub-20214-ses-1/ds/inputs/data/qsiprep/qsiprep/sub-20214/ses-1/dwi/sub-20214_ses-1_space-ACPC_desc-preproc_dwi.nii.gz	0.0	0.0003205356770195	0.000130036889459	0.000339675520081	0.0003205356770195	0.000339675520081	0.000130036889459	0.0003408979682717	0.0003408980264794	sub-20214	ses-1				space-ACPC			DSIStudio	autotrackgqi
ProjectionBrainstem_CorticobulbarTractL	rtpp	TORTOISE_model-MAPMRI	/scratch/executivefunction/SLURM_8364170_16/job-8364170-16-sub-20214-ses-1/ds/inputs/data/qsiprep/qsiprep/sub-20214/ses-1/dwi/sub-20214_ses-1_space-ACPC_desc-preproc_dwi.nii.gz	0.0	0.0431279763579368	0.0050846519879996	0.042494498193264	0.0431279763579368	0.042494498193264	0.0050846519879996	0.0425780192017555	0.0425780229270458	sub-20214	ses-1				space-ACPC			DSIStudio	autotrackgqi
ProjectionBrainstem_NonDecussatingDentatorubrothalamicTractL	ad	TORTOISE_model-MAPMRI	/scratch/executivefunction/SLURM_8364170_16/job-8364170-16-sub-20214-ses-1/ds/inputs/data/qsiprep/qsiprep/sub-20214/ses-1/dwi/sub-20214_ses-1_space-ACPC_desc-preproc_dwi.nii.gz	0.0	1168.5110481053464	305.13234120296715	1111.6577234663632	1168.5110481053464	1111.6577234663632	305.13234120296715	1267.9777717731934	1267.9777717731934	sub-20214	ses-1				space-ACPC			DSIStudio	autotrackgqi
ProjectionBrainstem_NonDecussatingDentatorubrothalamicTractL	am	TORTOISE_model-MAPMRI	/scratch/executivefunction/SLURM_8364170_16/job-8364170-16-sub-20214-ses-1/ds/inputs/data/qsiprep/qsiprep/sub-20214/ses-1/dwi/sub-20214_ses-1_space-ACPC_desc-preproc_dwi.nii.gz	0.0	608.78759765625	190.97369384765625	547.045654296875	608.78759765625	547.045654296875	190.97369384765625	570.610107421875	570.610107421875	sub-20214	ses-1				space-ACPC			DSIStudio	autotrackgqi
ProjectionBrainstem_NonDecussatingDentatorubrothalamicTractL	fa	TORTOISE_model-MAPMRI	/scratch/executivefunction/SLURM_8364170_16/job-8364170-16-sub-20214-ses-1/ds/inputs/data/qsiprep/qsiprep/sub-20214/ses-1/dwi/sub-20214_ses-1_space-ACPC_desc-preproc_dwi.nii.gz	0.0	0.4135744895066024	0.1835907911315349	0.4217457200782031	0.4135744895066024	0.4217457200782031	0.1835907911315349	0.496305350671039	0.496305350671039	sub-20214	ses-1				space-ACPC			DSIStudio	autotrackgqi
ProjectionBrainstem_NonDecussatingDentatorubrothalamicTractL	li	TORTOISE_model-MAPMRI	/scratch/executivefunction/SLURM_8364170_16/job-8364170-16-sub-20214-ses-1/ds/inputs/data/qsiprep/qsiprep/sub-20214/ses-1/dwi/sub-20214_ses-1_space-ACPC_desc-preproc_dwi.nii.gz	0.0	0.2710241675376892	0.1523326486349105	0.2648117840290069	0.2710241675376892	0.2648117840290069	0.1523326486349105	0.3348540961742401	0.3348540961742401	sub-20214	ses-1				space-ACPC			DSIStudio	autotrackgqi
ProjectionBrainstem_NonDecussatingDentatorubrothalamicTractL	ng	TORTOISE_model-MAPMRI	/scratch/executivefunction/SLURM_8364170_16/job-8364170-16-sub-20214-ses-1/ds/inputs/data/qsiprep/qsiprep/sub-20214/ses-1/dwi/sub-20214_ses-1_space-ACPC_desc-preproc_dwi.nii.gz	0.0	0.3274864256381988	0.0657485723495483	0.3510221242904663	0.3274864256381988	0.3510221242904663	0.0657485723495483	0.3485511541366577	0.3485511541366577	sub-20214	ses-1				space-ACPC			DSIStudio	autotrackgqi
ProjectionBrainstem_NonDecussatingDentatorubrothalamicTractL	ngpar	TORTOISE_model-MAPMRI	/scratch/executivefunction/SLURM_8364170_16/job-8364170-16-sub-20214-ses-1/ds/inputs/data/qsiprep/qsiprep/sub-20214/ses-1/dwi/sub-20214_ses-1_space-ACPC_desc-preproc_dwi.nii.gz	0.0	0.1479252278804779	0.0347945503890514	0.1491115987300872	0.1479252278804779	0.1491115987300872	0.0347945503890514	0.1509814858436584	0.1509814858436584	sub-20214	ses-1				space-ACPC			DSIStudio	autotrackgqi
ProjectionBrainstem_NonDecussatingDentatorubrothalamicTractL	ngperp	TORTOISE_model-MAPMRI	/scratch/executivefunction/SLURM_8364170_16/job-8364170-16-sub-20214-ses-1/ds/inputs/data/qsiprep/qsiprep/sub-20214/ses-1/dwi/sub-20214_ses-1_space-ACPC_desc-preproc_dwi.nii.gz	0.0	0.2815330922603607	0.0581307038664817	0.2958905696868896	0.2815330922603607	0.2958905696868896	0.0581307038664817	0.3018977642059326	0.3018977642059326	sub-20214	ses-1				space-ACPC			DSIStudio	autotrackgqi
ProjectionBrainstem_NonDecussatingDentatorubrothalamicTractL	pa	TORTOISE_model-MAPMRI	/scratch/executivefunction/SLURM_8364170_16/job-8364170-16-sub-20214-ses-1/ds/inputs/data/qsiprep/qsiprep/sub-20214/ses-1/dwi/sub-20214_ses-1_space-ACPC_desc-preproc_dwi.nii.gz	0.0	0.7511681914329529	0.2096249908208847	0.8335988521575928	0.7511681914329529	0.8335988521575928	0.2096249908208847	0.8396784067153931	0.8396784067153931	sub-20214	ses-1				space-ACPC			DSIStudio	autotrackgqi
ProjectionBrainstem_NonDecussatingDentatorubrothalamicTractL	path	TORTOISE_model-MAPMRI	/scratch/executivefunction/SLURM_8364170_16/job-8364170-16-sub-20214-ses-1/ds/inputs/data/qsiprep/qsiprep/sub-20214/ses-1/dwi/sub-20214_ses-1_space-ACPC_desc-preproc_dwi.nii.gz	0.0	0.3064945638179779	0.10958993434906	0.3164585530757904	0.3064945638179779	0.3164585530757904	0.10958993434906	0.3527258932590484	0.3527258932590484	sub-20214	ses-1				space-ACPC			DSIStudio	autotrackgqi
ProjectionBrainstem_NonDecussatingDentatorubrothalamicTractL	rd	TORTOISE_model-MAPMRI	/scratch/executivefunction/SLURM_8364170_16/job-8364170-16-sub-20214-ses-1/ds/inputs/data/qsiprep/qsiprep/sub-20214/ses-1/dwi/sub-20214_ses-1_space-ACPC_desc-preproc_dwi.nii.gz	0.0	610.2753931743996	275.30673783870844	561.4556972665166	610.2753931743996	561.4556972665166	275.30673783870844	551.6894150050127	551.6894150050127	sub-20214	ses-1				space-ACPC			DSIStudio	autotrackgqi
ProjectionBrainstem_NonDecussatingDentatorubrothalamicTractL	rtap	TORTOISE_model-MAPMRI	/scratch/executivefunction/SLURM_8364170_16/job-8364170-16-sub-20214-ses-1/ds/inputs/data/qsiprep/qsiprep/sub-20214/ses-1/dwi/sub-20214_ses-1_space-ACPC_desc-preproc_dwi.nii.gz	0.0	0.0143910609185695	0.0053957258351147	0.0138766206800937	0.0143910609185695	0.0138766206800937	0.0053957258351147	0.0159360822290182	0.0159360822290182	sub-20214	ses-1				space-ACPC			DSIStudio	autotrackgqi
ProjectionBrainstem_NonDecussatingDentatorubrothalamicTractL	rtop	TORTOISE_model-MAPMRI	/scratch/executivefunction/SLURM_8364170_16/job-8364170-16-sub-20214-ses-1/ds/inputs/data/qsiprep/qsiprep/sub-20214/ses-1/dwi/sub-20214_ses-1_space-ACPC_desc-preproc_dwi.nii.gz	0.0	0.0002913826901931	9.538920130580664e-05	0.0002944653970189	0.0002913826901931	0.0002944653970189	9.538920130580664e-05	0.0003104844945482	0.0003104844945482	sub-20214	ses-1				space-ACPC			DSIStudio	autotrackgqi
ProjectionBrainstem_NonDecussatingDentatorubrothalamicTractL	rtpp	TORTOISE_model-MAPMRI	/scratch/executivefunction/SLURM_8364170_16/job-8364170-16-sub-20214-ses-1/ds/inputs/data/qsiprep/qsiprep/sub-20214/ses-1/dwi/sub-20214_ses-1_space-ACPC_desc-preproc_dwi.nii.gz	0.0	0.0454412139952182	0.0056741936132311	0.0458872690796852	0.0454412139952182	0.0458872690796852	0.0056741936132311	0.0432932078838348	0.0432932078838348	sub-20214	ses-1				space-ACPC			DSIStudio	autotrackgqi
ProjectionBasalGanglia_AcousticRadiationL	ad	TORTOISE_model-MAPMRI	/scratch/executivefunction/SLURM_8364170_16/job-8364170-16-sub-20214-ses-1/ds/inputs/data/qsiprep/qsiprep/sub-20214/ses-1/dwi/sub-20214_ses-1_space-ACPC_desc-preproc_dwi.nii.gz	0.0	1419.125417861465	573.025467652844	1249.1378821287103	1419.125417861465	1249.1378821287103	573.025467652844	1383.0632477270378	1383.0632477270378	sub-20214	ses-1				space-ACPC			DSIStudio	autotrackgqi
ProjectionBasalGanglia_AcousticRadiationL	am	TORTOISE_model-MAPMRI	/scratch/executivefunction/SLURM_8364170_16/job-8364170-16-sub-20214-ses-1/ds/inputs/data/qsiprep/qsiprep/sub-20214/ses-1/dwi/sub-20214_ses-1_space-ACPC_desc-preproc_dwi.nii.gz	0.0	563.8881225585938	176.86227416992188	505.873291015625	563.8881225585938	505.873291015625	176.86227416992188	518.0645751953125	518.0645751953125	sub-20214	ses-1				space-ACPC			DSIStudio	autotrackgqi
ProjectionBasalGanglia_AcousticRadiationL	fa	TORTOISE_model-MAPMRI	/scratch/executivefunction/SLURM_8364170_16/job-8364170-16-sub-20214-ses-1/ds/inputs/data/qsiprep/qsiprep/sub-20214/ses-1/dwi/sub-20214_ses-1_space-ACPC_desc-preproc_dwi.nii.gz	0.0	0.3956545168355398	0.1784516965955284	0.3720347932520644	0.3956545168355398	0.3720347932520644	0.1784516965955284	0.4670880456791989	0.4670880456791989	sub-20214	ses-1				space-ACPC			DSIStudio	autotrackgqi
ProjectionBasalGanglia_AcousticRadiationL	li	TORTOISE_model-MAPMRI	/scratch/executivefunction/SLURM_8364170_16/job-8364170-16-sub-20214-ses-1/ds/inputs/data/qsiprep/qsiprep/sub-20214/ses-1/dwi/sub-20214_ses-1_space-ACPC_desc-preproc_dwi.nii.gz	0.0	0.2491759955883026	0.141548678278923	0.2257445752620697	0.2491759955883026	0.2257445752620697	0.141548678278923	0.3084330558776855	0.3084330558776855	sub-20214	ses-1				space-ACPC			DSIStudio	autotrackgqi
ProjectionBasalGanglia_AcousticRadiationL	ng	TORTOISE_model-MAPMRI	/scratch/executivefunction/SLURM_8364170_16/job-8364170-16-sub-20214-ses-1/ds/inputs/data/qsiprep/qsiprep/sub-20214/ses-1/dwi/sub-20214_ses-1_space-ACPC_desc-preproc_dwi.nii.gz	0.0	0.3195175528526306	0.0824794545769691	0.3382227420806885	0.3195175528526306	0.3382227420806885	0.0824794545769691	0.3344669342041015	0.3344669342041015	sub-20214	ses-1				space-ACPC			DSIStudio	autotrackgqi
ProjectionBasalGanglia_AcousticRadiationL	ngpar	TORTOISE_model-MAPMRI	/scratch/executivefunction/SLURM_8364170_16/job-8364170-16-sub-20214-ses-1/ds/inputs/data/qsiprep/qsiprep/sub-20214/ses-1/dwi/sub-20214_ses-1_space-ACPC_desc-preproc_dwi.nii.gz	0.0	0.136710375547409	0.0363175347447395	0.1341918408870697	0.136710375547409	0.1341918408870697	0.0363175347447395	0.1353277117013931	0.1353277117013931	sub-20214	ses-1				space-ACPC			DSIStudio	autotrackgqi
ProjectionBasalGanglia_AcousticRadiationL	ngperp	TORTOISE_model-MAPMRI	/scratch/executivefunction/SLURM_8364170_16/job-8364170-16-sub-20214-ses-1/ds/inputs/data/qsiprep/qsiprep/sub-20214/ses-1/dwi/sub-20214_ses-1_space-ACPC_desc-preproc_dwi.nii.gz	0.0	0.2766790390014648	0.0727856233716011	0.2877283096313476	0.2766790390014648	0.2877283096313476	0.0727856233716011	0.2915385961532593	0.2915385961532593	sub-20214	ses-1				space-ACPC			DSIStudio	autotrackgqi
ProjectionBasalGanglia_AcousticRadiationL	pa	TORTOISE_model-MAPMRI	/scratch/executivefunction/SLURM_8364170_16/job-8364170-16-sub-20214-ses-1/ds/inputs/data/qsiprep/qsiprep/sub-20214/ses-1/dwi/sub-20214_ses-1_space-ACPC_desc-preproc_dwi.nii.gz	0.0	0.7420100569725037	0.1974552571773529	0.8028524518013	0.7420100569725037	0.8028524518013	0.1974552571773529	0.8139705657958984	0.8139705657958984	sub-20214	ses-1				space-ACPC			DSIStudio	autotrackgqi
ProjectionBasalGanglia_AcousticRadiationL	path	TORTOISE_model-MAPMRI	/scratch/executivefunction/SLURM_8364170_16/job-8364170-16-sub-20214-ses-1/ds/inputs/data/qsiprep/qsiprep/sub-20214/ses-1/dwi/sub-20214_ses-1_space-ACPC_desc-preproc_dwi.nii.gz	0.0	0.2989486455917358	0.1066978126764297	0.2965239882469177	0.2989486455917358	0.2965239882469177	0.1066978126764297	0.3401762843132019	0.3401762843132019	sub-20214	ses-1				space-ACPC			DSIStudio	autotrackgqi
ProjectionBasalGanglia_AcousticRadiationL	rd	TORTOISE_model-MAPMRI	/scratch/executivefunction/SLURM_8364170_16/job-8364170-16-sub-20214-ses-1/ds/inputs/data/qsiprep/qsiprep/sub-20214/ses-1/dwi/sub-20214_ses-1_space-ACPC_desc-preproc_dwi.nii.gz	0.0	780.8414224284306	483.1964340873244	633.3495758842447	780.8414224284306	633.3495758842447	483.1964340873244	654.8213371041663	654.8213371041663	sub-20214	ses-1				space-ACPC			DSIStudio	autotrackgqi
ProjectionBasalGanglia_AcousticRadiationL	rtap	TORTOISE_model-MAPMRI	/scratch/executivefunction/SLURM_8364170_16/job-8364170-16-sub-20214-ses-1/ds/inputs/data/qsiprep/qsiprep/sub-20214/ses-1/dwi/sub-20214_ses-1_space-ACPC_desc-preproc_dwi.nii.gz	0.0	0.0119830472394824	0.0055965334177017	0.0112803075462579	0.0119830472394824	0.0112803075462579	0.0055965334177017	0.0141532327979803	0.0141532327979803	sub-20214	ses-1				space-ACPC			DSIStudio	autotrackgqi
ProjectionBasalGanglia_AcousticRadiationL	rtop	TORTOISE_model-MAPMRI	/scratch/executivefunction/SLURM_8364170_16/job-8364170-16-sub-20214-ses-1/ds/inputs/data/qsiprep/qsiprep/sub-20214/ses-1/dwi/sub-20214_ses-1_space-ACPC_desc-preproc_dwi.nii.gz	0.0	0.0002254504943266	9.866649634204804e-05	0.0002305500092916	0.0002254504943266	0.0002305500092916	9.866649634204804e-05	0.0002603923203423	0.0002603923203423	sub-20214	ses-1				space-ACPC			DSIStudio	autotrackgqi
ProjectionBasalGanglia_AcousticRadiationL	rtpp	TORTOISE_model-MAPMRI	/scratch/executivefunction/SLURM_8364170_16/job-8364170-16-sub-20214-ses-1/ds/inputs/data/qsiprep/qsiprep/sub-20214/ses-1/dwi/sub-20214_ses-1_space-ACPC_desc-preproc_dwi.nii.gz	0.0	0.0413559079170227	0.0074152657762169	0.0425758026540279	0.0413559079170227	0.0425758026540279	0.0074152657762169	0.0413239672780036	0.0413239672780036	sub-20214	ses-1				space-ACPC			DSIStudio	autotrackgqi
ProjectionBrainstem_MedialForebrainBundleL	ad	TORTOISE_model-MAPMRI	/scratch/executivefunction/SLURM_8364170_16/job-8364170-16-sub-20214-ses-1/ds/inputs/data/qsiprep/qsiprep/sub-20214/ses-1/dwi/sub-20214_ses-1_space-ACPC_desc-preproc_dwi.nii.gz	0.0011376564277588	1459.3153376332896	660.999904155281	1232.7430809207876	1460.9774279950586	1233.0406910482309	659.5378903183621	1342.6719713969935	1342.715749206629	sub-20214	ses-1				space-ACPC			DSIStudio	autotrackgqi
ProjectionBrainstem_MedialForebrainBundleL	am	TORTOISE_model-MAPMRI	/scratch/executivefunction/SLURM_8364170_16/job-8364170-16-sub-20214-ses-1/ds/inputs/data/qsiprep/qsiprep/sub-20214/ses-1/dwi/sub-20214_ses-1_space-ACPC_desc-preproc_dwi.nii.gz	0.0011376564277588	612.5314331054688	239.23828125	569.5247802734375	613.2290649414062	569.8258056640625	238.4792022705078	588.90576171875	588.9249267578125	sub-20214	ses-1				space-ACPC			DSIStudio	autotrackgqi
ProjectionBrainstem_MedialForebrainBundleL	fa	TORTOISE_model-MAPMRI	/scratch/executivefunction/SLURM_8364170_16/job-8364170-16-sub-20214-ses-1/ds/inputs/data/qsiprep/qsiprep/sub-20214/ses-1/dwi/sub-20214_ses-1_space-ACPC_desc-preproc_dwi.nii.gz	0.0011376564277588	0.3806389192476271	0.1664220926028308	0.3725439325239104	0.3810724487684103	0.3727541281650361	0.1660200335071844	0.4300656102758178	0.4300796326898374	sub-20214	ses-1				space-ACPC			DSIStudio	autotrackgqi
ProjectionBrainstem_MedialForebrainBundleL	li	TORTOISE_model-MAPMRI	/scratch/executivefunction/SLURM_8364170_16/job-8364170-16-sub-20214-ses-1/ds/inputs/data/qsiprep/qsiprep/sub-20214/ses-1/dwi/sub-20214_ses-1_space-ACPC_desc-preproc_dwi.nii.gz	0.0011376564277588	0.2314607501029968	0.1252857148647308	0.2197942435741424	0.2317243665456771	0.2200225889682769	0.1251131445169448	0.2680076956748962	0.2680164277553558	sub-20214	ses-1				space-ACPC			DSIStudio	autotrackgqi
ProjectionBrainstem_MedialForebrainBundleL	ng	TORTOISE_model-MAPMRI	/scratch/executivefunction/SLURM_8364170_16/job-8364170-16-sub-20214-ses-1/ds/inputs/data/qsiprep/qsiprep/sub-20214/ses-1/dwi/sub-20214_ses-1_space-ACPC_desc-preproc_dwi.nii.gz	0.0011376564277588	0.3388462960720062	0.082499511539936	0.3392170667648315	0.3392322063446045	0.3392985463142395	0.0817496255040168	0.3271823227405548	0.3271929919719696	sub-20214	ses-1				space-ACPC			DSIStudio	autotrackgqi
ProjectionBrainstem_MedialForebrainBundleL	ngpar	TORTOISE_model-MAPMRI	/scratch/executivefunction/SLURM_8364170_16/job-8364170-16-sub-20214-ses-1/ds/inputs/data/qsiprep/qsiprep/sub-20214/ses-1/dwi/sub-20214_ses-1_space-ACPC_desc-preproc_dwi.nii.gz	0.0011376564277588	0.1600804924964904	0.040902741253376	0.15853813290596	0.1602628231048584	0.1585432291030883	0.0405674763023853	0.1558040827512741	0.1558091640472412	sub-20214	ses-1				space-ACPC			DSIStudio	autotrackgqi
ProjectionBrainstem_MedialForebrainBundleL	ngperp	TORTOISE_model-MAPMRI	/scratch/executivefunction/SLURM_8364170_16/job-8364170-16-sub-20214-ses-1/ds/inputs/data/qsiprep/qsiprep/sub-20214/ses-1/dwi/sub-20214_ses-1_space-ACPC_desc-preproc_dwi.nii.gz	0.0011376564277588	0.2832774817943573	0.0706183761358261	0.2825556993484497	0.2836001217365265	0.2827142477035522	0.070008099079132	0.2804543375968933	0.2804635167121887	sub-20214	ses-1				space-ACPC			DSIStudio	autotrackgqi
ProjectionBrainstem_MedialForebrainBundleL	pa	TORTOISE_model-MAPMRI	/scratch/executivefunction/SLURM_8364170_16/job-8364170-16-sub-20214-ses-1/ds/inputs/data/qsiprep/qsiprep/sub-20214/ses-1/dwi/sub-20214_ses-1_space-ACPC_desc-preproc_dwi.nii.gz	0.0011376564277588	0.7484288215637207	0.1527409255504608	0.7758089900016785	0.7492812871932983	0.7760775685310364	0.1507237702608108	0.7753551006317139	0.7753803730010986	sub-20214	ses-1				space-ACPC			DSIStudio	autotrackgqi
ProjectionBrainstem_MedialForebrainBundleL	path	TORTOISE_model-MAPMRI	/scratch/executivefunction/SLURM_8364170_16/job-8364170-16-sub-20214-ses-1/ds/inputs/data/qsiprep/qsiprep/sub-20214/ses-1/dwi/sub-20214_ses-1_space-ACPC_desc-preproc_dwi.nii.gz	0.0011376564277588	0.2894918620586395	0.0855563580989837	0.2811836302280426	0.289821594953537	0.2813277244567871	0.0850450992584228	0.3039155304431915	0.3039254248142242	sub-20214	ses-1				space-ACPC			DSIStudio	autotrackgqi
ProjectionBrainstem_MedialForebrainBundleL	rd	TORTOISE_model-MAPMRI	/scratch/executivefunction/SLURM_8364170_16/job-8364170-16-sub-20214-ses-1/ds/inputs/data/qsiprep/qsiprep/sub-20214/ses-1/dwi/sub-20214_ses-1_space-ACPC_desc-preproc_dwi.nii.gz	0.0011376564277588	841.6032412305544	588.4211133506022	630.3671601497241	842.561787063391	630.4035415724674	588.0698280547298	682.0978470263041	682.1200867155468	sub-20214	ses-1				space-ACPC			DSIStudio	autotrackgqi
ProjectionBrainstem_MedialForebrainBundleL	rtap	TORTOISE_model-MAPMRI	/scratch/executivefunction/SLURM_8364170_16/job-8364170-16-sub-20214-ses-1/ds/inputs/data/qsiprep/qsiprep/sub-20214/ses-1/dwi/sub-20214_ses-1_space-ACPC_desc-preproc_dwi.nii.gz	0.0011376564277588	0.0113035319373011	0.0053727608174085	0.0111443139612674	0.01131640560925	0.0111485803499817	0.0053622517734766	0.0125654283910989	0.0125658372417092	sub-20214	ses-1				space-ACPC			DSIStudio	autotrackgqi
ProjectionBrainstem_MedialForebrainBundleL	rtop	TORTOISE_model-MAPMRI	/scratch/executivefunction/SLURM_8364170_16/job-8364170-16-sub-20214-ses-1/ds/inputs/data/qsiprep/qsiprep/sub-20214/ses-1/dwi/sub-20214_ses-1_space-ACPC_desc-preproc_dwi.nii.gz	0.0011376564277588	0.0002212502731708	0.0001046400138875	0.0002309629344381	0.0002215022686868	0.0002310166310053	0.0001044326927512	0.0002446097787469	0.0002446177531965	sub-20214	ses-1				space-ACPC			DSIStudio	autotrackgqi
ProjectionBrainstem_MedialForebrainBundleL	rtpp	TORTOISE_model-MAPMRI	/scratch/executivefunction/SLURM_8364170_16/job-8364170-16-sub-20214-ses-1/ds/inputs/data/qsiprep/qsiprep/sub-20214/ses-1/dwi/sub-20214_ses-1_space-ACPC_desc-preproc_dwi.nii.gz	0.0011376564277588	0.0410977080464363	0.0085497833788394	0.0428953468799591	0.0411445163190364	0.0429027415812015	0.0084413355216383	0.0419408194720745	0.041942186653614	sub-20214	ses-1				space-ACPC			DSIStudio	autotrackgqi
ProjectionBasalGanglia_ThalamicRadiationR	ad	TORTOISE_model-MAPMRI	/scratch/executivefunction/SLURM_8364170_16/job-8364170-16-sub-20214-ses-1/ds/inputs/data/qsiprep/qsiprep/sub-20214/ses-1/dwi/sub-20214_ses-1_space-ACPC_desc-preproc_dwi.nii.gz	0.0	1208.62792728989	348.15349275754244	1125.583352389256	1208.62792728989	1125.583352389256	348.15349275754244	1198.909881725892	1198.909881725892	sub-20214	ses-1				space-ACPC			DSIStudio	autotrackgqi
ProjectionBasalGanglia_ThalamicRadiationR	am	TORTOISE_model-MAPMRI	/scratch/executivefunction/SLURM_8364170_16/job-8364170-16-sub-20214-ses-1/ds/inputs/data/qsiprep/qsiprep/sub-20214/ses-1/dwi/sub-20214_ses-1_space-ACPC_desc-preproc_dwi.nii.gz	0.0	676.3577880859375	279.7989501953125	571.9969482421875	676.3577880859375	571.9969482421875	279.7989501953125	543.8118896484375	543.8118896484375	sub-20214	ses-1				space-ACPC			DSIStudio	autotrackgqi
ProjectionBasalGanglia_ThalamicRadiationR	fa	TORTOISE_model-MAPMRI	/scratch/executivefunction/SLURM_8364170_16/job-8364170-16-sub-20214-ses-1/ds/inputs/data/qsiprep/qsiprep/sub-20214/ses-1/dwi/sub-20214_ses-1_space-ACPC_desc-preproc_dwi.nii.gz	0.0	0.3572764888370401	0.1795626163302409	0.3497470114911671	0.3572764888370401	0.3497470114911671	0.1795626163302409	0.435050927470001	0.435050927470001	sub-20214	ses-1				space-ACPC			DSIStudio	autotrackgqi
ProjectionBasalGanglia_ThalamicRadiationR	li	TORTOISE_model-MAPMRI	/scratch/executivefunction/SLURM_8364170_16/job-8364170-16-sub-20214-ses-1/ds/inputs/data/qsiprep/qsiprep/sub-20214/ses-1/dwi/sub-20214_ses-1_space-ACPC_desc-preproc_dwi.nii.gz	0.0	0.2202485650777816	0.139736071228981	0.2012834548950195	0.2202485650777816	0.2012834548950195	0.139736071228981	0.2832980751991272	0.2832980751991272	sub-20214	ses-1				space-ACPC			DSIStudio	autotrackgqi
ProjectionBasalGanglia_ThalamicRadiationR	ng	TORTOISE_model-MAPMRI	/scratch/executivefunction/SLURM_8364170_16/job-8364170-16-sub-20214-ses-1/ds/inputs/data/qsiprep/qsiprep/sub-20214/ses-1/dwi/sub-20214_ses-1_space-ACPC_desc-preproc_dwi.nii.gz	0.0	0.2856585085391998	0.0817411318421363	0.3012784719467163	0.2856585085391998	0.3012784719467163	0.0817411318421363	0.310197502374649	0.310197502374649	sub-20214	ses-1				space-ACPC			DSIStudio	autotrackgqi
ProjectionBasalGanglia_ThalamicRadiationR	ngpar	TORTOISE_model-MAPMRI	/scratch/executivefunction/SLURM_8364170_16/job-8364170-16-sub-20214-ses-1/ds/inputs/data/qsiprep/qsiprep/sub-20214/ses-1/dwi/sub-20214_ses-1_space-ACPC_desc-preproc_dwi.nii.gz	0.0	0.130606323480606	0.0360764861106872	0.127436026930809	0.130606323480606	0.127436026930809	0.0360764861106872	0.1282556354999542	0.1282556354999542	sub-20214	ses-1				space-ACPC			DSIStudio	autotrackgqi
ProjectionBasalGanglia_ThalamicRadiationR	ngperp	TORTOISE_model-MAPMRI	/scratch/executivefunction/SLURM_8364170_16/job-8364170-16-sub-20214-ses-1/ds/inputs/data/qsiprep/qsiprep/sub-20214/ses-1/dwi/sub-20214_ses-1_space-ACPC_desc-preproc_dwi.nii.gz	0.0	0.2463875561952591	0.0721354112029075	0.2566596865653991	0.2463875561952591	0.2566596865653991	0.0721354112029075	0.2681764364242553	0.2681764364242553	sub-20214	ses-1				space-ACPC			DSIStudio	autotrackgqi
ProjectionBasalGanglia_ThalamicRadiationR	pa	TORTOISE_model-MAPMRI	/scratch/executivefunction/SLURM_8364170_16/job-8364170-16-sub-20214-ses-1/ds/inputs/data/qsiprep/qsiprep/sub-20214/ses-1/dwi/sub-20214_ses-1_space-ACPC_desc-preproc_dwi.nii.gz	0.0	0.6635461449623108	0.2445622682571411	0.7281142473220825	0.6635461449623108	0.7281142473220825	0.2445622682571411	0.7621361613273621	0.7621361613273621	sub-20214	ses-1				space-ACPC			DSIStudio	autotrackgqi
ProjectionBasalGanglia_ThalamicRadiationR	path	TORTOISE_model-MAPMRI	/scratch/executivefunction/SLURM_8364170_16/job-8364170-16-sub-20214-ses-1/ds/inputs/data/qsiprep/qsiprep/sub-20214/ses-1/dwi/sub-20214_ses-1_space-ACPC_desc-preproc_dwi.nii.gz	0.0	0.2656050622463226	0.1153813302516937	0.2576990723609924	0.2656050622463226	0.2576990723609924	0.1153813302516937	0.3116786479949951	0.3116786479949951	sub-20214	ses-1				space-ACPC			DSIStudio	autotrackgqi
ProjectionBasalGanglia_ThalamicRadiationR	rd	TORTOISE_model-MAPMRI	/scratch/executivefunction/SLURM_8364170_16/job-8364170-16-sub-20214-ses-1/ds/inputs/data/qsiprep/qsiprep/sub-20214/ses-1/dwi/sub-20214_ses-1_space-ACPC_desc-preproc_dwi.nii.gz	0.0	704.0490912396343	332.7801205339852	624.8260216830698	704.0490912396343	624.8260216830698	332.7801205339852	589.7881340219913	589.7881340219913	sub-20214	ses-1				space-ACPC			DSIStudio	autotrackgqi
ProjectionBasalGanglia_ThalamicRadiationR	rtap	TORTOISE_model-MAPMRI	/scratch/executivefunction/SLURM_8364170_16/job-8364170-16-sub-20214-ses-1/ds/inputs/data/qsiprep/qsiprep/sub-20214/ses-1/dwi/sub-20214_ses-1_space-ACPC_desc-preproc_dwi.nii.gz	0.0	0.0119019085541367	0.0049150334671139	0.0113226156681776	0.0119019085541367	0.0113226156681776	0.0049150334671139	0.0142012890428304	0.0142012890428304	sub-20214	ses-1				space-ACPC			DSIStudio	autotrackgqi
ProjectionBasalGanglia_ThalamicRadiationR	rtop	TORTOISE_model-MAPMRI	/scratch/executivefunction/SLURM_8364170_16/job-8364170-16-sub-20214-ses-1/ds/inputs/data/qsiprep/qsiprep/sub-20214/ses-1/dwi/sub-20214_ses-1_space-ACPC_desc-preproc_dwi.nii.gz	0.0	0.00023236850393	8.617107232566923e-05	0.0002340087958145	0.00023236850393	0.0002340087958145	8.617107232566923e-05	0.0002712653949856	0.0002712653949856	sub-20214	ses-1				space-ACPC			DSIStudio	autotrackgqi
ProjectionBasalGanglia_ThalamicRadiationR	rtpp	TORTOISE_model-MAPMRI	/scratch/executivefunction/SLURM_8364170_16/job-8364170-16-sub-20214-ses-1/ds/inputs/data/qsiprep/qsiprep/sub-20214/ses-1/dwi/sub-20214_ses-1_space-ACPC_desc-preproc_dwi.nii.gz	0.0	0.044122789055109	0.005325898528099	0.0449894517660141	0.044122789055109	0.0449894517660141	0.005325898528099	0.044207576662302	0.044207576662302	sub-20214	ses-1				space-ACPC			DSIStudio	autotrackgqi
ProjectionBasalGanglia_FornixL	ad	TORTOISE_model-MAPMRI	/scratch/executivefunction/SLURM_8364170_16/job-8364170-16-sub-20214-ses-1/ds/inputs/data/qsiprep/qsiprep/sub-20214/ses-1/dwi/sub-20214_ses-1_space-ACPC_desc-preproc_dwi.nii.gz	0.0	1380.0471331422734	469.7426623116961	1219.1105056033657	1380.0471331422734	1219.1105056033657	469.7426623116961	1355.9654873642753	1355.9654873642753	sub-20214	ses-1				space-ACPC			DSIStudio	autotrackgqi
ProjectionBasalGanglia_FornixL	am	TORTOISE_model-MAPMRI	/scratch/executivefunction/SLURM_8364170_16/job-8364170-16-sub-20214-ses-1/ds/inputs/data/qsiprep/qsiprep/sub-20214/ses-1/dwi/sub-20214_ses-1_space-ACPC_desc-preproc_dwi.nii.gz	0.0	576.1925659179688	154.4155731201172	523.11474609375	576.1925659179688	523.11474609375	154.4155731201172	575.253662109375	575.253662109375	sub-20214	ses-1				space-ACPC			DSIStudio	autotrackgqi
ProjectionBasalGanglia_FornixL	fa	TORTOISE_model-MAPMRI	/scratch/executivefunction/SLURM_8364170_16/job-8364170-16-sub-20214-ses-1/ds/inputs/data/qsiprep/qsiprep/sub-20214/ses-1/dwi/sub-20214_ses-1_space-ACPC_desc-preproc_dwi.nii.gz	0.0	0.3494730057042884	0.1461784552379256	0.3349485162874093	0.3494730057042884	0.3349485162874093	0.1461784552379256	0.3488383604275498	0.3488383604275498	sub-20214	ses-1				space-ACPC			DSIStudio	autotrackgqi
ProjectionBasalGanglia_FornixL	li	TORTOISE_model-MAPMRI	/scratch/executivefunction/SLURM_8364170_16/job-8364170-16-sub-20214-ses-1/ds/inputs/data/qsiprep/qsiprep/sub-20214/ses-1/dwi/sub-20214_ses-1_space-ACPC_desc-preproc_dwi.nii.gz	0.0	0.2112353295087814	0.1015804633498191	0.1955830305814743	0.2112353295087814	0.1955830305814743	0.1015804633498191	0.2073030769824981	0.2073030769824981	sub-20214	ses-1				space-ACPC			DSIStudio	autotrackgqi
ProjectionBasalGanglia_FornixL	ng	TORTOISE_model-MAPMRI	/scratch/executivefunction/SLURM_8364170_16/job-8364170-16-sub-20214-ses-1/ds/inputs/data/qsiprep/qsiprep/sub-20214/ses-1/dwi/sub-20214_ses-1_space-ACPC_desc-preproc_dwi.nii.gz	0.0	0.2927466630935669	0.0840212404727935	0.3012556433677673	0.2927466630935669	0.3012556433677673	0.0840212404727935	0.2812310457229614	0.2812310457229614	sub-20214	ses-1				space-ACPC			DSIStudio	autotrackgqi
ProjectionBasalGanglia_FornixL	ngpar	TORTOISE_model-MAPMRI	/scratch/executivefunction/SLURM_8364170_16/job-8364170-16-sub-20214-ses-1/ds/inputs/data/qsiprep/qsiprep/sub-20214/ses-1/dwi/sub-20214_ses-1_space-ACPC_desc-preproc_dwi.nii.gz	0.0	0.1355970799922943	0.0358572155237197	0.1325966715812683	0.1355970799922943	0.1325966715812683	0.0358572155237197	0.1315039694309234	0.1315039694309234	sub-20214	ses-1				space-ACPC			DSIStudio	autotrackgqi
ProjectionBasalGanglia_FornixL	ngperp	TORTOISE_model-MAPMRI	/scratch/executivefunction/SLURM_8364170_16/job-8364170-16-sub-20214-ses-1/ds/inputs/data/qsiprep/qsiprep/sub-20214/ses-1/dwi/sub-20214_ses-1_space-ACPC_desc-preproc_dwi.nii.gz	0.0	0.2537393569946289	0.073447585105896	0.2591229677200317	0.2537393569946289	0.2591229677200317	0.073447585105896	0.2444516569375991	0.2444516569375991	sub-20214	ses-1				space-ACPC			DSIStudio	autotrackgqi
ProjectionBasalGanglia_FornixL	pa	TORTOISE_model-MAPMRI	/scratch/executivefunction/SLURM_8364170_16/job-8364170-16-sub-20214-ses-1/ds/inputs/data/qsiprep/qsiprep/sub-20214/ses-1/dwi/sub-20214_ses-1_space-ACPC_desc-preproc_dwi.nii.gz	0.0	0.6843931674957275	0.1828160285949707	0.710803210735321	0.6843931674957275	0.710803210735321	0.1828160285949707	0.6829098463058472	0.6829098463058472	sub-20214	ses-1				space-ACPC			DSIStudio	autotrackgqi
ProjectionBasalGanglia_FornixL	path	TORTOISE_model-MAPMRI	/scratch/executivefunction/SLURM_8364170_16/job-8364170-16-sub-20214-ses-1/ds/inputs/data/qsiprep/qsiprep/sub-20214/ses-1/dwi/sub-20214_ses-1_space-ACPC_desc-preproc_dwi.nii.gz	0.0	0.2602818608283996	0.0878971442580223	0.2500384449958801	0.2602818608283996	0.2500384449958801	0.0878971442580223	0.253286212682724	0.253286212682724	sub-20214	ses-1				space-ACPC			DSIStudio	autotrackgqi
ProjectionBasalGanglia_FornixL	rd	TORTOISE_model-MAPMRI	/scratch/executivefunction/SLURM_8364170_16/job-8364170-16-sub-20214-ses-1/ds/inputs/data/qsiprep/qsiprep/sub-20214/ses-1/dwi/sub-20214_ses-1_space-ACPC_desc-preproc_dwi.nii.gz	0.0	813.5521198836362	382.16498513353457	678.8354947736971	813.5521198836362	678.8354947736971	382.16498513353457	797.5232682935152	797.5232682935152	sub-20214	ses-1				space-ACPC			DSIStudio	autotrackgqi
ProjectionBasalGanglia_FornixL	rtap	TORTOISE_model-MAPMRI	/scratch/executivefunction/SLURM_8364170_16/job-8364170-16-sub-20214-ses-1/ds/inputs/data/qsiprep/qsiprep/sub-20214/ses-1/dwi/sub-20214_ses-1_space-ACPC_desc-preproc_dwi.nii.gz	0.0	0.0101434104144573	0.0043721441179513	0.0098372995853424	0.0101434104144573	0.0098372995853424	0.0043721441179513	0.0098228519782423	0.0098228519782423	sub-20214	ses-1				space-ACPC			DSIStudio	autotrackgqi
ProjectionBasalGanglia_FornixL	rtop	TORTOISE_model-MAPMRI	/scratch/executivefunction/SLURM_8364170_16/job-8364170-16-sub-20214-ses-1/ds/inputs/data/qsiprep/qsiprep/sub-20214/ses-1/dwi/sub-20214_ses-1_space-ACPC_desc-preproc_dwi.nii.gz	0.0	0.0001930555590661	8.673034608364105e-05	0.0001950785517692	0.0001930555590661	0.0001950785517692	8.673034608364105e-05	0.0001873100700322	0.0001873100700322	sub-20214	ses-1				space-ACPC			DSIStudio	autotrackgqi
ProjectionBasalGanglia_FornixL	rtpp	TORTOISE_model-MAPMRI	/scratch/executivefunction/SLURM_8364170_16/job-8364170-16-sub-20214-ses-1/ds/inputs/data/qsiprep/qsiprep/sub-20214/ses-1/dwi/sub-20214_ses-1_space-ACPC_desc-preproc_dwi.nii.gz	0.0	0.0412565842270851	0.0067374440841376	0.0428392849862575	0.0412565842270851	0.0428392849862575	0.0067374440841376	0.041453793644905	0.041453793644905	sub-20214	ses-1				space-ACPC			DSIStudio	autotrackgqi
ProjectionBasalGanglia_FasciculusLenticularisL	ad	TORTOISE_model-MAPMRI	/scratch/executivefunction/SLURM_8364170_16/job-8364170-16-sub-20214-ses-1/ds/inputs/data/qsiprep/qsiprep/sub-20214/ses-1/dwi/sub-20214_ses-1_space-ACPC_desc-preproc_dwi.nii.gz	0.0	1397.0611912608924	701.1272419023429	1130.2155175377752	1397.0611912608924	1130.2155175377752	701.1272419023429	1549.065083363822	1549.065083363822	sub-20214	ses-1				space-ACPC			DSIStudio	autotrackgqi
ProjectionBasalGanglia_FasciculusLenticularisL	am	TORTOISE_model-MAPMRI	/scratch/executivefunction/SLURM_8364170_16/job-8364170-16-sub-20214-ses-1/ds/inputs/data/qsiprep/qsiprep/sub-20214/ses-1/dwi/sub-20214_ses-1_space-ACPC_desc-preproc_dwi.nii.gz	0.0	558.12890625	205.53907775878903	493.1463012695313	558.12890625	493.1463012695313	205.53907775878903	614.50732421875	614.50732421875	sub-20214	ses-1				space-ACPC			DSIStudio	autotrackgqi
ProjectionBasalGanglia_FasciculusLenticularisL	fa	TORTOISE_model-MAPMRI	/scratch/executivefunction/SLURM_8364170_16/job-8364170-16-sub-20214-ses-1/ds/inputs/data/qsiprep/qsiprep/sub-20214/ses-1/dwi/sub-20214_ses-1_space-ACPC_desc-preproc_dwi.nii.gz	0.0	0.3348625376159475	0.1316630602938999	0.3183100759809115	0.3348625376159475	0.3183100759809115	0.1316630602938999	0.3312351557893789	0.3312351557893789	sub-20214	ses-1				space-ACPC			DSIStudio	autotrackgqi
ProjectionBasalGanglia_FasciculusLenticularisL	li	TORTOISE_model-MAPMRI	/scratch/executivefunction/SLURM_8364170_16/job-8364170-16-sub-20214-ses-1/ds/inputs/data/qsiprep/qsiprep/sub-20214/ses-1/dwi/sub-20214_ses-1_space-ACPC_desc-preproc_dwi.nii.gz	0.0	0.1976845860481262	0.0919436961412429	0.1795506179332733	0.1976845860481262	0.1795506179332733	0.0919436961412429	0.1923348605632782	0.1923348605632782	sub-20214	ses-1				space-ACPC			DSIStudio	autotrackgqi
ProjectionBasalGanglia_FasciculusLenticularisL	ng	TORTOISE_model-MAPMRI	/scratch/executivefunction/SLURM_8364170_16/job-8364170-16-sub-20214-ses-1/ds/inputs/data/qsiprep/qsiprep/sub-20214/ses-1/dwi/sub-20214_ses-1_space-ACPC_desc-preproc_dwi.nii.gz	0.0	0.2822129428386688	0.0811529234051704	0.2728799879550934	0.2822129428386688	0.2728799879550934	0.0811529234051704	0.2861256599426269	0.2861256599426269	sub-20214	ses-1				space-ACPC			DSIStudio	autotrackgqi
ProjectionBasalGanglia_FasciculusLenticularisL	ngpar	TORTOISE_model-MAPMRI	/scratch/executivefunction/SLURM_8364170_16/job-8364170-16-sub-20214-ses-1/ds/inputs/data/qsiprep/qsiprep/sub-20214/ses-1/dwi/sub-20214_ses-1_space-ACPC_desc-preproc_dwi.nii.gz	0.0	0.1360556185245514	0.0332856439054012	0.1341628581285476	0.1360556185245514	0.1341628581285476	0.0332856439054012	0.1374341398477554	0.1374341398477554	sub-20214	ses-1				space-ACPC			DSIStudio	autotrackgqi
ProjectionBasalGanglia_FasciculusLenticularisL	ngperp	TORTOISE_model-MAPMRI	/scratch/executivefunction/SLURM_8364170_16/job-8364170-16-sub-20214-ses-1/ds/inputs/data/qsiprep/qsiprep/sub-20214/ses-1/dwi/sub-20214_ses-1_space-ACPC_desc-preproc_dwi.nii.gz	0.0	0.2413444519042968	0.0708936676383018	0.234486848115921	0.2413444519042968	0.234486848115921	0.0708936676383018	0.2469442784786224	0.2469442784786224	sub-20214	ses-1				space-ACPC			DSIStudio	autotrackgqi
ProjectionBasalGanglia_FasciculusLenticularisL	pa	TORTOISE_model-MAPMRI	/scratch/executivefunction/SLURM_8364170_16/job-8364170-16-sub-20214-ses-1/ds/inputs/data/qsiprep/qsiprep/sub-20214/ses-1/dwi/sub-20214_ses-1_space-ACPC_desc-preproc_dwi.nii.gz	0.0	0.6639752388000488	0.1630120426416397	0.671560525894165	0.6639752388000488	0.671560525894165	0.1630120426416397	0.671026349067688	0.671026349067688	sub-20214	ses-1				space-ACPC			DSIStudio	autotrackgqi
ProjectionBasalGanglia_FasciculusLenticularisL	path	TORTOISE_model-MAPMRI	/scratch/executivefunction/SLURM_8364170_16/job-8364170-16-sub-20214-ses-1/ds/inputs/data/qsiprep/qsiprep/sub-20214/ses-1/dwi/sub-20214_ses-1_space-ACPC_desc-preproc_dwi.nii.gz	0.0	0.2465453594923019	0.0766227915883064	0.2339687496423721	0.2465453594923019	0.2339687496423721	0.0766227915883064	0.2472792863845825	0.2472792863845825	sub-20214	ses-1				space-ACPC			DSIStudio	autotrackgqi
ProjectionBasalGanglia_FasciculusLenticularisL	rd	TORTOISE_model-MAPMRI	/scratch/executivefunction/SLURM_8364170_16/job-8364170-16-sub-20214-ses-1/ds/inputs/data/qsiprep/qsiprep/sub-20214/ses-1/dwi/sub-20214_ses-1_space-ACPC_desc-preproc_dwi.nii.gz	0.0	858.8018696741578	555.1381813343752	664.2175222704959	858.8018696741578	664.2175222704959	555.1381813343752	959.996595960304	959.996595960304	sub-20214	ses-1				space-ACPC			DSIStudio	autotrackgqi
ProjectionBasalGanglia_FasciculusLenticularisL	rtap	TORTOISE_model-MAPMRI	/scratch/executivefunction/SLURM_8364170_16/job-8364170-16-sub-20214-ses-1/ds/inputs/data/qsiprep/qsiprep/sub-20214/ses-1/dwi/sub-20214_ses-1_space-ACPC_desc-preproc_dwi.nii.gz	0.0	0.0098713152110576	0.0042483652941882	0.0099553205072879	0.0098713152110576	0.0099553205072879	0.0042483652941882	0.008869276382029	0.008869276382029	sub-20214	ses-1				space-ACPC			DSIStudio	autotrackgqi
ProjectionBasalGanglia_FasciculusLenticularisL	rtop	TORTOISE_model-MAPMRI	/scratch/executivefunction/SLURM_8364170_16/job-8364170-16-sub-20214-ses-1/ds/inputs/data/qsiprep/qsiprep/sub-20214/ses-1/dwi/sub-20214_ses-1_space-ACPC_desc-preproc_dwi.nii.gz	0.0	0.0001934392639668	8.378526399610564e-05	0.0002061265113297	0.0001934392639668	0.0002061265113297	8.378526399610564e-05	0.0001686699397396	0.0001686699397396	sub-20214	ses-1				space-ACPC			DSIStudio	autotrackgqi
ProjectionBasalGanglia_FasciculusLenticularisL	rtpp	TORTOISE_model-MAPMRI	/scratch/executivefunction/SLURM_8364170_16/job-8364170-16-sub-20214-ses-1/ds/inputs/data/qsiprep/qsiprep/sub-20214/ses-1/dwi/sub-20214_ses-1_space-ACPC_desc-preproc_dwi.nii.gz	0.0	0.0420288443565368	0.0082143591716885	0.0447406396269798	0.0420288443565368	0.0447406396269798	0.0082143591716885	0.039589162915945	0.039589162915945	sub-20214	ses-1				space-ACPC			DSIStudio	autotrackgqi
ProjectionBrainstem_CorticopontineTractR	ad	TORTOISE_model-MAPMRI	/scratch/executivefunction/SLURM_8364170_16/job-8364170-16-sub-20214-ses-1/ds/inputs/data/qsiprep/qsiprep/sub-20214/ses-1/dwi/sub-20214_ses-1_space-ACPC_desc-preproc_dwi.nii.gz	0.0	1233.9427835310184	336.1789709983172	1165.429432528241	1233.9427835310184	1165.429432528241	336.1789709983172	1348.8361751764603	1348.8361751764603	sub-20214	ses-1				space-ACPC			DSIStudio	autotrackgqi
ProjectionBrainstem_CorticopontineTractR	am	TORTOISE_model-MAPMRI	/scratch/executivefunction/SLURM_8364170_16/job-8364170-16-sub-20214-ses-1/ds/inputs/data/qsiprep/qsiprep/sub-20214/ses-1/dwi/sub-20214_ses-1_space-ACPC_desc-preproc_dwi.nii.gz	0.0	652.553955078125	255.4725341796875	564.75537109375	652.553955078125	564.75537109375	255.4725341796875	555.0517578125	555.0517578125	sub-20214	ses-1				space-ACPC			DSIStudio	autotrackgqi
ProjectionBrainstem_CorticopontineTractR	fa	TORTOISE_model-MAPMRI	/scratch/executivefunction/SLURM_8364170_16/job-8364170-16-sub-20214-ses-1/ds/inputs/data/qsiprep/qsiprep/sub-20214/ses-1/dwi/sub-20214_ses-1_space-ACPC_desc-preproc_dwi.nii.gz	0.0	0.3947830470139308	0.1964687445086508	0.4049722098254314	0.3947830470139308	0.4049722098254314	0.1964687445086508	0.5144725831472643	0.5144725831472643	sub-20214	ses-1				space-ACPC			DSIStudio	autotrackgqi
ProjectionBrainstem_CorticopontineTractR	li	TORTOISE_model-MAPMRI	/scratch/executivefunction/SLURM_8364170_16/job-8364170-16-sub-20214-ses-1/ds/inputs/data/qsiprep/qsiprep/sub-20214/ses-1/dwi/sub-20214_ses-1_space-ACPC_desc-preproc_dwi.nii.gz	0.0	0.2525308430194855	0.1603702157735824	0.2443089038133621	0.2525308430194855	0.2443089038133621	0.1603702157735824	0.3553690016269684	0.3553690016269684	sub-20214	ses-1				space-ACPC			DSIStudio	autotrackgqi
ProjectionBrainstem_CorticopontineTractR	ng	TORTOISE_model-MAPMRI	/scratch/executivefunction/SLURM_8364170_16/job-8364170-16-sub-20214-ses-1/ds/inputs/data/qsiprep/qsiprep/sub-20214/ses-1/dwi/sub-20214_ses-1_space-ACPC_desc-preproc_dwi.nii.gz	0.0	0.3064460158348083	0.0826202407479286	0.337621122598648	0.3064460158348083	0.337621122598648	0.0826202407479286	0.3538172543048858	0.3538172543048858	sub-20214	ses-1				space-ACPC			DSIStudio	autotrackgqi
ProjectionBrainstem_CorticopontineTractR	ngpar	TORTOISE_model-MAPMRI	/scratch/executivefunction/SLURM_8364170_16/job-8364170-16-sub-20214-ses-1/ds/inputs/data/qsiprep/qsiprep/sub-20214/ses-1/dwi/sub-20214_ses-1_space-ACPC_desc-preproc_dwi.nii.gz	0.0	0.1343267560005188	0.0365710295736789	0.1322488337755203	0.1343267560005188	0.1322488337755203	0.0365710295736789	0.1438634097576141	0.1438634097576141	sub-20214	ses-1				space-ACPC			DSIStudio	autotrackgqi
ProjectionBrainstem_CorticopontineTractR	ngperp	TORTOISE_model-MAPMRI	/scratch/executivefunction/SLURM_8364170_16/job-8364170-16-sub-20214-ses-1/ds/inputs/data/qsiprep/qsiprep/sub-20214/ses-1/dwi/sub-20214_ses-1_space-ACPC_desc-preproc_dwi.nii.gz	0.0	0.2647202908992767	0.0714431852102279	0.2858719229698181	0.2647202908992767	0.2858719229698181	0.0714431852102279	0.3057581782341003	0.3057581782341003	sub-20214	ses-1				space-ACPC			DSIStudio	autotrackgqi
ProjectionBrainstem_CorticopontineTractR	pa	TORTOISE_model-MAPMRI	/scratch/executivefunction/SLURM_8364170_16/job-8364170-16-sub-20214-ses-1/ds/inputs/data/qsiprep/qsiprep/sub-20214/ses-1/dwi/sub-20214_ses-1_space-ACPC_desc-preproc_dwi.nii.gz	0.0	0.7128788828849792	0.2471503913402557	0.8227630257606506	0.7128788828849792	0.8227630257606506	0.2471503913402557	0.8527129888534546	0.8527129888534546	sub-20214	ses-1				space-ACPC			DSIStudio	autotrackgqi
ProjectionBrainstem_CorticopontineTractR	path	TORTOISE_model-MAPMRI	/scratch/executivefunction/SLURM_8364170_16/job-8364170-16-sub-20214-ses-1/ds/inputs/data/qsiprep/qsiprep/sub-20214/ses-1/dwi/sub-20214_ses-1_space-ACPC_desc-preproc_dwi.nii.gz	0.0	0.2941097021102905	0.1219193190336227	0.309077113866806	0.2941097021102905	0.309077113866806	0.1219193190336227	0.3704174757003784	0.3704174757003784	sub-20214	ses-1				space-ACPC			DSIStudio	autotrackgqi
ProjectionBrainstem_CorticopontineTractR	rd	TORTOISE_model-MAPMRI	/scratch/executivefunction/SLURM_8364170_16/job-8364170-16-sub-20214-ses-1/ds/inputs/data/qsiprep/qsiprep/sub-20214/ses-1/dwi/sub-20214_ses-1_space-ACPC_desc-preproc_dwi.nii.gz	0.0	674.0271729782284	335.07937744172875	594.4111012982803	674.0271729782284	594.4111012982803	335.07937744172875	580.7852820006235	580.7852820006235	sub-20214	ses-1				space-ACPC			DSIStudio	autotrackgqi
ProjectionBrainstem_CorticopontineTractR	rtap	TORTOISE_model-MAPMRI	/scratch/executivefunction/SLURM_8364170_16/job-8364170-16-sub-20214-ses-1/ds/inputs/data/qsiprep/qsiprep/sub-20214/ses-1/dwi/sub-20214_ses-1_space-ACPC_desc-preproc_dwi.nii.gz	0.0	0.0132275288924574	0.0057811918668448	0.0128929382190108	0.0132275288924574	0.0128929382190108	0.0057811918668448	0.0167293045669794	0.0167293045669794	sub-20214	ses-1				space-ACPC			DSIStudio	autotrackgqi
ProjectionBrainstem_CorticopontineTractR	rtop	TORTOISE_model-MAPMRI	/scratch/executivefunction/SLURM_8364170_16/job-8364170-16-sub-20214-ses-1/ds/inputs/data/qsiprep/qsiprep/sub-20214/ses-1/dwi/sub-20214_ses-1_space-ACPC_desc-preproc_dwi.nii.gz	0.0	0.0002554584352765	9.965799108613282e-05	0.0002624627959448	0.0002554584352765	0.0002624627959448	9.965799108613282e-05	0.0003124922513961	0.0003124922513961	sub-20214	ses-1				space-ACPC			DSIStudio	autotrackgqi
ProjectionBrainstem_CorticopontineTractR	rtpp	TORTOISE_model-MAPMRI	/scratch/executivefunction/SLURM_8364170_16/job-8364170-16-sub-20214-ses-1/ds/inputs/data/qsiprep/qsiprep/sub-20214/ses-1/dwi/sub-20214_ses-1_space-ACPC_desc-preproc_dwi.nii.gz	0.0	0.0437561646103858	0.0052215801551938	0.0443990677595138	0.0437561646103858	0.0443990677595138	0.0052215801551938	0.0420130975544452	0.0420130975544452	sub-20214	ses-1				space-ACPC			DSIStudio	autotrackgqi
ProjectionBrainstem_MedialForebrainBundleR	ad	TORTOISE_model-MAPMRI	/scratch/executivefunction/SLURM_8364170_16/job-8364170-16-sub-20214-ses-1/ds/inputs/data/qsiprep/qsiprep/sub-20214/ses-1/dwi/sub-20214_ses-1_space-ACPC_desc-preproc_dwi.nii.gz	0.0036363636363636	1512.903973983919	714.4522802137126	1250.7400404024715	1518.425521334225	1251.3006026737562	709.8738828252906	1445.3139663637355	1445.7589677874348	sub-20214	ses-1				space-ACPC			DSIStudio	autotrackgqi
ProjectionBrainstem_MedialForebrainBundleR	am	TORTOISE_model-MAPMRI	/scratch/executivefunction/SLURM_8364170_16/job-8364170-16-sub-20214-ses-1/ds/inputs/data/qsiprep/qsiprep/sub-20214/ses-1/dwi/sub-20214_ses-1_space-ACPC_desc-preproc_dwi.nii.gz	0.0036363636363636	666.5081787109375	269.2732238769531	595.9971313476562	668.940673828125	596.696533203125	266.7311096191406	650.2158813476562	650.4160766601562	sub-20214	ses-1				space-ACPC			DSIStudio	autotrackgqi
ProjectionBrainstem_MedialForebrainBundleR	fa	TORTOISE_model-MAPMRI	/scratch/executivefunction/SLURM_8364170_16/job-8364170-16-sub-20214-ses-1/ds/inputs/data/qsiprep/qsiprep/sub-20214/ses-1/dwi/sub-20214_ses-1_space-ACPC_desc-preproc_dwi.nii.gz	0.0036363636363636	0.3462090902252215	0.1567092525951215	0.3337802793622496	0.347472627050861	0.3344091449668657	0.1555903993149728	0.3970572224152816	0.3971794731105397	sub-20214	ses-1				space-ACPC			DSIStudio	autotrackgqi
ProjectionBrainstem_MedialForebrainBundleR	li	TORTOISE_model-MAPMRI	/scratch/executivefunction/SLURM_8364170_16/job-8364170-16-sub-20214-ses-1/ds/inputs/data/qsiprep/qsiprep/sub-20214/ses-1/dwi/sub-20214_ses-1_space-ACPC_desc-preproc_dwi.nii.gz	0.0036363636363636	0.209269717335701	0.113893985748291	0.1954623907804489	0.2100334763526916	0.1961269974708557	0.1133965104818344	0.2435213178396225	0.2435963004827499	sub-20214	ses-1				space-ACPC			DSIStudio	autotrackgqi
ProjectionBrainstem_MedialForebrainBundleR	ng	TORTOISE_model-MAPMRI	/scratch/executivefunction/SLURM_8364170_16/job-8364170-16-sub-20214-ses-1/ds/inputs/data/qsiprep/qsiprep/sub-20214/ses-1/dwi/sub-20214_ses-1_space-ACPC_desc-preproc_dwi.nii.gz	0.0036363636363636	0.34249347448349	0.0832405611872673	0.3408455848693847	0.3437434434890747	0.3411212861537933	0.0807750448584556	0.3354779481887817	0.3355812430381775	sub-20214	ses-1				space-ACPC			DSIStudio	autotrackgqi
ProjectionBrainstem_MedialForebrainBundleR	ngpar	TORTOISE_model-MAPMRI	/scratch/executivefunction/SLURM_8364170_16/job-8364170-16-sub-20214-ses-1/ds/inputs/data/qsiprep/qsiprep/sub-20214/ses-1/dwi/sub-20214_ses-1_space-ACPC_desc-preproc_dwi.nii.gz	0.0036363636363636	0.1581032872200012	0.042589072138071	0.1545441448688507	0.1586803048849105	0.1547007858753204	0.0415798909962177	0.1543669402599334	0.1544144600629806	sub-20214	ses-1				space-ACPC			DSIStudio	autotrackgqi
ProjectionBrainstem_MedialForebrainBundleR	ngperp	TORTOISE_model-MAPMRI	/scratch/executivefunction/SLURM_8364170_16/job-8364170-16-sub-20214-ses-1/ds/inputs/data/qsiprep/qsiprep/sub-20214/ses-1/dwi/sub-20214_ses-1_space-ACPC_desc-preproc_dwi.nii.gz	0.0036363636363636	0.2859188020229339	0.070160336792469	0.284355103969574	0.2869623005390167	0.2844458222389221	0.0681248307228088	0.2854040861129761	0.2854919731616974	sub-20214	ses-1				space-ACPC			DSIStudio	autotrackgqi
ProjectionBrainstem_MedialForebrainBundleR	pa	TORTOISE_model-MAPMRI	/scratch/executivefunction/SLURM_8364170_16/job-8364170-16-sub-20214-ses-1/ds/inputs/data/qsiprep/qsiprep/sub-20214/ses-1/dwi/sub-20214_ses-1_space-ACPC_desc-preproc_dwi.nii.gz	0.0036363636363636	0.7377632856369019	0.1508922129869461	0.7611023187637329	0.7404558658599854	0.7615574598312378	0.1444223970174789	0.7684634923934937	0.768700122833252	sub-20214	ses-1				space-ACPC			DSIStudio	autotrackgqi
ProjectionBrainstem_MedialForebrainBundleR	path	TORTOISE_model-MAPMRI	/scratch/executivefunction/SLURM_8364170_16/job-8364170-16-sub-20214-ses-1/ds/inputs/data/qsiprep/qsiprep/sub-20214/ses-1/dwi/sub-20214_ses-1_space-ACPC_desc-preproc_dwi.nii.gz	0.0036363636363636	0.2795812785625458	0.0761540681123733	0.2735157608985901	0.2806016504764557	0.2737467885017395	0.0743928104639053	0.2984141707420349	0.2985060811042785	sub-20214	ses-1				space-ACPC			DSIStudio	autotrackgqi
ProjectionBrainstem_MedialForebrainBundleR	rd	TORTOISE_model-MAPMRI	/scratch/executivefunction/SLURM_8364170_16/job-8364170-16-sub-20214-ses-1/ds/inputs/data/qsiprep/qsiprep/sub-20214/ses-1/dwi/sub-20214_ses-1_space-ACPC_desc-preproc_dwi.nii.gz	0.0036363636363636	935.8742725794629	642.905459632798	662.3004495770049	939.2898721144244	662.8375669690001	641.5821741955101	814.7883076248024	815.0391752786844	sub-20214	ses-1				space-ACPC			DSIStudio	autotrackgqi
ProjectionBrainstem_MedialForebrainBundleR	rtap	TORTOISE_model-MAPMRI	/scratch/executivefunction/SLURM_8364170_16/job-8364170-16-sub-20214-ses-1/ds/inputs/data/qsiprep/qsiprep/sub-20214/ses-1/dwi/sub-20214_ses-1_space-ACPC_desc-preproc_dwi.nii.gz	0.0036363636363636	0.0103280702605843	0.0049968864768743	0.0107341110706329	0.0103657636791467	0.0107416436076164	0.004966817330569	0.011613281443715	0.011616856791079	sub-20214	ses-1				space-ACPC			DSIStudio	autotrackgqi
ProjectionBrainstem_MedialForebrainBundleR	rtop	TORTOISE_model-MAPMRI	/scratch/executivefunction/SLURM_8364170_16/job-8364170-16-sub-20214-ses-1/ds/inputs/data/qsiprep/qsiprep/sub-20214/ses-1/dwi/sub-20214_ses-1_space-ACPC_desc-preproc_dwi.nii.gz	0.0036363636363636	0.0002024184504989	0.0001036041139741	0.0002197110879933	0.0002031572075793	0.0002200611779699	0.0001030674684443	0.0002263412461616	0.0002264109207317	sub-20214	ses-1				space-ACPC			DSIStudio	autotrackgqi
ProjectionBrainstem_MedialForebrainBundleR	rtpp	TORTOISE_model-MAPMRI	/scratch/executivefunction/SLURM_8364170_16/job-8364170-16-sub-20214-ses-1/ds/inputs/data/qsiprep/qsiprep/sub-20214/ses-1/dwi/sub-20214_ses-1_space-ACPC_desc-preproc_dwi.nii.gz	0.0036363636363636	0.0403318963944911	0.0093160746619105	0.042587399482727	0.0404790937900543	0.0426065996289253	0.0090081971138715	0.0409861430525779	0.0409987606108188	sub-20214	ses-1				space-ACPC			DSIStudio	autotrackgqi
ProjectionBasalGanglia_CorticostriatalTractL	ad	TORTOISE_model-MAPMRI	/scratch/executivefunction/SLURM_8364170_16/job-8364170-16-sub-20214-ses-1/ds/inputs/data/qsiprep/qsiprep/sub-20214/ses-1/dwi/sub-20214_ses-1_space-ACPC_desc-preproc_dwi.nii.gz	0.0037297374838617	1168.1583166970586	351.12910731081337	1093.092752810201	1172.531551575982	1093.8983720225824	344.42047142285355	1146.859712285098	1147.223495542616	sub-20214	ses-1				space-ACPC			DSIStudio	autotrackgqi
ProjectionBasalGanglia_CorticostriatalTractL	am	TORTOISE_model-MAPMRI	/scratch/executivefunction/SLURM_8364170_16/job-8364170-16-sub-20214-ses-1/ds/inputs/data/qsiprep/qsiprep/sub-20214/ses-1/dwi/sub-20214_ses-1_space-ACPC_desc-preproc_dwi.nii.gz	0.0037297374838617	686.6011962890625	270.8205261230469	606.700439453125	689.171630859375	607.5510864257812	268.0426330566406	582.6629028320312	582.8477172851562	sub-20214	ses-1				space-ACPC			DSIStudio	autotrackgqi
ProjectionBasalGanglia_CorticostriatalTractL	fa	TORTOISE_model-MAPMRI	/scratch/executivefunction/SLURM_8364170_16/job-8364170-16-sub-20214-ses-1/ds/inputs/data/qsiprep/qsiprep/sub-20214/ses-1/dwi/sub-20214_ses-1_space-ACPC_desc-preproc_dwi.nii.gz	0.0037297374838617	0.3158762674154483	0.1784987009826149	0.3010727776311959	0.3170588135569605	0.3021298740929507	0.1777811310604341	0.3966910159935832	0.3968168462171608	sub-20214	ses-1				space-ACPC			DSIStudio	autotrackgqi
ProjectionBasalGanglia_CorticostriatalTractL	li	TORTOISE_model-MAPMRI	/scratch/executivefunction/SLURM_8364170_16/job-8364170-16-sub-20214-ses-1/ds/inputs/data/qsiprep/qsiprep/sub-20214/ses-1/dwi/sub-20214_ses-1_space-ACPC_desc-preproc_dwi.nii.gz	0.0039449146463921	0.185770034790039	0.1325732767581939	0.1592932492494583	0.1865057796239853	0.1601437777280807	0.1323180198669433	0.2455489486455917	0.2456347942352295	sub-20214	ses-1				space-ACPC			DSIStudio	autotrackgqi
ProjectionBasalGanglia_CorticostriatalTractL	ng	TORTOISE_model-MAPMRI	/scratch/executivefunction/SLURM_8364170_16/job-8364170-16-sub-20214-ses-1/ds/inputs/data/qsiprep/qsiprep/sub-20214/ses-1/dwi/sub-20214_ses-1_space-ACPC_desc-preproc_dwi.nii.gz	0.0037297374838617	0.2735300064086914	0.087867259979248	0.2793442010879516	0.2745540142059326	0.2799963653087616	0.086419977247715	0.3058579564094543	0.3059549927711487	sub-20214	ses-1				space-ACPC			DSIStudio	autotrackgqi
ProjectionBasalGanglia_CorticostriatalTractL	ngpar	TORTOISE_model-MAPMRI	/scratch/executivefunction/SLURM_8364170_16/job-8364170-16-sub-20214-ses-1/ds/inputs/data/qsiprep/qsiprep/sub-20214/ses-1/dwi/sub-20214_ses-1_space-ACPC_desc-preproc_dwi.nii.gz	0.0037297374838617	0.1284200549125671	0.0398978628218174	0.1236855238676071	0.1289008259773254	0.1238582506775856	0.0391896404325962	0.131125271320343	0.1311668455600738	sub-20214	ses-1				space-ACPC			DSIStudio	autotrackgqi
ProjectionBasalGanglia_CorticostriatalTractL	ngperp	TORTOISE_model-MAPMRI	/scratch/executivefunction/SLURM_8364170_16/job-8364170-16-sub-20214-ses-1/ds/inputs/data/qsiprep/qsiprep/sub-20214/ses-1/dwi/sub-20214_ses-1_space-ACPC_desc-preproc_dwi.nii.gz	0.0037297374838617	0.2360905110836029	0.0746328979730606	0.2401440739631652	0.2369743734598159	0.2404859513044357	0.0733585208654403	0.2644465863704681	0.2645304799079895	sub-20214	ses-1				space-ACPC			DSIStudio	autotrackgqi
ProjectionBasalGanglia_CorticostriatalTractL	pa	TORTOISE_model-MAPMRI	/scratch/executivefunction/SLURM_8364170_16/job-8364170-16-sub-20214-ses-1/ds/inputs/data/qsiprep/qsiprep/sub-20214/ses-1/dwi/sub-20214_ses-1_space-ACPC_desc-preproc_dwi.nii.gz	0.0037297374838617	0.6135661005973816	0.2616345286369324	0.6731695532798767	0.6158631443977356	0.6751954555511475	0.2594113647937774	0.7307653427124023	0.7309972047805786	sub-20214	ses-1				space-ACPC			DSIStudio	autotrackgqi
ProjectionBasalGanglia_CorticostriatalTractL	path	TORTOISE_model-MAPMRI	/scratch/executivefunction/SLURM_8364170_16/job-8364170-16-sub-20214-ses-1/ds/inputs/data/qsiprep/qsiprep/sub-20214/ses-1/dwi/sub-20214_ses-1_space-ACPC_desc-preproc_dwi.nii.gz	0.0037297374838617	0.2429056614637375	0.113982655107975	0.2345966845750808	0.2438150346279144	0.2353908419609069	0.1132208704948425	0.2915964722633362	0.2916889786720276	sub-20214	ses-1				space-ACPC			DSIStudio	autotrackgqi
ProjectionBasalGanglia_CorticostriatalTractL	rd	TORTOISE_model-MAPMRI	/scratch/executivefunction/SLURM_8364170_16/job-8364170-16-sub-20214-ses-1/ds/inputs/data/qsiprep/qsiprep/sub-20214/ses-1/dwi/sub-20214_ses-1_space-ACPC_desc-preproc_dwi.nii.gz	0.0037297374838617	732.7477655800003	340.6154722597065	647.3305882134957	735.4909537592775	647.8787338282941	338.2833869207436	606.2573549420047	606.4496593177238	sub-20214	ses-1				space-ACPC			DSIStudio	autotrackgqi
ProjectionBasalGanglia_CorticostriatalTractL	rtap	TORTOISE_model-MAPMRI	/scratch/executivefunction/SLURM_8364170_16/job-8364170-16-sub-20214-ses-1/ds/inputs/data/qsiprep/qsiprep/sub-20214/ses-1/dwi/sub-20214_ses-1_space-ACPC_desc-preproc_dwi.nii.gz	0.0037297374838617	0.0110855177044868	0.0046013793908059	0.0106019228696823	0.0111270183697342	0.0106211900711059	0.0045596249401569	0.0131734097376465	0.0131775895133614	sub-20214	ses-1				space-ACPC			DSIStudio	autotrackgqi
ProjectionBasalGanglia_CorticostriatalTractL	rtop	TORTOISE_model-MAPMRI	/scratch/executivefunction/SLURM_8364170_16/job-8364170-16-sub-20214-ses-1/ds/inputs/data/qsiprep/qsiprep/sub-20214/ses-1/dwi/sub-20214_ses-1_space-ACPC_desc-preproc_dwi.nii.gz	0.0037297374838617	0.0002202291652793	8.439348312094808e-05	0.0002188524522352	0.0002210536331404	0.0002191600360674	8.346658432856202e-05	0.0002599076833575	0.0002599901054054	sub-20214	ses-1				space-ACPC			DSIStudio	autotrackgqi
ProjectionBasalGanglia_CorticostriatalTractL	rtpp	TORTOISE_model-MAPMRI	/scratch/executivefunction/SLURM_8364170_16/job-8364170-16-sub-20214-ses-1/ds/inputs/data/qsiprep/qsiprep/sub-20214/ses-1/dwi/sub-20214_ses-1_space-ACPC_desc-preproc_dwi.nii.gz	0.0037297374838617	0.0446322411298751	0.0060328459367156	0.0456517077982425	0.044799331575632	0.0456694588065147	0.0053894314914941	0.0451997928321361	0.0452141314744949	sub-20214	ses-1				space-ACPC			DSIStudio	autotrackgqi
ProjectionBasalGanglia_FasciculusSubthalamicusL	ad	TORTOISE_model-MAPMRI	/scratch/executivefunction/SLURM_8364170_16/job-8364170-16-sub-20214-ses-1/ds/inputs/data/qsiprep/qsiprep/sub-20214/ses-1/dwi/sub-20214_ses-1_space-ACPC_desc-preproc_dwi.nii.gz	0.0	1231.0101631918424	501.415504784824	1078.2794410038	1231.0101631918424	1078.2794410038	501.415504784824	1161.835500116104	1161.8356004407788	sub-20214	ses-1				space-ACPC			DSIStudio	autotrackgqi
ProjectionBasalGanglia_FasciculusSubthalamicusL	am	TORTOISE_model-MAPMRI	/scratch/executivefunction/SLURM_8364170_16/job-8364170-16-sub-20214-ses-1/ds/inputs/data/qsiprep/qsiprep/sub-20214/ses-1/dwi/sub-20214_ses-1_space-ACPC_desc-preproc_dwi.nii.gz	0.0	477.4438171386719	125.88330078125	468.30963134765625	477.4438171386719	468.30963134765625	125.88330078125	480.9337768554688	480.933837890625	sub-20214	ses-1				space-ACPC			DSIStudio	autotrackgqi
ProjectionBasalGanglia_FasciculusSubthalamicusL	fa	TORTOISE_model-MAPMRI	/scratch/executivefunction/SLURM_8364170_16/job-8364170-16-sub-20214-ses-1/ds/inputs/data/qsiprep/qsiprep/sub-20214/ses-1/dwi/sub-20214_ses-1_space-ACPC_desc-preproc_dwi.nii.gz	0.0	0.3855074537962137	0.1667715603652159	0.3583442681725793	0.3855074537962137	0.3583442681725793	0.1667715603652159	0.4070967309059282	0.4070967660888604	sub-20214	ses-1				space-ACPC			DSIStudio	autotrackgqi
ProjectionBasalGanglia_FasciculusSubthalamicusL	li	TORTOISE_model-MAPMRI	/scratch/executivefunction/SLURM_8364170_16/job-8364170-16-sub-20214-ses-1/ds/inputs/data/qsiprep/qsiprep/sub-20214/ses-1/dwi/sub-20214_ses-1_space-ACPC_desc-preproc_dwi.nii.gz	0.0	0.2419403791427612	0.1348367631435394	0.2048226594924926	0.2419403791427612	0.2048226594924926	0.1348367631435394	0.2617756724357605	0.2617757320404053	sub-20214	ses-1				space-ACPC			DSIStudio	autotrackgqi
ProjectionBasalGanglia_FasciculusSubthalamicusL	ng	TORTOISE_model-MAPMRI	/scratch/executivefunction/SLURM_8364170_16/job-8364170-16-sub-20214-ses-1/ds/inputs/data/qsiprep/qsiprep/sub-20214/ses-1/dwi/sub-20214_ses-1_space-ACPC_desc-preproc_dwi.nii.gz	0.0	0.3276843428611755	0.0789489671587944	0.3414665162563324	0.3276843428611755	0.3414665162563324	0.0789489671587944	0.342172771692276	0.3421728014945984	sub-20214	ses-1				space-ACPC			DSIStudio	autotrackgqi
ProjectionBasalGanglia_FasciculusSubthalamicusL	ngpar	TORTOISE_model-MAPMRI	/scratch/executivefunction/SLURM_8364170_16/job-8364170-16-sub-20214-ses-1/ds/inputs/data/qsiprep/qsiprep/sub-20214/ses-1/dwi/sub-20214_ses-1_space-ACPC_desc-preproc_dwi.nii.gz	0.0	0.1622173488140106	0.0384792424738407	0.162722647190094	0.1622173488140106	0.162722647190094	0.0384792424738407	0.1677576303482055	0.1677576303482055	sub-20214	ses-1				space-ACPC			DSIStudio	autotrackgqi
ProjectionBasalGanglia_FasciculusSubthalamicusL	ngperp	TORTOISE_model-MAPMRI	/scratch/executivefunction/SLURM_8364170_16/job-8364170-16-sub-20214-ses-1/ds/inputs/data/qsiprep/qsiprep/sub-20214/ses-1/dwi/sub-20214_ses-1_space-ACPC_desc-preproc_dwi.nii.gz	0.0	0.2744671404361725	0.065488263964653	0.2812817096710205	0.2744671404361725	0.2812817096710205	0.065488263964653	0.2901292741298675	0.2901293039321899	sub-20214	ses-1				space-ACPC			DSIStudio	autotrackgqi
ProjectionBasalGanglia_FasciculusSubthalamicusL	pa	TORTOISE_model-MAPMRI	/scratch/executivefunction/SLURM_8364170_16/job-8364170-16-sub-20214-ses-1/ds/inputs/data/qsiprep/qsiprep/sub-20214/ses-1/dwi/sub-20214_ses-1_space-ACPC_desc-preproc_dwi.nii.gz	0.0	0.7270500063896179	0.173330083489418	0.750260055065155	0.7270500063896179	0.750260055065155	0.173330083489418	0.7658960819244385	0.7658960819244385	sub-20214	ses-1				space-ACPC			DSIStudio	autotrackgqi
ProjectionBasalGanglia_FasciculusSubthalamicusL	path	TORTOISE_model-MAPMRI	/scratch/executivefunction/SLURM_8364170_16/job-8364170-16-sub-20214-ses-1/ds/inputs/data/qsiprep/qsiprep/sub-20214/ses-1/dwi/sub-20214_ses-1_space-ACPC_desc-preproc_dwi.nii.gz	0.0	0.2838946580886841	0.0952355116605758	0.2681223452091217	0.2838946580886841	0.2681223452091217	0.0952355116605758	0.3018878102302551	0.3018878102302551	sub-20214	ses-1				space-ACPC			DSIStudio	autotrackgqi
ProjectionBasalGanglia_FasciculusSubthalamicusL	rd	TORTOISE_model-MAPMRI	/scratch/executivefunction/SLURM_8364170_16/job-8364170-16-sub-20214-ses-1/ds/inputs/data/qsiprep/qsiprep/sub-20214/ses-1/dwi/sub-20214_ses-1_space-ACPC_desc-preproc_dwi.nii.gz	0.0	685.6030342435628	407.0733370316569	606.8491767915266	685.6030342435628	606.8491767915266	407.0733370316569	624.8908394974787	624.8908934945706	sub-20214	ses-1				space-ACPC			DSIStudio	autotrackgqi
ProjectionBasalGanglia_FasciculusSubthalamicusL	rtap	TORTOISE_model-MAPMRI	/scratch/executivefunction/SLURM_8364170_16/job-8364170-16-sub-20214-ses-1/ds/inputs/data/qsiprep/qsiprep/sub-20214/ses-1/dwi/sub-20214_ses-1_space-ACPC_desc-preproc_dwi.nii.gz	0.0	0.0127697419375181	0.0052105514332652	0.0116383591666817	0.0127697419375181	0.0116383591666817	0.0052105514332652	0.0140483928844332	0.0140483928844332	sub-20214	ses-1				space-ACPC			DSIStudio	autotrackgqi
ProjectionBasalGanglia_FasciculusSubthalamicusL	rtop	TORTOISE_model-MAPMRI	/scratch/executivefunction/SLURM_8364170_16/job-8364170-16-sub-20214-ses-1/ds/inputs/data/qsiprep/qsiprep/sub-20214/ses-1/dwi/sub-20214_ses-1_space-ACPC_desc-preproc_dwi.nii.gz	0.0	0.0002645607746671	0.0001007974715321	0.0002555679529905	0.0002645607746671	0.0002555679529905	0.0001007974715321	0.0003001186123583	0.0003001186414621	sub-20214	ses-1				space-ACPC			DSIStudio	autotrackgqi
ProjectionBasalGanglia_FasciculusSubthalamicusL	rtpp	TORTOISE_model-MAPMRI	/scratch/executivefunction/SLURM_8364170_16/job-8364170-16-sub-20214-ses-1/ds/inputs/data/qsiprep/qsiprep/sub-20214/ses-1/dwi/sub-20214_ses-1_space-ACPC_desc-preproc_dwi.nii.gz	0.0	0.0449175797402858	0.0073097054846584	0.046479731798172	0.0449175797402858	0.046479731798172	0.0073097054846584	0.0460129827260971	0.0460129864513874	sub-20214	ses-1				space-ACPC			DSIStudio	autotrackgqi
ProjectionBrainstem_NonDecussatingDentatorubrothalamicTractR	ad	TORTOISE_model-MAPMRI	/scratch/executivefunction/SLURM_8364170_16/job-8364170-16-sub-20214-ses-1/ds/inputs/data/qsiprep/qsiprep/sub-20214/ses-1/dwi/sub-20214_ses-1_space-ACPC_desc-preproc_dwi.nii.gz	0.0	1226.636889908738	412.517756393894	1125.0429240380709	1226.636889908738	1125.0429240380709	412.517756393894	1375.509931951116	1375.509931951116	sub-20214	ses-1				space-ACPC			DSIStudio	autotrackgqi
ProjectionBrainstem_NonDecussatingDentatorubrothalamicTractR	am	TORTOISE_model-MAPMRI	/scratch/executivefunction/SLURM_8364170_16/job-8364170-16-sub-20214-ses-1/ds/inputs/data/qsiprep/qsiprep/sub-20214/ses-1/dwi/sub-20214_ses-1_space-ACPC_desc-preproc_dwi.nii.gz	0.0	627.0232543945312	243.93115234375	552.0569458007812	627.0232543945312	552.0569458007812	243.93115234375	617.5078125	617.5078125	sub-20214	ses-1				space-ACPC			DSIStudio	autotrackgqi
ProjectionBrainstem_NonDecussatingDentatorubrothalamicTractR	fa	TORTOISE_model-MAPMRI	/scratch/executivefunction/SLURM_8364170_16/job-8364170-16-sub-20214-ses-1/ds/inputs/data/qsiprep/qsiprep/sub-20214/ses-1/dwi/sub-20214_ses-1_space-ACPC_desc-preproc_dwi.nii.gz	0.0	0.3913991874494027	0.1816381678613736	0.3888732422703469	0.3913991874494027	0.3888732422703469	0.1816381678613736	0.4485806894995519	0.4485806894995519	sub-20214	ses-1				space-ACPC			DSIStudio	autotrackgqi
ProjectionBrainstem_NonDecussatingDentatorubrothalamicTractR	li	TORTOISE_model-MAPMRI	/scratch/executivefunction/SLURM_8364170_16/job-8364170-16-sub-20214-ses-1/ds/inputs/data/qsiprep/qsiprep/sub-20214/ses-1/dwi/sub-20214_ses-1_space-ACPC_desc-preproc_dwi.nii.gz	0.0	0.2483308762311935	0.1464814841747284	0.2334794253110885	0.2483308762311935	0.2334794253110885	0.1464814841747284	0.2909344434738159	0.2909344434738159	sub-20214	ses-1				space-ACPC			DSIStudio	autotrackgqi
ProjectionBrainstem_NonDecussatingDentatorubrothalamicTractR	ng	TORTOISE_model-MAPMRI	/scratch/executivefunction/SLURM_8364170_16/job-8364170-16-sub-20214-ses-1/ds/inputs/data/qsiprep/qsiprep/sub-20214/ses-1/dwi/sub-20214_ses-1_space-ACPC_desc-preproc_dwi.nii.gz	0.0	0.3179465234279632	0.0717983245849609	0.3410542905330658	0.3179465234279632	0.3410542905330658	0.0717983245849609	0.3376984596252441	0.3376984596252441	sub-20214	ses-1				space-ACPC			DSIStudio	autotrackgqi
ProjectionBrainstem_NonDecussatingDentatorubrothalamicTractR	ngpar	TORTOISE_model-MAPMRI	/scratch/executivefunction/SLURM_8364170_16/job-8364170-16-sub-20214-ses-1/ds/inputs/data/qsiprep/qsiprep/sub-20214/ses-1/dwi/sub-20214_ses-1_space-ACPC_desc-preproc_dwi.nii.gz	0.0	0.1399253010749817	0.0373647399246692	0.1387152224779129	0.1399253010749817	0.1387152224779129	0.0373647399246692	0.141691505908966	0.141691505908966	sub-20214	ses-1				space-ACPC			DSIStudio	autotrackgqi
ProjectionBrainstem_NonDecussatingDentatorubrothalamicTractR	ngperp	TORTOISE_model-MAPMRI	/scratch/executivefunction/SLURM_8364170_16/job-8364170-16-sub-20214-ses-1/ds/inputs/data/qsiprep/qsiprep/sub-20214/ses-1/dwi/sub-20214_ses-1_space-ACPC_desc-preproc_dwi.nii.gz	0.0	0.2740556895732879	0.0624752976000309	0.2881983518600464	0.2740556895732879	0.2881983518600464	0.0624752976000309	0.2941110134124756	0.2941110134124756	sub-20214	ses-1				space-ACPC			DSIStudio	autotrackgqi
ProjectionBrainstem_NonDecussatingDentatorubrothalamicTractR	pa	TORTOISE_model-MAPMRI	/scratch/executivefunction/SLURM_8364170_16/job-8364170-16-sub-20214-ses-1/ds/inputs/data/qsiprep/qsiprep/sub-20214/ses-1/dwi/sub-20214_ses-1_space-ACPC_desc-preproc_dwi.nii.gz	0.0	0.7302168607711792	0.213603988289833	0.8063435554504395	0.7302168607711792	0.8063435554504395	0.213603988289833	0.8032143115997314	0.8032143115997314	sub-20214	ses-1				space-ACPC			DSIStudio	autotrackgqi
ProjectionBrainstem_NonDecussatingDentatorubrothalamicTractR	path	TORTOISE_model-MAPMRI	/scratch/executivefunction/SLURM_8364170_16/job-8364170-16-sub-20214-ses-1/ds/inputs/data/qsiprep/qsiprep/sub-20214/ses-1/dwi/sub-20214_ses-1_space-ACPC_desc-preproc_dwi.nii.gz	0.0	0.295514166355133	0.1106594055891037	0.2986396253108978	0.295514166355133	0.2986396253108978	0.1106594055891037	0.3304418623447418	0.3304418623447418	sub-20214	ses-1				space-ACPC			DSIStudio	autotrackgqi
ProjectionBrainstem_NonDecussatingDentatorubrothalamicTractR	rd	TORTOISE_model-MAPMRI	/scratch/executivefunction/SLURM_8364170_16/job-8364170-16-sub-20214-ses-1/ds/inputs/data/qsiprep/qsiprep/sub-20214/ses-1/dwi/sub-20214_ses-1_space-ACPC_desc-preproc_dwi.nii.gz	0.0	678.5617071464208	379.78010241889547	590.4823018463592	678.5617071464208	590.4823018463592	379.78010241889547	692.2887755912502	692.2887755912502	sub-20214	ses-1				space-ACPC			DSIStudio	autotrackgqi
ProjectionBrainstem_NonDecussatingDentatorubrothalamicTractR	rtap	TORTOISE_model-MAPMRI	/scratch/executivefunction/SLURM_8364170_16/job-8364170-16-sub-20214-ses-1/ds/inputs/data/qsiprep/qsiprep/sub-20214/ses-1/dwi/sub-20214_ses-1_space-ACPC_desc-preproc_dwi.nii.gz	0.0	0.0132553325966	0.0052836160175502	0.0128068793565034	0.0132553325966	0.0128068793565034	0.0052836160175502	0.0142180323600769	0.0142180323600769	sub-20214	ses-1				space-ACPC			DSIStudio	autotrackgqi
ProjectionBrainstem_NonDecussatingDentatorubrothalamicTractR	rtop	TORTOISE_model-MAPMRI	/scratch/executivefunction/SLURM_8364170_16/job-8364170-16-sub-20214-ses-1/ds/inputs/data/qsiprep/qsiprep/sub-20214/ses-1/dwi/sub-20214_ses-1_space-ACPC_desc-preproc_dwi.nii.gz	0.0	0.0002619739680085	9.22641993383877e-05	0.0002708024694584	0.0002619739680085	0.0002708024694584	9.22641993383877e-05	0.0002748545957729	0.0002748545957729	sub-20214	ses-1				space-ACPC			DSIStudio	autotrackgqi
ProjectionBrainstem_NonDecussatingDentatorubrothalamicTractR	rtpp	TORTOISE_model-MAPMRI	/scratch/executivefunction/SLURM_8364170_16/job-8364170-16-sub-20214-ses-1/ds/inputs/data/qsiprep/qsiprep/sub-20214/ses-1/dwi/sub-20214_ses-1_space-ACPC_desc-preproc_dwi.nii.gz	0.0	0.044347308576107	0.0060619018040597	0.0453155785799026	0.044347308576107	0.0453155785799026	0.0060619018040597	0.0423445999622345	0.0423445999622345	sub-20214	ses-1				space-ACPC			DSIStudio	autotrackgqi
Commissure_AnteriorCommissure	ad	TORTOISE_model-MAPMRI	/scratch/executivefunction/SLURM_8364170_16/job-8364170-16-sub-20214-ses-1/ds/inputs/data/qsiprep/qsiprep/sub-20214/ses-1/dwi/sub-20214_ses-1_space-ACPC_desc-preproc_dwi.nii.gz	0.0	1327.9121885115408	389.92761187158254	1233.601999507313	1327.9121885115408	1233.601999507313	389.92761187158254	1388.4811609428243	1388.481283940994	sub-20214	ses-1				space-ACPC			DSIStudio	autotrackgqi
Commissure_AnteriorCommissure	am	TORTOISE_model-MAPMRI	/scratch/executivefunction/SLURM_8364170_16/job-8364170-16-sub-20214-ses-1/ds/inputs/data/qsiprep/qsiprep/sub-20214/ses-1/dwi/sub-20214_ses-1_space-ACPC_desc-preproc_dwi.nii.gz	0.0	659.6043090820312	317.12548828125	576.3059692382812	659.6043090820312	576.3059692382812	317.12548828125	646.8432006835938	646.84326171875	sub-20214	ses-1				space-ACPC			DSIStudio	autotrackgqi
Commissure_AnteriorCommissure	fa	TORTOISE_model-MAPMRI	/scratch/executivefunction/SLURM_8364170_16/job-8364170-16-sub-20214-ses-1/ds/inputs/data/qsiprep/qsiprep/sub-20214/ses-1/dwi/sub-20214_ses-1_space-ACPC_desc-preproc_dwi.nii.gz	0.0	0.3594993757482591	0.1616840416617406	0.345647734631069	0.3594993757482591	0.345647734631069	0.1616840416617406	0.3848503341633989	0.3848503681967398	sub-20214	ses-1				space-ACPC			DSIStudio	autotrackgqi
Commissure_AnteriorCommissure	li	TORTOISE_model-MAPMRI	/scratch/executivefunction/SLURM_8364170_16/job-8364170-16-sub-20214-ses-1/ds/inputs/data/qsiprep/qsiprep/sub-20214/ses-1/dwi/sub-20214_ses-1_space-ACPC_desc-preproc_dwi.nii.gz	0.0	0.2249974906444549	0.1251888573169708	0.2064011096954345	0.2249974906444549	0.2064011096954345	0.1251888573169708	0.2447819858789444	0.2447820007801056	sub-20214	ses-1				space-ACPC			DSIStudio	autotrackgqi
Commissure_AnteriorCommissure	ng	TORTOISE_model-MAPMRI	/scratch/executivefunction/SLURM_8364170_16/job-8364170-16-sub-20214-ses-1/ds/inputs/data/qsiprep/qsiprep/sub-20214/ses-1/dwi/sub-20214_ses-1_space-ACPC_desc-preproc_dwi.nii.gz	0.0	0.2790229022502899	0.0851204916834831	0.2846567034721374	0.2790229022502899	0.2846567034721374	0.0851204916834831	0.2937361598014831	0.2937361598014831	sub-20214	ses-1				space-ACPC			DSIStudio	autotrackgqi
Commissure_AnteriorCommissure	ngpar	TORTOISE_model-MAPMRI	/scratch/executivefunction/SLURM_8364170_16/job-8364170-16-sub-20214-ses-1/ds/inputs/data/qsiprep/qsiprep/sub-20214/ses-1/dwi/sub-20214_ses-1_space-ACPC_desc-preproc_dwi.nii.gz	0.0	0.1308943927288055	0.0363624803721904	0.1284053772687912	0.1308943927288055	0.1284053772687912	0.0363624803721904	0.1312664747238159	0.1312664896249771	sub-20214	ses-1				space-ACPC			DSIStudio	autotrackgqi
Commissure_AnteriorCommissure	ngperp	TORTOISE_model-MAPMRI	/scratch/executivefunction/SLURM_8364170_16/job-8364170-16-sub-20214-ses-1/ds/inputs/data/qsiprep/qsiprep/sub-20214/ses-1/dwi/sub-20214_ses-1_space-ACPC_desc-preproc_dwi.nii.gz	0.0	0.2384084463119506	0.0748772025108337	0.2398683428764343	0.2384084463119506	0.2398683428764343	0.0748772025108337	0.251766562461853	0.2517665922641754	sub-20214	ses-1				space-ACPC			DSIStudio	autotrackgqi
Commissure_AnteriorCommissure	pa	TORTOISE_model-MAPMRI	/scratch/executivefunction/SLURM_8364170_16/job-8364170-16-sub-20214-ses-1/ds/inputs/data/qsiprep/qsiprep/sub-20214/ses-1/dwi/sub-20214_ses-1_space-ACPC_desc-preproc_dwi.nii.gz	0.0	0.6554712057113647	0.2338425815105438	0.7101732492446899	0.6554712057113647	0.7101732492446899	0.2338425815105438	0.6982908248901367	0.6982908248901367	sub-20214	ses-1				space-ACPC			DSIStudio	autotrackgqi
Commissure_AnteriorCommissure	path	TORTOISE_model-MAPMRI	/scratch/executivefunction/SLURM_8364170_16/job-8364170-16-sub-20214-ses-1/ds/inputs/data/qsiprep/qsiprep/sub-20214/ses-1/dwi/sub-20214_ses-1_space-ACPC_desc-preproc_dwi.nii.gz	0.0	0.2566148936748504	0.1051025167107582	0.2497695535421371	0.2566148936748504	0.2497695535421371	0.1051025167107582	0.2747766077518463	0.2747766375541687	sub-20214	ses-1				space-ACPC			DSIStudio	autotrackgqi
Commissure_AnteriorCommissure	rd	TORTOISE_model-MAPMRI	/scratch/executivefunction/SLURM_8364170_16/job-8364170-16-sub-20214-ses-1/ds/inputs/data/qsiprep/qsiprep/sub-20214/ses-1/dwi/sub-20214_ses-1_space-ACPC_desc-preproc_dwi.nii.gz	0.0	760.2615458126471	303.0710024163211	687.0822565959398	760.2615458126471	687.0822565959398	303.0710024163211	757.8164245672865	757.8164917538182	sub-20214	ses-1				space-ACPC			DSIStudio	autotrackgqi
Commissure_AnteriorCommissure	rtap	TORTOISE_model-MAPMRI	/scratch/executivefunction/SLURM_8364170_16/job-8364170-16-sub-20214-ses-1/ds/inputs/data/qsiprep/qsiprep/sub-20214/ses-1/dwi/sub-20214_ses-1_space-ACPC_desc-preproc_dwi.nii.gz	0.0	0.0103758899495005	0.0041618309915065	0.0096348542720079	0.0103758899495005	0.0096348542720079	0.0041618309915065	0.0106215719133615	0.0106215737760066	sub-20214	ses-1				space-ACPC			DSIStudio	autotrackgqi
Commissure_AnteriorCommissure	rtop	TORTOISE_model-MAPMRI	/scratch/executivefunction/SLURM_8364170_16/job-8364170-16-sub-20214-ses-1/ds/inputs/data/qsiprep/qsiprep/sub-20214/ses-1/dwi/sub-20214_ses-1_space-ACPC_desc-preproc_dwi.nii.gz	0.0	0.0001931929873535	7.107187411747873e-05	0.0001907040714286	0.0001931929873535	0.0001907040714286	7.107187411747873e-05	0.0001939330541063	0.0001939330832101	sub-20214	ses-1				space-ACPC			DSIStudio	autotrackgqi
Commissure_AnteriorCommissure	rtpp	TORTOISE_model-MAPMRI	/scratch/executivefunction/SLURM_8364170_16/job-8364170-16-sub-20214-ses-1/ds/inputs/data/qsiprep/qsiprep/sub-20214/ses-1/dwi/sub-20214_ses-1_space-ACPC_desc-preproc_dwi.nii.gz	0.0	0.0418353714048862	0.0053698341362178	0.0424958691000938	0.0418353714048862	0.0424958691000938	0.0053698341362178	0.0409451015293598	0.0409451052546501	sub-20214	ses-1				space-ACPC			DSIStudio	autotrackgqi
Commissure_CorpusCallosum	ad	TORTOISE_model-MAPMRI	/scratch/executivefunction/SLURM_8364170_16/job-8364170-16-sub-20214-ses-1/ds/inputs/data/qsiprep/qsiprep/sub-20214/ses-1/dwi/sub-20214_ses-1_space-ACPC_desc-preproc_dwi.nii.gz	0.0004472860262583	1293.604335033541	474.43241487183855	1152.4166527222628	1294.183205096599	1152.502981381615	473.74853592814026	1425.2624659687683	1425.3049432561977	sub-20214	ses-1				space-ACPC			DSIStudio	autotrackgqi
Commissure_CorpusCallosum	am	TORTOISE_model-MAPMRI	/scratch/executivefunction/SLURM_8364170_16/job-8364170-16-sub-20214-ses-1/ds/inputs/data/qsiprep/qsiprep/sub-20214/ses-1/dwi/sub-20214_ses-1_space-ACPC_desc-preproc_dwi.nii.gz	0.0004472860262583	718.1846923828125	286.6606140136719	639.3106079101562	718.506103515625	639.4193115234375	286.3218078613281	593.651611328125	593.6693115234375	sub-20214	ses-1				space-ACPC			DSIStudio	autotrackgqi
Commissure_CorpusCallosum	fa	TORTOISE_model-MAPMRI	/scratch/executivefunction/SLURM_8364170_16/job-8364170-16-sub-20214-ses-1/ds/inputs/data/qsiprep/qsiprep/sub-20214/ses-1/dwi/sub-20214_ses-1_space-ACPC_desc-preproc_dwi.nii.gz	0.0004472860262583	0.334339699142159	0.2141522267248236	0.3005394780436944	0.3344893115371424	0.3006618650640368	0.2140832891815338	0.484470258884756	0.4844846976607852	sub-20214	ses-1				space-ACPC			DSIStudio	autotrackgqi
Commissure_CorpusCallosum	li	TORTOISE_model-MAPMRI	/scratch/executivefunction/SLURM_8364170_16/job-8364170-16-sub-20214-ses-1/ds/inputs/data/qsiprep/qsiprep/sub-20214/ses-1/dwi/sub-20214_ses-1_space-ACPC_desc-preproc_dwi.nii.gz	0.0004472860262583	0.2091927230358123	0.1786041259765625	0.1563679575920105	0.2092863321304321	0.1564202457666397	0.1785892397165298	0.3414022922515869	0.3414124846458435	sub-20214	ses-1				space-ACPC			DSIStudio	autotrackgqi
Commissure_CorpusCallosum	ng	TORTOISE_model-MAPMRI	/scratch/executivefunction/SLURM_8364170_16/job-8364170-16-sub-20214-ses-1/ds/inputs/data/qsiprep/qsiprep/sub-20214/ses-1/dwi/sub-20214_ses-1_space-ACPC_desc-preproc_dwi.nii.gz	0.0004472860262583	0.2742581367492676	0.091663509607315	0.2795222699642181	0.2743808627128601	0.2795931100845337	0.091500200331211	0.3351601064205169	0.3351701200008392	sub-20214	ses-1				space-ACPC			DSIStudio	autotrackgqi
Commissure_CorpusCallosum	ngpar	TORTOISE_model-MAPMRI	/scratch/executivefunction/SLURM_8364170_16/job-8364170-16-sub-20214-ses-1/ds/inputs/data/qsiprep/qsiprep/sub-20214/ses-1/dwi/sub-20214_ses-1_space-ACPC_desc-preproc_dwi.nii.gz	0.0004472860262583	0.1251715570688247	0.0363889746367931	0.1220000982284545	0.1252275705337524	0.1220283508300781	0.0363006293773651	0.1290530264377594	0.1290568858385086	sub-20214	ses-1				space-ACPC			DSIStudio	autotrackgqi
Commissure_CorpusCallosum	ngperp	TORTOISE_model-MAPMRI	/scratch/executivefunction/SLURM_8364170_16/job-8364170-16-sub-20214-ses-1/ds/inputs/data/qsiprep/qsiprep/sub-20214/ses-1/dwi/sub-20214_ses-1_space-ACPC_desc-preproc_dwi.nii.gz	0.0004472860262583	0.2397602647542953	0.0809975937008857	0.2403893321752548	0.239867553114891	0.2404455989599228	0.0808567255735397	0.2943867743015289	0.2943955361843109	sub-20214	ses-1				space-ACPC			DSIStudio	autotrackgqi
Commissure_CorpusCallosum	pa	TORTOISE_model-MAPMRI	/scratch/executivefunction/SLURM_8364170_16/job-8364170-16-sub-20214-ses-1/ds/inputs/data/qsiprep/qsiprep/sub-20214/ses-1/dwi/sub-20214_ses-1_space-ACPC_desc-preproc_dwi.nii.gz	0.0004472860262583	0.616223931312561	0.2786132991313934	0.6682088375091553	0.616499662399292	0.6685122847557068	0.2783704400062561	0.8092824220657349	0.8093065619468689	sub-20214	ses-1				space-ACPC			DSIStudio	autotrackgqi
Commissure_CorpusCallosum	path	TORTOISE_model-MAPMRI	/scratch/executivefunction/SLURM_8364170_16/job-8364170-16-sub-20214-ses-1/ds/inputs/data/qsiprep/qsiprep/sub-20214/ses-1/dwi/sub-20214_ses-1_space-ACPC_desc-preproc_dwi.nii.gz	0.0004472860262583	0.2553755640983581	0.1354137808084488	0.2326682358980178	0.2554898560047149	0.232785552740097	0.1353362500667572	0.3544085919857025	0.3544191420078277	sub-20214	ses-1				space-ACPC			DSIStudio	autotrackgqi
Commissure_CorpusCallosum	rd	TORTOISE_model-MAPMRI	/scratch/executivefunction/SLURM_8364170_16/job-8364170-16-sub-20214-ses-1/ds/inputs/data/qsiprep/qsiprep/sub-20214/ses-1/dwi/sub-20214_ses-1_space-ACPC_desc-preproc_dwi.nii.gz	0.0004472860262583	783.7169037373164	444.3556120621336	664.7985979308914	784.067606221221	664.8865467832352	444.1455758139469	639.2516533364625	639.2707050427354	sub-20214	ses-1				space-ACPC			DSIStudio	autotrackgqi
Commissure_CorpusCallosum	rtap	TORTOISE_model-MAPMRI	/scratch/executivefunction/SLURM_8364170_16/job-8364170-16-sub-20214-ses-1/ds/inputs/data/qsiprep/qsiprep/sub-20214/ses-1/dwi/sub-20214_ses-1_space-ACPC_desc-preproc_dwi.nii.gz	0.0009998158234009	0.0115475058555603	0.0070503246970474	0.0100169833749532	0.0115590626373887	0.0100264614447951	0.0070443763397634	0.0155466077849268	0.0155934281647205	sub-20214	ses-1				space-ACPC			DSIStudio	autotrackgqi
Commissure_CorpusCallosum	rtop	TORTOISE_model-MAPMRI	/scratch/executivefunction/SLURM_8364170_16/job-8364170-16-sub-20214-ses-1/ds/inputs/data/qsiprep/qsiprep/sub-20214/ses-1/dwi/sub-20214_ses-1_space-ACPC_desc-preproc_dwi.nii.gz	0.0009998158234009	0.0002181771124014	0.0001173049095086	0.0002044255379587	0.0002183954638894	0.0002045898436335	0.0001171602634713	0.0002792118466459	0.0002800526854116	sub-20214	ses-1				space-ACPC			DSIStudio	autotrackgqi
Commissure_CorpusCallosum	rtpp	TORTOISE_model-MAPMRI	/scratch/executivefunction/SLURM_8364170_16/job-8364170-16-sub-20214-ses-1/ds/inputs/data/qsiprep/qsiprep/sub-20214/ses-1/dwi/sub-20214_ses-1_space-ACPC_desc-preproc_dwi.nii.gz	0.0004472860262583	0.0428374484181404	0.0065219230018556	0.0443034656345844	0.0428566187620162	0.0443075373768806	0.006460107397288	0.0409535281360149	0.0409547463059425	sub-20214	ses-1				space-ACPC			DSIStudio	autotrackgqi
Cerebellum_InferiorCerebellarPeduncleR	ad	TORTOISE_model-MAPMRI	/scratch/executivefunction/SLURM_8364170_16/job-8364170-16-sub-20214-ses-1/ds/inputs/data/qsiprep/qsiprep/sub-20214/ses-1/dwi/sub-20214_ses-1_space-ACPC_desc-preproc_dwi.nii.gz	0.0	1411.598025187058	808.378692002829	1059.7982922434358	1411.598025187058	1059.7982922434358	808.378692002829	1265.2303590445383	1265.2303590445383	sub-20214	ses-1				space-ACPC			DSIStudio	autotrackgqi
Cerebellum_InferiorCerebellarPeduncleR	am	TORTOISE_model-MAPMRI	/scratch/executivefunction/SLURM_8364170_16/job-8364170-16-sub-20214-ses-1/ds/inputs/data/qsiprep/qsiprep/sub-20214/ses-1/dwi/sub-20214_ses-1_space-ACPC_desc-preproc_dwi.nii.gz	0.0	822.2837524414062	331.2587585449219	732.0646362304688	822.2837524414062	732.0646362304688	331.2587585449219	802.968994140625	802.968994140625	sub-20214	ses-1				space-ACPC			DSIStudio	autotrackgqi
Cerebellum_InferiorCerebellarPeduncleR	fa	TORTOISE_model-MAPMRI	/scratch/executivefunction/SLURM_8364170_16/job-8364170-16-sub-20214-ses-1/ds/inputs/data/qsiprep/qsiprep/sub-20214/ses-1/dwi/sub-20214_ses-1_space-ACPC_desc-preproc_dwi.nii.gz	0.0	0.300293716158624	0.1512455597565783	0.2685525410688819	0.300293716158624	0.2685525410688819	0.1512455597565783	0.333646946428307	0.333646946428307	sub-20214	ses-1				space-ACPC			DSIStudio	autotrackgqi
Cerebellum_InferiorCerebellarPeduncleR	li	TORTOISE_model-MAPMRI	/scratch/executivefunction/SLURM_8364170_16/job-8364170-16-sub-20214-ses-1/ds/inputs/data/qsiprep/qsiprep/sub-20214/ses-1/dwi/sub-20214_ses-1_space-ACPC_desc-preproc_dwi.nii.gz	0.0	0.173297181725502	0.1079165786504745	0.1483456194400787	0.173297181725502	0.1483456194400787	0.1079165786504745	0.1967579871416092	0.1967579871416092	sub-20214	ses-1				space-ACPC			DSIStudio	autotrackgqi
Cerebellum_InferiorCerebellarPeduncleR	ng	TORTOISE_model-MAPMRI	/scratch/executivefunction/SLURM_8364170_16/job-8364170-16-sub-20214-ses-1/ds/inputs/data/qsiprep/qsiprep/sub-20214/ses-1/dwi/sub-20214_ses-1_space-ACPC_desc-preproc_dwi.nii.gz	0.0	0.3395715951919555	0.0798859000205993	0.3349336683750152	0.3395715951919555	0.3349336683750152	0.0798859000205993	0.3444557785987854	0.3444557785987854	sub-20214	ses-1				space-ACPC			DSIStudio	autotrackgqi
Cerebellum_InferiorCerebellarPeduncleR	ngpar	TORTOISE_model-MAPMRI	/scratch/executivefunction/SLURM_8364170_16/job-8364170-16-sub-20214-ses-1/ds/inputs/data/qsiprep/qsiprep/sub-20214/ses-1/dwi/sub-20214_ses-1_space-ACPC_desc-preproc_dwi.nii.gz	0.0	0.1754356622695922	0.0442201010882854	0.1722342520952224	0.1754356622695922	0.1722342520952224	0.0442201010882854	0.1782939732074737	0.1782939732074737	sub-20214	ses-1				space-ACPC			DSIStudio	autotrackgqi
Cerebellum_InferiorCerebellarPeduncleR	ngperp	TORTOISE_model-MAPMRI	/scratch/executivefunction/SLURM_8364170_16/job-8364170-16-sub-20214-ses-1/ds/inputs/data/qsiprep/qsiprep/sub-20214/ses-1/dwi/sub-20214_ses-1_space-ACPC_desc-preproc_dwi.nii.gz	0.0	0.2767923474311828	0.0715875178575515	0.2723632156848907	0.2767923474311828	0.2723632156848907	0.0715875178575515	0.2804857492446899	0.2804857492446899	sub-20214	ses-1				space-ACPC			DSIStudio	autotrackgqi
Cerebellum_InferiorCerebellarPeduncleR	pa	TORTOISE_model-MAPMRI	/scratch/executivefunction/SLURM_8364170_16/job-8364170-16-sub-20214-ses-1/ds/inputs/data/qsiprep/qsiprep/sub-20214/ses-1/dwi/sub-20214_ses-1_space-ACPC_desc-preproc_dwi.nii.gz	0.0	0.6571506857872009	0.1759701371192932	0.6640480160713196	0.6571506857872009	0.6640480160713196	0.1759701371192932	0.6886811256408691	0.6886811256408691	sub-20214	ses-1				space-ACPC			DSIStudio	autotrackgqi
Cerebellum_InferiorCerebellarPeduncleR	path	TORTOISE_model-MAPMRI	/scratch/executivefunction/SLURM_8364170_16/job-8364170-16-sub-20214-ses-1/ds/inputs/data/qsiprep/qsiprep/sub-20214/ses-1/dwi/sub-20214_ses-1_space-ACPC_desc-preproc_dwi.nii.gz	0.0	0.2466423213481903	0.0832666307687759	0.2310679256916046	0.2466423213481903	0.2310679256916046	0.0832666307687759	0.2600608468055725	0.2600608468055725	sub-20214	ses-1				space-ACPC			DSIStudio	autotrackgqi
Cerebellum_InferiorCerebellarPeduncleR	rd	TORTOISE_model-MAPMRI	/scratch/executivefunction/SLURM_8364170_16/job-8364170-16-sub-20214-ses-1/ds/inputs/data/qsiprep/qsiprep/sub-20214/ses-1/dwi/sub-20214_ses-1_space-ACPC_desc-preproc_dwi.nii.gz	0.0	938.492735440813	696.3410923610757	638.6691642435276	938.492735440813	638.6691642435276	696.3410923610757	786.9975928826407	786.9975928826407	sub-20214	ses-1				space-ACPC			DSIStudio	autotrackgqi
Cerebellum_InferiorCerebellarPeduncleR	rtap	TORTOISE_model-MAPMRI	/scratch/executivefunction/SLURM_8364170_16/job-8364170-16-sub-20214-ses-1/ds/inputs/data/qsiprep/qsiprep/sub-20214/ses-1/dwi/sub-20214_ses-1_space-ACPC_desc-preproc_dwi.nii.gz	0.0	0.0104183312505483	0.0051797805353999	0.0106143420562148	0.0104183312505483	0.0106143420562148	0.0051797805353999	0.0116790328174829	0.0116790328174829	sub-20214	ses-1				space-ACPC			DSIStudio	autotrackgqi
Cerebellum_InferiorCerebellarPeduncleR	rtop	TORTOISE_model-MAPMRI	/scratch/executivefunction/SLURM_8364170_16/job-8364170-16-sub-20214-ses-1/ds/inputs/data/qsiprep/qsiprep/sub-20214/ses-1/dwi/sub-20214_ses-1_space-ACPC_desc-preproc_dwi.nii.gz	0.0	0.0002248279051855	0.0001191279225167	0.0002396954077994	0.0002248279051855	0.0002396954077994	0.0001191279225167	0.0002524809096939	0.0002524809096939	sub-20214	ses-1				space-ACPC			DSIStudio	autotrackgqi
Cerebellum_InferiorCerebellarPeduncleR	rtpp	TORTOISE_model-MAPMRI	/scratch/executivefunction/SLURM_8364170_16/job-8364170-16-sub-20214-ses-1/ds/inputs/data/qsiprep/qsiprep/sub-20214/ses-1/dwi/sub-20214_ses-1_space-ACPC_desc-preproc_dwi.nii.gz	0.0	0.0436347872018814	0.0104605164378881	0.047490194439888	0.0436347872018814	0.047490194439888	0.0104605164378881	0.0452180355787277	0.0452180355787277	sub-20214	ses-1				space-ACPC			DSIStudio	autotrackgqi
Cerebellum_Vermis	ad	TORTOISE_model-MAPMRI	/scratch/executivefunction/SLURM_8364170_16/job-8364170-16-sub-20214-ses-1/ds/inputs/data/qsiprep/qsiprep/sub-20214/ses-1/dwi/sub-20214_ses-1_space-ACPC_desc-preproc_dwi.nii.gz	0.0232861400894187	1024.4335465464233	410.6539488862821	935.9616291990424	1048.8573865842457	941.8772423646224	383.4580291296645	1007.8424886509108	1014.8330523967876	sub-20214	ses-1				space-ACPC			DSIStudio	autotrackgqi
Cerebellum_Vermis	am	TORTOISE_model-MAPMRI	/scratch/executivefunction/SLURM_8364170_16/job-8364170-16-sub-20214-ses-1/ds/inputs/data/qsiprep/qsiprep/sub-20214/ses-1/dwi/sub-20214_ses-1_space-ACPC_desc-preproc_dwi.nii.gz	0.0232861400894187	776.1514892578125	295.57379150390625	752.49853515625	794.6559448242188	757.1113891601562	273.3899230957031	791.2642822265625	796.7526245117188	sub-20214	ses-1				space-ACPC			DSIStudio	autotrackgqi
Cerebellum_Vermis	fa	TORTOISE_model-MAPMRI	/scratch/executivefunction/SLURM_8364170_16/job-8364170-16-sub-20214-ses-1/ds/inputs/data/qsiprep/qsiprep/sub-20214/ses-1/dwi/sub-20214_ses-1_space-ACPC_desc-preproc_dwi.nii.gz	0.0232861400894187	0.2278559901902196	0.08962029027035	0.2233276921953015	0.2332883759948691	0.2250121352295714	0.0834024731790078	0.2213824046510835	0.2229179499838834	sub-20214	ses-1				space-ACPC			DSIStudio	autotrackgqi
Cerebellum_Vermis	li	TORTOISE_model-MAPMRI	/scratch/executivefunction/SLURM_8364170_16/job-8364170-16-sub-20214-ses-1/ds/inputs/data/qsiprep/qsiprep/sub-20214/ses-1/dwi/sub-20214_ses-1_space-ACPC_desc-preproc_dwi.nii.gz	0.0232861400894187	0.1239493638277053	0.0554471649229526	0.1223695054650306	0.1269044727087021	0.1235279664397239	0.0526561290025711	0.1216245144605636	0.1224681138992309	sub-20214	ses-1				space-ACPC			DSIStudio	autotrackgqi
Cerebellum_Vermis	ng	TORTOISE_model-MAPMRI	/scratch/executivefunction/SLURM_8364170_16/job-8364170-16-sub-20214-ses-1/ds/inputs/data/qsiprep/qsiprep/sub-20214/ses-1/dwi/sub-20214_ses-1_space-ACPC_desc-preproc_dwi.nii.gz	0.0232861400894187	0.2861126959323883	0.0737518593668937	0.2767976224422455	0.2929340004920959	0.2777236998081207	0.0597563832998275	0.27988401055336	0.281825304031372	sub-20214	ses-1				space-ACPC			DSIStudio	autotrackgqi
Cerebellum_Vermis	ngpar	TORTOISE_model-MAPMRI	/scratch/executivefunction/SLURM_8364170_16/job-8364170-16-sub-20214-ses-1/ds/inputs/data/qsiprep/qsiprep/sub-20214/ses-1/dwi/sub-20214_ses-1_space-ACPC_desc-preproc_dwi.nii.gz	0.0232861400894187	0.1706318706274032	0.0447370000183582	0.1664726734161377	0.1746999472379684	0.1671524792909622	0.0365844294428825	0.1671653687953949	0.1683248579502105	sub-20214	ses-1				space-ACPC			DSIStudio	autotrackgqi
Cerebellum_Vermis	ngperp	TORTOISE_model-MAPMRI	/scratch/executivefunction/SLURM_8364170_16/job-8364170-16-sub-20214-ses-1/ds/inputs/data/qsiprep/qsiprep/sub-20214/ses-1/dwi/sub-20214_ses-1_space-ACPC_desc-preproc_dwi.nii.gz	0.0232861400894187	0.2297078073024749	0.0584783628582954	0.2261718809604644	0.2351843416690826	0.2270422726869583	0.0470452383160591	0.2289357632398605	0.2305237054824829	sub-20214	ses-1				space-ACPC			DSIStudio	autotrackgqi
Cerebellum_Vermis	pa	TORTOISE_model-MAPMRI	/scratch/executivefunction/SLURM_8364170_16/job-8364170-16-sub-20214-ses-1/ds/inputs/data/qsiprep/qsiprep/sub-20214/ses-1/dwi/sub-20214_ses-1_space-ACPC_desc-preproc_dwi.nii.gz	0.0232861400894187	0.4984157383441925	0.1357881277799606	0.4828559160232544	0.5102986097335815	0.4849200844764709	0.1131997779011726	0.4844347536563873	0.4877948760986328	sub-20214	ses-1				space-ACPC			DSIStudio	autotrackgqi
Cerebellum_Vermis	path	TORTOISE_model-MAPMRI	/scratch/executivefunction/SLURM_8364170_16/job-8364170-16-sub-20214-ses-1/ds/inputs/data/qsiprep/qsiprep/sub-20214/ses-1/dwi/sub-20214_ses-1_space-ACPC_desc-preproc_dwi.nii.gz	0.0232861400894187	0.1793774515390396	0.0513619668781757	0.1717670559883117	0.1836540549993515	0.1723659932613372	0.0437667965888977	0.1736226677894592	0.1748269498348236	sub-20214	ses-1				space-ACPC			DSIStudio	autotrackgqi
Cerebellum_Vermis	rd	TORTOISE_model-MAPMRI	/scratch/executivefunction/SLURM_8364170_16/job-8364170-16-sub-20214-ses-1/ds/inputs/data/qsiprep/qsiprep/sub-20214/ses-1/dwi/sub-20214_ses-1_space-ACPC_desc-preproc_dwi.nii.gz	0.0232861400894187	726.0965402322994	344.6989643623665	641.371186204861	743.4076345540689	645.4886980941219	329.8195544703844	716.5591874098272	721.5293614971299	sub-20214	ses-1				space-ACPC			DSIStudio	autotrackgqi
Cerebellum_Vermis	rtap	TORTOISE_model-MAPMRI	/scratch/executivefunction/SLURM_8364170_16/job-8364170-16-sub-20214-ses-1/ds/inputs/data/qsiprep/qsiprep/sub-20214/ses-1/dwi/sub-20214_ses-1_space-ACPC_desc-preproc_dwi.nii.gz	0.0232861400894187	0.0096766175702214	0.0029747784137725	0.0102214403450489	0.0099073210731148	0.0102625507861375	0.0026028130669146	0.0096657220274209	0.0097327642142772	sub-20214	ses-1				space-ACPC			DSIStudio	autotrackgqi
Cerebellum_Vermis	rtop	TORTOISE_model-MAPMRI	/scratch/executivefunction/SLURM_8364170_16/job-8364170-16-sub-20214-ses-1/ds/inputs/data/qsiprep/qsiprep/sub-20214/ses-1/dwi/sub-20214_ses-1_space-ACPC_desc-preproc_dwi.nii.gz	0.0232861400894187	0.0002208464866271	7.377258589258417e-05	0.0002349795104237	0.0002261117624584	0.0002362667437409	6.619371561100706e-05	0.0002189680817537	0.000220486879698	sub-20214	ses-1				space-ACPC			DSIStudio	autotrackgqi
Cerebellum_Vermis	rtpp	TORTOISE_model-MAPMRI	/scratch/executivefunction/SLURM_8364170_16/job-8364170-16-sub-20214-ses-1/ds/inputs/data/qsiprep/qsiprep/sub-20214/ses-1/dwi/sub-20214_ses-1_space-ACPC_desc-preproc_dwi.nii.gz	0.0232861400894187	0.0477432198822498	0.0097665693610906	0.0503954738378524	0.0488814823329448	0.0505014695227146	0.0064822928979992	0.0486010462045669	0.048938151448965	sub-20214	ses-1				space-ACPC			DSIStudio	autotrackgqi
Cerebellum_CerebellumR	ad	TORTOISE_model-MAPMRI	/scratch/executivefunction/SLURM_8364170_16/job-8364170-16-sub-20214-ses-1/ds/inputs/data/qsiprep/qsiprep/sub-20214/ses-1/dwi/sub-20214_ses-1_space-ACPC_desc-preproc_dwi.nii.gz	0.0078920570264765	1074.2712088885048	408.2502079914737	959.6231213066932	1082.8168613071714	961.7439764557612	398.42273331918096	1056.9844295714206	1059.4798634332724	sub-20214	ses-1				space-ACPC			DSIStudio	autotrackgqi
Cerebellum_CerebellumR	am	TORTOISE_model-MAPMRI	/scratch/executivefunction/SLURM_8364170_16/job-8364170-16-sub-20214-ses-1/ds/inputs/data/qsiprep/qsiprep/sub-20214/ses-1/dwi/sub-20214_ses-1_space-ACPC_desc-preproc_dwi.nii.gz	0.0078920570264765	899.6408081054688	356.5927734375	850.8055419921875	906.7973022460938	852.25390625	348.82720947265625	988.1286010742188	990.46142578125	sub-20214	ses-1				space-ACPC			DSIStudio	autotrackgqi
Cerebellum_CerebellumR	fa	TORTOISE_model-MAPMRI	/scratch/executivefunction/SLURM_8364170_16/job-8364170-16-sub-20214-ses-1/ds/inputs/data/qsiprep/qsiprep/sub-20214/ses-1/dwi/sub-20214_ses-1_space-ACPC_desc-preproc_dwi.nii.gz	0.0078920570264765	0.2402691629337186	0.1161697322955141	0.2179405773175994	0.2421804649739919	0.2186246827877812	0.1146293175679022	0.2344972999135868	0.2350509244503894	sub-20214	ses-1				space-ACPC			DSIStudio	autotrackgqi
Cerebellum_CerebellumR	li	TORTOISE_model-MAPMRI	/scratch/executivefunction/SLURM_8364170_16/job-8364170-16-sub-20214-ses-1/ds/inputs/data/qsiprep/qsiprep/sub-20214/ses-1/dwi/sub-20214_ses-1_space-ACPC_desc-preproc_dwi.nii.gz	0.0078920570264765	0.1387782841920852	0.086151085793972	0.1222692877054214	0.1398822367191314	0.1227929592132568	0.0855957120656967	0.1351451575756073	0.1354642361402511	sub-20214	ses-1				space-ACPC			DSIStudio	autotrackgqi
Cerebellum_CerebellumR	ng	TORTOISE_model-MAPMRI	/scratch/executivefunction/SLURM_8364170_16/job-8364170-16-sub-20214-ses-1/ds/inputs/data/qsiprep/qsiprep/sub-20214/ses-1/dwi/sub-20214_ses-1_space-ACPC_desc-preproc_dwi.nii.gz	0.0078920570264765	0.2987301647663116	0.0671352669596672	0.2857504487037658	0.3011065125465393	0.2862270474433899	0.061866495758295	0.295735090970993	0.2964332699775696	sub-20214	ses-1				space-ACPC			DSIStudio	autotrackgqi
Cerebellum_CerebellumR	ngpar	TORTOISE_model-MAPMRI	/scratch/executivefunction/SLURM_8364170_16/job-8364170-16-sub-20214-ses-1/ds/inputs/data/qsiprep/qsiprep/sub-20214/ses-1/dwi/sub-20214_ses-1_space-ACPC_desc-preproc_dwi.nii.gz	0.0078920570264765	0.1778913736343383	0.0494454465806484	0.1664000153541565	0.1793064773082733	0.1666035205125808	0.0470166429877281	0.1775019913911819	0.1779210716485977	sub-20214	ses-1				space-ACPC			DSIStudio	autotrackgqi
Cerebellum_CerebellumR	ngperp	TORTOISE_model-MAPMRI	/scratch/executivefunction/SLURM_8364170_16/job-8364170-16-sub-20214-ses-1/ds/inputs/data/qsiprep/qsiprep/sub-20214/ses-1/dwi/sub-20214_ses-1_space-ACPC_desc-preproc_dwi.nii.gz	0.0078920570264765	0.2384700328111648	0.0527358949184417	0.232242465019226	0.2403670102357864	0.232557862997055	0.0484481528401374	0.2373341619968414	0.2378944903612136	sub-20214	ses-1				space-ACPC			DSIStudio	autotrackgqi
Cerebellum_CerebellumR	pa	TORTOISE_model-MAPMRI	/scratch/executivefunction/SLURM_8364170_16/job-8364170-16-sub-20214-ses-1/ds/inputs/data/qsiprep/qsiprep/sub-20214/ses-1/dwi/sub-20214_ses-1_space-ACPC_desc-preproc_dwi.nii.gz	0.0078920570264765	0.522699236869812	0.1413245797157287	0.4907647371292114	0.5268571972846985	0.4914668202400207	0.1339434534311294	0.513148307800293	0.5143598318099976	sub-20214	ses-1				space-ACPC			DSIStudio	autotrackgqi
Cerebellum_CerebellumR	path	TORTOISE_model-MAPMRI	/scratch/executivefunction/SLURM_8364170_16/job-8364170-16-sub-20214-ses-1/ds/inputs/data/qsiprep/qsiprep/sub-20214/ses-1/dwi/sub-20214_ses-1_space-ACPC_desc-preproc_dwi.nii.gz	0.0078920570264765	0.1909044235944748	0.0643250644207	0.1740680038928985	0.1924230307340622	0.1742730885744094	0.0622768998146057	0.1864522993564605	0.1868925094604492	sub-20214	ses-1				space-ACPC			DSIStudio	autotrackgqi
Cerebellum_CerebellumR	rd	TORTOISE_model-MAPMRI	/scratch/executivefunction/SLURM_8364170_16/job-8364170-16-sub-20214-ses-1/ds/inputs/data/qsiprep/qsiprep/sub-20214/ses-1/dwi/sub-20214_ses-1_space-ACPC_desc-preproc_dwi.nii.gz	0.0078920570264765	750.3457390836659	337.1304309747606	656.4952056961383	756.3146171723478	657.5889431306753	331.7328745856964	744.1591250058405	745.9160097886879	sub-20214	ses-1				space-ACPC			DSIStudio	autotrackgqi
Cerebellum_CerebellumR	rtap	TORTOISE_model-MAPMRI	/scratch/executivefunction/SLURM_8364170_16/job-8364170-16-sub-20214-ses-1/ds/inputs/data/qsiprep/qsiprep/sub-20214/ses-1/dwi/sub-20214_ses-1_space-ACPC_desc-preproc_dwi.nii.gz	0.0081466395112016	0.0098829288035631	0.0036703767254948	0.0100065087899565	0.0099641028791666	0.0100299566984176	0.0035740018356591	0.0097749792039394	0.0097995353862643	sub-20214	ses-1				space-ACPC			DSIStudio	autotrackgqi
Cerebellum_CerebellumR	rtop	TORTOISE_model-MAPMRI	/scratch/executivefunction/SLURM_8364170_16/job-8364170-16-sub-20214-ses-1/ds/inputs/data/qsiprep/qsiprep/sub-20214/ses-1/dwi/sub-20214_ses-1_space-ACPC_desc-preproc_dwi.nii.gz	0.0081466395112016	0.0002227787626907	8.257795707322657e-05	0.0002306966925971	0.0002246085641672	0.0002312493597855	8.039985550567508e-05	0.000220023386646	0.0002205761120421	sub-20214	ses-1				space-ACPC			DSIStudio	autotrackgqi
Cerebellum_CerebellumR	rtpp	TORTOISE_model-MAPMRI	/scratch/executivefunction/SLURM_8364170_16/job-8364170-16-sub-20214-ses-1/ds/inputs/data/qsiprep/qsiprep/sub-20214/ses-1/dwi/sub-20214_ses-1_space-ACPC_desc-preproc_dwi.nii.gz	0.0078920570264765	0.0478048473596572	0.007867801003158	0.0498789176344871	0.0481851249933242	0.049918383359909	0.0066385902464389	0.0481592342257499	0.0482729375362396	sub-20214	ses-1				space-ACPC			DSIStudio	autotrackgqi
Cerebellum_CerebellumL	ad	TORTOISE_model-MAPMRI	/scratch/executivefunction/SLURM_8364170_16/job-8364170-16-sub-20214-ses-1/ds/inputs/data/qsiprep/qsiprep/sub-20214/ses-1/dwi/sub-20214_ses-1_space-ACPC_desc-preproc_dwi.nii.gz	0.0279316156994943	997.0319888198636	321.3149820627182	938.9177930709442	1025.6809139382942	944.3421188156036	277.1737307599871	1003.2331208362026	1013.6898144688956	sub-20214	ses-1				space-ACPC			DSIStudio	autotrackgqi
Cerebellum_CerebellumL	am	TORTOISE_model-MAPMRI	/scratch/executivefunction/SLURM_8364170_16/job-8364170-16-sub-20214-ses-1/ds/inputs/data/qsiprep/qsiprep/sub-20214/ses-1/dwi/sub-20214_ses-1_space-ACPC_desc-preproc_dwi.nii.gz	0.0279316156994943	865.579833984375	351.7179870605469	834.22265625	890.4515991210938	841.47021484375	324.21142578125	983.4800415039062	993.7308959960938	sub-20214	ses-1				space-ACPC			DSIStudio	autotrackgqi
Cerebellum_CerebellumL	fa	TORTOISE_model-MAPMRI	/scratch/executivefunction/SLURM_8364170_16/job-8364170-16-sub-20214-ses-1/ds/inputs/data/qsiprep/qsiprep/sub-20214/ses-1/dwi/sub-20214_ses-1_space-ACPC_desc-preproc_dwi.nii.gz	0.0279316156994943	0.2135465655598294	0.1041169921071267	0.1989791897738097	0.2196826571141867	0.200955789366592	0.0990143624440167	0.209234475879614	0.2114153256856528	sub-20214	ses-1				space-ACPC			DSIStudio	autotrackgqi
Cerebellum_CerebellumL	li	TORTOISE_model-MAPMRI	/scratch/executivefunction/SLURM_8364170_16/job-8364170-16-sub-20214-ses-1/ds/inputs/data/qsiprep/qsiprep/sub-20214/ses-1/dwi/sub-20214_ses-1_space-ACPC_desc-preproc_dwi.nii.gz	0.0280520105947507	0.1201110333204269	0.0718892589211463	0.1100576967000961	0.123577632009983	0.1113129556179046	0.0699201747775077	0.1168010160326957	0.1180262267589569	sub-20214	ses-1				space-ACPC			DSIStudio	autotrackgqi
Cerebellum_CerebellumL	ng	TORTOISE_model-MAPMRI	/scratch/executivefunction/SLURM_8364170_16/job-8364170-16-sub-20214-ses-1/ds/inputs/data/qsiprep/qsiprep/sub-20214/ses-1/dwi/sub-20214_ses-1_space-ACPC_desc-preproc_dwi.nii.gz	0.0279316156994943	0.2839780151844024	0.0747069269418716	0.2804083824157715	0.2921378910541534	0.2819153964519501	0.0579455159604549	0.2893004119396209	0.2923157513141632	sub-20214	ses-1				space-ACPC			DSIStudio	autotrackgqi
Cerebellum_CerebellumL	ngpar	TORTOISE_model-MAPMRI	/scratch/executivefunction/SLURM_8364170_16/job-8364170-16-sub-20214-ses-1/ds/inputs/data/qsiprep/qsiprep/sub-20214/ses-1/dwi/sub-20214_ses-1_space-ACPC_desc-preproc_dwi.nii.gz	0.0279316156994943	0.165986880660057	0.0481216646730899	0.1617556363344192	0.170756384730339	0.1625456064939499	0.0395955964922905	0.1710808277130127	0.1728639900684356	sub-20214	ses-1				space-ACPC			DSIStudio	autotrackgqi
Cerebellum_CerebellumL	ngperp	TORTOISE_model-MAPMRI	/scratch/executivefunction/SLURM_8364170_16/job-8364170-16-sub-20214-ses-1/ds/inputs/data/qsiprep/qsiprep/sub-20214/ses-1/dwi/sub-20214_ses-1_space-ACPC_desc-preproc_dwi.nii.gz	0.0279316156994943	0.2308265566825866	0.0593497455120086	0.2312068939208984	0.2374591678380966	0.2325055599212646	0.0452617853879928	0.2351768612861633	0.2376281172037124	sub-20214	ses-1				space-ACPC			DSIStudio	autotrackgqi
Cerebellum_CerebellumL	pa	TORTOISE_model-MAPMRI	/scratch/executivefunction/SLURM_8364170_16/job-8364170-16-sub-20214-ses-1/ds/inputs/data/qsiprep/qsiprep/sub-20214/ses-1/dwi/sub-20214_ses-1_space-ACPC_desc-preproc_dwi.nii.gz	0.0279316156994943	0.489819586277008	0.148065760731697	0.4771247208118438	0.5038941502571106	0.4801337718963623	0.1243435963988304	0.4929270148277282	0.4980648159980774	sub-20214	ses-1				space-ACPC			DSIStudio	autotrackgqi
Cerebellum_CerebellumL	path	TORTOISE_model-MAPMRI	/scratch/executivefunction/SLURM_8364170_16/job-8364170-16-sub-20214-ses-1/ds/inputs/data/qsiprep/qsiprep/sub-20214/ses-1/dwi/sub-20214_ses-1_space-ACPC_desc-preproc_dwi.nii.gz	0.0279316156994943	0.1777325719594955	0.0590853840112686	0.1701098084449768	0.1828395724296569	0.1709788888692855	0.0515522398054599	0.1768572181463241	0.1787006109952926	sub-20214	ses-1				space-ACPC			DSIStudio	autotrackgqi
Cerebellum_CerebellumL	rd	TORTOISE_model-MAPMRI	/scratch/executivefunction/SLURM_8364170_16/job-8364170-16-sub-20214-ses-1/ds/inputs/data/qsiprep/qsiprep/sub-20214/ses-1/dwi/sub-20214_ses-1_space-ACPC_desc-preproc_dwi.nii.gz	0.0279316156994943	715.1548564545363	264.73232885263394	658.5415151857758	735.704265260265	663.0978013675353	238.70212334532133	728.3680953224828	735.9598722488265	sub-20214	ses-1				space-ACPC			DSIStudio	autotrackgqi
Cerebellum_CerebellumL	rtap	TORTOISE_model-MAPMRI	/scratch/executivefunction/SLURM_8364170_16/job-8364170-16-sub-20214-ses-1/ds/inputs/data/qsiprep/qsiprep/sub-20214/ses-1/dwi/sub-20214_ses-1_space-ACPC_desc-preproc_dwi.nii.gz	0.0280520105947507	0.0096350293606519	0.0061639035120606	0.0099522732198238	0.0099131120368838	0.0100124683231115	0.0060277362354099	0.0095596946775913	0.0096595082432031	sub-20214	ses-1				space-ACPC			DSIStudio	autotrackgqi
Cerebellum_CerebellumL	rtop	TORTOISE_model-MAPMRI	/scratch/executivefunction/SLURM_8364170_16/job-8364170-16-sub-20214-ses-1/ds/inputs/data/qsiprep/qsiprep/sub-20214/ses-1/dwi/sub-20214_ses-1_space-ACPC_desc-preproc_dwi.nii.gz	0.0280520105947507	0.0002186990750487	0.0001976336352527	0.0002287410461576	0.0002250110846944	0.0002304325316799	0.0001968910510186	0.000217396125663	0.000219665991608	sub-20214	ses-1				space-ACPC			DSIStudio	autotrackgqi
Cerebellum_CerebellumL	rtpp	TORTOISE_model-MAPMRI	/scratch/executivefunction/SLURM_8364170_16/job-8364170-16-sub-20214-ses-1/ds/inputs/data/qsiprep/qsiprep/sub-20214/ses-1/dwi/sub-20214_ses-1_space-ACPC_desc-preproc_dwi.nii.gz	0.0279316156994943	0.047566007822752	0.0097999386489391	0.0500673875212669	0.0489327795803546	0.0502182990312576	0.005649643484503	0.0484721362590789	0.0489773601293563	sub-20214	ses-1				space-ACPC			DSIStudio	autotrackgqi
Cerebellum_MiddleCerebellarPeduncle	ad	TORTOISE_model-MAPMRI	/scratch/executivefunction/SLURM_8364170_16/job-8364170-16-sub-20214-ses-1/ds/inputs/data/qsiprep/qsiprep/sub-20214/ses-1/dwi/sub-20214_ses-1_space-ACPC_desc-preproc_dwi.nii.gz	0.0013722440764797	1191.516679334733	598.3154105646141	993.7028050540608	1193.1539778131153	993.9240998559748	597.0927014387746	1302.4584382683288	1302.569537772191	sub-20214	ses-1				space-ACPC			DSIStudio	autotrackgqi
Cerebellum_MiddleCerebellarPeduncle	am	TORTOISE_model-MAPMRI	/scratch/executivefunction/SLURM_8364170_16/job-8364170-16-sub-20214-ses-1/ds/inputs/data/qsiprep/qsiprep/sub-20214/ses-1/dwi/sub-20214_ses-1_space-ACPC_desc-preproc_dwi.nii.gz	0.0013722440764797	843.3245849609375	346.90753173828125	787.8084106445312	844.4833984375	788.07177734375	345.7333679199219	833.7305908203125	833.8016967773438	sub-20214	ses-1				space-ACPC			DSIStudio	autotrackgqi
Cerebellum_MiddleCerebellarPeduncle	fa	TORTOISE_model-MAPMRI	/scratch/executivefunction/SLURM_8364170_16/job-8364170-16-sub-20214-ses-1/ds/inputs/data/qsiprep/qsiprep/sub-20214/ses-1/dwi/sub-20214_ses-1_space-ACPC_desc-preproc_dwi.nii.gz	0.0013722440764797	0.3087817687546355	0.1649682804129263	0.2559213562525795	0.3092060749594101	0.2562171004229029	0.1646837326074938	0.3898153919431291	0.3898486430298966	sub-20214	ses-1				space-ACPC			DSIStudio	autotrackgqi
Cerebellum_MiddleCerebellarPeduncle	li	TORTOISE_model-MAPMRI	/scratch/executivefunction/SLURM_8364170_16/job-8364170-16-sub-20214-ses-1/ds/inputs/data/qsiprep/qsiprep/sub-20214/ses-1/dwi/sub-20214_ses-1_space-ACPC_desc-preproc_dwi.nii.gz	0.0013722440764797	0.1884292960166931	0.1327575743198394	0.1437795609235763	0.1886882334947586	0.1439314782619476	0.1326647400856018	0.2595886886119842	0.2596108317375183	sub-20214	ses-1				space-ACPC			DSIStudio	autotrackgqi
Cerebellum_MiddleCerebellarPeduncle	ng	TORTOISE_model-MAPMRI	/scratch/executivefunction/SLURM_8364170_16/job-8364170-16-sub-20214-ses-1/ds/inputs/data/qsiprep/qsiprep/sub-20214/ses-1/dwi/sub-20214_ses-1_space-ACPC_desc-preproc_dwi.nii.gz	0.0013722440764797	0.3255065977573395	0.0708589479327201	0.3136893212795257	0.325953871011734	0.3138090074062347	0.0698719918727874	0.3523030877113342	0.352333128452301	sub-20214	ses-1				space-ACPC			DSIStudio	autotrackgqi
Cerebellum_MiddleCerebellarPeduncle	ngpar	TORTOISE_model-MAPMRI	/scratch/executivefunction/SLURM_8364170_16/job-8364170-16-sub-20214-ses-1/ds/inputs/data/qsiprep/qsiprep/sub-20214/ses-1/dwi/sub-20214_ses-1_space-ACPC_desc-preproc_dwi.nii.gz	0.0013722440764797	0.1723816692829132	0.0411850847303867	0.166031077504158	0.1726185381412506	0.1660699844360351	0.0407142862677574	0.1735531687736511	0.1735679805278778	sub-20214	ses-1				space-ACPC			DSIStudio	autotrackgqi
Cerebellum_MiddleCerebellarPeduncle	ngperp	TORTOISE_model-MAPMRI	/scratch/executivefunction/SLURM_8364170_16/job-8364170-16-sub-20214-ses-1/ds/inputs/data/qsiprep/qsiprep/sub-20214/ses-1/dwi/sub-20214_ses-1_space-ACPC_desc-preproc_dwi.nii.gz	0.0013722440764797	0.2657220959663391	0.0625915005803108	0.255438894033432	0.2660872340202331	0.2555305361747741	0.0618540309369564	0.2934796512126922	0.2935046851634979	sub-20214	ses-1				space-ACPC			DSIStudio	autotrackgqi
Cerebellum_MiddleCerebellarPeduncle	pa	TORTOISE_model-MAPMRI	/scratch/executivefunction/SLURM_8364170_16/job-8364170-16-sub-20214-ses-1/ds/inputs/data/qsiprep/qsiprep/sub-20214/ses-1/dwi/sub-20214_ses-1_space-ACPC_desc-preproc_dwi.nii.gz	0.0013722440764797	0.633648157119751	0.1862721145153045	0.5786384344100952	0.6345188617706299	0.5791568756103516	0.1849121302366256	0.7253161668777466	0.725378155708313	sub-20214	ses-1				space-ACPC			DSIStudio	autotrackgqi
Cerebellum_MiddleCerebellarPeduncle	path	TORTOISE_model-MAPMRI	/scratch/executivefunction/SLURM_8364170_16/job-8364170-16-sub-20214-ses-1/ds/inputs/data/qsiprep/qsiprep/sub-20214/ses-1/dwi/sub-20214_ses-1_space-ACPC_desc-preproc_dwi.nii.gz	0.0013722440764797	0.2422495931386947	0.0964670330286026	0.2010506093502044	0.2425824701786041	0.2012194097042083	0.0961141213774681	0.2965348660945892	0.296560138463974	sub-20214	ses-1				space-ACPC			DSIStudio	autotrackgqi
Cerebellum_MiddleCerebellarPeduncle	rd	TORTOISE_model-MAPMRI	/scratch/executivefunction/SLURM_8364170_16/job-8364170-16-sub-20214-ses-1/ds/inputs/data/qsiprep/qsiprep/sub-20214/ses-1/dwi/sub-20214_ses-1_space-ACPC_desc-preproc_dwi.nii.gz	0.0013722440764797	755.8090422467725	489.7595316552086	618.5404767454747	756.84762191274	618.662380711094	489.29332418855233	724.1254182043184	724.1871861011305	sub-20214	ses-1				space-ACPC			DSIStudio	autotrackgqi
Cerebellum_MiddleCerebellarPeduncle	rtap	TORTOISE_model-MAPMRI	/scratch/executivefunction/SLURM_8364170_16/job-8364170-16-sub-20214-ses-1/ds/inputs/data/qsiprep/qsiprep/sub-20214/ses-1/dwi/sub-20214_ses-1_space-ACPC_desc-preproc_dwi.nii.gz	0.0016466928917756	0.0117352316156029	0.005766216199845	0.0108055779710412	0.0117545882239937	0.0108112003654241	0.0057512233033776	0.0143813611939549	0.0143827563151717	sub-20214	ses-1				space-ACPC			DSIStudio	autotrackgqi
Cerebellum_MiddleCerebellarPeduncle	rtop	TORTOISE_model-MAPMRI	/scratch/executivefunction/SLURM_8364170_16/job-8364170-16-sub-20214-ses-1/ds/inputs/data/qsiprep/qsiprep/sub-20214/ses-1/dwi/sub-20214_ses-1_space-ACPC_desc-preproc_dwi.nii.gz	0.0016466928917756	0.0002551865181885	0.0001150146126747	0.0002530673227738	0.0002556074468884	0.0002532188373152	0.0001146411523222	0.000300430576317	0.0003004597383551	sub-20214	ses-1				space-ACPC			DSIStudio	autotrackgqi
Cerebellum_MiddleCerebellarPeduncle	rtpp	TORTOISE_model-MAPMRI	/scratch/executivefunction/SLURM_8364170_16/job-8364170-16-sub-20214-ses-1/ds/inputs/data/qsiprep/qsiprep/sub-20214/ses-1/dwi/sub-20214_ses-1_space-ACPC_desc-preproc_dwi.nii.gz	0.0013722440764797	0.0466827191412448	0.0085196886211633	0.049153659492731	0.0467468649148941	0.0491641759872436	0.0083478204905986	0.044782169163227	0.0447859913110733	sub-20214	ses-1				space-ACPC			DSIStudio	autotrackgqi
Cerebellum_InferiorCerebellarPeduncleL	ad	TORTOISE_model-MAPMRI	/scratch/executivefunction/SLURM_8364170_16/job-8364170-16-sub-20214-ses-1/ds/inputs/data/qsiprep/qsiprep/sub-20214/ses-1/dwi/sub-20214_ses-1_space-ACPC_desc-preproc_dwi.nii.gz	0.0	1395.679294769223	866.192740115218	1022.9585171884836	1395.679294769223	1022.9585171884836	866.192740115218	1227.809152839996	1227.809152839996	sub-20214	ses-1				space-ACPC			DSIStudio	autotrackgqi
Cerebellum_InferiorCerebellarPeduncleL	am	TORTOISE_model-MAPMRI	/scratch/executivefunction/SLURM_8364170_16/job-8364170-16-sub-20214-ses-1/ds/inputs/data/qsiprep/qsiprep/sub-20214/ses-1/dwi/sub-20214_ses-1_space-ACPC_desc-preproc_dwi.nii.gz	0.0	809.044921875	320.0082092285156	710.2691040039062	809.044921875	710.2691040039062	320.0082092285156	827.916015625	827.916015625	sub-20214	ses-1				space-ACPC			DSIStudio	autotrackgqi
Cerebellum_InferiorCerebellarPeduncleL	fa	TORTOISE_model-MAPMRI	/scratch/executivefunction/SLURM_8364170_16/job-8364170-16-sub-20214-ses-1/ds/inputs/data/qsiprep/qsiprep/sub-20214/ses-1/dwi/sub-20214_ses-1_space-ACPC_desc-preproc_dwi.nii.gz	0.0	0.2877818286845721	0.142186073560335	0.2590144208149056	0.2877818286845721	0.2590144208149056	0.142186073560335	0.3396360676852475	0.3396360676852475	sub-20214	ses-1				space-ACPC			DSIStudio	autotrackgqi
Cerebellum_InferiorCerebellarPeduncleL	li	TORTOISE_model-MAPMRI	/scratch/executivefunction/SLURM_8364170_16/job-8364170-16-sub-20214-ses-1/ds/inputs/data/qsiprep/qsiprep/sub-20214/ses-1/dwi/sub-20214_ses-1_space-ACPC_desc-preproc_dwi.nii.gz	0.0	0.1649011373519897	0.1010158434510231	0.1433858871459961	0.1649011373519897	0.1433858871459961	0.1010158434510231	0.2050349563360214	0.2050349563360214	sub-20214	ses-1				space-ACPC			DSIStudio	autotrackgqi
Cerebellum_InferiorCerebellarPeduncleL	ng	TORTOISE_model-MAPMRI	/scratch/executivefunction/SLURM_8364170_16/job-8364170-16-sub-20214-ses-1/ds/inputs/data/qsiprep/qsiprep/sub-20214/ses-1/dwi/sub-20214_ses-1_space-ACPC_desc-preproc_dwi.nii.gz	0.0	0.3450573980808258	0.0723268762230873	0.3411169946193695	0.3450573980808258	0.3411169946193695	0.0723268762230873	0.3523732125759125	0.3523732125759125	sub-20214	ses-1				space-ACPC			DSIStudio	autotrackgqi
Cerebellum_InferiorCerebellarPeduncleL	ngpar	TORTOISE_model-MAPMRI	/scratch/executivefunction/SLURM_8364170_16/job-8364170-16-sub-20214-ses-1/ds/inputs/data/qsiprep/qsiprep/sub-20214/ses-1/dwi/sub-20214_ses-1_space-ACPC_desc-preproc_dwi.nii.gz	0.0	0.1707183718681335	0.0389809571206569	0.166945144534111	0.1707183718681335	0.166945144534111	0.0389809571206569	0.1712883412837982	0.1712883412837982	sub-20214	ses-1				space-ACPC			DSIStudio	autotrackgqi
Cerebellum_InferiorCerebellarPeduncleL	ngperp	TORTOISE_model-MAPMRI	/scratch/executivefunction/SLURM_8364170_16/job-8364170-16-sub-20214-ses-1/ds/inputs/data/qsiprep/qsiprep/sub-20214/ses-1/dwi/sub-20214_ses-1_space-ACPC_desc-preproc_dwi.nii.gz	0.0	0.2847737073898315	0.0632961690425872	0.2804071009159088	0.2847737073898315	0.2804071009159088	0.0632961690425872	0.2935746312141418	0.2935746312141418	sub-20214	ses-1				space-ACPC			DSIStudio	autotrackgqi
Cerebellum_InferiorCerebellarPeduncleL	pa	TORTOISE_model-MAPMRI	/scratch/executivefunction/SLURM_8364170_16/job-8364170-16-sub-20214-ses-1/ds/inputs/data/qsiprep/qsiprep/sub-20214/ses-1/dwi/sub-20214_ses-1_space-ACPC_desc-preproc_dwi.nii.gz	0.0	0.6698423027992249	0.1630583703517913	0.6768147349357605	0.6698423027992249	0.6768147349357605	0.1630583703517913	0.7266767024993896	0.7266767024993896	sub-20214	ses-1				space-ACPC			DSIStudio	autotrackgqi
Cerebellum_InferiorCerebellarPeduncleL	path	TORTOISE_model-MAPMRI	/scratch/executivefunction/SLURM_8364170_16/job-8364170-16-sub-20214-ses-1/ds/inputs/data/qsiprep/qsiprep/sub-20214/ses-1/dwi/sub-20214_ses-1_space-ACPC_desc-preproc_dwi.nii.gz	0.0	0.2495830506086349	0.0771486833691597	0.2360283881425857	0.2495830506086349	0.2360283881425857	0.0771486833691597	0.2773219347000122	0.2773219347000122	sub-20214	ses-1				space-ACPC			DSIStudio	autotrackgqi
Cerebellum_InferiorCerebellarPeduncleL	rd	TORTOISE_model-MAPMRI	/scratch/executivefunction/SLURM_8364170_16/job-8364170-16-sub-20214-ses-1/ds/inputs/data/qsiprep/qsiprep/sub-20214/ses-1/dwi/sub-20214_ses-1_space-ACPC_desc-preproc_dwi.nii.gz	0.0	947.987134093436	738.6348487256305	627.9652429259814	947.987134093436	627.9652429259814	738.6348487256305	772.2257904408666	772.2257904408666	sub-20214	ses-1				space-ACPC			DSIStudio	autotrackgqi
Cerebellum_InferiorCerebellarPeduncleL	rtap	TORTOISE_model-MAPMRI	/scratch/executivefunction/SLURM_8364170_16/job-8364170-16-sub-20214-ses-1/ds/inputs/data/qsiprep/qsiprep/sub-20214/ses-1/dwi/sub-20214_ses-1_space-ACPC_desc-preproc_dwi.nii.gz	0.0	0.0105967530980706	0.0051326039247214	0.0109905702993273	0.0105967530980706	0.0109905702993273	0.0051326039247214	0.0128383720293641	0.0128383720293641	sub-20214	ses-1				space-ACPC			DSIStudio	autotrackgqi
Cerebellum_InferiorCerebellarPeduncleL	rtop	TORTOISE_model-MAPMRI	/scratch/executivefunction/SLURM_8364170_16/job-8364170-16-sub-20214-ses-1/ds/inputs/data/qsiprep/qsiprep/sub-20214/ses-1/dwi/sub-20214_ses-1_space-ACPC_desc-preproc_dwi.nii.gz	0.0	0.000231563928537	0.0001190848633996	0.0002522657450754	0.000231563928537	0.0002522657450754	0.0001190848633996	0.0002832576283253	0.0002832576283253	sub-20214	ses-1				space-ACPC			DSIStudio	autotrackgqi
Cerebellum_InferiorCerebellarPeduncleL	rtpp	TORTOISE_model-MAPMRI	/scratch/executivefunction/SLURM_8364170_16/job-8364170-16-sub-20214-ses-1/ds/inputs/data/qsiprep/qsiprep/sub-20214/ses-1/dwi/sub-20214_ses-1_space-ACPC_desc-preproc_dwi.nii.gz	0.0	0.0441184230148792	0.0107675176113843	0.0481341108679771	0.0441184230148792	0.0481341108679771	0.0107675176113843	0.0461736768484115	0.0461736768484115	sub-20214	ses-1				space-ACPC			DSIStudio	autotrackgqi
Cerebellum_SuperiorCerebellarPeduncle	ad	TORTOISE_model-MAPMRI	/scratch/executivefunction/SLURM_8364170_16/job-8364170-16-sub-20214-ses-1/ds/inputs/data/qsiprep/qsiprep/sub-20214/ses-1/dwi/sub-20214_ses-1_space-ACPC_desc-preproc_dwi.nii.gz	0.0	1508.7825434462934	772.1205892221715	1174.3024143140349	1508.7825434462934	1174.3024143140349	772.1205892221715	1696.194536640082	1696.194536640082	sub-20214	ses-1				space-ACPC			DSIStudio	autotrackgqi
Cerebellum_SuperiorCerebellarPeduncle	am	TORTOISE_model-MAPMRI	/scratch/executivefunction/SLURM_8364170_16/job-8364170-16-sub-20214-ses-1/ds/inputs/data/qsiprep/qsiprep/sub-20214/ses-1/dwi/sub-20214_ses-1_space-ACPC_desc-preproc_dwi.nii.gz	0.0	718.8865966796875	274.17254638671875	643.8543090820312	718.8865966796875	643.8543090820312	274.17254638671875	750.9708251953125	750.9708251953125	sub-20214	ses-1				space-ACPC			DSIStudio	autotrackgqi
Cerebellum_SuperiorCerebellarPeduncle	fa	TORTOISE_model-MAPMRI	/scratch/executivefunction/SLURM_8364170_16/job-8364170-16-sub-20214-ses-1/ds/inputs/data/qsiprep/qsiprep/sub-20214/ses-1/dwi/sub-20214_ses-1_space-ACPC_desc-preproc_dwi.nii.gz	0.0	0.3123970804495886	0.1504255109630367	0.2864363816636472	0.3123970804495886	0.2864363816636472	0.1504255109630367	0.3887011693475588	0.3887011693475588	sub-20214	ses-1				space-ACPC			DSIStudio	autotrackgqi
Cerebellum_SuperiorCerebellarPeduncle	li	TORTOISE_model-MAPMRI	/scratch/executivefunction/SLURM_8364170_16/job-8364170-16-sub-20214-ses-1/ds/inputs/data/qsiprep/qsiprep/sub-20214/ses-1/dwi/sub-20214_ses-1_space-ACPC_desc-preproc_dwi.nii.gz	0.0	0.1814254373311996	0.1029017493128776	0.1617845296859741	0.1814254373311996	0.1617845296859741	0.1029017493128776	0.2302308827638626	0.2302308827638626	sub-20214	ses-1				space-ACPC			DSIStudio	autotrackgqi
Cerebellum_SuperiorCerebellarPeduncle	ng	TORTOISE_model-MAPMRI	/scratch/executivefunction/SLURM_8364170_16/job-8364170-16-sub-20214-ses-1/ds/inputs/data/qsiprep/qsiprep/sub-20214/ses-1/dwi/sub-20214_ses-1_space-ACPC_desc-preproc_dwi.nii.gz	0.0	0.3357329368591308	0.0860836878418922	0.3369848430156708	0.3357329368591308	0.3369848430156708	0.0860836878418922	0.3389154374599457	0.3389154374599457	sub-20214	ses-1				space-ACPC			DSIStudio	autotrackgqi
Cerebellum_SuperiorCerebellarPeduncle	ngpar	TORTOISE_model-MAPMRI	/scratch/executivefunction/SLURM_8364170_16/job-8364170-16-sub-20214-ses-1/ds/inputs/data/qsiprep/qsiprep/sub-20214/ses-1/dwi/sub-20214_ses-1_space-ACPC_desc-preproc_dwi.nii.gz	0.0	0.1624139994382858	0.0407091081142425	0.1635448634624481	0.1624139994382858	0.1635448634624481	0.0407091081142425	0.147566020488739	0.147566020488739	sub-20214	ses-1				space-ACPC			DSIStudio	autotrackgqi
Cerebellum_SuperiorCerebellarPeduncle	ngperp	TORTOISE_model-MAPMRI	/scratch/executivefunction/SLURM_8364170_16/job-8364170-16-sub-20214-ses-1/ds/inputs/data/qsiprep/qsiprep/sub-20214/ses-1/dwi/sub-20214_ses-1_space-ACPC_desc-preproc_dwi.nii.gz	0.0	0.2823519706726074	0.0751775279641151	0.28288134932518	0.2823519706726074	0.28288134932518	0.0751775279641151	0.292315125465393	0.292315125465393	sub-20214	ses-1				space-ACPC			DSIStudio	autotrackgqi
Cerebellum_SuperiorCerebellarPeduncle	pa	TORTOISE_model-MAPMRI	/scratch/executivefunction/SLURM_8364170_16/job-8364170-16-sub-20214-ses-1/ds/inputs/data/qsiprep/qsiprep/sub-20214/ses-1/dwi/sub-20214_ses-1_space-ACPC_desc-preproc_dwi.nii.gz	0.0	0.6854429244995117	0.1745439171791076	0.7107506394386292	0.6854429244995117	0.7107506394386292	0.1745439171791076	0.7482341527938843	0.7482341527938843	sub-20214	ses-1				space-ACPC			DSIStudio	autotrackgqi
Cerebellum_SuperiorCerebellarPeduncle	path	TORTOISE_model-MAPMRI	/scratch/executivefunction/SLURM_8364170_16/job-8364170-16-sub-20214-ses-1/ds/inputs/data/qsiprep/qsiprep/sub-20214/ses-1/dwi/sub-20214_ses-1_space-ACPC_desc-preproc_dwi.nii.gz	0.0	0.2585557103157043	0.0835396274924278	0.2500157654285431	0.2585557103157043	0.2500157654285431	0.0835396274924278	0.3013316392898559	0.3013316392898559	sub-20214	ses-1				space-ACPC			DSIStudio	autotrackgqi
Cerebellum_SuperiorCerebellarPeduncle	rd	TORTOISE_model-MAPMRI	/scratch/executivefunction/SLURM_8364170_16/job-8364170-16-sub-20214-ses-1/ds/inputs/data/qsiprep/qsiprep/sub-20214/ses-1/dwi/sub-20214_ses-1_space-ACPC_desc-preproc_dwi.nii.gz	0.0	976.4237402289845	657.1105095543801	679.4030954749064	976.4237402289845	679.4030954749064	657.1105095543801	968.0624340903285	968.0624340903285	sub-20214	ses-1				space-ACPC			DSIStudio	autotrackgqi
Cerebellum_SuperiorCerebellarPeduncle	rtap	TORTOISE_model-MAPMRI	/scratch/executivefunction/SLURM_8364170_16/job-8364170-16-sub-20214-ses-1/ds/inputs/data/qsiprep/qsiprep/sub-20214/ses-1/dwi/sub-20214_ses-1_space-ACPC_desc-preproc_dwi.nii.gz	0.0	0.0098628420382738	0.0048682950437068	0.0101521080359816	0.0098628420382738	0.0101521080359816	0.0048682950437068	0.011073475703597	0.011073475703597	sub-20214	ses-1				space-ACPC			DSIStudio	autotrackgqi
Cerebellum_SuperiorCerebellarPeduncle	rtop	TORTOISE_model-MAPMRI	/scratch/executivefunction/SLURM_8364170_16/job-8364170-16-sub-20214-ses-1/ds/inputs/data/qsiprep/qsiprep/sub-20214/ses-1/dwi/sub-20214_ses-1_space-ACPC_desc-preproc_dwi.nii.gz	0.0	0.0002012368349824	0.0001083357201423	0.0002163185417884	0.0002012368349824	0.0002163185417884	0.0001083357201423	0.0002064064319711	0.0002064064319711	sub-20214	ses-1				space-ACPC			DSIStudio	autotrackgqi
Cerebellum_SuperiorCerebellarPeduncle	rtpp	TORTOISE_model-MAPMRI	/scratch/executivefunction/SLURM_8364170_16/job-8364170-16-sub-20214-ses-1/ds/inputs/data/qsiprep/qsiprep/sub-20214/ses-1/dwi/sub-20214_ses-1_space-ACPC_desc-preproc_dwi.nii.gz	0.0	0.0412897765636444	0.0099610947072505	0.0442797504365444	0.0412897765636444	0.0442797504365444	0.0099610947072505	0.0383567288517952	0.0383567288517952	sub-20214	ses-1				space-ACPC			DSIStudio	autotrackgqi
CranialNerve_CNIIR	ad	TORTOISE_model-MAPMRI	/scratch/executivefunction/SLURM_8364170_16/job-8364170-16-sub-20214-ses-1/ds/inputs/data/qsiprep/qsiprep/sub-20214/ses-1/dwi/sub-20214_ses-1_space-ACPC_desc-preproc_dwi.nii.gz	0.0	1600.1387661529284	711.3868914529429	1369.1856609192537	1600.1387661529284	1369.1856609192537	711.3868914529429	1594.8027344718937	1594.8027344718937	sub-20214	ses-1				space-ACPC			DSIStudio	autotrackgqi
CranialNerve_CNIIR	am	TORTOISE_model-MAPMRI	/scratch/executivefunction/SLURM_8364170_16/job-8364170-16-sub-20214-ses-1/ds/inputs/data/qsiprep/qsiprep/sub-20214/ses-1/dwi/sub-20214_ses-1_space-ACPC_desc-preproc_dwi.nii.gz	0.0	662.2533569335938	207.0040435791016	616.0198364257812	662.2533569335938	616.0198364257812	207.0040435791016	615.6592407226562	615.6592407226562	sub-20214	ses-1				space-ACPC			DSIStudio	autotrackgqi
CranialNerve_CNIIR	fa	TORTOISE_model-MAPMRI	/scratch/executivefunction/SLURM_8364170_16/job-8364170-16-sub-20214-ses-1/ds/inputs/data/qsiprep/qsiprep/sub-20214/ses-1/dwi/sub-20214_ses-1_space-ACPC_desc-preproc_dwi.nii.gz	0.0	0.316931957716101	0.1759480159109686	0.2802048658344813	0.316931957716101	0.2802048658344813	0.1759480159109686	0.3666159119861241	0.3666159119861241	sub-20214	ses-1				space-ACPC			DSIStudio	autotrackgqi
CranialNerve_CNIIR	li	TORTOISE_model-MAPMRI	/scratch/executivefunction/SLURM_8364170_16/job-8364170-16-sub-20214-ses-1/ds/inputs/data/qsiprep/qsiprep/sub-20214/ses-1/dwi/sub-20214_ses-1_space-ACPC_desc-preproc_dwi.nii.gz	0.0	0.192127987742424	0.1290598958730697	0.159208208322525	0.192127987742424	0.159208208322525	0.1290598958730697	0.2279070913791656	0.2279070913791656	sub-20214	ses-1				space-ACPC			DSIStudio	autotrackgqi
CranialNerve_CNIIR	ng	TORTOISE_model-MAPMRI	/scratch/executivefunction/SLURM_8364170_16/job-8364170-16-sub-20214-ses-1/ds/inputs/data/qsiprep/qsiprep/sub-20214/ses-1/dwi/sub-20214_ses-1_space-ACPC_desc-preproc_dwi.nii.gz	0.0	0.3070688843727112	0.1019537225365638	0.3089258968830108	0.3070688843727112	0.3089258968830108	0.1019537225365638	0.3248987793922424	0.3248987793922424	sub-20214	ses-1				space-ACPC			DSIStudio	autotrackgqi
CranialNerve_CNIIR	ngpar	TORTOISE_model-MAPMRI	/scratch/executivefunction/SLURM_8364170_16/job-8364170-16-sub-20214-ses-1/ds/inputs/data/qsiprep/qsiprep/sub-20214/ses-1/dwi/sub-20214_ses-1_space-ACPC_desc-preproc_dwi.nii.gz	0.0	0.1440519988536834	0.0445185005664825	0.1379155814647674	0.1440519988536834	0.1379155814647674	0.0445185005664825	0.1439011096954345	0.1439011096954345	sub-20214	ses-1				space-ACPC			DSIStudio	autotrackgqi
CranialNerve_CNIIR	ngperp	TORTOISE_model-MAPMRI	/scratch/executivefunction/SLURM_8364170_16/job-8364170-16-sub-20214-ses-1/ds/inputs/data/qsiprep/qsiprep/sub-20214/ses-1/dwi/sub-20214_ses-1_space-ACPC_desc-preproc_dwi.nii.gz	0.0	0.2600549757480621	0.084331564605236	0.2597026824951172	0.2600549757480621	0.2597026824951172	0.084331564605236	0.2748745083808899	0.2748745083808899	sub-20214	ses-1				space-ACPC			DSIStudio	autotrackgqi
CranialNerve_CNIIR	pa	TORTOISE_model-MAPMRI	/scratch/executivefunction/SLURM_8364170_16/job-8364170-16-sub-20214-ses-1/ds/inputs/data/qsiprep/qsiprep/sub-20214/ses-1/dwi/sub-20214_ses-1_space-ACPC_desc-preproc_dwi.nii.gz	0.0	0.6598436236381531	0.2120415121316909	0.6881504058837891	0.6598436236381531	0.6881504058837891	0.2120415121316909	0.7254602909088135	0.7254602909088135	sub-20214	ses-1				space-ACPC			DSIStudio	autotrackgqi
CranialNerve_CNIIR	path	TORTOISE_model-MAPMRI	/scratch/executivefunction/SLURM_8364170_16/job-8364170-16-sub-20214-ses-1/ds/inputs/data/qsiprep/qsiprep/sub-20214/ses-1/dwi/sub-20214_ses-1_space-ACPC_desc-preproc_dwi.nii.gz	0.0	0.2551954686641693	0.0998849496245384	0.2405635714530944	0.2551954686641693	0.2405635714530944	0.0998849496245384	0.2841283679008484	0.2841283679008484	sub-20214	ses-1				space-ACPC			DSIStudio	autotrackgqi
CranialNerve_CNIIR	rd	TORTOISE_model-MAPMRI	/scratch/executivefunction/SLURM_8364170_16/job-8364170-16-sub-20214-ses-1/ds/inputs/data/qsiprep/qsiprep/sub-20214/ses-1/dwi/sub-20214_ses-1_space-ACPC_desc-preproc_dwi.nii.gz	0.0	1026.329016908603	659.8391465238352	751.8396071967921	1026.329016908603	751.8396071967921	659.8391465238352	926.9959511864716	926.9959511864716	sub-20214	ses-1				space-ACPC			DSIStudio	autotrackgqi
CranialNerve_CNIIR	rtap	TORTOISE_model-MAPMRI	/scratch/executivefunction/SLURM_8364170_16/job-8364170-16-sub-20214-ses-1/ds/inputs/data/qsiprep/qsiprep/sub-20214/ses-1/dwi/sub-20214_ses-1_space-ACPC_desc-preproc_dwi.nii.gz	0.0	0.0089959353208541	0.0050412053242325	0.0084566976875066	0.0089959353208541	0.0084566976875066	0.0050412053242325	0.0098565621301531	0.0098565621301531	sub-20214	ses-1				space-ACPC			DSIStudio	autotrackgqi
CranialNerve_CNIIR	rtop	TORTOISE_model-MAPMRI	/scratch/executivefunction/SLURM_8364170_16/job-8364170-16-sub-20214-ses-1/ds/inputs/data/qsiprep/qsiprep/sub-20214/ses-1/dwi/sub-20214_ses-1_space-ACPC_desc-preproc_dwi.nii.gz	0.0	0.0001667306642048	9.645212412578984e-05	0.0001641181588638	0.0001667306642048	0.0001641181588638	9.645212412578984e-05	0.0001769822411006	0.0001769822411006	sub-20214	ses-1				space-ACPC			DSIStudio	autotrackgqi
CranialNerve_CNIIR	rtpp	TORTOISE_model-MAPMRI	/scratch/executivefunction/SLURM_8364170_16/job-8364170-16-sub-20214-ses-1/ds/inputs/data/qsiprep/qsiprep/sub-20214/ses-1/dwi/sub-20214_ses-1_space-ACPC_desc-preproc_dwi.nii.gz	0.0	0.0387067943811416	0.0085001774132251	0.0403249710798263	0.0387067943811416	0.0403249710798263	0.0085001774132251	0.0383417047560215	0.0383417047560215	sub-20214	ses-1				space-ACPC			DSIStudio	autotrackgqi
CranialNerve_CNIIL	ad	TORTOISE_model-MAPMRI	/scratch/executivefunction/SLURM_8364170_16/job-8364170-16-sub-20214-ses-1/ds/inputs/data/qsiprep/qsiprep/sub-20214/ses-1/dwi/sub-20214_ses-1_space-ACPC_desc-preproc_dwi.nii.gz	0.0	1578.9901190326475	746.0147392893797	1321.3495410397331	1578.9901190326475	1321.3495410397331	746.0147392893797	1651.4033453573702	1651.4033453573702	sub-20214	ses-1				space-ACPC			DSIStudio	autotrackgqi
CranialNerve_CNIIL	am	TORTOISE_model-MAPMRI	/scratch/executivefunction/SLURM_8364170_16/job-8364170-16-sub-20214-ses-1/ds/inputs/data/qsiprep/qsiprep/sub-20214/ses-1/dwi/sub-20214_ses-1_space-ACPC_desc-preproc_dwi.nii.gz	0.0	613.734130859375	194.02301025390625	555.1867065429688	613.734130859375	555.1867065429688	194.02301025390625	569.2600708007812	569.2600708007812	sub-20214	ses-1				space-ACPC			DSIStudio	autotrackgqi
CranialNerve_CNIIL	fa	TORTOISE_model-MAPMRI	/scratch/executivefunction/SLURM_8364170_16/job-8364170-16-sub-20214-ses-1/ds/inputs/data/qsiprep/qsiprep/sub-20214/ses-1/dwi/sub-20214_ses-1_space-ACPC_desc-preproc_dwi.nii.gz	0.0	0.3074412987133575	0.1694763732148684	0.2740745724258631	0.3074412987133575	0.2740745724258631	0.1694763732148684	0.3812585316080616	0.3812585316080616	sub-20214	ses-1				space-ACPC			DSIStudio	autotrackgqi
CranialNerve_CNIIL	li	TORTOISE_model-MAPMRI	/scratch/executivefunction/SLURM_8364170_16/job-8364170-16-sub-20214-ses-1/ds/inputs/data/qsiprep/qsiprep/sub-20214/ses-1/dwi/sub-20214_ses-1_space-ACPC_desc-preproc_dwi.nii.gz	0.0	0.1837489306926727	0.1265049874782562	0.1507259309291839	0.1837489306926727	0.1507259309291839	0.1265049874782562	0.2394630312919616	0.2394630312919616	sub-20214	ses-1				space-ACPC			DSIStudio	autotrackgqi
CranialNerve_CNIIL	ng	TORTOISE_model-MAPMRI	/scratch/executivefunction/SLURM_8364170_16/job-8364170-16-sub-20214-ses-1/ds/inputs/data/qsiprep/qsiprep/sub-20214/ses-1/dwi/sub-20214_ses-1_space-ACPC_desc-preproc_dwi.nii.gz	0.0	0.3090211451053619	0.1049840822815895	0.3112006783485412	0.3090211451053619	0.3112006783485412	0.1049840822815895	0.3337724804878235	0.3337724804878235	sub-20214	ses-1				space-ACPC			DSIStudio	autotrackgqi
CranialNerve_CNIIL	ngpar	TORTOISE_model-MAPMRI	/scratch/executivefunction/SLURM_8364170_16/job-8364170-16-sub-20214-ses-1/ds/inputs/data/qsiprep/qsiprep/sub-20214/ses-1/dwi/sub-20214_ses-1_space-ACPC_desc-preproc_dwi.nii.gz	0.0	0.1485835909843444	0.0464203655719757	0.1426812708377838	0.1485835909843444	0.1426812708377838	0.0464203655719757	0.1424929052591323	0.1424929052591323	sub-20214	ses-1				space-ACPC			DSIStudio	autotrackgqi
CranialNerve_CNIIL	ngperp	TORTOISE_model-MAPMRI	/scratch/executivefunction/SLURM_8364170_16/job-8364170-16-sub-20214-ses-1/ds/inputs/data/qsiprep/qsiprep/sub-20214/ses-1/dwi/sub-20214_ses-1_space-ACPC_desc-preproc_dwi.nii.gz	0.0	0.260019838809967	0.0850483179092407	0.2621411085128784	0.260019838809967	0.2621411085128784	0.0850483179092407	0.2824423909187317	0.2824423909187317	sub-20214	ses-1				space-ACPC			DSIStudio	autotrackgqi
CranialNerve_CNIIL	pa	TORTOISE_model-MAPMRI	/scratch/executivefunction/SLURM_8364170_16/job-8364170-16-sub-20214-ses-1/ds/inputs/data/qsiprep/qsiprep/sub-20214/ses-1/dwi/sub-20214_ses-1_space-ACPC_desc-preproc_dwi.nii.gz	0.0	0.6498899459838867	0.2023790925741195	0.6555416584014893	0.6498899459838867	0.6555416584014893	0.2023790925741195	0.7339653968811035	0.7339653968811035	sub-20214	ses-1				space-ACPC			DSIStudio	autotrackgqi
CranialNerve_CNIIL	path	TORTOISE_model-MAPMRI	/scratch/executivefunction/SLURM_8364170_16/job-8364170-16-sub-20214-ses-1/ds/inputs/data/qsiprep/qsiprep/sub-20214/ses-1/dwi/sub-20214_ses-1_space-ACPC_desc-preproc_dwi.nii.gz	0.0	0.2495216876268386	0.0975352376699447	0.2278431355953216	0.2495216876268386	0.2278431355953216	0.0975352376699447	0.2942197024822235	0.2942197024822235	sub-20214	ses-1				space-ACPC			DSIStudio	autotrackgqi
CranialNerve_CNIIL	rd	TORTOISE_model-MAPMRI	/scratch/executivefunction/SLURM_8364170_16/job-8364170-16-sub-20214-ses-1/ds/inputs/data/qsiprep/qsiprep/sub-20214/ses-1/dwi/sub-20214_ses-1_space-ACPC_desc-preproc_dwi.nii.gz	0.0	1025.4235118077004	666.6842908005223	737.9196008446131	1025.4235118077004	737.9196008446131	666.6842908005223	918.8552533934104	918.8552533934104	sub-20214	ses-1				space-ACPC			DSIStudio	autotrackgqi
CranialNerve_CNIIL	rtap	TORTOISE_model-MAPMRI	/scratch/executivefunction/SLURM_8364170_16/job-8364170-16-sub-20214-ses-1/ds/inputs/data/qsiprep/qsiprep/sub-20214/ses-1/dwi/sub-20214_ses-1_space-ACPC_desc-preproc_dwi.nii.gz	0.0	0.0089589832350611	0.0050720642320811	0.0087414141744375	0.0089589832350611	0.0087414141744375	0.0050720642320811	0.0101585807278752	0.0101585807278752	sub-20214	ses-1				space-ACPC			DSIStudio	autotrackgqi
CranialNerve_CNIIL	rtop	TORTOISE_model-MAPMRI	/scratch/executivefunction/SLURM_8364170_16/job-8364170-16-sub-20214-ses-1/ds/inputs/data/qsiprep/qsiprep/sub-20214/ses-1/dwi/sub-20214_ses-1_space-ACPC_desc-preproc_dwi.nii.gz	0.0	0.0001690956705715	9.740699169924484e-05	0.0001677472464507	0.0001690956705715	0.0001677472464507	9.740699169924484e-05	0.0001806438085623	0.0001806438085623	sub-20214	ses-1				space-ACPC			DSIStudio	autotrackgqi
CranialNerve_CNIIL	rtpp	TORTOISE_model-MAPMRI	/scratch/executivefunction/SLURM_8364170_16/job-8364170-16-sub-20214-ses-1/ds/inputs/data/qsiprep/qsiprep/sub-20214/ses-1/dwi/sub-20214_ses-1_space-ACPC_desc-preproc_dwi.nii.gz	0.0	0.0392203293740749	0.0089135682210326	0.040963876992464	0.0392203293740749	0.040963876992464	0.0089135682210326	0.0379384495317935	0.0379384495317935	sub-20214	ses-1				space-ACPC			DSIStudio	autotrackgqi
CranialNerve_CNVIIIL	ad	TORTOISE_model-MAPMRI	/scratch/executivefunction/SLURM_8364170_16/job-8364170-16-sub-20214-ses-1/ds/inputs/data/qsiprep/qsiprep/sub-20214/ses-1/dwi/sub-20214_ses-1_space-ACPC_desc-preproc_dwi.nii.gz	0.0	1519.575228499116	828.7779583393915	1175.3981390993847	1519.575228499116	1175.3981390993847	828.7779583393915	1598.6907377195453	1598.6907377195453	sub-20214	ses-1				space-ACPC			DSIStudio	autotrackgqi
CranialNerve_CNVIIIL	am	TORTOISE_model-MAPMRI	/scratch/executivefunction/SLURM_8364170_16/job-8364170-16-sub-20214-ses-1/ds/inputs/data/qsiprep/qsiprep/sub-20214/ses-1/dwi/sub-20214_ses-1_space-ACPC_desc-preproc_dwi.nii.gz	0.0	790.59765625	306.8220520019531	684.573974609375	790.59765625	684.573974609375	306.8220520019531	848.6209716796875	848.6209716796875	sub-20214	ses-1				space-ACPC			DSIStudio	autotrackgqi
CranialNerve_CNVIIIL	fa	TORTOISE_model-MAPMRI	/scratch/executivefunction/SLURM_8364170_16/job-8364170-16-sub-20214-ses-1/ds/inputs/data/qsiprep/qsiprep/sub-20214/ses-1/dwi/sub-20214_ses-1_space-ACPC_desc-preproc_dwi.nii.gz	0.0	0.3095935812336386	0.1769921660422789	0.2723875478903438	0.3095935812336386	0.2723875478903438	0.1769921660422789	0.3050280801364944	0.3050280801364944	sub-20214	ses-1				space-ACPC			DSIStudio	autotrackgqi
CranialNerve_CNVIIIL	li	TORTOISE_model-MAPMRI	/scratch/executivefunction/SLURM_8364170_16/job-8364170-16-sub-20214-ses-1/ds/inputs/data/qsiprep/qsiprep/sub-20214/ses-1/dwi/sub-20214_ses-1_space-ACPC_desc-preproc_dwi.nii.gz	0.0	0.1825090497732162	0.1347645819187164	0.1420955508947372	0.1825090497732162	0.1420955508947372	0.1347645819187164	0.1744658499956131	0.1744658499956131	sub-20214	ses-1				space-ACPC			DSIStudio	autotrackgqi
CranialNerve_CNVIIIL	ng	TORTOISE_model-MAPMRI	/scratch/executivefunction/SLURM_8364170_16/job-8364170-16-sub-20214-ses-1/ds/inputs/data/qsiprep/qsiprep/sub-20214/ses-1/dwi/sub-20214_ses-1_space-ACPC_desc-preproc_dwi.nii.gz	0.0	0.3573066890239715	0.074032723903656	0.3650557696819305	0.3573066890239715	0.3650557696819305	0.074032723903656	0.3709747493267059	0.3709747493267059	sub-20214	ses-1				space-ACPC			DSIStudio	autotrackgqi
CranialNerve_CNVIIIL	ngpar	TORTOISE_model-MAPMRI	/scratch/executivefunction/SLURM_8364170_16/job-8364170-16-sub-20214-ses-1/ds/inputs/data/qsiprep/qsiprep/sub-20214/ses-1/dwi/sub-20214_ses-1_space-ACPC_desc-preproc_dwi.nii.gz	0.0	0.1713930815458297	0.0367181673645973	0.170927882194519	0.1713930815458297	0.170927882194519	0.0367181673645973	0.1802010238170623	0.1802010238170623	sub-20214	ses-1				space-ACPC			DSIStudio	autotrackgqi
CranialNerve_CNVIIIL	ngperp	TORTOISE_model-MAPMRI	/scratch/executivefunction/SLURM_8364170_16/job-8364170-16-sub-20214-ses-1/ds/inputs/data/qsiprep/qsiprep/sub-20214/ses-1/dwi/sub-20214_ses-1_space-ACPC_desc-preproc_dwi.nii.gz	0.0	0.2983128130435943	0.0633431449532508	0.3055046498775482	0.2983128130435943	0.3055046498775482	0.0633431449532508	0.3087931275367737	0.3087931275367737	sub-20214	ses-1				space-ACPC			DSIStudio	autotrackgqi
CranialNerve_CNVIIIL	pa	TORTOISE_model-MAPMRI	/scratch/executivefunction/SLURM_8364170_16/job-8364170-16-sub-20214-ses-1/ds/inputs/data/qsiprep/qsiprep/sub-20214/ses-1/dwi/sub-20214_ses-1_space-ACPC_desc-preproc_dwi.nii.gz	0.0	0.7013821005821228	0.177227571606636	0.7196792960166931	0.7013821005821228	0.7196792960166931	0.177227571606636	0.7189671397209167	0.7189671397209167	sub-20214	ses-1				space-ACPC			DSIStudio	autotrackgqi
CranialNerve_CNVIIIL	path	TORTOISE_model-MAPMRI	/scratch/executivefunction/SLURM_8364170_16/job-8364170-16-sub-20214-ses-1/ds/inputs/data/qsiprep/qsiprep/sub-20214/ses-1/dwi/sub-20214_ses-1_space-ACPC_desc-preproc_dwi.nii.gz	0.0	0.2701256573200226	0.0926987305283546	0.2539172172546386	0.2701256573200226	0.2539172172546386	0.0926987305283546	0.270861268043518	0.270861268043518	sub-20214	ses-1				space-ACPC			DSIStudio	autotrackgqi
CranialNerve_CNVIIIL	rd	TORTOISE_model-MAPMRI	/scratch/executivefunction/SLURM_8364170_16/job-8364170-16-sub-20214-ses-1/ds/inputs/data/qsiprep/qsiprep/sub-20214/ses-1/dwi/sub-20214_ses-1_space-ACPC_desc-preproc_dwi.nii.gz	0.0	1010.7529743931044	744.6664614586233	679.4030954749064	1010.7529743931044	679.4030954749064	744.6664614586233	1068.6770205979756	1068.6770205979756	sub-20214	ses-1				space-ACPC			DSIStudio	autotrackgqi
CranialNerve_CNVIIIL	rtap	TORTOISE_model-MAPMRI	/scratch/executivefunction/SLURM_8364170_16/job-8364170-16-sub-20214-ses-1/ds/inputs/data/qsiprep/qsiprep/sub-20214/ses-1/dwi/sub-20214_ses-1_space-ACPC_desc-preproc_dwi.nii.gz	0.0	0.010708212852478	0.006445241626352	0.0102769201621413	0.010708212852478	0.0102769201621413	0.006445241626352	0.0098975226283073	0.0098975226283073	sub-20214	ses-1				space-ACPC			DSIStudio	autotrackgqi
CranialNerve_CNVIIIL	rtop	TORTOISE_model-MAPMRI	/scratch/executivefunction/SLURM_8364170_16/job-8364170-16-sub-20214-ses-1/ds/inputs/data/qsiprep/qsiprep/sub-20214/ses-1/dwi/sub-20214_ses-1_space-ACPC_desc-preproc_dwi.nii.gz	0.0	0.0002231664257124	0.0001391788391629	0.0002243220224045	0.0002231664257124	0.0002243220224045	0.0001391788391629	0.0002041670959442	0.0002041670959442	sub-20214	ses-1				space-ACPC			DSIStudio	autotrackgqi
CranialNerve_CNVIIIL	rtpp	TORTOISE_model-MAPMRI	/scratch/executivefunction/SLURM_8364170_16/job-8364170-16-sub-20214-ses-1/ds/inputs/data/qsiprep/qsiprep/sub-20214/ses-1/dwi/sub-20214_ses-1_space-ACPC_desc-preproc_dwi.nii.gz	0.0	0.0415608398616313	0.0106380358338356	0.0445070527493953	0.0415608398616313	0.0445070527493953	0.0106380358338356	0.0398376435041427	0.0398376435041427	sub-20214	ses-1				space-ACPC			DSIStudio	autotrackgqi
CranialNerve_CNVIIL	ad	TORTOISE_model-MAPMRI	/scratch/executivefunction/SLURM_8364170_16/job-8364170-16-sub-20214-ses-1/ds/inputs/data/qsiprep/qsiprep/sub-20214/ses-1/dwi/sub-20214_ses-1_space-ACPC_desc-preproc_dwi.nii.gz	0.0	1621.254943831664	1063.8484954709954	1101.5249687836508	1621.254943831664	1101.5249687836508	1063.8484954709954	1088.9475738566675	1088.9475738566675	sub-20214	ses-1				space-ACPC			DSIStudio	autotrackgqi
CranialNerve_CNVIIL	am	TORTOISE_model-MAPMRI	/scratch/executivefunction/SLURM_8364170_16/job-8364170-16-sub-20214-ses-1/ds/inputs/data/qsiprep/qsiprep/sub-20214/ses-1/dwi/sub-20214_ses-1_space-ACPC_desc-preproc_dwi.nii.gz	0.0	780.3924560546875	273.46490478515625	668.1773681640625	780.3924560546875	668.1773681640625	273.46490478515625	664.0924072265625	664.0924072265625	sub-20214	ses-1				space-ACPC			DSIStudio	autotrackgqi
CranialNerve_CNVIIL	fa	TORTOISE_model-MAPMRI	/scratch/executivefunction/SLURM_8364170_16/job-8364170-16-sub-20214-ses-1/ds/inputs/data/qsiprep/qsiprep/sub-20214/ses-1/dwi/sub-20214_ses-1_space-ACPC_desc-preproc_dwi.nii.gz	0.0	0.2641196131190791	0.1480826625851133	0.2243714682124225	0.2641196131190791	0.2243714682124225	0.1480826625851133	0.28822264658353	0.28822264658353	sub-20214	ses-1				space-ACPC			DSIStudio	autotrackgqi
CranialNerve_CNVIIL	li	TORTOISE_model-MAPMRI	/scratch/executivefunction/SLURM_8364170_16/job-8364170-16-sub-20214-ses-1/ds/inputs/data/qsiprep/qsiprep/sub-20214/ses-1/dwi/sub-20214_ses-1_space-ACPC_desc-preproc_dwi.nii.gz	0.0	0.1494976878166198	0.1114978939294815	0.1126424670219421	0.1494976878166198	0.1126424670219421	0.1114978939294815	0.1641940623521804	0.1641940623521804	sub-20214	ses-1				space-ACPC			DSIStudio	autotrackgqi
CranialNerve_CNVIIL	ng	TORTOISE_model-MAPMRI	/scratch/executivefunction/SLURM_8364170_16/job-8364170-16-sub-20214-ses-1/ds/inputs/data/qsiprep/qsiprep/sub-20214/ses-1/dwi/sub-20214_ses-1_space-ACPC_desc-preproc_dwi.nii.gz	0.0	0.3555991351604461	0.0948408469557762	0.3541650772094726	0.3555991351604461	0.3541650772094726	0.0948408469557762	0.3366958200931549	0.3366958200931549	sub-20214	ses-1				space-ACPC			DSIStudio	autotrackgqi
CranialNerve_CNVIIL	ngpar	TORTOISE_model-MAPMRI	/scratch/executivefunction/SLURM_8364170_16/job-8364170-16-sub-20214-ses-1/ds/inputs/data/qsiprep/qsiprep/sub-20214/ses-1/dwi/sub-20214_ses-1_space-ACPC_desc-preproc_dwi.nii.gz	0.0	0.1670581102371215	0.0353555902838707	0.1613020002841949	0.1670581102371215	0.1613020002841949	0.0353555902838707	0.1680921763181686	0.1680921763181686	sub-20214	ses-1				space-ACPC			DSIStudio	autotrackgqi
CranialNerve_CNVIIL	ngperp	TORTOISE_model-MAPMRI	/scratch/executivefunction/SLURM_8364170_16/job-8364170-16-sub-20214-ses-1/ds/inputs/data/qsiprep/qsiprep/sub-20214/ses-1/dwi/sub-20214_ses-1_space-ACPC_desc-preproc_dwi.nii.gz	0.0	0.2945374250411987	0.0829950645565986	0.2922917008399963	0.2945374250411987	0.2922917008399963	0.0829950645565986	0.2799335718154907	0.2799335718154907	sub-20214	ses-1				space-ACPC			DSIStudio	autotrackgqi
CranialNerve_CNVIIL	pa	TORTOISE_model-MAPMRI	/scratch/executivefunction/SLURM_8364170_16/job-8364170-16-sub-20214-ses-1/ds/inputs/data/qsiprep/qsiprep/sub-20214/ses-1/dwi/sub-20214_ses-1_space-ACPC_desc-preproc_dwi.nii.gz	0.0	0.6496288776397705	0.198153868317604	0.6776220798492432	0.6496288776397705	0.6776220798492432	0.198153868317604	0.6536544561386108	0.6536544561386108	sub-20214	ses-1				space-ACPC			DSIStudio	autotrackgqi
CranialNerve_CNVIIL	path	TORTOISE_model-MAPMRI	/scratch/executivefunction/SLURM_8364170_16/job-8364170-16-sub-20214-ses-1/ds/inputs/data/qsiprep/qsiprep/sub-20214/ses-1/dwi/sub-20214_ses-1_space-ACPC_desc-preproc_dwi.nii.gz	0.0	0.2470718771219253	0.0910178050398826	0.2363472431898117	0.2470718771219253	0.2363472431898117	0.0910178050398826	0.2444976568222046	0.2444976568222046	sub-20214	ses-1				space-ACPC			DSIStudio	autotrackgqi
CranialNerve_CNVIIL	rd	TORTOISE_model-MAPMRI	/scratch/executivefunction/SLURM_8364170_16/job-8364170-16-sub-20214-ses-1/ds/inputs/data/qsiprep/qsiprep/sub-20214/ses-1/dwi/sub-20214_ses-1_space-ACPC_desc-preproc_dwi.nii.gz	0.0	1101.3336452987946	805.1853928207522	651.3673190839316	1101.3336452987946	651.3673190839316	805.1853928207522	715.0854757616319	715.0854757616319	sub-20214	ses-1				space-ACPC			DSIStudio	autotrackgqi
CranialNerve_CNVIIL	rtap	TORTOISE_model-MAPMRI	/scratch/executivefunction/SLURM_8364170_16/job-8364170-16-sub-20214-ses-1/ds/inputs/data/qsiprep/qsiprep/sub-20214/ses-1/dwi/sub-20214_ses-1_space-ACPC_desc-preproc_dwi.nii.gz	0.0	0.0094538526609539	0.0056121875531971	0.0100847799330949	0.0094538526609539	0.0100847799330949	0.0056121875531971	0.0120545346289873	0.0120545346289873	sub-20214	ses-1				space-ACPC			DSIStudio	autotrackgqi
CranialNerve_CNVIIL	rtop	TORTOISE_model-MAPMRI	/scratch/executivefunction/SLURM_8364170_16/job-8364170-16-sub-20214-ses-1/ds/inputs/data/qsiprep/qsiprep/sub-20214/ses-1/dwi/sub-20214_ses-1_space-ACPC_desc-preproc_dwi.nii.gz	0.0	0.0002021545660682	0.0001251523353857	0.0002366232511121	0.0002021545660682	0.0002366232511121	0.0001251523353857	0.0002703767677303	0.0002703767677303	sub-20214	ses-1				space-ACPC			DSIStudio	autotrackgqi
CranialNerve_CNVIIL	rtpp	TORTOISE_model-MAPMRI	/scratch/executivefunction/SLURM_8364170_16/job-8364170-16-sub-20214-ses-1/ds/inputs/data/qsiprep/qsiprep/sub-20214/ses-1/dwi/sub-20214_ses-1_space-ACPC_desc-preproc_dwi.nii.gz	0.0	0.0420142002403736	0.012950618751347	0.0465232506394386	0.0420142002403736	0.0465232506394386	0.012950618751347	0.0484695881605148	0.0484695881605148	sub-20214	ses-1				space-ACPC			DSIStudio	autotrackgqi
CranialNerve_CNIIIR	ad	TORTOISE_model-MAPMRI	/scratch/executivefunction/SLURM_8364170_16/job-8364170-16-sub-20214-ses-1/ds/inputs/data/qsiprep/qsiprep/sub-20214/ses-1/dwi/sub-20214_ses-1_space-ACPC_desc-preproc_dwi.nii.gz	0.0	1672.267614688793	767.4493361923217	1362.5077387120516	1672.267614688793	1362.5077387120516	767.4493361923217	1904.3769794387588	1904.3769794387588	sub-20214	ses-1				space-ACPC			DSIStudio	autotrackgqi
CranialNerve_CNIIIR	am	TORTOISE_model-MAPMRI	/scratch/executivefunction/SLURM_8364170_16/job-8364170-16-sub-20214-ses-1/ds/inputs/data/qsiprep/qsiprep/sub-20214/ses-1/dwi/sub-20214_ses-1_space-ACPC_desc-preproc_dwi.nii.gz	0.0	603.2593994140625	242.8028259277344	537.8642578125	603.2593994140625	537.8642578125	242.8028259277344	655.8101806640625	655.8101806640625	sub-20214	ses-1				space-ACPC			DSIStudio	autotrackgqi
CranialNerve_CNIIIR	fa	TORTOISE_model-MAPMRI	/scratch/executivefunction/SLURM_8364170_16/job-8364170-16-sub-20214-ses-1/ds/inputs/data/qsiprep/qsiprep/sub-20214/ses-1/dwi/sub-20214_ses-1_space-ACPC_desc-preproc_dwi.nii.gz	0.0	0.3586667749120633	0.159172886839125	0.3410255515842268	0.3586667749120633	0.3410255515842268	0.159172886839125	0.3334135755254731	0.3334135755254731	sub-20214	ses-1				space-ACPC			DSIStudio	autotrackgqi
CranialNerve_CNIIIR	li	TORTOISE_model-MAPMRI	/scratch/executivefunction/SLURM_8364170_16/job-8364170-16-sub-20214-ses-1/ds/inputs/data/qsiprep/qsiprep/sub-20214/ses-1/dwi/sub-20214_ses-1_space-ACPC_desc-preproc_dwi.nii.gz	0.0	0.2163345664739608	0.1157972738146781	0.2051501423120498	0.2163345664739608	0.2051501423120498	0.1157972738146781	0.1936962604522705	0.1936962604522705	sub-20214	ses-1				space-ACPC			DSIStudio	autotrackgqi
CranialNerve_CNIIIR	ng	TORTOISE_model-MAPMRI	/scratch/executivefunction/SLURM_8364170_16/job-8364170-16-sub-20214-ses-1/ds/inputs/data/qsiprep/qsiprep/sub-20214/ses-1/dwi/sub-20214_ses-1_space-ACPC_desc-preproc_dwi.nii.gz	0.0	0.346081018447876	0.0939464345574379	0.3485007584095001	0.346081018447876	0.3485007584095001	0.0939464345574379	0.366184800863266	0.366184800863266	sub-20214	ses-1				space-ACPC			DSIStudio	autotrackgqi
CranialNerve_CNIIIR	ngpar	TORTOISE_model-MAPMRI	/scratch/executivefunction/SLURM_8364170_16/job-8364170-16-sub-20214-ses-1/ds/inputs/data/qsiprep/qsiprep/sub-20214/ses-1/dwi/sub-20214_ses-1_space-ACPC_desc-preproc_dwi.nii.gz	0.0	0.1641493886709213	0.0400688722729682	0.1651664823293686	0.1641493886709213	0.1651664823293686	0.0400688722729682	0.1759693622589111	0.1759693622589111	sub-20214	ses-1				space-ACPC			DSIStudio	autotrackgqi
CranialNerve_CNIIIR	ngperp	TORTOISE_model-MAPMRI	/scratch/executivefunction/SLURM_8364170_16/job-8364170-16-sub-20214-ses-1/ds/inputs/data/qsiprep/qsiprep/sub-20214/ses-1/dwi/sub-20214_ses-1_space-ACPC_desc-preproc_dwi.nii.gz	0.0	0.2881978154182434	0.0798161476850509	0.2874164879322052	0.2881978154182434	0.2874164879322052	0.0798161476850509	0.3057020604610443	0.3057020604610443	sub-20214	ses-1				space-ACPC			DSIStudio	autotrackgqi
CranialNerve_CNIIIR	pa	TORTOISE_model-MAPMRI	/scratch/executivefunction/SLURM_8364170_16/job-8364170-16-sub-20214-ses-1/ds/inputs/data/qsiprep/qsiprep/sub-20214/ses-1/dwi/sub-20214_ses-1_space-ACPC_desc-preproc_dwi.nii.gz	0.0	0.7464728355407715	0.145024687051773	0.7656407356262207	0.7464728355407715	0.7656407356262207	0.145024687051773	0.7533456087112427	0.7533456087112427	sub-20214	ses-1				space-ACPC			DSIStudio	autotrackgqi
CranialNerve_CNIIIR	path	TORTOISE_model-MAPMRI	/scratch/executivefunction/SLURM_8364170_16/job-8364170-16-sub-20214-ses-1/ds/inputs/data/qsiprep/qsiprep/sub-20214/ses-1/dwi/sub-20214_ses-1_space-ACPC_desc-preproc_dwi.nii.gz	0.0	0.2846051156520843	0.0763677433133125	0.2758369743824005	0.2846051156520843	0.2758369743824005	0.0763677433133125	0.2837972044944763	0.2837972044944763	sub-20214	ses-1				space-ACPC			DSIStudio	autotrackgqi
CranialNerve_CNIIIR	rd	TORTOISE_model-MAPMRI	/scratch/executivefunction/SLURM_8364170_16/job-8364170-16-sub-20214-ses-1/ds/inputs/data/qsiprep/qsiprep/sub-20214/ses-1/dwi/sub-20214_ses-1_space-ACPC_desc-preproc_dwi.nii.gz	0.0	1026.658436418606	709.3852166216556	695.801355427301	1026.658436418606	695.801355427301	709.3852166216556	1247.687047121141	1247.687047121141	sub-20214	ses-1				space-ACPC			DSIStudio	autotrackgqi
CranialNerve_CNIIIR	rtap	TORTOISE_model-MAPMRI	/scratch/executivefunction/SLURM_8364170_16/job-8364170-16-sub-20214-ses-1/ds/inputs/data/qsiprep/qsiprep/sub-20214/ses-1/dwi/sub-20214_ses-1_space-ACPC_desc-preproc_dwi.nii.gz	0.0	0.0096031697466969	0.0050879116170108	0.0098058534786105	0.0096031697466969	0.0098058534786105	0.0050879116170108	0.0082423519343137	0.0082423519343137	sub-20214	ses-1				space-ACPC			DSIStudio	autotrackgqi
CranialNerve_CNIIIR	rtop	TORTOISE_model-MAPMRI	/scratch/executivefunction/SLURM_8364170_16/job-8364170-16-sub-20214-ses-1/ds/inputs/data/qsiprep/qsiprep/sub-20214/ses-1/dwi/sub-20214_ses-1_space-ACPC_desc-preproc_dwi.nii.gz	0.0	0.0001827963424148	0.0001036069952533	0.000191804167116	0.0001827963424148	0.000191804167116	0.0001036069952533	0.0001529606524854	0.0001529606524854	sub-20214	ses-1				space-ACPC			DSIStudio	autotrackgqi
CranialNerve_CNIIIR	rtpp	TORTOISE_model-MAPMRI	/scratch/executivefunction/SLURM_8364170_16/job-8364170-16-sub-20214-ses-1/ds/inputs/data/qsiprep/qsiprep/sub-20214/ses-1/dwi/sub-20214_ses-1_space-ACPC_desc-preproc_dwi.nii.gz	0.0	0.0381451584398746	0.0086835548281669	0.0408650860190391	0.0381451584398746	0.0408650860190391	0.0086835548281669	0.0348731726408004	0.0348731726408004	sub-20214	ses-1				space-ACPC			DSIStudio	autotrackgqi
CranialNerve_CNVIIIR	ad	TORTOISE_model-MAPMRI	/scratch/executivefunction/SLURM_8364170_16/job-8364170-16-sub-20214-ses-1/ds/inputs/data/qsiprep/qsiprep/sub-20214/ses-1/dwi/sub-20214_ses-1_space-ACPC_desc-preproc_dwi.nii.gz	0.0	1561.926926782012	919.5853342448924	1170.9474284895064	1561.926926782012	1170.9474284895064	919.5853342448924	1858.5026036064755	1858.5026036064755	sub-20214	ses-1				space-ACPC			DSIStudio	autotrackgqi
CranialNerve_CNVIIIR	am	TORTOISE_model-MAPMRI	/scratch/executivefunction/SLURM_8364170_16/job-8364170-16-sub-20214-ses-1/ds/inputs/data/qsiprep/qsiprep/sub-20214/ses-1/dwi/sub-20214_ses-1_space-ACPC_desc-preproc_dwi.nii.gz	0.0	807.1768188476562	339.7368469238281	674.5660400390625	807.1768188476562	674.5660400390625	339.7368469238281	911.7586669921876	911.7586669921876	sub-20214	ses-1				space-ACPC			DSIStudio	autotrackgqi
CranialNerve_CNVIIIR	fa	TORTOISE_model-MAPMRI	/scratch/executivefunction/SLURM_8364170_16/job-8364170-16-sub-20214-ses-1/ds/inputs/data/qsiprep/qsiprep/sub-20214/ses-1/dwi/sub-20214_ses-1_space-ACPC_desc-preproc_dwi.nii.gz	0.0	0.2929496175798361	0.1702339569240462	0.2476938094919475	0.2929496175798361	0.2476938094919475	0.1702339569240462	0.287143164807939	0.287143164807939	sub-20214	ses-1				space-ACPC			DSIStudio	autotrackgqi
CranialNerve_CNVIIIR	li	TORTOISE_model-MAPMRI	/scratch/executivefunction/SLURM_8364170_16/job-8364170-16-sub-20214-ses-1/ds/inputs/data/qsiprep/qsiprep/sub-20214/ses-1/dwi/sub-20214_ses-1_space-ACPC_desc-preproc_dwi.nii.gz	0.0	0.1666333377361297	0.1221733093261718	0.127035841345787	0.1666333377361297	0.127035841345787	0.1221733093261718	0.1585273146629333	0.1585273146629333	sub-20214	ses-1				space-ACPC			DSIStudio	autotrackgqi
CranialNerve_CNVIIIR	ng	TORTOISE_model-MAPMRI	/scratch/executivefunction/SLURM_8364170_16/job-8364170-16-sub-20214-ses-1/ds/inputs/data/qsiprep/qsiprep/sub-20214/ses-1/dwi/sub-20214_ses-1_space-ACPC_desc-preproc_dwi.nii.gz	0.0	0.3430797159671783	0.0835389494895935	0.3460623025894165	0.3430797159671783	0.3460623025894165	0.0835389494895935	0.3778166174888611	0.3778166174888611	sub-20214	ses-1				space-ACPC			DSIStudio	autotrackgqi
CranialNerve_CNVIIIR	ngpar	TORTOISE_model-MAPMRI	/scratch/executivefunction/SLURM_8364170_16/job-8364170-16-sub-20214-ses-1/ds/inputs/data/qsiprep/qsiprep/sub-20214/ses-1/dwi/sub-20214_ses-1_space-ACPC_desc-preproc_dwi.nii.gz	0.0	0.1642903685569763	0.0418577566742897	0.166031077504158	0.1642903685569763	0.166031077504158	0.0418577566742897	0.1703738868236541	0.1703738868236541	sub-20214	ses-1				space-ACPC			DSIStudio	autotrackgqi
CranialNerve_CNVIIIR	ngperp	TORTOISE_model-MAPMRI	/scratch/executivefunction/SLURM_8364170_16/job-8364170-16-sub-20214-ses-1/ds/inputs/data/qsiprep/qsiprep/sub-20214/ses-1/dwi/sub-20214_ses-1_space-ACPC_desc-preproc_dwi.nii.gz	0.0	0.2855558693408966	0.0743380486965179	0.2886287271976471	0.2855558693408966	0.2886287271976471	0.0743380486965179	0.316070944070816	0.316070944070816	sub-20214	ses-1				space-ACPC			DSIStudio	autotrackgqi
CranialNerve_CNVIIIR	pa	TORTOISE_model-MAPMRI	/scratch/executivefunction/SLURM_8364170_16/job-8364170-16-sub-20214-ses-1/ds/inputs/data/qsiprep/qsiprep/sub-20214/ses-1/dwi/sub-20214_ses-1_space-ACPC_desc-preproc_dwi.nii.gz	0.0	0.670741081237793	0.1913434118032455	0.6872186064720154	0.670741081237793	0.6872186064720154	0.1913434118032455	0.7185090780258179	0.7185090780258179	sub-20214	ses-1				space-ACPC			DSIStudio	autotrackgqi
CranialNerve_CNVIIIR	path	TORTOISE_model-MAPMRI	/scratch/executivefunction/SLURM_8364170_16/job-8364170-16-sub-20214-ses-1/ds/inputs/data/qsiprep/qsiprep/sub-20214/ses-1/dwi/sub-20214_ses-1_space-ACPC_desc-preproc_dwi.nii.gz	0.0	0.2566945254802704	0.0934503525495529	0.240185871720314	0.2566945254802704	0.240185871720314	0.0934503525495529	0.2716981768608093	0.2716981768608093	sub-20214	ses-1				space-ACPC			DSIStudio	autotrackgqi
CranialNerve_CNVIIIR	rd	TORTOISE_model-MAPMRI	/scratch/executivefunction/SLURM_8364170_16/job-8364170-16-sub-20214-ses-1/ds/inputs/data/qsiprep/qsiprep/sub-20214/ses-1/dwi/sub-20214_ses-1_space-ACPC_desc-preproc_dwi.nii.gz	0.0	1050.979777551997	790.0975915315681	685.0751531302261	1050.979777551997	685.0751531302261	790.0975915315681	1264.69028599494	1264.69028599494	sub-20214	ses-1				space-ACPC			DSIStudio	autotrackgqi
CranialNerve_CNVIIIR	rtap	TORTOISE_model-MAPMRI	/scratch/executivefunction/SLURM_8364170_16/job-8364170-16-sub-20214-ses-1/ds/inputs/data/qsiprep/qsiprep/sub-20214/ses-1/dwi/sub-20214_ses-1_space-ACPC_desc-preproc_dwi.nii.gz	0.0	0.0100609995424747	0.0058239707723259	0.0101331938058137	0.0100609995424747	0.0101331938058137	0.0058239707723259	0.0086341490969061	0.0086341490969061	sub-20214	ses-1				space-ACPC			DSIStudio	autotrackgqi
CranialNerve_CNVIIIR	rtop	TORTOISE_model-MAPMRI	/scratch/executivefunction/SLURM_8364170_16/job-8364170-16-sub-20214-ses-1/ds/inputs/data/qsiprep/qsiprep/sub-20214/ses-1/dwi/sub-20214_ses-1_space-ACPC_desc-preproc_dwi.nii.gz	0.0	0.0002079017867799	0.0001234865922015	0.0002263708156533	0.0002079017867799	0.0002263708156533	0.0001234865922015	0.0001708247291389	0.0001708247291389	sub-20214	ses-1				space-ACPC			DSIStudio	autotrackgqi
CranialNerve_CNVIIIR	rtpp	TORTOISE_model-MAPMRI	/scratch/executivefunction/SLURM_8364170_16/job-8364170-16-sub-20214-ses-1/ds/inputs/data/qsiprep/qsiprep/sub-20214/ses-1/dwi/sub-20214_ses-1_space-ACPC_desc-preproc_dwi.nii.gz	0.0	0.0414990447461605	0.0109612932428717	0.0446092523634433	0.0414990447461605	0.0446092523634433	0.0109612932428717	0.0370180681347847	0.0370180681347847	sub-20214	ses-1				space-ACPC			DSIStudio	autotrackgqi
CranialNerve_CNVIIR	ad	TORTOISE_model-MAPMRI	/scratch/executivefunction/SLURM_8364170_16/job-8364170-16-sub-20214-ses-1/ds/inputs/data/qsiprep/qsiprep/sub-20214/ses-1/dwi/sub-20214_ses-1_space-ACPC_desc-preproc_dwi.nii.gz	0.0	2398.020220226163	724.0980935821248	2382.2048469678084	2398.020220226163	2382.2048469678084	724.0980935821248	2318.6853945112	2318.685605336112	sub-20214	ses-1				space-ACPC			DSIStudio	autotrackgqi
CranialNerve_CNVIIR	am	TORTOISE_model-MAPMRI	/scratch/executivefunction/SLURM_8364170_16/job-8364170-16-sub-20214-ses-1/ds/inputs/data/qsiprep/qsiprep/sub-20214/ses-1/dwi/sub-20214_ses-1_space-ACPC_desc-preproc_dwi.nii.gz	0.0	964.1119384765624	470.0434875488281	748.850830078125	964.1119384765624	748.850830078125	470.0434875488281	920.66943359375	920.6695556640624	sub-20214	ses-1				space-ACPC			DSIStudio	autotrackgqi
CranialNerve_CNVIIR	fa	TORTOISE_model-MAPMRI	/scratch/executivefunction/SLURM_8364170_16/job-8364170-16-sub-20214-ses-1/ds/inputs/data/qsiprep/qsiprep/sub-20214/ses-1/dwi/sub-20214_ses-1_space-ACPC_desc-preproc_dwi.nii.gz	0.0	0.498574649625909	0.1662352159206268	0.4509663147369694	0.498574649625909	0.4509663147369694	0.1662352159206268	0.5179923818822091	0.517992427080852	sub-20214	ses-1				space-ACPC			DSIStudio	autotrackgqi
CranialNerve_CNVIIR	li	TORTOISE_model-MAPMRI	/scratch/executivefunction/SLURM_8364170_16/job-8364170-16-sub-20214-ses-1/ds/inputs/data/qsiprep/qsiprep/sub-20214/ses-1/dwi/sub-20214_ses-1_space-ACPC_desc-preproc_dwi.nii.gz	0.0	0.3253737688064575	0.1471476405858993	0.2791807353496551	0.3253737688064575	0.2791807353496551	0.1471476405858993	0.3494985103607178	0.3494985401630401	sub-20214	ses-1				space-ACPC			DSIStudio	autotrackgqi
CranialNerve_CNVIIR	ng	TORTOISE_model-MAPMRI	/scratch/executivefunction/SLURM_8364170_16/job-8364170-16-sub-20214-ses-1/ds/inputs/data/qsiprep/qsiprep/sub-20214/ses-1/dwi/sub-20214_ses-1_space-ACPC_desc-preproc_dwi.nii.gz	0.0	0.4676184952259063	0.064231052994728	0.481238305568695	0.4676184952259063	0.481238305568695	0.064231052994728	0.4611680507659912	0.4611680805683136	sub-20214	ses-1				space-ACPC			DSIStudio	autotrackgqi
CranialNerve_CNVIIR	ngpar	TORTOISE_model-MAPMRI	/scratch/executivefunction/SLURM_8364170_16/job-8364170-16-sub-20214-ses-1/ds/inputs/data/qsiprep/qsiprep/sub-20214/ses-1/dwi/sub-20214_ses-1_space-ACPC_desc-preproc_dwi.nii.gz	0.0	0.1507241129875183	0.0421808436512947	0.1423656195402145	0.1507241129875183	0.1423656195402145	0.0421808436512947	0.1506211012601852	0.1506211012601852	sub-20214	ses-1				space-ACPC			DSIStudio	autotrackgqi
CranialNerve_CNVIIR	ngperp	TORTOISE_model-MAPMRI	/scratch/executivefunction/SLURM_8364170_16/job-8364170-16-sub-20214-ses-1/ds/inputs/data/qsiprep/qsiprep/sub-20214/ses-1/dwi/sub-20214_ses-1_space-ACPC_desc-preproc_dwi.nii.gz	0.0	0.4174013435840606	0.0674445927143096	0.4396085143089294	0.4174013435840606	0.4396085143089294	0.0674445927143096	0.4088581502437591	0.4088582098484039	sub-20214	ses-1				space-ACPC			DSIStudio	autotrackgqi
CranialNerve_CNVIIR	pa	TORTOISE_model-MAPMRI	/scratch/executivefunction/SLURM_8364170_16/job-8364170-16-sub-20214-ses-1/ds/inputs/data/qsiprep/qsiprep/sub-20214/ses-1/dwi/sub-20214_ses-1_space-ACPC_desc-preproc_dwi.nii.gz	0.0	0.9204590916633606	0.0450692437589168	0.931493043899536	0.9204590916633606	0.931493043899536	0.0450692437589168	0.9224986433982848	0.9224987030029296	sub-20214	ses-1				space-ACPC			DSIStudio	autotrackgqi
CranialNerve_CNVIIR	path	TORTOISE_model-MAPMRI	/scratch/executivefunction/SLURM_8364170_16/job-8364170-16-sub-20214-ses-1/ds/inputs/data/qsiprep/qsiprep/sub-20214/ses-1/dwi/sub-20214_ses-1_space-ACPC_desc-preproc_dwi.nii.gz	0.0	0.4196721613407135	0.0749619007110595	0.4169356226921081	0.4196721613407135	0.4169356226921081	0.0749619007110595	0.4209654629230499	0.4209654927253723	sub-20214	ses-1				space-ACPC			DSIStudio	autotrackgqi
CranialNerve_CNVIIR	rd	TORTOISE_model-MAPMRI	/scratch/executivefunction/SLURM_8364170_16/job-8364170-16-sub-20214-ses-1/ds/inputs/data/qsiprep/qsiprep/sub-20214/ses-1/dwi/sub-20214_ses-1_space-ACPC_desc-preproc_dwi.nii.gz	0.0	1096.903005388322	542.3360079976993	1228.7203889009706	1096.903005388322	1228.7203889009706	542.3360079976993	1010.5591646720434	1010.5592586417914	sub-20214	ses-1				space-ACPC			DSIStudio	autotrackgqi
CranialNerve_CNVIIR	rtap	TORTOISE_model-MAPMRI	/scratch/executivefunction/SLURM_8364170_16/job-8364170-16-sub-20214-ses-1/ds/inputs/data/qsiprep/qsiprep/sub-20214/ses-1/dwi/sub-20214_ses-1_space-ACPC_desc-preproc_dwi.nii.gz	0.0	0.0118115115910768	0.0108369383960962	0.0065422309562563	0.0118115115910768	0.0065422309562563	0.0108369383960962	0.0124777927994728	0.0124777937307953	sub-20214	ses-1				space-ACPC			DSIStudio	autotrackgqi
CranialNerve_CNVIIR	rtop	TORTOISE_model-MAPMRI	/scratch/executivefunction/SLURM_8364170_16/job-8364170-16-sub-20214-ses-1/ds/inputs/data/qsiprep/qsiprep/sub-20214/ses-1/dwi/sub-20214_ses-1_space-ACPC_desc-preproc_dwi.nii.gz	0.0	0.0001980600936803	0.0002248309174319	9.195777238346636e-05	0.0001980600936803	9.195777238346636e-05	0.0002248309174319	0.000206258133403	0.0002062581479549	sub-20214	ses-1				space-ACPC			DSIStudio	autotrackgqi
CranialNerve_CNVIIR	rtpp	TORTOISE_model-MAPMRI	/scratch/executivefunction/SLURM_8364170_16/job-8364170-16-sub-20214-ses-1/ds/inputs/data/qsiprep/qsiprep/sub-20214/ses-1/dwi/sub-20214_ses-1_space-ACPC_desc-preproc_dwi.nii.gz	0.0	0.0308223087340593	0.0060796160250902	0.0290191937237977	0.0308223087340593	0.0290191937237977	0.0060796160250902	0.0314194001257419	0.0314194001257419	sub-20214	ses-1				space-ACPC			DSIStudio	autotrackgqi
CranialNerve_CNVR	ad	TORTOISE_model-MAPMRI	/scratch/executivefunction/SLURM_8364170_16/job-8364170-16-sub-20214-ses-1/ds/inputs/data/qsiprep/qsiprep/sub-20214/ses-1/dwi/sub-20214_ses-1_space-ACPC_desc-preproc_dwi.nii.gz	0.0	1611.7670990043212	958.9910115927592	1261.904678678169	1611.7670990043212	1261.904678678169	958.9910115927592	1615.97248437916	1615.97248437916	sub-20214	ses-1				space-ACPC			DSIStudio	autotrackgqi
CranialNerve_CNVR	am	TORTOISE_model-MAPMRI	/scratch/executivefunction/SLURM_8364170_16/job-8364170-16-sub-20214-ses-1/ds/inputs/data/qsiprep/qsiprep/sub-20214/ses-1/dwi/sub-20214_ses-1_space-ACPC_desc-preproc_dwi.nii.gz	0.0	783.476806640625	367.9228515625	665.05126953125	783.476806640625	665.05126953125	367.9228515625	799.5537109375	799.5537109375	sub-20214	ses-1				space-ACPC			DSIStudio	autotrackgqi
CranialNerve_CNVR	fa	TORTOISE_model-MAPMRI	/scratch/executivefunction/SLURM_8364170_16/job-8364170-16-sub-20214-ses-1/ds/inputs/data/qsiprep/qsiprep/sub-20214/ses-1/dwi/sub-20214_ses-1_space-ACPC_desc-preproc_dwi.nii.gz	0.0	0.3392686986443469	0.1911112167641383	0.2914234960838451	0.3392686986443469	0.2914234960838451	0.1911112167641383	0.3759630776396123	0.3759630776396123	sub-20214	ses-1				space-ACPC			DSIStudio	autotrackgqi
CranialNerve_CNVR	li	TORTOISE_model-MAPMRI	/scratch/executivefunction/SLURM_8364170_16/job-8364170-16-sub-20214-ses-1/ds/inputs/data/qsiprep/qsiprep/sub-20214/ses-1/dwi/sub-20214_ses-1_space-ACPC_desc-preproc_dwi.nii.gz	0.0	0.2011429667472839	0.1436777114868164	0.1567797809839248	0.2011429667472839	0.1567797809839248	0.1436777114868164	0.2231101393699646	0.2231101393699646	sub-20214	ses-1				space-ACPC			DSIStudio	autotrackgqi
CranialNerve_CNVR	ng	TORTOISE_model-MAPMRI	/scratch/executivefunction/SLURM_8364170_16/job-8364170-16-sub-20214-ses-1/ds/inputs/data/qsiprep/qsiprep/sub-20214/ses-1/dwi/sub-20214_ses-1_space-ACPC_desc-preproc_dwi.nii.gz	0.0	0.3675559461116791	0.0888238102197647	0.3651392161846161	0.3675559461116791	0.3651392161846161	0.0888238102197647	0.382189929485321	0.382189929485321	sub-20214	ses-1				space-ACPC			DSIStudio	autotrackgqi
CranialNerve_CNVR	ngpar	TORTOISE_model-MAPMRI	/scratch/executivefunction/SLURM_8364170_16/job-8364170-16-sub-20214-ses-1/ds/inputs/data/qsiprep/qsiprep/sub-20214/ses-1/dwi/sub-20214_ses-1_space-ACPC_desc-preproc_dwi.nii.gz	0.0	0.1655115485191345	0.040858905762434	0.1622650325298309	0.1655115485191345	0.1622650325298309	0.040858905762434	0.1662635952234268	0.1662635952234268	sub-20214	ses-1				space-ACPC			DSIStudio	autotrackgqi
CranialNerve_CNVR	ngperp	TORTOISE_model-MAPMRI	/scratch/executivefunction/SLURM_8364170_16/job-8364170-16-sub-20214-ses-1/ds/inputs/data/qsiprep/qsiprep/sub-20214/ses-1/dwi/sub-20214_ses-1_space-ACPC_desc-preproc_dwi.nii.gz	0.0	0.3071824014186859	0.0822034999728202	0.3058014512062073	0.3071824014186859	0.3058014512062073	0.0822034999728202	0.3232796490192413	0.3232796490192413	sub-20214	ses-1				space-ACPC			DSIStudio	autotrackgqi
CranialNerve_CNVR	pa	TORTOISE_model-MAPMRI	/scratch/executivefunction/SLURM_8364170_16/job-8364170-16-sub-20214-ses-1/ds/inputs/data/qsiprep/qsiprep/sub-20214/ses-1/dwi/sub-20214_ses-1_space-ACPC_desc-preproc_dwi.nii.gz	0.0	0.7240063548088074	0.1970535516738891	0.7848769426345825	0.7240063548088074	0.7848769426345825	0.1970535516738891	0.7792468070983887	0.7792468070983887	sub-20214	ses-1				space-ACPC			DSIStudio	autotrackgqi
CranialNerve_CNVR	path	TORTOISE_model-MAPMRI	/scratch/executivefunction/SLURM_8364170_16/job-8364170-16-sub-20214-ses-1/ds/inputs/data/qsiprep/qsiprep/sub-20214/ses-1/dwi/sub-20214_ses-1_space-ACPC_desc-preproc_dwi.nii.gz	0.0	0.2891107499599457	0.1062370091676712	0.2861347794532776	0.2891107499599457	0.2861347794532776	0.1062370091676712	0.3134685754776001	0.3134685754776001	sub-20214	ses-1				space-ACPC			DSIStudio	autotrackgqi
CranialNerve_CNVR	rd	TORTOISE_model-MAPMRI	/scratch/executivefunction/SLURM_8364170_16/job-8364170-16-sub-20214-ses-1/ds/inputs/data/qsiprep/qsiprep/sub-20214/ses-1/dwi/sub-20214_ses-1_space-ACPC_desc-preproc_dwi.nii.gz	0.0	982.1609062847224	750.0834951502608	669.5146347848384	982.1609062847224	669.5146347848384	750.0834951502608	944.0243100314136	944.0243100314136	sub-20214	ses-1				space-ACPC			DSIStudio	autotrackgqi
CranialNerve_CNVR	rtap	TORTOISE_model-MAPMRI	/scratch/executivefunction/SLURM_8364170_16/job-8364170-16-sub-20214-ses-1/ds/inputs/data/qsiprep/qsiprep/sub-20214/ses-1/dwi/sub-20214_ses-1_space-ACPC_desc-preproc_dwi.nii.gz	0.0	0.0110805099830031	0.0067181037738919	0.0103013413026928	0.0110805099830031	0.0103013413026928	0.0067181037738919	0.0117375217378139	0.0117375217378139	sub-20214	ses-1				space-ACPC			DSIStudio	autotrackgqi
CranialNerve_CNVR	rtop	TORTOISE_model-MAPMRI	/scratch/executivefunction/SLURM_8364170_16/job-8364170-16-sub-20214-ses-1/ds/inputs/data/qsiprep/qsiprep/sub-20214/ses-1/dwi/sub-20214_ses-1_space-ACPC_desc-preproc_dwi.nii.gz	0.0	0.0002227652294095	0.0001332649990217	0.0002350557479076	0.0002227652294095	0.0002350557479076	0.0001332649990217	0.0002325750538147	0.0002325750538147	sub-20214	ses-1				space-ACPC			DSIStudio	autotrackgqi
CranialNerve_CNVR	rtpp	TORTOISE_model-MAPMRI	/scratch/executivefunction/SLURM_8364170_16/job-8364170-16-sub-20214-ses-1/ds/inputs/data/qsiprep/qsiprep/sub-20214/ses-1/dwi/sub-20214_ses-1_space-ACPC_desc-preproc_dwi.nii.gz	0.0	0.0412262268364429	0.0111422948539257	0.0427643954753875	0.0412262268364429	0.0427643954753875	0.0111422948539257	0.0403721816837787	0.0403721816837787	sub-20214	ses-1				space-ACPC			DSIStudio	autotrackgqi
CranialNerve_CNIIIL	ad	TORTOISE_model-MAPMRI	/scratch/executivefunction/SLURM_8364170_16/job-8364170-16-sub-20214-ses-1/ds/inputs/data/qsiprep/qsiprep/sub-20214/ses-1/dwi/sub-20214_ses-1_space-ACPC_desc-preproc_dwi.nii.gz	0.0	1563.5478583244503	716.6403139132536	1306.8249592247148	1563.5478583244503	1306.8249592247148	716.6403139132536	1584.1140107515955	1584.1140107515955	sub-20214	ses-1				space-ACPC			DSIStudio	autotrackgqi
CranialNerve_CNIIIL	am	TORTOISE_model-MAPMRI	/scratch/executivefunction/SLURM_8364170_16/job-8364170-16-sub-20214-ses-1/ds/inputs/data/qsiprep/qsiprep/sub-20214/ses-1/dwi/sub-20214_ses-1_space-ACPC_desc-preproc_dwi.nii.gz	0.0	517.13427734375	193.34523010253903	473.2408447265625	517.13427734375	473.2408447265625	193.34523010253903	539.69189453125	539.69189453125	sub-20214	ses-1				space-ACPC			DSIStudio	autotrackgqi
CranialNerve_CNIIIL	fa	TORTOISE_model-MAPMRI	/scratch/executivefunction/SLURM_8364170_16/job-8364170-16-sub-20214-ses-1/ds/inputs/data/qsiprep/qsiprep/sub-20214/ses-1/dwi/sub-20214_ses-1_space-ACPC_desc-preproc_dwi.nii.gz	0.0	0.4069743551228753	0.1721583872837863	0.4053509285370987	0.4069743551228753	0.4053509285370987	0.1721583872837863	0.4126345733879109	0.4126345733879109	sub-20214	ses-1				space-ACPC			DSIStudio	autotrackgqi
CranialNerve_CNIIIL	li	TORTOISE_model-MAPMRI	/scratch/executivefunction/SLURM_8364170_16/job-8364170-16-sub-20214-ses-1/ds/inputs/data/qsiprep/qsiprep/sub-20214/ses-1/dwi/sub-20214_ses-1_space-ACPC_desc-preproc_dwi.nii.gz	0.0	0.2541143894195556	0.1379145979881286	0.2402955591678619	0.2541143894195556	0.2402955591678619	0.1379145979881286	0.2530739605426788	0.2530739605426788	sub-20214	ses-1				space-ACPC			DSIStudio	autotrackgqi
CranialNerve_CNIIIL	ng	TORTOISE_model-MAPMRI	/scratch/executivefunction/SLURM_8364170_16/job-8364170-16-sub-20214-ses-1/ds/inputs/data/qsiprep/qsiprep/sub-20214/ses-1/dwi/sub-20214_ses-1_space-ACPC_desc-preproc_dwi.nii.gz	0.0	0.3535703718662262	0.0846483185887336	0.350111722946167	0.3535703718662262	0.350111722946167	0.0846483185887336	0.3609398305416107	0.3609398305416107	sub-20214	ses-1				space-ACPC			DSIStudio	autotrackgqi
CranialNerve_CNIIIL	ngpar	TORTOISE_model-MAPMRI	/scratch/executivefunction/SLURM_8364170_16/job-8364170-16-sub-20214-ses-1/ds/inputs/data/qsiprep/qsiprep/sub-20214/ses-1/dwi/sub-20214_ses-1_space-ACPC_desc-preproc_dwi.nii.gz	0.0	0.1735200881958007	0.0396068096160888	0.1729019880294799	0.1735200881958007	0.1729019880294799	0.0396068096160888	0.1718377470970153	0.1718377470970153	sub-20214	ses-1				space-ACPC			DSIStudio	autotrackgqi
CranialNerve_CNIIIL	ngperp	TORTOISE_model-MAPMRI	/scratch/executivefunction/SLURM_8364170_16/job-8364170-16-sub-20214-ses-1/ds/inputs/data/qsiprep/qsiprep/sub-20214/ses-1/dwi/sub-20214_ses-1_space-ACPC_desc-preproc_dwi.nii.gz	0.0	0.2910507917404175	0.0686083659529686	0.2922734022140503	0.2910507917404175	0.2922734022140503	0.0686083659529686	0.3012734055519104	0.3012734055519104	sub-20214	ses-1				space-ACPC			DSIStudio	autotrackgqi
CranialNerve_CNIIIL	pa	TORTOISE_model-MAPMRI	/scratch/executivefunction/SLURM_8364170_16/job-8364170-16-sub-20214-ses-1/ds/inputs/data/qsiprep/qsiprep/sub-20214/ses-1/dwi/sub-20214_ses-1_space-ACPC_desc-preproc_dwi.nii.gz	0.0	0.7813706398010254	0.1327687948942184	0.8084537982940674	0.7813706398010254	0.8084537982940674	0.1327687948942184	0.7955437898635864	0.7955437898635864	sub-20214	ses-1				space-ACPC			DSIStudio	autotrackgqi
CranialNerve_CNIIIL	path	TORTOISE_model-MAPMRI	/scratch/executivefunction/SLURM_8364170_16/job-8364170-16-sub-20214-ses-1/ds/inputs/data/qsiprep/qsiprep/sub-20214/ses-1/dwi/sub-20214_ses-1_space-ACPC_desc-preproc_dwi.nii.gz	0.0	0.3049361705780029	0.0796495601534843	0.2999351620674133	0.3049361705780029	0.2999351620674133	0.0796495601534843	0.3100392818450928	0.3100392818450928	sub-20214	ses-1				space-ACPC			DSIStudio	autotrackgqi
CranialNerve_CNIIIL	rd	TORTOISE_model-MAPMRI	/scratch/executivefunction/SLURM_8364170_16/job-8364170-16-sub-20214-ses-1/ds/inputs/data/qsiprep/qsiprep/sub-20214/ses-1/dwi/sub-20214_ses-1_space-ACPC_desc-preproc_dwi.nii.gz	0.0	884.5536701248079	660.729337860827	618.5264303779113	884.5536701248079	618.5264303779113	660.729337860827	877.264623163289	877.264623163289	sub-20214	ses-1				space-ACPC			DSIStudio	autotrackgqi
CranialNerve_CNIIIL	rtap	TORTOISE_model-MAPMRI	/scratch/executivefunction/SLURM_8364170_16/job-8364170-16-sub-20214-ses-1/ds/inputs/data/qsiprep/qsiprep/sub-20214/ses-1/dwi/sub-20214_ses-1_space-ACPC_desc-preproc_dwi.nii.gz	0.0	0.0115140853449702	0.0059854025021195	0.0115358047187328	0.0115140853449702	0.0115358047187328	0.0059854025021195	0.011440485715866	0.011440485715866	sub-20214	ses-1				space-ACPC			DSIStudio	autotrackgqi
CranialNerve_CNIIIL	rtop	TORTOISE_model-MAPMRI	/scratch/executivefunction/SLURM_8364170_16/job-8364170-16-sub-20214-ses-1/ds/inputs/data/qsiprep/qsiprep/sub-20214/ses-1/dwi/sub-20214_ses-1_space-ACPC_desc-preproc_dwi.nii.gz	0.0	0.0002250161924166	0.0001176216464955	0.0002350805443711	0.0002250161924166	0.0002350805443711	0.0001176216464955	0.0002193147956859	0.0002193147956859	sub-20214	ses-1				space-ACPC			DSIStudio	autotrackgqi
CranialNerve_CNIIIL	rtpp	TORTOISE_model-MAPMRI	/scratch/executivefunction/SLURM_8364170_16/job-8364170-16-sub-20214-ses-1/ds/inputs/data/qsiprep/qsiprep/sub-20214/ses-1/dwi/sub-20214_ses-1_space-ACPC_desc-preproc_dwi.nii.gz	0.0	0.0397352129220962	0.0087433019652962	0.0418213829398155	0.0397352129220962	0.0418213829398155	0.0087433019652962	0.0389615185558795	0.0389615185558795	sub-20214	ses-1				space-ACPC			DSIStudio	autotrackgqi
CranialNerve_CNVL	ad	TORTOISE_model-MAPMRI	/scratch/executivefunction/SLURM_8364170_16/job-8364170-16-sub-20214-ses-1/ds/inputs/data/qsiprep/qsiprep/sub-20214/ses-1/dwi/sub-20214_ses-1_space-ACPC_desc-preproc_dwi.nii.gz	0.0011520737327188	1826.2377108821504	1075.073349394563	1331.2747329425529	1828.3440980919336	1331.4127756504852	1073.9015730790643	1817.5213034288267	1817.5945380787527	sub-20214	ses-1				space-ACPC			DSIStudio	autotrackgqi
CranialNerve_CNVL	am	TORTOISE_model-MAPMRI	/scratch/executivefunction/SLURM_8364170_16/job-8364170-16-sub-20214-ses-1/ds/inputs/data/qsiprep/qsiprep/sub-20214/ses-1/dwi/sub-20214_ses-1_space-ACPC_desc-preproc_dwi.nii.gz	0.0011520737327188	812.9993286132812	415.0877075195313	641.7628784179688	813.9370727539062	642.447509765625	414.4071350097656	804.0330810546875	804.0654907226562	sub-20214	ses-1				space-ACPC			DSIStudio	autotrackgqi
CranialNerve_CNVL	fa	TORTOISE_model-MAPMRI	/scratch/executivefunction/SLURM_8364170_16/job-8364170-16-sub-20214-ses-1/ds/inputs/data/qsiprep/qsiprep/sub-20214/ses-1/dwi/sub-20214_ses-1_space-ACPC_desc-preproc_dwi.nii.gz	0.0011520737327188	0.3401428836891527	0.1847967111857803	0.3072859419337823	0.3405352053543074	0.3073850664834905	0.184541631130932	0.3937543422712866	0.3937702077446693	sub-20214	ses-1				space-ACPC			DSIStudio	autotrackgqi
CranialNerve_CNVL	li	TORTOISE_model-MAPMRI	/scratch/executivefunction/SLURM_8364170_16/job-8364170-16-sub-20214-ses-1/ds/inputs/data/qsiprep/qsiprep/sub-20214/ses-1/dwi/sub-20214_ses-1_space-ACPC_desc-preproc_dwi.nii.gz	0.0011520737327188	0.2019741237163543	0.145770326256752	0.163746178150177	0.2022070735692978	0.1637598127126693	0.1456928104162216	0.2424419373273849	0.2424516975879669	sub-20214	ses-1				space-ACPC			DSIStudio	autotrackgqi
CranialNerve_CNVL	ng	TORTOISE_model-MAPMRI	/scratch/executivefunction/SLURM_8364170_16/job-8364170-16-sub-20214-ses-1/ds/inputs/data/qsiprep/qsiprep/sub-20214/ses-1/dwi/sub-20214_ses-1_space-ACPC_desc-preproc_dwi.nii.gz	0.0011520737327188	0.3643589317798614	0.0866301208734512	0.3632594048976898	0.3647791743278503	0.3632765114307403	0.0857912302017211	0.3850137591361999	0.3850292563438415	sub-20214	ses-1				space-ACPC			DSIStudio	autotrackgqi
CranialNerve_CNVL	ngpar	TORTOISE_model-MAPMRI	/scratch/executivefunction/SLURM_8364170_16/job-8364170-16-sub-20214-ses-1/ds/inputs/data/qsiprep/qsiprep/sub-20214/ses-1/dwi/sub-20214_ses-1_space-ACPC_desc-preproc_dwi.nii.gz	0.0011520737327188	0.1619427949190139	0.040857944637537	0.1590077430009842	0.1621295809745788	0.1590166389942169	0.0405094251036644	0.1638077795505523	0.1638143956661224	sub-20214	ses-1				space-ACPC			DSIStudio	autotrackgqi
CranialNerve_CNVL	ngperp	TORTOISE_model-MAPMRI	/scratch/executivefunction/SLURM_8364170_16/job-8364170-16-sub-20214-ses-1/ds/inputs/data/qsiprep/qsiprep/sub-20214/ses-1/dwi/sub-20214_ses-1_space-ACPC_desc-preproc_dwi.nii.gz	0.0011520737327188	0.3027330338954925	0.0787589028477668	0.3028236031532287	0.3030821979045868	0.3032504022121429	0.0781299620866775	0.323542445898056	0.3235554695129394	sub-20214	ses-1				space-ACPC			DSIStudio	autotrackgqi
CranialNerve_CNVL	pa	TORTOISE_model-MAPMRI	/scratch/executivefunction/SLURM_8364170_16/job-8364170-16-sub-20214-ses-1/ds/inputs/data/qsiprep/qsiprep/sub-20214/ses-1/dwi/sub-20214_ses-1_space-ACPC_desc-preproc_dwi.nii.gz	0.0011520737327188	0.7414178252220154	0.1715927422046661	0.7799707651138306	0.7422729730606079	0.7800002098083496	0.1698330640792846	0.8018227815628052	0.8018550872802734	sub-20214	ses-1				space-ACPC			DSIStudio	autotrackgqi
CranialNerve_CNVL	path	TORTOISE_model-MAPMRI	/scratch/executivefunction/SLURM_8364170_16/job-8364170-16-sub-20214-ses-1/ds/inputs/data/qsiprep/qsiprep/sub-20214/ses-1/dwi/sub-20214_ses-1_space-ACPC_desc-preproc_dwi.nii.gz	0.0011520737327188	0.2914049923419952	0.0955454036593437	0.2834336161613464	0.2917411029338836	0.283449649810791	0.0950862541794776	0.3269312977790832	0.3269444704055786	sub-20214	ses-1				space-ACPC			DSIStudio	autotrackgqi
CranialNerve_CNVL	rd	TORTOISE_model-MAPMRI	/scratch/executivefunction/SLURM_8364170_16/job-8364170-16-sub-20214-ses-1/ds/inputs/data/qsiprep/qsiprep/sub-20214/ses-1/dwi/sub-20214_ses-1_space-ACPC_desc-preproc_dwi.nii.gz	0.0011520737327188	1175.897713090014	935.0472970487824	656.7365991285242	1177.2539964961154	657.1525943059742	934.7326853208756	1082.418733791969	1082.462348660931	sub-20214	ses-1				space-ACPC			DSIStudio	autotrackgqi
CranialNerve_CNVL	rtap	TORTOISE_model-MAPMRI	/scratch/executivefunction/SLURM_8364170_16/job-8364170-16-sub-20214-ses-1/ds/inputs/data/qsiprep/qsiprep/sub-20214/ses-1/dwi/sub-20214_ses-1_space-ACPC_desc-preproc_dwi.nii.gz	0.0011520737327188	0.0105063775554299	0.0074778450652956	0.010548448190093	0.0105184949934482	0.0105600766837596	0.0074736331589519	0.0119539070874452	0.0119543885812163	sub-20214	ses-1				space-ACPC			DSIStudio	autotrackgqi
CranialNerve_CNVL	rtop	TORTOISE_model-MAPMRI	/scratch/executivefunction/SLURM_8364170_16/job-8364170-16-sub-20214-ses-1/ds/inputs/data/qsiprep/qsiprep/sub-20214/ses-1/dwi/sub-20214_ses-1_space-ACPC_desc-preproc_dwi.nii.gz	0.0011520737327188	0.0002093921066261	0.0001525817642686	0.0002297067549079	0.0002096336247632	0.0002297819446539	0.0001525038242107	0.0002366555709159	0.0002366650878684	sub-20214	ses-1				space-ACPC			DSIStudio	autotrackgqi
CranialNerve_CNVL	rtpp	TORTOISE_model-MAPMRI	/scratch/executivefunction/SLURM_8364170_16/job-8364170-16-sub-20214-ses-1/ds/inputs/data/qsiprep/qsiprep/sub-20214/ses-1/dwi/sub-20214_ses-1_space-ACPC_desc-preproc_dwi.nii.gz	0.0011520737327188	0.0385935306549072	0.0117668230086565	0.0414365977048873	0.0386380441486835	0.0415448136627674	0.0117003377526998	0.03843355178833	0.0384351015090942	sub-20214	ses-1				space-ACPC			DSIStudio	autotrackgqi
