bundle	variable_name	qsirecon_suffix	source_file	zero_proportion	mean	stdev	median	masked_mean	masked_median	masked_stdev	weighted_mean	masked_weighted_mean	subject_id	session_id	task_id	dir_id	acq_id	space_id	rec_id	run_id	bundle_source	bundle_params_id
Association_ArcuateFasciculusL	directions	NODDI	/scratch/executivefunction/SLURM_13244013_93/job-13244013-93-sub-20865-ses-2/ds/inputs/data/qsiprep/qsiprep/sub-20865/ses-2/dwi/sub-20865_ses-2_space-ACPC_desc-preproc_dwi.nii.gz	38.0	-0.1106238216161727	0.5649362206459045	-0.1634140014648437	-0.1112723425030708	-0.1690088063478469	0.5665260553359985	-0.2215192466974258		sub-20865	ses-2				space-ACPC			DSIStudio	autotrackgqi
Association_ArcuateFasciculusL	icvf	NODDI	/scratch/executivefunction/SLURM_13244013_93/job-13244013-93-sub-20865-ses-2/ds/inputs/data/qsiprep/qsiprep/sub-20865/ses-2/dwi/sub-20865_ses-2_space-ACPC_desc-preproc_dwi.nii.gz	0.0127300613496932	0.4861644804477691	0.1727140098810196	0.4718219041824341	0.4924331903457641	0.4752303659915924	0.1647053211927414	0.5898571610450745	0.5901947617530823	sub-20865	ses-2				space-ACPC			DSIStudio	autotrackgqi
Association_ArcuateFasciculusL	isovf	NODDI	/scratch/executivefunction/SLURM_13244013_93/job-13244013-93-sub-20865-ses-2/ds/inputs/data/qsiprep/qsiprep/sub-20865/ses-2/dwi/sub-20865_ses-2_space-ACPC_desc-preproc_dwi.nii.gz	0.4280674846625767	0.0903947725892067	0.1533345580101013	0.0436981245875358	0.158051460981369	0.1141189932823181	0.1744007170200348	0.0885229706764221	0.1082214638590812	sub-20865	ses-2				space-ACPC			DSIStudio	autotrackgqi
Association_ArcuateFasciculusL	modulated_icvf	NODDI	/scratch/executivefunction/SLURM_13244013_93/job-13244013-93-sub-20865-ses-2/ds/inputs/data/qsiprep/qsiprep/sub-20865/ses-2/dwi/sub-20865_ses-2_space-ACPC_desc-preproc_dwi.nii.gz	0.0127300613496932	0.4368454217910766	0.1439961940050125	0.4470773935317993	0.442478209733963	0.4508098065853119	0.1360510289669037	0.5325513482093811	0.5328561663627625	sub-20865	ses-2				space-ACPC			DSIStudio	autotrackgqi
Association_ArcuateFasciculusL	modulated_od	NODDI	/scratch/executivefunction/SLURM_13244013_93/job-13244013-93-sub-20865-ses-2/ds/inputs/data/qsiprep/qsiprep/sub-20865/ses-2/dwi/sub-20865_ses-2_space-ACPC_desc-preproc_dwi.nii.gz	0.0115030674846625	0.3275603055953979	0.1731212586164474	0.2937931418418884	0.3313720822334289	0.2958338260650635	0.1704600304365158	0.2254172712564468	0.225536361336708	sub-20865	ses-2				space-ACPC			DSIStudio	autotrackgqi
Association_ArcuateFasciculusL	nrmse	NODDI	/scratch/executivefunction/SLURM_13244013_93/job-13244013-93-sub-20865-ses-2/ds/inputs/data/qsiprep/qsiprep/sub-20865/ses-2/dwi/sub-20865_ses-2_space-ACPC_desc-preproc_dwi.nii.gz	0.0058282208588957	0.1240573823451995	0.0561830513179302	0.1131906807422638	0.1247846558690071	0.1135186553001403	0.055536363273859	0.1199266836047172	0.1199619993567466	sub-20865	ses-2				space-ACPC			DSIStudio	autotrackgqi
Association_ArcuateFasciculusL	od	NODDI	/scratch/executivefunction/SLURM_13244013_93/job-13244013-93-sub-20865-ses-2/ds/inputs/data/qsiprep/qsiprep/sub-20865/ses-2/dwi/sub-20865_ses-2_space-ACPC_desc-preproc_dwi.nii.gz	0.0058282208588957	0.3659673929214477	0.1856433600187301	0.3338460326194763	0.3681128323078155	0.3350608646869659	0.1840536296367645	0.2452726662158966	0.2453448921442031	sub-20865	ses-2				space-ACPC			DSIStudio	autotrackgqi
Association_ArcuateFasciculusL	rmse	NODDI	/scratch/executivefunction/SLURM_13244013_93/job-13244013-93-sub-20865-ses-2/ds/inputs/data/qsiprep/qsiprep/sub-20865/ses-2/dwi/sub-20865_ses-2_space-ACPC_desc-preproc_dwi.nii.gz	0.0058282208588957	0.0494645647704601	0.0257043670862913	0.0450064465403556	0.0497545450925827	0.0451278984546661	0.0254982355982065	0.0507158152759075	0.050730749964714	sub-20865	ses-2				space-ACPC			DSIStudio	autotrackgqi
Association_ArcuateFasciculusL	tf	NODDI	/scratch/executivefunction/SLURM_13244013_93/job-13244013-93-sub-20865-ses-2/ds/inputs/data/qsiprep/qsiprep/sub-20865/ses-2/dwi/sub-20865_ses-2_space-ACPC_desc-preproc_dwi.nii.gz	0.0127300613496932	0.9037770047601016	0.1680834897319776	0.9530170261859894	0.9154304910728386	0.9566144347190856	0.133971604007077	0.9111826521554414	0.9117042251924288	sub-20865	ses-2				space-ACPC			DSIStudio	autotrackgqi
Association_HippocampusAlveusL	directions	NODDI	/scratch/executivefunction/SLURM_13244013_93/job-13244013-93-sub-20865-ses-2/ds/inputs/data/qsiprep/qsiprep/sub-20865/ses-2/dwi/sub-20865_ses-2_space-ACPC_desc-preproc_dwi.nii.gz	0.0	-0.1154006123542785	0.5656996369361877	-0.2417373061180114	-0.1154006123542785	-0.2417373061180114	0.5656996369361877	-0.4431608617305755		sub-20865	ses-2				space-ACPC			DSIStudio	autotrackgqi
Association_HippocampusAlveusL	icvf	NODDI	/scratch/executivefunction/SLURM_13244013_93/job-13244013-93-sub-20865-ses-2/ds/inputs/data/qsiprep/qsiprep/sub-20865/ses-2/dwi/sub-20865_ses-2_space-ACPC_desc-preproc_dwi.nii.gz	0.0209858467545143	0.4066057801246643	0.1625042408704757	0.3773632049560547	0.4153216481208801	0.381140261888504	0.1528194993734359	0.429002434015274	0.4315407276153564	sub-20865	ses-2				space-ACPC			DSIStudio	autotrackgqi
Association_HippocampusAlveusL	isovf	NODDI	/scratch/executivefunction/SLURM_13244013_93/job-13244013-93-sub-20865-ses-2/ds/inputs/data/qsiprep/qsiprep/sub-20865/ses-2/dwi/sub-20865_ses-2_space-ACPC_desc-preproc_dwi.nii.gz	0.4880429477794046	0.1619255989789962	0.2596673667430877	0.0091246031224727	0.3162874579429626	0.2081736326217651	0.2878922522068023	0.1984625458717346	0.279448390007019	sub-20865	ses-2				space-ACPC			DSIStudio	autotrackgqi
Association_HippocampusAlveusL	modulated_icvf	NODDI	/scratch/executivefunction/SLURM_13244013_93/job-13244013-93-sub-20865-ses-2/ds/inputs/data/qsiprep/qsiprep/sub-20865/ses-2/dwi/sub-20865_ses-2_space-ACPC_desc-preproc_dwi.nii.gz	0.0209858467545143	0.32677161693573	0.11929202824831	0.3330495059490204	0.3337762057781219	0.3356232941150665	0.1104430630803108	0.3289084434509277	0.3308544754981994	sub-20865	ses-2				space-ACPC			DSIStudio	autotrackgqi
Association_HippocampusAlveusL	modulated_od	NODDI	/scratch/executivefunction/SLURM_13244013_93/job-13244013-93-sub-20865-ses-2/ds/inputs/data/qsiprep/qsiprep/sub-20865/ses-2/dwi/sub-20865_ses-2_space-ACPC_desc-preproc_dwi.nii.gz	0.0122010736944851	0.2770756781101227	0.1944319307804107	0.2440746873617172	0.280498057603836	0.2461445331573486	0.1931598931550979	0.2028867304325103	0.2037327587604522	sub-20865	ses-2				space-ACPC			DSIStudio	autotrackgqi
Association_HippocampusAlveusL	nrmse	NODDI	/scratch/executivefunction/SLURM_13244013_93/job-13244013-93-sub-20865-ses-2/ds/inputs/data/qsiprep/qsiprep/sub-20865/ses-2/dwi/sub-20865_ses-2_space-ACPC_desc-preproc_dwi.nii.gz	0.0	0.1072904169559478	0.0255729593336582	0.1028781309723854	0.1072904169559478	0.1028781309723854	0.0255729593336582	0.1045542806386947	0.1045542806386947	sub-20865	ses-2				space-ACPC			DSIStudio	autotrackgqi
Association_HippocampusAlveusL	od	NODDI	/scratch/executivefunction/SLURM_13244013_93/job-13244013-93-sub-20865-ses-2/ds/inputs/data/qsiprep/qsiprep/sub-20865/ses-2/dwi/sub-20865_ses-2_space-ACPC_desc-preproc_dwi.nii.gz	0.0	0.3341178297996521	0.2045877426862716	0.2951571047306061	0.3341178297996521	0.2951571047306061	0.2045877426862716	0.2508550882339477	0.2508550882339477	sub-20865	ses-2				space-ACPC			DSIStudio	autotrackgqi
Association_HippocampusAlveusL	rmse	NODDI	/scratch/executivefunction/SLURM_13244013_93/job-13244013-93-sub-20865-ses-2/ds/inputs/data/qsiprep/qsiprep/sub-20865/ses-2/dwi/sub-20865_ses-2_space-ACPC_desc-preproc_dwi.nii.gz	0.0	0.038996584713459	0.0109132910147309	0.0372316874563694	0.038996584713459	0.0372316874563694	0.0109132910147309	0.0376507602632045	0.0376507602632045	sub-20865	ses-2				space-ACPC			DSIStudio	autotrackgqi
Association_HippocampusAlveusL	tf	NODDI	/scratch/executivefunction/SLURM_13244013_93/job-13244013-93-sub-20865-ses-2/ds/inputs/data/qsiprep/qsiprep/sub-20865/ses-2/dwi/sub-20865_ses-2_space-ACPC_desc-preproc_dwi.nii.gz	0.0209858467545143	0.8380744037190666	0.2596673680532977	0.9908754229545592	0.8560391092823367	0.9993072152137756	0.2312876974548674	0.8015374444057025	0.8062798582455597	sub-20865	ses-2				space-ACPC			DSIStudio	autotrackgqi
Association_ParietalAslantTractR	directions	NODDI	/scratch/executivefunction/SLURM_13244013_93/job-13244013-93-sub-20865-ses-2/ds/inputs/data/qsiprep/qsiprep/sub-20865/ses-2/dwi/sub-20865_ses-2_space-ACPC_desc-preproc_dwi.nii.gz	46.0	-0.0893695577979087	0.5683252811431885	-0.1209315583109855	-0.0900048539042472	-0.1258632689714431	0.5702915787696838	-0.19841930270195		sub-20865	ses-2				space-ACPC			DSIStudio	autotrackgqi
Association_ParietalAslantTractR	icvf	NODDI	/scratch/executivefunction/SLURM_13244013_93/job-13244013-93-sub-20865-ses-2/ds/inputs/data/qsiprep/qsiprep/sub-20865/ses-2/dwi/sub-20865_ses-2_space-ACPC_desc-preproc_dwi.nii.gz	0.0090532453582936	0.4224945902824402	0.138853520154953	0.404660552740097	0.4263544678688049	0.4069340825080871	0.1334569603204727	0.504248321056366	0.5046454071998596	sub-20865	ses-2				space-ACPC			DSIStudio	autotrackgqi
Association_ParietalAslantTractR	isovf	NODDI	/scratch/executivefunction/SLURM_13244013_93/job-13244013-93-sub-20865-ses-2/ds/inputs/data/qsiprep/qsiprep/sub-20865/ses-2/dwi/sub-20865_ses-2_space-ACPC_desc-preproc_dwi.nii.gz	0.564370108945834	0.0699783638119697	0.1410205513238906	0.0	0.1606371849775314	0.1074533239006996	0.1763164401054382	0.0767929553985595	0.1122134700417518	sub-20865	ses-2				space-ACPC			DSIStudio	autotrackgqi
Association_ParietalAslantTractR	modulated_icvf	NODDI	/scratch/executivefunction/SLURM_13244013_93/job-13244013-93-sub-20865-ses-2/ds/inputs/data/qsiprep/qsiprep/sub-20865/ses-2/dwi/sub-20865_ses-2_space-ACPC_desc-preproc_dwi.nii.gz	0.0090532453582936	0.3873193860054016	0.1185577809810638	0.3891801536083221	0.3908579051494598	0.3908324241638183	0.1131428182125091	0.4612188339233398	0.4615819454193115	sub-20865	ses-2				space-ACPC			DSIStudio	autotrackgqi
Association_ParietalAslantTractR	modulated_od	NODDI	/scratch/executivefunction/SLURM_13244013_93/job-13244013-93-sub-20865-ses-2/ds/inputs/data/qsiprep/qsiprep/sub-20865/ses-2/dwi/sub-20865_ses-2_space-ACPC_desc-preproc_dwi.nii.gz	0.0087463556851311	0.3562153577804565	0.1758773922920227	0.3431071937084198	0.3593584597110748	0.3455469012260437	0.1734252125024795	0.2535038888454437	0.2536941766738891	sub-20865	ses-2				space-ACPC			DSIStudio	autotrackgqi
Association_ParietalAslantTractR	nrmse	NODDI	/scratch/executivefunction/SLURM_13244013_93/job-13244013-93-sub-20865-ses-2/ds/inputs/data/qsiprep/qsiprep/sub-20865/ses-2/dwi/sub-20865_ses-2_space-ACPC_desc-preproc_dwi.nii.gz	0.0070584624827374	0.110276959836483	0.0513989441096782	0.0991653427481651	0.1110608726739883	0.099389798939228	0.0507303550839424	0.1012639999389648	0.101322665810585	sub-20865	ses-2				space-ACPC			DSIStudio	autotrackgqi
Association_ParietalAslantTractR	od	NODDI	/scratch/executivefunction/SLURM_13244013_93/job-13244013-93-sub-20865-ses-2/ds/inputs/data/qsiprep/qsiprep/sub-20865/ses-2/dwi/sub-20865_ses-2_space-ACPC_desc-preproc_dwi.nii.gz	0.0070584624827374	0.3833385407924652	0.1766263842582702	0.3706543147563934	0.3860635459423065	0.3724640607833862	0.1742601990699768	0.2717661261558532	0.2719235420227051	sub-20865	ses-2				space-ACPC			DSIStudio	autotrackgqi
Association_ParietalAslantTractR	rmse	NODDI	/scratch/executivefunction/SLURM_13244013_93/job-13244013-93-sub-20865-ses-2/ds/inputs/data/qsiprep/qsiprep/sub-20865/ses-2/dwi/sub-20865_ses-2_space-ACPC_desc-preproc_dwi.nii.gz	0.0070584624827374	0.042089570313692	0.0197731964290142	0.0383746996521949	0.0423887707293033	0.0384921357035636	0.0195211675018072	0.0406802929937839	0.040703859180212	sub-20865	ses-2				space-ACPC			DSIStudio	autotrackgqi
Association_ParietalAslantTractR	tf	NODDI	/scratch/executivefunction/SLURM_13244013_93/job-13244013-93-sub-20865-ses-2/ds/inputs/data/qsiprep/qsiprep/sub-20865/ses-2/dwi/sub-20865_ses-2_space-ACPC_desc-preproc_dwi.nii.gz	0.0090532453582936	0.9229631770493082	0.1609582425195178	1.0	0.9313953274745032	1.0	0.1352426730108584	0.922628030268336	0.923354505479623	sub-20865	ses-2				space-ACPC			DSIStudio	autotrackgqi
Association_VerticalOccipitalFasciculusR	directions	NODDI	/scratch/executivefunction/SLURM_13244013_93/job-13244013-93-sub-20865-ses-2/ds/inputs/data/qsiprep/qsiprep/sub-20865/ses-2/dwi/sub-20865_ses-2_space-ACPC_desc-preproc_dwi.nii.gz	58.0	-0.0046275951899588	0.5726760625839233	-0.0057424209080636	-0.0047031370922923	-0.0205793585628271	0.5773311257362366	0.1004160493612289		sub-20865	ses-2				space-ACPC			DSIStudio	autotrackgqi
Association_VerticalOccipitalFasciculusR	icvf	NODDI	/scratch/executivefunction/SLURM_13244013_93/job-13244013-93-sub-20865-ses-2/ds/inputs/data/qsiprep/qsiprep/sub-20865/ses-2/dwi/sub-20865_ses-2_space-ACPC_desc-preproc_dwi.nii.gz	0.0210468014400443	0.4642248451709747	0.1630043238401413	0.4650830328464508	0.47420534491539	0.4699696004390716	0.1496958434581756	0.5460335612297058	0.5479872822761536	sub-20865	ses-2				space-ACPC			DSIStudio	autotrackgqi
Association_VerticalOccipitalFasciculusR	isovf	NODDI	/scratch/executivefunction/SLURM_13244013_93/job-13244013-93-sub-20865-ses-2/ds/inputs/data/qsiprep/qsiprep/sub-20865/ses-2/dwi/sub-20865_ses-2_space-ACPC_desc-preproc_dwi.nii.gz	0.5031847133757962	0.0876266211271286	0.1694766581058502	0.0	0.1763766705989837	0.1003283113241195	0.2053277045488357	0.0758491903543472	0.115297794342041	sub-20865	ses-2				space-ACPC			DSIStudio	autotrackgqi
Association_VerticalOccipitalFasciculusR	modulated_icvf	NODDI	/scratch/executivefunction/SLURM_13244013_93/job-13244013-93-sub-20865-ses-2/ds/inputs/data/qsiprep/qsiprep/sub-20865/ses-2/dwi/sub-20865_ses-2_space-ACPC_desc-preproc_dwi.nii.gz	0.0210468014400443	0.4214743971824646	0.1509435921907425	0.4423500001430511	0.4305358231067657	0.4485364854335785	0.1391853094100952	0.5025510191917419	0.5043491125106812	sub-20865	ses-2				space-ACPC			DSIStudio	autotrackgqi
Association_VerticalOccipitalFasciculusR	modulated_od	NODDI	/scratch/executivefunction/SLURM_13244013_93/job-13244013-93-sub-20865-ses-2/ds/inputs/data/qsiprep/qsiprep/sub-20865/ses-2/dwi/sub-20865_ses-2_space-ACPC_desc-preproc_dwi.nii.gz	0.0202160066463583	0.372633695602417	0.1756315976381302	0.3608723282814026	0.3803223073482513	0.3651249408721924	0.1689934134483337	0.3070256412029266	0.3080389201641083	sub-20865	ses-2				space-ACPC			DSIStudio	autotrackgqi
Association_VerticalOccipitalFasciculusR	nrmse	NODDI	/scratch/executivefunction/SLURM_13244013_93/job-13244013-93-sub-20865-ses-2/ds/inputs/data/qsiprep/qsiprep/sub-20865/ses-2/dwi/sub-20865_ses-2_space-ACPC_desc-preproc_dwi.nii.gz	0.0160620326779285	0.1239438951015472	0.0639532208442688	0.1085883751511573	0.125967189669609	0.1091217622160911	0.0624652951955795	0.1094707772135734	0.1096860468387603	sub-20865	ses-2				space-ACPC			DSIStudio	autotrackgqi
Association_VerticalOccipitalFasciculusR	od	NODDI	/scratch/executivefunction/SLURM_13244013_93/job-13244013-93-sub-20865-ses-2/ds/inputs/data/qsiprep/qsiprep/sub-20865/ses-2/dwi/sub-20865_ses-2_space-ACPC_desc-preproc_dwi.nii.gz	0.0160620326779285	0.4116218090057373	0.1768252104520797	0.3971282243728637	0.4183412194252014	0.3997358381748199	0.1701956540346145	0.3321596384048462	0.3328128457069397	sub-20865	ses-2				space-ACPC			DSIStudio	autotrackgqi
Association_VerticalOccipitalFasciculusR	rmse	NODDI	/scratch/executivefunction/SLURM_13244013_93/job-13244013-93-sub-20865-ses-2/ds/inputs/data/qsiprep/qsiprep/sub-20865/ses-2/dwi/sub-20865_ses-2_space-ACPC_desc-preproc_dwi.nii.gz	0.0160620326779285	0.0481993705034256	0.0251465011388063	0.0432063080370426	0.0489861890673637	0.0436064824461936	0.0245789736509323	0.0448673218488693	0.044955551624298	sub-20865	ses-2				space-ACPC			DSIStudio	autotrackgqi
Association_VerticalOccipitalFasciculusR	tf	NODDI	/scratch/executivefunction/SLURM_13244013_93/job-13244013-93-sub-20865-ses-2/ds/inputs/data/qsiprep/qsiprep/sub-20865/ses-2/dwi/sub-20865_ses-2_space-ACPC_desc-preproc_dwi.nii.gz	0.0210468014400443	0.8963113393489095	0.2042338233483735	0.9936292171478271	0.9155813992613612	0.9991577863693236	0.1580028890748009	0.9221881507027918	0.9254876924078632	sub-20865	ses-2				space-ACPC			DSIStudio	autotrackgqi
Association_ExtremeCapsuleL	directions	NODDI	/scratch/executivefunction/SLURM_13244013_93/job-13244013-93-sub-20865-ses-2/ds/inputs/data/qsiprep/qsiprep/sub-20865/ses-2/dwi/sub-20865_ses-2_space-ACPC_desc-preproc_dwi.nii.gz	4.0	0.062105506658554	0.5733833909034729	0.0600965991616249	0.0622376464307308	0.0615741275250911	0.5739858746528625	0.3780754804611206		sub-20865	ses-2				space-ACPC			DSIStudio	autotrackgqi
Association_ExtremeCapsuleL	icvf	NODDI	/scratch/executivefunction/SLURM_13244013_93/job-13244013-93-sub-20865-ses-2/ds/inputs/data/qsiprep/qsiprep/sub-20865/ses-2/dwi/sub-20865_ses-2_space-ACPC_desc-preproc_dwi.nii.gz	0.0185774946921443	0.4999268352985382	0.1619103252887725	0.5027496814727783	0.5093900561332703	0.5051976442337036	0.1479551494121551	0.5120362043380737	0.5132736563682556	sub-20865	ses-2				space-ACPC			DSIStudio	autotrackgqi
Association_ExtremeCapsuleL	isovf	NODDI	/scratch/executivefunction/SLURM_13244013_93/job-13244013-93-sub-20865-ses-2/ds/inputs/data/qsiprep/qsiprep/sub-20865/ses-2/dwi/sub-20865_ses-2_space-ACPC_desc-preproc_dwi.nii.gz	0.3826963906581741	0.1039775982499122	0.1865442842245102	0.0544412285089492	0.1684383451938629	0.1065507605671882	0.213341400027275	0.0613783523440361	0.1047115325927734	sub-20865	ses-2				space-ACPC			DSIStudio	autotrackgqi
Association_ExtremeCapsuleL	modulated_icvf	NODDI	/scratch/executivefunction/SLURM_13244013_93/job-13244013-93-sub-20865-ses-2/ds/inputs/data/qsiprep/qsiprep/sub-20865/ses-2/dwi/sub-20865_ses-2_space-ACPC_desc-preproc_dwi.nii.gz	0.0185774946921443	0.4460648596286773	0.1379080712795257	0.465189516544342	0.4545084834098816	0.4684754014015198	0.1246633231639862	0.4745093882083893	0.4756560623645782	sub-20865	ses-2				space-ACPC			DSIStudio	autotrackgqi
Association_ExtremeCapsuleL	modulated_od	NODDI	/scratch/executivefunction/SLURM_13244013_93/job-13244013-93-sub-20865-ses-2/ds/inputs/data/qsiprep/qsiprep/sub-20865/ses-2/dwi/sub-20865_ses-2_space-ACPC_desc-preproc_dwi.nii.gz	0.0106157112526539	0.2805931568145752	0.1538306176662445	0.2607685923576355	0.2836038172245025	0.2624821662902832	0.1518681198358535	0.2958123385906219	0.2962552905082702	sub-20865	ses-2				space-ACPC			DSIStudio	autotrackgqi
Association_ExtremeCapsuleL	nrmse	NODDI	/scratch/executivefunction/SLURM_13244013_93/job-13244013-93-sub-20865-ses-2/ds/inputs/data/qsiprep/qsiprep/sub-20865/ses-2/dwi/sub-20865_ses-2_space-ACPC_desc-preproc_dwi.nii.gz	0.0021231422505307	0.1116931214928627	0.0447312444448471	0.1042309030890464	0.1119307652115821	0.1043352782726287	0.0444808006286621	0.1042543649673461	0.1042623743414878	sub-20865	ses-2				space-ACPC			DSIStudio	autotrackgqi
Association_ExtremeCapsuleL	od	NODDI	/scratch/executivefunction/SLURM_13244013_93/job-13244013-93-sub-20865-ses-2/ds/inputs/data/qsiprep/qsiprep/sub-20865/ses-2/dwi/sub-20865_ses-2_space-ACPC_desc-preproc_dwi.nii.gz	0.0021231422505307	0.3311328291893005	0.1864787489175796	0.2991794943809509	0.3318373560905456	0.2998283207416534	0.1860497891902923	0.3180426955223083	0.3180671334266662	sub-20865	ses-2				space-ACPC			DSIStudio	autotrackgqi
Association_ExtremeCapsuleL	rmse	NODDI	/scratch/executivefunction/SLURM_13244013_93/job-13244013-93-sub-20865-ses-2/ds/inputs/data/qsiprep/qsiprep/sub-20865/ses-2/dwi/sub-20865_ses-2_space-ACPC_desc-preproc_dwi.nii.gz	0.0021231422505307	0.0440291315317153	0.0168898105621337	0.0421588793396949	0.0441228114068508	0.0421705543994903	0.0167850889265537	0.0423419848084449	0.0423452407121658	sub-20865	ses-2				space-ACPC			DSIStudio	autotrackgqi
Association_ExtremeCapsuleL	tf	NODDI	/scratch/executivefunction/SLURM_13244013_93/job-13244013-93-sub-20865-ses-2/ds/inputs/data/qsiprep/qsiprep/sub-20865/ses-2/dwi/sub-20865_ses-2_space-ACPC_desc-preproc_dwi.nii.gz	0.0185774946921443	0.8938992479994039	0.1909866195821336	0.9450429677963256	0.9108200017473644	0.9479053616523744	0.1474943575370925	0.9385448065936202	0.9408128886315584	sub-20865	ses-2				space-ACPC			DSIStudio	autotrackgqi
Association_InferiorLongitudinalFasciculusL	directions	NODDI	/scratch/executivefunction/SLURM_13244013_93/job-13244013-93-sub-20865-ses-2/ds/inputs/data/qsiprep/qsiprep/sub-20865/ses-2/dwi/sub-20865_ses-2_space-ACPC_desc-preproc_dwi.nii.gz	237.0	-0.0760844573378562	0.5661666393280029	-0.1239306256175041	-0.0777164623141288	-0.1433284282684326	0.5720956921577454	-0.1866368949413299		sub-20865	ses-2				space-ACPC			DSIStudio	autotrackgqi
Association_InferiorLongitudinalFasciculusL	icvf	NODDI	/scratch/executivefunction/SLURM_13244013_93/job-13244013-93-sub-20865-ses-2/ds/inputs/data/qsiprep/qsiprep/sub-20865/ses-2/dwi/sub-20865_ses-2_space-ACPC_desc-preproc_dwi.nii.gz	0.02374623427255	0.4365409910678863	0.1464296132326126	0.4296380877494812	0.4471593499183655	0.4371025264263153	0.1312062591314315	0.5028252601623535	0.5037150382995605	sub-20865	ses-2				space-ACPC			DSIStudio	autotrackgqi
Association_InferiorLongitudinalFasciculusL	isovf	NODDI	/scratch/executivefunction/SLURM_13244013_93/job-13244013-93-sub-20865-ses-2/ds/inputs/data/qsiprep/qsiprep/sub-20865/ses-2/dwi/sub-20865_ses-2_space-ACPC_desc-preproc_dwi.nii.gz	0.5045188729399256	0.0670537799596786	0.1237659603357315	0.0	0.1353306323289871	0.0991901755332946	0.147225946187973	0.0704661682248115	0.0969503000378608	sub-20865	ses-2				space-ACPC			DSIStudio	autotrackgqi
Association_InferiorLongitudinalFasciculusL	modulated_icvf	NODDI	/scratch/executivefunction/SLURM_13244013_93/job-13244013-93-sub-20865-ses-2/ds/inputs/data/qsiprep/qsiprep/sub-20865/ses-2/dwi/sub-20865_ses-2_space-ACPC_desc-preproc_dwi.nii.gz	0.02374623427255	0.4028775990009308	0.1278038769960403	0.4205392599105835	0.4126771092414856	0.4236363768577575	0.1126369833946228	0.4635595977306366	0.4643798470497131	sub-20865	ses-2				space-ACPC			DSIStudio	autotrackgqi
Association_InferiorLongitudinalFasciculusL	modulated_od	NODDI	/scratch/executivefunction/SLURM_13244013_93/job-13244013-93-sub-20865-ses-2/ds/inputs/data/qsiprep/qsiprep/sub-20865/ses-2/dwi/sub-20865_ses-2_space-ACPC_desc-preproc_dwi.nii.gz	0.0226829700513911	0.327513724565506	0.1830835938453674	0.3086563944816589	0.3351151347160339	0.3146924972534179	0.1781859397888183	0.2427699714899063	0.2431878447532653	sub-20865	ses-2				space-ACPC			DSIStudio	autotrackgqi
Association_InferiorLongitudinalFasciculusL	nrmse	NODDI	/scratch/executivefunction/SLURM_13244013_93/job-13244013-93-sub-20865-ses-2/ds/inputs/data/qsiprep/qsiprep/sub-20865/ses-2/dwi/sub-20865_ses-2_space-ACPC_desc-preproc_dwi.nii.gz	0.0209994683678894	0.127330794930458	0.0665367320179939	0.111953467130661	0.1300620287656784	0.1126664280891418	0.0645512863993644	0.1155844181776046	0.1157737523317337	sub-20865	ses-2				space-ACPC			DSIStudio	autotrackgqi
Association_InferiorLongitudinalFasciculusL	od	NODDI	/scratch/executivefunction/SLURM_13244013_93/job-13244013-93-sub-20865-ses-2/ds/inputs/data/qsiprep/qsiprep/sub-20865/ses-2/dwi/sub-20865_ses-2_space-ACPC_desc-preproc_dwi.nii.gz	0.0209994683678894	0.3515644371509552	0.1878448724746704	0.3351872563362121	0.3591054379940033	0.3401299715042114	0.1825775057077407	0.2578554153442383	0.2582777738571167	sub-20865	ses-2				space-ACPC			DSIStudio	autotrackgqi
Association_InferiorLongitudinalFasciculusL	rmse	NODDI	/scratch/executivefunction/SLURM_13244013_93/job-13244013-93-sub-20865-ses-2/ds/inputs/data/qsiprep/qsiprep/sub-20865/ses-2/dwi/sub-20865_ses-2_space-ACPC_desc-preproc_dwi.nii.gz	0.0209994683678894	0.0499103665351867	0.0291106570512056	0.0441089086234569	0.0509809404611587	0.0444028750061988	0.0284785684198141	0.0466217622160911	0.0466981306672096	sub-20865	ses-2				space-ACPC			DSIStudio	autotrackgqi
Association_InferiorLongitudinalFasciculusL	tf	NODDI	/scratch/executivefunction/SLURM_13244013_93/job-13244013-93-sub-20865-ses-2/ds/inputs/data/qsiprep/qsiprep/sub-20865/ses-2/dwi/sub-20865_ses-2_space-ACPC_desc-preproc_dwi.nii.gz	0.02374623427255	0.9119467588945968	0.1818249581459791	0.9897206127643584	0.9341288002254872	0.9974235594272614	0.1146454768609127	0.927898552973219	0.9295404228056048	sub-20865	ses-2				space-ACPC			DSIStudio	autotrackgqi
Association_SuperiorLongitudinalFasciculusR	directions	NODDI	/scratch/executivefunction/SLURM_13244013_93/job-13244013-93-sub-20865-ses-2/ds/inputs/data/qsiprep/qsiprep/sub-20865/ses-2/dwi/sub-20865_ses-2_space-ACPC_desc-preproc_dwi.nii.gz	2.0	-0.0903983041644096	0.5701585412025452	-0.1308905482292175	-0.090420201420784	-0.1310891211032867	0.5702258348464966	-0.3992736339569092		sub-20865	ses-2				space-ACPC			DSIStudio	autotrackgqi
Association_SuperiorLongitudinalFasciculusR	icvf	NODDI	/scratch/executivefunction/SLURM_13244013_93/job-13244013-93-sub-20865-ses-2/ds/inputs/data/qsiprep/qsiprep/sub-20865/ses-2/dwi/sub-20865_ses-2_space-ACPC_desc-preproc_dwi.nii.gz	0.0095676395785394	0.4859649837017059	0.1553607583045959	0.4802685081958771	0.4906594157218933	0.4831007122993469	0.148548811674118	0.5816953778266907	0.5821624398231506	sub-20865	ses-2				space-ACPC			DSIStudio	autotrackgqi
Association_SuperiorLongitudinalFasciculusR	isovf	NODDI	/scratch/executivefunction/SLURM_13244013_93/job-13244013-93-sub-20865-ses-2/ds/inputs/data/qsiprep/qsiprep/sub-20865/ses-2/dwi/sub-20865_ses-2_space-ACPC_desc-preproc_dwi.nii.gz	0.3932420976141456	0.0956192463636398	0.1611004769802093	0.051665361970663	0.1575904488563537	0.1098612695932388	0.1816804111003875	0.0896941944956779	0.1108237728476524	sub-20865	ses-2				space-ACPC			DSIStudio	autotrackgqi
Association_SuperiorLongitudinalFasciculusR	modulated_icvf	NODDI	/scratch/executivefunction/SLURM_13244013_93/job-13244013-93-sub-20865-ses-2/ds/inputs/data/qsiprep/qsiprep/sub-20865/ses-2/dwi/sub-20865_ses-2_space-ACPC_desc-preproc_dwi.nii.gz	0.0095676395785394	0.4400960803031921	0.1404843926429748	0.459117591381073	0.4443474411964416	0.4608847498893738	0.1343035101890564	0.5259371399879456	0.5263593792915344	sub-20865	ses-2				space-ACPC			DSIStudio	autotrackgqi
Association_SuperiorLongitudinalFasciculusR	modulated_od	NODDI	/scratch/executivefunction/SLURM_13244013_93/job-13244013-93-sub-20865-ses-2/ds/inputs/data/qsiprep/qsiprep/sub-20865/ses-2/dwi/sub-20865_ses-2_space-ACPC_desc-preproc_dwi.nii.gz	0.0078721085139881	0.3147654235363006	0.1574734300374984	0.2896443903446197	0.3172629475593567	0.2912370860576629	0.1555707901716232	0.240246370434761	0.24041149020195	sub-20865	ses-2				space-ACPC			DSIStudio	autotrackgqi
Association_SuperiorLongitudinalFasciculusR	nrmse	NODDI	/scratch/executivefunction/SLURM_13244013_93/job-13244013-93-sub-20865-ses-2/ds/inputs/data/qsiprep/qsiprep/sub-20865/ses-2/dwi/sub-20865_ses-2_space-ACPC_desc-preproc_dwi.nii.gz	0.0002422187235073	0.1150549203157424	0.0389052927494049	0.1082813888788223	0.1150827929377555	0.1083018481731414	0.0388687625527381	0.1157296746969223	0.115731805562973	sub-20865	ses-2				space-ACPC			DSIStudio	autotrackgqi
Association_SuperiorLongitudinalFasciculusR	od	NODDI	/scratch/executivefunction/SLURM_13244013_93/job-13244013-93-sub-20865-ses-2/ds/inputs/data/qsiprep/qsiprep/sub-20865/ses-2/dwi/sub-20865_ses-2_space-ACPC_desc-preproc_dwi.nii.gz	0.0002422187235073	0.3585570156574249	0.1781785637140274	0.3320038914680481	0.358643889427185	0.3320122063159942	0.1781127005815506	0.2644156217575073	0.2644204795360565	sub-20865	ses-2				space-ACPC			DSIStudio	autotrackgqi
Association_SuperiorLongitudinalFasciculusR	rmse	NODDI	/scratch/executivefunction/SLURM_13244013_93/job-13244013-93-sub-20865-ses-2/ds/inputs/data/qsiprep/qsiprep/sub-20865/ses-2/dwi/sub-20865_ses-2_space-ACPC_desc-preproc_dwi.nii.gz	0.0002422187235073	0.0454230159521102	0.0158977974206209	0.0431812591850757	0.0454340204596519	0.0431824438273906	0.0158839914947748	0.0486445613205432	0.0486454553902149	sub-20865	ses-2				space-ACPC			DSIStudio	autotrackgqi
Association_SuperiorLongitudinalFasciculusR	tf	NODDI	/scratch/executivefunction/SLURM_13244013_93/job-13244013-93-sub-20865-ses-2/ds/inputs/data/qsiprep/qsiprep/sub-20865/ses-2/dwi/sub-20865_ses-2_space-ACPC_desc-preproc_dwi.nii.gz	0.0095676395785394	0.9041385295114752	0.1617071582793401	0.9481520056724548	0.9128725651964112	0.9499089419841766	0.1357525191734313	0.910287515592893	0.911018351865348	sub-20865	ses-2				space-ACPC			DSIStudio	autotrackgqi
Association_MiddleLongitudinalFasciculusR	directions	NODDI	/scratch/executivefunction/SLURM_13244013_93/job-13244013-93-sub-20865-ses-2/ds/inputs/data/qsiprep/qsiprep/sub-20865/ses-2/dwi/sub-20865_ses-2_space-ACPC_desc-preproc_dwi.nii.gz	14.0	0.0021661452483385	0.5762996077537537	0.0	0.0021740202791988	-0.0037473542615771	0.57734614610672	0.2094876617193222		sub-20865	ses-2				space-ACPC			DSIStudio	autotrackgqi
Association_MiddleLongitudinalFasciculusR	icvf	NODDI	/scratch/executivefunction/SLURM_13244013_93/job-13244013-93-sub-20865-ses-2/ds/inputs/data/qsiprep/qsiprep/sub-20865/ses-2/dwi/sub-20865_ses-2_space-ACPC_desc-preproc_dwi.nii.gz	0.0093143596377749	0.4551107883453369	0.1309084594249725	0.4640890061855316	0.459389716386795	0.4651532471179962	0.1238242834806442	0.5225287675857544	0.5229669809341431	sub-20865	ses-2				space-ACPC			DSIStudio	autotrackgqi
Association_MiddleLongitudinalFasciculusR	isovf	NODDI	/scratch/executivefunction/SLURM_13244013_93/job-13244013-93-sub-20865-ses-2/ds/inputs/data/qsiprep/qsiprep/sub-20865/ses-2/dwi/sub-20865_ses-2_space-ACPC_desc-preproc_dwi.nii.gz	0.4452781371280724	0.0830831006169319	0.1478101462125778	0.0315319113433361	0.1497743427753448	0.1052854880690574	0.1714542955160141	0.0796950533986091	0.1007011383771896	sub-20865	ses-2				space-ACPC			DSIStudio	autotrackgqi
Association_MiddleLongitudinalFasciculusR	modulated_icvf	NODDI	/scratch/executivefunction/SLURM_13244013_93/job-13244013-93-sub-20865-ses-2/ds/inputs/data/qsiprep/qsiprep/sub-20865/ses-2/dwi/sub-20865_ses-2_space-ACPC_desc-preproc_dwi.nii.gz	0.0093143596377749	0.4148125946521759	0.1166429966688156	0.4356704354286194	0.4187126457691192	0.4371527135372162	0.1100023165345192	0.4781180620193481	0.4785190522670746	sub-20865	ses-2				space-ACPC			DSIStudio	autotrackgqi
Association_MiddleLongitudinalFasciculusR	modulated_od	NODDI	/scratch/executivefunction/SLURM_13244013_93/job-13244013-93-sub-20865-ses-2/ds/inputs/data/qsiprep/qsiprep/sub-20865/ses-2/dwi/sub-20865_ses-2_space-ACPC_desc-preproc_dwi.nii.gz	0.0085381630012936	0.3210691213607788	0.1861853450536728	0.2894741892814636	0.3238340616226196	0.2911605536937713	0.1845755279064178	0.2226569056510925	0.2228410243988037	sub-20865	ses-2				space-ACPC			DSIStudio	autotrackgqi
Association_MiddleLongitudinalFasciculusR	nrmse	NODDI	/scratch/executivefunction/SLURM_13244013_93/job-13244013-93-sub-20865-ses-2/ds/inputs/data/qsiprep/qsiprep/sub-20865/ses-2/dwi/sub-20865_ses-2_space-ACPC_desc-preproc_dwi.nii.gz	0.0036222509702457	0.1166619136929512	0.0480666905641555	0.1087571531534195	0.1170860230922699	0.1089090481400489	0.0476355776190757	0.1105046346783638	0.1105258613824844	sub-20865	ses-2				space-ACPC			DSIStudio	autotrackgqi
Association_MiddleLongitudinalFasciculusR	od	NODDI	/scratch/executivefunction/SLURM_13244013_93/job-13244013-93-sub-20865-ses-2/ds/inputs/data/qsiprep/qsiprep/sub-20865/ses-2/dwi/sub-20865_ses-2_space-ACPC_desc-preproc_dwi.nii.gz	0.0036222509702457	0.3547262847423553	0.1968691945075988	0.3267697989940643	0.3560158610343933	0.3273140788078308	0.1960593461990356	0.2411616444587707	0.2412079572677612	sub-20865	ses-2				space-ACPC			DSIStudio	autotrackgqi
Association_MiddleLongitudinalFasciculusR	rmse	NODDI	/scratch/executivefunction/SLURM_13244013_93/job-13244013-93-sub-20865-ses-2/ds/inputs/data/qsiprep/qsiprep/sub-20865/ses-2/dwi/sub-20865_ses-2_space-ACPC_desc-preproc_dwi.nii.gz	0.0036222509702457	0.045548103749752	0.0200225003063678	0.0425456166267395	0.0457136929035186	0.0426060184836387	0.0198692828416824	0.0450983345508575	0.0451069958508014	sub-20865	ses-2				space-ACPC			DSIStudio	autotrackgqi
Association_MiddleLongitudinalFasciculusR	tf	NODDI	/scratch/executivefunction/SLURM_13244013_93/job-13244013-93-sub-20865-ses-2/ds/inputs/data/qsiprep/qsiprep/sub-20865/ses-2/dwi/sub-20865_ses-2_space-ACPC_desc-preproc_dwi.nii.gz	0.0093143596377749	0.9132946505120932	0.1576549118826379	0.9671505689620972	0.9218813852779422	0.9689412117004396	0.1310450533397771	0.920112975691586	0.920884603229108	sub-20865	ses-2				space-ACPC			DSIStudio	autotrackgqi
Association_UncinateFasciculusR	directions	NODDI	/scratch/executivefunction/SLURM_13244013_93/job-13244013-93-sub-20865-ses-2/ds/inputs/data/qsiprep/qsiprep/sub-20865/ses-2/dwi/sub-20865_ses-2_space-ACPC_desc-preproc_dwi.nii.gz	0.0	-0.0435498096048831	0.5757054686546326	-0.1032958477735519	-0.0435498096048831	-0.1032958477735519	0.5757054686546326	-0.1384342610836029		sub-20865	ses-2				space-ACPC			DSIStudio	autotrackgqi
Association_UncinateFasciculusR	icvf	NODDI	/scratch/executivefunction/SLURM_13244013_93/job-13244013-93-sub-20865-ses-2/ds/inputs/data/qsiprep/qsiprep/sub-20865/ses-2/dwi/sub-20865_ses-2_space-ACPC_desc-preproc_dwi.nii.gz	0.0078966259870782	0.3981136083602905	0.1459834575653076	0.3587424159049988	0.401282399892807	0.360547661781311	0.1421591341495514	0.3951604664325714	0.3956827521324157	sub-20865	ses-2				space-ACPC			DSIStudio	autotrackgqi
Association_UncinateFasciculusR	isovf	NODDI	/scratch/executivefunction/SLURM_13244013_93/job-13244013-93-sub-20865-ses-2/ds/inputs/data/qsiprep/qsiprep/sub-20865/ses-2/dwi/sub-20865_ses-2_space-ACPC_desc-preproc_dwi.nii.gz	0.5226130653266332	0.1102121099829673	0.211683914065361	0.0	0.2308653593063354	0.121185153722763	0.2569254040718078	0.0580486617982387	0.1410170942544937	sub-20865	ses-2				space-ACPC			DSIStudio	autotrackgqi
Association_UncinateFasciculusR	modulated_icvf	NODDI	/scratch/executivefunction/SLURM_13244013_93/job-13244013-93-sub-20865-ses-2/ds/inputs/data/qsiprep/qsiprep/sub-20865/ses-2/dwi/sub-20865_ses-2_space-ACPC_desc-preproc_dwi.nii.gz	0.0078966259870782	0.3391376435756683	0.1037049144506454	0.3401924967765808	0.3418369889259338	0.3408299684524536	0.0995870009064674	0.3658183813095093	0.3663019239902496	sub-20865	ses-2				space-ACPC			DSIStudio	autotrackgqi
Association_UncinateFasciculusR	modulated_od	NODDI	/scratch/executivefunction/SLURM_13244013_93/job-13244013-93-sub-20865-ses-2/ds/inputs/data/qsiprep/qsiprep/sub-20865/ses-2/dwi/sub-20865_ses-2_space-ACPC_desc-preproc_dwi.nii.gz	0.0028715003589375	0.35447958111763	0.1695513576269149	0.3417163491249084	0.3555004000663757	0.341964453458786	0.1687232851982116	0.3130108118057251	0.3131612539291382	sub-20865	ses-2				space-ACPC			DSIStudio	autotrackgqi
Association_UncinateFasciculusR	nrmse	NODDI	/scratch/executivefunction/SLURM_13244013_93/job-13244013-93-sub-20865-ses-2/ds/inputs/data/qsiprep/qsiprep/sub-20865/ses-2/dwi/sub-20865_ses-2_space-ACPC_desc-preproc_dwi.nii.gz	0.0	0.1572337597608566	0.0776448398828506	0.1345650255680084	0.1572337597608566	0.1345650255680084	0.0776448398828506	0.149493858218193	0.149493858218193	sub-20865	ses-2				space-ACPC			DSIStudio	autotrackgqi
Association_UncinateFasciculusR	od	NODDI	/scratch/executivefunction/SLURM_13244013_93/job-13244013-93-sub-20865-ses-2/ds/inputs/data/qsiprep/qsiprep/sub-20865/ses-2/dwi/sub-20865_ses-2_space-ACPC_desc-preproc_dwi.nii.gz	0.0	0.4115099012851715	0.1813678592443466	0.3899999856948852	0.4115099012851715	0.3899999856948852	0.1813678592443466	0.3374788165092468	0.3374788165092468	sub-20865	ses-2				space-ACPC			DSIStudio	autotrackgqi
Association_UncinateFasciculusR	rmse	NODDI	/scratch/executivefunction/SLURM_13244013_93/job-13244013-93-sub-20865-ses-2/ds/inputs/data/qsiprep/qsiprep/sub-20865/ses-2/dwi/sub-20865_ses-2_space-ACPC_desc-preproc_dwi.nii.gz	0.0	0.058612622320652	0.0380597785115242	0.0499161109328269	0.058612622320652	0.0499161109328269	0.0380597785115242	0.0565037094056606	0.0565037094056606	sub-20865	ses-2				space-ACPC			DSIStudio	autotrackgqi
Association_UncinateFasciculusR	tf	NODDI	/scratch/executivefunction/SLURM_13244013_93/job-13244013-93-sub-20865-ses-2/ds/inputs/data/qsiprep/qsiprep/sub-20865/ses-2/dwi/sub-20865_ses-2_space-ACPC_desc-preproc_dwi.nii.gz	0.0078966259870782	0.8897878918515977	0.2116839143548136	1.0	0.8968701399054092	1.0	0.1970149427885101	0.9419513391999852	0.9431963630441932	sub-20865	ses-2				space-ACPC			DSIStudio	autotrackgqi
Association_FrontalAslantTractL	directions	NODDI	/scratch/executivefunction/SLURM_13244013_93/job-13244013-93-sub-20865-ses-2/ds/inputs/data/qsiprep/qsiprep/sub-20865/ses-2/dwi/sub-20865_ses-2_space-ACPC_desc-preproc_dwi.nii.gz	4.0	-0.0600573867559433	0.5740078687667847	-0.1062392443418502	-0.0601009055972099	-0.1065220907330513	0.5742135643959045	-0.1973067969083786		sub-20865	ses-2				space-ACPC			DSIStudio	autotrackgqi
Association_FrontalAslantTractL	icvf	NODDI	/scratch/executivefunction/SLURM_13244013_93/job-13244013-93-sub-20865-ses-2/ds/inputs/data/qsiprep/qsiprep/sub-20865/ses-2/dwi/sub-20865_ses-2_space-ACPC_desc-preproc_dwi.nii.gz	0.0161115133960897	0.4975813031196594	0.1793779879808426	0.504400372505188	0.5057293772697449	0.5070775747299194	0.1690640300512313	0.5647872686386108	0.565755307674408	sub-20865	ses-2				space-ACPC			DSIStudio	autotrackgqi
Association_FrontalAslantTractL	isovf	NODDI	/scratch/executivefunction/SLURM_13244013_93/job-13244013-93-sub-20865-ses-2/ds/inputs/data/qsiprep/qsiprep/sub-20865/ses-2/dwi/sub-20865_ses-2_space-ACPC_desc-preproc_dwi.nii.gz	0.365496017378711	0.1211803779006004	0.1967201381921768	0.0675939321517944	0.1909844130277633	0.1198423877358436	0.2183097898960113	0.0912860110402107	0.1171283349394798	sub-20865	ses-2				space-ACPC			DSIStudio	autotrackgqi
Association_FrontalAslantTractL	modulated_icvf	NODDI	/scratch/executivefunction/SLURM_13244013_93/job-13244013-93-sub-20865-ses-2/ds/inputs/data/qsiprep/qsiprep/sub-20865/ses-2/dwi/sub-20865_ses-2_space-ACPC_desc-preproc_dwi.nii.gz	0.0161115133960897	0.4389746487140655	0.1595208197832107	0.4714641571044922	0.4461630284786224	0.4755763113498688	0.1505204737186432	0.509752094745636	0.5106257796287537	sub-20865	ses-2				space-ACPC			DSIStudio	autotrackgqi
Association_FrontalAslantTractL	modulated_od	NODDI	/scratch/executivefunction/SLURM_13244013_93/job-13244013-93-sub-20865-ses-2/ds/inputs/data/qsiprep/qsiprep/sub-20865/ses-2/dwi/sub-20865_ses-2_space-ACPC_desc-preproc_dwi.nii.gz	0.0153874004344677	0.3083441257476806	0.1533147245645523	0.2866941094398498	0.3131628930568695	0.2894825637340545	0.1495449244976043	0.2583861649036407	0.2588158249855041	sub-20865	ses-2				space-ACPC			DSIStudio	autotrackgqi
Association_FrontalAslantTractL	nrmse	NODDI	/scratch/executivefunction/SLURM_13244013_93/job-13244013-93-sub-20865-ses-2/ds/inputs/data/qsiprep/qsiprep/sub-20865/ses-2/dwi/sub-20865_ses-2_space-ACPC_desc-preproc_dwi.nii.gz	0.000724112961622	0.1190902888774871	0.0479094721376895	0.1095681488513946	0.1191765815019607	0.1095894575119018	0.0478194132447242	0.1142366603016853	0.1142409443855285	sub-20865	ses-2				space-ACPC			DSIStudio	autotrackgqi
Association_FrontalAslantTractL	od	NODDI	/scratch/executivefunction/SLURM_13244013_93/job-13244013-93-sub-20865-ses-2/ds/inputs/data/qsiprep/qsiprep/sub-20865/ses-2/dwi/sub-20865_ses-2_space-ACPC_desc-preproc_dwi.nii.gz	0.000724112961622	0.3679529726505279	0.1818079501390457	0.3399108052253723	0.3682195842266083	0.3400573134422302	0.1816036999225616	0.2864095866680145	0.2864203453063965	sub-20865	ses-2				space-ACPC			DSIStudio	autotrackgqi
Association_FrontalAslantTractL	rmse	NODDI	/scratch/executivefunction/SLURM_13244013_93/job-13244013-93-sub-20865-ses-2/ds/inputs/data/qsiprep/qsiprep/sub-20865/ses-2/dwi/sub-20865_ses-2_space-ACPC_desc-preproc_dwi.nii.gz	0.000724112961622	0.0473711416125297	0.0304425489157438	0.043837621808052	0.04740547016263	0.0438419766724109	0.0304268468171358	0.0474557876586914	0.047457568347454	sub-20865	ses-2				space-ACPC			DSIStudio	autotrackgqi
Association_FrontalAslantTractL	tf	NODDI	/scratch/executivefunction/SLURM_13244013_93/job-13244013-93-sub-20865-ses-2/ds/inputs/data/qsiprep/qsiprep/sub-20865/ses-2/dwi/sub-20865_ses-2_space-ACPC_desc-preproc_dwi.nii.gz	0.0161115133960897	0.8780955025396168	0.1981083185511081	0.932173192501068	0.8924746193245341	0.9350739121437072	0.1644888772036491	0.9086764732740412	0.910233892898226	sub-20865	ses-2				space-ACPC			DSIStudio	autotrackgqi
Association_HippocampusAlveusR	directions	NODDI	/scratch/executivefunction/SLURM_13244013_93/job-13244013-93-sub-20865-ses-2/ds/inputs/data/qsiprep/qsiprep/sub-20865/ses-2/dwi/sub-20865_ses-2_space-ACPC_desc-preproc_dwi.nii.gz	0.0	-0.0145099591463804	0.5771679282188416	-0.0378502383828163	-0.0145099591463804	-0.0378502383828163	0.5771679282188416	0.1368962228298187		sub-20865	ses-2				space-ACPC			DSIStudio	autotrackgqi
Association_HippocampusAlveusR	icvf	NODDI	/scratch/executivefunction/SLURM_13244013_93/job-13244013-93-sub-20865-ses-2/ds/inputs/data/qsiprep/qsiprep/sub-20865/ses-2/dwi/sub-20865_ses-2_space-ACPC_desc-preproc_dwi.nii.gz	0.0388044048243314	0.3896807730197906	0.173690065741539	0.3434421122074127	0.4054125547409057	0.3533916473388672	0.1581401079893112	0.3997451663017273	0.4055191278457641	sub-20865	ses-2				space-ACPC			DSIStudio	autotrackgqi
Association_HippocampusAlveusR	isovf	NODDI	/scratch/executivefunction/SLURM_13244013_93/job-13244013-93-sub-20865-ses-2/ds/inputs/data/qsiprep/qsiprep/sub-20865/ses-2/dwi/sub-20865_ses-2_space-ACPC_desc-preproc_dwi.nii.gz	0.5138961719979025	0.181009829044342	0.2903244495391845	0.0	0.3723686337471008	0.2672802805900574	0.3195929229259491	0.2018761187791824	0.3282480239868164	sub-20865	ses-2				space-ACPC			DSIStudio	autotrackgqi
Association_HippocampusAlveusR	modulated_icvf	NODDI	/scratch/executivefunction/SLURM_13244013_93/job-13244013-93-sub-20865-ses-2/ds/inputs/data/qsiprep/qsiprep/sub-20865/ses-2/dwi/sub-20865_ses-2_space-ACPC_desc-preproc_dwi.nii.gz	0.0388044048243314	0.3069947957992553	0.1201374232769012	0.3098663091659546	0.3193884789943695	0.3149554431438446	0.1051535829901695	0.3004854619503021	0.3048256933689117	sub-20865	ses-2				space-ACPC			DSIStudio	autotrackgqi
Association_HippocampusAlveusR	modulated_od	NODDI	/scratch/executivefunction/SLURM_13244013_93/job-13244013-93-sub-20865-ses-2/ds/inputs/data/qsiprep/qsiprep/sub-20865/ses-2/dwi/sub-20865_ses-2_space-ACPC_desc-preproc_dwi.nii.gz	0.0183534347142108	0.2806188464164734	0.188023567199707	0.2570103406906128	0.28586545586586	0.2606272101402282	0.1857794672250747	0.23868989944458	0.2408518940210342	sub-20865	ses-2				space-ACPC			DSIStudio	autotrackgqi
Association_HippocampusAlveusR	nrmse	NODDI	/scratch/executivefunction/SLURM_13244013_93/job-13244013-93-sub-20865-ses-2/ds/inputs/data/qsiprep/qsiprep/sub-20865/ses-2/dwi/sub-20865_ses-2_space-ACPC_desc-preproc_dwi.nii.gz	0.0	0.1096141636371612	0.0284130088984966	0.1054122522473335	0.1096141636371612	0.1054122522473335	0.0284130088984966	0.1052126213908195	0.1052126213908195	sub-20865	ses-2				space-ACPC			DSIStudio	autotrackgqi
Association_HippocampusAlveusR	od	NODDI	/scratch/executivefunction/SLURM_13244013_93/job-13244013-93-sub-20865-ses-2/ds/inputs/data/qsiprep/qsiprep/sub-20865/ses-2/dwi/sub-20865_ses-2_space-ACPC_desc-preproc_dwi.nii.gz	0.0	0.3609238862991333	0.2108969986438751	0.3288773894309997	0.3609238862991333	0.3288773894309997	0.2108969986438751	0.3019060492515564	0.3019060492515564	sub-20865	ses-2				space-ACPC			DSIStudio	autotrackgqi
Association_HippocampusAlveusR	rmse	NODDI	/scratch/executivefunction/SLURM_13244013_93/job-13244013-93-sub-20865-ses-2/ds/inputs/data/qsiprep/qsiprep/sub-20865/ses-2/dwi/sub-20865_ses-2_space-ACPC_desc-preproc_dwi.nii.gz	0.0	0.0391563102602958	0.0111891720443964	0.0376718863844871	0.0391563102602958	0.0376718863844871	0.0111891720443964	0.0370465628802776	0.0370465628802776	sub-20865	ses-2				space-ACPC			DSIStudio	autotrackgqi
Association_HippocampusAlveusR	tf	NODDI	/scratch/executivefunction/SLURM_13244013_93/job-13244013-93-sub-20865-ses-2/ds/inputs/data/qsiprep/qsiprep/sub-20865/ses-2/dwi/sub-20865_ses-2_space-ACPC_desc-preproc_dwi.nii.gz	0.0388044048243314	0.8189901939598627	0.2903244503150902	1.0	0.8520536278676805	1.0	0.2439657108588021	0.7981238816901725	0.8096520448898813	sub-20865	ses-2				space-ACPC			DSIStudio	autotrackgqi
Association_CingulumL	directions	NODDI	/scratch/executivefunction/SLURM_13244013_93/job-13244013-93-sub-20865-ses-2/ds/inputs/data/qsiprep/qsiprep/sub-20865/ses-2/dwi/sub-20865_ses-2_space-ACPC_desc-preproc_dwi.nii.gz	2.0	-0.0505591630935668	0.5750606656074524	-0.0958424806594848	-0.0505716614425182	-0.0960884094238281	0.5751311779022217	-0.0708712115883827		sub-20865	ses-2				space-ACPC			DSIStudio	autotrackgqi
Association_CingulumL	icvf	NODDI	/scratch/executivefunction/SLURM_13244013_93/job-13244013-93-sub-20865-ses-2/ds/inputs/data/qsiprep/qsiprep/sub-20865/ses-2/dwi/sub-20865_ses-2_space-ACPC_desc-preproc_dwi.nii.gz	0.0028423133959466	0.4617763161659241	0.1342131942510604	0.4487942457199096	0.463092565536499	0.4495599567890167	0.132117286324501	0.5321295857429504	0.5323023796081543	sub-20865	ses-2				space-ACPC			DSIStudio	autotrackgqi
Association_CingulumL	isovf	NODDI	/scratch/executivefunction/SLURM_13244013_93/job-13244013-93-sub-20865-ses-2/ds/inputs/data/qsiprep/qsiprep/sub-20865/ses-2/dwi/sub-20865_ses-2_space-ACPC_desc-preproc_dwi.nii.gz	0.5219970341077608	0.0651710256934166	0.123544655740261	0.0	0.1363402158021927	0.1007972210645675	0.1490910351276397	0.0636586472392082	0.1037228032946586	sub-20865	ses-2				space-ACPC			DSIStudio	autotrackgqi
Association_CingulumL	modulated_icvf	NODDI	/scratch/executivefunction/SLURM_13244013_93/job-13244013-93-sub-20865-ses-2/ds/inputs/data/qsiprep/qsiprep/sub-20865/ses-2/dwi/sub-20865_ses-2_space-ACPC_desc-preproc_dwi.nii.gz	0.0028423133959466	0.4269979000091553	0.114164799451828	0.4236363768577575	0.4282150268554687	0.42433562874794	0.1120248362421989	0.4933308362960815	0.4934910237789154	sub-20865	ses-2				space-ACPC			DSIStudio	autotrackgqi
Association_CingulumL	modulated_od	NODDI	/scratch/executivefunction/SLURM_13244013_93/job-13244013-93-sub-20865-ses-2/ds/inputs/data/qsiprep/qsiprep/sub-20865/ses-2/dwi/sub-20865_ses-2_space-ACPC_desc-preproc_dwi.nii.gz	0.0021008403361344	0.3153467178344726	0.1790899634361267	0.2926837801933288	0.3160105943679809	0.2934744954109192	0.1786923110485077	0.2059920877218246	0.2060440778732299	sub-20865	ses-2				space-ACPC			DSIStudio	autotrackgqi
Association_CingulumL	nrmse	NODDI	/scratch/executivefunction/SLURM_13244013_93/job-13244013-93-sub-20865-ses-2/ds/inputs/data/qsiprep/qsiprep/sub-20865/ses-2/dwi/sub-20865_ses-2_space-ACPC_desc-preproc_dwi.nii.gz	0.000247157686604	0.1139600053429603	0.034512348473072	0.1078421473503112	0.1139881759881973	0.1078502982854843	0.0344700627028942	0.1152975931763649	0.1152991205453872	sub-20865	ses-2				space-ACPC			DSIStudio	autotrackgqi
Association_CingulumL	od	NODDI	/scratch/executivefunction/SLURM_13244013_93/job-13244013-93-sub-20865-ses-2/ds/inputs/data/qsiprep/qsiprep/sub-20865/ses-2/dwi/sub-20865_ses-2_space-ACPC_desc-preproc_dwi.nii.gz	0.000247157686604	0.3379765748977661	0.1849372237920761	0.3170071840286255	0.3380601406097412	0.3171027302742004	0.184883713722229	0.2184664160013198	0.2184693217277526	sub-20865	ses-2				space-ACPC			DSIStudio	autotrackgqi
Association_CingulumL	rmse	NODDI	/scratch/executivefunction/SLURM_13244013_93/job-13244013-93-sub-20865-ses-2/ds/inputs/data/qsiprep/qsiprep/sub-20865/ses-2/dwi/sub-20865_ses-2_space-ACPC_desc-preproc_dwi.nii.gz	0.000247157686604	0.0451810434460639	0.0147337596863508	0.042718332260847	0.045192215591669	0.0427201054990291	0.0147184422239661	0.0480771362781524	0.0480777695775032	sub-20865	ses-2				space-ACPC			DSIStudio	autotrackgqi
Association_CingulumL	tf	NODDI	/scratch/executivefunction/SLURM_13244013_93/job-13244013-93-sub-20865-ses-2/ds/inputs/data/qsiprep/qsiprep/sub-20865/ses-2/dwi/sub-20865_ses-2_space-ACPC_desc-preproc_dwi.nii.gz	0.0028423133959466	0.9345818171466392	0.1244112700446876	1.0	0.9372457633350608	1.0	0.1141293609421491	0.9363281021622084	0.9366321947916556	sub-20865	ses-2				space-ACPC			DSIStudio	autotrackgqi
Association_ParietalAslantTractL	directions	NODDI	/scratch/executivefunction/SLURM_13244013_93/job-13244013-93-sub-20865-ses-2/ds/inputs/data/qsiprep/qsiprep/sub-20865/ses-2/dwi/sub-20865_ses-2_space-ACPC_desc-preproc_dwi.nii.gz	187.0	-0.0794648453593254	0.5625198483467102	-0.0798854678869247	-0.082072302699089	-0.1140598729252815	0.5714870691299438	-0.1114227026700973		sub-20865	ses-2				space-ACPC			DSIStudio	autotrackgqi
Association_ParietalAslantTractL	icvf	NODDI	/scratch/executivefunction/SLURM_13244013_93/job-13244013-93-sub-20865-ses-2/ds/inputs/data/qsiprep/qsiprep/sub-20865/ses-2/dwi/sub-20865_ses-2_space-ACPC_desc-preproc_dwi.nii.gz	0.0321100917431192	0.4095791280269623	0.1618130207061767	0.3824521899223327	0.4231670498847961	0.3903358578681946	0.145952507853508	0.5039412975311279	0.5059645771980286	sub-20865	ses-2				space-ACPC			DSIStudio	autotrackgqi
Association_ParietalAslantTractL	isovf	NODDI	/scratch/executivefunction/SLURM_13244013_93/job-13244013-93-sub-20865-ses-2/ds/inputs/data/qsiprep/qsiprep/sub-20865/ses-2/dwi/sub-20865_ses-2_space-ACPC_desc-preproc_dwi.nii.gz	0.5885151206252124	0.0651734843850135	0.1331920772790908	0.0	0.1583861112594604	0.1082616001367569	0.1683712899684906	0.071905568242073	0.107114627957344	sub-20865	ses-2				space-ACPC			DSIStudio	autotrackgqi
Association_ParietalAslantTractL	modulated_icvf	NODDI	/scratch/executivefunction/SLURM_13244013_93/job-13244013-93-sub-20865-ses-2/ds/inputs/data/qsiprep/qsiprep/sub-20865/ses-2/dwi/sub-20865_ses-2_space-ACPC_desc-preproc_dwi.nii.gz	0.0321100917431192	0.3740814626216888	0.1337824910879135	0.3557884693145752	0.3864917457103729	0.3710971474647522	0.1170258298516273	0.4623124599456787	0.4641686677932739	sub-20865	ses-2				space-ACPC			DSIStudio	autotrackgqi
Association_ParietalAslantTractL	modulated_od	NODDI	/scratch/executivefunction/SLURM_13244013_93/job-13244013-93-sub-20865-ses-2/ds/inputs/data/qsiprep/qsiprep/sub-20865/ses-2/dwi/sub-20865_ses-2_space-ACPC_desc-preproc_dwi.nii.gz	0.0321100917431192	0.3804563581943512	0.1866017282009124	0.369295060634613	0.3930781483650207	0.3782207071781158	0.176108032464981	0.2834921777248382	0.2846303880214691	sub-20865	ses-2				space-ACPC			DSIStudio	autotrackgqi
Association_ParietalAslantTractL	nrmse	NODDI	/scratch/executivefunction/SLURM_13244013_93/job-13244013-93-sub-20865-ses-2/ds/inputs/data/qsiprep/qsiprep/sub-20865/ses-2/dwi/sub-20865_ses-2_space-ACPC_desc-preproc_dwi.nii.gz	0.0317703024125042	0.1290524154901504	0.0793550908565521	0.1096924170851707	0.1332869827747345	0.1109040156006813	0.07706780731678	0.1140274256467819	0.114474318921566	sub-20865	ses-2				space-ACPC			DSIStudio	autotrackgqi
Association_ParietalAslantTractL	od	NODDI	/scratch/executivefunction/SLURM_13244013_93/job-13244013-93-sub-20865-ses-2/ds/inputs/data/qsiprep/qsiprep/sub-20865/ses-2/dwi/sub-20865_ses-2_space-ACPC_desc-preproc_dwi.nii.gz	0.0317703024125042	0.4089636206626892	0.1910573095083236	0.3973833322525024	0.4223828613758087	0.4069227278232574	0.1789765655994415	0.3024972379207611	0.3036827445030212	sub-20865	ses-2				space-ACPC			DSIStudio	autotrackgqi
Association_ParietalAslantTractL	rmse	NODDI	/scratch/executivefunction/SLURM_13244013_93/job-13244013-93-sub-20865-ses-2/ds/inputs/data/qsiprep/qsiprep/sub-20865/ses-2/dwi/sub-20865_ses-2_space-ACPC_desc-preproc_dwi.nii.gz	0.0317703024125042	0.0497625209391117	0.0331611819565296	0.0422889702022075	0.0513953678309917	0.0427727103233337	0.0324318669736385	0.0458844825625419	0.0460643097758293	sub-20865	ses-2				space-ACPC			DSIStudio	autotrackgqi
Association_ParietalAslantTractL	tf	NODDI	/scratch/executivefunction/SLURM_13244013_93/job-13244013-93-sub-20865-ses-2/ds/inputs/data/qsiprep/qsiprep/sub-20865/ses-2/dwi/sub-20865_ses-2_space-ACPC_desc-preproc_dwi.nii.gz	0.0321100917431192	0.903056210455666	0.2106179457733842	1.0	0.9330154212290768	1.0	0.1337130117289944	0.9241905946609472	0.9279011557489624	sub-20865	ses-2				space-ACPC			DSIStudio	autotrackgqi
Association_InferiorFrontoOccipitalFasciculusL	directions	NODDI	/scratch/executivefunction/SLURM_13244013_93/job-13244013-93-sub-20865-ses-2/ds/inputs/data/qsiprep/qsiprep/sub-20865/ses-2/dwi/sub-20865_ses-2_space-ACPC_desc-preproc_dwi.nii.gz	108.0	-0.0861627832055091	0.5672685503959656	-0.1400750428438186	-0.0872399434447288	-0.1495078951120376	0.5707210898399353	-0.1846994757652282		sub-20865	ses-2				space-ACPC			DSIStudio	autotrackgqi
Association_InferiorFrontoOccipitalFasciculusL	icvf	NODDI	/scratch/executivefunction/SLURM_13244013_93/job-13244013-93-sub-20865-ses-2/ds/inputs/data/qsiprep/qsiprep/sub-20865/ses-2/dwi/sub-20865_ses-2_space-ACPC_desc-preproc_dwi.nii.gz	0.013033039899394	0.4705348610877991	0.1388837993144989	0.4802566468715668	0.4767483472824096	0.4831927418708801	0.1287678331136703	0.5345738530158997	0.5347828269004822	sub-20865	ses-2				space-ACPC			DSIStudio	autotrackgqi
Association_InferiorFrontoOccipitalFasciculusL	isovf	NODDI	/scratch/executivefunction/SLURM_13244013_93/job-13244013-93-sub-20865-ses-2/ds/inputs/data/qsiprep/qsiprep/sub-20865/ses-2/dwi/sub-20865_ses-2_space-ACPC_desc-preproc_dwi.nii.gz	0.448039327769521	0.0696843713521957	0.1142874062061309	0.0257889572530984	0.1262487918138504	0.0984028279781341	0.1285411715507507	0.071333572268486	0.0967977792024612	sub-20865	ses-2				space-ACPC			DSIStudio	autotrackgqi
Association_InferiorFrontoOccipitalFasciculusL	modulated_icvf	NODDI	/scratch/executivefunction/SLURM_13244013_93/job-13244013-93-sub-20865-ses-2/ds/inputs/data/qsiprep/qsiprep/sub-20865/ses-2/dwi/sub-20865_ses-2_space-ACPC_desc-preproc_dwi.nii.gz	0.013033039899394	0.4322500228881836	0.1187117397785186	0.4557744860649109	0.4379579424858093	0.4573491215705871	0.1085299104452133	0.4929355978965759	0.4931282997131347	sub-20865	ses-2				space-ACPC			DSIStudio	autotrackgqi
Association_InferiorFrontoOccipitalFasciculusL	modulated_od	NODDI	/scratch/executivefunction/SLURM_13244013_93/job-13244013-93-sub-20865-ses-2/ds/inputs/data/qsiprep/qsiprep/sub-20865/ses-2/dwi/sub-20865_ses-2_space-ACPC_desc-preproc_dwi.nii.gz	0.0128043900765976	0.3155038058757782	0.1763873100280761	0.2973222732543945	0.3195960223674774	0.299852967262268	0.1738049685955047	0.182977557182312	0.1830478906631469	sub-20865	ses-2				space-ACPC			DSIStudio	autotrackgqi
Association_InferiorFrontoOccipitalFasciculusL	nrmse	NODDI	/scratch/executivefunction/SLURM_13244013_93/job-13244013-93-sub-20865-ses-2/ds/inputs/data/qsiprep/qsiprep/sub-20865/ses-2/dwi/sub-20865_ses-2_space-ACPC_desc-preproc_dwi.nii.gz	0.0123470904310049	0.1257253289222717	0.0640729740262031	0.1113470569252967	0.1272970736026764	0.1118190586566925	0.062901422381401	0.1193907782435417	0.1194359064102172	sub-20865	ses-2				space-ACPC			DSIStudio	autotrackgqi
Association_InferiorFrontoOccipitalFasciculusL	od	NODDI	/scratch/executivefunction/SLURM_13244013_93/job-13244013-93-sub-20865-ses-2/ds/inputs/data/qsiprep/qsiprep/sub-20865/ses-2/dwi/sub-20865_ses-2_space-ACPC_desc-preproc_dwi.nii.gz	0.0123470904310049	0.3396143317222595	0.1824017316102981	0.3261666595935821	0.3438600301742553	0.3286373019218445	0.1795171350240707	0.195844680070877	0.1959187239408493	sub-20865	ses-2				space-ACPC			DSIStudio	autotrackgqi
Association_InferiorFrontoOccipitalFasciculusL	rmse	NODDI	/scratch/executivefunction/SLURM_13244013_93/job-13244013-93-sub-20865-ses-2/ds/inputs/data/qsiprep/qsiprep/sub-20865/ses-2/dwi/sub-20865_ses-2_space-ACPC_desc-preproc_dwi.nii.gz	0.0123470904310049	0.0502248145639896	0.0305910259485244	0.044500570744276	0.0508526973426342	0.0446858555078506	0.0302585568279027	0.0494729653000831	0.0494916699826717	sub-20865	ses-2				space-ACPC			DSIStudio	autotrackgqi
Association_InferiorFrontoOccipitalFasciculusL	tf	NODDI	/scratch/executivefunction/SLURM_13244013_93/job-13244013-93-sub-20865-ses-2/ds/inputs/data/qsiprep/qsiprep/sub-20865/ses-2/dwi/sub-20865_ses-2_space-ACPC_desc-preproc_dwi.nii.gz	0.013033039899394	0.9179685430634672	0.1534126834095396	0.9699540734291076	0.9300904489952678	0.9723563194274902	0.1121239113800211	0.928288460389648	0.9286513481238236	sub-20865	ses-2				space-ACPC			DSIStudio	autotrackgqi
Association_MiddleLongitudinalFasciculusL	directions	NODDI	/scratch/executivefunction/SLURM_13244013_93/job-13244013-93-sub-20865-ses-2/ds/inputs/data/qsiprep/qsiprep/sub-20865/ses-2/dwi/sub-20865_ses-2_space-ACPC_desc-preproc_dwi.nii.gz	2.0	-0.0837786346673965	0.570942223072052	-0.1637729108333587	-0.0838640332221984	-0.1646768450736999	0.5712268948554993	-0.2913502156734466		sub-20865	ses-2				space-ACPC			DSIStudio	autotrackgqi
Association_MiddleLongitudinalFasciculusL	icvf	NODDI	/scratch/executivefunction/SLURM_13244013_93/job-13244013-93-sub-20865-ses-2/ds/inputs/data/qsiprep/qsiprep/sub-20865/ses-2/dwi/sub-20865_ses-2_space-ACPC_desc-preproc_dwi.nii.gz	0.0061099796334012	0.4678258299827575	0.132098764181137	0.4757878184318542	0.4707018136978149	0.4769958853721618	0.1272934824228286	0.5078506469726562	0.5083728432655334	sub-20865	ses-2				space-ACPC			DSIStudio	autotrackgqi
Association_MiddleLongitudinalFasciculusL	isovf	NODDI	/scratch/executivefunction/SLURM_13244013_93/job-13244013-93-sub-20865-ses-2/ds/inputs/data/qsiprep/qsiprep/sub-20865/ses-2/dwi/sub-20865_ses-2_space-ACPC_desc-preproc_dwi.nii.gz	0.3971486761710794	0.0851524695754051	0.1352359652519226	0.0518193691968917	0.1412495374679565	0.1094903796911239	0.1497111320495605	0.0797743946313858	0.1087221652269363	sub-20865	ses-2				space-ACPC			DSIStudio	autotrackgqi
Association_MiddleLongitudinalFasciculusL	modulated_icvf	NODDI	/scratch/executivefunction/SLURM_13244013_93/job-13244013-93-sub-20865-ses-2/ds/inputs/data/qsiprep/qsiprep/sub-20865/ses-2/dwi/sub-20865_ses-2_space-ACPC_desc-preproc_dwi.nii.gz	0.0061099796334012	0.4243555068969726	0.1121326386928558	0.4422236680984497	0.4269642531871795	0.443292498588562	0.1074112951755523	0.4630029797554016	0.463479071855545	sub-20865	ses-2				space-ACPC			DSIStudio	autotrackgqi
Association_MiddleLongitudinalFasciculusL	modulated_od	NODDI	/scratch/executivefunction/SLURM_13244013_93/job-13244013-93-sub-20865-ses-2/ds/inputs/data/qsiprep/qsiprep/sub-20865/ses-2/dwi/sub-20865_ses-2_space-ACPC_desc-preproc_dwi.nii.gz	0.0061099796334012	0.3036585450172424	0.180295780301094	0.2573457658290863	0.3055253028869629	0.2583677172660827	0.1792653501033783	0.2641607522964477	0.2644323706626892	sub-20865	ses-2				space-ACPC			DSIStudio	autotrackgqi
Association_MiddleLongitudinalFasciculusL	nrmse	NODDI	/scratch/executivefunction/SLURM_13244013_93/job-13244013-93-sub-20865-ses-2/ds/inputs/data/qsiprep/qsiprep/sub-20865/ses-2/dwi/sub-20865_ses-2_space-ACPC_desc-preproc_dwi.nii.gz	0.0010183299389002	0.1103895679116249	0.0335015654563903	0.1047475337982177	0.1105020940303802	0.1047509610652923	0.033332634717226	0.1075355038046836	0.1075471341609954	sub-20865	ses-2				space-ACPC			DSIStudio	autotrackgqi
Association_MiddleLongitudinalFasciculusL	od	NODDI	/scratch/executivefunction/SLURM_13244013_93/job-13244013-93-sub-20865-ses-2/ds/inputs/data/qsiprep/qsiprep/sub-20865/ses-2/dwi/sub-20865_ses-2_space-ACPC_desc-preproc_dwi.nii.gz	0.0010183299389002	0.3327148258686065	0.184867575764656	0.2917267680168152	0.3330539762973785	0.2918145656585693	0.1846561580896377	0.2836349308490753	0.2836655974388122	sub-20865	ses-2				space-ACPC			DSIStudio	autotrackgqi
Association_MiddleLongitudinalFasciculusL	rmse	NODDI	/scratch/executivefunction/SLURM_13244013_93/job-13244013-93-sub-20865-ses-2/ds/inputs/data/qsiprep/qsiprep/sub-20865/ses-2/dwi/sub-20865_ses-2_space-ACPC_desc-preproc_dwi.nii.gz	0.0010183299389002	0.0430788546800613	0.0124913249164819	0.0410288199782371	0.0431227684020996	0.0410308018326759	0.0124216973781585	0.043197426944971	0.0432021021842956	sub-20865	ses-2				space-ACPC			DSIStudio	autotrackgqi
Association_MiddleLongitudinalFasciculusL	tf	NODDI	/scratch/executivefunction/SLURM_13244013_93/job-13244013-93-sub-20865-ses-2/ds/inputs/data/qsiprep/qsiprep/sub-20865/ses-2/dwi/sub-20865_ses-2_space-ACPC_desc-preproc_dwi.nii.gz	0.0061099796334012	0.9138291972839176	0.1383207615252427	0.947879046201706	0.9194469997262368	0.9486494958400726	0.1186801588901594	0.92011747142031	0.9210636124353364	sub-20865	ses-2				space-ACPC			DSIStudio	autotrackgqi
Association_FrontalAslantTractR	directions	NODDI	/scratch/executivefunction/SLURM_13244013_93/job-13244013-93-sub-20865-ses-2/ds/inputs/data/qsiprep/qsiprep/sub-20865/ses-2/dwi/sub-20865_ses-2_space-ACPC_desc-preproc_dwi.nii.gz	0.0	-0.02103460021317	0.5769669413566589	-0.0607035011053085	-0.02103460021317	-0.0607035011053085	0.5769669413566589	-0.0834137499332428		sub-20865	ses-2				space-ACPC			DSIStudio	autotrackgqi
Association_FrontalAslantTractR	icvf	NODDI	/scratch/executivefunction/SLURM_13244013_93/job-13244013-93-sub-20865-ses-2/ds/inputs/data/qsiprep/qsiprep/sub-20865/ses-2/dwi/sub-20865_ses-2_space-ACPC_desc-preproc_dwi.nii.gz	0.0067355186349348	0.5217767953872681	0.1508575230836868	0.5513251423835754	0.5253150463104248	0.5530431270599365	0.1450986415147781	0.576888918876648	0.5772181749343872	sub-20865	ses-2				space-ACPC			DSIStudio	autotrackgqi
Association_FrontalAslantTractR	isovf	NODDI	/scratch/executivefunction/SLURM_13244013_93/job-13244013-93-sub-20865-ses-2/ds/inputs/data/qsiprep/qsiprep/sub-20865/ses-2/dwi/sub-20865_ses-2_space-ACPC_desc-preproc_dwi.nii.gz	0.2907498877413561	0.1038789823651313	0.1488790065050125	0.0804231539368629	0.1464631110429763	0.108961284160614	0.1581589728593826	0.0946666151285171	0.1144199296832084	sub-20865	ses-2				space-ACPC			DSIStudio	autotrackgqi
Association_FrontalAslantTractR	modulated_icvf	NODDI	/scratch/executivefunction/SLURM_13244013_93/job-13244013-93-sub-20865-ses-2/ds/inputs/data/qsiprep/qsiprep/sub-20865/ses-2/dwi/sub-20865_ses-2_space-ACPC_desc-preproc_dwi.nii.gz	0.0067355186349348	0.4673885405063629	0.1360515058040619	0.5045454502105713	0.4705579876899719	0.5060901641845703	0.1309355795383453	0.5187305212020874	0.5190266370773315	sub-20865	ses-2				space-ACPC			DSIStudio	autotrackgqi
Association_FrontalAslantTractR	modulated_od	NODDI	/scratch/executivefunction/SLURM_13244013_93/job-13244013-93-sub-20865-ses-2/ds/inputs/data/qsiprep/qsiprep/sub-20865/ses-2/dwi/sub-20865_ses-2_space-ACPC_desc-preproc_dwi.nii.gz	0.0065110013471037	0.2901899218559265	0.1450022161006927	0.2751991152763366	0.2920917272567749	0.2759567201137543	0.1435546427965164	0.2439706176519394	0.2441058456897735	sub-20865	ses-2				space-ACPC			DSIStudio	autotrackgqi
Association_FrontalAslantTractR	nrmse	NODDI	/scratch/executivefunction/SLURM_13244013_93/job-13244013-93-sub-20865-ses-2/ds/inputs/data/qsiprep/qsiprep/sub-20865/ses-2/dwi/sub-20865_ses-2_space-ACPC_desc-preproc_dwi.nii.gz	0.0	0.1232044100761413	0.0467801094055175	0.1140919998288154	0.1232044100761413	0.1140919998288154	0.0467801094055175	0.1167662143707275	0.1167662143707275	sub-20865	ses-2				space-ACPC			DSIStudio	autotrackgqi
Association_FrontalAslantTractR	od	NODDI	/scratch/executivefunction/SLURM_13244013_93/job-13244013-93-sub-20865-ses-2/ds/inputs/data/qsiprep/qsiprep/sub-20865/ses-2/dwi/sub-20865_ses-2_space-ACPC_desc-preproc_dwi.nii.gz	0.0	0.3326500058174133	0.168444812297821	0.3130421936511993	0.3326500058174133	0.3130421936511993	0.168444812297821	0.2700319290161133	0.2700319290161133	sub-20865	ses-2				space-ACPC			DSIStudio	autotrackgqi
Association_FrontalAslantTractR	rmse	NODDI	/scratch/executivefunction/SLURM_13244013_93/job-13244013-93-sub-20865-ses-2/ds/inputs/data/qsiprep/qsiprep/sub-20865/ses-2/dwi/sub-20865_ses-2_space-ACPC_desc-preproc_dwi.nii.gz	0.0	0.049294788390398	0.0185153316706419	0.0463613122701644	0.049294788390398	0.0463613122701644	0.0185153316706419	0.0485536977648735	0.0485536977648735	sub-20865	ses-2				space-ACPC			DSIStudio	autotrackgqi
Association_FrontalAslantTractR	tf	NODDI	/scratch/executivefunction/SLURM_13244013_93/job-13244013-93-sub-20865-ses-2/ds/inputs/data/qsiprep/qsiprep/sub-20865/ses-2/dwi/sub-20865_ses-2_space-ACPC_desc-preproc_dwi.nii.gz	0.0067355186349348	0.8961210246170697	0.1488790131366873	0.9195768535137177	0.9021977946755037	0.9202947914600372	0.1297413461210068	0.9053333887758516	0.9058502091041474	sub-20865	ses-2				space-ACPC			DSIStudio	autotrackgqi
Association_SuperiorLongitudinalFasciculusL	directions	NODDI	/scratch/executivefunction/SLURM_13244013_93/job-13244013-93-sub-20865-ses-2/ds/inputs/data/qsiprep/qsiprep/sub-20865/ses-2/dwi/sub-20865_ses-2_space-ACPC_desc-preproc_dwi.nii.gz	68.0	-0.0346388779580593	0.57391756772995	-0.0613016746938228	-0.0349272526800632	-0.0696355402469635	0.5762928128242493	-0.0520883314311504		sub-20865	ses-2				space-ACPC			DSIStudio	autotrackgqi
Association_SuperiorLongitudinalFasciculusL	icvf	NODDI	/scratch/executivefunction/SLURM_13244013_93/job-13244013-93-sub-20865-ses-2/ds/inputs/data/qsiprep/qsiprep/sub-20865/ses-2/dwi/sub-20865_ses-2_space-ACPC_desc-preproc_dwi.nii.gz	0.0131131617289946	0.4694647192955017	0.1713000535964965	0.4434027671813965	0.475702702999115	0.4477359652519226	0.1636037677526474	0.57352614402771	0.5741472840309143	sub-20865	ses-2				space-ACPC			DSIStudio	autotrackgqi
Association_SuperiorLongitudinalFasciculusL	isovf	NODDI	/scratch/executivefunction/SLURM_13244013_93/job-13244013-93-sub-20865-ses-2/ds/inputs/data/qsiprep/qsiprep/sub-20865/ses-2/dwi/sub-20865_ses-2_space-ACPC_desc-preproc_dwi.nii.gz	0.442326372025255	0.0986623466014862	0.1632965505123138	0.0349647849798202	0.1769177168607711	0.1239166334271431	0.1843130886554718	0.0963521897792816	0.1269558817148208	sub-20865	ses-2				space-ACPC			DSIStudio	autotrackgqi
Association_SuperiorLongitudinalFasciculusL	modulated_icvf	NODDI	/scratch/executivefunction/SLURM_13244013_93/job-13244013-93-sub-20865-ses-2/ds/inputs/data/qsiprep/qsiprep/sub-20865/ses-2/dwi/sub-20865_ses-2_space-ACPC_desc-preproc_dwi.nii.gz	0.0131131617289946	0.4173035323619842	0.144051969051361	0.4236363768577575	0.4228484034538269	0.4236363768577575	0.1366823017597198	0.5118104815483093	0.5123647451400757	sub-20865	ses-2				space-ACPC			DSIStudio	autotrackgqi
Association_SuperiorLongitudinalFasciculusL	modulated_od	NODDI	/scratch/executivefunction/SLURM_13244013_93/job-13244013-93-sub-20865-ses-2/ds/inputs/data/qsiprep/qsiprep/sub-20865/ses-2/dwi/sub-20865_ses-2_space-ACPC_desc-preproc_dwi.nii.gz	0.0131131617289946	0.3533039391040802	0.1745678186416626	0.3329595029354095	0.3579984307289123	0.3359703421592712	0.1708748638629913	0.2766236662864685	0.276923269033432	sub-20865	ses-2				space-ACPC			DSIStudio	autotrackgqi
Association_SuperiorLongitudinalFasciculusL	nrmse	NODDI	/scratch/executivefunction/SLURM_13244013_93/job-13244013-93-sub-20865-ses-2/ds/inputs/data/qsiprep/qsiprep/sub-20865/ses-2/dwi/sub-20865_ses-2_space-ACPC_desc-preproc_dwi.nii.gz	0.0082564351627003	0.1140269711613655	0.0520599223673343	0.1039850190281868	0.1149762719869613	0.1042976081371307	0.0512216016650199	0.1129239797592163	0.1130050420761108	sub-20865	ses-2				space-ACPC			DSIStudio	autotrackgqi
Association_SuperiorLongitudinalFasciculusL	od	NODDI	/scratch/executivefunction/SLURM_13244013_93/job-13244013-93-sub-20865-ses-2/ds/inputs/data/qsiprep/qsiprep/sub-20865/ses-2/dwi/sub-20865_ses-2_space-ACPC_desc-preproc_dwi.nii.gz	0.0082564351627003	0.398030012845993	0.1857214123010635	0.3756595253944397	0.4013437032699585	0.3775438070297241	0.1828925460577011	0.304013580083847	0.3042317926883697	sub-20865	ses-2				space-ACPC			DSIStudio	autotrackgqi
Association_SuperiorLongitudinalFasciculusL	rmse	NODDI	/scratch/executivefunction/SLURM_13244013_93/job-13244013-93-sub-20865-ses-2/ds/inputs/data/qsiprep/qsiprep/sub-20865/ses-2/dwi/sub-20865_ses-2_space-ACPC_desc-preproc_dwi.nii.gz	0.0082564351627003	0.0442895740270614	0.0211529247462749	0.0405428558588027	0.0446582920849323	0.0406564958393573	0.0208495780825614	0.0468585044145584	0.0468921437859535	sub-20865	ses-2				space-ACPC			DSIStudio	autotrackgqi
Association_SuperiorLongitudinalFasciculusL	tf	NODDI	/scratch/executivefunction/SLURM_13244013_93/job-13244013-93-sub-20865-ses-2/ds/inputs/data/qsiprep/qsiprep/sub-20865/ses-2/dwi/sub-20865_ses-2_space-ACPC_desc-preproc_dwi.nii.gz	0.0131131617289946	0.8930812186049049	0.1822768046155505	0.9601719379425048	0.9049479473954228	0.9643306136131288	0.1514184049069335	0.9029304970920544	0.9039084207186474	sub-20865	ses-2				space-ACPC			DSIStudio	autotrackgqi
Association_ArcuateFasciculusR	directions	NODDI	/scratch/executivefunction/SLURM_13244013_93/job-13244013-93-sub-20865-ses-2/ds/inputs/data/qsiprep/qsiprep/sub-20865/ses-2/dwi/sub-20865_ses-2_space-ACPC_desc-preproc_dwi.nii.gz	3.0	-0.0888815820217132	0.5702448487281799	-0.1376946866512298	-0.0889494195580482	-0.1385205090045929	0.5704571008682251	-0.119215115904808		sub-20865	ses-2				space-ACPC			DSIStudio	autotrackgqi
Association_ArcuateFasciculusR	icvf	NODDI	/scratch/executivefunction/SLURM_13244013_93/job-13244013-93-sub-20865-ses-2/ds/inputs/data/qsiprep/qsiprep/sub-20865/ses-2/dwi/sub-20865_ses-2_space-ACPC_desc-preproc_dwi.nii.gz	0.0038129130655821	0.5101169943809509	0.1521374136209488	0.5267915725708008	0.5120694637298584	0.5274912714958191	0.1491126418113708	0.5978966951370239	0.5980052947998047	sub-20865	ses-2				space-ACPC			DSIStudio	autotrackgqi
Association_ArcuateFasciculusR	isovf	NODDI	/scratch/executivefunction/SLURM_13244013_93/job-13244013-93-sub-20865-ses-2/ds/inputs/data/qsiprep/qsiprep/sub-20865/ses-2/dwi/sub-20865_ses-2_space-ACPC_desc-preproc_dwi.nii.gz	0.3426537874936451	0.0873616486787796	0.1244375184178352	0.0750256925821304	0.1329005062580108	0.1082966923713684	0.1323035806417465	0.1046467721462249	0.1142191961407661	sub-20865	ses-2				space-ACPC			DSIStudio	autotrackgqi
Association_ArcuateFasciculusR	modulated_icvf	NODDI	/scratch/executivefunction/SLURM_13244013_93/job-13244013-93-sub-20865-ses-2/ds/inputs/data/qsiprep/qsiprep/sub-20865/ses-2/dwi/sub-20865_ses-2_space-ACPC_desc-preproc_dwi.nii.gz	0.0038129130655821	0.4610911309719085	0.1301388889551162	0.48035728931427	0.4628559648990631	0.4808074831962585	0.1272167116403579	0.5334562063217163	0.5335530638694763	sub-20865	ses-2				space-ACPC			DSIStudio	autotrackgqi
Association_ArcuateFasciculusR	modulated_od	NODDI	/scratch/executivefunction/SLURM_13244013_93/job-13244013-93-sub-20865-ses-2/ds/inputs/data/qsiprep/qsiprep/sub-20865/ses-2/dwi/sub-20865_ses-2_space-ACPC_desc-preproc_dwi.nii.gz	0.0025419420437214	0.3020081222057342	0.1626194566488266	0.2730125188827514	0.3027777671813965	0.2734204232692718	0.162109375	0.2391502559185028	0.2391752302646637	sub-20865	ses-2				space-ACPC			DSIStudio	autotrackgqi
Association_ArcuateFasciculusR	nrmse	NODDI	/scratch/executivefunction/SLURM_13244013_93/job-13244013-93-sub-20865-ses-2/ds/inputs/data/qsiprep/qsiprep/sub-20865/ses-2/dwi/sub-20865_ses-2_space-ACPC_desc-preproc_dwi.nii.gz	0.0007625826131164	0.1142216026782989	0.0417824387550354	0.1069828122854232	0.1143087744712829	0.1070067584514617	0.0416790172457695	0.1083104014396667	0.1083128899335861	sub-20865	ses-2				space-ACPC			DSIStudio	autotrackgqi
Association_ArcuateFasciculusR	od	NODDI	/scratch/executivefunction/SLURM_13244013_93/job-13244013-93-sub-20865-ses-2/ds/inputs/data/qsiprep/qsiprep/sub-20865/ses-2/dwi/sub-20865_ses-2_space-ACPC_desc-preproc_dwi.nii.gz	0.0007625826131164	0.3344500064849853	0.1750373095273971	0.3106378316879272	0.3347052335739136	0.3107311129570007	0.1748599708080291	0.2677261233329773	0.2677322924137115	sub-20865	ses-2				space-ACPC			DSIStudio	autotrackgqi
Association_ArcuateFasciculusR	rmse	NODDI	/scratch/executivefunction/SLURM_13244013_93/job-13244013-93-sub-20865-ses-2/ds/inputs/data/qsiprep/qsiprep/sub-20865/ses-2/dwi/sub-20865_ses-2_space-ACPC_desc-preproc_dwi.nii.gz	0.0007625826131164	0.0459353812038898	0.0194327440112829	0.0433320477604866	0.0459704399108886	0.0433477871119976	0.0193986650556325	0.0454734191298484	0.0454744659364223	sub-20865	ses-2				space-ACPC			DSIStudio	autotrackgqi
Association_ArcuateFasciculusR	tf	NODDI	/scratch/executivefunction/SLURM_13244013_93/job-13244013-93-sub-20865-ses-2/ds/inputs/data/qsiprep/qsiprep/sub-20865/ses-2/dwi/sub-20865_ses-2_space-ACPC_desc-preproc_dwi.nii.gz	0.0038129130655821	0.9118757721701428	0.1269387828137017	0.924793004989624	0.915365983086844	0.9252331852912904	0.1139311572650809	0.8953301802352689	0.8954928151778793	sub-20865	ses-2				space-ACPC			DSIStudio	autotrackgqi
Association_InferiorLongitudinalFasciculusR	directions	NODDI	/scratch/executivefunction/SLURM_13244013_93/job-13244013-93-sub-20865-ses-2/ds/inputs/data/qsiprep/qsiprep/sub-20865/ses-2/dwi/sub-20865_ses-2_space-ACPC_desc-preproc_dwi.nii.gz	76.0	-0.0177946146577596	0.5750592350959778	-0.0567173101007938	-0.017919523641467	-0.0636593699455261	0.5770720839500427	0.0502087995409965		sub-20865	ses-2				space-ACPC			DSIStudio	autotrackgqi
Association_InferiorLongitudinalFasciculusR	icvf	NODDI	/scratch/executivefunction/SLURM_13244013_93/job-13244013-93-sub-20865-ses-2/ds/inputs/data/qsiprep/qsiprep/sub-20865/ses-2/dwi/sub-20865_ses-2_space-ACPC_desc-preproc_dwi.nii.gz	0.0128405026139594	0.456063836812973	0.1489993184804916	0.4491842985153198	0.4619960784912109	0.453023225069046	0.1405307501554489	0.5195029973983765	0.5198559165000916	sub-20865	ses-2				space-ACPC			DSIStudio	autotrackgqi
Association_InferiorLongitudinalFasciculusR	isovf	NODDI	/scratch/executivefunction/SLURM_13244013_93/job-13244013-93-sub-20865-ses-2/ds/inputs/data/qsiprep/qsiprep/sub-20865/ses-2/dwi/sub-20865_ses-2_space-ACPC_desc-preproc_dwi.nii.gz	0.4551958176648629	0.0922666266560554	0.1668193936347961	0.0212695468217134	0.169357419013977	0.1078108772635459	0.1949982494115829	0.0845003277063369	0.1114659309387207	sub-20865	ses-2				space-ACPC			DSIStudio	autotrackgqi
Association_InferiorLongitudinalFasciculusR	modulated_icvf	NODDI	/scratch/executivefunction/SLURM_13244013_93/job-13244013-93-sub-20865-ses-2/ds/inputs/data/qsiprep/qsiprep/sub-20865/ses-2/dwi/sub-20865_ses-2_space-ACPC_desc-preproc_dwi.nii.gz	0.0128405026139594	0.4080614149570465	0.1280917674303054	0.4236363768577575	0.4133692979812622	0.4236363768577575	0.1201116666197776	0.4715432226657867	0.4718635380268097	sub-20865	ses-2				space-ACPC			DSIStudio	autotrackgqi
Association_InferiorLongitudinalFasciculusR	modulated_od	NODDI	/scratch/executivefunction/SLURM_13244013_93/job-13244013-93-sub-20865-ses-2/ds/inputs/data/qsiprep/qsiprep/sub-20865/ses-2/dwi/sub-20865_ses-2_space-ACPC_desc-preproc_dwi.nii.gz	0.0114647344767495	0.3057901263236999	0.1794801205396652	0.2833095788955688	0.3093366026878357	0.2855384945869446	0.177453264594078	0.2036504298448562	0.2037761807441711	sub-20865	ses-2				space-ACPC			DSIStudio	autotrackgqi
Association_InferiorLongitudinalFasciculusR	nrmse	NODDI	/scratch/executivefunction/SLURM_13244013_93/job-13244013-93-sub-20865-ses-2/ds/inputs/data/qsiprep/qsiprep/sub-20865/ses-2/dwi/sub-20865_ses-2_space-ACPC_desc-preproc_dwi.nii.gz	0.0069705585618637	0.1280861794948578	0.0608399771153926	0.1132639050483703	0.1289852857589721	0.1134730577468872	0.060095876455307	0.1146672964096069	0.1147049441933631	sub-20865	ses-2				space-ACPC			DSIStudio	autotrackgqi
Association_InferiorLongitudinalFasciculusR	od	NODDI	/scratch/executivefunction/SLURM_13244013_93/job-13244013-93-sub-20865-ses-2/ds/inputs/data/qsiprep/qsiprep/sub-20865/ses-2/dwi/sub-20865_ses-2_space-ACPC_desc-preproc_dwi.nii.gz	0.0069705585618637	0.3422354757785797	0.1920481324195861	0.3218978345394134	0.3446378111839294	0.3229124248027801	0.1905608773231506	0.2206970900297165	0.2207695543766021	sub-20865	ses-2				space-ACPC			DSIStudio	autotrackgqi
Association_InferiorLongitudinalFasciculusR	rmse	NODDI	/scratch/executivefunction/SLURM_13244013_93/job-13244013-93-sub-20865-ses-2/ds/inputs/data/qsiprep/qsiprep/sub-20865/ses-2/dwi/sub-20865_ses-2_space-ACPC_desc-preproc_dwi.nii.gz	0.0069705585618637	0.0496237389743328	0.024658840149641	0.0445950329303741	0.0499720722436904	0.0447081811726093	0.0243909750133752	0.0466655530035495	0.0466808751225471	sub-20865	ses-2				space-ACPC			DSIStudio	autotrackgqi
Association_InferiorLongitudinalFasciculusR	tf	NODDI	/scratch/executivefunction/SLURM_13244013_93/job-13244013-93-sub-20865-ses-2/ds/inputs/data/qsiprep/qsiprep/sub-20865/ses-2/dwi/sub-20865_ses-2_space-ACPC_desc-preproc_dwi.nii.gz	0.0128405026139594	0.9007628193571188	0.1829327291677959	0.9758789539337158	0.9124795149540708	0.9786239266395568	0.1523431242803462	0.9151714168623676	0.915793091317832	sub-20865	ses-2				space-ACPC			DSIStudio	autotrackgqi
Association_ExtremeCapsuleR	directions	NODDI	/scratch/executivefunction/SLURM_13244013_93/job-13244013-93-sub-20865-ses-2/ds/inputs/data/qsiprep/qsiprep/sub-20865/ses-2/dwi/sub-20865_ses-2_space-ACPC_desc-preproc_dwi.nii.gz	0.0	0.0747506469488143	0.5724907517433167	0.0434212386608123	0.0747506469488143	0.0434212386608123	0.5724907517433167	0.2356060445308685		sub-20865	ses-2				space-ACPC			DSIStudio	autotrackgqi
Association_ExtremeCapsuleR	icvf	NODDI	/scratch/executivefunction/SLURM_13244013_93/job-13244013-93-sub-20865-ses-2/ds/inputs/data/qsiprep/qsiprep/sub-20865/ses-2/dwi/sub-20865_ses-2_space-ACPC_desc-preproc_dwi.nii.gz	0.0129118432769367	0.505514919757843	0.1417340189218521	0.5170130729675293	0.5121273994445801	0.5184913277626038	0.1302492022514343	0.5239465832710266	0.5246976613998413	sub-20865	ses-2				space-ACPC			DSIStudio	autotrackgqi
Association_ExtremeCapsuleR	isovf	NODDI	/scratch/executivefunction/SLURM_13244013_93/job-13244013-93-sub-20865-ses-2/ds/inputs/data/qsiprep/qsiprep/sub-20865/ses-2/dwi/sub-20865_ses-2_space-ACPC_desc-preproc_dwi.nii.gz	0.3437221727515583	0.0950141474604606	0.1584441363811493	0.0677271634340286	0.1447773277759552	0.103961743414402	0.1762054115533828	0.0651824027299881	0.1024804711341857	sub-20865	ses-2				space-ACPC			DSIStudio	autotrackgqi
Association_ExtremeCapsuleR	modulated_icvf	NODDI	/scratch/executivefunction/SLURM_13244013_93/job-13244013-93-sub-20865-ses-2/ds/inputs/data/qsiprep/qsiprep/sub-20865/ses-2/dwi/sub-20865_ses-2_space-ACPC_desc-preproc_dwi.nii.gz	0.0129118432769367	0.458202600479126	0.1260607689619064	0.4752216339111328	0.4641962349414825	0.4766821265220642	0.1153991743922233	0.4850678443908691	0.485763281583786	sub-20865	ses-2				space-ACPC			DSIStudio	autotrackgqi
Association_ExtremeCapsuleR	modulated_od	NODDI	/scratch/executivefunction/SLURM_13244013_93/job-13244013-93-sub-20865-ses-2/ds/inputs/data/qsiprep/qsiprep/sub-20865/ses-2/dwi/sub-20865_ses-2_space-ACPC_desc-preproc_dwi.nii.gz	0.0057880676758682	0.2597513496875763	0.1577431410551071	0.2373699396848678	0.2612635791301727	0.2379652261734008	0.1569480150938034	0.2294061779975891	0.2295044809579849	sub-20865	ses-2				space-ACPC			DSIStudio	autotrackgqi
Association_ExtremeCapsuleR	nrmse	NODDI	/scratch/executivefunction/SLURM_13244013_93/job-13244013-93-sub-20865-ses-2/ds/inputs/data/qsiprep/qsiprep/sub-20865/ses-2/dwi/sub-20865_ses-2_space-ACPC_desc-preproc_dwi.nii.gz	0.0	0.1080149263143539	0.0252904947847127	0.1046703457832336	0.1080149263143539	0.1046703457832336	0.0252904947847127	0.1049769297242164	0.1049769297242164	sub-20865	ses-2				space-ACPC			DSIStudio	autotrackgqi
Association_ExtremeCapsuleR	od	NODDI	/scratch/executivefunction/SLURM_13244013_93/job-13244013-93-sub-20865-ses-2/ds/inputs/data/qsiprep/qsiprep/sub-20865/ses-2/dwi/sub-20865_ses-2_space-ACPC_desc-preproc_dwi.nii.gz	0.0	0.2987301647663116	0.1852770149707794	0.2667673230171203	0.2987301647663116	0.2667673230171203	0.1852770149707794	0.2467598468065261	0.2467598468065261	sub-20865	ses-2				space-ACPC			DSIStudio	autotrackgqi
Association_ExtremeCapsuleR	rmse	NODDI	/scratch/executivefunction/SLURM_13244013_93/job-13244013-93-sub-20865-ses-2/ds/inputs/data/qsiprep/qsiprep/sub-20865/ses-2/dwi/sub-20865_ses-2_space-ACPC_desc-preproc_dwi.nii.gz	0.0	0.0431025922298431	0.0091669103130698	0.0426816195249557	0.0431025922298431	0.0426816195249557	0.0091669103130698	0.0430344976484775	0.0430344976484775	sub-20865	ses-2				space-ACPC			DSIStudio	autotrackgqi
Association_ExtremeCapsuleR	tf	NODDI	/scratch/executivefunction/SLURM_13244013_93/job-13244013-93-sub-20865-ses-2/ds/inputs/data/qsiprep/qsiprep/sub-20865/ses-2/dwi/sub-20865_ses-2_space-ACPC_desc-preproc_dwi.nii.gz	0.0129118432769367	0.9049858478489244	0.1584441431920933	0.9322728216648102	0.916823732191558	0.9332562685012816	0.1207463425813934	0.9348175976130512	0.936157785739434	sub-20865	ses-2				space-ACPC			DSIStudio	autotrackgqi
Association_CingulumR	directions	NODDI	/scratch/executivefunction/SLURM_13244013_93/job-13244013-93-sub-20865-ses-2/ds/inputs/data/qsiprep/qsiprep/sub-20865/ses-2/dwi/sub-20865_ses-2_space-ACPC_desc-preproc_dwi.nii.gz	0.0	-0.0151861049234867	0.5771505236625671	-0.0322920344769954	-0.0151861049234867	-0.0322920344769954	0.5771505236625671	0.0108212307095527		sub-20865	ses-2				space-ACPC			DSIStudio	autotrackgqi
Association_CingulumR	icvf	NODDI	/scratch/executivefunction/SLURM_13244013_93/job-13244013-93-sub-20865-ses-2/ds/inputs/data/qsiprep/qsiprep/sub-20865/ses-2/dwi/sub-20865_ses-2_space-ACPC_desc-preproc_dwi.nii.gz	0.0165589660743134	0.4433014988899231	0.1660851687192917	0.4228600859642029	0.4507656991481781	0.4236363768577575	0.1571118384599685	0.4909175932407379	0.4916154444217682	sub-20865	ses-2				space-ACPC			DSIStudio	autotrackgqi
Association_CingulumR	isovf	NODDI	/scratch/executivefunction/SLURM_13244013_93/job-13244013-93-sub-20865-ses-2/ds/inputs/data/qsiprep/qsiprep/sub-20865/ses-2/dwi/sub-20865_ses-2_space-ACPC_desc-preproc_dwi.nii.gz	0.5584275713516424	0.1177131831645965	0.2304250448942184	0.0	0.2665773034095764	0.1297036707401275	0.2838283777236938	0.0507115647196769	0.108765423297882	sub-20865	ses-2				space-ACPC			DSIStudio	autotrackgqi
Association_CingulumR	modulated_icvf	NODDI	/scratch/executivefunction/SLURM_13244013_93/job-13244013-93-sub-20865-ses-2/ds/inputs/data/qsiprep/qsiprep/sub-20865/ses-2/dwi/sub-20865_ses-2_space-ACPC_desc-preproc_dwi.nii.gz	0.0165589660743134	0.3810992240905761	0.1321757435798645	0.3753609359264374	0.3875160813331604	0.3815082013607025	0.1236040145158767	0.4614419341087341	0.4620979428291321	sub-20865	ses-2				space-ACPC			DSIStudio	autotrackgqi
Association_CingulumR	modulated_od	NODDI	/scratch/executivefunction/SLURM_13244013_93/job-13244013-93-sub-20865-ses-2/ds/inputs/data/qsiprep/qsiprep/sub-20865/ses-2/dwi/sub-20865_ses-2_space-ACPC_desc-preproc_dwi.nii.gz	0.0080775444264943	0.3305598199367523	0.1837882548570633	0.327309638261795	0.3332516849040985	0.3293358981609344	0.1820882260799408	0.2376700788736343	0.2378574311733245	sub-20865	ses-2				space-ACPC			DSIStudio	autotrackgqi
Association_CingulumR	nrmse	NODDI	/scratch/executivefunction/SLURM_13244013_93/job-13244013-93-sub-20865-ses-2/ds/inputs/data/qsiprep/qsiprep/sub-20865/ses-2/dwi/sub-20865_ses-2_space-ACPC_desc-preproc_dwi.nii.gz	0.0	0.1090367957949638	0.0302827898412942	0.1041639745235443	0.1090367957949638	0.1041639745235443	0.0302827898412942	0.1115134507417678	0.1115134507417678	sub-20865	ses-2				space-ACPC			DSIStudio	autotrackgqi
Association_CingulumR	od	NODDI	/scratch/executivefunction/SLURM_13244013_93/job-13244013-93-sub-20865-ses-2/ds/inputs/data/qsiprep/qsiprep/sub-20865/ses-2/dwi/sub-20865_ses-2_space-ACPC_desc-preproc_dwi.nii.gz	0.0	0.3886825442314148	0.198392853140831	0.3777403235435486	0.3886825442314148	0.3777403235435486	0.198392853140831	0.2511198818683624	0.2511198818683624	sub-20865	ses-2				space-ACPC			DSIStudio	autotrackgqi
Association_CingulumR	rmse	NODDI	/scratch/executivefunction/SLURM_13244013_93/job-13244013-93-sub-20865-ses-2/ds/inputs/data/qsiprep/qsiprep/sub-20865/ses-2/dwi/sub-20865_ses-2_space-ACPC_desc-preproc_dwi.nii.gz	0.0	0.0414128080010414	0.0122929019853472	0.0399454981088638	0.0414128080010414	0.0399454981088638	0.0122929019853472	0.0456460677087307	0.0456460677087307	sub-20865	ses-2				space-ACPC			DSIStudio	autotrackgqi
Association_CingulumR	tf	NODDI	/scratch/executivefunction/SLURM_13244013_93/job-13244013-93-sub-20865-ses-2/ds/inputs/data/qsiprep/qsiprep/sub-20865/ses-2/dwi/sub-20865_ses-2_space-ACPC_desc-preproc_dwi.nii.gz	0.0165589660743134	0.8822868148854938	0.2304250366815873	1.0	0.8971425682367485	1.0	0.2016481654102413	0.9492884390275028	0.950637910701134	sub-20865	ses-2				space-ACPC			DSIStudio	autotrackgqi
Association_UncinateFasciculusL	directions	NODDI	/scratch/executivefunction/SLURM_13244013_93/job-13244013-93-sub-20865-ses-2/ds/inputs/data/qsiprep/qsiprep/sub-20865/ses-2/dwi/sub-20865_ses-2_space-ACPC_desc-preproc_dwi.nii.gz	19.0	-0.0591652877628803	0.5727905631065369	-0.1074613481760025	-0.0594764240086078	-0.1124282330274581	0.5742785334587097	-0.0159794948995113		sub-20865	ses-2				space-ACPC			DSIStudio	autotrackgqi
Association_UncinateFasciculusL	icvf	NODDI	/scratch/executivefunction/SLURM_13244013_93/job-13244013-93-sub-20865-ses-2/ds/inputs/data/qsiprep/qsiprep/sub-20865/ses-2/dwi/sub-20865_ses-2_space-ACPC_desc-preproc_dwi.nii.gz	0.0228524229074889	0.3958370387554168	0.1508109420537948	0.3608619570732116	0.4050944447517395	0.368023157119751	0.1397345215082168	0.4160935580730438	0.4177470207214355	sub-20865	ses-2				space-ACPC			DSIStudio	autotrackgqi
Association_UncinateFasciculusL	isovf	NODDI	/scratch/executivefunction/SLURM_13244013_93/job-13244013-93-sub-20865-ses-2/ds/inputs/data/qsiprep/qsiprep/sub-20865/ses-2/dwi/sub-20865_ses-2_space-ACPC_desc-preproc_dwi.nii.gz	0.6109581497797357	0.1008407324552536	0.2188330590724945	0.0	0.259202778339386	0.126393049955368	0.2864332795143127	0.0424206480383873	0.1229109466075897	sub-20865	ses-2				space-ACPC			DSIStudio	autotrackgqi
Association_UncinateFasciculusL	modulated_icvf	NODDI	/scratch/executivefunction/SLURM_13244013_93/job-13244013-93-sub-20865-ses-2/ds/inputs/data/qsiprep/qsiprep/sub-20865/ses-2/dwi/sub-20865_ses-2_space-ACPC_desc-preproc_dwi.nii.gz	0.0228524229074889	0.3467892110347748	0.1134024187922477	0.3427272737026214	0.354899525642395	0.3427272737026214	0.1014027595520019	0.3941826820373535	0.3957490622997284	sub-20865	ses-2				space-ACPC			DSIStudio	autotrackgqi
Association_UncinateFasciculusL	modulated_od	NODDI	/scratch/executivefunction/SLURM_13244013_93/job-13244013-93-sub-20865-ses-2/ds/inputs/data/qsiprep/qsiprep/sub-20865/ses-2/dwi/sub-20865_ses-2_space-ACPC_desc-preproc_dwi.nii.gz	0.0112885462555066	0.3548462092876434	0.177276462316513	0.3363110423088074	0.3588976263999939	0.3386348783969879	0.1741600185632705	0.3036262989044189	0.3040993511676788	sub-20865	ses-2				space-ACPC			DSIStudio	autotrackgqi
Association_UncinateFasciculusL	nrmse	NODDI	/scratch/executivefunction/SLURM_13244013_93/job-13244013-93-sub-20865-ses-2/ds/inputs/data/qsiprep/qsiprep/sub-20865/ses-2/dwi/sub-20865_ses-2_space-ACPC_desc-preproc_dwi.nii.gz	0.0052312775330396	0.1347114443778991	0.0600100867450237	0.1195369213819503	0.1354198604822158	0.1197629049420356	0.0593650974333286	0.1201024428009986	0.1201389357447624	sub-20865	ses-2				space-ACPC			DSIStudio	autotrackgqi
Association_UncinateFasciculusL	od	NODDI	/scratch/executivefunction/SLURM_13244013_93/job-13244013-93-sub-20865-ses-2/ds/inputs/data/qsiprep/qsiprep/sub-20865/ses-2/dwi/sub-20865_ses-2_space-ACPC_desc-preproc_dwi.nii.gz	0.0052312775330396	0.4108965694904327	0.1893826127052307	0.385527104139328	0.4130573868751526	0.3867969810962677	0.187514916062355	0.3212373852729797	0.3213349878787994	sub-20865	ses-2				space-ACPC			DSIStudio	autotrackgqi
Association_UncinateFasciculusL	rmse	NODDI	/scratch/executivefunction/SLURM_13244013_93/job-13244013-93-sub-20865-ses-2/ds/inputs/data/qsiprep/qsiprep/sub-20865/ses-2/dwi/sub-20865_ses-2_space-ACPC_desc-preproc_dwi.nii.gz	0.0052312775330396	0.0500616617500782	0.0245135650038719	0.0451931655406951	0.0503249280154705	0.0452835410833358	0.0243069194257259	0.0463357865810394	0.0463498681783676	sub-20865	ses-2				space-ACPC			DSIStudio	autotrackgqi
Association_UncinateFasciculusL	tf	NODDI	/scratch/executivefunction/SLURM_13244013_93/job-13244013-93-sub-20865-ses-2/ds/inputs/data/qsiprep/qsiprep/sub-20865/ses-2/dwi/sub-20865_ses-2_space-ACPC_desc-preproc_dwi.nii.gz	0.0228524229074889	0.8939279875664722	0.2281156896847711	1.0	0.9148341647904836	1.0	0.1847378136776734	0.9572755112658392	0.9610795097267584	sub-20865	ses-2				space-ACPC			DSIStudio	autotrackgqi
Association_InferiorFrontoOccipitalFasciculusR	directions	NODDI	/scratch/executivefunction/SLURM_13244013_93/job-13244013-93-sub-20865-ses-2/ds/inputs/data/qsiprep/qsiprep/sub-20865/ses-2/dwi/sub-20865_ses-2_space-ACPC_desc-preproc_dwi.nii.gz	59.0	-0.0492675900459289	0.5729049444198608	-0.0894201844930648	-0.0496678091585636	-0.0963702425360679	0.57520991563797	-0.3432821929454803		sub-20865	ses-2				space-ACPC			DSIStudio	autotrackgqi
Association_InferiorFrontoOccipitalFasciculusR	icvf	NODDI	/scratch/executivefunction/SLURM_13244013_93/job-13244013-93-sub-20865-ses-2/ds/inputs/data/qsiprep/qsiprep/sub-20865/ses-2/dwi/sub-20865_ses-2_space-ACPC_desc-preproc_dwi.nii.gz	0.0101065282709642	0.4828416109085083	0.1378613263368606	0.4906158149242401	0.4877712726593017	0.4924538135528564	0.1295964270830154	0.5332321524620056	0.533379316329956	sub-20865	ses-2				space-ACPC			DSIStudio	autotrackgqi
Association_InferiorFrontoOccipitalFasciculusR	isovf	NODDI	/scratch/executivefunction/SLURM_13244013_93/job-13244013-93-sub-20865-ses-2/ds/inputs/data/qsiprep/qsiprep/sub-20865/ses-2/dwi/sub-20865_ses-2_space-ACPC_desc-preproc_dwi.nii.gz	0.3817263042884458	0.0876888185739517	0.1389931142330169	0.0508628413081169	0.1418284922838211	0.1016280055046081	0.1535196155309677	0.0782689154148101	0.1073015183210372	sub-20865	ses-2				space-ACPC			DSIStudio	autotrackgqi
Association_InferiorFrontoOccipitalFasciculusR	modulated_icvf	NODDI	/scratch/executivefunction/SLURM_13244013_93/job-13244013-93-sub-20865-ses-2/ds/inputs/data/qsiprep/qsiprep/sub-20865/ses-2/dwi/sub-20865_ses-2_space-ACPC_desc-preproc_dwi.nii.gz	0.0101065282709642	0.4352429211139679	0.1196477487683296	0.4567626118659973	0.4396866261959076	0.4583494067192077	0.1118387430906295	0.4880379736423492	0.4881726503372192	sub-20865	ses-2				space-ACPC			DSIStudio	autotrackgqi
Association_InferiorFrontoOccipitalFasciculusR	modulated_od	NODDI	/scratch/executivefunction/SLURM_13244013_93/job-13244013-93-sub-20865-ses-2/ds/inputs/data/qsiprep/qsiprep/sub-20865/ses-2/dwi/sub-20865_ses-2_space-ACPC_desc-preproc_dwi.nii.gz	0.0099699535645998	0.2996497452259063	0.1762576252222061	0.2797375917434692	0.3026673197746277	0.2820071578025818	0.1745459288358688	0.1569941341876983	0.1570373624563217	sub-20865	ses-2				space-ACPC			DSIStudio	autotrackgqi
Association_InferiorFrontoOccipitalFasciculusR	nrmse	NODDI	/scratch/executivefunction/SLURM_13244013_93/job-13244013-93-sub-20865-ses-2/ds/inputs/data/qsiprep/qsiprep/sub-20865/ses-2/dwi/sub-20865_ses-2_space-ACPC_desc-preproc_dwi.nii.gz	0.0080579076754984	0.1301788687705993	0.0667143762111663	0.1130923926830291	0.1312363594770431	0.1133182421326637	0.0659407451748848	0.1155561208724975	0.1155812293291091	sub-20865	ses-2				space-ACPC			DSIStudio	autotrackgqi
Association_InferiorFrontoOccipitalFasciculusR	od	NODDI	/scratch/executivefunction/SLURM_13244013_93/job-13244013-93-sub-20865-ses-2/ds/inputs/data/qsiprep/qsiprep/sub-20865/ses-2/dwi/sub-20865_ses-2_space-ACPC_desc-preproc_dwi.nii.gz	0.0080579076754984	0.3318761885166168	0.1887637972831726	0.3161419630050659	0.3345721662044525	0.3184150755405426	0.187134250998497	0.1688358932733535	0.168872594833374	sub-20865	ses-2				space-ACPC			DSIStudio	autotrackgqi
Association_InferiorFrontoOccipitalFasciculusR	rmse	NODDI	/scratch/executivefunction/SLURM_13244013_93/job-13244013-93-sub-20865-ses-2/ds/inputs/data/qsiprep/qsiprep/sub-20865/ses-2/dwi/sub-20865_ses-2_space-ACPC_desc-preproc_dwi.nii.gz	0.0080579076754984	0.0512858815491199	0.0284069813787937	0.0453964360058307	0.0517024956643581	0.045542936772108	0.0281419921666383	0.0476550869643688	0.0476654432713985	sub-20865	ses-2				space-ACPC			DSIStudio	autotrackgqi
Association_InferiorFrontoOccipitalFasciculusR	tf	NODDI	/scratch/executivefunction/SLURM_13244013_93/job-13244013-93-sub-20865-ses-2/ds/inputs/data/qsiprep/qsiprep/sub-20865/ses-2/dwi/sub-20865_ses-2_space-ACPC_desc-preproc_dwi.nii.gz	0.0101065282709642	0.904253268471444	0.1609313054791379	0.9465654492378236	0.9134854348438072	0.9484097361564636	0.1331535044764492	0.9215138050487862	0.9217681848243292	sub-20865	ses-2				space-ACPC			DSIStudio	autotrackgqi
Association_VerticalOccipitalFasciculusL	directions	NODDI	/scratch/executivefunction/SLURM_13244013_93/job-13244013-93-sub-20865-ses-2/ds/inputs/data/qsiprep/qsiprep/sub-20865/ses-2/dwi/sub-20865_ses-2_space-ACPC_desc-preproc_dwi.nii.gz	157.0	-0.1192757785320282	0.5457248687744141	-0.1092478930950164	-0.1274141073226928	-0.1772246658802032	0.5631154179573059	-0.434871643781662		sub-20865	ses-2				space-ACPC			DSIStudio	autotrackgqi
Association_VerticalOccipitalFasciculusL	icvf	NODDI	/scratch/executivefunction/SLURM_13244013_93/job-13244013-93-sub-20865-ses-2/ds/inputs/data/qsiprep/qsiprep/sub-20865/ses-2/dwi/sub-20865_ses-2_space-ACPC_desc-preproc_dwi.nii.gz	0.065500406834825	0.4047079086303711	0.1657779663801193	0.4132657945156097	0.4330744743347168	0.4236363768577575	0.1308578699827194	0.4942649304866791	0.50212162733078	sub-20865	ses-2				space-ACPC			DSIStudio	autotrackgqi
Association_VerticalOccipitalFasciculusL	isovf	NODDI	/scratch/executivefunction/SLURM_13244013_93/job-13244013-93-sub-20865-ses-2/ds/inputs/data/qsiprep/qsiprep/sub-20865/ses-2/dwi/sub-20865_ses-2_space-ACPC_desc-preproc_dwi.nii.gz	0.5817737998372661	0.0622626990079879	0.1328274309635162	0.0	0.1488732695579528	0.0984096229076385	0.1711479127407074	0.0517935007810592	0.0973872020840644	sub-20865	ses-2				space-ACPC			DSIStudio	autotrackgqi
Association_VerticalOccipitalFasciculusL	modulated_icvf	NODDI	/scratch/executivefunction/SLURM_13244013_93/job-13244013-93-sub-20865-ses-2/ds/inputs/data/qsiprep/qsiprep/sub-20865/ses-2/dwi/sub-20865_ses-2_space-ACPC_desc-preproc_dwi.nii.gz	0.065500406834825	0.3763896524906158	0.1543950885534286	0.4010397791862488	0.4027713537216186	0.4154827296733856	0.1219954192638397	0.4656045734882355	0.4730056822299957	sub-20865	ses-2				space-ACPC			DSIStudio	autotrackgqi
Association_VerticalOccipitalFasciculusL	modulated_od	NODDI	/scratch/executivefunction/SLURM_13244013_93/job-13244013-93-sub-20865-ses-2/ds/inputs/data/qsiprep/qsiprep/sub-20865/ses-2/dwi/sub-20865_ses-2_space-ACPC_desc-preproc_dwi.nii.gz	0.065500406834825	0.3819899260997772	0.1874776631593704	0.3774175643920898	0.4087641537189483	0.3917506039142608	0.1633006483316421	0.3561210632324219	0.361781895160675	sub-20865	ses-2				space-ACPC			DSIStudio	autotrackgqi
Association_VerticalOccipitalFasciculusL	nrmse	NODDI	/scratch/executivefunction/SLURM_13244013_93/job-13244013-93-sub-20865-ses-2/ds/inputs/data/qsiprep/qsiprep/sub-20865/ses-2/dwi/sub-20865_ses-2_space-ACPC_desc-preproc_dwi.nii.gz	0.0638730675345809	0.1284355670213699	0.0771385133266449	0.114518754184246	0.1371988952159881	0.1165580376982688	0.0717915967106819	0.1204478070139885	0.1223473697900772	sub-20865	ses-2				space-ACPC			DSIStudio	autotrackgqi
Association_VerticalOccipitalFasciculusL	od	NODDI	/scratch/executivefunction/SLURM_13244013_93/job-13244013-93-sub-20865-ses-2/ds/inputs/data/qsiprep/qsiprep/sub-20865/ses-2/dwi/sub-20865_ses-2_space-ACPC_desc-preproc_dwi.nii.gz	0.0638730675345809	0.4111916124820709	0.1943708956241607	0.4033307433128357	0.4392476975917816	0.4192333519458771	0.1674342900514602	0.3752477765083313	0.3811658024787903	sub-20865	ses-2				space-ACPC			DSIStudio	autotrackgqi
Association_VerticalOccipitalFasciculusL	rmse	NODDI	/scratch/executivefunction/SLURM_13244013_93/job-13244013-93-sub-20865-ses-2/ds/inputs/data/qsiprep/qsiprep/sub-20865/ses-2/dwi/sub-20865_ses-2_space-ACPC_desc-preproc_dwi.nii.gz	0.0638730675345809	0.0490118227899074	0.0278445929288864	0.045120395720005	0.0523559600114822	0.046035248786211	0.0255565457046031	0.0483997836709022	0.0491630956530571	sub-20865	ses-2				space-ACPC			DSIStudio	autotrackgqi
Association_VerticalOccipitalFasciculusL	tf	NODDI	/scratch/executivefunction/SLURM_13244013_93/job-13244013-93-sub-20865-ses-2/ds/inputs/data/qsiprep/qsiprep/sub-20865/ses-2/dwi/sub-20865_ses-2_space-ACPC_desc-preproc_dwi.nii.gz	0.065500406834825	0.8738642311173789	0.2635955325713331	1.0	0.9351146191060152	1.0	0.1306774894252027	0.932680473484048	0.9475060963728454	sub-20865	ses-2				space-ACPC			DSIStudio	autotrackgqi
ProjectionBasalGanglia_CorticostriatalTractR	directions	NODDI	/scratch/executivefunction/SLURM_13244013_93/job-13244013-93-sub-20865-ses-2/ds/inputs/data/qsiprep/qsiprep/sub-20865/ses-2/dwi/sub-20865_ses-2_space-ACPC_desc-preproc_dwi.nii.gz	16.0	-0.0010847084922716	0.5769959092140198	-0.0480944663286209	-0.0010860372567549	-0.0492447391152381	0.5773492455482483	0.0604064688086509		sub-20865	ses-2				space-ACPC			DSIStudio	autotrackgqi
ProjectionBasalGanglia_CorticostriatalTractR	icvf	NODDI	/scratch/executivefunction/SLURM_13244013_93/job-13244013-93-sub-20865-ses-2/ds/inputs/data/qsiprep/qsiprep/sub-20865/ses-2/dwi/sub-20865_ses-2_space-ACPC_desc-preproc_dwi.nii.gz	0.0069587825953964	0.5253471732139587	0.1450690180063247	0.5365440845489502	0.529028594493866	0.5380948781967163	0.1387261003255844	0.5909960269927979	0.5914477109909058	sub-20865	ses-2				space-ACPC			DSIStudio	autotrackgqi
ProjectionBasalGanglia_CorticostriatalTractR	isovf	NODDI	/scratch/executivefunction/SLURM_13244013_93/job-13244013-93-sub-20865-ses-2/ds/inputs/data/qsiprep/qsiprep/sub-20865/ses-2/dwi/sub-20865_ses-2_space-ACPC_desc-preproc_dwi.nii.gz	0.2909688766536667	0.1012737303972244	0.14609956741333	0.0761933550238609	0.1428339630365371	0.1056072488427162	0.155461773276329	0.0864260718226432	0.1068455576896667	sub-20865	ses-2				space-ACPC			DSIStudio	autotrackgqi
ProjectionBasalGanglia_CorticostriatalTractR	modulated_icvf	NODDI	/scratch/executivefunction/SLURM_13244013_93/job-13244013-93-sub-20865-ses-2/ds/inputs/data/qsiprep/qsiprep/sub-20865/ses-2/dwi/sub-20865_ses-2_space-ACPC_desc-preproc_dwi.nii.gz	0.0069587825953964	0.4704515337944031	0.1292459964752197	0.4916923940181732	0.4737482368946075	0.4927613735198974	0.1235304623842239	0.5364349484443665	0.5368449687957764	sub-20865	ses-2				space-ACPC			DSIStudio	autotrackgqi
ProjectionBasalGanglia_CorticostriatalTractR	modulated_od	NODDI	/scratch/executivefunction/SLURM_13244013_93/job-13244013-93-sub-20865-ses-2/ds/inputs/data/qsiprep/qsiprep/sub-20865/ses-2/dwi/sub-20865_ses-2_space-ACPC_desc-preproc_dwi.nii.gz	0.0065764319033417	0.2731378674507141	0.1588993668556213	0.2526718974113464	0.274946004152298	0.2538128793239593	0.1578575670719146	0.2218628823757171	0.2220252156257629	sub-20865	ses-2				space-ACPC			DSIStudio	autotrackgqi
ProjectionBasalGanglia_CorticostriatalTractR	nrmse	NODDI	/scratch/executivefunction/SLURM_13244013_93/job-13244013-93-sub-20865-ses-2/ds/inputs/data/qsiprep/qsiprep/sub-20865/ses-2/dwi/sub-20865_ses-2_space-ACPC_desc-preproc_dwi.nii.gz	0.0012235222145752	0.1242947429418563	0.0564445592463016	0.1116615161299705	0.1244470030069351	0.1117241829633712	0.056311123073101	0.1132076531648635	0.1132257580757141	sub-20865	ses-2				space-ACPC			DSIStudio	autotrackgqi
ProjectionBasalGanglia_CorticostriatalTractR	od	NODDI	/scratch/executivefunction/SLURM_13244013_93/job-13244013-93-sub-20865-ses-2/ds/inputs/data/qsiprep/qsiprep/sub-20865/ses-2/dwi/sub-20865_ses-2_space-ACPC_desc-preproc_dwi.nii.gz	0.0012235222145752	0.3096215724945068	0.1763354241847992	0.2870035469532013	0.310000866651535	0.2876308858394623	0.1761098951101303	0.2419532835483551	0.2419919669628143	sub-20865	ses-2				space-ACPC			DSIStudio	autotrackgqi
ProjectionBasalGanglia_CorticostriatalTractR	rmse	NODDI	/scratch/executivefunction/SLURM_13244013_93/job-13244013-93-sub-20865-ses-2/ds/inputs/data/qsiprep/qsiprep/sub-20865/ses-2/dwi/sub-20865_ses-2_space-ACPC_desc-preproc_dwi.nii.gz	0.0012235222145752	0.0501077286899089	0.0250321943312883	0.0456473678350448	0.050169114023447	0.0456631518900394	0.0249859727919101	0.0478830561041832	0.0478907115757465	sub-20865	ses-2				space-ACPC			DSIStudio	autotrackgqi
ProjectionBasalGanglia_CorticostriatalTractR	tf	NODDI	/scratch/executivefunction/SLURM_13244013_93/job-13244013-93-sub-20865-ses-2/ds/inputs/data/qsiprep/qsiprep/sub-20865/ses-2/dwi/sub-20865_ses-2_space-ACPC_desc-preproc_dwi.nii.gz	0.0069587825953964	0.8975027480912681	0.1493964081505617	0.923488974571228	0.9037920404119446	0.9242757856845856	0.1295819349712438	0.9134141521134282	0.9141122726349108	sub-20865	ses-2				space-ACPC			DSIStudio	autotrackgqi
ProjectionBasalGanglia_ThalamicRadiationR	directions	NODDI	/scratch/executivefunction/SLURM_13244013_93/job-13244013-93-sub-20865-ses-2/ds/inputs/data/qsiprep/qsiprep/sub-20865/ses-2/dwi/sub-20865_ses-2_space-ACPC_desc-preproc_dwi.nii.gz	2.0	0.0123879639431834	0.5771613717079163	-0.02643533796072	0.0123903658241033	-0.0265602208673954	0.5772173404693604	0.1459545195102691		sub-20865	ses-2				space-ACPC			DSIStudio	autotrackgqi
ProjectionBasalGanglia_ThalamicRadiationR	icvf	NODDI	/scratch/executivefunction/SLURM_13244013_93/job-13244013-93-sub-20865-ses-2/ds/inputs/data/qsiprep/qsiprep/sub-20865/ses-2/dwi/sub-20865_ses-2_space-ACPC_desc-preproc_dwi.nii.gz	0.0070757003004749	0.5102332830429077	0.1308997124433517	0.5155289173126221	0.5138692855834961	0.517210841178894	0.124050073325634	0.5478928685188293	0.5485901832580566	sub-20865	ses-2				space-ACPC			DSIStudio	autotrackgqi
ProjectionBasalGanglia_ThalamicRadiationR	isovf	NODDI	/scratch/executivefunction/SLURM_13244013_93/job-13244013-93-sub-20865-ses-2/ds/inputs/data/qsiprep/qsiprep/sub-20865/ses-2/dwi/sub-20865_ses-2_space-ACPC_desc-preproc_dwi.nii.gz	0.3484540079480469	0.0940794199705123	0.1550874859094619	0.0570665448904037	0.1443941295146942	0.1001366078853607	0.1721926927566528	0.073353886604309	0.1054169535636901	sub-20865	ses-2				space-ACPC			DSIStudio	autotrackgqi
ProjectionBasalGanglia_ThalamicRadiationR	modulated_icvf	NODDI	/scratch/executivefunction/SLURM_13244013_93/job-13244013-93-sub-20865-ses-2/ds/inputs/data/qsiprep/qsiprep/sub-20865/ses-2/dwi/sub-20865_ses-2_space-ACPC_desc-preproc_dwi.nii.gz	0.0070757003004749	0.460624486207962	0.1197778806090354	0.4826252162456512	0.4639069437980652	0.4834724068641662	0.1136935278773307	0.5044844150543213	0.5051264762878418	sub-20865	ses-2				space-ACPC			DSIStudio	autotrackgqi
ProjectionBasalGanglia_ThalamicRadiationR	modulated_od	NODDI	/scratch/executivefunction/SLURM_13244013_93/job-13244013-93-sub-20865-ses-2/ds/inputs/data/qsiprep/qsiprep/sub-20865/ses-2/dwi/sub-20865_ses-2_space-ACPC_desc-preproc_dwi.nii.gz	0.0057187166812057	0.2845347821712494	0.1462529450654983	0.2704461216926574	0.2861713171005249	0.2717054486274719	0.1450676620006561	0.243328645825386	0.2435719668865203	sub-20865	ses-2				space-ACPC			DSIStudio	autotrackgqi
ProjectionBasalGanglia_ThalamicRadiationR	nrmse	NODDI	/scratch/executivefunction/SLURM_13244013_93/job-13244013-93-sub-20865-ses-2/ds/inputs/data/qsiprep/qsiprep/sub-20865/ses-2/dwi/sub-20865_ses-2_space-ACPC_desc-preproc_dwi.nii.gz	0.0001938548027527	0.1171798333525657	0.0479901731014251	0.1074373424053192	0.1172025501728057	0.1074415743350982	0.0479670763015747	0.1099296808242797	0.1099310144782066	sub-20865	ses-2				space-ACPC			DSIStudio	autotrackgqi
ProjectionBasalGanglia_ThalamicRadiationR	od	NODDI	/scratch/executivefunction/SLURM_13244013_93/job-13244013-93-sub-20865-ses-2/ds/inputs/data/qsiprep/qsiprep/sub-20865/ses-2/dwi/sub-20865_ses-2_space-ACPC_desc-preproc_dwi.nii.gz	0.0001938548027527	0.3196557462215423	0.1600508242845535	0.3070257902145386	0.3197177350521087	0.3070493936538696	0.1600044220685959	0.2617871761322021	0.2617903649806976	sub-20865	ses-2				space-ACPC			DSIStudio	autotrackgqi
ProjectionBasalGanglia_ThalamicRadiationR	rmse	NODDI	/scratch/executivefunction/SLURM_13244013_93/job-13244013-93-sub-20865-ses-2/ds/inputs/data/qsiprep/qsiprep/sub-20865/ses-2/dwi/sub-20865_ses-2_space-ACPC_desc-preproc_dwi.nii.gz	0.0001938548027527	0.0467905960977077	0.0185179971158504	0.0434169396758079	0.0467996709048748	0.0434180609881877	0.0185083262622356	0.0456607416272163	0.0456612929701805	sub-20865	ses-2				space-ACPC			DSIStudio	autotrackgqi
ProjectionBasalGanglia_ThalamicRadiationR	tf	NODDI	/scratch/executivefunction/SLURM_13244013_93/job-13244013-93-sub-20865-ses-2/ds/inputs/data/qsiprep/qsiprep/sub-20865/ses-2/dwi/sub-20865_ses-2_space-ACPC_desc-preproc_dwi.nii.gz	0.0070757003004749	0.9057267247457728	0.1555939338139737	0.9428186416625975	0.912181044435976	0.9436999261379242	0.1359944257351667	0.9266340417747284	0.927813300686476	sub-20865	ses-2				space-ACPC			DSIStudio	autotrackgqi
ProjectionBasalGanglia_ThalamicRadiationL	directions	NODDI	/scratch/executivefunction/SLURM_13244013_93/job-13244013-93-sub-20865-ses-2/ds/inputs/data/qsiprep/qsiprep/sub-20865/ses-2/dwi/sub-20865_ses-2_space-ACPC_desc-preproc_dwi.nii.gz	45.0	-0.0329533815383911	0.5753069519996643	-0.0695053562521934	-0.0330793522298336	-0.0724765360355377	0.5764018893241882	-0.0841698870062828		sub-20865	ses-2				space-ACPC			DSIStudio	autotrackgqi
ProjectionBasalGanglia_ThalamicRadiationL	icvf	NODDI	/scratch/executivefunction/SLURM_13244013_93/job-13244013-93-sub-20865-ses-2/ds/inputs/data/qsiprep/qsiprep/sub-20865/ses-2/dwi/sub-20865_ses-2_space-ACPC_desc-preproc_dwi.nii.gz	0.0086316323940086	0.5029189586639404	0.1511342525482177	0.5125764608383179	0.5072978138923645	0.5143842101097107	0.1442881822586059	0.5635949969291687	0.56391441822052	sub-20865	ses-2				space-ACPC			DSIStudio	autotrackgqi
ProjectionBasalGanglia_ThalamicRadiationL	isovf	NODDI	/scratch/executivefunction/SLURM_13244013_93/job-13244013-93-sub-20865-ses-2/ds/inputs/data/qsiprep/qsiprep/sub-20865/ses-2/dwi/sub-20865_ses-2_space-ACPC_desc-preproc_dwi.nii.gz	0.3473808919353474	0.0948922559618949	0.1498846262693405	0.06099633872509	0.1454022079706192	0.104625329375267	0.1645575612783432	0.0793332085013389	0.1038739085197448	sub-20865	ses-2				space-ACPC			DSIStudio	autotrackgqi
ProjectionBasalGanglia_ThalamicRadiationL	modulated_icvf	NODDI	/scratch/executivefunction/SLURM_13244013_93/job-13244013-93-sub-20865-ses-2/ds/inputs/data/qsiprep/qsiprep/sub-20865/ses-2/dwi/sub-20865_ses-2_space-ACPC_desc-preproc_dwi.nii.gz	0.0086316323940086	0.4528186619281769	0.1356746703386306	0.4784069657325744	0.4567612409591675	0.4795729517936706	0.1294876784086227	0.5153015851974487	0.5155936479568481	sub-20865	ses-2				space-ACPC			DSIStudio	autotrackgqi
ProjectionBasalGanglia_ThalamicRadiationL	modulated_od	NODDI	/scratch/executivefunction/SLURM_13244013_93/job-13244013-93-sub-20865-ses-2/ds/inputs/data/qsiprep/qsiprep/sub-20865/ses-2/dwi/sub-20865_ses-2_space-ACPC_desc-preproc_dwi.nii.gz	0.0085470085470085	0.2967146635055542	0.1547520160675048	0.277221530675888	0.2992725670337677	0.2790165543556213	0.152935042977333	0.2400741130113601	0.2402096092700958	sub-20865	ses-2				space-ACPC			DSIStudio	autotrackgqi
ProjectionBasalGanglia_ThalamicRadiationL	nrmse	NODDI	/scratch/executivefunction/SLURM_13244013_93/job-13244013-93-sub-20865-ses-2/ds/inputs/data/qsiprep/qsiprep/sub-20865/ses-2/dwi/sub-20865_ses-2_space-ACPC_desc-preproc_dwi.nii.gz	0.0038080731150038	0.12429890781641	0.0642675161361694	0.1094946414232254	0.1247740611433982	0.109644815325737	0.0639282092452049	0.1124370694160461	0.112461008131504	sub-20865	ses-2				space-ACPC			DSIStudio	autotrackgqi
ProjectionBasalGanglia_ThalamicRadiationL	od	NODDI	/scratch/executivefunction/SLURM_13244013_93/job-13244013-93-sub-20865-ses-2/ds/inputs/data/qsiprep/qsiprep/sub-20865/ses-2/dwi/sub-20865_ses-2_space-ACPC_desc-preproc_dwi.nii.gz	0.0038080731150038	0.3341037034988403	0.1699026972055435	0.3142978250980377	0.3353808522224426	0.3149189949035644	0.1689643114805221	0.2589325606822967	0.258987694978714	sub-20865	ses-2				space-ACPC			DSIStudio	autotrackgqi
ProjectionBasalGanglia_ThalamicRadiationL	rmse	NODDI	/scratch/executivefunction/SLURM_13244013_93/job-13244013-93-sub-20865-ses-2/ds/inputs/data/qsiprep/qsiprep/sub-20865/ses-2/dwi/sub-20865_ses-2_space-ACPC_desc-preproc_dwi.nii.gz	0.0038080731150038	0.0494288131594657	0.0260981190949678	0.04413478448987	0.0496177598834037	0.0441987589001655	0.0259680617600679	0.0469249263405799	0.0469349175691604	sub-20865	ses-2				space-ACPC			DSIStudio	autotrackgqi
ProjectionBasalGanglia_ThalamicRadiationL	tf	NODDI	/scratch/executivefunction/SLURM_13244013_93/job-13244013-93-sub-20865-ses-2/ds/inputs/data/qsiprep/qsiprep/sub-20865/ses-2/dwi/sub-20865_ses-2_space-ACPC_desc-preproc_dwi.nii.gz	0.0086316323940086	0.9012996668872912	0.1598006831657488	0.9381102919578552	0.9091470903633906	0.9391412734985352	0.1364702709790141	0.9204538628570296	0.9209754683849632	sub-20865	ses-2				space-ACPC			DSIStudio	autotrackgqi
ProjectionBasalGanglia_AcousticRadiationL	directions	NODDI	/scratch/executivefunction/SLURM_13244013_93/job-13244013-93-sub-20865-ses-2/ds/inputs/data/qsiprep/qsiprep/sub-20865/ses-2/dwi/sub-20865_ses-2_space-ACPC_desc-preproc_dwi.nii.gz	0.0	0.0115822693333029	0.5772340893745422	-0.0127019826322793	0.0115822693333029	-0.0127019826322793	0.5772340893745422	0.2027053236961364		sub-20865	ses-2				space-ACPC			DSIStudio	autotrackgqi
ProjectionBasalGanglia_AcousticRadiationL	icvf	NODDI	/scratch/executivefunction/SLURM_13244013_93/job-13244013-93-sub-20865-ses-2/ds/inputs/data/qsiprep/qsiprep/sub-20865/ses-2/dwi/sub-20865_ses-2_space-ACPC_desc-preproc_dwi.nii.gz	0.0063761955366631	0.5651887059211731	0.1345480233430862	0.5558807849884033	0.5688155889511108	0.5567238926887512	0.127107486128807	0.5732690095901489	0.5739853382110596	sub-20865	ses-2				space-ACPC			DSIStudio	autotrackgqi
ProjectionBasalGanglia_AcousticRadiationL	isovf	NODDI	/scratch/executivefunction/SLURM_13244013_93/job-13244013-93-sub-20865-ses-2/ds/inputs/data/qsiprep/qsiprep/sub-20865/ses-2/dwi/sub-20865_ses-2_space-ACPC_desc-preproc_dwi.nii.gz	0.2401700318809776	0.1211915910243988	0.1935843080282211	0.0713182091712951	0.1594983041286468	0.0956067964434623	0.2078707218170166	0.0918701291084289	0.1107888221740722	sub-20865	ses-2				space-ACPC			DSIStudio	autotrackgqi
ProjectionBasalGanglia_AcousticRadiationL	modulated_icvf	NODDI	/scratch/executivefunction/SLURM_13244013_93/job-13244013-93-sub-20865-ses-2/ds/inputs/data/qsiprep/qsiprep/sub-20865/ses-2/dwi/sub-20865_ses-2_space-ACPC_desc-preproc_dwi.nii.gz	0.0063761955366631	0.4835259616374969	0.1135734021663665	0.4987508058547973	0.4866288006305694	0.4992505013942718	0.1071063056588172	0.5139463543891907	0.5145885348320007	sub-20865	ses-2				space-ACPC			DSIStudio	autotrackgqi
ProjectionBasalGanglia_AcousticRadiationL	modulated_od	NODDI	/scratch/executivefunction/SLURM_13244013_93/job-13244013-93-sub-20865-ses-2/ds/inputs/data/qsiprep/qsiprep/sub-20865/ses-2/dwi/sub-20865_ses-2_space-ACPC_desc-preproc_dwi.nii.gz	0.0	0.2232283949851989	0.1254994571208953	0.2225222140550613	0.2232283949851989	0.2225222140550613	0.1254994571208953	0.2063437104225158	0.2063437104225158	sub-20865	ses-2				space-ACPC			DSIStudio	autotrackgqi
ProjectionBasalGanglia_AcousticRadiationL	nrmse	NODDI	/scratch/executivefunction/SLURM_13244013_93/job-13244013-93-sub-20865-ses-2/ds/inputs/data/qsiprep/qsiprep/sub-20865/ses-2/dwi/sub-20865_ses-2_space-ACPC_desc-preproc_dwi.nii.gz	0.0	0.1159885451197624	0.0277079343795776	0.1108335256576538	0.1159885451197624	0.1108335256576538	0.0277079343795776	0.1170068234205246	0.1170068234205246	sub-20865	ses-2				space-ACPC			DSIStudio	autotrackgqi
ProjectionBasalGanglia_AcousticRadiationL	od	NODDI	/scratch/executivefunction/SLURM_13244013_93/job-13244013-93-sub-20865-ses-2/ds/inputs/data/qsiprep/qsiprep/sub-20865/ses-2/dwi/sub-20865_ses-2_space-ACPC_desc-preproc_dwi.nii.gz	0.0	0.2640131711959839	0.1472620368003845	0.2649520635604858	0.2640131711959839	0.2649520635604858	0.1472620368003845	0.2298754304647445	0.2298754304647445	sub-20865	ses-2				space-ACPC			DSIStudio	autotrackgqi
ProjectionBasalGanglia_AcousticRadiationL	rmse	NODDI	/scratch/executivefunction/SLURM_13244013_93/job-13244013-93-sub-20865-ses-2/ds/inputs/data/qsiprep/qsiprep/sub-20865/ses-2/dwi/sub-20865_ses-2_space-ACPC_desc-preproc_dwi.nii.gz	0.0	0.0469917021691799	0.011698517948389	0.0451253019273281	0.0469917021691799	0.0451253019273281	0.011698517948389	0.048853188753128	0.048853188753128	sub-20865	ses-2				space-ACPC			DSIStudio	autotrackgqi
ProjectionBasalGanglia_AcousticRadiationL	tf	NODDI	/scratch/executivefunction/SLURM_13244013_93/job-13244013-93-sub-20865-ses-2/ds/inputs/data/qsiprep/qsiprep/sub-20865/ses-2/dwi/sub-20865_ses-2_space-ACPC_desc-preproc_dwi.nii.gz	0.0063761955366631	0.8788084016596219	0.1935842995982926	0.9286817908287048	0.8844478138627853	0.9293543100357056	0.1809076996053945	0.908129879574872	0.9092645938101588	sub-20865	ses-2				space-ACPC			DSIStudio	autotrackgqi
ProjectionBasalGanglia_AnsaLenticularisR	directions	NODDI	/scratch/executivefunction/SLURM_13244013_93/job-13244013-93-sub-20865-ses-2/ds/inputs/data/qsiprep/qsiprep/sub-20865/ses-2/dwi/sub-20865_ses-2_space-ACPC_desc-preproc_dwi.nii.gz	0.0	0.0048793526366353	0.5773296356201172	-0.0303409937769174	0.0048793526366353	-0.0303409937769174	0.5773296356201172	0.2011585384607315		sub-20865	ses-2				space-ACPC			DSIStudio	autotrackgqi
ProjectionBasalGanglia_AnsaLenticularisR	icvf	NODDI	/scratch/executivefunction/SLURM_13244013_93/job-13244013-93-sub-20865-ses-2/ds/inputs/data/qsiprep/qsiprep/sub-20865/ses-2/dwi/sub-20865_ses-2_space-ACPC_desc-preproc_dwi.nii.gz	0.0589060308555399	0.4815534353256225	0.204881489276886	0.4544653296470642	0.511695384979248	0.462702214717865	0.1708226054906845	0.4764634370803833	0.4901944398880005	sub-20865	ses-2				space-ACPC			DSIStudio	autotrackgqi
ProjectionBasalGanglia_AnsaLenticularisR	isovf	NODDI	/scratch/executivefunction/SLURM_13244013_93/job-13244013-93-sub-20865-ses-2/ds/inputs/data/qsiprep/qsiprep/sub-20865/ses-2/dwi/sub-20865_ses-2_space-ACPC_desc-preproc_dwi.nii.gz	0.4523141654978962	0.220185250043869	0.3202172219753265	0.0411475300788879	0.4020283818244934	0.2734604179859161	0.3378110826015472	0.1695941537618637	0.3706199526786804	sub-20865	ses-2				space-ACPC			DSIStudio	autotrackgqi
ProjectionBasalGanglia_AnsaLenticularisR	modulated_icvf	NODDI	/scratch/executivefunction/SLURM_13244013_93/job-13244013-93-sub-20865-ses-2/ds/inputs/data/qsiprep/qsiprep/sub-20865/ses-2/dwi/sub-20865_ses-2_space-ACPC_desc-preproc_dwi.nii.gz	0.0589060308555399	0.3708579242229461	0.1589086949825287	0.4021006226539612	0.3940710723400116	0.4108052849769592	0.1329847425222396	0.3821582794189453	0.3931716084480285	sub-20865	ses-2				space-ACPC			DSIStudio	autotrackgqi
ProjectionBasalGanglia_AnsaLenticularisR	modulated_od	NODDI	/scratch/executivefunction/SLURM_13244013_93/job-13244013-93-sub-20865-ses-2/ds/inputs/data/qsiprep/qsiprep/sub-20865/ses-2/dwi/sub-20865_ses-2_space-ACPC_desc-preproc_dwi.nii.gz	0.0063113604488078	0.2508333921432495	0.1550388187170028	0.2578359246253967	0.2524265348911285	0.2588636577129364	0.1542321294546127	0.250589370727539	0.2518187165260315	sub-20865	ses-2				space-ACPC			DSIStudio	autotrackgqi
ProjectionBasalGanglia_AnsaLenticularisR	nrmse	NODDI	/scratch/executivefunction/SLURM_13244013_93/job-13244013-93-sub-20865-ses-2/ds/inputs/data/qsiprep/qsiprep/sub-20865/ses-2/dwi/sub-20865_ses-2_space-ACPC_desc-preproc_dwi.nii.gz	0.0	0.1274792999029159	0.039112739264965	0.1183278039097786	0.1274792999029159	0.1183278039097786	0.039112739264965	0.1224215030670166	0.1224215105175972	sub-20865	ses-2				space-ACPC			DSIStudio	autotrackgqi
ProjectionBasalGanglia_AnsaLenticularisR	od	NODDI	/scratch/executivefunction/SLURM_13244013_93/job-13244013-93-sub-20865-ses-2/ds/inputs/data/qsiprep/qsiprep/sub-20865/ses-2/dwi/sub-20865_ses-2_space-ACPC_desc-preproc_dwi.nii.gz	0.0	0.3606610596179962	0.2048017978668213	0.3244484066963196	0.3606610596179962	0.3244484066963196	0.2048017978668213	0.3227910995483398	0.3227911591529846	sub-20865	ses-2				space-ACPC			DSIStudio	autotrackgqi
ProjectionBasalGanglia_AnsaLenticularisR	rmse	NODDI	/scratch/executivefunction/SLURM_13244013_93/job-13244013-93-sub-20865-ses-2/ds/inputs/data/qsiprep/qsiprep/sub-20865/ses-2/dwi/sub-20865_ses-2_space-ACPC_desc-preproc_dwi.nii.gz	0.0	0.047279980033636	0.0155325047671794	0.0442727878689765	0.047279980033636	0.0442727878689765	0.0155325047671794	0.0462138950824737	0.046213898807764	sub-20865	ses-2				space-ACPC			DSIStudio	autotrackgqi
ProjectionBasalGanglia_AnsaLenticularisR	tf	NODDI	/scratch/executivefunction/SLURM_13244013_93/job-13244013-93-sub-20865-ses-2/ds/inputs/data/qsiprep/qsiprep/sub-20865/ses-2/dwi/sub-20865_ses-2_space-ACPC_desc-preproc_dwi.nii.gz	0.0589060308555399	0.7798147581904332	0.3202172151171417	0.958852469921112	0.8286258160801474	0.9837297201156616	0.2617464511497336	0.8304058396310114	0.8543370525307745	sub-20865	ses-2				space-ACPC			DSIStudio	autotrackgqi
ProjectionBrainstem_DentatorubrothalamicTract-lr	directions	NODDI	/scratch/executivefunction/SLURM_13244013_93/job-13244013-93-sub-20865-ses-2/ds/inputs/data/qsiprep/qsiprep/sub-20865/ses-2/dwi/sub-20865_ses-2_space-ACPC_desc-preproc_dwi.nii.gz	0.0	-0.0325928665697574	0.5764296054840088	-0.1330096870660781	-0.0325928665697574	-0.1330096870660781	0.5764296054840088	-0.1257948279380798		sub-20865	ses-2				space-ACPC			DSIStudio	autotrackgqi
ProjectionBrainstem_DentatorubrothalamicTract-lr	icvf	NODDI	/scratch/executivefunction/SLURM_13244013_93/job-13244013-93-sub-20865-ses-2/ds/inputs/data/qsiprep/qsiprep/sub-20865/ses-2/dwi/sub-20865_ses-2_space-ACPC_desc-preproc_dwi.nii.gz	0.009765625	0.6347326040267944	0.1400197297334671	0.6324453353881836	0.640992283821106	0.6330253481864929	0.12564417719841	0.6604330539703369	0.6707264184951782	sub-20865	ses-2				space-ACPC			DSIStudio	autotrackgqi
ProjectionBrainstem_DentatorubrothalamicTract-lr	isovf	NODDI	/scratch/executivefunction/SLURM_13244013_93/job-13244013-93-sub-20865-ses-2/ds/inputs/data/qsiprep/qsiprep/sub-20865/ses-2/dwi/sub-20865_ses-2_space-ACPC_desc-preproc_dwi.nii.gz	0.083984375	0.1377427279949188	0.1610751450061798	0.1049734577536583	0.1503715962171554	0.1126443520188331	0.1625575274229049	0.1652899086475372	0.1742956936359405	sub-20865	ses-2				space-ACPC			DSIStudio	autotrackgqi
ProjectionBrainstem_DentatorubrothalamicTract-lr	modulated_icvf	NODDI	/scratch/executivefunction/SLURM_13244013_93/job-13244013-93-sub-20865-ses-2/ds/inputs/data/qsiprep/qsiprep/sub-20865/ses-2/dwi/sub-20865_ses-2_space-ACPC_desc-preproc_dwi.nii.gz	0.009765625	0.5464953184127808	0.1323008388280868	0.5735984444618225	0.5518848299980164	0.5743786096572876	0.1212507635354995	0.5521246194839478	0.5607299208641052	sub-20865	ses-2				space-ACPC			DSIStudio	autotrackgqi
ProjectionBrainstem_DentatorubrothalamicTract-lr	modulated_od	NODDI	/scratch/executivefunction/SLURM_13244013_93/job-13244013-93-sub-20865-ses-2/ds/inputs/data/qsiprep/qsiprep/sub-20865/ses-2/dwi/sub-20865_ses-2_space-ACPC_desc-preproc_dwi.nii.gz	0.00390625	0.206814169883728	0.1150865480303764	0.2076458632946014	0.2076252102851867	0.2082158327102661	0.1145795136690139	0.1950254440307617	0.197755292057991	sub-20865	ses-2				space-ACPC			DSIStudio	autotrackgqi
ProjectionBrainstem_DentatorubrothalamicTract-lr	nrmse	NODDI	/scratch/executivefunction/SLURM_13244013_93/job-13244013-93-sub-20865-ses-2/ds/inputs/data/qsiprep/qsiprep/sub-20865/ses-2/dwi/sub-20865_ses-2_space-ACPC_desc-preproc_dwi.nii.gz	0.0	0.1173108965158462	0.0229062121361494	0.1133233681321144	0.1173108965158462	0.1133233681321144	0.0229062121361494	0.1184218674898147	0.1184218674898147	sub-20865	ses-2				space-ACPC			DSIStudio	autotrackgqi
ProjectionBrainstem_DentatorubrothalamicTract-lr	od	NODDI	/scratch/executivefunction/SLURM_13244013_93/job-13244013-93-sub-20865-ses-2/ds/inputs/data/qsiprep/qsiprep/sub-20865/ses-2/dwi/sub-20865_ses-2_space-ACPC_desc-preproc_dwi.nii.gz	0.0	0.2508625090122223	0.148849606513977	0.2406912595033645	0.2508625090122223	0.2406912595033645	0.148849606513977	0.2492200881242752	0.2492200881242752	sub-20865	ses-2				space-ACPC			DSIStudio	autotrackgqi
ProjectionBrainstem_DentatorubrothalamicTract-lr	rmse	NODDI	/scratch/executivefunction/SLURM_13244013_93/job-13244013-93-sub-20865-ses-2/ds/inputs/data/qsiprep/qsiprep/sub-20865/ses-2/dwi/sub-20865_ses-2_space-ACPC_desc-preproc_dwi.nii.gz	0.0	0.0495597198605537	0.0107238758355379	0.0483037605881691	0.0495597198605537	0.0483037605881691	0.0107238758355379	0.0498514585196971	0.0498514585196971	sub-20865	ses-2				space-ACPC			DSIStudio	autotrackgqi
ProjectionBrainstem_DentatorubrothalamicTract-lr	tf	NODDI	/scratch/executivefunction/SLURM_13244013_93/job-13244013-93-sub-20865-ses-2/ds/inputs/data/qsiprep/qsiprep/sub-20865/ses-2/dwi/sub-20865_ses-2_space-ACPC_desc-preproc_dwi.nii.gz	0.009765625	0.8622572685126215	0.1610751436207442	0.8950265645980835	0.8707607918707342	0.8954956531524658	0.1371004631669429	0.8347100920146165	0.847719699273819	sub-20865	ses-2				space-ACPC			DSIStudio	autotrackgqi
ProjectionBasalGanglia_AnsaSubthalamicaR	directions	NODDI	/scratch/executivefunction/SLURM_13244013_93/job-13244013-93-sub-20865-ses-2/ds/inputs/data/qsiprep/qsiprep/sub-20865/ses-2/dwi/sub-20865_ses-2_space-ACPC_desc-preproc_dwi.nii.gz	0.0	-0.0942388102412223	0.5696071982383728	-0.1447452306747436	-0.0942388102412223	-0.1447452306747436	0.5696071982383728	-0.2760343849658966		sub-20865	ses-2				space-ACPC			DSIStudio	autotrackgqi
ProjectionBasalGanglia_AnsaSubthalamicaR	icvf	NODDI	/scratch/executivefunction/SLURM_13244013_93/job-13244013-93-sub-20865-ses-2/ds/inputs/data/qsiprep/qsiprep/sub-20865/ses-2/dwi/sub-20865_ses-2_space-ACPC_desc-preproc_dwi.nii.gz	0.0259740259740259	0.5485889911651611	0.1958448141813278	0.5212569236755371	0.5632179975509644	0.5344206690788269	0.1764615029096603	0.5585097074508667	0.5807895660400391	sub-20865	ses-2				space-ACPC			DSIStudio	autotrackgqi
ProjectionBasalGanglia_AnsaSubthalamicaR	isovf	NODDI	/scratch/executivefunction/SLURM_13244013_93/job-13244013-93-sub-20865-ses-2/ds/inputs/data/qsiprep/qsiprep/sub-20865/ses-2/dwi/sub-20865_ses-2_space-ACPC_desc-preproc_dwi.nii.gz	0.3493506493506493	0.1561670154333114	0.2415211796760559	0.0662741214036941	0.2400171756744384	0.130437433719635	0.2636801898479461	0.1815463751554489	0.2535447180271148	sub-20865	ses-2				space-ACPC			DSIStudio	autotrackgqi
ProjectionBasalGanglia_AnsaSubthalamicaR	modulated_icvf	NODDI	/scratch/executivefunction/SLURM_13244013_93/job-13244013-93-sub-20865-ses-2/ds/inputs/data/qsiprep/qsiprep/sub-20865/ses-2/dwi/sub-20865_ses-2_space-ACPC_desc-preproc_dwi.nii.gz	0.0259740259740259	0.4550826549530029	0.159114196896553	0.4600234627723694	0.4672181904315948	0.4652238190174103	0.1425570398569107	0.4530025720596313	0.4710735976696014	sub-20865	ses-2				space-ACPC			DSIStudio	autotrackgqi
ProjectionBasalGanglia_AnsaSubthalamicaR	modulated_od	NODDI	/scratch/executivefunction/SLURM_13244013_93/job-13244013-93-sub-20865-ses-2/ds/inputs/data/qsiprep/qsiprep/sub-20865/ses-2/dwi/sub-20865_ses-2_space-ACPC_desc-preproc_dwi.nii.gz	0.0	0.2688508331775665	0.145250603556633	0.2671283483505249	0.2688508331775665	0.2671283483505249	0.145250603556633	0.2510157227516174	0.2510157227516174	sub-20865	ses-2				space-ACPC			DSIStudio	autotrackgqi
ProjectionBasalGanglia_AnsaSubthalamicaR	nrmse	NODDI	/scratch/executivefunction/SLURM_13244013_93/job-13244013-93-sub-20865-ses-2/ds/inputs/data/qsiprep/qsiprep/sub-20865/ses-2/dwi/sub-20865_ses-2_space-ACPC_desc-preproc_dwi.nii.gz	0.0	0.1436005383729934	0.0366506800055503	0.1355419307947158	0.1436005383729934	0.1355419307947158	0.0366506800055503	0.1500645279884338	0.1500645279884338	sub-20865	ses-2				space-ACPC			DSIStudio	autotrackgqi
ProjectionBasalGanglia_AnsaSubthalamicaR	od	NODDI	/scratch/executivefunction/SLURM_13244013_93/job-13244013-93-sub-20865-ses-2/ds/inputs/data/qsiprep/qsiprep/sub-20865/ses-2/dwi/sub-20865_ses-2_space-ACPC_desc-preproc_dwi.nii.gz	0.0	0.333497554063797	0.1711016446352005	0.3086605072021484	0.333497554063797	0.3086605072021484	0.1711016446352005	0.3332985341548919	0.3332985341548919	sub-20865	ses-2				space-ACPC			DSIStudio	autotrackgqi
ProjectionBasalGanglia_AnsaSubthalamicaR	rmse	NODDI	/scratch/executivefunction/SLURM_13244013_93/job-13244013-93-sub-20865-ses-2/ds/inputs/data/qsiprep/qsiprep/sub-20865/ses-2/dwi/sub-20865_ses-2_space-ACPC_desc-preproc_dwi.nii.gz	0.0	0.0570789091289043	0.0171133447438478	0.0534379817545414	0.0570789091289043	0.0534379817545414	0.0171133447438478	0.059189535677433	0.059189535677433	sub-20865	ses-2				space-ACPC			DSIStudio	autotrackgqi
ProjectionBasalGanglia_AnsaSubthalamicaR	tf	NODDI	/scratch/executivefunction/SLURM_13244013_93/job-13244013-93-sub-20865-ses-2/ds/inputs/data/qsiprep/qsiprep/sub-20865/ses-2/dwi/sub-20865_ses-2_space-ACPC_desc-preproc_dwi.nii.gz	0.0259740259740259	0.8438329813542305	0.2415211783840518	0.933725893497467	0.8663351941903432	0.9380182027816772	0.2009814754411013	0.8184536456713986	0.8511030792353567	sub-20865	ses-2				space-ACPC			DSIStudio	autotrackgqi
ProjectionBasalGanglia_AcousticRadiationR	directions	NODDI	/scratch/executivefunction/SLURM_13244013_93/job-13244013-93-sub-20865-ses-2/ds/inputs/data/qsiprep/qsiprep/sub-20865/ses-2/dwi/sub-20865_ses-2_space-ACPC_desc-preproc_dwi.nii.gz	0.0	-0.0664497017860412	0.5735135078430176	-0.1197428926825523	-0.0664497017860412	-0.1197428926825523	0.5735135078430176	-0.3781574368476867		sub-20865	ses-2				space-ACPC			DSIStudio	autotrackgqi
ProjectionBasalGanglia_AcousticRadiationR	icvf	NODDI	/scratch/executivefunction/SLURM_13244013_93/job-13244013-93-sub-20865-ses-2/ds/inputs/data/qsiprep/qsiprep/sub-20865/ses-2/dwi/sub-20865_ses-2_space-ACPC_desc-preproc_dwi.nii.gz	0.0120329322355921	0.5609204173088074	0.1550661474466323	0.5324693918228149	0.5677521228790283	0.533343493938446	0.1430372148752212	0.6191504597663879	0.6208429932594299	sub-20865	ses-2				space-ACPC			DSIStudio	autotrackgqi
ProjectionBasalGanglia_AcousticRadiationR	isovf	NODDI	/scratch/executivefunction/SLURM_13244013_93/job-13244013-93-sub-20865-ses-2/ds/inputs/data/qsiprep/qsiprep/sub-20865/ses-2/dwi/sub-20865_ses-2_space-ACPC_desc-preproc_dwi.nii.gz	0.2127929069031032	0.1574924141168594	0.2180626392364502	0.0921950712800026	0.2000647783279419	0.1146252825856208	0.227789044380188	0.1480382978916168	0.1734748035669326	sub-20865	ses-2				space-ACPC			DSIStudio	autotrackgqi
ProjectionBasalGanglia_AcousticRadiationR	modulated_icvf	NODDI	/scratch/executivefunction/SLURM_13244013_93/job-13244013-93-sub-20865-ses-2/ds/inputs/data/qsiprep/qsiprep/sub-20865/ses-2/dwi/sub-20865_ses-2_space-ACPC_desc-preproc_dwi.nii.gz	0.0120329322355921	0.460679680109024	0.1283203959465026	0.4760148525238037	0.4662905037403106	0.4773832559585571	0.1185343563556671	0.5112241506576538	0.5126216411590576	sub-20865	ses-2				space-ACPC			DSIStudio	autotrackgqi
ProjectionBasalGanglia_AcousticRadiationR	modulated_od	NODDI	/scratch/executivefunction/SLURM_13244013_93/job-13244013-93-sub-20865-ses-2/ds/inputs/data/qsiprep/qsiprep/sub-20865/ses-2/dwi/sub-20865_ses-2_space-ACPC_desc-preproc_dwi.nii.gz	0.0025332488917036	0.2050905674695968	0.1251343935728073	0.1981591433286667	0.2056114375591278	0.198753610253334	0.1248650699853897	0.1675922870635986	0.1678307056427002	sub-20865	ses-2				space-ACPC			DSIStudio	autotrackgqi
ProjectionBasalGanglia_AcousticRadiationR	nrmse	NODDI	/scratch/executivefunction/SLURM_13244013_93/job-13244013-93-sub-20865-ses-2/ds/inputs/data/qsiprep/qsiprep/sub-20865/ses-2/dwi/sub-20865_ses-2_space-ACPC_desc-preproc_dwi.nii.gz	0.0	0.1144533455371856	0.031130189076066	0.1108467578887939	0.1144533455371856	0.1108467578887939	0.031130189076066	0.1203507184982299	0.1203507184982299	sub-20865	ses-2				space-ACPC			DSIStudio	autotrackgqi
ProjectionBasalGanglia_AcousticRadiationR	od	NODDI	/scratch/executivefunction/SLURM_13244013_93/job-13244013-93-sub-20865-ses-2/ds/inputs/data/qsiprep/qsiprep/sub-20865/ses-2/dwi/sub-20865_ses-2_space-ACPC_desc-preproc_dwi.nii.gz	0.0	0.2544529139995575	0.1535537838935852	0.2362844944000244	0.2544529139995575	0.2362844944000244	0.1535537838935852	0.2022141218185424	0.2022141218185424	sub-20865	ses-2				space-ACPC			DSIStudio	autotrackgqi
ProjectionBasalGanglia_AcousticRadiationR	rmse	NODDI	/scratch/executivefunction/SLURM_13244013_93/job-13244013-93-sub-20865-ses-2/ds/inputs/data/qsiprep/qsiprep/sub-20865/ses-2/dwi/sub-20865_ses-2_space-ACPC_desc-preproc_dwi.nii.gz	0.0	0.0456027947366237	0.0128365559503436	0.0442303083837032	0.0456027947366237	0.0442303083837032	0.0128365559503436	0.0499762073159217	0.0499762073159217	sub-20865	ses-2				space-ACPC			DSIStudio	autotrackgqi
ProjectionBasalGanglia_AcousticRadiationR	tf	NODDI	/scratch/executivefunction/SLURM_13244013_93/job-13244013-93-sub-20865-ses-2/ds/inputs/data/qsiprep/qsiprep/sub-20865/ses-2/dwi/sub-20865_ses-2_space-ACPC_desc-preproc_dwi.nii.gz	0.0120329322355921	0.8425075928571483	0.2180626191334566	0.9078049063682556	0.8527689032829725	0.9092976748943328	0.1984437702357953	0.8519617145988377	0.8542905767002159	sub-20865	ses-2				space-ACPC			DSIStudio	autotrackgqi
ProjectionBasalGanglia_FasciculusLenticularisR	directions	NODDI	/scratch/executivefunction/SLURM_13244013_93/job-13244013-93-sub-20865-ses-2/ds/inputs/data/qsiprep/qsiprep/sub-20865/ses-2/dwi/sub-20865_ses-2_space-ACPC_desc-preproc_dwi.nii.gz	0.0	0.0214034281671047	0.5769534111022949	-0.0574884042143821	0.0214034281671047	-0.0574884042143821	0.5769534111022949	0.4010463356971741		sub-20865	ses-2				space-ACPC			DSIStudio	autotrackgqi
ProjectionBasalGanglia_FasciculusLenticularisR	icvf	NODDI	/scratch/executivefunction/SLURM_13244013_93/job-13244013-93-sub-20865-ses-2/ds/inputs/data/qsiprep/qsiprep/sub-20865/ses-2/dwi/sub-20865_ses-2_space-ACPC_desc-preproc_dwi.nii.gz	0.0165562913907284	0.4819965362548828	0.1279004961252212	0.4700744748115539	0.4901109635829925	0.4708722233772278	0.1125031784176826	0.487775981426239	0.4929021894931793	sub-20865	ses-2				space-ACPC			DSIStudio	autotrackgqi
ProjectionBasalGanglia_FasciculusLenticularisR	isovf	NODDI	/scratch/executivefunction/SLURM_13244013_93/job-13244013-93-sub-20865-ses-2/ds/inputs/data/qsiprep/qsiprep/sub-20865/ses-2/dwi/sub-20865_ses-2_space-ACPC_desc-preproc_dwi.nii.gz	0.6158940397350994	0.0958057641983032	0.2113059908151626	0.0	0.2494253516197204	0.1239552721381187	0.2791557312011719	0.1643238067626953	0.3426067531108856	sub-20865	ses-2				space-ACPC			DSIStudio	autotrackgqi
ProjectionBasalGanglia_FasciculusLenticularisR	modulated_icvf	NODDI	/scratch/executivefunction/SLURM_13244013_93/job-13244013-93-sub-20865-ses-2/ds/inputs/data/qsiprep/qsiprep/sub-20865/ses-2/dwi/sub-20865_ses-2_space-ACPC_desc-preproc_dwi.nii.gz	0.0165562913907284	0.4331787228584289	0.1174662932753562	0.4578037858009338	0.4404712915420532	0.4590275883674621	0.1040118113160133	0.3938806056976318	0.3980200588703155	sub-20865	ses-2				space-ACPC			DSIStudio	autotrackgqi
ProjectionBasalGanglia_FasciculusLenticularisR	modulated_od	NODDI	/scratch/executivefunction/SLURM_13244013_93/job-13244013-93-sub-20865-ses-2/ds/inputs/data/qsiprep/qsiprep/sub-20865/ses-2/dwi/sub-20865_ses-2_space-ACPC_desc-preproc_dwi.nii.gz	0.0033112582781456	0.3309719264507293	0.1597743034362793	0.3487276434898376	0.3320715129375458	0.3496107757091522	0.1588946282863617	0.2714628577232361	0.2729490101337433	sub-20865	ses-2				space-ACPC			DSIStudio	autotrackgqi
ProjectionBasalGanglia_FasciculusLenticularisR	nrmse	NODDI	/scratch/executivefunction/SLURM_13244013_93/job-13244013-93-sub-20865-ses-2/ds/inputs/data/qsiprep/qsiprep/sub-20865/ses-2/dwi/sub-20865_ses-2_space-ACPC_desc-preproc_dwi.nii.gz	0.0	0.115944817662239	0.0333404839038848	0.1080952584743499	0.115944817662239	0.1080952584743499	0.0333404839038848	0.1171305775642395	0.1171305775642395	sub-20865	ses-2				space-ACPC			DSIStudio	autotrackgqi
ProjectionBasalGanglia_FasciculusLenticularisR	od	NODDI	/scratch/executivefunction/SLURM_13244013_93/job-13244013-93-sub-20865-ses-2/ds/inputs/data/qsiprep/qsiprep/sub-20865/ses-2/dwi/sub-20865_ses-2_space-ACPC_desc-preproc_dwi.nii.gz	0.0	0.3729929327964782	0.1668346375226974	0.3594509065151214	0.3729929327964782	0.3594509065151214	0.1668346375226974	0.3229613900184631	0.3229613900184631	sub-20865	ses-2				space-ACPC			DSIStudio	autotrackgqi
ProjectionBasalGanglia_FasciculusLenticularisR	rmse	NODDI	/scratch/executivefunction/SLURM_13244013_93/job-13244013-93-sub-20865-ses-2/ds/inputs/data/qsiprep/qsiprep/sub-20865/ses-2/dwi/sub-20865_ses-2_space-ACPC_desc-preproc_dwi.nii.gz	0.0	0.0457246415317058	0.0149458982050418	0.0422391816973686	0.0457246415317058	0.0422391816973686	0.0149458982050418	0.0445708036422729	0.0445708036422729	sub-20865	ses-2				space-ACPC			DSIStudio	autotrackgqi
ProjectionBasalGanglia_FasciculusLenticularisR	tf	NODDI	/scratch/executivefunction/SLURM_13244013_93/job-13244013-93-sub-20865-ses-2/ds/inputs/data/qsiprep/qsiprep/sub-20865/ses-2/dwi/sub-20865_ses-2_space-ACPC_desc-preproc_dwi.nii.gz	0.0165562913907284	0.9041942304728048	0.2113059847002419	1.0	0.9194163555649396	1.0	0.1772186095910674	0.8356761946304416	0.844458616112167	sub-20865	ses-2				space-ACPC			DSIStudio	autotrackgqi
ProjectionBasalGanglia_FornixR	directions	NODDI	/scratch/executivefunction/SLURM_13244013_93/job-13244013-93-sub-20865-ses-2/ds/inputs/data/qsiprep/qsiprep/sub-20865/ses-2/dwi/sub-20865_ses-2_space-ACPC_desc-preproc_dwi.nii.gz	0.0	-0.0623768158257007	0.5739707946777344	-0.0847787111997604	-0.0623768158257007	-0.0847787111997604	0.5739707946777344	-0.2133351266384124		sub-20865	ses-2				space-ACPC			DSIStudio	autotrackgqi
ProjectionBasalGanglia_FornixR	icvf	NODDI	/scratch/executivefunction/SLURM_13244013_93/job-13244013-93-sub-20865-ses-2/ds/inputs/data/qsiprep/qsiprep/sub-20865/ses-2/dwi/sub-20865_ses-2_space-ACPC_desc-preproc_dwi.nii.gz	0.0852359208523592	0.4694924652576446	0.2529731094837188	0.4259196519851684	0.5132388472557068	0.4499575197696686	0.2179587334394455	0.5335718989372253	0.5580212473869324	sub-20865	ses-2				space-ACPC			DSIStudio	autotrackgqi
ProjectionBasalGanglia_FornixR	isovf	NODDI	/scratch/executivefunction/SLURM_13244013_93/job-13244013-93-sub-20865-ses-2/ds/inputs/data/qsiprep/qsiprep/sub-20865/ses-2/dwi/sub-20865_ses-2_space-ACPC_desc-preproc_dwi.nii.gz	0.356671740233384	0.3156746029853821	0.3543139696121216	0.1485968083143234	0.4906897842884063	0.4760810732841491	0.3305461406707763	0.3265118598937988	0.4543278515338897	sub-20865	ses-2				space-ACPC			DSIStudio	autotrackgqi
ProjectionBasalGanglia_FornixR	modulated_icvf	NODDI	/scratch/executivefunction/SLURM_13244013_93/job-13244013-93-sub-20865-ses-2/ds/inputs/data/qsiprep/qsiprep/sub-20865/ses-2/dwi/sub-20865_ses-2_space-ACPC_desc-preproc_dwi.nii.gz	0.0852359208523592	0.3055380880832672	0.1516386121511459	0.308779239654541	0.3340075314044952	0.3269434571266174	0.1250112950801849	0.328707754611969	0.3437697887420654	sub-20865	ses-2				space-ACPC			DSIStudio	autotrackgqi
ProjectionBasalGanglia_FornixR	modulated_od	NODDI	/scratch/executivefunction/SLURM_13244013_93/job-13244013-93-sub-20865-ses-2/ds/inputs/data/qsiprep/qsiprep/sub-20865/ses-2/dwi/sub-20865_ses-2_space-ACPC_desc-preproc_dwi.nii.gz	0.0339928970065956	0.2044592201709747	0.1774979829788208	0.170182928442955	0.2116539627313614	0.1825010776519775	0.1763275116682052	0.1345925033092498	0.1392428576946258	sub-20865	ses-2				space-ACPC			DSIStudio	autotrackgqi
ProjectionBasalGanglia_FornixR	nrmse	NODDI	/scratch/executivefunction/SLURM_13244013_93/job-13244013-93-sub-20865-ses-2/ds/inputs/data/qsiprep/qsiprep/sub-20865/ses-2/dwi/sub-20865_ses-2_space-ACPC_desc-preproc_dwi.nii.gz	0.0	0.1169267296791076	0.0330862253904342	0.110390305519104	0.1169267296791076	0.110390305519104	0.0330862253904342	0.1133467033505439	0.1133467108011245	sub-20865	ses-2				space-ACPC			DSIStudio	autotrackgqi
ProjectionBasalGanglia_FornixR	od	NODDI	/scratch/executivefunction/SLURM_13244013_93/job-13244013-93-sub-20865-ses-2/ds/inputs/data/qsiprep/qsiprep/sub-20865/ses-2/dwi/sub-20865_ses-2_space-ACPC_desc-preproc_dwi.nii.gz	0.0	0.3450639843940735	0.2571626603603363	0.2931988835334778	0.3450639843940735	0.2931988835334778	0.2571626603603363	0.2279879599809646	0.2279880046844482	sub-20865	ses-2				space-ACPC			DSIStudio	autotrackgqi
ProjectionBasalGanglia_FornixR	rmse	NODDI	/scratch/executivefunction/SLURM_13244013_93/job-13244013-93-sub-20865-ses-2/ds/inputs/data/qsiprep/qsiprep/sub-20865/ses-2/dwi/sub-20865_ses-2_space-ACPC_desc-preproc_dwi.nii.gz	0.0	0.0409818142652511	0.0126173868775367	0.0390359088778495	0.0409818142652511	0.0390359088778495	0.0126173868775367	0.0406965017318725	0.0406965054571628	sub-20865	ses-2				space-ACPC			DSIStudio	autotrackgqi
ProjectionBasalGanglia_FornixR	tf	NODDI	/scratch/executivefunction/SLURM_13244013_93/job-13244013-93-sub-20865-ses-2/ds/inputs/data/qsiprep/qsiprep/sub-20865/ses-2/dwi/sub-20865_ses-2_space-ACPC_desc-preproc_dwi.nii.gz	0.0852359208523592	0.6843253766323092	0.3543139599414563	0.8514031767845154	0.7480894716263347	0.9022771120071412	0.2992232511846399	0.6734881255074251	0.7043487135551859	sub-20865	ses-2				space-ACPC			DSIStudio	autotrackgqi
ProjectionBrainstem_CorticobulbarTractR	directions	NODDI	/scratch/executivefunction/SLURM_13244013_93/job-13244013-93-sub-20865-ses-2/ds/inputs/data/qsiprep/qsiprep/sub-20865/ses-2/dwi/sub-20865_ses-2_space-ACPC_desc-preproc_dwi.nii.gz	0.0	-0.1268176585435867	0.5632500648498535	-0.1390730440616607	-0.1268176585435867	-0.1390730440616607	0.5632500648498535	-0.5406336188316345		sub-20865	ses-2				space-ACPC			DSIStudio	autotrackgqi
ProjectionBrainstem_CorticobulbarTractR	icvf	NODDI	/scratch/executivefunction/SLURM_13244013_93/job-13244013-93-sub-20865-ses-2/ds/inputs/data/qsiprep/qsiprep/sub-20865/ses-2/dwi/sub-20865_ses-2_space-ACPC_desc-preproc_dwi.nii.gz	0.006282722513089	0.6456575393676758	0.1635040789842605	0.6627570390701294	0.649739682674408	0.6641863584518433	0.1557250022888183	0.6792508363723755	0.6797599196434021	sub-20865	ses-2				space-ACPC			DSIStudio	autotrackgqi
ProjectionBrainstem_CorticobulbarTractR	isovf	NODDI	/scratch/executivefunction/SLURM_13244013_93/job-13244013-93-sub-20865-ses-2/ds/inputs/data/qsiprep/qsiprep/sub-20865/ses-2/dwi/sub-20865_ses-2_space-ACPC_desc-preproc_dwi.nii.gz	0.1507853403141361	0.1233325600624084	0.1529039293527603	0.0963430553674697	0.1452313065528869	0.1080283150076866	0.1560463905334472	0.102438248693943	0.1159739047288894	sub-20865	ses-2				space-ACPC			DSIStudio	autotrackgqi
ProjectionBrainstem_CorticobulbarTractR	modulated_icvf	NODDI	/scratch/executivefunction/SLURM_13244013_93/job-13244013-93-sub-20865-ses-2/ds/inputs/data/qsiprep/qsiprep/sub-20865/ses-2/dwi/sub-20865_ses-2_space-ACPC_desc-preproc_dwi.nii.gz	0.006282722513089	0.5624465942382812	0.1380223631858825	0.591768205165863	0.566002607345581	0.5921527743339539	0.130988135933876	0.6041823625564575	0.6046351194381714	sub-20865	ses-2				space-ACPC			DSIStudio	autotrackgqi
ProjectionBrainstem_CorticobulbarTractR	modulated_od	NODDI	/scratch/executivefunction/SLURM_13244013_93/job-13244013-93-sub-20865-ses-2/ds/inputs/data/qsiprep/qsiprep/sub-20865/ses-2/dwi/sub-20865_ses-2_space-ACPC_desc-preproc_dwi.nii.gz	0.0	0.2139028757810592	0.14044751226902	0.2094591856002807	0.2139028757810592	0.2094591856002807	0.14044751226902	0.19459930062294	0.19459930062294	sub-20865	ses-2				space-ACPC			DSIStudio	autotrackgqi
ProjectionBrainstem_CorticobulbarTractR	nrmse	NODDI	/scratch/executivefunction/SLURM_13244013_93/job-13244013-93-sub-20865-ses-2/ds/inputs/data/qsiprep/qsiprep/sub-20865/ses-2/dwi/sub-20865_ses-2_space-ACPC_desc-preproc_dwi.nii.gz	0.0	0.1245472207665443	0.0388976037502288	0.1165621951222419	0.1245472207665443	0.1165621951222419	0.0388976037502288	0.1261895895004272	0.1261895895004272	sub-20865	ses-2				space-ACPC			DSIStudio	autotrackgqi
ProjectionBrainstem_CorticobulbarTractR	od	NODDI	/scratch/executivefunction/SLURM_13244013_93/job-13244013-93-sub-20865-ses-2/ds/inputs/data/qsiprep/qsiprep/sub-20865/ses-2/dwi/sub-20865_ses-2_space-ACPC_desc-preproc_dwi.nii.gz	0.0	0.2489936798810959	0.1643640547990799	0.2388724237680435	0.2489936798810959	0.2388724237680435	0.1643640547990799	0.2159680128097534	0.2159680128097534	sub-20865	ses-2				space-ACPC			DSIStudio	autotrackgqi
ProjectionBrainstem_CorticobulbarTractR	rmse	NODDI	/scratch/executivefunction/SLURM_13244013_93/job-13244013-93-sub-20865-ses-2/ds/inputs/data/qsiprep/qsiprep/sub-20865/ses-2/dwi/sub-20865_ses-2_space-ACPC_desc-preproc_dwi.nii.gz	0.0	0.05304591730237	0.0153636531904339	0.0509244166314601	0.05304591730237	0.0509244166314601	0.0153636531904339	0.0560203269124031	0.0560203269124031	sub-20865	ses-2				space-ACPC			DSIStudio	autotrackgqi
ProjectionBrainstem_CorticobulbarTractR	tf	NODDI	/scratch/executivefunction/SLURM_13244013_93/job-13244013-93-sub-20865-ses-2/ds/inputs/data/qsiprep/qsiprep/sub-20865/ses-2/dwi/sub-20865_ses-2_space-ACPC_desc-preproc_dwi.nii.gz	0.006282722513089	0.8766674425589477	0.1529039299728195	0.9036569595336914	0.8822101239660642	0.903740167617798	0.1365196632433443	0.8975617516188034	0.8982344149791084	sub-20865	ses-2				space-ACPC			DSIStudio	autotrackgqi
ProjectionBrainstem_MedialLemniscusL	directions	NODDI	/scratch/executivefunction/SLURM_13244013_93/job-13244013-93-sub-20865-ses-2/ds/inputs/data/qsiprep/qsiprep/sub-20865/ses-2/dwi/sub-20865_ses-2_space-ACPC_desc-preproc_dwi.nii.gz	0.0	0.0873502194881439	0.5707042217254639	0.0276924893260002	0.0873502194881439	0.0276924893260002	0.5707042217254639	0.39005908370018		sub-20865	ses-2				space-ACPC			DSIStudio	autotrackgqi
ProjectionBrainstem_MedialLemniscusL	icvf	NODDI	/scratch/executivefunction/SLURM_13244013_93/job-13244013-93-sub-20865-ses-2/ds/inputs/data/qsiprep/qsiprep/sub-20865/ses-2/dwi/sub-20865_ses-2_space-ACPC_desc-preproc_dwi.nii.gz	0.0126262626262626	0.5855769515037537	0.1517074704170227	0.5934130549430847	0.5930651426315308	0.5962838530540466	0.1373625695705413	0.6087068319320679	0.6097683310508728	sub-20865	ses-2				space-ACPC			DSIStudio	autotrackgqi
ProjectionBrainstem_MedialLemniscusL	isovf	NODDI	/scratch/executivefunction/SLURM_13244013_93/job-13244013-93-sub-20865-ses-2/ds/inputs/data/qsiprep/qsiprep/sub-20865/ses-2/dwi/sub-20865_ses-2_space-ACPC_desc-preproc_dwi.nii.gz	0.2196969696969697	0.1310850828886032	0.1955134868621826	0.0853447765111923	0.1679925322532653	0.1066562086343765	0.206852301955223	0.119454450905323	0.1511381566524505	sub-20865	ses-2				space-ACPC			DSIStudio	autotrackgqi
ProjectionBrainstem_MedialLemniscusL	modulated_icvf	NODDI	/scratch/executivefunction/SLURM_13244013_93/job-13244013-93-sub-20865-ses-2/ds/inputs/data/qsiprep/qsiprep/sub-20865/ses-2/dwi/sub-20865_ses-2_space-ACPC_desc-preproc_dwi.nii.gz	0.0126262626262626	0.5038223266601562	0.1359937191009521	0.5391544103622437	0.5102651119232178	0.5411109328269958	0.1242710277438163	0.5282605290412903	0.529181718826294	sub-20865	ses-2				space-ACPC			DSIStudio	autotrackgqi
ProjectionBrainstem_MedialLemniscusL	modulated_od	NODDI	/scratch/executivefunction/SLURM_13244013_93/job-13244013-93-sub-20865-ses-2/ds/inputs/data/qsiprep/qsiprep/sub-20865/ses-2/dwi/sub-20865_ses-2_space-ACPC_desc-preproc_dwi.nii.gz	0.002020202020202	0.2386550158262252	0.1398035287857055	0.220531478524208	0.239138126373291	0.2213121354579925	0.1395315676927566	0.2005990445613861	0.2006193101406097	sub-20865	ses-2				space-ACPC			DSIStudio	autotrackgqi
ProjectionBrainstem_MedialLemniscusL	nrmse	NODDI	/scratch/executivefunction/SLURM_13244013_93/job-13244013-93-sub-20865-ses-2/ds/inputs/data/qsiprep/qsiprep/sub-20865/ses-2/dwi/sub-20865_ses-2_space-ACPC_desc-preproc_dwi.nii.gz	0.0	0.1154899671673774	0.0289838202297687	0.1111244261264801	0.1154899671673774	0.1111244261264801	0.0289838202297687	0.1170310601592063	0.1170310750603675	sub-20865	ses-2				space-ACPC			DSIStudio	autotrackgqi
ProjectionBrainstem_MedialLemniscusL	od	NODDI	/scratch/executivefunction/SLURM_13244013_93/job-13244013-93-sub-20865-ses-2/ds/inputs/data/qsiprep/qsiprep/sub-20865/ses-2/dwi/sub-20865_ses-2_space-ACPC_desc-preproc_dwi.nii.gz	0.0	0.2883476316928863	0.1692149490118026	0.2580911517143249	0.2883476316928863	0.2580911517143249	0.1692149490118026	0.2301605939865112	0.2301605939865112	sub-20865	ses-2				space-ACPC			DSIStudio	autotrackgqi
ProjectionBrainstem_MedialLemniscusL	rmse	NODDI	/scratch/executivefunction/SLURM_13244013_93/job-13244013-93-sub-20865-ses-2/ds/inputs/data/qsiprep/qsiprep/sub-20865/ses-2/dwi/sub-20865_ses-2_space-ACPC_desc-preproc_dwi.nii.gz	0.0	0.0472040325403213	0.0112056797370314	0.0460431799292564	0.0472040325403213	0.0460431799292564	0.0112056797370314	0.0490585789084434	0.0490585826337337	sub-20865	ses-2				space-ACPC			DSIStudio	autotrackgqi
ProjectionBrainstem_MedialLemniscusL	tf	NODDI	/scratch/executivefunction/SLURM_13244013_93/job-13244013-93-sub-20865-ses-2/ds/inputs/data/qsiprep/qsiprep/sub-20865/ses-2/dwi/sub-20865_ses-2_space-ACPC_desc-preproc_dwi.nii.gz	0.0126262626262626	0.8689149227708277	0.195513491636247	0.9146552383899688	0.8800263667960301	0.91582190990448	0.1701057881347645	0.8805455573472533	0.8820811495519952	sub-20865	ses-2				space-ACPC			DSIStudio	autotrackgqi
ProjectionBasalGanglia_AnsaLenticularisL	directions	NODDI	/scratch/executivefunction/SLURM_13244013_93/job-13244013-93-sub-20865-ses-2/ds/inputs/data/qsiprep/qsiprep/sub-20865/ses-2/dwi/sub-20865_ses-2_space-ACPC_desc-preproc_dwi.nii.gz	0.0	0.0662631839513778	0.573535144329071	0.0962926819920539	0.0662631839513778	0.0962926819920539	0.573535144329071	0.2554694712162018		sub-20865	ses-2				space-ACPC			DSIStudio	autotrackgqi
ProjectionBasalGanglia_AnsaLenticularisL	icvf	NODDI	/scratch/executivefunction/SLURM_13244013_93/job-13244013-93-sub-20865-ses-2/ds/inputs/data/qsiprep/qsiprep/sub-20865/ses-2/dwi/sub-20865_ses-2_space-ACPC_desc-preproc_dwi.nii.gz	0.0187454938716654	0.5324414968490601	0.2074697464704513	0.4749337136745453	0.5426130294799805	0.4774262011051178	0.1958233118057251	0.50494784116745	0.506830096244812	sub-20865	ses-2				space-ACPC			DSIStudio	autotrackgqi
ProjectionBasalGanglia_AnsaLenticularisL	isovf	NODDI	/scratch/executivefunction/SLURM_13244013_93/job-13244013-93-sub-20865-ses-2/ds/inputs/data/qsiprep/qsiprep/sub-20865/ses-2/dwi/sub-20865_ses-2_space-ACPC_desc-preproc_dwi.nii.gz	0.460706560922855	0.1731152236461639	0.2721759080886841	0.0285894125699996	0.3210037648677826	0.1782764196395874	0.2998193502426147	0.0860911011695861	0.1855788230895996	sub-20865	ses-2				space-ACPC			DSIStudio	autotrackgqi
ProjectionBasalGanglia_AnsaLenticularisL	modulated_icvf	NODDI	/scratch/executivefunction/SLURM_13244013_93/job-13244013-93-sub-20865-ses-2/ds/inputs/data/qsiprep/qsiprep/sub-20865/ses-2/dwi/sub-20865_ses-2_space-ACPC_desc-preproc_dwi.nii.gz	0.0187454938716654	0.414641797542572	0.1506440043449401	0.4236363768577575	0.4225629270076751	0.4236363768577575	0.1406412422657013	0.4492425620555877	0.4509171843528747	sub-20865	ses-2				space-ACPC			DSIStudio	autotrackgqi
ProjectionBasalGanglia_AnsaLenticularisL	modulated_od	NODDI	/scratch/executivefunction/SLURM_13244013_93/job-13244013-93-sub-20865-ses-2/ds/inputs/data/qsiprep/qsiprep/sub-20865/ses-2/dwi/sub-20865_ses-2_space-ACPC_desc-preproc_dwi.nii.gz	0.0043258832011535	0.2876063585281372	0.1617075651884079	0.2899999916553497	0.2888559401035309	0.2904392182826996	0.1609410047531128	0.3009150922298431	0.3014235496520996	sub-20865	ses-2				space-ACPC			DSIStudio	autotrackgqi
ProjectionBasalGanglia_AnsaLenticularisL	nrmse	NODDI	/scratch/executivefunction/SLURM_13244013_93/job-13244013-93-sub-20865-ses-2/ds/inputs/data/qsiprep/qsiprep/sub-20865/ses-2/dwi/sub-20865_ses-2_space-ACPC_desc-preproc_dwi.nii.gz	0.0	0.1259172707796096	0.0335184410214424	0.1187273114919662	0.1259172707796096	0.1187273114919662	0.0335184410214424	0.1254751533269882	0.1254751682281494	sub-20865	ses-2				space-ACPC			DSIStudio	autotrackgqi
ProjectionBasalGanglia_AnsaLenticularisL	od	NODDI	/scratch/executivefunction/SLURM_13244013_93/job-13244013-93-sub-20865-ses-2/ds/inputs/data/qsiprep/qsiprep/sub-20865/ses-2/dwi/sub-20865_ses-2_space-ACPC_desc-preproc_dwi.nii.gz	0.0	0.3555939495563507	0.1682466268539428	0.3353924751281738	0.3555939495563507	0.3353924751281738	0.1682466268539428	0.328396201133728	0.3283962309360504	sub-20865	ses-2				space-ACPC			DSIStudio	autotrackgqi
ProjectionBasalGanglia_AnsaLenticularisL	rmse	NODDI	/scratch/executivefunction/SLURM_13244013_93/job-13244013-93-sub-20865-ses-2/ds/inputs/data/qsiprep/qsiprep/sub-20865/ses-2/dwi/sub-20865_ses-2_space-ACPC_desc-preproc_dwi.nii.gz	0.0	0.0485284067690372	0.0152237638831138	0.0460099130868911	0.0485284067690372	0.0460099130868911	0.0152237638831138	0.0503247454762458	0.0503247529268264	sub-20865	ses-2				space-ACPC			DSIStudio	autotrackgqi
ProjectionBasalGanglia_AnsaLenticularisL	tf	NODDI	/scratch/executivefunction/SLURM_13244013_93/job-13244013-93-sub-20865-ses-2/ds/inputs/data/qsiprep/qsiprep/sub-20865/ses-2/dwi/sub-20865_ses-2_space-ACPC_desc-preproc_dwi.nii.gz	0.0187454938716654	0.8268847899120664	0.2721759120194908	0.9714105725288392	0.8426812664276532	0.9771372079849244	0.2493662401859549	0.9139089031939124	0.9173156208500808	sub-20865	ses-2				space-ACPC			DSIStudio	autotrackgqi
ProjectionBrainstem_CorticopontineTractR	directions	NODDI	/scratch/executivefunction/SLURM_13244013_93/job-13244013-93-sub-20865-ses-2/ds/inputs/data/qsiprep/qsiprep/sub-20865/ses-2/dwi/sub-20865_ses-2_space-ACPC_desc-preproc_dwi.nii.gz	0.0	-0.024817019701004	0.5768166780471802	-0.0729052424430847	-0.024817019701004	-0.0729052424430847	0.5768166780471802	-0.1795978993177414		sub-20865	ses-2				space-ACPC			DSIStudio	autotrackgqi
ProjectionBrainstem_CorticopontineTractR	icvf	NODDI	/scratch/executivefunction/SLURM_13244013_93/job-13244013-93-sub-20865-ses-2/ds/inputs/data/qsiprep/qsiprep/sub-20865/ses-2/dwi/sub-20865_ses-2_space-ACPC_desc-preproc_dwi.nii.gz	0.0048061853515829	0.5917638540267944	0.1429927498102188	0.6007777452468872	0.5946217179298401	0.601645290851593	0.1372819244861602	0.6462112665176392	0.6467278003692627	sub-20865	ses-2				space-ACPC			DSIStudio	autotrackgqi
ProjectionBrainstem_CorticopontineTractR	isovf	NODDI	/scratch/executivefunction/SLURM_13244013_93/job-13244013-93-sub-20865-ses-2/ds/inputs/data/qsiprep/qsiprep/sub-20865/ses-2/dwi/sub-20865_ses-2_space-ACPC_desc-preproc_dwi.nii.gz	0.1985163514784244	0.1031036898493766	0.1349098980426788	0.0831023976206779	0.1286410391330719	0.0995198562741279	0.1393685340881347	0.1109901666641235	0.1242054924368858	sub-20865	ses-2				space-ACPC			DSIStudio	autotrackgqi
ProjectionBrainstem_CorticopontineTractR	modulated_icvf	NODDI	/scratch/executivefunction/SLURM_13244013_93/job-13244013-93-sub-20865-ses-2/ds/inputs/data/qsiprep/qsiprep/sub-20865/ses-2/dwi/sub-20865_ses-2_space-ACPC_desc-preproc_dwi.nii.gz	0.0048061853515829	0.5257585644721985	0.117888905107975	0.5470585823059082	0.5282976627349854	0.5474482774734497	0.1123544126749038	0.5675899982452393	0.5680436491966248	sub-20865	ses-2				space-ACPC			DSIStudio	autotrackgqi
ProjectionBrainstem_CorticopontineTractR	modulated_od	NODDI	/scratch/executivefunction/SLURM_13244013_93/job-13244013-93-sub-20865-ses-2/ds/inputs/data/qsiprep/qsiprep/sub-20865/ses-2/dwi/sub-20865_ses-2_space-ACPC_desc-preproc_dwi.nii.gz	0.0024030926757914	0.2305869609117508	0.1415963619947433	0.2172428220510482	0.2311424165964126	0.2176489830017089	0.1413132548332214	0.1851313561201095	0.1851640939712524	sub-20865	ses-2				space-ACPC			DSIStudio	autotrackgqi
ProjectionBrainstem_CorticopontineTractR	nrmse	NODDI	/scratch/executivefunction/SLURM_13244013_93/job-13244013-93-sub-20865-ses-2/ds/inputs/data/qsiprep/qsiprep/sub-20865/ses-2/dwi/sub-20865_ses-2_space-ACPC_desc-preproc_dwi.nii.gz	0.0	0.1163082271814346	0.0304480381309986	0.1116328611969947	0.1163082271814346	0.1116328611969947	0.0304480381309986	0.1197490692138671	0.1197490692138671	sub-20865	ses-2				space-ACPC			DSIStudio	autotrackgqi
ProjectionBrainstem_CorticopontineTractR	od	NODDI	/scratch/executivefunction/SLURM_13244013_93/job-13244013-93-sub-20865-ses-2/ds/inputs/data/qsiprep/qsiprep/sub-20865/ses-2/dwi/sub-20865_ses-2_space-ACPC_desc-preproc_dwi.nii.gz	0.0	0.260299950838089	0.1567009389400482	0.2450183779001236	0.260299950838089	0.2450183779001236	0.1567009389400482	0.2081530541181564	0.2081530541181564	sub-20865	ses-2				space-ACPC			DSIStudio	autotrackgqi
ProjectionBrainstem_CorticopontineTractR	rmse	NODDI	/scratch/executivefunction/SLURM_13244013_93/job-13244013-93-sub-20865-ses-2/ds/inputs/data/qsiprep/qsiprep/sub-20865/ses-2/dwi/sub-20865_ses-2_space-ACPC_desc-preproc_dwi.nii.gz	0.0	0.0488004311919212	0.0134898321703076	0.0472931712865829	0.0488004311919212	0.0472931712865829	0.0134898321703076	0.0517459549009799	0.0517459549009799	sub-20865	ses-2				space-ACPC			DSIStudio	autotrackgqi
ProjectionBrainstem_CorticopontineTractR	tf	NODDI	/scratch/executivefunction/SLURM_13244013_93/job-13244013-93-sub-20865-ses-2/ds/inputs/data/qsiprep/qsiprep/sub-20865/ses-2/dwi/sub-20865_ses-2_space-ACPC_desc-preproc_dwi.nii.gz	0.0048061853515829	0.8968963113315376	0.1349098978372973	0.9168975949287416	0.9012277790818002	0.9172955751419068	0.119937232640371	0.8890098384938906	0.8897204598447414	sub-20865	ses-2				space-ACPC			DSIStudio	autotrackgqi
ProjectionBrainstem_MedialLemniscusR	directions	NODDI	/scratch/executivefunction/SLURM_13244013_93/job-13244013-93-sub-20865-ses-2/ds/inputs/data/qsiprep/qsiprep/sub-20865/ses-2/dwi/sub-20865_ses-2_space-ACPC_desc-preproc_dwi.nii.gz	0.0	0.0403800196945667	0.5759364366531372	0.0118602626025676	0.0403800196945667	0.0118602626025676	0.5759364366531372	-0.0412686690688133		sub-20865	ses-2				space-ACPC			DSIStudio	autotrackgqi
ProjectionBrainstem_MedialLemniscusR	icvf	NODDI	/scratch/executivefunction/SLURM_13244013_93/job-13244013-93-sub-20865-ses-2/ds/inputs/data/qsiprep/qsiprep/sub-20865/ses-2/dwi/sub-20865_ses-2_space-ACPC_desc-preproc_dwi.nii.gz	0.0031746031746031	0.520038366317749	0.1153668239712715	0.525200605392456	0.521694540977478	0.5258257389068604	0.1117491573095321	0.5377426147460938	0.5378500819206238	sub-20865	ses-2				space-ACPC			DSIStudio	autotrackgqi
ProjectionBrainstem_MedialLemniscusR	isovf	NODDI	/scratch/executivefunction/SLURM_13244013_93/job-13244013-93-sub-20865-ses-2/ds/inputs/data/qsiprep/qsiprep/sub-20865/ses-2/dwi/sub-20865_ses-2_space-ACPC_desc-preproc_dwi.nii.gz	0.3317460317460317	0.0920132771134376	0.148121029138565	0.0543234124779701	0.1376920789480209	0.0932394787669181	0.1629170775413513	0.0807679444551467	0.115778811275959	sub-20865	ses-2				space-ACPC			DSIStudio	autotrackgqi
ProjectionBrainstem_MedialLemniscusR	modulated_icvf	NODDI	/scratch/executivefunction/SLURM_13244013_93/job-13244013-93-sub-20865-ses-2/ds/inputs/data/qsiprep/qsiprep/sub-20865/ses-2/dwi/sub-20865_ses-2_space-ACPC_desc-preproc_dwi.nii.gz	0.0031746031746031	0.4662080407142639	0.1012529954314231	0.4822858870029449	0.4676927626132965	0.482935756444931	0.0979306772351265	0.4910683631896972	0.4911664724349975	sub-20865	ses-2				space-ACPC			DSIStudio	autotrackgqi
ProjectionBrainstem_MedialLemniscusR	modulated_od	NODDI	/scratch/executivefunction/SLURM_13244013_93/job-13244013-93-sub-20865-ses-2/ds/inputs/data/qsiprep/qsiprep/sub-20865/ses-2/dwi/sub-20865_ses-2_space-ACPC_desc-preproc_dwi.nii.gz	0.0015873015873015	0.2522987425327301	0.150469496846199	0.2278056740760803	0.2526998519897461	0.22800974547863	0.1502521336078643	0.2005774825811386	0.2005918771028518	sub-20865	ses-2				space-ACPC			DSIStudio	autotrackgqi
ProjectionBrainstem_MedialLemniscusR	nrmse	NODDI	/scratch/executivefunction/SLURM_13244013_93/job-13244013-93-sub-20865-ses-2/ds/inputs/data/qsiprep/qsiprep/sub-20865/ses-2/dwi/sub-20865_ses-2_space-ACPC_desc-preproc_dwi.nii.gz	0.0	0.1067105382680893	0.0254248976707458	0.1041600629687309	0.1067105382680893	0.1041600629687309	0.0254248976707458	0.1072311252355575	0.1072311252355575	sub-20865	ses-2				space-ACPC			DSIStudio	autotrackgqi
ProjectionBrainstem_MedialLemniscusR	od	NODDI	/scratch/executivefunction/SLURM_13244013_93/job-13244013-93-sub-20865-ses-2/ds/inputs/data/qsiprep/qsiprep/sub-20865/ses-2/dwi/sub-20865_ses-2_space-ACPC_desc-preproc_dwi.nii.gz	0.0	0.2796119451522827	0.1584169864654541	0.2524506151676178	0.2796119451522827	0.2524506151676178	0.1584169864654541	0.2172330915927887	0.2172330915927887	sub-20865	ses-2				space-ACPC			DSIStudio	autotrackgqi
ProjectionBrainstem_MedialLemniscusR	rmse	NODDI	/scratch/executivefunction/SLURM_13244013_93/job-13244013-93-sub-20865-ses-2/ds/inputs/data/qsiprep/qsiprep/sub-20865/ses-2/dwi/sub-20865_ses-2_space-ACPC_desc-preproc_dwi.nii.gz	0.0	0.0429962091147899	0.0107643865048885	0.0420719906687736	0.0429962091147899	0.0420719906687736	0.0107643865048885	0.0441460199654102	0.0441460199654102	sub-20865	ses-2				space-ACPC			DSIStudio	autotrackgqi
ProjectionBrainstem_MedialLemniscusR	tf	NODDI	/scratch/executivefunction/SLURM_13244013_93/job-13244013-93-sub-20865-ses-2/ds/inputs/data/qsiprep/qsiprep/sub-20865/ses-2/dwi/sub-20865_ses-2_space-ACPC_desc-preproc_dwi.nii.gz	0.0031746031746031	0.9079867291387428	0.1481210207762995	0.9456765949726104	0.9108784066200762	0.9458909332752228	0.1391967755045463	0.919232058345341	0.9194157544331556	sub-20865	ses-2				space-ACPC			DSIStudio	autotrackgqi
ProjectionBrainstem_MedialForebrainBundleR	directions	NODDI	/scratch/executivefunction/SLURM_13244013_93/job-13244013-93-sub-20865-ses-2/ds/inputs/data/qsiprep/qsiprep/sub-20865/ses-2/dwi/sub-20865_ses-2_space-ACPC_desc-preproc_dwi.nii.gz	0.0	-0.0378542952239513	0.5761079788208008	-0.0775707811117172	-0.0378542952239513	-0.0775707811117172	0.5761079788208008	-0.0952648892998695		sub-20865	ses-2				space-ACPC			DSIStudio	autotrackgqi
ProjectionBrainstem_MedialForebrainBundleR	icvf	NODDI	/scratch/executivefunction/SLURM_13244013_93/job-13244013-93-sub-20865-ses-2/ds/inputs/data/qsiprep/qsiprep/sub-20865/ses-2/dwi/sub-20865_ses-2_space-ACPC_desc-preproc_dwi.nii.gz	0.0423484119345524	0.5966838002204895	0.2034655213356018	0.5832350254058838	0.6230698227882385	0.5903875827789307	0.1636721044778823	0.5979558229446411	0.6064200401306152	sub-20865	ses-2				space-ACPC			DSIStudio	autotrackgqi
ProjectionBrainstem_MedialForebrainBundleR	isovf	NODDI	/scratch/executivefunction/SLURM_13244013_93/job-13244013-93-sub-20865-ses-2/ds/inputs/data/qsiprep/qsiprep/sub-20865/ses-2/dwi/sub-20865_ses-2_space-ACPC_desc-preproc_dwi.nii.gz	0.237247353224254	0.1924788355827331	0.268261194229126	0.0847745016217231	0.2523476481437683	0.1244055852293968	0.2814961373806	0.1325645446777343	0.1865333616733551	sub-20865	ses-2				space-ACPC			DSIStudio	autotrackgqi
ProjectionBrainstem_MedialForebrainBundleR	modulated_icvf	NODDI	/scratch/executivefunction/SLURM_13244013_93/job-13244013-93-sub-20865-ses-2/ds/inputs/data/qsiprep/qsiprep/sub-20865/ses-2/dwi/sub-20865_ses-2_space-ACPC_desc-preproc_dwi.nii.gz	0.0423484119345524	0.4712466895580292	0.1710779666900634	0.5040935277938843	0.492085725069046	0.5074234008789062	0.1425037533044815	0.5072547197341919	0.5144349932670593	sub-20865	ses-2				space-ACPC			DSIStudio	autotrackgqi
ProjectionBrainstem_MedialForebrainBundleR	modulated_od	NODDI	/scratch/executivefunction/SLURM_13244013_93/job-13244013-93-sub-20865-ses-2/ds/inputs/data/qsiprep/qsiprep/sub-20865/ses-2/dwi/sub-20865_ses-2_space-ACPC_desc-preproc_dwi.nii.gz	0.0024061597690086	0.217983677983284	0.1567905098199844	0.2062588632106781	0.2185094505548477	0.2065929770469665	0.1566131114959716	0.2019445598125457	0.2024931162595749	sub-20865	ses-2				space-ACPC			DSIStudio	autotrackgqi
ProjectionBrainstem_MedialForebrainBundleR	nrmse	NODDI	/scratch/executivefunction/SLURM_13244013_93/job-13244013-93-sub-20865-ses-2/ds/inputs/data/qsiprep/qsiprep/sub-20865/ses-2/dwi/sub-20865_ses-2_space-ACPC_desc-preproc_dwi.nii.gz	0.012512030798845	0.1336401253938675	0.040262509137392	0.12669338285923	0.1353334337472915	0.1272237002849578	0.0375825762748718	0.1299897581338882	0.1305852681398391	sub-20865	ses-2				space-ACPC			DSIStudio	autotrackgqi
ProjectionBrainstem_MedialForebrainBundleR	od	NODDI	/scratch/executivefunction/SLURM_13244013_93/job-13244013-93-sub-20865-ses-2/ds/inputs/data/qsiprep/qsiprep/sub-20865/ses-2/dwi/sub-20865_ses-2_space-ACPC_desc-preproc_dwi.nii.gz	0.0	0.2948095500469208	0.2006541192531585	0.2576434016227722	0.2948095500469208	0.2576434016227722	0.2006541192531585	0.2457687109708786	0.2457687109708786	sub-20865	ses-2				space-ACPC			DSIStudio	autotrackgqi
ProjectionBrainstem_MedialForebrainBundleR	rmse	NODDI	/scratch/executivefunction/SLURM_13244013_93/job-13244013-93-sub-20865-ses-2/ds/inputs/data/qsiprep/qsiprep/sub-20865/ses-2/dwi/sub-20865_ses-2_space-ACPC_desc-preproc_dwi.nii.gz	0.012512030798845	0.053092885762453	0.0159057471901178	0.050662063062191	0.0537656024098396	0.0509714037179946	0.0148333860561251	0.0536362454295158	0.0538819581270217	sub-20865	ses-2				space-ACPC			DSIStudio	autotrackgqi
ProjectionBrainstem_MedialForebrainBundleR	tf	NODDI	/scratch/executivefunction/SLURM_13244013_93/job-13244013-93-sub-20865-ses-2/ds/inputs/data/qsiprep/qsiprep/sub-20865/ses-2/dwi/sub-20865_ses-2_space-ACPC_desc-preproc_dwi.nii.gz	0.0298363811357074	0.8075211809390548	0.2682611791694813	0.9152255058288574	0.8323556617020614	0.920542448759079	0.2313138992910235	0.8674354551362882	0.8756644120751789	sub-20865	ses-2				space-ACPC			DSIStudio	autotrackgqi
ProjectionBasalGanglia_FasciculusSubthalamicusR	directions	NODDI	/scratch/executivefunction/SLURM_13244013_93/job-13244013-93-sub-20865-ses-2/ds/inputs/data/qsiprep/qsiprep/sub-20865/ses-2/dwi/sub-20865_ses-2_space-ACPC_desc-preproc_dwi.nii.gz	0.0	-0.0715946108102798	0.5728940367698669	-0.169312834739685	-0.0715946108102798	-0.169312834739685	0.5728940367698669	-0.1520654559135437		sub-20865	ses-2				space-ACPC			DSIStudio	autotrackgqi
ProjectionBasalGanglia_FasciculusSubthalamicusR	icvf	NODDI	/scratch/executivefunction/SLURM_13244013_93/job-13244013-93-sub-20865-ses-2/ds/inputs/data/qsiprep/qsiprep/sub-20865/ses-2/dwi/sub-20865_ses-2_space-ACPC_desc-preproc_dwi.nii.gz	0.0334928229665071	0.5729256272315979	0.2003273665904998	0.5517285466194153	0.5927794575691223	0.556044340133667	0.1724899262189865	0.5969868898391724	0.6126489043235779	sub-20865	ses-2				space-ACPC			DSIStudio	autotrackgqi
ProjectionBasalGanglia_FasciculusSubthalamicusR	isovf	NODDI	/scratch/executivefunction/SLURM_13244013_93/job-13244013-93-sub-20865-ses-2/ds/inputs/data/qsiprep/qsiprep/sub-20865/ses-2/dwi/sub-20865_ses-2_space-ACPC_desc-preproc_dwi.nii.gz	0.3421052631578947	0.1543286591768264	0.2490286082029342	0.0552390404045581	0.2345795482397079	0.1203208118677139	0.2746597230434418	0.1368788927793502	0.2049406766891479	sub-20865	ses-2				space-ACPC			DSIStudio	autotrackgqi
ProjectionBasalGanglia_FasciculusSubthalamicusR	modulated_icvf	NODDI	/scratch/executivefunction/SLURM_13244013_93/job-13244013-93-sub-20865-ses-2/ds/inputs/data/qsiprep/qsiprep/sub-20865/ses-2/dwi/sub-20865_ses-2_space-ACPC_desc-preproc_dwi.nii.gz	0.0334928229665071	0.4850163161754608	0.1717811226844787	0.5033948421478271	0.5018237829208374	0.508173406124115	0.1486503928899765	0.5114971399307251	0.5249163508415222	sub-20865	ses-2				space-ACPC			DSIStudio	autotrackgqi
ProjectionBasalGanglia_FasciculusSubthalamicusR	modulated_od	NODDI	/scratch/executivefunction/SLURM_13244013_93/job-13244013-93-sub-20865-ses-2/ds/inputs/data/qsiprep/qsiprep/sub-20865/ses-2/dwi/sub-20865_ses-2_space-ACPC_desc-preproc_dwi.nii.gz	0.0011961722488038	0.2878791391849518	0.1553749740123748	0.2924630641937256	0.2882238924503326	0.2931784689426422	0.1551480889320373	0.2962999939918518	0.296716570854187	sub-20865	ses-2				space-ACPC			DSIStudio	autotrackgqi
ProjectionBasalGanglia_FasciculusSubthalamicusR	nrmse	NODDI	/scratch/executivefunction/SLURM_13244013_93/job-13244013-93-sub-20865-ses-2/ds/inputs/data/qsiprep/qsiprep/sub-20865/ses-2/dwi/sub-20865_ses-2_space-ACPC_desc-preproc_dwi.nii.gz	0.0	0.1261794120073318	0.0379008986055851	0.1181358098983764	0.1261794120073318	0.1181358098983764	0.0379008986055851	0.1221179142594337	0.1221179142594337	sub-20865	ses-2				space-ACPC			DSIStudio	autotrackgqi
ProjectionBasalGanglia_FasciculusSubthalamicusR	od	NODDI	/scratch/executivefunction/SLURM_13244013_93/job-13244013-93-sub-20865-ses-2/ds/inputs/data/qsiprep/qsiprep/sub-20865/ses-2/dwi/sub-20865_ses-2_space-ACPC_desc-preproc_dwi.nii.gz	0.0	0.3545615375041961	0.1810633540153503	0.3332824110984802	0.3545615375041961	0.3332824110984802	0.1810633540153503	0.3518024981021881	0.3518024981021881	sub-20865	ses-2				space-ACPC			DSIStudio	autotrackgqi
ProjectionBasalGanglia_FasciculusSubthalamicusR	rmse	NODDI	/scratch/executivefunction/SLURM_13244013_93/job-13244013-93-sub-20865-ses-2/ds/inputs/data/qsiprep/qsiprep/sub-20865/ses-2/dwi/sub-20865_ses-2_space-ACPC_desc-preproc_dwi.nii.gz	0.0	0.0507083311676979	0.0162773802876472	0.0474216416478157	0.0507083311676979	0.0474216416478157	0.0162773802876472	0.0498980917036533	0.0498980917036533	sub-20865	ses-2				space-ACPC			DSIStudio	autotrackgqi
ProjectionBasalGanglia_FasciculusSubthalamicusR	tf	NODDI	/scratch/executivefunction/SLURM_13244013_93/job-13244013-93-sub-20865-ses-2/ds/inputs/data/qsiprep/qsiprep/sub-20865/ses-2/dwi/sub-20865_ses-2_space-ACPC_desc-preproc_dwi.nii.gz	0.0334928229665071	0.845671354583576	0.2490286250714465	0.9447609782218932	0.8749767975641949	0.9516672790050508	0.1962720483996211	0.8631211055786044	0.8857652975581745	sub-20865	ses-2				space-ACPC			DSIStudio	autotrackgqi
ProjectionBasalGanglia_FasciculusLenticularisL	directions	NODDI	/scratch/executivefunction/SLURM_13244013_93/job-13244013-93-sub-20865-ses-2/ds/inputs/data/qsiprep/qsiprep/sub-20865/ses-2/dwi/sub-20865_ses-2_space-ACPC_desc-preproc_dwi.nii.gz	0.0	0.026825850829482	0.5767267346382141	0.0624865815043449	0.026825850829482	0.0624865815043449	0.5767267346382141	0.3587244153022766		sub-20865	ses-2				space-ACPC			DSIStudio	autotrackgqi
ProjectionBasalGanglia_FasciculusLenticularisL	icvf	NODDI	/scratch/executivefunction/SLURM_13244013_93/job-13244013-93-sub-20865-ses-2/ds/inputs/data/qsiprep/qsiprep/sub-20865/ses-2/dwi/sub-20865_ses-2_space-ACPC_desc-preproc_dwi.nii.gz	0.0084151472650771	0.5365228056907654	0.1676642298698425	0.485208511352539	0.5410760641098022	0.4856993556022644	0.1608919203281402	0.5158932209014893	0.5175250172615051	sub-20865	ses-2				space-ACPC			DSIStudio	autotrackgqi
ProjectionBasalGanglia_FasciculusLenticularisL	isovf	NODDI	/scratch/executivefunction/SLURM_13244013_93/job-13244013-93-sub-20865-ses-2/ds/inputs/data/qsiprep/qsiprep/sub-20865/ses-2/dwi/sub-20865_ses-2_space-ACPC_desc-preproc_dwi.nii.gz	0.453015427769986	0.1148722171783447	0.1991816014051437	0.0196400936692953	0.2100099772214889	0.1292206943035125	0.2292401939630508	0.0899398326873779	0.1647772192955017	sub-20865	ses-2				space-ACPC			DSIStudio	autotrackgqi
ProjectionBasalGanglia_FasciculusLenticularisL	modulated_icvf	NODDI	/scratch/executivefunction/SLURM_13244013_93/job-13244013-93-sub-20865-ses-2/ds/inputs/data/qsiprep/qsiprep/sub-20865/ses-2/dwi/sub-20865_ses-2_space-ACPC_desc-preproc_dwi.nii.gz	0.0084151472650771	0.4617155790328979	0.1309666484594345	0.4648150205612182	0.4656339585781097	0.4649387300014496	0.1243917196989059	0.4594751000404358	0.4609283804893493	sub-20865	ses-2				space-ACPC			DSIStudio	autotrackgqi
ProjectionBasalGanglia_FasciculusLenticularisL	modulated_od	NODDI	/scratch/executivefunction/SLURM_13244013_93/job-13244013-93-sub-20865-ses-2/ds/inputs/data/qsiprep/qsiprep/sub-20865/ses-2/dwi/sub-20865_ses-2_space-ACPC_desc-preproc_dwi.nii.gz	0.0042075736325385	0.2899380922317505	0.1677089184522628	0.2783208787441253	0.2911631762981415	0.2787993252277374	0.1669982820749282	0.2664915919303894	0.266684889793396	sub-20865	ses-2				space-ACPC			DSIStudio	autotrackgqi
ProjectionBasalGanglia_FasciculusLenticularisL	nrmse	NODDI	/scratch/executivefunction/SLURM_13244013_93/job-13244013-93-sub-20865-ses-2/ds/inputs/data/qsiprep/qsiprep/sub-20865/ses-2/dwi/sub-20865_ses-2_space-ACPC_desc-preproc_dwi.nii.gz	0.0	0.1243696138262748	0.0344909466803073	0.1170761063694953	0.1243696138262748	0.1170761063694953	0.0344909466803073	0.1263507902622223	0.1263507902622223	sub-20865	ses-2				space-ACPC			DSIStudio	autotrackgqi
ProjectionBasalGanglia_FasciculusLenticularisL	od	NODDI	/scratch/executivefunction/SLURM_13244013_93/job-13244013-93-sub-20865-ses-2/ds/inputs/data/qsiprep/qsiprep/sub-20865/ses-2/dwi/sub-20865_ses-2_space-ACPC_desc-preproc_dwi.nii.gz	0.0	0.326535165309906	0.1718370169401168	0.310630738735199	0.326535165309906	0.310630738735199	0.1718370169401168	0.2913628816604614	0.2913628816604614	sub-20865	ses-2				space-ACPC			DSIStudio	autotrackgqi
ProjectionBasalGanglia_FasciculusLenticularisL	rmse	NODDI	/scratch/executivefunction/SLURM_13244013_93/job-13244013-93-sub-20865-ses-2/ds/inputs/data/qsiprep/qsiprep/sub-20865/ses-2/dwi/sub-20865_ses-2_space-ACPC_desc-preproc_dwi.nii.gz	0.0	0.0499444901943206	0.0161443371325731	0.0467401891946792	0.0499444901943206	0.0467401891946792	0.0161443371325731	0.0508879013359546	0.0508879013359546	sub-20865	ses-2				space-ACPC			DSIStudio	autotrackgqi
ProjectionBasalGanglia_FasciculusLenticularisL	tf	NODDI	/scratch/executivefunction/SLURM_13244013_93/job-13244013-93-sub-20865-ses-2/ds/inputs/data/qsiprep/qsiprep/sub-20865/ses-2/dwi/sub-20865_ses-2_space-ACPC_desc-preproc_dwi.nii.gz	0.0084151472650771	0.8851277868343101	0.1991815992976637	0.98035991191864	0.8926394795090002	0.9817573428153992	0.1824959344686542	0.910060158101042	0.912938623729164	sub-20865	ses-2				space-ACPC			DSIStudio	autotrackgqi
ProjectionBasalGanglia_AnsaSubthalamicaL	directions	NODDI	/scratch/executivefunction/SLURM_13244013_93/job-13244013-93-sub-20865-ses-2/ds/inputs/data/qsiprep/qsiprep/sub-20865/ses-2/dwi/sub-20865_ses-2_space-ACPC_desc-preproc_dwi.nii.gz	0.0	-0.0091639878228306	0.5772775411605835	0.0007260500569827	-0.0091639878228306	0.0007260500569827	0.5772775411605835	0.0220629572868347		sub-20865	ses-2				space-ACPC			DSIStudio	autotrackgqi
ProjectionBasalGanglia_AnsaSubthalamicaL	icvf	NODDI	/scratch/executivefunction/SLURM_13244013_93/job-13244013-93-sub-20865-ses-2/ds/inputs/data/qsiprep/qsiprep/sub-20865/ses-2/dwi/sub-20865_ses-2_space-ACPC_desc-preproc_dwi.nii.gz	0.0066666666666666	0.5658756494522095	0.1955436319112777	0.5323371887207031	0.569673478603363	0.5337653160095215	0.1906054019927978	0.5665841102600098	0.5682059526443481	sub-20865	ses-2				space-ACPC			DSIStudio	autotrackgqi
ProjectionBasalGanglia_AnsaSubthalamicaL	isovf	NODDI	/scratch/executivefunction/SLURM_13244013_93/job-13244013-93-sub-20865-ses-2/ds/inputs/data/qsiprep/qsiprep/sub-20865/ses-2/dwi/sub-20865_ses-2_space-ACPC_desc-preproc_dwi.nii.gz	0.3633333333333333	0.1431256383657455	0.2083068937063217	0.0722349882125854	0.2248046696186065	0.1439663022756576	0.2231429517269134	0.1444337368011474	0.2213794589042663	sub-20865	ses-2				space-ACPC			DSIStudio	autotrackgqi
ProjectionBasalGanglia_AnsaSubthalamicaL	modulated_icvf	NODDI	/scratch/executivefunction/SLURM_13244013_93/job-13244013-93-sub-20865-ses-2/ds/inputs/data/qsiprep/qsiprep/sub-20865/ses-2/dwi/sub-20865_ses-2_space-ACPC_desc-preproc_dwi.nii.gz	0.0066666666666666	0.4635825157165527	0.1441449970006942	0.4556009769439697	0.4666937887668609	0.4564776122570038	0.1395177543163299	0.4616050124168396	0.4629263281822204	sub-20865	ses-2				space-ACPC			DSIStudio	autotrackgqi
ProjectionBasalGanglia_AnsaSubthalamicaL	modulated_od	NODDI	/scratch/executivefunction/SLURM_13244013_93/job-13244013-93-sub-20865-ses-2/ds/inputs/data/qsiprep/qsiprep/sub-20865/ses-2/dwi/sub-20865_ses-2_space-ACPC_desc-preproc_dwi.nii.gz	0.0	0.2814187705516815	0.1633209437131881	0.2790335714817047	0.2814187705516815	0.2790335714817047	0.1633209437131881	0.2603481411933899	0.2603481411933899	sub-20865	ses-2				space-ACPC			DSIStudio	autotrackgqi
ProjectionBasalGanglia_AnsaSubthalamicaL	nrmse	NODDI	/scratch/executivefunction/SLURM_13244013_93/job-13244013-93-sub-20865-ses-2/ds/inputs/data/qsiprep/qsiprep/sub-20865/ses-2/dwi/sub-20865_ses-2_space-ACPC_desc-preproc_dwi.nii.gz	0.0	0.1360693424940109	0.0381654240190982	0.1273929476737976	0.1360693424940109	0.1273929476737976	0.0381654240190982	0.1410405337810516	0.1410405486822128	sub-20865	ses-2				space-ACPC			DSIStudio	autotrackgqi
ProjectionBasalGanglia_AnsaSubthalamicaL	od	NODDI	/scratch/executivefunction/SLURM_13244013_93/job-13244013-93-sub-20865-ses-2/ds/inputs/data/qsiprep/qsiprep/sub-20865/ses-2/dwi/sub-20865_ses-2_space-ACPC_desc-preproc_dwi.nii.gz	0.0	0.3273231387138366	0.1670993119478225	0.3245035409927368	0.3273231387138366	0.3245035409927368	0.1670993119478225	0.2983866035938263	0.2983866333961487	sub-20865	ses-2				space-ACPC			DSIStudio	autotrackgqi
ProjectionBasalGanglia_AnsaSubthalamicaL	rmse	NODDI	/scratch/executivefunction/SLURM_13244013_93/job-13244013-93-sub-20865-ses-2/ds/inputs/data/qsiprep/qsiprep/sub-20865/ses-2/dwi/sub-20865_ses-2_space-ACPC_desc-preproc_dwi.nii.gz	0.0	0.0544103123247623	0.0173131749033927	0.0504141822457313	0.0544103123247623	0.0504141822457313	0.0173131749033927	0.0563224032521247	0.0563224107027053	sub-20865	ses-2				space-ACPC			DSIStudio	autotrackgqi
ProjectionBasalGanglia_AnsaSubthalamicaL	tf	NODDI	/scratch/executivefunction/SLURM_13244013_93/job-13244013-93-sub-20865-ses-2/ds/inputs/data/qsiprep/qsiprep/sub-20865/ses-2/dwi/sub-20865_ses-2_space-ACPC_desc-preproc_dwi.nii.gz	0.0066666666666666	0.8568743575612704	0.2083069008473569	0.9277650117874146	0.8626251921757756	0.9289273619651794	0.1967794959467382	0.8555662630140404	0.8580153209017131	sub-20865	ses-2				space-ACPC			DSIStudio	autotrackgqi
ProjectionBrainstem_CorticospinalTractR	directions	NODDI	/scratch/executivefunction/SLURM_13244013_93/job-13244013-93-sub-20865-ses-2/ds/inputs/data/qsiprep/qsiprep/sub-20865/ses-2/dwi/sub-20865_ses-2_space-ACPC_desc-preproc_dwi.nii.gz	0.0	-0.0812378600239753	0.5716062784194946	-0.1036271899938583	-0.0812378600239753	-0.1036271899938583	0.5716062784194946	-0.3603271245956421		sub-20865	ses-2				space-ACPC			DSIStudio	autotrackgqi
ProjectionBrainstem_CorticospinalTractR	icvf	NODDI	/scratch/executivefunction/SLURM_13244013_93/job-13244013-93-sub-20865-ses-2/ds/inputs/data/qsiprep/qsiprep/sub-20865/ses-2/dwi/sub-20865_ses-2_space-ACPC_desc-preproc_dwi.nii.gz	0.0062305295950155	0.6368024349212646	0.151307925581932	0.647984504699707	0.6407949328422546	0.6487289667129517	0.1431057453155517	0.6926976442337036	0.6958367824554443	sub-20865	ses-2				space-ACPC			DSIStudio	autotrackgqi
ProjectionBrainstem_CorticospinalTractR	isovf	NODDI	/scratch/executivefunction/SLURM_13244013_93/job-13244013-93-sub-20865-ses-2/ds/inputs/data/qsiprep/qsiprep/sub-20865/ses-2/dwi/sub-20865_ses-2_space-ACPC_desc-preproc_dwi.nii.gz	0.1566128575474369	0.1180532276630401	0.1538644134998321	0.0901961103081703	0.1399751305580139	0.1013116985559463	0.1581199914216995	0.1221985667943954	0.1331977844238281	sub-20865	ses-2				space-ACPC			DSIStudio	autotrackgqi
ProjectionBrainstem_CorticospinalTractR	modulated_icvf	NODDI	/scratch/executivefunction/SLURM_13244013_93/job-13244013-93-sub-20865-ses-2/ds/inputs/data/qsiprep/qsiprep/sub-20865/ses-2/dwi/sub-20865_ses-2_space-ACPC_desc-preproc_dwi.nii.gz	0.0062305295950155	0.5534866452217102	0.1189317479729652	0.578516960144043	0.5569567680358887	0.579404890537262	0.1109086498618125	0.6012633442878723	0.6039882302284241	sub-20865	ses-2				space-ACPC			DSIStudio	autotrackgqi
ProjectionBrainstem_CorticospinalTractR	modulated_od	NODDI	/scratch/executivefunction/SLURM_13244013_93/job-13244013-93-sub-20865-ses-2/ds/inputs/data/qsiprep/qsiprep/sub-20865/ses-2/dwi/sub-20865_ses-2_space-ACPC_desc-preproc_dwi.nii.gz	0.0002832058906825	0.2236456274986267	0.144596129655838	0.2103368043899536	0.2237089723348617	0.2103692591190338	0.1445675939321518	0.173707902431488	0.1737084239721298	sub-20865	ses-2				space-ACPC			DSIStudio	autotrackgqi
ProjectionBrainstem_CorticospinalTractR	nrmse	NODDI	/scratch/executivefunction/SLURM_13244013_93/job-13244013-93-sub-20865-ses-2/ds/inputs/data/qsiprep/qsiprep/sub-20865/ses-2/dwi/sub-20865_ses-2_space-ACPC_desc-preproc_dwi.nii.gz	0.0	0.1224899366497993	0.0326375849545002	0.1165871024131774	0.1224899366497993	0.1165871024131774	0.0326375849545002	0.1261429637670517	0.1261429637670517	sub-20865	ses-2				space-ACPC			DSIStudio	autotrackgqi
ProjectionBrainstem_CorticospinalTractR	od	NODDI	/scratch/executivefunction/SLURM_13244013_93/job-13244013-93-sub-20865-ses-2/ds/inputs/data/qsiprep/qsiprep/sub-20865/ses-2/dwi/sub-20865_ses-2_space-ACPC_desc-preproc_dwi.nii.gz	0.0	0.2566971480846405	0.1602296829223632	0.2421565353870391	0.2566971480846405	0.2421565353870391	0.1602296829223632	0.2012340873479843	0.2012340873479843	sub-20865	ses-2				space-ACPC			DSIStudio	autotrackgqi
ProjectionBrainstem_CorticospinalTractR	rmse	NODDI	/scratch/executivefunction/SLURM_13244013_93/job-13244013-93-sub-20865-ses-2/ds/inputs/data/qsiprep/qsiprep/sub-20865/ses-2/dwi/sub-20865_ses-2_space-ACPC_desc-preproc_dwi.nii.gz	0.0	0.051861897110939	0.0125811137259006	0.0504310764372348	0.051861897110939	0.0504310764372348	0.0125811137259006	0.0555085018277168	0.0555085018277168	sub-20865	ses-2				space-ACPC			DSIStudio	autotrackgqi
ProjectionBrainstem_CorticospinalTractR	tf	NODDI	/scratch/executivefunction/SLURM_13244013_93/job-13244013-93-sub-20865-ses-2/ds/inputs/data/qsiprep/qsiprep/sub-20865/ses-2/dwi/sub-20865_ses-2_space-ACPC_desc-preproc_dwi.nii.gz	0.0062305295950155	0.8819467730037351	0.1538644157407243	0.909803867340088	0.8874762198564231	0.910130500793457	0.1375333915565992	0.8778014264548347	0.8817795024024135	sub-20865	ses-2				space-ACPC			DSIStudio	autotrackgqi
ProjectionBrainstem_DentatorubrothalamicTract-rl	directions	NODDI	/scratch/executivefunction/SLURM_13244013_93/job-13244013-93-sub-20865-ses-2/ds/inputs/data/qsiprep/qsiprep/sub-20865/ses-2/dwi/sub-20865_ses-2_space-ACPC_desc-preproc_dwi.nii.gz	0.0	-0.042391613125801	0.5757918953895569	-0.1169113516807556	-0.042391613125801	-0.1169113516807556	0.5757918953895569	-0.1470883190631866		sub-20865	ses-2				space-ACPC			DSIStudio	autotrackgqi
ProjectionBrainstem_DentatorubrothalamicTract-rl	icvf	NODDI	/scratch/executivefunction/SLURM_13244013_93/job-13244013-93-sub-20865-ses-2/ds/inputs/data/qsiprep/qsiprep/sub-20865/ses-2/dwi/sub-20865_ses-2_space-ACPC_desc-preproc_dwi.nii.gz	0.0204081632653061	0.7289136052131653	0.1801831126213073	0.7056481242179871	0.7440993189811707	0.7060679793357849	0.1477926224470138	0.7953665256500244	0.8022708892822266	sub-20865	ses-2				space-ACPC			DSIStudio	autotrackgqi
ProjectionBrainstem_DentatorubrothalamicTract-rl	isovf	NODDI	/scratch/executivefunction/SLURM_13244013_93/job-13244013-93-sub-20865-ses-2/ds/inputs/data/qsiprep/qsiprep/sub-20865/ses-2/dwi/sub-20865_ses-2_space-ACPC_desc-preproc_dwi.nii.gz	0.0535714285714285	0.2332660853862762	0.2519903182983398	0.1232073456048965	0.2464698255062103	0.1264989823102951	0.2526639699935913	0.291210412979126	0.3118122816085815	sub-20865	ses-2				space-ACPC			DSIStudio	autotrackgqi
ProjectionBrainstem_DentatorubrothalamicTract-rl	modulated_icvf	NODDI	/scratch/executivefunction/SLURM_13244013_93/job-13244013-93-sub-20865-ses-2/ds/inputs/data/qsiprep/qsiprep/sub-20865/ses-2/dwi/sub-20865_ses-2_space-ACPC_desc-preproc_dwi.nii.gz	0.0204081632653061	0.5461924076080322	0.1685677617788314	0.5961942672729492	0.5575714111328125	0.5977920889854431	0.1505405753850937	0.5381254553794861	0.5427967309951782	sub-20865	ses-2				space-ACPC			DSIStudio	autotrackgqi
ProjectionBrainstem_DentatorubrothalamicTract-rl	modulated_od	NODDI	/scratch/executivefunction/SLURM_13244013_93/job-13244013-93-sub-20865-ses-2/ds/inputs/data/qsiprep/qsiprep/sub-20865/ses-2/dwi/sub-20865_ses-2_space-ACPC_desc-preproc_dwi.nii.gz	0.0	0.1781694591045379	0.1179954335093498	0.1834155321121215	0.1781694591045379	0.1834155321121215	0.1179954335093498	0.154113084077835	0.154113084077835	sub-20865	ses-2				space-ACPC			DSIStudio	autotrackgqi
ProjectionBrainstem_DentatorubrothalamicTract-rl	nrmse	NODDI	/scratch/executivefunction/SLURM_13244013_93/job-13244013-93-sub-20865-ses-2/ds/inputs/data/qsiprep/qsiprep/sub-20865/ses-2/dwi/sub-20865_ses-2_space-ACPC_desc-preproc_dwi.nii.gz	0.0	0.1319257318973541	0.0425435043871402	0.1200296133756637	0.1319257318973541	0.1200296133756637	0.0425435043871402	0.1420429497957229	0.1420429497957229	sub-20865	ses-2				space-ACPC			DSIStudio	autotrackgqi
ProjectionBrainstem_DentatorubrothalamicTract-rl	od	NODDI	/scratch/executivefunction/SLURM_13244013_93/job-13244013-93-sub-20865-ses-2/ds/inputs/data/qsiprep/qsiprep/sub-20865/ses-2/dwi/sub-20865_ses-2_space-ACPC_desc-preproc_dwi.nii.gz	0.0	0.2466468811035156	0.1636905670166015	0.2306617200374603	0.2466468811035156	0.2306617200374603	0.1636905670166015	0.2171825915575027	0.2171825915575027	sub-20865	ses-2				space-ACPC			DSIStudio	autotrackgqi
ProjectionBrainstem_DentatorubrothalamicTract-rl	rmse	NODDI	/scratch/executivefunction/SLURM_13244013_93/job-13244013-93-sub-20865-ses-2/ds/inputs/data/qsiprep/qsiprep/sub-20865/ses-2/dwi/sub-20865_ses-2_space-ACPC_desc-preproc_dwi.nii.gz	0.0	0.0538950636982917	0.0149146541953086	0.051204290241003	0.0538950636982917	0.051204290241003	0.0149146541953086	0.0570021793246269	0.0570021793246269	sub-20865	ses-2				space-ACPC			DSIStudio	autotrackgqi
ProjectionBrainstem_DentatorubrothalamicTract-rl	tf	NODDI	/scratch/executivefunction/SLURM_13244013_93/job-13244013-93-sub-20865-ses-2/ds/inputs/data/qsiprep/qsiprep/sub-20865/ses-2/dwi/sub-20865_ses-2_space-ACPC_desc-preproc_dwi.nii.gz	0.0204081632653061	0.7667338974317726	0.2519903302351577	0.8767926692962646	0.7827075202949345	0.8786797523498535	0.2287342349979317	0.708789589253652	0.7149423517834432	sub-20865	ses-2				space-ACPC			DSIStudio	autotrackgqi
ProjectionBasalGanglia_FasciculusSubthalamicusL	directions	NODDI	/scratch/executivefunction/SLURM_13244013_93/job-13244013-93-sub-20865-ses-2/ds/inputs/data/qsiprep/qsiprep/sub-20865/ses-2/dwi/sub-20865_ses-2_space-ACPC_desc-preproc_dwi.nii.gz	0.0	0.0144394766539335	0.57716965675354	-0.0145740499719977	0.0144394766539335	-0.0145740499719977	0.57716965675354	0.1344037652015686		sub-20865	ses-2				space-ACPC			DSIStudio	autotrackgqi
ProjectionBasalGanglia_FasciculusSubthalamicusL	icvf	NODDI	/scratch/executivefunction/SLURM_13244013_93/job-13244013-93-sub-20865-ses-2/ds/inputs/data/qsiprep/qsiprep/sub-20865/ses-2/dwi/sub-20865_ses-2_space-ACPC_desc-preproc_dwi.nii.gz	0.0201438848920863	0.5994969010353088	0.2013261467218399	0.5868740081787109	0.6118213534355164	0.5963654518127441	0.1839160472154617	0.5859549641609192	0.5923006534576416	sub-20865	ses-2				space-ACPC			DSIStudio	autotrackgqi
ProjectionBasalGanglia_FasciculusSubthalamicusL	isovf	NODDI	/scratch/executivefunction/SLURM_13244013_93/job-13244013-93-sub-20865-ses-2/ds/inputs/data/qsiprep/qsiprep/sub-20865/ses-2/dwi/sub-20865_ses-2_space-ACPC_desc-preproc_dwi.nii.gz	0.2870503597122302	0.1432149112224578	0.2148540914058685	0.0833448246121406	0.2008766084909439	0.1228650659322738	0.2305763065814972	0.1296762973070144	0.1826809048652649	sub-20865	ses-2				space-ACPC			DSIStudio	autotrackgqi
ProjectionBasalGanglia_FasciculusSubthalamicusL	modulated_icvf	NODDI	/scratch/executivefunction/SLURM_13244013_93/job-13244013-93-sub-20865-ses-2/ds/inputs/data/qsiprep/qsiprep/sub-20865/ses-2/dwi/sub-20865_ses-2_space-ACPC_desc-preproc_dwi.nii.gz	0.0201438848920863	0.5053650140762329	0.1614886969327926	0.514703094959259	0.5157543420791626	0.519399881362915	0.1457957476377487	0.4964545369148254	0.5018309950828552	sub-20865	ses-2				space-ACPC			DSIStudio	autotrackgqi
ProjectionBasalGanglia_FasciculusSubthalamicusL	modulated_od	NODDI	/scratch/executivefunction/SLURM_13244013_93/job-13244013-93-sub-20865-ses-2/ds/inputs/data/qsiprep/qsiprep/sub-20865/ses-2/dwi/sub-20865_ses-2_space-ACPC_desc-preproc_dwi.nii.gz	0.0028776978417266	0.2608336210250854	0.1604162454605102	0.2543352246284485	0.2615863680839538	0.2545480132102966	0.1600335091352462	0.2591503858566284	0.2595312595367431	sub-20865	ses-2				space-ACPC			DSIStudio	autotrackgqi
ProjectionBasalGanglia_FasciculusSubthalamicusL	nrmse	NODDI	/scratch/executivefunction/SLURM_13244013_93/job-13244013-93-sub-20865-ses-2/ds/inputs/data/qsiprep/qsiprep/sub-20865/ses-2/dwi/sub-20865_ses-2_space-ACPC_desc-preproc_dwi.nii.gz	0.0	0.1275258362293243	0.0385490432381629	0.1195186004042625	0.1275258362293243	0.1195186004042625	0.0385490432381629	0.1249502375721931	0.1249502524733543	sub-20865	ses-2				space-ACPC			DSIStudio	autotrackgqi
ProjectionBasalGanglia_FasciculusSubthalamicusL	od	NODDI	/scratch/executivefunction/SLURM_13244013_93/job-13244013-93-sub-20865-ses-2/ds/inputs/data/qsiprep/qsiprep/sub-20865/ses-2/dwi/sub-20865_ses-2_space-ACPC_desc-preproc_dwi.nii.gz	0.0	0.312940388917923	0.1830817312002182	0.2951571345329284	0.312940388917923	0.2951571345329284	0.1830817312002182	0.2988049387931824	0.2988049685955047	sub-20865	ses-2				space-ACPC			DSIStudio	autotrackgqi
ProjectionBasalGanglia_FasciculusSubthalamicusL	rmse	NODDI	/scratch/executivefunction/SLURM_13244013_93/job-13244013-93-sub-20865-ses-2/ds/inputs/data/qsiprep/qsiprep/sub-20865/ses-2/dwi/sub-20865_ses-2_space-ACPC_desc-preproc_dwi.nii.gz	0.0	0.052351951599121	0.0171884074807167	0.0483059585094451	0.052351951599121	0.0483059585094451	0.0171884074807167	0.0509344339370727	0.050934437662363	sub-20865	ses-2				space-ACPC			DSIStudio	autotrackgqi
ProjectionBasalGanglia_FasciculusSubthalamicusL	tf	NODDI	/scratch/executivefunction/SLURM_13244013_93/job-13244013-93-sub-20865-ses-2/ds/inputs/data/qsiprep/qsiprep/sub-20865/ses-2/dwi/sub-20865_ses-2_space-ACPC_desc-preproc_dwi.nii.gz	0.0201438848920863	0.8567851008271142	0.2148541051219206	0.91665518283844	0.8743988914461738	0.91915625333786	0.1780724906251879	0.8703237096426806	0.879749022285545	sub-20865	ses-2				space-ACPC			DSIStudio	autotrackgqi
ProjectionBasalGanglia_OpticRadiationR	directions	NODDI	/scratch/executivefunction/SLURM_13244013_93/job-13244013-93-sub-20865-ses-2/ds/inputs/data/qsiprep/qsiprep/sub-20865/ses-2/dwi/sub-20865_ses-2_space-ACPC_desc-preproc_dwi.nii.gz	15.0	-0.0409474186599254	0.57387375831604	-0.0925490409135818	-0.0412351042032241	-0.100439429283142	0.5758758783340454	-0.1388890594244003		sub-20865	ses-2				space-ACPC			DSIStudio	autotrackgqi
ProjectionBasalGanglia_OpticRadiationR	icvf	NODDI	/scratch/executivefunction/SLURM_13244013_93/job-13244013-93-sub-20865-ses-2/ds/inputs/data/qsiprep/qsiprep/sub-20865/ses-2/dwi/sub-20865_ses-2_space-ACPC_desc-preproc_dwi.nii.gz	0.0172093023255813	0.5130515694618225	0.1486052870750427	0.5154380798339844	0.5220354795455933	0.5178043246269226	0.133342906832695	0.5272649526596069	0.5305306911468506	sub-20865	ses-2				space-ACPC			DSIStudio	autotrackgqi
ProjectionBasalGanglia_OpticRadiationR	isovf	NODDI	/scratch/executivefunction/SLURM_13244013_93/job-13244013-93-sub-20865-ses-2/ds/inputs/data/qsiprep/qsiprep/sub-20865/ses-2/dwi/sub-20865_ses-2_space-ACPC_desc-preproc_dwi.nii.gz	0.2790697674418604	0.1387684643268585	0.2035991996526718	0.0798187404870987	0.1924852877855301	0.1174983382225036	0.2171614915132522	0.1168931722640991	0.1532874107360839	sub-20865	ses-2				space-ACPC			DSIStudio	autotrackgqi
ProjectionBasalGanglia_OpticRadiationR	modulated_icvf	NODDI	/scratch/executivefunction/SLURM_13244013_93/job-13244013-93-sub-20865-ses-2/ds/inputs/data/qsiprep/qsiprep/sub-20865/ses-2/dwi/sub-20865_ses-2_space-ACPC_desc-preproc_dwi.nii.gz	0.0172093023255813	0.434689462184906	0.1307415217161178	0.4642923772335052	0.4423011541366577	0.4665760099887848	0.1184314265847206	0.4630414545536041	0.4659093916416168	sub-20865	ses-2				space-ACPC			DSIStudio	autotrackgqi
ProjectionBasalGanglia_OpticRadiationR	modulated_od	NODDI	/scratch/executivefunction/SLURM_13244013_93/job-13244013-93-sub-20865-ses-2/ds/inputs/data/qsiprep/qsiprep/sub-20865/ses-2/dwi/sub-20865_ses-2_space-ACPC_desc-preproc_dwi.nii.gz	0.0083720930232558	0.2468353062868118	0.1820865273475647	0.2125090956687927	0.2489192932844162	0.2148271203041076	0.1814295500516891	0.1973013132810592	0.1974758505821228	sub-20865	ses-2				space-ACPC			DSIStudio	autotrackgqi
ProjectionBasalGanglia_OpticRadiationR	nrmse	NODDI	/scratch/executivefunction/SLURM_13244013_93/job-13244013-93-sub-20865-ses-2/ds/inputs/data/qsiprep/qsiprep/sub-20865/ses-2/dwi/sub-20865_ses-2_space-ACPC_desc-preproc_dwi.nii.gz	0.0069767441860465	0.1243588030338287	0.0567017719149589	0.1119946092367172	0.1252325177192688	0.1121770218014717	0.0559308715164661	0.1151216030120849	0.1151678413152694	sub-20865	ses-2				space-ACPC			DSIStudio	autotrackgqi
ProjectionBasalGanglia_OpticRadiationR	od	NODDI	/scratch/executivefunction/SLURM_13244013_93/job-13244013-93-sub-20865-ses-2/ds/inputs/data/qsiprep/qsiprep/sub-20865/ses-2/dwi/sub-20865_ses-2_space-ACPC_desc-preproc_dwi.nii.gz	0.0069767441860465	0.2982320189476013	0.2078819423913955	0.2647358775138855	0.300327330827713	0.2658205330371856	0.2070971727371215	0.2294700741767883	0.2295622527599334	sub-20865	ses-2				space-ACPC			DSIStudio	autotrackgqi
ProjectionBasalGanglia_OpticRadiationR	rmse	NODDI	/scratch/executivefunction/SLURM_13244013_93/job-13244013-93-sub-20865-ses-2/ds/inputs/data/qsiprep/qsiprep/sub-20865/ses-2/dwi/sub-20865_ses-2_space-ACPC_desc-preproc_dwi.nii.gz	0.0069767441860465	0.0487376227974891	0.0222626160830259	0.0447940751910209	0.0490800403058528	0.0448744408786296	0.0219613350927829	0.0465174093842506	0.0465360917150974	sub-20865	ses-2				space-ACPC			DSIStudio	autotrackgqi
ProjectionBasalGanglia_OpticRadiationR	tf	NODDI	/scratch/executivefunction/SLURM_13244013_93/job-13244013-93-sub-20865-ses-2/ds/inputs/data/qsiprep/qsiprep/sub-20865/ses-2/dwi/sub-20865_ses-2_space-ACPC_desc-preproc_dwi.nii.gz	0.0172093023255813	0.8542547791225965	0.2155096223048343	0.9183245301246644	0.8692133341758554	0.920469045639038	0.18508239598495	0.882705376757811	0.8881725155346775	sub-20865	ses-2				space-ACPC			DSIStudio	autotrackgqi
ProjectionBrainstem_CorticospinalTractL	directions	NODDI	/scratch/executivefunction/SLURM_13244013_93/job-13244013-93-sub-20865-ses-2/ds/inputs/data/qsiprep/qsiprep/sub-20865/ses-2/dwi/sub-20865_ses-2_space-ACPC_desc-preproc_dwi.nii.gz	0.0	0.0633574873208999	0.5738633275032043	-0.0054141543805599	0.0633574873208999	-0.0054141543805599	0.5738633275032043	0.460429310798645		sub-20865	ses-2				space-ACPC			DSIStudio	autotrackgqi
ProjectionBrainstem_CorticospinalTractL	icvf	NODDI	/scratch/executivefunction/SLURM_13244013_93/job-13244013-93-sub-20865-ses-2/ds/inputs/data/qsiprep/qsiprep/sub-20865/ses-2/dwi/sub-20865_ses-2_space-ACPC_desc-preproc_dwi.nii.gz	0.0115049751243781	0.6450833082199097	0.173175111413002	0.6617779731750488	0.652591347694397	0.6625335812568665	0.159496009349823	0.6819638609886169	0.6848903298377991	sub-20865	ses-2				space-ACPC			DSIStudio	autotrackgqi
ProjectionBrainstem_CorticospinalTractL	isovf	NODDI	/scratch/executivefunction/SLURM_13244013_93/job-13244013-93-sub-20865-ses-2/ds/inputs/data/qsiprep/qsiprep/sub-20865/ses-2/dwi/sub-20865_ses-2_space-ACPC_desc-preproc_dwi.nii.gz	0.1598258706467661	0.1466680616140365	0.1929731518030166	0.1008600071072578	0.1745686382055282	0.11470278352499	0.198625162243843	0.1503468304872512	0.1700592935085296	sub-20865	ses-2				space-ACPC			DSIStudio	autotrackgqi
ProjectionBrainstem_CorticospinalTractL	modulated_icvf	NODDI	/scratch/executivefunction/SLURM_13244013_93/job-13244013-93-sub-20865-ses-2/ds/inputs/data/qsiprep/qsiprep/sub-20865/ses-2/dwi/sub-20865_ses-2_space-ACPC_desc-preproc_dwi.nii.gz	0.0115049751243781	0.5401612520217896	0.1403876692056656	0.5835031270980835	0.5464481115341187	0.5849648118019104	0.1284625828266143	0.5651898384094238	0.567615270614624	sub-20865	ses-2				space-ACPC			DSIStudio	autotrackgqi
ProjectionBrainstem_CorticospinalTractL	modulated_od	NODDI	/scratch/executivefunction/SLURM_13244013_93/job-13244013-93-sub-20865-ses-2/ds/inputs/data/qsiprep/qsiprep/sub-20865/ses-2/dwi/sub-20865_ses-2_space-ACPC_desc-preproc_dwi.nii.gz	0.0003109452736318	0.2261925339698791	0.1520104855298996	0.2092490494251251	0.2262628823518753	0.2092694342136383	0.151981770992279	0.1843356788158416	0.1843372285366058	sub-20865	ses-2				space-ACPC			DSIStudio	autotrackgqi
ProjectionBrainstem_CorticospinalTractL	nrmse	NODDI	/scratch/executivefunction/SLURM_13244013_93/job-13244013-93-sub-20865-ses-2/ds/inputs/data/qsiprep/qsiprep/sub-20865/ses-2/dwi/sub-20865_ses-2_space-ACPC_desc-preproc_dwi.nii.gz	0.0	0.1249324902892112	0.0459605008363723	0.1146354153752327	0.1249324902892112	0.1146354153752327	0.0459605008363723	0.1270810067653656	0.1270810067653656	sub-20865	ses-2				space-ACPC			DSIStudio	autotrackgqi
ProjectionBrainstem_CorticospinalTractL	od	NODDI	/scratch/executivefunction/SLURM_13244013_93/job-13244013-93-sub-20865-ses-2/ds/inputs/data/qsiprep/qsiprep/sub-20865/ses-2/dwi/sub-20865_ses-2_space-ACPC_desc-preproc_dwi.nii.gz	0.0	0.2722527384757995	0.1759157925844192	0.2502146065235138	0.2722527384757995	0.2502146065235138	0.1759157925844192	0.2231538146734237	0.2231538146734237	sub-20865	ses-2				space-ACPC			DSIStudio	autotrackgqi
ProjectionBrainstem_CorticospinalTractL	rmse	NODDI	/scratch/executivefunction/SLURM_13244013_93/job-13244013-93-sub-20865-ses-2/ds/inputs/data/qsiprep/qsiprep/sub-20865/ses-2/dwi/sub-20865_ses-2_space-ACPC_desc-preproc_dwi.nii.gz	0.0	0.0518393442034721	0.0161280427128076	0.0494770854711532	0.0518393442034721	0.0494770854711532	0.0161280427128076	0.0539856553077697	0.0539856553077697	sub-20865	ses-2				space-ACPC			DSIStudio	autotrackgqi
ProjectionBrainstem_CorticospinalTractL	tf	NODDI	/scratch/executivefunction/SLURM_13244013_93/job-13244013-93-sub-20865-ses-2/ds/inputs/data/qsiprep/qsiprep/sub-20865/ses-2/dwi/sub-20865_ses-2_space-ACPC_desc-preproc_dwi.nii.gz	0.0115049751243781	0.8533319369959298	0.1929731563833137	0.8991400003433228	0.8632637651396383	0.9001563787460327	0.1705821438010795	0.8496531717425662	0.8532992150879832	sub-20865	ses-2				space-ACPC			DSIStudio	autotrackgqi
ProjectionBrainstem_CorticobulbarTractL	directions	NODDI	/scratch/executivefunction/SLURM_13244013_93/job-13244013-93-sub-20865-ses-2/ds/inputs/data/qsiprep/qsiprep/sub-20865/ses-2/dwi/sub-20865_ses-2_space-ACPC_desc-preproc_dwi.nii.gz	0.0	0.0861446857452392	0.5708874464035034	-0.1597701609134674	0.0861446857452392	-0.1597701609134674	0.5708874464035034	0.2488545775413513		sub-20865	ses-2				space-ACPC			DSIStudio	autotrackgqi
ProjectionBrainstem_CorticobulbarTractL	icvf	NODDI	/scratch/executivefunction/SLURM_13244013_93/job-13244013-93-sub-20865-ses-2/ds/inputs/data/qsiprep/qsiprep/sub-20865/ses-2/dwi/sub-20865_ses-2_space-ACPC_desc-preproc_dwi.nii.gz	0.0	0.7096365094184875	0.1641623526811599	0.671715497970581	0.7096365094184875	0.671715497970581	0.1641623526811599	0.7133485078811646	0.7133485674858093	sub-20865	ses-2				space-ACPC			DSIStudio	autotrackgqi
ProjectionBrainstem_CorticobulbarTractL	isovf	NODDI	/scratch/executivefunction/SLURM_13244013_93/job-13244013-93-sub-20865-ses-2/ds/inputs/data/qsiprep/qsiprep/sub-20865/ses-2/dwi/sub-20865_ses-2_space-ACPC_desc-preproc_dwi.nii.gz	0.1714285714285714	0.1099628433585167	0.0937256217002868	0.0961116701364517	0.1327137798070907	0.1123691499233245	0.0870781913399696	0.1068103909492492	0.1299740970134735	sub-20865	ses-2				space-ACPC			DSIStudio	autotrackgqi
ProjectionBrainstem_CorticobulbarTractL	modulated_icvf	NODDI	/scratch/executivefunction/SLURM_13244013_93/job-13244013-93-sub-20865-ses-2/ds/inputs/data/qsiprep/qsiprep/sub-20865/ses-2/dwi/sub-20865_ses-2_space-ACPC_desc-preproc_dwi.nii.gz	0.0	0.6193244457244873	0.0995382368564605	0.609965443611145	0.6193244457244873	0.609965443611145	0.0995382368564605	0.6255509853363037	0.6255511045455933	sub-20865	ses-2				space-ACPC			DSIStudio	autotrackgqi
ProjectionBrainstem_CorticobulbarTractL	modulated_od	NODDI	/scratch/executivefunction/SLURM_13244013_93/job-13244013-93-sub-20865-ses-2/ds/inputs/data/qsiprep/qsiprep/sub-20865/ses-2/dwi/sub-20865_ses-2_space-ACPC_desc-preproc_dwi.nii.gz	0.0	0.1747090518474578	0.1471688896417617	0.0984596014022827	0.1747090518474578	0.0984596014022827	0.1471688896417617	0.1691667288541793	0.1691667437553405	sub-20865	ses-2				space-ACPC			DSIStudio	autotrackgqi
ProjectionBrainstem_CorticobulbarTractL	nrmse	NODDI	/scratch/executivefunction/SLURM_13244013_93/job-13244013-93-sub-20865-ses-2/ds/inputs/data/qsiprep/qsiprep/sub-20865/ses-2/dwi/sub-20865_ses-2_space-ACPC_desc-preproc_dwi.nii.gz	0.0	0.1248228326439857	0.0337699390947818	0.1195711940526962	0.1248228326439857	0.1195711940526962	0.0337699390947818	0.1266384422779083	0.1266384422779083	sub-20865	ses-2				space-ACPC			DSIStudio	autotrackgqi
ProjectionBrainstem_CorticobulbarTractL	od	NODDI	/scratch/executivefunction/SLURM_13244013_93/job-13244013-93-sub-20865-ses-2/ds/inputs/data/qsiprep/qsiprep/sub-20865/ses-2/dwi/sub-20865_ses-2_space-ACPC_desc-preproc_dwi.nii.gz	0.0	0.1936325281858444	0.1564462631940841	0.1163743734359741	0.1936325281858444	0.1163743734359741	0.1564462631940841	0.1869093775749206	0.1869093924760818	sub-20865	ses-2				space-ACPC			DSIStudio	autotrackgqi
ProjectionBrainstem_CorticobulbarTractL	rmse	NODDI	/scratch/executivefunction/SLURM_13244013_93/job-13244013-93-sub-20865-ses-2/ds/inputs/data/qsiprep/qsiprep/sub-20865/ses-2/dwi/sub-20865_ses-2_space-ACPC_desc-preproc_dwi.nii.gz	0.0	0.0561619959771633	0.0163956228643655	0.0541832186281681	0.0561619959771633	0.0541832186281681	0.0163956228643655	0.0573703236877918	0.0573703274130821	sub-20865	ses-2				space-ACPC			DSIStudio	autotrackgqi
ProjectionBrainstem_CorticobulbarTractL	tf	NODDI	/scratch/executivefunction/SLURM_13244013_93/job-13244013-93-sub-20865-ses-2/ds/inputs/data/qsiprep/qsiprep/sub-20865/ses-2/dwi/sub-20865_ses-2_space-ACPC_desc-preproc_dwi.nii.gz	0.0	0.8900371538741249	0.0937256241180217	0.9038883447647096	0.8900371538741249	0.9038883447647096	0.0937256241180217	0.8931896255729788	0.8931897126128732	sub-20865	ses-2				space-ACPC			DSIStudio	autotrackgqi
ProjectionBrainstem_CorticopontineTractL	directions	NODDI	/scratch/executivefunction/SLURM_13244013_93/job-13244013-93-sub-20865-ses-2/ds/inputs/data/qsiprep/qsiprep/sub-20865/ses-2/dwi/sub-20865_ses-2_space-ACPC_desc-preproc_dwi.nii.gz	2.0	0.0301746111363172	0.5764944553375244	-0.028396014124155	0.0301815774291753	-0.0285926684737205	0.5765608549118042	0.1993717104196548		sub-20865	ses-2				space-ACPC			DSIStudio	autotrackgqi
ProjectionBrainstem_CorticopontineTractL	icvf	NODDI	/scratch/executivefunction/SLURM_13244013_93/job-13244013-93-sub-20865-ses-2/ds/inputs/data/qsiprep/qsiprep/sub-20865/ses-2/dwi/sub-20865_ses-2_space-ACPC_desc-preproc_dwi.nii.gz	0.0118896456193004	0.5942124128341675	0.1686119139194488	0.6122837662696838	0.601362407207489	0.6143352389335632	0.1564363688230514	0.656149685382843	0.657293438911438	sub-20865	ses-2				space-ACPC			DSIStudio	autotrackgqi
ProjectionBrainstem_CorticopontineTractL	isovf	NODDI	/scratch/executivefunction/SLURM_13244013_93/job-13244013-93-sub-20865-ses-2/ds/inputs/data/qsiprep/qsiprep/sub-20865/ses-2/dwi/sub-20865_ses-2_space-ACPC_desc-preproc_dwi.nii.gz	0.1806533533417984	0.1334471106529235	0.1800065040588379	0.0955706313252449	0.1628701537847519	0.1124075800180435	0.1864253729581833	0.1286572962999344	0.1456478834152221	sub-20865	ses-2				space-ACPC			DSIStudio	autotrackgqi
ProjectionBrainstem_CorticopontineTractL	modulated_icvf	NODDI	/scratch/executivefunction/SLURM_13244013_93/job-13244013-93-sub-20865-ses-2/ds/inputs/data/qsiprep/qsiprep/sub-20865/ses-2/dwi/sub-20865_ses-2_space-ACPC_desc-preproc_dwi.nii.gz	0.0118896456193004	0.5108857154846191	0.1429370641708374	0.5472017526626587	0.517033040523529	0.5487210154533386	0.1322817653417587	0.5625189542770386	0.5634994506835938	sub-20865	ses-2				space-ACPC			DSIStudio	autotrackgqi
ProjectionBrainstem_CorticopontineTractL	modulated_od	NODDI	/scratch/executivefunction/SLURM_13244013_93/job-13244013-93-sub-20865-ses-2/ds/inputs/data/qsiprep/qsiprep/sub-20865/ses-2/dwi/sub-20865_ses-2_space-ACPC_desc-preproc_dwi.nii.gz	0.0062334064411866	0.2372117191553115	0.1474113911390304	0.2211674153804779	0.2386996299028396	0.2220841348171234	0.1466671675443649	0.1965592801570892	0.1966423839330673	sub-20865	ses-2				space-ACPC			DSIStudio	autotrackgqi
ProjectionBrainstem_CorticopontineTractL	nrmse	NODDI	/scratch/executivefunction/SLURM_13244013_93/job-13244013-93-sub-20865-ses-2/ds/inputs/data/qsiprep/qsiprep/sub-20865/ses-2/dwi/sub-20865_ses-2_space-ACPC_desc-preproc_dwi.nii.gz	0.0002308669052291	0.1171171963214874	0.0330130234360694	0.1115358769893646	0.1171442419290542	0.1115418002009391	0.0329688228666782	0.1185303702950477	0.1185309737920761	sub-20865	ses-2				space-ACPC			DSIStudio	autotrackgqi
ProjectionBrainstem_CorticopontineTractL	od	NODDI	/scratch/executivefunction/SLURM_13244013_93/job-13244013-93-sub-20865-ses-2/ds/inputs/data/qsiprep/qsiprep/sub-20865/ses-2/dwi/sub-20865_ses-2_space-ACPC_desc-preproc_dwi.nii.gz	0.0002308669052291	0.2844533026218414	0.1763955503702163	0.2586838901042938	0.2845189869403839	0.2587098181247711	0.176362931728363	0.22794009745121	0.2279412895441055	sub-20865	ses-2				space-ACPC			DSIStudio	autotrackgqi
ProjectionBrainstem_CorticopontineTractL	rmse	NODDI	/scratch/executivefunction/SLURM_13244013_93/job-13244013-93-sub-20865-ses-2/ds/inputs/data/qsiprep/qsiprep/sub-20865/ses-2/dwi/sub-20865_ses-2_space-ACPC_desc-preproc_dwi.nii.gz	0.0002308669052291	0.0482625365257263	0.0135015603154897	0.046716995537281	0.0482736825942993	0.0467264130711555	0.0134831825271248	0.0507928766310215	0.0507931374013423	sub-20865	ses-2				space-ACPC			DSIStudio	autotrackgqi
ProjectionBrainstem_CorticopontineTractL	tf	NODDI	/scratch/executivefunction/SLURM_13244013_93/job-13244013-93-sub-20865-ses-2/ds/inputs/data/qsiprep/qsiprep/sub-20865/ses-2/dwi/sub-20865_ses-2_space-ACPC_desc-preproc_dwi.nii.gz	0.0118896456193004	0.8663220019177038	0.1804758702399795	0.9043883681297302	0.876746203576293	0.905293107032776	0.1543505244903941	0.8713376425607656	0.8728564994560367	sub-20865	ses-2				space-ACPC			DSIStudio	autotrackgqi
ProjectionBrainstem_NonDecussatingDentatorubrothalamicTractL	directions	NODDI	/scratch/executivefunction/SLURM_13244013_93/job-13244013-93-sub-20865-ses-2/ds/inputs/data/qsiprep/qsiprep/sub-20865/ses-2/dwi/sub-20865_ses-2_space-ACPC_desc-preproc_dwi.nii.gz	0.0	0.0268841926008462	0.5767239928245544	-0.027760187163949	0.0268841926008462	-0.027760187163949	0.5767239928245544	0.1785840988159179		sub-20865	ses-2				space-ACPC			DSIStudio	autotrackgqi
ProjectionBrainstem_NonDecussatingDentatorubrothalamicTractL	icvf	NODDI	/scratch/executivefunction/SLURM_13244013_93/job-13244013-93-sub-20865-ses-2/ds/inputs/data/qsiprep/qsiprep/sub-20865/ses-2/dwi/sub-20865_ses-2_space-ACPC_desc-preproc_dwi.nii.gz	0.0031385803959439	0.6036896109580994	0.1379031687974929	0.6250342130661011	0.6055903434753418	0.6252120733261108	0.1338884532451629	0.6280357837677002	0.6282145380973816	sub-20865	ses-2				space-ACPC			DSIStudio	autotrackgqi
ProjectionBrainstem_NonDecussatingDentatorubrothalamicTractL	isovf	NODDI	/scratch/executivefunction/SLURM_13244013_93/job-13244013-93-sub-20865-ses-2/ds/inputs/data/qsiprep/qsiprep/sub-20865/ses-2/dwi/sub-20865_ses-2_space-ACPC_desc-preproc_dwi.nii.gz	0.1892805408015451	0.1075406521558761	0.1328967064619064	0.0887028574943542	0.1326484084129333	0.1051551774144172	0.1358473747968673	0.1056438982486724	0.130309984087944	sub-20865	ses-2				space-ACPC			DSIStudio	autotrackgqi
ProjectionBrainstem_NonDecussatingDentatorubrothalamicTractL	modulated_icvf	NODDI	/scratch/executivefunction/SLURM_13244013_93/job-13244013-93-sub-20865-ses-2/ds/inputs/data/qsiprep/qsiprep/sub-20865/ses-2/dwi/sub-20865_ses-2_space-ACPC_desc-preproc_dwi.nii.gz	0.0031385803959439	0.5365856289863586	0.125760793685913	0.5705137252807617	0.5382750034332275	0.5706698298454285	0.122295543551445	0.5563843846321106	0.5565428137779236	sub-20865	ses-2				space-ACPC			DSIStudio	autotrackgqi
ProjectionBrainstem_NonDecussatingDentatorubrothalamicTractL	modulated_od	NODDI	/scratch/executivefunction/SLURM_13244013_93/job-13244013-93-sub-20865-ses-2/ds/inputs/data/qsiprep/qsiprep/sub-20865/ses-2/dwi/sub-20865_ses-2_space-ACPC_desc-preproc_dwi.nii.gz	0.0024142926122646	0.2443509399890899	0.1327150017023086	0.2277624309062957	0.244942307472229	0.2280772626399994	0.1323293149471283	0.2075096666812896	0.2075639963150024	sub-20865	ses-2				space-ACPC			DSIStudio	autotrackgqi
ProjectionBrainstem_NonDecussatingDentatorubrothalamicTractL	nrmse	NODDI	/scratch/executivefunction/SLURM_13244013_93/job-13244013-93-sub-20865-ses-2/ds/inputs/data/qsiprep/qsiprep/sub-20865/ses-2/dwi/sub-20865_ses-2_space-ACPC_desc-preproc_dwi.nii.gz	0.0	0.1107141748070716	0.0241265576332807	0.1081146746873855	0.1107141748070716	0.1081146746873855	0.0241265576332807	0.1120012998580932	0.1120012998580932	sub-20865	ses-2				space-ACPC			DSIStudio	autotrackgqi
ProjectionBrainstem_NonDecussatingDentatorubrothalamicTractL	od	NODDI	/scratch/executivefunction/SLURM_13244013_93/job-13244013-93-sub-20865-ses-2/ds/inputs/data/qsiprep/qsiprep/sub-20865/ses-2/dwi/sub-20865_ses-2_space-ACPC_desc-preproc_dwi.nii.gz	0.0	0.2786194086074829	0.1526623666286468	0.2563818395137787	0.2786194086074829	0.2563818395137787	0.1526623666286468	0.2317569851875305	0.2317569851875305	sub-20865	ses-2				space-ACPC			DSIStudio	autotrackgqi
ProjectionBrainstem_NonDecussatingDentatorubrothalamicTractL	rmse	NODDI	/scratch/executivefunction/SLURM_13244013_93/job-13244013-93-sub-20865-ses-2/ds/inputs/data/qsiprep/qsiprep/sub-20865/ses-2/dwi/sub-20865_ses-2_space-ACPC_desc-preproc_dwi.nii.gz	0.0	0.0467241071164608	0.0114329289644956	0.0457884296774864	0.0467241071164608	0.0457884296774864	0.0114329289644956	0.0478547438979148	0.0478547438979148	sub-20865	ses-2				space-ACPC			DSIStudio	autotrackgqi
ProjectionBrainstem_NonDecussatingDentatorubrothalamicTractL	tf	NODDI	/scratch/executivefunction/SLURM_13244013_93/job-13244013-93-sub-20865-ses-2/ds/inputs/data/qsiprep/qsiprep/sub-20865/ses-2/dwi/sub-20865_ses-2_space-ACPC_desc-preproc_dwi.nii.gz	0.0031385803959439	0.8924593455920411	0.1328967074598145	0.9112971425056458	0.8952692200150725	0.911605954170227	0.1232945556124838	0.8943561024747292	0.8946107199513745	sub-20865	ses-2				space-ACPC			DSIStudio	autotrackgqi
ProjectionBrainstem_NonDecussatingDentatorubrothalamicTractR	directions	NODDI	/scratch/executivefunction/SLURM_13244013_93/job-13244013-93-sub-20865-ses-2/ds/inputs/data/qsiprep/qsiprep/sub-20865/ses-2/dwi/sub-20865_ses-2_space-ACPC_desc-preproc_dwi.nii.gz	0.0	-0.0160523764789104	0.5771270990371704	-0.0627283304929733	-0.0160523764789104	-0.0627283304929733	0.5771270990371704	-0.1080458909273147		sub-20865	ses-2				space-ACPC			DSIStudio	autotrackgqi
ProjectionBrainstem_NonDecussatingDentatorubrothalamicTractR	icvf	NODDI	/scratch/executivefunction/SLURM_13244013_93/job-13244013-93-sub-20865-ses-2/ds/inputs/data/qsiprep/qsiprep/sub-20865/ses-2/dwi/sub-20865_ses-2_space-ACPC_desc-preproc_dwi.nii.gz	0.0078629032258064	0.5959684252738953	0.1288782507181167	0.6065950393676758	0.6006916165351868	0.6075948476791382	0.1179154962301254	0.6004915237426758	0.6093224287033081	sub-20865	ses-2				space-ACPC			DSIStudio	autotrackgqi
ProjectionBrainstem_NonDecussatingDentatorubrothalamicTractR	isovf	NODDI	/scratch/executivefunction/SLURM_13244013_93/job-13244013-93-sub-20865-ses-2/ds/inputs/data/qsiprep/qsiprep/sub-20865/ses-2/dwi/sub-20865_ses-2_space-ACPC_desc-preproc_dwi.nii.gz	0.1963709677419355	0.101807102560997	0.1410723179578781	0.0815846621990203	0.1266842037439346	0.0974597930908203	0.1470131874084472	0.1181852892041206	0.1590815484523773	sub-20865	ses-2				space-ACPC			DSIStudio	autotrackgqi
ProjectionBrainstem_NonDecussatingDentatorubrothalamicTractR	modulated_icvf	NODDI	/scratch/executivefunction/SLURM_13244013_93/job-13244013-93-sub-20865-ses-2/ds/inputs/data/qsiprep/qsiprep/sub-20865/ses-2/dwi/sub-20865_ses-2_space-ACPC_desc-preproc_dwi.nii.gz	0.0078629032258064	0.5342434644699097	0.1164306849241256	0.5533751249313354	0.5384774804115295	0.5542086958885193	0.1066940873861312	0.5247439742088318	0.5324608683586121	sub-20865	ses-2				space-ACPC			DSIStudio	autotrackgqi
ProjectionBrainstem_NonDecussatingDentatorubrothalamicTractR	modulated_od	NODDI	/scratch/executivefunction/SLURM_13244013_93/job-13244013-93-sub-20865-ses-2/ds/inputs/data/qsiprep/qsiprep/sub-20865/ses-2/dwi/sub-20865_ses-2_space-ACPC_desc-preproc_dwi.nii.gz	0.0028225806451612	0.2430806308984756	0.137227326631546	0.2364604771137237	0.2437686920166015	0.2367170751094818	0.136809766292572	0.211625188589096	0.2127414345741272	sub-20865	ses-2				space-ACPC			DSIStudio	autotrackgqi
ProjectionBrainstem_NonDecussatingDentatorubrothalamicTractR	nrmse	NODDI	/scratch/executivefunction/SLURM_13244013_93/job-13244013-93-sub-20865-ses-2/ds/inputs/data/qsiprep/qsiprep/sub-20865/ses-2/dwi/sub-20865_ses-2_space-ACPC_desc-preproc_dwi.nii.gz	0.0	0.1110653281211853	0.0237657353281974	0.1082260161638259	0.1110653281211853	0.1082260161638259	0.0237657353281974	0.1096946522593498	0.1096946522593498	sub-20865	ses-2				space-ACPC			DSIStudio	autotrackgqi
ProjectionBrainstem_NonDecussatingDentatorubrothalamicTractR	od	NODDI	/scratch/executivefunction/SLURM_13244013_93/job-13244013-93-sub-20865-ses-2/ds/inputs/data/qsiprep/qsiprep/sub-20865/ses-2/dwi/sub-20865_ses-2_space-ACPC_desc-preproc_dwi.nii.gz	0.0	0.2762275040149688	0.1576191186904907	0.2624313831329345	0.2762275040149688	0.2624313831329345	0.1576191186904907	0.2471880614757537	0.2471880614757537	sub-20865	ses-2				space-ACPC			DSIStudio	autotrackgqi
ProjectionBrainstem_NonDecussatingDentatorubrothalamicTractR	rmse	NODDI	/scratch/executivefunction/SLURM_13244013_93/job-13244013-93-sub-20865-ses-2/ds/inputs/data/qsiprep/qsiprep/sub-20865/ses-2/dwi/sub-20865_ses-2_space-ACPC_desc-preproc_dwi.nii.gz	0.0	0.0468677766621112	0.0112443957477808	0.0458875373005867	0.0468677766621112	0.0458875373005867	0.0112443957477808	0.045729499310255	0.045729499310255	sub-20865	ses-2				space-ACPC			DSIStudio	autotrackgqi
ProjectionBrainstem_NonDecussatingDentatorubrothalamicTractR	tf	NODDI	/scratch/executivefunction/SLURM_13244013_93/job-13244013-93-sub-20865-ses-2/ds/inputs/data/qsiprep/qsiprep/sub-20865/ses-2/dwi/sub-20865_ses-2_space-ACPC_desc-preproc_dwi.nii.gz	0.0078629032258064	0.8981928965617572	0.1410723201342755	0.9184153378009796	0.9053112714786254	0.919073522090912	0.116682378274565	0.8818147148664106	0.894782683820573	sub-20865	ses-2				space-ACPC			DSIStudio	autotrackgqi
ProjectionBrainstem_MedialForebrainBundleL	directions	NODDI	/scratch/executivefunction/SLURM_13244013_93/job-13244013-93-sub-20865-ses-2/ds/inputs/data/qsiprep/qsiprep/sub-20865/ses-2/dwi/sub-20865_ses-2_space-ACPC_desc-preproc_dwi.nii.gz	0.0	0.0188953131437301	0.57704097032547	-0.0463831685483455	0.0188953131437301	-0.0463831685483455	0.57704097032547	0.1301746070384979		sub-20865	ses-2				space-ACPC			DSIStudio	autotrackgqi
ProjectionBrainstem_MedialForebrainBundleL	icvf	NODDI	/scratch/executivefunction/SLURM_13244013_93/job-13244013-93-sub-20865-ses-2/ds/inputs/data/qsiprep/qsiprep/sub-20865/ses-2/dwi/sub-20865_ses-2_space-ACPC_desc-preproc_dwi.nii.gz	0.0364842454394693	0.6084801554679871	0.1959638744592666	0.5920697450637817	0.631520688533783	0.601538360118866	0.1590766161680221	0.5864105820655823	0.5942022800445557	sub-20865	ses-2				space-ACPC			DSIStudio	autotrackgqi
ProjectionBrainstem_MedialForebrainBundleL	isovf	NODDI	/scratch/executivefunction/SLURM_13244013_93/job-13244013-93-sub-20865-ses-2/ds/inputs/data/qsiprep/qsiprep/sub-20865/ses-2/dwi/sub-20865_ses-2_space-ACPC_desc-preproc_dwi.nii.gz	0.2432283029297954	0.1894335448741912	0.2585760951042175	0.0919598937034607	0.2503179609775543	0.1294768303632736	0.2703897356986999	0.1184445768594741	0.1724504232406616	sub-20865	ses-2				space-ACPC			DSIStudio	autotrackgqi
ProjectionBrainstem_MedialForebrainBundleL	modulated_icvf	NODDI	/scratch/executivefunction/SLURM_13244013_93/job-13244013-93-sub-20865-ses-2/ds/inputs/data/qsiprep/qsiprep/sub-20865/ses-2/dwi/sub-20865_ses-2_space-ACPC_desc-preproc_dwi.nii.gz	0.0364842454394693	0.481568306684494	0.1691426336765289	0.5137748718261719	0.4998032450675964	0.5182607173919678	0.1434526294469833	0.5047984719276428	0.5115057229995728	sub-20865	ses-2				space-ACPC			DSIStudio	autotrackgqi
ProjectionBrainstem_MedialForebrainBundleL	modulated_od	NODDI	/scratch/executivefunction/SLURM_13244013_93/job-13244013-93-sub-20865-ses-2/ds/inputs/data/qsiprep/qsiprep/sub-20865/ses-2/dwi/sub-20865_ses-2_space-ACPC_desc-preproc_dwi.nii.gz	0.0	0.2187674939632415	0.1643349230289459	0.2015785723924636	0.2187674939632415	0.2015785723924636	0.1643349230289459	0.1980183124542236	0.1980183124542236	sub-20865	ses-2				space-ACPC			DSIStudio	autotrackgqi
ProjectionBrainstem_MedialForebrainBundleL	nrmse	NODDI	/scratch/executivefunction/SLURM_13244013_93/job-13244013-93-sub-20865-ses-2/ds/inputs/data/qsiprep/qsiprep/sub-20865/ses-2/dwi/sub-20865_ses-2_space-ACPC_desc-preproc_dwi.nii.gz	0.0121614151464897	0.1296712756156921	0.041568499058485	0.1220931410789489	0.1312676668167114	0.122720792889595	0.0392384678125381	0.1229712218046188	0.1237423568964004	sub-20865	ses-2				space-ACPC			DSIStudio	autotrackgqi
ProjectionBrainstem_MedialForebrainBundleL	od	NODDI	/scratch/executivefunction/SLURM_13244013_93/job-13244013-93-sub-20865-ses-2/ds/inputs/data/qsiprep/qsiprep/sub-20865/ses-2/dwi/sub-20865_ses-2_space-ACPC_desc-preproc_dwi.nii.gz	0.0	0.2938283681869507	0.2046246230602264	0.2545988857746124	0.2938283681869507	0.2545988857746124	0.2046246230602264	0.235305368900299	0.235305368900299	sub-20865	ses-2				space-ACPC			DSIStudio	autotrackgqi
ProjectionBrainstem_MedialForebrainBundleL	rmse	NODDI	/scratch/executivefunction/SLURM_13244013_93/job-13244013-93-sub-20865-ses-2/ds/inputs/data/qsiprep/qsiprep/sub-20865/ses-2/dwi/sub-20865_ses-2_space-ACPC_desc-preproc_dwi.nii.gz	0.0121614151464897	0.0518254823982715	0.0154681932181119	0.0493329614400863	0.0524635128676891	0.0494915395975112	0.0144477440044283	0.0506587773561477	0.0509764477610588	sub-20865	ses-2				space-ACPC			DSIStudio	autotrackgqi
ProjectionBrainstem_MedialForebrainBundleL	tf	NODDI	/scratch/executivefunction/SLURM_13244013_93/job-13244013-93-sub-20865-ses-2/ds/inputs/data/qsiprep/qsiprep/sub-20865/ses-2/dwi/sub-20865_ses-2_space-ACPC_desc-preproc_dwi.nii.gz	0.0243228302929795	0.8105664595244931	0.258576074271233	0.9080401062965392	0.8307732154559819	0.911877453327179	0.2274668305516394	0.8815554306519456	0.887663551365208	sub-20865	ses-2				space-ACPC			DSIStudio	autotrackgqi
ProjectionBrainstem_ReticularTractR	directions	NODDI	/scratch/executivefunction/SLURM_13244013_93/job-13244013-93-sub-20865-ses-2/ds/inputs/data/qsiprep/qsiprep/sub-20865/ses-2/dwi/sub-20865_ses-2_space-ACPC_desc-preproc_dwi.nii.gz	1.0	0.0106723736971616	0.5771791934967041	-0.0550830923020839	0.0106750512495636	-0.0555899702012538	0.5772515535354614	0.0618063732981681		sub-20865	ses-2				space-ACPC			DSIStudio	autotrackgqi
ProjectionBrainstem_ReticularTractR	icvf	NODDI	/scratch/executivefunction/SLURM_13244013_93/job-13244013-93-sub-20865-ses-2/ds/inputs/data/qsiprep/qsiprep/sub-20865/ses-2/dwi/sub-20865_ses-2_space-ACPC_desc-preproc_dwi.nii.gz	0.0130456598093326	0.5599101185798645	0.1447633802890777	0.5692856311798096	0.5673110485076904	0.5709253549575806	0.1305174380540847	0.5974858999252319	0.6061007380485535	sub-20865	ses-2				space-ACPC			DSIStudio	autotrackgqi
ProjectionBrainstem_ReticularTractR	isovf	NODDI	/scratch/executivefunction/SLURM_13244013_93/job-13244013-93-sub-20865-ses-2/ds/inputs/data/qsiprep/qsiprep/sub-20865/ses-2/dwi/sub-20865_ses-2_space-ACPC_desc-preproc_dwi.nii.gz	0.1861515303562468	0.117698460817337	0.1669481098651886	0.0847570896148681	0.1446196287870407	0.1022015959024429	0.1742223352193832	0.1316848546266555	0.1550011932849884	sub-20865	ses-2				space-ACPC			DSIStudio	autotrackgqi
ProjectionBrainstem_ReticularTractR	modulated_icvf	NODDI	/scratch/executivefunction/SLURM_13244013_93/job-13244013-93-sub-20865-ses-2/ds/inputs/data/qsiprep/qsiprep/sub-20865/ses-2/dwi/sub-20865_ses-2_space-ACPC_desc-preproc_dwi.nii.gz	0.0130456598093326	0.4937354326248169	0.1320555508136749	0.5154190063476562	0.500261664390564	0.5164433717727661	0.1200181022286415	0.5171072483062744	0.524563193321228	sub-20865	ses-2				space-ACPC			DSIStudio	autotrackgqi
ProjectionBrainstem_ReticularTractR	modulated_od	NODDI	/scratch/executivefunction/SLURM_13244013_93/job-13244013-93-sub-20865-ses-2/ds/inputs/data/qsiprep/qsiprep/sub-20865/ses-2/dwi/sub-20865_ses-2_space-ACPC_desc-preproc_dwi.nii.gz	0.0050175614651279	0.2392889112234115	0.1364233046770095	0.2356725037097931	0.2404956072568893	0.2361676394939422	0.1357017457485199	0.2076258063316345	0.2085382044315338	sub-20865	ses-2				space-ACPC			DSIStudio	autotrackgqi
ProjectionBrainstem_ReticularTractR	nrmse	NODDI	/scratch/executivefunction/SLURM_13244013_93/job-13244013-93-sub-20865-ses-2/ds/inputs/data/qsiprep/qsiprep/sub-20865/ses-2/dwi/sub-20865_ses-2_space-ACPC_desc-preproc_dwi.nii.gz	0.0017561465127947	0.1247819289565086	0.044293362647295	0.1161956414580345	0.1250014454126358	0.1162844151258468	0.0440217368304729	0.1196421980857849	0.1196584105491638	sub-20865	ses-2				space-ACPC			DSIStudio	autotrackgqi
ProjectionBrainstem_ReticularTractR	od	NODDI	/scratch/executivefunction/SLURM_13244013_93/job-13244013-93-sub-20865-ses-2/ds/inputs/data/qsiprep/qsiprep/sub-20865/ses-2/dwi/sub-20865_ses-2_space-ACPC_desc-preproc_dwi.nii.gz	0.0002508780732563	0.2804819643497467	0.1617911756038665	0.2676910161972046	0.2805523574352264	0.2677779793739319	0.1617504358291626	0.2497888505458831	0.24978968501091	sub-20865	ses-2				space-ACPC			DSIStudio	autotrackgqi
ProjectionBrainstem_ReticularTractR	rmse	NODDI	/scratch/executivefunction/SLURM_13244013_93/job-13244013-93-sub-20865-ses-2/ds/inputs/data/qsiprep/qsiprep/sub-20865/ses-2/dwi/sub-20865_ses-2_space-ACPC_desc-preproc_dwi.nii.gz	0.0017561465127947	0.0507445707917213	0.0171226300299167	0.0478118881583213	0.0508338399231433	0.0478431172668933	0.017004769295454	0.0495072603225708	0.0495139695703983	sub-20865	ses-2				space-ACPC			DSIStudio	autotrackgqi
ProjectionBrainstem_ReticularTractR	tf	NODDI	/scratch/executivefunction/SLURM_13244013_93/job-13244013-93-sub-20865-ses-2/ds/inputs/data/qsiprep/qsiprep/sub-20865/ses-2/dwi/sub-20865_ses-2_space-ACPC_desc-preproc_dwi.nii.gz	0.0115403913697942	0.8820506549635188	0.1675214290995857	0.9151798188686372	0.8923487082955801	0.9162156283855438	0.1385699055209709	0.868311753013506	0.880713554064229	sub-20865	ses-2				space-ACPC			DSIStudio	autotrackgqi
ProjectionBasalGanglia_CorticostriatalTractL	directions	NODDI	/scratch/executivefunction/SLURM_13244013_93/job-13244013-93-sub-20865-ses-2/ds/inputs/data/qsiprep/qsiprep/sub-20865/ses-2/dwi/sub-20865_ses-2_space-ACPC_desc-preproc_dwi.nii.gz	131.0	-0.0266328249126672	0.5739609003067017	-0.0648398995399475	-0.0268904026597738	-0.0728414207696914	0.5767236948013306	0.1901153773069381		sub-20865	ses-2				space-ACPC			DSIStudio	autotrackgqi
ProjectionBasalGanglia_CorticostriatalTractL	icvf	NODDI	/scratch/executivefunction/SLURM_13244013_93/job-13244013-93-sub-20865-ses-2/ds/inputs/data/qsiprep/qsiprep/sub-20865/ses-2/dwi/sub-20865_ses-2_space-ACPC_desc-preproc_dwi.nii.gz	0.0158672126352734	0.4830648303031921	0.1635817587375641	0.4876622855663299	0.4908533096313476	0.4919916093349457	0.1528640985488891	0.5389785766601562	0.5397157669067383	sub-20865	ses-2				space-ACPC			DSIStudio	autotrackgqi
ProjectionBasalGanglia_CorticostriatalTractL	isovf	NODDI	/scratch/executivefunction/SLURM_13244013_93/job-13244013-93-sub-20865-ses-2/ds/inputs/data/qsiprep/qsiprep/sub-20865/ses-2/dwi/sub-20865_ses-2_space-ACPC_desc-preproc_dwi.nii.gz	0.3803743784732378	0.1018505617976188	0.1650779098272323	0.0572806745767593	0.164374366402626	0.1109780967235565	0.1835810840129852	0.0777319073677063	0.107270136475563	sub-20865	ses-2				space-ACPC			DSIStudio	autotrackgqi
ProjectionBasalGanglia_CorticostriatalTractL	modulated_icvf	NODDI	/scratch/executivefunction/SLURM_13244013_93/job-13244013-93-sub-20865-ses-2/ds/inputs/data/qsiprep/qsiprep/sub-20865/ses-2/dwi/sub-20865_ses-2_space-ACPC_desc-preproc_dwi.nii.gz	0.0158672126352734	0.4309147596359253	0.1455112248659134	0.4541836977005005	0.4378624260425567	0.4574944376945495	0.135914608836174	0.4932892322540283	0.4939640164375305	sub-20865	ses-2				space-ACPC			DSIStudio	autotrackgqi
ProjectionBasalGanglia_CorticostriatalTractL	modulated_od	NODDI	/scratch/executivefunction/SLURM_13244013_93/job-13244013-93-sub-20865-ses-2/ds/inputs/data/qsiprep/qsiprep/sub-20865/ses-2/dwi/sub-20865_ses-2_space-ACPC_desc-preproc_dwi.nii.gz	0.0154284878619479	0.3039892911911011	0.1673825979232788	0.2809556424617767	0.3087528645992279	0.2839828431606293	0.1642717123031616	0.2450848966836929	0.2454074621200561	sub-20865	ses-2				space-ACPC			DSIStudio	autotrackgqi
ProjectionBasalGanglia_CorticostriatalTractL	nrmse	NODDI	/scratch/executivefunction/SLURM_13244013_93/job-13244013-93-sub-20865-ses-2/ds/inputs/data/qsiprep/qsiprep/sub-20865/ses-2/dwi/sub-20865_ses-2_space-ACPC_desc-preproc_dwi.nii.gz	0.0095788242176074	0.1276552081108093	0.0743197277188301	0.1092921942472457	0.1288898140192031	0.1095841079950332	0.0736051052808761	0.1098858267068862	0.1099723726511001	sub-20865	ses-2				space-ACPC			DSIStudio	autotrackgqi
ProjectionBasalGanglia_CorticostriatalTractL	od	NODDI	/scratch/executivefunction/SLURM_13244013_93/job-13244013-93-sub-20865-ses-2/ds/inputs/data/qsiprep/qsiprep/sub-20865/ses-2/dwi/sub-20865_ses-2_space-ACPC_desc-preproc_dwi.nii.gz	0.0095788242176074	0.346426784992218	0.1836207807064056	0.3243365287780761	0.3497772514820099	0.3258680701255798	0.1813029795885086	0.2656648159027099	0.2658740282058716	sub-20865	ses-2				space-ACPC			DSIStudio	autotrackgqi
ProjectionBasalGanglia_CorticostriatalTractL	rmse	NODDI	/scratch/executivefunction/SLURM_13244013_93/job-13244013-93-sub-20865-ses-2/ds/inputs/data/qsiprep/qsiprep/sub-20865/ses-2/dwi/sub-20865_ses-2_space-ACPC_desc-preproc_dwi.nii.gz	0.0095788242176074	0.0505368784070014	0.0344884507358074	0.0439307615160942	0.0510256439447402	0.0440981201827526	0.0342931114137172	0.0452320910990238	0.045267716050148	sub-20865	ses-2				space-ACPC			DSIStudio	autotrackgqi
ProjectionBasalGanglia_CorticostriatalTractL	tf	NODDI	/scratch/executivefunction/SLURM_13244013_93/job-13244013-93-sub-20865-ses-2/ds/inputs/data/qsiprep/qsiprep/sub-20865/ses-2/dwi/sub-20865_ses-2_space-ACPC_desc-preproc_dwi.nii.gz	0.0158672126352734	0.8885706156561967	0.1865115752456978	0.939315527677536	0.9028970755415816	0.9423127770423888	0.1497067607082142	0.921481105147447	0.9227415879378872	sub-20865	ses-2				space-ACPC			DSIStudio	autotrackgqi
ProjectionBasalGanglia_OpticRadiationL	directions	NODDI	/scratch/executivefunction/SLURM_13244013_93/job-13244013-93-sub-20865-ses-2/ds/inputs/data/qsiprep/qsiprep/sub-20865/ses-2/dwi/sub-20865_ses-2_space-ACPC_desc-preproc_dwi.nii.gz	94.0	-0.1414631456136703	0.5475383400917053	-0.1779999434947967	-0.1474449336528778	-0.2095474451780319	0.5582054853439331	-0.4934118092060089		sub-20865	ses-2				space-ACPC			DSIStudio	autotrackgqi
ProjectionBasalGanglia_OpticRadiationL	icvf	NODDI	/scratch/executivefunction/SLURM_13244013_93/job-13244013-93-sub-20865-ses-2/ds/inputs/data/qsiprep/qsiprep/sub-20865/ses-2/dwi/sub-20865_ses-2_space-ACPC_desc-preproc_dwi.nii.gz	0.0431592576607682	0.4990411400794983	0.1714906692504882	0.5244808793067932	0.5215508937835693	0.5310171246528625	0.1378245055675506	0.5742624998092651	0.5754985809326172	sub-20865	ses-2				space-ACPC			DSIStudio	autotrackgqi
ProjectionBasalGanglia_OpticRadiationL	isovf	NODDI	/scratch/executivefunction/SLURM_13244013_93/job-13244013-93-sub-20865-ses-2/ds/inputs/data/qsiprep/qsiprep/sub-20865/ses-2/dwi/sub-20865_ses-2_space-ACPC_desc-preproc_dwi.nii.gz	0.2921881743634009	0.0984053239226341	0.1401222646236419	0.0759669467806816	0.1390275210142135	0.1067928969860076	0.1486329585313797	0.1026792526245117	0.1172656267881393	sub-20865	ses-2				space-ACPC			DSIStudio	autotrackgqi
ProjectionBasalGanglia_OpticRadiationL	modulated_icvf	NODDI	/scratch/executivefunction/SLURM_13244013_93/job-13244013-93-sub-20865-ses-2/ds/inputs/data/qsiprep/qsiprep/sub-20865/ses-2/dwi/sub-20865_ses-2_space-ACPC_desc-preproc_dwi.nii.gz	0.0431592576607682	0.4407642483711242	0.1464182883501052	0.478996217250824	0.4606453776359558	0.4841434061527252	0.1150963380932807	0.5115935802459717	0.5126948356628418	sub-20865	ses-2				space-ACPC			DSIStudio	autotrackgqi
ProjectionBasalGanglia_OpticRadiationL	modulated_od	NODDI	/scratch/executivefunction/SLURM_13244013_93/job-13244013-93-sub-20865-ses-2/ds/inputs/data/qsiprep/qsiprep/sub-20865/ses-2/dwi/sub-20865_ses-2_space-ACPC_desc-preproc_dwi.nii.gz	0.0405697022011221	0.2504736185073852	0.1850816160440445	0.2284216731786728	0.2610649466514587	0.2365770637989044	0.1814901232719421	0.1756256222724914	0.175966277718544	sub-20865	ses-2				space-ACPC			DSIStudio	autotrackgqi
ProjectionBasalGanglia_OpticRadiationL	nrmse	NODDI	/scratch/executivefunction/SLURM_13244013_93/job-13244013-93-sub-20865-ses-2/ds/inputs/data/qsiprep/qsiprep/sub-20865/ses-2/dwi/sub-20865_ses-2_space-ACPC_desc-preproc_dwi.nii.gz	0.0405697022011221	0.1309713274240493	0.0721025690436363	0.1158802807331085	0.1365094780921936	0.1178973168134689	0.0682832524180412	0.1208384782075882	0.1210728734731674	sub-20865	ses-2				space-ACPC			DSIStudio	autotrackgqi
ProjectionBasalGanglia_OpticRadiationL	od	NODDI	/scratch/executivefunction/SLURM_13244013_93/job-13244013-93-sub-20865-ses-2/ds/inputs/data/qsiprep/qsiprep/sub-20865/ses-2/dwi/sub-20865_ses-2_space-ACPC_desc-preproc_dwi.nii.gz	0.0405697022011221	0.278841882944107	0.1957114487886428	0.2635138928890228	0.2906327843666076	0.2736760377883911	0.1910387575626373	0.1938529908657074	0.1942290067672729	sub-20865	ses-2				space-ACPC			DSIStudio	autotrackgqi
ProjectionBasalGanglia_OpticRadiationL	rmse	NODDI	/scratch/executivefunction/SLURM_13244013_93/job-13244013-93-sub-20865-ses-2/ds/inputs/data/qsiprep/qsiprep/sub-20865/ses-2/dwi/sub-20865_ses-2_space-ACPC_desc-preproc_dwi.nii.gz	0.0405697022011221	0.052708126604557	0.0308329630643129	0.0471436977386474	0.0549369007349014	0.0478792265057563	0.0294691193848848	0.0506803132593631	0.0507786199450492	sub-20865	ses-2				space-ACPC			DSIStudio	autotrackgqi
ProjectionBasalGanglia_OpticRadiationL	tf	NODDI	/scratch/executivefunction/SLURM_13244013_93/job-13244013-93-sub-20865-ses-2/ds/inputs/data/qsiprep/qsiprep/sub-20865/ses-2/dwi/sub-20865_ses-2_space-ACPC_desc-preproc_dwi.nii.gz	0.0431592576607682	0.8610249813847054	0.2248855243692372	0.915558695793152	0.8998623734182961	0.9198997616767884	0.133814646065251	0.8953848254765961	0.8973121731655509	sub-20865	ses-2				space-ACPC			DSIStudio	autotrackgqi
ProjectionBasalGanglia_FornixL	directions	NODDI	/scratch/executivefunction/SLURM_13244013_93/job-13244013-93-sub-20865-ses-2/ds/inputs/data/qsiprep/qsiprep/sub-20865/ses-2/dwi/sub-20865_ses-2_space-ACPC_desc-preproc_dwi.nii.gz	0.0	-0.0434977561235427	0.5757094025611877	-0.0543575510382652	-0.0434977561235427	-0.0543575510382652	0.5757094025611877	-0.1933538317680359		sub-20865	ses-2				space-ACPC			DSIStudio	autotrackgqi
ProjectionBasalGanglia_FornixL	icvf	NODDI	/scratch/executivefunction/SLURM_13244013_93/job-13244013-93-sub-20865-ses-2/ds/inputs/data/qsiprep/qsiprep/sub-20865/ses-2/dwi/sub-20865_ses-2_space-ACPC_desc-preproc_dwi.nii.gz	0.0330985915492957	0.4632312953472137	0.208045408129692	0.4280048310756683	0.4790884554386139	0.4372747540473938	0.1927888989448547	0.4871732592582702	0.4923508763313293	sub-20865	ses-2				space-ACPC			DSIStudio	autotrackgqi
ProjectionBasalGanglia_FornixL	isovf	NODDI	/scratch/executivefunction/SLURM_13244013_93/job-13244013-93-sub-20865-ses-2/ds/inputs/data/qsiprep/qsiprep/sub-20865/ses-2/dwi/sub-20865_ses-2_space-ACPC_desc-preproc_dwi.nii.gz	0.4295774647887324	0.210784763097763	0.292602926492691	0.0506961159408092	0.3695239126682281	0.2688109874725342	0.3023824691772461	0.227742537856102	0.3852636814117431	sub-20865	ses-2				space-ACPC			DSIStudio	autotrackgqi
ProjectionBasalGanglia_FornixL	modulated_icvf	NODDI	/scratch/executivefunction/SLURM_13244013_93/job-13244013-93-sub-20865-ses-2/ds/inputs/data/qsiprep/qsiprep/sub-20865/ses-2/dwi/sub-20865_ses-2_space-ACPC_desc-preproc_dwi.nii.gz	0.0330985915492957	0.3453885912895202	0.1400888413190841	0.3427272737026214	0.3572117984294891	0.344426691532135	0.1267804652452469	0.3385638296604156	0.3421620726585388	sub-20865	ses-2				space-ACPC			DSIStudio	autotrackgqi
ProjectionBasalGanglia_FornixL	modulated_od	NODDI	/scratch/executivefunction/SLURM_13244013_93/job-13244013-93-sub-20865-ses-2/ds/inputs/data/qsiprep/qsiprep/sub-20865/ses-2/dwi/sub-20865_ses-2_space-ACPC_desc-preproc_dwi.nii.gz	0.0147887323943661	0.2426610141992569	0.1652516573667526	0.2437561750411987	0.246303528547287	0.2458977848291397	0.1637707501649856	0.1884971410036087	0.1892485916614532	sub-20865	ses-2				space-ACPC			DSIStudio	autotrackgqi
ProjectionBasalGanglia_FornixL	nrmse	NODDI	/scratch/executivefunction/SLURM_13244013_93/job-13244013-93-sub-20865-ses-2/ds/inputs/data/qsiprep/qsiprep/sub-20865/ses-2/dwi/sub-20865_ses-2_space-ACPC_desc-preproc_dwi.nii.gz	0.0	0.1169434636831283	0.0350743941962718	0.1096172481775283	0.1169434636831283	0.1096172481775283	0.0350743941962718	0.1114391312003135	0.1114391312003135	sub-20865	ses-2				space-ACPC			DSIStudio	autotrackgqi
ProjectionBasalGanglia_FornixL	od	NODDI	/scratch/executivefunction/SLURM_13244013_93/job-13244013-93-sub-20865-ses-2/ds/inputs/data/qsiprep/qsiprep/sub-20865/ses-2/dwi/sub-20865_ses-2_space-ACPC_desc-preproc_dwi.nii.gz	0.0	0.3197474777698517	0.1989884972572326	0.293338418006897	0.3197474777698517	0.293338418006897	0.1989884972572326	0.2345671951770782	0.2345671951770782	sub-20865	ses-2				space-ACPC			DSIStudio	autotrackgqi
ProjectionBasalGanglia_FornixL	rmse	NODDI	/scratch/executivefunction/SLURM_13244013_93/job-13244013-93-sub-20865-ses-2/ds/inputs/data/qsiprep/qsiprep/sub-20865/ses-2/dwi/sub-20865_ses-2_space-ACPC_desc-preproc_dwi.nii.gz	0.0	0.0428292527794837	0.01552489772439	0.0405964851379394	0.0428292527794837	0.0405964851379394	0.01552489772439	0.0404294058680534	0.0404294058680534	sub-20865	ses-2				space-ACPC			DSIStudio	autotrackgqi
ProjectionBasalGanglia_FornixL	tf	NODDI	/scratch/executivefunction/SLURM_13244013_93/job-13244013-93-sub-20865-ses-2/ds/inputs/data/qsiprep/qsiprep/sub-20865/ses-2/dwi/sub-20865_ses-2_space-ACPC_desc-preproc_dwi.nii.gz	0.0330985915492957	0.7892152306479467	0.2926029254348307	0.9493038952350616	0.8162313383248976	0.9607956409454346	0.2578679272275656	0.7722574867651397	0.7804649862751916	sub-20865	ses-2				space-ACPC			DSIStudio	autotrackgqi
ProjectionBrainstem_ReticularTractL	directions	NODDI	/scratch/executivefunction/SLURM_13244013_93/job-13244013-93-sub-20865-ses-2/ds/inputs/data/qsiprep/qsiprep/sub-20865/ses-2/dwi/sub-20865_ses-2_space-ACPC_desc-preproc_dwi.nii.gz	1.0	-0.0586644075810909	0.5742862820625305	-0.1285643428564071	-0.0586797334253788	-0.1286492794752121	0.5743605494499207	-0.2605301737785339		sub-20865	ses-2				space-ACPC			DSIStudio	autotrackgqi
ProjectionBrainstem_ReticularTractL	icvf	NODDI	/scratch/executivefunction/SLURM_13244013_93/job-13244013-93-sub-20865-ses-2/ds/inputs/data/qsiprep/qsiprep/sub-20865/ses-2/dwi/sub-20865_ses-2_space-ACPC_desc-preproc_dwi.nii.gz	0.0062679550796552	0.5782018899917603	0.1446184515953064	0.5837875604629517	0.5818489193916321	0.584918200969696	0.1375660151243209	0.6075093150138855	0.6097098588943481	sub-20865	ses-2				space-ACPC			DSIStudio	autotrackgqi
ProjectionBrainstem_ReticularTractL	isovf	NODDI	/scratch/executivefunction/SLURM_13244013_93/job-13244013-93-sub-20865-ses-2/ds/inputs/data/qsiprep/qsiprep/sub-20865/ses-2/dwi/sub-20865_ses-2_space-ACPC_desc-preproc_dwi.nii.gz	0.2282580308174458	0.1015258356928825	0.1323723495006561	0.0839867293834686	0.1315541267395019	0.1058838218450546	0.136947825551033	0.1007293611764907	0.133889839053154	sub-20865	ses-2				space-ACPC			DSIStudio	autotrackgqi
ProjectionBrainstem_ReticularTractL	modulated_icvf	NODDI	/scratch/executivefunction/SLURM_13244013_93/job-13244013-93-sub-20865-ses-2/ds/inputs/data/qsiprep/qsiprep/sub-20865/ses-2/dwi/sub-20865_ses-2_space-ACPC_desc-preproc_dwi.nii.gz	0.0062679550796552	0.513817548751831	0.1209235712885856	0.5295920372009277	0.5170584321022034	0.530343234539032	0.114188477396965	0.5411344766616821	0.5430946350097656	sub-20865	ses-2				space-ACPC			DSIStudio	autotrackgqi
ProjectionBrainstem_ReticularTractL	modulated_od	NODDI	/scratch/executivefunction/SLURM_13244013_93/job-13244013-93-sub-20865-ses-2/ds/inputs/data/qsiprep/qsiprep/sub-20865/ses-2/dwi/sub-20865_ses-2_space-ACPC_desc-preproc_dwi.nii.gz	0.0002611647949856	0.2440706640481948	0.1404797434806823	0.2346591055393219	0.2441344261169433	0.2347402572631836	0.1404426842927932	0.2171918600797653	0.2171969413757324	sub-20865	ses-2				space-ACPC			DSIStudio	autotrackgqi
ProjectionBrainstem_ReticularTractL	nrmse	NODDI	/scratch/executivefunction/SLURM_13244013_93/job-13244013-93-sub-20865-ses-2/ds/inputs/data/qsiprep/qsiprep/sub-20865/ses-2/dwi/sub-20865_ses-2_space-ACPC_desc-preproc_dwi.nii.gz	0.0015669887699138	0.1175600886344909	0.0311206113547086	0.1124634146690368	0.1177445948123931	0.1124940291047096	0.0307942871004343	0.1172856837511062	0.1172932833433151	sub-20865	ses-2				space-ACPC			DSIStudio	autotrackgqi
ProjectionBrainstem_ReticularTractL	od	NODDI	/scratch/executivefunction/SLURM_13244013_93/job-13244013-93-sub-20865-ses-2/ds/inputs/data/qsiprep/qsiprep/sub-20865/ses-2/dwi/sub-20865_ses-2_space-ACPC_desc-preproc_dwi.nii.gz	0.0002611647949856	0.2742685079574585	0.1536336541175842	0.2623805999755859	0.2743401527404785	0.2624514400959015	0.1535897552967071	0.2430283725261688	0.2430340498685836	sub-20865	ses-2				space-ACPC			DSIStudio	autotrackgqi
ProjectionBrainstem_ReticularTractL	rmse	NODDI	/scratch/executivefunction/SLURM_13244013_93/job-13244013-93-sub-20865-ses-2/ds/inputs/data/qsiprep/qsiprep/sub-20865/ses-2/dwi/sub-20865_ses-2_space-ACPC_desc-preproc_dwi.nii.gz	0.0015669887699138	0.0487959869205951	0.0132195446640253	0.0468066222965717	0.0488725677132606	0.046820044517517	0.0130876982584595	0.0497780740261077	0.0497813001275062	sub-20865	ses-2				space-ACPC			DSIStudio	autotrackgqi
ProjectionBrainstem_ReticularTractL	tf	NODDI	/scratch/executivefunction/SLURM_13244013_93/job-13244013-93-sub-20865-ses-2/ds/inputs/data/qsiprep/qsiprep/sub-20865/ses-2/dwi/sub-20865_ses-2_space-ACPC_desc-preproc_dwi.nii.gz	0.004962131104727	0.8982129950347785	0.1331559468754374	0.9159860014915466	0.902692272437839	0.9165569841861724	0.1173691481505226	0.8992472915100402	0.9024671270090504	sub-20865	ses-2				space-ACPC			DSIStudio	autotrackgqi
Commissure_CorpusCallosum	directions	NODDI	/scratch/executivefunction/SLURM_13244013_93/job-13244013-93-sub-20865-ses-2/ds/inputs/data/qsiprep/qsiprep/sub-20865/ses-2/dwi/sub-20865_ses-2_space-ACPC_desc-preproc_dwi.nii.gz	55.0	-0.0584507286548614	0.5739164352416992	-0.0813281685113906	-0.0585450008511543	-0.0824902579188346	0.5743743181228638	-0.2303016930818557		sub-20865	ses-2				space-ACPC			DSIStudio	autotrackgqi
Commissure_CorpusCallosum	icvf	NODDI	/scratch/executivefunction/SLURM_13244013_93/job-13244013-93-sub-20865-ses-2/ds/inputs/data/qsiprep/qsiprep/sub-20865/ses-2/dwi/sub-20865_ses-2_space-ACPC_desc-preproc_dwi.nii.gz	0.0221044618807822	0.5066577792167664	0.1692485362291336	0.5185980796813965	0.5181103348731995	0.5238209366798401	0.1528360992670059	0.5957760810852051	0.6042625904083252	sub-20865	ses-2				space-ACPC			DSIStudio	autotrackgqi
Commissure_CorpusCallosum	isovf	NODDI	/scratch/executivefunction/SLURM_13244013_93/job-13244013-93-sub-20865-ses-2/ds/inputs/data/qsiprep/qsiprep/sub-20865/ses-2/dwi/sub-20865_ses-2_space-ACPC_desc-preproc_dwi.nii.gz	0.3090525822695866	0.1335073560476303	0.2117511183023452	0.073244035243988	0.1932236105203628	0.112232893705368	0.2309885025024414	0.1458964198827743	0.1715537756681442	sub-20865	ses-2				space-ACPC			DSIStudio	autotrackgqi
Commissure_CorpusCallosum	modulated_icvf	NODDI	/scratch/executivefunction/SLURM_13244013_93/job-13244013-93-sub-20865-ses-2/ds/inputs/data/qsiprep/qsiprep/sub-20865/ses-2/dwi/sub-20865_ses-2_space-ACPC_desc-preproc_dwi.nii.gz	0.0221044618807822	0.439063161611557	0.1484945267438888	0.4690614342689514	0.4489878118038177	0.4730619490146637	0.1345103085041046	0.5022004246711731	0.5093540549278259	sub-20865	ses-2				space-ACPC			DSIStudio	autotrackgqi
Commissure_CorpusCallosum	modulated_od	NODDI	/scratch/executivefunction/SLURM_13244013_93/job-13244013-93-sub-20865-ses-2/ds/inputs/data/qsiprep/qsiprep/sub-20865/ses-2/dwi/sub-20865_ses-2_space-ACPC_desc-preproc_dwi.nii.gz	0.0137603934886989	0.2645256221294403	0.1727343499660492	0.2485018372535705	0.2682163715362549	0.2512614727020263	0.1710658818483352	0.1720774322748184	0.1729027032852172	sub-20865	ses-2				space-ACPC			DSIStudio	autotrackgqi
Commissure_CorpusCallosum	nrmse	NODDI	/scratch/executivefunction/SLURM_13244013_93/job-13244013-93-sub-20865-ses-2/ds/inputs/data/qsiprep/qsiprep/sub-20865/ses-2/dwi/sub-20865_ses-2_space-ACPC_desc-preproc_dwi.nii.gz	0.0016102588125073	0.121189184486866	0.0525418631732463	0.1104468554258346	0.1213846504688263	0.1104941219091415	0.0523581318557262	0.1156246289610862	0.1156386956572532	sub-20865	ses-2				space-ACPC			DSIStudio	autotrackgqi
Commissure_CorpusCallosum	od	NODDI	/scratch/executivefunction/SLURM_13244013_93/job-13244013-93-sub-20865-ses-2/ds/inputs/data/qsiprep/qsiprep/sub-20865/ses-2/dwi/sub-20865_ses-2_space-ACPC_desc-preproc_dwi.nii.gz	0.0016102588125073	0.3198316097259521	0.2061301171779632	0.2947000861167907	0.3203474581241607	0.2952963709831238	0.2058953791856765	0.2076973468065261	0.2077226340770721	sub-20865	ses-2				space-ACPC			DSIStudio	autotrackgqi
Commissure_CorpusCallosum	rmse	NODDI	/scratch/executivefunction/SLURM_13244013_93/job-13244013-93-sub-20865-ses-2/ds/inputs/data/qsiprep/qsiprep/sub-20865/ses-2/dwi/sub-20865_ses-2_space-ACPC_desc-preproc_dwi.nii.gz	0.0016102588125073	0.0477485544979572	0.0217347685247659	0.0444426536560058	0.0478255674242973	0.0444625206291675	0.0216674618422985	0.0476849675178527	0.0476907715201377	sub-20865	ses-2				space-ACPC			DSIStudio	autotrackgqi
Commissure_CorpusCallosum	tf	NODDI	/scratch/executivefunction/SLURM_13244013_93/job-13244013-93-sub-20865-ses-2/ds/inputs/data/qsiprep/qsiprep/sub-20865/ses-2/dwi/sub-20865_ses-2_space-ACPC_desc-preproc_dwi.nii.gz	0.0221044618807822	0.8648823879721126	0.2145139564201821	0.9263138473033904	0.8844322877631052	0.9296107292175292	0.1725277692532243	0.8539818697512835	0.8661463805263917	sub-20865	ses-2				space-ACPC			DSIStudio	autotrackgqi
Commissure_AnteriorCommissure	directions	NODDI	/scratch/executivefunction/SLURM_13244013_93/job-13244013-93-sub-20865-ses-2/ds/inputs/data/qsiprep/qsiprep/sub-20865/ses-2/dwi/sub-20865_ses-2_space-ACPC_desc-preproc_dwi.nii.gz	4.0	-0.0763358697295188	0.5716794729232788	-0.1250864565372467	-0.0764939188957214	-0.1259087771177292	0.5722604393959045	-0.3128173351287842		sub-20865	ses-2				space-ACPC			DSIStudio	autotrackgqi
Commissure_AnteriorCommissure	icvf	NODDI	/scratch/executivefunction/SLURM_13244013_93/job-13244013-93-sub-20865-ses-2/ds/inputs/data/qsiprep/qsiprep/sub-20865/ses-2/dwi/sub-20865_ses-2_space-ACPC_desc-preproc_dwi.nii.gz	0.0036157024793388	0.4356158673763275	0.1508857756853103	0.4055615663528442	0.4371966421604156	0.40610072016716	0.1488557308912277	0.4780327975749969	0.4781442284584045	sub-20865	ses-2				space-ACPC			DSIStudio	autotrackgqi
Commissure_AnteriorCommissure	isovf	NODDI	/scratch/executivefunction/SLURM_13244013_93/job-13244013-93-sub-20865-ses-2/ds/inputs/data/qsiprep/qsiprep/sub-20865/ses-2/dwi/sub-20865_ses-2_space-ACPC_desc-preproc_dwi.nii.gz	0.5237603305785123	0.0876614898443222	0.1667635142803192	0.0	0.1840701103210449	0.1125316321849823	0.2016164064407348	0.0828664824366569	0.144057035446167	sub-20865	ses-2				space-ACPC			DSIStudio	autotrackgqi
Commissure_AnteriorCommissure	modulated_icvf	NODDI	/scratch/executivefunction/SLURM_13244013_93/job-13244013-93-sub-20865-ses-2/ds/inputs/data/qsiprep/qsiprep/sub-20865/ses-2/dwi/sub-20865_ses-2_space-ACPC_desc-preproc_dwi.nii.gz	0.0036157024793388	0.3842502236366272	0.1157096549868583	0.3692997097969055	0.3856446146965027	0.3700152933597564	0.1135763078927993	0.4267982840538025	0.426897794008255	sub-20865	ses-2				space-ACPC			DSIStudio	autotrackgqi
Commissure_AnteriorCommissure	modulated_od	NODDI	/scratch/executivefunction/SLURM_13244013_93/job-13244013-93-sub-20865-ses-2/ds/inputs/data/qsiprep/qsiprep/sub-20865/ses-2/dwi/sub-20865_ses-2_space-ACPC_desc-preproc_dwi.nii.gz	0.0025826446280991	0.2987721562385559	0.1716485172510147	0.2791432738304138	0.2995457947254181	0.280160903930664	0.1711951196193695	0.2427103668451309	0.24272982776165	sub-20865	ses-2				space-ACPC			DSIStudio	autotrackgqi
Commissure_AnteriorCommissure	nrmse	NODDI	/scratch/executivefunction/SLURM_13244013_93/job-13244013-93-sub-20865-ses-2/ds/inputs/data/qsiprep/qsiprep/sub-20865/ses-2/dwi/sub-20865_ses-2_space-ACPC_desc-preproc_dwi.nii.gz	0.0020661157024793	0.1289867907762527	0.0467769652605056	0.1189577355980873	0.1292538344860077	0.1189942359924316	0.0464553236961364	0.12237548828125	0.1223842352628707	sub-20865	ses-2				space-ACPC			DSIStudio	autotrackgqi
Commissure_AnteriorCommissure	od	NODDI	/scratch/executivefunction/SLURM_13244013_93/job-13244013-93-sub-20865-ses-2/ds/inputs/data/qsiprep/qsiprep/sub-20865/ses-2/dwi/sub-20865_ses-2_space-ACPC_desc-preproc_dwi.nii.gz	0.0020661157024793	0.3276404440402984	0.1751343458890915	0.3113947510719299	0.3283187747001648	0.3120231628417969	0.1746792197227478	0.266577661037445	0.2665967345237732	sub-20865	ses-2				space-ACPC			DSIStudio	autotrackgqi
Commissure_AnteriorCommissure	rmse	NODDI	/scratch/executivefunction/SLURM_13244013_93/job-13244013-93-sub-20865-ses-2/ds/inputs/data/qsiprep/qsiprep/sub-20865/ses-2/dwi/sub-20865_ses-2_space-ACPC_desc-preproc_dwi.nii.gz	0.0020661157024793	0.0500765591859817	0.026566682383418	0.0451434925198555	0.0501802377402782	0.045167151838541	0.026496173813939	0.0480996891856193	0.0481031239032745	sub-20865	ses-2				space-ACPC			DSIStudio	autotrackgqi
Commissure_AnteriorCommissure	tf	NODDI	/scratch/executivefunction/SLURM_13244013_93/job-13244013-93-sub-20865-ses-2/ds/inputs/data/qsiprep/qsiprep/sub-20865/ses-2/dwi/sub-20865_ses-2_space-ACPC_desc-preproc_dwi.nii.gz	0.0036157024793388	0.9102723973472256	0.1717838188881991	1.0	0.913575614963312	1.0	0.1630920806800179	0.9170620697335716	0.9172758998420512	sub-20865	ses-2				space-ACPC			DSIStudio	autotrackgqi
Cerebellum_Vermis	directions	NODDI	/scratch/executivefunction/SLURM_13244013_93/job-13244013-93-sub-20865-ses-2/ds/inputs/data/qsiprep/qsiprep/sub-20865/ses-2/dwi/sub-20865_ses-2_space-ACPC_desc-preproc_dwi.nii.gz	16.0	-0.0789234712719917	0.5711217522621155	-0.0873835161328315	-0.0791429281234741	-0.089837834239006	0.5719001293182373	-0.2691963911056518		sub-20865	ses-2				space-ACPC			DSIStudio	autotrackgqi
Cerebellum_Vermis	icvf	NODDI	/scratch/executivefunction/SLURM_13244013_93/job-13244013-93-sub-20865-ses-2/ds/inputs/data/qsiprep/qsiprep/sub-20865/ses-2/dwi/sub-20865_ses-2_space-ACPC_desc-preproc_dwi.nii.gz	0.0287694974003466	0.5556650757789612	0.153350755572319	0.5393068790435791	0.5721248388290405	0.5411049723625183	0.1216389015316963	0.5435437560081482	0.5461891293525696	sub-20865	ses-2				space-ACPC			DSIStudio	autotrackgqi
Cerebellum_Vermis	isovf	NODDI	/scratch/executivefunction/SLURM_13244013_93/job-13244013-93-sub-20865-ses-2/ds/inputs/data/qsiprep/qsiprep/sub-20865/ses-2/dwi/sub-20865_ses-2_space-ACPC_desc-preproc_dwi.nii.gz	0.6145580589254767	0.0860385820269584	0.1884527504444122	0.0	0.2232206016778946	0.120110236108303	0.2480275630950927	0.0686726868152618	0.1805483996868133	sub-20865	ses-2				space-ACPC			DSIStudio	autotrackgqi
Cerebellum_Vermis	modulated_icvf	NODDI	/scratch/executivefunction/SLURM_13244013_93/job-13244013-93-sub-20865-ses-2/ds/inputs/data/qsiprep/qsiprep/sub-20865/ses-2/dwi/sub-20865_ses-2_space-ACPC_desc-preproc_dwi.nii.gz	0.0287694974003466	0.4992261826992035	0.136675477027893	0.521813154220581	0.5140141248703003	0.5245981216430664	0.1078532412648201	0.499678373336792	0.5021103024482727	sub-20865	ses-2				space-ACPC			DSIStudio	autotrackgqi
Cerebellum_Vermis	modulated_od	NODDI	/scratch/executivefunction/SLURM_13244013_93/job-13244013-93-sub-20865-ses-2/ds/inputs/data/qsiprep/qsiprep/sub-20865/ses-2/dwi/sub-20865_ses-2_space-ACPC_desc-preproc_dwi.nii.gz	0.0036395147313691	0.4441533088684082	0.1569980680942535	0.449043720960617	0.4457757174968719	0.4492764472961426	0.1549683809280395	0.4392430484294891	0.4394063651561737	sub-20865	ses-2				space-ACPC			DSIStudio	autotrackgqi
Cerebellum_Vermis	nrmse	NODDI	/scratch/executivefunction/SLURM_13244013_93/job-13244013-93-sub-20865-ses-2/ds/inputs/data/qsiprep/qsiprep/sub-20865/ses-2/dwi/sub-20865_ses-2_space-ACPC_desc-preproc_dwi.nii.gz	0.0204506065857885	0.110806904733181	0.0603324808180332	0.0974634140729904	0.1131202802062034	0.0981597080826759	0.0587734021246433	0.1019041314721107	0.1022741422057151	sub-20865	ses-2				space-ACPC			DSIStudio	autotrackgqi
Cerebellum_Vermis	od	NODDI	/scratch/executivefunction/SLURM_13244013_93/job-13244013-93-sub-20865-ses-2/ds/inputs/data/qsiprep/qsiprep/sub-20865/ses-2/dwi/sub-20865_ses-2_space-ACPC_desc-preproc_dwi.nii.gz	0.0027729636048526	0.4885176122188568	0.1385732740163803	0.4750835299491882	0.4898760020732879	0.4753286838531494	0.1363469660282135	0.4709717631340027	0.4711083173751831	sub-20865	ses-2				space-ACPC			DSIStudio	autotrackgqi
Cerebellum_Vermis	rmse	NODDI	/scratch/executivefunction/SLURM_13244013_93/job-13244013-93-sub-20865-ses-2/ds/inputs/data/qsiprep/qsiprep/sub-20865/ses-2/dwi/sub-20865_ses-2_space-ACPC_desc-preproc_dwi.nii.gz	0.0204506065857885	0.0464744009077549	0.0384039022028446	0.0403985083103179	0.0474446713924407	0.0406220108270645	0.0382049344480037	0.0423670224845409	0.0425208583474159	sub-20865	ses-2				space-ACPC			DSIStudio	autotrackgqi
Cerebellum_Vermis	tf	NODDI	/scratch/executivefunction/SLURM_13244013_93/job-13244013-93-sub-20865-ses-2/ds/inputs/data/qsiprep/qsiprep/sub-20865/ses-2/dwi/sub-20865_ses-2_space-ACPC_desc-preproc_dwi.nii.gz	0.0110918544194107	0.9111884546031984	0.1944287786201526	1.0	0.9214085844830802	1.0	0.1697340210866749	0.931037583162842	0.9324505539302376	sub-20865	ses-2				space-ACPC			DSIStudio	autotrackgqi
Cerebellum_MiddleCerebellarPeduncle	directions	NODDI	/scratch/executivefunction/SLURM_13244013_93/job-13244013-93-sub-20865-ses-2/ds/inputs/data/qsiprep/qsiprep/sub-20865/ses-2/dwi/sub-20865_ses-2_space-ACPC_desc-preproc_dwi.nii.gz	7.0	-0.1099420487880706	0.5665642619132996	-0.1464905142784118	-0.1100249141454696	-0.1470456421375274	0.5667696595191956	-0.3582249283790588		sub-20865	ses-2				space-ACPC			DSIStudio	autotrackgqi
Cerebellum_MiddleCerebellarPeduncle	icvf	NODDI	/scratch/executivefunction/SLURM_13244013_93/job-13244013-93-sub-20865-ses-2/ds/inputs/data/qsiprep/qsiprep/sub-20865/ses-2/dwi/sub-20865_ses-2_space-ACPC_desc-preproc_dwi.nii.gz	0.0291554599246906	0.6392897367477417	0.1896955817937851	0.61477130651474	0.6584882736206055	0.6233625411987305	0.1562787592411041	0.7192668318748474	0.7322984337806702	sub-20865	ses-2				space-ACPC			DSIStudio	autotrackgqi
Cerebellum_MiddleCerebellarPeduncle	isovf	NODDI	/scratch/executivefunction/SLURM_13244013_93/job-13244013-93-sub-20865-ses-2/ds/inputs/data/qsiprep/qsiprep/sub-20865/ses-2/dwi/sub-20865_ses-2_space-ACPC_desc-preproc_dwi.nii.gz	0.2903711672942442	0.1653305441141128	0.2512950003147125	0.0824821665883064	0.232981726527214	0.1185643374919891	0.2706058621406555	0.1956739276647567	0.2284770756959915	sub-20865	ses-2				space-ACPC			DSIStudio	autotrackgqi
Cerebellum_MiddleCerebellarPeduncle	modulated_icvf	NODDI	/scratch/executivefunction/SLURM_13244013_93/job-13244013-93-sub-20865-ses-2/ds/inputs/data/qsiprep/qsiprep/sub-20865/ses-2/dwi/sub-20865_ses-2_space-ACPC_desc-preproc_dwi.nii.gz	0.0291554599246906	0.526536226272583	0.1641226708889007	0.5532189607620239	0.5423486828804016	0.5564784407615662	0.1384533196687698	0.5666442513465881	0.5769106149673462	sub-20865	ses-2				space-ACPC			DSIStudio	autotrackgqi
Cerebellum_MiddleCerebellarPeduncle	modulated_od	NODDI	/scratch/executivefunction/SLURM_13244013_93/job-13244013-93-sub-20865-ses-2/ds/inputs/data/qsiprep/qsiprep/sub-20865/ses-2/dwi/sub-20865_ses-2_space-ACPC_desc-preproc_dwi.nii.gz	0.00161377084454	0.2926799952983856	0.1831343322992324	0.2824971377849579	0.2931530773639679	0.2830090522766113	0.1829035580158233	0.2231356799602508	0.2232127785682678	sub-20865	ses-2				space-ACPC			DSIStudio	autotrackgqi
Cerebellum_MiddleCerebellarPeduncle	nrmse	NODDI	/scratch/executivefunction/SLURM_13244013_93/job-13244013-93-sub-20865-ses-2/ds/inputs/data/qsiprep/qsiprep/sub-20865/ses-2/dwi/sub-20865_ses-2_space-ACPC_desc-preproc_dwi.nii.gz	0.0021516944593867	0.1194181218743324	0.0535178706049919	0.1057733222842216	0.1196756288409233	0.1058850586414337	0.0532871596515178	0.1238094046711921	0.1238494291901588	sub-20865	ses-2				space-ACPC			DSIStudio	autotrackgqi
Cerebellum_MiddleCerebellarPeduncle	od	NODDI	/scratch/executivefunction/SLURM_13244013_93/job-13244013-93-sub-20865-ses-2/ds/inputs/data/qsiprep/qsiprep/sub-20865/ses-2/dwi/sub-20865_ses-2_space-ACPC_desc-preproc_dwi.nii.gz	0.0007530930607853	0.3584396243095398	0.2006351798772812	0.3519904017448425	0.3587097525596618	0.3523131310939789	0.2004692256450653	0.2849491238594055	0.2850108444690704	sub-20865	ses-2				space-ACPC			DSIStudio	autotrackgqi
Cerebellum_MiddleCerebellarPeduncle	rmse	NODDI	/scratch/executivefunction/SLURM_13244013_93/job-13244013-93-sub-20865-ses-2/ds/inputs/data/qsiprep/qsiprep/sub-20865/ses-2/dwi/sub-20865_ses-2_space-ACPC_desc-preproc_dwi.nii.gz	0.0021516944593867	0.0484164655208587	0.0244780424982309	0.0458616539835929	0.0485208667814731	0.0459052212536335	0.0244008377194404	0.0509232357144355	0.0509397089481353	sub-20865	ses-2				space-ACPC			DSIStudio	autotrackgqi
Cerebellum_MiddleCerebellarPeduncle	tf	NODDI	/scratch/executivefunction/SLURM_13244013_93/job-13244013-93-sub-20865-ses-2/ds/inputs/data/qsiprep/qsiprep/sub-20865/ses-2/dwi/sub-20865_ses-2_space-ACPC_desc-preproc_dwi.nii.gz	0.0277568585260892	0.8339163646125999	0.2522948223201319	0.9171521663665771	0.8577240908569344	0.9209533929824828	0.2122485718056328	0.8041095305501549	0.8185893527807011	sub-20865	ses-2				space-ACPC			DSIStudio	autotrackgqi
Cerebellum_InferiorCerebellarPeduncleR	directions	NODDI	/scratch/executivefunction/SLURM_13244013_93/job-13244013-93-sub-20865-ses-2/ds/inputs/data/qsiprep/qsiprep/sub-20865/ses-2/dwi/sub-20865_ses-2_space-ACPC_desc-preproc_dwi.nii.gz	1.0	-0.0053832274861633	0.5771983861923218	0.0089627997949719	-0.0053855925798416	0.0090497424826025	0.577325165271759	0.0493083894252777		sub-20865	ses-2				space-ACPC			DSIStudio	autotrackgqi
Cerebellum_InferiorCerebellarPeduncleR	icvf	NODDI	/scratch/executivefunction/SLURM_13244013_93/job-13244013-93-sub-20865-ses-2/ds/inputs/data/qsiprep/qsiprep/sub-20865/ses-2/dwi/sub-20865_ses-2_space-ACPC_desc-preproc_dwi.nii.gz	0.0245937637241985	0.5936058163642883	0.1667167395353317	0.5634137392044067	0.6085729598999023	0.5676008462905884	0.1392361521720886	0.6292494535446167	0.6425858736038208	sub-20865	ses-2				space-ACPC			DSIStudio	autotrackgqi
Cerebellum_InferiorCerebellarPeduncleR	isovf	NODDI	/scratch/executivefunction/SLURM_13244013_93/job-13244013-93-sub-20865-ses-2/ds/inputs/data/qsiprep/qsiprep/sub-20865/ses-2/dwi/sub-20865_ses-2_space-ACPC_desc-preproc_dwi.nii.gz	0.2986385595081247	0.1568203270435333	0.2341907024383545	0.0789142400026321	0.2235941737890243	0.1184783354401588	0.2515314817428589	0.1681062430143356	0.2082855999469757	sub-20865	ses-2				space-ACPC			DSIStudio	autotrackgqi
Cerebellum_InferiorCerebellarPeduncleR	modulated_icvf	NODDI	/scratch/executivefunction/SLURM_13244013_93/job-13244013-93-sub-20865-ses-2/ds/inputs/data/qsiprep/qsiprep/sub-20865/ses-2/dwi/sub-20865_ses-2_space-ACPC_desc-preproc_dwi.nii.gz	0.0245937637241985	0.4910638332366943	0.1483751982450485	0.5169469118118286	0.5034454464912415	0.5199212431907654	0.1278155595064163	0.5175348520278931	0.5285035371780396	sub-20865	ses-2				space-ACPC			DSIStudio	autotrackgqi
Cerebellum_InferiorCerebellarPeduncleR	modulated_od	NODDI	/scratch/executivefunction/SLURM_13244013_93/job-13244013-93-sub-20865-ses-2/ds/inputs/data/qsiprep/qsiprep/sub-20865/ses-2/dwi/sub-20865_ses-2_space-ACPC_desc-preproc_dwi.nii.gz	0.0017566974088713	0.3258634507656097	0.1763573735952377	0.3312724232673645	0.3264369070529938	0.3314566612243652	0.1759814321994781	0.2829612493515014	0.2836880385875702	sub-20865	ses-2				space-ACPC			DSIStudio	autotrackgqi
Cerebellum_InferiorCerebellarPeduncleR	nrmse	NODDI	/scratch/executivefunction/SLURM_13244013_93/job-13244013-93-sub-20865-ses-2/ds/inputs/data/qsiprep/qsiprep/sub-20865/ses-2/dwi/sub-20865_ses-2_space-ACPC_desc-preproc_dwi.nii.gz	0.0079051383399209	0.1096650585532188	0.0474532544612884	0.0995792150497436	0.1105388849973678	0.0998484715819358	0.0466171912848949	0.1145626008510589	0.1148568540811538	sub-20865	ses-2				space-ACPC			DSIStudio	autotrackgqi
Cerebellum_InferiorCerebellarPeduncleR	od	NODDI	/scratch/executivefunction/SLURM_13244013_93/job-13244013-93-sub-20865-ses-2/ds/inputs/data/qsiprep/qsiprep/sub-20865/ses-2/dwi/sub-20865_ses-2_space-ACPC_desc-preproc_dwi.nii.gz	0.0004391743522178	0.3914205729961395	0.1825458854436874	0.3865683078765869	0.3915925621986389	0.3866673707962036	0.1824014782905578	0.3462218046188354	0.3462292551994324	sub-20865	ses-2				space-ACPC			DSIStudio	autotrackgqi
Cerebellum_InferiorCerebellarPeduncleR	rmse	NODDI	/scratch/executivefunction/SLURM_13244013_93/job-13244013-93-sub-20865-ses-2/ds/inputs/data/qsiprep/qsiprep/sub-20865/ses-2/dwi/sub-20865_ses-2_space-ACPC_desc-preproc_dwi.nii.gz	0.0079051383399209	0.0435833148658275	0.0161842517554759	0.0416525453329086	0.0439305938780307	0.041829377412796	0.0157721582800149	0.0458739846944808	0.0459918081760406	sub-20865	ses-2				space-ACPC			DSIStudio	autotrackgqi
Cerebellum_InferiorCerebellarPeduncleR	tf	NODDI	/scratch/executivefunction/SLURM_13244013_93/job-13244013-93-sub-20865-ses-2/ds/inputs/data/qsiprep/qsiprep/sub-20865/ses-2/dwi/sub-20865_ses-2_space-ACPC_desc-preproc_dwi.nii.gz	0.0171277997364953	0.8427404924396051	0.2348329747654373	0.9210751056671144	0.8574263187153622	0.923625648021698	0.2086037164560495	0.8318721703086407	0.8473049727497457	sub-20865	ses-2				space-ACPC			DSIStudio	autotrackgqi
Cerebellum_CerebellumR	directions	NODDI	/scratch/executivefunction/SLURM_13244013_93/job-13244013-93-sub-20865-ses-2/ds/inputs/data/qsiprep/qsiprep/sub-20865/ses-2/dwi/sub-20865_ses-2_space-ACPC_desc-preproc_dwi.nii.gz	42.0	0.0026532404590398	0.5757579207420349	0.10612154006958	0.0026678799185901	0.1118932962417602	0.5773441195487976	0.0437323451042175		sub-20865	ses-2				space-ACPC			DSIStudio	autotrackgqi
Cerebellum_CerebellumR	icvf	NODDI	/scratch/executivefunction/SLURM_13244013_93/job-13244013-93-sub-20865-ses-2/ds/inputs/data/qsiprep/qsiprep/sub-20865/ses-2/dwi/sub-20865_ses-2_space-ACPC_desc-preproc_dwi.nii.gz	0.0090148941729814	0.5330601334571838	0.1221822947263717	0.5219706892967224	0.5379093289375305	0.5231110453605652	0.1116059422492981	0.5463426113128662	0.5479624271392822	sub-20865	ses-2				space-ACPC			DSIStudio	autotrackgqi
Cerebellum_CerebellumR	isovf	NODDI	/scratch/executivefunction/SLURM_13244013_93/job-13244013-93-sub-20865-ses-2/ds/inputs/data/qsiprep/qsiprep/sub-20865/ses-2/dwi/sub-20865_ses-2_space-ACPC_desc-preproc_dwi.nii.gz	0.5661092239351972	0.0891448855400085	0.1712397634983062	0.0	0.2054546624422073	0.125864952802658	0.2090102136135101	0.0801721364259719	0.1745230257511139	sub-20865	ses-2				space-ACPC			DSIStudio	autotrackgqi
Cerebellum_CerebellumR	modulated_icvf	NODDI	/scratch/executivefunction/SLURM_13244013_93/job-13244013-93-sub-20865-ses-2/ds/inputs/data/qsiprep/qsiprep/sub-20865/ses-2/dwi/sub-20865_ses-2_space-ACPC_desc-preproc_dwi.nii.gz	0.0090148941729814	0.4822706282138824	0.1274114400148391	0.5045454502105713	0.4866577982902527	0.5045454502105713	0.1193578764796257	0.5020103454589844	0.5034986734390259	sub-20865	ses-2				space-ACPC			DSIStudio	autotrackgqi
Cerebellum_CerebellumR	modulated_od	NODDI	/scratch/executivefunction/SLURM_13244013_93/job-13244013-93-sub-20865-ses-2/ds/inputs/data/qsiprep/qsiprep/sub-20865/ses-2/dwi/sub-20865_ses-2_space-ACPC_desc-preproc_dwi.nii.gz	0.0065325320094068	0.4138998389244079	0.1353293806314468	0.4270379245281219	0.4166214168071747	0.4278876185417175	0.1315317153930664	0.405053973197937	0.4057075977325439	sub-20865	ses-2				space-ACPC			DSIStudio	autotrackgqi
Cerebellum_CerebellumR	nrmse	NODDI	/scratch/executivefunction/SLURM_13244013_93/job-13244013-93-sub-20865-ses-2/ds/inputs/data/qsiprep/qsiprep/sub-20865/ses-2/dwi/sub-20865_ses-2_space-ACPC_desc-preproc_dwi.nii.gz	0.0058792788084661	0.1033420860767364	0.0648338571190834	0.0842016488313674	0.1039532572031021	0.0844111517071724	0.064534917473793	0.0968522131443023	0.0968960970640182	sub-20865	ses-2				space-ACPC			DSIStudio	autotrackgqi
Cerebellum_CerebellumR	od	NODDI	/scratch/executivefunction/SLURM_13244013_93/job-13244013-93-sub-20865-ses-2/ds/inputs/data/qsiprep/qsiprep/sub-20865/ses-2/dwi/sub-20865_ses-2_space-ACPC_desc-preproc_dwi.nii.gz	0.0054873268879017	0.4557139277458191	0.1233940571546554	0.453237235546112	0.4582283794879913	0.453663170337677	0.1189870238304138	0.4404796957969665	0.4406691789627075	sub-20865	ses-2				space-ACPC			DSIStudio	autotrackgqi
Cerebellum_CerebellumR	rmse	NODDI	/scratch/executivefunction/SLURM_13244013_93/job-13244013-93-sub-20865-ses-2/ds/inputs/data/qsiprep/qsiprep/sub-20865/ses-2/dwi/sub-20865_ses-2_space-ACPC_desc-preproc_dwi.nii.gz	0.0058792788084661	0.0424973778426647	0.0324566513299942	0.0343074537813663	0.0427487082779407	0.0343936569988727	0.0323870368301868	0.0399216301739215	0.0399397164583206	sub-20865	ses-2				space-ACPC			DSIStudio	autotrackgqi
Cerebellum_CerebellumR	tf	NODDI	/scratch/executivefunction/SLURM_13244013_93/job-13244013-93-sub-20865-ses-2/ds/inputs/data/qsiprep/qsiprep/sub-20865/ses-2/dwi/sub-20865_ses-2_space-ACPC_desc-preproc_dwi.nii.gz	0.008622942252417	0.9053677928052124	0.1838530325313526	1.0	0.9132426312771608	1.0	0.164025323435705	0.9193977743108936	0.9221025439968268	sub-20865	ses-2				space-ACPC			DSIStudio	autotrackgqi
Cerebellum_InferiorCerebellarPeduncleL	directions	NODDI	/scratch/executivefunction/SLURM_13244013_93/job-13244013-93-sub-20865-ses-2/ds/inputs/data/qsiprep/qsiprep/sub-20865/ses-2/dwi/sub-20865_ses-2_space-ACPC_desc-preproc_dwi.nii.gz	0.0	-0.1112194284796714	0.5665364861488342	-0.2161126136779785	-0.1112194284796714	-0.2161126136779785	0.5665364861488342	-0.4093000292778015		sub-20865	ses-2				space-ACPC			DSIStudio	autotrackgqi
Cerebellum_InferiorCerebellarPeduncleL	icvf	NODDI	/scratch/executivefunction/SLURM_13244013_93/job-13244013-93-sub-20865-ses-2/ds/inputs/data/qsiprep/qsiprep/sub-20865/ses-2/dwi/sub-20865_ses-2_space-ACPC_desc-preproc_dwi.nii.gz	0.0324114088159031	0.6167967319488525	0.190190702676773	0.6018038988113403	0.6374576687812805	0.6076565980911255	0.155607596039772	0.6568002104759216	0.6699826717376709	sub-20865	ses-2				space-ACPC			DSIStudio	autotrackgqi
Cerebellum_InferiorCerebellarPeduncleL	isovf	NODDI	/scratch/executivefunction/SLURM_13244013_93/job-13244013-93-sub-20865-ses-2/ds/inputs/data/qsiprep/qsiprep/sub-20865/ses-2/dwi/sub-20865_ses-2_space-ACPC_desc-preproc_dwi.nii.gz	0.2428694900605013	0.1706892549991607	0.242970809340477	0.0892062038183212	0.2254423201084137	0.1191748082637786	0.2561798691749573	0.1753664910793304	0.2042364776134491	sub-20865	ses-2				space-ACPC			DSIStudio	autotrackgqi
Cerebellum_InferiorCerebellarPeduncleL	modulated_icvf	NODDI	/scratch/executivefunction/SLURM_13244013_93/job-13244013-93-sub-20865-ses-2/ds/inputs/data/qsiprep/qsiprep/sub-20865/ses-2/dwi/sub-20865_ses-2_space-ACPC_desc-preproc_dwi.nii.gz	0.0324114088159031	0.5058004260063171	0.1708745658397674	0.5299472808837891	0.5227432250976562	0.5376400947570801	0.1460116803646087	0.5356807112693787	0.5464322566986084	sub-20865	ses-2				space-ACPC			DSIStudio	autotrackgqi
Cerebellum_InferiorCerebellarPeduncleL	modulated_od	NODDI	/scratch/executivefunction/SLURM_13244013_93/job-13244013-93-sub-20865-ses-2/ds/inputs/data/qsiprep/qsiprep/sub-20865/ses-2/dwi/sub-20865_ses-2_space-ACPC_desc-preproc_dwi.nii.gz	0.0017286084701815	0.3109250366687774	0.1734058409929275	0.3031741976737976	0.3114634454250335	0.3036422729492187	0.1730721443891525	0.2507269084453583	0.2507312297821045	sub-20865	ses-2				space-ACPC			DSIStudio	autotrackgqi
Cerebellum_InferiorCerebellarPeduncleL	nrmse	NODDI	/scratch/executivefunction/SLURM_13244013_93/job-13244013-93-sub-20865-ses-2/ds/inputs/data/qsiprep/qsiprep/sub-20865/ses-2/dwi/sub-20865_ses-2_space-ACPC_desc-preproc_dwi.nii.gz	0.0090751944684528	0.118722952902317	0.0629084110260009	0.104188472032547	0.1198102533817291	0.1044066473841667	0.0621565915644168	0.1209704652428627	0.1211911961436271	sub-20865	ses-2				space-ACPC			DSIStudio	autotrackgqi
Cerebellum_InferiorCerebellarPeduncleL	od	NODDI	/scratch/executivefunction/SLURM_13244013_93/job-13244013-93-sub-20865-ses-2/ds/inputs/data/qsiprep/qsiprep/sub-20865/ses-2/dwi/sub-20865_ses-2_space-ACPC_desc-preproc_dwi.nii.gz	0.0	0.3901891708374023	0.1918783187866211	0.3786959648132324	0.3901891708374023	0.3786959648132324	0.1918783187866211	0.3190212845802307	0.3190212845802307	sub-20865	ses-2				space-ACPC			DSIStudio	autotrackgqi
Cerebellum_InferiorCerebellarPeduncleL	rmse	NODDI	/scratch/executivefunction/SLURM_13244013_93/job-13244013-93-sub-20865-ses-2/ds/inputs/data/qsiprep/qsiprep/sub-20865/ses-2/dwi/sub-20865_ses-2_space-ACPC_desc-preproc_dwi.nii.gz	0.0090751944684528	0.0476015396416187	0.0232858601957559	0.0441846549510955	0.0480374880135059	0.0444180145859718	0.0229402538388967	0.0492062605917453	0.0492960438132286	sub-20865	ses-2				space-ACPC			DSIStudio	autotrackgqi
Cerebellum_InferiorCerebellarPeduncleL	tf	NODDI	/scratch/executivefunction/SLURM_13244013_93/job-13244013-93-sub-20865-ses-2/ds/inputs/data/qsiprep/qsiprep/sub-20865/ses-2/dwi/sub-20865_ses-2_space-ACPC_desc-preproc_dwi.nii.gz	0.0233362143474503	0.829310741497714	0.2429708111703568	0.91079381108284	0.849126130896332	0.9134440124034882	0.2088530979577869	0.8246334900012096	0.8396245782165944	sub-20865	ses-2				space-ACPC			DSIStudio	autotrackgqi
Cerebellum_SuperiorCerebellarPeduncle	directions	NODDI	/scratch/executivefunction/SLURM_13244013_93/job-13244013-93-sub-20865-ses-2/ds/inputs/data/qsiprep/qsiprep/sub-20865/ses-2/dwi/sub-20865_ses-2_space-ACPC_desc-preproc_dwi.nii.gz	0.0	-0.0281071104109287	0.5766656994819641	-0.0559292361140251	-0.0281071104109287	-0.0559292361140251	0.5766656994819641	-0.0653829574584961		sub-20865	ses-2				space-ACPC			DSIStudio	autotrackgqi
Cerebellum_SuperiorCerebellarPeduncle	icvf	NODDI	/scratch/executivefunction/SLURM_13244013_93/job-13244013-93-sub-20865-ses-2/ds/inputs/data/qsiprep/qsiprep/sub-20865/ses-2/dwi/sub-20865_ses-2_space-ACPC_desc-preproc_dwi.nii.gz	0.0480247869868319	0.5851542353630066	0.2019660472869873	0.583782434463501	0.6146737933158875	0.591109037399292	0.1571723371744156	0.5947738885879517	0.6188828945159912	sub-20865	ses-2				space-ACPC			DSIStudio	autotrackgqi
Cerebellum_SuperiorCerebellarPeduncle	isovf	NODDI	/scratch/executivefunction/SLURM_13244013_93/job-13244013-93-sub-20865-ses-2/ds/inputs/data/qsiprep/qsiprep/sub-20865/ses-2/dwi/sub-20865_ses-2_space-ACPC_desc-preproc_dwi.nii.gz	0.2257939581719597	0.230716198682785	0.2967924177646637	0.1045247316360473	0.298003613948822	0.144974023103714	0.3061432242393493	0.2284508049488067	0.3051015436649322	sub-20865	ses-2				space-ACPC			DSIStudio	autotrackgqi
Cerebellum_SuperiorCerebellarPeduncle	modulated_icvf	NODDI	/scratch/executivefunction/SLURM_13244013_93/job-13244013-93-sub-20865-ses-2/ds/inputs/data/qsiprep/qsiprep/sub-20865/ses-2/dwi/sub-20865_ses-2_space-ACPC_desc-preproc_dwi.nii.gz	0.0480247869868319	0.4502666890621185	0.1806270778179168	0.4866150021553039	0.4729815423488617	0.4944419860839844	0.1533895283937454	0.4526429176330566	0.4709907174110412	sub-20865	ses-2				space-ACPC			DSIStudio	autotrackgqi
Cerebellum_SuperiorCerebellarPeduncle	modulated_od	NODDI	/scratch/executivefunction/SLURM_13244013_93/job-13244013-93-sub-20865-ses-2/ds/inputs/data/qsiprep/qsiprep/sub-20865/ses-2/dwi/sub-20865_ses-2_space-ACPC_desc-preproc_dwi.nii.gz	0.0050348567002323	0.2397980988025665	0.1506349891424179	0.2417899668216705	0.2410115599632263	0.2424280494451522	0.1500442177057266	0.1843208968639373	0.1860696077346801	sub-20865	ses-2				space-ACPC			DSIStudio	autotrackgqi
Cerebellum_SuperiorCerebellarPeduncle	nrmse	NODDI	/scratch/executivefunction/SLURM_13244013_93/job-13244013-93-sub-20865-ses-2/ds/inputs/data/qsiprep/qsiprep/sub-20865/ses-2/dwi/sub-20865_ses-2_space-ACPC_desc-preproc_dwi.nii.gz	0.0	0.1185407117009162	0.0325281880795955	0.1124196648597717	0.1185407117009162	0.1124196648597717	0.0325281880795955	0.1177724748849868	0.1177724748849868	sub-20865	ses-2				space-ACPC			DSIStudio	autotrackgqi
Cerebellum_SuperiorCerebellarPeduncle	od	NODDI	/scratch/executivefunction/SLURM_13244013_93/job-13244013-93-sub-20865-ses-2/ds/inputs/data/qsiprep/qsiprep/sub-20865/ses-2/dwi/sub-20865_ses-2_space-ACPC_desc-preproc_dwi.nii.gz	0.0	0.3433273434638977	0.2050992995500564	0.3176895081996918	0.3433273434638977	0.3176895081996918	0.2050992995500564	0.2640456855297088	0.2640456855297088	sub-20865	ses-2				space-ACPC			DSIStudio	autotrackgqi
Cerebellum_SuperiorCerebellarPeduncle	rmse	NODDI	/scratch/executivefunction/SLURM_13244013_93/job-13244013-93-sub-20865-ses-2/ds/inputs/data/qsiprep/qsiprep/sub-20865/ses-2/dwi/sub-20865_ses-2_space-ACPC_desc-preproc_dwi.nii.gz	0.0	0.0457582548260688	0.0113823404535651	0.0440923981368541	0.0457582548260688	0.0440923981368541	0.0113823404535651	0.04595448076725	0.04595448076725	sub-20865	ses-2				space-ACPC			DSIStudio	autotrackgqi
Cerebellum_SuperiorCerebellarPeduncle	tf	NODDI	/scratch/executivefunction/SLURM_13244013_93/job-13244013-93-sub-20865-ses-2/ds/inputs/data/qsiprep/qsiprep/sub-20865/ses-2/dwi/sub-20865_ses-2_space-ACPC_desc-preproc_dwi.nii.gz	0.0480247869868319	0.769283774446647	0.2967924149627842	0.8954752683639526	0.8080922317417586	0.9019516110420228	0.2473229297346983	0.7715491922890312	0.8028238423758829	sub-20865	ses-2				space-ACPC			DSIStudio	autotrackgqi
Cerebellum_CerebellumL	directions	NODDI	/scratch/executivefunction/SLURM_13244013_93/job-13244013-93-sub-20865-ses-2/ds/inputs/data/qsiprep/qsiprep/sub-20865/ses-2/dwi/sub-20865_ses-2_space-ACPC_desc-preproc_dwi.nii.gz	215.0	-0.2205481827259063	0.5252335071563721	-0.3028233051300049	-0.2265436053276062	-0.3202255666255951	0.5310473442077637	-0.8313764929771423		sub-20865	ses-2				space-ACPC			DSIStudio	autotrackgqi
Cerebellum_CerebellumL	icvf	NODDI	/scratch/executivefunction/SLURM_13244013_93/job-13244013-93-sub-20865-ses-2/ds/inputs/data/qsiprep/qsiprep/sub-20865/ses-2/dwi/sub-20865_ses-2_space-ACPC_desc-preproc_dwi.nii.gz	0.0305268340718857	0.5282186269760132	0.1593545824289322	0.5163155794143677	0.5448511838912964	0.5193424224853516	0.1308862417936325	0.5325652360916138	0.539384663105011	sub-20865	ses-2				space-ACPC			DSIStudio	autotrackgqi
Cerebellum_CerebellumL	isovf	NODDI	/scratch/executivefunction/SLURM_13244013_93/job-13244013-93-sub-20865-ses-2/ds/inputs/data/qsiprep/qsiprep/sub-20865/ses-2/dwi/sub-20865_ses-2_space-ACPC_desc-preproc_dwi.nii.gz	0.5455440669620877	0.0921087637543678	0.1731244623661041	0.0	0.2026792019605636	0.1209060400724411	0.2086653709411621	0.0688214972615242	0.1552221477031707	sub-20865	ses-2				space-ACPC			DSIStudio	autotrackgqi
Cerebellum_CerebellumL	modulated_icvf	NODDI	/scratch/executivefunction/SLURM_13244013_93/job-13244013-93-sub-20865-ses-2/ds/inputs/data/qsiprep/qsiprep/sub-20865/ses-2/dwi/sub-20865_ses-2_space-ACPC_desc-preproc_dwi.nii.gz	0.0305268340718857	0.4706974625587463	0.1424464136362075	0.5010110139846802	0.4855188131332397	0.504370927810669	0.1171915605664253	0.4923740327358246	0.4986788630485534	sub-20865	ses-2				space-ACPC			DSIStudio	autotrackgqi
Cerebellum_CerebellumL	modulated_od	NODDI	/scratch/executivefunction/SLURM_13244013_93/job-13244013-93-sub-20865-ses-2/ds/inputs/data/qsiprep/qsiprep/sub-20865/ses-2/dwi/sub-20865_ses-2_space-ACPC_desc-preproc_dwi.nii.gz	0.0278188084687346	0.4275610148906708	0.1514482647180557	0.4508588314056396	0.439795583486557	0.4550203382968902	0.1349525302648544	0.4402306675910949	0.4454326331615448	sub-20865	ses-2				space-ACPC			DSIStudio	autotrackgqi
Cerebellum_CerebellumL	nrmse	NODDI	/scratch/executivefunction/SLURM_13244013_93/job-13244013-93-sub-20865-ses-2/ds/inputs/data/qsiprep/qsiprep/sub-20865/ses-2/dwi/sub-20865_ses-2_space-ACPC_desc-preproc_dwi.nii.gz	0.0276957163958641	0.1257703155279159	0.0986959859728813	0.092309333384037	0.1293528378009796	0.0936162918806076	0.0977494418621063	0.1175435483455658	0.1188919097185134	sub-20865	ses-2				space-ACPC			DSIStudio	autotrackgqi
Cerebellum_CerebellumL	od	NODDI	/scratch/executivefunction/SLURM_13244013_93/job-13244013-93-sub-20865-ses-2/ds/inputs/data/qsiprep/qsiprep/sub-20865/ses-2/dwi/sub-20865_ses-2_space-ACPC_desc-preproc_dwi.nii.gz	0.026464795667159	0.4738932847976684	0.1431619375944137	0.4833607077598572	0.4867756962776184	0.4862255454063415	0.1215797737240791	0.4737295508384704	0.4791026711463928	sub-20865	ses-2				space-ACPC			DSIStudio	autotrackgqi
Cerebellum_CerebellumL	rmse	NODDI	/scratch/executivefunction/SLURM_13244013_93/job-13244013-93-sub-20865-ses-2/ds/inputs/data/qsiprep/qsiprep/sub-20865/ses-2/dwi/sub-20865_ses-2_space-ACPC_desc-preproc_dwi.nii.gz	0.0276957163958641	0.0515395961701869	0.0441276766359806	0.0379601903259754	0.0530076809227466	0.0385208614170551	0.0438736714422702	0.0484419055283069	0.048997588455677	sub-20865	ses-2				space-ACPC			DSIStudio	autotrackgqi
Cerebellum_CerebellumL	tf	NODDI	/scratch/executivefunction/SLURM_13244013_93/job-13244013-93-sub-20865-ses-2/ds/inputs/data/qsiprep/qsiprep/sub-20865/ses-2/dwi/sub-20865_ses-2_space-ACPC_desc-preproc_dwi.nii.gz	0.0292959133431807	0.8814264425997779	0.2255243022588624	1.0	0.9080279507583814	1.0	0.1680514583930221	0.9199637328338072	0.9316246360238216	sub-20865	ses-2				space-ACPC			DSIStudio	autotrackgqi
CranialNerve_CNVIIR	directions	NODDI	/scratch/executivefunction/SLURM_13244013_93/job-13244013-93-sub-20865-ses-2/ds/inputs/data/qsiprep/qsiprep/sub-20865/ses-2/dwi/sub-20865_ses-2_space-ACPC_desc-preproc_dwi.nii.gz	1.0	-0.0269577670842409	0.5757020711898804	0.003529654815793	-0.0270530246198177	0.0098660681396722	0.5767161250114441	-0.2558544278144836		sub-20865	ses-2				space-ACPC			DSIStudio	autotrackgqi
CranialNerve_CNVIIR	icvf	NODDI	/scratch/executivefunction/SLURM_13244013_93/job-13244013-93-sub-20865-ses-2/ds/inputs/data/qsiprep/qsiprep/sub-20865/ses-2/dwi/sub-20865_ses-2_space-ACPC_desc-preproc_dwi.nii.gz	0.0316901408450704	0.6837853789329529	0.2028783410787582	0.6663314700126648	0.7061638236045837	0.6699738502502441	0.1634130626916885	0.7102794647216797	0.7191941142082214	sub-20865	ses-2				space-ACPC			DSIStudio	autotrackgqi
CranialNerve_CNVIIR	isovf	NODDI	/scratch/executivefunction/SLURM_13244013_93/job-13244013-93-sub-20865-ses-2/ds/inputs/data/qsiprep/qsiprep/sub-20865/ses-2/dwi/sub-20865_ses-2_space-ACPC_desc-preproc_dwi.nii.gz	0.1373239436619718	0.3127671480178833	0.3068322837352752	0.1562038958072662	0.3625545501708984	0.254964679479599	0.3017978072166443	0.2991129457950592	0.3426140248775482	sub-20865	ses-2				space-ACPC			DSIStudio	autotrackgqi
CranialNerve_CNVIIR	modulated_icvf	NODDI	/scratch/executivefunction/SLURM_13244013_93/job-13244013-93-sub-20865-ses-2/ds/inputs/data/qsiprep/qsiprep/sub-20865/ses-2/dwi/sub-20865_ses-2_space-ACPC_desc-preproc_dwi.nii.gz	0.0316901408450704	0.44732666015625	0.1819822639226913	0.493853747844696	0.4619664549827575	0.502811849117279	0.1656451076269149	0.4698353111743927	0.4757322072982788	sub-20865	ses-2				space-ACPC			DSIStudio	autotrackgqi
CranialNerve_CNVIIR	modulated_od	NODDI	/scratch/executivefunction/SLURM_13244013_93/job-13244013-93-sub-20865-ses-2/ds/inputs/data/qsiprep/qsiprep/sub-20865/ses-2/dwi/sub-20865_ses-2_space-ACPC_desc-preproc_dwi.nii.gz	0.0035211267605633	0.1894788593053817	0.1466116309165954	0.1620907187461853	0.1901483982801437	0.1631585508584976	0.1464363783597946	0.1991017758846283	0.1991685032844543	sub-20865	ses-2				space-ACPC			DSIStudio	autotrackgqi
CranialNerve_CNVIIR	nrmse	NODDI	/scratch/executivefunction/SLURM_13244013_93/job-13244013-93-sub-20865-ses-2/ds/inputs/data/qsiprep/qsiprep/sub-20865/ses-2/dwi/sub-20865_ses-2_space-ACPC_desc-preproc_dwi.nii.gz	0.0035211267605633	0.1323408782482147	0.0623359940946102	0.1136852651834487	0.1328085064888	0.1138345301151275	0.0619467608630657	0.1308321207761764	0.1308759748935699	sub-20865	ses-2				space-ACPC			DSIStudio	autotrackgqi
CranialNerve_CNVIIR	od	NODDI	/scratch/executivefunction/SLURM_13244013_93/job-13244013-93-sub-20865-ses-2/ds/inputs/data/qsiprep/qsiprep/sub-20865/ses-2/dwi/sub-20865_ses-2_space-ACPC_desc-preproc_dwi.nii.gz	0.0035211267605633	0.2980878949165344	0.1925192028284073	0.2759832143783569	0.2991411983966827	0.2762934267520904	0.1920404136180877	0.286958634853363	0.2870548069477081	sub-20865	ses-2				space-ACPC			DSIStudio	autotrackgqi
CranialNerve_CNVIIR	rmse	NODDI	/scratch/executivefunction/SLURM_13244013_93/job-13244013-93-sub-20865-ses-2/ds/inputs/data/qsiprep/qsiprep/sub-20865/ses-2/dwi/sub-20865_ses-2_space-ACPC_desc-preproc_dwi.nii.gz	0.0035211267605633	0.0492129884660244	0.0178756862878799	0.0455792546272277	0.0493868887424469	0.045618463307619	0.0176658164709806	0.0501351654529571	0.0501519665122032	sub-20865	ses-2				space-ACPC			DSIStudio	autotrackgqi
CranialNerve_CNVIIR	tf	NODDI	/scratch/executivefunction/SLURM_13244013_93/job-13244013-93-sub-20865-ses-2/ds/inputs/data/qsiprep/qsiprep/sub-20865/ses-2/dwi/sub-20865_ses-2_space-ACPC_desc-preproc_dwi.nii.gz	0.0316901408450704	0.6837117598510124	0.3089534030560513	0.8428893685340881	0.7060877810825001	0.8471866250038147	0.287709333239434	0.7005520527982014	0.7093446527982095	sub-20865	ses-2				space-ACPC			DSIStudio	autotrackgqi
CranialNerve_CNVIIIR	directions	NODDI	/scratch/executivefunction/SLURM_13244013_93/job-13244013-93-sub-20865-ses-2/ds/inputs/data/qsiprep/qsiprep/sub-20865/ses-2/dwi/sub-20865_ses-2_space-ACPC_desc-preproc_dwi.nii.gz	3.0	0.0254830047488212	0.5762613415718079	0.0240199379622936	0.0255294777452945	0.024976946413517	0.5767855644226074	0.1699975728988647		sub-20865	ses-2				space-ACPC			DSIStudio	autotrackgqi
CranialNerve_CNVIIIR	icvf	NODDI	/scratch/executivefunction/SLURM_13244013_93/job-13244013-93-sub-20865-ses-2/ds/inputs/data/qsiprep/qsiprep/sub-20865/ses-2/dwi/sub-20865_ses-2_space-ACPC_desc-preproc_dwi.nii.gz	0.0309466019417475	0.6072174906730652	0.1862274408340454	0.5808545351028442	0.6266089081764221	0.585454523563385	0.1537444144487381	0.6426575779914856	0.6571235656738281	sub-20865	ses-2				space-ACPC			DSIStudio	autotrackgqi
CranialNerve_CNVIIIR	isovf	NODDI	/scratch/executivefunction/SLURM_13244013_93/job-13244013-93-sub-20865-ses-2/ds/inputs/data/qsiprep/qsiprep/sub-20865/ses-2/dwi/sub-20865_ses-2_space-ACPC_desc-preproc_dwi.nii.gz	0.2378640776699029	0.2244938611984253	0.2818131744861603	0.1031284183263778	0.2945588231086731	0.1452296674251556	0.2890797853469848	0.2564296722412109	0.2937488555908203	sub-20865	ses-2				space-ACPC			DSIStudio	autotrackgqi
CranialNerve_CNVIIIR	modulated_icvf	NODDI	/scratch/executivefunction/SLURM_13244013_93/job-13244013-93-sub-20865-ses-2/ds/inputs/data/qsiprep/qsiprep/sub-20865/ses-2/dwi/sub-20865_ses-2_space-ACPC_desc-preproc_dwi.nii.gz	0.0309466019417475	0.4588836431503296	0.1615832895040512	0.4998778104782104	0.4735380411148071	0.5026344060897827	0.1414338648319244	0.4599055051803589	0.4702578485012054	sub-20865	ses-2				space-ACPC			DSIStudio	autotrackgqi
CranialNerve_CNVIIIR	modulated_od	NODDI	/scratch/executivefunction/SLURM_13244013_93/job-13244013-93-sub-20865-ses-2/ds/inputs/data/qsiprep/qsiprep/sub-20865/ses-2/dwi/sub-20865_ses-2_space-ACPC_desc-preproc_dwi.nii.gz	0.0066747572815533	0.2806515991687774	0.1729597300291061	0.2754265964031219	0.2825374603271484	0.2783306837081909	0.1719978302717209	0.2199795991182327	0.2208651602268219	sub-20865	ses-2				space-ACPC			DSIStudio	autotrackgqi
CranialNerve_CNVIIIR	nrmse	NODDI	/scratch/executivefunction/SLURM_13244013_93/job-13244013-93-sub-20865-ses-2/ds/inputs/data/qsiprep/qsiprep/sub-20865/ses-2/dwi/sub-20865_ses-2_space-ACPC_desc-preproc_dwi.nii.gz	0.0018203883495145	0.1113549768924713	0.0512084737420082	0.0982359796762466	0.1115580573678016	0.0982448980212211	0.0510336644947528	0.1226096898317337	0.122636005282402	sub-20865	ses-2				space-ACPC			DSIStudio	autotrackgqi
CranialNerve_CNVIIIR	od	NODDI	/scratch/executivefunction/SLURM_13244013_93/job-13244013-93-sub-20865-ses-2/ds/inputs/data/qsiprep/qsiprep/sub-20865/ses-2/dwi/sub-20865_ses-2_space-ACPC_desc-preproc_dwi.nii.gz	0.0018203883495145	0.3774891793727875	0.1976517140865326	0.3722460865974426	0.3781776130199432	0.3729564249515533	0.1971727609634399	0.3131991326808929	0.3132663369178772	sub-20865	ses-2				space-ACPC			DSIStudio	autotrackgqi
CranialNerve_CNVIIIR	rmse	NODDI	/scratch/executivefunction/SLURM_13244013_93/job-13244013-93-sub-20865-ses-2/ds/inputs/data/qsiprep/qsiprep/sub-20865/ses-2/dwi/sub-20865_ses-2_space-ACPC_desc-preproc_dwi.nii.gz	0.0018203883495145	0.0425640903413295	0.0164438895881176	0.0392952784895896	0.0426417142152786	0.0392991565167903	0.0163580141961574	0.0464374274015426	0.0464473888278007	sub-20865	ses-2				space-ACPC			DSIStudio	autotrackgqi
CranialNerve_CNVIIIR	tf	NODDI	/scratch/executivefunction/SLURM_13244013_93/job-13244013-93-sub-20865-ses-2/ds/inputs/data/qsiprep/qsiprep/sub-20865/ses-2/dwi/sub-20865_ses-2_space-ACPC_desc-preproc_dwi.nii.gz	0.0309466019417475	0.7736857573962906	0.2835813906117507	0.8961422443389893	0.7983933175886581	0.9011714458465576	0.2515158167934851	0.7433556799170885	0.7600883259975145	sub-20865	ses-2				space-ACPC			DSIStudio	autotrackgqi
CranialNerve_CNVR	directions	NODDI	/scratch/executivefunction/SLURM_13244013_93/job-13244013-93-sub-20865-ses-2/ds/inputs/data/qsiprep/qsiprep/sub-20865/ses-2/dwi/sub-20865_ses-2_space-ACPC_desc-preproc_dwi.nii.gz	0.0	-0.008430853486061	0.5772887468338013	-0.0388673543930053	-0.008430853486061	-0.0388673543930053	0.5772887468338013	-0.0760417729616165		sub-20865	ses-2				space-ACPC			DSIStudio	autotrackgqi
CranialNerve_CNVR	icvf	NODDI	/scratch/executivefunction/SLURM_13244013_93/job-13244013-93-sub-20865-ses-2/ds/inputs/data/qsiprep/qsiprep/sub-20865/ses-2/dwi/sub-20865_ses-2_space-ACPC_desc-preproc_dwi.nii.gz	0.0679886685552408	0.6336058378219604	0.240301638841629	0.6024156808853149	0.6798263192176819	0.618767261505127	0.1747437119483947	0.7009049654006958	0.730309784412384	sub-20865	ses-2				space-ACPC			DSIStudio	autotrackgqi
CranialNerve_CNVR	isovf	NODDI	/scratch/executivefunction/SLURM_13244013_93/job-13244013-93-sub-20865-ses-2/ds/inputs/data/qsiprep/qsiprep/sub-20865/ses-2/dwi/sub-20865_ses-2_space-ACPC_desc-preproc_dwi.nii.gz	0.2171860245514636	0.2842895984649658	0.3303901255130768	0.1184979230165481	0.3631636798381805	0.1938214898109436	0.332863986492157	0.3096478879451751	0.3332405984401703	sub-20865	ses-2				space-ACPC			DSIStudio	autotrackgqi
CranialNerve_CNVR	modulated_icvf	NODDI	/scratch/executivefunction/SLURM_13244013_93/job-13244013-93-sub-20865-ses-2/ds/inputs/data/qsiprep/qsiprep/sub-20865/ses-2/dwi/sub-20865_ses-2_space-ACPC_desc-preproc_dwi.nii.gz	0.0679886685552408	0.44507497549057	0.1882694214582443	0.5001264214515686	0.4775424599647522	0.5055291652679443	0.1500881612300872	0.4678400456905365	0.4874671697616577	sub-20865	ses-2				space-ACPC			DSIStudio	autotrackgqi
CranialNerve_CNVR	modulated_od	NODDI	/scratch/executivefunction/SLURM_13244013_93/job-13244013-93-sub-20865-ses-2/ds/inputs/data/qsiprep/qsiprep/sub-20865/ses-2/dwi/sub-20865_ses-2_space-ACPC_desc-preproc_dwi.nii.gz	0.0	0.2206954061985016	0.1784962564706802	0.1901101320981979	0.2206954061985016	0.1901101320981979	0.1784962564706802	0.1570719927549362	0.1570719927549362	sub-20865	ses-2				space-ACPC			DSIStudio	autotrackgqi
CranialNerve_CNVR	nrmse	NODDI	/scratch/executivefunction/SLURM_13244013_93/job-13244013-93-sub-20865-ses-2/ds/inputs/data/qsiprep/qsiprep/sub-20865/ses-2/dwi/sub-20865_ses-2_space-ACPC_desc-preproc_dwi.nii.gz	0.0047214353163361	0.1280615031719207	0.0584163628518581	0.1100523099303245	0.1286689937114715	0.1101619601249694	0.0578834414482116	0.1392306089401245	0.139467179775238	sub-20865	ses-2				space-ACPC			DSIStudio	autotrackgqi
CranialNerve_CNVR	od	NODDI	/scratch/executivefunction/SLURM_13244013_93/job-13244013-93-sub-20865-ses-2/ds/inputs/data/qsiprep/qsiprep/sub-20865/ses-2/dwi/sub-20865_ses-2_space-ACPC_desc-preproc_dwi.nii.gz	0.0	0.3378805816173553	0.2355792969465255	0.2899999916553497	0.3378805816173553	0.2899999916553497	0.2355792969465255	0.250371366739273	0.250371366739273	sub-20865	ses-2				space-ACPC			DSIStudio	autotrackgqi
CranialNerve_CNVR	rmse	NODDI	/scratch/executivefunction/SLURM_13244013_93/job-13244013-93-sub-20865-ses-2/ds/inputs/data/qsiprep/qsiprep/sub-20865/ses-2/dwi/sub-20865_ses-2_space-ACPC_desc-preproc_dwi.nii.gz	0.0047214353163361	0.04752928763628	0.0164782796055078	0.0451238416135311	0.0477547571063041	0.0452699624001979	0.0161880981177091	0.0526292845606803	0.0527187138795852	sub-20865	ses-2				space-ACPC			DSIStudio	autotrackgqi
CranialNerve_CNVR	tf	NODDI	/scratch/executivefunction/SLURM_13244013_93/job-13244013-93-sub-20865-ses-2/ds/inputs/data/qsiprep/qsiprep/sub-20865/ses-2/dwi/sub-20865_ses-2_space-ACPC_desc-preproc_dwi.nii.gz	0.0632672332389046	0.7157104381758498	0.3303901288873598	0.881502091884613	0.7640497520445816	0.8938965797424316	0.2821285850882486	0.6903521177992906	0.7180450511309491	sub-20865	ses-2				space-ACPC			DSIStudio	autotrackgqi
CranialNerve_CNIIIL	directions	NODDI	/scratch/executivefunction/SLURM_13244013_93/job-13244013-93-sub-20865-ses-2/ds/inputs/data/qsiprep/qsiprep/sub-20865/ses-2/dwi/sub-20865_ses-2_space-ACPC_desc-preproc_dwi.nii.gz	1.0	0.0195378847420215	0.5765256285667419	0.0160185974091291	0.0195713397115468	0.0184500645846128	0.5770184397697449	-0.0170561000704765		sub-20865	ses-2				space-ACPC			DSIStudio	autotrackgqi
CranialNerve_CNIIIL	icvf	NODDI	/scratch/executivefunction/SLURM_13244013_93/job-13244013-93-sub-20865-ses-2/ds/inputs/data/qsiprep/qsiprep/sub-20865/ses-2/dwi/sub-20865_ses-2_space-ACPC_desc-preproc_dwi.nii.gz	0.0666666666666666	0.6036673784255981	0.2516518235206604	0.5902291536331177	0.6467864513397217	0.6089379787445068	0.1999081522226333	0.5505208969116211	0.5840107202529907	sub-20865	ses-2				space-ACPC			DSIStudio	autotrackgqi
CranialNerve_CNIIIL	isovf	NODDI	/scratch/executivefunction/SLURM_13244013_93/job-13244013-93-sub-20865-ses-2/ds/inputs/data/qsiprep/qsiprep/sub-20865/ses-2/dwi/sub-20865_ses-2_space-ACPC_desc-preproc_dwi.nii.gz	0.27008547008547	0.293407529592514	0.3482913970947265	0.1090638786554336	0.4019751846790313	0.2204291969537735	0.3500739932060241	0.2309279441833496	0.3634812533855438	sub-20865	ses-2				space-ACPC			DSIStudio	autotrackgqi
CranialNerve_CNIIIL	modulated_icvf	NODDI	/scratch/executivefunction/SLURM_13244013_93/job-13244013-93-sub-20865-ses-2/ds/inputs/data/qsiprep/qsiprep/sub-20865/ses-2/dwi/sub-20865_ses-2_space-ACPC_desc-preproc_dwi.nii.gz	0.0666666666666666	0.4111286699771881	0.1929261982440948	0.4630208611488342	0.4404949843883514	0.4759973883628845	0.1641444712877273	0.4146848022937774	0.4399113655090332	sub-20865	ses-2				space-ACPC			DSIStudio	autotrackgqi
CranialNerve_CNIIIL	modulated_od	NODDI	/scratch/executivefunction/SLURM_13244013_93/job-13244013-93-sub-20865-ses-2/ds/inputs/data/qsiprep/qsiprep/sub-20865/ses-2/dwi/sub-20865_ses-2_space-ACPC_desc-preproc_dwi.nii.gz	0.0017094017094017	0.1839755326509475	0.1411166340112686	0.1752461791038513	0.1842905580997467	0.1757225692272186	0.1410317122936248	0.2135821133852005	0.2136341631412506	sub-20865	ses-2				space-ACPC			DSIStudio	autotrackgqi
CranialNerve_CNIIIL	nrmse	NODDI	/scratch/executivefunction/SLURM_13244013_93/job-13244013-93-sub-20865-ses-2/ds/inputs/data/qsiprep/qsiprep/sub-20865/ses-2/dwi/sub-20865_ses-2_space-ACPC_desc-preproc_dwi.nii.gz	0.0017094017094017	0.1350713074207306	0.0393607579171657	0.1244860962033271	0.1353026032447815	0.1245063841342926	0.0389952361583709	0.1286510825157165	0.1286824345588684	sub-20865	ses-2				space-ACPC			DSIStudio	autotrackgqi
CranialNerve_CNIIIL	od	NODDI	/scratch/executivefunction/SLURM_13244013_93/job-13244013-93-sub-20865-ses-2/ds/inputs/data/qsiprep/qsiprep/sub-20865/ses-2/dwi/sub-20865_ses-2_space-ACPC_desc-preproc_dwi.nii.gz	0.0017094017094017	0.3175302743911743	0.2311481237411499	0.2661162912845611	0.3180739879608154	0.2661607265472412	0.230971872806549	0.3229295909404754	0.3230082988739013	sub-20865	ses-2				space-ACPC			DSIStudio	autotrackgqi
CranialNerve_CNIIIL	rmse	NODDI	/scratch/executivefunction/SLURM_13244013_93/job-13244013-93-sub-20865-ses-2/ds/inputs/data/qsiprep/qsiprep/sub-20865/ses-2/dwi/sub-20865_ses-2_space-ACPC_desc-preproc_dwi.nii.gz	0.0017094017094017	0.0501165203750133	0.0118611538782715	0.0493714250624179	0.0502023361623287	0.0493917241692543	0.0116884438320994	0.0486126132309436	0.048624463379383	sub-20865	ses-2				space-ACPC			DSIStudio	autotrackgqi
CranialNerve_CNIIIL	tf	NODDI	/scratch/executivefunction/SLURM_13244013_93/job-13244013-93-sub-20865-ses-2/ds/inputs/data/qsiprep/qsiprep/sub-20865/ses-2/dwi/sub-20865_ses-2_space-ACPC_desc-preproc_dwi.nii.gz	0.0666666666666666	0.7048830708886823	0.3492997071932303	0.8902668952941895	0.7552318616664453	0.9031772613525392	0.3044672311472622	0.7688284581246161	0.8155987005899239	sub-20865	ses-2				space-ACPC			DSIStudio	autotrackgqi
CranialNerve_CNIIIR	directions	NODDI	/scratch/executivefunction/SLURM_13244013_93/job-13244013-93-sub-20865-ses-2/ds/inputs/data/qsiprep/qsiprep/sub-20865/ses-2/dwi/sub-20865_ses-2_space-ACPC_desc-preproc_dwi.nii.gz	1.0	-0.0225951187312603	0.5765281915664673	-0.0528098754584789	-0.0226248484104871	-0.0533456169068813	0.5769068002700806	0.0014853850007057		sub-20865	ses-2				space-ACPC			DSIStudio	autotrackgqi
CranialNerve_CNIIIR	icvf	NODDI	/scratch/executivefunction/SLURM_13244013_93/job-13244013-93-sub-20865-ses-2/ds/inputs/data/qsiprep/qsiprep/sub-20865/ses-2/dwi/sub-20865_ses-2_space-ACPC_desc-preproc_dwi.nii.gz	0.1116951379763469	0.5712409615516663	0.2892848253250122	0.5680291056632996	0.6430686116218567	0.59601229429245	0.2191306203603744	0.5718162059783936	0.6108906865119934	sub-20865	ses-2				space-ACPC			DSIStudio	autotrackgqi
CranialNerve_CNIIIR	isovf	NODDI	/scratch/executivefunction/SLURM_13244013_93/job-13244013-93-sub-20865-ses-2/ds/inputs/data/qsiprep/qsiprep/sub-20865/ses-2/dwi/sub-20865_ses-2_space-ACPC_desc-preproc_dwi.nii.gz	0.2181340341655716	0.3683003187179565	0.3746686279773712	0.1747642010450363	0.4710530340671539	0.4488369524478912	0.3621304929256439	0.3407424688339233	0.4320534467697143	sub-20865	ses-2				space-ACPC			DSIStudio	autotrackgqi
CranialNerve_CNIIIR	modulated_icvf	NODDI	/scratch/executivefunction/SLURM_13244013_93/job-13244013-93-sub-20865-ses-2/ds/inputs/data/qsiprep/qsiprep/sub-20865/ses-2/dwi/sub-20865_ses-2_space-ACPC_desc-preproc_dwi.nii.gz	0.1116951379763469	0.3574072420597076	0.2024107128381729	0.3706378638744354	0.4023475050926208	0.4115150570869446	0.1674516499042511	0.3492716252803802	0.3731387555599212	sub-20865	ses-2				space-ACPC			DSIStudio	autotrackgqi
CranialNerve_CNIIIR	modulated_od	NODDI	/scratch/executivefunction/SLURM_13244013_93/job-13244013-93-sub-20865-ses-2/ds/inputs/data/qsiprep/qsiprep/sub-20865/ses-2/dwi/sub-20865_ses-2_space-ACPC_desc-preproc_dwi.nii.gz	0.0078843626806833	0.1823152154684066	0.136579230427742	0.1748501509428024	0.1837640851736068	0.175917387008667	0.136146530508995	0.207817792892456	0.2083969116210937	sub-20865	ses-2				space-ACPC			DSIStudio	autotrackgqi
CranialNerve_CNIIIR	nrmse	NODDI	/scratch/executivefunction/SLURM_13244013_93/job-13244013-93-sub-20865-ses-2/ds/inputs/data/qsiprep/qsiprep/sub-20865/ses-2/dwi/sub-20865_ses-2_space-ACPC_desc-preproc_dwi.nii.gz	0.0013140604467805	0.1413200497627258	0.0404628813266754	0.1319552809000015	0.1415060013532638	0.1319884806871414	0.0401632487773895	0.1323117911815643	0.13239286839962	sub-20865	ses-2				space-ACPC			DSIStudio	autotrackgqi
CranialNerve_CNIIIR	od	NODDI	/scratch/executivefunction/SLURM_13244013_93/job-13244013-93-sub-20865-ses-2/ds/inputs/data/qsiprep/qsiprep/sub-20865/ses-2/dwi/sub-20865_ses-2_space-ACPC_desc-preproc_dwi.nii.gz	0.0013140604467805	0.375933974981308	0.2539825439453125	0.2899999916553497	0.3764286339282989	0.2899999916553497	0.2537830173969269	0.3700997829437256	0.3703265786170959	sub-20865	ses-2				space-ACPC			DSIStudio	autotrackgqi
CranialNerve_CNIIIR	rmse	NODDI	/scratch/executivefunction/SLURM_13244013_93/job-13244013-93-sub-20865-ses-2/ds/inputs/data/qsiprep/qsiprep/sub-20865/ses-2/dwi/sub-20865_ses-2_space-ACPC_desc-preproc_dwi.nii.gz	0.0013140604467805	0.0501619353890419	0.0138265984132885	0.0480588972568511	0.0502279363572597	0.0480652898550033	0.0137153631076216	0.0466480404138565	0.0466766208410263	sub-20865	ses-2				space-ACPC			DSIStudio	autotrackgqi
CranialNerve_CNIIIR	tf	NODDI	/scratch/executivefunction/SLURM_13244013_93/job-13244013-93-sub-20865-ses-2/ds/inputs/data/qsiprep/qsiprep/sub-20865/ses-2/dwi/sub-20865_ses-2_space-ACPC_desc-preproc_dwi.nii.gz	0.1116951379763469	0.6303855996094302	0.3751279516563712	0.8241110444068909	0.7096500610987816	0.8744810521602631	0.3196328460193596	0.6586452458770955	0.70365308642048	sub-20865	ses-2				space-ACPC			DSIStudio	autotrackgqi
CranialNerve_CNIIR	directions	NODDI	/scratch/executivefunction/SLURM_13244013_93/job-13244013-93-sub-20865-ses-2/ds/inputs/data/qsiprep/qsiprep/sub-20865/ses-2/dwi/sub-20865_ses-2_space-ACPC_desc-preproc_dwi.nii.gz	2.0	-0.1120944991707801	0.5659969449043274	-0.1693891733884811	-0.1122344434261322	-0.1704815030097961	0.5663362145423889	-0.3544064164161682		sub-20865	ses-2				space-ACPC			DSIStudio	autotrackgqi
CranialNerve_CNIIR	icvf	NODDI	/scratch/executivefunction/SLURM_13244013_93/job-13244013-93-sub-20865-ses-2/ds/inputs/data/qsiprep/qsiprep/sub-20865/ses-2/dwi/sub-20865_ses-2_space-ACPC_desc-preproc_dwi.nii.gz	0.0704488778054862	0.5187484622001648	0.2705762088298797	0.462967038154602	0.5580633878707886	0.4820849001407623	0.2383690625429153	0.5406981706619263	0.559302568435669	sub-20865	ses-2				space-ACPC			DSIStudio	autotrackgqi
CranialNerve_CNIIR	isovf	NODDI	/scratch/executivefunction/SLURM_13244013_93/job-13244013-93-sub-20865-ses-2/ds/inputs/data/qsiprep/qsiprep/sub-20865/ses-2/dwi/sub-20865_ses-2_space-ACPC_desc-preproc_dwi.nii.gz	0.3123441396508728	0.3171598613262176	0.3493051826953888	0.1598188728094101	0.4612188935279846	0.4183284044265747	0.3331547975540161	0.2564462125301361	0.4027289748191833	sub-20865	ses-2				space-ACPC			DSIStudio	autotrackgqi
CranialNerve_CNIIR	modulated_icvf	NODDI	/scratch/executivefunction/SLURM_13244013_93/job-13244013-93-sub-20865-ses-2/ds/inputs/data/qsiprep/qsiprep/sub-20865/ses-2/dwi/sub-20865_ses-2_space-ACPC_desc-preproc_dwi.nii.gz	0.0704488778054862	0.3287568092346191	0.1650854647159576	0.3282898962497711	0.3536726534366607	0.3412212431430816	0.1432013362646103	0.3724541664123535	0.3852696120738983	sub-20865	ses-2				space-ACPC			DSIStudio	autotrackgqi
CranialNerve_CNIIR	modulated_od	NODDI	/scratch/executivefunction/SLURM_13244013_93/job-13244013-93-sub-20865-ses-2/ds/inputs/data/qsiprep/qsiprep/sub-20865/ses-2/dwi/sub-20865_ses-2_space-ACPC_desc-preproc_dwi.nii.gz	0.0118453865336658	0.2107695043087005	0.1636385023593902	0.1818997114896774	0.2132960706949234	0.1866194456815719	0.1629713028669357	0.1906671375036239	0.1912698149681091	sub-20865	ses-2				space-ACPC			DSIStudio	autotrackgqi
CranialNerve_CNIIR	nrmse	NODDI	/scratch/executivefunction/SLURM_13244013_93/job-13244013-93-sub-20865-ses-2/ds/inputs/data/qsiprep/qsiprep/sub-20865/ses-2/dwi/sub-20865_ses-2_space-ACPC_desc-preproc_dwi.nii.gz	0.0012468827930174	0.1346383839845657	0.0460409186780452	0.1224064379930496	0.1348064839839935	0.1224609389901161	0.0458230674266815	0.1349539458751678	0.1349618732929229	sub-20865	ses-2				space-ACPC			DSIStudio	autotrackgqi
CranialNerve_CNIIR	od	NODDI	/scratch/executivefunction/SLURM_13244013_93/job-13244013-93-sub-20865-ses-2/ds/inputs/data/qsiprep/qsiprep/sub-20865/ses-2/dwi/sub-20865_ses-2_space-ACPC_desc-preproc_dwi.nii.gz	0.0012468827930174	0.3650127649307251	0.2366670817136764	0.3118051886558532	0.3654684722423553	0.3120379447937011	0.2364628762006759	0.2860049605369568	0.2860217690467834	sub-20865	ses-2				space-ACPC			DSIStudio	autotrackgqi
CranialNerve_CNIIR	rmse	NODDI	/scratch/executivefunction/SLURM_13244013_93/job-13244013-93-sub-20865-ses-2/ds/inputs/data/qsiprep/qsiprep/sub-20865/ses-2/dwi/sub-20865_ses-2_space-ACPC_desc-preproc_dwi.nii.gz	0.0012468827930174	0.0473353303968906	0.0155849978327751	0.0443019643425941	0.0473944284021854	0.0443315878510475	0.0155046638101339	0.0498055182397365	0.0498084425926208	sub-20865	ses-2				space-ACPC			DSIStudio	autotrackgqi
CranialNerve_CNIIR	tf	NODDI	/scratch/executivefunction/SLURM_13244013_93/job-13244013-93-sub-20865-ses-2/ds/inputs/data/qsiprep/qsiprep/sub-20865/ses-2/dwi/sub-20865_ses-2_space-ACPC_desc-preproc_dwi.nii.gz	0.0704488778054862	0.6815932505668845	0.3499550318138504	0.8373716473579407	0.7332498818975739	0.8792113065719604	0.3063869408854614	0.7434951136493902	0.7690773651862539	sub-20865	ses-2				space-ACPC			DSIStudio	autotrackgqi
CranialNerve_CNVIIIL	directions	NODDI	/scratch/executivefunction/SLURM_13244013_93/job-13244013-93-sub-20865-ses-2/ds/inputs/data/qsiprep/qsiprep/sub-20865/ses-2/dwi/sub-20865_ses-2_space-ACPC_desc-preproc_dwi.nii.gz	7.0	-0.0998605340719223	0.5674869418144226	-0.2127532660961151	-0.1002574786543846	-0.216818481683731	0.5685787200927734	-0.4289144575595855		sub-20865	ses-2				space-ACPC			DSIStudio	autotrackgqi
CranialNerve_CNVIIIL	icvf	NODDI	/scratch/executivefunction/SLURM_13244013_93/job-13244013-93-sub-20865-ses-2/ds/inputs/data/qsiprep/qsiprep/sub-20865/ses-2/dwi/sub-20865_ses-2_space-ACPC_desc-preproc_dwi.nii.gz	0.0361990950226244	0.6188308000564575	0.2024243772029876	0.5953009128570557	0.6420732736587524	0.6037694215774536	0.1661061495542526	0.6684637069702148	0.6818075180053711	sub-20865	ses-2				space-ACPC			DSIStudio	autotrackgqi
CranialNerve_CNVIIIL	isovf	NODDI	/scratch/executivefunction/SLURM_13244013_93/job-13244013-93-sub-20865-ses-2/ds/inputs/data/qsiprep/qsiprep/sub-20865/ses-2/dwi/sub-20865_ses-2_space-ACPC_desc-preproc_dwi.nii.gz	0.2222850678733031	0.2226659804582595	0.282373696565628	0.1029310300946235	0.2863079607486725	0.1399148106575012	0.2903504371643066	0.2344589978456497	0.2663382291793823	sub-20865	ses-2				space-ACPC			DSIStudio	autotrackgqi
CranialNerve_CNVIIIL	modulated_icvf	NODDI	/scratch/executivefunction/SLURM_13244013_93/job-13244013-93-sub-20865-ses-2/ds/inputs/data/qsiprep/qsiprep/sub-20865/ses-2/dwi/sub-20865_ses-2_space-ACPC_desc-preproc_dwi.nii.gz	0.0361990950226244	0.4718984067440033	0.1777635663747787	0.5055239200592041	0.4896222949028015	0.5125330686569214	0.1552698612213134	0.494325578212738	0.5041931867599487	sub-20865	ses-2				space-ACPC			DSIStudio	autotrackgqi
CranialNerve_CNVIIIL	modulated_od	NODDI	/scratch/executivefunction/SLURM_13244013_93/job-13244013-93-sub-20865-ses-2/ds/inputs/data/qsiprep/qsiprep/sub-20865/ses-2/dwi/sub-20865_ses-2_space-ACPC_desc-preproc_dwi.nii.gz	0.005656108597285	0.2690597176551819	0.1527276933193206	0.2704580128192901	0.270590215921402	0.2716766595840454	0.1518034785985946	0.2068473845720291	0.2071379423141479	sub-20865	ses-2				space-ACPC			DSIStudio	autotrackgqi
CranialNerve_CNVIIIL	nrmse	NODDI	/scratch/executivefunction/SLURM_13244013_93/job-13244013-93-sub-20865-ses-2/ds/inputs/data/qsiprep/qsiprep/sub-20865/ses-2/dwi/sub-20865_ses-2_space-ACPC_desc-preproc_dwi.nii.gz	0.0039592760180995	0.1196186989545822	0.0701279118657112	0.0998813062906265	0.1200941801071167	0.1000431552529335	0.0698596388101577	0.1299481987953186	0.1301154047250747	sub-20865	ses-2				space-ACPC			DSIStudio	autotrackgqi
CranialNerve_CNVIIIL	od	NODDI	/scratch/executivefunction/SLURM_13244013_93/job-13244013-93-sub-20865-ses-2/ds/inputs/data/qsiprep/qsiprep/sub-20865/ses-2/dwi/sub-20865_ses-2_space-ACPC_desc-preproc_dwi.nii.gz	0.0039592760180995	0.3725086152553558	0.1966438740491867	0.3587085604667663	0.3739893436431885	0.3596214354038238	0.1956239938735962	0.3008493185043335	0.3012364506721496	sub-20865	ses-2				space-ACPC			DSIStudio	autotrackgqi
CranialNerve_CNVIIIL	rmse	NODDI	/scratch/executivefunction/SLURM_13244013_93/job-13244013-93-sub-20865-ses-2/ds/inputs/data/qsiprep/qsiprep/sub-20865/ses-2/dwi/sub-20865_ses-2_space-ACPC_desc-preproc_dwi.nii.gz	0.0039592760180995	0.0459464825689792	0.0235374849289655	0.0411500930786132	0.0461291223764419	0.0412482470273971	0.0234049241989851	0.0503439269959926	0.0504087060689926	sub-20865	ses-2				space-ACPC			DSIStudio	autotrackgqi
CranialNerve_CNVIIIL	tf	NODDI	/scratch/executivefunction/SLURM_13244013_93/job-13244013-93-sub-20865-ses-2/ds/inputs/data/qsiprep/qsiprep/sub-20865/ses-2/dwi/sub-20865_ses-2_space-ACPC_desc-preproc_dwi.nii.gz	0.0361990950226244	0.7733747565705852	0.2862084998341238	0.896112471818924	0.8024216957845038	0.902060329914093	0.2483627233378579	0.7642558699423212	0.7795117940426226	sub-20865	ses-2				space-ACPC			DSIStudio	autotrackgqi
CranialNerve_CNVIIL	directions	NODDI	/scratch/executivefunction/SLURM_13244013_93/job-13244013-93-sub-20865-ses-2/ds/inputs/data/qsiprep/qsiprep/sub-20865/ses-2/dwi/sub-20865_ses-2_space-ACPC_desc-preproc_dwi.nii.gz	2.0	-0.0729984417557716	0.5717210173606873	-0.1498412191867828	-0.0732488632202148	-0.1548966169357299	0.5726848244667053	-0.3588828444480896		sub-20865	ses-2				space-ACPC			DSIStudio	autotrackgqi
CranialNerve_CNVIIL	icvf	NODDI	/scratch/executivefunction/SLURM_13244013_93/job-13244013-93-sub-20865-ses-2/ds/inputs/data/qsiprep/qsiprep/sub-20865/ses-2/dwi/sub-20865_ses-2_space-ACPC_desc-preproc_dwi.nii.gz	0.0615384615384615	0.6666450500488281	0.2367154955863952	0.6556637287139893	0.710359513759613	0.6705411076545715	0.1692797839641571	0.6715850234031677	0.684739351272583	sub-20865	ses-2				space-ACPC			DSIStudio	autotrackgqi
CranialNerve_CNVIIL	isovf	NODDI	/scratch/executivefunction/SLURM_13244013_93/job-13244013-93-sub-20865-ses-2/ds/inputs/data/qsiprep/qsiprep/sub-20865/ses-2/dwi/sub-20865_ses-2_space-ACPC_desc-preproc_dwi.nii.gz	0.1452991452991453	0.3230271935462951	0.320505142211914	0.175881415605545	0.3779418170452118	0.2605703771114349	0.315328449010849	0.274535208940506	0.3197113871574402	sub-20865	ses-2				space-ACPC			DSIStudio	autotrackgqi
CranialNerve_CNVIIL	modulated_icvf	NODDI	/scratch/executivefunction/SLURM_13244013_93/job-13244013-93-sub-20865-ses-2/ds/inputs/data/qsiprep/qsiprep/sub-20865/ses-2/dwi/sub-20865_ses-2_space-ACPC_desc-preproc_dwi.nii.gz	0.0615384615384615	0.445418506860733	0.1965258419513702	0.4955211877822876	0.4746262729167938	0.507513701915741	0.1652036607265472	0.4622512459754944	0.4713053703308105	sub-20865	ses-2				space-ACPC			DSIStudio	autotrackgqi
CranialNerve_CNVIIL	modulated_od	NODDI	/scratch/executivefunction/SLURM_13244013_93/job-13244013-93-sub-20865-ses-2/ds/inputs/data/qsiprep/qsiprep/sub-20865/ses-2/dwi/sub-20865_ses-2_space-ACPC_desc-preproc_dwi.nii.gz	0.0034188034188034	0.2353885024785995	0.1529334187507629	0.2259138375520706	0.2361960113048553	0.2273888438940048	0.1525717377662658	0.2688757181167602	0.2694682478904724	sub-20865	ses-2				space-ACPC			DSIStudio	autotrackgqi
CranialNerve_CNVIIL	nrmse	NODDI	/scratch/executivefunction/SLURM_13244013_93/job-13244013-93-sub-20865-ses-2/ds/inputs/data/qsiprep/qsiprep/sub-20865/ses-2/dwi/sub-20865_ses-2_space-ACPC_desc-preproc_dwi.nii.gz	0.0034188034188034	0.1397636979818344	0.0624413266777992	0.1250672787427902	0.1402431577444076	0.1253024041652679	0.0620084926486015	0.1295342296361923	0.1298196762800216	sub-20865	ses-2				space-ACPC			DSIStudio	autotrackgqi
CranialNerve_CNVIIL	od	NODDI	/scratch/executivefunction/SLURM_13244013_93/job-13244013-93-sub-20865-ses-2/ds/inputs/data/qsiprep/qsiprep/sub-20865/ses-2/dwi/sub-20865_ses-2_space-ACPC_desc-preproc_dwi.nii.gz	0.0034188034188034	0.3933813571929931	0.2115610390901565	0.3789253830909729	0.3947308659553528	0.3789632618427276	0.2106630504131317	0.3903084099292755	0.3911685347557068	sub-20865	ses-2				space-ACPC			DSIStudio	autotrackgqi
CranialNerve_CNVIIL	rmse	NODDI	/scratch/executivefunction/SLURM_13244013_93/job-13244013-93-sub-20865-ses-2/ds/inputs/data/qsiprep/qsiprep/sub-20865/ses-2/dwi/sub-20865_ses-2_space-ACPC_desc-preproc_dwi.nii.gz	0.0034188034188034	0.0516256801784038	0.0185433961451053	0.0493464618921279	0.051802784204483	0.049423761665821	0.0183265581727027	0.0489836521446704	0.049091599881649	sub-20865	ses-2				space-ACPC			DSIStudio	autotrackgqi
CranialNerve_CNVIIL	tf	NODDI	/scratch/executivefunction/SLURM_13244013_93/job-13244013-93-sub-20865-ses-2/ds/inputs/data/qsiprep/qsiprep/sub-20865/ses-2/dwi/sub-20865_ses-2_space-ACPC_desc-preproc_dwi.nii.gz	0.0615384615384615	0.6735540127142882	0.3223692554678297	0.8205873966217041	0.717721488957848	0.8504499197006226	0.2811343865401022	0.7232659795452143	0.7374325721795769	sub-20865	ses-2				space-ACPC			DSIStudio	autotrackgqi
CranialNerve_CNIIL	directions	NODDI	/scratch/executivefunction/SLURM_13244013_93/job-13244013-93-sub-20865-ses-2/ds/inputs/data/qsiprep/qsiprep/sub-20865/ses-2/dwi/sub-20865_ses-2_space-ACPC_desc-preproc_dwi.nii.gz	1.0	-0.1080410480499267	0.566950261592865	-0.1916577517986297	-0.1081149503588676	-0.1932559609413147	0.5671371221542358	-0.2747576832771301		sub-20865	ses-2				space-ACPC			DSIStudio	autotrackgqi
CranialNerve_CNIIL	icvf	NODDI	/scratch/executivefunction/SLURM_13244013_93/job-13244013-93-sub-20865-ses-2/ds/inputs/data/qsiprep/qsiprep/sub-20865/ses-2/dwi/sub-20865_ses-2_space-ACPC_desc-preproc_dwi.nii.gz	0.0293916609706083	0.5302342772483826	0.2392653077840805	0.487396627664566	0.5462906956672668	0.4960721433162689	0.2240758836269378	0.5423179268836975	0.5536792278289795	sub-20865	ses-2				space-ACPC			DSIStudio	autotrackgqi
CranialNerve_CNIIL	isovf	NODDI	/scratch/executivefunction/SLURM_13244013_93/job-13244013-93-sub-20865-ses-2/ds/inputs/data/qsiprep/qsiprep/sub-20865/ses-2/dwi/sub-20865_ses-2_space-ACPC_desc-preproc_dwi.nii.gz	0.3198906356801094	0.2547323405742645	0.3107250332832336	0.1019772663712501	0.3745461404323578	0.262840211391449	0.3115874528884887	0.2801603078842163	0.3688890337944031	sub-20865	ses-2				space-ACPC			DSIStudio	autotrackgqi
CranialNerve_CNIIL	modulated_icvf	NODDI	/scratch/executivefunction/SLURM_13244013_93/job-13244013-93-sub-20865-ses-2/ds/inputs/data/qsiprep/qsiprep/sub-20865/ses-2/dwi/sub-20865_ses-2_space-ACPC_desc-preproc_dwi.nii.gz	0.0293916609706083	0.3611810505390167	0.1558359712362289	0.3427272737026214	0.3721182346343994	0.3427272737026214	0.1447422355413437	0.3577951788902282	0.3652908205986023	sub-20865	ses-2				space-ACPC			DSIStudio	autotrackgqi
CranialNerve_CNIIL	modulated_od	NODDI	/scratch/executivefunction/SLURM_13244013_93/job-13244013-93-sub-20865-ses-2/ds/inputs/data/qsiprep/qsiprep/sub-20865/ses-2/dwi/sub-20865_ses-2_space-ACPC_desc-preproc_dwi.nii.gz	0.0034176349965823	0.2391012758016586	0.1701246201992035	0.215949609875679	0.2399212419986724	0.2165130376815796	0.1698379069566726	0.1958294212818145	0.1967282742261886	sub-20865	ses-2				space-ACPC			DSIStudio	autotrackgqi
CranialNerve_CNIIL	nrmse	NODDI	/scratch/executivefunction/SLURM_13244013_93/job-13244013-93-sub-20865-ses-2/ds/inputs/data/qsiprep/qsiprep/sub-20865/ses-2/dwi/sub-20865_ses-2_space-ACPC_desc-preproc_dwi.nii.gz	0.0006835269993164	0.1292364001274109	0.0413537956774234	0.1195511594414711	0.1293247938156128	0.1195549443364143	0.0412295348942279	0.1304010152816772	0.1304023414850235	sub-20865	ses-2				space-ACPC			DSIStudio	autotrackgqi
CranialNerve_CNIIL	od	NODDI	/scratch/executivefunction/SLURM_13244013_93/job-13244013-93-sub-20865-ses-2/ds/inputs/data/qsiprep/qsiprep/sub-20865/ses-2/dwi/sub-20865_ses-2_space-ACPC_desc-preproc_dwi.nii.gz	0.0006835269993164	0.3449963331222534	0.20207279920578	0.3173995018005371	0.3452323079109192	0.3177506625652313	0.2019402980804443	0.2900587022304535	0.2900616228580475	sub-20865	ses-2				space-ACPC			DSIStudio	autotrackgqi
CranialNerve_CNIIL	rmse	NODDI	/scratch/executivefunction/SLURM_13244013_93/job-13244013-93-sub-20865-ses-2/ds/inputs/data/qsiprep/qsiprep/sub-20865/ses-2/dwi/sub-20865_ses-2_space-ACPC_desc-preproc_dwi.nii.gz	0.0006835269993164	0.0469321981072425	0.0150816924870014	0.044407520443201	0.0469642989337444	0.0444091036915779	0.0150368008762598	0.0473816730082035	0.0473821498453617	sub-20865	ses-2				space-ACPC			DSIStudio	autotrackgqi
CranialNerve_CNIIL	tf	NODDI	/scratch/executivefunction/SLURM_13244013_93/job-13244013-93-sub-20865-ses-2/ds/inputs/data/qsiprep/qsiprep/sub-20865/ses-2/dwi/sub-20865_ses-2_space-ACPC_desc-preproc_dwi.nii.gz	0.0293916609706083	0.7445841344431176	0.3112633653832855	0.8975816965103149	0.7671314004861133	0.9075504243373872	0.2872664352968475	0.7198295401217658	0.7349096012124385	sub-20865	ses-2				space-ACPC			DSIStudio	autotrackgqi
CranialNerve_CNVL	directions	NODDI	/scratch/executivefunction/SLURM_13244013_93/job-13244013-93-sub-20865-ses-2/ds/inputs/data/qsiprep/qsiprep/sub-20865/ses-2/dwi/sub-20865_ses-2_space-ACPC_desc-preproc_dwi.nii.gz	0.0	-0.0448473207652568	0.5756058096885681	-0.1365153938531875	-0.0448473207652568	-0.1365153938531875	0.5756058096885681	-0.1132698208093643		sub-20865	ses-2				space-ACPC			DSIStudio	autotrackgqi
CranialNerve_CNVL	icvf	NODDI	/scratch/executivefunction/SLURM_13244013_93/job-13244013-93-sub-20865-ses-2/ds/inputs/data/qsiprep/qsiprep/sub-20865/ses-2/dwi/sub-20865_ses-2_space-ACPC_desc-preproc_dwi.nii.gz	0.0897959183673469	0.634848952293396	0.2616395354270935	0.6150469183921814	0.697479784488678	0.6330394744873047	0.1775526404380798	0.67644202709198	0.7724725604057312	sub-20865	ses-2				space-ACPC			DSIStudio	autotrackgqi
CranialNerve_CNVL	isovf	NODDI	/scratch/executivefunction/SLURM_13244013_93/job-13244013-93-sub-20865-ses-2/ds/inputs/data/qsiprep/qsiprep/sub-20865/ses-2/dwi/sub-20865_ses-2_space-ACPC_desc-preproc_dwi.nii.gz	0.2236734693877551	0.3117949664592743	0.3509704768657684	0.1319597661495208	0.4016286134719848	0.2351219952106475	0.3501298427581787	0.4080609083175659	0.4567081332206726	sub-20865	ses-2				space-ACPC			DSIStudio	autotrackgqi
CranialNerve_CNVL	modulated_icvf	NODDI	/scratch/executivefunction/SLURM_13244013_93/job-13244013-93-sub-20865-ses-2/ds/inputs/data/qsiprep/qsiprep/sub-20865/ses-2/dwi/sub-20865_ses-2_space-ACPC_desc-preproc_dwi.nii.gz	0.0897959183673469	0.4383443295955658	0.2087478041648864	0.5045454502105713	0.4815890491008758	0.5220888257026672	0.1644639819860458	0.4165260195732116	0.4756577610969543	sub-20865	ses-2				space-ACPC			DSIStudio	autotrackgqi
CranialNerve_CNVL	modulated_od	NODDI	/scratch/executivefunction/SLURM_13244013_93/job-13244013-93-sub-20865-ses-2/ds/inputs/data/qsiprep/qsiprep/sub-20865/ses-2/dwi/sub-20865_ses-2_space-ACPC_desc-preproc_dwi.nii.gz	0.0016326530612244	0.2293895035982132	0.1827412098646164	0.2040862739086151	0.2297646254301071	0.2042549401521682	0.182654783129692	0.1740907132625579	0.1741866618394851	sub-20865	ses-2				space-ACPC			DSIStudio	autotrackgqi
CranialNerve_CNVL	nrmse	NODDI	/scratch/executivefunction/SLURM_13244013_93/job-13244013-93-sub-20865-ses-2/ds/inputs/data/qsiprep/qsiprep/sub-20865/ses-2/dwi/sub-20865_ses-2_space-ACPC_desc-preproc_dwi.nii.gz	0.0040816326530612	0.1315327584743499	0.0588866882026195	0.1159292086958885	0.1320718228816986	0.1162555441260337	0.0584008432924747	0.1478207409381866	0.1480909585952758	sub-20865	ses-2				space-ACPC			DSIStudio	autotrackgqi
CranialNerve_CNVL	od	NODDI	/scratch/executivefunction/SLURM_13244013_93/job-13244013-93-sub-20865-ses-2/ds/inputs/data/qsiprep/qsiprep/sub-20865/ses-2/dwi/sub-20865_ses-2_space-ACPC_desc-preproc_dwi.nii.gz	0.0	0.3798732459545135	0.2501448690891266	0.3584588468074798	0.3798732459545135	0.3584588468074798	0.2501448690891266	0.3631791472434997	0.3631791472434997	sub-20865	ses-2				space-ACPC			DSIStudio	autotrackgqi
CranialNerve_CNVL	rmse	NODDI	/scratch/executivefunction/SLURM_13244013_93/job-13244013-93-sub-20865-ses-2/ds/inputs/data/qsiprep/qsiprep/sub-20865/ses-2/dwi/sub-20865_ses-2_space-ACPC_desc-preproc_dwi.nii.gz	0.0040816326530612	0.0485193058848381	0.0173495393246412	0.0470273829996585	0.0487181544303894	0.0470655933022499	0.0171041656285524	0.0531861931085586	0.0532834157347679	sub-20865	ses-2				space-ACPC			DSIStudio	autotrackgqi
CranialNerve_CNVL	tf	NODDI	/scratch/executivefunction/SLURM_13244013_93/job-13244013-93-sub-20865-ses-2/ds/inputs/data/qsiprep/qsiprep/sub-20865/ses-2/dwi/sub-20865_ses-2_space-ACPC_desc-preproc_dwi.nii.gz	0.0857142857142857	0.6882050346355049	0.3509704652933813	0.8680402040481567	0.7527242566325835	0.8870375156402588	0.293535745984859	0.591939106059523	0.6745676527161216	sub-20865	ses-2				space-ACPC			DSIStudio	autotrackgqi
