bundle	variable_name	qsirecon_suffix	source_file	zero_proportion	mean	stdev	median	masked_mean	masked_median	masked_stdev	weighted_mean	masked_weighted_mean	subject_id	session_id	task_id	dir_id	acq_id	space_id	rec_id	run_id	bundle_source	bundle_params_id
Association_ParietalAslantTractR	directions	NODDI	/scratch/executivefunction/SLURM_13244013_116/job-13244013-116-sub-20966-ses-3/ds/inputs/data/qsiprep/qsiprep/sub-20966/ses-3/dwi/sub-20966_ses-3_space-ACPC_desc-preproc_dwi.nii.gz	15.0	-0.1161709278821945	0.5648191571235657	-0.148890882730484	-0.1164563596248626	-0.1500255912542343	0.5654832124710083	-0.2920376062393188		sub-20966	ses-3				space-ACPC			DSIStudio	autotrackgqi
Association_ParietalAslantTractR	icvf	NODDI	/scratch/executivefunction/SLURM_13244013_116/job-13244013-116-sub-20966-ses-3/ds/inputs/data/qsiprep/qsiprep/sub-20966/ses-3/dwi/sub-20966_ses-3_space-ACPC_desc-preproc_dwi.nii.gz	0.0068627450980392	0.4426411986351013	0.1511385589838028	0.4236363768577575	0.44569993019104	0.4236363768577575	0.1470967084169387	0.5338988900184631	0.5343732833862305	sub-20966	ses-3				space-ACPC			DSIStudio	autotrackgqi
Association_ParietalAslantTractR	isovf	NODDI	/scratch/executivefunction/SLURM_13244013_116/job-13244013-116-sub-20966-ses-3/ds/inputs/data/qsiprep/qsiprep/sub-20966/ses-3/dwi/sub-20966_ses-3_space-ACPC_desc-preproc_dwi.nii.gz	0.569281045751634	0.063130997121334	0.1359356939792633	0.0	0.1465712040662765	0.0933911129832267	0.1751331388950348	0.0636369064450264	0.0997164323925972	sub-20966	ses-3				space-ACPC			DSIStudio	autotrackgqi
Association_ParietalAslantTractR	modulated_icvf	NODDI	/scratch/executivefunction/SLURM_13244013_116/job-13244013-116-sub-20966-ses-3/ds/inputs/data/qsiprep/qsiprep/sub-20966/ses-3/dwi/sub-20966_ses-3_space-ACPC_desc-preproc_dwi.nii.gz	0.0068627450980392	0.4138806164264679	0.1378670930862426	0.4201776683330536	0.4167406260967254	0.4215747416019439	0.1339656859636306	0.4965313076972961	0.4969725012779236	sub-20966	ses-3				space-ACPC			DSIStudio	autotrackgqi
Association_ParietalAslantTractR	modulated_od	NODDI	/scratch/executivefunction/SLURM_13244013_116/job-13244013-116-sub-20966-ses-3/ds/inputs/data/qsiprep/qsiprep/sub-20966/ses-3/dwi/sub-20966_ses-3_space-ACPC_desc-preproc_dwi.nii.gz	0.0066993464052287	0.3386473953723907	0.1794980019330978	0.3260225653648376	0.3409313857555389	0.3282626569271087	0.1779273599386215	0.250123530626297	0.2503359615802765	sub-20966	ses-3				space-ACPC			DSIStudio	autotrackgqi
Association_ParietalAslantTractR	nrmse	NODDI	/scratch/executivefunction/SLURM_13244013_116/job-13244013-116-sub-20966-ses-3/ds/inputs/data/qsiprep/qsiprep/sub-20966/ses-3/dwi/sub-20966_ses-3_space-ACPC_desc-preproc_dwi.nii.gz	0.0024509803921568	0.0868287160992622	0.0288190133869647	0.081575408577919	0.0870420485734939	0.0816555917263031	0.0285308025777339	0.0902387723326683	0.090252049267292	sub-20966	ses-3				space-ACPC			DSIStudio	autotrackgqi
Association_ParietalAslantTractR	od	NODDI	/scratch/executivefunction/SLURM_13244013_116/job-13244013-116-sub-20966-ses-3/ds/inputs/data/qsiprep/qsiprep/sub-20966/ses-3/dwi/sub-20966_ses-3_space-ACPC_desc-preproc_dwi.nii.gz	0.0024509803921568	0.3644022643566131	0.1851557940244674	0.356433093547821	0.3652975857257843	0.3571387529373169	0.1844988763332367	0.2648727297782898	0.2649117112159729	sub-20966	ses-3				space-ACPC			DSIStudio	autotrackgqi
Association_ParietalAslantTractR	rmse	NODDI	/scratch/executivefunction/SLURM_13244013_116/job-13244013-116-sub-20966-ses-3/ds/inputs/data/qsiprep/qsiprep/sub-20966/ses-3/dwi/sub-20966_ses-3_space-ACPC_desc-preproc_dwi.nii.gz	0.0024509803921568	0.0343838073313236	0.0128605188801884	0.0319247171282768	0.0344682857394218	0.0319774486124515	0.0127627346664667	0.0376721620559692	0.0376777052879333	sub-20966	ses-3				space-ACPC			DSIStudio	autotrackgqi
Association_ParietalAslantTractR	tf	NODDI	/scratch/executivefunction/SLURM_13244013_116/job-13244013-116-sub-20966-ses-3/ds/inputs/data/qsiprep/qsiprep/sub-20966/ses-3/dwi/sub-20966_ses-3_space-ACPC_desc-preproc_dwi.nii.gz	0.0068627450980392	0.9344180266938956	0.1435758240168259	1.0	0.9408750120708526	1.0	0.1211661972918955	0.936215921653816	0.9370477874171312	sub-20966	ses-3				space-ACPC			DSIStudio	autotrackgqi
Association_InferiorLongitudinalFasciculusR	directions	NODDI	/scratch/executivefunction/SLURM_13244013_116/job-13244013-116-sub-20966-ses-3/ds/inputs/data/qsiprep/qsiprep/sub-20966/ses-3/dwi/sub-20966_ses-3_space-ACPC_desc-preproc_dwi.nii.gz	32.0	-0.0184244159609079	0.5759677290916443	-0.0340432114899158	-0.0184940490871667	-0.0375743210315704	0.5770540237426758	0.1546334475278854		sub-20966	ses-3				space-ACPC			DSIStudio	autotrackgqi
Association_InferiorLongitudinalFasciculusR	icvf	NODDI	/scratch/executivefunction/SLURM_13244013_116/job-13244013-116-sub-20966-ses-3/ds/inputs/data/qsiprep/qsiprep/sub-20966/ses-3/dwi/sub-20966_ses-3_space-ACPC_desc-preproc_dwi.nii.gz	0.0074126367807977	0.4587339162826538	0.1461656987667083	0.4378848969936371	0.4621597230434418	0.4407448172569275	0.1412114799022674	0.5278140306472778	0.528385579586029	sub-20966	ses-3				space-ACPC			DSIStudio	autotrackgqi
Association_InferiorLongitudinalFasciculusR	isovf	NODDI	/scratch/executivefunction/SLURM_13244013_116/job-13244013-116-sub-20966-ses-3/ds/inputs/data/qsiprep/qsiprep/sub-20966/ses-3/dwi/sub-20966_ses-3_space-ACPC_desc-preproc_dwi.nii.gz	0.523826332509707	0.0681213289499282	0.1341513246297836	0.0	0.1430598497390747	0.0974172875285148	0.1645401120185852	0.0622938238084316	0.0962079912424087	sub-20966	ses-3				space-ACPC			DSIStudio	autotrackgqi
Association_InferiorLongitudinalFasciculusR	modulated_icvf	NODDI	/scratch/executivefunction/SLURM_13244013_116/job-13244013-116-sub-20966-ses-3/ds/inputs/data/qsiprep/qsiprep/sub-20966/ses-3/dwi/sub-20966_ses-3_space-ACPC_desc-preproc_dwi.nii.gz	0.0074126367807977	0.4237774908542633	0.1294220983982086	0.4236363768577575	0.4269422590732574	0.4236363768577575	0.124595321714878	0.4912874698638916	0.4918195009231567	sub-20966	ses-3				space-ACPC			DSIStudio	autotrackgqi
Association_InferiorLongitudinalFasciculusR	modulated_od	NODDI	/scratch/executivefunction/SLURM_13244013_116/job-13244013-116-sub-20966-ses-3/ds/inputs/data/qsiprep/qsiprep/sub-20966/ses-3/dwi/sub-20966_ses-3_space-ACPC_desc-preproc_dwi.nii.gz	0.0069419931756677	0.3144948780536651	0.1768366247415542	0.2995375394821167	0.3166933357715606	0.3017866611480713	0.1754809021949768	0.2197000980377197	0.2199155986309051	sub-20966	ses-3				space-ACPC			DSIStudio	autotrackgqi
Association_InferiorLongitudinalFasciculusR	nrmse	NODDI	/scratch/executivefunction/SLURM_13244013_116/job-13244013-116-sub-20966-ses-3/ds/inputs/data/qsiprep/qsiprep/sub-20966/ses-3/dwi/sub-20966_ses-3_space-ACPC_desc-preproc_dwi.nii.gz	0.0037651488410401	0.0938517674803733	0.0321536846458911	0.0877643972635269	0.0942064672708511	0.087889976799488	0.0316915065050125	0.0983301624655723	0.0983669608831405	sub-20966	ses-3				space-ACPC			DSIStudio	autotrackgqi
Association_InferiorLongitudinalFasciculusR	od	NODDI	/scratch/executivefunction/SLURM_13244013_116/job-13244013-116-sub-20966-ses-3/ds/inputs/data/qsiprep/qsiprep/sub-20966/ses-3/dwi/sub-20966_ses-3_space-ACPC_desc-preproc_dwi.nii.gz	0.0037651488410401	0.3381423056125641	0.183924064040184	0.3235558867454529	0.3394202888011932	0.3246212899684906	0.1830905228853225	0.2323447465896606	0.2324316948652267	sub-20966	ses-3				space-ACPC			DSIStudio	autotrackgqi
Association_InferiorLongitudinalFasciculusR	rmse	NODDI	/scratch/executivefunction/SLURM_13244013_116/job-13244013-116-sub-20966-ses-3/ds/inputs/data/qsiprep/qsiprep/sub-20966/ses-3/dwi/sub-20966_ses-3_space-ACPC_desc-preproc_dwi.nii.gz	0.0037651488410401	0.0373814739286899	0.0159263722598552	0.0343415923416614	0.0375227518379688	0.0343936942517757	0.0157894529402256	0.0410024113953113	0.0410177521407604	sub-20966	ses-3				space-ACPC			DSIStudio	autotrackgqi
Association_InferiorLongitudinalFasciculusR	tf	NODDI	/scratch/executivefunction/SLURM_13244013_116/job-13244013-116-sub-20966-ses-3/ds/inputs/data/qsiprep/qsiprep/sub-20966/ses-3/dwi/sub-20966_ses-3_space-ACPC_desc-preproc_dwi.nii.gz	0.0074126367807977	0.9281135149556956	0.1457208767626826	1.0	0.9350446614045111	1.0	0.122115609638377	0.9373322074364246	0.938347280411523	sub-20966	ses-3				space-ACPC			DSIStudio	autotrackgqi
Association_SuperiorLongitudinalFasciculusR	directions	NODDI	/scratch/executivefunction/SLURM_13244013_116/job-13244013-116-sub-20966-ses-3/ds/inputs/data/qsiprep/qsiprep/sub-20966/ses-3/dwi/sub-20966_ses-3_space-ACPC_desc-preproc_dwi.nii.gz	0.0	-0.0859853103756904	0.5709114074707031	-0.1031436920166015	-0.0859853103756904	-0.1031436920166015	0.5709114074707031	-0.2725683450698852		sub-20966	ses-3				space-ACPC			DSIStudio	autotrackgqi
Association_SuperiorLongitudinalFasciculusR	icvf	NODDI	/scratch/executivefunction/SLURM_13244013_116/job-13244013-116-sub-20966-ses-3/ds/inputs/data/qsiprep/qsiprep/sub-20966/ses-3/dwi/sub-20966_ses-3_space-ACPC_desc-preproc_dwi.nii.gz	0.0054723799690242	0.491284042596817	0.1606079638004303	0.4747414290904999	0.4939873218536377	0.4765762984752655	0.1568485349416732	0.6227219700813293	0.6230084300041199	sub-20966	ses-3				space-ACPC			DSIStudio	autotrackgqi
Association_SuperiorLongitudinalFasciculusR	isovf	NODDI	/scratch/executivefunction/SLURM_13244013_116/job-13244013-116-sub-20966-ses-3/ds/inputs/data/qsiprep/qsiprep/sub-20966/ses-3/dwi/sub-20966_ses-3_space-ACPC_desc-preproc_dwi.nii.gz	0.4790913784202374	0.0708143785595893	0.1324090212583542	0.0111741507425904	0.1359439641237259	0.1002993658185005	0.1574893146753311	0.0845409035682678	0.1053727194666862	sub-20966	ses-3				space-ACPC			DSIStudio	autotrackgqi
Association_SuperiorLongitudinalFasciculusR	modulated_icvf	NODDI	/scratch/executivefunction/SLURM_13244013_116/job-13244013-116-sub-20966-ses-3/ds/inputs/data/qsiprep/qsiprep/sub-20966/ses-3/dwi/sub-20966_ses-3_space-ACPC_desc-preproc_dwi.nii.gz	0.0054723799690242	0.4558779299259186	0.1430046558380127	0.463370680809021	0.4583863914012909	0.4647179245948791	0.139330580830574	0.5658486485481262	0.5661089420318604	sub-20966	ses-3				space-ACPC			DSIStudio	autotrackgqi
Association_SuperiorLongitudinalFasciculusR	modulated_od	NODDI	/scratch/executivefunction/SLURM_13244013_116/job-13244013-116-sub-20966-ses-3/ds/inputs/data/qsiprep/qsiprep/sub-20966/ses-3/dwi/sub-20966_ses-3_space-ACPC_desc-preproc_dwi.nii.gz	0.0044398554465668	0.3086868226528168	0.1683308482170105	0.2854521572589874	0.3100634515285492	0.2868450880050659	0.1674359291791916	0.2096580266952514	0.2097507268190384	sub-20966	ses-3				space-ACPC			DSIStudio	autotrackgqi
Association_SuperiorLongitudinalFasciculusR	nrmse	NODDI	/scratch/executivefunction/SLURM_13244013_116/job-13244013-116-sub-20966-ses-3/ds/inputs/data/qsiprep/qsiprep/sub-20966/ses-3/dwi/sub-20966_ses-3_space-ACPC_desc-preproc_dwi.nii.gz	0.0	0.092192992568016	0.0298283286392688	0.0864291712641716	0.092192992568016	0.0864291712641716	0.0298283286392688	0.1051338016986846	0.1051338016986846	sub-20966	ses-3				space-ACPC			DSIStudio	autotrackgqi
Association_SuperiorLongitudinalFasciculusR	od	NODDI	/scratch/executivefunction/SLURM_13244013_116/job-13244013-116-sub-20966-ses-3/ds/inputs/data/qsiprep/qsiprep/sub-20966/ses-3/dwi/sub-20966_ses-3_space-ACPC_desc-preproc_dwi.nii.gz	0.0	0.3370387852191925	0.1800634413957595	0.3148624300956726	0.3370387852191925	0.3148624300956726	0.1800634413957595	0.2285666167736053	0.2285666167736053	sub-20966	ses-3				space-ACPC			DSIStudio	autotrackgqi
Association_SuperiorLongitudinalFasciculusR	rmse	NODDI	/scratch/executivefunction/SLURM_13244013_116/job-13244013-116-sub-20966-ses-3/ds/inputs/data/qsiprep/qsiprep/sub-20966/ses-3/dwi/sub-20966_ses-3_space-ACPC_desc-preproc_dwi.nii.gz	0.0	0.0377396419644355	0.0147407446056604	0.0347582548856735	0.0377396419644355	0.0347582548856735	0.0147407446056604	0.0458782128989696	0.0458782128989696	sub-20966	ses-3				space-ACPC			DSIStudio	autotrackgqi
Association_SuperiorLongitudinalFasciculusR	tf	NODDI	/scratch/executivefunction/SLURM_13244013_116/job-13244013-116-sub-20966-ses-3/ds/inputs/data/qsiprep/qsiprep/sub-20966/ses-3/dwi/sub-20966_ses-3_space-ACPC_desc-preproc_dwi.nii.gz	0.0054723799690242	0.9291856135851831	0.1324090161684205	0.9888258576393129	0.934298449706447	0.990230679512024	0.1133653527200301	0.9154590970005066	0.915880154710648	sub-20966	ses-3				space-ACPC			DSIStudio	autotrackgqi
Association_MiddleLongitudinalFasciculusL	directions	NODDI	/scratch/executivefunction/SLURM_13244013_116/job-13244013-116-sub-20966-ses-3/ds/inputs/data/qsiprep/qsiprep/sub-20966/ses-3/dwi/sub-20966_ses-3_space-ACPC_desc-preproc_dwi.nii.gz	7.0	-0.0379135981202125	0.5755876302719116	-0.0734666138887405	-0.0379813686013221	-0.075280837714672	0.5760995745658875	-0.2771297991275787		sub-20966	ses-3				space-ACPC			DSIStudio	autotrackgqi
Association_MiddleLongitudinalFasciculusL	icvf	NODDI	/scratch/executivefunction/SLURM_13244013_116/job-13244013-116-sub-20966-ses-3/ds/inputs/data/qsiprep/qsiprep/sub-20966/ses-3/dwi/sub-20966_ses-3_space-ACPC_desc-preproc_dwi.nii.gz	0.0043334183023196	0.4663001596927643	0.1418509781360626	0.4532879292964935	0.4683296382427215	0.4544778764247894	0.1387761235237121	0.572113037109375	0.5722105503082275	sub-20966	ses-3				space-ACPC			DSIStudio	autotrackgqi
Association_MiddleLongitudinalFasciculusL	isovf	NODDI	/scratch/executivefunction/SLURM_13244013_116/job-13244013-116-sub-20966-ses-3/ds/inputs/data/qsiprep/qsiprep/sub-20966/ses-3/dwi/sub-20966_ses-3_space-ACPC_desc-preproc_dwi.nii.gz	0.5187356614835585	0.0633840858936309	0.1247994154691696	0.0	0.1317032575607299	0.0948335975408554	0.1528548151254654	0.0711715146899223	0.0935974493622779	sub-20966	ses-3				space-ACPC			DSIStudio	autotrackgqi
Association_MiddleLongitudinalFasciculusL	modulated_icvf	NODDI	/scratch/executivefunction/SLURM_13244013_116/job-13244013-116-sub-20966-ses-3/ds/inputs/data/qsiprep/qsiprep/sub-20966/ses-3/dwi/sub-20966_ses-3_space-ACPC_desc-preproc_dwi.nii.gz	0.0043334183023196	0.4338684976100921	0.1261899322271347	0.438361793756485	0.4357568323612213	0.4394401311874389	0.1231680065393447	0.5278171300888062	0.5279070734977722	sub-20966	ses-3				space-ACPC			DSIStudio	autotrackgqi
Association_MiddleLongitudinalFasciculusL	modulated_od	NODDI	/scratch/executivefunction/SLURM_13244013_116/job-13244013-116-sub-20966-ses-3/ds/inputs/data/qsiprep/qsiprep/sub-20966/ses-3/dwi/sub-20966_ses-3_space-ACPC_desc-preproc_dwi.nii.gz	0.0038236043843996	0.3287944197654724	0.1761364042758941	0.2991032004356384	0.3300564289093017	0.3007097244262695	0.1752899885177612	0.2358128577470779	0.2358480393886566	sub-20966	ses-3				space-ACPC			DSIStudio	autotrackgqi
Association_MiddleLongitudinalFasciculusL	nrmse	NODDI	/scratch/executivefunction/SLURM_13244013_116/job-13244013-116-sub-20966-ses-3/ds/inputs/data/qsiprep/qsiprep/sub-20966/ses-3/dwi/sub-20966_ses-3_space-ACPC_desc-preproc_dwi.nii.gz	0.0017843487127198	0.0959343984723091	0.0309919193387031	0.0896721929311752	0.0961058884859085	0.0897469371557235	0.030752807855606	0.101160317659378	0.101164735853672	sub-20966	ses-3				space-ACPC			DSIStudio	autotrackgqi
Association_MiddleLongitudinalFasciculusL	od	NODDI	/scratch/executivefunction/SLURM_13244013_116/job-13244013-116-sub-20966-ses-3/ds/inputs/data/qsiprep/qsiprep/sub-20966/ses-3/dwi/sub-20966_ses-3_space-ACPC_desc-preproc_dwi.nii.gz	0.0017843487127198	0.354042649269104	0.1849837005138397	0.3283302783966064	0.3546755015850067	0.3287718892097473	0.1845418065786361	0.2517684698104858	0.2517794370651245	sub-20966	ses-3				space-ACPC			DSIStudio	autotrackgqi
Association_MiddleLongitudinalFasciculusL	rmse	NODDI	/scratch/executivefunction/SLURM_13244013_116/job-13244013-116-sub-20966-ses-3/ds/inputs/data/qsiprep/qsiprep/sub-20966/ses-3/dwi/sub-20966_ses-3_space-ACPC_desc-preproc_dwi.nii.gz	0.0017843487127198	0.0385130047798156	0.0140888756141066	0.0356597453355789	0.0385818481445312	0.0357022434473037	0.0140069667249917	0.0429761223495006	0.0429780036211013	sub-20966	ses-3				space-ACPC			DSIStudio	autotrackgqi
Association_MiddleLongitudinalFasciculusL	tf	NODDI	/scratch/executivefunction/SLURM_13244013_116/job-13244013-116-sub-20966-ses-3/ds/inputs/data/qsiprep/qsiprep/sub-20966/ses-3/dwi/sub-20966_ses-3_space-ACPC_desc-preproc_dwi.nii.gz	0.0043334183023196	0.934831566996578	0.1308810952325639	1.0	0.938900214369579	1.0	0.1156907996578918	0.928784934580448	0.9289432335278196	sub-20966	ses-3				space-ACPC			DSIStudio	autotrackgqi
Association_VerticalOccipitalFasciculusL	directions	NODDI	/scratch/executivefunction/SLURM_13244013_116/job-13244013-116-sub-20966-ses-3/ds/inputs/data/qsiprep/qsiprep/sub-20966/ses-3/dwi/sub-20966_ses-3_space-ACPC_desc-preproc_dwi.nii.gz	42.0	-0.0755254179239273	0.5672273635864258	-0.0981270670890808	-0.0768821612000465	-0.1154592931270599	0.5722084045410156	-0.2485667765140533		sub-20966	ses-3				space-ACPC			DSIStudio	autotrackgqi
Association_VerticalOccipitalFasciculusL	icvf	NODDI	/scratch/executivefunction/SLURM_13244013_116/job-13244013-116-sub-20966-ses-3/ds/inputs/data/qsiprep/qsiprep/sub-20966/ses-3/dwi/sub-20966_ses-3_space-ACPC_desc-preproc_dwi.nii.gz	0.0302521008403361	0.4504404664039612	0.1560028642416	0.4394288063049316	0.4644923508167267	0.4495189785957336	0.1362685561180114	0.5329314470291138	0.5356573462486267	sub-20966	ses-3				space-ACPC			DSIStudio	autotrackgqi
Association_VerticalOccipitalFasciculusL	isovf	NODDI	/scratch/executivefunction/SLURM_13244013_116/job-13244013-116-sub-20966-ses-3/ds/inputs/data/qsiprep/qsiprep/sub-20966/ses-3/dwi/sub-20966_ses-3_space-ACPC_desc-preproc_dwi.nii.gz	0.5424369747899159	0.0725112035870552	0.1625859588384628	0.0	0.1584725975990295	0.0929717943072319	0.2101170569658279	0.0574896074831485	0.0977179706096649	sub-20966	ses-3				space-ACPC			DSIStudio	autotrackgqi
Association_VerticalOccipitalFasciculusL	modulated_icvf	NODDI	/scratch/executivefunction/SLURM_13244013_116/job-13244013-116-sub-20966-ses-3/ds/inputs/data/qsiprep/qsiprep/sub-20966/ses-3/dwi/sub-20966_ses-3_space-ACPC_desc-preproc_dwi.nii.gz	0.0302521008403361	0.4212919175624847	0.1461092978715896	0.4297139048576355	0.4344344735145569	0.4412242174148559	0.1276883482933044	0.4998688697814941	0.5024256706237793	sub-20966	ses-3				space-ACPC			DSIStudio	autotrackgqi
Association_VerticalOccipitalFasciculusL	modulated_od	NODDI	/scratch/executivefunction/SLURM_13244013_116/job-13244013-116-sub-20966-ses-3/ds/inputs/data/qsiprep/qsiprep/sub-20966/ses-3/dwi/sub-20966_ses-3_space-ACPC_desc-preproc_dwi.nii.gz	0.0302521008403361	0.3943483531475067	0.1765146255493164	0.3893777132034302	0.4066503643989563	0.3987809419631958	0.1647020578384399	0.3500688374042511	0.3518593907356262	sub-20966	ses-3				space-ACPC			DSIStudio	autotrackgqi
Association_VerticalOccipitalFasciculusL	nrmse	NODDI	/scratch/executivefunction/SLURM_13244013_116/job-13244013-116-sub-20966-ses-3/ds/inputs/data/qsiprep/qsiprep/sub-20966/ses-3/dwi/sub-20966_ses-3_space-ACPC_desc-preproc_dwi.nii.gz	0.0176470588235294	0.0820198282599449	0.0333291254937648	0.0745706260204315	0.0834932327270507	0.0749856978654861	0.0317453294992446	0.0792321264743805	0.079454094171524	sub-20966	ses-3				space-ACPC			DSIStudio	autotrackgqi
Association_VerticalOccipitalFasciculusL	od	NODDI	/scratch/executivefunction/SLURM_13244013_116/job-13244013-116-sub-20966-ses-3/ds/inputs/data/qsiprep/qsiprep/sub-20966/ses-3/dwi/sub-20966_ses-3_space-ACPC_desc-preproc_dwi.nii.gz	0.0176470588235294	0.435345709323883	0.1858246922492981	0.4291425347328186	0.4431662857532501	0.4335024058818817	0.1780036836862564	0.3714086413383484	0.3724491596221924	sub-20966	ses-3				space-ACPC			DSIStudio	autotrackgqi
Association_VerticalOccipitalFasciculusL	rmse	NODDI	/scratch/executivefunction/SLURM_13244013_116/job-13244013-116-sub-20966-ses-3/ds/inputs/data/qsiprep/qsiprep/sub-20966/ses-3/dwi/sub-20966_ses-3_space-ACPC_desc-preproc_dwi.nii.gz	0.0176470588235294	0.032238982617855	0.0136478003114461	0.0293592512607574	0.0328181274235248	0.0295720882713794	0.0130614731460809	0.0326662510633468	0.0327577628195285	sub-20966	ses-3				space-ACPC			DSIStudio	autotrackgqi
Association_VerticalOccipitalFasciculusL	tf	NODDI	/scratch/executivefunction/SLURM_13244013_116/job-13244013-116-sub-20966-ses-3/ds/inputs/data/qsiprep/qsiprep/sub-20966/ses-3/dwi/sub-20966_ses-3_space-ACPC_desc-preproc_dwi.nii.gz	0.0302521008403361	0.9098417372763656	0.2030039789901688	1.0	0.9382250150423528	1.0	0.1259615578926732	0.939716732246642	0.944523342889814	sub-20966	ses-3				space-ACPC			DSIStudio	autotrackgqi
Association_ExtremeCapsuleL	directions	NODDI	/scratch/executivefunction/SLURM_13244013_116/job-13244013-116-sub-20966-ses-3/ds/inputs/data/qsiprep/qsiprep/sub-20966/ses-3/dwi/sub-20966_ses-3_space-ACPC_desc-preproc_dwi.nii.gz	0.0	-0.0027826132718473	0.5773435831069946	-0.0385958142578601	-0.0027826132718473	-0.0385958142578601	0.5773435831069946	0.1119099408388137		sub-20966	ses-3				space-ACPC			DSIStudio	autotrackgqi
Association_ExtremeCapsuleL	icvf	NODDI	/scratch/executivefunction/SLURM_13244013_116/job-13244013-116-sub-20966-ses-3/ds/inputs/data/qsiprep/qsiprep/sub-20966/ses-3/dwi/sub-20966_ses-3_space-ACPC_desc-preproc_dwi.nii.gz	0.0115273775216138	0.4756161272525787	0.1595164984464645	0.4666270315647125	0.4811626672744751	0.4710497260093689	0.151899516582489	0.5325908660888672	0.5333271622657776	sub-20966	ses-3				space-ACPC			DSIStudio	autotrackgqi
Association_ExtremeCapsuleL	isovf	NODDI	/scratch/executivefunction/SLURM_13244013_116/job-13244013-116-sub-20966-ses-3/ds/inputs/data/qsiprep/qsiprep/sub-20966/ses-3/dwi/sub-20966_ses-3_space-ACPC_desc-preproc_dwi.nii.gz	0.4495677233429395	0.0876108705997467	0.1655227243900299	0.0295688826590776	0.159167394042015	0.0989132672548294	0.1959222853183746	0.0601764544844627	0.0976303592324256	sub-20966	ses-3				space-ACPC			DSIStudio	autotrackgqi
Association_ExtremeCapsuleL	modulated_icvf	NODDI	/scratch/executivefunction/SLURM_13244013_116/job-13244013-116-sub-20966-ses-3/ds/inputs/data/qsiprep/qsiprep/sub-20966/ses-3/dwi/sub-20966_ses-3_space-ACPC_desc-preproc_dwi.nii.gz	0.0115273775216138	0.4369530379772186	0.1490910500288009	0.4504082798957824	0.4420486986637115	0.4545150101184845	0.1422491818666458	0.4971511960029602	0.4978384375572204	sub-20966	ses-3				space-ACPC			DSIStudio	autotrackgqi
Association_ExtremeCapsuleL	modulated_od	NODDI	/scratch/executivefunction/SLURM_13244013_116/job-13244013-116-sub-20966-ses-3/ds/inputs/data/qsiprep/qsiprep/sub-20966/ses-3/dwi/sub-20966_ses-3_space-ACPC_desc-preproc_dwi.nii.gz	0.0073154511194857	0.2866257131099701	0.1695144027471542	0.2611506283283233	0.2887379825115204	0.2618141770362854	0.1683359742164611	0.2573616802692413	0.2575110793113708	sub-20966	ses-3				space-ACPC			DSIStudio	autotrackgqi
Association_ExtremeCapsuleL	nrmse	NODDI	/scratch/executivefunction/SLURM_13244013_116/job-13244013-116-sub-20966-ses-3/ds/inputs/data/qsiprep/qsiprep/sub-20966/ses-3/dwi/sub-20966_ses-3_space-ACPC_desc-preproc_dwi.nii.gz	0.0	0.0935341939330101	0.0255624782294034	0.0900295823812484	0.0935341939330101	0.0900295823812484	0.0255624782294034	0.1003671437501907	0.1003671437501907	sub-20966	ses-3				space-ACPC			DSIStudio	autotrackgqi
Association_ExtremeCapsuleL	od	NODDI	/scratch/executivefunction/SLURM_13244013_116/job-13244013-116-sub-20966-ses-3/ds/inputs/data/qsiprep/qsiprep/sub-20966/ses-3/dwi/sub-20966_ses-3_space-ACPC_desc-preproc_dwi.nii.gz	0.0	0.3281947672367096	0.1973512172698974	0.2917576134204864	0.3281947672367096	0.2917576134204864	0.1973512172698974	0.2752012014389038	0.2752012014389038	sub-20966	ses-3				space-ACPC			DSIStudio	autotrackgqi
Association_ExtremeCapsuleL	rmse	NODDI	/scratch/executivefunction/SLURM_13244013_116/job-13244013-116-sub-20966-ses-3/ds/inputs/data/qsiprep/qsiprep/sub-20966/ses-3/dwi/sub-20966_ses-3_space-ACPC_desc-preproc_dwi.nii.gz	0.0	0.0375869534909725	0.0124558648094534	0.0359509773552417	0.0375869534909725	0.0359509773552417	0.0124558648094534	0.0419662147760391	0.0419662147760391	sub-20966	ses-3				space-ACPC			DSIStudio	autotrackgqi
Association_ExtremeCapsuleL	tf	NODDI	/scratch/executivefunction/SLURM_13244013_116/job-13244013-116-sub-20966-ses-3/ds/inputs/data/qsiprep/qsiprep/sub-20966/ses-3/dwi/sub-20966_ses-3_space-ACPC_desc-preproc_dwi.nii.gz	0.0115273775216138	0.9123891280194762	0.1655227205597557	0.9704310894012452	0.9230292344686828	0.9741012454032898	0.1337764898807143	0.939823546725556	0.94112271449457	sub-20966	ses-3				space-ACPC			DSIStudio	autotrackgqi
Association_HippocampusAlveusL	directions	NODDI	/scratch/executivefunction/SLURM_13244013_116/job-13244013-116-sub-20966-ses-3/ds/inputs/data/qsiprep/qsiprep/sub-20966/ses-3/dwi/sub-20966_ses-3_space-ACPC_desc-preproc_dwi.nii.gz	0.0	-0.099720798432827	0.5686731338500977	-0.1996567398309707	-0.099720798432827	-0.1996567398309707	0.5686731338500977	-0.3652321994304657		sub-20966	ses-3				space-ACPC			DSIStudio	autotrackgqi
Association_HippocampusAlveusL	icvf	NODDI	/scratch/executivefunction/SLURM_13244013_116/job-13244013-116-sub-20966-ses-3/ds/inputs/data/qsiprep/qsiprep/sub-20966/ses-3/dwi/sub-20966_ses-3_space-ACPC_desc-preproc_dwi.nii.gz	0.0226828314430973	0.4155255258083343	0.1546388268470764	0.3854659497737884	0.4251695871353149	0.3891832828521728	0.1427158713340759	0.4550735354423523	0.4586549699306488	sub-20966	ses-3				space-ACPC			DSIStudio	autotrackgqi
Association_HippocampusAlveusL	isovf	NODDI	/scratch/executivefunction/SLURM_13244013_116/job-13244013-116-sub-20966-ses-3/ds/inputs/data/qsiprep/qsiprep/sub-20966/ses-3/dwi/sub-20966_ses-3_space-ACPC_desc-preproc_dwi.nii.gz	0.54986312084474	0.1452789455652237	0.2594069242477417	0.0	0.3227439224720001	0.191678985953331	0.3036716282367706	0.1490708589553833	0.2313124984502792	sub-20966	ses-3				space-ACPC			DSIStudio	autotrackgqi
Association_HippocampusAlveusL	modulated_icvf	NODDI	/scratch/executivefunction/SLURM_13244013_116/job-13244013-116-sub-20966-ses-3/ds/inputs/data/qsiprep/qsiprep/sub-20966/ses-3/dwi/sub-20966_ses-3_space-ACPC_desc-preproc_dwi.nii.gz	0.0226828314430973	0.3446380198001861	0.1226861849427223	0.3427272737026214	0.3526368141174316	0.3427272737026214	0.1121631488204002	0.3809930980205536	0.383991539478302	sub-20966	ses-3				space-ACPC			DSIStudio	autotrackgqi
Association_HippocampusAlveusL	modulated_od	NODDI	/scratch/executivefunction/SLURM_13244013_116/job-13244013-116-sub-20966-ses-3/ds/inputs/data/qsiprep/qsiprep/sub-20966/ses-3/dwi/sub-20966_ses-3_space-ACPC_desc-preproc_dwi.nii.gz	0.0160344153304653	0.2725744247436523	0.1789825707674026	0.2570767998695373	0.2770162224769592	0.2606127262115478	0.1769924908876419	0.1842816025018692	0.1855572462081909	sub-20966	ses-3				space-ACPC			DSIStudio	autotrackgqi
Association_HippocampusAlveusL	nrmse	NODDI	/scratch/executivefunction/SLURM_13244013_116/job-13244013-116-sub-20966-ses-3/ds/inputs/data/qsiprep/qsiprep/sub-20966/ses-3/dwi/sub-20966_ses-3_space-ACPC_desc-preproc_dwi.nii.gz	0.0	0.0910457745194435	0.0232516825199127	0.0876903161406517	0.0910457745194435	0.0876903161406517	0.0232516825199127	0.0881600677967071	0.0881600677967071	sub-20966	ses-3				space-ACPC			DSIStudio	autotrackgqi
Association_HippocampusAlveusL	od	NODDI	/scratch/executivefunction/SLURM_13244013_116/job-13244013-116-sub-20966-ses-3/ds/inputs/data/qsiprep/qsiprep/sub-20966/ses-3/dwi/sub-20966_ses-3_space-ACPC_desc-preproc_dwi.nii.gz	0.0	0.3271513879299164	0.1953206658363342	0.305093765258789	0.3271513879299164	0.305093765258789	0.1953206658363342	0.2198430746793747	0.2198430746793747	sub-20966	ses-3				space-ACPC			DSIStudio	autotrackgqi
Association_HippocampusAlveusL	rmse	NODDI	/scratch/executivefunction/SLURM_13244013_116/job-13244013-116-sub-20966-ses-3/ds/inputs/data/qsiprep/qsiprep/sub-20966/ses-3/dwi/sub-20966_ses-3_space-ACPC_desc-preproc_dwi.nii.gz	0.0	0.0338549278676509	0.0103144878521561	0.0325725339353084	0.0338549278676509	0.0325725339353084	0.0103144878521561	0.0335768163204193	0.0335768163204193	sub-20966	ses-3				space-ACPC			DSIStudio	autotrackgqi
Association_HippocampusAlveusL	tf	NODDI	/scratch/executivefunction/SLURM_13244013_116/job-13244013-116-sub-20966-ses-3/ds/inputs/data/qsiprep/qsiprep/sub-20966/ses-3/dwi/sub-20966_ses-3_space-ACPC_desc-preproc_dwi.nii.gz	0.0226828314430973	0.8547210558159164	0.2594069252209786	1.0	0.8745585192962377	1.0	0.226946531566468	0.8509291424541496	0.8576259706222453	sub-20966	ses-3				space-ACPC			DSIStudio	autotrackgqi
Association_SuperiorLongitudinalFasciculusL	directions	NODDI	/scratch/executivefunction/SLURM_13244013_116/job-13244013-116-sub-20966-ses-3/ds/inputs/data/qsiprep/qsiprep/sub-20966/ses-3/dwi/sub-20966_ses-3_space-ACPC_desc-preproc_dwi.nii.gz	54.0	-0.0573780685663223	0.5728704929351807	-0.0908600762486457	-0.057700116187334	-0.0967757329344749	0.5744597911834717	-0.1211729943752288		sub-20966	ses-3				space-ACPC			DSIStudio	autotrackgqi
Association_SuperiorLongitudinalFasciculusL	icvf	NODDI	/scratch/executivefunction/SLURM_13244013_116/job-13244013-116-sub-20966-ses-3/ds/inputs/data/qsiprep/qsiprep/sub-20966/ses-3/dwi/sub-20966_ses-3_space-ACPC_desc-preproc_dwi.nii.gz	0.0149870801033591	0.4813348352909088	0.1663237512111663	0.4642534554004669	0.4886583983898163	0.4683640003204345	0.1565431952476501	0.6033183932304382	0.6042076945304871	sub-20966	ses-3				space-ACPC			DSIStudio	autotrackgqi
Association_SuperiorLongitudinalFasciculusL	isovf	NODDI	/scratch/executivefunction/SLURM_13244013_116/job-13244013-116-sub-20966-ses-3/ds/inputs/data/qsiprep/qsiprep/sub-20966/ses-3/dwi/sub-20966_ses-3_space-ACPC_desc-preproc_dwi.nii.gz	0.4725581395348837	0.0850312784314155	0.16392682492733	0.0154038919135928	0.1612145006656646	0.1023158803582191	0.1966366171836853	0.0860418006777763	0.1107767596840858	sub-20966	ses-3				space-ACPC			DSIStudio	autotrackgqi
Association_SuperiorLongitudinalFasciculusL	modulated_icvf	NODDI	/scratch/executivefunction/SLURM_13244013_116/job-13244013-116-sub-20966-ses-3/ds/inputs/data/qsiprep/qsiprep/sub-20966/ses-3/dwi/sub-20966_ses-3_space-ACPC_desc-preproc_dwi.nii.gz	0.0149870801033591	0.4405262768268585	0.1508053392171859	0.4459957182407379	0.4472289383411407	0.4505575299263	0.1417415291070938	0.5478571057319641	0.5486646294593811	sub-20966	ses-3				space-ACPC			DSIStudio	autotrackgqi
Association_SuperiorLongitudinalFasciculusL	modulated_od	NODDI	/scratch/executivefunction/SLURM_13244013_116/job-13244013-116-sub-20966-ses-3/ds/inputs/data/qsiprep/qsiprep/sub-20966/ses-3/dwi/sub-20966_ses-3_space-ACPC_desc-preproc_dwi.nii.gz	0.0125064599483204	0.3272130489349365	0.1746208369731903	0.3038016557693481	0.3313571512699127	0.3079245090484619	0.1717714667320251	0.238735944032669	0.2389922887086868	sub-20966	ses-3				space-ACPC			DSIStudio	autotrackgqi
Association_SuperiorLongitudinalFasciculusL	nrmse	NODDI	/scratch/executivefunction/SLURM_13244013_116/job-13244013-116-sub-20966-ses-3/ds/inputs/data/qsiprep/qsiprep/sub-20966/ses-3/dwi/sub-20966_ses-3_space-ACPC_desc-preproc_dwi.nii.gz	0.0055813953488372	0.0904507040977478	0.0312526598572731	0.0836035683751106	0.0909583792090416	0.0838488191366195	0.030594665557146	0.1031360030174255	0.1031813621520996	sub-20966	ses-3				space-ACPC			DSIStudio	autotrackgqi
Association_SuperiorLongitudinalFasciculusL	od	NODDI	/scratch/executivefunction/SLURM_13244013_116/job-13244013-116-sub-20966-ses-3/ds/inputs/data/qsiprep/qsiprep/sub-20966/ses-3/dwi/sub-20966_ses-3_space-ACPC_desc-preproc_dwi.nii.gz	0.0055813953488372	0.3672944605350494	0.1916088908910751	0.343167245388031	0.3693559765815735	0.3450469374656677	0.1901541203260421	0.2604018449783325	0.2605163753032684	sub-20966	ses-3				space-ACPC			DSIStudio	autotrackgqi
Association_SuperiorLongitudinalFasciculusL	rmse	NODDI	/scratch/executivefunction/SLURM_13244013_116/job-13244013-116-sub-20966-ses-3/ds/inputs/data/qsiprep/qsiprep/sub-20966/ses-3/dwi/sub-20966_ses-3_space-ACPC_desc-preproc_dwi.nii.gz	0.0055813953488372	0.0365574471652507	0.0151779325678944	0.0332213155925273	0.0367626324295997	0.0333274938166141	0.0149706192314624	0.0445149689912796	0.044534545391798	sub-20966	ses-3				space-ACPC			DSIStudio	autotrackgqi
Association_SuperiorLongitudinalFasciculusL	tf	NODDI	/scratch/executivefunction/SLURM_13244013_116/job-13244013-116-sub-20966-ses-3/ds/inputs/data/qsiprep/qsiprep/sub-20966/ses-3/dwi/sub-20966_ses-3_space-ACPC_desc-preproc_dwi.nii.gz	0.0149870801033591	0.9093873238625144	0.1774064770047228	0.9813057780265808	0.9232237521899084	0.9854886829853058	0.1384839516055591	0.9135186341012156	0.9148651491595472	sub-20966	ses-3				space-ACPC			DSIStudio	autotrackgqi
Association_InferiorLongitudinalFasciculusL	directions	NODDI	/scratch/executivefunction/SLURM_13244013_116/job-13244013-116-sub-20966-ses-3/ds/inputs/data/qsiprep/qsiprep/sub-20966/ses-3/dwi/sub-20966_ses-3_space-ACPC_desc-preproc_dwi.nii.gz	44.0	-0.0590956658124923	0.5729420781135559	-0.120442122220993	-0.0593768320977687	-0.1250710487365722	0.5742889046669006	-0.0227589383721351		sub-20966	ses-3				space-ACPC			DSIStudio	autotrackgqi
Association_InferiorLongitudinalFasciculusL	icvf	NODDI	/scratch/executivefunction/SLURM_13244013_116/job-13244013-116-sub-20966-ses-3/ds/inputs/data/qsiprep/qsiprep/sub-20966/ses-3/dwi/sub-20966_ses-3_space-ACPC_desc-preproc_dwi.nii.gz	0.0073181231166594	0.4798567593097687	0.14215087890625	0.4757930338382721	0.4833942949771881	0.4774142503738403	0.1365496665239334	0.547707200050354	0.5478867292404175	sub-20966	ses-3				space-ACPC			DSIStudio	autotrackgqi
Association_InferiorLongitudinalFasciculusL	isovf	NODDI	/scratch/executivefunction/SLURM_13244013_116/job-13244013-116-sub-20966-ses-3/ds/inputs/data/qsiprep/qsiprep/sub-20966/ses-3/dwi/sub-20966_ses-3_space-ACPC_desc-preproc_dwi.nii.gz	0.4861170899698666	0.0599541813135147	0.1061252579092979	0.0081141013652086	0.1166689470410347	0.0941839143633842	0.1236921548843383	0.0664265230298042	0.0919339582324028	sub-20966	ses-3				space-ACPC			DSIStudio	autotrackgqi
Association_InferiorLongitudinalFasciculusL	modulated_icvf	NODDI	/scratch/executivefunction/SLURM_13244013_116/job-13244013-116-sub-20966-ses-3/ds/inputs/data/qsiprep/qsiprep/sub-20966/ses-3/dwi/sub-20966_ses-3_space-ACPC_desc-preproc_dwi.nii.gz	0.0073181231166594	0.4477021992206573	0.1228283047676086	0.4611908495426178	0.451002687215805	0.462662398815155	0.1170875057578086	0.5071693062782288	0.5073355436325073	sub-20966	ses-3				space-ACPC			DSIStudio	autotrackgqi
Association_InferiorLongitudinalFasciculusL	modulated_od	NODDI	/scratch/executivefunction/SLURM_13244013_116/job-13244013-116-sub-20966-ses-3/ds/inputs/data/qsiprep/qsiprep/sub-20966/ses-3/dwi/sub-20966_ses-3_space-ACPC_desc-preproc_dwi.nii.gz	0.0072105036590615	0.3052671253681183	0.1760634034872055	0.2795847356319427	0.3074842393398285	0.2810401618480682	0.1747619211673736	0.220123142004013	0.2201949954032898	sub-20966	ses-3				space-ACPC			DSIStudio	autotrackgqi
Association_InferiorLongitudinalFasciculusL	nrmse	NODDI	/scratch/executivefunction/SLURM_13244013_116/job-13244013-116-sub-20966-ses-3/ds/inputs/data/qsiprep/qsiprep/sub-20966/ses-3/dwi/sub-20966_ses-3_space-ACPC_desc-preproc_dwi.nii.gz	0.004735256134309	0.0936436429619789	0.0317746475338935	0.0879759937524795	0.0940891802310943	0.0881353467702865	0.0311851166188716	0.0979227423667907	0.097942478954792	sub-20966	ses-3				space-ACPC			DSIStudio	autotrackgqi
Association_InferiorLongitudinalFasciculusL	od	NODDI	/scratch/executivefunction/SLURM_13244013_116/job-13244013-116-sub-20966-ses-3/ds/inputs/data/qsiprep/qsiprep/sub-20966/ses-3/dwi/sub-20966_ses-3_space-ACPC_desc-preproc_dwi.nii.gz	0.004735256134309	0.3254651129245758	0.1843159645795822	0.2995118498802185	0.327013611793518	0.3007069826126098	0.1833783686161041	0.2335417866706848	0.2335888743400573	sub-20966	ses-3				space-ACPC			DSIStudio	autotrackgqi
Association_InferiorLongitudinalFasciculusL	rmse	NODDI	/scratch/executivefunction/SLURM_13244013_116/job-13244013-116-sub-20966-ses-3/ds/inputs/data/qsiprep/qsiprep/sub-20966/ses-3/dwi/sub-20966_ses-3_space-ACPC_desc-preproc_dwi.nii.gz	0.004735256134309	0.0377938523888587	0.0140568176284432	0.0351012870669364	0.0379736684262752	0.0351673364639282	0.0138457929715514	0.0410629883408546	0.0410712733864784	sub-20966	ses-3				space-ACPC			DSIStudio	autotrackgqi
Association_InferiorLongitudinalFasciculusL	tf	NODDI	/scratch/executivefunction/SLURM_13244013_116/job-13244013-116-sub-20966-ses-3/ds/inputs/data/qsiprep/qsiprep/sub-20966/ses-3/dwi/sub-20966_ses-3_space-ACPC_desc-preproc_dwi.nii.gz	0.0073181231166594	0.9353105597297436	0.1241273727955192	0.989304393529892	0.9422057373166498	0.9913823902606964	0.094997446171432	0.9333718969596064	0.9336778686402863	sub-20966	ses-3				space-ACPC			DSIStudio	autotrackgqi
Association_ArcuateFasciculusL	directions	NODDI	/scratch/executivefunction/SLURM_13244013_116/job-13244013-116-sub-20966-ses-3/ds/inputs/data/qsiprep/qsiprep/sub-20966/ses-3/dwi/sub-20966_ses-3_space-ACPC_desc-preproc_dwi.nii.gz	100.0	-0.1246856227517128	0.5599265098571777	-0.1763243675231933	-0.1263032406568527	-0.1872066557407379	0.563365638256073	-0.5025041699409485		sub-20966	ses-3				space-ACPC			DSIStudio	autotrackgqi
Association_ArcuateFasciculusL	icvf	NODDI	/scratch/executivefunction/SLURM_13244013_116/job-13244013-116-sub-20966-ses-3/ds/inputs/data/qsiprep/qsiprep/sub-20966/ses-3/dwi/sub-20966_ses-3_space-ACPC_desc-preproc_dwi.nii.gz	0.0201075819672131	0.4700403809547424	0.1771059781312942	0.4331541657447815	0.4796856939792633	0.4404028654098511	0.1654794514179229	0.6064587831497192	0.6072350740432739	sub-20966	ses-3				space-ACPC			DSIStudio	autotrackgqi
Association_ArcuateFasciculusL	isovf	NODDI	/scratch/executivefunction/SLURM_13244013_116/job-13244013-116-sub-20966-ses-3/ds/inputs/data/qsiprep/qsiprep/sub-20966/ses-3/dwi/sub-20966_ses-3_space-ACPC_desc-preproc_dwi.nii.gz	0.5213883196721312	0.0776703432202339	0.1597644984722137	0.0	0.1622825860977172	0.1011016964912414	0.1989964991807937	0.0782666578888893	0.0982681065797805	sub-20966	ses-3				space-ACPC			DSIStudio	autotrackgqi
Association_ArcuateFasciculusL	modulated_icvf	NODDI	/scratch/executivefunction/SLURM_13244013_116/job-13244013-116-sub-20966-ses-3/ds/inputs/data/qsiprep/qsiprep/sub-20966/ses-3/dwi/sub-20966_ses-3_space-ACPC_desc-preproc_dwi.nii.gz	0.0201075819672131	0.428390622138977	0.1538705378770828	0.4236363768577575	0.437181293964386	0.4236363768577575	0.1425442695617675	0.5549322366714478	0.5556424260139465	sub-20966	ses-3				space-ACPC			DSIStudio	autotrackgqi
Association_ArcuateFasciculusL	modulated_od	NODDI	/scratch/executivefunction/SLURM_13244013_116/job-13244013-116-sub-20966-ses-3/ds/inputs/data/qsiprep/qsiprep/sub-20966/ses-3/dwi/sub-20966_ses-3_space-ACPC_desc-preproc_dwi.nii.gz	0.0171618852459016	0.3237786293029785	0.1715572625398636	0.3040079474449157	0.3294323086738586	0.3087828755378723	0.1675807833671569	0.2022461146116256	0.2024516761302948	sub-20966	ses-3				space-ACPC			DSIStudio	autotrackgqi
Association_ArcuateFasciculusL	nrmse	NODDI	/scratch/executivefunction/SLURM_13244013_116/job-13244013-116-sub-20966-ses-3/ds/inputs/data/qsiprep/qsiprep/sub-20966/ses-3/dwi/sub-20966_ses-3_space-ACPC_desc-preproc_dwi.nii.gz	0.0128073770491803	0.0966483131051063	0.0361377112567424	0.0896621420979499	0.0979021787643432	0.0900541543960571	0.0346427522599697	0.1142062246799469	0.1142580956220626	sub-20966	ses-3				space-ACPC			DSIStudio	autotrackgqi
Association_ArcuateFasciculusL	od	NODDI	/scratch/executivefunction/SLURM_13244013_116/job-13244013-116-sub-20966-ses-3/ds/inputs/data/qsiprep/qsiprep/sub-20966/ses-3/dwi/sub-20966_ses-3_space-ACPC_desc-preproc_dwi.nii.gz	0.0128073770491803	0.3593948483467102	0.1859256476163864	0.3385835587978363	0.3640574812889099	0.3418031930923462	0.1825359016656875	0.2185267955064773	0.2186260372400283	sub-20966	ses-3				space-ACPC			DSIStudio	autotrackgqi
Association_ArcuateFasciculusL	rmse	NODDI	/scratch/executivefunction/SLURM_13244013_116/job-13244013-116-sub-20966-ses-3/ds/inputs/data/qsiprep/qsiprep/sub-20966/ses-3/dwi/sub-20966_ses-3_space-ACPC_desc-preproc_dwi.nii.gz	0.0128073770491803	0.0398695804178714	0.046914018690586	0.0352436304092407	0.0403868332505226	0.0354566201567649	0.0469956248998642	0.0498494915664196	0.049872126430273	sub-20966	ses-3				space-ACPC			DSIStudio	autotrackgqi
Association_ArcuateFasciculusL	tf	NODDI	/scratch/executivefunction/SLURM_13244013_116/job-13244013-116-sub-20966-ses-3/ds/inputs/data/qsiprep/qsiprep/sub-20966/ses-3/dwi/sub-20966_ses-3_space-ACPC_desc-preproc_dwi.nii.gz	0.0201075819672131	0.909522285287986	0.1902065593964013	1.0	0.9281858585189642	1.0	0.1399916463093163	0.9212793994598067	0.9224585608257858	sub-20966	ses-3				space-ACPC			DSIStudio	autotrackgqi
Association_FrontalAslantTractL	directions	NODDI	/scratch/executivefunction/SLURM_13244013_116/job-13244013-116-sub-20966-ses-3/ds/inputs/data/qsiprep/qsiprep/sub-20966/ses-3/dwi/sub-20966_ses-3_space-ACPC_desc-preproc_dwi.nii.gz	0.0	-0.1160559654235839	0.5655655264854431	-0.174459621310234	-0.1160559654235839	-0.174459621310234	0.5655655264854431	-0.5575392246246338		sub-20966	ses-3				space-ACPC			DSIStudio	autotrackgqi
Association_FrontalAslantTractL	icvf	NODDI	/scratch/executivefunction/SLURM_13244013_116/job-13244013-116-sub-20966-ses-3/ds/inputs/data/qsiprep/qsiprep/sub-20966/ses-3/dwi/sub-20966_ses-3_space-ACPC_desc-preproc_dwi.nii.gz	0.0173002990175138	0.4981411397457123	0.1810431480407714	0.5043394565582275	0.5069108605384827	0.5104971528053284	0.1700240671634674	0.5796467065811157	0.5810865163803101	sub-20966	ses-3				space-ACPC			DSIStudio	autotrackgqi
Association_FrontalAslantTractL	isovf	NODDI	/scratch/executivefunction/SLURM_13244013_116/job-13244013-116-sub-20966-ses-3/ds/inputs/data/qsiprep/qsiprep/sub-20966/ses-3/dwi/sub-20966_ses-3_space-ACPC_desc-preproc_dwi.nii.gz	0.3605296881674498	0.1088175773620605	0.1856137812137603	0.0649699941277504	0.1701682955026626	0.1022737845778465	0.2084145694971084	0.0881131887435913	0.1120244115591049	sub-20966	ses-3				space-ACPC			DSIStudio	autotrackgqi
Association_FrontalAslantTractL	modulated_icvf	NODDI	/scratch/executivefunction/SLURM_13244013_116/job-13244013-116-sub-20966-ses-3/ds/inputs/data/qsiprep/qsiprep/sub-20966/ses-3/dwi/sub-20966_ses-3_space-ACPC_desc-preproc_dwi.nii.gz	0.0173002990175138	0.4486782252788543	0.166032001376152	0.4651790261268616	0.4565771520137787	0.4715004861354828	0.1563504487276077	0.5266029834747314	0.5279110670089722	sub-20966	ses-3				space-ACPC			DSIStudio	autotrackgqi
Association_FrontalAslantTractL	modulated_od	NODDI	/scratch/executivefunction/SLURM_13244013_116/job-13244013-116-sub-20966-ses-3/ds/inputs/data/qsiprep/qsiprep/sub-20966/ses-3/dwi/sub-20966_ses-3_space-ACPC_desc-preproc_dwi.nii.gz	0.0126014523707817	0.275681734085083	0.1480534374713897	0.2563974261283874	0.2792000472545624	0.2590806484222412	0.1456614285707473	0.2226152271032333	0.223011240363121	sub-20966	ses-3				space-ACPC			DSIStudio	autotrackgqi
Association_FrontalAslantTractL	nrmse	NODDI	/scratch/executivefunction/SLURM_13244013_116/job-13244013-116-sub-20966-ses-3/ds/inputs/data/qsiprep/qsiprep/sub-20966/ses-3/dwi/sub-20966_ses-3_space-ACPC_desc-preproc_dwi.nii.gz	0.0	0.0939383879303932	0.0333530120551586	0.0882219150662422	0.0939383879303932	0.0882219150662422	0.0333530120551586	0.097289890050888	0.097289890050888	sub-20966	ses-3				space-ACPC			DSIStudio	autotrackgqi
Association_FrontalAslantTractL	od	NODDI	/scratch/executivefunction/SLURM_13244013_116/job-13244013-116-sub-20966-ses-3/ds/inputs/data/qsiprep/qsiprep/sub-20966/ses-3/dwi/sub-20966_ses-3_space-ACPC_desc-preproc_dwi.nii.gz	0.0	0.3269258439540863	0.1825409531593322	0.2931758165359497	0.3269258439540863	0.2931758165359497	0.1825409531593322	0.2462013065814972	0.2462013065814972	sub-20966	ses-3				space-ACPC			DSIStudio	autotrackgqi
Association_FrontalAslantTractL	rmse	NODDI	/scratch/executivefunction/SLURM_13244013_116/job-13244013-116-sub-20966-ses-3/ds/inputs/data/qsiprep/qsiprep/sub-20966/ses-3/dwi/sub-20966_ses-3_space-ACPC_desc-preproc_dwi.nii.gz	0.0	0.0383100360631942	0.0187272652983665	0.0354886576533317	0.0383100360631942	0.0354886576533317	0.0187272652983665	0.0414342433214187	0.0414342433214187	sub-20966	ses-3				space-ACPC			DSIStudio	autotrackgqi
Association_FrontalAslantTractL	tf	NODDI	/scratch/executivefunction/SLURM_13244013_116/job-13244013-116-sub-20966-ses-3/ds/inputs/data/qsiprep/qsiprep/sub-20966/ses-3/dwi/sub-20966_ses-3_space-ACPC_desc-preproc_dwi.nii.gz	0.0173002990175138	0.8911824230580491	0.1856137850605072	0.9350300133228302	0.9068715724315988	0.9372591972351074	0.1443293628230344	0.9118868182893524	0.9141519266188354	sub-20966	ses-3				space-ACPC			DSIStudio	autotrackgqi
Association_ParietalAslantTractL	directions	NODDI	/scratch/executivefunction/SLURM_13244013_116/job-13244013-116-sub-20966-ses-3/ds/inputs/data/qsiprep/qsiprep/sub-20966/ses-3/dwi/sub-20966_ses-3_space-ACPC_desc-preproc_dwi.nii.gz	80.0	-0.0857356190681457	0.5665892362594604	-0.1130963265895843	-0.0870304703712463	-0.1292589753866195	0.5707530379295349	-0.273972749710083		sub-20966	ses-3				space-ACPC			DSIStudio	autotrackgqi
Association_ParietalAslantTractL	icvf	NODDI	/scratch/executivefunction/SLURM_13244013_116/job-13244013-116-sub-20966-ses-3/ds/inputs/data/qsiprep/qsiprep/sub-20966/ses-3/dwi/sub-20966_ses-3_space-ACPC_desc-preproc_dwi.nii.gz	0.017295889901432	0.4405001997947693	0.1530187129974365	0.4166001379489898	0.4482531249523163	0.4191238284111023	0.1426588743925094	0.5271754860877991	0.5282679796218872	sub-20966	ses-3				space-ACPC			DSIStudio	autotrackgqi
Association_ParietalAslantTractL	isovf	NODDI	/scratch/executivefunction/SLURM_13244013_116/job-13244013-116-sub-20966-ses-3/ds/inputs/data/qsiprep/qsiprep/sub-20966/ses-3/dwi/sub-20966_ses-3_space-ACPC_desc-preproc_dwi.nii.gz	0.5940115305932676	0.0594931468367576	0.1271716207265854	0.0	0.1465390026569366	0.1017529442906379	0.1645586490631103	0.0642099678516388	0.1025510132312774	sub-20966	ses-3				space-ACPC			DSIStudio	autotrackgqi
Association_ParietalAslantTractL	modulated_icvf	NODDI	/scratch/executivefunction/SLURM_13244013_116/job-13244013-116-sub-20966-ses-3/ds/inputs/data/qsiprep/qsiprep/sub-20966/ses-3/dwi/sub-20966_ses-3_space-ACPC_desc-preproc_dwi.nii.gz	0.017295889901432	0.4092848896980285	0.1313610523939132	0.4084565937519073	0.4164884388446808	0.4112634062767029	0.1206616908311843	0.488042414188385	0.4890537858009338	sub-20966	ses-3				space-ACPC			DSIStudio	autotrackgqi
Association_ParietalAslantTractL	modulated_od	NODDI	/scratch/executivefunction/SLURM_13244013_116/job-13244013-116-sub-20966-ses-3/ds/inputs/data/qsiprep/qsiprep/sub-20966/ses-3/dwi/sub-20966_ses-3_space-ACPC_desc-preproc_dwi.nii.gz	0.0171099125906639	0.3556499183177948	0.1793724745512008	0.3458534181118011	0.3618409931659698	0.352699339389801	0.174626424908638	0.2702155113220215	0.2707734704017639	sub-20966	ses-3				space-ACPC			DSIStudio	autotrackgqi
Association_ParietalAslantTractL	nrmse	NODDI	/scratch/executivefunction/SLURM_13244013_116/job-13244013-116-sub-20966-ses-3/ds/inputs/data/qsiprep/qsiprep/sub-20966/ses-3/dwi/sub-20966_ses-3_space-ACPC_desc-preproc_dwi.nii.gz	0.0148781848614469	0.0897090211510658	0.0316168591380119	0.0837092325091362	0.0910638868808746	0.0840779393911361	0.0298553816974163	0.0937062352895736	0.0938774943351745	sub-20966	ses-3				space-ACPC			DSIStudio	autotrackgqi
Association_ParietalAslantTractL	od	NODDI	/scratch/executivefunction/SLURM_13244013_116/job-13244013-116-sub-20966-ses-3/ds/inputs/data/qsiprep/qsiprep/sub-20966/ses-3/dwi/sub-20966_ses-3_space-ACPC_desc-preproc_dwi.nii.gz	0.0148781848614469	0.3803847432136535	0.1848900914192199	0.3706941604614258	0.3861296474933624	0.3735951483249664	0.1802286058664322	0.2853992879390716	0.2859208881855011	sub-20966	ses-3				space-ACPC			DSIStudio	autotrackgqi
Association_ParietalAslantTractL	rmse	NODDI	/scratch/executivefunction/SLURM_13244013_116/job-13244013-116-sub-20966-ses-3/ds/inputs/data/qsiprep/qsiprep/sub-20966/ses-3/dwi/sub-20966_ses-3_space-ACPC_desc-preproc_dwi.nii.gz	0.0148781848614469	0.0355089716613292	0.0162193644791841	0.0326373688876628	0.0360452607274055	0.0328330919146537	0.0157388113439083	0.0387868583202362	0.0388577431440353	sub-20966	ses-3				space-ACPC			DSIStudio	autotrackgqi
Association_ParietalAslantTractL	tf	NODDI	/scratch/executivefunction/SLURM_13244013_116/job-13244013-116-sub-20966-ses-3/ds/inputs/data/qsiprep/qsiprep/sub-20966/ses-3/dwi/sub-20966_ses-3_space-ACPC_desc-preproc_dwi.nii.gz	0.017295889901432	0.9256286664990792	0.1704674199119024	1.0	0.941920011310664	1.0	0.119270479362608	0.9339658206804976	0.9359013049899064	sub-20966	ses-3				space-ACPC			DSIStudio	autotrackgqi
Association_VerticalOccipitalFasciculusR	directions	NODDI	/scratch/executivefunction/SLURM_13244013_116/job-13244013-116-sub-20966-ses-3/ds/inputs/data/qsiprep/qsiprep/sub-20966/ses-3/dwi/sub-20966_ses-3_space-ACPC_desc-preproc_dwi.nii.gz	21.0	-0.0124521646648645	0.5749362111091614	-0.0136061003431677	-0.0125510655343532	-0.0223019495606422	0.5772138237953186	0.0320913791656494		sub-20966	ses-3				space-ACPC			DSIStudio	autotrackgqi
Association_VerticalOccipitalFasciculusR	icvf	NODDI	/scratch/executivefunction/SLURM_13244013_116/job-13244013-116-sub-20966-ses-3/ds/inputs/data/qsiprep/qsiprep/sub-20966/ses-3/dwi/sub-20966_ses-3_space-ACPC_desc-preproc_dwi.nii.gz	0.0210131332082551	0.4680340588092804	0.1550537943840026	0.4776064753532409	0.4780800342559814	0.4816547632217407	0.1405522674322128	0.5394731760025024	0.5426584482192993	sub-20966	ses-3				space-ACPC			DSIStudio	autotrackgqi
Association_VerticalOccipitalFasciculusR	isovf	NODDI	/scratch/executivefunction/SLURM_13244013_116/job-13244013-116-sub-20966-ses-3/ds/inputs/data/qsiprep/qsiprep/sub-20966/ses-3/dwi/sub-20966_ses-3_space-ACPC_desc-preproc_dwi.nii.gz	0.4615384615384615	0.0881412923336029	0.1696507036685943	0.0185210201889276	0.1636909693479538	0.1002161428332328	0.2026926279067993	0.0710383355617523	0.1110609695315361	sub-20966	ses-3				space-ACPC			DSIStudio	autotrackgqi
Association_VerticalOccipitalFasciculusR	modulated_icvf	NODDI	/scratch/executivefunction/SLURM_13244013_116/job-13244013-116-sub-20966-ses-3/ds/inputs/data/qsiprep/qsiprep/sub-20966/ses-3/dwi/sub-20966_ses-3_space-ACPC_desc-preproc_dwi.nii.gz	0.0210131332082551	0.4342925548553467	0.1511435955762863	0.4715052843093872	0.4436142742633819	0.4759589433670044	0.1385621577501297	0.5008735656738281	0.5038309097290039	sub-20966	ses-3				space-ACPC			DSIStudio	autotrackgqi
Association_VerticalOccipitalFasciculusR	modulated_od	NODDI	/scratch/executivefunction/SLURM_13244013_116/job-13244013-116-sub-20966-ses-3/ds/inputs/data/qsiprep/qsiprep/sub-20966/ses-3/dwi/sub-20966_ses-3_space-ACPC_desc-preproc_dwi.nii.gz	0.0210131332082551	0.3527815639972687	0.175183966755867	0.3421018719673157	0.3603537380695343	0.3475251197814941	0.1691729575395584	0.3111192286014557	0.3129562139511108	sub-20966	ses-3				space-ACPC			DSIStudio	autotrackgqi
Association_VerticalOccipitalFasciculusR	nrmse	NODDI	/scratch/executivefunction/SLURM_13244013_116/job-13244013-116-sub-20966-ses-3/ds/inputs/data/qsiprep/qsiprep/sub-20966/ses-3/dwi/sub-20966_ses-3_space-ACPC_desc-preproc_dwi.nii.gz	0.0078799249530956	0.0817554965615272	0.0286064781248569	0.0750450119376182	0.0824048444628715	0.0752959847450256	0.0277726668864488	0.0825724154710769	0.0828745663166046	sub-20966	ses-3				space-ACPC			DSIStudio	autotrackgqi
Association_VerticalOccipitalFasciculusR	od	NODDI	/scratch/executivefunction/SLURM_13244013_116/job-13244013-116-sub-20966-ses-3/ds/inputs/data/qsiprep/qsiprep/sub-20966/ses-3/dwi/sub-20966_ses-3_space-ACPC_desc-preproc_dwi.nii.gz	0.0078799249530956	0.3976943492889404	0.1905427426099777	0.3899999856948852	0.4008530378341675	0.3922737836837768	0.1879594027996063	0.3352804780006408	0.3365073204040527	sub-20966	ses-3				space-ACPC			DSIStudio	autotrackgqi
Association_VerticalOccipitalFasciculusR	rmse	NODDI	/scratch/executivefunction/SLURM_13244013_116/job-13244013-116-sub-20966-ses-3/ds/inputs/data/qsiprep/qsiprep/sub-20966/ses-3/dwi/sub-20966_ses-3_space-ACPC_desc-preproc_dwi.nii.gz	0.0078799249530956	0.0324552319943904	0.0121699906885623	0.0300933290272951	0.0327130071818828	0.0301906764507293	0.0118681266903877	0.0342824757099151	0.0344079248607158	sub-20966	ses-3				space-ACPC			DSIStudio	autotrackgqi
Association_VerticalOccipitalFasciculusR	tf	NODDI	/scratch/executivefunction/SLURM_13244013_116/job-13244013-116-sub-20966-ses-3/ds/inputs/data/qsiprep/qsiprep/sub-20966/ses-3/dwi/sub-20966_ses-3_space-ACPC_desc-preproc_dwi.nii.gz	0.0210131332082551	0.9039787794814548	0.1876435506052856	0.977542281150818	0.9233819269137896	0.9818669557571412	0.1343478387350171	0.9253156990425172	0.9307791359472384	sub-20966	ses-3				space-ACPC			DSIStudio	autotrackgqi
Association_CingulumR	directions	NODDI	/scratch/executivefunction/SLURM_13244013_116/job-13244013-116-sub-20966-ses-3/ds/inputs/data/qsiprep/qsiprep/sub-20966/ses-3/dwi/sub-20966_ses-3_space-ACPC_desc-preproc_dwi.nii.gz	0.0	-0.014287132769823	0.5771734714508057	-0.0140755018219351	-0.014287132769823	-0.0140755018219351	0.5771734714508057	-0.0127161080017685		sub-20966	ses-3				space-ACPC			DSIStudio	autotrackgqi
Association_CingulumR	icvf	NODDI	/scratch/executivefunction/SLURM_13244013_116/job-13244013-116-sub-20966-ses-3/ds/inputs/data/qsiprep/qsiprep/sub-20966/ses-3/dwi/sub-20966_ses-3_space-ACPC_desc-preproc_dwi.nii.gz	0.0115613182063749	0.4369542002677917	0.1504659354686737	0.4181517362594604	0.4420650601387024	0.4210992157459259	0.1436853259801864	0.5291861891746521	0.529810905456543	sub-20966	ses-3				space-ACPC			DSIStudio	autotrackgqi
Association_CingulumR	isovf	NODDI	/scratch/executivefunction/SLURM_13244013_116/job-13244013-116-sub-20966-ses-3/ds/inputs/data/qsiprep/qsiprep/sub-20966/ses-3/dwi/sub-20966_ses-3_space-ACPC_desc-preproc_dwi.nii.gz	0.6092922744462452	0.0743037983775138	0.1749169677495956	0.0	0.1901774406433105	0.0978377163410186	0.2372182160615921	0.0486759580671787	0.0942646265029907	sub-20966	ses-3				space-ACPC			DSIStudio	autotrackgqi
Association_CingulumR	modulated_icvf	NODDI	/scratch/executivefunction/SLURM_13244013_116/job-13244013-116-sub-20966-ses-3/ds/inputs/data/qsiprep/qsiprep/sub-20966/ses-3/dwi/sub-20966_ses-3_space-ACPC_desc-preproc_dwi.nii.gz	0.0115613182063749	0.4033785760402679	0.1331362128257751	0.4042069911956787	0.4080967307090759	0.4064637422561645	0.1265192329883575	0.4986871778964996	0.4992758333683014	sub-20966	ses-3				space-ACPC			DSIStudio	autotrackgqi
Association_CingulumR	modulated_od	NODDI	/scratch/executivefunction/SLURM_13244013_116/job-13244013-116-sub-20966-ses-3/ds/inputs/data/qsiprep/qsiprep/sub-20966/ses-3/dwi/sub-20966_ses-3_space-ACPC_desc-preproc_dwi.nii.gz	0.0079956780118854	0.3238073289394378	0.1800271570682525	0.3153730630874634	0.3264172673225403	0.3169553875923157	0.1783790290355682	0.2262348681688308	0.2263744175434112	sub-20966	ses-3				space-ACPC			DSIStudio	autotrackgqi
Association_CingulumR	nrmse	NODDI	/scratch/executivefunction/SLURM_13244013_116/job-13244013-116-sub-20966-ses-3/ds/inputs/data/qsiprep/qsiprep/sub-20966/ses-3/dwi/sub-20966_ses-3_space-ACPC_desc-preproc_dwi.nii.gz	0.0	0.0930966809391975	0.0285422522574663	0.0885924696922302	0.0930966809391975	0.0885924696922302	0.0285422522574663	0.1035878583788871	0.1035878583788871	sub-20966	ses-3				space-ACPC			DSIStudio	autotrackgqi
Association_CingulumR	od	NODDI	/scratch/executivefunction/SLURM_13244013_116/job-13244013-116-sub-20966-ses-3/ds/inputs/data/qsiprep/qsiprep/sub-20966/ses-3/dwi/sub-20966_ses-3_space-ACPC_desc-preproc_dwi.nii.gz	0.0	0.3596931397914886	0.196223646402359	0.3455223739147186	0.3596931397914886	0.3455223739147186	0.196223646402359	0.2366585582494735	0.2366585582494735	sub-20966	ses-3				space-ACPC			DSIStudio	autotrackgqi
Association_CingulumR	rmse	NODDI	/scratch/executivefunction/SLURM_13244013_116/job-13244013-116-sub-20966-ses-3/ds/inputs/data/qsiprep/qsiprep/sub-20966/ses-3/dwi/sub-20966_ses-3_space-ACPC_desc-preproc_dwi.nii.gz	0.0	0.036604568362236	0.0125880129635334	0.0347051173448562	0.036604568362236	0.0347051173448562	0.0125880129635334	0.0438944064080715	0.0438944064080715	sub-20966	ses-3				space-ACPC			DSIStudio	autotrackgqi
Association_CingulumR	tf	NODDI	/scratch/executivefunction/SLURM_13244013_116/job-13244013-116-sub-20966-ses-3/ds/inputs/data/qsiprep/qsiprep/sub-20966/ses-3/dwi/sub-20966_ses-3_space-ACPC_desc-preproc_dwi.nii.gz	0.0115613182063749	0.9256962042315982	0.1749169690577526	1.0	0.9365236521822738	1.0	0.144269372518682	0.9513240460624156	0.9524470186168056	sub-20966	ses-3				space-ACPC			DSIStudio	autotrackgqi
Association_HippocampusAlveusR	directions	NODDI	/scratch/executivefunction/SLURM_13244013_116/job-13244013-116-sub-20966-ses-3/ds/inputs/data/qsiprep/qsiprep/sub-20966/ses-3/dwi/sub-20966_ses-3_space-ACPC_desc-preproc_dwi.nii.gz	0.0	-0.0188164077699184	0.5770435333251953	-0.0477886646986007	-0.0188164077699184	-0.0477886646986007	0.5770435333251953	0.0957806259393692		sub-20966	ses-3				space-ACPC			DSIStudio	autotrackgqi
Association_HippocampusAlveusR	icvf	NODDI	/scratch/executivefunction/SLURM_13244013_116/job-13244013-116-sub-20966-ses-3/ds/inputs/data/qsiprep/qsiprep/sub-20966/ses-3/dwi/sub-20966_ses-3_space-ACPC_desc-preproc_dwi.nii.gz	0.0765171503957783	0.3859373033046722	0.190336674451828	0.3461264967918396	0.4179149568080902	0.3683734536170959	0.1608286648988723	0.39016854763031	0.4056228995323181	sub-20966	ses-3				space-ACPC			DSIStudio	autotrackgqi
Association_HippocampusAlveusR	isovf	NODDI	/scratch/executivefunction/SLURM_13244013_116/job-13244013-116-sub-20966-ses-3/ds/inputs/data/qsiprep/qsiprep/sub-20966/ses-3/dwi/sub-20966_ses-3_space-ACPC_desc-preproc_dwi.nii.gz	0.4965699208443271	0.2201831042766571	0.3312167227268219	0.0016515913885086	0.4373658001422882	0.3563345372676849	0.3506077826023102	0.1758600324392318	0.3113462030887604	sub-20966	ses-3				space-ACPC			DSIStudio	autotrackgqi
Association_HippocampusAlveusR	modulated_icvf	NODDI	/scratch/executivefunction/SLURM_13244013_116/job-13244013-116-sub-20966-ses-3/ds/inputs/data/qsiprep/qsiprep/sub-20966/ses-3/dwi/sub-20966_ses-3_space-ACPC_desc-preproc_dwi.nii.gz	0.0765171503957783	0.3008993864059448	0.1344505250453949	0.3238983750343323	0.3258310556411743	0.3378751277923584	0.1070104464888572	0.3172726929187774	0.3298396468162536	sub-20966	ses-3				space-ACPC			DSIStudio	autotrackgqi
Association_HippocampusAlveusR	modulated_od	NODDI	/scratch/executivefunction/SLURM_13244013_116/job-13244013-116-sub-20966-ses-3/ds/inputs/data/qsiprep/qsiprep/sub-20966/ses-3/dwi/sub-20966_ses-3_space-ACPC_desc-preproc_dwi.nii.gz	0.0390501319261213	0.2532840073108673	0.194182813167572	0.23138228058815	0.2635767161846161	0.2413137555122375	0.1911186873912811	0.2299747169017791	0.2341233044862747	sub-20966	ses-3				space-ACPC			DSIStudio	autotrackgqi
Association_HippocampusAlveusR	nrmse	NODDI	/scratch/executivefunction/SLURM_13244013_116/job-13244013-116-sub-20966-ses-3/ds/inputs/data/qsiprep/qsiprep/sub-20966/ses-3/dwi/sub-20966_ses-3_space-ACPC_desc-preproc_dwi.nii.gz	0.0	0.0908464044332504	0.0245170127600431	0.0880258977413177	0.0908464044332504	0.0880258977413177	0.0245170127600431	0.0874006152153015	0.0874006152153015	sub-20966	ses-3				space-ACPC			DSIStudio	autotrackgqi
Association_HippocampusAlveusR	od	NODDI	/scratch/executivefunction/SLURM_13244013_116/job-13244013-116-sub-20966-ses-3/ds/inputs/data/qsiprep/qsiprep/sub-20966/ses-3/dwi/sub-20966_ses-3_space-ACPC_desc-preproc_dwi.nii.gz	0.0	0.3639970421791076	0.248706504702568	0.3140077888965606	0.3639970421791076	0.3140077888965606	0.248706504702568	0.2987245321273803	0.2987245321273803	sub-20966	ses-3				space-ACPC			DSIStudio	autotrackgqi
Association_HippocampusAlveusR	rmse	NODDI	/scratch/executivefunction/SLURM_13244013_116/job-13244013-116-sub-20966-ses-3/ds/inputs/data/qsiprep/qsiprep/sub-20966/ses-3/dwi/sub-20966_ses-3_space-ACPC_desc-preproc_dwi.nii.gz	0.0	0.0325188934803009	0.010312502272427	0.0315486118197441	0.0325188934803009	0.0315486118197441	0.010312502272427	0.0315985307097435	0.0315985307097435	sub-20966	ses-3				space-ACPC			DSIStudio	autotrackgqi
Association_HippocampusAlveusR	tf	NODDI	/scratch/executivefunction/SLURM_13244013_116/job-13244013-116-sub-20966-ses-3/ds/inputs/data/qsiprep/qsiprep/sub-20966/ses-3/dwi/sub-20966_ses-3_space-ACPC_desc-preproc_dwi.nii.gz	0.0765171503957783	0.7798168981609999	0.3312167101557877	0.9983484148979188	0.8444302982943399	1.0	0.2534419036376222	0.824139972645821	0.8567836371095011	sub-20966	ses-3				space-ACPC			DSIStudio	autotrackgqi
Association_FrontalAslantTractR	directions	NODDI	/scratch/executivefunction/SLURM_13244013_116/job-13244013-116-sub-20966-ses-3/ds/inputs/data/qsiprep/qsiprep/sub-20966/ses-3/dwi/sub-20966_ses-3_space-ACPC_desc-preproc_dwi.nii.gz	0.0	-0.0355279184877872	0.5762560963630676	-0.045364961028099	-0.0355279184877872	-0.045364961028099	0.5762560963630676	-0.0081449449062347		sub-20966	ses-3				space-ACPC			DSIStudio	autotrackgqi
Association_FrontalAslantTractR	icvf	NODDI	/scratch/executivefunction/SLURM_13244013_116/job-13244013-116-sub-20966-ses-3/ds/inputs/data/qsiprep/qsiprep/sub-20966/ses-3/dwi/sub-20966_ses-3_space-ACPC_desc-preproc_dwi.nii.gz	0.0031580902842281	0.5252104997634888	0.1598463356494903	0.5492274761199951	0.5268744230270386	0.5511058568954468	0.1573376059532165	0.6114856004714966	0.6116469502449036	sub-20966	ses-3				space-ACPC			DSIStudio	autotrackgqi
Association_FrontalAslantTractR	isovf	NODDI	/scratch/executivefunction/SLURM_13244013_116/job-13244013-116-sub-20966-ses-3/ds/inputs/data/qsiprep/qsiprep/sub-20966/ses-3/dwi/sub-20966_ses-3_space-ACPC_desc-preproc_dwi.nii.gz	0.3459037711313394	0.0841862335801124	0.1180021166801452	0.0702831447124481	0.1287061870098114	0.1037500128149986	0.1247323453426361	0.0935458838939666	0.1103517636656761	sub-20966	ses-3				space-ACPC			DSIStudio	autotrackgqi
Association_FrontalAslantTractR	modulated_icvf	NODDI	/scratch/executivefunction/SLURM_13244013_116/job-13244013-116-sub-20966-ses-3/ds/inputs/data/qsiprep/qsiprep/sub-20966/ses-3/dwi/sub-20966_ses-3_space-ACPC_desc-preproc_dwi.nii.gz	0.0031580902842281	0.4788624048233032	0.1401455849409103	0.5072042346000671	0.4803794920444488	0.5076581239700317	0.1377470046281814	0.5510463118553162	0.5511917471885681	sub-20966	ses-3				space-ACPC			DSIStudio	autotrackgqi
Association_FrontalAslantTractR	modulated_od	NODDI	/scratch/executivefunction/SLURM_13244013_116/job-13244013-116-sub-20966-ses-3/ds/inputs/data/qsiprep/qsiprep/sub-20966/ses-3/dwi/sub-20966_ses-3_space-ACPC_desc-preproc_dwi.nii.gz	0.001857700167193	0.2722034156322479	0.1448327153921127	0.2583840191364288	0.2727100253105163	0.2586707770824432	0.1444901227951049	0.2100672423839569	0.2100942134857177	sub-20966	ses-3				space-ACPC			DSIStudio	autotrackgqi
Association_FrontalAslantTractR	nrmse	NODDI	/scratch/executivefunction/SLURM_13244013_116/job-13244013-116-sub-20966-ses-3/ds/inputs/data/qsiprep/qsiprep/sub-20966/ses-3/dwi/sub-20966_ses-3_space-ACPC_desc-preproc_dwi.nii.gz	0.0	0.0936583280563354	0.0296060740947723	0.0881082639098167	0.0936583280563354	0.0881082639098167	0.0296060740947723	0.1012996137142181	0.1012996137142181	sub-20966	ses-3				space-ACPC			DSIStudio	autotrackgqi
Association_FrontalAslantTractR	od	NODDI	/scratch/executivefunction/SLURM_13244013_116/job-13244013-116-sub-20966-ses-3/ds/inputs/data/qsiprep/qsiprep/sub-20966/ses-3/dwi/sub-20966_ses-3_space-ACPC_desc-preproc_dwi.nii.gz	0.0	0.3003928065299988	0.1574638783931732	0.2880237102508545	0.3003928065299988	0.2880237102508545	0.1574638783931732	0.2321229130029678	0.2321229130029678	sub-20966	ses-3				space-ACPC			DSIStudio	autotrackgqi
Association_FrontalAslantTractR	rmse	NODDI	/scratch/executivefunction/SLURM_13244013_116/job-13244013-116-sub-20966-ses-3/ds/inputs/data/qsiprep/qsiprep/sub-20966/ses-3/dwi/sub-20966_ses-3_space-ACPC_desc-preproc_dwi.nii.gz	0.0	0.0387483835220336	0.0146345188841223	0.0362896770238876	0.0387483835220336	0.0362896770238876	0.0146345188841223	0.0436460003256797	0.0436460003256797	sub-20966	ses-3				space-ACPC			DSIStudio	autotrackgqi
Association_FrontalAslantTractR	tf	NODDI	/scratch/executivefunction/SLURM_13244013_116/job-13244013-116-sub-20966-ses-3/ds/inputs/data/qsiprep/qsiprep/sub-20966/ses-3/dwi/sub-20966_ses-3_space-ACPC_desc-preproc_dwi.nii.gz	0.0031580902842281	0.9158137636669236	0.118002118790954	0.9297168254852296	0.9187151490531216	0.9300459623336792	0.1063158853434019	0.906454116638366	0.906693311008248	sub-20966	ses-3				space-ACPC			DSIStudio	autotrackgqi
Association_InferiorFrontoOccipitalFasciculusR	directions	NODDI	/scratch/executivefunction/SLURM_13244013_116/job-13244013-116-sub-20966-ses-3/ds/inputs/data/qsiprep/qsiprep/sub-20966/ses-3/dwi/sub-20966_ses-3_space-ACPC_desc-preproc_dwi.nii.gz	28.0	-0.0615034811198711	0.5731275081634521	-0.0581362470984458	-0.0617025680840015	-0.0614560954272747	0.5740436911582947	-0.2271361351013183		sub-20966	ses-3				space-ACPC			DSIStudio	autotrackgqi
Association_InferiorFrontoOccipitalFasciculusR	icvf	NODDI	/scratch/executivefunction/SLURM_13244013_116/job-13244013-116-sub-20966-ses-3/ds/inputs/data/qsiprep/qsiprep/sub-20966/ses-3/dwi/sub-20966_ses-3_space-ACPC_desc-preproc_dwi.nii.gz	0.0118690942613505	0.4762769341468811	0.144194945693016	0.4840534925460815	0.4819978177547455	0.4872146844863891	0.1352201104164123	0.5507272481918335	0.5511538982391357	sub-20966	ses-3				space-ACPC			DSIStudio	autotrackgqi
Association_InferiorFrontoOccipitalFasciculusR	isovf	NODDI	/scratch/executivefunction/SLURM_13244013_116/job-13244013-116-sub-20966-ses-3/ds/inputs/data/qsiprep/qsiprep/sub-20966/ses-3/dwi/sub-20966_ses-3_space-ACPC_desc-preproc_dwi.nii.gz	0.4565568103249596	0.0768660381436348	0.1483981013298034	0.0231330506503582	0.1414426267147064	0.0922616124153137	0.1771699786186218	0.0735398307442665	0.1044066250324249	sub-20966	ses-3				space-ACPC			DSIStudio	autotrackgqi
Association_InferiorFrontoOccipitalFasciculusR	modulated_icvf	NODDI	/scratch/executivefunction/SLURM_13244013_116/job-13244013-116-sub-20966-ses-3/ds/inputs/data/qsiprep/qsiprep/sub-20966/ses-3/dwi/sub-20966_ses-3_space-ACPC_desc-preproc_dwi.nii.gz	0.0118690942613505	0.4401877820491791	0.1320899873971939	0.4664074778556824	0.445475161075592	0.4699367880821228	0.1237010285258293	0.5080225467681885	0.5084161162376404	sub-20966	ses-3				space-ACPC			DSIStudio	autotrackgqi
Association_InferiorFrontoOccipitalFasciculusR	modulated_od	NODDI	/scratch/executivefunction/SLURM_13244013_116/job-13244013-116-sub-20966-ses-3/ds/inputs/data/qsiprep/qsiprep/sub-20966/ses-3/dwi/sub-20966_ses-3_space-ACPC_desc-preproc_dwi.nii.gz	0.0100253514634708	0.285047709941864	0.176259234547615	0.2601558566093445	0.2879343628883362	0.2624612152576446	0.1747877746820449	0.1671275645494461	0.1672462075948715	sub-20966	ses-3				space-ACPC			DSIStudio	autotrackgqi
Association_InferiorFrontoOccipitalFasciculusR	nrmse	NODDI	/scratch/executivefunction/SLURM_13244013_116/job-13244013-116-sub-20966-ses-3/ds/inputs/data/qsiprep/qsiprep/sub-20966/ses-3/dwi/sub-20966_ses-3_space-ACPC_desc-preproc_dwi.nii.gz	0.0032265498962894	0.0911991819739341	0.0301353745162487	0.0858377367258071	0.091494396328926	0.0859338194131851	0.0297333188354969	0.096830241382122	0.096843734383583	sub-20966	ses-3				space-ACPC			DSIStudio	autotrackgqi
Association_InferiorFrontoOccipitalFasciculusR	od	NODDI	/scratch/executivefunction/SLURM_13244013_116/job-13244013-116-sub-20966-ses-3/ds/inputs/data/qsiprep/qsiprep/sub-20966/ses-3/dwi/sub-20966_ses-3_space-ACPC_desc-preproc_dwi.nii.gz	0.0032265498962894	0.3158096075057983	0.1937583237886428	0.2884346842765808	0.316831886768341	0.2899999916553497	0.1932354122400283	0.1794928461313247	0.1795178353786468	sub-20966	ses-3				space-ACPC			DSIStudio	autotrackgqi
Association_InferiorFrontoOccipitalFasciculusR	rmse	NODDI	/scratch/executivefunction/SLURM_13244013_116/job-13244013-116-sub-20966-ses-3/ds/inputs/data/qsiprep/qsiprep/sub-20966/ses-3/dwi/sub-20966_ses-3_space-ACPC_desc-preproc_dwi.nii.gz	0.0032265498962894	0.0366896912455558	0.0140556832775473	0.0342241078615188	0.0368084535002708	0.0342853106558322	0.0139222918078303	0.040891982614994	0.0408976711332798	sub-20966	ses-3				space-ACPC			DSIStudio	autotrackgqi
Association_InferiorFrontoOccipitalFasciculusR	tf	NODDI	/scratch/executivefunction/SLURM_13244013_116/job-13244013-116-sub-20966-ses-3/ds/inputs/data/qsiprep/qsiprep/sub-20966/ses-3/dwi/sub-20966_ses-3_space-ACPC_desc-preproc_dwi.nii.gz	0.0118690942613505	0.9199074213269616	0.1572962535526747	0.9750296771526336	0.930957038166224	0.9785452485084534	0.1214602267842371	0.9263210526612876	0.9270386613511228	sub-20966	ses-3				space-ACPC			DSIStudio	autotrackgqi
Association_UncinateFasciculusR	directions	NODDI	/scratch/executivefunction/SLURM_13244013_116/job-13244013-116-sub-20966-ses-3/ds/inputs/data/qsiprep/qsiprep/sub-20966/ses-3/dwi/sub-20966_ses-3_space-ACPC_desc-preproc_dwi.nii.gz	1.0	-0.0896106734871864	0.5702694654464722	-0.1425552517175674	-0.0896364748477935	-0.1428615450859069	0.5703495740890503	-0.3577840328216553		sub-20966	ses-3				space-ACPC			DSIStudio	autotrackgqi
Association_UncinateFasciculusR	icvf	NODDI	/scratch/executivefunction/SLURM_13244013_116/job-13244013-116-sub-20966-ses-3/ds/inputs/data/qsiprep/qsiprep/sub-20966/ses-3/dwi/sub-20966_ses-3_space-ACPC_desc-preproc_dwi.nii.gz	0.0187104202648244	0.3962887823581695	0.1418686360120773	0.3648085296154022	0.4038448929786682	0.3723276555538177	0.1321323961019516	0.4405829310417175	0.4410820007324219	sub-20966	ses-3				space-ACPC			DSIStudio	autotrackgqi
Association_UncinateFasciculusR	isovf	NODDI	/scratch/executivefunction/SLURM_13244013_116/job-13244013-116-sub-20966-ses-3/ds/inputs/data/qsiprep/qsiprep/sub-20966/ses-3/dwi/sub-20966_ses-3_space-ACPC_desc-preproc_dwi.nii.gz	0.6116868163500288	0.081778235733509	0.1976028084754943	0.0	0.2105986624956131	0.101044550538063	0.2709717750549316	0.0448381900787353	0.0947999879717826	sub-20966	ses-3				space-ACPC			DSIStudio	autotrackgqi
Association_UncinateFasciculusR	modulated_icvf	NODDI	/scratch/executivefunction/SLURM_13244013_116/job-13244013-116-sub-20966-ses-3/ds/inputs/data/qsiprep/qsiprep/sub-20966/ses-3/dwi/sub-20966_ses-3_space-ACPC_desc-preproc_dwi.nii.gz	0.0187104202648244	0.3590539097785949	0.1109087467193603	0.3427272737026214	0.3659000396728515	0.3427272737026214	0.100151315331459	0.4176643192768097	0.4181374311447143	sub-20966	ses-3				space-ACPC			DSIStudio	autotrackgqi
Association_UncinateFasciculusR	modulated_od	NODDI	/scratch/executivefunction/SLURM_13244013_116/job-13244013-116-sub-20966-ses-3/ds/inputs/data/qsiprep/qsiprep/sub-20966/ses-3/dwi/sub-20966_ses-3_space-ACPC_desc-preproc_dwi.nii.gz	0.0048934945308002	0.2980875968933105	0.1603405326604843	0.2846238911151886	0.2995534539222717	0.2857280373573303	0.1593625098466873	0.2164366394281387	0.216489091515541	sub-20966	ses-3				space-ACPC			DSIStudio	autotrackgqi
Association_UncinateFasciculusR	nrmse	NODDI	/scratch/executivefunction/SLURM_13244013_116/job-13244013-116-sub-20966-ses-3/ds/inputs/data/qsiprep/qsiprep/sub-20966/ses-3/dwi/sub-20966_ses-3_space-ACPC_desc-preproc_dwi.nii.gz	0.0002878526194588	0.0961018726229667	0.0303046591579914	0.0904090479016304	0.0961295440793037	0.090412713587284	0.0302651077508926	0.0901020765304565	0.0901025980710983	sub-20966	ses-3				space-ACPC			DSIStudio	autotrackgqi
Association_UncinateFasciculusR	od	NODDI	/scratch/executivefunction/SLURM_13244013_116/job-13244013-116-sub-20966-ses-3/ds/inputs/data/qsiprep/qsiprep/sub-20966/ses-3/dwi/sub-20966_ses-3_space-ACPC_desc-preproc_dwi.nii.gz	0.0002878526194588	0.3428563773632049	0.1869127750396728	0.3181838989257812	0.342955082654953	0.3181924521923065	0.1868490874767303	0.2270052284002304	0.2270065248012542	sub-20966	ses-3				space-ACPC			DSIStudio	autotrackgqi
Association_UncinateFasciculusR	rmse	NODDI	/scratch/executivefunction/SLURM_13244013_116/job-13244013-116-sub-20966-ses-3/ds/inputs/data/qsiprep/qsiprep/sub-20966/ses-3/dwi/sub-20966_ses-3_space-ACPC_desc-preproc_dwi.nii.gz	0.0002878526194588	0.0359814725816249	0.0113588562235236	0.0342726483941078	0.035991832613945	0.0342733785510063	0.0113440677523612	0.0354217253625392	0.0354219265282154	sub-20966	ses-3				space-ACPC			DSIStudio	autotrackgqi
Association_UncinateFasciculusR	tf	NODDI	/scratch/executivefunction/SLURM_13244013_116/job-13244013-116-sub-20966-ses-3/ds/inputs/data/qsiprep/qsiprep/sub-20966/ses-3/dwi/sub-20966_ses-3_space-ACPC_desc-preproc_dwi.nii.gz	0.0187104202648244	0.9179339142592392	0.19821090315213	1.0	0.9354363209552938	1.0	0.153831979861424	0.9551560831533654	0.956238099540378	sub-20966	ses-3				space-ACPC			DSIStudio	autotrackgqi
Association_CingulumL	directions	NODDI	/scratch/executivefunction/SLURM_13244013_116/job-13244013-116-sub-20966-ses-3/ds/inputs/data/qsiprep/qsiprep/sub-20966/ses-3/dwi/sub-20966_ses-3_space-ACPC_desc-preproc_dwi.nii.gz	1.0	-0.0882046520709991	0.570537269115448	-0.1443312615156173	-0.0882153660058975	-0.1445814371109008	0.5705711245536804	-0.1819005310535431		sub-20966	ses-3				space-ACPC			DSIStudio	autotrackgqi
Association_CingulumL	icvf	NODDI	/scratch/executivefunction/SLURM_13244013_116/job-13244013-116-sub-20966-ses-3/ds/inputs/data/qsiprep/qsiprep/sub-20966/ses-3/dwi/sub-20966_ses-3_space-ACPC_desc-preproc_dwi.nii.gz	0.0047370338880116	0.4679678380489349	0.1432860642671585	0.4487322270870209	0.4701951742172241	0.4504014253616333	0.1399333029985427	0.5853322148323059	0.5855650305747986	sub-20966	ses-3				space-ACPC			DSIStudio	autotrackgqi
Association_CingulumL	isovf	NODDI	/scratch/executivefunction/SLURM_13244013_116/job-13244013-116-sub-20966-ses-3/ds/inputs/data/qsiprep/qsiprep/sub-20966/ses-3/dwi/sub-20966_ses-3_space-ACPC_desc-preproc_dwi.nii.gz	0.546094983602575	0.0592375993728637	0.1295616775751114	0.0	0.1305066049098968	0.0878638997673988	0.1663752794265747	0.0661373659968376	0.0910296514630317	sub-20966	ses-3				space-ACPC			DSIStudio	autotrackgqi
Association_CingulumL	modulated_icvf	NODDI	/scratch/executivefunction/SLURM_13244013_116/job-13244013-116-sub-20966-ses-3/ds/inputs/data/qsiprep/qsiprep/sub-20966/ses-3/dwi/sub-20966_ses-3_space-ACPC_desc-preproc_dwi.nii.gz	0.0047370338880116	0.4366835355758667	0.1250952631235122	0.4326828420162201	0.4387619793415069	0.4344086647033691	0.121701955795288	0.5418704152107239	0.5420860052108765	sub-20966	ses-3				space-ACPC			DSIStudio	autotrackgqi
Association_CingulumL	modulated_od	NODDI	/scratch/executivefunction/SLURM_13244013_116/job-13244013-116-sub-20966-ses-3/ds/inputs/data/qsiprep/qsiprep/sub-20966/ses-3/dwi/sub-20966_ses-3_space-ACPC_desc-preproc_dwi.nii.gz	0.004251184258472	0.2862840592861175	0.1751241236925125	0.2645177543163299	0.2875062823295593	0.2654297947883606	0.17449352145195	0.1738519519567489	0.1739178150892257	sub-20966	ses-3				space-ACPC			DSIStudio	autotrackgqi
Association_CingulumL	nrmse	NODDI	/scratch/executivefunction/SLURM_13244013_116/job-13244013-116-sub-20966-ses-3/ds/inputs/data/qsiprep/qsiprep/sub-20966/ses-3/dwi/sub-20966_ses-3_space-ACPC_desc-preproc_dwi.nii.gz	0.0001214624073849	0.0975749418139457	0.026586577296257	0.0930755510926246	0.0975867956876754	0.0930764824151992	0.0265664309263229	0.1067614331841468	0.1067614927887916	sub-20966	ses-3				space-ACPC			DSIStudio	autotrackgqi
Association_CingulumL	od	NODDI	/scratch/executivefunction/SLURM_13244013_116/job-13244013-116-sub-20966-ses-3/ds/inputs/data/qsiprep/qsiprep/sub-20966/ses-3/dwi/sub-20966_ses-3_space-ACPC_desc-preproc_dwi.nii.gz	0.0001214624073849	0.306513249874115	0.1835188567638397	0.2817467451095581	0.3065505027770996	0.2818141579627991	0.1834989190101623	0.1843422204256057	0.1843423396348953	sub-20966	ses-3				space-ACPC			DSIStudio	autotrackgqi
Association_CingulumL	rmse	NODDI	/scratch/executivefunction/SLURM_13244013_116/job-13244013-116-sub-20966-ses-3/ds/inputs/data/qsiprep/qsiprep/sub-20966/ses-3/dwi/sub-20966_ses-3_space-ACPC_desc-preproc_dwi.nii.gz	0.0001214624073849	0.0394071973860263	0.0126948859542608	0.0371625572443008	0.0394119843840599	0.0371674336493015	0.0126882242038846	0.0464336462318897	0.0464336723089218	sub-20966	ses-3				space-ACPC			DSIStudio	autotrackgqi
Association_CingulumL	tf	NODDI	/scratch/executivefunction/SLURM_13244013_116/job-13244013-116-sub-20966-ses-3/ds/inputs/data/qsiprep/qsiprep/sub-20966/ses-3/dwi/sub-20966_ses-3_space-ACPC_desc-preproc_dwi.nii.gz	0.0047370338880116	0.9406409385600184	0.1299741729404863	1.0	0.9451179945282684	1.0	0.1128819933423295	0.9338619773287492	0.9342334493444902	sub-20966	ses-3				space-ACPC			DSIStudio	autotrackgqi
Association_MiddleLongitudinalFasciculusR	directions	NODDI	/scratch/executivefunction/SLURM_13244013_116/job-13244013-116-sub-20966-ses-3/ds/inputs/data/qsiprep/qsiprep/sub-20966/ses-3/dwi/sub-20966_ses-3_space-ACPC_desc-preproc_dwi.nii.gz	0.0	0.0018155075376853	0.5773473978042603	-0.0020868347492069	0.0018155075376853	-0.0020868347492069	0.5773473978042603	0.3744373023509979		sub-20966	ses-3				space-ACPC			DSIStudio	autotrackgqi
Association_MiddleLongitudinalFasciculusR	icvf	NODDI	/scratch/executivefunction/SLURM_13244013_116/job-13244013-116-sub-20966-ses-3/ds/inputs/data/qsiprep/qsiprep/sub-20966/ses-3/dwi/sub-20966_ses-3_space-ACPC_desc-preproc_dwi.nii.gz	0.0077155317007715	0.4657301306724548	0.1401994824409485	0.466984748840332	0.4693514406681061	0.4686571359634399	0.1345699578523636	0.5774853229522705	0.5778828859329224	sub-20966	ses-3				space-ACPC			DSIStudio	autotrackgqi
Association_MiddleLongitudinalFasciculusR	isovf	NODDI	/scratch/executivefunction/SLURM_13244013_116/job-13244013-116-sub-20966-ses-3/ds/inputs/data/qsiprep/qsiprep/sub-20966/ses-3/dwi/sub-20966_ses-3_space-ACPC_desc-preproc_dwi.nii.gz	0.5041932237504193	0.0652261525392532	0.1374311745166778	0.0	0.1315555870532989	0.087164282798767	0.1713712811470031	0.0714580789208412	0.0897019430994987	sub-20966	ses-3				space-ACPC			DSIStudio	autotrackgqi
Association_MiddleLongitudinalFasciculusR	modulated_icvf	NODDI	/scratch/executivefunction/SLURM_13244013_116/job-13244013-116-sub-20966-ses-3/ds/inputs/data/qsiprep/qsiprep/sub-20966/ses-3/dwi/sub-20966_ses-3_space-ACPC_desc-preproc_dwi.nii.gz	0.0077155317007715	0.4369374215602875	0.1304359585046768	0.4551969766616821	0.4403348565101623	0.4565733671188354	0.1250992715358734	0.5337014198303223	0.5340688228607178	sub-20966	ses-3				space-ACPC			DSIStudio	autotrackgqi
Association_MiddleLongitudinalFasciculusR	modulated_od	NODDI	/scratch/executivefunction/SLURM_13244013_116/job-13244013-116-sub-20966-ses-3/ds/inputs/data/qsiprep/qsiprep/sub-20966/ses-3/dwi/sub-20966_ses-3_space-ACPC_desc-preproc_dwi.nii.gz	0.0063737001006373	0.3054975271224975	0.1706350296735763	0.2878387868404388	0.3074571788311004	0.289209246635437	0.1694124490022659	0.1939401775598526	0.1940705925226211	sub-20966	ses-3				space-ACPC			DSIStudio	autotrackgqi
Association_MiddleLongitudinalFasciculusR	nrmse	NODDI	/scratch/executivefunction/SLURM_13244013_116/job-13244013-116-sub-20966-ses-3/ds/inputs/data/qsiprep/qsiprep/sub-20966/ses-3/dwi/sub-20966_ses-3_space-ACPC_desc-preproc_dwi.nii.gz	0.0	0.0921883434057235	0.0268825627863407	0.087884820997715	0.0921883434057235	0.087884820997715	0.0268825627863407	0.1026133447885513	0.1026133447885513	sub-20966	ses-3				space-ACPC			DSIStudio	autotrackgqi
Association_MiddleLongitudinalFasciculusR	od	NODDI	/scratch/executivefunction/SLURM_13244013_116/job-13244013-116-sub-20966-ses-3/ds/inputs/data/qsiprep/qsiprep/sub-20966/ses-3/dwi/sub-20966_ses-3_space-ACPC_desc-preproc_dwi.nii.gz	0.0	0.3329716920852661	0.1838546097278595	0.3188853859901428	0.3329716920852661	0.3188853859901428	0.1838546097278595	0.2079666703939438	0.2079666703939438	sub-20966	ses-3				space-ACPC			DSIStudio	autotrackgqi
Association_MiddleLongitudinalFasciculusR	rmse	NODDI	/scratch/executivefunction/SLURM_13244013_116/job-13244013-116-sub-20966-ses-3/ds/inputs/data/qsiprep/qsiprep/sub-20966/ses-3/dwi/sub-20966_ses-3_space-ACPC_desc-preproc_dwi.nii.gz	0.0	0.037231545895338	0.0129446620121598	0.035046748816967	0.037231545895338	0.035046748816967	0.0129446620121598	0.0439201481640338	0.0439201481640338	sub-20966	ses-3				space-ACPC			DSIStudio	autotrackgqi
Association_MiddleLongitudinalFasciculusR	tf	NODDI	/scratch/executivefunction/SLURM_13244013_116/job-13244013-116-sub-20966-ses-3/ds/inputs/data/qsiprep/qsiprep/sub-20966/ses-3/dwi/sub-20966_ses-3_space-ACPC_desc-preproc_dwi.nii.gz	0.0077155317007715	0.934773845146343	0.1374311635845576	1.0	0.9420422016163787	1.0	0.1103951314133925	0.9285419234739916	0.9291811591238374	sub-20966	ses-3				space-ACPC			DSIStudio	autotrackgqi
Association_ArcuateFasciculusR	directions	NODDI	/scratch/executivefunction/SLURM_13244013_116/job-13244013-116-sub-20966-ses-3/ds/inputs/data/qsiprep/qsiprep/sub-20966/ses-3/dwi/sub-20966_ses-3_space-ACPC_desc-preproc_dwi.nii.gz	2.0	-0.0786475613713264	0.5718633532524109	-0.0884312838315963	-0.0786759331822395	-0.088875338435173	0.5719645619392395	-0.2434911429882049		sub-20966	ses-3				space-ACPC			DSIStudio	autotrackgqi
Association_ArcuateFasciculusR	icvf	NODDI	/scratch/executivefunction/SLURM_13244013_116/job-13244013-116-sub-20966-ses-3/ds/inputs/data/qsiprep/qsiprep/sub-20966/ses-3/dwi/sub-20966_ses-3_space-ACPC_desc-preproc_dwi.nii.gz	0.0041471330688784	0.4775207042694092	0.1596724689006805	0.4524010419845581	0.4795092940330505	0.4533996284008026	0.1569965779781341	0.598686933517456	0.5988832712173462	sub-20966	ses-3				space-ACPC			DSIStudio	autotrackgqi
Association_ArcuateFasciculusR	isovf	NODDI	/scratch/executivefunction/SLURM_13244013_116/job-13244013-116-sub-20966-ses-3/ds/inputs/data/qsiprep/qsiprep/sub-20966/ses-3/dwi/sub-20966_ses-3_space-ACPC_desc-preproc_dwi.nii.gz	0.4794446447890371	0.072564348578453	0.136167287826538	0.0124404104426503	0.1393979489803314	0.0966128259897232	0.1621797829866409	0.0826472267508506	0.1021613925695419	sub-20966	ses-3				space-ACPC			DSIStudio	autotrackgqi
Association_ArcuateFasciculusR	modulated_icvf	NODDI	/scratch/executivefunction/SLURM_13244013_116/job-13244013-116-sub-20966-ses-3/ds/inputs/data/qsiprep/qsiprep/sub-20966/ses-3/dwi/sub-20966_ses-3_space-ACPC_desc-preproc_dwi.nii.gz	0.0041471330688784	0.4406027793884277	0.142856016755104	0.4381167590618133	0.4424376189708709	0.4393924176692962	0.1402890682220459	0.5453410148620605	0.5455197691917419	sub-20966	ses-3				space-ACPC			DSIStudio	autotrackgqi
Association_ArcuateFasciculusR	modulated_od	NODDI	/scratch/executivefunction/SLURM_13244013_116/job-13244013-116-sub-20966-ses-3/ds/inputs/data/qsiprep/qsiprep/sub-20966/ses-3/dwi/sub-20966_ses-3_space-ACPC_desc-preproc_dwi.nii.gz	0.0028849621348719	0.3023650050163269	0.161192774772644	0.2842414975166321	0.3032398521900177	0.2848803400993347	0.1606019884347915	0.2131089568138122	0.2131562829017639	sub-20966	ses-3				space-ACPC			DSIStudio	autotrackgqi
Association_ArcuateFasciculusR	nrmse	NODDI	/scratch/executivefunction/SLURM_13244013_116/job-13244013-116-sub-20966-ses-3/ds/inputs/data/qsiprep/qsiprep/sub-20966/ses-3/dwi/sub-20966_ses-3_space-ACPC_desc-preproc_dwi.nii.gz	0.0003606202668589	0.0922482162714004	0.0307294409722089	0.0857829749584198	0.0922814980149269	0.0857880339026451	0.0306849814951419	0.1039288491010665	0.1039296835660934	sub-20966	ses-3				space-ACPC			DSIStudio	autotrackgqi
Association_ArcuateFasciculusR	od	NODDI	/scratch/executivefunction/SLURM_13244013_116/job-13244013-116-sub-20966-ses-3/ds/inputs/data/qsiprep/qsiprep/sub-20966/ses-3/dwi/sub-20966_ses-3_space-ACPC_desc-preproc_dwi.nii.gz	0.0003606202668589	0.3309656977653503	0.172928586602211	0.3152099847793579	0.3310850858688354	0.3153029084205627	0.1728454679250717	0.2318596243858337	0.2318614572286605	sub-20966	ses-3				space-ACPC			DSIStudio	autotrackgqi
Association_ArcuateFasciculusR	rmse	NODDI	/scratch/executivefunction/SLURM_13244013_116/job-13244013-116-sub-20966-ses-3/ds/inputs/data/qsiprep/qsiprep/sub-20966/ses-3/dwi/sub-20966_ses-3_space-ACPC_desc-preproc_dwi.nii.gz	0.0003606202668589	0.0374094136059284	0.0149712609127163	0.0341269299387931	0.0374229103326797	0.0341369062662124	0.0149570871144533	0.0446870625019073	0.044687420129776	sub-20966	ses-3				space-ACPC			DSIStudio	autotrackgqi
Association_ArcuateFasciculusR	tf	NODDI	/scratch/executivefunction/SLURM_13244013_116/job-13244013-116-sub-20966-ses-3/ds/inputs/data/qsiprep/qsiprep/sub-20966/ses-3/dwi/sub-20966_ses-3_space-ACPC_desc-preproc_dwi.nii.gz	0.0041471330688784	0.9270750266676812	0.1372941558799646	0.9873915910720824	0.9309357410644504	0.988666832447052	0.1238309570106328	0.9173446949816346	0.9176454124357128	sub-20966	ses-3				space-ACPC			DSIStudio	autotrackgqi
Association_ExtremeCapsuleR	directions	NODDI	/scratch/executivefunction/SLURM_13244013_116/job-13244013-116-sub-20966-ses-3/ds/inputs/data/qsiprep/qsiprep/sub-20966/ses-3/dwi/sub-20966_ses-3_space-ACPC_desc-preproc_dwi.nii.gz	0.0	0.040173452347517	0.5759508609771729	0.0300954766571521	0.040173452347517	0.0300954766571521	0.5759508609771729	0.4259805679321289		sub-20966	ses-3				space-ACPC			DSIStudio	autotrackgqi
Association_ExtremeCapsuleR	icvf	NODDI	/scratch/executivefunction/SLURM_13244013_116/job-13244013-116-sub-20966-ses-3/ds/inputs/data/qsiprep/qsiprep/sub-20966/ses-3/dwi/sub-20966_ses-3_space-ACPC_desc-preproc_dwi.nii.gz	0.0114268066707844	0.5055074691772461	0.1585806906223297	0.5102615356445312	0.5113505721092224	0.5137409567832947	0.1498353779315948	0.5564435124397278	0.5569623708724976	sub-20966	ses-3				space-ACPC			DSIStudio	autotrackgqi
Association_ExtremeCapsuleR	isovf	NODDI	/scratch/executivefunction/SLURM_13244013_116/job-13244013-116-sub-20966-ses-3/ds/inputs/data/qsiprep/qsiprep/sub-20966/ses-3/dwi/sub-20966_ses-3_space-ACPC_desc-preproc_dwi.nii.gz	0.4033353922174181	0.0858166143298149	0.1584699600934982	0.0479412786662578	0.1438272297382354	0.094136893749237	0.1836981475353241	0.0722623318433761	0.103424921631813	sub-20966	ses-3				space-ACPC			DSIStudio	autotrackgqi
Association_ExtremeCapsuleR	modulated_icvf	NODDI	/scratch/executivefunction/SLURM_13244013_116/job-13244013-116-sub-20966-ses-3/ds/inputs/data/qsiprep/qsiprep/sub-20966/ses-3/dwi/sub-20966_ses-3_space-ACPC_desc-preproc_dwi.nii.gz	0.0114268066707844	0.4636918902397156	0.1444455832242965	0.4891160726547241	0.4690516591072082	0.4916450381278991	0.1363513618707656	0.5128087997436523	0.5132870078086853	sub-20966	ses-3				space-ACPC			DSIStudio	autotrackgqi
Association_ExtremeCapsuleR	modulated_od	NODDI	/scratch/executivefunction/SLURM_13244013_116/job-13244013-116-sub-20966-ses-3/ds/inputs/data/qsiprep/qsiprep/sub-20966/ses-3/dwi/sub-20966_ses-3_space-ACPC_desc-preproc_dwi.nii.gz	0.0083384805435453	0.2592547535896301	0.1607982665300369	0.24252250790596	0.2614347338676452	0.2437141984701156	0.1596983969211578	0.2105624675750732	0.2107191681861877	sub-20966	ses-3				space-ACPC			DSIStudio	autotrackgqi
Association_ExtremeCapsuleR	nrmse	NODDI	/scratch/executivefunction/SLURM_13244013_116/job-13244013-116-sub-20966-ses-3/ds/inputs/data/qsiprep/qsiprep/sub-20966/ses-3/dwi/sub-20966_ses-3_space-ACPC_desc-preproc_dwi.nii.gz	0.0	0.0972689241170883	0.0263938214629888	0.0945564210414886	0.0972689241170883	0.0945564210414886	0.0263938214629888	0.1002824306488037	0.1002824306488037	sub-20966	ses-3				space-ACPC			DSIStudio	autotrackgqi
Association_ExtremeCapsuleR	od	NODDI	/scratch/executivefunction/SLURM_13244013_116/job-13244013-116-sub-20966-ses-3/ds/inputs/data/qsiprep/qsiprep/sub-20966/ses-3/dwi/sub-20966_ses-3_space-ACPC_desc-preproc_dwi.nii.gz	0.0	0.2949149310588836	0.1861695796251297	0.2686260342597961	0.2949149310588836	0.2686260342597961	0.1861695796251297	0.2273585200309753	0.2273585200309753	sub-20966	ses-3				space-ACPC			DSIStudio	autotrackgqi
Association_ExtremeCapsuleR	rmse	NODDI	/scratch/executivefunction/SLURM_13244013_116/job-13244013-116-sub-20966-ses-3/ds/inputs/data/qsiprep/qsiprep/sub-20966/ses-3/dwi/sub-20966_ses-3_space-ACPC_desc-preproc_dwi.nii.gz	0.0	0.0398584455251693	0.0127801857888698	0.0387660637497901	0.0398584455251693	0.0387660637497901	0.0127801857888698	0.0424825251102447	0.0424825251102447	sub-20966	ses-3				space-ACPC			DSIStudio	autotrackgqi
Association_ExtremeCapsuleR	tf	NODDI	/scratch/executivefunction/SLURM_13244013_116/job-13244013-116-sub-20966-ses-3/ds/inputs/data/qsiprep/qsiprep/sub-20966/ses-3/dwi/sub-20966_ses-3_space-ACPC_desc-preproc_dwi.nii.gz	0.0114268066707844	0.9141833945657826	0.1584699581317503	0.952058732509613	0.9247503378956587	0.954827606678009	0.1250248711963973	0.9277376769694528	0.92860278306036	sub-20966	ses-3				space-ACPC			DSIStudio	autotrackgqi
Association_UncinateFasciculusL	directions	NODDI	/scratch/executivefunction/SLURM_13244013_116/job-13244013-116-sub-20966-ses-3/ds/inputs/data/qsiprep/qsiprep/sub-20966/ses-3/dwi/sub-20966_ses-3_space-ACPC_desc-preproc_dwi.nii.gz	0.0	-0.0412937924265861	0.5758716464042664	-0.0696011185646057	-0.0412937924265861	-0.0696011185646057	0.5758716464042664	0.0191281139850616		sub-20966	ses-3				space-ACPC			DSIStudio	autotrackgqi
Association_UncinateFasciculusL	icvf	NODDI	/scratch/executivefunction/SLURM_13244013_116/job-13244013-116-sub-20966-ses-3/ds/inputs/data/qsiprep/qsiprep/sub-20966/ses-3/dwi/sub-20966_ses-3_space-ACPC_desc-preproc_dwi.nii.gz	0.0074033452152454	0.4132512211799621	0.1380789130926132	0.3810933530330658	0.4163334667682647	0.3822588324546814	0.1338833272457122	0.4396308362483978	0.4401088356971741	sub-20966	ses-3				space-ACPC			DSIStudio	autotrackgqi
Association_UncinateFasciculusL	isovf	NODDI	/scratch/executivefunction/SLURM_13244013_116/job-13244013-116-sub-20966-ses-3/ds/inputs/data/qsiprep/qsiprep/sub-20966/ses-3/dwi/sub-20966_ses-3_space-ACPC_desc-preproc_dwi.nii.gz	0.6301069372086646	0.0665507614612579	0.164992481470108	0.0	0.1799189299345016	0.0950106382369995	0.2306481450796127	0.0396708250045776	0.0978724211454391	sub-20966	ses-3				space-ACPC			DSIStudio	autotrackgqi
Association_UncinateFasciculusL	modulated_icvf	NODDI	/scratch/executivefunction/SLURM_13244013_116/job-13244013-116-sub-20966-ses-3/ds/inputs/data/qsiprep/qsiprep/sub-20966/ses-3/dwi/sub-20966_ses-3_space-ACPC_desc-preproc_dwi.nii.gz	0.0074033452152454	0.3772266507148742	0.1064250543713569	0.3427272737026214	0.3800402283668518	0.3450128734111786	0.1016931682825088	0.4182912409305572	0.4187460541725158	sub-20966	ses-3				space-ACPC			DSIStudio	autotrackgqi
Association_UncinateFasciculusL	modulated_od	NODDI	/scratch/executivefunction/SLURM_13244013_116/job-13244013-116-sub-20966-ses-3/ds/inputs/data/qsiprep/qsiprep/sub-20966/ses-3/dwi/sub-20966_ses-3_space-ACPC_desc-preproc_dwi.nii.gz	0.00054839594187	0.3230826556682586	0.1565030664205551	0.3058245778083801	0.323259949684143	0.3058762848377228	0.1563628613948822	0.2689746618270874	0.2689840197563171	sub-20966	ses-3				space-ACPC			DSIStudio	autotrackgqi
Association_UncinateFasciculusL	nrmse	NODDI	/scratch/executivefunction/SLURM_13244013_116/job-13244013-116-sub-20966-ses-3/ds/inputs/data/qsiprep/qsiprep/sub-20966/ses-3/dwi/sub-20966_ses-3_space-ACPC_desc-preproc_dwi.nii.gz	0.0	0.096075065433979	0.0287703368812799	0.091072991490364	0.096075065433979	0.091072991490364	0.0287703368812799	0.0928056538105011	0.0928056538105011	sub-20966	ses-3				space-ACPC			DSIStudio	autotrackgqi
Association_UncinateFasciculusL	od	NODDI	/scratch/executivefunction/SLURM_13244013_116/job-13244013-116-sub-20966-ses-3/ds/inputs/data/qsiprep/qsiprep/sub-20966/ses-3/dwi/sub-20966_ses-3_space-ACPC_desc-preproc_dwi.nii.gz	0.0	0.3561163544654846	0.17093425989151	0.3347319066524505	0.3561163544654846	0.3347319066524505	0.17093425989151	0.2806801795959472	0.2806801795959472	sub-20966	ses-3				space-ACPC			DSIStudio	autotrackgqi
Association_UncinateFasciculusL	rmse	NODDI	/scratch/executivefunction/SLURM_13244013_116/job-13244013-116-sub-20966-ses-3/ds/inputs/data/qsiprep/qsiprep/sub-20966/ses-3/dwi/sub-20966_ses-3_space-ACPC_desc-preproc_dwi.nii.gz	0.0	0.0366117358207702	0.012667117640376	0.0346326120197773	0.0366117358207702	0.0346326120197773	0.012667117640376	0.0364944487810134	0.0364944487810134	sub-20966	ses-3				space-ACPC			DSIStudio	autotrackgqi
Association_UncinateFasciculusL	tf	NODDI	/scratch/executivefunction/SLURM_13244013_116/job-13244013-116-sub-20966-ses-3/ds/inputs/data/qsiprep/qsiprep/sub-20966/ses-3/dwi/sub-20966_ses-3_space-ACPC_desc-preproc_dwi.nii.gz	0.0074033452152454	0.933449236683758	0.1649924801103151	1.0	0.940411427123112	1.0	0.1444930307307732	0.960329177861214	0.9613733408830945	sub-20966	ses-3				space-ACPC			DSIStudio	autotrackgqi
Association_InferiorFrontoOccipitalFasciculusL	directions	NODDI	/scratch/executivefunction/SLURM_13244013_116/job-13244013-116-sub-20966-ses-3/ds/inputs/data/qsiprep/qsiprep/sub-20966/ses-3/dwi/sub-20966_ses-3_space-ACPC_desc-preproc_dwi.nii.gz	41.0	-0.0791945308446884	0.5704987645149231	-0.1407137364149093	-0.07957474142313	-0.1445284187793731	0.5718401670455933	-0.1596485823392868		sub-20966	ses-3				space-ACPC			DSIStudio	autotrackgqi
Association_InferiorFrontoOccipitalFasciculusL	icvf	NODDI	/scratch/executivefunction/SLURM_13244013_116/job-13244013-116-sub-20966-ses-3/ds/inputs/data/qsiprep/qsiprep/sub-20966/ses-3/dwi/sub-20966_ses-3_space-ACPC_desc-preproc_dwi.nii.gz	0.0072252651206153	0.4966924786567688	0.1409400999546051	0.5124448537826538	0.5003073215484619	0.5143468976020813	0.13490791618824	0.5667150616645813	0.5668498277664185	sub-20966	ses-3				space-ACPC			DSIStudio	autotrackgqi
Association_InferiorFrontoOccipitalFasciculusL	isovf	NODDI	/scratch/executivefunction/SLURM_13244013_116/job-13244013-116-sub-20966-ses-3/ds/inputs/data/qsiprep/qsiprep/sub-20966/ses-3/dwi/sub-20966_ses-3_space-ACPC_desc-preproc_dwi.nii.gz	0.4254748863768791	0.0667801052331924	0.1109359860420227	0.0352211631834507	0.1162353157997131	0.0928604528307914	0.125189334154129	0.0691956877708435	0.0892144218087196	sub-20966	ses-3				space-ACPC			DSIStudio	autotrackgqi
Association_InferiorFrontoOccipitalFasciculusL	modulated_icvf	NODDI	/scratch/executivefunction/SLURM_13244013_116/job-13244013-116-sub-20966-ses-3/ds/inputs/data/qsiprep/qsiprep/sub-20966/ses-3/dwi/sub-20966_ses-3_space-ACPC_desc-preproc_dwi.nii.gz	0.0072252651206153	0.4602197110652923	0.1230411455035209	0.4898086786270141	0.4635691046714782	0.490981251001358	0.1170325726270675	0.5240381360054016	0.524162769317627	sub-20966	ses-3				space-ACPC			DSIStudio	autotrackgqi
Association_InferiorFrontoOccipitalFasciculusL	modulated_od	NODDI	/scratch/executivefunction/SLURM_13244013_116/job-13244013-116-sub-20966-ses-3/ds/inputs/data/qsiprep/qsiprep/sub-20966/ses-3/dwi/sub-20966_ses-3_space-ACPC_desc-preproc_dwi.nii.gz	0.0072252651206153	0.2887960076332092	0.1727835834026336	0.2632454335689544	0.2908978164196014	0.2650899887084961	0.1716392338275909	0.1641532331705093	0.164192259311676	sub-20966	ses-3				space-ACPC			DSIStudio	autotrackgqi
Association_InferiorFrontoOccipitalFasciculusL	nrmse	NODDI	/scratch/executivefunction/SLURM_13244013_116/job-13244013-116-sub-20966-ses-3/ds/inputs/data/qsiprep/qsiprep/sub-20966/ses-3/dwi/sub-20966_ses-3_space-ACPC_desc-preproc_dwi.nii.gz	0.0047779979023423	0.0942647010087966	0.0331498868763446	0.0877041518688201	0.0947172567248344	0.0878635793924331	0.032577995210886	0.1006034985184669	0.1006217896938324	sub-20966	ses-3				space-ACPC			DSIStudio	autotrackgqi
Association_InferiorFrontoOccipitalFasciculusL	od	NODDI	/scratch/executivefunction/SLURM_13244013_116/job-13244013-116-sub-20966-ses-3/ds/inputs/data/qsiprep/qsiprep/sub-20966/ses-3/dwi/sub-20966_ses-3_space-ACPC_desc-preproc_dwi.nii.gz	0.0047779979023423	0.311490923166275	0.184285506606102	0.2814463376998901	0.3129863739013672	0.2827554941177368	0.1834560930728912	0.1754116266965866	0.175443485379219	sub-20966	ses-3				space-ACPC			DSIStudio	autotrackgqi
Association_InferiorFrontoOccipitalFasciculusL	rmse	NODDI	/scratch/executivefunction/SLURM_13244013_116/job-13244013-116-sub-20966-ses-3/ds/inputs/data/qsiprep/qsiprep/sub-20966/ses-3/dwi/sub-20966_ses-3_space-ACPC_desc-preproc_dwi.nii.gz	0.0047779979023423	0.0383316874504089	0.0145588517189025	0.0355278514325618	0.0385157167911529	0.0356038622558116	0.0143488608300685	0.0428878627717494	0.0428956598043441	sub-20966	ses-3				space-ACPC			DSIStudio	autotrackgqi
Association_InferiorFrontoOccipitalFasciculusL	tf	NODDI	/scratch/executivefunction/SLURM_13244013_116/job-13244013-116-sub-20966-ses-3/ds/inputs/data/qsiprep/qsiprep/sub-20966/ses-3/dwi/sub-20966_ses-3_space-ACPC_desc-preproc_dwi.nii.gz	0.0072252651206153	0.9284418974218912	0.1281554239878278	0.963019609451294	0.935198957832756	0.9640374183654784	0.1011145235882852	0.9306226786870208	0.9308440558348824	sub-20966	ses-3				space-ACPC			DSIStudio	autotrackgqi
ProjectionBrainstem_CorticospinalTractL	directions	NODDI	/scratch/executivefunction/SLURM_13244013_116/job-13244013-116-sub-20966-ses-3/ds/inputs/data/qsiprep/qsiprep/sub-20966/ses-3/dwi/sub-20966_ses-3_space-ACPC_desc-preproc_dwi.nii.gz	0.0	0.0412305258214473	0.5758761763572693	-0.0657943189144134	0.0412305258214473	-0.0657943189144134	0.5758761763572693	0.2044465392827987		sub-20966	ses-3				space-ACPC			DSIStudio	autotrackgqi
ProjectionBrainstem_CorticospinalTractL	icvf	NODDI	/scratch/executivefunction/SLURM_13244013_116/job-13244013-116-sub-20966-ses-3/ds/inputs/data/qsiprep/qsiprep/sub-20966/ses-3/dwi/sub-20966_ses-3_space-ACPC_desc-preproc_dwi.nii.gz	0.0074719800747198	0.6685705184936523	0.1445091217756271	0.6903817057609558	0.6736036539077759	0.6920149922370911	0.1328523457050323	0.6956772804260254	0.697014570236206	sub-20966	ses-3				space-ACPC			DSIStudio	autotrackgqi
ProjectionBrainstem_CorticospinalTractL	isovf	NODDI	/scratch/executivefunction/SLURM_13244013_116/job-13244013-116-sub-20966-ses-3/ds/inputs/data/qsiprep/qsiprep/sub-20966/ses-3/dwi/sub-20966_ses-3_space-ACPC_desc-preproc_dwi.nii.gz	0.1195516811955168	0.1421980708837509	0.1772893071174621	0.0977498218417167	0.1615064442157745	0.1057983189821243	0.1805020570755005	0.1382283866405487	0.154195174574852	sub-20966	ses-3				space-ACPC			DSIStudio	autotrackgqi
ProjectionBrainstem_CorticospinalTractL	modulated_icvf	NODDI	/scratch/executivefunction/SLURM_13244013_116/job-13244013-116-sub-20966-ses-3/ds/inputs/data/qsiprep/qsiprep/sub-20966/ses-3/dwi/sub-20966_ses-3_space-ACPC_desc-preproc_dwi.nii.gz	0.0074719800747198	0.568287193775177	0.1339194774627685	0.6102272868156433	0.5725653767585754	0.6107435822486877	0.1249795779585838	0.5897915363311768	0.5909252762794495	sub-20966	ses-3				space-ACPC			DSIStudio	autotrackgqi
ProjectionBrainstem_CorticospinalTractL	modulated_od	NODDI	/scratch/executivefunction/SLURM_13244013_116/job-13244013-116-sub-20966-ses-3/ds/inputs/data/qsiprep/qsiprep/sub-20966/ses-3/dwi/sub-20966_ses-3_space-ACPC_desc-preproc_dwi.nii.gz	0.0	0.1935295909643173	0.1349100619554519	0.1798605024814605	0.1935295909643173	0.1798605024814605	0.1349100619554519	0.1774574816226959	0.1774574816226959	sub-20966	ses-3				space-ACPC			DSIStudio	autotrackgqi
ProjectionBrainstem_CorticospinalTractL	nrmse	NODDI	/scratch/executivefunction/SLURM_13244013_116/job-13244013-116-sub-20966-ses-3/ds/inputs/data/qsiprep/qsiprep/sub-20966/ses-3/dwi/sub-20966_ses-3_space-ACPC_desc-preproc_dwi.nii.gz	0.0	0.1108059734106063	0.0353679358959198	0.1066440567374229	0.1108059734106063	0.1066440567374229	0.0353679358959198	0.1118015795946121	0.1118015795946121	sub-20966	ses-3				space-ACPC			DSIStudio	autotrackgqi
ProjectionBrainstem_CorticospinalTractL	od	NODDI	/scratch/executivefunction/SLURM_13244013_116/job-13244013-116-sub-20966-ses-3/ds/inputs/data/qsiprep/qsiprep/sub-20966/ses-3/dwi/sub-20966_ses-3_space-ACPC_desc-preproc_dwi.nii.gz	0.0	0.2309933453798294	0.1604941338300705	0.2106521129608154	0.2309933453798294	0.2106521129608154	0.1604941338300705	0.2043678611516952	0.2043678611516952	sub-20966	ses-3				space-ACPC			DSIStudio	autotrackgqi
ProjectionBrainstem_CorticospinalTractL	rmse	NODDI	/scratch/executivefunction/SLURM_13244013_116/job-13244013-116-sub-20966-ses-3/ds/inputs/data/qsiprep/qsiprep/sub-20966/ses-3/dwi/sub-20966_ses-3_space-ACPC_desc-preproc_dwi.nii.gz	0.0	0.0475167520344257	0.0138187371194362	0.0463132336735725	0.0475167520344257	0.0463132336735725	0.0138187371194362	0.0489037558436393	0.0489037558436393	sub-20966	ses-3				space-ACPC			DSIStudio	autotrackgqi
ProjectionBrainstem_CorticospinalTractL	tf	NODDI	/scratch/executivefunction/SLURM_13244013_116/job-13244013-116-sub-20966-ses-3/ds/inputs/data/qsiprep/qsiprep/sub-20966/ses-3/dwi/sub-20966_ses-3_space-ACPC_desc-preproc_dwi.nii.gz	0.0074719800747198	0.8578019286894413	0.1772892983186868	0.9022501707077026	0.864259659645698	0.9027446508407592	0.1615145891028294	0.8617716198442696	0.863428150804016	sub-20966	ses-3				space-ACPC			DSIStudio	autotrackgqi
ProjectionBrainstem_DentatorubrothalamicTract-rl	directions	NODDI	/scratch/executivefunction/SLURM_13244013_116/job-13244013-116-sub-20966-ses-3/ds/inputs/data/qsiprep/qsiprep/sub-20966/ses-3/dwi/sub-20966_ses-3_space-ACPC_desc-preproc_dwi.nii.gz	0.0	-0.0438531264662742	0.5756824016571045	-0.1952504217624664	-0.0438531264662742	-0.1952504217624664	0.5756824016571045	-0.1101130247116088		sub-20966	ses-3				space-ACPC			DSIStudio	autotrackgqi
ProjectionBrainstem_DentatorubrothalamicTract-rl	icvf	NODDI	/scratch/executivefunction/SLURM_13244013_116/job-13244013-116-sub-20966-ses-3/ds/inputs/data/qsiprep/qsiprep/sub-20966/ses-3/dwi/sub-20966_ses-3_space-ACPC_desc-preproc_dwi.nii.gz	0.0	0.6852625608444214	0.1111427247524261	0.6735537052154541	0.6852625608444214	0.6735537052154541	0.1111427247524261	0.6857910752296448	0.6857910752296448	sub-20966	ses-3				space-ACPC			DSIStudio	autotrackgqi
ProjectionBrainstem_DentatorubrothalamicTract-rl	isovf	NODDI	/scratch/executivefunction/SLURM_13244013_116/job-13244013-116-sub-20966-ses-3/ds/inputs/data/qsiprep/qsiprep/sub-20966/ses-3/dwi/sub-20966_ses-3_space-ACPC_desc-preproc_dwi.nii.gz	0.119047619047619	0.0912278741598129	0.072074145078659	0.0907676219940185	0.1035559698939323	0.0981221050024032	0.0679707154631614	0.085647776722908	0.101392388343811	sub-20966	ses-3				space-ACPC			DSIStudio	autotrackgqi
ProjectionBrainstem_DentatorubrothalamicTract-rl	modulated_icvf	NODDI	/scratch/executivefunction/SLURM_13244013_116/job-13244013-116-sub-20966-ses-3/ds/inputs/data/qsiprep/qsiprep/sub-20966/ses-3/dwi/sub-20966_ses-3_space-ACPC_desc-preproc_dwi.nii.gz	0.0	0.6179426908493042	0.0856029838323593	0.6119681000709534	0.6179426908493042	0.6119681000709534	0.0856029838323593	0.6226534247398376	0.6226534247398376	sub-20966	ses-3				space-ACPC			DSIStudio	autotrackgqi
ProjectionBrainstem_DentatorubrothalamicTract-rl	modulated_od	NODDI	/scratch/executivefunction/SLURM_13244013_116/job-13244013-116-sub-20966-ses-3/ds/inputs/data/qsiprep/qsiprep/sub-20966/ses-3/dwi/sub-20966_ses-3_space-ACPC_desc-preproc_dwi.nii.gz	0.0	0.1697877049446106	0.115430362522602	0.161753848195076	0.1697877049446106	0.161753848195076	0.115430362522602	0.1552297174930572	0.1552297174930572	sub-20966	ses-3				space-ACPC			DSIStudio	autotrackgqi
ProjectionBrainstem_DentatorubrothalamicTract-rl	nrmse	NODDI	/scratch/executivefunction/SLURM_13244013_116/job-13244013-116-sub-20966-ses-3/ds/inputs/data/qsiprep/qsiprep/sub-20966/ses-3/dwi/sub-20966_ses-3_space-ACPC_desc-preproc_dwi.nii.gz	0.0	0.1084515675902366	0.0332420878112316	0.1005176156759262	0.1084515675902366	0.1005176156759262	0.0332420878112316	0.1086833477020263	0.1086833477020263	sub-20966	ses-3				space-ACPC			DSIStudio	autotrackgqi
ProjectionBrainstem_DentatorubrothalamicTract-rl	od	NODDI	/scratch/executivefunction/SLURM_13244013_116/job-13244013-116-sub-20966-ses-3/ds/inputs/data/qsiprep/qsiprep/sub-20966/ses-3/dwi/sub-20966_ses-3_space-ACPC_desc-preproc_dwi.nii.gz	0.0	0.1869361698627472	0.1278576999902725	0.1728330701589584	0.1869361698627472	0.1728330701589584	0.1278576999902725	0.170368954539299	0.170368954539299	sub-20966	ses-3				space-ACPC			DSIStudio	autotrackgqi
ProjectionBrainstem_DentatorubrothalamicTract-rl	rmse	NODDI	/scratch/executivefunction/SLURM_13244013_116/job-13244013-116-sub-20966-ses-3/ds/inputs/data/qsiprep/qsiprep/sub-20966/ses-3/dwi/sub-20966_ses-3_space-ACPC_desc-preproc_dwi.nii.gz	0.0	0.0485659427940845	0.0155519219115376	0.0455256327986717	0.0485659427940845	0.0455256327986717	0.0155519219115376	0.0490793846547603	0.0490793846547603	sub-20966	ses-3				space-ACPC			DSIStudio	autotrackgqi
ProjectionBrainstem_DentatorubrothalamicTract-rl	tf	NODDI	/scratch/executivefunction/SLURM_13244013_116/job-13244013-116-sub-20966-ses-3/ds/inputs/data/qsiprep/qsiprep/sub-20966/ses-3/dwi/sub-20966_ses-3_space-ACPC_desc-preproc_dwi.nii.gz	0.0	0.9087721173252378	0.0720741441433511	0.9092323780059814	0.9087721173252378	0.9092323780059814	0.0720741441433511	0.914352223773829	0.914352223773829	sub-20966	ses-3				space-ACPC			DSIStudio	autotrackgqi
ProjectionBasalGanglia_CorticostriatalTractR	directions	NODDI	/scratch/executivefunction/SLURM_13244013_116/job-13244013-116-sub-20966-ses-3/ds/inputs/data/qsiprep/qsiprep/sub-20966/ses-3/dwi/sub-20966_ses-3_space-ACPC_desc-preproc_dwi.nii.gz	15.0	-0.0202217381447553	0.5766856074333191	-0.0333204269409179	-0.0202434863895177	-0.0343003273010253	0.5769952535629272	-0.0724426060914993		sub-20966	ses-3				space-ACPC			DSIStudio	autotrackgqi
ProjectionBasalGanglia_CorticostriatalTractR	icvf	NODDI	/scratch/executivefunction/SLURM_13244013_116/job-13244013-116-sub-20966-ses-3/ds/inputs/data/qsiprep/qsiprep/sub-20966/ses-3/dwi/sub-20966_ses-3_space-ACPC_desc-preproc_dwi.nii.gz	0.010600959816632	0.5055348873138428	0.159096211194992	0.5199822187423706	0.5109514594078064	0.5236737132072449	0.1510470062494278	0.5655945539474487	0.5664085745811462	sub-20966	ses-3				space-ACPC			DSIStudio	autotrackgqi
ProjectionBasalGanglia_CorticostriatalTractR	isovf	NODDI	/scratch/executivefunction/SLURM_13244013_116/job-13244013-116-sub-20966-ses-3/ds/inputs/data/qsiprep/qsiprep/sub-20966/ses-3/dwi/sub-20966_ses-3_space-ACPC_desc-preproc_dwi.nii.gz	0.3859322398109018	0.0855694636702537	0.1468727439641952	0.0555234402418136	0.139348566532135	0.0978178456425666	0.1662377268075943	0.0736959427595138	0.1006730273365974	sub-20966	ses-3				space-ACPC			DSIStudio	autotrackgqi
ProjectionBasalGanglia_CorticostriatalTractR	modulated_icvf	NODDI	/scratch/executivefunction/SLURM_13244013_116/job-13244013-116-sub-20966-ses-3/ds/inputs/data/qsiprep/qsiprep/sub-20966/ses-3/dwi/sub-20966_ses-3_space-ACPC_desc-preproc_dwi.nii.gz	0.010600959816632	0.4629498720169067	0.1415495425462722	0.4900411963462829	0.4679101705551147	0.4919202029705047	0.1339028775691986	0.5207387208938599	0.5214882493019104	sub-20966	ses-3				space-ACPC			DSIStudio	autotrackgqi
ProjectionBasalGanglia_CorticostriatalTractR	modulated_od	NODDI	/scratch/executivefunction/SLURM_13244013_116/job-13244013-116-sub-20966-ses-3/ds/inputs/data/qsiprep/qsiprep/sub-20966/ses-3/dwi/sub-20966_ses-3_space-ACPC_desc-preproc_dwi.nii.gz	0.0093116538929876	0.2712657451629638	0.1652155220508575	0.2499909847974777	0.2738154232501983	0.2516587674617767	0.1638737171888351	0.2137770503759384	0.2140594273805618	sub-20966	ses-3				space-ACPC			DSIStudio	autotrackgqi
ProjectionBasalGanglia_CorticostriatalTractR	nrmse	NODDI	/scratch/executivefunction/SLURM_13244013_116/job-13244013-116-sub-20966-ses-3/ds/inputs/data/qsiprep/qsiprep/sub-20966/ses-3/dwi/sub-20966_ses-3_space-ACPC_desc-preproc_dwi.nii.gz	0.001074421603037	0.0947314873337745	0.0299873203039169	0.0902735739946365	0.0948333740234375	0.0903166756033897	0.0298419799655675	0.0952929705381393	0.095298059284687	sub-20966	ses-3				space-ACPC			DSIStudio	autotrackgqi
ProjectionBasalGanglia_CorticostriatalTractR	od	NODDI	/scratch/executivefunction/SLURM_13244013_116/job-13244013-116-sub-20966-ses-3/ds/inputs/data/qsiprep/qsiprep/sub-20966/ses-3/dwi/sub-20966_ses-3_space-ACPC_desc-preproc_dwi.nii.gz	0.001074421603037	0.3042355477809906	0.1844475418329239	0.2783333957195282	0.3045627772808075	0.2785175144672394	0.1842764914035797	0.2300207018852234	0.2300329506397247	sub-20966	ses-3				space-ACPC			DSIStudio	autotrackgqi
ProjectionBasalGanglia_CorticostriatalTractR	rmse	NODDI	/scratch/executivefunction/SLURM_13244013_116/job-13244013-116-sub-20966-ses-3/ds/inputs/data/qsiprep/qsiprep/sub-20966/ses-3/dwi/sub-20966_ses-3_space-ACPC_desc-preproc_dwi.nii.gz	0.001074421603037	0.0386870466172695	0.0141280004754662	0.0367709137499332	0.0387286581099033	0.0367992855608463	0.0140784783288836	0.0403880402445793	0.0403901971876621	sub-20966	ses-3				space-ACPC			DSIStudio	autotrackgqi
ProjectionBasalGanglia_CorticostriatalTractR	tf	NODDI	/scratch/executivefunction/SLURM_13244013_116/job-13244013-116-sub-20966-ses-3/ds/inputs/data/qsiprep/qsiprep/sub-20966/ses-3/dwi/sub-20966_ses-3_space-ACPC_desc-preproc_dwi.nii.gz	0.010600959816632	0.913356118126727	0.1498699157197536	0.9442697167396544	0.9231423126885714	0.9454880952835084	0.1169085140049864	0.9262507469829536	0.9275839130656828	sub-20966	ses-3				space-ACPC			DSIStudio	autotrackgqi
ProjectionBrainstem_MedialLemniscusL	directions	NODDI	/scratch/executivefunction/SLURM_13244013_116/job-13244013-116-sub-20966-ses-3/ds/inputs/data/qsiprep/qsiprep/sub-20966/ses-3/dwi/sub-20966_ses-3_space-ACPC_desc-preproc_dwi.nii.gz	0.0	0.0886700004339218	0.5705006122589111	0.0139144705608487	0.0886700004339218	0.0139144705608487	0.5705006122589111	0.2154542505741119		sub-20966	ses-3				space-ACPC			DSIStudio	autotrackgqi
ProjectionBrainstem_MedialLemniscusL	icvf	NODDI	/scratch/executivefunction/SLURM_13244013_116/job-13244013-116-sub-20966-ses-3/ds/inputs/data/qsiprep/qsiprep/sub-20966/ses-3/dwi/sub-20966_ses-3_space-ACPC_desc-preproc_dwi.nii.gz	0.0150627615062761	0.6078360676765442	0.1632319539785385	0.6267834901809692	0.617131769657135	0.6294297575950623	0.1459981948137283	0.643233060836792	0.6461352109909058	sub-20966	ses-3				space-ACPC			DSIStudio	autotrackgqi
ProjectionBrainstem_MedialLemniscusL	isovf	NODDI	/scratch/executivefunction/SLURM_13244013_116/job-13244013-116-sub-20966-ses-3/ds/inputs/data/qsiprep/qsiprep/sub-20966/ses-3/dwi/sub-20966_ses-3_space-ACPC_desc-preproc_dwi.nii.gz	0.2410041841004184	0.1458300799131393	0.222380980849266	0.0798152834177017	0.1921355426311493	0.1020083278417587	0.2371904402971267	0.1283721625804901	0.1607476472854614	sub-20966	ses-3				space-ACPC			DSIStudio	autotrackgqi
ProjectionBrainstem_MedialLemniscusL	modulated_icvf	NODDI	/scratch/executivefunction/SLURM_13244013_116/job-13244013-116-sub-20966-ses-3/ds/inputs/data/qsiprep/qsiprep/sub-20966/ses-3/dwi/sub-20966_ses-3_space-ACPC_desc-preproc_dwi.nii.gz	0.0150627615062761	0.5168142318725586	0.158957690000534	0.5646939873695374	0.5247179269790649	0.5669339895248413	0.1466518193483352	0.5503536462783813	0.5528367757797241	sub-20966	ses-3				space-ACPC			DSIStudio	autotrackgqi
ProjectionBrainstem_MedialLemniscusL	modulated_od	NODDI	/scratch/executivefunction/SLURM_13244013_116/job-13244013-116-sub-20966-ses-3/ds/inputs/data/qsiprep/qsiprep/sub-20966/ses-3/dwi/sub-20966_ses-3_space-ACPC_desc-preproc_dwi.nii.gz	0.0	0.211682915687561	0.1482831090688705	0.1885631829500198	0.211682915687561	0.1885631829500198	0.1482831090688705	0.1760402470827102	0.1760402470827102	sub-20966	ses-3				space-ACPC			DSIStudio	autotrackgqi
ProjectionBrainstem_MedialLemniscusL	nrmse	NODDI	/scratch/executivefunction/SLURM_13244013_116/job-13244013-116-sub-20966-ses-3/ds/inputs/data/qsiprep/qsiprep/sub-20966/ses-3/dwi/sub-20966_ses-3_space-ACPC_desc-preproc_dwi.nii.gz	0.0	0.1044948697090148	0.0366896875202655	0.0990368351340293	0.1044948697090148	0.0990368351340293	0.0366896875202655	0.1049371883273124	0.1049371883273124	sub-20966	ses-3				space-ACPC			DSIStudio	autotrackgqi
ProjectionBrainstem_MedialLemniscusL	od	NODDI	/scratch/executivefunction/SLURM_13244013_116/job-13244013-116-sub-20966-ses-3/ds/inputs/data/qsiprep/qsiprep/sub-20966/ses-3/dwi/sub-20966_ses-3_space-ACPC_desc-preproc_dwi.nii.gz	0.0	0.2661436200141907	0.1879840195178985	0.221254363656044	0.2661436200141907	0.221254363656044	0.1879840195178985	0.2060019820928573	0.2060019820928573	sub-20966	ses-3				space-ACPC			DSIStudio	autotrackgqi
ProjectionBrainstem_MedialLemniscusL	rmse	NODDI	/scratch/executivefunction/SLURM_13244013_116/job-13244013-116-sub-20966-ses-3/ds/inputs/data/qsiprep/qsiprep/sub-20966/ses-3/dwi/sub-20966_ses-3_space-ACPC_desc-preproc_dwi.nii.gz	0.0	0.0434448309242725	0.0145895462483167	0.0422110483050346	0.0434448309242725	0.0422110483050346	0.0145895462483167	0.0447484776377677	0.0447484776377677	sub-20966	ses-3				space-ACPC			DSIStudio	autotrackgqi
ProjectionBrainstem_MedialLemniscusL	tf	NODDI	/scratch/executivefunction/SLURM_13244013_116/job-13244013-116-sub-20966-ses-3/ds/inputs/data/qsiprep/qsiprep/sub-20966/ses-3/dwi/sub-20966_ses-3_space-ACPC_desc-preproc_dwi.nii.gz	0.0150627615062761	0.8541699260348555	0.2223809940751853	0.9201847314834596	0.8672328475884897	0.921941578388214	0.1971826745078393	0.8716278301248519	0.875560416379297	sub-20966	ses-3				space-ACPC			DSIStudio	autotrackgqi
ProjectionBasalGanglia_OpticRadiationL	directions	NODDI	/scratch/executivefunction/SLURM_13244013_116/job-13244013-116-sub-20966-ses-3/ds/inputs/data/qsiprep/qsiprep/sub-20966/ses-3/dwi/sub-20966_ses-3_space-ACPC_desc-preproc_dwi.nii.gz	4.0	-0.1584973931312561	0.554523766040802	-0.2421771883964538	-0.1588382422924041	-0.2444146871566772	0.5550709366798401	-0.6601051688194275		sub-20966	ses-3				space-ACPC			DSIStudio	autotrackgqi
ProjectionBasalGanglia_OpticRadiationL	icvf	NODDI	/scratch/executivefunction/SLURM_13244013_116/job-13244013-116-sub-20966-ses-3/ds/inputs/data/qsiprep/qsiprep/sub-20966/ses-3/dwi/sub-20966_ses-3_space-ACPC_desc-preproc_dwi.nii.gz	0.0075107296137339	0.580562174320221	0.1406461596488952	0.6100537776947021	0.5849555730819702	0.6107330322265625	0.1317614167928695	0.6293226480484009	0.6298471689224243	sub-20966	ses-3				space-ACPC			DSIStudio	autotrackgqi
ProjectionBasalGanglia_OpticRadiationL	isovf	NODDI	/scratch/executivefunction/SLURM_13244013_116/job-13244013-116-sub-20966-ses-3/ds/inputs/data/qsiprep/qsiprep/sub-20966/ses-3/dwi/sub-20966_ses-3_space-ACPC_desc-preproc_dwi.nii.gz	0.2387339055793991	0.1060013845562934	0.1503760665655136	0.083858698606491	0.1392435431480407	0.1055427119135856	0.1583529561758041	0.0988033935427665	0.1173979192972183	sub-20966	ses-3				space-ACPC			DSIStudio	autotrackgqi
ProjectionBasalGanglia_OpticRadiationL	modulated_icvf	NODDI	/scratch/executivefunction/SLURM_13244013_116/job-13244013-116-sub-20966-ses-3/ds/inputs/data/qsiprep/qsiprep/sub-20966/ses-3/dwi/sub-20966_ses-3_space-ACPC_desc-preproc_dwi.nii.gz	0.0075107296137339	0.5148414969444275	0.1272210925817489	0.5536723136901855	0.5187376141548157	0.5549767017364502	0.1195267215371131	0.5636577606201172	0.5641275644302368	sub-20966	ses-3				space-ACPC			DSIStudio	autotrackgqi
ProjectionBasalGanglia_OpticRadiationL	modulated_od	NODDI	/scratch/executivefunction/SLURM_13244013_116/job-13244013-116-sub-20966-ses-3/ds/inputs/data/qsiprep/qsiprep/sub-20966/ses-3/dwi/sub-20966_ses-3_space-ACPC_desc-preproc_dwi.nii.gz	0.0026824034334763	0.2164343744516372	0.1699762642383575	0.185252845287323	0.2170165032148361	0.1855216920375824	0.1698331832885742	0.1456632614135742	0.1456791907548904	sub-20966	ses-3				space-ACPC			DSIStudio	autotrackgqi
ProjectionBasalGanglia_OpticRadiationL	nrmse	NODDI	/scratch/executivefunction/SLURM_13244013_116/job-13244013-116-sub-20966-ses-3/ds/inputs/data/qsiprep/qsiprep/sub-20966/ses-3/dwi/sub-20966_ses-3_space-ACPC_desc-preproc_dwi.nii.gz	0.0021459227467811	0.1028297841548919	0.0374712459743022	0.0980790704488754	0.1030509173870086	0.098183162510395	0.0372065193951129	0.1087913364171981	0.1088021174073219	sub-20966	ses-3				space-ACPC			DSIStudio	autotrackgqi
ProjectionBasalGanglia_OpticRadiationL	od	NODDI	/scratch/executivefunction/SLURM_13244013_116/job-13244013-116-sub-20966-ses-3/ds/inputs/data/qsiprep/qsiprep/sub-20966/ses-3/dwi/sub-20966_ses-3_space-ACPC_desc-preproc_dwi.nii.gz	0.0021459227467811	0.2466336786746978	0.1873795241117477	0.2184366881847381	0.2471640855073928	0.2187474817037582	0.1872311383485794	0.1618319451808929	0.1618479788303375	sub-20966	ses-3				space-ACPC			DSIStudio	autotrackgqi
ProjectionBasalGanglia_OpticRadiationL	rmse	NODDI	/scratch/executivefunction/SLURM_13244013_116/job-13244013-116-sub-20966-ses-3/ds/inputs/data/qsiprep/qsiprep/sub-20966/ses-3/dwi/sub-20966_ses-3_space-ACPC_desc-preproc_dwi.nii.gz	0.0021459227467811	0.0432430393993854	0.0163244903087615	0.0412850119173526	0.0433360338211059	0.0413016900420188	0.0162182617932558	0.047790989279747	0.0477957278490066	sub-20966	ses-3				space-ACPC			DSIStudio	autotrackgqi
ProjectionBasalGanglia_OpticRadiationL	tf	NODDI	/scratch/executivefunction/SLURM_13244013_116/job-13244013-116-sub-20966-ses-3/ds/inputs/data/qsiprep/qsiprep/sub-20966/ses-3/dwi/sub-20966_ses-3_space-ACPC_desc-preproc_dwi.nii.gz	0.0075107296137339	0.8918527013626222	0.1558824512842049	0.9159011542797088	0.8986018569405014	0.9163570404052734	0.135714486220711	0.9010975030292104	0.9018485055690773	sub-20966	ses-3				space-ACPC			DSIStudio	autotrackgqi
ProjectionBasalGanglia_FasciculusLenticularisL	directions	NODDI	/scratch/executivefunction/SLURM_13244013_116/job-13244013-116-sub-20966-ses-3/ds/inputs/data/qsiprep/qsiprep/sub-20966/ses-3/dwi/sub-20966_ses-3_space-ACPC_desc-preproc_dwi.nii.gz	0.0	-0.0140696689486503	0.5771787762641907	-0.0017064691055566	-0.0140696689486503	-0.0017064691055566	0.5771787762641907	0.3432106077671051		sub-20966	ses-3				space-ACPC			DSIStudio	autotrackgqi
ProjectionBasalGanglia_FasciculusLenticularisL	icvf	NODDI	/scratch/executivefunction/SLURM_13244013_116/job-13244013-116-sub-20966-ses-3/ds/inputs/data/qsiprep/qsiprep/sub-20966/ses-3/dwi/sub-20966_ses-3_space-ACPC_desc-preproc_dwi.nii.gz	0.017578125	0.4750844836235046	0.1408637017011642	0.4592854976654053	0.483585000038147	0.4601123332977295	0.1268341243267059	0.4806995391845703	0.4827770590782165	sub-20966	ses-3				space-ACPC			DSIStudio	autotrackgqi
ProjectionBasalGanglia_FasciculusLenticularisL	isovf	NODDI	/scratch/executivefunction/SLURM_13244013_116/job-13244013-116-sub-20966-ses-3/ds/inputs/data/qsiprep/qsiprep/sub-20966/ses-3/dwi/sub-20966_ses-3_space-ACPC_desc-preproc_dwi.nii.gz	0.671875	0.0813661068677902	0.2034205347299575	0.0	0.2479728907346725	0.1110367327928543	0.2911979258060455	0.0809550881385803	0.228854238986969	sub-20966	ses-3				space-ACPC			DSIStudio	autotrackgqi
ProjectionBasalGanglia_FasciculusLenticularisL	modulated_icvf	NODDI	/scratch/executivefunction/SLURM_13244013_116/job-13244013-116-sub-20966-ses-3/ds/inputs/data/qsiprep/qsiprep/sub-20966/ses-3/dwi/sub-20966_ses-3_space-ACPC_desc-preproc_dwi.nii.gz	0.017578125	0.4351281821727752	0.1275159120559692	0.4438047111034393	0.4429137706756592	0.4465416967868805	0.1144679114222526	0.4363126158714294	0.4381982684135437	sub-20966	ses-3				space-ACPC			DSIStudio	autotrackgqi
ProjectionBasalGanglia_FasciculusLenticularisL	modulated_od	NODDI	/scratch/executivefunction/SLURM_13244013_116/job-13244013-116-sub-20966-ses-3/ds/inputs/data/qsiprep/qsiprep/sub-20966/ses-3/dwi/sub-20966_ses-3_space-ACPC_desc-preproc_dwi.nii.gz	0.0078125	0.247599571943283	0.138659730553627	0.2452798187732696	0.2495491802692413	0.2482287883758545	0.1374459415674209	0.2318922132253646	0.2325517684221267	sub-20966	ses-3				space-ACPC			DSIStudio	autotrackgqi
ProjectionBasalGanglia_FasciculusLenticularisL	nrmse	NODDI	/scratch/executivefunction/SLURM_13244013_116/job-13244013-116-sub-20966-ses-3/ds/inputs/data/qsiprep/qsiprep/sub-20966/ses-3/dwi/sub-20966_ses-3_space-ACPC_desc-preproc_dwi.nii.gz	0.0	0.1038770228624343	0.0219738855957984	0.1035147681832313	0.1038770228624343	0.1035147681832313	0.0219738855957984	0.106800228357315	0.1068002432584762	sub-20966	ses-3				space-ACPC			DSIStudio	autotrackgqi
ProjectionBasalGanglia_FasciculusLenticularisL	od	NODDI	/scratch/executivefunction/SLURM_13244013_116/job-13244013-116-sub-20966-ses-3/ds/inputs/data/qsiprep/qsiprep/sub-20966/ses-3/dwi/sub-20966_ses-3_space-ACPC_desc-preproc_dwi.nii.gz	0.0	0.2783116698265075	0.160745769739151	0.2584861814975738	0.2783116698265075	0.2584861814975738	0.160745769739151	0.2507026493549347	0.2507026791572571	sub-20966	ses-3				space-ACPC			DSIStudio	autotrackgqi
ProjectionBasalGanglia_FasciculusLenticularisL	rmse	NODDI	/scratch/executivefunction/SLURM_13244013_116/job-13244013-116-sub-20966-ses-3/ds/inputs/data/qsiprep/qsiprep/sub-20966/ses-3/dwi/sub-20966_ses-3_space-ACPC_desc-preproc_dwi.nii.gz	0.0	0.0416036918759346	0.0105003723874688	0.0413030236959457	0.0416036918759346	0.0413030236959457	0.0105003723874688	0.0426561124622821	0.0426561124622821	sub-20966	ses-3				space-ACPC			DSIStudio	autotrackgqi
ProjectionBasalGanglia_FasciculusLenticularisL	tf	NODDI	/scratch/executivefunction/SLURM_13244013_116/job-13244013-116-sub-20966-ses-3/ds/inputs/data/qsiprep/qsiprep/sub-20966/ses-3/dwi/sub-20966_ses-3_space-ACPC_desc-preproc_dwi.nii.gz	0.017578125	0.9186338873114436	0.2034205334484786	1.0	0.9350706765476324	1.0	0.1635565647182346	0.9190449069196608	0.9230168560073542	sub-20966	ses-3				space-ACPC			DSIStudio	autotrackgqi
ProjectionBrainstem_CorticopontineTractR	directions	NODDI	/scratch/executivefunction/SLURM_13244013_116/job-13244013-116-sub-20966-ses-3/ds/inputs/data/qsiprep/qsiprep/sub-20966/ses-3/dwi/sub-20966_ses-3_space-ACPC_desc-preproc_dwi.nii.gz	0.0	-0.0213110987097024	0.5769568085670471	-0.0611796975135803	-0.0213110987097024	-0.0611796975135803	0.5769568085670471	-0.0886714681982994		sub-20966	ses-3				space-ACPC			DSIStudio	autotrackgqi
ProjectionBrainstem_CorticopontineTractR	icvf	NODDI	/scratch/executivefunction/SLURM_13244013_116/job-13244013-116-sub-20966-ses-3/ds/inputs/data/qsiprep/qsiprep/sub-20966/ses-3/dwi/sub-20966_ses-3_space-ACPC_desc-preproc_dwi.nii.gz	0.0058838257386079	0.5974488258361816	0.1442818343639373	0.6279257535934448	0.6009849309921265	0.6287009716033936	0.1371689289808273	0.6395639777183533	0.6399243474006653	sub-20966	ses-3				space-ACPC			DSIStudio	autotrackgqi
ProjectionBrainstem_CorticopontineTractR	isovf	NODDI	/scratch/executivefunction/SLURM_13244013_116/job-13244013-116-sub-20966-ses-3/ds/inputs/data/qsiprep/qsiprep/sub-20966/ses-3/dwi/sub-20966_ses-3_space-ACPC_desc-preproc_dwi.nii.gz	0.2118177265898848	0.1003478392958641	0.133315160870552	0.0824984908103942	0.1273155212402343	0.0969902724027633	0.1382601112127304	0.0963082611560821	0.1133259981870651	sub-20966	ses-3				space-ACPC			DSIStudio	autotrackgqi
ProjectionBrainstem_CorticopontineTractR	modulated_icvf	NODDI	/scratch/executivefunction/SLURM_13244013_116/job-13244013-116-sub-20966-ses-3/ds/inputs/data/qsiprep/qsiprep/sub-20966/ses-3/dwi/sub-20966_ses-3_space-ACPC_desc-preproc_dwi.nii.gz	0.0058838257386079	0.5359048247337341	0.1274789571762085	0.5714195966720581	0.5390766263008118	0.5723184943199158	0.1209843307733535	0.5732952356338501	0.5736181735992432	sub-20966	ses-3				space-ACPC			DSIStudio	autotrackgqi
ProjectionBrainstem_CorticopontineTractR	modulated_od	NODDI	/scratch/executivefunction/SLURM_13244013_116/job-13244013-116-sub-20966-ses-3/ds/inputs/data/qsiprep/qsiprep/sub-20966/ses-3/dwi/sub-20966_ses-3_space-ACPC_desc-preproc_dwi.nii.gz	0.0040060090135202	0.2173309475183487	0.142124742269516	0.2021397054195404	0.218205064535141	0.202774628996849	0.1417389959096908	0.1705767810344696	0.1706114113330841	sub-20966	ses-3				space-ACPC			DSIStudio	autotrackgqi
ProjectionBrainstem_CorticopontineTractR	nrmse	NODDI	/scratch/executivefunction/SLURM_13244013_116/job-13244013-116-sub-20966-ses-3/ds/inputs/data/qsiprep/qsiprep/sub-20966/ses-3/dwi/sub-20966_ses-3_space-ACPC_desc-preproc_dwi.nii.gz	0.0	0.1013823375105857	0.0290614068508148	0.0978564098477363	0.1013823375105857	0.0978564098477363	0.0290614068508148	0.1068348288536071	0.1068348288536071	sub-20966	ses-3				space-ACPC			DSIStudio	autotrackgqi
ProjectionBrainstem_CorticopontineTractR	od	NODDI	/scratch/executivefunction/SLURM_13244013_116/job-13244013-116-sub-20966-ses-3/ds/inputs/data/qsiprep/qsiprep/sub-20966/ses-3/dwi/sub-20966_ses-3_space-ACPC_desc-preproc_dwi.nii.gz	0.0	0.2461726665496826	0.1615948230028152	0.2273279726505279	0.2461726665496826	0.2273279726505279	0.1615948230028152	0.1886550486087799	0.1886550486087799	sub-20966	ses-3				space-ACPC			DSIStudio	autotrackgqi
ProjectionBrainstem_CorticopontineTractR	rmse	NODDI	/scratch/executivefunction/SLURM_13244013_116/job-13244013-116-sub-20966-ses-3/ds/inputs/data/qsiprep/qsiprep/sub-20966/ses-3/dwi/sub-20966_ses-3_space-ACPC_desc-preproc_dwi.nii.gz	0.0	0.0432774536311626	0.0138548519462347	0.0419818125665187	0.0432774536311626	0.0419818125665187	0.0138548519462347	0.0467603728175163	0.0467603728175163	sub-20966	ses-3				space-ACPC			DSIStudio	autotrackgqi
ProjectionBrainstem_CorticopontineTractR	tf	NODDI	/scratch/executivefunction/SLURM_13244013_116/job-13244013-116-sub-20966-ses-3/ds/inputs/data/qsiprep/qsiprep/sub-20966/ses-3/dwi/sub-20966_ses-3_space-ACPC_desc-preproc_dwi.nii.gz	0.0058838257386079	0.8996521588797324	0.1333151562683723	0.9175015091896056	0.904976885169538	0.9180178642272948	0.114277593765936	0.9036917323534358	0.904200927674097	sub-20966	ses-3				space-ACPC			DSIStudio	autotrackgqi
ProjectionBasalGanglia_FasciculusSubthalamicusL	directions	NODDI	/scratch/executivefunction/SLURM_13244013_116/job-13244013-116-sub-20966-ses-3/ds/inputs/data/qsiprep/qsiprep/sub-20966/ses-3/dwi/sub-20966_ses-3_space-ACPC_desc-preproc_dwi.nii.gz	0.0	-0.0238795671612024	0.576856255531311	-0.1011316776275634	-0.0238795671612024	-0.1011316776275634	0.576856255531311	-0.0013470351696014		sub-20966	ses-3				space-ACPC			DSIStudio	autotrackgqi
ProjectionBasalGanglia_FasciculusSubthalamicusL	icvf	NODDI	/scratch/executivefunction/SLURM_13244013_116/job-13244013-116-sub-20966-ses-3/ds/inputs/data/qsiprep/qsiprep/sub-20966/ses-3/dwi/sub-20966_ses-3_space-ACPC_desc-preproc_dwi.nii.gz	0.0212765957446808	0.5627526640892029	0.1861550360918045	0.5455279350280762	0.5749863982200623	0.5490905046463013	0.1684422492980957	0.5647391080856323	0.5705512166023254	sub-20966	ses-3				space-ACPC			DSIStudio	autotrackgqi
ProjectionBasalGanglia_FasciculusSubthalamicusL	isovf	NODDI	/scratch/executivefunction/SLURM_13244013_116/job-13244013-116-sub-20966-ses-3/ds/inputs/data/qsiprep/qsiprep/sub-20966/ses-3/dwi/sub-20966_ses-3_space-ACPC_desc-preproc_dwi.nii.gz	0.4170212765957446	0.1180390939116478	0.2171162962913513	0.0369702950119972	0.2024758160114288	0.1056298688054084	0.252513974905014	0.1174450665712356	0.2094980627298355	sub-20966	ses-3				space-ACPC			DSIStudio	autotrackgqi
ProjectionBasalGanglia_FasciculusSubthalamicusL	modulated_icvf	NODDI	/scratch/executivefunction/SLURM_13244013_116/job-13244013-116-sub-20966-ses-3/ds/inputs/data/qsiprep/qsiprep/sub-20966/ses-3/dwi/sub-20966_ses-3_space-ACPC_desc-preproc_dwi.nii.gz	0.0212765957446808	0.4890487790107727	0.1488033682107925	0.5082890391349792	0.4996802806854248	0.5108649134635925	0.1315729916095733	0.4807160496711731	0.4856634140014648	sub-20966	ses-3				space-ACPC			DSIStudio	autotrackgqi
ProjectionBasalGanglia_FasciculusSubthalamicusL	modulated_od	NODDI	/scratch/executivefunction/SLURM_13244013_116/job-13244013-116-sub-20966-ses-3/ds/inputs/data/qsiprep/qsiprep/sub-20966/ses-3/dwi/sub-20966_ses-3_space-ACPC_desc-preproc_dwi.nii.gz	0.0034042553191489	0.2342708259820938	0.1365552544593811	0.2296438664197921	0.235071063041687	0.2308751344680786	0.1360989362001419	0.2183801531791687	0.2184723019599914	sub-20966	ses-3				space-ACPC			DSIStudio	autotrackgqi
ProjectionBasalGanglia_FasciculusSubthalamicusL	nrmse	NODDI	/scratch/executivefunction/SLURM_13244013_116/job-13244013-116-sub-20966-ses-3/ds/inputs/data/qsiprep/qsiprep/sub-20966/ses-3/dwi/sub-20966_ses-3_space-ACPC_desc-preproc_dwi.nii.gz	0.0	0.1066420525312423	0.0295978765934705	0.1030458584427833	0.1066420525312423	0.1030458584427833	0.0295978765934705	0.1054118797183036	0.1054118797183036	sub-20966	ses-3				space-ACPC			DSIStudio	autotrackgqi
ProjectionBasalGanglia_FasciculusSubthalamicusL	od	NODDI	/scratch/executivefunction/SLURM_13244013_116/job-13244013-116-sub-20966-ses-3/ds/inputs/data/qsiprep/qsiprep/sub-20966/ses-3/dwi/sub-20966_ses-3_space-ACPC_desc-preproc_dwi.nii.gz	0.0	0.2783373296260834	0.1692807823419571	0.2574476897716522	0.2783373296260834	0.2574476897716522	0.1692807823419571	0.2514010667800903	0.2514010667800903	sub-20966	ses-3				space-ACPC			DSIStudio	autotrackgqi
ProjectionBasalGanglia_FasciculusSubthalamicusL	rmse	NODDI	/scratch/executivefunction/SLURM_13244013_116/job-13244013-116-sub-20966-ses-3/ds/inputs/data/qsiprep/qsiprep/sub-20966/ses-3/dwi/sub-20966_ses-3_space-ACPC_desc-preproc_dwi.nii.gz	0.0	0.0433656089007854	0.0116654681041836	0.0424037687480449	0.0433656089007854	0.0424037687480449	0.0116654681041836	0.0425962917506694	0.0425962917506694	sub-20966	ses-3				space-ACPC			DSIStudio	autotrackgqi
ProjectionBasalGanglia_FasciculusSubthalamicusL	tf	NODDI	/scratch/executivefunction/SLURM_13244013_116/job-13244013-116-sub-20966-ses-3/ds/inputs/data/qsiprep/qsiprep/sub-20966/ses-3/dwi/sub-20966_ses-3_space-ACPC_desc-preproc_dwi.nii.gz	0.0212765957446808	0.8819609061200568	0.2171162932277135	0.963029682636261	0.9011339692965796	0.9662294387817384	0.1757462877829189	0.882554940848153	0.89163797281049	sub-20966	ses-3				space-ACPC			DSIStudio	autotrackgqi
ProjectionBrainstem_DentatorubrothalamicTract-lr	directions	NODDI	/scratch/executivefunction/SLURM_13244013_116/job-13244013-116-sub-20966-ses-3/ds/inputs/data/qsiprep/qsiprep/sub-20966/ses-3/dwi/sub-20966_ses-3_space-ACPC_desc-preproc_dwi.nii.gz	0.0	-0.0822257995605468	0.571465015411377	-0.1766133457422256	-0.0822257995605468	-0.1766133457422256	0.571465015411377	-0.2348797917366027		sub-20966	ses-3				space-ACPC			DSIStudio	autotrackgqi
ProjectionBrainstem_DentatorubrothalamicTract-lr	icvf	NODDI	/scratch/executivefunction/SLURM_13244013_116/job-13244013-116-sub-20966-ses-3/ds/inputs/data/qsiprep/qsiprep/sub-20966/ses-3/dwi/sub-20966_ses-3_space-ACPC_desc-preproc_dwi.nii.gz	0.0237154150197628	0.650678813457489	0.1601468026638031	0.6673308610916138	0.6664847731590271	0.6711512207984924	0.1254414916038513	0.6714048981666565	0.689755916595459	sub-20966	ses-3				space-ACPC			DSIStudio	autotrackgqi
ProjectionBrainstem_DentatorubrothalamicTract-lr	isovf	NODDI	/scratch/executivefunction/SLURM_13244013_116/job-13244013-116-sub-20966-ses-3/ds/inputs/data/qsiprep/qsiprep/sub-20966/ses-3/dwi/sub-20966_ses-3_space-ACPC_desc-preproc_dwi.nii.gz	0.0513833992094861	0.165361538529396	0.2171989828348159	0.0967937931418418	0.1743186116218567	0.0999403819441795	0.2194751501083374	0.1725067794322967	0.1780260503292083	sub-20966	ses-3				space-ACPC			DSIStudio	autotrackgqi
ProjectionBrainstem_DentatorubrothalamicTract-lr	modulated_icvf	NODDI	/scratch/executivefunction/SLURM_13244013_116/job-13244013-116-sub-20966-ses-3/ds/inputs/data/qsiprep/qsiprep/sub-20966/ses-3/dwi/sub-20966_ses-3_space-ACPC_desc-preproc_dwi.nii.gz	0.0237154150197628	0.5449294447898865	0.1563019901514053	0.6036826372146606	0.5581666231155396	0.6047054529190063	0.1327976733446121	0.5585161447525024	0.5737817287445068	sub-20966	ses-3				space-ACPC			DSIStudio	autotrackgqi
ProjectionBrainstem_DentatorubrothalamicTract-lr	modulated_od	NODDI	/scratch/executivefunction/SLURM_13244013_116/job-13244013-116-sub-20966-ses-3/ds/inputs/data/qsiprep/qsiprep/sub-20966/ses-3/dwi/sub-20966_ses-3_space-ACPC_desc-preproc_dwi.nii.gz	0.0	0.1719622462987899	0.110935091972351	0.1789407730102539	0.1719622462987899	0.1789407730102539	0.110935091972351	0.1628720760345459	0.1628720760345459	sub-20966	ses-3				space-ACPC			DSIStudio	autotrackgqi
ProjectionBrainstem_DentatorubrothalamicTract-lr	nrmse	NODDI	/scratch/executivefunction/SLURM_13244013_116/job-13244013-116-sub-20966-ses-3/ds/inputs/data/qsiprep/qsiprep/sub-20966/ses-3/dwi/sub-20966_ses-3_space-ACPC_desc-preproc_dwi.nii.gz	0.0	0.1016853079199791	0.0299864448606967	0.0969961285591125	0.1016853079199791	0.0969961285591125	0.0299864448606967	0.1051004454493522	0.1051004454493522	sub-20966	ses-3				space-ACPC			DSIStudio	autotrackgqi
ProjectionBrainstem_DentatorubrothalamicTract-lr	od	NODDI	/scratch/executivefunction/SLURM_13244013_116/job-13244013-116-sub-20966-ses-3/ds/inputs/data/qsiprep/qsiprep/sub-20966/ses-3/dwi/sub-20966_ses-3_space-ACPC_desc-preproc_dwi.nii.gz	0.0	0.2285747677087783	0.1730435043573379	0.2164442390203476	0.2285747677087783	0.2164442390203476	0.1730435043573379	0.219578132033348	0.219578132033348	sub-20966	ses-3				space-ACPC			DSIStudio	autotrackgqi
ProjectionBrainstem_DentatorubrothalamicTract-lr	rmse	NODDI	/scratch/executivefunction/SLURM_13244013_116/job-13244013-116-sub-20966-ses-3/ds/inputs/data/qsiprep/qsiprep/sub-20966/ses-3/dwi/sub-20966_ses-3_space-ACPC_desc-preproc_dwi.nii.gz	0.0	0.0430595651268959	0.013698405586183	0.0413571298122406	0.0430595651268959	0.0413571298122406	0.013698405586183	0.0448688827455043	0.0448688827455043	sub-20966	ses-3				space-ACPC			DSIStudio	autotrackgqi
ProjectionBrainstem_DentatorubrothalamicTract-lr	tf	NODDI	/scratch/executivefunction/SLURM_13244013_116/job-13244013-116-sub-20966-ses-3/ds/inputs/data/qsiprep/qsiprep/sub-20966/ses-3/dwi/sub-20966_ses-3_space-ACPC_desc-preproc_dwi.nii.gz	0.0237154150197628	0.8346384594091785	0.2171989806714801	0.9032062292099	0.8549130778563651	0.9036275148391724	0.1760350016655332	0.8274932323636472	0.8501105343690611	sub-20966	ses-3				space-ACPC			DSIStudio	autotrackgqi
ProjectionBasalGanglia_FornixR	directions	NODDI	/scratch/executivefunction/SLURM_13244013_116/job-13244013-116-sub-20966-ses-3/ds/inputs/data/qsiprep/qsiprep/sub-20966/ses-3/dwi/sub-20966_ses-3_space-ACPC_desc-preproc_dwi.nii.gz	0.0	-0.0162391662597656	0.5771218538284302	-0.0458554923534393	-0.0162391662597656	-0.0458554923534393	0.5771218538284302	-0.0725777000188827		sub-20966	ses-3				space-ACPC			DSIStudio	autotrackgqi
ProjectionBasalGanglia_FornixR	icvf	NODDI	/scratch/executivefunction/SLURM_13244013_116/job-13244013-116-sub-20966-ses-3/ds/inputs/data/qsiprep/qsiprep/sub-20966/ses-3/dwi/sub-20966_ses-3_space-ACPC_desc-preproc_dwi.nii.gz	0.0795454545454545	0.4428279399871826	0.2381446212530136	0.3949413299560547	0.481097012758255	0.4120702445507049	0.2078529298305511	0.4951629638671875	0.511802077293396	sub-20966	ses-3				space-ACPC			DSIStudio	autotrackgqi
ProjectionBasalGanglia_FornixR	isovf	NODDI	/scratch/executivefunction/SLURM_13244013_116/job-13244013-116-sub-20966-ses-3/ds/inputs/data/qsiprep/qsiprep/sub-20966/ses-3/dwi/sub-20966_ses-3_space-ACPC_desc-preproc_dwi.nii.gz	0.389520202020202	0.314915657043457	0.356625497341156	0.1550934016704559	0.5158494710922241	0.5158937573432922	0.3235416412353515	0.2845592796802521	0.4452829360961914	sub-20966	ses-3				space-ACPC			DSIStudio	autotrackgqi
ProjectionBasalGanglia_FornixR	modulated_icvf	NODDI	/scratch/executivefunction/SLURM_13244013_116/job-13244013-116-sub-20966-ses-3/ds/inputs/data/qsiprep/qsiprep/sub-20966/ses-3/dwi/sub-20966_ses-3_space-ACPC_desc-preproc_dwi.nii.gz	0.0795454545454545	0.2856824696063995	0.1393226683139801	0.3071376383304596	0.310371071100235	0.319176435470581	0.1158691123127937	0.3241983652114868	0.3350925147533417	sub-20966	ses-3				space-ACPC			DSIStudio	autotrackgqi
ProjectionBasalGanglia_FornixR	modulated_od	NODDI	/scratch/executivefunction/SLURM_13244013_116/job-13244013-116-sub-20966-ses-3/ds/inputs/data/qsiprep/qsiprep/sub-20966/ses-3/dwi/sub-20966_ses-3_space-ACPC_desc-preproc_dwi.nii.gz	0.0303030303030303	0.1983502954244613	0.1818537414073944	0.1615541875362396	0.2045487314462661	0.1691551804542541	0.181208074092865	0.1554711461067199	0.1580437123775482	sub-20966	ses-3				space-ACPC			DSIStudio	autotrackgqi
ProjectionBasalGanglia_FornixR	nrmse	NODDI	/scratch/executivefunction/SLURM_13244013_116/job-13244013-116-sub-20966-ses-3/ds/inputs/data/qsiprep/qsiprep/sub-20966/ses-3/dwi/sub-20966_ses-3_space-ACPC_desc-preproc_dwi.nii.gz	0.0	0.0987095311284065	0.030031805858016	0.0941244512796402	0.0987095311284065	0.0941244512796402	0.030031805858016	0.1013777703046798	0.1013777703046798	sub-20966	ses-3				space-ACPC			DSIStudio	autotrackgqi
ProjectionBasalGanglia_FornixR	od	NODDI	/scratch/executivefunction/SLURM_13244013_116/job-13244013-116-sub-20966-ses-3/ds/inputs/data/qsiprep/qsiprep/sub-20966/ses-3/dwi/sub-20966_ses-3_space-ACPC_desc-preproc_dwi.nii.gz	0.0	0.332866907119751	0.2581590116024017	0.2684214115142822	0.332866907119751	0.2684214115142822	0.2581590116024017	0.2304154336452484	0.2304154336452484	sub-20966	ses-3				space-ACPC			DSIStudio	autotrackgqi
ProjectionBasalGanglia_FornixR	rmse	NODDI	/scratch/executivefunction/SLURM_13244013_116/job-13244013-116-sub-20966-ses-3/ds/inputs/data/qsiprep/qsiprep/sub-20966/ses-3/dwi/sub-20966_ses-3_space-ACPC_desc-preproc_dwi.nii.gz	0.0	0.0343123115599155	0.011250470764935	0.032908771187067	0.0343123115599155	0.032908771187067	0.011250470764935	0.036568745970726	0.036568745970726	sub-20966	ses-3				space-ACPC			DSIStudio	autotrackgqi
ProjectionBasalGanglia_FornixR	tf	NODDI	/scratch/executivefunction/SLURM_13244013_116/job-13244013-116-sub-20966-ses-3/ds/inputs/data/qsiprep/qsiprep/sub-20966/ses-3/dwi/sub-20966_ses-3_space-ACPC_desc-preproc_dwi.nii.gz	0.0795454545454545	0.6850843358069959	0.3566254777168329	0.8449065983295441	0.7442891549508104	0.9062894582748412	0.3067690342393582	0.7154407383635811	0.7394819455220385	sub-20966	ses-3				space-ACPC			DSIStudio	autotrackgqi
ProjectionBrainstem_CorticopontineTractL	directions	NODDI	/scratch/executivefunction/SLURM_13244013_116/job-13244013-116-sub-20966-ses-3/ds/inputs/data/qsiprep/qsiprep/sub-20966/ses-3/dwi/sub-20966_ses-3_space-ACPC_desc-preproc_dwi.nii.gz	2.0	-0.0068645211867988	0.5772329568862915	-0.0772855952382087	-0.0068663405254483	-0.0775683224201202	0.5773094296455383	0.07975634932518		sub-20966	ses-3				space-ACPC			DSIStudio	autotrackgqi
ProjectionBrainstem_CorticopontineTractL	icvf	NODDI	/scratch/executivefunction/SLURM_13244013_116/job-13244013-116-sub-20966-ses-3/ds/inputs/data/qsiprep/qsiprep/sub-20966/ses-3/dwi/sub-20966_ses-3_space-ACPC_desc-preproc_dwi.nii.gz	0.0066233938269969	0.5997201800346375	0.1578447818756103	0.6300655603408813	0.6037188172340393	0.631060004234314	0.1505557298660278	0.649165153503418	0.6554759740829468	sub-20966	ses-3				space-ACPC			DSIStudio	autotrackgqi
ProjectionBrainstem_CorticopontineTractL	isovf	NODDI	/scratch/executivefunction/SLURM_13244013_116/job-13244013-116-sub-20966-ses-3/ds/inputs/data/qsiprep/qsiprep/sub-20966/ses-3/dwi/sub-20966_ses-3_space-ACPC_desc-preproc_dwi.nii.gz	0.2041329977480461	0.1142917200922966	0.1595940142869949	0.0846635475754737	0.1436065584421157	0.0997752249240875	0.1667133718729019	0.1415849924087524	0.1618065387010574	sub-20966	ses-3				space-ACPC			DSIStudio	autotrackgqi
ProjectionBrainstem_CorticopontineTractL	modulated_icvf	NODDI	/scratch/executivefunction/SLURM_13244013_116/job-13244013-116-sub-20966-ses-3/ds/inputs/data/qsiprep/qsiprep/sub-20966/ses-3/dwi/sub-20966_ses-3_space-ACPC_desc-preproc_dwi.nii.gz	0.0066233938269969	0.527861475944519	0.1416076570749282	0.5680949687957764	0.5313810110092163	0.5692311525344849	0.1353373974561691	0.5498011112213135	0.5551460385322571	sub-20966	ses-3				space-ACPC			DSIStudio	autotrackgqi
ProjectionBrainstem_CorticopontineTractL	modulated_od	NODDI	/scratch/executivefunction/SLURM_13244013_116/job-13244013-116-sub-20966-ses-3/ds/inputs/data/qsiprep/qsiprep/sub-20966/ses-3/dwi/sub-20966_ses-3_space-ACPC_desc-preproc_dwi.nii.gz	0.0033116969134984	0.2196882516145706	0.1467171609401703	0.2022448778152465	0.2204182147979736	0.202623575925827	0.1464122682809829	0.1715694814920425	0.1717764884233474	sub-20966	ses-3				space-ACPC			DSIStudio	autotrackgqi
ProjectionBrainstem_CorticopontineTractL	nrmse	NODDI	/scratch/executivefunction/SLURM_13244013_116/job-13244013-116-sub-20966-ses-3/ds/inputs/data/qsiprep/qsiprep/sub-20966/ses-3/dwi/sub-20966_ses-3_space-ACPC_desc-preproc_dwi.nii.gz	0.0002649357530798	0.1030962765216827	0.0330020822584629	0.0986850932240486	0.1031235978007316	0.0986939147114753	0.0329637490212917	0.1096567958593368	0.1096574366092681	sub-20966	ses-3				space-ACPC			DSIStudio	autotrackgqi
ProjectionBrainstem_CorticopontineTractL	od	NODDI	/scratch/executivefunction/SLURM_13244013_116/job-13244013-116-sub-20966-ses-3/ds/inputs/data/qsiprep/qsiprep/sub-20966/ses-3/dwi/sub-20966_ses-3_space-ACPC_desc-preproc_dwi.nii.gz	0.0002649357530798	0.2551146745681762	0.1702832579612732	0.2304044365882873	0.2551822662353515	0.2304185628890991	0.1702551692724228	0.2094797194004058	0.2094809412956237	sub-20966	ses-3				space-ACPC			DSIStudio	autotrackgqi
ProjectionBrainstem_CorticopontineTractL	rmse	NODDI	/scratch/executivefunction/SLURM_13244013_116/job-13244013-116-sub-20966-ses-3/ds/inputs/data/qsiprep/qsiprep/sub-20966/ses-3/dwi/sub-20966_ses-3_space-ACPC_desc-preproc_dwi.nii.gz	0.0002649357530798	0.0435563400387764	0.014398661442101	0.0422102026641368	0.0435678847134113	0.0422105342149734	0.0143830990418791	0.0463690720498561	0.0463693402707576	sub-20966	ses-3				space-ACPC			DSIStudio	autotrackgqi
ProjectionBrainstem_CorticopontineTractL	tf	NODDI	/scratch/executivefunction/SLURM_13244013_116/job-13244013-116-sub-20966-ses-3/ds/inputs/data/qsiprep/qsiprep/sub-20966/ses-3/dwi/sub-20966_ses-3_space-ACPC_desc-preproc_dwi.nii.gz	0.0066233938269969	0.8854433524164874	0.1602328160336515	0.915317952632904	0.8913470952649771	0.9158389568328856	0.1434693619626809	0.8584091247404213	0.8667541269302539	sub-20966	ses-3				space-ACPC			DSIStudio	autotrackgqi
ProjectionBrainstem_CorticobulbarTractL	directions	NODDI	/scratch/executivefunction/SLURM_13244013_116/job-13244013-116-sub-20966-ses-3/ds/inputs/data/qsiprep/qsiprep/sub-20966/ses-3/dwi/sub-20966_ses-3_space-ACPC_desc-preproc_dwi.nii.gz	0.0	0.0024683482479304	0.5773450136184692	-0.1903149336576461	0.0024683482479304	-0.1903149336576461	0.5773450136184692	0.0796429216861724		sub-20966	ses-3				space-ACPC			DSIStudio	autotrackgqi
ProjectionBrainstem_CorticobulbarTractL	icvf	NODDI	/scratch/executivefunction/SLURM_13244013_116/job-13244013-116-sub-20966-ses-3/ds/inputs/data/qsiprep/qsiprep/sub-20966/ses-3/dwi/sub-20966_ses-3_space-ACPC_desc-preproc_dwi.nii.gz	0.0128205128205128	0.6769742965698242	0.145744189620018	0.6764659881591797	0.6857661604881287	0.6788355708122253	0.124451033771038	0.6735152006149292	0.6791057586669922	sub-20966	ses-3				space-ACPC			DSIStudio	autotrackgqi
ProjectionBrainstem_CorticobulbarTractL	isovf	NODDI	/scratch/executivefunction/SLURM_13244013_116/job-13244013-116-sub-20966-ses-3/ds/inputs/data/qsiprep/qsiprep/sub-20966/ses-3/dwi/sub-20966_ses-3_space-ACPC_desc-preproc_dwi.nii.gz	0.1239316239316239	0.1563427448272705	0.2038923650979995	0.1021250560879707	0.1784595251083374	0.1109653785824775	0.2085811197757721	0.1484556049108505	0.1729609072208404	sub-20966	ses-3				space-ACPC			DSIStudio	autotrackgqi
ProjectionBrainstem_CorticobulbarTractL	modulated_icvf	NODDI	/scratch/executivefunction/SLURM_13244013_116/job-13244013-116-sub-20966-ses-3/ds/inputs/data/qsiprep/qsiprep/sub-20966/ses-3/dwi/sub-20966_ses-3_space-ACPC_desc-preproc_dwi.nii.gz	0.0128205128205128	0.5626989006996155	0.1354550570249557	0.5931297540664673	0.5700066685676575	0.5964833498001099	0.1200869679450988	0.5655723810195923	0.5702669620513916	sub-20966	ses-3				space-ACPC			DSIStudio	autotrackgqi
ProjectionBrainstem_CorticobulbarTractL	modulated_od	NODDI	/scratch/executivefunction/SLURM_13244013_116/job-13244013-116-sub-20966-ses-3/ds/inputs/data/qsiprep/qsiprep/sub-20966/ses-3/dwi/sub-20966_ses-3_space-ACPC_desc-preproc_dwi.nii.gz	0.0	0.1497503072023391	0.1344538927078247	0.0822930485010147	0.1497503072023391	0.0822930485010147	0.1344538927078247	0.1554395258426666	0.1554395258426666	sub-20966	ses-3				space-ACPC			DSIStudio	autotrackgqi
ProjectionBrainstem_CorticobulbarTractL	nrmse	NODDI	/scratch/executivefunction/SLURM_13244013_116/job-13244013-116-sub-20966-ses-3/ds/inputs/data/qsiprep/qsiprep/sub-20966/ses-3/dwi/sub-20966_ses-3_space-ACPC_desc-preproc_dwi.nii.gz	0.0	0.1246410757303237	0.0570044964551925	0.1123512610793113	0.1246410757303237	0.1123512610793113	0.0570044964551925	0.1190100610256195	0.1190100610256195	sub-20966	ses-3				space-ACPC			DSIStudio	autotrackgqi
ProjectionBrainstem_CorticobulbarTractL	od	NODDI	/scratch/executivefunction/SLURM_13244013_116/job-13244013-116-sub-20966-ses-3/ds/inputs/data/qsiprep/qsiprep/sub-20966/ses-3/dwi/sub-20966_ses-3_space-ACPC_desc-preproc_dwi.nii.gz	0.0	0.1901337057352066	0.1726749986410141	0.1026356518268585	0.1901337057352066	0.1026356518268585	0.1726749986410141	0.1884525716304779	0.1884525716304779	sub-20966	ses-3				space-ACPC			DSIStudio	autotrackgqi
ProjectionBrainstem_CorticobulbarTractL	rmse	NODDI	/scratch/executivefunction/SLURM_13244013_116/job-13244013-116-sub-20966-ses-3/ds/inputs/data/qsiprep/qsiprep/sub-20966/ses-3/dwi/sub-20966_ses-3_space-ACPC_desc-preproc_dwi.nii.gz	0.0	0.0525263175368309	0.0181360226124525	0.0493276938796043	0.0525263175368309	0.0493276938796043	0.0181360226124525	0.0508368760347366	0.0508368760347366	sub-20966	ses-3				space-ACPC			DSIStudio	autotrackgqi
ProjectionBrainstem_CorticobulbarTractL	tf	NODDI	/scratch/executivefunction/SLURM_13244013_116/job-13244013-116-sub-20966-ses-3/ds/inputs/data/qsiprep/qsiprep/sub-20966/ses-3/dwi/sub-20966_ses-3_space-ACPC_desc-preproc_dwi.nii.gz	0.0128205128205128	0.8436572602671436	0.2038923776936396	0.8978749513626099	0.8546138480628208	0.8982527256011963	0.1809650448244077	0.8515444018745555	0.8586127071044263	sub-20966	ses-3				space-ACPC			DSIStudio	autotrackgqi
ProjectionBrainstem_NonDecussatingDentatorubrothalamicTractR	directions	NODDI	/scratch/executivefunction/SLURM_13244013_116/job-13244013-116-sub-20966-ses-3/ds/inputs/data/qsiprep/qsiprep/sub-20966/ses-3/dwi/sub-20966_ses-3_space-ACPC_desc-preproc_dwi.nii.gz	0.0	0.0042541432194411	0.5773345828056335	-0.0319076478481292	0.0042541432194411	-0.0319076478481292	0.5773345828056335	0.0072942376136779		sub-20966	ses-3				space-ACPC			DSIStudio	autotrackgqi
ProjectionBrainstem_NonDecussatingDentatorubrothalamicTractR	icvf	NODDI	/scratch/executivefunction/SLURM_13244013_116/job-13244013-116-sub-20966-ses-3/ds/inputs/data/qsiprep/qsiprep/sub-20966/ses-3/dwi/sub-20966_ses-3_space-ACPC_desc-preproc_dwi.nii.gz	0.0120481927710843	0.6167513728141785	0.1396901756525039	0.6398975253105164	0.6242727041244507	0.6415579915046692	0.1227026283740997	0.6252464056015015	0.6380625367164612	sub-20966	ses-3				space-ACPC			DSIStudio	autotrackgqi
ProjectionBrainstem_NonDecussatingDentatorubrothalamicTractR	isovf	NODDI	/scratch/executivefunction/SLURM_13244013_116/job-13244013-116-sub-20966-ses-3/ds/inputs/data/qsiprep/qsiprep/sub-20966/ses-3/dwi/sub-20966_ses-3_space-ACPC_desc-preproc_dwi.nii.gz	0.2018072289156626	0.1108385846018791	0.1604479402303695	0.0834907814860344	0.1388619244098663	0.0983630418777465	0.1684069782495498	0.138639897108078	0.1811184585094452	sub-20966	ses-3				space-ACPC			DSIStudio	autotrackgqi
ProjectionBrainstem_NonDecussatingDentatorubrothalamicTractR	modulated_icvf	NODDI	/scratch/executivefunction/SLURM_13244013_116/job-13244013-116-sub-20966-ses-3/ds/inputs/data/qsiprep/qsiprep/sub-20966/ses-3/dwi/sub-20966_ses-3_space-ACPC_desc-preproc_dwi.nii.gz	0.0120481927710843	0.5499534606933594	0.1300843954086303	0.5819078087806702	0.5566602349281311	0.5834068655967712	0.1157364919781684	0.5346193313598633	0.5455777645111084	sub-20966	ses-3				space-ACPC			DSIStudio	autotrackgqi
ProjectionBrainstem_NonDecussatingDentatorubrothalamicTractR	modulated_od	NODDI	/scratch/executivefunction/SLURM_13244013_116/job-13244013-116-sub-20966-ses-3/ds/inputs/data/qsiprep/qsiprep/sub-20966/ses-3/dwi/sub-20966_ses-3_space-ACPC_desc-preproc_dwi.nii.gz	0.0012550200803212	0.2229931950569152	0.1358740031719207	0.2140143513679504	0.2232734113931656	0.2140644192695617	0.1357290595769882	0.1840042173862457	0.1840145587921142	sub-20966	ses-3				space-ACPC			DSIStudio	autotrackgqi
ProjectionBrainstem_NonDecussatingDentatorubrothalamicTractR	nrmse	NODDI	/scratch/executivefunction/SLURM_13244013_116/job-13244013-116-sub-20966-ses-3/ds/inputs/data/qsiprep/qsiprep/sub-20966/ses-3/dwi/sub-20966_ses-3_space-ACPC_desc-preproc_dwi.nii.gz	0.0	0.100215807557106	0.0288486611098051	0.0962199866771698	0.100215807557106	0.0962199866771698	0.0288486611098051	0.099753551185131	0.099753551185131	sub-20966	ses-3				space-ACPC			DSIStudio	autotrackgqi
ProjectionBrainstem_NonDecussatingDentatorubrothalamicTractR	od	NODDI	/scratch/executivefunction/SLURM_13244013_116/job-13244013-116-sub-20966-ses-3/ds/inputs/data/qsiprep/qsiprep/sub-20966/ses-3/dwi/sub-20966_ses-3_space-ACPC_desc-preproc_dwi.nii.gz	0.0	0.2594640851020813	0.1647462248802185	0.2429463863372802	0.2594640851020813	0.2429463863372802	0.1647462248802185	0.2263183891773224	0.2263183891773224	sub-20966	ses-3				space-ACPC			DSIStudio	autotrackgqi
ProjectionBrainstem_NonDecussatingDentatorubrothalamicTractR	rmse	NODDI	/scratch/executivefunction/SLURM_13244013_116/job-13244013-116-sub-20966-ses-3/ds/inputs/data/qsiprep/qsiprep/sub-20966/ses-3/dwi/sub-20966_ses-3_space-ACPC_desc-preproc_dwi.nii.gz	0.0	0.042855504900217	0.0133609008044004	0.0412034168839454	0.042855504900217	0.0412034168839454	0.0133609008044004	0.0420486852526664	0.0420486852526664	sub-20966	ses-3				space-ACPC			DSIStudio	autotrackgqi
ProjectionBrainstem_NonDecussatingDentatorubrothalamicTractR	tf	NODDI	/scratch/executivefunction/SLURM_13244013_116/job-13244013-116-sub-20966-ses-3/ds/inputs/data/qsiprep/qsiprep/sub-20966/ses-3/dwi/sub-20966_ses-3_space-ACPC_desc-preproc_dwi.nii.gz	0.0120481927710843	0.8891614046411581	0.1604479376759714	0.9165092408657074	0.9000048364050747	0.9171777665615082	0.1276649728471608	0.8613600992113141	0.8790160599466916	sub-20966	ses-3				space-ACPC			DSIStudio	autotrackgqi
ProjectionBrainstem_NonDecussatingDentatorubrothalamicTractL	directions	NODDI	/scratch/executivefunction/SLURM_13244013_116/job-13244013-116-sub-20966-ses-3/ds/inputs/data/qsiprep/qsiprep/sub-20966/ses-3/dwi/sub-20966_ses-3_space-ACPC_desc-preproc_dwi.nii.gz	0.0	-0.0249912589788436	0.5768091082572937	-0.1040355935692787	-0.0249912589788436	-0.1040355935692787	0.5768091082572937	0.0451915562152862		sub-20966	ses-3				space-ACPC			DSIStudio	autotrackgqi
ProjectionBrainstem_NonDecussatingDentatorubrothalamicTractL	icvf	NODDI	/scratch/executivefunction/SLURM_13244013_116/job-13244013-116-sub-20966-ses-3/ds/inputs/data/qsiprep/qsiprep/sub-20966/ses-3/dwi/sub-20966_ses-3_space-ACPC_desc-preproc_dwi.nii.gz	0.0020259319286871	0.6347530484199524	0.1312504261732101	0.6628584861755371	0.6360416412353516	0.662926971912384	0.1282265782356262	0.6599643230438232	0.6602694988250732	sub-20966	ses-3				space-ACPC			DSIStudio	autotrackgqi
ProjectionBrainstem_NonDecussatingDentatorubrothalamicTractL	isovf	NODDI	/scratch/executivefunction/SLURM_13244013_116/job-13244013-116-sub-20966-ses-3/ds/inputs/data/qsiprep/qsiprep/sub-20966/ses-3/dwi/sub-20966_ses-3_space-ACPC_desc-preproc_dwi.nii.gz	0.1924635332252836	0.1077789142727851	0.1368788331747055	0.0884439349174499	0.1334663033485412	0.1017595306038856	0.1406157910823822	0.1161913648247718	0.145284816622734	sub-20966	ses-3				space-ACPC			DSIStudio	autotrackgqi
ProjectionBrainstem_NonDecussatingDentatorubrothalamicTractL	modulated_icvf	NODDI	/scratch/executivefunction/SLURM_13244013_116/job-13244013-116-sub-20966-ses-3/ds/inputs/data/qsiprep/qsiprep/sub-20966/ses-3/dwi/sub-20966_ses-3_space-ACPC_desc-preproc_dwi.nii.gz	0.0020259319286871	0.5634540319442749	0.1252224445343017	0.5989903211593628	0.5645978450775146	0.5992381572723389	0.1227464154362678	0.5772929191589355	0.5775598287582397	sub-20966	ses-3				space-ACPC			DSIStudio	autotrackgqi
ProjectionBrainstem_NonDecussatingDentatorubrothalamicTractL	modulated_od	NODDI	/scratch/executivefunction/SLURM_13244013_116/job-13244013-116-sub-20966-ses-3/ds/inputs/data/qsiprep/qsiprep/sub-20966/ses-3/dwi/sub-20966_ses-3_space-ACPC_desc-preproc_dwi.nii.gz	0.0012155591572123	0.2290301173925399	0.1372218579053878	0.2096232920885086	0.2293088585138321	0.2097474187612533	0.1370723843574524	0.1889007687568664	0.1889518350362777	sub-20966	ses-3				space-ACPC			DSIStudio	autotrackgqi
ProjectionBrainstem_NonDecussatingDentatorubrothalamicTractL	nrmse	NODDI	/scratch/executivefunction/SLURM_13244013_116/job-13244013-116-sub-20966-ses-3/ds/inputs/data/qsiprep/qsiprep/sub-20966/ses-3/dwi/sub-20966_ses-3_space-ACPC_desc-preproc_dwi.nii.gz	0.0	0.0967815071344375	0.0272693950682878	0.0940195992588996	0.0967815071344375	0.0940195992588996	0.0272693950682878	0.10112065076828	0.10112065076828	sub-20966	ses-3				space-ACPC			DSIStudio	autotrackgqi
ProjectionBrainstem_NonDecussatingDentatorubrothalamicTractL	od	NODDI	/scratch/executivefunction/SLURM_13244013_116/job-13244013-116-sub-20966-ses-3/ds/inputs/data/qsiprep/qsiprep/sub-20966/ses-3/dwi/sub-20966_ses-3_space-ACPC_desc-preproc_dwi.nii.gz	0.0	0.2593744397163391	0.1536840796470642	0.2344391345977783	0.2593744397163391	0.2344391345977783	0.1536840796470642	0.2108841240406036	0.2108841240406036	sub-20966	ses-3				space-ACPC			DSIStudio	autotrackgqi
ProjectionBrainstem_NonDecussatingDentatorubrothalamicTractL	rmse	NODDI	/scratch/executivefunction/SLURM_13244013_116/job-13244013-116-sub-20966-ses-3/ds/inputs/data/qsiprep/qsiprep/sub-20966/ses-3/dwi/sub-20966_ses-3_space-ACPC_desc-preproc_dwi.nii.gz	0.0	0.0419003069400787	0.0131847243756055	0.0409697368741035	0.0419003069400787	0.0409697368741035	0.0131847243756055	0.0440100766718387	0.0440100766718387	sub-20966	ses-3				space-ACPC			DSIStudio	autotrackgqi
ProjectionBrainstem_NonDecussatingDentatorubrothalamicTractL	tf	NODDI	/scratch/executivefunction/SLURM_13244013_116/job-13244013-116-sub-20966-ses-3/ds/inputs/data/qsiprep/qsiprep/sub-20966/ses-3/dwi/sub-20966_ses-3_space-ACPC_desc-preproc_dwi.nii.gz	0.0020259319286871	0.8922210831551343	0.1368788378708987	0.91155606508255	0.8940323318014095	0.9116096496582032	0.1309753257294965	0.8838086307325494	0.8842172394670904	sub-20966	ses-3				space-ACPC			DSIStudio	autotrackgqi
ProjectionBrainstem_CorticospinalTractR	directions	NODDI	/scratch/executivefunction/SLURM_13244013_116/job-13244013-116-sub-20966-ses-3/ds/inputs/data/qsiprep/qsiprep/sub-20966/ses-3/dwi/sub-20966_ses-3_space-ACPC_desc-preproc_dwi.nii.gz	0.0	0.0209309831261634	0.5769707560539246	0.0096171144396066	0.0209309831261634	0.0096171144396066	0.5769707560539246	-0.0757744386792182		sub-20966	ses-3				space-ACPC			DSIStudio	autotrackgqi
ProjectionBrainstem_CorticospinalTractR	icvf	NODDI	/scratch/executivefunction/SLURM_13244013_116/job-13244013-116-sub-20966-ses-3/ds/inputs/data/qsiprep/qsiprep/sub-20966/ses-3/dwi/sub-20966_ses-3_space-ACPC_desc-preproc_dwi.nii.gz	0.0071641791044776	0.66005939245224	0.1341725438833236	0.6878914833068848	0.6648222804069519	0.6885179877281189	0.1223343163728714	0.6914840936660767	0.6920403242111206	sub-20966	ses-3				space-ACPC			DSIStudio	autotrackgqi
ProjectionBrainstem_CorticospinalTractR	isovf	NODDI	/scratch/executivefunction/SLURM_13244013_116/job-13244013-116-sub-20966-ses-3/ds/inputs/data/qsiprep/qsiprep/sub-20966/ses-3/dwi/sub-20966_ses-3_space-ACPC_desc-preproc_dwi.nii.gz	0.1176119402985074	0.1188338100910186	0.1490806192159652	0.0937013700604438	0.1346729546785354	0.1000489443540573	0.1518362909555435	0.1082572042942047	0.1131166815757751	sub-20966	ses-3				space-ACPC			DSIStudio	autotrackgqi
ProjectionBrainstem_CorticospinalTractR	modulated_icvf	NODDI	/scratch/executivefunction/SLURM_13244013_116/job-13244013-116-sub-20966-ses-3/ds/inputs/data/qsiprep/qsiprep/sub-20966/ses-3/dwi/sub-20966_ses-3_space-ACPC_desc-preproc_dwi.nii.gz	0.0071641791044776	0.5767818093299866	0.1190753951668739	0.6146350502967834	0.580943763256073	0.6150365471839905	0.108919158577919	0.6125240325927734	0.6130167245864868	sub-20966	ses-3				space-ACPC			DSIStudio	autotrackgqi
ProjectionBrainstem_CorticospinalTractR	modulated_od	NODDI	/scratch/executivefunction/SLURM_13244013_116/job-13244013-116-sub-20966-ses-3/ds/inputs/data/qsiprep/qsiprep/sub-20966/ses-3/dwi/sub-20966_ses-3_space-ACPC_desc-preproc_dwi.nii.gz	0.0	0.1901838779449463	0.1399304270744323	0.1676899641752243	0.1901838779449463	0.1676899641752243	0.1399304270744323	0.1511787176132202	0.1511787176132202	sub-20966	ses-3				space-ACPC			DSIStudio	autotrackgqi
ProjectionBrainstem_CorticospinalTractR	nrmse	NODDI	/scratch/executivefunction/SLURM_13244013_116/job-13244013-116-sub-20966-ses-3/ds/inputs/data/qsiprep/qsiprep/sub-20966/ses-3/dwi/sub-20966_ses-3_space-ACPC_desc-preproc_dwi.nii.gz	0.0	0.1092373505234718	0.0326846092939376	0.1037180125713348	0.1092373505234718	0.1037180125713348	0.0326846092939376	0.1127597317099571	0.1127597317099571	sub-20966	ses-3				space-ACPC			DSIStudio	autotrackgqi
ProjectionBrainstem_CorticospinalTractR	od	NODDI	/scratch/executivefunction/SLURM_13244013_116/job-13244013-116-sub-20966-ses-3/ds/inputs/data/qsiprep/qsiprep/sub-20966/ses-3/dwi/sub-20966_ses-3_space-ACPC_desc-preproc_dwi.nii.gz	0.0	0.2199005633592605	0.1590744107961654	0.2011984288692474	0.2199005633592605	0.2011984288692474	0.1590744107961654	0.1699172854423523	0.1699172854423523	sub-20966	ses-3				space-ACPC			DSIStudio	autotrackgqi
ProjectionBrainstem_CorticospinalTractR	rmse	NODDI	/scratch/executivefunction/SLURM_13244013_116/job-13244013-116-sub-20966-ses-3/ds/inputs/data/qsiprep/qsiprep/sub-20966/ses-3/dwi/sub-20966_ses-3_space-ACPC_desc-preproc_dwi.nii.gz	0.0	0.0473843067884445	0.01378027908504	0.0456239692866802	0.0473843067884445	0.0456239692866802	0.01378027908504	0.0504523776471614	0.0504523776471614	sub-20966	ses-3				space-ACPC			DSIStudio	autotrackgqi
ProjectionBrainstem_CorticospinalTractR	tf	NODDI	/scratch/executivefunction/SLURM_13244013_116/job-13244013-116-sub-20966-ses-3/ds/inputs/data/qsiprep/qsiprep/sub-20966/ses-3/dwi/sub-20966_ses-3_space-ACPC_desc-preproc_dwi.nii.gz	0.0071641791044776	0.8811661888592279	0.149080616419819	0.9062986373901368	0.8875245738660292	0.9068320393562316	0.1293915773400363	0.891742799519516	0.8924601304486692	sub-20966	ses-3				space-ACPC			DSIStudio	autotrackgqi
ProjectionBrainstem_ReticularTractL	directions	NODDI	/scratch/executivefunction/SLURM_13244013_116/job-13244013-116-sub-20966-ses-3/ds/inputs/data/qsiprep/qsiprep/sub-20966/ses-3/dwi/sub-20966_ses-3_space-ACPC_desc-preproc_dwi.nii.gz	0.0	-0.0573723837733268	0.5744926333427429	-0.1302883028984069	-0.0573723837733268	-0.1302883028984069	0.5744926333427429	-0.2523824274539947		sub-20966	ses-3				space-ACPC			DSIStudio	autotrackgqi
ProjectionBrainstem_ReticularTractL	icvf	NODDI	/scratch/executivefunction/SLURM_13244013_116/job-13244013-116-sub-20966-ses-3/ds/inputs/data/qsiprep/qsiprep/sub-20966/ses-3/dwi/sub-20966_ses-3_space-ACPC_desc-preproc_dwi.nii.gz	0.0247148288973384	0.5912048816680908	0.160137727856636	0.5939662456512451	0.6061866283416748	0.5956761837005615	0.1311951726675033	0.6032092571258545	0.6081290245056152	sub-20966	ses-3				space-ACPC			DSIStudio	autotrackgqi
ProjectionBrainstem_ReticularTractL	isovf	NODDI	/scratch/executivefunction/SLURM_13244013_116/job-13244013-116-sub-20966-ses-3/ds/inputs/data/qsiprep/qsiprep/sub-20966/ses-3/dwi/sub-20966_ses-3_space-ACPC_desc-preproc_dwi.nii.gz	0.2480988593155893	0.1581146866083145	0.2419728487730026	0.0799876898527145	0.2102865427732467	0.1022216230630874	0.2586491405963897	0.1196588575839996	0.1677245050668716	sub-20966	ses-3				space-ACPC			DSIStudio	autotrackgqi
ProjectionBrainstem_ReticularTractL	modulated_icvf	NODDI	/scratch/executivefunction/SLURM_13244013_116/job-13244013-116-sub-20966-ses-3/ds/inputs/data/qsiprep/qsiprep/sub-20966/ses-3/dwi/sub-20966_ses-3_space-ACPC_desc-preproc_dwi.nii.gz	0.0247148288973384	0.4940733909606933	0.1490336060523986	0.5288294553756714	0.5065937638282776	0.5325783491134644	0.1281839460134506	0.5222858190536499	0.526545524597168	sub-20966	ses-3				space-ACPC			DSIStudio	autotrackgqi
ProjectionBrainstem_ReticularTractL	modulated_od	NODDI	/scratch/executivefunction/SLURM_13244013_116/job-13244013-116-sub-20966-ses-3/ds/inputs/data/qsiprep/qsiprep/sub-20966/ses-3/dwi/sub-20966_ses-3_space-ACPC_desc-preproc_dwi.nii.gz	0.0019011406844106	0.1934405714273452	0.1362293511629104	0.1751088500022888	0.1938090324401855	0.175954207777977	0.1360969245433807	0.1948283314704895	0.1948977708816528	sub-20966	ses-3				space-ACPC			DSIStudio	autotrackgqi
ProjectionBrainstem_ReticularTractL	nrmse	NODDI	/scratch/executivefunction/SLURM_13244013_116/job-13244013-116-sub-20966-ses-3/ds/inputs/data/qsiprep/qsiprep/sub-20966/ses-3/dwi/sub-20966_ses-3_space-ACPC_desc-preproc_dwi.nii.gz	0.0	0.0996892526745796	0.0259812735021114	0.0953001379966735	0.0996892526745796	0.0953001379966735	0.0259812735021114	0.1016097590327262	0.1016097590327262	sub-20966	ses-3				space-ACPC			DSIStudio	autotrackgqi
ProjectionBrainstem_ReticularTractL	od	NODDI	/scratch/executivefunction/SLURM_13244013_116/job-13244013-116-sub-20966-ses-3/ds/inputs/data/qsiprep/qsiprep/sub-20966/ses-3/dwi/sub-20966_ses-3_space-ACPC_desc-preproc_dwi.nii.gz	0.0	0.2493779808282852	0.1839620321989059	0.2177020758390426	0.2493779808282852	0.2177020758390426	0.1839620321989059	0.2241739630699157	0.2241739630699157	sub-20966	ses-3				space-ACPC			DSIStudio	autotrackgqi
ProjectionBrainstem_ReticularTractL	rmse	NODDI	/scratch/executivefunction/SLURM_13244013_116/job-13244013-116-sub-20966-ses-3/ds/inputs/data/qsiprep/qsiprep/sub-20966/ses-3/dwi/sub-20966_ses-3_space-ACPC_desc-preproc_dwi.nii.gz	0.0	0.0405682623386383	0.0106530450284481	0.0391886532306671	0.0405682623386383	0.0391886532306671	0.0106530450284481	0.0425711534917354	0.0425711534917354	sub-20966	ses-3				space-ACPC			DSIStudio	autotrackgqi
ProjectionBrainstem_ReticularTractL	tf	NODDI	/scratch/executivefunction/SLURM_13244013_116/job-13244013-116-sub-20966-ses-3/ds/inputs/data/qsiprep/qsiprep/sub-20966/ses-3/dwi/sub-20966_ses-3_space-ACPC_desc-preproc_dwi.nii.gz	0.0247148288973384	0.8418853113519829	0.2419728449792199	0.9200123250484468	0.8632196369807855	0.9224989116191864	0.2040058671091776	0.8803411446047542	0.8875211044891935	sub-20966	ses-3				space-ACPC			DSIStudio	autotrackgqi
ProjectionBasalGanglia_ThalamicRadiationR	directions	NODDI	/scratch/executivefunction/SLURM_13244013_116/job-13244013-116-sub-20966-ses-3/ds/inputs/data/qsiprep/qsiprep/sub-20966/ses-3/dwi/sub-20966_ses-3_space-ACPC_desc-preproc_dwi.nii.gz	0.0	-0.0094849178567528	0.577272355556488	-0.0275802947580814	-0.0094849178567528	-0.0275802947580814	0.577272355556488	0.0944142937660217		sub-20966	ses-3				space-ACPC			DSIStudio	autotrackgqi
ProjectionBasalGanglia_ThalamicRadiationR	icvf	NODDI	/scratch/executivefunction/SLURM_13244013_116/job-13244013-116-sub-20966-ses-3/ds/inputs/data/qsiprep/qsiprep/sub-20966/ses-3/dwi/sub-20966_ses-3_space-ACPC_desc-preproc_dwi.nii.gz	0.0100385317379841	0.5072796940803528	0.1458356976509094	0.52305006980896	0.5124236941337585	0.5258687734603882	0.1372873485088348	0.5545535087585449	0.5551978945732117	sub-20966	ses-3				space-ACPC			DSIStudio	autotrackgqi
ProjectionBasalGanglia_ThalamicRadiationR	isovf	NODDI	/scratch/executivefunction/SLURM_13244013_116/job-13244013-116-sub-20966-ses-3/ds/inputs/data/qsiprep/qsiprep/sub-20966/ses-3/dwi/sub-20966_ses-3_space-ACPC_desc-preproc_dwi.nii.gz	0.4058000405597242	0.0851530358195304	0.1572830975055694	0.045117512345314	0.1433070302009582	0.093665599822998	0.1824788302183151	0.0642765462398529	0.1021079123020172	sub-20966	ses-3				space-ACPC			DSIStudio	autotrackgqi
ProjectionBasalGanglia_ThalamicRadiationR	modulated_icvf	NODDI	/scratch/executivefunction/SLURM_13244013_116/job-13244013-116-sub-20966-ses-3/ds/inputs/data/qsiprep/qsiprep/sub-20966/ses-3/dwi/sub-20966_ses-3_space-ACPC_desc-preproc_dwi.nii.gz	0.0100385317379841	0.4661051630973816	0.1363138258457183	0.4946056604385376	0.4708316028118133	0.4960288405418396	0.1286254823207855	0.5157799124717712	0.516379177570343	sub-20966	ses-3				space-ACPC			DSIStudio	autotrackgqi
ProjectionBasalGanglia_ThalamicRadiationR	modulated_od	NODDI	/scratch/executivefunction/SLURM_13244013_116/job-13244013-116-sub-20966-ses-3/ds/inputs/data/qsiprep/qsiprep/sub-20966/ses-3/dwi/sub-20966_ses-3_space-ACPC_desc-preproc_dwi.nii.gz	0.007807746907321	0.2627370357513428	0.148293524980545	0.2468369305133819	0.2648045718669891	0.248592346906662	0.1470256149768829	0.2134212553501129	0.2136040031909942	sub-20966	ses-3				space-ACPC			DSIStudio	autotrackgqi
ProjectionBasalGanglia_ThalamicRadiationR	nrmse	NODDI	/scratch/executivefunction/SLURM_13244013_116/job-13244013-116-sub-20966-ses-3/ds/inputs/data/qsiprep/qsiprep/sub-20966/ses-3/dwi/sub-20966_ses-3_space-ACPC_desc-preproc_dwi.nii.gz	0.0	0.0952087789773941	0.0280685909092426	0.0908485054969787	0.0952087789773941	0.0908485054969787	0.0280685909092426	0.0983281284570694	0.0983281284570694	sub-20966	ses-3				space-ACPC			DSIStudio	autotrackgqi
ProjectionBasalGanglia_ThalamicRadiationR	od	NODDI	/scratch/executivefunction/SLURM_13244013_116/job-13244013-116-sub-20966-ses-3/ds/inputs/data/qsiprep/qsiprep/sub-20966/ses-3/dwi/sub-20966_ses-3_space-ACPC_desc-preproc_dwi.nii.gz	0.0	0.2959621846675873	0.1705717593431472	0.2708283066749573	0.2959621846675873	0.2708283066749573	0.1705717593431472	0.2277004420757293	0.2277004420757293	sub-20966	ses-3				space-ACPC			DSIStudio	autotrackgqi
ProjectionBasalGanglia_ThalamicRadiationR	rmse	NODDI	/scratch/executivefunction/SLURM_13244013_116/job-13244013-116-sub-20966-ses-3/ds/inputs/data/qsiprep/qsiprep/sub-20966/ses-3/dwi/sub-20966_ses-3_space-ACPC_desc-preproc_dwi.nii.gz	0.0	0.0389396287500858	0.0132188564166426	0.0371442735195159	0.0389396287500858	0.0371442735195159	0.0132188564166426	0.0416937135159969	0.0416937135159969	sub-20966	ses-3				space-ACPC			DSIStudio	autotrackgqi
ProjectionBasalGanglia_ThalamicRadiationR	tf	NODDI	/scratch/executivefunction/SLURM_13244013_116/job-13244013-116-sub-20966-ses-3/ds/inputs/data/qsiprep/qsiprep/sub-20966/ses-3/dwi/sub-20966_ses-3_space-ACPC_desc-preproc_dwi.nii.gz	0.0100385317379841	0.91484696094851	0.1572830952665526	0.9548825025558472	0.9241238071160716	0.9563693404197692	0.1281244268378433	0.935723453647952	0.9368107919983332	sub-20966	ses-3				space-ACPC			DSIStudio	autotrackgqi
ProjectionBasalGanglia_AnsaSubthalamicaR	directions	NODDI	/scratch/executivefunction/SLURM_13244013_116/job-13244013-116-sub-20966-ses-3/ds/inputs/data/qsiprep/qsiprep/sub-20966/ses-3/dwi/sub-20966_ses-3_space-ACPC_desc-preproc_dwi.nii.gz	0.0	-0.1045662239193916	0.5678021311759949	-0.1453586220741272	-0.1045662239193916	-0.1453586220741272	0.5678021311759949	-0.501561164855957		sub-20966	ses-3				space-ACPC			DSIStudio	autotrackgqi
ProjectionBasalGanglia_AnsaSubthalamicaR	icvf	NODDI	/scratch/executivefunction/SLURM_13244013_116/job-13244013-116-sub-20966-ses-3/ds/inputs/data/qsiprep/qsiprep/sub-20966/ses-3/dwi/sub-20966_ses-3_space-ACPC_desc-preproc_dwi.nii.gz	0.0254691689008042	0.4784225225448608	0.1805525720119476	0.4314870238304138	0.4909259974956512	0.4405756294727325	0.165266215801239	0.4607349336147308	0.4643522500991821	sub-20966	ses-3				space-ACPC			DSIStudio	autotrackgqi
ProjectionBasalGanglia_AnsaSubthalamicaR	isovf	NODDI	/scratch/executivefunction/SLURM_13244013_116/job-13244013-116-sub-20966-ses-3/ds/inputs/data/qsiprep/qsiprep/sub-20966/ses-3/dwi/sub-20966_ses-3_space-ACPC_desc-preproc_dwi.nii.gz	0.5294906166219839	0.1261055320501327	0.2357029765844345	0.0	0.2680191397666931	0.1550834029912948	0.2829142808914184	0.0711681395769119	0.193932831287384	sub-20966	ses-3				space-ACPC			DSIStudio	autotrackgqi
ProjectionBasalGanglia_AnsaSubthalamicaR	modulated_icvf	NODDI	/scratch/executivefunction/SLURM_13244013_116/job-13244013-116-sub-20966-ses-3/ds/inputs/data/qsiprep/qsiprep/sub-20966/ses-3/dwi/sub-20966_ses-3_space-ACPC_desc-preproc_dwi.nii.gz	0.0254691689008042	0.4085833132266998	0.1361261904239654	0.4069013595581054	0.4192615747451782	0.4095365703105926	0.1205721721053123	0.4193837642669678	0.4226764440536499	sub-20966	ses-3				space-ACPC			DSIStudio	autotrackgqi
ProjectionBasalGanglia_AnsaSubthalamicaR	modulated_od	NODDI	/scratch/executivefunction/SLURM_13244013_116/job-13244013-116-sub-20966-ses-3/ds/inputs/data/qsiprep/qsiprep/sub-20966/ses-3/dwi/sub-20966_ses-3_space-ACPC_desc-preproc_dwi.nii.gz	0.0013404825737265	0.2607023417949676	0.1513846516609192	0.2602573037147522	0.2610522806644439	0.2604358196258545	0.151184394955635	0.2354518920183181	0.2355014681816101	sub-20966	ses-3				space-ACPC			DSIStudio	autotrackgqi
ProjectionBasalGanglia_AnsaSubthalamicaR	nrmse	NODDI	/scratch/executivefunction/SLURM_13244013_116/job-13244013-116-sub-20966-ses-3/ds/inputs/data/qsiprep/qsiprep/sub-20966/ses-3/dwi/sub-20966_ses-3_space-ACPC_desc-preproc_dwi.nii.gz	0.0	0.1084821745753288	0.0298006832599639	0.1040809154510498	0.1084821745753288	0.1040809154510498	0.0298006832599639	0.1087263077497482	0.1087263077497482	sub-20966	ses-3				space-ACPC			DSIStudio	autotrackgqi
ProjectionBasalGanglia_AnsaSubthalamicaR	od	NODDI	/scratch/executivefunction/SLURM_13244013_116/job-13244013-116-sub-20966-ses-3/ds/inputs/data/qsiprep/qsiprep/sub-20966/ses-3/dwi/sub-20966_ses-3_space-ACPC_desc-preproc_dwi.nii.gz	0.0	0.3108475804328918	0.1775065064430236	0.2929193377494812	0.3108475804328918	0.2929193377494812	0.1775065064430236	0.2571815252304077	0.2571815252304077	sub-20966	ses-3				space-ACPC			DSIStudio	autotrackgqi
ProjectionBasalGanglia_AnsaSubthalamicaR	rmse	NODDI	/scratch/executivefunction/SLURM_13244013_116/job-13244013-116-sub-20966-ses-3/ds/inputs/data/qsiprep/qsiprep/sub-20966/ses-3/dwi/sub-20966_ses-3_space-ACPC_desc-preproc_dwi.nii.gz	0.0	0.0420071743428707	0.0119323842227458	0.0403830707073211	0.0420071743428707	0.0403830707073211	0.0119323842227458	0.0429362207651138	0.0429362207651138	sub-20966	ses-3				space-ACPC			DSIStudio	autotrackgqi
ProjectionBasalGanglia_AnsaSubthalamicaR	tf	NODDI	/scratch/executivefunction/SLURM_13244013_116/job-13244013-116-sub-20966-ses-3/ds/inputs/data/qsiprep/qsiprep/sub-20966/ses-3/dwi/sub-20966_ses-3_space-ACPC_desc-preproc_dwi.nii.gz	0.0254691689008042	0.8738944822917355	0.2357029725726899	1.0	0.8967335402883558	1.0	0.1911211241161561	0.9288318603161512	0.9361242951731372	sub-20966	ses-3				space-ACPC			DSIStudio	autotrackgqi
ProjectionBasalGanglia_FornixL	directions	NODDI	/scratch/executivefunction/SLURM_13244013_116/job-13244013-116-sub-20966-ses-3/ds/inputs/data/qsiprep/qsiprep/sub-20966/ses-3/dwi/sub-20966_ses-3_space-ACPC_desc-preproc_dwi.nii.gz	0.0	-0.0643947497010231	0.5737478733062744	-0.0864251777529716	-0.0643947497010231	-0.0864251777529716	0.5737478733062744	-0.0535252839326858		sub-20966	ses-3				space-ACPC			DSIStudio	autotrackgqi
ProjectionBasalGanglia_FornixL	icvf	NODDI	/scratch/executivefunction/SLURM_13244013_116/job-13244013-116-sub-20966-ses-3/ds/inputs/data/qsiprep/qsiprep/sub-20966/ses-3/dwi/sub-20966_ses-3_space-ACPC_desc-preproc_dwi.nii.gz	0.0734421364985163	0.4436528384685516	0.2162254005670547	0.4225387573242187	0.478818267583847	0.4236363768577575	0.1833614259958267	0.4511113166809082	0.4732469320297241	sub-20966	ses-3				space-ACPC			DSIStudio	autotrackgqi
ProjectionBasalGanglia_FornixL	isovf	NODDI	/scratch/executivefunction/SLURM_13244013_116/job-13244013-116-sub-20966-ses-3/ds/inputs/data/qsiprep/qsiprep/sub-20966/ses-3/dwi/sub-20966_ses-3_space-ACPC_desc-preproc_dwi.nii.gz	0.4265578635014836	0.2727201581001282	0.3449484705924988	0.0691810995340347	0.4755844473838806	0.4409281611442566	0.3331985175609588	0.2570382952690124	0.4510606527328491	sub-20966	ses-3				space-ACPC			DSIStudio	autotrackgqi
ProjectionBasalGanglia_FornixL	modulated_icvf	NODDI	/scratch/executivefunction/SLURM_13244013_116/job-13244013-116-sub-20966-ses-3/ds/inputs/data/qsiprep/qsiprep/sub-20966/ses-3/dwi/sub-20966_ses-3_space-ACPC_desc-preproc_dwi.nii.gz	0.0734421364985163	0.3136107623577118	0.146604984998703	0.3384625315666199	0.3384686410427093	0.3427272737026214	0.1215854659676551	0.318964421749115	0.3346157073974609	sub-20966	ses-3				space-ACPC			DSIStudio	autotrackgqi
ProjectionBasalGanglia_FornixL	modulated_od	NODDI	/scratch/executivefunction/SLURM_13244013_116/job-13244013-116-sub-20966-ses-3/ds/inputs/data/qsiprep/qsiprep/sub-20966/ses-3/dwi/sub-20966_ses-3_space-ACPC_desc-preproc_dwi.nii.gz	0.0318991097922848	0.1929503977298736	0.1641683578491211	0.1777715384960174	0.199308156967163	0.1904039978981018	0.1630096435546875	0.1677063405513763	0.1718257814645767	sub-20966	ses-3				space-ACPC			DSIStudio	autotrackgqi
ProjectionBasalGanglia_FornixL	nrmse	NODDI	/scratch/executivefunction/SLURM_13244013_116/job-13244013-116-sub-20966-ses-3/ds/inputs/data/qsiprep/qsiprep/sub-20966/ses-3/dwi/sub-20966_ses-3_space-ACPC_desc-preproc_dwi.nii.gz	0.0	0.097938597202301	0.0265721324831247	0.0938803553581237	0.097938597202301	0.0938803553581237	0.0265721324831247	0.0979709178209304	0.0979709178209304	sub-20966	ses-3				space-ACPC			DSIStudio	autotrackgqi
ProjectionBasalGanglia_FornixL	od	NODDI	/scratch/executivefunction/SLURM_13244013_116/job-13244013-116-sub-20966-ses-3/ds/inputs/data/qsiprep/qsiprep/sub-20966/ses-3/dwi/sub-20966_ses-3_space-ACPC_desc-preproc_dwi.nii.gz	0.0	0.3037770688533783	0.2457118183374405	0.2440089732408523	0.3037770688533783	0.2440089732408523	0.2457118183374405	0.2404991537332534	0.2404991537332534	sub-20966	ses-3				space-ACPC			DSIStudio	autotrackgqi
ProjectionBasalGanglia_FornixL	rmse	NODDI	/scratch/executivefunction/SLURM_13244013_116/job-13244013-116-sub-20966-ses-3/ds/inputs/data/qsiprep/qsiprep/sub-20966/ses-3/dwi/sub-20966_ses-3_space-ACPC_desc-preproc_dwi.nii.gz	0.0	0.0350937135517597	0.011030713096261	0.0342249535024166	0.0350937135517597	0.0342249535024166	0.011030713096261	0.0353930033743381	0.0353930033743381	sub-20966	ses-3				space-ACPC			DSIStudio	autotrackgqi
ProjectionBasalGanglia_FornixL	tf	NODDI	/scratch/executivefunction/SLURM_13244013_116/job-13244013-116-sub-20966-ses-3/ds/inputs/data/qsiprep/qsiprep/sub-20966/ses-3/dwi/sub-20966_ses-3_space-ACPC_desc-preproc_dwi.nii.gz	0.0734421364985163	0.7272798559609082	0.3449484707074383	0.930818885564804	0.7849265378985623	0.964491069316864	0.2883965090180729	0.7429616921760331	0.7794182243189284	sub-20966	ses-3				space-ACPC			DSIStudio	autotrackgqi
ProjectionBasalGanglia_AnsaSubthalamicaL	directions	NODDI	/scratch/executivefunction/SLURM_13244013_116/job-13244013-116-sub-20966-ses-3/ds/inputs/data/qsiprep/qsiprep/sub-20966/ses-3/dwi/sub-20966_ses-3_space-ACPC_desc-preproc_dwi.nii.gz	0.0	-0.0352183319628238	0.576275110244751	-0.0483235083520412	-0.0352183319628238	-0.0483235083520412	0.576275110244751	-0.1615799963474273		sub-20966	ses-3				space-ACPC			DSIStudio	autotrackgqi
ProjectionBasalGanglia_AnsaSubthalamicaL	icvf	NODDI	/scratch/executivefunction/SLURM_13244013_116/job-13244013-116-sub-20966-ses-3/ds/inputs/data/qsiprep/qsiprep/sub-20966/ses-3/dwi/sub-20966_ses-3_space-ACPC_desc-preproc_dwi.nii.gz	0.0253878702397743	0.5128834843635559	0.1793369501829147	0.503149151802063	0.5262436866760254	0.5045454502105713	0.1611483991146087	0.5097904801368713	0.5135806798934937	sub-20966	ses-3				space-ACPC			DSIStudio	autotrackgqi
ProjectionBasalGanglia_AnsaSubthalamicaL	isovf	NODDI	/scratch/executivefunction/SLURM_13244013_116/job-13244013-116-sub-20966-ses-3/ds/inputs/data/qsiprep/qsiprep/sub-20966/ses-3/dwi/sub-20966_ses-3_space-ACPC_desc-preproc_dwi.nii.gz	0.4710860366713681	0.1305536776781082	0.2419400215148925	0.013257822021842	0.2468335032463073	0.1136197596788406	0.2863011956214905	0.078189343214035	0.1608688235282898	sub-20966	ses-3				space-ACPC			DSIStudio	autotrackgqi
ProjectionBasalGanglia_AnsaSubthalamicaL	modulated_icvf	NODDI	/scratch/executivefunction/SLURM_13244013_116/job-13244013-116-sub-20966-ses-3/ds/inputs/data/qsiprep/qsiprep/sub-20966/ses-3/dwi/sub-20966_ses-3_space-ACPC_desc-preproc_dwi.nii.gz	0.0253878702397743	0.4385298490524292	0.1434647738933563	0.4565759301185608	0.4499531984329223	0.4595390558242798	0.1264053434133529	0.4616552293300628	0.4650875926017761	sub-20966	ses-3				space-ACPC			DSIStudio	autotrackgqi
ProjectionBasalGanglia_AnsaSubthalamicaL	modulated_od	NODDI	/scratch/executivefunction/SLURM_13244013_116/job-13244013-116-sub-20966-ses-3/ds/inputs/data/qsiprep/qsiprep/sub-20966/ses-3/dwi/sub-20966_ses-3_space-ACPC_desc-preproc_dwi.nii.gz	0.001410437235543	0.239700898528099	0.1370709091424942	0.2331468760967254	0.2400394529104232	0.2333272397518158	0.1368711143732071	0.2244982719421386	0.2245194911956787	sub-20966	ses-3				space-ACPC			DSIStudio	autotrackgqi
ProjectionBasalGanglia_AnsaSubthalamicaL	nrmse	NODDI	/scratch/executivefunction/SLURM_13244013_116/job-13244013-116-sub-20966-ses-3/ds/inputs/data/qsiprep/qsiprep/sub-20966/ses-3/dwi/sub-20966_ses-3_space-ACPC_desc-preproc_dwi.nii.gz	0.0	0.1090405359864234	0.0284237693995237	0.1059473007917404	0.1090405359864234	0.1059473007917404	0.0284237693995237	0.1078750044107437	0.1078750044107437	sub-20966	ses-3				space-ACPC			DSIStudio	autotrackgqi
ProjectionBasalGanglia_AnsaSubthalamicaL	od	NODDI	/scratch/executivefunction/SLURM_13244013_116/job-13244013-116-sub-20966-ses-3/ds/inputs/data/qsiprep/qsiprep/sub-20966/ses-3/dwi/sub-20966_ses-3_space-ACPC_desc-preproc_dwi.nii.gz	0.0	0.2921593189239502	0.174142301082611	0.2603908777236938	0.2921593189239502	0.2603908777236938	0.174142301082611	0.2470491379499435	0.2470491379499435	sub-20966	ses-3				space-ACPC			DSIStudio	autotrackgqi
ProjectionBasalGanglia_AnsaSubthalamicaL	rmse	NODDI	/scratch/executivefunction/SLURM_13244013_116/job-13244013-116-sub-20966-ses-3/ds/inputs/data/qsiprep/qsiprep/sub-20966/ses-3/dwi/sub-20966_ses-3_space-ACPC_desc-preproc_dwi.nii.gz	0.0	0.0430982820689678	0.0120844198390841	0.0428616516292095	0.0430982820689678	0.0428616516292095	0.0120844198390841	0.043717510998249	0.043717510998249	sub-20966	ses-3				space-ACPC			DSIStudio	autotrackgqi
ProjectionBasalGanglia_AnsaSubthalamicaL	tf	NODDI	/scratch/executivefunction/SLURM_13244013_116/job-13244013-116-sub-20966-ses-3/ds/inputs/data/qsiprep/qsiprep/sub-20966/ses-3/dwi/sub-20966_ses-3_space-ACPC_desc-preproc_dwi.nii.gz	0.0253878702397743	0.8694463266304081	0.2419400147158799	0.9867421984672546	0.892094711405151	0.9909671545028688	0.1996378116434628	0.9218106515587832	0.9286642092495851	sub-20966	ses-3				space-ACPC			DSIStudio	autotrackgqi
ProjectionBasalGanglia_FasciculusLenticularisR	directions	NODDI	/scratch/executivefunction/SLURM_13244013_116/job-13244013-116-sub-20966-ses-3/ds/inputs/data/qsiprep/qsiprep/sub-20966/ses-3/dwi/sub-20966_ses-3_space-ACPC_desc-preproc_dwi.nii.gz	0.0	-0.0179827716201543	0.5770701766014099	-0.1139680445194244	-0.0179827716201543	-0.1139680445194244	0.5770701766014099	0.0964851975440979		sub-20966	ses-3				space-ACPC			DSIStudio	autotrackgqi
ProjectionBasalGanglia_FasciculusLenticularisR	icvf	NODDI	/scratch/executivefunction/SLURM_13244013_116/job-13244013-116-sub-20966-ses-3/ds/inputs/data/qsiprep/qsiprep/sub-20966/ses-3/dwi/sub-20966_ses-3_space-ACPC_desc-preproc_dwi.nii.gz	0.0267857142857142	0.4634148478507995	0.156981810927391	0.4462905526161194	0.4761693775653839	0.4481345415115356	0.1387379616498947	0.4875038266181946	0.4970695376396179	sub-20966	ses-3				space-ACPC			DSIStudio	autotrackgqi
ProjectionBasalGanglia_FasciculusLenticularisR	isovf	NODDI	/scratch/executivefunction/SLURM_13244013_116/job-13244013-116-sub-20966-ses-3/ds/inputs/data/qsiprep/qsiprep/sub-20966/ses-3/dwi/sub-20966_ses-3_space-ACPC_desc-preproc_dwi.nii.gz	0.625	0.1338308751583099	0.2623954713344574	0.0	0.3568823337554931	0.2273198366165161	0.3224911987781524	0.1828231513500213	0.3881315290927887	sub-20966	ses-3				space-ACPC			DSIStudio	autotrackgqi
ProjectionBasalGanglia_FasciculusLenticularisR	modulated_icvf	NODDI	/scratch/executivefunction/SLURM_13244013_116/job-13244013-116-sub-20966-ses-3/ds/inputs/data/qsiprep/qsiprep/sub-20966/ses-3/dwi/sub-20966_ses-3_space-ACPC_desc-preproc_dwi.nii.gz	0.0267857142857142	0.3929615616798401	0.1289626806974411	0.4236363768577575	0.4037770330905914	0.4236363768577575	0.1127922236919403	0.3763512372970581	0.3837358951568603	sub-20966	ses-3				space-ACPC			DSIStudio	autotrackgqi
ProjectionBasalGanglia_FasciculusLenticularisR	modulated_od	NODDI	/scratch/executivefunction/SLURM_13244013_116/job-13244013-116-sub-20966-ses-3/ds/inputs/data/qsiprep/qsiprep/sub-20966/ses-3/dwi/sub-20966_ses-3_space-ACPC_desc-preproc_dwi.nii.gz	0.0066964285714285	0.2557665407657623	0.1396915912628173	0.2684887945652008	0.2574907839298248	0.2694413363933563	0.1385687887668609	0.210898071527481	0.2121035754680633	sub-20966	ses-3				space-ACPC			DSIStudio	autotrackgqi
ProjectionBasalGanglia_FasciculusLenticularisR	nrmse	NODDI	/scratch/executivefunction/SLURM_13244013_116/job-13244013-116-sub-20966-ses-3/ds/inputs/data/qsiprep/qsiprep/sub-20966/ses-3/dwi/sub-20966_ses-3_space-ACPC_desc-preproc_dwi.nii.gz	0.0	0.1047480702400207	0.0234381016343832	0.1024622172117233	0.1047480702400207	0.1024622172117233	0.0234381016343832	0.105059340596199	0.105059340596199	sub-20966	ses-3				space-ACPC			DSIStudio	autotrackgqi
ProjectionBasalGanglia_FasciculusLenticularisR	od	NODDI	/scratch/executivefunction/SLURM_13244013_116/job-13244013-116-sub-20966-ses-3/ds/inputs/data/qsiprep/qsiprep/sub-20966/ses-3/dwi/sub-20966_ses-3_space-ACPC_desc-preproc_dwi.nii.gz	0.0	0.3091350197792053	0.165269523859024	0.2899999916553497	0.3091350197792053	0.2899999916553497	0.165269523859024	0.2652507722377777	0.2652507722377777	sub-20966	ses-3				space-ACPC			DSIStudio	autotrackgqi
ProjectionBasalGanglia_FasciculusLenticularisR	rmse	NODDI	/scratch/executivefunction/SLURM_13244013_116/job-13244013-116-sub-20966-ses-3/ds/inputs/data/qsiprep/qsiprep/sub-20966/ses-3/dwi/sub-20966_ses-3_space-ACPC_desc-preproc_dwi.nii.gz	0.0	0.0403442122042179	0.0111587774008512	0.0387423895299434	0.0403442122042179	0.0387423895299434	0.0111587774008512	0.0393668934702873	0.0393668934702873	sub-20966	ses-3				space-ACPC			DSIStudio	autotrackgqi
ProjectionBasalGanglia_FasciculusLenticularisR	tf	NODDI	/scratch/executivefunction/SLURM_13244013_116/job-13244013-116-sub-20966-ses-3/ds/inputs/data/qsiprep/qsiprep/sub-20966/ses-3/dwi/sub-20966_ses-3_space-ACPC_desc-preproc_dwi.nii.gz	0.0267857142857142	0.8661691227129528	0.2623954725080157	1.0	0.8900086398518413	1.0	0.2225511176992392	0.8171768473088503	0.8332113301033173	sub-20966	ses-3				space-ACPC			DSIStudio	autotrackgqi
ProjectionBrainstem_CorticobulbarTractR	directions	NODDI	/scratch/executivefunction/SLURM_13244013_116/job-13244013-116-sub-20966-ses-3/ds/inputs/data/qsiprep/qsiprep/sub-20966/ses-3/dwi/sub-20966_ses-3_space-ACPC_desc-preproc_dwi.nii.gz	0.0	-0.1064311042428016	0.567455530166626	-0.240181490778923	-0.1064311042428016	-0.240181490778923	0.567455530166626	-0.3359786570072174		sub-20966	ses-3				space-ACPC			DSIStudio	autotrackgqi
ProjectionBrainstem_CorticobulbarTractR	icvf	NODDI	/scratch/executivefunction/SLURM_13244013_116/job-13244013-116-sub-20966-ses-3/ds/inputs/data/qsiprep/qsiprep/sub-20966/ses-3/dwi/sub-20966_ses-3_space-ACPC_desc-preproc_dwi.nii.gz	0.0336134453781512	0.6968174576759338	0.1968557387590408	0.7066847085952759	0.7210546135902405	0.7069377899169922	0.1504120379686355	0.6985999345779419	0.71019047498703	sub-20966	ses-3				space-ACPC			DSIStudio	autotrackgqi
ProjectionBrainstem_CorticobulbarTractR	isovf	NODDI	/scratch/executivefunction/SLURM_13244013_116/job-13244013-116-sub-20966-ses-3/ds/inputs/data/qsiprep/qsiprep/sub-20966/ses-3/dwi/sub-20966_ses-3_space-ACPC_desc-preproc_dwi.nii.gz	0.1596638655462184	0.2297812849283218	0.2869080305099487	0.1046121269464492	0.2734397351741791	0.1345274150371551	0.2932888567447662	0.166422888636589	0.1877305954694748	sub-20966	ses-3				space-ACPC			DSIStudio	autotrackgqi
ProjectionBrainstem_CorticobulbarTractR	modulated_icvf	NODDI	/scratch/executivefunction/SLURM_13244013_116/job-13244013-116-sub-20966-ses-3/ds/inputs/data/qsiprep/qsiprep/sub-20966/ses-3/dwi/sub-20966_ses-3_space-ACPC_desc-preproc_dwi.nii.gz	0.0336134453781512	0.5255286693572998	0.1801758706569671	0.586288571357727	0.5438079237937927	0.5885053873062134	0.1537923663854599	0.5750104188919067	0.5845505595207214	sub-20966	ses-3				space-ACPC			DSIStudio	autotrackgqi
ProjectionBrainstem_CorticobulbarTractR	modulated_od	NODDI	/scratch/executivefunction/SLURM_13244013_116/job-13244013-116-sub-20966-ses-3/ds/inputs/data/qsiprep/qsiprep/sub-20966/ses-3/dwi/sub-20966_ses-3_space-ACPC_desc-preproc_dwi.nii.gz	0.0	0.1311148107051849	0.1284770369529724	0.0666739493608474	0.1311148107051849	0.0666739493608474	0.1284770369529724	0.1448294967412948	0.1448294967412948	sub-20966	ses-3				space-ACPC			DSIStudio	autotrackgqi
ProjectionBrainstem_CorticobulbarTractR	nrmse	NODDI	/scratch/executivefunction/SLURM_13244013_116/job-13244013-116-sub-20966-ses-3/ds/inputs/data/qsiprep/qsiprep/sub-20966/ses-3/dwi/sub-20966_ses-3_space-ACPC_desc-preproc_dwi.nii.gz	0.0	0.1194702461361885	0.0388859882950782	0.1120700538158416	0.1194702461361885	0.1120700538158416	0.0388859882950782	0.1162796840071678	0.1162796840071678	sub-20966	ses-3				space-ACPC			DSIStudio	autotrackgqi
ProjectionBrainstem_CorticobulbarTractR	od	NODDI	/scratch/executivefunction/SLURM_13244013_116/job-13244013-116-sub-20966-ses-3/ds/inputs/data/qsiprep/qsiprep/sub-20966/ses-3/dwi/sub-20966_ses-3_space-ACPC_desc-preproc_dwi.nii.gz	0.0	0.2032354772090912	0.2051067799329757	0.1078251078724861	0.2032354772090912	0.1078251078724861	0.2051067799329757	0.1887619197368621	0.1887619197368621	sub-20966	ses-3				space-ACPC			DSIStudio	autotrackgqi
ProjectionBrainstem_CorticobulbarTractR	rmse	NODDI	/scratch/executivefunction/SLURM_13244013_116/job-13244013-116-sub-20966-ses-3/ds/inputs/data/qsiprep/qsiprep/sub-20966/ses-3/dwi/sub-20966_ses-3_space-ACPC_desc-preproc_dwi.nii.gz	0.0	0.0484532564878463	0.0122937308624386	0.0469537638127803	0.0484532564878463	0.0469537638127803	0.0122937308624386	0.050115518271923	0.050115518271923	sub-20966	ses-3				space-ACPC			DSIStudio	autotrackgqi
ProjectionBrainstem_CorticobulbarTractR	tf	NODDI	/scratch/executivefunction/SLURM_13244013_116/job-13244013-116-sub-20966-ses-3/ds/inputs/data/qsiprep/qsiprep/sub-20966/ses-3/dwi/sub-20966_ses-3_space-ACPC_desc-preproc_dwi.nii.gz	0.0336134453781512	0.7702187269675631	0.2869080369502194	0.8953878879547119	0.7970089435577392	0.9007806181907654	0.2526407575430854	0.8335770978201191	0.8474071736875808	sub-20966	ses-3				space-ACPC			DSIStudio	autotrackgqi
ProjectionBrainstem_MedialForebrainBundleR	directions	NODDI	/scratch/executivefunction/SLURM_13244013_116/job-13244013-116-sub-20966-ses-3/ds/inputs/data/qsiprep/qsiprep/sub-20966/ses-3/dwi/sub-20966_ses-3_space-ACPC_desc-preproc_dwi.nii.gz	0.0	-0.021888542920351	0.5769351720809937	-0.0616288296878337	-0.021888542920351	-0.0616288296878337	0.5769351720809937	-0.1134702861309051		sub-20966	ses-3				space-ACPC			DSIStudio	autotrackgqi
ProjectionBrainstem_MedialForebrainBundleR	icvf	NODDI	/scratch/executivefunction/SLURM_13244013_116/job-13244013-116-sub-20966-ses-3/ds/inputs/data/qsiprep/qsiprep/sub-20966/ses-3/dwi/sub-20966_ses-3_space-ACPC_desc-preproc_dwi.nii.gz	0.0425758382118147	0.5898034572601318	0.1990271657705307	0.5846477746963501	0.6160315275192261	0.5899243950843811	0.158795490860939	0.5873619914054871	0.6004424691200256	sub-20966	ses-3				space-ACPC			DSIStudio	autotrackgqi
ProjectionBrainstem_MedialForebrainBundleR	isovf	NODDI	/scratch/executivefunction/SLURM_13244013_116/job-13244013-116-sub-20966-ses-3/ds/inputs/data/qsiprep/qsiprep/sub-20966/ses-3/dwi/sub-20966_ses-3_space-ACPC_desc-preproc_dwi.nii.gz	0.2357637040979244	0.2060417234897613	0.2809143364429474	0.0915818437933921	0.269604742527008	0.132406085729599	0.2934625446796417	0.1517102718353271	0.1986062228679657	sub-20966	ses-3				space-ACPC			DSIStudio	autotrackgqi
ProjectionBrainstem_MedialForebrainBundleR	modulated_icvf	NODDI	/scratch/executivefunction/SLURM_13244013_116/job-13244013-116-sub-20966-ses-3/ds/inputs/data/qsiprep/qsiprep/sub-20966/ses-3/dwi/sub-20966_ses-3_space-ACPC_desc-preproc_dwi.nii.gz	0.0425758382118147	0.4574124813079834	0.1708862632513046	0.5023359060287476	0.477753221988678	0.5091562271118164	0.1441625952720642	0.4926087856292724	0.5035791397094727	sub-20966	ses-3				space-ACPC			DSIStudio	autotrackgqi
ProjectionBrainstem_MedialForebrainBundleR	modulated_od	NODDI	/scratch/executivefunction/SLURM_13244013_116/job-13244013-116-sub-20966-ses-3/ds/inputs/data/qsiprep/qsiprep/sub-20966/ses-3/dwi/sub-20966_ses-3_space-ACPC_desc-preproc_dwi.nii.gz	0.0031931878658861	0.2001895904541015	0.1590033769607544	0.1864353269338607	0.2008308917284011	0.1871922463178634	0.158852994441986	0.1824535578489303	0.1828509718179702	sub-20966	ses-3				space-ACPC			DSIStudio	autotrackgqi
ProjectionBrainstem_MedialForebrainBundleR	nrmse	NODDI	/scratch/executivefunction/SLURM_13244013_116/job-13244013-116-sub-20966-ses-3/ds/inputs/data/qsiprep/qsiprep/sub-20966/ses-3/dwi/sub-20966_ses-3_space-ACPC_desc-preproc_dwi.nii.gz	0.010111761575306	0.1124913692474365	0.0360185950994491	0.1072180271148681	0.1136404722929	0.1075275093317031	0.0343512259423732	0.1103074252605438	0.1105683594942092	sub-20966	ses-3				space-ACPC			DSIStudio	autotrackgqi
ProjectionBrainstem_MedialForebrainBundleR	od	NODDI	/scratch/executivefunction/SLURM_13244013_116/job-13244013-116-sub-20966-ses-3/ds/inputs/data/qsiprep/qsiprep/sub-20966/ses-3/dwi/sub-20966_ses-3_space-ACPC_desc-preproc_dwi.nii.gz	0.0	0.2761521935462951	0.2072824239730835	0.2448357939720153	0.2761521935462951	0.2448357939720153	0.2072824239730835	0.2304491400718689	0.2304491400718689	sub-20966	ses-3				space-ACPC			DSIStudio	autotrackgqi
ProjectionBrainstem_MedialForebrainBundleR	rmse	NODDI	/scratch/executivefunction/SLURM_13244013_116/job-13244013-116-sub-20966-ses-3/ds/inputs/data/qsiprep/qsiprep/sub-20966/ses-3/dwi/sub-20966_ses-3_space-ACPC_desc-preproc_dwi.nii.gz	0.010111761575306	0.0443352274596691	0.0138462856411933	0.0429644547402858	0.0447881147265434	0.0431364923715591	0.0131679186597466	0.0451809205114841	0.045287799090147	sub-20966	ses-3				space-ACPC			DSIStudio	autotrackgqi
ProjectionBrainstem_MedialForebrainBundleR	tf	NODDI	/scratch/executivefunction/SLURM_13244013_116/job-13244013-116-sub-20966-ses-3/ds/inputs/data/qsiprep/qsiprep/sub-20966/ses-3/dwi/sub-20966_ses-3_space-ACPC_desc-preproc_dwi.nii.gz	0.0324640766365087	0.7939582790638171	0.2809143366797084	0.9084181785583496	0.820598243322834	0.9125354886054992	0.2443357281773031	0.8482897365012363	0.8650940623029206	sub-20966	ses-3				space-ACPC			DSIStudio	autotrackgqi
ProjectionBasalGanglia_ThalamicRadiationL	directions	NODDI	/scratch/executivefunction/SLURM_13244013_116/job-13244013-116-sub-20966-ses-3/ds/inputs/data/qsiprep/qsiprep/sub-20966/ses-3/dwi/sub-20966_ses-3_space-ACPC_desc-preproc_dwi.nii.gz	3.0	-0.0402027145028114	0.5758532285690308	-0.0865312665700912	-0.0402159988880157	-0.0868739783763885	0.5759479403495789	-0.1027763113379478		sub-20966	ses-3				space-ACPC			DSIStudio	autotrackgqi
ProjectionBasalGanglia_ThalamicRadiationL	icvf	NODDI	/scratch/executivefunction/SLURM_13244013_116/job-13244013-116-sub-20966-ses-3/ds/inputs/data/qsiprep/qsiprep/sub-20966/ses-3/dwi/sub-20966_ses-3_space-ACPC_desc-preproc_dwi.nii.gz	0.0075974454965866	0.5254620313644409	0.1545115560293197	0.5454062819480896	0.529484748840332	0.5465410351753235	0.1480763703584671	0.5805531740188599	0.5810194611549377	sub-20966	ses-3				space-ACPC			DSIStudio	autotrackgqi
ProjectionBasalGanglia_ThalamicRadiationL	isovf	NODDI	/scratch/executivefunction/SLURM_13244013_116/job-13244013-116-sub-20966-ses-3/ds/inputs/data/qsiprep/qsiprep/sub-20966/ses-3/dwi/sub-20966_ses-3_space-ACPC_desc-preproc_dwi.nii.gz	0.3756881744109227	0.0845269635319709	0.1469311863183975	0.0529561787843704	0.1353922188282013	0.093549907207489	0.166413202881813	0.0643148347735405	0.0908904150128364	sub-20966	ses-3				space-ACPC			DSIStudio	autotrackgqi
ProjectionBasalGanglia_ThalamicRadiationL	modulated_icvf	NODDI	/scratch/executivefunction/SLURM_13244013_116/job-13244013-116-sub-20966-ses-3/ds/inputs/data/qsiprep/qsiprep/sub-20966/ses-3/dwi/sub-20966_ses-3_space-ACPC_desc-preproc_dwi.nii.gz	0.0075974454965866	0.4814166128635406	0.1423735171556472	0.511601448059082	0.4851021468639374	0.5125244855880737	0.1365193724632263	0.54034024477005	0.5407743453979492	sub-20966	ses-3				space-ACPC			DSIStudio	autotrackgqi
ProjectionBasalGanglia_ThalamicRadiationL	modulated_od	NODDI	/scratch/executivefunction/SLURM_13244013_116/job-13244013-116-sub-20966-ses-3/ds/inputs/data/qsiprep/qsiprep/sub-20966/ses-3/dwi/sub-20966_ses-3_space-ACPC_desc-preproc_dwi.nii.gz	0.0050649636643911	0.2612214982509613	0.1517126113176345	0.2412809580564499	0.2625513076782226	0.2421172857284546	0.1509461551904678	0.2041614353656768	0.2042391300201416	sub-20966	ses-3				space-ACPC			DSIStudio	autotrackgqi
ProjectionBasalGanglia_ThalamicRadiationL	nrmse	NODDI	/scratch/executivefunction/SLURM_13244013_116/job-13244013-116-sub-20966-ses-3/ds/inputs/data/qsiprep/qsiprep/sub-20966/ses-3/dwi/sub-20966_ses-3_space-ACPC_desc-preproc_dwi.nii.gz	0.0003303237172428	0.0976685062050819	0.0320988856256008	0.0928350687026977	0.0977007821202278	0.0928373336791992	0.0320550389587879	0.1000052094459533	0.1000060364603996	sub-20966	ses-3				space-ACPC			DSIStudio	autotrackgqi
ProjectionBasalGanglia_ThalamicRadiationL	od	NODDI	/scratch/executivefunction/SLURM_13244013_116/job-13244013-116-sub-20966-ses-3/ds/inputs/data/qsiprep/qsiprep/sub-20966/ses-3/dwi/sub-20966_ses-3_space-ACPC_desc-preproc_dwi.nii.gz	0.0003303237172428	0.2936674356460571	0.1732351332902908	0.265963077545166	0.2937644720077514	0.2661052942276001	0.1731814742088318	0.2177721709012985	0.2177739590406417	sub-20966	ses-3				space-ACPC			DSIStudio	autotrackgqi
ProjectionBasalGanglia_ThalamicRadiationL	rmse	NODDI	/scratch/executivefunction/SLURM_13244013_116/job-13244013-116-sub-20966-ses-3/ds/inputs/data/qsiprep/qsiprep/sub-20966/ses-3/dwi/sub-20966_ses-3_space-ACPC_desc-preproc_dwi.nii.gz	0.0003303237172428	0.0402533411979675	0.0144308069720864	0.0385533347725868	0.040266640484333	0.0385602116584777	0.0144146243110299	0.0430406928062438	0.0430410467088222	sub-20966	ses-3				space-ACPC			DSIStudio	autotrackgqi
ProjectionBasalGanglia_ThalamicRadiationL	tf	NODDI	/scratch/executivefunction/SLURM_13244013_116/job-13244013-116-sub-20966-ses-3/ds/inputs/data/qsiprep/qsiprep/sub-20966/ses-3/dwi/sub-20966_ses-3_space-ACPC_desc-preproc_dwi.nii.gz	0.0075974454965866	0.9151427088080984	0.1478619093200252	0.9468702673912048	0.922148683168218	0.948096752166748	0.1247796853317296	0.9356768828032868	0.9364285498231422	sub-20966	ses-3				space-ACPC			DSIStudio	autotrackgqi
ProjectionBasalGanglia_OpticRadiationR	directions	NODDI	/scratch/executivefunction/SLURM_13244013_116/job-13244013-116-sub-20966-ses-3/ds/inputs/data/qsiprep/qsiprep/sub-20966/ses-3/dwi/sub-20966_ses-3_space-ACPC_desc-preproc_dwi.nii.gz	7.0	-0.0125254513695836	0.5760809779167175	-0.0191704034805297	-0.0125747639685869	-0.0238999854773283	0.5772132873535156	-0.0464922487735748		sub-20966	ses-3				space-ACPC			DSIStudio	autotrackgqi
ProjectionBasalGanglia_OpticRadiationR	icvf	NODDI	/scratch/executivefunction/SLURM_13244013_116/job-13244013-116-sub-20966-ses-3/ds/inputs/data/qsiprep/qsiprep/sub-20966/ses-3/dwi/sub-20966_ses-3_space-ACPC_desc-preproc_dwi.nii.gz	0.0134453781512605	0.5435423851013184	0.1517602205276489	0.5715383291244507	0.5509501099586487	0.5744799971580505	0.1387939304113388	0.5811464786529541	0.5832183361053467	sub-20966	ses-3				space-ACPC			DSIStudio	autotrackgqi
ProjectionBasalGanglia_OpticRadiationR	isovf	NODDI	/scratch/executivefunction/SLURM_13244013_116/job-13244013-116-sub-20966-ses-3/ds/inputs/data/qsiprep/qsiprep/sub-20966/ses-3/dwi/sub-20966_ses-3_space-ACPC_desc-preproc_dwi.nii.gz	0.2918767507002801	0.1216051951050758	0.1876697540283203	0.0737716183066368	0.1717288643121719	0.1058324426412582	0.2028037011623382	0.1091376021504402	0.1460074484348297	sub-20966	ses-3				space-ACPC			DSIStudio	autotrackgqi
ProjectionBasalGanglia_OpticRadiationR	modulated_icvf	NODDI	/scratch/executivefunction/SLURM_13244013_116/job-13244013-116-sub-20966-ses-3/ds/inputs/data/qsiprep/qsiprep/sub-20966/ses-3/dwi/sub-20966_ses-3_space-ACPC_desc-preproc_dwi.nii.gz	0.0134453781512605	0.4765664935111999	0.148116648197174	0.513218343257904	0.4830614328384399	0.515639066696167	0.1382030099630355	0.5185704827308655	0.5204192399978638	sub-20966	ses-3				space-ACPC			DSIStudio	autotrackgqi
ProjectionBasalGanglia_OpticRadiationR	modulated_od	NODDI	/scratch/executivefunction/SLURM_13244013_116/job-13244013-116-sub-20966-ses-3/ds/inputs/data/qsiprep/qsiprep/sub-20966/ses-3/dwi/sub-20966_ses-3_space-ACPC_desc-preproc_dwi.nii.gz	0.0067226890756302	0.2348092198371887	0.1722976118326187	0.2003215849399566	0.2363984584808349	0.2025502920150756	0.1717897057533264	0.170459896326065	0.1704887896776199	sub-20966	ses-3				space-ACPC			DSIStudio	autotrackgqi
ProjectionBasalGanglia_OpticRadiationR	nrmse	NODDI	/scratch/executivefunction/SLURM_13244013_116/job-13244013-116-sub-20966-ses-3/ds/inputs/data/qsiprep/qsiprep/sub-20966/ses-3/dwi/sub-20966_ses-3_space-ACPC_desc-preproc_dwi.nii.gz	0.0039215686274509	0.0976646021008491	0.0374707356095314	0.0916763395071029	0.0980491116642952	0.0917733833193779	0.0370389446616172	0.1006017699837684	0.1006155759096145	sub-20966	ses-3				space-ACPC			DSIStudio	autotrackgqi
ProjectionBasalGanglia_OpticRadiationR	od	NODDI	/scratch/executivefunction/SLURM_13244013_116/job-13244013-116-sub-20966-ses-3/ds/inputs/data/qsiprep/qsiprep/sub-20966/ses-3/dwi/sub-20966_ses-3_space-ACPC_desc-preproc_dwi.nii.gz	0.0039215686274509	0.2735979557037353	0.1951232850551605	0.2371697872877121	0.2746751308441162	0.2377564013004303	0.1947488635778427	0.1911930441856384	0.1912192702293396	sub-20966	ses-3				space-ACPC			DSIStudio	autotrackgqi
ProjectionBasalGanglia_OpticRadiationR	rmse	NODDI	/scratch/executivefunction/SLURM_13244013_116/job-13244013-116-sub-20966-ses-3/ds/inputs/data/qsiprep/qsiprep/sub-20966/ses-3/dwi/sub-20966_ses-3_space-ACPC_desc-preproc_dwi.nii.gz	0.0039215686274509	0.040115650743246	0.016502559185028	0.0377646572887897	0.0402735881507396	0.0378040894865989	0.0163415409624576	0.0430550798773765	0.0430609807372093	sub-20966	ses-3				space-ACPC			DSIStudio	autotrackgqi
ProjectionBasalGanglia_OpticRadiationR	tf	NODDI	/scratch/executivefunction/SLURM_13244013_116/job-13244013-116-sub-20966-ses-3/ds/inputs/data/qsiprep/qsiprep/sub-20966/ses-3/dwi/sub-20966_ses-3_space-ACPC_desc-preproc_dwi.nii.gz	0.0134453781512605	0.8744732261371879	0.1953774886064445	0.9257946610450744	0.8863910895257697	0.9265017509460448	0.1677161643217673	0.8907251801056998	0.893900706595963	sub-20966	ses-3				space-ACPC			DSIStudio	autotrackgqi
ProjectionBrainstem_MedialLemniscusR	directions	NODDI	/scratch/executivefunction/SLURM_13244013_116/job-13244013-116-sub-20966-ses-3/ds/inputs/data/qsiprep/qsiprep/sub-20966/ses-3/dwi/sub-20966_ses-3_space-ACPC_desc-preproc_dwi.nii.gz	0.0	0.045755174010992	0.5755343437194824	0.0255027581006288	0.045755174010992	0.0255027581006288	0.5755343437194824	0.0254657864570617		sub-20966	ses-3				space-ACPC			DSIStudio	autotrackgqi
ProjectionBrainstem_MedialLemniscusR	icvf	NODDI	/scratch/executivefunction/SLURM_13244013_116/job-13244013-116-sub-20966-ses-3/ds/inputs/data/qsiprep/qsiprep/sub-20966/ses-3/dwi/sub-20966_ses-3_space-ACPC_desc-preproc_dwi.nii.gz	0.0033130866924351	0.6209766268730164	0.1241204515099525	0.6416206955909729	0.6230407953262329	0.6422085165977478	0.1190421059727668	0.624643862247467	0.6265072822570801	sub-20966	ses-3				space-ACPC			DSIStudio	autotrackgqi
ProjectionBrainstem_MedialLemniscusR	isovf	NODDI	/scratch/executivefunction/SLURM_13244013_116/job-13244013-116-sub-20966-ses-3/ds/inputs/data/qsiprep/qsiprep/sub-20966/ses-3/dwi/sub-20966_ses-3_space-ACPC_desc-preproc_dwi.nii.gz	0.2059635560463832	0.0997129082679748	0.1374434232711792	0.0818149149417877	0.1255772411823272	0.0946986228227615	0.1433274000883102	0.1039730906486511	0.1258509010076522	sub-20966	ses-3				space-ACPC			DSIStudio	autotrackgqi
ProjectionBrainstem_MedialLemniscusR	modulated_icvf	NODDI	/scratch/executivefunction/SLURM_13244013_116/job-13244013-116-sub-20966-ses-3/ds/inputs/data/qsiprep/qsiprep/sub-20966/ses-3/dwi/sub-20966_ses-3_space-ACPC_desc-preproc_dwi.nii.gz	0.0033130866924351	0.5540630221366882	0.1145127862691879	0.583622395992279	0.5559048056602478	0.584220290184021	0.1101495549082756	0.5565237402915955	0.5581839084625244	sub-20966	ses-3				space-ACPC			DSIStudio	autotrackgqi
ProjectionBrainstem_MedialLemniscusR	modulated_od	NODDI	/scratch/executivefunction/SLURM_13244013_116/job-13244013-116-sub-20966-ses-3/ds/inputs/data/qsiprep/qsiprep/sub-20966/ses-3/dwi/sub-20966_ses-3_space-ACPC_desc-preproc_dwi.nii.gz	0.0	0.2039843052625656	0.1330936551094055	0.1872563064098358	0.2039843052625656	0.1872563064098358	0.1330936551094055	0.1546278744935989	0.1546278744935989	sub-20966	ses-3				space-ACPC			DSIStudio	autotrackgqi
ProjectionBrainstem_MedialLemniscusR	nrmse	NODDI	/scratch/executivefunction/SLURM_13244013_116/job-13244013-116-sub-20966-ses-3/ds/inputs/data/qsiprep/qsiprep/sub-20966/ses-3/dwi/sub-20966_ses-3_space-ACPC_desc-preproc_dwi.nii.gz	0.0	0.1038808971643447	0.0288073569536209	0.1004865318536758	0.1038808971643447	0.1004865318536758	0.0288073569536209	0.103149726986885	0.103149726986885	sub-20966	ses-3				space-ACPC			DSIStudio	autotrackgqi
ProjectionBrainstem_MedialLemniscusR	od	NODDI	/scratch/executivefunction/SLURM_13244013_116/job-13244013-116-sub-20966-ses-3/ds/inputs/data/qsiprep/qsiprep/sub-20966/ses-3/dwi/sub-20966_ses-3_space-ACPC_desc-preproc_dwi.nii.gz	0.0	0.2292853891849517	0.1463516503572464	0.2095337510108947	0.2292853891849517	0.2095337510108947	0.1463516503572464	0.1753190457820892	0.1753190457820892	sub-20966	ses-3				space-ACPC			DSIStudio	autotrackgqi
ProjectionBrainstem_MedialLemniscusR	rmse	NODDI	/scratch/executivefunction/SLURM_13244013_116/job-13244013-116-sub-20966-ses-3/ds/inputs/data/qsiprep/qsiprep/sub-20966/ses-3/dwi/sub-20966_ses-3_space-ACPC_desc-preproc_dwi.nii.gz	0.0	0.0447973348200321	0.013816094957292	0.043639950454235	0.0447973348200321	0.043639950454235	0.013816094957292	0.0445501804351806	0.0445501804351806	sub-20966	ses-3				space-ACPC			DSIStudio	autotrackgqi
ProjectionBrainstem_MedialLemniscusR	tf	NODDI	/scratch/executivefunction/SLURM_13244013_116/job-13244013-116-sub-20966-ses-3/ds/inputs/data/qsiprep/qsiprep/sub-20966/ses-3/dwi/sub-20966_ses-3_space-ACPC_desc-preproc_dwi.nii.gz	0.0033130866924351	0.900287098314537	0.1374434247155059	0.9181851148605348	0.9032797424086574	0.9186530113220216	0.1274766439983322	0.8960269096341982	0.898699887108707	sub-20966	ses-3				space-ACPC			DSIStudio	autotrackgqi
ProjectionBasalGanglia_AnsaLenticularisL	directions	NODDI	/scratch/executivefunction/SLURM_13244013_116/job-13244013-116-sub-20966-ses-3/ds/inputs/data/qsiprep/qsiprep/sub-20966/ses-3/dwi/sub-20966_ses-3_space-ACPC_desc-preproc_dwi.nii.gz	0.0	0.0259177479892969	0.5767682194709778	0.0603991225361824	0.0259177479892969	0.0603991225361824	0.5767682194709778	0.0647664666175842		sub-20966	ses-3				space-ACPC			DSIStudio	autotrackgqi
ProjectionBasalGanglia_AnsaLenticularisL	icvf	NODDI	/scratch/executivefunction/SLURM_13244013_116/job-13244013-116-sub-20966-ses-3/ds/inputs/data/qsiprep/qsiprep/sub-20966/ses-3/dwi/sub-20966_ses-3_space-ACPC_desc-preproc_dwi.nii.gz	0.0241514360313315	0.4554714262485504	0.1594590097665786	0.4236363768577575	0.4667439758777618	0.4286457598209381	0.1442050188779831	0.467356264591217	0.4703747928142547	sub-20966	ses-3				space-ACPC			DSIStudio	autotrackgqi
ProjectionBasalGanglia_AnsaLenticularisL	isovf	NODDI	/scratch/executivefunction/SLURM_13244013_116/job-13244013-116-sub-20966-ses-3/ds/inputs/data/qsiprep/qsiprep/sub-20966/ses-3/dwi/sub-20966_ses-3_space-ACPC_desc-preproc_dwi.nii.gz	0.6305483028720626	0.1117182224988937	0.2434665113687515	0.0	0.3023892343044281	0.137182667851448	0.3206027746200561	0.0625399500131607	0.182866096496582	sub-20966	ses-3				space-ACPC			DSIStudio	autotrackgqi
ProjectionBasalGanglia_AnsaLenticularisL	modulated_icvf	NODDI	/scratch/executivefunction/SLURM_13244013_116/job-13244013-116-sub-20966-ses-3/ds/inputs/data/qsiprep/qsiprep/sub-20966/ses-3/dwi/sub-20966_ses-3_space-ACPC_desc-preproc_dwi.nii.gz	0.0241514360313315	0.3985895216464996	0.1335020959377288	0.4154227375984192	0.4084542989730835	0.4177882969379425	0.1193088665604591	0.4319944381713867	0.4347845613956451	sub-20966	ses-3				space-ACPC			DSIStudio	autotrackgqi
ProjectionBasalGanglia_AnsaLenticularisL	modulated_od	NODDI	/scratch/executivefunction/SLURM_13244013_116/job-13244013-116-sub-20966-ses-3/ds/inputs/data/qsiprep/qsiprep/sub-20966/ses-3/dwi/sub-20966_ses-3_space-ACPC_desc-preproc_dwi.nii.gz	0.0052219321148825	0.2608742117881775	0.1349048465490341	0.2583079636096954	0.2622436285018921	0.2587817013263702	0.1339243501424789	0.2646297216415405	0.2650932371616363	sub-20966	ses-3				space-ACPC			DSIStudio	autotrackgqi
ProjectionBasalGanglia_AnsaLenticularisL	nrmse	NODDI	/scratch/executivefunction/SLURM_13244013_116/job-13244013-116-sub-20966-ses-3/ds/inputs/data/qsiprep/qsiprep/sub-20966/ses-3/dwi/sub-20966_ses-3_space-ACPC_desc-preproc_dwi.nii.gz	0.0	0.1044225990772247	0.0249865651130676	0.1019850075244903	0.1044225990772247	0.1019850075244903	0.0249865651130676	0.106405422091484	0.106405422091484	sub-20966	ses-3				space-ACPC			DSIStudio	autotrackgqi
ProjectionBasalGanglia_AnsaLenticularisL	od	NODDI	/scratch/executivefunction/SLURM_13244013_116/job-13244013-116-sub-20966-ses-3/ds/inputs/data/qsiprep/qsiprep/sub-20966/ses-3/dwi/sub-20966_ses-3_space-ACPC_desc-preproc_dwi.nii.gz	0.0	0.3098544180393219	0.1647347211837768	0.2866697907447815	0.3098544180393219	0.2866697907447815	0.1647347211837768	0.2861515879631042	0.2861515879631042	sub-20966	ses-3				space-ACPC			DSIStudio	autotrackgqi
ProjectionBasalGanglia_AnsaLenticularisL	rmse	NODDI	/scratch/executivefunction/SLURM_13244013_116/job-13244013-116-sub-20966-ses-3/ds/inputs/data/qsiprep/qsiprep/sub-20966/ses-3/dwi/sub-20966_ses-3_space-ACPC_desc-preproc_dwi.nii.gz	0.0	0.0404204837977886	0.0107959173619747	0.0395787432789802	0.0404204837977886	0.0395787432789802	0.0107959173619747	0.0424732193350791	0.0424732193350791	sub-20966	ses-3				space-ACPC			DSIStudio	autotrackgqi
ProjectionBasalGanglia_AnsaLenticularisL	tf	NODDI	/scratch/executivefunction/SLURM_13244013_116/job-13244013-116-sub-20966-ses-3/ds/inputs/data/qsiprep/qsiprep/sub-20966/ses-3/dwi/sub-20966_ses-3_space-ACPC_desc-preproc_dwi.nii.gz	0.0241514360313315	0.8882817768007906	0.2434665203943244	1.0	0.9102660080660944	1.0	0.2018204108458967	0.9374600558649197	0.943514851309615	sub-20966	ses-3				space-ACPC			DSIStudio	autotrackgqi
ProjectionBasalGanglia_AnsaLenticularisR	directions	NODDI	/scratch/executivefunction/SLURM_13244013_116/job-13244013-116-sub-20966-ses-3/ds/inputs/data/qsiprep/qsiprep/sub-20966/ses-3/dwi/sub-20966_ses-3_space-ACPC_desc-preproc_dwi.nii.gz	0.0	0.0138614568859338	0.5771838426589966	-0.0216785930097103	0.0138614568859338	-0.0216785930097103	0.5771838426589966	0.0012698173522949		sub-20966	ses-3				space-ACPC			DSIStudio	autotrackgqi
ProjectionBasalGanglia_AnsaLenticularisR	icvf	NODDI	/scratch/executivefunction/SLURM_13244013_116/job-13244013-116-sub-20966-ses-3/ds/inputs/data/qsiprep/qsiprep/sub-20966/ses-3/dwi/sub-20966_ses-3_space-ACPC_desc-preproc_dwi.nii.gz	0.0367867867867867	0.4606498181819916	0.1948723644018173	0.4236363768577575	0.4782428443431854	0.4236363768577575	0.1761017888784408	0.4398121237754822	0.4577835202217102	sub-20966	ses-3				space-ACPC			DSIStudio	autotrackgqi
ProjectionBasalGanglia_AnsaLenticularisR	isovf	NODDI	/scratch/executivefunction/SLURM_13244013_116/job-13244013-116-sub-20966-ses-3/ds/inputs/data/qsiprep/qsiprep/sub-20966/ses-3/dwi/sub-20966_ses-3_space-ACPC_desc-preproc_dwi.nii.gz	0.5615615615615616	0.1844726502895355	0.3050599694252014	0.0	0.4207492768764496	0.3415069878101349	0.3359221518039703	0.1706228256225586	0.4176977872848511	sub-20966	ses-3				space-ACPC			DSIStudio	autotrackgqi
ProjectionBasalGanglia_AnsaLenticularisR	modulated_icvf	NODDI	/scratch/executivefunction/SLURM_13244013_116/job-13244013-116-sub-20966-ses-3/ds/inputs/data/qsiprep/qsiprep/sub-20966/ses-3/dwi/sub-20966_ses-3_space-ACPC_desc-preproc_dwi.nii.gz	0.0367867867867867	0.3568395972251892	0.1382481902837753	0.3672484457492828	0.3704679012298584	0.3815774023532867	0.1216291412711143	0.3481315672397613	0.3623567819595337	sub-20966	ses-3				space-ACPC			DSIStudio	autotrackgqi
ProjectionBasalGanglia_AnsaLenticularisR	modulated_od	NODDI	/scratch/executivefunction/SLURM_13244013_116/job-13244013-116-sub-20966-ses-3/ds/inputs/data/qsiprep/qsiprep/sub-20966/ses-3/dwi/sub-20966_ses-3_space-ACPC_desc-preproc_dwi.nii.gz	0.0037537537537537	0.231338620185852	0.1351318359375	0.2408536374568939	0.2322102785110473	0.2415418624877929	0.1346365809440612	0.2325465977191925	0.2326944023370742	sub-20966	ses-3				space-ACPC			DSIStudio	autotrackgqi
ProjectionBasalGanglia_AnsaLenticularisR	nrmse	NODDI	/scratch/executivefunction/SLURM_13244013_116/job-13244013-116-sub-20966-ses-3/ds/inputs/data/qsiprep/qsiprep/sub-20966/ses-3/dwi/sub-20966_ses-3_space-ACPC_desc-preproc_dwi.nii.gz	0.0	0.1090483590960502	0.0311111565679311	0.1036190912127494	0.1090483590960502	0.1036190912127494	0.0311111565679311	0.1110312193632125	0.1110312193632125	sub-20966	ses-3				space-ACPC			DSIStudio	autotrackgqi
ProjectionBasalGanglia_AnsaLenticularisR	od	NODDI	/scratch/executivefunction/SLURM_13244013_116/job-13244013-116-sub-20966-ses-3/ds/inputs/data/qsiprep/qsiprep/sub-20966/ses-3/dwi/sub-20966_ses-3_space-ACPC_desc-preproc_dwi.nii.gz	0.0	0.3075649440288543	0.1781484633684158	0.282892644405365	0.3075649440288543	0.282892644405365	0.1781484633684158	0.3068230152130127	0.3068230152130127	sub-20966	ses-3				space-ACPC			DSIStudio	autotrackgqi
ProjectionBasalGanglia_AnsaLenticularisR	rmse	NODDI	/scratch/executivefunction/SLURM_13244013_116/job-13244013-116-sub-20966-ses-3/ds/inputs/data/qsiprep/qsiprep/sub-20966/ses-3/dwi/sub-20966_ses-3_space-ACPC_desc-preproc_dwi.nii.gz	0.0	0.0403837524354457	0.0114724021404981	0.0390280820429325	0.0403837524354457	0.0390280820429325	0.0114724021404981	0.0408548414707183	0.0408548414707183	sub-20966	ses-3				space-ACPC			DSIStudio	autotrackgqi
ProjectionBasalGanglia_AnsaLenticularisR	tf	NODDI	/scratch/executivefunction/SLURM_13244013_116/job-13244013-116-sub-20966-ses-3/ds/inputs/data/qsiprep/qsiprep/sub-20966/ses-3/dwi/sub-20966_ses-3_space-ACPC_desc-preproc_dwi.nii.gz	0.0367867867867867	0.8155273421480133	0.3050599777143269	1.0	0.8466737488239702	1.0	0.2650375991707362	0.8293771665966657	0.8632668337504508	sub-20966	ses-3				space-ACPC			DSIStudio	autotrackgqi
ProjectionBasalGanglia_CorticostriatalTractL	directions	NODDI	/scratch/executivefunction/SLURM_13244013_116/job-13244013-116-sub-20966-ses-3/ds/inputs/data/qsiprep/qsiprep/sub-20966/ses-3/dwi/sub-20966_ses-3_space-ACPC_desc-preproc_dwi.nii.gz	10.0	-0.0395902805030345	0.5757414102554321	-0.0834220200777053	-0.0396244823932647	-0.0841473117470741	0.5759889483451843	-0.0114536536857485		sub-20966	ses-3				space-ACPC			DSIStudio	autotrackgqi
ProjectionBasalGanglia_CorticostriatalTractL	icvf	NODDI	/scratch/executivefunction/SLURM_13244013_116/job-13244013-116-sub-20966-ses-3/ds/inputs/data/qsiprep/qsiprep/sub-20966/ses-3/dwi/sub-20966_ses-3_space-ACPC_desc-preproc_dwi.nii.gz	0.0085455330168321	0.4970280826091766	0.157605767250061	0.5028995871543884	0.5013120770454407	0.5045454502105713	0.1513475030660629	0.5630630254745483	0.5634440183639526	sub-20966	ses-3				space-ACPC			DSIStudio	autotrackgqi
ProjectionBasalGanglia_CorticostriatalTractL	isovf	NODDI	/scratch/executivefunction/SLURM_13244013_116/job-13244013-116-sub-20966-ses-3/ds/inputs/data/qsiprep/qsiprep/sub-20966/ses-3/dwi/sub-20966_ses-3_space-ACPC_desc-preproc_dwi.nii.gz	0.4089771255934398	0.085766427218914	0.1503590792417526	0.0482428260147571	0.145115241408348	0.097488909959793	0.172161728143692	0.0695496127009391	0.0990078598260879	sub-20966	ses-3				space-ACPC			DSIStudio	autotrackgqi
ProjectionBasalGanglia_CorticostriatalTractL	modulated_icvf	NODDI	/scratch/executivefunction/SLURM_13244013_116/job-13244013-116-sub-20966-ses-3/ds/inputs/data/qsiprep/qsiprep/sub-20966/ses-3/dwi/sub-20966_ses-3_space-ACPC_desc-preproc_dwi.nii.gz	0.0085455330168321	0.4543639719486236	0.1428443342447281	0.4777791500091553	0.4582802355289459	0.4795787930488586	0.1370606869459152	0.5204682350158691	0.5208204388618469	sub-20966	ses-3				space-ACPC			DSIStudio	autotrackgqi
ProjectionBasalGanglia_CorticostriatalTractL	modulated_od	NODDI	/scratch/executivefunction/SLURM_13244013_116/job-13244013-116-sub-20966-ses-3/ds/inputs/data/qsiprep/qsiprep/sub-20966/ses-3/dwi/sub-20966_ses-3_space-ACPC_desc-preproc_dwi.nii.gz	0.007250755287009	0.280830979347229	0.1577139645814895	0.2582844793796539	0.2828820943832397	0.2594959735870361	0.1564453393220901	0.2247767150402069	0.224917322397232	sub-20966	ses-3				space-ACPC			DSIStudio	autotrackgqi
ProjectionBasalGanglia_CorticostriatalTractL	nrmse	NODDI	/scratch/executivefunction/SLURM_13244013_116/job-13244013-116-sub-20966-ses-3/ds/inputs/data/qsiprep/qsiprep/sub-20966/ses-3/dwi/sub-20966_ses-3_space-ACPC_desc-preproc_dwi.nii.gz	0.0008631851532153	0.0957706123590469	0.0332403220236301	0.0906945243477821	0.0958533510565757	0.090714044868946	0.0331352204084396	0.0978424698114395	0.0978470742702484	sub-20966	ses-3				space-ACPC			DSIStudio	autotrackgqi
ProjectionBasalGanglia_CorticostriatalTractL	od	NODDI	/scratch/executivefunction/SLURM_13244013_116/job-13244013-116-sub-20966-ses-3/ds/inputs/data/qsiprep/qsiprep/sub-20966/ses-3/dwi/sub-20966_ses-3_space-ACPC_desc-preproc_dwi.nii.gz	0.0008631851532153	0.3159423172473907	0.1780518591403961	0.2881882190704345	0.3162152469158172	0.2883030772209167	0.1778863072395324	0.2414673268795013	0.2414787113666534	sub-20966	ses-3				space-ACPC			DSIStudio	autotrackgqi
ProjectionBasalGanglia_CorticostriatalTractL	rmse	NODDI	/scratch/executivefunction/SLURM_13244013_116/job-13244013-116-sub-20966-ses-3/ds/inputs/data/qsiprep/qsiprep/sub-20966/ses-3/dwi/sub-20966_ses-3_space-ACPC_desc-preproc_dwi.nii.gz	0.0008631851532153	0.0388067252933979	0.0158665534108877	0.0368899255990982	0.038840252906084	0.0368969067931175	0.0158323347568511	0.0413892343640327	0.0413911826908588	sub-20966	ses-3				space-ACPC			DSIStudio	autotrackgqi
ProjectionBasalGanglia_CorticostriatalTractL	tf	NODDI	/scratch/executivefunction/SLURM_13244013_116/job-13244013-116-sub-20966-ses-3/ds/inputs/data/qsiprep/qsiprep/sub-20966/ses-3/dwi/sub-20966_ses-3_space-ACPC_desc-preproc_dwi.nii.gz	0.0085455330168321	0.9133703849055308	0.1527161771059244	0.9515683054924012	0.9212428964940426	0.952963799238205	0.1275568660490019	0.9304033180739706	0.9310329519312678	sub-20966	ses-3				space-ACPC			DSIStudio	autotrackgqi
ProjectionBrainstem_MedialForebrainBundleL	directions	NODDI	/scratch/executivefunction/SLURM_13244013_116/job-13244013-116-sub-20966-ses-3/ds/inputs/data/qsiprep/qsiprep/sub-20966/ses-3/dwi/sub-20966_ses-3_space-ACPC_desc-preproc_dwi.nii.gz	0.0	0.0244619231671094	0.5768318176269531	-0.0757498666644096	0.0244619231671094	-0.0757498666644096	0.5768318176269531	0.1041116714477539		sub-20966	ses-3				space-ACPC			DSIStudio	autotrackgqi
ProjectionBrainstem_MedialForebrainBundleL	icvf	NODDI	/scratch/executivefunction/SLURM_13244013_116/job-13244013-116-sub-20966-ses-3/ds/inputs/data/qsiprep/qsiprep/sub-20966/ses-3/dwi/sub-20966_ses-3_space-ACPC_desc-preproc_dwi.nii.gz	0.0341409691629955	0.6044365763664246	0.1843100637197494	0.6036868691444397	0.6258020997047424	0.6079467535018921	0.1476496011018753	0.6045207977294922	0.6102757453918457	sub-20966	ses-3				space-ACPC			DSIStudio	autotrackgqi
ProjectionBrainstem_MedialForebrainBundleL	isovf	NODDI	/scratch/executivefunction/SLURM_13244013_116/job-13244013-116-sub-20966-ses-3/ds/inputs/data/qsiprep/qsiprep/sub-20966/ses-3/dwi/sub-20966_ses-3_space-ACPC_desc-preproc_dwi.nii.gz	0.2527533039647577	0.1782618165016174	0.2580558359622955	0.0842093229293823	0.2385581731796264	0.1172696650028228	0.273374080657959	0.1265184432268142	0.1813137680292129	sub-20966	ses-3				space-ACPC			DSIStudio	autotrackgqi
ProjectionBrainstem_MedialForebrainBundleL	modulated_icvf	NODDI	/scratch/executivefunction/SLURM_13244013_116/job-13244013-116-sub-20966-ses-3/ds/inputs/data/qsiprep/qsiprep/sub-20966/ses-3/dwi/sub-20966_ses-3_space-ACPC_desc-preproc_dwi.nii.gz	0.0341409691629955	0.4889639914035797	0.1621789783239364	0.5264514684677124	0.5062477588653564	0.531502366065979	0.1359479874372482	0.5155708193778992	0.5204789638519287	sub-20966	ses-3				space-ACPC			DSIStudio	autotrackgqi
ProjectionBrainstem_MedialForebrainBundleL	modulated_od	NODDI	/scratch/executivefunction/SLURM_13244013_116/job-13244013-116-sub-20966-ses-3/ds/inputs/data/qsiprep/qsiprep/sub-20966/ses-3/dwi/sub-20966_ses-3_space-ACPC_desc-preproc_dwi.nii.gz	0.0005506607929515	0.1885000169277191	0.1468663215637207	0.1728906035423278	0.1886038780212402	0.1731345206499099	0.1468400955200195	0.175479918718338	0.1754896938800811	sub-20966	ses-3				space-ACPC			DSIStudio	autotrackgqi
ProjectionBrainstem_MedialForebrainBundleL	nrmse	NODDI	/scratch/executivefunction/SLURM_13244013_116/job-13244013-116-sub-20966-ses-3/ds/inputs/data/qsiprep/qsiprep/sub-20966/ses-3/dwi/sub-20966_ses-3_space-ACPC_desc-preproc_dwi.nii.gz	0.0066079295154185	0.112570472061634	0.0357879512012004	0.105749674141407	0.1133192777633667	0.1059256494045257	0.0347050838172435	0.1076834797859191	0.1079349368810653	sub-20966	ses-3				space-ACPC			DSIStudio	autotrackgqi
ProjectionBrainstem_MedialForebrainBundleL	od	NODDI	/scratch/executivefunction/SLURM_13244013_116/job-13244013-116-sub-20966-ses-3/ds/inputs/data/qsiprep/qsiprep/sub-20966/ses-3/dwi/sub-20966_ses-3_space-ACPC_desc-preproc_dwi.nii.gz	0.0	0.2543195486068725	0.1997821927070617	0.2183574438095092	0.2543195486068725	0.2183574438095092	0.1997821927070617	0.2103816568851471	0.2103816568851471	sub-20966	ses-3				space-ACPC			DSIStudio	autotrackgqi
ProjectionBrainstem_MedialForebrainBundleL	rmse	NODDI	/scratch/executivefunction/SLURM_13244013_116/job-13244013-116-sub-20966-ses-3/ds/inputs/data/qsiprep/qsiprep/sub-20966/ses-3/dwi/sub-20966_ses-3_space-ACPC_desc-preproc_dwi.nii.gz	0.0066079295154185	0.0455889515578746	0.0143183739855885	0.0436877682805061	0.0458922050893306	0.0439072512090206	0.0138730909675359	0.0449876263737678	0.0450926795601844	sub-20966	ses-3				space-ACPC			DSIStudio	autotrackgqi
ProjectionBrainstem_MedialForebrainBundleL	tf	NODDI	/scratch/executivefunction/SLURM_13244013_116/job-13244013-116-sub-20966-ses-3/ds/inputs/data/qsiprep/qsiprep/sub-20966/ses-3/dwi/sub-20966_ses-3_space-ACPC_desc-preproc_dwi.nii.gz	0.027533039647577	0.8217381779514745	0.2580558484186933	0.9157906770706176	0.8450036982785265	0.9194404780864716	0.2209497321557828	0.8734815561257794	0.8797279272237324	sub-20966	ses-3				space-ACPC			DSIStudio	autotrackgqi
ProjectionBasalGanglia_AcousticRadiationR	directions	NODDI	/scratch/executivefunction/SLURM_13244013_116/job-13244013-116-sub-20966-ses-3/ds/inputs/data/qsiprep/qsiprep/sub-20966/ses-3/dwi/sub-20966_ses-3_space-ACPC_desc-preproc_dwi.nii.gz	0.0	-0.0878975391387939	0.5706201791763306	-0.1515346467494964	-0.0878975391387939	-0.1515346467494964	0.5706201791763306	-0.3645317554473877		sub-20966	ses-3				space-ACPC			DSIStudio	autotrackgqi
ProjectionBasalGanglia_AcousticRadiationR	icvf	NODDI	/scratch/executivefunction/SLURM_13244013_116/job-13244013-116-sub-20966-ses-3/ds/inputs/data/qsiprep/qsiprep/sub-20966/ses-3/dwi/sub-20966_ses-3_space-ACPC_desc-preproc_dwi.nii.gz	0.0137130801687763	0.5927416086196899	0.145016610622406	0.6057156324386597	0.6009829640388489	0.6083155870437622	0.1279426217079162	0.6038621068000793	0.6059783697128296	sub-20966	ses-3				space-ACPC			DSIStudio	autotrackgqi
ProjectionBasalGanglia_AcousticRadiationR	isovf	NODDI	/scratch/executivefunction/SLURM_13244013_116/job-13244013-116-sub-20966-ses-3/ds/inputs/data/qsiprep/qsiprep/sub-20966/ses-3/dwi/sub-20966_ses-3_space-ACPC_desc-preproc_dwi.nii.gz	0.2325949367088607	0.1344624161720276	0.2024049311876297	0.08311028778553	0.1752170175313949	0.1005342528223991	0.2150439321994781	0.1153003424406051	0.1533873826265335	sub-20966	ses-3				space-ACPC			DSIStudio	autotrackgqi
ProjectionBasalGanglia_AcousticRadiationR	modulated_icvf	NODDI	/scratch/executivefunction/SLURM_13244013_116/job-13244013-116-sub-20966-ses-3/ds/inputs/data/qsiprep/qsiprep/sub-20966/ses-3/dwi/sub-20966_ses-3_space-ACPC_desc-preproc_dwi.nii.gz	0.0137130801687763	0.5084207653999329	0.1363922655582428	0.5427595376968384	0.5154897570610046	0.5436157584190369	0.1233593374490737	0.5294138789176941	0.5312693119049072	sub-20966	ses-3				space-ACPC			DSIStudio	autotrackgqi
ProjectionBasalGanglia_AcousticRadiationR	modulated_od	NODDI	/scratch/executivefunction/SLURM_13244013_116/job-13244013-116-sub-20966-ses-3/ds/inputs/data/qsiprep/qsiprep/sub-20966/ses-3/dwi/sub-20966_ses-3_space-ACPC_desc-preproc_dwi.nii.gz	0.0021097046413502	0.1965468525886535	0.1313468813896179	0.1779082715511322	0.1969623863697052	0.1783971488475799	0.1311740577220916	0.1963826566934585	0.1964518129825592	sub-20966	ses-3				space-ACPC			DSIStudio	autotrackgqi
ProjectionBasalGanglia_AcousticRadiationR	nrmse	NODDI	/scratch/executivefunction/SLURM_13244013_116/job-13244013-116-sub-20966-ses-3/ds/inputs/data/qsiprep/qsiprep/sub-20966/ses-3/dwi/sub-20966_ses-3_space-ACPC_desc-preproc_dwi.nii.gz	0.0	0.1052780151367187	0.027143707498908	0.1011215299367904	0.1052780151367187	0.1011215299367904	0.027143707498908	0.1057549193501472	0.1057549193501472	sub-20966	ses-3				space-ACPC			DSIStudio	autotrackgqi
ProjectionBasalGanglia_AcousticRadiationR	od	NODDI	/scratch/executivefunction/SLURM_13244013_116/job-13244013-116-sub-20966-ses-3/ds/inputs/data/qsiprep/qsiprep/sub-20966/ses-3/dwi/sub-20966_ses-3_space-ACPC_desc-preproc_dwi.nii.gz	0.0	0.2364849001169204	0.1613243222236633	0.2124601602554321	0.2364849001169204	0.2124601602554321	0.1613243222236633	0.2225562930107116	0.2225562930107116	sub-20966	ses-3				space-ACPC			DSIStudio	autotrackgqi
ProjectionBasalGanglia_AcousticRadiationR	rmse	NODDI	/scratch/executivefunction/SLURM_13244013_116/job-13244013-116-sub-20966-ses-3/ds/inputs/data/qsiprep/qsiprep/sub-20966/ses-3/dwi/sub-20966_ses-3_space-ACPC_desc-preproc_dwi.nii.gz	0.0	0.0438706837594509	0.0126476939767599	0.0424296148121356	0.0438706837594509	0.0424296148121356	0.0126476939767599	0.0450106970965862	0.0450106970965862	sub-20966	ses-3				space-ACPC			DSIStudio	autotrackgqi
ProjectionBasalGanglia_AcousticRadiationR	tf	NODDI	/scratch/executivefunction/SLURM_13244013_116/job-13244013-116-sub-20966-ses-3/ds/inputs/data/qsiprep/qsiprep/sub-20966/ses-3/dwi/sub-20966_ses-3_space-ACPC_desc-preproc_dwi.nii.gz	0.0137130801687763	0.8655375754971545	0.2024049467649816	0.9168897271156312	0.877571787776794	0.9174874424934388	0.1760013708579239	0.8846996548251289	0.8878001685907366	sub-20966	ses-3				space-ACPC			DSIStudio	autotrackgqi
ProjectionBasalGanglia_AcousticRadiationL	directions	NODDI	/scratch/executivefunction/SLURM_13244013_116/job-13244013-116-sub-20966-ses-3/ds/inputs/data/qsiprep/qsiprep/sub-20966/ses-3/dwi/sub-20966_ses-3_space-ACPC_desc-preproc_dwi.nii.gz	0.0	-0.1559026092290878	0.5559026002883911	-0.2612814307212829	-0.1559026092290878	-0.2612814307212829	0.5559026002883911	-0.4917567670345306		sub-20966	ses-3				space-ACPC			DSIStudio	autotrackgqi
ProjectionBasalGanglia_AcousticRadiationL	icvf	NODDI	/scratch/executivefunction/SLURM_13244013_116/job-13244013-116-sub-20966-ses-3/ds/inputs/data/qsiprep/qsiprep/sub-20966/ses-3/dwi/sub-20966_ses-3_space-ACPC_desc-preproc_dwi.nii.gz	0.0372262773722627	0.5900163650512695	0.1820071190595626	0.6020198464393616	0.6128296852111816	0.6078153252601624	0.1429221630096435	0.6095941066741943	0.6203640699386597	sub-20966	ses-3				space-ACPC			DSIStudio	autotrackgqi
ProjectionBasalGanglia_AcousticRadiationL	isovf	NODDI	/scratch/executivefunction/SLURM_13244013_116/job-13244013-116-sub-20966-ses-3/ds/inputs/data/qsiprep/qsiprep/sub-20966/ses-3/dwi/sub-20966_ses-3_space-ACPC_desc-preproc_dwi.nii.gz	0.1963503649635036	0.2032338380813598	0.2785034477710724	0.1002626344561576	0.2528886198997497	0.1188190579414367	0.2897546589374542	0.1409414708614349	0.16624815762043	sub-20966	ses-3				space-ACPC			DSIStudio	autotrackgqi
ProjectionBasalGanglia_AcousticRadiationL	modulated_icvf	NODDI	/scratch/executivefunction/SLURM_13244013_116/job-13244013-116-sub-20966-ses-3/ds/inputs/data/qsiprep/qsiprep/sub-20966/ses-3/dwi/sub-20966_ses-3_space-ACPC_desc-preproc_dwi.nii.gz	0.0372262773722627	0.4691874086856842	0.1714882403612136	0.5256761312484741	0.4873288571834564	0.5301074385643005	0.1473243236541748	0.5248953700065613	0.5341688990592957	sub-20966	ses-3				space-ACPC			DSIStudio	autotrackgqi
ProjectionBasalGanglia_AcousticRadiationL	modulated_od	NODDI	/scratch/executivefunction/SLURM_13244013_116/job-13244013-116-sub-20966-ses-3/ds/inputs/data/qsiprep/qsiprep/sub-20966/ses-3/dwi/sub-20966_ses-3_space-ACPC_desc-preproc_dwi.nii.gz	0.0153284671532846	0.16413114964962	0.1211939379572868	0.1499754190444946	0.1666861921548843	0.154936596751213	0.1203774511814117	0.1577645540237426	0.1583617329597473	sub-20966	ses-3				space-ACPC			DSIStudio	autotrackgqi
ProjectionBasalGanglia_AcousticRadiationL	nrmse	NODDI	/scratch/executivefunction/SLURM_13244013_116/job-13244013-116-sub-20966-ses-3/ds/inputs/data/qsiprep/qsiprep/sub-20966/ses-3/dwi/sub-20966_ses-3_space-ACPC_desc-preproc_dwi.nii.gz	0.0	0.1091938242316246	0.0352330803871154	0.1025968641042709	0.1091938242316246	0.1025968641042709	0.0352330803871154	0.1097782626748085	0.1097782626748085	sub-20966	ses-3				space-ACPC			DSIStudio	autotrackgqi
ProjectionBasalGanglia_AcousticRadiationL	od	NODDI	/scratch/executivefunction/SLURM_13244013_116/job-13244013-116-sub-20966-ses-3/ds/inputs/data/qsiprep/qsiprep/sub-20966/ses-3/dwi/sub-20966_ses-3_space-ACPC_desc-preproc_dwi.nii.gz	0.0	0.2366452813148498	0.1941809952259063	0.207032099366188	0.2366452813148498	0.207032099366188	0.1941809952259063	0.199890524148941	0.199890524148941	sub-20966	ses-3				space-ACPC			DSIStudio	autotrackgqi
ProjectionBasalGanglia_AcousticRadiationL	rmse	NODDI	/scratch/executivefunction/SLURM_13244013_116/job-13244013-116-sub-20966-ses-3/ds/inputs/data/qsiprep/qsiprep/sub-20966/ses-3/dwi/sub-20966_ses-3_space-ACPC_desc-preproc_dwi.nii.gz	0.0	0.0438621528446674	0.0143059594556689	0.0419145561754703	0.0438621528446674	0.0419145561754703	0.0143059594556689	0.046103797852993	0.046103797852993	sub-20966	ses-3				space-ACPC			DSIStudio	autotrackgqi
ProjectionBasalGanglia_AcousticRadiationL	tf	NODDI	/scratch/executivefunction/SLURM_13244013_116/job-13244013-116-sub-20966-ses-3/ds/inputs/data/qsiprep/qsiprep/sub-20966/ses-3/dwi/sub-20966_ses-3_space-ACPC_desc-preproc_dwi.nii.gz	0.0372262773722627	0.7967661636589217	0.2785034295122472	0.8997373878955841	0.8275736498959233	0.9039113521575928	0.2346652201401892	0.8590585368396799	0.8742358725441035	sub-20966	ses-3				space-ACPC			DSIStudio	autotrackgqi
ProjectionBasalGanglia_FasciculusSubthalamicusR	directions	NODDI	/scratch/executivefunction/SLURM_13244013_116/job-13244013-116-sub-20966-ses-3/ds/inputs/data/qsiprep/qsiprep/sub-20966/ses-3/dwi/sub-20966_ses-3_space-ACPC_desc-preproc_dwi.nii.gz	0.0	-0.0576774589717388	0.5744620561599731	-0.1440304070711136	-0.0576774589717388	-0.1440304070711136	0.5744620561599731	-0.2372583448886871		sub-20966	ses-3				space-ACPC			DSIStudio	autotrackgqi
ProjectionBasalGanglia_FasciculusSubthalamicusR	icvf	NODDI	/scratch/executivefunction/SLURM_13244013_116/job-13244013-116-sub-20966-ses-3/ds/inputs/data/qsiprep/qsiprep/sub-20966/ses-3/dwi/sub-20966_ses-3_space-ACPC_desc-preproc_dwi.nii.gz	0.0247131509267431	0.553216278553009	0.1951215714216232	0.5250065326690674	0.567234456539154	0.5320122838020325	0.1763110309839248	0.5485389232635498	0.5545328259468079	sub-20966	ses-3				space-ACPC			DSIStudio	autotrackgqi
ProjectionBasalGanglia_FasciculusSubthalamicusR	isovf	NODDI	/scratch/executivefunction/SLURM_13244013_116/job-13244013-116-sub-20966-ses-3/ds/inputs/data/qsiprep/qsiprep/sub-20966/ses-3/dwi/sub-20966_ses-3_space-ACPC_desc-preproc_dwi.nii.gz	0.4174757281553398	0.1399406492710113	0.2401371449232101	0.0426196567714214	0.2402314394712448	0.1212619841098785	0.273678719997406	0.1015439182519912	0.1933539807796478	sub-20966	ses-3				space-ACPC			DSIStudio	autotrackgqi
ProjectionBasalGanglia_FasciculusSubthalamicusR	modulated_icvf	NODDI	/scratch/executivefunction/SLURM_13244013_116/job-13244013-116-sub-20966-ses-3/ds/inputs/data/qsiprep/qsiprep/sub-20966/ses-3/dwi/sub-20966_ses-3_space-ACPC_desc-preproc_dwi.nii.gz	0.0247131509267431	0.467282772064209	0.1595138311386108	0.4758331179618835	0.479123443365097	0.4802812337875366	0.1428855657577514	0.483166366815567	0.4884459376335144	sub-20966	ses-3				space-ACPC			DSIStudio	autotrackgqi
ProjectionBasalGanglia_FasciculusSubthalamicusR	modulated_od	NODDI	/scratch/executivefunction/SLURM_13244013_116/job-13244013-116-sub-20966-ses-3/ds/inputs/data/qsiprep/qsiprep/sub-20966/ses-3/dwi/sub-20966_ses-3_space-ACPC_desc-preproc_dwi.nii.gz	0.0017652250661959	0.2388402372598648	0.1485658884048462	0.239431545138359	0.2392625957727432	0.2397061288356781	0.1483570039272308	0.2265138030052185	0.2265887111425399	sub-20966	ses-3				space-ACPC			DSIStudio	autotrackgqi
ProjectionBasalGanglia_FasciculusSubthalamicusR	nrmse	NODDI	/scratch/executivefunction/SLURM_13244013_116/job-13244013-116-sub-20966-ses-3/ds/inputs/data/qsiprep/qsiprep/sub-20966/ses-3/dwi/sub-20966_ses-3_space-ACPC_desc-preproc_dwi.nii.gz	0.0	0.1061647832393646	0.0304460041224956	0.1018800884485244	0.1061647832393646	0.1018800884485244	0.0304460041224956	0.1002688482403755	0.1002688482403755	sub-20966	ses-3				space-ACPC			DSIStudio	autotrackgqi
ProjectionBasalGanglia_FasciculusSubthalamicusR	od	NODDI	/scratch/executivefunction/SLURM_13244013_116/job-13244013-116-sub-20966-ses-3/ds/inputs/data/qsiprep/qsiprep/sub-20966/ses-3/dwi/sub-20966_ses-3_space-ACPC_desc-preproc_dwi.nii.gz	0.0	0.2899951040744781	0.1785736232995987	0.2796913385391235	0.2899951040744781	0.2796913385391235	0.1785736232995987	0.2570509612560272	0.2570509612560272	sub-20966	ses-3				space-ACPC			DSIStudio	autotrackgqi
ProjectionBasalGanglia_FasciculusSubthalamicusR	rmse	NODDI	/scratch/executivefunction/SLURM_13244013_116/job-13244013-116-sub-20966-ses-3/ds/inputs/data/qsiprep/qsiprep/sub-20966/ses-3/dwi/sub-20966_ses-3_space-ACPC_desc-preproc_dwi.nii.gz	0.0	0.0425130017101764	0.0119463400915265	0.0412059500813484	0.0425130017101764	0.0412059500813484	0.0119463400915265	0.0408380329608917	0.0408380329608917	sub-20966	ses-3				space-ACPC			DSIStudio	autotrackgqi
ProjectionBasalGanglia_FasciculusSubthalamicusR	tf	NODDI	/scratch/executivefunction/SLURM_13244013_116/job-13244013-116-sub-20966-ses-3/ds/inputs/data/qsiprep/qsiprep/sub-20966/ses-3/dwi/sub-20966_ses-3_space-ACPC_desc-preproc_dwi.nii.gz	0.0247131509267431	0.8600593584886401	0.240137148170089	0.9573803544044496	0.8818527177987595	0.9636710286140442	0.1997712013792908	0.8984560848230928	0.9082735081337336	sub-20966	ses-3				space-ACPC			DSIStudio	autotrackgqi
ProjectionBrainstem_ReticularTractR	directions	NODDI	/scratch/executivefunction/SLURM_13244013_116/job-13244013-116-sub-20966-ses-3/ds/inputs/data/qsiprep/qsiprep/sub-20966/ses-3/dwi/sub-20966_ses-3_space-ACPC_desc-preproc_dwi.nii.gz	0.0	-0.0399927720427513	0.5759634375572205	-0.0701575279235839	-0.0399927720427513	-0.0701575279235839	0.5759634375572205	0.0176700837910175		sub-20966	ses-3				space-ACPC			DSIStudio	autotrackgqi
ProjectionBrainstem_ReticularTractR	icvf	NODDI	/scratch/executivefunction/SLURM_13244013_116/job-13244013-116-sub-20966-ses-3/ds/inputs/data/qsiprep/qsiprep/sub-20966/ses-3/dwi/sub-20966_ses-3_space-ACPC_desc-preproc_dwi.nii.gz	0.0142226581657675	0.5563608407974243	0.1495106071233749	0.577491044998169	0.5643879771232605	0.5796942710876465	0.1347053796052932	0.5486856698989868	0.5797691345214844	sub-20966	ses-3				space-ACPC			DSIStudio	autotrackgqi
ProjectionBrainstem_ReticularTractR	isovf	NODDI	/scratch/executivefunction/SLURM_13244013_116/job-13244013-116-sub-20966-ses-3/ds/inputs/data/qsiprep/qsiprep/sub-20966/ses-3/dwi/sub-20966_ses-3_space-ACPC_desc-preproc_dwi.nii.gz	0.2753800882785679	0.1013046279549598	0.1685804426670074	0.0715900957584381	0.1398038119077682	0.093799814581871	0.1839493364095688	0.1465337872505188	0.2065108269453048	sub-20966	ses-3				space-ACPC			DSIStudio	autotrackgqi
ProjectionBrainstem_ReticularTractR	modulated_icvf	NODDI	/scratch/executivefunction/SLURM_13244013_116/job-13244013-116-sub-20966-ses-3/ds/inputs/data/qsiprep/qsiprep/sub-20966/ses-3/dwi/sub-20966_ses-3_space-ACPC_desc-preproc_dwi.nii.gz	0.0142226581657675	0.497935801744461	0.1294596493244171	0.5254814624786377	0.5051199197769165	0.5269324779510498	0.1156406179070472	0.4853150248527527	0.5128085017204285	sub-20966	ses-3				space-ACPC			DSIStudio	autotrackgqi
ProjectionBrainstem_ReticularTractR	modulated_od	NODDI	/scratch/executivefunction/SLURM_13244013_116/job-13244013-116-sub-20966-ses-3/ds/inputs/data/qsiprep/qsiprep/sub-20966/ses-3/dwi/sub-20966_ses-3_space-ACPC_desc-preproc_dwi.nii.gz	0.0004904364884747	0.2257807105779647	0.1332620978355407	0.2184256613254547	0.225891500711441	0.2184765785932541	0.1332008838653564	0.1841257512569427	0.1841503381729126	sub-20966	ses-3				space-ACPC			DSIStudio	autotrackgqi
ProjectionBrainstem_ReticularTractR	nrmse	NODDI	/scratch/executivefunction/SLURM_13244013_116/job-13244013-116-sub-20966-ses-3/ds/inputs/data/qsiprep/qsiprep/sub-20966/ses-3/dwi/sub-20966_ses-3_space-ACPC_desc-preproc_dwi.nii.gz	0.0	0.0985060408711433	0.0296504404395818	0.0926079899072647	0.0985060408711433	0.0926079899072647	0.0296504404395818	0.1035032793879509	0.1035032793879509	sub-20966	ses-3				space-ACPC			DSIStudio	autotrackgqi
ProjectionBrainstem_ReticularTractR	od	NODDI	/scratch/executivefunction/SLURM_13244013_116/job-13244013-116-sub-20966-ses-3/ds/inputs/data/qsiprep/qsiprep/sub-20966/ses-3/dwi/sub-20966_ses-3_space-ACPC_desc-preproc_dwi.nii.gz	0.0	0.2612759172916412	0.1601845622062683	0.2438265979290008	0.2612759172916412	0.2438265979290008	0.1601845622062683	0.256988376379013	0.256988376379013	sub-20966	ses-3				space-ACPC			DSIStudio	autotrackgqi
ProjectionBrainstem_ReticularTractR	rmse	NODDI	/scratch/executivefunction/SLURM_13244013_116/job-13244013-116-sub-20966-ses-3/ds/inputs/data/qsiprep/qsiprep/sub-20966/ses-3/dwi/sub-20966_ses-3_space-ACPC_desc-preproc_dwi.nii.gz	0.0	0.0406394153833389	0.0127200782299041	0.0383156090974807	0.0406394153833389	0.0383156090974807	0.0127200782299041	0.0418597236275672	0.0418597236275672	sub-20966	ses-3				space-ACPC			DSIStudio	autotrackgqi
ProjectionBrainstem_ReticularTractR	tf	NODDI	/scratch/executivefunction/SLURM_13244013_116/job-13244013-116-sub-20966-ses-3/ds/inputs/data/qsiprep/qsiprep/sub-20966/ses-3/dwi/sub-20966_ses-3_space-ACPC_desc-preproc_dwi.nii.gz	0.0142226581657675	0.8986953708428621	0.1685804524952634	0.928409904241562	0.911661622461988	0.929955154657364	0.1304168918187115	0.8534661993503199	0.9018157368284804	sub-20966	ses-3				space-ACPC			DSIStudio	autotrackgqi
Commissure_CorpusCallosum	directions	NODDI	/scratch/executivefunction/SLURM_13244013_116/job-13244013-116-sub-20966-ses-3/ds/inputs/data/qsiprep/qsiprep/sub-20966/ses-3/dwi/sub-20966_ses-3_space-ACPC_desc-preproc_dwi.nii.gz	8.0	-0.0659477934241294	0.5735073089599609	-0.0814443528652191	-0.0659623593091964	-0.0816372781991958	0.5735698342323303	-0.27226123213768		sub-20966	ses-3				space-ACPC			DSIStudio	autotrackgqi
Commissure_CorpusCallosum	icvf	NODDI	/scratch/executivefunction/SLURM_13244013_116/job-13244013-116-sub-20966-ses-3/ds/inputs/data/qsiprep/qsiprep/sub-20966/ses-3/dwi/sub-20966_ses-3_space-ACPC_desc-preproc_dwi.nii.gz	0.0178665120260679	0.515566349029541	0.1705275177955627	0.5419972538948059	0.5249453186988831	0.5463942885398865	0.1571152508258819	0.6003568172454834	0.6044372320175171	sub-20966	ses-3				space-ACPC			DSIStudio	autotrackgqi
Commissure_CorpusCallosum	isovf	NODDI	/scratch/executivefunction/SLURM_13244013_116/job-13244013-116-sub-20966-ses-3/ds/inputs/data/qsiprep/qsiprep/sub-20966/ses-3/dwi/sub-20966_ses-3_space-ACPC_desc-preproc_dwi.nii.gz	0.3311794107088615	0.116622507572174	0.1936372518539428	0.0672613307833671	0.1743703931570053	0.1023004874587059	0.2144584357738495	0.1180829480290412	0.1409504562616348	sub-20966	ses-3				space-ACPC			DSIStudio	autotrackgqi
Commissure_CorpusCallosum	modulated_icvf	NODDI	/scratch/executivefunction/SLURM_13244013_116/job-13244013-116-sub-20966-ses-3/ds/inputs/data/qsiprep/qsiprep/sub-20966/ses-3/dwi/sub-20966_ses-3_space-ACPC_desc-preproc_dwi.nii.gz	0.0178665120260679	0.4591279923915863	0.1568520367145538	0.4961040616035461	0.4674802422523498	0.4994760155677795	0.1454152911901474	0.5268316268920898	0.5304123759269714	sub-20966	ses-3				space-ACPC			DSIStudio	autotrackgqi
Commissure_CorpusCallosum	modulated_od	NODDI	/scratch/executivefunction/SLURM_13244013_116/job-13244013-116-sub-20966-ses-3/ds/inputs/data/qsiprep/qsiprep/sub-20966/ses-3/dwi/sub-20966_ses-3_space-ACPC_desc-preproc_dwi.nii.gz	0.0141937978074172	0.2459241300821304	0.1678836196660995	0.2288926988840103	0.2494649887084961	0.2318233251571655	0.166455402970314	0.1526997238397598	0.153362289071083	sub-20966	ses-3				space-ACPC			DSIStudio	autotrackgqi
Commissure_CorpusCallosum	nrmse	NODDI	/scratch/executivefunction/SLURM_13244013_116/job-13244013-116-sub-20966-ses-3/ds/inputs/data/qsiprep/qsiprep/sub-20966/ses-3/dwi/sub-20966_ses-3_space-ACPC_desc-preproc_dwi.nii.gz	0.0002209151409714	0.0952402204275131	0.0327450186014175	0.0899124220013618	0.0952612608671188	0.089916244149208	0.0327180176973342	0.0979527235031127	0.0979543998837471	sub-20966	ses-3				space-ACPC			DSIStudio	autotrackgqi
Commissure_CorpusCallosum	od	NODDI	/scratch/executivefunction/SLURM_13244013_116/job-13244013-116-sub-20966-ses-3/ds/inputs/data/qsiprep/qsiprep/sub-20966/ses-3/dwi/sub-20966_ses-3_space-ACPC_desc-preproc_dwi.nii.gz	0.0002209151409714	0.2919028103351593	0.2029079645872116	0.2628183662891388	0.2919673323631286	0.2628714442253113	0.2028839588165283	0.1753220409154892	0.1753250062465667	sub-20966	ses-3				space-ACPC			DSIStudio	autotrackgqi
Commissure_CorpusCallosum	rmse	NODDI	/scratch/executivefunction/SLURM_13244013_116/job-13244013-116-sub-20966-ses-3/ds/inputs/data/qsiprep/qsiprep/sub-20966/ses-3/dwi/sub-20966_ses-3_space-ACPC_desc-preproc_dwi.nii.gz	0.0002209151409714	0.0388935431838035	0.01506591681391	0.0367841310799121	0.0389021374285221	0.0367940515279769	0.0150564825162291	0.0420430041849613	0.0420437157154083	sub-20966	ses-3				space-ACPC			DSIStudio	autotrackgqi
Commissure_CorpusCallosum	tf	NODDI	/scratch/executivefunction/SLURM_13244013_116/job-13244013-116-sub-20966-ses-3/ds/inputs/data/qsiprep/qsiprep/sub-20966/ses-3/dwi/sub-20966_ses-3_space-ACPC_desc-preproc_dwi.nii.gz	0.0178665120260679	0.8831565732608704	0.1940740117778605	0.9326879978179932	0.8992225436511246	0.934892475605011	0.1546060097625327	0.8819000759015057	0.8878940909330344	sub-20966	ses-3				space-ACPC			DSIStudio	autotrackgqi
Commissure_AnteriorCommissure	directions	NODDI	/scratch/executivefunction/SLURM_13244013_116/job-13244013-116-sub-20966-ses-3/ds/inputs/data/qsiprep/qsiprep/sub-20966/ses-3/dwi/sub-20966_ses-3_space-ACPC_desc-preproc_dwi.nii.gz	2.0	-0.0644771680235862	0.5735000967979431	-0.0969701334834098	-0.064530149102211	-0.0979820787906646	0.5737326741218567	-0.3423403203487396		sub-20966	ses-3				space-ACPC			DSIStudio	autotrackgqi
Commissure_AnteriorCommissure	icvf	NODDI	/scratch/executivefunction/SLURM_13244013_116/job-13244013-116-sub-20966-ses-3/ds/inputs/data/qsiprep/qsiprep/sub-20966/ses-3/dwi/sub-20966_ses-3_space-ACPC_desc-preproc_dwi.nii.gz	0.0020525451559934	0.4165763556957245	0.1279810220003128	0.3863041400909424	0.4174331426620483	0.3868867754936218	0.1267089992761612	0.421647846698761	0.4226519465446472	sub-20966	ses-3				space-ACPC			DSIStudio	autotrackgqi
Commissure_AnteriorCommissure	isovf	NODDI	/scratch/executivefunction/SLURM_13244013_116/job-13244013-116-sub-20966-ses-3/ds/inputs/data/qsiprep/qsiprep/sub-20966/ses-3/dwi/sub-20966_ses-3_space-ACPC_desc-preproc_dwi.nii.gz	0.5997536945812808	0.0543826110661029	0.1204031482338905	0.0	0.13587287068367	0.0897409915924072	0.1585802137851715	0.0433038584887981	0.1227122545242309	sub-20966	ses-3				space-ACPC			DSIStudio	autotrackgqi
Commissure_AnteriorCommissure	modulated_icvf	NODDI	/scratch/executivefunction/SLURM_13244013_116/job-13244013-116-sub-20966-ses-3/ds/inputs/data/qsiprep/qsiprep/sub-20966/ses-3/dwi/sub-20966_ses-3_space-ACPC_desc-preproc_dwi.nii.gz	0.0020525451559934	0.3864007294178009	0.0988129079341888	0.3696111440658569	0.3871954679489136	0.3707743883132934	0.0973465666174888	0.397937148809433	0.3988848030567169	sub-20966	ses-3				space-ACPC			DSIStudio	autotrackgqi
Commissure_AnteriorCommissure	modulated_od	NODDI	/scratch/executivefunction/SLURM_13244013_116/job-13244013-116-sub-20966-ses-3/ds/inputs/data/qsiprep/qsiprep/sub-20966/ses-3/dwi/sub-20966_ses-3_space-ACPC_desc-preproc_dwi.nii.gz	0.001231527093596	0.3003180623054504	0.1524356305599212	0.286329835653305	0.3006883561611175	0.2864379286766052	0.1521641463041305	0.2684868574142456	0.2685050368309021	sub-20966	ses-3				space-ACPC			DSIStudio	autotrackgqi
Commissure_AnteriorCommissure	nrmse	NODDI	/scratch/executivefunction/SLURM_13244013_116/job-13244013-116-sub-20966-ses-3/ds/inputs/data/qsiprep/qsiprep/sub-20966/ses-3/dwi/sub-20966_ses-3_space-ACPC_desc-preproc_dwi.nii.gz	0.0008210180623973	0.0972820967435836	0.030312905088067	0.0917151868343353	0.097362034022808	0.0917747765779495	0.0301967654377222	0.0917546972632408	0.0917587950825691	sub-20966	ses-3				space-ACPC			DSIStudio	autotrackgqi
Commissure_AnteriorCommissure	od	NODDI	/scratch/executivefunction/SLURM_13244013_116/job-13244013-116-sub-20966-ses-3/ds/inputs/data/qsiprep/qsiprep/sub-20966/ses-3/dwi/sub-20966_ses-3_space-ACPC_desc-preproc_dwi.nii.gz	0.0008210180623973	0.3191404938697815	0.1613840162754058	0.3015345931053161	0.3194027543067932	0.3018811345100403	0.1611907035112381	0.2823745012283325	0.2823871076107025	sub-20966	ses-3				space-ACPC			DSIStudio	autotrackgqi
Commissure_AnteriorCommissure	rmse	NODDI	/scratch/executivefunction/SLURM_13244013_116/job-13244013-116-sub-20966-ses-3/ds/inputs/data/qsiprep/qsiprep/sub-20966/ses-3/dwi/sub-20966_ses-3_space-ACPC_desc-preproc_dwi.nii.gz	0.0008210180623973	0.0375191010534763	0.0135645754635334	0.0350951440632343	0.0375499315559864	0.0351004675030708	0.0135274268686771	0.0355982407927513	0.0355998277664184	sub-20966	ses-3				space-ACPC			DSIStudio	autotrackgqi
Commissure_AnteriorCommissure	tf	NODDI	/scratch/executivefunction/SLURM_13244013_116/job-13244013-116-sub-20966-ses-3/ds/inputs/data/qsiprep/qsiprep/sub-20966/ses-3/dwi/sub-20966_ses-3_space-ACPC_desc-preproc_dwi.nii.gz	0.0020525451559934	0.944796369801014	0.1234016396035827	1.0	0.9467395955718922	1.0	0.1158428083568219	0.9566514674520168	0.9589296745157524	sub-20966	ses-3				space-ACPC			DSIStudio	autotrackgqi
Cerebellum_SuperiorCerebellarPeduncle	directions	NODDI	/scratch/executivefunction/SLURM_13244013_116/job-13244013-116-sub-20966-ses-3/ds/inputs/data/qsiprep/qsiprep/sub-20966/ses-3/dwi/sub-20966_ses-3_space-ACPC_desc-preproc_dwi.nii.gz	0.0	-0.023594306781888	0.576867938041687	-0.049037117511034	-0.023594306781888	-0.049037117511034	0.576867938041687	-0.0713741183280944		sub-20966	ses-3				space-ACPC			DSIStudio	autotrackgqi
Cerebellum_SuperiorCerebellarPeduncle	icvf	NODDI	/scratch/executivefunction/SLURM_13244013_116/job-13244013-116-sub-20966-ses-3/ds/inputs/data/qsiprep/qsiprep/sub-20966/ses-3/dwi/sub-20966_ses-3_space-ACPC_desc-preproc_dwi.nii.gz	0.0417515274949083	0.5961599349975586	0.1927402168512344	0.6006025075912476	0.6221349835395813	0.6074718236923218	0.150357499718666	0.6048811674118042	0.6372363567352295	sub-20966	ses-3				space-ACPC			DSIStudio	autotrackgqi
Cerebellum_SuperiorCerebellarPeduncle	isovf	NODDI	/scratch/executivefunction/SLURM_13244013_116/job-13244013-116-sub-20966-ses-3/ds/inputs/data/qsiprep/qsiprep/sub-20966/ses-3/dwi/sub-20966_ses-3_space-ACPC_desc-preproc_dwi.nii.gz	0.2505091649694501	0.2053225487470626	0.2856330275535583	0.0913601517677307	0.273949384689331	0.1262092292308807	0.3000920414924621	0.2471619993448257	0.3216603696346283	sub-20966	ses-3				space-ACPC			DSIStudio	autotrackgqi
Cerebellum_SuperiorCerebellarPeduncle	modulated_icvf	NODDI	/scratch/executivefunction/SLURM_13244013_116/job-13244013-116-sub-20966-ses-3/ds/inputs/data/qsiprep/qsiprep/sub-20966/ses-3/dwi/sub-20966_ses-3_space-ACPC_desc-preproc_dwi.nii.gz	0.0417515274949083	0.4735541939735412	0.1777436435222625	0.5156565308570862	0.4941872954368591	0.5240256786346436	0.1509063392877578	0.4545404314994812	0.4788538515567779	sub-20966	ses-3				space-ACPC			DSIStudio	autotrackgqi
Cerebellum_SuperiorCerebellarPeduncle	modulated_od	NODDI	/scratch/executivefunction/SLURM_13244013_116/job-13244013-116-sub-20966-ses-3/ds/inputs/data/qsiprep/qsiprep/sub-20966/ses-3/dwi/sub-20966_ses-3_space-ACPC_desc-preproc_dwi.nii.gz	0.0033944331296673	0.2533832788467407	0.1536353975534439	0.2498548030853271	0.2542462944984436	0.2502680122852325	0.1531822681427002	0.176703929901123	0.1770271509885788	sub-20966	ses-3				space-ACPC			DSIStudio	autotrackgqi
Cerebellum_SuperiorCerebellarPeduncle	nrmse	NODDI	/scratch/executivefunction/SLURM_13244013_116/job-13244013-116-sub-20966-ses-3/ds/inputs/data/qsiprep/qsiprep/sub-20966/ses-3/dwi/sub-20966_ses-3_space-ACPC_desc-preproc_dwi.nii.gz	0.0	0.099742904305458	0.033055655658245	0.0931508913636207	0.099742904305458	0.0931508913636207	0.033055655658245	0.1051370054483413	0.1051370054483413	sub-20966	ses-3				space-ACPC			DSIStudio	autotrackgqi
Cerebellum_SuperiorCerebellarPeduncle	od	NODDI	/scratch/executivefunction/SLURM_13244013_116/job-13244013-116-sub-20966-ses-3/ds/inputs/data/qsiprep/qsiprep/sub-20966/ses-3/dwi/sub-20966_ses-3_space-ACPC_desc-preproc_dwi.nii.gz	0.0	0.3425680696964264	0.1969077140092849	0.3164651691913605	0.3425680696964264	0.3164651691913605	0.1969077140092849	0.2645563781261444	0.2645563781261444	sub-20966	ses-3				space-ACPC			DSIStudio	autotrackgqi
Cerebellum_SuperiorCerebellarPeduncle	rmse	NODDI	/scratch/executivefunction/SLURM_13244013_116/job-13244013-116-sub-20966-ses-3/ds/inputs/data/qsiprep/qsiprep/sub-20966/ses-3/dwi/sub-20966_ses-3_space-ACPC_desc-preproc_dwi.nii.gz	0.0	0.0392250828444957	0.0119406534358859	0.0375784039497375	0.0392250828444957	0.0375784039497375	0.0119406534358859	0.0411041565239429	0.0411041565239429	sub-20966	ses-3				space-ACPC			DSIStudio	autotrackgqi
Cerebellum_SuperiorCerebellarPeduncle	tf	NODDI	/scratch/executivefunction/SLURM_13244013_116/job-13244013-116-sub-20966-ses-3/ds/inputs/data/qsiprep/qsiprep/sub-20966/ses-3/dwi/sub-20966_ses-3_space-ACPC_desc-preproc_dwi.nii.gz	0.0417515274949083	0.7946774650210843	0.2856330182067274	0.9086398482322692	0.8293020942090379	0.9149385690689088	0.2375430695011073	0.7528380017163141	0.7931074090492676	sub-20966	ses-3				space-ACPC			DSIStudio	autotrackgqi
Cerebellum_CerebellumR	directions	NODDI	/scratch/executivefunction/SLURM_13244013_116/job-13244013-116-sub-20966-ses-3/ds/inputs/data/qsiprep/qsiprep/sub-20966/ses-3/dwi/sub-20966_ses-3_space-ACPC_desc-preproc_dwi.nii.gz	46.0	-0.0329957343637943	0.5748952627182007	0.0	-0.0331688784062862	0.0017496794462203	0.5763967037200928	-0.1542066782712936		sub-20966	ses-3				space-ACPC			DSIStudio	autotrackgqi
Cerebellum_CerebellumR	icvf	NODDI	/scratch/executivefunction/SLURM_13244013_116/job-13244013-116-sub-20966-ses-3/ds/inputs/data/qsiprep/qsiprep/sub-20966/ses-3/dwi/sub-20966_ses-3_space-ACPC_desc-preproc_dwi.nii.gz	0.0083976395823876	0.5130611062049866	0.1198851317167282	0.4982470870018005	0.5174060463905334	0.4990350306034088	0.1106618195772171	0.5144989490509033	0.51649010181427	sub-20966	ses-3				space-ACPC			DSIStudio	autotrackgqi
Cerebellum_CerebellumR	isovf	NODDI	/scratch/executivefunction/SLURM_13244013_116/job-13244013-116-sub-20966-ses-3/ds/inputs/data/qsiprep/qsiprep/sub-20966/ses-3/dwi/sub-20966_ses-3_space-ACPC_desc-preproc_dwi.nii.gz	0.5451656831593282	0.0871689096093177	0.1658196598291397	0.0	0.1916498094797134	0.1179489344358444	0.2010706067085266	0.0922070145606994	0.1791718602180481	sub-20966	ses-3				space-ACPC			DSIStudio	autotrackgqi
Cerebellum_CerebellumR	modulated_icvf	NODDI	/scratch/executivefunction/SLURM_13244013_116/job-13244013-116-sub-20966-ses-3/ds/inputs/data/qsiprep/qsiprep/sub-20966/ses-3/dwi/sub-20966_ses-3_space-ACPC_desc-preproc_dwi.nii.gz	0.0083976395823876	0.4638964533805847	0.1161079332232475	0.4799968302249908	0.4678250849246979	0.4807255864143371	0.1084311380982399	0.464985728263855	0.4667852818965912	sub-20966	ses-3				space-ACPC			DSIStudio	autotrackgqi
Cerebellum_CerebellumR	modulated_od	NODDI	/scratch/executivefunction/SLURM_13244013_116/job-13244013-116-sub-20966-ses-3/ds/inputs/data/qsiprep/qsiprep/sub-20966/ses-3/dwi/sub-20966_ses-3_space-ACPC_desc-preproc_dwi.nii.gz	0.0065819337267362	0.407191663980484	0.1352675706148147	0.4246572852134704	0.4098895192146301	0.4254557490348816	0.1315777897834777	0.3965205550193786	0.397612452507019	sub-20966	ses-3				space-ACPC			DSIStudio	autotrackgqi
Cerebellum_CerebellumR	nrmse	NODDI	/scratch/executivefunction/SLURM_13244013_116/job-13244013-116-sub-20966-ses-3/ds/inputs/data/qsiprep/qsiprep/sub-20966/ses-3/dwi/sub-20966_ses-3_space-ACPC_desc-preproc_dwi.nii.gz	0.0052201543349977	0.075164794921875	0.0452145226299762	0.0612890534102916	0.0755592286586761	0.0613967552781105	0.0450030826032161	0.0709208697080612	0.0710041522979736	sub-20966	ses-3				space-ACPC			DSIStudio	autotrackgqi
Cerebellum_CerebellumR	od	NODDI	/scratch/executivefunction/SLURM_13244013_116/job-13244013-116-sub-20966-ses-3/ds/inputs/data/qsiprep/qsiprep/sub-20966/ses-3/dwi/sub-20966_ses-3_space-ACPC_desc-preproc_dwi.nii.gz	0.0052201543349977	0.4460226595401764	0.1242561191320419	0.4504299461841583	0.448363184928894	0.4509513080120086	0.1202962845563888	0.4350297152996063	0.4355405271053314	sub-20966	ses-3				space-ACPC			DSIStudio	autotrackgqi
Cerebellum_CerebellumR	rmse	NODDI	/scratch/executivefunction/SLURM_13244013_116/job-13244013-116-sub-20966-ses-3/ds/inputs/data/qsiprep/qsiprep/sub-20966/ses-3/dwi/sub-20966_ses-3_space-ACPC_desc-preproc_dwi.nii.gz	0.0052201543349977	0.0301221664994955	0.0215250626206398	0.0245527029037475	0.0302802324295043	0.0246187411248683	0.0214702915400266	0.0283413473516702	0.0283746272325515	sub-20966	ses-3				space-ACPC			DSIStudio	autotrackgqi
Cerebellum_CerebellumR	tf	NODDI	/scratch/executivefunction/SLURM_13244013_116/job-13244013-116-sub-20966-ses-3/ds/inputs/data/qsiprep/qsiprep/sub-20966/ses-3/dwi/sub-20966_ses-3_space-ACPC_desc-preproc_dwi.nii.gz	0.0083976395823876	0.90761094071272	0.1782666375148406	1.0	0.9152972773587194	1.0	0.1581544802687378	0.9066201307205828	0.9101289949336582	sub-20966	ses-3				space-ACPC			DSIStudio	autotrackgqi
Cerebellum_Vermis	directions	NODDI	/scratch/executivefunction/SLURM_13244013_116/job-13244013-116-sub-20966-ses-3/ds/inputs/data/qsiprep/qsiprep/sub-20966/ses-3/dwi/sub-20966_ses-3_space-ACPC_desc-preproc_dwi.nii.gz	13.0	-0.0145523017272353	0.5762460231781006	0.0	-0.014598817564547	-0.0011227329960092	0.5771656632423401	0.0044197142124176		sub-20966	ses-3				space-ACPC			DSIStudio	autotrackgqi
Cerebellum_Vermis	icvf	NODDI	/scratch/executivefunction/SLURM_13244013_116/job-13244013-116-sub-20966-ses-3/ds/inputs/data/qsiprep/qsiprep/sub-20966/ses-3/dwi/sub-20966_ses-3_space-ACPC_desc-preproc_dwi.nii.gz	0.0100490196078431	0.5403379201889038	0.1229735612869262	0.5101981163024902	0.5458228588104248	0.5112335085868835	0.1108249798417091	0.5153586864471436	0.5177542567253113	sub-20966	ses-3				space-ACPC			DSIStudio	autotrackgqi
Cerebellum_Vermis	isovf	NODDI	/scratch/executivefunction/SLURM_13244013_116/job-13244013-116-sub-20966-ses-3/ds/inputs/data/qsiprep/qsiprep/sub-20966/ses-3/dwi/sub-20966_ses-3_space-ACPC_desc-preproc_dwi.nii.gz	0.608578431372549	0.0873425230383873	0.1853634864091873	0.0	0.2231418192386627	0.1235482171177864	0.2397480309009552	0.0655229911208152	0.2019296884536743	sub-20966	ses-3				space-ACPC			DSIStudio	autotrackgqi
Cerebellum_Vermis	modulated_icvf	NODDI	/scratch/executivefunction/SLURM_13244013_116/job-13244013-116-sub-20966-ses-3/ds/inputs/data/qsiprep/qsiprep/sub-20966/ses-3/dwi/sub-20966_ses-3_space-ACPC_desc-preproc_dwi.nii.gz	0.0100490196078431	0.4846357703208923	0.1093286424875259	0.5011193752288818	0.4895553290843963	0.5023497939109802	0.0983142480254173	0.4755471050739288	0.4777575433254242	sub-20966	ses-3				space-ACPC			DSIStudio	autotrackgqi
Cerebellum_Vermis	modulated_od	NODDI	/scratch/executivefunction/SLURM_13244013_116/job-13244013-116-sub-20966-ses-3/ds/inputs/data/qsiprep/qsiprep/sub-20966/ses-3/dwi/sub-20966_ses-3_space-ACPC_desc-preproc_dwi.nii.gz	0.0041666666666666	0.4289312064647674	0.1428281813859939	0.4417902827262878	0.4307259023189544	0.4420747458934784	0.1404002159833908	0.4425835013389587	0.4437126815319061	sub-20966	ses-3				space-ACPC			DSIStudio	autotrackgqi
Cerebellum_Vermis	nrmse	NODDI	/scratch/executivefunction/SLURM_13244013_116/job-13244013-116-sub-20966-ses-3/ds/inputs/data/qsiprep/qsiprep/sub-20966/ses-3/dwi/sub-20966_ses-3_space-ACPC_desc-preproc_dwi.nii.gz	0.0036764705882352	0.0882035344839096	0.0430422276258468	0.0781976133584976	0.0885290056467056	0.0783208459615707	0.0427861623466014	0.0831621587276458	0.0832806453108787	sub-20966	ses-3				space-ACPC			DSIStudio	autotrackgqi
Cerebellum_Vermis	od	NODDI	/scratch/executivefunction/SLURM_13244013_116/job-13244013-116-sub-20966-ses-3/ds/inputs/data/qsiprep/qsiprep/sub-20966/ses-3/dwi/sub-20966_ses-3_space-ACPC_desc-preproc_dwi.nii.gz	0.0031862745098039	0.47205850481987	0.1292682737112045	0.4724584221839905	0.473567396402359	0.4730497896671295	0.1266851425170898	0.4727334976196289	0.4734002947807312	sub-20966	ses-3				space-ACPC			DSIStudio	autotrackgqi
Cerebellum_Vermis	rmse	NODDI	/scratch/executivefunction/SLURM_13244013_116/job-13244013-116-sub-20966-ses-3/ds/inputs/data/qsiprep/qsiprep/sub-20966/ses-3/dwi/sub-20966_ses-3_space-ACPC_desc-preproc_dwi.nii.gz	0.0036764705882352	0.0359756015241146	0.0306481700390577	0.0320834070444107	0.0361083522439003	0.0321185700595378	0.030626505613327	0.0336426123976707	0.0336905494332313	sub-20966	ses-3				space-ACPC			DSIStudio	autotrackgqi
Cerebellum_Vermis	tf	NODDI	/scratch/executivefunction/SLURM_13244013_116/job-13244013-116-sub-20966-ses-3/ds/inputs/data/qsiprep/qsiprep/sub-20966/ses-3/dwi/sub-20966_ses-3_space-ACPC_desc-preproc_dwi.nii.gz	0.0095588235294117	0.9094712066299776	0.1922996244172151	1.0	0.91824858278899	1.0	0.1711029540766355	0.933068468099022	0.9373920839712748	sub-20966	ses-3				space-ACPC			DSIStudio	autotrackgqi
Cerebellum_InferiorCerebellarPeduncleR	directions	NODDI	/scratch/executivefunction/SLURM_13244013_116/job-13244013-116-sub-20966-ses-3/ds/inputs/data/qsiprep/qsiprep/sub-20966/ses-3/dwi/sub-20966_ses-3_space-ACPC_desc-preproc_dwi.nii.gz	2.0	0.0293860174715518	0.5763755440711975	0.0290280170738697	0.0294090472161769	0.0294015761464834	0.5766007900238037	0.1511563956737518		sub-20966	ses-3				space-ACPC			DSIStudio	autotrackgqi
Cerebellum_InferiorCerebellarPeduncleR	icvf	NODDI	/scratch/executivefunction/SLURM_13244013_116/job-13244013-116-sub-20966-ses-3/ds/inputs/data/qsiprep/qsiprep/sub-20966/ses-3/dwi/sub-20966_ses-3_space-ACPC_desc-preproc_dwi.nii.gz	0.0164447924823805	0.5962349772453308	0.15591561794281	0.5758130550384521	0.6062038540840149	0.5782914161682129	0.1366489976644516	0.6492961049079895	0.6547985076904297	sub-20966	ses-3				space-ACPC			DSIStudio	autotrackgqi
Cerebellum_InferiorCerebellarPeduncleR	isovf	NODDI	/scratch/executivefunction/SLURM_13244013_116/job-13244013-116-sub-20966-ses-3/ds/inputs/data/qsiprep/qsiprep/sub-20966/ses-3/dwi/sub-20966_ses-3_space-ACPC_desc-preproc_dwi.nii.gz	0.2924823805794831	0.1431580930948257	0.2108554095029831	0.0760811492800712	0.2023385465145111	0.1165635287761688	0.2255325615406036	0.1474405974149704	0.1780042499303817	sub-20966	ses-3				space-ACPC			DSIStudio	autotrackgqi
Cerebellum_InferiorCerebellarPeduncleR	modulated_icvf	NODDI	/scratch/executivefunction/SLURM_13244013_116/job-13244013-116-sub-20966-ses-3/ds/inputs/data/qsiprep/qsiprep/sub-20966/ses-3/dwi/sub-20966_ses-3_space-ACPC_desc-preproc_dwi.nii.gz	0.0164447924823805	0.5024410486221313	0.1424888670444488	0.5190938711166382	0.5108417868614197	0.5212942361831665	0.1278714835643768	0.5442755818367004	0.5488879084587097	sub-20966	ses-3				space-ACPC			DSIStudio	autotrackgqi
Cerebellum_InferiorCerebellarPeduncleR	modulated_od	NODDI	/scratch/executivefunction/SLURM_13244013_116/job-13244013-116-sub-20966-ses-3/ds/inputs/data/qsiprep/qsiprep/sub-20966/ses-3/dwi/sub-20966_ses-3_space-ACPC_desc-preproc_dwi.nii.gz	0.0043069694596711	0.3123245239257812	0.1685161143541336	0.3146701455116272	0.3136755228042602	0.3155972361564636	0.167620837688446	0.2597566246986389	0.2602918744087219	sub-20966	ses-3				space-ACPC			DSIStudio	autotrackgqi
Cerebellum_InferiorCerebellarPeduncleR	nrmse	NODDI	/scratch/executivefunction/SLURM_13244013_116/job-13244013-116-sub-20966-ses-3/ds/inputs/data/qsiprep/qsiprep/sub-20966/ses-3/dwi/sub-20966_ses-3_space-ACPC_desc-preproc_dwi.nii.gz	0.0050900548159749	0.0887146964669227	0.0400241427123546	0.0807648673653602	0.0891685709357261	0.080936461687088	0.0396188870072364	0.0913304910063743	0.09153313934803	sub-20966	ses-3				space-ACPC			DSIStudio	autotrackgqi
Cerebellum_InferiorCerebellarPeduncleR	od	NODDI	/scratch/executivefunction/SLURM_13244013_116/job-13244013-116-sub-20966-ses-3/ds/inputs/data/qsiprep/qsiprep/sub-20966/ses-3/dwi/sub-20966_ses-3_space-ACPC_desc-preproc_dwi.nii.gz	0.0007830853563038	0.3679178953170776	0.1774715185165405	0.3690636157989502	0.3682062327861786	0.3692016303539276	0.1772418171167373	0.3060147166252136	0.3060480952262878	sub-20966	ses-3				space-ACPC			DSIStudio	autotrackgqi
Cerebellum_InferiorCerebellarPeduncleR	rmse	NODDI	/scratch/executivefunction/SLURM_13244013_116/job-13244013-116-sub-20966-ses-3/ds/inputs/data/qsiprep/qsiprep/sub-20966/ses-3/dwi/sub-20966_ses-3_space-ACPC_desc-preproc_dwi.nii.gz	0.0050900548159749	0.0358297117054462	0.0143694439902901	0.0334720984101295	0.0360130183398723	0.0335373245179653	0.0141751831397414	0.0381704419851303	0.0382551401853561	sub-20966	ses-3				space-ACPC			DSIStudio	autotrackgqi
Cerebellum_InferiorCerebellarPeduncleR	tf	NODDI	/scratch/executivefunction/SLURM_13244013_116/job-13244013-116-sub-20966-ses-3/ds/inputs/data/qsiprep/qsiprep/sub-20966/ses-3/dwi/sub-20966_ses-3_space-ACPC_desc-preproc_dwi.nii.gz	0.0121378230227094	0.8560588220506323	0.2121750787543674	0.9237101674079896	0.8665771825276714	0.925132691860199	0.190935671014022	0.8524503274193072	0.8578533483495727	sub-20966	ses-3				space-ACPC			DSIStudio	autotrackgqi
Cerebellum_CerebellumL	directions	NODDI	/scratch/executivefunction/SLURM_13244013_116/job-13244013-116-sub-20966-ses-3/ds/inputs/data/qsiprep/qsiprep/sub-20966/ses-3/dwi/sub-20966_ses-3_space-ACPC_desc-preproc_dwi.nii.gz	73.0	-0.1874241083860397	0.543410062789917	-0.2768047451972961	-0.1890753209590912	-0.284240186214447	0.5455124378204346	-0.6966153383255005		sub-20966	ses-3				space-ACPC			DSIStudio	autotrackgqi
Cerebellum_CerebellumL	icvf	NODDI	/scratch/executivefunction/SLURM_13244013_116/job-13244013-116-sub-20966-ses-3/ds/inputs/data/qsiprep/qsiprep/sub-20966/ses-3/dwi/sub-20966_ses-3_space-ACPC_desc-preproc_dwi.nii.gz	0.0096901543246799	0.5097853541374207	0.1161800101399421	0.5004820227622986	0.5147736072540283	0.5014702081680298	0.1051763147115707	0.5144333243370056	0.5153713822364807	sub-20966	ses-3				space-ACPC			DSIStudio	autotrackgqi
Cerebellum_CerebellumL	isovf	NODDI	/scratch/executivefunction/SLURM_13244013_116/job-13244013-116-sub-20966-ses-3/ds/inputs/data/qsiprep/qsiprep/sub-20966/ses-3/dwi/sub-20966_ses-3_space-ACPC_desc-preproc_dwi.nii.gz	0.6080870917573873	0.0628206506371498	0.133473664522171	0.0	0.1602923721075058	0.1035379916429519	0.1727226674556732	0.0501128658652305	0.1202063485980033	sub-20966	ses-3				space-ACPC			DSIStudio	autotrackgqi
Cerebellum_CerebellumL	modulated_icvf	NODDI	/scratch/executivefunction/SLURM_13244013_116/job-13244013-116-sub-20966-ses-3/ds/inputs/data/qsiprep/qsiprep/sub-20966/ses-3/dwi/sub-20966_ses-3_space-ACPC_desc-preproc_dwi.nii.gz	0.0096901543246799	0.4727678894996643	0.106273666024208	0.4881875514984131	0.4773938953876495	0.4891299605369568	0.0958966612815857	0.48675137758255	0.487638920545578	sub-20966	ses-3				space-ACPC			DSIStudio	autotrackgqi
Cerebellum_CerebellumL	modulated_od	NODDI	/scratch/executivefunction/SLURM_13244013_116/job-13244013-116-sub-20966-ses-3/ds/inputs/data/qsiprep/qsiprep/sub-20966/ses-3/dwi/sub-20966_ses-3_space-ACPC_desc-preproc_dwi.nii.gz	0.0087331020456992	0.4210241436958313	0.1261896789073944	0.4332286417484283	0.4247333705425262	0.4341925978660583	0.1203689649701118	0.4165761768817901	0.4171838462352752	sub-20966	ses-3				space-ACPC			DSIStudio	autotrackgqi
Cerebellum_CerebellumL	nrmse	NODDI	/scratch/executivefunction/SLURM_13244013_116/job-13244013-116-sub-20966-ses-3/ds/inputs/data/qsiprep/qsiprep/sub-20966/ses-3/dwi/sub-20966_ses-3_space-ACPC_desc-preproc_dwi.nii.gz	0.0087331020456992	0.0706561133265495	0.0372483357787132	0.0606601946055889	0.0712785944342613	0.0609404742717742	0.0368142947554588	0.0665458813309669	0.0666429549455642	sub-20966	ses-3				space-ACPC			DSIStudio	autotrackgqi
Cerebellum_CerebellumL	od	NODDI	/scratch/executivefunction/SLURM_13244013_116/job-13244013-116-sub-20966-ses-3/ds/inputs/data/qsiprep/qsiprep/sub-20966/ses-3/dwi/sub-20966_ses-3_space-ACPC_desc-preproc_dwi.nii.gz	0.0087331020456992	0.4483713805675506	0.1168653964996337	0.4540508985519409	0.4523215293884277	0.4549750089645386	0.1095038726925849	0.4371351897716522	0.4377728104591369	sub-20966	ses-3				space-ACPC			DSIStudio	autotrackgqi
Cerebellum_CerebellumL	rmse	NODDI	/scratch/executivefunction/SLURM_13244013_116/job-13244013-116-sub-20966-ses-3/ds/inputs/data/qsiprep/qsiprep/sub-20966/ses-3/dwi/sub-20966_ses-3_space-ACPC_desc-preproc_dwi.nii.gz	0.0087331020456992	0.0286205057054758	0.0181505735963583	0.0245485492050647	0.0288726519793272	0.0246489085257053	0.0180295743048191	0.027179105207324	0.0272187497466802	sub-20966	ses-3				space-ACPC			DSIStudio	autotrackgqi
Cerebellum_CerebellumL	tf	NODDI	/scratch/executivefunction/SLURM_13244013_116/job-13244013-116-sub-20966-ses-3/ds/inputs/data/qsiprep/qsiprep/sub-20966/ses-3/dwi/sub-20966_ses-3_space-ACPC_desc-preproc_dwi.nii.gz	0.0096901543246799	0.9284462535733568	0.1592947546748439	1.0	0.9375310743681674	1.0	0.1307891775503772	0.9484305083152034	0.9501599448948898	sub-20966	ses-3				space-ACPC			DSIStudio	autotrackgqi
Cerebellum_InferiorCerebellarPeduncleL	directions	NODDI	/scratch/executivefunction/SLURM_13244013_116/job-13244013-116-sub-20966-ses-3/ds/inputs/data/qsiprep/qsiprep/sub-20966/ses-3/dwi/sub-20966_ses-3_space-ACPC_desc-preproc_dwi.nii.gz	0.0	-0.1416459530591964	0.5597050786018372	-0.2567174136638641	-0.1416459530591964	-0.2567174136638641	0.5597050786018372	-0.2295732498168945		sub-20966	ses-3				space-ACPC			DSIStudio	autotrackgqi
Cerebellum_InferiorCerebellarPeduncleL	icvf	NODDI	/scratch/executivefunction/SLURM_13244013_116/job-13244013-116-sub-20966-ses-3/ds/inputs/data/qsiprep/qsiprep/sub-20966/ses-3/dwi/sub-20966_ses-3_space-ACPC_desc-preproc_dwi.nii.gz	0.0181175430844012	0.6052553653717041	0.1658122241497039	0.5794483423233032	0.6164234280586243	0.585454523563385	0.1453159898519516	0.6736304759979248	0.6803928017616272	sub-20966	ses-3				space-ACPC			DSIStudio	autotrackgqi
Cerebellum_InferiorCerebellarPeduncleL	isovf	NODDI	/scratch/executivefunction/SLURM_13244013_116/job-13244013-116-sub-20966-ses-3/ds/inputs/data/qsiprep/qsiprep/sub-20966/ses-3/dwi/sub-20966_ses-3_space-ACPC_desc-preproc_dwi.nii.gz	0.3278833406981882	0.1455861777067184	0.2260757088661193	0.0671205595135688	0.2166084945201873	0.1141887754201889	0.2462917864322662	0.1852502524852752	0.2271093130111694	sub-20966	ses-3				space-ACPC			DSIStudio	autotrackgqi
Cerebellum_InferiorCerebellarPeduncleL	modulated_icvf	NODDI	/scratch/executivefunction/SLURM_13244013_116/job-13244013-116-sub-20966-ses-3/ds/inputs/data/qsiprep/qsiprep/sub-20966/ses-3/dwi/sub-20966_ses-3_space-ACPC_desc-preproc_dwi.nii.gz	0.0181175430844012	0.5049403309822083	0.151841253042221	0.5256428122520447	0.5142573714256287	0.5277595520019531	0.1367106586694717	0.5326986312866211	0.5380462408065796	sub-20966	ses-3				space-ACPC			DSIStudio	autotrackgqi
Cerebellum_InferiorCerebellarPeduncleL	modulated_od	NODDI	/scratch/executivefunction/SLURM_13244013_116/job-13244013-116-sub-20966-ses-3/ds/inputs/data/qsiprep/qsiprep/sub-20966/ses-3/dwi/sub-20966_ses-3_space-ACPC_desc-preproc_dwi.nii.gz	0.0	0.3203395903110504	0.1672867983579635	0.328009158372879	0.3203395903110504	0.328009158372879	0.1672867983579635	0.2528086602687835	0.2528086602687835	sub-20966	ses-3				space-ACPC			DSIStudio	autotrackgqi
Cerebellum_InferiorCerebellarPeduncleL	nrmse	NODDI	/scratch/executivefunction/SLURM_13244013_116/job-13244013-116-sub-20966-ses-3/ds/inputs/data/qsiprep/qsiprep/sub-20966/ses-3/dwi/sub-20966_ses-3_space-ACPC_desc-preproc_dwi.nii.gz	0.0070702607158638	0.0883413478732109	0.0427847951650619	0.0806692764163017	0.0889703929424285	0.0808813571929931	0.0422801040112972	0.0931517630815506	0.0935744643211364	sub-20966	ses-3				space-ACPC			DSIStudio	autotrackgqi
Cerebellum_InferiorCerebellarPeduncleL	od	NODDI	/scratch/executivefunction/SLURM_13244013_116/job-13244013-116-sub-20966-ses-3/ds/inputs/data/qsiprep/qsiprep/sub-20966/ses-3/dwi/sub-20966_ses-3_space-ACPC_desc-preproc_dwi.nii.gz	0.0	0.377949595451355	0.1714718043804168	0.378435879945755	0.377949595451355	0.378435879945755	0.1714718043804168	0.3086053729057312	0.3086053729057312	sub-20966	ses-3				space-ACPC			DSIStudio	autotrackgqi
Cerebellum_InferiorCerebellarPeduncleL	rmse	NODDI	/scratch/executivefunction/SLURM_13244013_116/job-13244013-116-sub-20966-ses-3/ds/inputs/data/qsiprep/qsiprep/sub-20966/ses-3/dwi/sub-20966_ses-3_space-ACPC_desc-preproc_dwi.nii.gz	0.0070702607158638	0.0355701260268688	0.014882480725646	0.033053271472454	0.0358234047889709	0.0332021936774253	0.0146284643560647	0.0382646843791008	0.0384383201599121	sub-20966	ses-3				space-ACPC			DSIStudio	autotrackgqi
Cerebellum_InferiorCerebellarPeduncleL	tf	NODDI	/scratch/executivefunction/SLURM_13244013_116/job-13244013-116-sub-20966-ses-3/ds/inputs/data/qsiprep/qsiprep/sub-20966/ses-3/dwi/sub-20966_ses-3_space-ACPC_desc-preproc_dwi.nii.gz	0.0110472823685373	0.8544138176642421	0.226075714084069	0.9328794479370116	0.8639582079419927	0.9344956874847412	0.2084111575716868	0.8147497614366946	0.8191910682244149	sub-20966	ses-3				space-ACPC			DSIStudio	autotrackgqi
Cerebellum_MiddleCerebellarPeduncle	directions	NODDI	/scratch/executivefunction/SLURM_13244013_116/job-13244013-116-sub-20966-ses-3/ds/inputs/data/qsiprep/qsiprep/sub-20966/ses-3/dwi/sub-20966_ses-3_space-ACPC_desc-preproc_dwi.nii.gz	1.0	-0.084858164191246	0.5710493326187134	-0.1319223642349243	-0.0848670899868011	-0.1320327520370483	0.5710787177085876	-0.2609670460224151		sub-20966	ses-3				space-ACPC			DSIStudio	autotrackgqi
Cerebellum_MiddleCerebellarPeduncle	icvf	NODDI	/scratch/executivefunction/SLURM_13244013_116/job-13244013-116-sub-20966-ses-3/ds/inputs/data/qsiprep/qsiprep/sub-20966/ses-3/dwi/sub-20966_ses-3_space-ACPC_desc-preproc_dwi.nii.gz	0.0078905839032088	0.6393820643424988	0.1621360629796981	0.6130195260047913	0.644467294216156	0.6151589155197144	0.1523808389902115	0.7413595914840698	0.742692232131958	sub-20966	ses-3				space-ACPC			DSIStudio	autotrackgqi
Cerebellum_MiddleCerebellarPeduncle	isovf	NODDI	/scratch/executivefunction/SLURM_13244013_116/job-13244013-116-sub-20966-ses-3/ds/inputs/data/qsiprep/qsiprep/sub-20966/ses-3/dwi/sub-20966_ses-3_space-ACPC_desc-preproc_dwi.nii.gz	0.3348763808521831	0.1340898722410202	0.2144161015748977	0.0655734539031982	0.201601430773735	0.1104327589273452	0.2356076538562774	0.1945755779743194	0.2329265475273132	sub-20966	ses-3				space-ACPC			DSIStudio	autotrackgqi
Cerebellum_MiddleCerebellarPeduncle	modulated_icvf	NODDI	/scratch/executivefunction/SLURM_13244013_116/job-13244013-116-sub-20966-ses-3/ds/inputs/data/qsiprep/qsiprep/sub-20966/ses-3/dwi/sub-20966_ses-3_space-ACPC_desc-preproc_dwi.nii.gz	0.0078905839032088	0.5380502343177795	0.1410440653562545	0.5510010123252869	0.5423295497894287	0.5519928932189941	0.133157268166542	0.5732128620147705	0.5742433071136475	sub-20966	ses-3				space-ACPC			DSIStudio	autotrackgqi
Cerebellum_MiddleCerebellarPeduncle	modulated_od	NODDI	/scratch/executivefunction/SLURM_13244013_116/job-13244013-116-sub-20966-ses-3/ds/inputs/data/qsiprep/qsiprep/sub-20966/ses-3/dwi/sub-20966_ses-3_space-ACPC_desc-preproc_dwi.nii.gz	0.0011572856391372	0.3028759658336639	0.1779650747776031	0.3027071058750152	0.303226888179779	0.3031504154205322	0.1777691096067428	0.2061895132064819	0.2062589228153228	sub-20966	ses-3				space-ACPC			DSIStudio	autotrackgqi
Cerebellum_MiddleCerebellarPeduncle	nrmse	NODDI	/scratch/executivefunction/SLURM_13244013_116/job-13244013-116-sub-20966-ses-3/ds/inputs/data/qsiprep/qsiprep/sub-20966/ses-3/dwi/sub-20966_ses-3_space-ACPC_desc-preproc_dwi.nii.gz	0.0001052077853761	0.0954289734363555	0.0489585921168327	0.0834012404084205	0.0954390093684196	0.0834013074636459	0.0489513799548149	0.1081397011876106	0.108140230178833	sub-20966	ses-3				space-ACPC			DSIStudio	autotrackgqi
Cerebellum_MiddleCerebellarPeduncle	od	NODDI	/scratch/executivefunction/SLURM_13244013_116/job-13244013-116-sub-20966-ses-3/ds/inputs/data/qsiprep/qsiprep/sub-20966/ses-3/dwi/sub-20966_ses-3_space-ACPC_desc-preproc_dwi.nii.gz	0.0001052077853761	0.3467266261577606	0.1795995533466339	0.3508898615837097	0.3467631340026855	0.3509320914745331	0.1795737743377685	0.2503692209720611	0.2503704726696014	sub-20966	ses-3				space-ACPC			DSIStudio	autotrackgqi
Cerebellum_MiddleCerebellarPeduncle	rmse	NODDI	/scratch/executivefunction/SLURM_13244013_116/job-13244013-116-sub-20966-ses-3/ds/inputs/data/qsiprep/qsiprep/sub-20966/ses-3/dwi/sub-20966_ses-3_space-ACPC_desc-preproc_dwi.nii.gz	0.0001052077853761	0.0391458235681057	0.0168962106108665	0.0359615348279476	0.0391499437391757	0.0359652675688266	0.0168923269957304	0.0446328930556774	0.044633112847805	sub-20966	ses-3				space-ACPC			DSIStudio	autotrackgqi
Cerebellum_MiddleCerebellarPeduncle	tf	NODDI	/scratch/executivefunction/SLURM_13244013_116/job-13244013-116-sub-20966-ses-3/ds/inputs/data/qsiprep/qsiprep/sub-20966/ses-3/dwi/sub-20966_ses-3_space-ACPC_desc-preproc_dwi.nii.gz	0.0078905839032088	0.8658049241358954	0.2145955563939307	0.934416651725769	0.8726909654201152	0.9354156255722046	0.2010177308036901	0.8054195698134305	0.806867364399648	sub-20966	ses-3				space-ACPC			DSIStudio	autotrackgqi
CranialNerve_CNVIIL	directions	NODDI	/scratch/executivefunction/SLURM_13244013_116/job-13244013-116-sub-20966-ses-3/ds/inputs/data/qsiprep/qsiprep/sub-20966/ses-3/dwi/sub-20966_ses-3_space-ACPC_desc-preproc_dwi.nii.gz	1.0	-0.0157909858971834	0.5766335725784302	-0.0549237914383411	-0.0158184021711349	-0.056992020457983	0.5771335363388062	-0.1136270314455032		sub-20966	ses-3				space-ACPC			DSIStudio	autotrackgqi
CranialNerve_CNVIIL	icvf	NODDI	/scratch/executivefunction/SLURM_13244013_116/job-13244013-116-sub-20966-ses-3/ds/inputs/data/qsiprep/qsiprep/sub-20966/ses-3/dwi/sub-20966_ses-3_space-ACPC_desc-preproc_dwi.nii.gz	0.0554592720970537	0.6603832244873047	0.23846235871315	0.6606409549713135	0.6991580128669739	0.6721041798591614	0.1819159388542175	0.7185620069503784	0.746494472026825	sub-20966	ses-3				space-ACPC			DSIStudio	autotrackgqi
CranialNerve_CNVIIL	isovf	NODDI	/scratch/executivefunction/SLURM_13244013_116/job-13244013-116-sub-20966-ses-3/ds/inputs/data/qsiprep/qsiprep/sub-20966/ses-3/dwi/sub-20966_ses-3_space-ACPC_desc-preproc_dwi.nii.gz	0.1247833622183708	0.3636500537395477	0.3159513175487518	0.2560487985610962	0.4154971837997436	0.344833105802536	0.3041634261608124	0.4035622775554657	0.4312141835689544	sub-20966	ses-3				space-ACPC			DSIStudio	autotrackgqi
CranialNerve_CNVIIL	modulated_icvf	NODDI	/scratch/executivefunction/SLURM_13244013_116/job-13244013-116-sub-20966-ses-3/ds/inputs/data/qsiprep/qsiprep/sub-20966/ses-3/dwi/sub-20966_ses-3_space-ACPC_desc-preproc_dwi.nii.gz	0.0554592720970537	0.4085756838321686	0.1909438818693161	0.4179717600345611	0.4325654506683349	0.4326102137565613	0.1679975092411041	0.4123627543449402	0.4283924400806427	sub-20966	ses-3				space-ACPC			DSIStudio	autotrackgqi
CranialNerve_CNVIIL	modulated_od	NODDI	/scratch/executivefunction/SLURM_13244013_116/job-13244013-116-sub-20966-ses-3/ds/inputs/data/qsiprep/qsiprep/sub-20966/ses-3/dwi/sub-20966_ses-3_space-ACPC_desc-preproc_dwi.nii.gz	0.0017331022530329	0.2298268228769302	0.1678587347269058	0.2089436650276184	0.2302258312702179	0.2102136462926864	0.1677307784557342	0.1840508878231048	0.1841789633035659	sub-20966	ses-3				space-ACPC			DSIStudio	autotrackgqi
CranialNerve_CNVIIL	nrmse	NODDI	/scratch/executivefunction/SLURM_13244013_116/job-13244013-116-sub-20966-ses-3/ds/inputs/data/qsiprep/qsiprep/sub-20966/ses-3/dwi/sub-20966_ses-3_space-ACPC_desc-preproc_dwi.nii.gz	0.0017331022530329	0.1195646449923515	0.0696379467844963	0.094934694468975	0.1197722256183624	0.0949559211730957	0.0695197880268096	0.126701608300209	0.126789778470993	sub-20966	ses-3				space-ACPC			DSIStudio	autotrackgqi
CranialNerve_CNVIIL	od	NODDI	/scratch/executivefunction/SLURM_13244013_116/job-13244013-116-sub-20966-ses-3/ds/inputs/data/qsiprep/qsiprep/sub-20966/ses-3/dwi/sub-20966_ses-3_space-ACPC_desc-preproc_dwi.nii.gz	0.0017331022530329	0.3913940489292145	0.2224827706813812	0.3899999856948852	0.3920735418796539	0.3899999856948852	0.2220767885446548	0.3374362289905548	0.3376710414886474	sub-20966	ses-3				space-ACPC			DSIStudio	autotrackgqi
CranialNerve_CNVIIL	rmse	NODDI	/scratch/executivefunction/SLURM_13244013_116/job-13244013-116-sub-20966-ses-3/ds/inputs/data/qsiprep/qsiprep/sub-20966/ses-3/dwi/sub-20966_ses-3_space-ACPC_desc-preproc_dwi.nii.gz	0.0017331022530329	0.042810995131731	0.0211433041840791	0.0365502908825874	0.0428853183984756	0.036561943590641	0.0210862029343843	0.0461125746369361	0.0461446642875671	sub-20966	ses-3				space-ACPC			DSIStudio	autotrackgqi
CranialNerve_CNVIIL	tf	NODDI	/scratch/executivefunction/SLURM_13244013_116/job-13244013-116-sub-20966-ses-3/ds/inputs/data/qsiprep/qsiprep/sub-20966/ses-3/dwi/sub-20966_ses-3_space-ACPC_desc-preproc_dwi.nii.gz	0.0554592720970537	0.6346168491208161	0.3166936059818149	0.7372440099716187	0.6718787558581851	0.7937565445899963	0.2848652802180421	0.5957422397318959	0.6189003985564956	sub-20966	ses-3				space-ACPC			DSIStudio	autotrackgqi
CranialNerve_CNVR	directions	NODDI	/scratch/executivefunction/SLURM_13244013_116/job-13244013-116-sub-20966-ses-3/ds/inputs/data/qsiprep/qsiprep/sub-20966/ses-3/dwi/sub-20966_ses-3_space-ACPC_desc-preproc_dwi.nii.gz	0.0	-0.0545929856598377	0.5747634172439575	-0.0756857693195343	-0.0545929856598377	-0.0756857693195343	0.5747634172439575	-0.1358175575733184		sub-20966	ses-3				space-ACPC			DSIStudio	autotrackgqi
CranialNerve_CNVR	icvf	NODDI	/scratch/executivefunction/SLURM_13244013_116/job-13244013-116-sub-20966-ses-3/ds/inputs/data/qsiprep/qsiprep/sub-20966/ses-3/dwi/sub-20966_ses-3_space-ACPC_desc-preproc_dwi.nii.gz	0.035444947209653	0.6456647515296936	0.2135721147060394	0.6096037030220032	0.6693913340568542	0.6207171678543091	0.1772198230028152	0.7046296000480652	0.7165560722351074	sub-20966	ses-3				space-ACPC			DSIStudio	autotrackgqi
CranialNerve_CNVR	isovf	NODDI	/scratch/executivefunction/SLURM_13244013_116/job-13244013-116-sub-20966-ses-3/ds/inputs/data/qsiprep/qsiprep/sub-20966/ses-3/dwi/sub-20966_ses-3_space-ACPC_desc-preproc_dwi.nii.gz	0.284313725490196	0.2452269196510315	0.3016874194145202	0.1085495203733444	0.3426458239555359	0.2020850330591201	0.3062545955181122	0.283522367477417	0.3306907713413238	sub-20966	ses-3				space-ACPC			DSIStudio	autotrackgqi
CranialNerve_CNVR	modulated_icvf	NODDI	/scratch/executivefunction/SLURM_13244013_116/job-13244013-116-sub-20966-ses-3/ds/inputs/data/qsiprep/qsiprep/sub-20966/ses-3/dwi/sub-20966_ses-3_space-ACPC_desc-preproc_dwi.nii.gz	0.035444947209653	0.4697222709655761	0.1786324232816696	0.5045454502105713	0.4869833886623382	0.5045454502105713	0.1570868194103241	0.4797781109809875	0.4878987371921539	sub-20966	ses-3				space-ACPC			DSIStudio	autotrackgqi
CranialNerve_CNVR	modulated_od	NODDI	/scratch/executivefunction/SLURM_13244013_116/job-13244013-116-sub-20966-ses-3/ds/inputs/data/qsiprep/qsiprep/sub-20966/ses-3/dwi/sub-20966_ses-3_space-ACPC_desc-preproc_dwi.nii.gz	0.0030165912518853	0.2409626096487045	0.1869148910045623	0.2037014067173004	0.2416916936635971	0.2045785039663314	0.1867261976003646	0.1815727651119232	0.1817888915538787	sub-20966	ses-3				space-ACPC			DSIStudio	autotrackgqi
CranialNerve_CNVR	nrmse	NODDI	/scratch/executivefunction/SLURM_13244013_116/job-13244013-116-sub-20966-ses-3/ds/inputs/data/qsiprep/qsiprep/sub-20966/ses-3/dwi/sub-20966_ses-3_space-ACPC_desc-preproc_dwi.nii.gz	0.0015082956259426	0.1090405955910682	0.0557156391441822	0.0930168405175209	0.109205313026905	0.0930340662598609	0.0555961653590202	0.1200068295001983	0.1200433373451232	sub-20966	ses-3				space-ACPC			DSIStudio	autotrackgqi
CranialNerve_CNVR	od	NODDI	/scratch/executivefunction/SLURM_13244013_116/job-13244013-116-sub-20966-ses-3/ds/inputs/data/qsiprep/qsiprep/sub-20966/ses-3/dwi/sub-20966_ses-3_space-ACPC_desc-preproc_dwi.nii.gz	0.0	0.3255350589752197	0.2158523350954055	0.2999290227890014	0.3255350589752197	0.2999290227890014	0.2158523350954055	0.2475890070199966	0.2475890070199966	sub-20966	ses-3				space-ACPC			DSIStudio	autotrackgqi
CranialNerve_CNVR	rmse	NODDI	/scratch/executivefunction/SLURM_13244013_116/job-13244013-116-sub-20966-ses-3/ds/inputs/data/qsiprep/qsiprep/sub-20966/ses-3/dwi/sub-20966_ses-3_space-ACPC_desc-preproc_dwi.nii.gz	0.0015082956259426	0.0417524874210357	0.0171005614101886	0.0384471789002418	0.0418155565857887	0.0384584441781044	0.0170362442731857	0.0459216386079788	0.045935608446598	sub-20966	ses-3				space-ACPC			DSIStudio	autotrackgqi
CranialNerve_CNVR	tf	NODDI	/scratch/executivefunction/SLURM_13244013_116/job-13244013-116-sub-20966-ses-3/ds/inputs/data/qsiprep/qsiprep/sub-20966/ses-3/dwi/sub-20966_ses-3_space-ACPC_desc-preproc_dwi.nii.gz	0.0339366515837104	0.754773080573722	0.3016874032839314	0.8914504647254944	0.7812873574088646	0.8979365229606628	0.2711038148466306	0.7164776338533327	0.7283793178908867	sub-20966	ses-3				space-ACPC			DSIStudio	autotrackgqi
CranialNerve_CNIIR	directions	NODDI	/scratch/executivefunction/SLURM_13244013_116/job-13244013-116-sub-20966-ses-3/ds/inputs/data/qsiprep/qsiprep/sub-20966/ses-3/dwi/sub-20966_ses-3_space-ACPC_desc-preproc_dwi.nii.gz	0.0	-0.0628044456243515	0.5739241242408752	-0.1056415438652038	-0.0628044456243515	-0.1056415438652038	0.5739241242408752	-0.3469938039779663		sub-20966	ses-3				space-ACPC			DSIStudio	autotrackgqi
CranialNerve_CNIIR	icvf	NODDI	/scratch/executivefunction/SLURM_13244013_116/job-13244013-116-sub-20966-ses-3/ds/inputs/data/qsiprep/qsiprep/sub-20966/ses-3/dwi/sub-20966_ses-3_space-ACPC_desc-preproc_dwi.nii.gz	0.0649350649350649	0.4950642585754394	0.2455062568187713	0.4371845722198486	0.5294436812400818	0.45634526014328	0.215074360370636	0.5459226965904236	0.5611725449562073	sub-20966	ses-3				space-ACPC			DSIStudio	autotrackgqi
CranialNerve_CNIIR	isovf	NODDI	/scratch/executivefunction/SLURM_13244013_116/job-13244013-116-sub-20966-ses-3/ds/inputs/data/qsiprep/qsiprep/sub-20966/ses-3/dwi/sub-20966_ses-3_space-ACPC_desc-preproc_dwi.nii.gz	0.4072356215213358	0.247541606426239	0.3328359127044678	0.0691680386662483	0.4176054000854492	0.2919992506504059	0.340392529964447	0.2207068502902984	0.3573945164680481	sub-20966	ses-3				space-ACPC			DSIStudio	autotrackgqi
CranialNerve_CNIIR	modulated_icvf	NODDI	/scratch/executivefunction/SLURM_13244013_116/job-13244013-116-sub-20966-ses-3/ds/inputs/data/qsiprep/qsiprep/sub-20966/ses-3/dwi/sub-20966_ses-3_space-ACPC_desc-preproc_dwi.nii.gz	0.0649350649350649	0.3572739660739898	0.1669871062040329	0.3427272737026214	0.3820846378803253	0.3513268828392029	0.142623096704483	0.4001059532165527	0.4112825393676758	sub-20966	ses-3				space-ACPC			DSIStudio	autotrackgqi
CranialNerve_CNIIR	modulated_od	NODDI	/scratch/executivefunction/SLURM_13244013_116/job-13244013-116-sub-20966-ses-3/ds/inputs/data/qsiprep/qsiprep/sub-20966/ses-3/dwi/sub-20966_ses-3_space-ACPC_desc-preproc_dwi.nii.gz	0.0037105751391465	0.2045290619134903	0.1598812490701675	0.1777651607990265	0.2052908092737198	0.178104892373085	0.1596898138523101	0.1623955816030502	0.1625829637050628	sub-20966	ses-3				space-ACPC			DSIStudio	autotrackgqi
CranialNerve_CNIIR	nrmse	NODDI	/scratch/executivefunction/SLURM_13244013_116/job-13244013-116-sub-20966-ses-3/ds/inputs/data/qsiprep/qsiprep/sub-20966/ses-3/dwi/sub-20966_ses-3_space-ACPC_desc-preproc_dwi.nii.gz	0.0	0.1100447997450828	0.0390723124146461	0.0990998074412345	0.1100447997450828	0.0990998074412345	0.0390723124146461	0.1125148236751556	0.1125148236751556	sub-20966	ses-3				space-ACPC			DSIStudio	autotrackgqi
CranialNerve_CNIIR	od	NODDI	/scratch/executivefunction/SLURM_13244013_116/job-13244013-116-sub-20966-ses-3/ds/inputs/data/qsiprep/qsiprep/sub-20966/ses-3/dwi/sub-20966_ses-3_space-ACPC_desc-preproc_dwi.nii.gz	0.0	0.3213322162628174	0.2342140227556228	0.2673990130424499	0.3213322162628174	0.2673990130424499	0.2342140227556228	0.2343499213457107	0.2343499213457107	sub-20966	ses-3				space-ACPC			DSIStudio	autotrackgqi
CranialNerve_CNIIR	rmse	NODDI	/scratch/executivefunction/SLURM_13244013_116/job-13244013-116-sub-20966-ses-3/ds/inputs/data/qsiprep/qsiprep/sub-20966/ses-3/dwi/sub-20966_ses-3_space-ACPC_desc-preproc_dwi.nii.gz	0.0	0.0399566702544689	0.0129497470334172	0.0371453762054443	0.0399566702544689	0.0371453762054443	0.0129497470334172	0.042688351124525	0.042688351124525	sub-20966	ses-3				space-ACPC			DSIStudio	autotrackgqi
CranialNerve_CNIIR	tf	NODDI	/scratch/executivefunction/SLURM_13244013_116/job-13244013-116-sub-20966-ses-3/ds/inputs/data/qsiprep/qsiprep/sub-20966/ses-3/dwi/sub-20966_ses-3_space-ACPC_desc-preproc_dwi.nii.gz	0.0649350649350649	0.7524583766544463	0.3328359142516773	0.9308319687843324	0.8047124305887828	0.952742040157318	0.2764476387491926	0.7792931442759351	0.8010620096968933	sub-20966	ses-3				space-ACPC			DSIStudio	autotrackgqi
CranialNerve_CNIIIR	directions	NODDI	/scratch/executivefunction/SLURM_13244013_116/job-13244013-116-sub-20966-ses-3/ds/inputs/data/qsiprep/qsiprep/sub-20966/ses-3/dwi/sub-20966_ses-3_space-ACPC_desc-preproc_dwi.nii.gz	0.0	-0.0325043201446533	0.5764345526695251	-0.0340858846902847	-0.0325043201446533	-0.0340858846902847	0.5764345526695251	-0.0921819135546684		sub-20966	ses-3				space-ACPC			DSIStudio	autotrackgqi
CranialNerve_CNIIIR	icvf	NODDI	/scratch/executivefunction/SLURM_13244013_116/job-13244013-116-sub-20966-ses-3/ds/inputs/data/qsiprep/qsiprep/sub-20966/ses-3/dwi/sub-20966_ses-3_space-ACPC_desc-preproc_dwi.nii.gz	0.0950617283950617	0.5513277649879456	0.2682124078273773	0.5389076471328735	0.6092435121536255	0.5665125250816345	0.2102617919445037	0.5290870070457458	0.5648822784423828	sub-20966	ses-3				space-ACPC			DSIStudio	autotrackgqi
CranialNerve_CNIIIR	isovf	NODDI	/scratch/executivefunction/SLURM_13244013_116/job-13244013-116-sub-20966-ses-3/ds/inputs/data/qsiprep/qsiprep/sub-20966/ses-3/dwi/sub-20966_ses-3_space-ACPC_desc-preproc_dwi.nii.gz	0.2790123456790123	0.317856103181839	0.3682407140731811	0.1244960576295852	0.4408620595932007	0.2840504050254822	0.3658529222011566	0.2861286997795105	0.4421259760856628	sub-20966	ses-3				space-ACPC			DSIStudio	autotrackgqi
CranialNerve_CNIIIR	modulated_icvf	NODDI	/scratch/executivefunction/SLURM_13244013_116/job-13244013-116-sub-20966-ses-3/ds/inputs/data/qsiprep/qsiprep/sub-20966/ses-3/dwi/sub-20966_ses-3_space-ACPC_desc-preproc_dwi.nii.gz	0.0950617283950617	0.3708022236824035	0.1968359351158142	0.4152224659919739	0.4097541570663452	0.4305554926395416	0.1638709306716919	0.3566457033157348	0.3807744979858398	sub-20966	ses-3				space-ACPC			DSIStudio	autotrackgqi
CranialNerve_CNIIIR	modulated_od	NODDI	/scratch/executivefunction/SLURM_13244013_116/job-13244013-116-sub-20966-ses-3/ds/inputs/data/qsiprep/qsiprep/sub-20966/ses-3/dwi/sub-20966_ses-3_space-ACPC_desc-preproc_dwi.nii.gz	0.0061728395061728	0.1821929961442947	0.1401719599962234	0.1716994047164917	0.1833246201276779	0.1728004664182663	0.1398669481277465	0.1979552209377288	0.1988282948732376	sub-20966	ses-3				space-ACPC			DSIStudio	autotrackgqi
CranialNerve_CNIIIR	nrmse	NODDI	/scratch/executivefunction/SLURM_13244013_116/job-13244013-116-sub-20966-ses-3/ds/inputs/data/qsiprep/qsiprep/sub-20966/ses-3/dwi/sub-20966_ses-3_space-ACPC_desc-preproc_dwi.nii.gz	0.0	0.1215481981635093	0.0442473925650119	0.1116763949394226	0.1215481981635093	0.1116763949394226	0.0442473925650119	0.1146874576807022	0.1146874651312828	sub-20966	ses-3				space-ACPC			DSIStudio	autotrackgqi
CranialNerve_CNIIIR	od	NODDI	/scratch/executivefunction/SLURM_13244013_116/job-13244013-116-sub-20966-ses-3/ds/inputs/data/qsiprep/qsiprep/sub-20966/ses-3/dwi/sub-20966_ses-3_space-ACPC_desc-preproc_dwi.nii.gz	0.0	0.3401774764060974	0.2514676451683044	0.2640377283096313	0.3401774764060974	0.2640377283096313	0.2514676451683044	0.3216637969017029	0.3216638267040252	sub-20966	ses-3				space-ACPC			DSIStudio	autotrackgqi
CranialNerve_CNIIIR	rmse	NODDI	/scratch/executivefunction/SLURM_13244013_116/job-13244013-116-sub-20966-ses-3/ds/inputs/data/qsiprep/qsiprep/sub-20966/ses-3/dwi/sub-20966_ses-3_space-ACPC_desc-preproc_dwi.nii.gz	0.0	0.0438265688717365	0.0142622496932744	0.0422012768685817	0.0438265688717365	0.0422012768685817	0.0142622496932744	0.0414032191038131	0.0414032191038131	sub-20966	ses-3				space-ACPC			DSIStudio	autotrackgqi
CranialNerve_CNIIIR	tf	NODDI	/scratch/executivefunction/SLURM_13244013_116/job-13244013-116-sub-20966-ses-3/ds/inputs/data/qsiprep/qsiprep/sub-20966/ses-3/dwi/sub-20966_ses-3_space-ACPC_desc-preproc_dwi.nii.gz	0.0950617283950617	0.6821439231619423	0.3682406959296599	0.8755039274692535	0.7538016067683128	0.9059782028198242	0.3095644278378746	0.7138712948613866	0.7621681557898965	sub-20966	ses-3				space-ACPC			DSIStudio	autotrackgqi
CranialNerve_CNVIIR	directions	NODDI	/scratch/executivefunction/SLURM_13244013_116/job-13244013-116-sub-20966-ses-3/ds/inputs/data/qsiprep/qsiprep/sub-20966/ses-3/dwi/sub-20966_ses-3_space-ACPC_desc-preproc_dwi.nii.gz	0.0	-0.0856927931308746	0.5709553956985474	-0.1359598636627197	-0.0856927931308746	-0.1359598636627197	0.5709553956985474	-0.2786501049995422		sub-20966	ses-3				space-ACPC			DSIStudio	autotrackgqi
CranialNerve_CNVIIR	icvf	NODDI	/scratch/executivefunction/SLURM_13244013_116/job-13244013-116-sub-20966-ses-3/ds/inputs/data/qsiprep/qsiprep/sub-20966/ses-3/dwi/sub-20966_ses-3_space-ACPC_desc-preproc_dwi.nii.gz	0.037243947858473	0.641981840133667	0.2118707150220871	0.6228533983230591	0.6668167114257812	0.6321388483047485	0.1733937859535217	0.6734145879745483	0.7102852463722229	sub-20966	ses-3				space-ACPC			DSIStudio	autotrackgqi
CranialNerve_CNVIIR	isovf	NODDI	/scratch/executivefunction/SLURM_13244013_116/job-13244013-116-sub-20966-ses-3/ds/inputs/data/qsiprep/qsiprep/sub-20966/ses-3/dwi/sub-20966_ses-3_space-ACPC_desc-preproc_dwi.nii.gz	0.1973929236499069	0.3157129883766174	0.3123774826526642	0.1981641352176666	0.3933593332767486	0.303874522447586	0.3017208874225616	0.430475503206253	0.4779775440692901	sub-20966	ses-3				space-ACPC			DSIStudio	autotrackgqi
CranialNerve_CNVIIR	modulated_icvf	NODDI	/scratch/executivefunction/SLURM_13244013_116/job-13244013-116-sub-20966-ses-3/ds/inputs/data/qsiprep/qsiprep/sub-20966/ses-3/dwi/sub-20966_ses-3_space-ACPC_desc-preproc_dwi.nii.gz	0.037243947858473	0.4220289289951324	0.1772001534700393	0.4446077346801758	0.4383549988269806	0.4587225914001465	0.1595555543899536	0.3675514161586761	0.3876754939556122	sub-20966	ses-3				space-ACPC			DSIStudio	autotrackgqi
CranialNerve_CNVIIR	modulated_od	NODDI	/scratch/executivefunction/SLURM_13244013_116/job-13244013-116-sub-20966-ses-3/ds/inputs/data/qsiprep/qsiprep/sub-20966/ses-3/dwi/sub-20966_ses-3_space-ACPC_desc-preproc_dwi.nii.gz	0.0055865921787709	0.2367533445358276	0.1716761738061905	0.2008561640977859	0.2380834072828292	0.2036248445510864	0.1712355464696884	0.1716403514146804	0.1748859584331512	sub-20966	ses-3				space-ACPC			DSIStudio	autotrackgqi
CranialNerve_CNVIIR	nrmse	NODDI	/scratch/executivefunction/SLURM_13244013_116/job-13244013-116-sub-20966-ses-3/ds/inputs/data/qsiprep/qsiprep/sub-20966/ses-3/dwi/sub-20966_ses-3_space-ACPC_desc-preproc_dwi.nii.gz	0.0	0.1012399345636367	0.0492758341133594	0.0833539962768554	0.1012399345636367	0.0833539962768554	0.0492758341133594	0.1064634695649147	0.1064634695649147	sub-20966	ses-3				space-ACPC			DSIStudio	autotrackgqi
CranialNerve_CNVIIR	od	NODDI	/scratch/executivefunction/SLURM_13244013_116/job-13244013-116-sub-20966-ses-3/ds/inputs/data/qsiprep/qsiprep/sub-20966/ses-3/dwi/sub-20966_ses-3_space-ACPC_desc-preproc_dwi.nii.gz	0.0	0.3580559492111206	0.1994289755821228	0.3431751728057861	0.3580559492111206	0.3431751728057861	0.1994289755821228	0.3296363055706024	0.3296363055706024	sub-20966	ses-3				space-ACPC			DSIStudio	autotrackgqi
CranialNerve_CNVIIR	rmse	NODDI	/scratch/executivefunction/SLURM_13244013_116/job-13244013-116-sub-20966-ses-3/ds/inputs/data/qsiprep/qsiprep/sub-20966/ses-3/dwi/sub-20966_ses-3_space-ACPC_desc-preproc_dwi.nii.gz	0.0	0.0372253097593784	0.0159199498593807	0.0324977412819862	0.0372253097593784	0.0324977412819862	0.0159199498593807	0.0372611097991466	0.0372611097991466	sub-20966	ses-3				space-ACPC			DSIStudio	autotrackgqi
CranialNerve_CNVIIR	tf	NODDI	/scratch/executivefunction/SLURM_13244013_116/job-13244013-116-sub-20966-ses-3/ds/inputs/data/qsiprep/qsiprep/sub-20966/ses-3/dwi/sub-20966_ses-3_space-ACPC_desc-preproc_dwi.nii.gz	0.037243947858473	0.684287012067365	0.3123774652856225	0.8018358945846558	0.7107584632111702	0.8162933588027954	0.2872972597662145	0.5695245024804002	0.6007069746631092	sub-20966	ses-3				space-ACPC			DSIStudio	autotrackgqi
CranialNerve_CNVIIIR	directions	NODDI	/scratch/executivefunction/SLURM_13244013_116/job-13244013-116-sub-20966-ses-3/ds/inputs/data/qsiprep/qsiprep/sub-20966/ses-3/dwi/sub-20966_ses-3_space-ACPC_desc-preproc_dwi.nii.gz	0.0	0.0620161071419715	0.5740098357200623	0.0579302459955215	0.0620161071419715	0.0579302459955215	0.5740098357200623	0.1256582289934158		sub-20966	ses-3				space-ACPC			DSIStudio	autotrackgqi
CranialNerve_CNVIIIR	icvf	NODDI	/scratch/executivefunction/SLURM_13244013_116/job-13244013-116-sub-20966-ses-3/ds/inputs/data/qsiprep/qsiprep/sub-20966/ses-3/dwi/sub-20966_ses-3_space-ACPC_desc-preproc_dwi.nii.gz	0.0286177105831533	0.6012788414955139	0.1826130002737045	0.5679048299789429	0.6189929842948914	0.5734596252441406	0.152856171131134	0.676798403263092	0.7049232125282288	sub-20966	ses-3				space-ACPC			DSIStudio	autotrackgqi
CranialNerve_CNVIIIR	isovf	NODDI	/scratch/executivefunction/SLURM_13244013_116/job-13244013-116-sub-20966-ses-3/ds/inputs/data/qsiprep/qsiprep/sub-20966/ses-3/dwi/sub-20966_ses-3_space-ACPC_desc-preproc_dwi.nii.gz	0.3428725701943844	0.18030746281147	0.2658499479293823	0.0750790983438491	0.2743873596191406	0.1393063515424728	0.285900205373764	0.2795689702033996	0.3287859857082367	sub-20966	ses-3				space-ACPC			DSIStudio	autotrackgqi
CranialNerve_CNVIIIR	modulated_icvf	NODDI	/scratch/executivefunction/SLURM_13244013_116/job-13244013-116-sub-20966-ses-3/ds/inputs/data/qsiprep/qsiprep/sub-20966/ses-3/dwi/sub-20966_ses-3_space-ACPC_desc-preproc_dwi.nii.gz	0.0286177105831533	0.4857771694660187	0.1627147644758224	0.5093719959259033	0.5000885725021362	0.5153738856315613	0.1417714208364486	0.4789786040782928	0.4988828599452972	sub-20966	ses-3				space-ACPC			DSIStudio	autotrackgqi
CranialNerve_CNVIIIR	modulated_od	NODDI	/scratch/executivefunction/SLURM_13244013_116/job-13244013-116-sub-20966-ses-3/ds/inputs/data/qsiprep/qsiprep/sub-20966/ses-3/dwi/sub-20966_ses-3_space-ACPC_desc-preproc_dwi.nii.gz	0.0026997840172786	0.2892250418663025	0.1716136932373047	0.3032814264297485	0.290008008480072	0.3043676316738128	0.1711838990449905	0.1863118410110473	0.1883799582719802	sub-20966	ses-3				space-ACPC			DSIStudio	autotrackgqi
CranialNerve_CNVIIIR	nrmse	NODDI	/scratch/executivefunction/SLURM_13244013_116/job-13244013-116-sub-20966-ses-3/ds/inputs/data/qsiprep/qsiprep/sub-20966/ses-3/dwi/sub-20966_ses-3_space-ACPC_desc-preproc_dwi.nii.gz	0.0	0.0942909270524978	0.0494416765868663	0.0810024887323379	0.0942909270524978	0.0810024887323379	0.0494416765868663	0.1112780198454856	0.1112780198454856	sub-20966	ses-3				space-ACPC			DSIStudio	autotrackgqi
CranialNerve_CNVIIIR	od	NODDI	/scratch/executivefunction/SLURM_13244013_116/job-13244013-116-sub-20966-ses-3/ds/inputs/data/qsiprep/qsiprep/sub-20966/ses-3/dwi/sub-20966_ses-3_space-ACPC_desc-preproc_dwi.nii.gz	0.0	0.3640101552009582	0.1933128982782364	0.3636719584465027	0.3640101552009582	0.3636719584465027	0.1933128982782364	0.281588613986969	0.281588613986969	sub-20966	ses-3				space-ACPC			DSIStudio	autotrackgqi
CranialNerve_CNVIIIR	rmse	NODDI	/scratch/executivefunction/SLURM_13244013_116/job-13244013-116-sub-20966-ses-3/ds/inputs/data/qsiprep/qsiprep/sub-20966/ses-3/dwi/sub-20966_ses-3_space-ACPC_desc-preproc_dwi.nii.gz	0.0	0.0371476858854293	0.0164655428379774	0.0323367193341255	0.0371476858854293	0.0323367193341255	0.0164655428379774	0.0426718294620513	0.0426718294620513	sub-20966	ses-3				space-ACPC			DSIStudio	autotrackgqi
CranialNerve_CNVIIIR	tf	NODDI	/scratch/executivefunction/SLURM_13244013_116/job-13244013-116-sub-20966-ses-3/ds/inputs/data/qsiprep/qsiprep/sub-20966/ses-3/dwi/sub-20966_ses-3_space-ACPC_desc-preproc_dwi.nii.gz	0.0286177105831533	0.8196925428850862	0.2658499524444904	0.924920916557312	0.843841350429783	0.9293689131736756	0.2288681126173163	0.7204310610274935	0.7503689989971006	sub-20966	ses-3				space-ACPC			DSIStudio	autotrackgqi
CranialNerve_CNIIIL	directions	NODDI	/scratch/executivefunction/SLURM_13244013_116/job-13244013-116-sub-20966-ses-3/ds/inputs/data/qsiprep/qsiprep/sub-20966/ses-3/dwi/sub-20966_ses-3_space-ACPC_desc-preproc_dwi.nii.gz	0.0	-0.0089747942984104	0.5772805213928223	-0.0010781307937577	-0.0089747942984104	-0.0010781307937577	0.5772805213928223	0.0031255483627319		sub-20966	ses-3				space-ACPC			DSIStudio	autotrackgqi
CranialNerve_CNIIIL	icvf	NODDI	/scratch/executivefunction/SLURM_13244013_116/job-13244013-116-sub-20966-ses-3/ds/inputs/data/qsiprep/qsiprep/sub-20966/ses-3/dwi/sub-20966_ses-3_space-ACPC_desc-preproc_dwi.nii.gz	0.0518518518518518	0.5746411085128784	0.2292830944061279	0.5691737532615662	0.6060668230056763	0.5823907852172852	0.1907868683338165	0.5480027794837952	0.5671277046203613	sub-20966	ses-3				space-ACPC			DSIStudio	autotrackgqi
CranialNerve_CNIIIL	isovf	NODDI	/scratch/executivefunction/SLURM_13244013_116/job-13244013-116-sub-20966-ses-3/ds/inputs/data/qsiprep/qsiprep/sub-20966/ses-3/dwi/sub-20966_ses-3_space-ACPC_desc-preproc_dwi.nii.gz	0.317037037037037	0.2285619378089904	0.319842517375946	0.0823618471622467	0.3346622884273529	0.1430867910385131	0.3380526304244995	0.1835237294435501	0.3089798390865326	sub-20966	ses-3				space-ACPC			DSIStudio	autotrackgqi
CranialNerve_CNIIIL	modulated_icvf	NODDI	/scratch/executivefunction/SLURM_13244013_116/job-13244013-116-sub-20966-ses-3/ds/inputs/data/qsiprep/qsiprep/sub-20966/ses-3/dwi/sub-20966_ses-3_space-ACPC_desc-preproc_dwi.nii.gz	0.0518518518518518	0.4314638376235962	0.1813988387584686	0.4758248329162597	0.4550595283508301	0.4827222824096679	0.1548148095607757	0.4317948818206787	0.4468643069267273	sub-20966	ses-3				space-ACPC			DSIStudio	autotrackgqi
CranialNerve_CNIIIL	modulated_od	NODDI	/scratch/executivefunction/SLURM_13244013_116/job-13244013-116-sub-20966-ses-3/ds/inputs/data/qsiprep/qsiprep/sub-20966/ses-3/dwi/sub-20966_ses-3_space-ACPC_desc-preproc_dwi.nii.gz	0.0	0.2033685594797134	0.1426080018281936	0.2076537460088729	0.2033685594797134	0.2076537460088729	0.1426080018281936	0.2287303209304809	0.2287303507328033	sub-20966	ses-3				space-ACPC			DSIStudio	autotrackgqi
CranialNerve_CNIIIL	nrmse	NODDI	/scratch/executivefunction/SLURM_13244013_116/job-13244013-116-sub-20966-ses-3/ds/inputs/data/qsiprep/qsiprep/sub-20966/ses-3/dwi/sub-20966_ses-3_space-ACPC_desc-preproc_dwi.nii.gz	0.0	0.1183627396821975	0.0372101515531539	0.1108857542276382	0.1183627396821975	0.1108857542276382	0.0372101515531539	0.1125506833195686	0.1125506907701492	sub-20966	ses-3				space-ACPC			DSIStudio	autotrackgqi
CranialNerve_CNIIIL	od	NODDI	/scratch/executivefunction/SLURM_13244013_116/job-13244013-116-sub-20966-ses-3/ds/inputs/data/qsiprep/qsiprep/sub-20966/ses-3/dwi/sub-20966_ses-3_space-ACPC_desc-preproc_dwi.nii.gz	0.0	0.2989979684352875	0.213023766875267	0.2490449696779251	0.2989979684352875	0.2490449696779251	0.213023766875267	0.3014077544212341	0.3014077544212341	sub-20966	ses-3				space-ACPC			DSIStudio	autotrackgqi
CranialNerve_CNIIIL	rmse	NODDI	/scratch/executivefunction/SLURM_13244013_116/job-13244013-116-sub-20966-ses-3/ds/inputs/data/qsiprep/qsiprep/sub-20966/ses-3/dwi/sub-20966_ses-3_space-ACPC_desc-preproc_dwi.nii.gz	0.0	0.0454499721527099	0.0142294401302933	0.0436683446168899	0.0454499721527099	0.0436683446168899	0.0142294401302933	0.0435145497322082	0.0435145534574985	sub-20966	ses-3				space-ACPC			DSIStudio	autotrackgqi
CranialNerve_CNIIIL	tf	NODDI	/scratch/executivefunction/SLURM_13244013_116/job-13244013-116-sub-20966-ses-3/ds/inputs/data/qsiprep/qsiprep/sub-20966/ses-3/dwi/sub-20966_ses-3_space-ACPC_desc-preproc_dwi.nii.gz	0.0518518518518518	0.7714380583939728	0.3198425106767321	0.9176381826400756	0.8136260772123933	0.927876889705658	0.2712350431074403	0.8164762736643423	0.8449708166160073	sub-20966	ses-3				space-ACPC			DSIStudio	autotrackgqi
CranialNerve_CNVIIIL	directions	NODDI	/scratch/executivefunction/SLURM_13244013_116/job-13244013-116-sub-20966-ses-3/ds/inputs/data/qsiprep/qsiprep/sub-20966/ses-3/dwi/sub-20966_ses-3_space-ACPC_desc-preproc_dwi.nii.gz	3.0	-0.1271312981843948	0.5622060894966125	-0.2734752595424652	-0.127550408244133	-0.2758174538612366	0.5630845427513123	-0.416729986667633		sub-20966	ses-3				space-ACPC			DSIStudio	autotrackgqi
CranialNerve_CNVIIIL	icvf	NODDI	/scratch/executivefunction/SLURM_13244013_116/job-13244013-116-sub-20966-ses-3/ds/inputs/data/qsiprep/qsiprep/sub-20966/ses-3/dwi/sub-20966_ses-3_space-ACPC_desc-preproc_dwi.nii.gz	0.0197152245345016	0.6161890029907227	0.1757321953773498	0.6020990014076233	0.6285816431045532	0.6091787219047546	0.153990626335144	0.6435790061950684	0.6513321399688721	sub-20966	ses-3				space-ACPC			DSIStudio	autotrackgqi
CranialNerve_CNVIIIL	isovf	NODDI	/scratch/executivefunction/SLURM_13244013_116/job-13244013-116-sub-20966-ses-3/ds/inputs/data/qsiprep/qsiprep/sub-20966/ses-3/dwi/sub-20966_ses-3_space-ACPC_desc-preproc_dwi.nii.gz	0.2628696604600219	0.1787429600954055	0.2382321804761886	0.0935792252421379	0.2424848824739456	0.1381824016571045	0.2480675131082534	0.1997625529766082	0.2442603111267089	sub-20966	ses-3				space-ACPC			DSIStudio	autotrackgqi
CranialNerve_CNVIIIL	modulated_icvf	NODDI	/scratch/executivefunction/SLURM_13244013_116/job-13244013-116-sub-20966-ses-3/ds/inputs/data/qsiprep/qsiprep/sub-20966/ses-3/dwi/sub-20966_ses-3_space-ACPC_desc-preproc_dwi.nii.gz	0.0197152245345016	0.4963456988334656	0.1591821908950805	0.5092712044715881	0.5063281059265137	0.5155598521232605	0.1442020386457443	0.5050722360610962	0.5111567974090576	sub-20966	ses-3				space-ACPC			DSIStudio	autotrackgqi
CranialNerve_CNVIIIL	modulated_od	NODDI	/scratch/executivefunction/SLURM_13244013_116/job-13244013-116-sub-20966-ses-3/ds/inputs/data/qsiprep/qsiprep/sub-20966/ses-3/dwi/sub-20966_ses-3_space-ACPC_desc-preproc_dwi.nii.gz	0.0076670317634173	0.2798342406749725	0.1486361771821975	0.2814994156360626	0.2819963097572326	0.2824720740318298	0.1471519917249679	0.2363446652889251	0.2376136481761932	sub-20966	ses-3				space-ACPC			DSIStudio	autotrackgqi
CranialNerve_CNVIIIL	nrmse	NODDI	/scratch/executivefunction/SLURM_13244013_116/job-13244013-116-sub-20966-ses-3/ds/inputs/data/qsiprep/qsiprep/sub-20966/ses-3/dwi/sub-20966_ses-3_space-ACPC_desc-preproc_dwi.nii.gz	0.0032858707557502	0.0911688581109047	0.0338952615857124	0.0854143872857093	0.0914694145321846	0.0855171233415603	0.0335437692701816	0.0941294133663177	0.0941869914531707	sub-20966	ses-3				space-ACPC			DSIStudio	autotrackgqi
CranialNerve_CNVIIIL	od	NODDI	/scratch/executivefunction/SLURM_13244013_116/job-13244013-116-sub-20966-ses-3/ds/inputs/data/qsiprep/qsiprep/sub-20966/ses-3/dwi/sub-20966_ses-3_space-ACPC_desc-preproc_dwi.nii.gz	0.0032858707557502	0.3496412634849548	0.1714762151241302	0.3435826301574707	0.3507939279079437	0.3436822891235351	0.1705774962902069	0.3005450367927551	0.3007288575172424	sub-20966	ses-3				space-ACPC			DSIStudio	autotrackgqi
CranialNerve_CNVIIIL	rmse	NODDI	/scratch/executivefunction/SLURM_13244013_116/job-13244013-116-sub-20966-ses-3/ds/inputs/data/qsiprep/qsiprep/sub-20966/ses-3/dwi/sub-20966_ses-3_space-ACPC_desc-preproc_dwi.nii.gz	0.0032858707557502	0.0366947464644908	0.0132575929164886	0.0343150943517684	0.0368157178163528	0.0344183593988418	0.0131106665357947	0.038173995912075	0.0381973460316658	sub-20966	ses-3				space-ACPC			DSIStudio	autotrackgqi
CranialNerve_CNVIIIL	tf	NODDI	/scratch/executivefunction/SLURM_13244013_116/job-13244013-116-sub-20966-ses-3/ds/inputs/data/qsiprep/qsiprep/sub-20966/ses-3/dwi/sub-20966_ses-3_space-ACPC_desc-preproc_dwi.nii.gz	0.0197152245345016	0.817971175367182	0.2426004785561917	0.904686689376831	0.8344219923019409	0.9077037572860718	0.2152016370167585	0.7996261789911214	0.809259264039069	sub-20966	ses-3				space-ACPC			DSIStudio	autotrackgqi
CranialNerve_CNVL	directions	NODDI	/scratch/executivefunction/SLURM_13244013_116/job-13244013-116-sub-20966-ses-3/ds/inputs/data/qsiprep/qsiprep/sub-20966/ses-3/dwi/sub-20966_ses-3_space-ACPC_desc-preproc_dwi.nii.gz	0.0	-0.0211224053055048	0.5769637823104858	-0.1010582894086837	-0.0211224053055048	-0.1010582894086837	0.5769637823104858	-0.0788816958665847		sub-20966	ses-3				space-ACPC			DSIStudio	autotrackgqi
CranialNerve_CNVL	icvf	NODDI	/scratch/executivefunction/SLURM_13244013_116/job-13244013-116-sub-20966-ses-3/ds/inputs/data/qsiprep/qsiprep/sub-20966/ses-3/dwi/sub-20966_ses-3_space-ACPC_desc-preproc_dwi.nii.gz	0.0387243735763098	0.6806226372718811	0.2186436206102371	0.6679503917694092	0.7080410718917847	0.676383912563324	0.1741190403699875	0.7168638706207275	0.7353761792182922	sub-20966	ses-3				space-ACPC			DSIStudio	autotrackgqi
CranialNerve_CNVL	isovf	NODDI	/scratch/executivefunction/SLURM_13244013_116/job-13244013-116-sub-20966-ses-3/ds/inputs/data/qsiprep/qsiprep/sub-20966/ses-3/dwi/sub-20966_ses-3_space-ACPC_desc-preproc_dwi.nii.gz	0.1810933940774487	0.2789329290390014	0.3141341507434845	0.1364042162895202	0.3406162858009338	0.1661238521337509	0.3154236972332001	0.2741530239582062	0.3066527843475342	sub-20966	ses-3				space-ACPC			DSIStudio	autotrackgqi
CranialNerve_CNVL	modulated_icvf	NODDI	/scratch/executivefunction/SLURM_13244013_116/job-13244013-116-sub-20966-ses-3/ds/inputs/data/qsiprep/qsiprep/sub-20966/ses-3/dwi/sub-20966_ses-3_space-ACPC_desc-preproc_dwi.nii.gz	0.0387243735763098	0.4717553853988647	0.1863226443529129	0.5177984833717346	0.4907597601413727	0.5253630876541138	0.1636705994606018	0.5020586252212524	0.5150237679481506	sub-20966	ses-3				space-ACPC			DSIStudio	autotrackgqi
CranialNerve_CNVL	modulated_od	NODDI	/scratch/executivefunction/SLURM_13244013_116/job-13244013-116-sub-20966-ses-3/ds/inputs/data/qsiprep/qsiprep/sub-20966/ses-3/dwi/sub-20966_ses-3_space-ACPC_desc-preproc_dwi.nii.gz	0.0	0.1972574591636657	0.1657322943210601	0.1521544754505157	0.1972574591636657	0.1521544754505157	0.1657322943210601	0.1622915416955948	0.1622915416955948	sub-20966	ses-3				space-ACPC			DSIStudio	autotrackgqi
CranialNerve_CNVL	nrmse	NODDI	/scratch/executivefunction/SLURM_13244013_116/job-13244013-116-sub-20966-ses-3/ds/inputs/data/qsiprep/qsiprep/sub-20966/ses-3/dwi/sub-20966_ses-3_space-ACPC_desc-preproc_dwi.nii.gz	0.0	0.1247458159923553	0.0581140778958797	0.1095460876822471	0.1247458159923553	0.1095460876822471	0.0581140778958797	0.1380072683095932	0.1380072683095932	sub-20966	ses-3				space-ACPC			DSIStudio	autotrackgqi
CranialNerve_CNVL	od	NODDI	/scratch/executivefunction/SLURM_13244013_116/job-13244013-116-sub-20966-ses-3/ds/inputs/data/qsiprep/qsiprep/sub-20966/ses-3/dwi/sub-20966_ses-3_space-ACPC_desc-preproc_dwi.nii.gz	0.0	0.2989084124565124	0.2187124043703079	0.2461224347352981	0.2989084124565124	0.2461224347352981	0.2187124043703079	0.2475796341896057	0.2475796341896057	sub-20966	ses-3				space-ACPC			DSIStudio	autotrackgqi
CranialNerve_CNVL	rmse	NODDI	/scratch/executivefunction/SLURM_13244013_116/job-13244013-116-sub-20966-ses-3/ds/inputs/data/qsiprep/qsiprep/sub-20966/ses-3/dwi/sub-20966_ses-3_space-ACPC_desc-preproc_dwi.nii.gz	0.0	0.0475808531045913	0.0182005930691957	0.0444232709705829	0.0475808531045913	0.0444232709705829	0.0182005930691957	0.0545831136405468	0.0545831136405468	sub-20966	ses-3				space-ACPC			DSIStudio	autotrackgqi
CranialNerve_CNVL	tf	NODDI	/scratch/executivefunction/SLURM_13244013_116/job-13244013-116-sub-20966-ses-3/ds/inputs/data/qsiprep/qsiprep/sub-20966/ses-3/dwi/sub-20966_ses-3_space-ACPC_desc-preproc_dwi.nii.gz	0.0387243735763098	0.721067078767985	0.3141341353812258	0.8635958135128021	0.7501148046899181	0.8689802289009094	0.2843701754607609	0.7258469576611308	0.7445911773000753	sub-20966	ses-3				space-ACPC			DSIStudio	autotrackgqi
CranialNerve_CNIIL	directions	NODDI	/scratch/executivefunction/SLURM_13244013_116/job-13244013-116-sub-20966-ses-3/ds/inputs/data/qsiprep/qsiprep/sub-20966/ses-3/dwi/sub-20966_ses-3_space-ACPC_desc-preproc_dwi.nii.gz	0.0	-0.0991689264774322	0.5687695741653442	-0.2070984542369842	-0.0991689264774322	-0.2070984542369842	0.5687695741653442	-0.239707663655281		sub-20966	ses-3				space-ACPC			DSIStudio	autotrackgqi
CranialNerve_CNIIL	icvf	NODDI	/scratch/executivefunction/SLURM_13244013_116/job-13244013-116-sub-20966-ses-3/ds/inputs/data/qsiprep/qsiprep/sub-20966/ses-3/dwi/sub-20966_ses-3_space-ACPC_desc-preproc_dwi.nii.gz	0.0442571127502634	0.5261998772621155	0.2417121678590774	0.488867849111557	0.5505663752555847	0.5038408637046814	0.2184372842311859	0.5497442483901978	0.5695980787277222	sub-20966	ses-3				space-ACPC			DSIStudio	autotrackgqi
CranialNerve_CNIIL	isovf	NODDI	/scratch/executivefunction/SLURM_13244013_116/job-13244013-116-sub-20966-ses-3/ds/inputs/data/qsiprep/qsiprep/sub-20966/ses-3/dwi/sub-20966_ses-3_space-ACPC_desc-preproc_dwi.nii.gz	0.3688092729188619	0.2503407597541809	0.3232865333557129	0.0852263793349266	0.3966166973114013	0.2984918653964996	0.327974259853363	0.2704737186431885	0.3979191184043884	sub-20966	ses-3				space-ACPC			DSIStudio	autotrackgqi
CranialNerve_CNIIL	modulated_icvf	NODDI	/scratch/executivefunction/SLURM_13244013_116/job-13244013-116-sub-20966-ses-3/ds/inputs/data/qsiprep/qsiprep/sub-20966/ses-3/dwi/sub-20966_ses-3_space-ACPC_desc-preproc_dwi.nii.gz	0.0442571127502634	0.371554434299469	0.1736373156309127	0.3575324118137359	0.3887598216533661	0.3690972924232483	0.1576619297266006	0.3749779462814331	0.3885201513767242	sub-20966	ses-3				space-ACPC			DSIStudio	autotrackgqi
CranialNerve_CNIIL	modulated_od	NODDI	/scratch/executivefunction/SLURM_13244013_116/job-13244013-116-sub-20966-ses-3/ds/inputs/data/qsiprep/qsiprep/sub-20966/ses-3/dwi/sub-20966_ses-3_space-ACPC_desc-preproc_dwi.nii.gz	0.0010537407797681	0.2082382887601852	0.1662867367267608	0.1843010187149047	0.2084579467773437	0.1843082904815673	0.1662367582321167	0.1680428981781005	0.1680689305067062	sub-20966	ses-3				space-ACPC			DSIStudio	autotrackgqi
CranialNerve_CNIIL	nrmse	NODDI	/scratch/executivefunction/SLURM_13244013_116/job-13244013-116-sub-20966-ses-3/ds/inputs/data/qsiprep/qsiprep/sub-20966/ses-3/dwi/sub-20966_ses-3_space-ACPC_desc-preproc_dwi.nii.gz	0.0	0.1129259914159774	0.0462361946702003	0.1004218533635139	0.1129259914159774	0.1004218533635139	0.0462361946702003	0.1118971556425094	0.1118971556425094	sub-20966	ses-3				space-ACPC			DSIStudio	autotrackgqi
CranialNerve_CNIIL	od	NODDI	/scratch/executivefunction/SLURM_13244013_116/job-13244013-116-sub-20966-ses-3/ds/inputs/data/qsiprep/qsiprep/sub-20966/ses-3/dwi/sub-20966_ses-3_space-ACPC_desc-preproc_dwi.nii.gz	0.0	0.3153813779354095	0.223077118396759	0.2679423093795776	0.3153813779354095	0.2679423093795776	0.223077118396759	0.2617841958999634	0.2617841958999634	sub-20966	ses-3				space-ACPC			DSIStudio	autotrackgqi
CranialNerve_CNIIL	rmse	NODDI	/scratch/executivefunction/SLURM_13244013_116/job-13244013-116-sub-20966-ses-3/ds/inputs/data/qsiprep/qsiprep/sub-20966/ses-3/dwi/sub-20966_ses-3_space-ACPC_desc-preproc_dwi.nii.gz	0.0	0.04201140999794	0.0215249247848987	0.0379934534430503	0.04201140999794	0.0379934534430503	0.0215249247848987	0.0413397252559661	0.0413397252559661	sub-20966	ses-3				space-ACPC			DSIStudio	autotrackgqi
CranialNerve_CNIIL	tf	NODDI	/scratch/executivefunction/SLURM_13244013_116/job-13244013-116-sub-20966-ses-3/ds/inputs/data/qsiprep/qsiprep/sub-20966/ses-3/dwi/sub-20966_ses-3_space-ACPC_desc-preproc_dwi.nii.gz	0.0442571127502634	0.7496592304477953	0.323286538590623	0.9147736430168152	0.7843733293218939	0.9316725730895996	0.2865747012556015	0.7295262848554254	0.7558728710944984	sub-20966	ses-3				space-ACPC			DSIStudio	autotrackgqi
